timestamp,0,1,2,3,4,5,6,7,8,9,10,11,12,13,14,15,16,17,18,19,20,21,22,23,24,25,26,27,28,29,30,31,32,33,34,35,36,37,38,39,40,41,42,43,44,45,46,47,48,49,50,51,52,53,54,55,56,57,58,59,60,61,62,63,64,65,66,67,68,69,70,71,72,73,74,75,76,77,78,79,80,81,82,83,84,85,86,87,88,89,90,91,92,93,94,95,96,97,98,99,100,101,102,103,104,105,106,107,108,109,110,111,112,113,114,115,116,117,118,119,120,121,122,123,124,125,126
2017-05-17 00:00:00+02:00,0.6528646722520469,4.752864134210483,6.460246350993851,3.059332674185529,0.28452640560703774,0.13164739486933513,5.942695180031992,9.651181121270396,4.120297533443822,0.5384841292350049,1.3608942489725433,1.6978450623114187,0.677074880320944,6.4081369018346965,2.2753169982838077,6.205103964987103,0.10295872751889865,0.12327940547056945,1.6586948846841014,3.315072968171483,8.177929917700572,0.9372410661349257,0.13308748486765282,1.3950216759842644,2.601594509107761,9.416166886150435,0.9312619386737648,2.7857111306672397,8.260127858404962,3.4712660766500245,0.4303253704697853,5.487981982037423,5.30832363092116,1.0440228209813074,0.6737294339755234,2.6340877197934556,0.8012838319782344,0.13512439603295148,2.556303422055013,3.731282891735905,2.593997588763277,1.1239313874057768,5.1214403962350925,0.7468817004712263,2.990040847131231,0.16549967146183253,1.1325913722578032,4.534476786812343,4.566699244460853,0.3100102453519478,1.492391347330502,0.4851946695167979,8.982000826810387,6.192439406026194,8.677727920700034,7.772458992536273,0.11980253626273367,5.773215750472886,0.7123089920331395,1.076735376188425,6.183864819672481,0.19364626479486488,5.767729392824891,5.641650023596593,8.127890088704229,3.915235404163652,2.1451240030990233,8.807382784118984,3.8513360151929064,5.728117939311164,0.2976657546369208,4.901006740793524,5.105978242418408,1.2749929303932412,4.410716272413765,6.116209448357349,4.529509038334713,5.0663494635553485,4.5187818824702815,9.928208595012764,7.020307566903801,2.9753318222908334,4.2199964175381,7.355289901232148,1.5350899592493152,2.8613755022948015,8.43959461678271,0.05789364548635745,0.7558443182945297,2.5866129164401332,4.325572490612924,1.3133731119580918,1.675627336676742,4.591295992828708,0.2910057127318143,0.39390424797357243,6.819897573224093,10.11963947313068,0.4834190357836989,2.274884816793704,3.318633803982838,0.41105330376038096,9.26308362044059,0.48219559471300827,9.876887968295671,6.022744329454267,7.151669880996297,7.531340478455779,2.492883094767346,0.3595951255640364,0.8648488917607632,5.217917235037167,7.459970624644815,2.516087492860753,3.36466634634723,1.0787981877602604,2.803089702871763,1.3116507657372622,5.245837794674818,3.9112344258596456,2.910534767929809,10.353828559586415,2.7522417835348745,0.3268448774604847,9.841617371037932,7.675590512106195,9.442782888435417
2017-05-17 00:10:00+02:00,0.6937058727722298,3.8761023366317695,6.09294912393838,2.5315900677372167,0.23430384053432676,0.1667745571887758,5.093011884293688,8.677178423024897,2.7698811496171234,0.9683285475584623,1.5603983026103656,1.1527451823757617,0.9562441356180408,5.9654151119592225,2.697622226229012,5.370271203071132,0.06758293113097132,0.15094938972045874,2.5983937678016664,2.0862456142575962,5.679273200722617,0.9146474257219678,0.12074988062221743,2.395426453430486,1.5403905554156232,8.388352450080404,0.7636643991635716,1.7124428530117315,7.034727965513982,2.2781375868116815,0.5157409833113532,4.585243872970642,4.394335647470761,2.2632581495066475,0.9519810221206286,2.536044514152517,1.1040472349327863,0.1274003693428722,2.384804323766011,3.1128783765497583,3.1813362407909844,1.2703907469982223,4.1451008065431845,1.976176398501061,1.8781229658136693,0.08959328319137418,0.7375045134283614,3.2115312927752653,4.030800470159718,0.3008732354428455,1.7342115758658825,0.45776379740172435,7.88821986005391,5.3881239005909745,6.0417061496296895,6.435878084447991,0.09986558583966604,5.050451192611587,0.721590673146381,1.112795683465307,5.766233048038003,0.19333890423080688,4.8859805971773875,4.930172531675166,5.615504735809099,4.668426027162836,1.6638083619093018,6.188354059756063,3.2611799157538335,4.842784395557719,0.28487316608234203,3.9536842289855545,4.201669795116807,0.752226279830797,3.0351887667085307,5.288198386757795,4.768699296867684,5.71740392508598,3.9515740814649933,8.929403335314896,6.583901732363703,3.946787458319704,2.829944853410106,6.91675550557446,0.579994218069148,1.681356916263806,5.867921215657419,0.035677171692589174,0.8634022099973543,1.477007818684358,3.7154101910715642,0.5106621407935708,1.0883836657552926,3.2435549545069544,0.27097676235159873,0.34676219187329604,6.3459940129504915,9.142261283798101,0.25463739343843345,1.7492827732887346,4.195986009891624,0.4221177441908954,8.121204514343635,0.5188741935709581,8.849984109071613,5.509723831440726,6.750930960884342,7.20514979952115,2.295869132980707,0.327375733928443,1.1947452716100326,3.8883307845641992,6.1136729783961465,3.0300883113937767,4.240932389398304,0.9143482869540387,3.658971469226663,1.567720435586791,4.323321348381548,3.3494120604139512,1.7435999774103106,9.289281368313059,2.2050496604252605,0.2422231643473344,7.09014684738755,7.379709565549381,6.670200992448781
2017-05-17 00:20:00+02:00,0.5699796883863409,2.56906736185605,4.7354840715023725,1.6758715765014296,0.25474720006050994,0.14865837878901947,3.7611092860151274,7.052159609621126,2.649639075109924,0.45894179192297513,1.0368411619017188,1.1379706481075775,0.3702510547552369,4.6231120587768535,1.828816933200058,4.090634409230858,0.07764589133627639,0.3195545856610998,1.6887655252402127,1.873441142160594,5.361678692376353,0.8171580450319087,0.08040721040354025,1.5629969723028985,1.425117192755486,6.808139192259126,0.816142602274355,1.6259887081867332,5.895188246673295,2.046371498349214,0.4414699226270214,3.775902767101389,3.5816308431473396,1.4574117582248964,0.3689767296840092,2.0025174066464255,0.5324041183565974,0.13859515058712196,1.9471893851823623,2.5595045560391787,2.111015272116165,0.7960581956631985,3.0012210253792695,1.079714163076366,1.8047463357147284,0.2815511598541939,0.8414324181329461,3.0104268908166345,3.3912324671756164,0.29384677408372545,1.483161230902463,0.3626960412125693,6.179003962064342,4.761057908287287,5.693461094633859,4.914483019417736,0.1028215712291248,4.423155313146814,0.645889679773698,1.0079135380852422,4.400159463121354,0.1500803425556421,3.561237922052776,4.343140384135239,5.323343008802986,4.776668732584247,0.9070926774450242,5.851509766122564,2.873511620328059,3.4970446308446137,0.3815881656446229,2.841235134169339,3.428662463676517,0.5376644938882127,2.91600538559467,3.962249064045493,4.916654323394183,5.374930888186595,3.2758123736167204,7.383995109027533,5.608249754318098,3.2562430218990945,2.7266919871713986,5.9353690645743375,0.5662917853174602,1.2980360025762157,5.480243379247816,0.033953125324563016,0.7603484408515753,1.172549384388603,3.122653715933441,0.3409682061897845,0.884113082593853,3.0404983142438127,0.21198013086684697,0.45730460547067764,5.456218952548012,7.571660923046827,0.18951228165787792,1.0321396414609039,3.9791802041422013,0.5102355412864797,6.430354827701658,0.4130377214319516,7.267626537167153,4.232542328614553,5.756507057170248,6.350735218690902,1.8766233274427109,0.24434173236581705,0.6024047573677362,3.9930451792205757,4.623844933580142,2.0618353991550165,4.046366111736702,0.9582300150444291,2.8382435492836624,1.2832607339744913,3.095603786739584,2.944080093466821,1.3382579406427138,7.729090082036905,1.386605195594082,0.06932664677592242,6.879117458294899,6.507222385540451,6.506831630206432
2017-05-17 00:30:00+02:00,0.578055157573094,1.975212110277047,3.317473408863937,1.6707812005859184,0.2069876520581323,0.07996570187651081,3.10371896570618,6.554018189071254,2.2002754630287735,0.34500149314289674,0.8581532918959338,0.593418747764668,0.27201737658288727,3.156142725896956,1.4373540415022914,3.389503736588951,0.11163947159841622,0.2855264005774419,1.3477032614355486,1.3796321623587156,5.873033686820145,0.5996856643880326,0.15842970467979212,1.1898453877312205,0.847856065845656,6.309352524684265,0.8756663790279177,1.0567705711156405,5.529066083810124,1.5192280496747972,0.2481257178154745,2.4771547475566185,2.292685603343842,1.1114118542393636,0.2713509328623244,1.9371507474883771,0.38971509379070407,0.07078380940684012,1.8824639271689563,2.474202292589866,1.7418918294469516,0.6069561186665897,2.339047177774616,0.781688862537437,1.2747122672275557,0.17951964203012372,1.0077021029115782,2.6498172161254083,3.3224438331475445,0.22988303512775618,1.3555695339823306,0.4475205795934165,5.652785202536264,4.809697369485596,6.321206335689382,4.631026770483952,0.08771948656047258,4.417178856195153,0.41128076026240806,0.7344869603763675,2.9801170574116544,0.08795605385323974,2.9269377025950427,4.3012169341265745,5.82500880187037,2.4032252795806595,0.6362406005007982,6.438858682746987,2.7580391126282375,2.8525738810109,0.328188198285108,2.149334391199255,2.1098746109818283,0.8513098700031311,2.544686040601701,3.285019508341865,2.4928738403882984,2.8359344426559163,3.2446099499418435,6.857976110089378,3.7164358562977604,1.4883748058629769,2.3072186975490103,4.005446082499871,0.5422042998564601,1.649868761805847,6.0875056365122955,0.03412138508311572,0.7419487094831255,1.493862916139146,3.086634920041125,0.21754282580539666,1.2386563913172206,2.679012544457481,0.1977469115629659,0.43292972780417616,3.554882362817726,7.10167346651957,0.2162874095414565,0.8324832432790401,1.7231699742394828,0.4834167471769426,5.859448409750987,0.41791703037961475,6.778532880378138,2.820508247730117,3.7919447302114744,4.27173551417725,1.856791375690067,0.2771217422524799,0.4187734849259747,4.1306708681420305,4.238404657614412,1.6759488655105108,1.7965240862023686,0.9795571839295155,1.2222360950083997,1.1486713963063198,2.4424182432667645,2.785359422774633,1.699853757799628,7.304552837539719,1.2785022269581021,0.10498729519329661,7.57284260457913,4.52592524110446,7.22748144348988
2017-05-17 00:40:00+02:00,0.7054514916714485,2.0315375282209116,2.8630659710890183,1.4190160963405134,0.26165810746313023,0.07227387796767523,3.2399647530114555,7.600277511150651,2.0156340274781948,0.27752665060401815,0.9080314078278738,0.5947194527218329,0.22357290002689062,2.65081405581824,1.3703273728380354,3.4810252324715463,0.2064094481407111,0.34892730956059437,1.3082301108208867,1.675069480283003,5.547869846497788,0.6180036616973157,0.2278486041904408,1.1430323624093912,1.192063984644166,7.4238065801084465,0.4290322477378129,1.3845833939838657,6.788966213847115,1.8485765620439198,0.1678125205535788,1.9442620113947318,1.8252078055003698,1.0386366026536908,0.22310134646726337,1.5114819519285256,0.29218164099154437,0.10374994296372811,1.4542485427135625,1.991795005955176,1.7183448383470765,0.7290179113661119,2.3528676410680784,0.7303967145751773,1.576825557855563,0.16345417626799522,0.5702402828946493,2.5523766337632687,2.7214909018761393,0.2655518662366483,1.5588596941942772,0.4782258600592171,6.918922385606149,3.6931260264134504,6.04807545317159,4.7311748424349345,0.17429374201852452,3.389283983491597,0.44232638839868604,0.7960542418496623,2.444322933105038,0.10665591760957191,3.0396459526380952,3.2457182031009966,5.490883995735502,2.1638663685621604,0.5014163539780381,6.115885728096127,2.317985906071517,2.963526661246808,0.30724973495877317,2.17790750145143,1.6860547940099602,0.9909241964057659,2.4876503296327637,3.3628550290866697,2.2230086231676562,2.4853593216321967,2.6321907644237403,7.913540491322489,3.3251761415913834,1.1347856389671058,2.199221354931986,3.5871202119783936,0.49064480291559615,2.0677600104255762,5.818594317093847,0.05208713821810175,0.8482986512821004,1.9029291656459022,2.489593667261422,0.204906008422219,1.2987370330959873,2.6038023083598794,0.26347315368987395,0.4897281307608465,3.179382421465313,8.210326756387735,0.29962515880243656,0.683614987837879,1.4712221839633264,0.599424921104338,7.177600133396032,0.5435963670427405,7.822601468323455,2.214077358992962,3.3972245103345076,3.712708376851396,1.4310908143204408,0.316703317283597,0.31474944892919904,3.3664162863864338,4.466978577750367,1.6525997918791564,1.5388459369960261,0.5247522544729617,1.0041274231736892,1.366921556153254,2.418477663317593,2.344030613635942,2.1247358489247756,8.425046092615887,1.1600275962625735,0.10510576551194625,6.723897459131474,3.9016065931932298,6.37137770732308
2017-05-17 00:50:00+02:00,0.6885775887372427,1.8384249128550105,3.637862714688942,1.3378273826384104,0.3047508679547757,0.08043749615971553,3.053778759294735,5.61928981661837,2.1519524899950913,1.2657713485359903,0.6386277037334487,0.4343776375331277,0.20504957744473268,3.5315442182124768,1.2301273907731822,3.2782938981088203,0.12858965967924424,0.12039565196831686,1.134616600343487,1.642864488653966,4.910868450063115,0.7302174596320264,0.062217627555235556,1.0250904085844221,1.2038948485966028,5.4717565643789,0.5219592758977534,1.3937680416238127,4.853781943886064,1.8398831003481622,0.19087128535159578,1.8492049682688745,1.723284043030721,0.9393186995280489,0.2045588989948229,1.0944275197166675,0.24116681442030566,0.10424518098233497,1.0012093141110947,1.487225774245902,1.5617755222430143,0.49156301698343224,2.3003107165650465,0.6679085001688888,1.5679151119332613,0.2338918165051153,0.33946211970501117,2.6727011077213114,2.1363612346877043,0.3467630955277782,1.3819587918779839,0.47761355131321914,5.017631716352327,3.193363299010024,5.367264243608334,4.103341620151387,0.14409011225840762,2.802100898432597,0.48540915375998556,0.9349702429458875,3.2576793325541273,0.10028362405441575,2.90715060051084,2.74370328624026,4.870073331189851,2.1190914767961875,0.4829128394514466,5.402127716671833,1.6068964265100132,2.8486241291347065,0.27423186699902535,2.062947496167056,1.5556351608091397,0.5742700589812326,2.5721704307497175,3.181244273250014,2.2172643884028997,3.472487954255675,2.0399731814709696,5.880988171061278,4.176350459621761,1.0551136799962846,2.269845861224679,4.419932387168317,0.3931665199488985,1.8715289379181088,5.205010675832587,0.0283506419787413,0.8936069714770188,1.7580674090736066,1.8839509933424334,0.21254959135163787,0.9717870135222182,2.6976804542825192,0.20760700492544445,0.38861287898898117,4.021044378684214,6.1836365769199135,0.15614212262629396,0.5995781397135533,1.4605407274948052,0.32803839923028727,5.3081252549882345,0.4474180068695701,5.781680237464522,3.1148376796279877,4.2450388135955155,4.578659587270778,0.9714233599041527,0.24549313985381904,0.271522623566568,2.9703042246746585,3.8487011978597487,1.472496501128199,1.5174630150800692,0.6104888302105111,0.8930317031695275,1.195324933488637,2.400269720875716,1.637072453198415,1.9113896707084879,6.379219304785131,1.0764108605979488,0.08398374776733536,5.870108979173409,4.782519687653514,5.592626826937015
2017-05-17 01:00:00+02:00,0.6149619155054805,1.6615694221681472,3.5887385091281003,1.4377120390859746,0.49937827918769934,0.13978265470331772,2.764181682354828,5.317233515506715,1.8885374615486592,1.0186894102607467,0.8111247210701349,0.8862080248756954,0.3647958672191657,3.454653633550782,0.9580355707318087,2.937095534785947,0.06929732386220354,0.13414391485725716,0.8908084761457509,1.6020212029286744,3.6203237848686953,0.7946729631671299,0.07339744217078735,0.8136297501035789,1.1961843735374769,5.089456804106854,0.38857341594697475,1.345285544482267,4.247505989810846,1.7570138337029382,0.3486675258663048,1.7974957811416226,1.7417601759944188,0.5739754638009997,0.36392647423946,1.425221220742261,0.41369532627994676,0.09367317355683118,1.3367580508994026,1.7908515628026165,1.255024856035367,0.5812990204456872,2.071136119396652,0.3540351556963303,1.5352072713146263,0.19924260888120826,0.4440530749131408,2.2842067554280288,2.5986889319095168,0.28328095337277037,1.2380560379571377,0.322362298226514,4.4428815398969865,3.4662277005707787,3.9652250111630365,3.5862744723850515,0.0957231821343246,3.159150491769852,0.5855158084902787,0.9574078214820684,2.998195764624565,0.10799578201733512,2.6046532887509364,3.094531157277731,3.596180391262264,1.6407785914595958,0.6969952702106942,4.011734274603566,1.9178861172729937,2.5551324883911475,0.2213450886899181,1.8602233008002864,1.609069811960306,0.3279848340498587,2.2280296886733075,2.817244943854618,1.7043401406476244,2.7082369361144334,2.306826283965646,5.779967552165617,4.1042044601065015,0.7236448322727211,1.952747981316054,4.43316397964358,0.3658575128443859,1.0333665102432745,3.796955262231435,0.04178263253129755,0.8223710100774181,0.9474276441006747,2.15828164493654,0.19840112315702713,0.661609172560777,2.3252010788046262,0.2591634164588137,0.2847899144027609,3.957219293822076,6.0569404676225025,0.30647290490850726,0.7928956071332782,1.1244510250558348,0.3835497681335594,4.942084459701265,0.42775508298531234,5.485518355706163,2.8155476376690194,4.240878763199247,4.628758761531146,1.2483857111699588,0.1385574098855926,0.5040430346900394,2.5576898370101038,3.263405571529659,1.1656018669884096,1.1739429398503256,0.4967595243907059,0.5266794362953655,1.0859895634520385,2.1265606063773665,2.0070983532895132,1.055072628455597,6.197335687866065,1.1154499359614403,0.0757943552088837,4.513902759499648,4.764900577510768,4.149413792922931
2017-05-17 01:10:00+02:00,0.5114086234859111,3.0216965256460537,4.968409608479939,2.3885341546384753,0.31564907765586103,0.12814289091885708,3.938477509320773,6.420978066632613,1.2784278818512085,1.5732119067768058,0.6449120592332623,0.4052983112851857,1.3040683751055266,4.7937410528835915,1.003123114269469,4.124717401171154,0.09547071415299375,0.1357464759852586,0.9303881487326702,0.9303112596019881,2.6831211739264487,0.703407687083903,0.06840460982005442,0.8265240639400049,0.5709542935682481,6.266068659785424,0.42717034292359507,0.7271085989655787,5.5330622990926335,1.0649289129280983,0.2841729492147435,2.800851038821356,2.742282853836578,0.7393596569219015,1.2994135280713586,0.986911873531468,1.3525150519992761,0.07881112575355056,0.906756574779506,1.215244597454144,1.3772763743725318,0.4892050503978618,3.4028871931827047,0.4378027012411074,0.818690864027361,0.20880846937031908,0.2602143546358743,1.5706197241466582,1.929771672864028,0.2677027508053761,1.117904265327012,0.3764083364651364,5.679761724276307,2.983263799607747,3.039769600250601,4.712476345592609,0.09156004855638539,2.571032494177374,0.5243940586454404,0.8386363816393445,4.543720250809255,0.09984731830334301,3.85447750370735,2.5058416670185673,2.6585912312016067,1.660625124907034,1.5810610402199776,3.087928819491606,1.3400334039940962,3.7852116454288653,0.3021883115596248,3.2272304623738264,2.517507763973075,0.24702276980679846,1.502482238312085,3.996857992949106,1.7330775250638943,3.2995705839611746,1.6393292651694105,6.907178533776566,5.397340719577698,0.7648378085408012,1.3663878764680555,5.617129511829544,0.2329534044511184,0.9285788251962938,2.8434570133174217,0.07371488005349444,0.702188535306848,0.8230869877369392,1.4501468547935956,0.20867226316492823,0.6787399187404407,1.6141011431804755,0.21603969059915962,0.3937997557238868,5.207360974043131,7.0399813875793456,0.16111459292673314,1.675504930912455,1.0087681768560541,0.3474861825677467,5.98114856090559,0.3211604919377756,6.617371636651652,4.372002381808794,5.5256178318914575,5.8143894325929795,0.8822220940082401,0.12458644966156718,1.3780525765176717,1.722370503549596,4.371234727255309,1.2969036957257718,1.078632960514086,0.5785968529756846,0.5691402897958736,0.9598920088639437,3.4653882320307074,1.3637371614510898,0.9509088634508494,7.201271602427073,2.0519506115740636,0.11180133543240232,3.4273419353271795,5.994211286883037,3.1848539619142286
2017-05-17 01:20:00+02:00,0.42919001322289757,1.4768576332436916,3.0936966961554813,1.626217003768252,0.22851706902832558,0.15317627215735652,2.226231838055308,5.431726057446394,1.173673214189729,0.6556152230459548,0.6827412859992192,0.36430816847380904,0.34179698532612074,2.935370284447995,0.8920174449653314,2.3926381944107513,0.0754960368354422,0.15830033735422666,0.7970017329512649,0.8589800471976957,2.3361798490494086,0.540435076854468,0.06744884448522928,0.6872846930971009,0.5140267967340985,5.249363361661834,0.39129351070203033,0.6481376546747565,4.381156245279292,1.002248553292095,0.2413993741858873,1.9672807361788975,1.9162047924806893,0.6433637588815027,0.3410039437399127,1.0104738515179692,0.382325077142145,0.07925399053024983,0.9188968878197799,1.2739595157698769,1.212615762605898,0.5050413931535781,1.7501325132542984,0.4282139119394395,0.7235516762958943,0.19920479195108953,0.23727493291688445,1.412752729971796,1.7913896833166014,0.21552609251997468,0.9015795726885194,0.4383835844131713,4.5111275875312,2.601202537366596,2.6790240192886823,3.000686300852236,0.17853733632123295,2.3585175051305027,0.4584884057091879,0.6831734704815209,2.741898794703962,0.17744255380732993,2.1491825225087995,2.291258696301877,2.3105126193749137,1.4685708808592048,0.6602745779042599,2.720691188687337,1.4196851639540449,2.1056243791392193,0.2216733907687282,1.6690174668157463,1.7334305900996743,0.2644304391091179,1.3383715336010855,2.2777335935836507,1.563052349284415,2.216453992947411,1.6866406039995612,5.7177224807217835,3.437783639962508,0.7605320424830616,1.2174393081619619,3.663547908275456,0.26394928847897314,0.7867649317313475,2.4967910651896545,0.034701103102392133,0.5702595390361509,0.6756722151814434,1.5527303958169116,0.26799444392912547,0.5081739475293688,1.444962303622248,0.21862194976951982,0.27760493461507607,3.303294727500008,5.838743436010691,0.12786971192582627,0.8956423708822727,0.9695372681816078,0.3750372725749185,4.7347377468698095,0.2862308354886508,5.613059577154222,2.6116314388840505,3.5879950497069415,3.895783706330823,0.8925134290434985,0.206704169098158,0.4098405024495815,1.498101981593349,2.654440184738479,1.1265921946508313,1.0139353518231962,0.5005416632532355,0.5365306136969261,0.767478698852618,1.823162404504453,1.446172187290241,0.8123971125220942,6.038727343813303,1.280983803096997,0.13557180303706357,3.0839097648214104,4.050230287554596,2.821944384389505
2017-05-17 01:30:00+02:00,0.38438253029505237,1.3241641320379482,2.876898988569788,1.146433531163048,0.16249575402750202,0.1081766665566237,2.041064067278516,4.338216379860617,1.383287176857166,1.0873716310394776,0.75148097065135,0.3129976617134759,0.12812735191641586,2.8250130985251216,0.842115999238097,2.2302561298971186,0.07837738700951659,0.1530137014937314,0.7716406278353577,0.8631503694862855,2.7376617632310136,0.4053703205750498,0.07762449230281365,0.6593870380495603,0.4776285912604465,4.161391886952218,0.6038373486136045,0.6618602849537812,3.4802205940141153,1.0650309740131119,0.17086465221591413,1.4467328028010864,1.4167002726048876,0.5731278462131735,0.12784154973221176,1.1787414626224533,0.2031237241766998,0.07218278453120168,1.0634247119605902,1.5293622751948537,1.1931564554795782,0.5836945476362133,1.5771898511468758,0.34648688754914364,0.7327932690975153,0.2308059825747353,0.26584865114871137,1.6515540688006969,2.0781219816023655,0.22610174809574715,0.9621197157271716,0.2586055110642373,3.6185541987485137,3.1139462743343187,3.1089234521863625,2.9625751859436202,0.2063763010088391,2.8812678572670154,0.3707581615510769,0.6087593056430702,2.691702698967139,0.16528541301860922,1.9651336066238523,2.803735905329541,2.7122610168201886,1.6962789197186554,0.4547244634201722,3.1958653939777246,1.682214408331158,1.8918797080718017,0.2270008448343694,1.543268691723393,1.2768628597206624,0.4182333518867219,1.563073381725608,2.068747997450227,1.7666470358223485,2.852777509969584,2.02744472905885,4.60086428559881,3.4167206637868137,0.7424314981866792,1.4616195099439475,3.5925816799764303,0.35083983921484113,0.9606080728297056,2.8969409200801923,0.03181944931223811,0.5463667831583888,0.8476454080229018,1.8596812600465165,0.20572719965273678,0.6585456010498864,1.6777167241940683,0.28789998399545824,0.30499612852901314,3.2472363021991746,4.707662333797016,0.16382575522956633,0.5897784148924223,1.1135016004271048,0.44007549706603655,3.7802410045979324,0.2224107487665119,4.546276322292706,2.533156156256551,3.5198053206014253,3.8605771411593293,1.0171632322019137,0.26841005529712386,0.24916550108993707,1.741419558673395,2.6329467481819844,1.076940360042946,1.1858751143982316,0.7261069850227793,0.47746644496305485,0.775663539062534,1.669212448890485,1.7284240891025242,0.9874566589092341,4.875008565327445,0.8118248523710612,0.1358376097953655,3.4407221044913325,4.016223541132566,3.296997217094609
2017-05-17 01:40:00+02:00,0.5386970183907382,1.2415267176677813,2.417469537759277,1.1781236831162651,0.26699047602343673,0.1016855938768972,1.9608965886761003,4.090825250797668,1.2352015401614183,0.45387327064452315,0.8371999206460222,0.3409798940841378,0.0882894060608437,2.3461693366348673,0.8020064697672138,2.2075427882076735,0.07980300397439742,0.19977270955017484,0.6847172149743412,0.820519174939859,2.4497643039837484,0.42087485542138214,0.10632959362095211,0.5810935439646189,0.46472995710409026,3.8898575061703933,0.5612023688679502,0.6497264018600002,3.1715167520067657,0.974095687931749,0.19181417100215098,1.445330723393963,1.4026855344192393,0.4882597610075567,0.0880854120867642,1.2536982376794228,0.1855359953664154,0.07193799036435884,1.1705752969137273,1.541240392587221,1.113029194177927,0.6533673051609101,1.367574840303642,0.286142567408455,0.7292047526065257,0.10332837907262955,0.26215012088273115,1.5292891405963533,2.1914798671101177,0.24032906234103102,1.0344817783607998,0.16154131730557955,3.316056074671635,3.1375940553850583,2.7978285500570452,2.76837481474705,0.17415748042574672,2.9391534679989695,0.3989686115303097,0.5832771397160396,2.1136969751434336,0.2440036265005131,1.8843197544610322,2.8334456399477967,2.4244782367238735,1.6368632474754286,0.6205521337791065,2.9086091258685816,1.7333415621322574,1.8177801850462816,0.20744799763733052,1.342917435213506,1.298939770277397,0.29972355243662974,1.4460836510775006,2.006959457266028,1.7557111509742627,2.20757257364217,2.1001125735629613,4.379454578085451,3.1200349218354946,0.6325211126772385,1.3150400100120248,3.292791703566954,0.2879007263221125,0.7209218216633695,2.610901146006126,0.05197855228487258,0.6783751273744645,0.6159503068674245,1.9597873296753883,0.3572216645734679,0.497133459061807,1.5700639221562702,0.3176380364368283,0.28628629368632463,2.97287173178663,4.508146175340512,0.19260031316932558,0.7617310758134677,1.1856873438183089,0.5173422179657383,3.581004886944403,0.368717011940143,4.278416318378319,1.8904785663155474,3.2198402956626633,3.5208227225304,1.083739635453391,0.20490938758156269,0.2706998780827131,1.6812069437955213,2.499375828240582,1.0295006665296045,1.253716146936853,0.6450341118690228,0.39734245334458557,0.8509054252449211,1.448897516496052,1.8204933491667876,0.7452759748470195,4.616809161801045,0.9213773122087707,0.09309832776880826,3.0935620046117567,3.6458163371318575,2.9753197674902108
2017-05-17 01:50:00+02:00,0.5220260071078604,1.1294184385162815,2.3560599642807603,1.4233070785837398,0.19473797025888123,0.09779151600793645,1.8015744608721063,3.5708671733787756,1.4042529232135705,0.3270178157376666,0.806884902817581,0.5495292765056013,0.11472323380842964,2.3151130853243296,0.7861888068986969,1.9526583248616807,0.09774663462178423,0.16791519737256436,0.7057254706368618,0.9788559590285925,2.470241452959634,0.495940442875804,0.09245311851323017,0.6321090915914825,0.7133435207002228,3.4265223147480235,0.6461470222587085,0.8514506729637902,2.8284891842756794,1.1062262366656834,0.24569244435772292,1.6507220539833327,1.5925894762667103,0.5331645926605917,0.11449026154934643,1.242579325589493,0.28657412789608483,0.06494101688071865,1.1811076281815533,1.4695891269478294,0.9667273623837218,0.6836757529339186,1.2615761263375862,0.38009202173484175,0.9213675936154843,0.11399703051749184,0.2852534403083848,1.6941771141212443,2.054366384560732,0.23924242810070898,0.9539203378430329,0.14411608833098927,3.0135592540187846,2.9695209443775115,2.8260038557622007,2.4406382209008015,0.11914931422888295,2.843179894443858,0.4734564070541275,0.6219149554997141,2.147380352521385,0.10836620311971497,1.7185406465153725,2.752080093859185,2.416812848203481,1.6615824607684258,0.8890387579757677,2.988786517619286,1.6280232945878246,1.6573872642738612,0.1528220159374489,1.2389103658366794,1.526091326899497,0.21300000969773936,1.6332165106369683,1.8614976962864147,1.7423293648634348,2.068034147987554,1.9778917876372784,3.8447241801722467,2.951143041577108,0.7623151404031483,1.49928857428596,3.1115926444331423,0.23832859981858895,0.5868701748842647,2.63294592368366,0.035078506354933384,0.6479678365480118,0.5116560670157142,1.8719521395195975,0.5083219849434323,0.33828890951200735,1.7243113330138264,0.36062981002151007,0.24672240564370113,2.8490599686694673,3.9767591420097816,0.19121050701409836,1.0048765917754525,1.248432650836967,0.5264586571197238,3.2061806035353455,0.34590787711609267,3.7689218064819827,1.9772126716079401,3.044670854476044,3.387506954154734,1.0871705702490768,0.1679472590294714,0.38108284483092275,1.7768099521861516,2.1653841054822323,0.9035679233219055,1.3108609985664617,0.7440428905386636,0.4825835250872576,0.820994409750844,1.3169235691415642,1.7274808433057949,0.6402318018156575,4.0396216370302005,1.1478067311006879,0.06415315732765814,3.1811337440769765,3.503559746739613,3.0853677846598893
2017-05-17 02:00:00+02:00,0.4541492326818102,0.9800666548823247,2.4029924795792565,1.4114533115337664,0.25669311904475717,0.14259919619908903,1.5302598706520014,3.023068383324954,1.7592273485969374,0.36670125437455636,0.6447391798979673,1.0454292047050235,0.09674558336407735,2.362543237056481,0.627718427295614,1.6879119592128262,0.1321898094708124,0.1352651744174716,0.5494949423878113,1.4075109791422085,2.709736037087947,0.40256489728221023,0.08962599622938358,0.48314703854638724,1.1264905372871055,2.867307324467133,0.3981143181661012,1.2643857898739583,2.383153209315735,1.5815460482623758,0.2704642960075169,1.670923547697017,1.6077760795638658,0.39003321839385446,0.09653155368766785,1.123467009304702,0.21480714299430742,0.059970547133279026,1.0602667055474664,1.4497232883894666,0.8528985868715686,0.4888894042466523,1.1048174034736995,0.2791234655450359,1.353202599620703,0.10915564215630927,0.290629752175928,2.025866625160144,1.9927180105509281,0.2402423302529111,0.8819329763184909,0.13377392383320336,2.524657081163148,2.6199832400344714,3.076093202483536,2.0242249047131415,0.1977371328955487,2.54460711559083,0.378270639838524,0.5746237881546817,2.1346776299931873,0.11627222277844027,1.455808998303495,2.468524837171277,2.600558927470855,1.1134232318708823,0.9382254635160304,3.197299145052429,1.5782837557416767,1.4168811448925156,0.11140096167499103,1.079439511045553,1.5219255207588909,0.17755625097001598,1.9882409556889924,1.592108575853415,1.1938786769110654,1.501998733377814,1.908812739438933,3.3243751452931547,2.6280332679019454,0.6344353981105261,1.8902444707320842,2.840858186081225,0.32660006750158493,0.39736283391392463,2.8577125782881576,0.02951974060973346,0.6313480122543347,0.3374504976902658,1.7983873136090094,0.6067137722205955,0.25193519119530866,2.0544064040035246,0.22003452078708943,0.2434447823164064,2.5077065325731205,3.422795551655705,0.16745296931845358,1.1175773258181685,0.7355345404872858,0.35146247895644717,2.763325425946879,0.2757595472428054,3.240494747530578,1.9849550778956089,2.754557217022666,3.0763202454533007,0.9347276537605151,0.2534356247825636,0.34388748072782543,2.09586788079411,1.8627954798325075,0.790787369954986,0.7746274018827479,0.4777748931592137,0.38925900604721336,0.7434469819961961,1.1417201206032723,1.7043476526221444,0.5066210320920552,3.518975903239633,1.24806931235233,0.07473081814153719,3.421021594479165,3.1872751639673016,3.3202283689351964
2017-05-17 02:10:00+02:00,0.3897886772703071,1.0971215733897939,1.9579694310807754,0.9722730533289478,0.24838985680258893,0.14865688129610055,1.6382820134644431,3.285233855229127,1.4279923207187273,0.29460082418442984,0.5718770283515748,0.7163642216876741,0.10222081736033256,1.8917890390506558,0.664218335466661,1.7655487087197244,0.12294357622218764,0.13638297770737748,0.5736123598526827,1.1791900065523964,2.3777097203212145,0.6384710583829755,0.08636628064517389,0.4397517999132885,0.8157531060024122,3.1523484894606866,0.29506968941450273,0.9698300051668496,2.6800366204844064,1.3329138316759435,0.3123587658063877,1.2249700448465068,1.1801391992168104,0.37430864339621467,0.10203507616437886,0.9792216917195139,0.21630786248501435,0.09306434898605132,0.8945761579875061,1.2465456272752111,0.9635147173156149,0.44637299583094425,1.2174609135445844,0.26981860189590134,1.0900866509361105,0.1068110019343051,0.2598372503094446,1.6609473612759722,1.793189817073138,0.22584663688489343,0.8449640570324133,0.12136063819004254,2.7934153180529013,2.338987045153418,2.7259072066222254,2.152347235304258,0.14503772113007082,2.268848277278622,0.6160697302684908,0.7913289904146933,1.6935572811814212,0.13894821468261712,1.5426746960517246,2.183290054251983,2.3103999470031966,1.1610355075780259,0.45649319903506125,2.8394486116620046,1.3783430618280996,1.5073330459541812,0.10693956223072944,1.1941325119084152,1.0983219685140824,0.19481576014242186,1.6247875088811896,1.6829793261047454,1.2559648649008552,1.5357956317264185,1.6867468929370983,3.5720917368689986,2.2792360714788065,0.5959840932778424,1.5506633255432087,2.54691017263799,0.26807648727203587,0.49515253960655026,2.5457940722298056,0.04197992929630501,0.5771821754176247,0.3733242415805823,1.5724455733905365,0.18047940102771817,0.2661104278783788,1.7026948781961866,0.19410294159850175,0.22734791147195477,2.1668104905004313,3.64773434076793,0.14738871389775937,0.655279647000815,0.8021884703507111,0.32856040384236807,3.0360899831596,0.25998868043754697,3.46558225252366,1.4908042235280736,2.4269089010074794,2.7530708096487384,0.8257044245440088,0.20246086879000674,0.2857270454585758,1.7484201732554474,1.9576529484448773,0.8778652750873432,0.8413498840285407,0.3961365331340379,0.3893813854438359,0.6911828894017795,1.2501467255106278,1.4476724322592145,0.5626687942617327,3.7176209421433764,0.7682001148169254,0.09225376033731332,3.0649172635440585,2.8987562740683313,2.947075784099462
2017-05-17 02:20:00+02:00,0.38060417493197446,1.1969451272503444,1.9735753363216615,0.9774087038673234,0.24741499103362458,0.20656440069340923,1.7944509333908054,3.708081468762968,1.6479919164878603,0.22681149399075745,0.5182121067067571,0.9335067243175109,0.1144457552053941,1.8609422895440437,0.6819837624683033,1.9297864964902947,0.10033795566184657,0.1123787451090625,0.5738940796090848,1.3872529501646875,2.565179260149264,0.5326200544258132,0.07561141126865743,0.43405753205002107,1.067772281366828,3.535446273829326,0.1396568501887357,1.2097584388678104,2.9170271650563526,1.6098660833389111,0.29839374572118327,1.248487874625871,1.1977533387364914,0.3479195250047612,0.11427501296272606,0.9889496655262101,0.15540167973401758,0.05966227500986401,0.8695102021092296,1.3095030323998111,1.0477753782725894,0.3475077802801189,1.3443307148796728,0.2652766235807619,1.3028573693940246,0.12177042878633357,0.26755579814684216,1.914163287061254,1.8555378584511637,0.21374496461722944,0.8181876091115899,0.1632109740757407,3.0518208565917697,2.2462428576412585,2.8987400859222703,2.277227140104358,0.1260010118693788,2.1788223585381306,0.507999701867155,0.7613508746937928,1.6496009215401748,0.1354376443004627,1.6644530230876264,2.109928186786328,2.5289182731641136,1.5143908568797568,0.44289374949856636,2.9354538582823277,1.4216636508438893,1.6228030488938672,0.09801892833359868,1.3188195991220029,1.118930512659885,0.15352050388051183,1.8627095254751844,1.8569352632004381,1.6238401528135988,1.8427676722137563,1.7095651588973408,4.0067612652604145,2.6208838959886194,0.6326341933791088,1.7468523766125141,2.906749392493532,0.32138933735697095,0.49433548917895204,2.7473983011738383,0.031171254265250737,0.5756135327075809,0.35611263427380213,1.5926181274370355,0.18710253047975164,0.22196769313151737,1.9449652311091228,0.09879025100756238,0.18906493944839683,2.507594065176769,4.121576366191142,0.1591872717545846,0.6217803530699467,1.1657258066109277,0.2099121309098984,3.2978140462270336,0.22635522792887475,3.8609581803474935,1.4568056213081488,2.8128151090682465,3.1423611330376513,0.7851623076871733,0.1915729201393511,0.256784103755931,1.9985294519617316,2.08219025976405,0.9345692045853775,1.2074760431667098,0.25494564288911276,0.40650760343823084,0.6764453950481437,1.3969289266252427,1.5060961067550394,0.5305033031088322,4.156445441804787,0.7843282202439495,0.08657848312900303,3.1743734683587785,3.2716772350115733,3.0399630168622394
2017-05-17 02:30:00+02:00,0.4900746330586697,1.0561980650893177,1.9769222610616877,0.8699898927241773,0.2914544268351659,0.1375721339830606,1.751764157630548,3.787892050743529,1.3034528106373158,0.3366759921952146,0.540591080621544,0.6862161989650962,0.11546711177886869,1.9166878475757054,0.5614165913621095,1.9396350706787555,0.08752614417572532,0.07922178019689785,0.4605612928609092,1.1468087959409659,2.147022120531114,0.4836983165235332,0.08199137257795776,0.41156922457808615,0.8257389118588164,3.578526845209277,0.13222157279882374,0.9927928849858948,2.813123930805431,1.280008948781845,0.21311324330127926,1.1381286710566811,1.054862541395268,0.33369092062515904,0.11531013919866243,0.9075033791652134,0.14437065851866202,0.06407774583865233,0.8376269581459362,1.1865033519372121,0.8655204168886863,0.3330308346526049,1.1995935028064406,0.2938458705086659,1.0484927621144626,0.12226811171037184,0.2200434093511621,1.6376167741485326,1.6778925714829627,0.28630484049352495,0.9926796681285602,0.11521612332733228,2.9619052971723727,2.026651115068225,2.44828360511118,2.3247473309115656,0.13971003988654723,1.9998925064709212,0.4598912633083456,0.623967288625787,1.6578979544310952,0.1025222012509022,1.5930574490397253,1.9291420729076465,2.122105654548522,1.1592119452214231,0.3857102853703106,2.477097538939855,1.2647397299030914,1.5366535947773672,0.04739264880002896,1.173530381747631,0.9966455238907619,0.15784180894954422,1.562288634003792,1.8402473646233022,1.259482717142228,1.5673947781999271,1.578107809815732,4.04367320202509,2.3650853018487434,0.5923203549334691,1.387911845752036,2.5562136209499564,0.285950312969644,0.36182514002694,2.295337521343966,0.03424380914440869,0.6659762791930303,0.31936898372884936,1.4549635052479712,0.16099278171794426,0.18573772235293182,1.6704399575150515,0.10522212403872971,0.13033704236160393,2.243433356656341,4.218346205449031,0.15043433498323866,0.5279621903086108,0.8597935685087046,0.18293737803732557,3.2514266400447642,0.2613760789519807,3.9433019147429813,1.4456630424620642,2.4989109360407236,2.733454426189324,0.7604477872158881,0.18075233616755154,0.22476057060800322,1.7355371410909175,2.0958313097207615,0.7974610268205716,0.9155780202893281,0.25161367443191174,0.41994532965641507,0.8280395155830209,1.2855415403833912,1.3419913015318792,0.38672304710214256,4.27452756042824,0.6432281963008791,0.10052457501461068,2.6949951384994506,2.87339585795639,2.546570395416981
2017-05-17 02:40:00+02:00,0.4064417575222903,1.0375384573048183,2.0033120824065422,0.9074281774179038,0.2378772901504037,0.1533128241856262,1.7458089464619106,3.9226648151107484,0.895021497752386,0.40685165443701066,0.5395666108110643,0.35715730455601863,0.060759153207279454,1.9416204464193634,0.6337106473551201,1.952558737588445,0.06250710852456234,0.0876080459449532,0.5497704263916345,0.7583146447235213,1.6580874885060521,0.49841975874076844,0.08506168103030408,0.46809441549450836,0.4536139971196109,3.7335385010417785,0.13088903361183737,0.6016159300374307,2.9269852518765678,0.8692836753119233,0.2182834115507537,1.2210325928568748,1.1290034255833798,0.36824188682080505,0.06064873562474412,0.8821061799311707,0.11147887864781904,0.07442387278335232,0.792037313891554,1.1105537281228004,0.8946768414167885,0.35426039527106806,1.1734187354365126,0.340393530207126,0.6570827628357283,0.07672766086580858,0.21304867282061535,1.156420973933153,1.4916188048897743,0.2056964712330982,0.9441157026432186,0.1411756897526255,3.0820820310016535,1.8249985926705083,2.0373041657222832,2.375808887443352,0.08865695845894869,1.7878686189769981,0.424418452706928,0.609387292925227,1.752203175837257,0.11995494365137661,1.5613306833038132,1.7089194456694003,1.6329385018608575,1.0166573908537397,0.3168459213459788,2.088366692158193,1.1966745620259043,1.488961320325973,0.05495727556441453,1.111900105304594,1.0316964918084512,0.10302357962237005,1.0947024500776064,1.8448151614498678,1.1007876868233144,1.50458911960745,1.4455098564321123,4.2083666635386034,2.2583528067554766,0.6566138208948681,0.9576464961397351,2.458361463123077,0.22849808025171112,0.31775113790576703,1.8091609618359896,0.042837339081744794,0.6091794721773433,0.24035851950441936,1.3268595136503167,0.16471882731520343,0.14257653631170683,1.1991130295325234,0.10358933232748001,0.11243243347875788,2.1426947013114837,4.355480521886328,0.15779094215017198,0.44730760365344946,0.7713248804190053,0.18717065103075792,3.3187180830596477,0.26141616604300266,4.158198497092051,1.627805176907273,2.4032640741172746,2.6422716416863423,0.751235677105417,0.12041229518252765,0.15853968660154977,1.2934297086310447,2.0435702260373803,0.8172743845489753,0.8435852624104184,0.21830491080808584,0.4638530288016706,0.8018654548165493,1.2311067999519132,1.2380640354863002,0.3441985861558447,4.397650437674393,0.5656315033219077,0.10152458869005349,2.263749670417805,2.794590820408214,2.144662310381663
2017-05-17 02:50:00+02:00,0.5605432792373405,1.203078809684017,2.0416908506071425,0.977302883715184,0.21789967816513936,0.14183037562646889,2.0606821139580656,3.8088120273790596,0.8275998615987313,0.45055712896675526,0.5232764974537731,0.2564569913634943,0.08215971821398668,1.9976413462033333,0.7959847484266668,2.244398989061995,0.07599725318268136,0.11335288191981331,0.6986365941497841,0.6531166532963999,1.5281002201964398,0.5639560011197945,0.08394130894765822,0.5803354658450389,0.3165004607690016,3.6147607282943306,0.16303007591623306,0.4729726167033457,2.7954555873189086,0.7706368039589312,0.24418658048174233,1.2273069983793456,1.1553326886877844,0.4894656210017989,0.08203940560369129,0.8768368311083933,0.12058310904610892,0.07279476251202358,0.7714383248534188,1.160137938183686,1.1055853647558214,0.3414219656415664,1.4003414847384696,0.44791935508330566,0.5406387266212038,0.09113932815099075,0.22814171675717035,1.0524435668760914,1.6270094720444452,0.33889481355775675,1.048962867813803,0.16981953244898093,2.9237572342564917,2.0008566789368545,1.88811038013641,2.637648358416097,0.15377456583185034,1.9532051829979202,0.45940240053351156,0.6714452025726488,1.8189418834221773,0.14170898365284454,1.8453537312534727,1.8694023695474409,1.5032325966633187,1.2497537537968608,0.3214379344132892,1.9256357257528298,1.2728262135425672,1.7405358517444185,0.04869991241618924,1.2912451910563192,1.0844737962559459,0.10178540328517605,1.0036544625527783,2.1250994999239534,1.3469389092212252,1.7952214896023329,1.5669936925376569,4.084232614249329,2.4034456540998783,0.7677530328311388,0.900641438698795,2.6009765842936146,0.2833552197123604,0.33113790657797626,1.6882616871051543,0.027631239575804312,0.716508226123293,0.226091436333956,1.400760053904284,0.18145991587776333,0.15337711013813407,1.0773085149820791,0.1048466203333436,0.12413169497595133,2.2326944349095457,4.190632302169665,0.17849387809899628,0.5164607755921091,0.948899131713698,0.21696223675845824,3.1353077512381895,0.29224979183759014,4.013272845315488,1.677337255808568,2.533644652497149,2.7961078781642112,0.7446781867837848,0.1802228190857538,0.14848357129529755,1.1485933679426925,2.3429390297575647,0.9995179307176968,1.0589813904647465,0.24786958493361183,0.558064601539418,0.8941804493819493,1.4482986188144398,1.2997235774560634,0.35685895449238236,4.254823582548096,0.6811968819481395,0.11335794072438764,2.096914918510563,2.9607877929339694,1.968342685436663
2017-05-17 03:00:00+02:00,0.41692385984413716,1.428095673053784,1.8251151016300715,0.9749206017380644,0.14806873373676485,0.1662710940800114,2.1466212143785834,3.467608441947787,0.8694212231361699,0.1324017340461387,0.4978352349204472,0.21435316300919238,0.07352046176007963,1.7839119673829875,0.9545832362327422,2.3185940146852544,0.15530334532148035,0.13467387732470618,0.8650787945907537,0.6112529827899047,1.7093136510056672,0.5501552054028187,0.09061993716562144,0.7204196541102709,0.28978560151383975,3.35122285205295,0.16721032574006672,0.418313970367717,2.856786029537012,0.8134087039992424,0.2658487547451226,1.3582038317409904,1.2446010851477325,0.6477194819296548,0.07341071796105243,0.8197607733884713,0.13759764812474884,0.06123603071257528,0.7508363955083591,1.0529601737556464,1.2272816822391786,0.38002170421805087,1.6767019064963344,0.6053610109117261,0.5123223770177913,0.1365344022197401,0.23118839743761116,1.17832375694627,1.4673272617473863,0.26888723650782476,0.8732760849963362,0.161982119985475,3.0037221853186273,1.8617349034373825,2.0823819809302444,2.7213738019689933,0.1194393343740221,1.8112834260657167,0.43881906766340556,0.7491893800076712,1.6671732612239156,0.1260942104685567,2.01710257566582,1.72904620206948,1.6856206085003391,1.7203887531970152,0.31999945629508036,2.1459659763725187,1.186419757211953,1.9295604775720332,0.041774892589394805,1.5647727564109222,1.086944883035132,0.09685528185034892,1.1398978451690744,2.2605737678516697,1.8107140875057552,1.937212445974051,1.428833568550034,3.6825201408555004,2.2868627569411446,0.9702339826377051,1.019336067144138,2.54331150031357,0.23319219680582176,0.3677311755118364,1.9168520701833873,0.03192238013135622,0.5791334568414627,0.22300500042861737,1.3112346319375736,0.15913318018878783,0.14774120341969887,1.209276887742083,0.10613672954119457,0.19644465782287968,2.158178221405558,3.801457579882256,0.16632476692712814,0.5015823314635547,1.3030316800163584,0.24078067649787857,3.1515551416931147,0.21004049611486247,3.6361744862740784,1.477697858589685,2.4532027744776586,2.8006067382638946,0.7240021192078833,0.18348578437413948,0.16305084815189616,1.2983432736432345,2.4141313579743926,1.1424312176004863,1.3892488701551047,0.2654255271577614,0.7167442285071135,0.7510821208647822,1.7198182313442556,1.2128336960647093,0.3930678286355592,3.8546640068316997,0.6629346375926326,0.10457056637261927,2.343194194642227,2.969186152834178,2.2079354894858967
2017-05-17 03:10:00+02:00,0.45024740353377,1.3138267322986459,1.7951710889566916,0.8722564283613642,0.22984759721405212,0.11740335929291752,2.009368694684798,3.377436381040239,0.7539257579340226,0.10661331765860235,0.4814038792252756,0.21246410648299083,0.0647624596473946,1.7418819246333244,0.897068121469867,2.1702148695612298,0.06932835822511697,0.15003402784503367,0.8024002130811357,0.4921430632218478,1.4875326180758268,0.49015755604142647,0.09946308955147229,0.705410870143985,0.25803809573074776,3.2393655981984044,0.16932721162783507,0.38248275665236603,2.7615119652956985,0.6770371567110635,0.24989862187123155,1.168109927194645,1.1050701890717025,0.6397373658466288,0.06467424122546461,0.7975867573282472,0.18466115956747986,0.07498796275966925,0.7170348953741115,1.0273853493778806,1.1546274039865674,0.3417434357867461,1.5071592650056986,0.5886813342878063,0.4136039331396554,0.12832879015577953,0.21212826095306786,0.9743275244602634,1.604551645506265,0.29818966668657243,0.8309930883736263,0.10537259612925574,2.87256517968437,2.011273154497565,1.7887187206631145,2.602402130164255,0.0902530992861971,1.9547234199093273,0.40845328343824217,0.6968523035244935,1.557071878501045,0.10916962636986138,1.8560435635464574,1.8554574551285383,1.4618961685985354,1.3990998406740696,0.3591846025144637,1.9014129723675954,1.1637330116905402,1.8031880819905228,0.059269329799978676,1.433663237473824,0.9879076982188164,0.14612084932124914,0.905839249194404,2.077747986029845,1.4929755466206207,1.5908107413230996,1.5583473489018886,3.590048754893444,2.2403140770237484,0.9270732645941446,0.809603736964813,2.3886943675618713,0.22988480832721023,0.35611320109885053,1.614196247968971,0.04280893893041404,0.5554090376045202,0.2563405049126429,1.3142738376934784,0.15847503519260764,0.20127637437732931,1.0166670598973968,0.10408051992869263,0.12752060238385882,1.9921912534798767,3.6865999221060424,0.16584226451550774,0.4747060426352658,1.1244594562031764,0.23111816457802659,3.1022276094972976,0.22841950180593987,3.5462457194526,1.2621327107256433,2.357079797676928,2.614121295266541,0.6911257299108824,0.16614024214346734,0.20696966774898187,1.0819182683863688,2.3161383380859766,1.0758652355812042,1.1751932215722598,0.25596573721152743,0.7039271463630317,0.7126907687751944,1.5747110463823464,1.1892465613672432,0.3826375223950098,3.730927916347568,0.5740201569484683,0.08280822184780898,2.0445784678503722,2.7682443577141447,1.9454752044255148
2017-05-17 03:20:00+02:00,0.4150284912706037,1.0177624538330217,1.743361140107438,0.8261229597673834,0.28543549585517086,0.1383086576029971,1.6693899180772254,3.0844146652222846,0.7808970109167898,0.10066453065175197,0.5460366121090463,0.19938669081849958,0.11434373868320566,1.6603913128920007,0.6155476468174473,1.8536230617382525,0.10499801095813126,0.10274321490647452,0.512728786969757,0.5705871147655586,1.6500147175145987,0.4695331669996642,0.11797189716608687,0.4335365350815702,0.29018611388877763,2.9057807114623007,0.1797985304953071,0.4164170990708618,2.2888124120439084,0.7166470817725892,0.21658476850007236,1.0584686620943817,1.016521417271825,0.3598668727866089,0.11418098985233115,0.8856912477781006,0.23203737567447616,0.10745327403960095,0.7905991479112454,1.1839386004493944,0.9293800468992823,0.3653438836858247,1.1612230020937082,0.2998371821981947,0.47274795080212495,0.08184360346050253,0.21906669079471414,1.062903781183743,1.6530276638383197,0.2680368803871013,0.8495785651853355,0.11191936444298496,2.44090994716233,2.085680033050196,2.0196789160602893,2.112099808713751,0.07616783568758097,2.0232510520339724,0.4151168208587121,0.6102977416947147,1.405104632468987,0.1859283019525072,1.543657839795154,1.9077504026514633,1.6107281381617937,1.4081013828605733,0.5035541168754205,2.131741095789905,1.2831217300439033,1.4945236286657961,0.06557557843562586,1.0989049009375604,0.9259001928784986,0.11535361617858433,0.9754849512100205,1.7105662579098526,1.5096895100612069,1.6095944999525962,1.6056073828182023,3.3277128534582174,2.5085937280286927,0.5344145460598071,0.8831980638929142,2.703249477362173,0.2990148114456118,0.348639635916454,1.8260990888153539,0.03179584765360695,0.5397499825784681,0.26956814798867856,1.4320501066303104,0.24735969480930398,0.1851093116118211,1.0937373201282266,0.11543560807404406,0.15773174624029773,2.3351622804750365,3.4182794827501897,0.19367240188642026,0.5632422156657408,1.1229170129738741,0.20476995098532783,2.723611361752449,0.24705707733168836,3.2798987481202553,1.1539370418661852,2.6469501385342022,2.835344399630463,0.7639781143671496,0.20591940903603298,0.25708852078987404,1.2308753850133758,1.9685161172928032,0.8289686204266641,1.1699916369931678,0.2646465555897453,0.3957828131593211,0.7228879211150224,1.2477622073011851,1.3107068524234806,0.3883931440857589,3.463090022071459,0.6747590860535319,0.09954933307973837,2.2371762683315364,2.951804296093057,2.157721212143262
2017-05-17 03:30:00+02:00,0.45552234172208256,1.3666162592485143,1.9406293691739167,0.9575308828984845,0.29306081840607845,0.17465290225826977,2.028978685267939,3.6214450554961157,0.8016777117020196,0.17192572478597332,0.554292372500393,0.18497961857377976,0.08801124661233112,1.7509759888306589,0.9924616794271041,2.2081007196691154,0.101264878030098,0.1122720478470065,0.9260813309476731,0.5926163484443583,1.705039977101118,0.47563093669653767,0.1208696484033629,0.8561646335249776,0.2916710949483738,3.416814067759356,0.14804857307825844,0.43626487446222684,2.756045775976515,0.7503207635480638,0.24114706541709946,1.1892826963749776,1.1341411906353231,0.7537160358480041,0.0878688611259738,0.9470536231037635,0.2124590184432151,0.09539203260217965,0.8855818579356398,1.255541905089463,1.2130915276231653,0.34580139830831197,1.4946532625477054,0.6763196141201385,0.49505089188188084,0.08859476252412816,0.24870565817708767,1.0551172548298051,1.7874348481900029,0.24691434390583822,0.954038762858576,0.11437617739630268,2.9048926567198796,2.2031955365885683,2.071913938656786,2.5443407166418335,0.15334161462240717,2.122628895245911,0.4333817493251294,0.6534876026665786,1.48753579261796,0.13767622183889397,1.9249671803161779,2.0020124969447517,1.6118853540534537,1.57122719432206,0.48132749186657203,2.197076894143369,1.3569929856658798,1.885848033675144,0.08465674910746535,1.452702385297968,1.041655882567254,0.08582216460547389,0.973026281447722,2.0860831264824347,1.6388148509186968,1.804940166652515,1.7428420340248427,3.8839415077929034,2.3244420700472572,1.0504029792684209,0.8995069632260562,2.5613102059806243,0.3097909267757536,0.34103048509154543,1.8591332652428576,0.029449655981020246,0.6639389121913278,0.27051563140402385,1.5675633848877435,0.18683264586834117,0.16367132240320542,1.0844980895785485,0.09465842895778594,0.17304639946523714,2.1579765898195693,3.9572870851538426,0.2235733559780846,0.5760997774134823,1.270636898505667,0.18873420788997552,3.197309119432157,0.3085931187165833,3.8338758361746015,1.360034651976371,2.4958586472238773,2.844391399496272,0.7999016090601451,0.24643843598790718,0.2984207686849963,1.1843587848057124,2.287386261879716,1.1434078978540474,1.3107980628695342,0.22977359311363,0.7630517369566377,0.8129511418194904,1.5773771148313287,1.4426907459978626,0.4275399501083908,4.040185291638991,0.6902697837442319,0.09763116468581526,2.383006047578282,3.0030463685460473,2.2232103808332933
2017-05-17 03:40:00+02:00,0.5339328774365102,1.2576695846319355,1.9611704979787012,1.0165315929291252,0.28538813648116507,0.19432132368449492,1.951785001156828,3.622745406543134,0.7445576589849787,0.13963128673311057,0.4850566368879045,0.15804158904180332,0.08947733602782003,1.829114242286865,0.7915828215848698,2.1176654102921346,0.11754240144980135,0.07495380397989347,0.7218340346706096,0.5169302590871496,1.5980553930516308,0.4876721913419211,0.15054857920758058,0.6275140245866997,0.24899569715662132,3.4368397682689498,0.10075884472624122,0.37138294005805733,2.5886910366998297,0.7193594524689858,0.2833014475345232,1.2974502539804929,1.2440122452554643,0.516573814496385,0.0893469996080891,0.9270362468987201,0.23249437420883723,0.0964885394616021,0.8317718027453557,1.2062050424134152,1.0696883900310792,0.2981586251853715,1.4162825510684918,0.41597049545923576,0.44702810030864154,0.13361403876476266,0.2998037774433906,1.024887953711898,1.7065917552450844,0.27368739718558494,0.9591701064759213,0.12984685636829163,2.765122150788907,2.1400777771510615,1.9477380293452868,2.432458222566453,0.13860631857648606,2.0781835755929294,0.4604042745491082,0.7105296178416597,1.589443865025406,0.2080561091328762,1.8548616584617346,1.9279054493402465,1.5526947855440199,1.1876251269355331,0.5175492053390192,2.089777830419443,1.275124534345915,1.8164443686015372,0.10216087577840476,1.3898427629435046,1.1256239004198154,0.09217415769282943,0.9781052732516428,2.003503526837053,1.2578245784295168,1.389239994841891,1.6063749194994088,3.900828765260927,2.2000933946129253,0.7218062373872343,0.8602205381765007,2.461690712100922,0.2791973970486614,0.3335615520958944,1.768904464110365,0.06704720881641418,0.731069142290813,0.24228835994860218,1.4499214854310984,0.26607169496904737,0.1569182979760901,1.0746089332829258,0.07192719018838968,0.21934738512213556,2.041023612333692,4.0168969061396265,0.26141118348499864,0.6601420799425428,0.7998361098630956,0.14665111671553674,3.050358055920436,0.35227681955288653,3.8019429957844992,1.4283875415195468,2.38488365276781,2.6611048779703363,0.7845559130907157,0.21266726633728225,0.27941756821137553,1.1819477959651405,2.198455380874424,0.9752783178163736,0.8408138073052419,0.22170250762235402,0.5240119697263383,0.8501321438587913,1.4637202882428917,1.3221922769787018,0.38103768570495505,4.119706220449367,0.7820026393814388,0.07298599146572378,2.209204865938894,2.7779314300854505,2.1273224285937786
2017-05-17 03:50:00+02:00,0.48669982624624686,0.9605785303135195,1.928125926443909,1.060535060863619,0.1681657181016082,0.12606200254093836,1.4940454287157698,3.1450559874987043,0.7883884654645963,0.20996516369979207,0.49253383953785973,0.1907125155995269,0.10550130774488276,1.8886334305041295,0.5481394533041372,1.6720227281544537,0.1189576296803589,0.12751181897945454,0.4265430649140316,0.5750510803951283,1.7462881905390815,0.5399636568727406,0.0914525400834787,0.2619704615903213,0.26798668437762213,2.997948487375808,0.09863040484927565,0.429361576238118,2.2026636446519516,0.7648493352345941,0.30840694393060974,1.3774950491107183,1.3333084937426247,0.203126129350213,0.10533875468235117,0.9691056912840511,0.17458668728401977,0.1062786667813918,0.8635303355493139,1.3732542702729515,0.8727900082937735,0.3448417144934026,1.077089615896387,0.10012569085008233,0.4875014194248204,0.0896915558977951,0.18088319145620135,1.0443766368090772,2.093345629618866,0.33134679170966685,0.9877507260673349,0.12505580484550805,2.3648190936795803,2.420453109282115,2.111652347462081,2.019800471360834,0.15285423708264778,2.349902402182585,0.5141774054430054,0.7260203592756452,1.7571269282413946,0.18009703216309383,1.423129042296059,2.2597889696077376,1.700447225239664,0.8273482151792371,0.6113241674621241,2.182210324647336,1.500418006616013,1.384010254890929,0.10409274637560129,1.0499057196019561,1.1804054555927253,0.15480503371768645,1.01083864655612,1.5379150769538883,0.9501806663996124,1.1461923204846296,2.0136031935843275,3.4202862602484085,2.167461379529054,0.40307758551680367,0.8971087557837354,2.3515039080852387,0.40879629069969764,0.4716369030865677,1.9196964132026502,0.03439149550255734,0.7020255374036753,0.3063867331260273,1.8461132076747977,0.245267624656125,0.2289098405498447,1.078588754140968,0.069563176660184,0.22057170017640015,2.0001098733029377,3.528053348566539,0.1513020700759415,0.74719210565692,0.47778112565363934,0.18391890222268378,2.5268973798940766,0.2701082585614062,3.338072520702609,1.583412873922656,2.293005459452983,2.5367063970458474,0.6700355719170266,0.30993567604428807,0.38617610989136775,1.1880488832693774,1.8267454955018751,0.7665628163859892,0.5184757161210249,0.17723934373314007,0.22351832159255192,0.8271722994683348,1.1174006265607268,1.704554648958697,0.5203262362705481,3.574595637355255,0.8701393782054624,0.08772859221420787,2.2989711047615877,2.7046906089303535,2.2083316609867136
2017-05-17 04:00:00+02:00,0.38152575293493374,0.9483299872215476,1.8290652699616443,0.9457656901650572,0.20491546025679266,0.14777233878129176,1.4896252011329765,3.016325488056113,0.6764375756092113,0.15128700105565596,0.4339089891471511,0.18316586757742861,0.08088769283438207,1.786337104409594,0.5108107311330203,1.6401378531571535,0.13019728459559252,0.08828690782760906,0.4326623973931221,0.5280873557441352,1.5140507132919592,0.49066544385725724,0.11260922976207019,0.3454728273396271,0.25597260883273487,2.8833303315873864,0.09769323986913363,0.3753701391525599,2.0343018799724932,0.6487411065042065,0.2800965014560793,1.2516884817938043,1.1816673951638748,0.2774568335711992,0.08077131423323637,0.9539761970015402,0.12723917769281648,0.10454302016718663,0.883200692903852,1.2752956729896376,0.7904590174054364,0.29699180124200875,1.068786552992659,0.16510598518799227,0.45087463992203225,0.09692247456528652,0.25603797707625237,0.9145536524562385,1.9419200982450406,0.25796681660182347,0.8675345498186047,0.20302530776848227,2.182229887168675,2.338706048512682,1.8767393366145129,1.8889109320406006,0.11423083003691158,2.3062671334400706,0.4620034194810936,0.6187479816549556,1.6179791728275015,0.15098280825035404,1.4057540038844312,2.2000553518551778,1.4532241729281912,0.8780043058752783,0.5208453731694919,1.923403019599343,1.3550279347799974,1.3333245368513313,0.11749659503994589,1.0410839667296399,1.0460570380604626,0.15379601955747968,0.8749105798444722,1.559872966827525,0.9515751446407114,1.1005437283521262,1.8691331356552872,3.2426478257866362,2.0618138825171646,0.42072302353365054,0.8052070104308815,2.28044083539332,0.32799355043518275,0.357316534480918,1.72641863072308,0.03350396552493757,0.5975905533781359,0.2605411753715603,1.6903009417577035,0.19509192868780265,0.18698071104985015,0.9471737444493864,0.07189021043203615,0.23655263793626574,1.8845526565845694,3.3122394682562923,0.18803834508236691,0.6642003138754066,0.4779505085055723,0.14960060905543762,2.3863272387449643,0.22742102366382766,3.170854785244763,1.4023694010386738,2.205133590101669,2.4346750573871487,0.689954606338057,0.2023980720092034,0.3277889136253331,1.0384692688849946,1.7937230986299408,0.7210979836219276,0.549782383112537,0.2633731290149695,0.2671121600313171,0.7481823872180157,1.1076784594512838,1.5527253933090819,0.41958550025954966,3.3630831594281845,0.8491710977718127,0.07880859217636216,2.084986507847817,2.5583135213201675,1.9973445564967496
2017-05-17 04:10:00+02:00,0.35812178751234325,1.0600259886303505,1.8265712129212537,0.9365146121320216,0.2798644032375815,0.14582856306544628,1.6160996540697894,3.2757554892513996,0.8021777226226046,0.11893403784616016,0.4515222377997676,0.24940554852411093,0.0845222077035193,1.743770560276572,0.4516189335126501,1.8031751149759179,0.08028576234838002,0.12224035359485325,0.36278010143970907,0.578015291626163,1.5475750351407742,0.5208023803888258,0.11226995496440859,0.2788362824706309,0.30005876371144685,3.1240736289270616,0.09706334417268563,0.42231007916997976,2.1782828227608424,0.7727585695804392,0.27694497822637315,1.2874799579485405,1.2393459643608402,0.17396540096935562,0.08440492392205819,1.1203162291408837,0.1305524297155732,0.1024375094237383,1.0102592376244046,1.3823276329717165,0.8557326386554414,0.3011216785776785,1.1607327965506251,0.09830784572205718,0.4692451796180319,0.07732157449742258,0.3198927879775796,1.026211737831873,1.98635154526867,0.23490909770738708,0.7465496235429085,0.08973363325580491,2.305186536728041,2.3034666237751624,1.8733324617395946,2.0791797993902628,0.11228896817971075,2.2645788962754065,0.48954920583839917,0.7236681835938183,1.5108979272944432,0.14477163558385123,1.540843530318963,2.15239751651946,1.506420566095352,0.6128517166516428,0.5647655712760767,1.9193316565743963,1.4878774961571088,1.4708272112003544,0.07834964988375011,1.1348715176237107,1.0432933544094394,0.14532726106814944,0.9492249002568965,1.654045315072123,0.7032189403010787,0.8099747712560796,1.9538087061744753,3.515362816144175,2.029543777196938,0.27682348683152447,0.8520009409838563,2.2282351814806396,0.2720434231042747,0.32737780410808376,1.6675915888455228,0.04585601777201352,0.48063419526370893,0.24254130988069716,1.8263436505827426,0.19326717318182732,0.1850646273673623,1.0717618981599757,0.0656547017110889,0.12195900818707404,1.8974003792093754,3.6182334173078443,0.22012505365633017,0.7067269410433252,0.34273693320588744,0.17612244094568993,2.5757370615377053,0.2347719208223722,3.4836492576052493,1.3912853983859452,2.174145531339422,2.2871264983847923,0.7704247535606537,0.14946929387100924,0.371866742965109,1.1432386158383576,1.9429576461692717,0.7517734960412905,0.417323909539412,0.16963238079657839,0.20479683759605927,0.6293732611037057,1.2367451602768902,1.7286369763271956,0.36897862639511125,3.670015860829646,0.7958229949101762,0.10881761723241995,2.1554829504848207,2.4618765256556747,2.0176234174300185
2017-05-17 04:20:00+02:00,0.3530926521241551,0.9030219445581454,1.9795545790663294,1.0130244350945998,0.24614006052035825,0.16164146845032468,1.5485303525885248,3.2830699004243966,0.9095846438727649,0.12592023706935793,0.5403967090189653,0.24975691764742122,0.08623304405937574,1.8978213870525162,0.44122642936839757,1.687133965837233,0.1119363834205912,0.13495521880386782,0.3178506993713039,0.6968290799003533,1.6472056084614317,0.4434717204847771,0.174352393172999,0.24897539478708888,0.3496576414417054,3.089681376072167,0.1427491831553003,0.4957891729725178,2.086200113353531,0.8438037984819848,0.2332742519300809,1.3763036965380282,1.3231149938964886,0.17210200866288689,0.08611123999422793,1.2033880520576603,0.1335773444433923,0.0963301043341271,1.0795070674353904,1.4986021154562468,0.7549288067748673,0.34893734896085593,1.0373942658055408,0.1278905780634886,0.5987791238739519,0.09794609467018171,0.3322807704573263,1.1662768791104208,2.1159919914542935,0.18625624903707827,0.7725294833702756,0.15955271162785373,2.2351956642969295,2.569213627055709,1.9733836000572453,1.944222607866037,0.16537812234769508,2.518708710438337,0.4013618316969894,0.5914017515622232,1.6884432344700546,0.13594276216325826,1.4630361692904612,2.354654382817181,1.6156951820620218,0.6893352965143154,0.5513026863644658,2.018230742265575,1.6274632862054013,1.3804058522703284,0.04851407242321907,0.995914374159643,1.105724486109485,0.07967215662627852,1.0951336337745237,1.6010494003604454,0.8117743762142076,0.9316039452732751,2.074445574973481,3.5035031520783146,2.187884080529051,0.3005721459864026,1.0126755728099788,2.447201973669837,0.3012732727967873,0.3037741661863018,1.7972143440707633,0.036705667123896134,0.47509931213542145,0.2341980781475984,1.938327286615014,0.21230791048997386,0.1302847085119255,1.2023137825710966,0.0790660619942084,0.15809658166049825,2.049223574811008,3.5836370498493357,0.25338283815035717,0.6912700558869133,0.3678788714415443,0.19721575123448168,2.481224033108445,0.27190501121686006,3.460451849208395,1.4919573929410093,2.3410365025690774,2.534737408365826,0.8705297138648562,0.19803362692557736,0.33977948096990135,1.2805785185315466,1.7665396471768013,0.6309944744419401,0.4439782442083615,0.24243433510936213,0.2065329959824783,0.6312064170966619,1.1087607551154577,1.8363851169783987,0.3352578539212127,3.665072428096022,0.8350404756419381,0.10400821175412236,2.1817842840814525,2.632997915502692,2.0953739349052807
2017-05-17 04:30:00+02:00,0.6323725389365147,0.9003081165050624,1.9661685906182704,1.0456043447392775,0.26189990605237784,0.10413097667411982,1.5731843976402478,3.115272604054121,0.9636745214849501,0.0840191834892462,0.542713040995676,0.2897792822284121,0.07321739288361048,1.8504205776244107,0.4951299091761708,1.7024705012742753,0.08025799111706935,0.147015392874705,0.41860054509969885,0.7721148431780454,1.831775621145729,0.3886233284575845,0.14058291564202008,0.2573023218419517,0.38961386500937545,2.9299377777912183,0.13889357350829018,0.5360764952014634,2.0454696827476604,0.9047307561758757,0.17600790667465865,1.330878862976684,1.2720747400310717,0.17519591247467237,0.07306850798691726,1.1485620226658697,0.16827114324144782,0.09900182500482652,1.0774191031128697,1.3856963795982022,0.759040439326297,0.3564851160385856,1.0396142313881416,0.127183688040358,0.6261032321281446,0.09636105097415078,0.29748740636091847,1.2499180475039384,2.1039641544019263,0.424742332628047,1.0880088588135874,0.14527669651200503,2.1815393680973605,2.5384906269176777,2.1908390769106614,1.8786181805822408,0.11602766009450925,2.4909308281441684,0.3385883367224762,0.5218511120766888,1.6276426039345915,0.15172086644034152,1.4814585025333378,2.3568984022288726,1.7984136338534635,0.7072802540561686,0.6153119837422918,2.288859347665539,1.5326443463550226,1.4107029810010943,0.052965487803649555,0.9901419914384604,1.1612840504751425,0.06855357945659614,1.1725836936664558,1.6289544360226664,0.7797629186882561,0.8633026105842116,2.0448357055532185,3.3536815391250934,2.190602807241329,0.3773626829680628,1.0418265173993806,2.382947492565073,0.2381413837649505,0.3797586168983275,2.0048885499092166,0.03881523429604992,0.8066347444349236,0.21388487304010725,1.8683155345233793,0.22300679929381897,0.1221264754264968,1.2862254847488794,0.07994221458882651,0.13204672710046583,2.0141822554938047,3.4856345421313404,0.22318908441170526,0.8003132722622909,0.4253058909720346,0.22253475871550268,2.4418722642803616,0.29650359225666606,3.294359727960054,1.4148897328988608,2.292693679765302,2.5111972720446714,0.8381372729830271,0.16173953649243314,0.40213758382564874,1.3858846251552224,1.76952540991996,0.6902401282514865,0.49172109274327874,0.2646133962279453,0.23777395166983908,0.9539748640785078,1.1169037853269528,1.7714269447600004,0.41360677238463633,3.540009540317568,0.9391636101961313,0.14713669163827914,2.5326338549267713,2.788916158625028,2.365060979701876
2017-05-17 04:40:00+02:00,0.46115435947508765,0.8730763487132361,2.0424307150990613,1.1342926521924173,0.29336929574956666,0.21753576134384017,1.640638636493812,3.041310286615787,1.2545975983204762,0.11370678236541411,0.5080961141121723,0.39290144663082444,0.10976897837035507,1.9474114465034436,0.4626075360807311,1.8075969513995607,0.06857896085477826,0.11000933321367956,0.3843599400162797,0.9754012315662086,2.066068628629467,0.5772347456403855,0.13958466118381754,0.2715277503385047,0.49487562889940584,2.8205107026360237,0.15067725338286117,0.6472303011876431,2.1558264071371864,1.1725800870317964,0.307003768926704,1.4160034577978484,1.361953532129003,0.1661132641641302,0.10955600550988696,1.102812149717465,0.20668848929092737,0.06220011393927587,1.0041245369457374,1.3299534697211055,0.7459070930526855,0.2964233650937845,1.1292967273097543,0.11477458064153374,0.7699070972720421,0.13346015451146911,0.300753106515169,1.4685450893807208,1.9435569811669895,0.2618159237915812,0.9593938099048481,0.09923219898731522,2.2712850149208235,2.580318292449742,2.4103750296652664,2.0041569942675648,0.08748252261084469,2.531880710191373,0.45405146170494776,0.791770499328485,1.7061402201982614,0.15089874322427022,1.486681014389776,2.392413102744412,2.0315027447059326,0.6870177087126946,0.7783879924453997,2.5064347339149964,1.4375943496716872,1.4372439667999888,0.05146400112294472,1.0062443689829221,1.2459307976950367,0.13600931369147942,1.4212046174323396,1.693563884765747,0.7656305649121606,0.8786781355757783,1.8881487157935306,3.2685838971033965,2.2511189437697183,0.32988005953325394,1.3198912788381354,2.5816262230850873,0.23765553404015394,0.37767356031074417,2.239971334098171,0.06412288678721802,0.6853574060637921,0.26485618031738795,1.7347164691950079,0.3861192643015751,0.16448827153431977,1.525195324669173,0.07361853090673975,0.11782715293822468,2.093361955137457,3.3664616725635734,0.24443901759538084,0.9588576294402712,0.3802693379958294,0.1834848025074521,2.5645131320460592,0.263789727150412,3.2166380589068058,1.5296899560668742,2.46819423575132,2.683344111339117,0.8083332160954677,0.14675032827935972,0.3954978160587221,1.6195315435461248,1.92829220826995,0.6485788919602226,0.4367350657282394,0.4508016110214207,0.2265762290199228,0.8121511812637092,1.1731928531742515,1.6325078601351306,0.4119832306674555,3.420617968745068,1.0563070380391484,0.2078008655302914,2.725045931744018,2.8836459671068533,2.562974321280485
2017-05-17 04:50:00+02:00,0.38921904891378456,0.9914050924966907,2.3231097792890116,1.3442069980623688,0.3195909416793385,0.1726130367051982,1.7461273817841356,3.2221396875749395,1.1817621134972107,0.1521779486862273,0.5667243063474782,0.4122331353664393,0.11841865730462561,2.2536882191708916,0.5067577089307937,1.9232882491153207,0.2042189389067808,0.12747761013923886,0.4181705732584014,0.9154557472394823,2.256801864362419,0.5560882151503649,0.12830080958898818,0.3213677258695905,0.5221151559419314,3.0639722136482344,0.20099655786193116,0.6829998493306183,2.2990781081197245,1.1154607801322853,0.31757697545109387,1.6672317537684789,1.6013059466267496,0.22219285885233053,0.11819443540976354,1.1527682945785758,0.23151783895069603,0.07376665912760327,1.059962499472083,1.385958376621041,0.791286423635737,0.4064323501444804,1.2475043465387654,0.17224053724210844,0.773711298500962,0.1546103764943524,0.2743546461867587,1.5797045618920333,2.065411941879102,0.24742179108226509,0.8108390483432606,0.12099042565193682,2.443849972460909,2.7213208476173487,2.666276372322292,2.169811766316043,0.10352571773239681,2.641855359033481,0.4617507129978194,0.7695575911781044,1.9930491312410752,0.13203211179197133,1.5907847728532023,2.51369122368963,2.193979768473955,0.9179530840710067,0.9327045099061894,2.779195117311859,1.5133155654844923,1.511810221453687,0.051515337474766255,1.145562865894367,1.457640708037955,0.16254156012404977,1.5244073960505038,1.8142486100754158,1.0061889885148425,1.1572531233263883,2.0110164992435378,3.5072563133148744,2.53453939719691,0.3776947843310502,1.3790985668978437,2.7771276786111647,0.23825471667727438,0.44873688060432915,2.438810048760236,0.046158231689725764,0.5109997009548544,0.3518699227539068,1.8473846445540416,0.47595306399314435,0.24300342253725174,1.622301687306544,0.13352386359402843,0.2527675903403069,2.3811493188303925,3.650057608273452,0.23029813686209644,1.1392868074550242,0.43687049211947143,0.26095079552516554,2.728178328593961,0.20755911240661007,3.4512791786084454,1.816900639602066,2.6932653411280567,2.868569004959446,0.8339238740064912,0.161655642398203,0.45797797641500937,1.6842796201957988,2.084341378338485,0.7041811549271685,0.5139466532322079,0.4493878195014217,0.2851043735339341,0.6496350481418566,1.3040385992246772,1.7390496858466435,0.5117388070444816,3.703313216873306,1.2599234522941527,0.1428702921312983,2.9676162319383366,3.0844560748194727,2.8221933029668236
2017-05-17 05:00:00+02:00,0.34832251139321607,1.0112240169815678,2.245654186082964,1.4223790519365516,0.2625206916627528,0.16013840276137037,1.7130091520043003,3.2529807667508512,0.8958983052855051,0.09063546469225528,0.5289789693497329,0.24796919603002943,0.07908815302296002,2.190565899750335,0.5967906682483285,1.9725051956380333,0.16022746799043483,0.1257786223653952,0.5081794765905082,0.6162915484688897,2.0442451985318137,0.5561056340439609,0.10737460755210647,0.39262920488206293,0.3427295822449537,3.1172242827953913,0.20888793111448872,0.47006111951456364,2.365855209332754,0.8267882573559059,0.2494994474095299,1.7640519552709721,1.608764670349009,0.3182474203564639,0.07889545123452853,1.0841008359795579,0.18562535924754686,0.10508635662423019,0.9906039713221215,1.3112235805585666,0.8773730074259287,0.3919998498373316,1.2374612459298087,0.26798614566402085,0.5335984736854437,0.12886800600236287,0.2515261903388843,1.230517802315329,1.9652138531297325,0.27887823960118496,0.7549633033862576,0.1431952521574564,2.4924424054084025,2.618364088199744,2.4374890287788076,2.2458641639131844,0.09095495594691709,2.5113270991657544,0.46655612242588096,0.7683832996288745,1.9971603339369235,0.1094523316076215,1.5449153408267118,2.4122356972023473,1.947230186911211,0.9688129399292774,1.02630304492973,2.5516807244596347,1.4355008186404905,1.4855717737470617,0.06147351309964839,1.1401451409579875,1.517759228306311,0.1586209682624163,1.1521334863515753,1.864754684788196,1.0581984770386095,1.1451159210626536,1.9086425042432305,3.5150144059479445,2.4946579937254043,0.466523328789944,1.0539415872267153,2.7007943963312373,0.2310704726909336,0.4742783134688415,2.237561101552869,0.04214662733905693,0.5032332486800706,0.35807391265153005,1.756062962184201,0.6596184413614694,0.2646157631338171,1.272142618792479,0.1394370998689926,0.21195328776164382,2.350711850153511,3.6113225283187043,0.1768536245416556,1.163539799417827,0.5717569718557293,0.2652220259651318,2.715960355718704,0.17172810688547013,3.4528496564727402,1.8484414889262182,2.647440254793452,2.805478971070932,0.7791181395022609,0.15140584717472733,0.4042796489223769,1.3785864197856208,2.130809934806945,0.7880916572641962,0.6285686257159158,0.4472927217363869,0.36188038299806197,0.6258556099438701,1.314385575056835,1.6512561781845452,0.5726180532939006,3.683254442487307,1.3062459653056946,0.08576029762737149,2.7501070807317802,2.962845058747904,2.6262506786359605
2017-05-17 05:10:00+02:00,0.4514404179829319,1.4846685262889066,2.2906813122456238,1.26371135101322,0.367624734282762,0.15695297970435804,2.2640856614889913,4.0919698866665914,0.7930007278700388,0.1331564314956623,0.6493058548256044,0.19411389181104383,0.16593955678862066,2.2264824075269622,1.0042006183262069,2.5927299264462698,0.07443449404546944,0.1788412765955298,0.9184877081367084,0.6200313993358624,1.791131194068532,0.5640883612111764,0.15200504375200527,0.7860824015755808,0.2883901397152144,3.9046968497513697,0.16846011959012944,0.42129185250659357,2.9175075046056076,0.7480846178516509,0.29314041398761165,1.6141721460894667,1.4725548779821112,0.7194359506279888,0.16562793610450896,1.2996262761337625,0.3412239418084001,0.0911373960946109,1.1801649560151617,1.6299879762870635,1.3552970998779947,0.46525485870219097,1.671180815283878,0.45836611996433213,0.5237822142741708,0.11775385171245423,0.26955718603135526,1.1241786987087101,2.4852473968636932,0.3051121808587065,0.9692346861218013,0.1354341813792758,3.091992384417359,3.0915279158791242,2.18486860836457,2.7699568573379842,0.10697079406899888,3.0074118173591806,0.4925229686107078,0.7002952860345829,1.9909604787197555,0.1621497832116271,2.09784417877359,2.8714503227074464,1.7462902668293117,1.3140082142334866,0.8839773833115813,2.3583352152658597,1.804620895661086,2.020409045041445,0.26219885869481563,1.597935851667796,1.3824554045983166,0.10659514002390703,1.007158685686658,2.4090438417178524,1.3995287409281574,1.5325382078428091,2.3371941966032295,4.406976275056127,2.5502549126185095,0.6614182256195121,0.8672571770347957,2.796507553702379,0.3313747350198743,0.41888875001475956,1.9854770893953,0.06052225001681374,0.6269771382847246,0.28184321580844324,2.2034512250602645,0.2803991512111184,0.1893965003143266,1.1829247671150636,0.12331098476593502,0.3316740852923975,2.421613175987566,4.536546961947279,0.21769314767777853,1.055589268381743,0.7956713871266184,0.3021954199992385,3.4105431760017333,0.2365033948349363,4.277459912999607,1.745401472494385,2.6974724363273066,2.8901082575414723,0.9188469666013905,0.16238208319984396,0.6035752064297936,1.2825602414577617,2.698946228962061,1.2336433772258484,0.8711088857229312,0.38632000330311356,0.5687467849362372,0.8313867310118158,1.7836361082073298,2.066926190290631,0.4638880690574022,4.649658802840388,1.1908998302795746,0.09646631455055316,2.543206188686649,3.052669105808203,2.419982996835642
2017-05-17 05:20:00+02:00,0.4003074067438134,1.759857913274638,2.234089837125105,1.2868893955723824,0.27004088117594277,0.2800014556594404,2.623612906528384,4.289659877364267,0.9238540515612668,0.1938515850667711,0.6334176410127208,0.2071244866718951,0.07675324022913735,2.1400481999456047,1.24709965108331,2.8830429278627596,0.08705423034565946,0.15854424935562692,1.1143907872967598,0.6544945284657963,2.065734930684174,0.6911298191961988,0.1464082133962245,0.9429433622544491,0.3164225400488251,4.099837716371683,0.21078618939285132,0.477547202623382,3.3364647154294493,0.8650640898647955,0.38277750481796513,1.6338347711276753,1.4631896280864436,0.7781140338675716,0.0765976553255343,1.380631390165246,0.20337530769874906,0.0896006214156745,1.2744700780467502,1.7600303799620372,1.5998995332104236,0.4515722257865516,1.9841874643170592,0.4648926428788478,0.552654480353901,0.1315400857524719,0.36442067912907006,1.2692005271546343,2.6457604721448122,0.2605089500576111,0.9533504730646627,0.17723288833580467,3.4771611120041497,3.315848135984335,2.432509329021311,3.162480016506952,0.1571880323861648,3.2300500208155247,0.5957022875372798,0.9073159804587366,1.9618930193534314,0.14052510956652614,2.409471048972786,3.0842606475479575,2.0173516977786043,1.3499590355443736,0.8067724669017814,2.5573434745407115,1.91152362531029,2.3343311765876846,0.31543069025341663,1.8841571028193573,1.3822939301704844,0.12947610645833732,1.1574932551628474,2.7931605445694956,1.4843036790064361,1.6769083642026066,2.478707953383299,4.631562889346549,2.5043454429368843,0.624504405904382,1.0103627370936636,2.835623858810508,0.3813727936885556,0.5133383806931049,2.2537834431804895,0.05484358997701815,0.6588477476032907,0.3300985269327226,2.325827928839572,0.29779563186356944,0.2158269291956111,1.3230315089105742,0.1507053469365751,0.4016775314313382,2.3514463951103086,4.7806074130656455,0.3107500824855012,0.9739130343271303,0.7411291857755706,0.3093375432292152,3.71137648348736,0.2395214199835229,4.464595513701589,1.8268867942113278,2.7608451344132714,2.897010878684172,0.9932021319777057,0.24176240010386324,0.510293420320259,1.4642734312751162,3.0115566297076626,1.493436034445234,0.8208357221719831,0.4397848238602983,0.5620840819488184,0.7919545234298947,2.095505581867884,2.1978644434787755,0.5632766647207577,4.847660024578401,1.1358838276679935,0.10211598706144169,2.7186430389389695,3.0811569170388045,2.615637388502971
2017-05-17 05:30:00+02:00,0.46393492866019775,1.6685260148382186,2.208947239049384,1.2123911325418026,0.25649846055474534,0.15911228800190264,2.478776531397653,4.054654857970929,0.9962647232619932,0.09270160223753139,0.7494970706320254,0.21583521635375894,0.10623760010107729,2.033711907132136,1.2037662181994015,2.787925986407373,0.1296760756172175,0.1986239757615501,1.0867062522551127,0.7111196631534141,2.154435747756186,0.6010080471453199,0.134459880510913,0.9520873898828232,0.3218456179108421,3.8144636629803803,0.2291089813086551,0.5198696373182965,3.1994558212762425,0.9418345331082002,0.2913624968389054,1.5908683772659553,1.4843955344674609,0.8724901040917136,0.10783496621802223,1.2934914604966317,0.1842423749529959,0.09007995714442857,1.1997418969334286,1.7497087200012393,1.5186259901471462,0.50754323681929,1.8852732130549326,0.48233147726822684,0.6089081075883949,0.13670619194242395,0.2807027163875958,1.319552623975973,2.5694518279556355,0.2707874080180955,1.1879547668630708,0.18314168654506863,3.3376921192914235,3.202528521470846,2.535042107031795,3.051938836661659,0.17586397412654506,3.1388334995744547,0.50284140402353,0.827458920646324,1.8485038301439032,0.19261310888493166,2.304945950476157,3.0157554290761466,2.101193086486132,1.5283899124261127,0.7081416906231844,2.6105897347562563,1.9458366690611437,2.20552356960747,0.3911848184366897,1.7923481354318191,1.3507912996079383,0.12512996981103364,1.2540063986791614,2.585945328630615,1.6459179869484433,1.733441304997366,2.4424376117615507,4.398323645818422,2.441972139342793,0.7227905638551827,1.1246979085871187,2.684572843061596,0.45793605382063624,0.44554009958016627,2.3180473962169432,0.05755055428230884,0.7802728484194401,0.30384048016397364,2.2790913509693334,0.3316899129894873,0.19207580592140377,1.3765523350286504,0.17867541692554778,0.5196861607387996,2.2797813408587007,4.527192012855961,0.22531156956859016,0.8931372891473751,0.7936143063055592,0.37486850990584,3.5790641776794696,0.2603828174123124,4.27058575581465,1.6794596927840577,2.5956757036769766,2.783698137771964,1.0144360355000301,0.2625134798992145,0.3771405613671809,1.6074581014990603,2.911670064164502,1.4284283181723232,0.890462069549653,0.4515722832658946,0.6233494197431999,1.004149797346416,1.9470290650408506,2.132489971110532,0.5015974687303254,4.598957717012751,1.0689262668188757,0.10230040491229042,2.8006359385918143,2.926578499086349,2.6634348350172714
2017-05-17 05:40:00+02:00,0.21485668909272002,1.5377298095759646,1.0222339114171843,0.5708982164945277,0.07329304522260033,0.15117778281641148,1.5775789892976815,2.300815881121124,0.4467536881063915,0.08101930781288459,0.34013514647764104,0.16259463727181078,0.08041438386212087,0.8596772879385524,1.2241331247421694,1.631592764290866,0.029196034418899265,0.13522103395672894,1.1373253190073644,0.2938803228535852,0.5929316875180913,0.3018164958527655,0.05670865534450701,1.1619534263177085,0.11628693733149557,2.163932446726446,0.0740546698466072,0.23657116575912485,1.8419544472574656,0.4547331173531692,0.24570186459271642,0.6762408495625333,0.7142160310891273,1.204800016267318,0.04814248920877283,0.5919852338152415,0.1885691102912645,0.09500622844857172,0.4738004948477827,0.7591001510643834,1.3717249511217295,0.20058132344556628,1.4493462894622673,0.36383236497546706,0.2325681826558331,0.05915722723943737,0.09226387426762134,0.4893262387623284,1.0141623651311935,0.1839276588233425,0.47655684968367906,0.08511092979698714,1.9298140669122599,1.219585145661511,0.8265087939360329,1.778731093153688,0.05296579653655812,1.247607875598058,0.31801129557622687,0.37057351729377325,0.8236080982358744,0.1325207965822573,1.5623538432718493,1.2629567621236797,0.6015606712631437,1.250541868491587,0.2904364106572576,0.8401311097853189,0.789113927505552,1.5569060563715253,0.8492110870072136,1.5338410222891725,0.5900402191027678,0.1154165188886003,0.47707598204632096,1.5645389085183907,1.279167847740989,1.2684098306037053,0.9992469789967448,2.5375072463133685,1.021382226800498,0.3891174081702351,0.4590094854668914,1.1018795493458209,0.17299377419729722,0.14492515613469245,0.6726080637910715,0.029959292752613397,0.3125415458599616,0.10637101877000979,0.9039392398222629,0.20750711705420835,0.11404523699381747,0.45098335222117003,0.07701372270806704,0.863982694078669,0.981313791522146,2.5903996243232177,0.0750019775188722,0.39108224686369186,0.401275288965137,0.20028085709469481,1.994882306790173,0.15104103643023678,2.4731547180807434,0.7262582965784297,1.1486992893944934,1.0934225523962424,0.3786392137546229,0.07134091730071224,0.12170501705544347,0.49002254134155027,1.6983392313421455,1.2431677588291514,0.4422597135603109,0.27057694116807646,0.39946897887894445,0.36413564491038874,1.4145630635417448,0.894519772077548,0.13830067747338046,2.5428148263950927,0.47525760523105187,0.08347298085400022,0.9401273696788771,1.1315102355567792,0.8528033513427341
2017-05-17 05:50:00+02:00,0.442537762227717,1.589107472161914,2.3245433815909315,0.8255499792833321,0.3504167821111551,0.07352130983912254,3.4595079266230644,4.459496383697734,0.8070460403827985,0.05892159580192068,0.5432391394584121,0.13622474812422292,0.17523568583042423,2.1654858941376247,1.0227825455137725,3.9381116726139616,0.02530425327987974,0.03636709767186077,0.9122260331716345,0.7022333753642913,3.4000597466046703,0.5090599483472659,0.08931137986351444,0.5789241469901407,0.48404483943936477,4.447918585239117,0.2524226832016048,0.49217482395864437,4.687358766897265,0.671639965010125,0.1004009287548658,1.612100729764606,1.2550844940402184,0.3333131693727387,0.16941820014801134,1.4963877700620885,0.570873254934024,0.3996046294281752,1.3394161203155068,2.0804645896961462,1.4592523487208588,0.48280235554573464,2.3054323597961823,0.1959211324264586,0.5927618128693342,0.10206557500331115,0.5684528777563298,1.2618432636739791,3.3420981692699594,0.7533004794894336,0.7949501273618695,0.09634720036198105,4.762182707909238,4.3281989594726715,3.4345215958957476,4.323373530331068,0.3466793645303032,3.9298334975017544,0.39804354434695605,0.7439954304082249,1.9540777845027169,0.11228981787513272,3.120885594275647,3.596300140025204,2.990960687624877,1.4946165675476362,0.5924043144880464,3.833614289233061,2.3993518416009962,2.7379381576249684,0.1342604533678298,1.9507681055340682,1.1938185966654267,0.05959915936291262,1.1602030091523032,3.8483466566267466,1.8894996444800791,2.230489010982043,3.038686146381848,4.569771244864898,3.0339650870400816,0.8410945751318812,0.8283360917932195,3.4773830435561197,0.5849779354896683,0.8735400166494292,3.4058301295510804,0.12407867580746103,0.4702879489695137,0.49536610937236286,2.939203440469103,0.12909099153363338,0.4478565446178963,1.652394236150585,0.10143626238953322,0.15709558353072361,2.6507148529498497,4.901134726915921,0.4434475264548306,0.6774165401828524,0.899426471225984,0.13717301297117535,5.110491387195957,0.17917258041847922,4.515965868576297,1.6646634309060584,3.094622649520142,3.828931292410662,1.108846875432352,0.5161651890987402,0.506837709684507,2.0195881744118784,4.270575422584708,1.3435479258179723,1.3130082776804926,0.32743390781030685,0.49044743098162413,0.7662352750971885,2.691624086189593,2.6077579769244994,0.9814372999813383,5.266242048772994,0.7548227906296614,0.05928729508231931,4.3610319784869365,3.878177044054591,4.2607255133183495
2017-05-17 06:00:00+02:00,0.6800475977859687,3.6981880976721095,6.019887008897056,2.3985581460557697,0.9119610978363766,0.1510898558144946,7.5203717355272355,10.353016929012224,2.198081341711687,0.24664861454234305,1.2237565677680333,0.354527446202597,0.5171234965831131,5.475205578114664,2.6379765091203304,8.476138880791929,0.19566102720048528,0.1483492645323026,2.4119299556723353,1.815128948581301,7.834501121357318,1.2751866204341422,0.2531165259238355,1.6931301703219017,1.0837175642973684,10.198414402676004,0.4311834769268682,1.274221774325387,10.119566749351225,1.952543349668304,0.3445560082824318,3.9870980887128282,3.292420315733608,0.9771414605623157,0.11100243146107183,3.2853488374435504,1.2698292321914475,0.7640948361955036,2.965077892179384,4.5322634003709705,3.545810177674822,0.9872773415547683,5.209331921137906,0.43072683707099724,1.5242884194921302,0.2409837140031331,1.1087718442231336,3.3622895116185783,7.2455158457577244,1.4319854607321996,1.7984416201571523,0.23763608551689935,10.309911431535692,9.270022772617896,8.199770771280487,9.406663427979096,0.6872093084735186,8.476585396641353,0.9931238287268576,1.9048988425868016,4.848710385270236,0.1486554862717123,6.761966807163257,7.758205021289142,7.052677784876011,3.8326800160904395,1.7263112234339635,8.959026067335547,5.195834361999756,5.9898412248068915,0.5221332720776442,4.456735412738872,3.1754718244817313,0.23100628534010564,3.1240940541983817,8.229847397251815,4.584571188873065,5.349377283287486,6.569664701113566,10.77626387074037,7.364349564045784,1.9205895582609531,2.3919334399819068,8.266825310570871,1.2475548665379275,1.9381293391843426,8.00095503707032,0.2704840071655444,0.8543042306933624,1.2013673688412254,6.450713925422896,0.34974350385845926,0.9747546399396491,4.122011729983067,0.14644453472885754,0.714985042989508,6.72170552685924,11.517336321399892,0.977148902472889,1.9295409856848151,2.1025216872650643,0.2941663048163107,11.220048513090243,0.07977624633313019,10.56869836492278,4.2247700989555845,7.490241958484062,8.999671236020694,2.3309806376627464,1.037419944068364,1.3780040300098564,4.875502344120495,9.204932170873873,3.3088866213910726,2.902057808557738,0.6037919928594393,1.1897340419784885,1.6054459526985723,5.9740089142718755,5.774371706896391,2.1924394327771703,12.283221089827133,2.1662651606573395,0.21159421573378076,9.839059943973211,9.16189849795384,9.614629917061079
2017-05-17 06:10:00+02:00,1.478499787549005,6.742191512692394,11.193644859178674,4.647924389574499,1.600697337219896,1.4958694782911133,13.357869417271282,18.712352666184223,3.804375353820102,0.28545971892716715,2.2339470088770796,0.6341281112250347,1.2546382439121588,9.992218020220506,4.811805586033679,15.153501230822933,0.39362154795746196,0.3274025313821024,4.48114788521643,3.1719910097569546,13.211290781020708,1.5771134637127593,0.4224382811005428,3.2149044942161593,1.8964316860535595,18.412897057099517,0.6467865136590036,2.227005491481138,18.031577916787807,3.4590271823406447,1.3081408624420365,7.422430905477357,6.1965606242458575,1.9548705434752505,0.33927955696519924,5.856012838426746,2.5116916443049515,1.3362664201795234,5.2810594843503385,8.054250404507965,6.3682086475064414,1.71663569520468,9.262162149046816,1.0945560701010024,2.59711876577083,0.32197894125057386,1.8969637161984614,5.785369105638327,12.816852141353044,2.559027903819967,3.2385682574360115,0.48293046196570993,18.36724097090549,16.30773082975252,13.866654770443004,16.79362128881659,1.245165408414032,14.98469815659433,1.2794193680840864,2.5580929537651245,8.799141983682732,0.18971240014387641,12.07604795330084,13.772649334762866,11.888847279205176,6.675676225912119,3.265061992484661,15.134931080816628,9.310580883515573,10.835471887361798,0.8096237767432111,7.978893488773539,5.912173067826652,0.3979870680867421,5.417440079661109,14.611383819026718,7.939921176281486,9.155608369342955,11.693158931733505,19.416418547504723,13.543380262217095,3.6331576744904934,4.175473484553792,13.949284878348573,2.1997540279091665,3.1775700788718857,13.555508707352907,0.3797191165976584,1.7995137580081817,1.9086517784761508,11.452809189749804,0.5509669386445976,1.5685355789393367,7.026869922099449,0.18603233141696757,1.1994450132734542,12.371648533703313,20.671490009986176,1.6702944833269309,3.7002721037159283,3.884428297895335,0.5137736186797119,19.965961555870926,0.2716991104296049,19.080987259531728,7.702453297595467,12.650053367027642,15.223367933139182,4.128567815461796,1.8635567241297324,2.7244598944756437,8.32581252775025,16.403544834961554,6.012618377438359,5.188579600968252,1.0678365586428338,2.3465220303503456,2.9039681856097834,10.568935206103218,10.316326767027832,3.5640771930343034,21.985594578690648,4.1823644906804045,0.3603590524460103,16.63071811991354,15.568974227337629,16.292895763195432
2017-05-17 06:20:00+02:00,3.0548284507628263,14.220719465159231,24.098023132055534,9.883609544847543,3.3779056223284676,4.417725911280583,28.347412514765217,42.98144714495508,6.866308838859049,0.48919029733415925,4.784573950746291,0.8971408166516713,2.849980225747853,21.35782995883896,10.48141568609923,32.486719187561015,0.4788125737192961,0.4552234265118995,10.424358942408544,6.004490393103524,25.556645492463165,3.327026506663364,1.0297287969141309,7.61193547422327,3.699070033447426,42.683711737541365,1.317776962672793,4.139760718397198,38.711775337573336,6.379572510662626,4.0796807097564205,15.888479801228423,13.137148087783318,4.7784423775972495,0.4837625004585252,13.067351564253183,5.631441081646726,2.8764887264042738,11.691686072085162,17.80464734850225,13.745746202867085,3.584119539916163,19.799632429814796,2.5116691924401477,4.627834190023182,0.5172114353436037,4.179018029872031,10.511268954648392,27.698400231635855,5.663810791141569,6.878378531436434,1.048647045308269,39.4239849406496,35.08946578272016,26.607021769194716,35.93821200467359,2.8072695804228673,32.21962788394613,3.1464360826921243,4.80225760567929,18.623515814079898,0.3308976034473964,25.55839888031383,29.408530985429326,22.690683839186025,14.530373873358021,6.781212209104044,29.42675548479581,20.650770603140934,22.96169709434649,2.040110048335431,17.017776864939886,12.678605135087794,0.6974357889496846,10.024485854492337,31.163283259618357,16.983976334560793,19.81983941031811,25.492401510353535,44.037086000206656,29.690166006178448,8.157090552285679,7.335209497583876,29.510363291326726,4.7380011806975935,6.262403338402016,26.200749069757656,0.5734466457476358,3.6460797750465006,3.426296250636184,25.1149213689974,0.818391875462004,2.9754871886840473,13.123318043840815,0.2557193096788114,2.5293197186440817,26.93619599654027,46.76267643796015,3.8197459845994994,7.802714850449377,8.618740119973447,0.7654829052259157,42.80101536315969,0.3203708850870335,43.66324063653536,16.37568817777247,26.64170559287055,32.33832466344093,8.962880677423927,4.219669370798323,5.966155217090203,15.941316890638666,35.20575858040364,13.276324147202661,11.513859456277316,1.7236050408329002,5.289374872521484,6.429123559036655,22.66640856307573,22.820036515474385,6.7503646827009645,49.666927435622085,8.849924007241054,0.47932237088635,32.601005776359735,32.76508190432006,32.155613241129096
2017-05-17 06:30:00+02:00,3.579198841421697,17.327838885356112,27.963275494993027,11.600493132191737,4.006268455876106,0.8153011914865711,33.47133748012156,51.21062888648017,8.069571467997513,0.6600887598422099,6.017313121369339,1.0975007133451904,3.113117494319365,24.791711590674307,13.016941737763716,38.26926807115282,0.6068984318943096,0.5811500276740357,12.663230050574406,7.054314091726383,29.555124660471115,5.207219984588187,1.2781593717037287,9.402262029141864,4.343430530633384,50.67692031962009,1.8712373915693012,4.889065786598749,45.50876043001879,7.458059587511431,1.294036008735228,18.513181017218837,15.418921012453545,6.2281817728719755,0.44914093286948836,15.549627679848427,6.281882725862173,3.310837051511253,13.93149988659613,21.202171602111168,16.80154155627134,4.468004083049244,23.754638817631943,2.883707537817011,5.499190854690878,0.7298845914548175,4.768918940202158,12.108093326663322,32.127437765409105,6.5310774712322095,8.198824939108896,1.285791528896202,46.41749631557393,41.106779917513244,30.755321703232756,42.29160331213288,3.2849032604302644,37.770357067733876,3.9717574996459115,7.935799082878968,21.68212228167071,0.4303105324032799,30.333630722081374,34.512443163556576,26.274089866361066,17.766245436954463,7.759585859780733,33.96712036347688,24.483888896938698,27.425218270899343,3.01946044015706,20.57410589748145,14.8576738062404,0.8796492068128067,11.500428283189425,36.69379015527043,20.838889936965373,24.091820684002215,30.110502730870685,52.03556610474499,34.45459717659727,9.427996183491867,8.659597884951422,37.800779074154114,5.654877966377148,7.399472258534074,30.287044919805822,0.7698174397290942,4.4221009086056515,4.110493742621793,29.629295639819027,1.0321265425496777,3.5253020247207942,15.045756217792588,0.5489756550670475,3.656666191482387,31.299167547103757,54.9144989426481,4.355080032557425,9.023912224113811,10.073267428771654,1.2522432958982288,50.42169192345185,0.40454539088486463,52.068890209203175,19.171209524372006,34.472257918808644,41.06980250214138,10.780437754487854,4.92987254748225,6.728625761573653,18.28099886508591,41.311417776115015,16.206317874537923,13.391094719517232,2.386963234551021,6.132817730718539,7.641140419833654,27.052246743321756,26.991200803464398,7.993898942203634,58.220520357407324,10.308994323061874,0.5385542394696641,37.582314129957474,41.585934750206704,37.043659188014885
2017-05-17 06:40:00+02:00,1.7619337480645547,10.742627552976842,17.719171091496907,7.646808653575997,2.4713463948473358,0.5688390122579307,19.967521646444656,31.099167949486812,6.172956157550251,0.6691588878791668,3.860191088826987,1.124567382522994,1.8418918100375488,15.908328275681107,7.693796947702718,22.692510913431878,0.6644895251382473,0.6240144966266242,7.2106008674533335,4.998406562320701,20.40868144475198,3.7532522000054405,0.7642401402000927,5.333628457433883,2.9709804222880294,30.588100491005303,1.4310427977729074,3.556883567942891,27.062606480874713,5.508468851100355,1.2392726210095857,11.862043787104051,10.048891351127875,3.485429555885332,0.5722336190269884,9.509253593460784,3.6916287381738035,1.8734143187228098,8.593362434341142,12.960814066679625,10.15061073209358,3.088616243264328,14.478452682942693,1.7723357964628494,4.195843531159068,0.6494881163488461,2.945966668996362,9.273490333150686,19.25240400180004,3.7092058122406337,4.764832719171777,0.8161506806578823,27.753900980415114,24.993899615374144,21.298914108548612,25.19967181357084,1.8782964672929912,23.075968208350865,2.9468170695410856,5.423817042633649,14.17173566271924,0.4545577842714455,18.119654570571164,21.236696967791175,18.45831991318378,11.062611036841803,5.311505944780284,23.17584573442917,14.868665242342608,16.328859466918797,1.6075550454186058,12.613443316433026,9.527418931889677,0.6866367180367207,8.634745386142548,21.846211677166764,12.840930528179753,14.756122305836891,18.65308961904607,31.280444028237348,21.37634688993645,5.585457230333391,6.819783392111568,23.765218882518717,3.452024743665969,4.850403822290236,20.75680780798065,0.6869248865071212,2.3438029020408266,2.9657034296144986,18.16782306401094,1.121166762629457,2.3960799951803833,11.062838649404544,0.566123380206596,2.2772965041382425,19.63285867556303,33.10937498700503,2.5773784115708067,6.039931401205615,6.21338875277376,1.228346707378943,30.223860481800713,0.2859212598395965,31.764154718434956,12.527354947697958,21.82611998140601,25.702654679905507,6.799345339573745,2.786084758168717,4.191383028739802,12.942691543831316,24.480276107850248,9.499391942413359,8.140591758102653,1.984854051519535,3.6387822014159763,4.1632294284536675,16.407830542837907,16.471372111003756,5.516453820050797,35.00654579124428,6.853761670902656,0.5343760642925863,25.33017120606927,26.22515135915008,24.793018338605787
2017-05-17 06:50:00+02:00,1.599352299439422,8.661835268598008,13.362690765972534,5.994906183306713,1.859546087029339,0.22609322400162593,16.369281845013028,24.793012513552384,4.822728132037562,0.47496688046150165,3.0466685377309957,0.8765166738482476,1.5284282443614496,11.91312237696788,6.419600692804759,18.6690735294364,0.46817844280946097,0.4309694969254995,6.041696279794182,4.01376834186818,16.319949593402594,2.7466295476845564,0.6322252635422843,4.493112210637152,2.4420518710489265,24.371532505805455,1.2296969399367472,2.8691671700643484,22.219412085961103,4.325163718384186,0.6616094314952028,9.011032698744895,7.520446966603081,2.916675875677503,0.3684472932484229,7.8605649485100955,2.87153134980253,1.566179784911671,7.093655184653577,10.749735965202877,8.23274634218183,2.3470183692275945,11.76689494684258,1.4854342469422823,3.2988613790566306,0.4731116489120133,2.459756005936844,7.225555645423679,16.394579870705975,3.117449859713177,3.977531062973426,0.6085427797870153,22.593227632400687,21.07853125851162,16.942798868668714,20.695848917421884,1.5944874562287505,19.51396975625851,2.0688899374452303,4.0629790822520775,10.65492219429385,0.4058401565468556,14.848192106281427,17.980165188079177,14.67385437168279,8.477174085351269,4.139349365297127,18.316474022009494,12.325643031835707,13.396886490454731,1.3265098639576618,10.201896271602106,7.105546832280939,0.5154906069599737,6.807682007679591,17.934726527715824,10.008550152753019,11.559046693450806,15.501752142415636,25.300885447784093,16.437091076718975,4.218274036390828,5.260993402531687,18.116099530215994,2.8910258578454906,3.859409016381891,16.56282891483373,0.5692211845860214,1.9392281089564953,2.2963953682384064,15.093469476341756,0.8607395139628616,1.8760968672007434,8.73552995906363,0.49589060773470817,1.7911322919128378,14.933949969630886,26.85410131526364,2.1842526014143258,4.735141849161761,4.6392404142944565,0.9776032835712397,24.452142925853714,0.16549472564261322,25.327514509367433,9.47642534730313,16.52192012306378,19.750643882028402,5.505569722306721,2.4040685474234014,3.2946716802525673,10.319324488873322,20.11961301983542,7.74776129042923,6.214552687645782,1.5865120454673927,2.571696156596278,3.5417433719146985,13.343744783310907,13.718830296486018,4.359902695261398,28.463012605267433,5.3425507034202875,0.41179426213081743,20.06904540438912,20.173602026486222,19.685022432821693
2017-05-17 07:00:00+02:00,1.8017451270117855,7.913454092173991,12.51881576037256,6.032190676847781,1.688093428032931,1.175858171128432,15.65886210009463,23.59996328024445,4.936094111075216,0.5319174195442731,2.7099716569123933,0.8691055418945203,1.5037703930998947,11.125057323266704,5.814699993175744,17.733081554467795,0.4505633633997675,0.45300312607593735,5.6501423202594445,3.9826226740193738,15.866829242552697,1.7992323592501753,0.6687332790913114,4.225120349641515,2.4209896417597645,23.20637253887494,1.1277958624255773,2.8537379750349188,21.15256274212334,4.454173398131329,0.8583149445431747,8.276276607178794,6.958132444640294,2.737224429906186,0.37172298479748667,7.315217380038937,2.9181366767456955,1.5603132010185183,6.573934824382873,10.125697447419299,7.535147952528473,2.044785575844076,10.929675020142351,1.4513045111076268,3.2405191835066813,0.46303314980122084,2.4393162634599745,7.297109108478623,15.993389150341402,3.094940081402103,4.3554794593616055,0.6976943763052466,21.36132547878468,20.31969755006032,16.66579035075372,19.638440362081212,1.523207193711113,18.978724533454226,1.1776812267638128,3.1477172701475564,10.034813049333202,0.3830893549137974,14.212109909407678,17.451311196332657,14.276935245892474,7.467357935526681,4.023269613234443,18.10298521445871,11.672800813048166,12.720005661349509,1.202198930028933,9.390661499976833,6.523686481977464,0.4241207956469144,6.8734500761798465,17.00517715465847,8.74519607450566,10.302912093231418,14.685726963180015,24.58410376870473,15.453620595150127,3.3999127932225455,5.337302716682042,16.032420499298432,2.814134739473394,3.4655254836971556,16.27886672692651,0.5852228670778894,2.364995002509634,2.029527566797666,14.266777004090295,0.8281409771097006,1.5843752646129619,8.787330129001912,0.3921897286042734,1.6496899364238058,14.001718826000708,26.12345556754439,2.144812745990153,4.67267301895431,3.780279809385341,0.9004026844907862,23.048775593553103,0.3154108769986529,24.162350894180296,8.801568264384983,14.52742319461246,17.493030668976978,5.1486826056147414,2.309292920964991,3.2111293782629287,10.33356835345867,19.04745378368861,7.070173589727914,5.358177797778092,1.460364969835181,1.9377086639775707,3.9253251569245333,12.481381276993146,12.928890877288463,3.944218136733186,27.686898896768035,5.368290030870223,0.42674821982272465,19.84724835555,17.859723595546374,19.432873991761646
2017-05-17 07:10:00+02:00,2.061907103370693,8.343367562576844,16.140732264005084,7.552859137039889,2.1132771163430113,1.6172446911612313,17.57482034168965,27.13158324431435,4.730147052417712,0.45449136889156533,3.848731363064893,0.845536396740257,1.941827513194922,14.955310088566659,6.283132298787081,20.252458874432435,0.5632449393748958,0.5222200328028557,6.015271372965582,3.7669598897650958,16.0394732722483,2.1332954482833886,0.9287581255297976,5.029168035524319,2.780113982503492,26.7727066433853,1.4535944002215597,3.2484335943712,23.752867422910175,4.262140117733195,1.1122184144134482,11.547680956605118,9.94898154479494,3.2412438395941794,0.4178865561147722,8.72742030913119,3.7315564340420417,1.9483714535130685,8.138728482792015,12.265608611756338,8.012280664499336,3.023352915890997,12.04710923990513,1.7611198797180583,2.790605159232162,0.5408095830106464,2.567671964955919,7.396070144869562,18.9600018340836,3.8343580535236135,5.128172772292458,0.9232136270349833,24.522759989520146,23.926074452701933,16.880533727517662,21.926054238688167,1.92892414552073,22.114583570181885,1.367282510008459,3.7937692779676997,13.544311768114351,0.3736862142525161,15.817026179555201,20.795716047317494,14.279218957292281,10.142914624817168,4.984669877570707,18.693435449513117,14.191962984524075,14.005752426162738,1.3769400631113002,10.150992704872618,9.40860339815847,0.4847114100409452,7.035760822926661,19.275210891867175,11.850110467332843,13.601323896020448,17.32093287469506,28.334534378805582,19.906089999555004,5.248511248658612,5.1731136097459,19.533623489017426,3.5716871612766194,2.950020754582156,16.52097454716648,0.7036045929254715,2.7698474905834414,1.90332221741937,16.839366541499118,0.9422973384288614,1.4402435245365117,9.201815291092505,0.4951041718078276,1.9385012630161693,18.11285591819135,30.207292048743657,2.1799907869961435,5.76642116901898,5.7344077734941665,1.1194561533909937,26.632900112572035,0.23792775254577572,27.83891925457483,11.998008586936425,18.51295089730946,21.174105429055555,6.339144728436197,2.971713337250175,4.04278962788285,11.088485379319948,21.185426510549092,7.894975197214594,7.699332913779519,1.837120051769053,3.591438594230127,4.691692325667759,13.911938287790807,15.765373346105898,3.270530910074212,32.13982077045255,6.686903552681797,0.4085260819441391,20.76908477297672,21.54842809793574,20.37043930801262
2017-05-17 07:20:00+02:00,3.494650922555198,14.641952095734245,28.366290985394553,13.122230018099096,3.844928777785918,2.81112933117324,29.661472916721454,46.77161384156635,6.750473357526461,0.8727051268150965,6.716645273913971,0.7347181504012571,3.2467748797730436,26.355965747657024,11.243780545251706,34.61175691775085,0.7950586038456999,0.8027465562318788,11.03335291441395,5.626628829043371,26.183208345266024,3.774484849504109,1.4168153835289803,8.888441039453667,3.9497029910223107,46.03327436104448,2.5340359739327267,4.531887373796285,41.19922763936509,6.4233795885805165,1.9715295413107288,20.08526130954126,17.22666208656621,5.8705523568101174,0.38698848659383644,16.283099304038117,6.259246227521325,3.303313479770541,15.143302338220549,22.570780502052397,14.37954081824209,4.842771938529293,20.897881832470663,2.9580397216933596,3.7086895391528563,0.9817358790428647,5.191948858104004,10.622198489689307,34.35765407906076,6.50875696144345,8.437150917602992,1.7501490397068344,42.38372467908669,43.40633173804511,27.68084645585468,38.1005035367343,3.226237744523286,40.131262624841995,2.2858138576110307,6.577264976262873,23.649242616926944,0.5339723359595757,26.935493489703287,37.230429804860535,23.1091113442947,17.52099716478231,8.033410255589045,30.746335037190065,25.809431750109052,23.970017218757008,2.7449047001317686,17.71854553851035,16.384115476572656,1.3508175104708233,10.278155671663459,32.6787634598074,20.310757562548552,23.304118224379966,31.63478929714793,48.97302922805456,34.60084300198897,9.135530817569213,7.0914162422611975,33.87794747604661,6.294265200532394,6.105805633264569,27.32956142189534,1.1993873988611559,4.801671352547315,3.9317086401204024,30.915877480387838,1.3894251755533136,3.3516650200069567,13.593583792600656,0.8597905963286329,3.5634643267568227,31.679955023695435,52.18762166354337,4.503933085893435,9.667044028028666,9.77463404407385,1.9475602340375688,46.226085526100476,0.3564715203433448,48.1730221006283,20.950297976109407,31.978294324111218,36.80976037234096,11.907394139409073,5.184883710083066,6.6482747756029426,16.77518769730636,36.68631302468315,14.389572854716853,12.99017798369137,2.8745364495971217,6.183731956324842,8.01283774718884,24.07232280029372,28.574590823644158,6.441104753918713,55.37432283916345,11.415711395474002,0.41562433420372663,34.05293737633771,37.52332150866341,33.623030445894315
2017-05-17 07:30:00+02:00,6.947009821353037,24.61688000665828,51.2612981557752,22.92589211594612,6.8948778897702905,1.7561018909933044,50.24933524730956,81.59590921179033,11.511516236150996,1.9081049518496238,11.928575911891521,0.7227170532381749,5.395071408260677,46.47693191182397,19.470062722408137,59.30469472290508,1.4573232894560793,1.4658999754681923,18.93223412320894,9.874060793934689,44.777262781086414,9.567655145214756,2.3769843643063826,14.613526091470819,6.096389407347174,80.13954994683937,4.658594784342591,6.922732327659597,71.19479935026854,11.283003566363229,1.8261377753223549,35.051752439598395,29.920753992541332,9.698891070478693,0.31775302769376956,27.73588416429763,10.708647395773466,5.583805097173831,26.167401715367,39.036565751472644,24.171051048139137,8.23319135472469,35.21328329407,5.002771839060101,6.229578080912014,1.9545226898549508,8.81219260153449,17.426916363546198,59.3152916860077,11.110723424790764,15.450249668161334,3.228187449174664,73.36989201989198,74.26376891706475,47.4110655112616,66.031307955733,5.428054811142539,68.7825135674654,6.277094564426133,14.5138109861851,41.58016272550904,0.841123151365082,45.6518260463122,64.23563726622861,39.64649303647156,30.231650333237326,13.394553140144295,52.85273948206528,44.50591763387889,40.82438927387672,4.517300071851842,29.862203321379067,28.408425447676827,2.43198474451579,17.1785645120461,55.627294714439714,35.153319132000334,40.432284368716104,54.693473399058654,85.6994867952578,61.747311172005126,16.004044728700272,11.781709594378107,64.301588987404,11.318470201021134,11.738984633242811,47.1819846214594,2.1813042693458686,9.606629446939717,7.366329807759232,53.301270646921914,2.3345239357231073,6.465552760945756,22.410338206037792,1.4712696883012928,6.074644493855672,56.80059182640163,91.13063889133839,7.521143640127318,16.613395690126893,16.98801448777425,3.52945621948429,80.25779691438242,1.5123508325496273,84.23232666212112,36.95465433580268,60.13316482918138,69.79883623442521,20.739800798933132,9.208792417817573,11.061835504501499,27.7828568755791,63.492579289481945,24.855500499544462,22.209919254464776,4.924810348424956,10.472376974448602,15.019402860033502,40.512969232849834,49.17984949597037,11.987212660569071,96.45415128205302,19.839829067418936,0.4764406409652612,58.15715141156598,71.18540755920452,57.694694284606655
2017-05-17 07:40:00+02:00,6.9391474051802255,26.909051078286573,50.434701860727515,21.60950745599826,6.8279057131231475,2.3914685925884087,52.17486740200113,83.13478461626676,13.327481630487114,2.206292862480384,12.281018570950469,0.9963466943270124,5.3815249372265175,45.57667804777766,20.234817467146335,61.269297726217445,1.7061844391190177,1.7474763911930036,19.212503157542844,11.528713734382375,47.992571135801626,10.350127755323497,3.021809903918845,14.997604161331049,6.32456661588309,81.54362977141318,4.905025675086424,7.401781465188563,72.21749296016351,13.16200727129406,2.7340975825289036,33.97149163044733,28.785069133696737,10.105136359476907,0.38587414400985787,30.56736720300062,10.758824739458287,5.579569976698733,27.595308864792745,42.16879152017618,26.4322967111151,8.565767481944118,37.62244025749254,4.639993499029995,7.784572499241371,2.2993837222480904,9.885443144425128,19.259631253415897,62.97822331055527,11.0653144604427,15.958565765034871,3.365841659943405,74.49471691191978,78.64554066097924,50.87045770432815,67.07981924964407,5.377064065058682,73.19403835005798,6.977532750619226,15.30762399121968,40.89316082037567,0.9460718952621658,47.8846477750809,68.13531140972063,42.83485829715987,31.466619045021666,13.777169026133029,56.362310410605666,47.66282005109528,43.031774933914804,5.382689174164645,32.26382955432624,27.050873282823424,2.77132522937945,18.955906549137715,57.56953887836187,36.62168887301623,41.94386671453329,58.25862682887841,87.71487460897526,60.759885679787395,15.587820147412131,13.593184073559641,64.57813202226673,11.603072587425654,12.799895942046414,50.634234740753726,2.414451854599852,9.866066357768055,8.567351416204698,56.74059069470393,2.576872847073408,7.466156306652668,24.29911948683971,1.677625581309577,7.221348915657725,55.97426249115386,93.10557010472314,8.222134628353366,17.040586724010147,16.805239556726086,4.0013466672389395,81.32047597332306,1.5359302542794693,85.99088933761323,36.17623338522431,59.47948710973152,70.04382114074974,22.165785099622273,9.26585867991759,11.214900915065494,29.67224869654734,66.39614158596953,25.611406283469623,21.947531046826867,5.160302215604197,10.094456178991337,15.323499714755414,42.9583261307408,52.45963068189409,13.164759737120665,98.3821339983515,20.40231735108856,0.6032361131602066,61.90655821964599,71.7958571727644,61.29046157002157
2017-05-17 07:50:00+02:00,7.380614904163453,27.448519606729228,52.42735198446793,23.208008422558773,7.3221812912611774,3.502747745624853,53.08428778758696,87.58939280978598,14.786800994916739,2.300144022792441,13.284652637142699,1.287703537168261,5.0602311560169895,47.89590447373707,19.648950135635506,62.329329292181214,1.9501131038128863,1.9946880591548275,18.557103964194308,12.595659569069564,49.349016631891956,12.258950125216883,3.2813877691208235,14.723294524866063,6.667249592378149,85.61856105032645,5.321310873924492,8.005156873207477,74.45981300103097,14.473397308756164,4.64285681874547,35.797985071354006,30.549451891754277,10.238045850695523,0.2523882934829468,32.33789672094295,10.413821702556925,5.580301239870298,28.613489398119444,44.14847427042397,26.593673968031574,9.310585561521794,38.10891383700516,4.821267750005028,8.721849987480866,2.533017163503958,9.950045716317375,20.806817336639867,64.44636569428367,11.073224997579041,16.788407324987087,3.5310050823605104,77.24359761013912,80.72907050071397,52.63714569068232,69.05867222577616,5.430973801449835,75.30295906361458,8.898816892692505,17.20854699412076,42.86407528676279,1.182617330726105,48.603803724760084,70.1092900670423,44.18417875313165,32.258184645328406,13.662449495431,58.093930067409374,49.64305362028568,43.7080322024498,5.437538964214668,32.81887627481002,28.56772589156615,2.4868534622894045,20.4628354928754,58.50059824871177,37.211678618166545,42.39008986083345,59.63902268273723,92.55475600266165,62.515695366372285,15.663732236662357,15.07016440834862,67.76116444621061,11.811313150347068,12.404134360993826,52.4196798606495,2.639254322579431,10.496735993611896,8.542336745939437,58.057212488160395,2.7065481484187917,7.1838474774290155,25.923960602862106,1.9087524301732859,7.549613260686015,57.94265390314156,97.95493862453738,8.152099751649411,17.07274072585833,17.084885951744685,4.454431022511114,84.5601239704389,1.9473317440281128,90.59285786691309,38.09743195969922,62.54213653211917,73.21114031906372,23.23162370587771,9.302818297798643,10.966623758409822,31.31454876414328,66.92921518886055,24.907785753932245,22.177315614761543,5.6639799265017565,10.204423097490148,15.920960966158178,43.43931689763446,54.50442933796877,12.92560318765521,102.94034468846982,20.60132226457799,0.8022708807955757,63.185520402924986,75.13953897026572,62.88270138115839
2017-05-17 08:00:00+02:00,7.380497490468548,29.277416132268492,55.929895654287144,25.96449007572016,7.312241501514739,1.9658642084246187,55.573609516819644,93.10256412188292,16.527350274826695,2.6693371111602247,13.402261954864155,1.6753059595750484,5.0237472207016465,51.05669836244721,21.546534536562795,65.1510003137409,2.220203533878397,2.231448495289392,19.977767457002983,13.832424579304767,53.99794503093649,13.143194408246098,3.3024046365707935,14.876252981859537,7.093094498714374,90.86900462897847,5.068879225367674,8.705256326427898,78.83141071217845,15.928142606040257,4.49777269510747,38.688722422765125,33.32448323809839,10.270480842732807,0.3305198526182191,32.28321466117159,10.456454364719233,5.659375627651786,28.927965504419912,44.56473526596654,28.207520490864663,9.276838871116931,40.014199255512075,4.920459072505044,9.852945985959193,2.8304992441626133,10.143181524595942,22.796778268487127,65.29985710274,10.89534625194133,17.225351063240375,3.7429529075547148,82.08277314031794,81.42506688742054,57.3948142342247,73.51533932005069,5.52126054476213,75.95175546316423,9.514366135547684,18.31445722611195,46.19530314055342,1.4284713773521824,50.68477883171051,70.84282339455044,48.823080521693576,32.413427413211615,14.839366120705677,62.92275528140669,50.08459164760393,45.721338526570435,5.473512413464545,34.74849134993324,31.064175160772194,3.0502680335244574,22.340166145889047,61.06985414093877,37.62149247746072,42.969860321523434,60.35562962540585,98.40969143688709,66.12389981243102,15.016828878195513,16.914325770846574,72.48867587157423,12.283751043514242,14.67352992709695,57.204020904364086,2.8667300991574365,10.611026074007478,9.583201956736023,58.400012027775595,3.6788793556675627,7.964756041908418,28.001811702306835,1.3876769483727025,7.884228566545821,61.41725892137657,103.85239800335258,8.373863894463325,18.558441888918797,16.6287966649793,4.138250860477484,89.39441932381054,2.180949904191586,96.19151305771567,41.357379110635385,67.03286903184834,77.44966411447646,23.543834331951828,9.555115275947596,11.160876885827504,33.44996738058464,70.29899304909718,26.78665386178203,21.705648844681228,5.544873160948533,10.067223462904227,16.09310896611599,45.38545576873431,55.056547433312865,15.373829547407839,109.10344571832103,22.30000035903407,1.0075431938469164,68.485297139405,79.62900413700824,67.44146704459226
2017-05-17 08:10:00+02:00,8.056636344260907,30.724512308823037,59.71036108233727,28.617893917619003,7.6027852240734095,2.3386514905594282,58.77706646248734,98.6844362179031,18.91330606908404,3.004034644316506,15.243864917441277,2.250017558996045,5.6519058162972975,54.546609968499325,21.765452659004342,68.55436545969458,2.582026316944584,2.5704342614230677,19.872959178397164,15.508700289627003,57.84794477710666,14.593312085663154,3.8963424233899655,15.67490747461533,7.857533461545099,96.1310039191797,6.514493232615197,9.793665966616537,83.0600971466781,17.964490045374003,5.24797654732803,41.45206253296308,35.80379334786165,10.614341283182148,1.007949944855898,36.62755705567167,11.328988612545492,5.888339425335178,32.54561220717797,49.56966973226359,29.349445896439182,10.87509384623428,42.05102649344519,5.152931047899022,11.242168764592837,3.180890872071234,11.765356150943065,25.642866053664864,71.57709285894929,11.457268525024565,18.736470854174296,3.9876950937333318,86.67075244597832,90.1061878212166,61.821061047701534,77.48652158548148,5.663868682500053,84.43045692521898,10.53128666802873,20.081757144678704,49.69101876537683,1.8243869354003361,53.39784508437327,78.76050171896372,52.42493258175376,30.875388772759845,16.652197410580545,67.58091189520673,55.30229163579576,48.11964631029586,5.683911319561486,36.422905285548204,33.25454161635458,3.3211241271720664,24.999706941665302,64.52049234858188,36.24840875926833,41.79501079954873,66.35697208478976,104.74224377005794,70.61545175735657,12.161185386318524,19.49415507050826,77.62651044496415,12.942626092312276,14.67567672929298,61.323677665770404,3.18957457984824,11.602305266418707,10.464937033390946,63.902438099701754,4.399913391377748,8.53496370186685,31.105155175434835,2.424995994923574,8.488176154053843,65.51044763215015,110.26094416178769,9.445140897636705,20.636020991105994,14.128234569583014,5.5012622981767,94.26945810501934,2.512349075599175,102.20817864934271,44.45518514794943,71.96929764952519,79.62805648942432,27.00713502757172,9.965498138420449,12.252668197500274,36.77745225106659,73.91924946054938,27.14258894894718,19.3466518463356,7.18770846629113,9.855125784225862,17.287806625071557,47.61564003608679,60.54103771852565,15.69721045063141,115.70643877850031,24.623050461659624,1.3400524263836722,73.86339803676151,82.09384162103477,72.54797600300083
2017-05-17 08:20:00+02:00,8.791169711581988,34.29910986123196,63.76821685243935,30.834062610373586,8.54539610490529,3.1647761999719326,63.60732712286892,106.13177817635572,21.208353925591634,3.3647746390756024,15.224101647891327,2.9999994405116115,5.80627767788592,58.27902132617826,24.11991160043665,73.23812207724207,2.974382946236364,2.7903163443219117,21.975310465730306,17.332814503931246,64.1104326851901,15.8032578086615,4.254324212490986,16.179878995862648,8.788981112256158,103.24163606368609,6.045941960255686,11.026559805757346,88.6301293181891,20.081230132958076,6.006169180811236,43.96886770301092,38.102697917156625,10.933922949330885,1.2924400160401068,38.0989867715851,11.681759680656207,6.1042242208898365,33.41252116120997,52.01009203394684,32.59668559774022,10.607217478043122,45.978177460458916,5.394149393812619,12.755491074437792,3.475701836119353,12.435627717597866,28.67668884018807,76.30835802356644,12.023406577628206,20.303205477606696,4.285579394446017,92.51228616232032,95.02838006123908,68.29113465568403,82.73898502138184,5.9271232995794305,89.19375649911987,11.518050299333616,21.489002008013482,52.82431682875931,2.1787494585847362,58.01260976601817,83.21603848760087,58.52221313464061,35.08827064354391,18.015583201614653,74.23729883462411,57.81146610012961,52.46020062438416,5.83318647763586,40.161249744503955,35.24415078657616,3.611031365597754,27.809085806359917,69.53948244655986,40.59913052674483,46.38550674104205,70.75330925970809,112.69574383861452,75.1264309492436,14.72107341843976,22.065806010978772,82.40629096998718,13.911791244696472,17.10410355341375,67.73118559147484,3.4938125504964708,12.68819350522934,11.347440720365006,67.90521515159072,5.075803088082839,9.080584941408983,34.35563292662469,1.818379126379435,9.062394482563532,69.6985432969498,118.4664160258077,9.96232575828825,22.24101483318296,17.02938035800488,5.072350200953334,101.05595461695688,2.8803284744973805,109.78824684999363,47.33285605534436,76.6202561429799,87.24418970159643,27.659324996326124,10.588012269639481,12.940374169265079,40.12597890189341,78.83699533939091,29.71204958317861,22.579343184935862,6.912626183405021,9.894351645609884,18.543495751318385,51.70952146410471,63.39189248152323,18.39703057280141,124.16871269911978,26.525630648505622,1.732216437318469,80.89059444354545,90.1072360935171,79.2881041200542
2017-05-17 08:30:00+02:00,9.471306896124956,36.766201409219185,67.86210989383255,33.4018787206461,9.563186471498005,2.9291663693615253,67.72527747376343,114.39814663270047,23.465793581935966,3.7049811955659866,17.453645753037563,3.6019903654529424,6.077643187663896,62.05180100756096,25.607797093037,78.44153339163144,3.370583425603434,3.103729823618347,23.08903868218983,19.159097201821993,69.14973947031916,17.504089983060194,4.520004175928653,17.363345798791805,9.585112122862787,111.08251791179471,7.418432838321866,12.217485443828318,94.75998102222977,22.249525369830792,6.768978868031468,46.564955175146544,40.386057804040625,11.710240428612886,1.660571788334757,41.94254437452598,12.239518420335761,6.390405094257407,37.00519083636548,56.77176810622014,34.66885760723629,12.47432278400145,48.943231500351246,5.971961063003602,14.305972035975751,3.822052840478755,13.621912718467675,31.74493328536795,83.38698958299968,12.528645868358876,21.834381420168842,4.614871397019843,98.98972339509339,104.27375529384966,73.60188027746706,88.56047454916322,6.140521738657311,98.14251800085783,12.806563844062172,23.55799541373561,56.04576320636998,2.5903241605589886,61.921770536676966,91.94149692965152,63.26094280059965,38.21483340152159,19.586630497512726,79.83333797635804,62.771705312561856,56.01205587086553,6.066038550925282,42.860593750393356,37.17856381823418,3.910442071433721,30.61305909947919,73.94126085206554,44.07291713894938,50.11916658514119,77.4473413089414,121.22886331427765,79.95058833400162,15.99726330782226,24.597981279705436,88.35698855169855,14.829632159522872,18.01842551790715,73.24102424821206,3.862490001130129,13.53962392108284,12.341694069333672,74.20961541604825,5.853894503536584,9.766805529731002,37.741918585581075,3.0517070157822013,9.726030256845009,74.11399070428583,127.3058909514881,10.546621617164528,24.132357281374325,18.74911849108308,6.61637978533937,108.55170396905534,3.3273153800910165,117.93784060488912,50.26811302811684,82.2864785997907,94.54174089059829,31.07262511950794,11.105484820526632,13.733126232379941,43.64461468734799,84.29391386071187,31.484657620726953,24.6789319332465,8.555396510868004,9.855709039800205,19.669386638196812,54.93670773804556,68.64515188793608,19.617063308741052,133.3296600218392,28.74656657512516,2.0495212170682455,87.41636030678035,97.79540070485693,85.51897443082628
2017-05-17 08:40:00+02:00,9.71304059390328,38.03480907486653,71.5097254870882,34.43308388863861,9.893119603142395,3.059889735284453,69.08269579056517,117.18865526270832,25.284573888171035,3.919856381932252,17.981094700342204,4.1380493197798165,6.083918672408315,65.49617438545778,26.37966961344562,79.9953628234373,3.537621674564252,3.4236979698617103,23.558778686853994,20.104889409006244,70.54621168369628,18.088251765595647,4.68574104621604,17.80115772904239,9.996958978040686,113.74419268993216,8.03532410460203,12.799993721924647,96.62331763283852,23.501333080682247,7.0970697813588295,49.542382757814025,43.33258442296479,11.924900782780437,1.931051623943383,43.10027302081749,12.259586574155568,6.381972231239802,38.07187878619304,58.207545567144315,35.69324067104334,12.994058480150553,50.234098540724894,6.179095334125442,15.151410766554402,3.9930072811938238,14.198245763721479,34.00844841881613,84.98547612648258,12.550626154476124,22.494662367368957,4.742672386023285,100.9443088542098,106.86662821677896,74.99589922166247,90.39948928521767,6.133548620491682,100.6655083858622,13.260609965952225,24.3437245028043,59.481133841263436,2.8285182665412507,63.59596813267686,94.39031101734653,65.27776664928585,40.79094909677905,20.211300906987617,81.23798992846937,64.34015240719371,57.53749858153845,6.055286831486878,44.12777722862693,39.925290753948026,4.149074871448758,32.68258036464569,75.29994272936773,46.8338545426936,52.98545544798123,79.32096478806581,123.49584092903085,83.72398605806485,17.826657022235874,26.614559445765412,92.40809532856782,15.10797298219999,18.544736526704625,74.8552125613838,4.051248866135956,13.935889493107275,12.821304119023102,75.9055539657963,6.294936782122597,10.142276492780352,40.102582102696346,3.232707225356161,9.872532897360774,77.7546262421599,129.66789872609542,10.814342893015223,24.924978390051788,20.81177247135896,7.079439888769723,110.83434955079045,3.5268141155230346,120.39398822679944,53.461453787107814,86.27040682013714,98.45299022395717,32.176726846354995,11.206000735388892,13.916798325739466,45.60884401943865,85.9848666456198,32.30265967005022,26.926534399967505,9.40545725127404,11.80539471266039,20.126464251804727,56.236552430504304,70.24550525861915,19.672733670003627,135.81967320052982,29.66587763500411,2.3156487757974604,89.18207265093287,101.89336357155298,87.19414606642162
2017-05-17 08:50:00+02:00,10.305159651582601,40.03385796570356,73.94669291823183,35.75707272314868,10.44134043903893,2.246141119931074,72.29195945282456,122.58345964943386,26.322357955077692,4.043558647577622,18.766503663488475,4.288691065311149,6.210712199553976,67.55537652813204,27.7043036494317,83.54290591994726,3.74009630579638,3.690133343738733,24.5663013054524,20.728551034604976,74.48295400793532,17.809294963660424,4.881445748005636,18.466144737859274,9.921346566071504,118.81980356034913,8.205440793454704,12.986238618148112,100.65854551284414,24.335672700728793,6.418377919497311,51.06258201332958,44.704919160821404,12.352623122673172,2.215663718384156,44.50016546590021,12.480627423325222,6.38864086495111,39.298386583012395,60.16212505386949,37.43885050938125,13.55715715772417,52.537301203686326,6.404576627784792,15.613802898894491,4.259533179028847,14.70671914235941,35.665389321304424,87.74863408654132,12.849844423614808,23.983998734945224,4.895231239233679,105.20393597718713,110.45298795748862,79.828710929386,94.36694976425875,6.319137184066611,104.04177929698126,12.77022060811119,24.222051324628044,61.32131036133291,3.1575396045106285,66.59648443568328,97.61351685634362,68.67979652493071,42.3840257611949,21.024038475959564,86.16202685747488,66.45954535329773,60.34574143626418,6.2207215356712275,46.27887997435718,41.12182261087547,4.409470210084067,34.05601915253353,78.62950273529307,48.72278803877762,54.963494419499646,81.99411335967308,129.62846009328328,86.6188817625343,18.219930032915517,27.86767800872379,94.57028026775139,15.663295934660159,19.303320329400886,79.02169188524023,4.251309349377959,14.91597002696499,13.220941378443424,78.31063660811665,6.848561237184519,10.619712874547618,41.900248745248206,3.3025322463285973,10.236181627597636,80.347708419957,135.97898540758925,11.122685045585184,25.910905848924244,21.513113382352785,7.385807283089334,115.64475366575789,3.8271971296980083,126.39745706193217,55.105364890984035,88.24502699436628,100.88224605541653,33.470361904878146,11.60045665407856,14.17649385763513,47.6544467027418,89.74782860351677,33.788591557713964,27.889470957883784,9.865365992209856,11.90795189926884,21.31456977617942,58.734464233571984,72.32728859613705,21.026113202037124,142.35356148913917,30.804429504047636,2.6107092183217464,94.47011853439815,104.62817024114118,92.34524561557113
2017-05-17 09:00:00+02:00,11.001558399721514,43.39809355191907,80.74319071790146,38.825869973100765,11.40610020526318,4.591302575679539,78.30713621937177,132.86969848036347,28.76070268617147,4.480114427242225,20.06171679536198,4.7044794293060175,6.597289467622534,73.83790835396358,29.922135993601728,90.46273618612616,4.199388138054535,4.081816502478156,26.44075696216043,22.434989819848916,81.88147408038371,21.62738110115577,5.167556576710827,19.88334821101458,10.503628538944357,128.69563707998384,8.603562000503434,14.019619887406726,108.74707729560815,26.4061484951695,9.31106576101665,56.22732167861748,49.478218168969995,13.208804279834602,2.628128320960205,47.88545020858347,13.243463491242169,6.770224788864053,42.34727283600546,64.39700360213033,40.34304354618736,14.510081438526917,56.667672158056114,6.830200786402428,17.016767027805418,4.656640525642396,15.843383388056449,39.28561133508091,94.64810599923801,13.643049409001847,26.075166855106257,5.250733225546351,113.69988717325437,118.94168086297223,88.06826794929886,102.05802773191259,6.715702266524191,112.04968902019678,16.16817360390451,28.4712972625142,67.19719676276321,3.537617102784839,71.79614994007125,105.2956126968058,75.42299266374175,46.94850620793981,23.07427162099809,94.8008605811147,71.10799697539349,65.15974341830419,6.598548092160038,50.011249822465395,45.53741068272852,4.776379975914578,37.31506480426649,85.03018954960153,53.75736947236429,60.526797647707774,88.1219214307691,141.29149536999543,94.43259041898192,20.5782945108844,30.709060783619925,105.30415848323291,16.51241011394918,20.805230553824725,86.61822218080934,4.644116564936094,16.049867592891008,14.237113484010955,84.00480224976124,7.587648664396456,11.424621464712846,45.916374781383126,3.352168544585875,11.07897939296463,87.5761559081488,148.14181226536246,11.829184280161591,28.273161018864702,24.336899294872783,7.804666902732406,125.10339324473807,4.118285518516351,137.3450072866673,60.70591598474019,98.53921602682426,112.12042348201838,35.904705497551774,12.365120567371484,15.487368345313858,52.34013399485449,97.06566765896889,36.30991209589097,31.214058304253484,10.648808713986154,13.722212522475164,22.910006230799436,63.30601131559681,77.59620749522276,23.08424957896183,155.052346045975,33.52285173005749,2.9891637162634197,104.63799462771428,116.28007566571613,101.56872767968316
2017-05-17 09:10:00+02:00,11.322913276551667,45.93450236536218,84.93843019728156,40.75957999946343,12.20916390034959,5.254868108093731,82.88705854695247,140.6691526910097,30.770501053467044,4.770191272639274,21.929956779731597,5.077038843030728,6.953332368381315,77.58523429495915,31.544895056909134,95.62509287207203,4.550582903320367,4.388129911993413,27.84708282463974,23.91681357382706,88.26943144925583,23.214123769828156,5.498382858927093,20.990522757504728,11.323654677748484,136.1508862095004,9.869670717855476,15.114502686792394,114.86140901919197,28.052345016832685,10.236927436816558,58.88168834729347,51.83385486139094,13.885469038659595,3.0306713658777653,51.53252376231892,13.884101062009336,7.194277625554168,45.73160711327131,68.3735174944961,42.54017836075914,16.125670284064036,59.86075022176468,7.0499872951016975,18.330971577031516,5.003927274278557,16.814469758354356,42.284046129784784,100.55756432387727,14.041221019410028,27.437673517718437,5.517148717799667,120.04933119471228,127.2490433306999,95.47205357666057,107.81810102203322,7.008183410804477,120.02436175092726,17.45153399843772,30.2604240401157,70.64154828334709,3.8688326521803393,76.03179542820419,112.8764271600945,81.1415917842918,49.46665225929062,24.281498783387615,102.50775661225421,75.42163600957275,69.09225398643623,6.985615337457002,52.8859933987875,47.67883551869284,5.071604274841199,39.97791802878287,89.91654112983724,56.600133304604796,63.76370560353711,93.62522493680461,150.19617010245406,99.27350362233189,21.39446721297936,33.078796763801506,111.08605074866622,16.842665586001836,22.188565344744525,93.24252435803992,4.992360098225642,16.730920393716982,15.295248436749628,89.16166060677281,7.63950417703832,11.981781238552196,49.26471955495389,4.326787315204498,11.822917711954121,91.92894089884503,157.41376300529157,12.451177088055356,29.694960460862347,25.336353249544796,9.043374107532083,132.25649058418728,4.478284789315329,145.86976880306912,63.650448471026,104.04822078883996,118.25489600831094,38.743398293709284,12.904882574880162,16.643638307484622,56.06337865709084,102.5601121215444,38.17230860605143,32.64065697011028,12.320678470475844,14.151080442813315,23.94290083561627,66.8682600525103,82.42756072400677,25.078932125347368,164.77593352045753,35.211289606400825,3.2750869673980594,113.14026728823757,122.7701717585965,109.76365496356418
2017-05-17 09:20:00+02:00,11.268315046288373,48.77902726652761,88.13098999507531,42.03157954068651,12.981093717332753,5.633905219700021,87.08375721948005,147.7773788955806,32.9923716561342,5.091141356748706,23.304692854531805,5.746455421849951,7.326656717241503,80.32492606703977,33.37031205807647,100.36081176711546,4.848026257586341,4.698523153534747,29.324126519706134,25.545437114131435,93.88937461945531,24.47805971897038,5.784711726525633,22.103443768018003,12.047258296517008,143.02064057952362,10.620658937048352,16.209607466177598,120.36300074552693,29.957461486837683,10.942888302478043,61.12504608334961,53.75776610655556,14.535601486794977,3.4150084820578472,54.617603908183476,14.570213983277174,7.64034629894558,48.57103850097563,72.2895416490493,45.03965608797822,17.35665785085726,63.168944671582636,7.271178232570722,19.722483272880343,5.166733268757542,17.769706402281706,45.54781057562675,106.25060812407294,14.118015848319446,28.265389736706542,5.766923408511017,125.80762568099264,134.90461609117156,101.8063820364828,112.97165495466821,6.5102898304636,127.21798296495199,18.528460989449947,31.877780546071676,73.04154856652704,4.204326352002702,80.41130729153008,119.67530801687695,86.30922102373972,51.76219216675435,24.782592354020093,109.17511968647109,79.72619238153628,73.16832548166525,7.33566356897144,55.941187159750704,49.09312888229914,5.137835569755636,42.8940244201553,94.44767053883419,59.39408653091379,67.02726265639353,99.28661396511251,157.42023876445697,103.28323572848245,22.128456812712038,35.63117034879975,115.8715426400311,17.674434232285616,23.03659982044084,99.35264162379586,5.28453446004072,16.903538424188458,15.7580857872984,94.50681663788592,7.024565973203532,12.421048552492325,52.85334762940466,4.856364166888719,12.474645409540457,95.4541277203289,165.07468326647634,13.074156839584436,30.468061333288137,26.38395324626761,9.84381245356607,138.7842856192137,4.8125741628505985,153.11375433672129,66.21494912930966,108.44628030140566,123.38735244871171,41.07401537737811,12.609548731127559,17.781741363123402,60.01285367414414,107.440482663748,40.34868907935908,34.12195974820958,13.426122761166544,14.50539233796422,24.33897731440319,70.5779002985275,87.19426561025404,26.297085521187352,172.9224571823354,36.23242527539994,3.6368712345914904,120.69205570158017,128.20723112425927,116.9250032439046
2017-05-17 09:30:00+02:00,11.543084021408156,49.1605618560212,89.48797846517836,42.981766843495905,13.09658034423123,5.6522365619954185,87.24111273043232,147.13309939075467,32.73991145509703,5.092170539425147,23.481739308651978,6.070040868992121,7.396361081581408,81.51226610021585,33.81875827341075,100.52915434306419,4.8968161102554175,4.761947902253037,29.618067607098247,25.01117948141921,94.11879610478609,24.507888520257403,5.761819381420645,22.345362888089834,13.073374530474776,142.2620143863053,10.706595688166082,17.305365666300652,119.4074460982508,29.473574379598023,10.980409131542599,61.82484951441247,54.43748238235402,14.742567433162948,3.6055726803240145,54.705820493243685,14.680970797068513,7.6492159751810425,48.92867079984185,72.4544788918335,45.33510518243605,17.547639036887496,63.63175522030695,7.340107631194709,19.300812222079347,5.118361041691547,17.84655910874896,45.782065254239185,107.07535656831695,14.306600662338495,28.719402939721554,5.69499079883397,124.83639133882475,136.22406709575517,101.86408779168667,111.97973918443942,6.68261495697347,128.43675262945754,18.562132611526163,31.949038504250133,74.18013262144942,4.269512409817086,81.24422127928108,120.8254367169945,86.46654848864975,51.931395755382994,25.841722254830973,109.28895099881164,79.97825375488543,73.99273723203078,7.422870986692749,56.31737736854775,49.806881978492854,4.000760282338053,42.90636702688946,94.64536633074395,59.72243679671272,67.42897514044046,99.57351074183272,156.92934218057232,104.8354139360273,22.035883325404843,35.59154190240281,115.82643234627888,17.753154081739858,22.735680031144025,99.56427623811379,5.3007381214490525,17.16147689434341,15.394486292548642,94.72807960706453,7.763002298126992,11.312711588063557,53.12335191477049,4.932317515031769,12.592243379052864,96.90348173991879,164.65052432629213,13.035052711290747,31.543732470480723,26.422821351615877,9.945725009951223,137.92575007537502,4.916566902667714,152.07053926307086,66.91568203517365,110.0475654193483,123.41482928077558,41.327912427431876,12.702950559041293,18.089284979945013,60.30964586821458,106.47411272029024,40.7824063672282,34.2218835854037,13.75347614875647,14.32002466641876,24.68051322051469,71.13374177475139,87.50465390729228,26.15765807711719,172.54082636679962,37.23752465560049,3.737986019967253,121.14272683871448,128.2565222785602,117.18676577101894
2017-05-17 09:40:00+02:00,12.606472894148455,51.019731576965064,91.4212103889388,45.35248961622807,13.60020210759525,5.7997535284262645,91.3425414370655,154.55768480840956,35.08467381120842,5.2573871665630145,24.13365408601143,6.69376628903962,7.6576073875494854,83.12726274451727,35.30574680126731,105.0501455712585,5.1086836539187,4.8711002308379765,30.82261218516854,27.981411905879128,100.22980683634448,25.113650852762685,5.698975206814424,23.268347575310443,13.889694864680752,149.5237240147518,10.914416311080783,18.29481812507819,125.86549485738668,31.686073655631613,11.217123744745203,63.597825677426755,55.947887196117286,15.414245374559979,3.8873172375243077,55.89185992255512,15.156370003120148,7.621220650907789,50.211749258475805,74.07227357641953,47.06047742417772,18.132229366643326,66.07109185876266,7.729885195055088,22.145234839334794,5.372631627617679,18.16872470487867,48.93204226969365,109.56442418915053,15.226042702191048,30.32822967744079,5.815887811430969,131.43180185072347,139.38187732678824,108.45265866454412,118.19706554140245,6.937143915493399,131.44835597639226,19.00042323948272,31.786021989012664,75.53792846274412,4.537544107437062,84.46042761588912,123.77212989817737,92.30604227797153,52.76497311680536,27.999882413020487,116.11304354636158,81.79311032178795,76.92072693367008,7.66179409771898,58.495774779127274,51.11913523006984,5.462393367540018,45.797792502745224,99.03120415089147,60.95645003169079,68.97147068262903,101.94847705018095,164.66615489367084,107.1915419042133,21.657541892083874,38.21963065383506,120.33241696889402,18.188502841680705,24.746014544926066,105.7795176011485,5.470249341500102,18.352632047229815,17.102942535682438,96.93166073872067,9.165100681288795,12.851087591311702,56.4725090205242,5.1361957873122215,13.057538123277485,98.97300071390771,172.71244440060315,13.16564842804432,33.732805757378735,26.141052647572305,10.226664960395565,145.02516562560115,5.057484483628557,159.73275490104012,68.85362025444024,112.56666840853424,128.22424936862333,42.301899879411714,13.057701649542574,18.835197860479486,63.90933218454214,112.61024995345113,42.52088947988324,34.337307967317294,14.213965396976121,13.619433635798503,26.059574006112378,73.84014288571879,89.56419755334606,28.41194609266332,180.90020670535483,39.547869358407496,4.006988489712019,128.4365707421367,133.28377250144865,124.31297281881261
2017-05-17 09:50:00+02:00,13.69880359713401,54.745213651111115,97.6288540362837,47.37796766282657,14.548842491326544,6.1548743110843755,97.86333248587005,164.57156332112942,37.32923479438543,5.496531504950552,25.610289997625134,7.28967952311607,8.136480962495542,88.76854133798551,37.73145935395987,112.34540329036919,5.406328024088006,5.168403378107905,32.89440449272051,29.42316007331704,106.60158937105406,26.416242391677425,6.07221525820288,24.89021314278075,14.973257522820612,159.15191176922733,11.769829137346674,19.719990212618214,133.80335554524618,33.37663050300759,11.825264888368167,67.42351900333506,59.307747733920834,16.46273358684107,4.28348400495383,59.728186059646895,16.054052399680266,7.909012635522212,53.408523157495026,79.79286518975779,50.57912594328402,19.320067696703585,70.79784856741675,8.229497314374754,23.31415658100861,5.811711064085157,19.366531832214733,52.324376035715424,117.7775183454907,16.265820668632784,33.14991290742158,6.05371728229601,139.71091009610728,149.7393383873341,115.38662122443274,125.65929397732822,8.024286895794761,141.47303073656957,19.996749263564585,33.46871643300658,80.67674825264132,4.832027612601939,90.45082619729409,133.21663846875805,98.16104942414296,56.60615067247444,29.774569589411314,123.50001555566432,87.98637636162495,82.53722562478242,8.148417170078567,62.780428515083905,54.12035131271594,5.768512460026598,48.81933863778536,106.0537340669475,65.38594363096091,73.87432025301788,109.68679394701579,175.38203428467693,114.52985926826993,23.308475782754964,40.7735348496301,127.94589791841034,20.065191632019133,26.113368001735626,112.32489004041433,5.803841604988824,19.87515170097482,17.992943534938362,104.30671563607305,9.67366584973631,13.36527703481114,60.2849929769364,5.492358717136745,13.866782327318422,105.72524062236334,183.963376541316,14.015519696842777,35.83024441913164,28.21547196592613,10.84285522539375,154.25369579244824,5.418744234316207,170.06783338874268,72.91843618202732,120.26146833882092,135.97486814606233,44.97636815707086,14.435843644894078,20.10243134851685,68.04215484473069,120.36151237438457,45.33530060539104,36.93220965603937,15.443162987798043,15.09927356330543,28.478972710404843,79.0810146620099,96.20060498271326,30.13200763899447,192.75068586742634,41.883274514723595,4.383927042591732,136.70069944232586,141.41496594787444,132.2687113520636
2017-05-17 10:00:00+02:00,14.02930650358018,56.379529985061275,101.35369100837204,48.95677844620023,14.93233492150079,6.283099095425005,101.46854626526931,170.2238876989364,39.68260061786122,5.737942418192012,26.29981802929221,8.200612113272033,8.417437119176286,92.25197868353779,38.61948338201499,115.99551752970602,5.586428768290311,5.311940052164688,33.59167660614206,31.810352438548062,111.34115184652768,27.20047367555649,6.163154464004929,25.38238837043864,16.180903642031407,164.61549371344586,11.82991726151988,21.114979872145636,138.48203791644883,35.729514370467754,12.157269075556313,70.36563485188131,62.02952616139056,16.710247398729603,4.555515080528546,61.18914863354912,16.580895730979535,8.414248309691033,54.80461858933715,81.95388729596998,51.728881948892045,19.917757375120743,72.88861295033567,8.15607386131668,25.627095462316262,5.938112150243431,19.798104944618398,55.52073472787521,120.80768975214318,17.051940886475705,34.069839309239654,6.156319404766392,144.5085431122024,153.90462185406574,120.49902285057854,130.0460098882057,8.444014179903538,145.1134879911878,20.69871075810785,34.320867715420924,83.95367078367914,4.992156257638857,93.33089396213154,136.59272947214026,102.63688528731925,58.74025823751173,30.69449738490082,128.88368463363554,90.41391207016366,85.12582982440388,8.423444309075158,64.64901662629758,56.69975426599954,5.877732356886774,51.694520526452855,109.9084028467888,67.83036075739456,76.72725383176417,112.45414053254802,181.2627037617277,118.67160186161523,24.382917590957376,43.38585199739716,133.2967456898055,20.76551998459394,27.087892477083315,117.2760014757358,5.940336667698091,20.278136140761497,18.753380513685798,106.93324144275682,9.848362910460915,13.892388229569297,63.688722250645256,5.693514434280665,14.333882791024887,109.6174890154582,190.13873145340654,14.327498029929156,36.83853077428263,29.382862316889895,11.155146969528394,159.43401102787857,5.4834454050193315,175.74433613549314,76.101499785541,124.54646093876411,141.42260128644716,46.097210389540514,14.928872132549309,20.847550203282434,71.31834459088073,124.25047202159965,46.335360128597856,38.47230050067759,15.785993313023086,16.05579887947128,29.152038651861233,81.51832845183593,98.84436066125485,31.32725013708543,199.23584013344703,42.9938798234643,4.5919539915611685,142.43791876788146,147.01289551667358,137.88254064847487
2017-05-17 10:10:00+02:00,14.64945620377831,59.305767212398266,106.1540936969251,51.12520334373133,15.49955250379647,6.457422045045756,106.388817923736,177.8213506621353,41.85182046898616,5.745816695442365,27.28152170737845,8.08537444779414,8.726872333434379,96.68515502556679,40.24363662182025,121.23862521013406,5.802567690693142,5.599575256202451,34.992720941569665,32.57973456510279,117.35619334780321,28.23983142837919,6.282973160182985,26.392311898932206,16.443181461345404,171.99987097129878,12.256020373110914,21.57507782263732,144.9227244431442,37.56411324717187,12.664191865263872,73.651866931337,64.98374077659518,17.33126460858353,4.809069604566858,63.362658781016755,17.226764838767362,8.969526410811026,56.8346386576038,84.81890442851747,54.39858914590688,20.788636045166584,76.48250228392155,8.403446462184897,26.30766354134297,6.145553530047048,20.471738532534488,58.57856603242787,125.43604846218844,17.996463758413245,35.629088922661595,6.31281196375625,151.16099148761015,160.13614138690178,127.03464814341541,136.11364690792175,8.816913961724405,150.84865711364577,21.6031478957796,36.64525109971733,88.05867754275259,5.227573191288721,97.85449690613363,141.97976340445365,108.28179898389831,61.50361037766409,32.145719308129955,135.78205325363274,93.73432504616149,89.34693489304803,8.776852801038611,67.92822717725586,59.42210316478088,6.099959633689986,54.51730337595612,115.18824262992642,70.99219315287382,80.10783345166467,116.72878226512444,189.35931929555562,124.38611657761322,25.538109259298864,45.83095978847979,139.5715723056805,21.45830452200767,28.35789508933621,123.4472222265711,6.14301825407109,21.110017745154444,19.623737425053843,110.97539880774177,10.389284702009665,14.488417903922397,67.05113039809315,5.892073087845942,14.936638433890575,114.94398069804217,198.6652527082077,14.825347147557109,38.45587087197836,30.942818404330797,11.605903932417961,166.65382681737887,5.7343658273256155,183.58390039322353,79.39689156778542,130.4487650498988,148.01756220493695,47.75287024483471,15.427703381451344,21.757173608363477,75.40938343280368,129.89617358655664,48.78035285458368,40.424646189533426,16.544272330646464,16.873037061217577,30.448603137042575,85.42845701794629,102.47347926178125,32.87473994715818,208.16505068858245,44.76784500768558,4.819463443166571,149.11144270312442,153.83229265760235,145.11032096838434
2017-05-17 10:20:00+02:00,14.803666416261226,59.32000466123759,106.65326773536547,51.10059694880344,15.510314939782141,6.346641570521956,106.84245398228202,177.82247243266298,42.8008151419956,5.833491686523257,26.980358417847167,8.707380280465063,8.815197888349521,97.22789295097519,40.49935095087017,121.34035427534467,5.868066114965144,5.517734617345823,35.216917895949315,33.1857097416899,118.80436496209208,27.981000026365837,6.22936248005259,26.548305104699693,17.134171574921957,172.04455453823374,12.012773007092115,22.293277512870272,145.02702888905483,38.54517254135554,12.458257297971386,73.99109922428224,65.26745981314684,17.452124080486385,4.942390292553108,62.99220777676593,17.348049263038323,9.208854995015859,56.570717998275356,84.39579722986544,54.425147099456794,20.63041642210173,76.6356185322098,8.512143247941987,27.03269019701977,6.134707352182279,20.416611978443377,59.85300575635011,125.11847638489779,18.313163235175423,35.68125215651188,6.169230961587453,151.16711918357092,159.95015891094204,128.7116171790991,136.1836337209015,9.00292414822138,150.54173758517942,21.447917683553904,36.85340559673414,88.47435550824252,5.275673030991882,98.23351103212991,141.5747654706924,109.73542634375787,62.305651531686394,32.4503352913912,137.48569753272994,93.29277059322094,89.74514833675646,8.815713331007448,68.02982660552132,59.78919855964695,6.000940948869948,55.674747424697756,115.70688023157223,71.82352417563902,81.10689372018521,116.40588508771333,189.44680781870545,124.96974325725516,26.240164142998317,46.96444649353958,140.0705540650227,21.40453166776601,28.434730622807436,124.82756107270956,6.086642004029252,21.200839070308305,19.651642761964176,110.65209182191695,10.437655994926969,14.482728920870095,68.33568102390852,5.855360838820623,15.049829777362293,115.52477091607474,198.7726859613824,14.866949180551202,38.65646177066863,31.686220380926162,11.462365424928207,166.67084849654583,5.811362256081431,183.70340751015647,79.82393067965236,130.9481532427296,148.71483880447826,47.39656033213749,15.46256025670083,22.015756222544898,76.71841538141157,130.02156363796843,48.811781898701966,41.12423873830142,16.458386862982444,17.383647909823488,30.428403257807446,85.62106887229531,102.11313038077819,33.01790763132079,208.27247229237184,44.824716975862124,4.859645965194613,151.57654584264768,154.45478829108248,146.71573381412702
2017-05-17 10:30:00+02:00,15.400715487470784,61.59869262246899,110.81365445666083,53.35478870365845,15.915368153091759,6.123589125857163,110.82426404985841,184.31661886476752,44.688956595676956,6.118272885511197,27.90944762011237,9.234764905298263,9.06849943000219,100.97733719360565,42.26264678777667,126.1517029656998,6.105698953848545,5.833295334983921,36.73523187665855,34.55172052034982,123.2966212908932,28.511025255081595,6.344527723363763,27.779397083214924,17.871341836001935,178.36185526953346,12.499834233402627,23.256240058534985,150.54610421465497,40.110084538367715,12.45732578926604,77.07515880165157,68.10358755326975,18.363477408793667,5.160564285361407,64.450077958011,17.913585146720003,9.558473879576578,57.90170257422622,86.54273869551955,56.79912666705671,21.468828360892363,79.47471121099035,9.08418581720264,28.251819049229137,6.294808625884715,20.47238164229292,62.54702922240004,128.3544694770038,19.028097758176596,37.08844344237114,6.361046664336061,156.85309015047156,164.4380090633868,133.89145299720892,141.43160698272743,9.276200869666308,154.83250613445463,21.77340185786457,37.663254700790866,92.08479136825531,5.5392356236781914,101.95216995366923,145.597193211472,113.9087612676016,65.02086294742611,34.248910631041866,143.00721793868934,95.87041920902111,93.17536474684528,9.1275338782159,70.55769474998881,62.30535932703787,6.192908056584537,58.11938560937595,119.97212211315112,74.91542481429228,84.6392114895328,119.55335974791544,196.44439197852031,129.80016341963423,27.543969748249104,49.106953528156055,145.07028620359796,22.09352320872659,29.15652028826601,129.5009436100808,6.29679109386468,22.039481830836273,20.072484285693804,113.6044495276151,11.410924179852138,14.759560654525632,71.27427566760461,6.086727986593625,15.622115501445338,120.04810729431445,206.11588468388408,15.266508931611583,40.60172986037932,33.27655434889941,11.980708709148097,172.76047292839436,6.061556881695988,190.63815406473174,83.19275213076696,135.57586585287694,154.15980609238107,48.381153241762284,15.870982685695164,22.838414769840885,79.92711508872054,135.12940151895145,50.99001594886672,43.106773443795404,17.245649827580834,18.219789068175825,31.557834815405027,88.78165416086213,104.95269404031005,33.98461362794539,215.98737739016008,46.961766539424765,5.109729950083797,157.32402398757267,160.16845874971568,152.00215064974557
2017-05-17 10:40:00+02:00,15.752211659331392,62.80498783224038,113.48649811327083,54.463216500611054,16.302366099061103,6.16000457968011,113.51824072806261,188.59797459287304,45.84855232734834,6.294928860401675,28.313407413419707,9.335231045010145,9.437518136134575,103.40155498995134,42.74419377060592,129.3767692910193,6.2506045025242525,6.013890885327612,37.11426850782887,35.29173937205016,126.6906757903096,29.062550510912622,6.45492964305576,27.894217392356254,18.33404213421882,182.7230607746041,12.763647321770023,23.85774323997665,154.19983510963084,41.05924753179926,12.621769519126897,78.82889427815144,69.63113585724743,18.291063507779214,5.514770994526612,65.75263855163243,18.50825442057859,9.881878445397486,59.11488847500207,88.30025342572492,57.64596666805154,22.039438415889425,81.26569858219864,8.81871136192118,28.93931514907524,6.510869704941066,21.016013576622782,64.38066176534672,131.5122531391229,19.644062097359832,37.95597849851875,6.467794643655394,160.62302583705016,168.74471706629805,137.40931091868688,144.76840772525722,9.588305856320535,158.81075111279478,22.223863695898647,38.536788095073135,94.26828591939464,5.688780509660767,104.37355348560344,149.2750105229876,117.00271430529693,66.41210223075514,35.31628620397701,146.77231462140938,97.92999201383826,95.36220349965451,9.29267504512475,72.09477705608683,63.709250812776396,6.256821275360427,59.72621149097358,122.91044029144338,76.50985808073386,86.56394858953458,122.34985751340058,200.91875387620232,132.90482004336207,28.013088422935027,50.46600371505646,148.40818104420953,22.548643282390017,30.019450789321372,133.00805295619503,6.448356522142178,22.422016610728967,20.669646008979594,116.23942506539497,11.682816369300543,15.07256786890532,73.34316184549435,6.246753815357075,15.956386553891965,122.90130185666249,210.86365443423222,15.581156497234536,41.7255819857806,33.83416040050658,12.289485064364406,176.9178327975665,6.130419499593328,194.81211149045424,85.12194768218751,138.73926796683668,157.9182595388233,49.32873279988234,16.198824721270732,23.635583585212384,81.90386384267066,138.56602014269612,51.66946020832304,43.94636493734786,17.7644820829174,18.2603526570098,32.24378470891275,90.83916733432439,107.23157631937887,35.103852617365646,221.0145045898583,48.19224459427046,5.281576990638062,161.54889288348383,164.0844249188882,156.08779365517134
2017-05-17 10:50:00+02:00,15.443427037878402,62.5368432863279,112.02967297888542,53.82210681032875,15.824936201837936,6.195535000690912,111.8510281536971,186.24907778799516,46.11098111276987,6.1802955903580665,28.102888429475808,9.702840179454505,9.319716599053915,102.07463243199626,42.60727518807889,127.49234416632697,5.963320230131675,5.8719876616357425,37.00512160573079,35.432747528284004,126.30303521303104,28.75050976643097,6.337342243477545,27.903849678280405,18.60193810263631,180.1602673237422,12.707953037860149,24.09781851340646,152.25486488596815,41.171122686482434,12.537988842683554,78.03022385186577,68.8659855982155,18.43335406123651,5.463794661233546,64.81023492675752,18.3099777046752,9.80416203631395,58.30852505187705,87.07792408015756,57.19712425446918,21.701031629728636,79.9725433877221,9.004440994437799,29.253145220791588,5.4706688412503475,20.515869039132433,64.4063776733211,129.43475998239145,19.490392293136814,37.491358460717066,6.246727574923464,158.56252811903374,166.46946665266904,136.9813190963897,142.8291380439808,9.442630259843087,156.6529628415394,22.07589931844044,38.19247631718612,93.24426654382191,5.658134350537889,102.78125113764263,147.15713205557842,116.69342951608435,64.76141284692734,35.04475203338945,146.24773985988185,96.55614694353154,93.85364401974398,9.29856889266792,70.86685044247866,63.0110570159006,6.158759914846941,59.72361613885224,121.20721698781168,74.75101281189924,84.68341708813068,120.31842992265192,198.45140712643718,131.08299685374766,28.002559353454565,50.558719372443164,146.64845375414745,22.269614234112222,29.59898645605919,132.51380691749648,6.35297672726194,21.972878972929465,20.38803106556022,114.30846027922455,11.600644663652124,14.8746741744037,73.30136254956338,6.179921499040059,15.683224998157458,121.24788941376623,208.27456343371952,15.401732154777592,41.3417992651514,33.64282676942448,12.060572860077317,174.38194545119933,5.889106865465042,192.37617315036314,84.20948983175307,136.97863730404535,156.0303445915781,48.61761885854538,16.00891101924182,23.44483585549957,81.96894640765797,136.64281348199887,51.26877770840979,43.614954252420425,17.725524568252233,18.39296257287001,31.784062336747688,89.4518879521411,105.77230765797485,34.726663279339206,218.30105759540152,47.58767661211816,5.239093536451218,160.73440314025942,162.181916277744,155.17130344033365
2017-05-17 11:00:00+02:00,16.06042390116348,65.0908296005345,116.18909967247734,55.84408169160412,16.10695040219796,6.251147779052103,116.83954711017743,194.00920080843457,48.05821342625857,6.45555396767943,29.17314764939649,10.090367392682156,9.714347469407302,105.80973737670803,44.53621647899355,133.0888987261622,6.23073743511726,6.126390454760991,38.65305067305713,37.01865085728834,132.11800838009196,29.613552179780516,6.548651316304666,29.060226092730503,19.343432815018698,187.64836693044714,12.940739679586235,25.099073080941192,158.93014657050375,43.00556064950703,12.821977664687081,81.10302343816392,71.53815577409534,19.14649854074334,5.771608470626119,67.77363067553492,19.083921086746532,10.247882809269392,61.11373390641936,90.99175649210987,59.80716105768668,22.589805899973836,83.56671348608825,9.285676646056945,30.65958042907409,5.934706556283002,21.844487650158744,67.34567583331504,135.74677584801492,20.413478549098834,39.20862117818716,6.26241074994221,165.50077157355193,174.1593085764096,143.52930974682866,149.12360421871102,9.974566057817023,163.9581812491354,22.710956432155722,39.49604673301902,96.94451038374598,5.8893724454607375,107.35214105293574,153.99309603186046,122.09383359634103,68.2185223812753,36.56728244593254,153.1933192382016,100.90896284254181,98.0703532142229,9.729813782877656,74.04156125719467,65.40202080298172,6.352300693036171,62.34581670041557,126.61388631153156,78.67882140081299,89.11226403700654,126.21827002093498,206.9547354521881,136.3548090821799,29.269615330640807,52.79177357139723,152.58273237117317,23.219801549808285,30.78099001149607,138.549311930702,6.592813097663567,22.851325837157525,21.080415269138946,119.95995989820578,12.079809070734884,15.343135870395994,76.59700773252294,6.385685919939787,16.42666270616659,126.1052872118133,217.22006665355775,16.062722002549624,43.07502657469971,35.464223835452366,12.483725954309023,181.60613065095353,6.036398381560039,200.57459064989484,87.55655972486036,142.31844691623354,162.5481460828304,51.016434170176616,16.721521266701465,24.487922173894887,85.89127121411568,142.6413418725699,53.65345273633141,45.8618248942268,18.24921758378699,19.061824480212792,33.17363873841481,93.49016016442,110.47679186736852,36.20590296224491,227.68288698701758,49.33666403410022,5.524718482974865,168.79014144203103,168.9196371243928,162.9477178133743
2017-05-17 11:10:00+02:00,16.399135071958014,67.05974037180609,118.54414485269393,56.73460607332695,16.5982643932524,6.558463347353369,119.71271211886629,198.2601925578256,49.10447774504804,6.530386018236142,29.43962946767972,10.592897444469349,9.910897902830957,108.00804015767005,45.56280623268495,136.24200403940384,6.531544767846602,6.304407862142522,39.55882677000171,37.817228072540246,135.21156619433657,30.184735259859934,6.594479150293031,29.755103325326953,20.068857978624496,191.9513945137519,13.212367543356656,25.949432941329125,162.636999058376,43.81715969643491,13.097594470923541,82.59058843155081,72.79644864348502,19.68397615709488,5.949223068946355,68.8331710245984,19.488096777819134,10.352959649430787,62.14110206185659,92.41720902434022,61.45564792888544,22.98049182251405,85.7104882153844,9.684363425395336,31.418744012400495,5.762028491843674,22.434599867659593,69.15152945047429,138.0394447022876,20.77996508055497,40.040332805669124,6.221072634061569,169.18706635341348,177.18619903006234,146.79446619912687,152.61404844912673,10.234822316458427,166.88439246968713,23.22418135058984,40.20708260863575,98.69901254672733,6.063862899889718,110.0723891048919,156.68264419171553,125.00943383449106,69.59974056210089,37.379531852345124,156.6659350163522,102.62308812042566,100.55162489204335,9.927364456003378,75.96708310775969,66.57263301306571,6.40892126140398,63.97199790661108,129.71308877319612,80.25704592621106,90.89436534392554,128.343342233379,211.29905713110787,138.89652968483776,30.163151237057217,54.18472804119536,155.4054493086019,23.585754764454766,31.25728323750424,141.68030939067546,6.689112837713629,23.254212810993636,21.356262076014325,121.95067244665347,12.355100973219718,15.472934480692544,78.60654805914066,6.521933029438548,16.962121944498236,128.44570740996585,221.81779842211765,16.326427692570526,43.90492884504879,36.250432378204,12.767736070728631,185.78291578644462,6.109801878287914,204.84183370515748,89.11812229797603,145.1784394576282,165.5734370002742,51.87329229919615,16.99784879105028,25.02495026486335,88.16792631779332,146.0137312134183,55.20593545969845,46.88517644592631,18.6460769318728,19.760457803587403,33.83229930906526,95.83061017208249,112.35790809544157,36.844130545390726,232.4479479876067,50.12498855840262,5.6755669976836085,172.8325903773089,172.09080767564447,166.8121325228674
2017-05-17 11:20:00+02:00,16.020002339272896,67.69394714186767,118.26987329595424,56.82404852835094,15.515264450517755,6.356701657967618,121.6314498617818,199.7709097410834,49.74359994683835,6.558127098780144,29.695448408738613,11.175380022066213,10.024541121629102,107.6822233164894,46.146002272395634,138.34405299677766,6.594546243918975,6.391037725900304,40.06461109853481,38.215250815438864,136.7035943546329,30.125558240849905,6.562820701537923,30.115203023614406,20.82189928986741,193.27259420980437,13.289310073970778,26.78849703665373,165.04713863058612,44.30869009718126,12.885492672343767,83.1469302642833,73.18192842488052,20.09078705744416,6.0595301769259615,69.37290243391071,19.55831732024522,10.694589736390174,62.6963686158876,93.08901327237076,61.87774605010705,23.115606326028143,87.22404837853657,9.99090658181868,31.82464169878688,6.410228013870263,22.671127693695567,70.1951379447484,139.06622612150605,20.816726513751714,40.1344069968014,6.300207348579459,171.54148466222884,178.74672595361014,148.45421729407744,154.8877182605618,10.380394959416638,168.24576844514723,23.147945515404867,40.34653145154891,99.42957232663332,6.1390311132416695,111.85263868269556,157.92166438210333,126.40291560224712,71.44515948111216,37.37021595379149,158.26839203722943,103.45885136339055,102.158189497634,10.088275962689131,77.32527819873157,66.85387655550326,6.403031694280606,64.89361928914391,131.78666269633675,82.21353820767217,92.96459465709663,129.24025824394673,212.89673948977938,138.96662194513482,30.837245625505243,54.960168161484944,154.8673882719229,23.71841061586824,31.698000926956716,143.1880418221838,6.7236079185492255,22.958368470918934,21.658899374646364,122.72798383326406,12.201860901874813,15.657638651124769,79.78318332981765,6.56362839162382,17.2120814902175,128.3576988054059,223.56170499277627,16.312114118363144,43.8854048574424,37.04531094445554,12.868345779409934,187.0496875600532,6.02054058740565,206.3812160258711,89.70264594021975,145.0724613292935,165.21769250673222,52.36351652697094,17.13631372383266,25.16883486876778,89.00305854531413,148.24876116031186,55.58199130605662,47.825849052803115,18.858900651033217,20.264985621830185,33.802186831904066,97.44325295746256,113.27121371576212,37.404010850735474,234.3639032277408,50.18498704896327,5.774701078150893,174.8395273352897,171.7988944621841,168.69779215226617
2017-05-17 11:30:00+02:00,15.27092365708186,68.72800844813082,121.46601081119222,57.837367103027105,16.660282191622393,6.410456780055703,124.18936259183077,203.77851256487318,50.740207039850304,6.573257847782915,30.205931896799648,11.393079360369292,10.283742025198341,110.67211044120522,47.04717479966639,140.3583671064869,6.715804719885978,6.479038128971458,40.84240206531465,38.92779195516195,139.8416969815591,30.52433513555894,6.619989184681578,30.72327542275109,21.247210820079314,197.21960832682302,13.484585484086963,27.2761240833907,167.56340869540472,45.14885855371846,13.01728024629675,84.71676719752563,74.5114280418312,20.465415995641887,6.285799122773435,70.61605738018473,20.263634711153962,10.975581782882806,63.92535298404899,94.64761801901216,63.11507997902157,23.632256161133352,88.97696961135836,10.240774968064732,32.49824906982807,6.791371494520358,23.131327414498532,71.7243150472716,141.81054468175608,20.314542677801054,39.85351252973693,6.457095179495866,174.2275599620423,182.5627488234095,151.92623694773897,157.16317538736885,10.564739407438877,171.7394746357458,23.561043940010254,41.079308543867306,101.26021818815674,6.245565221153812,114.15345511524448,161.1245408874163,129.34978940900717,73.31235253208835,38.211918695752125,162.1847068301434,105.25065334986368,104.1780888312783,10.28964777752659,78.88710944104363,68.10357880201835,6.436113199795644,66.29037540226437,134.57173924307168,84.30927535940693,95.24111634647507,131.75662080419482,217.07732016542792,142.5398499614789,31.620766235194044,56.150278281974686,158.79335432693097,24.033529712464812,32.289337156316556,146.43482735672134,6.779125278999948,22.283602342302558,22.101071567393152,125.19398281435532,12.143944508956798,16.004950849659032,81.5367683709692,6.708425360828684,17.57165667152604,131.77773459611828,227.96699621080617,16.675985889077115,44.7445390010209,37.92624427209534,13.068754437718216,190.88727850529017,6.030939976294936,210.4899127141334,91.28829832619726,148.71058469558818,169.41794888506553,53.33679984932951,17.362962623164638,26.068551667174855,91.20284675424558,150.51303480553213,56.74798632516249,48.95177079364764,19.31773567169713,20.782003437452357,33.414516278694194,99.36677658877927,115.35270340869653,38.15089351865064,238.9644188392577,51.20070367408288,5.917258598514035,179.10455250148613,176.10333001744993,172.8061926049068
2017-05-17 11:40:00+02:00,14.508731066695141,66.78398940952604,118.67951319180136,56.64488271332081,16.628415149403565,6.219238738985249,121.11622414844175,198.8395783037041,49.11128017032271,6.340348270303096,29.0072999635661,11.08267884132286,9.990197962477144,108.22348939283455,45.64976495306742,137.03738738629454,6.476418323915024,6.275230111109166,39.62543180864482,37.675503191046936,134.88785413400203,29.611015681046815,6.343265239173242,29.763451390373284,20.590171146700467,192.60246531927996,12.980534651226547,26.44519954987426,163.46023034603758,43.652593911591545,12.630696578618775,82.56479172541569,72.59969643985096,19.805293777238415,6.137904008847231,68.15169611705335,19.76287557148451,10.662724913162805,61.74993989883889,91.05080314672193,61.22641647690132,22.79186056700174,86.61105540604014,9.955040907098114,31.49694752121371,6.617406896318675,22.47176385701167,69.68923460487791,137.03594622291558,19.264541294071435,37.99305500992908,6.218248419227009,169.79788860198957,176.4603037235693,145.97334088032073,153.35236937797757,9.936589560645338,166.00311656478857,22.88739994217634,39.85579551251428,98.50732259621638,6.058843833584348,111.35154183758098,155.6952515670504,124.74272895572618,71.24571543506279,37.726664760378654,156.00739544472023,101.35145077435577,101.63484827939197,9.994124475209068,76.74115348537828,66.60919652997441,6.205551701671633,64.28513302192276,131.22116041390925,81.87921688131627,92.46471070808879,127.13587732567062,211.16643865746764,139.2800703182208,30.705718642464387,54.42127563258741,154.99484645580404,22.90061437059179,31.292968136615794,141.13380425825136,6.554096393613036,21.164002782075713,21.372504306018236,120.77320849751784,12.28459671054079,15.551656832772661,79.31573175326493,6.487772907285519,17.02572952169039,128.86585619554597,221.71102026591706,16.205432453262965,44.04174758299552,36.98068671954824,12.63974426779556,186.42249233606705,5.988546425645735,204.72166001654642,88.90446265321208,145.28383524198028,165.31928342164025,51.478654618112195,16.478936838529826,25.44258041715181,87.7407943903863,146.94848318763198,55.09280821984511,47.604643058470195,18.662605387769837,20.196908871449708,31.740148519893634,96.74660874564506,111.22711021690522,37.00737463178992,232.34591421958507,50.25936575390475,5.765304173487384,172.44169603305394,171.79343424309644,166.3020378940455
2017-05-17 11:50:00+02:00,15.4798766609114,68.47142180322638,120.3122025752005,57.117594609523145,17.035751104643012,6.324100292029382,123.57621562728333,203.29545070339074,50.07724624129292,6.323958780238166,29.621293050296018,11.534063989203686,10.201935034087507,109.64225146026311,46.51277331415004,140.06150618849983,6.62765232303774,6.407286575678707,40.41235356060276,38.397244699078115,138.4181975802704,30.179386686080832,6.431294425003984,30.312657228049616,21.279693122119077,196.80554144637122,13.164940435576014,27.23281301676741,167.00001834855647,44.47726181812568,12.8502913639498,83.4167109840387,73.2877502180105,20.20323774256547,6.312538965883715,69.20124038408719,20.01201418508044,10.839826282157075,62.655888257859004,92.6840018958218,62.5027654595789,23.204842945820154,88.71317766656801,10.244402053424727,32.19183883333832,6.669303326537207,22.8379943676511,71.25150397891312,139.2726405243101,20.790345760801898,39.112190016665174,6.314371659547471,173.39705622164166,179.5484061873231,150.15763372616348,156.658050593806,10.367953338666425,168.88926128613085,23.37099788119427,40.706162363756206,99.52131760917437,6.148007075765584,113.5412601929175,158.30594523032048,128.09666512700332,72.76550008205393,38.04364953633998,160.21829053265867,103.23895998861619,103.64094261097014,10.1825848894764,78.60727255685197,67.3090988195973,6.3100819140582605,65.68487830268064,133.8202879869132,83.56756266581198,94.26888041838801,129.1600876647219,216.11418360485487,141.44040682183288,31.41584163893265,55.59638617307129,157.24305725440746,23.484810210745415,31.979977144061642,144.8074262435119,6.617349014728707,22.33360505163425,21.831928233963165,122.68434392046115,12.465625106265781,15.862084133741384,81.08251963559738,6.611378999295208,17.404609656835856,130.82412664692612,226.9069848577559,16.51795861699509,44.4250437875166,37.914005067591816,12.870700802009333,190.42697663317435,5.613852874832414,209.59856282128294,89.73951843817709,147.55366238723795,167.7467512186345,52.45847512060385,16.963922354375143,25.580171837109145,90.25994443493718,150.25652236694128,56.18917796837781,48.69255415397398,19.036925691136464,20.733430197663015,32.711526610644846,99.03816513969315,113.07444777464468,37.84336542928627,237.7229940961533,50.738651118596714,5.878619936154857,176.90288394753853,174.26790854688048,170.6520822680099
2017-05-17 12:00:00+02:00,17.294021762555907,71.3671122127214,124.72425865223624,59.60817232931957,17.55040366058605,6.558857906258207,129.9774191589126,213.03361589862453,52.08103029324508,5.306184193336316,30.702843311142903,11.888075088269701,10.692831372060919,113.57235810192631,48.39020270213511,147.3077961101075,6.882166978507821,6.6514643825862665,42.059401096606315,39.83379175747893,144.70792518640005,31.48805305989476,6.609945829392546,31.49809551749921,22.136430356821993,206.27298746028825,13.658132848390927,28.384326627851735,175.54790963858463,46.18187963637582,13.412642495621718,87.48296453299153,76.7726852416921,21.06004300513066,6.679346018188852,71.74851888924185,20.938319536884205,11.452354184243294,65.06600224649551,96.13214066791957,65.08507672261106,24.069050134931178,92.53018977376041,10.715442240842465,33.43483866748723,6.910208879359342,23.608325744044194,74.28416997031869,145.12368819449918,22.037885022061783,42.38944318049258,6.554776367643493,182.09974676609048,187.32192920196277,156.90216977686492,164.71025733594635,10.873050154628228,176.09455831751447,24.469933774286037,42.61470133994759,103.13111420063139,6.406156947221313,119.47265248144166,165.0050757379188,133.94121844055405,75.96551775782191,39.824190219727676,167.40510353339872,107.18797591165101,109.08078367594499,10.660226753172191,81.96765717579464,70.3059986907509,6.547289948634753,68.41872000067384,140.78396509240633,87.25957624057534,97.18062272618818,134.4897347390059,226.34213750398465,146.64753346379027,32.967741404897744,57.89110530279892,162.9907260240597,24.385089095812397,33.48669719255588,151.24839818336554,6.855103499777616,24.332962948100693,22.881591582854305,127.76694050739795,12.950840967603488,16.616715692401314,84.58723469902735,6.862473856553228,18.217968509390378,135.55504470255585,237.6292344450347,17.09027133794577,46.41171987278661,39.543529956305676,13.333339164947047,199.64394840616495,6.788910410351451,219.5574309896977,92.78613335325299,152.9870931107946,174.01960455254132,54.31073403486245,17.622348318871207,26.87457121419561,94.31711292024839,158.03316192763498,58.608084557746785,50.838392064728296,19.887822474860403,21.75611155823449,35.61063418987708,103.31249748039191,117.60483458045492,39.63316280115403,248.96129558033516,52.96587308243523,6.150352362347874,184.80923882087396,180.77660705288062,178.25716087863174
2017-05-17 12:10:00+02:00,17.628476709121852,71.85197411964708,127.25396045149276,60.253243943778166,18.06267536019895,6.83992050500633,131.31422507301485,215.2118100213812,52.229596166359386,6.337008603287806,30.650513581921917,11.887197707645198,10.78944452638739,116.09237412670146,48.6324452463788,148.76455187780016,6.9252468659773205,6.690351149810439,42.24735704712531,39.90868713917416,145.62070433818533,31.923510534985617,6.608884651959028,31.569315327235586,21.89473274732199,208.75663740087603,13.718218129303994,28.20148916968256,177.30623293642066,46.24432994649761,13.70086254276467,88.30966034526149,77.45870375943932,21.227557849027097,6.791368545529496,71.90337118614956,21.163796526094373,11.527167718144266,65.17987383604333,96.4111413444564,65.49681828484631,24.356643311391373,93.24673962510604,10.876454824673889,33.52211401034595,6.971898459974095,23.527823518644347,74.81319428004906,146.05191612751636,22.35160078068377,43.01765838550518,6.59822435253496,183.99888782628454,188.43982962816602,158.1185311740232,166.3529492505566,10.991690147077476,177.31986591503838,24.927800642426458,43.14936287907885,105.14827339636368,6.440380227024295,120.6640711920474,166.107256893114,134.7350862020008,76.7290142854352,40.37642486100338,168.75360708157808,107.57601034699265,110.09711957757884,10.730285799000276,82.59472532322134,71.03842695316254,6.553406095966989,68.77998395826809,142.25098476074396,88.1149331275576,99.18518582046258,135.31856688599055,228.71677978254047,149.39727558772208,33.34324712800307,58.153030294340525,166.32116743867374,24.510340090485222,33.22762095870062,152.17889629592216,6.914057297609459,24.697542334850016,22.516014952797104,128.51976969399215,13.042376702643601,16.55356665670656,85.27536090921112,6.915947117808289,18.35234046364462,138.1967774334112,240.10029330573653,17.05654404847273,46.963466938448775,39.97693253028107,13.414969385977294,202.04986278646427,6.874946877773396,221.9343389053293,94.64593463564923,156.01146330498509,177.46601957940257,54.177970215025596,17.703710682912167,27.334439295404962,95.2337953378985,159.60722406072853,58.948019027323454,51.40592659936607,20.06379232333407,22.025066553141798,36.14383709640869,104.17417436607994,118.2835010530334,39.505163313059214,251.54610855549274,53.561073439550874,6.209890660736953,186.2220718936397,184.2510765646665,179.5943115769972
2017-05-17 12:20:00+02:00,17.770164956630225,71.21748315662887,125.09362848263719,59.22582104764275,17.082880726665483,6.994238627943295,130.44673616634515,212.12331972419304,51.52882298090673,6.482457366185523,30.28480498796407,11.244305007889128,10.660803333503734,114.12381543570152,48.30148533609574,147.80095609610711,6.844569221277521,6.6017734538644675,42.01257360906752,39.24007764266227,144.10281137387292,31.665516475435545,6.535563951762359,31.43066305745879,21.161587121659334,205.61673453438388,13.557382873341625,27.41065326558655,175.54278585368536,45.51246855357402,13.610871050014698,86.91643736255534,76.0981617246545,20.988763402849397,6.718200869559903,71.54929081930406,21.142714608795345,11.07968663103145,64.92440566340511,95.8605378901073,64.9168861418292,23.970172958210682,92.50185801380043,10.811512058756499,32.98917506410481,6.860454647989657,23.652199869662045,73.98070446562464,144.61767392630333,22.053087213368407,42.963365938751124,6.454593190069103,182.0510798635559,186.56568376122826,156.4220901900119,164.6120151465171,10.944127226642534,175.77196730843568,24.744922445587367,42.85957604809713,103.97724823436228,6.426700181606565,119.805186733206,164.59305962875555,133.31988825690556,75.74014746933209,40.3232788991178,167.14211864712092,106.9242967833326,109.25527355120224,10.617472072759307,81.86781929554675,69.75711994273446,6.4396510341293665,68.00954064797253,141.3218910660652,86.96895984310822,98.16648720943004,134.4194510841858,224.9422341483017,146.94436996515236,32.90606538034754,57.46120376394741,164.24100548187744,24.31302600053751,32.70168268728828,150.47617934638325,6.809683933668054,24.723965946349853,22.09905175857534,127.73157365946477,12.940812415677152,16.218353339269175,84.39644096316059,6.818542067181241,18.152835975788957,135.8929488879445,236.2217870134581,17.147177846991994,46.797163332902606,39.4058674214569,13.228741283745576,199.1324191251709,6.853523953073876,218.74898175935456,93.39774653998298,153.72252456992555,175.28528951103607,53.93658600706884,17.601252563334686,27.38301220183697,94.35744132200526,158.5758950164434,58.42646871679047,50.72829518057815,19.983211460201915,21.70413898828056,36.137877417803224,103.26521880204629,117.69614524786253,38.964946918700285,247.57114075622,53.250909607547925,6.142278888159449,184.5617113658961,182.0199931754089,177.9777658460586
2017-05-17 12:30:00+02:00,17.610330209121933,70.06785930336667,123.80455714042431,58.62154855259391,16.920813408218883,6.7796371534307145,128.50135421302966,209.31938880657293,50.29059497747159,6.47786112994778,29.8133194573342,10.470681332654145,10.471016265273812,112.97147461169521,47.576624841129,145.5230959668677,6.668824115694023,6.522036864920714,41.387892889707885,38.193093964416036,142.11960688082348,31.068531949788884,6.425862341883376,30.971422171968122,20.338741609317655,202.72863535733353,13.078011428183913,26.512715831790622,173.07422992447272,44.40712048945742,13.312971844556849,85.8715069718829,75.2009611887988,20.657956574952202,6.626186681703962,70.56647788732216,20.822088011249186,10.871154307786576,64.09998958635238,94.47410224112124,63.86371387787361,23.448470436988416,91.07335641019351,10.679998631972913,32.04829989198583,6.762432543584378,23.4595325656463,72.46817654067279,141.67594993867294,21.871379085747556,41.57291218783685,6.368833075588899,179.44684697868885,183.25870900124963,154.35779170813075,162.35716774159883,10.744512375173608,172.19018201101454,24.280712229429955,42.16441071256048,102.83260404092687,6.315606159820031,117.94572222701699,161.15313017290288,131.51169897983647,74.69330761418266,39.75995636183706,164.9299249438129,105.38690006272289,107.49948259620419,10.468163875490037,80.57656161237175,68.86061005268304,6.3333430145001675,66.55988381268013,139.2054947422785,85.70696347010312,96.81553828838013,131.65116266135925,221.83393210297956,145.6054912635378,32.27772759615354,56.13204181719917,162.5458155188843,23.908219259618654,32.78755478243547,148.45637116603962,6.715326733233469,24.389581541323484,22.354565098939407,125.0397692438798,12.732968186101598,16.44776945764996,82.78332914138889,6.564664437280161,17.81995353982527,134.72812998142734,232.96527476460844,16.965034467535755,46.13271474137821,38.97496326696966,12.902196479775466,196.36560658548677,6.6519875540431785,215.8039093240514,92.34838497587258,152.19617342057728,173.40127562338566,53.272404421105556,17.295160169305472,27.027597255254527,92.512433336526,156.171026263961,57.492850535400684,50.11305871311792,19.48655001369811,21.27878555338254,34.81420887261164,101.62684868979524,116.0620236803476,39.0099716448118,244.08808602458362,52.50092676913041,6.109502939555326,182.1960629107308,180.00686973960273,175.65847217261017
2017-05-17 12:40:00+02:00,17.327665132598096,70.46433416432765,124.10907576074428,58.56312645651896,17.298494682605174,6.863376877776404,129.10451126646646,209.8575103009888,50.57947485304294,6.439812961664805,29.391752640514678,10.639315129676268,10.560918692446254,113.23870044855147,47.739739886555626,146.16582629715163,6.638971482581477,6.490123532958354,41.49376638303316,38.40361675867482,142.6992235844317,31.255814236052753,6.453490455488349,30.986954647320992,20.634690120693257,203.61633697513594,13.125664521231196,26.80167084585664,173.45429005180856,44.59501134451953,13.41500922615633,85.70054349001902,74.96385615357364,20.61640710241213,6.759777134683044,70.40667408598149,20.98630198848354,10.830362577720042,63.91317324242036,94.43879484536248,64.22611407017254,23.41712949400443,91.58017793316715,10.61144307041916,32.33680727975181,6.770763278007971,23.667929451259756,72.89823706504637,143.74015227954797,21.76588270792108,41.39439000647063,6.356555587616795,179.83040195818523,185.43067491423162,155.14722432867873,162.6935653915962,10.846163962458801,174.45752192810616,24.442920320686863,42.37220355517396,102.69456902494179,6.386391306928166,118.47014638752029,163.33118805245334,132.07022589872304,74.49911700662284,40.0988365150913,165.78776508380574,105.3218820914012,107.94403508427261,10.547240257722489,81.00735343282184,68.56731815978972,6.374021649319059,66.84250540753902,139.85681799738492,85.55848069782303,96.63811572067873,133.03016117248166,223.19103727580227,145.82655401316646,32.0201710355567,56.444414554413704,162.8426815738892,24.03365613004445,33.060809401129795,148.99823374825357,6.7422832363126854,24.103329601012167,22.547883663767916,126.44978514370948,12.8370437156372,16.441562639485433,83.28426207666148,6.569192900126193,17.888989993919484,134.99920888182422,234.28980742094012,17.10414378239183,46.49780095341016,38.67187664123842,12.862329312263329,197.1218355969976,6.425828999880332,216.5165138759458,92.13741198498025,152.5114160340374,173.75257620618905,53.05861722662249,17.39706419231627,27.26220074912169,92.74387074508427,156.91434733851497,57.78333707812984,49.84169631854796,19.5955779759465,20.979766731247008,34.61235622785349,102.22873272602024,116.07123121733751,39.35467910348234,245.40021236934842,52.85356273675821,6.097671434978956,183.1294372005589,180.448085724444,176.5619761935847
2017-05-17 12:50:00+02:00,17.862108058383885,72.63094661960758,126.72262255187535,58.89709846789787,18.021395503230377,7.0744613691722025,133.2065155721868,216.4155392100632,52.53096501100919,6.635475373901642,30.234859701188242,11.03265743635042,10.817900274037823,115.50750992300496,49.20959361392146,150.75502743986326,6.856684447900061,6.698256708778293,42.78366760832715,39.97819492406142,148.0825887690059,32.30852674872992,6.60480508380267,31.88378470630252,21.447037517019048,209.57882874341402,13.024244719358661,27.79100920893517,178.25514328689835,46.37587468036476,13.843051142117158,86.80278814923116,75.67876965334803,21.209335190127863,6.910751183180977,71.88218721268875,21.65740066121457,11.693948975437296,65.26433440183725,96.53567799151894,66.19739714032096,23.726257194730056,94.33486149854002,10.98486700655859,33.79240401264889,6.823293521892032,24.3988721443594,75.63781967513033,147.04470787528166,22.866367319153525,42.98250699928114,6.484359898861582,184.8186022106717,189.73312221537006,160.55987677275877,167.08639694334272,11.184039874176657,178.27224790119044,25.30902038350548,43.88261387623415,104.33975951662167,6.571328497261673,122.23991272809826,166.76001284484846,137.14889844073764,76.85103759412571,40.79635224898245,171.60695811006914,107.79931061276471,111.33650912639546,10.857751721381725,83.39494996363217,69.25344006090292,6.493490798867961,69.36022621632996,144.32599573038715,88.26134093627475,99.73197254796744,135.91035796799457,230.1793314133588,149.07152110728293,33.219434711912946,58.62890896436204,166.96044235791217,24.657594066887874,34.310159331201554,154.14676696004807,6.899798805648026,24.8479960979686,23.422391480915394,129.15334102501689,13.203521614516504,17.03070545543998,86.3591123387877,6.331138704278014,18.471170870415776,137.94003013520918,241.64974198358436,17.64115647559674,47.24397849122724,40.03120504456541,12.815177867018908,202.83015148985956,6.715332478675295,223.27816297538828,93.4335935787829,155.95821198480303,178.3196754426392,54.63291008647475,17.879379034372633,27.59473572149692,96.37052778834338,161.84781643301392,59.59627761400492,51.56122883252875,19.722143732568536,21.729780752760863,35.9678288935177,105.31052398840323,118.3691874993582,40.80485540937987,253.14005505450874,53.727327365631986,6.269652599530179,189.51658557345232,185.21031228149675,182.70199384389292
2017-05-17 13:00:00+02:00,16.220613124514234,71.09303608690067,124.7944919450887,57.751777582705245,17.520810376266013,6.8994336355089505,130.03268096470322,211.30307721935907,52.79856736167161,6.609004813429542,30.08660721407763,11.584035658817369,10.578217511991413,114.02050402152165,48.033644534026344,147.18488621279138,6.728446201104031,6.567773662205776,41.67683302563595,40.403903425215084,146.00118266256075,31.405515282167055,6.441626765746513,31.0386452739198,21.873113844238272,204.62366221899808,13.343742738114573,28.126408898058298,174.02503864920038,46.73492275907277,13.33835105595422,85.76973049091848,74.87659472322804,20.612270825270983,6.8147482308389575,70.993330648074,21.205783717878663,11.477003100461312,64.54249118617525,94.98397530794051,64.6785100872019,23.7836012503334,92.2470725905003,10.610682132711034,34.35489240492137,6.593718330140027,23.831243833160293,75.50894922979468,144.7060367207303,21.41263342011995,39.93039969723892,6.362219730944991,180.4555160784593,187.06696810507208,158.50625640842173,163.10783682287675,10.87791383162286,175.9079714124514,24.587413480417723,42.79809443414741,103.17007634355173,6.46888415393171,119.2472701217858,164.66159170695482,135.34384700881483,75.07839939323848,40.295783706074026,169.31853560530394,105.9739760018704,108.59943941292714,10.652756747329484,81.5434533833836,68.4400712934419,6.3375593466329745,69.30821664560938,140.90539219460928,86.22933943510786,97.52989088770244,133.81844710716246,224.68739045960157,146.38636344574743,32.71706506480666,58.82636909022983,164.1841736953528,23.9925455922052,33.54991903247742,152.24449224289424,6.769001580305846,23.02633906836672,22.951501425151932,127.19276632432155,12.983639365303368,16.655611950029403,86.0304100685882,6.818539812281686,18.11016160957682,135.54891826536763,235.86966134915417,17.259982450085648,46.40753298874928,39.19890297429573,13.143238802482083,197.96535941699852,6.239009046512691,217.94051238000418,92.37595805750574,153.11383337796872,175.07631573936752,53.91699041282724,17.354291709973722,27.313501982070427,95.40237515763988,158.04038416292653,58.17940947019494,50.38187928036637,19.96382288193078,21.709102783919743,33.054823521851,102.96369328170083,116.59903946105162,39.94616981922627,247.083335759133,52.7690517220631,6.1803835873262605,186.7424868072202,181.84800269865875,180.06286436667546
2017-05-17 13:10:00+02:00,17.071680083218098,72.91728342130601,128.25530753225942,59.27079993355932,17.952946202151647,7.10541146840322,133.40445611527431,217.39028438894414,53.589382700013,6.77529137083636,30.679548382494303,11.195578517745055,10.023972233783388,117.12141116175117,49.19649732167995,151.00709642807695,6.930553993107977,6.761974389616311,42.75926861482615,40.93357957463339,150.17639783850925,32.74932550360858,6.58933012033528,31.830682908414033,21.835520821111327,210.72755361384367,13.674945047633788,28.262750452192076,179.3175211075341,47.33849115040123,14.023730827813823,88.11140383450268,76.86455268227769,21.119708576048914,6.117633451051214,72.92250108804538,20.82976165522162,11.830344521905442,66.35980037134979,97.4981411910721,66.35297656458317,24.445130063322335,94.695426439925,11.164517112971842,34.75037634425514,6.720084504383585,24.56948543104329,77.03663729377861,149.0574267838474,22.657601599864773,42.769828079212516,6.527080082287193,185.92461708158748,192.66343855381686,163.21890913364442,168.0971938058829,11.157501783199512,181.21770171492278,25.7426496139301,44.44122937744924,105.9506845938819,6.6585224757017265,122.29050190996323,169.59809151742985,139.26834608111892,76.4174348377611,40.66253991419249,174.2087763833183,108.83645732083134,111.3050791759435,10.724587303095925,83.63749898272206,70.24670732227271,6.500701699153619,70.67429994263446,144.60718716204383,87.77810737530172,99.41142776736453,137.9324573339303,230.96249740096394,150.73726031467004,32.906480040038524,59.83835516674184,169.14612192823782,24.57755938654188,34.53592934169526,156.7679019098216,6.952570043164107,24.165385279837036,23.65660853852872,131.0585593774371,13.352894031286977,17.11731702929779,87.90532637358038,6.998981324323942,18.428280251287717,139.53757841551555,242.5340621115058,17.7779934828819,46.97616232462216,39.78187354056061,13.498927095439925,203.86586894170878,6.214899193926024,224.16545372463355,94.88259401090603,157.66632670659567,179.371116058529,55.24864340853394,17.762893462305357,27.312960334210167,98.17691381658662,162.22573765135667,59.70456246104163,51.272363256091225,20.548990575286336,22.587196627396338,35.66503064995423,105.65872252797186,120.00764661844548,41.09879811671039,254.08245597409268,53.502592947844406,6.380357547339527,192.01180450291565,186.3061712603777,185.28451609029622
2017-05-17 13:20:00+02:00,17.165619842496042,71.73801451919508,125.90911656967745,57.40960329228108,17.78272616395708,6.890890681813507,132.0189061365209,215.38629989818415,52.99490491919126,6.734675972713086,30.318404008409612,11.335634326553963,9.40466797854631,114.88471487152223,48.24999391515512,149.35466409764445,6.959806992999449,6.563696030218755,42.179485423593285,40.4626387984171,148.62171216153607,32.05969227739956,6.486983320965363,31.382961698171417,21.58754589218777,208.64613893822846,13.495014729402097,27.947606986389868,177.49626643935312,46.779734049216096,13.590969297814166,86.005737949406,74.8671149942954,20.913969601767864,5.568125350397738,71.84353683948525,19.38483200465039,10.743588132621355,65.40796940584367,96.11183027529117,65.17800507103726,24.056326312688007,93.4160727315318,11.076446610826157,34.36487086742977,6.824656148413601,24.21847889084634,76.34632549818721,145.7017276201475,21.431981282493282,42.20394620705555,6.397306210105066,184.06967294454566,188.8206778769411,161.3513069557851,166.42876511887388,11.008339843638083,177.5173253671865,25.157641020062638,43.58877398461872,103.72769293074775,6.589550750410378,121.04793735881334,166.04974491042083,137.87026241026575,76.63463838067001,38.977269390112156,171.4885173921348,107.15799502566128,110.18031921045399,10.65131241670102,82.48734236309,68.31983727734561,6.393192650563899,69.97323427049183,143.09006010902715,87.46072701449539,98.9407319896497,134.85943068429154,228.64140576769105,148.07525221216537,33.23705988371425,59.32780074821583,166.0900622702649,24.271068312615903,34.022472841081424,154.8974571866095,6.861415931369248,24.13354778290497,23.27632396105278,128.101399190317,13.214483938084449,16.950991780181113,87.09147669356241,6.9271907863377695,18.38068064836986,137.11517316894864,239.98750017438803,17.491241906026612,45.113067562929,40.13394831032891,13.233954581206769,201.84346091349292,6.469320623934493,222.09280378954008,92.73631854965998,154.8121880342634,176.81221491377173,54.53620629291807,17.50947142036155,25.766837464242265,97.31945688275756,160.41018292929408,58.60464452236553,51.43096678317834,20.35723283239022,22.42922232675852,35.151604658662244,104.23966951612145,118.14586567597793,40.569712524457344,251.29658335734558,51.50966534546119,6.380220757298105,189.00004957314314,183.67009662083967,182.3807007006022
2017-05-17 13:30:00+02:00,16.45898991760905,69.7595574181817,123.80737079050941,57.27343528257609,17.336123836672556,6.777839492772906,128.61206687375278,209.16809474512544,52.013316479542794,6.577714043375667,29.28874546992836,11.29937841379847,9.922452187568055,113.19839302119472,46.86366569661871,144.4961370830544,6.779906402254722,6.25790694426339,40.70030450636898,39.65634520687534,145.33736454121197,31.27529002471351,6.302063992108263,30.159779021135076,21.20767433976397,202.60929745530868,13.122674792582284,27.480995383588937,172.30143338967244,45.911837993382726,13.288732009370404,84.97856627278799,74.1539292168445,19.94169421104712,6.291953015971654,69.71161369615356,19.74541380061383,10.455131736116439,63.520372977154324,93.3005701191114,63.37627152297729,23.259396719905983,90.97543484631721,10.262824492546807,33.776187941426926,6.74451343407861,23.635219986265078,74.9074815318287,142.289365760634,20.728825681477876,41.18169386179723,6.215800542855828,178.6738467587945,184.27778253200802,157.94292618396506,161.53315782405306,10.711989661395862,173.3251554044853,24.602086730039787,42.601998464938184,102.29401614191435,6.4852263412997,117.89032083575337,162.1461217916976,134.870738421554,74.72932934224075,38.98836040173067,167.91082593545502,103.88663976480498,107.24804699738766,10.475829073760906,80.32498192595344,67.77406439211231,6.252352596550627,68.605109883291,139.36200058179665,85.4679049659654,96.62889298462161,131.3729491308269,222.3637538550631,145.25126790654366,32.36679316917953,58.22965472006143,162.84446847303272,23.59219743469361,33.05914687746137,151.63702695161493,6.702418840593817,23.190459426116593,22.58576363169895,124.76874664321555,12.959314854834789,16.55284206099485,85.41656875769525,6.764745231795471,17.99615056505756,134.60841026253146,233.39682164154755,17.077649344242182,44.9837612489709,39.00230505395672,12.768545134742773,195.99975750470577,6.173717821927777,215.65444537738537,91.55516888486372,151.8978621886494,173.93622683623778,52.92267322160592,16.991312544901014,26.032300479008775,95.38138889732573,155.3138358177651,56.974395138249776,49.989671048986615,19.863817577492156,21.190920834319325,34.24426543857097,101.54440979875581,114.6558951316888,39.50069178474104,244.39228355503766,51.198796889820706,6.238615226721855,185.1134343319862,180.66693691409702,178.4698101227973
2017-05-17 13:40:00+02:00,17.47230484191078,69.67514957873846,124.47279449291355,57.745019699249056,17.36280565535528,6.794061017540279,128.0930371389694,209.1036925706738,51.969276843582534,6.569987877847977,28.388697753685538,11.380285579518487,10.537980083771693,113.88432987817237,46.63407864947801,144.506055733467,6.786139799502947,5.549771603839233,40.442652158743414,39.940574351954105,145.631873654124,30.169720417433847,6.239584745624942,29.90142465707151,21.49976779332524,202.67906245921057,13.168788519827352,27.81553011638059,172.5293711233293,45.78457810270395,13.397474505571166,85.55163670688657,74.73791094253335,19.674957547013147,6.998367980961287,68.74194733158846,20.51305424681477,11.317061558290124,62.563596756037555,92.36709421437483,63.23098577307953,22.553154777914646,89.81695928990459,10.02781948648204,34.1238349556196,6.727764331046012,23.685470093159605,74.97031954491132,141.2606060943622,22.05899077722563,42.47508821656867,6.172844849688677,178.88591482447296,183.3422166129386,158.31834873843033,161.7160324846888,10.781300418148696,172.37712445955611,24.69594453407409,41.081203286499864,102.91209658625182,6.498365572367773,117.33462522740419,161.20641003919857,135.17131817301853,74.44243505004728,39.47299523452514,168.42927850811384,102.2135082785837,106.63639219043046,10.485707967612742,80.23169723197445,68.37330998817981,6.217162198848778,68.6081217048235,138.81102101265526,85.17324619806764,96.31097694397778,130.3420872390254,222.24223295686477,145.7572881973417,32.25147466228185,58.22262948703963,163.34603240162352,23.626930895704625,33.26571708521154,151.97148424244781,6.7174464427422,24.22880276178755,22.810088546700786,123.67427396945105,12.732368119511081,16.5805273880344,85.5251644686714,6.797357485790913,18.022138204579626,135.0935872744924,233.27797782273464,17.08230878014379,45.35904368605484,38.71008455717383,12.078667046155303,196.23908307452805,6.7013320690803235,215.56825415997628,92.11947978115668,152.43560799914394,174.4171249643143,52.07275389940035,17.019110084875138,26.741833855501753,95.42033705503373,155.33492597456146,56.77575174222093,49.693973587879526,19.95445761032284,21.103919924345675,35.47405241432654,100.38937288405081,112.93372706996145,39.759363258648605,244.27550487657842,51.531243371265255,6.255720924999104,185.6793476722427,181.1568654241756,178.99002487619418
2017-05-17 13:50:00+02:00,17.481889697587686,69.28874622360026,123.28931172050504,57.36427145572374,17.057499770720145,6.686236129886833,127.8205076385221,207.64507775223316,51.25883480696159,6.498601172422165,28.5180312326871,11.52159294370865,10.340337501640665,112.88774124505889,46.46689625924087,144.31218561644152,6.722586978490433,5.922577776321276,40.39856950465148,39.70214186734079,143.61674535909015,30.831498437122562,6.1915347110769705,30.0047016476812,21.52770419211991,201.1098208007516,12.976870711564311,27.708083661766608,171.55578075515518,45.115642733199245,13.347359534033988,84.89658926654039,74.18099414392725,20.01120908293181,6.928995925601498,68.29968756631925,20.663958414332242,11.16666929382167,62.24638025359194,91.5020529719118,62.869951647790714,22.65231079543244,90.03884011856476,10.678251440271145,33.9914206515209,6.646878329017731,23.400502025152818,74.07365345722418,140.33692918230693,21.942242757732284,42.121848393348664,6.014040989074988,177.79279607018336,181.83500601174666,156.2011584435832,160.88046333376724,10.575916191663277,171.11791696194558,24.501814471486675,41.18673871613684,102.08303114237597,6.4406974176962075,117.27156515493317,160.0335932597853,133.348962875539,72.71185633833134,39.50484883920111,166.64925655908485,101.61713153848702,106.68044519773179,10.271211620495556,79.6834960834299,67.78631661949343,5.79604259682861,67.7320369567794,138.4129038745253,83.16906359729612,94.1188310709864,129.5640217899524,220.63466165153557,144.32706271474217,31.027132354335222,57.48954135921282,161.66422262658912,23.20313986642219,32.51130191514288,149.84713479865601,6.64070010533695,24.153113505957,22.20847092673022,122.93746470808048,12.620904234703225,15.997543270506903,84.50991290273173,6.743782867681877,17.746947064150824,133.83313150782885,231.50146253325974,16.851467591917775,45.31852319205758,37.516141395468516,12.391004150448286,194.84277001331225,6.6646153619696396,214.04216154317842,91.39350590378477,150.9248595656314,171.10478200795046,51.91651761314219,16.6818808207624,26.884429239789142,94.38739864802882,154.66277752838624,56.4608598636748,48.32275063671342,19.70301546095305,21.54983687941268,35.26902655249047,100.43101321278999,112.23657085361079,38.968321740684786,242.31073035736563,51.33194206597357,6.240067151720422,183.65173232328652,177.77806117417413,177.0259371307245
2017-05-17 14:00:00+02:00,15.649938563914276,67.70710905662759,120.66316584869321,56.24122092822245,16.58178130341393,6.489117935133665,125.22354243598231,203.18284432331524,50.883139005331444,6.2517693662884275,28.365559790904076,11.792696815767508,10.123526633588497,110.43412654402391,45.25827500336302,141.25954944411956,6.640738978928258,6.272899123992985,39.53588726912915,39.40002526046163,141.15599580442094,30.226543809904165,6.027145538884466,29.368053210595203,21.60431970542491,196.68993017332502,12.668893483223895,27.709276225268447,167.78873988281822,44.82476921211739,12.978301559344708,83.20069322339161,72.68448137772712,19.600590364038766,6.849670455724008,67.26836618946575,20.290253174115346,10.420177444686281,61.37403334184278,89.79976884390037,61.35897476206807,22.61559340547382,88.14803650501767,10.542899765284082,33.89160470204408,6.4873653138485965,22.87751456856314,73.37764635896895,138.04979249676998,19.486913770307773,39.64562720134152,5.842876625322065,173.8686234558992,178.67655179602133,153.4274688049094,157.37893094315635,10.285697157061524,168.20946055335085,23.91788792464005,40.47676388987909,99.93068837773814,6.33516426038773,114.85597262638427,157.3597517696466,131.13630299218028,71.35236349582227,38.90208170898594,163.70276288711835,100.13603691923232,104.44731723487739,10.0263323525078,77.85701390483614,66.39232692074454,5.571164855177371,67.11792984276676,135.59803330420482,81.2740688126438,91.8351755282747,127.45940580973682,215.93435208695365,141.3374805266913,30.347124734450965,57.08282617438481,158.22908110693444,22.53197903746621,31.81720985602065,147.1347674299043,6.506780255799819,22.056709011137663,21.743447997423456,121.00107087733667,12.41627699247441,15.608957340400407,83.62989437906822,6.6292270725090505,17.397758562131337,131.15691299179298,226.55408671173868,16.485211256523932,44.531844752070384,36.921366725046724,12.61578484502614,190.44392576878093,6.529869650993531,209.43580136227462,89.45174079856697,147.76792191934888,167.41721319344066,51.24241353162644,16.119712116960198,26.486853753569694,92.95116926689957,151.30853925407118,55.02544355406056,47.47295319394449,19.313382968193228,21.136238725804393,32.88748972851683,98.28085319021838,110.61027876972531,38.19546268689897,237.03966101388323,50.373993978409715,6.127095774719328,180.34617765308556,173.9572846272964,173.77965668164154
2017-05-17 14:10:00+02:00,15.068629783150131,66.72709889956565,118.06484221290737,55.29614230784132,16.14964909140979,6.267189039896809,122.39438397187618,198.47454108775773,49.52235702731298,6.136007517572256,27.468510302592648,10.989955004995572,9.860035397331254,108.13828858062209,44.76844559532611,137.95509417712967,6.5050799164767925,6.109821745019253,38.636749249503644,37.91611336019802,137.3725016735184,29.307306857439137,5.829501429147361,28.73695796728563,20.544352049089184,192.28184330149807,12.387864634849334,26.5588390995332,163.94547760887266,43.505865834598225,12.55030433008161,81.53604335534452,71.28904052678473,19.267118181635123,6.74732242322219,65.23376212431322,19.789851419659108,9.502015751775323,59.59027780699494,87.0377993058259,60.48343739746592,22.08178761386364,86.43137852211828,10.455664040246907,32.595844070813364,6.0736854568800815,22.25900615741974,71.49607405484194,133.75622267059472,18.327312395693042,38.506614702389534,5.711819422820611,169.89852191091282,173.4249295656566,149.37182096199982,153.8191373442236,9.960496866243474,163.26296244039162,23.182216701809146,39.590301200844735,97.89377375757104,6.2028110336682065,112.26034007529448,152.70654836182723,127.62136218452352,70.50151406089604,38.29018455117166,159.39914664824212,97.05379821731209,102.10965334648083,9.790709123062515,76.37542537778208,65.17211703461588,5.480268300133366,65.38664785844873,132.4903938094982,80.66615754836876,90.95630225046098,123.3411541334488,211.02240042659957,138.1645760324179,30.743870319317224,55.65359031750513,154.5180141409979,21.806231054713596,31.16703634198957,143.1160742024901,6.347842906495647,21.364761394074385,21.361436463903814,117.02528921977864,12.382087181936626,15.29815449300692,81.5126784657378,6.501319146897401,16.999539091456175,128.27929317694736,221.29809460971632,15.997427879548503,43.80410820833449,37.19848401240349,12.316105555183258,186.0387432882517,6.187153503557848,204.59845727260273,87.67058820075157,144.4057306010297,164.47880629622355,49.7271457238631,15.554531365551727,25.90867015048198,90.17487459447648,147.8137328705359,54.31784738341614,47.42934992134583,18.953567505172895,20.759300919759195,31.84498296918073,96.21385688591575,107.30189959350666,37.46054591723422,231.4554442957787,49.5144357442376,6.040820633132079,175.70825355838826,170.86282863260925,169.1976568152375
2017-05-17 14:20:00+02:00,14.464523480390557,63.38679816798995,111.86263718342491,52.516368631661194,15.313671058665957,5.900788096561774,116.63173621164663,186.51064072471723,46.95182392214731,5.805383627300693,25.58759466250239,10.725628827855815,9.356580370946334,102.46031043974253,42.442180564953574,131.3866051729597,6.211506217169574,5.8585549633968945,36.791956588624984,36.452949023969815,129.56242060853086,27.721134915445354,5.4584640379958875,27.343817028059558,19.862343831972545,180.84347235005288,11.614395342388557,25.60503560703347,154.005272297834,41.16596385042642,11.769465246985607,77.12025863858726,67.35382864029525,18.341972121593635,6.436766172618767,61.33059718982459,18.85354008818733,9.828311829113897,56.02001708747222,82.07121820858933,57.43805541636612,20.754833451802206,82.07992740339805,9.978858965919136,31.452018150923905,5.703836991709984,21.09941237834363,68.05710113118788,126.93814862342634,17.994356502177354,36.5398302584831,5.324608403711099,159.49355520103495,164.4002486131843,140.87345682410358,144.35459943457295,9.502256726421914,154.797708534705,21.96324656565624,36.802790572139585,92.72254194416092,5.927831434042362,107.06804900220365,144.82001507183105,120.31412709301918,66.0587928104532,36.53141972089224,150.4442027273116,91.60177945958148,97.41728238146506,9.3091884882892,72.50851317556923,61.618120499354866,3.2294313916157025,62.12719196532556,126.23976366977718,75.44498533137836,85.15866255109403,117.01777820657951,198.38041431763122,130.84228813178376,28.516617932707444,52.868454741042335,146.38300004910644,20.742611803324237,27.681742830201983,134.894850156452,6.025154385383884,20.37039545328498,18.340018861196103,110.95545301803462,11.822685948003876,12.532416042180214,77.61458083351627,6.070690827171779,16.161904704156964,121.42660627235222,208.11371199041648,15.140069137234754,41.745475641998226,34.5464746780421,11.642051547196822,174.79277532774,6.22700741195034,192.265772926106,82.92495684436497,136.75230338577146,155.4226789592908,46.6859857942961,14.83403669262854,24.70930062910825,86.60232934788056,138.67588984406524,51.54299028418342,44.195596300200776,17.882425963451297,19.471383907551168,30.215161473785702,91.42156164286288,101.34976560336663,33.71257748825489,217.77889768590924,47.06939704635237,5.784960221735651,165.90886873668893,161.51768738733674,159.728428984229
2017-05-17 14:30:00+02:00,15.823650306885579,65.57900384664606,116.40954959984575,54.4066565566032,15.833826533601112,6.135238471323209,120.57835281620919,194.7294894481197,49.053833279206124,6.102043430774645,26.783944164287103,11.35964005040337,9.650854057735966,106.6990904394599,43.84882755219537,135.2413568356889,6.513398456003333,6.101638849767798,37.90829960679656,38.066540430143355,136.21365947065308,28.861541588428054,5.635926381790458,28.160548661769575,20.805188276707426,188.50343734994465,12.222408985579989,26.85003451724997,160.6747390297375,42.936565978724275,12.278817004969918,80.31142573966073,70.13997990496081,18.826461904943635,6.764758439402413,63.8279268645338,19.507334765671192,10.309056126338243,58.36962016082738,85.25680364733331,59.39009055562532,21.532133561517956,85.00231127588084,10.30707525615805,32.96926466892318,5.998579107631816,21.931056088275934,71.08075194888391,132.02651233814197,19.639632016516494,38.947812532564576,5.484672999745638,166.28091428317185,171.37298161888924,147.83399356136673,150.7179913062568,9.822949920511604,161.24469589975664,22.901161985509784,38.28516942574862,96.60073715712406,6.181339612971049,110.85590112010098,150.876448694236,126.6724064796614,69.49421833805386,38.00009391582391,157.75361350806736,95.09649592158482,100.84532804632337,9.597501742544507,75.07202082287891,64.1817129547141,5.2284279139948895,64.8489213952279,130.54921105045955,79.2141733541676,89.31925822851895,121.68349454660313,207.08699761285106,135.99809347457614,30.42116620811634,55.28431520841197,152.1040985141124,21.42929757361228,30.835947234750073,141.5511213146589,6.2667778764415925,21.99616042400521,21.221330818659656,115.39520205951119,12.322996812087732,15.142004019554467,81.00250990001514,6.445182553610859,16.81130897504118,126.31820824620857,217.1577254680169,15.745059546601126,43.31328670308722,36.74609847992138,12.212029410536639,182.10041422964264,6.400770134931124,200.6916671872886,86.41276188187328,142.15802320945687,161.99841756532635,48.714423944790255,15.306863578066517,25.67779131207652,89.50115460142993,144.8420935256723,53.2323899829703,46.68736906169025,18.85346340232709,20.52761596383623,32.246904842859834,94.64445112643415,105.27607769829643,37.17385231526236,227.1454601764309,48.79729647561317,6.032990533367922,173.79556710824173,168.36197364640273,167.29979843364694
2017-05-17 14:40:00+02:00,16.03901509962838,65.74247513159553,116.27760169292014,54.60831811029262,16.000482664784872,6.166190974001419,119.82799855859014,192.79739302915934,49.86434968219682,6.108692449866425,26.960251862437456,11.888104596348954,9.671235818890981,106.5322990816354,43.808016270413084,134.62793136914573,6.53439583357143,6.179225571258701,37.898719142012794,38.772258340294755,135.80491223664865,29.05928553305706,5.627819026462768,28.127256878849,21.42214917933572,186.3910199592952,12.214042161629692,27.500754224300174,158.4374229588744,43.70958206831303,12.434309465673639,79.92331984837904,69.66675190466269,18.755619950760344,6.830172293463106,64.17118132222764,19.574781758767823,10.529158718434187,58.758978231634565,85.64562196623626,59.41237920714939,21.610412363569235,85.154800922261,10.374824261993915,33.713652700485056,5.863625762791171,22.057721438872548,72.05033228711044,132.62474535380701,20.127874438978374,39.32812202726479,5.43810653270386,163.95718534114633,172.03876161985988,147.9174013918852,148.4122249540918,9.835733684035088,162.04064521671552,23.127941135706152,38.61873930716729,96.2640666590064,6.27890879249182,111.197560615546,151.5845154546119,126.23427912691803,69.03045904529218,38.351196543598505,157.8726895636747,95.57145083842951,101.05471462215299,9.502572426923587,75.15010215481321,63.676362521283934,4.2498855980821215,65.71882324263719,129.87035185933092,78.70048086636075,88.8436340809698,122.22351835058917,205.09728058529822,136.1693649161716,29.899757484794577,56.1716847995448,152.3869123433076,21.474997468186633,29.176520544897887,141.58192183329976,6.278429775001605,22.23971885319669,19.60541838592906,115.83937324297094,12.480752689078509,13.505543690775411,82.06490594784387,6.512404024580515,16.733156909302853,126.3738679095261,215.13817122983045,15.785958119984647,43.54300326544519,36.422868568435,12.331791124189238,179.93419469053956,6.334813283996635,198.71197672636933,86.03075553701885,142.37877071436608,162.41854309857254,49.01756817447415,15.303972065444565,25.870824819530608,90.70626081216739,142.496517530463,53.21549957155982,46.441857543708075,18.965021992884292,19.875602901830174,32.574260493573206,94.85393818970468,105.90225096665367,35.565533226240916,225.17673709491234,48.97999196240485,6.105107078778913,174.12700258723152,168.84547385235473,167.52566493839723
2017-05-17 14:50:00+02:00,16.055027127239363,64.29515465149883,113.07306631438175,53.28715184506332,15.527842021962718,6.012661618008449,118.19724968795924,188.62629485061422,49.19628891732793,5.984982771029229,25.443679276588625,11.983070078055677,9.42309188681448,103.64954150577266,42.752809978973225,131.89363323955658,6.406821444691407,6.092951600312464,36.872869953509586,38.046987677439255,134.65294932550984,28.276868861719826,5.442961780165772,27.387712590869995,21.139625351596713,183.05843587459657,12.017027463615939,27.17308141951041,155.91811033938222,42.98621876700943,12.134105506275354,77.97080086365908,67.97061416486838,18.345652397844837,6.7884402940379855,61.56722409330935,18.98814943189266,10.192229375062118,56.36750270683848,82.41869912266074,58.05362935944607,21.00831981411428,83.2751194188926,10.173378249988792,33.18959447669593,5.829470509358181,21.49673295422618,71.04080540062064,128.34769069205575,19.73457176712408,38.80985507324204,5.2727852802532285,161.17903505868668,166.81000837616025,146.33910624559877,146.17402069888576,9.53402149805687,157.2280220826727,22.544820465631407,37.70097127172139,93.68157395167687,6.198163691343004,108.92393016041517,147.06221843091245,125.3553909290248,66.50351344767856,37.47576318954657,155.92989286516686,92.0770040691952,99.00709088706442,9.326355556963252,73.53827399364727,61.92329073685986,4.398542166702633,64.76827398432081,127.94728796121093,75.93225221273588,85.77933406350638,118.17988687093815,200.5205260295646,132.31230821640034,28.11432324020357,55.44895230041747,147.980056846679,20.854264590632443,29.153047811660333,140.16590455083065,6.1404209559877225,22.083849331587544,19.833741413588577,111.99446611503757,12.266562844892995,13.868606836689922,80.82385653477264,6.383891629040061,16.42102899429969,122.87711391598333,210.32118499822352,15.293383281701562,42.691920747875685,34.53056234526349,12.105047541796687,176.69792165970725,6.398254725495223,194.26045650733244,83.95438805892603,138.40287013838238,156.893461362834,46.937959603308656,14.779249038966794,25.209566229206132,89.84912846937317,140.54591794186916,51.98098689856454,44.25740397453997,18.72143916440371,19.233857792895996,32.0910028193156,92.67786042890795,102.15699977622914,35.507958177476986,220.04565813106768,47.96367122700369,6.030039874329648,171.85826094465298,163.20302893810901,165.34682605064938
2017-05-17 15:00:00+02:00,14.644938750429533,60.050498985687426,105.7561250615586,49.47914747070363,14.562968285713982,5.447135128692972,110.36543321636717,177.23115313565023,44.560656700082355,5.457872646753557,23.923110615893464,10.182136223880441,8.859841534484406,96.73592054892455,39.99793133296162,123.60429980866175,5.885479719455115,5.569598934414065,34.79096256168553,34.25924356372484,125.37059785164382,25.99512497858816,4.915481409885059,25.788017389867885,18.879742384741572,171.6637751173036,10.952929697679782,24.405820294319234,146.67919690382024,38.839636150256666,10.974074404488192,73.04114284977862,63.655418839529624,17.254471691625504,6.204881754684814,57.36513785159334,17.898426944110636,9.576651803117873,52.58180429230682,76.7679345851623,54.251666781164545,19.381185400882657,78.06516514732961,9.4711997644016,29.78616204500791,5.459588135410344,19.7537920677391,65.03148619334269,119.78274526871004,18.429698948385678,35.61894961969989,4.8705716937094605,151.35397063850397,155.5074010435758,135.9791691951345,137.51110152480342,9.0486432189568,146.3568247143596,20.725243262940253,34.86782924108504,87.36533989664859,5.718674409630642,101.97731424015304,136.90925161919085,116.53972336268679,63.25306350007427,34.913605515396966,145.04689816048898,85.84976000445789,92.65814499852955,8.737905549300326,68.88698198858,58.32887737375982,4.48410407737454,59.22827924680571,119.53920291032638,71.9610909958406,81.21860045865584,110.20162678396555,188.0126847445936,123.87677714902719,27.550796452906688,50.38078564385036,138.257943636771,19.404475322647084,28.0000360394831,130.4114779372423,5.624546223625983,20.116757768932853,19.1194390158178,104.52491000382534,11.269568492689928,13.566847504719362,74.23351137178943,5.82915994276196,15.208956720050226,114.91000578415587,197.30033724731143,14.087556581335523,39.66950823945575,33.374357343473356,11.064929384900944,165.9099399284176,5.697347042209485,182.23340988784307,78.49782764425268,129.40813886422671,147.1156286332442,43.67296905385138,13.86825519351026,23.644446133197413,82.65569935458238,132.2998210103318,48.671259687849535,42.585490104491726,17.130176666929525,18.706622985572537,29.492762582687543,86.94648202560535,95.29888671073039,33.887692950689626,206.50227924187692,44.539439364287155,5.571557367122666,159.98347688261492,152.89748955500627,153.96468948627935
2017-05-17 15:10:00+02:00,16.254561086555192,63.836060893913995,113.65719399731998,52.9628803276682,15.521376636066694,5.835670994817665,118.14774698529969,189.2651862543507,48.05454989352003,5.725825255849656,25.337719912608964,10.96282493858772,9.415407555696435,104.13586465528839,42.55654572710372,132.154946854186,6.291151406125365,6.04858913539099,36.83236479708398,36.847373139349976,135.26573938186448,27.95642702396297,5.325438946092797,27.246476916714034,20.143598164668642,183.28902744440543,11.679980882372789,26.09181855230378,156.9469321470531,41.83788145103389,11.879823726071297,78.33254916573188,68.30774232897511,18.20401769057928,6.774080286232969,61.03425546118356,19.075092708705938,10.201010748239865,56.00425884485449,81.69504843006345,57.6785565455843,20.57883997877117,82.86914696556636,10.003489223808256,32.14758455209314,5.71339907818786,21.168971647672162,69.99857665857219,127.95010865608722,20.123402697081573,38.74583051110944,5.22549463313416,161.80110606746928,166.3398293687602,146.71429010013992,147.18298592426405,9.620642663762998,156.5855743054609,22.356259191601154,37.57024773172522,94.16024739427058,6.16670708000965,108.54571879621291,146.37008651053037,125.88529968573785,66.86458930285802,37.532517287328645,156.3973201080856,91.41743332584379,98.60816952432843,9.311086798621885,73.09350724055085,62.42870723091139,5.002154286680998,63.67359533100239,127.91022258044302,76.25864681725044,86.00133621983612,117.73496151201887,200.7595343058221,132.73120168524736,29.06037163471661,54.31507360379374,148.35143827781755,20.66402548711664,30.084570193657328,140.65693631491868,6.036525548481792,22.102618553617994,20.652022111536485,111.59026278783257,12.19469735340866,14.715878247584598,79.82843521815674,6.211583243011969,16.276919982078354,123.13973802927731,210.6256603105867,15.094280150437825,42.562845887268686,35.08680286757979,11.8648399507631,177.31561751826743,6.21464462971408,194.6039730282325,84.0565691501196,138.6736773526402,157.50764374832931,46.500514737632656,14.724917388680112,25.33912548739709,89.41989070751418,141.68685418548117,51.69405728992385,44.87533369898215,18.42592200599196,19.924367839931392,32.079966148272845,92.33188606594499,101.59076058000034,36.4666476686448,220.44555459171784,47.78761040890826,6.019124205506753,172.35334598093846,163.69104804689945,165.8745936119427
2017-05-17 15:20:00+02:00,15.0804000646329,60.65117127697097,107.56833979050053,50.62119973726183,14.702677324259733,5.5456886285553795,112.62961529806022,180.84795970472362,46.87533685513921,5.631444784518632,24.198976064202434,11.351001302186098,8.941483769100683,98.61348565809998,40.37878197523577,125.63218062309677,5.973810208835666,5.650609264000513,34.81044828118556,36.249337654813765,130.54389770126852,26.415983389274977,5.023985009941686,25.773045138857242,20.02914705267651,175.16516013626222,11.117197648325305,25.849470313340873,149.46995056747562,40.75137469910005,11.181179907618,74.76460695509142,65.23159110839362,17.11175378089309,6.669121204928147,58.120402865549714,18.099932965194863,9.604488251345405,53.393161179955875,77.72022249725144,54.78723350096888,19.848544097008705,78.71204056216101,9.451490115701262,31.840138006227924,5.501741021481893,20.276576785890136,68.01222236240957,121.38519892459432,18.546293752182418,36.58310087597603,4.906316726377073,154.53417193442982,157.96408127548003,141.52629088767253,140.217090217813,9.111936511649436,148.78817722001304,21.126729224250273,35.18240744016996,89.20165492486227,6.009353700674529,103.33233247811744,139.1267834646633,121.67569571277912,63.32921670471443,36.03516346498768,150.67316215275739,86.6996826324215,93.84787666448008,8.763661491346186,69.43060384632084,59.6336967797985,4.998300145758738,61.782598705423595,121.87046882031913,72.17068713063998,81.48422247668084,111.64948918300408,191.9152954803363,125.59182571260648,27.36055630898922,52.94945383161937,140.49247996687927,19.60156011483848,28.905852359612112,135.509167297275,5.795258195879343,20.639738006352946,20.027803097360263,105.71565322204226,11.827898108133844,14.26019097134901,77.38128270025672,5.942583658219149,15.360073480158068,116.52892848343865,201.20258701960313,14.403626456829139,40.77128395066299,33.220620313048606,11.183370097957251,169.2265202158134,6.0088317393803745,185.97434632640451,80.39416856551735,131.2956039989241,148.99839343474574,44.474525395654524,13.89238394770118,24.207644879227256,86.501605934428,134.92490893393358,48.967129136324274,42.46872727965814,17.745500947619714,18.8950523910331,30.05042397915643,87.65173829558603,96.34954434852693,35.176009209074635,210.46321876337944,45.67687365113141,5.9094851157886445,166.0030561645213,155.0051430241423,159.63297004841533
2017-05-17 15:30:00+02:00,14.947175621460207,60.667896304442834,107.7742774996181,50.45050472974807,14.683414597931717,5.490560276690306,112.49139934925023,180.92073415599657,47.42656437997864,5.569255749779146,24.290601345249428,11.52968427408836,8.891371245335446,98.82748518133734,40.23031762691641,125.67549445884339,5.919620535348198,5.900845581447997,34.61930824291268,36.23569110443911,131.02863437753945,26.27993913812439,4.9002901052183505,25.69127720818674,20.11467547883254,175.19396675514378,10.968668770237011,25.940841092280525,149.47286137943135,41.23499488765011,11.172450698901303,74.53007779733616,65.039414072405,17.067405593361258,6.744248259647074,57.86419314134448,17.963199117149546,9.525379383143099,53.25303034454213,77.27613781400132,54.60954581833568,19.992924482943874,78.68623707501737,9.452689979003976,31.934413936237128,5.56639596465755,20.061215833812497,68.57049182577623,121.3014668734554,18.374220998643562,36.35428493857313,4.869203162110733,154.51744802731622,157.77529531760183,142.26788415409177,140.28001098070897,9.062277228876065,148.53739071085045,21.0986044542516,35.574004940458906,89.39978383004099,6.03170733213878,103.266714829122,138.97624624858656,122.20346959522708,62.777436855168226,36.0426990966486,151.31442704372333,86.45171404617192,93.79078685906165,8.742082989498478,69.47856735276532,59.45340786412721,5.025339038504126,62.282375191049624,121.66584475488354,71.60622192521228,80.83262641818285,111.54592764291425,192.17223400755984,125.19051975944573,27.377357802183216,53.52879224934453,139.97175777508696,19.414845992787498,28.914031218416746,135.95619371762172,5.754836615152733,20.417209123081207,20.147417818342316,105.60465755478276,11.87608630048595,14.398169879331707,77.90915429112619,5.863646990728059,15.286784818099871,116.13908939246687,201.38576536748988,14.23296242848006,40.689553256251166,32.710689660344,11.332480200193471,169.19231291249105,5.960715963436966,186.21759398071615,80.09865419141119,130.8631065542121,148.49171594795877,44.351201213690885,13.734767003437037,24.167042332622728,86.96540411326555,135.0154773512141,48.80739139551295,41.92814667724559,17.67769339847908,18.89694495941439,29.788045520741015,87.55694596090164,96.13903466159202,35.24192635960459,210.5948428460506,45.558082552766,5.939476652991916,166.59909270039591,154.4570245804513,160.21205391596098
2017-05-17 15:40:00+02:00,14.670004141151278,59.488985777930715,104.35597635404372,48.73177553265841,14.288304202000985,5.309387097090386,110.30932381491718,176.8206885998098,46.07396342399431,5.387428647198883,23.06265423314612,11.099225427886728,8.58117258096681,95.7861132934253,39.39424744780562,123.48906492662941,5.884701657560966,5.642023313509672,33.69657346921419,35.03313634360043,127.35995119133491,25.25648933702061,4.719847702581027,25.029299560314954,19.323272068518747,171.34430600236436,10.5914400761572,25.030839261776144,146.42545873836787,39.95534042558937,10.715455407411675,72.00345816282325,62.796822388984744,16.608789625445258,6.600142226007303,55.586907044370946,17.360458680259498,9.204558685027386,51.19775730875394,74.30418310846399,53.48675638013114,19.0934020405965,77.17361097001356,9.206181257820399,30.9575038125839,5.637947861901132,19.48268761988586,66.9886410816782,117.24873503510722,17.905277140747554,35.35059968692516,4.577186611112198,151.0388838611694,152.39026776752448,137.27783761979381,137.50984995209805,8.780566305376809,143.78444034806427,20.326886759927458,34.321503706731676,86.62564100671355,5.897669909547768,101.19778898832148,134.49059495404012,118.76435969905998,61.8346703113094,35.089439404948806,146.03088529979436,83.08954719531535,91.99516014008319,8.485090450518294,68.26564526812787,57.38745816046777,4.769851523513748,60.75296293041488,119.19853355323211,70.61703632147899,79.55292988279477,107.70096787712772,186.5759905974226,121.53052445002159,26.82131691285195,52.23938665500045,135.9115864538336,18.72226287930685,27.62968379858063,132.17398742102716,5.581395958312653,19.892802794894724,19.106135027776457,101.9022447632598,11.594485106135824,13.57752733695398,76.0825508664016,5.714773215327024,14.95749458137436,112.70938965780968,195.53007334776112,13.798035264401864,39.509034799431234,32.304607023692036,10.913526870528516,165.31976381687218,5.832691762831043,180.72931909031595,77.38984334626058,127.05057365881298,144.489940592508,42.54497916458908,13.215020065092506,23.49581174052889,84.87823272322598,132.4712961888681,47.81619824371847,41.24459053297672,17.244672289321866,18.276632479898705,28.910514779807293,85.78757688486456,92.53382136760952,33.8912902212868,204.4948493198678,44.085587162046075,5.845325495737595,160.96675560109298,150.2796621071883,154.69768204492135
2017-05-17 15:50:00+02:00,13.701781723650521,56.359597761262734,99.0922986614702,45.87069526869387,13.614198150715268,4.9821081541624554,104.61179790480699,167.361874357802,44.06050414109016,5.142426446642692,21.565678936877063,10.908069387133168,7.928897549779637,90.7451469956576,37.422101760896396,117.04383195267897,5.615048241786915,5.392550938037805,31.911955741907583,33.68542254344283,121.79964666465483,23.918556233411206,4.403488038833555,23.72202056584284,18.747057637161525,162.1652051629891,9.826262936934537,24.239781942661626,138.59129955020805,38.187471286595844,10.229885667484076,68.04219238888189,59.32394596557734,15.817644457250601,6.157000303694609,51.98186827546777,16.288388394890184,8.718334726672307,47.946218933113286,69.54045031821998,50.53240131788229,17.94212793553605,73.07368525923027,8.75694837647128,29.932679093235393,5.291212154627864,18.213433972888968,64.20826940624525,110.01961458610336,16.733995398695413,33.39852452471245,4.203201121420306,142.78576020497724,143.55283205658003,132.05129735910015,130.16277301647037,8.32759223237271,135.0709548130553,19.33520884381581,32.26963867337519,82.03235203389254,5.663951214343351,95.98821781079592,126.28469087164844,113.64455413721623,58.346853493538354,33.289406009575536,140.37795713660762,77.86949288663753,87.2934807316836,8.036798457872003,64.63510040583567,54.18984131032503,4.371123622338416,58.15174920436911,113.03197730770627,66.71927013470992,75.22271144771207,101.03621208583853,177.13140114205538,115.34188304201348,25.202659929257305,50.076170077387175,128.93913549254344,17.561317608583057,26.44305516787926,126.4675231807232,5.286777326611318,18.64827980997034,18.39179719953722,95.51503199275015,11.088671312104426,13.03468972226954,72.83226519411821,5.35466777573897,14.176090151155538,106.95924859085638,185.61782675866178,12.877806619552867,37.331685619729335,30.42817689804079,10.301418078425224,156.39595078393452,5.559669850532253,171.6298403403395,73.18374662442525,120.57068569114324,136.7163574454629,39.77709577084843,12.373193993140294,22.202506808892764,81.15326040254182,125.41693245652851,45.1246118299404,38.88343611680598,16.269344979751395,17.457341698825037,27.190147582357028,81.23942602050246,86.78564110947444,32.49301568953374,194.09355165772368,41.533928397190564,5.6442805640962534,154.56631292305275,142.25213045786504,148.53426915971176
2017-05-17 16:00:00+02:00,13.575099833945536,55.228628614135765,96.73769829109378,44.60481460944298,13.385338373353697,4.824616142378697,102.6716684590034,164.26782886186976,42.65862833919131,4.960166233618474,21.561614059858872,10.804700107965354,7.52679274129434,88.55868425033061,36.26040608556069,114.604079379326,5.506792747323433,5.3136886773510135,31.610984840366996,33.111329513699225,119.29508737281283,23.093857084613763,4.162844615432475,23.58603599683795,18.543618444682664,159.17120328510975,9.534347126195271,23.901785521610073,135.68397847130606,36.88173183182646,9.790335923273204,66.34295812273538,57.807957980895644,15.72473644006408,5.782960949387878,51.147942173595936,15.743569715723119,8.54874122083804,47.30169197910953,68.21600393993977,49.473458000201845,18.10460062509341,71.65222696886408,8.717052125851318,29.52055198254954,5.11570559236922,17.66435270501302,62.652043309720085,107.9825892688133,16.63083026328575,32.90008315696827,4.125649264927138,140.13852825648593,140.81133165761358,129.06390263043542,127.41494822605482,8.227948414588264,132.47869902686367,18.669029747470155,30.602096641212594,80.01194626917342,5.5426163970847115,94.26099699774565,123.92180074668182,111.2247979113553,57.71632438714709,32.46494776950421,137.25601695492094,76.46162208186594,85.68844886391771,7.9127264503750645,63.3386986434702,52.78308896850156,4.222019655592901,56.61983786011701,110.9284266370801,65.18822473310387,73.53085747150196,99.18711725610369,173.37023269609017,113.22588057436343,24.702534386143167,48.65927608428826,126.570336275311,17.069523456885598,25.90534637584152,123.85658067493867,5.147348221100573,18.404403009444867,17.994986932350105,93.79397519162347,10.849624561035496,12.710958950708608,71.13173205171243,5.290435864189845,13.910030294484471,104.9390857291394,181.73809678053183,12.514048755154189,36.29379571218614,30.308559577761063,10.14331111164695,153.5179098626637,5.378714603934274,168.02336578579101,71.30239617356109,118.32109183984201,134.0353350385666,39.22459196061526,12.053459828689547,21.6178944894331,79.3217111505022,122.80260420907554,44.181247239588174,38.695098881485016,15.942071309177228,17.253196129711572,26.832061651451017,79.72198597028381,85.2391231820107,31.90448497226339,190.10003499633035,40.41796430924422,5.588355535699575,151.24381378516708,139.47906412556148,145.26029261754104
2017-05-17 16:10:00+02:00,12.59705069849632,52.23395636464361,91.26636971311191,42.15674068539153,12.601392824760216,4.4426775149346085,97.20782668862341,155.31976638402122,40.66022229145461,4.586894187097073,20.399598858711272,10.384665810896328,7.355704337983199,83.60981577530166,34.447833833676384,108.30397776203372,5.2272967456026675,5.067611570688401,29.86664389049764,31.489786710294986,113.609611890086,21.358014888689084,3.2880668226858667,22.323389042318116,17.683655801116917,150.50471891454978,8.898834679854684,22.821488917751804,128.32928836383354,35.10991212951067,8.976653910954854,62.71738161827501,54.67219006383458,14.904827286684672,5.825309313196353,47.57877511008534,15.08647378565317,8.051322050014576,44.13395258751455,63.42764716774588,46.764682620182384,17.3019092745964,67.78741385725411,8.208157112154993,28.217884579979952,4.841839565155042,16.05861831180176,59.90147683212831,100.99963431435393,15.44879608264454,30.82725879793427,3.7337185428523862,132.5696517571798,131.51458697319208,122.97646494213237,120.48104556587424,7.6857570801389175,123.63156896173973,17.285685107677924,28.450059031554126,75.59075332781144,5.242946575012573,89.35378972390066,116.13395190250347,106.02279221637491,54.819789077813354,31.083026694069694,130.68747836364196,71.24986334439463,81.27079457189484,7.483279326480645,59.933545879413494,49.85089276987139,4.164036115344789,54.01913598220579,105.00554814096508,62.02601857389194,69.83519662080779,92.67633919053482,163.96055957696532,106.71395975408127,23.699538082851884,46.502313875077796,119.26200589175355,15.851280308371571,24.682808561383656,117.82425314421153,4.820445252450732,17.053513429752435,17.23561489882662,87.5666593244846,10.297007318451154,12.200012122365848,67.88500037915958,5.045911060037455,13.13809244506512,98.85961593919896,171.8575717591484,11.10615386373083,34.679459801915165,28.900374789870355,9.645414514360253,145.16485834262988,5.103430662681476,158.87722222894007,67.30323892104595,111.46433666750866,126.74889018236406,36.45754874314959,11.133203423865153,20.78820149956819,75.61854865583439,116.29315179389823,41.77879653887134,36.84118591754142,15.137436037312035,16.21392373235149,24.995647575923073,75.46184236564709,79.5563628845832,30.40935413763454,179.7635880688587,38.4125267519454,5.39906215860035,144.06216535521438,131.8374027887626,138.34589703762694
2017-05-17 16:20:00+02:00,12.179943191833011,50.07762449945471,87.19068496621846,39.86781516140726,12.208591561189557,4.143297575871061,93.5142791901916,149.2138022212335,39.93890359002248,4.386019217679375,19.475208368956316,10.636763469625363,6.845693236373232,79.69342318528153,33.0480476393807,104.07593877324206,4.981281252386377,4.816804999621672,29.036696265520405,30.85115082749329,110.50232217957488,20.328421655345366,3.0266471061227223,21.70583813694209,17.647121931060518,144.5165171612399,8.162352588628693,22.639174958266295,123.33752147991144,34.684441162694476,8.551486916886901,59.65575957375515,51.87575513471499,14.44958063211374,5.3459313947248335,45.60197433784424,14.319344700128264,7.773203314216112,42.42606160221325,60.7808317700944,44.785536716285094,16.545088948497924,65.12277123974755,7.794600787352669,27.82017710633429,4.604632805500624,15.471511237909619,58.69403944548871,97.03985322567831,15.131018051368283,29.791478716806154,3.3104665663428623,127.3592270266828,126.13209837321995,119.2464116850811,115.7550789942045,7.412954343174205,118.48077157492887,16.53362655105022,27.54683728116099,71.92481281192318,5.050888427526622,85.92305218624925,111.2802114418593,103.07179270946772,52.82767166053357,29.786318858937538,126.70762823637247,68.32481583285782,78.14731586685441,7.31693585649496,57.53646845527225,47.26101176677457,3.963900367633265,52.93637414308191,101.08914679340455,59.408782649769435,67.01331546307306,89.02055392462992,157.1206988320857,102.24530763729962,22.787277705283365,45.626330113075056,114.24669047121117,15.183857128715939,23.746305736459746,114.50247972740249,4.604253201369002,16.385647005382662,16.498546484087978,84.09633824759607,9.89392557784651,11.70241504064144,66.40170739327208,4.731214504260247,12.681688468984554,94.580425231477,164.80363960973824,10.590559901788348,33.07183689629713,27.8384551405258,9.074856128160146,139.56607454329927,4.749291728725274,152.24597996123728,64.04014581317418,106.72266093077702,121.56117632594317,34.94564274633666,10.647254373252345,19.893315955265997,73.70465495654855,111.81196580988748,40.00388988049161,35.543094920568784,14.243536191187623,15.459032337795387,24.11114642411928,72.59395796926707,76.34156408774838,29.369956112173828,172.22196508853324,36.3816167611636,5.245627843842514,139.8225101458966,126.45071308377611,134.28951144960791
2017-05-17 16:30:00+02:00,12.409287446143518,49.568834004866986,85.21613225936197,39.033252761941824,11.931511037470303,4.021087487923538,92.50653977837064,146.76059872087546,38.77993680973228,4.2037469126769,19.135957038480967,10.537916668600783,6.824814201848901,77.93058826430843,32.61179094231071,102.71231565138159,4.823818392399545,4.722948851759967,28.52688629426721,30.28009830347497,107.85077967218774,19.613484730963044,2.7970436581249736,21.273489847167173,17.408568677766215,142.04152370129378,8.146638634859523,22.316515169982473,121.24494070100722,33.34120471467141,8.227289400228168,58.45888528245516,50.88919072356708,14.095900045285564,5.444512224625228,44.45274246535943,14.183228758634625,7.621267831651417,41.4834388155273,59.205400936111644,44.280831391122035,16.318416937187504,64.33173441746074,7.488248766199831,27.487582557946137,4.467962643564373,14.996919457889375,57.383254724198466,94.59095460265242,15.157519776633821,29.670015129620936,3.175150712621422,125.13434703249169,123.26730660054952,116.30433614072014,113.82932614440344,7.420078087103378,115.78769941010303,16.006088102550166,25.91530582715359,70.36137986556564,5.007784088456634,85.0272064540465,108.8095854335804,100.5108781922726,51.60064694104894,29.498531705073965,123.66457302844947,66.6147270361506,77.4031188007716,7.201547984461626,56.88228865323195,46.23271909286324,3.6620216032082147,51.611283180867474,99.89863024704458,58.194448049659954,65.61182059477227,86.76884091938484,154.2184641365418,99.9274114330158,22.208935006527746,44.43221939998386,111.73625708065806,14.757125611667737,23.120024373364092,111.69840805434978,4.47656295539771,16.404702685723624,15.931506621975275,81.96842963959456,9.753003021980138,11.202094375250006,64.93100337384749,4.721921686096704,12.385403846436349,92.41721491593292,161.76106705740048,10.211416753821593,32.64726426120787,27.151346989472223,8.938555312899718,137.063204979478,4.816502567063653,149.4656679630092,62.66102424888476,104.32198334184753,118.9826732906121,34.13090592158625,10.360381056180257,19.746118622565728,71.74935886889357,110.1257946420678,39.563918820491175,34.74814024046581,14.219903660297131,14.9365056860206,24.06131434073748,71.67642323835051,74.45762676923886,28.763240112690667,169.16488815227012,35.82110728382826,5.20034059252451,136.6560306840616,123.79715855514803,131.12464138764977
2017-05-17 16:40:00+02:00,11.795642697683299,47.27109024626211,80.24565420223038,36.12467721998974,11.339631466136629,3.712324783877924,88.38524602249537,139.2393586888663,37.26231751359321,3.973695263844351,17.809818374783145,10.246134743221248,6.780971625198978,73.18649662000259,31.115948619036203,98.07694851578209,4.54294320988484,4.507054150576,27.282053413803553,28.913412896230128,103.75708814081017,18.510778427349738,2.499770736275769,20.270163933227643,16.78855393154339,134.94115741748502,7.498376777600546,21.446817279464966,115.25042646433596,32.06074100821796,7.815525150851286,54.61977289240673,47.39736613903725,13.389684124300558,5.4974251017403395,41.61795535373894,13.856932235562274,7.308639384831821,38.982913458403324,55.48961337828404,42.140949353033776,15.493404538536213,61.44572260125577,6.952378569760496,26.406594633168627,4.227034718571343,14.112928389542656,55.28573784856998,89.13735825433838,14.56997205942773,28.118168215082445,3.0432653553853943,118.77434679137795,116.28710014882411,112.65810223025976,108.12271130313167,7.149401939716675,109.16986437608244,15.251055783021755,24.757559187577975,65.99718415201326,4.7127682300733875,81.30001805923312,102.4986188538608,96.68792106783697,49.07740606714429,27.92376235017691,119.74400803261582,62.63475225944184,74.02442842175876,6.908890434055366,54.32837417402915,43.03161291788244,3.46272065232551,49.676649395159714,95.47939084954231,55.332579410376916,62.490952337836895,81.71946231501046,147.01657127047082,94.25126825048855,21.134143552302486,42.7479725541607,105.47113504142824,13.875470076135727,22.00538977921662,107.33707267099972,4.207708806013606,15.437496874781464,15.04521949125446,77.18813258612421,8.677082652030183,10.568166536686533,62.47705925129722,4.478799595293807,11.764989271468396,87.06507668907261,154.29214805323534,9.56229413544756,30.69430139177742,25.771744465259022,8.465020188637935,130.11086135867777,4.502117932646066,142.5304017844658,58.59278926824481,98.37435755186851,112.50199067166626,31.921868222524154,9.742913571154059,19.248762373485157,69.20077501381866,105.22557350434876,37.66150772601614,33.086797492726895,13.362039639934457,14.063310236346146,22.767279634682513,68.49573024978957,70.078970692663,27.48909020409258,161.47735659490115,33.73690690010744,5.049047628765859,132.23802030169097,117.10429984623399,126.9114885378448
2017-05-17 16:50:00+02:00,11.224538871783631,46.40902627947295,77.5944261221119,35.20642772206783,10.859319594759171,3.4835880654044256,86.2662221779576,135.2823488816745,35.41451158014797,3.795980124444389,17.054667678142103,9.899709950533934,6.701589269413313,70.63085016371743,30.583678429009346,95.44909987490148,4.341103969900738,4.268653707149209,26.50260722381707,27.35651234214311,99.73632419025775,17.220545287644914,2.3192778358452153,19.67618028804556,16.08136731150747,131.0802592766717,7.076644807289843,20.608882185760088,112.35311890827187,30.281021536775874,7.130975866733001,52.79828615508245,45.803711342230336,12.975953962086265,5.4069865936917,39.691351641602864,13.535271123300834,7.1383201833331995,37.31698570389827,52.95091939315279,41.46322544733946,14.880868805002489,60.1779421864736,6.5943516575873815,25.113557917486318,3.9629403510480445,13.490709221518477,53.0483784483942,85.21677929102634,14.154320926017421,27.075584741560952,2.763598928103251,115.65770570482563,111.48839955538985,108.49646930132842,105.40580390766301,6.974154337781681,104.63975247256576,14.25638559779642,23.165521376826366,63.71703177784342,4.6783795191831965,79.39210857728516,98.08065265577076,92.83270069968388,46.89749084631812,27.433975334854544,115.36678837142871,59.91029763492245,72.40749903893473,6.742942242111777,53.27634203214525,41.70262633689565,3.241802675695377,47.557781773773854,93.19097259809715,53.42832768492539,60.47833846642937,78.16660318396215,142.73895179429317,91.19444566440087,20.04470519970454,40.79591025468458,101.74256424266395,13.260932081418245,20.859454297338196,103.07748708590985,3.9564875157011024,14.694435426298035,14.063847433134722,73.87265629368896,8.7909796771584,9.981271409621998,59.978862469268456,4.25037386524156,11.368773797759332,84.21887502837386,149.82798549914446,9.16484176798162,29.946469135530545,24.466335013494557,7.985847859289306,126.50968491344459,4.207615034895352,138.54999040388182,56.593474917641686,95.11362787992226,108.49141083140728,30.54383307194431,9.348415256637802,18.643982031342183,66.64325532756222,102.387544499212,37.18967663368172,31.569048836315133,12.8651303687978,13.248194003404157,21.860002544171707,67.08037935550773,66.93229177558574,26.193371920580844,156.84581219215485,32.709291223769625,4.876644900352858,127.48084323050406,112.85837528651552,122.3343894645016
2017-05-17 17:00:00+02:00,9.965231524590385,43.48367282356114,69.97417745618874,31.832065034444717,9.98519814595921,3.0384608755147053,80.40252793581921,124.84283455026208,33.42772770954219,3.412172161213313,15.468622432365176,9.214575590082227,6.3695454649486045,63.41911156053992,28.897294303156624,88.84453905043243,3.957943251154898,3.8292122052986404,25.048456502209675,25.611624665732723,93.64289755513676,15.277485875284935,2.0854647736418443,18.71116062042657,15.341908043408612,121.05772409565594,6.190811234233438,19.427206991684358,103.87178486102803,28.757197392777144,6.196633950858914,47.038586837037364,40.514809060720545,12.434274720362623,5.037402236286475,36.29497133702168,12.72761659797253,6.659464804330248,34.27180074868377,48.28899963241628,38.928427904356674,13.650195733248308,56.405213301578115,6.280297635953415,23.72908915062523,3.4987564104425273,12.39136118297658,50.016801743999515,77.78518369025453,13.228077639312746,24.472416799964552,2.376667849899744,106.7668550356494,102.07993367494599,101.60970837211698,97.3460640305582,6.505685146726657,95.63798273410723,12.7260361466388,21.325369517755536,56.99533609962638,4.288829566138984,73.9974797805338,89.36714455685387,87.14299866807734,42.950470272385175,25.713522115764846,108.01728469436168,54.82193059002468,67.54339504185987,6.383246158682421,49.92704930787379,36.90571626580936,2.859240563804405,44.88483298749231,86.93331174372838,49.209743248660686,55.868493943356825,71.46142411758146,131.31999449777808,82.79087434656894,18.03244419574924,38.497391835012934,92.67651986461549,11.994916417277082,19.397877259252454,96.55101187155354,3.5499052603113035,12.968368428343439,13.080274616923642,67.70219320464844,8.211583807401215,9.060431219689058,56.45752203019426,3.8665996798335085,10.578546695759407,76.38846570898895,137.99172578730682,8.46870185386514,27.92956576954332,22.23427898080209,7.17371173949702,116.74666866559866,3.4243869104124935,127.7001474280314,50.44842366587904,86.27186479385878,99.22345414483829,27.85883521500927,8.518894748983382,17.502535148469224,62.784999627583495,95.32225526893666,35.045782252736394,28.878227087569776,11.582650890599023,11.440773323115419,19.740473739172725,62.91673478687152,61.30714579682399,24.362080305142943,144.5722462409682,30.304992540793798,4.485736629080077,119.22146693333649,103.19615568460121,114.54065202718651
2017-05-17 17:10:00+02:00,9.62010563031946,41.30904766633001,65.25708809712054,29.564053846013138,9.271869247549553,2.6430275155188054,76.5475360631728,117.58494153977861,31.249333024353355,3.0283604452200485,14.063534975366244,8.786572110154987,6.052024626401921,59.128362187321684,27.432858585403363,84.27467535039351,3.6758440324618737,3.5500951310383173,23.67081507645896,24.17796758362507,87.91878981987168,13.559663621169868,1.8153633766324178,17.600974012341716,14.589850433266191,114.20859227743645,5.4159807285361685,18.466714638863824,98.52992789583395,26.93601489039528,5.4606812112955305,43.96815097868377,37.83077665777939,11.714652019570718,4.768890408979002,33.18509649443212,12.029614583228652,6.078367049814045,31.570452014411426,44.12083688441042,37.004773341874575,12.695538687018285,53.52191924807636,5.815715801283879,22.67033461472707,3.2136966048943485,11.42714130039397,47.192019652883076,71.93664196049505,12.339541822592135,23.17914473197753,2.0154286260386627,101.02457081222045,94.5638989055121,95.36207215784265,92.31628451248291,6.112231368965197,88.55827885451627,11.511304290101432,19.07142928274829,53.06137258017776,3.9869492077176125,70.46838529937584,82.54317427555887,81.76105698802904,40.30339467207162,24.15835188073161,101.40643805781085,50.3641442001389,64.42719651201004,6.0453363734557115,47.49850720248943,34.48201825601331,2.3569430650836782,42.25378807239302,82.74565781479866,46.389996664705876,52.65163992283954,65.85278016820476,123.62126177631913,77.45857226349139,16.993126405496145,36.152805691549595,86.78784138435896,10.936158573777687,17.82028168352097,90.49433888805058,3.2074189255550127,12.24354564070245,11.760802326667998,62.30787581213465,7.589577981201595,8.041744805683145,53.23503406662047,3.6033374857580935,9.928238522964554,71.34690431302826,129.96080287666905,7.809655656826229,25.958488627894933,20.899832679234063,6.615132988634024,110.29482449490955,3.4082559083024657,120.10383325819132,46.99382888287488,80.57384346403168,92.94392837502743,25.489635877427958,7.780297282146072,16.569180322351215,59.2082592701279,90.21376066866637,33.473070408765444,27.168916247177076,10.607207744610077,10.79690431787524,18.663389036775875,59.71909451101379,56.39369206297174,22.55499086934086,136.11904878865892,27.97277189538979,4.211925137007295,111.87627243861556,96.5876871756828,107.55128357765187
2017-05-17 17:20:00+02:00,8.47813714976008,37.15043476151536,56.484028925656105,25.28907247917274,8.208503487449095,2.15519701348072,69.29620280161882,104.91044808029311,27.720952121629956,2.599816318282101,12.404995094565372,7.628799751727828,5.424798386151675,51.450369570756436,24.921442869813347,76.18719789525117,3.131379208780734,3.0464493018128738,21.73988228504749,21.10853362382651,78.55155043158398,11.682679552555806,1.4713157824372336,16.100259843403016,12.955520370454884,101.91936041557183,4.8265771763647285,16.329416139214537,88.3437579336858,23.664128263801835,4.659450569987502,37.891485011553634,32.29478697700298,10.806125929613264,4.058384293455726,29.259805817751893,10.902541607388903,5.685382107220474,28.04153615059245,38.837505808153495,33.411774770595066,11.242934775088758,48.33093166430642,5.331749044741945,20.02357777925548,2.6949438917826085,10.018864555258633,42.15625956933212,63.54224682618954,11.235919248490733,20.36184633085667,1.5246540223846523,90.41193272309039,83.9268520186521,84.92406520686293,82.63698528673123,5.644555635583112,78.52125001056056,10.069852144825674,16.854409888621003,45.91029070884736,3.4823204567747457,63.760873042969955,72.98473528837015,72.93002265825248,32.74635621200027,21.589814242216804,90.4712614602808,44.573803019051866,58.31933232302029,5.541010627989036,42.832951451043684,29.47277199667317,1.7824359613403344,37.71589003841369,75.01072020250248,38.15753306667537,43.9096471013828,58.085875471834335,109.92168030446285,67.52864249961165,12.371480678066622,32.10324271782603,75.8058095734152,9.578591273214089,15.611803595011372,80.66691512936985,2.7078486109292985,10.585538607313312,9.980646658115425,55.09336254886975,6.596291594903174,6.776213766822489,47.61421702822979,3.1551132334462912,8.846340899972049,62.055705727179976,115.70654200927216,6.893326979530759,23.00713560239074,15.696883846750568,5.698715011551666,98.61589495211484,2.991554763653269,106.87415830476957,40.48804629958715,70.13538059483072,78.36755396272041,22.422476610021302,6.934051130005782,14.99390483060019,53.092208243287544,81.42657017775564,30.43378408906013,21.294104050256205,9.447526162373395,9.530326695007304,16.41319586006601,54.02053947274634,49.99424556126854,19.83983605261915,121.3695978943659,24.531140295128804,3.6146315659668042,99.75084798539255,81.50458330401996,96.03955285867927
2017-05-17 17:30:00+02:00,8.388338078777718,35.20483576053332,54.8906745557721,23.62924040015288,7.77530533930004,1.9194742740711894,66.82248211313205,100.01658732637706,26.654006448194522,2.316682749831471,11.539406473277996,7.596066832351404,5.240094887336533,49.57042767619258,24.284333971889975,73.3341995181075,2.9064137663766862,2.7921972111129243,21.13676932776305,20.670329560310783,75.04524158120701,10.85144927554641,1.178508729651028,15.543825358399788,12.847041107506236,97.21281658199874,4.376514636180102,16.067577109915955,85.0550023676416,22.655112351454004,4.236487261514667,36.61632319085918,31.16618966397854,10.400855691965102,3.8186164705001935,26.431216950900684,10.713718732039702,5.627107103441107,26.316011277415086,35.414526893350626,31.63568664184811,10.585174866382625,46.21265079581154,5.01167471326896,19.631713995826434,2.458499909336142,9.4307076991588,40.731142754106145,58.28701009712036,11.240723681362661,19.695226365267203,1.277835476966298,86.87477232750821,77.05129284343013,81.17154726432808,79.41212384045174,5.5099988896486725,72.57792764370949,9.52714534192905,15.475636364644702,44.15506588092656,3.312113347877709,61.34635345013327,67.17055255271399,69.57240089355236,30.777714167595793,20.718614699084934,86.71830474741179,41.01383312920496,56.0241020198274,5.426631364645831,40.81769048751083,28.33624216109825,1.420193859759655,36.42512639596753,72.42053302136439,36.165208218238206,41.741151529760984,53.956399888067416,103.75703575292417,65.80542970788585,11.278527738976118,30.92638778737665,73.77389273662516,8.993136462726095,14.014208534815165,76.90149255657259,2.4760665194304976,10.235937666410717,8.461984705703228,51.089091415038666,6.209018079523836,5.453572606453524,46.04725999819872,2.904364821231195,8.50753096625478,60.43176053333226,109.38976141250427,6.521710299595022,21.73845631877619,14.58055458991577,5.173867066840797,94.64022250670826,2.8396539164865287,101.84611516467524,38.930694829199375,68.1977120635046,74.95228938291292,20.967931815481545,6.596640004609725,14.51049190173664,51.487232903918866,78.33764489860484,29.734270693626165,19.977398851050566,8.88624685538656,9.729207127512325,15.887531827189584,51.762411279638265,46.057887107905714,18.09679229685576,114.9064083400798,23.014051966073477,3.6499898903825816,95.63321321076621,77.8745381107029,92.09435576779367
2017-05-17 17:40:00+02:00,8.109459608111816,33.50928340607483,53.64179596022617,22.6258746198372,7.390280036118201,1.726953704946459,64.77688921177077,97.4515657027304,25.723585363862078,2.1422986239424917,10.633775381196886,7.349454994231514,4.6831667887061466,48.38564668700245,23.449845537884535,71.28512748630558,2.675980458444747,2.5372407719475825,20.465824776625503,19.99171402296903,72.71373159244645,9.986292306755379,0.9583687796910959,14.964189691815873,12.615182761182883,94.93122716205947,3.7755009520042253,15.656993400552516,83.08133510432003,21.941788099970978,3.842611489566514,35.84786140319761,30.396913638431716,9.933424762610525,3.1372488584643796,24.469445172953925,10.163003751546631,5.642741250059023,25.041710091319253,33.03307052070133,30.039198916942766,9.926975866487437,44.37152687697116,4.990748833263718,19.112222323072984,2.1919712421760438,9.011957873230616,39.54996110796892,56.42336651973212,11.177062310840759,19.01825433206128,1.1402770868377672,84.65829081265956,75.05271430981591,78.46142771233016,77.45793311759941,5.482856599834152,69.94709523170161,8.964895197400907,14.726859408477038,43.03853871773892,3.1285201191862235,59.30380712264013,64.55922768106504,67.3213607041998,33.80407476397026,19.74281295186133,84.01195052400458,38.549035652797045,54.022688893214834,4.979623163208586,39.06986659360574,27.97407576373071,1.180571219429803,35.35191574387539,70.37116887307224,39.17383133674687,44.783505313122355,51.291210460060434,101.61236079029283,64.44385365901734,15.22608372087777,29.867011011206706,72.21724895457196,8.583200659174556,13.968855501095856,74.36818213918684,2.262336387300363,9.73520722067992,8.516682520188521,48.63469998906476,5.829218997129485,5.668926211433399,44.82997465189382,2.598368999248593,7.814372155423342,59.19497434062002,107.206741387577,6.294695131555626,20.63540738188283,18.294033326679813,4.602990252705563,92.04094217618255,2.6251443680121724,98.99176620753116,37.98808719371563,66.64728207663433,77.06246695140196,19.641559568716417,6.395559490468212,13.915321048292434,49.424169499880136,76.15741350210938,28.85033246551129,23.79946805173675,8.136623033877926,10.368538721983613,15.380347758446975,49.881449912824465,43.575881182407606,17.90598909061017,112.6759312896189,21.770849159659996,3.505211923546607,92.74210722771252,79.77254290023345,89.28877930266654
2017-05-17 17:50:00+02:00,7.476692898013422,32.070673596800795,50.526653645013155,21.408898990431027,6.457713333599401,1.4094046641401525,62.205706649933845,91.99235043395585,23.59672833492924,1.777680269313323,9.547204729907614,6.8175184084958085,5.131149057990856,45.550176463136296,22.524274293255672,68.23408825662533,2.3042799792043005,2.279028303980196,19.797463451265248,18.499287381497762,67.23111800353274,9.068268394708072,0.7090996829236428,14.632184203683094,11.892477713449303,89.82633430300716,2.9929602161973636,14.657229227274001,79.62806759829768,20.232544331263853,3.130995809786463,34.12768019766061,28.906490277027842,9.86563730141947,3.548835450721314,22.567527535683602,10.46454765738364,5.506897248127163,22.95284726964978,30.51899016066082,28.99931622084779,9.069747805775961,42.70786974209073,4.71740074331255,17.81657885161067,1.8922347521384837,8.27909140680729,36.69435696603618,52.23517182634261,10.724409912786747,17.614754649540004,0.9283177307491514,80.92287994307978,68.25395323258773,72.48840463772177,74.23080777768078,5.4265602744054835,64.371276913927,8.132650654354556,13.681816703875072,40.69083594962748,2.788125588616742,56.963711141080864,59.193634311168466,62.140106425139116,32.582180002428,19.08819325472943,77.87605482608231,35.85991551643228,51.86588650662465,5.233011795233959,37.4361902262072,26.684892174359387,0.9954100377327576,32.73684941272288,67.55018503626552,37.720938978061305,43.019362906490535,47.38527668876261,95.55499903355611,60.74433804553839,14.947430628212132,27.44902803192052,67.91114192199105,7.965412898138395,12.074621519839171,68.61008729476384,1.9262076720160954,8.834827113955681,6.965720940235025,45.12360163484156,5.1605567531235,4.405467761191683,41.7633055542864,2.2484293103169866,7.71215866642099,55.879965973098045,100.91957849998983,5.874706983281445,19.778592646939465,17.72803784613076,4.002823305004362,87.37996086411435,2.3014990579026806,93.26993526360029,35.901393115396786,62.61706998604859,72.83598847688403,17.82455263450392,6.079794944046468,13.928017886919127,46.444433860710824,73.11904857850294,27.728721164048213,22.97926920828906,6.959241003637587,10.027575160630594,14.264575778987249,47.977275490767845,40.60461730166197,15.703166333820754,106.08690591136094,20.706271264619293,3.224194745944668,86.08040201023924,75.21631269441174,82.85354420685059
2017-05-17 18:00:00+02:00,6.861613759513387,30.21226488813565,46.579877607074636,19.288920306206016,5.921103333346201,1.124169769647533,58.622673854158336,85.89653080236057,21.272666085818788,1.4757661492837177,8.436176562875854,6.1343096796864565,4.994636536323639,41.94368052989114,20.669280357911365,64.27236911131897,1.937165343284644,1.9623462333449562,18.339182238802415,16.716641022621246,62.990149027742916,7.994170401630433,0.7031307692527908,13.401674004366754,10.941874712480129,84.08850430459432,2.562238352140063,13.365318660677406,74.96127117070267,18.037609475836355,2.524170490425625,31.22016288994717,26.179003148421465,9.015796837906393,3.361915843692321,21.224637052493954,10.011569186952947,5.24517964538774,20.910925429554613,28.175746602002615,27.407827097015346,8.12612982911547,40.26590619988566,4.46773329796171,16.189643632331023,1.5804730908681994,7.57684920386674,33.49264635724097,48.69046732946052,10.282810978404688,16.01918276532617,0.5207200607487825,76.03699212989291,64.2778920761832,67.64290493784964,69.81832490727294,4.863990374358005,59.95611753366968,7.3471987815072195,12.26487685830587,37.232984047581475,2.464880399128738,53.60573241821346,54.88996154547239,58.20231671025555,30.413795050174198,17.796318964601042,72.69728245399759,33.23299572671411,48.741328507645584,4.692482171613516,35.314510136499,24.343889495279335,0.754275663764779,29.80817962563117,63.76124711816041,35.16191688325289,40.15906195217273,44.11658668335919,88.82413093933219,56.23838862858847,14.66701499735471,24.789315494049553,62.7631794858341,6.957372089232557,11.736468498726815,64.08246017084755,1.62813207178161,7.95665679325738,6.850017512882792,42.13281739638384,4.558680112309015,4.598070091191856,38.34955422300255,1.8541194679490118,6.790480091005301,51.66109178672079,93.88977464604781,5.520325519888007,18.24651844359062,17.117418568884865,3.3124588201262317,81.9572572494166,1.8513655710081722,86.8875709435703,32.6936470102076,57.79352001994844,67.88534627659405,16.011556519978345,5.432392050009836,13.238094903354138,43.145211023806695,68.94115789724668,25.632268461853037,22.044968911213907,6.2011034403430045,9.563686302219647,13.03000277937537,45.271154945383884,37.796931535882955,15.057864451211092,98.77786835577675,18.761382222280062,2.889699485869452,80.29920081565731,69.9268910868717,77.32084038828361
2017-05-17 18:10:00+02:00,6.3820450772532675,28.238660429446156,41.840864183717215,17.119590480196454,5.214199101527505,0.8722128654043794,54.93344529211711,79.28560759142603,18.375456616120328,1.264997413759104,7.471280824744053,5.4374503989225405,4.670149678499275,37.600500594447226,19.451432972185927,60.14246870372597,1.5968155364238648,1.5327599253077393,17.561027966386103,14.945959512842908,56.97737351614951,7.015102229619193,0.5400130195492509,12.922188123943998,9.83734219607296,77.76011557383443,2.12012334816642,11.946110991192711,69.7799518337851,15.595616549623664,1.9372135089378226,27.584309845983935,22.868393787498846,8.835102403543374,3.009394757432056,19.273590485780215,9.436677761098593,4.88629441342901,18.91012973331766,25.75695761904719,25.736934989684112,7.2103578421966645,37.762104796828226,4.478646344429878,14.479539112199541,1.2817777926135725,6.901487999378792,29.53097325772312,44.79094552968177,9.641852930055352,14.642417499393535,0.4396633998610232,70.5596341544579,59.39232096580801,61.06380199007631,64.98417709469221,4.746489923862671,55.027355522830575,6.481109388051083,10.63201041687762,33.18583456542606,2.1302424246609624,50.206183847910445,50.200503434538625,52.483747221626174,28.04879969178114,16.17663968408839,65.85118545183624,30.387797128059507,45.67355132672977,4.5677507486788205,33.04000094177987,21.785712963608795,0.738785213619687,26.188548721646054,59.72105258941015,32.32666032164791,37.06708963129355,40.53354800676481,81.57841988982916,50.74202785158555,13.915484409788833,21.560113114171156,56.659337856387424,6.4843802883030115,10.74865677744723,57.8286731288248,1.2935613078788135,7.264044385307268,6.1892464374338925,38.884092161926326,3.8699965489803407,4.388773650261191,34.09227908242094,1.7307200523139725,6.313511192363917,46.535322596064546,86.21649686767039,5.171422777644883,16.354703718923965,15.947536437922954,2.791192512636504,75.77177674449534,1.6448571447564935,80.0223115042023,28.84849165293712,51.99886150546338,61.423915124193925,14.370603560326034,5.2300896982314296,12.307563887059402,38.7029004562136,64.38027715870504,24.137931733127637,20.455774986667517,5.4100741278084525,9.186189276274344,11.994420352232488,42.409567346808295,34.664019733802384,13.785169164181976,90.73767874037615,16.793466186317158,2.594943666814967,72.7633892019757,63.13612337451083,70.11561272215904
2017-05-17 18:20:00+02:00,5.599782067246961,25.292752925116634,37.13375855042131,15.357423476310569,4.5989827514174655,0.6267337506473258,50.09791239982272,72.0284691254181,15.874669855301429,0.8576625171866222,6.454069913773157,4.891438493764323,4.30340187622474,33.271035820676055,17.418991291218692,54.96996833050661,1.267620580247672,1.2309417931366713,15.805234710358604,12.71246408993106,50.985202116476515,6.128580007507696,0.4032242375761774,11.450904718021555,8.341493502874991,70.81259752466677,1.7022330132166172,10.123499500161453,63.92177979929951,13.359320920478776,1.4425648169599201,24.325261639911268,19.89839877705348,7.749380948059533,2.6336935921644717,17.17327981735067,8.780107211608584,4.528943873236779,16.81302222148223,22.49685977251946,23.09609429331763,6.2520002923811715,34.21247544060545,3.7121302093296067,12.344874938178183,0.966376127888692,6.118689690115113,26.116490102278746,39.69930665922405,8.848507269044918,12.684211263793232,0.25950508551748935,64.45131612838301,53.196166773698984,54.397888200602075,59.48516771391057,3.9446962916547443,48.95959809695737,5.711565216442349,9.75838523189226,29.11619906033596,1.7521368235076051,45.69666051458668,44.43133274192132,46.836891168596836,24.245643070930615,14.530125048125711,58.879919504308276,26.804861914270116,41.44326085785134,4.30150254619346,29.754549946955162,19.675906574400557,0.3747125585297898,23.077871437211062,54.577822273477786,28.205288475584823,32.4644836855552,35.77805476000561,73.57967714472203,44.56637777191188,12.449981315753607,18.75423984301533,49.82327938913901,5.324251500284403,9.25886147249468,51.59144624418565,1.0067841177854788,6.011673337921831,4.991565239621322,34.5005431900513,3.150780854006871,4.131866971486236,30.40950314517356,1.4167374798945072,5.717598113902346,40.78421137259098,77.88356939219499,4.712560128013477,14.777216296599038,13.427177713782593,2.2122575732741194,69.04877968147471,1.2928066425982845,72.40924250308787,25.18081132208788,45.50869603283661,54.25254273967638,12.571956727828242,4.368259362231734,11.3803470016169,34.85266002693766,58.96555712870273,21.743028520546932,17.56300967483691,4.73274800408663,8.070832992566968,10.384965610787354,38.51938322342343,30.857405033221884,11.986169092187026,82.04721650497187,15.03602719220919,2.245862811506885,65.10972942226516,55.65309033589979,62.77288838012802
2017-05-17 18:30:00+02:00,5.458254657015398,24.490598987786115,34.92796105357155,14.506493000508042,4.454589933371644,0.2842580808402935,49.61648373253336,70.64075657396825,15.068615166202282,0.7657965230790352,6.146764334291435,4.670201180676929,4.39593652549469,32.172338140035514,17.709608691964416,54.5433395219015,0.6567420770375382,1.0641609577184201,16.191674135331755,11.830962800824546,49.10748078765624,5.7309889156601805,0.3390358506282635,11.655470819520511,7.862943686875784,69.55773609070819,1.495014521476736,9.507202290840043,63.098324142250476,12.587473631892532,0.9287724111447659,23.041431705883763,18.495150874955304,7.96140505784084,2.591073109183101,15.853438755019972,8.955248630916186,4.552263153398114,16.44895042738455,21.019122614948827,22.374345271112002,5.926864802347802,33.65505455630386,3.906563765882285,11.55084374939597,0.8156518816425133,5.985996479865035,24.524759444476693,38.36324837385823,9.009315836360658,12.483235985316053,0.2202928276200957,63.469159467410286,51.87335394014865,52.35127585316931,58.578948678355225,4.007724134962363,47.561488428691575,5.341928653616176,9.763522323632028,27.860442037792605,1.627734248631973,45.07940785779856,42.92936653020313,44.92738352489523,23.04780981840473,14.373040193595912,56.8970810312978,25.403162471837355,40.78601736698885,4.414201266381673,29.060759730996068,18.15763871481983,0.23191290584079963,21.51963176069635,54.19354468134871,27.074694836727087,31.464503085422873,34.315962597775126,71.88537181188747,42.93681971871078,11.86967350823142,17.11440243035319,47.79471207694954,5.16667188585616,8.877696347290838,49.56857940077779,0.8234591621608645,5.853056697786065,4.450344336998732,33.34854676556525,2.8498538624769374,4.066836221993684,28.920550810099886,1.2544188797607332,4.838485025242885,39.294775258261375,76.25363983430918,4.758924225497757,14.41825961677524,13.33174598552502,1.8813468149344865,67.92206604457158,0.9877817857949139,70.87721950760132,23.80646749526368,43.510281240564325,52.13103156029608,12.132267073223273,4.388575050154685,11.523696641963333,33.37517135276314,58.58176665610675,22.109439452289884,17.415621564810646,4.567725321545861,7.6059143125150035,10.284213061074885,37.99439407185747,29.594999083769284,11.554538840399106,80.44592098421283,14.635254047969331,2.0792749588493744,62.94506566427981,53.36104910567118,60.77696236840489
2017-05-17 18:40:00+02:00,5.517496152512945,24.810779744426416,34.77234250371497,13.523143151989991,3.961242118909649,0.19394350193019408,50.643688705791575,69.98146017593247,13.282383841060497,0.6076609842009043,5.774839872565916,4.0502604855318305,4.528226511781409,31.847333234984287,17.53839751265831,55.70111566404209,0.36096038664767516,0.9959297481589144,16.110797178792208,10.60316271745462,48.175147390569705,5.5817257097439485,0.24299750660935912,11.460671339419786,7.954033341509663,69.03188044211882,1.1011333656509,9.462389850533901,63.79671199755694,10.82990454465961,0.5736174270178217,22.94695583638106,18.221734658547263,7.730633692762999,2.546216312041123,15.973793255048138,9.251473132749695,4.498695147913493,16.03272846235782,21.3195461844422,22.75644099799576,5.52325849484672,34.30798295643301,3.6510090343727404,10.761251533262673,0.6902574950168444,5.878508540256025,23.03539983439195,39.387081886022166,9.14032947022572,12.51334942011717,0.24217051001259063,64.10019372582357,52.69399418424629,51.005941345718774,59.144101890438364,4.316231317897559,48.22033645803833,5.195357928666464,9.37875480911548,27.764553071700576,1.4679253224983773,46.00789612539587,43.51159265218048,44.17651866317174,23.71410155745046,13.96079306594548,55.70344406287385,25.910192569183792,41.52801039484385,4.538070216319645,29.548381129631135,17.787599806110187,0.18602224663553338,20.066995971683028,55.37652464431977,27.863746261425142,32.334766516877686,35.13825494573219,70.66228122110795,43.20266934561218,12.4171996612282,15.506791958597738,47.22486913669403,5.353761798566477,9.546593311151971,48.55550863195647,0.6935937279185294,5.867198064891206,5.0042623217462845,34.20665278426817,2.21743512783559,4.217705437674978,27.61405856341951,0.8219138669994894,5.000909761651994,39.400009507571916,75.17626149586324,4.833493784954916,14.097099929926376,13.86187653695059,1.4060747552909365,68.05969834575191,0.8653357733727514,69.78890722175235,23.545462607360506,43.51534464939205,51.75700360303163,11.643858951543919,4.726469066512961,11.749532558974414,32.24993329154168,59.919884342772946,22.120562317186934,18.024415537889592,4.126315682766662,7.977176629908819,10.411163919434111,38.71272985891991,30.25146802023242,11.928213390820455,79.44465185364638,14.338566326941482,1.5502997884129204,61.732175498013355,52.78613649285546,59.599735396460986
2017-05-17 18:50:00+02:00,4.222475065034401,18.954535456110193,26.63323009440248,10.795363047966868,3.460142748953099,0.39089323207991306,39.95256797483242,55.89767961205585,10.382460228571418,0.43444120464724795,4.621858126125588,2.704935449896423,3.6817632497078514,25.92166025164519,13.347017436276987,44.185533321456816,0.36696496399838274,0.629750934889956,12.4491561188412,8.42244823289651,39.245821337473366,4.385215685068095,0.1225962186387531,8.623671293505575,6.477539438204878,55.31436826923427,0.9252492554763067,7.544177102660426,51.3408292966409,8.59935963835022,0.5966993455509491,18.234910513193178,14.317917870876151,5.939848786741407,1.8858860109409015,12.53791853812585,7.6085797567003635,3.8604207747415598,12.489676275679853,17.064708185675073,17.475926089126467,4.451182834940511,26.732771993673854,2.72384082835407,8.804870107421172,0.4675104510650566,4.312281097250166,18.222283160416737,31.809012558410437,7.5446446706216195,9.653649052673714,0.15532100005579652,51.606439526433824,42.408190392617485,40.72067658916018,47.5659749984224,3.695522522224494,38.77651142019785,4.058779211522954,7.6527248664299465,22.130156768031057,1.038171001403808,36.14856993369817,35.01819906417889,35.97781336292231,18.974170368578474,10.720707358994872,44.60885911072995,20.780239900991987,32.35538748518587,3.700668406768611,22.834097295519108,14.34453974516638,0.29539267570035,16.010668237445355,43.85537647072429,22.204140751072796,25.846835254295293,28.33816035256888,55.58915043792438,33.33399103071591,9.977161949329409,12.304039704099996,36.83589230285286,4.531188107820172,8.380073965212448,39.53005610266125,0.4350029988889468,4.485579617464712,4.6558607828984355,27.752871795112284,1.2723899739400846,3.609240582960204,21.970961646304687,0.7423856937936024,4.178592408551706,30.332883035388043,59.22345544059162,3.5964561466703673,10.859741779626876,10.90361057651561,1.081636866339133,55.06564635906391,0.5576788268080242,55.05491364898239,18.65514138467613,33.45586772075059,40.62650710409695,8.93372428228994,4.0926282069166415,9.481495450410234,25.77349626447416,47.77862042563123,17.012697994724014,14.334119406726678,3.2140127618175365,6.293531522016968,8.123365421574187,30.23451891420506,24.35875640528171,10.205190252835154,62.711749717086775,11.010863045670174,0.8633394930769864,49.30592277883287,41.36530307961571,47.73489801510364
2017-05-17 19:00:00+02:00,0.595243630300206,4.371039745427863,5.92533973919745,2.173569139429522,0.7183042949309927,0.33068796987735616,9.295440846820313,13.190173389075499,2.2897956744444543,0.1819754046672181,1.2528317854257256,0.7147120657094232,0.9810568516378508,5.355422688892213,3.164170354853467,10.57099496195949,0.4002996972112048,0.10634735365903732,3.04426459005612,2.2692113278846135,8.938766285640725,1.185538862116436,0.5227596399627152,1.973570385334547,1.6716754507388298,13.108468617028462,0.33417001499409765,1.9264558354582844,12.532613763848316,1.9841263124142778,0.3574386706664865,3.6871026176920987,2.666184091452248,1.345884724859882,0.3483156276062487,2.9003319801204843,1.6963044497611799,1.042984217789579,2.793745725719501,4.30443403807384,4.199229046342161,1.2220616379874236,6.610130745313675,0.6474944212414485,2.0594655421468606,0.21665089122682768,0.7429678271766471,3.733541192817441,7.966566176520729,1.9498989316902884,1.9221076412949165,0.0726944490358427,12.655564096974551,10.133360964984005,8.97559584860288,11.569447157468007,1.016899097236203,9.248547060167695,0.9611175288604971,1.684222252163954,4.691778354848162,0.2715343337424541,8.255610819388561,8.713764748646936,8.172638444776453,4.111240620867206,1.8329217974897325,9.692734168844993,5.251853373929545,7.21359966255143,0.9871598520456455,5.48856885359374,3.0533326396363836,0.3755088126516203,3.4780219749855483,10.40022121297232,4.903256367951919,5.864212400848809,7.004201070040103,12.929318827916813,7.226508835663377,2.1405033405541976,2.6066000244948926,7.826903849219602,1.4246142109779572,2.118182406194173,9.047190537038544,0.23068225718616558,0.7467556143768644,1.1579850090274748,6.877405996432376,0.4857037673102272,0.906899716033664,4.781123371131183,0.238530104523115,0.918858609284956,6.562560668761826,13.889452069394913,0.5558653480395066,1.9881579659816622,2.091772170736338,0.30414060055304404,13.331902196099382,0.5924091594827394,12.765906191486728,3.8365074740379894,7.139183688417653,8.496108316517354,1.9217477265884835,1.256498689080853,2.0228594045520225,5.800791523566555,11.454882268091515,4.050588886363302,2.981907332569916,0.7623201488856814,1.4329805341924358,1.5949822092466623,7.355854486153987,6.184481128273825,2.373916315950625,14.894286563762968,2.028274201030417,0.39035278831680853,10.943735040170495,8.752495361070814,10.548590963821283
2017-05-17 19:10:00+02:00,1.4727585080254844,10.055279823561845,14.923253691822651,5.994951703867792,1.5840426575384803,0.5456327390516091,21.841639338573497,30.434351020757198,5.003010116035149,0.10891198293314658,1.905450676884362,1.4362026578007698,2.2480121029096947,14.515291307276767,7.184655014639018,24.31134482056672,0.5957509800562374,0.07784576477310846,7.194362176810717,4.6485088827757055,21.157843228790224,1.8595098793350404,0.5382544399508848,4.813492108022309,3.597826280120559,30.324404777382373,0.3376416796603771,3.928714956184521,28.751655687635147,4.20446210389337,0.6884617472796483,10.194272068191932,7.732093392216652,3.1659908669867924,0.9031030683909416,6.0220431204047795,4.707393268419944,2.383974847232661,5.965652741049041,8.494840342816257,9.515816065238205,1.866948762369651,14.887595888210498,1.4080473102959719,4.562991870416434,0.14185571464433597,2.0468278939467717,9.273660031631422,16.73248682025524,4.739954023174305,4.119076763479612,0.10254125116875218,28.63977380943244,21.885061865572105,21.68493020921374,26.470831644206612,2.2813381552785725,19.813289372058563,1.8089449240997333,3.6088453136441316,12.377555673568166,0.3709739563309547,19.421980557414408,17.890529930201325,19.15130841344391,10.201988628137808,5.998137476187511,24.074586995299462,10.707253259296811,17.025395851961832,2.190335505740324,12.481715396491454,8.29826247414716,0.31336468029155734,8.190936761464974,24.25735898545627,11.800073195352207,13.932118718585121,14.810934421924918,29.537734807965577,18.70391087723273,5.899747957425686,5.952230204783692,20.401934334055476,2.4899806366266635,4.3977801667025505,21.20431233684905,0.1432273303457003,1.4442567704798535,2.1204004581373117,14.700137158529442,0.4683504583365105,1.9626636175812031,11.674463710083291,0.12402947823048967,2.1533538566896313,17.026504578892126,31.711866477309048,1.9236264695179857,6.017714523570649,5.975674296372243,0.11780865065224701,30.21204099069466,1.0517312258210618,29.73366301677612,10.241696674640568,18.253255739801336,22.61771660204736,3.9515627260124577,2.4272507496799594,5.532259094788276,13.761472820321005,26.448127110332003,9.377008197486726,7.970353439017821,1.1976946420670416,3.756522273694265,3.5021755927196274,16.893713405856374,12.87497623793406,5.393693182021436,33.742748627559116,5.97467416075492,0.6471162076989302,26.435261422552237,22.835074245925803,25.75975857649257
2017-05-17 19:20:00+02:00,2.487210694803524,10.609856411249353,17.316924869658916,6.511889202568433,1.7776145455930408,0.48627823708339596,24.777472169169624,34.02873063529291,5.249665377782356,0.11500957678005216,1.4412786226658014,1.6118414153931115,2.5539022770683637,16.735654198143866,7.6547927328317344,27.583121558221606,0.3804573521599229,0.12389731846361587,8.395572859290121,4.781331510558356,23.370580631933148,2.4881389136089704,0.9861833732558586,5.925932759723852,4.097910327403037,34.553628569618205,0.46044308319938426,4.438357594461097,32.629176506827946,4.545826018751177,0.577922051477405,11.799813639496811,9.064521866394493,4.145986301067433,0.9545920491609664,5.680748527311709,5.22954804152678,2.6724018054799457,5.560361497518563,8.336532879978312,10.225743517599973,1.9093040004881903,15.982072809127562,2.164930658158808,4.7010347930961585,0.17234346503111653,1.9180699156475565,10.2290214962625,17.560055148483368,5.196041939983705,5.5970322287410434,0.14686184242472974,32.596828588474736,22.62641142955945,24.20677726395808,30.10820450720417,2.605797568921979,20.338172659204336,2.3837897141466247,4.757829711063949,14.326425811581005,0.33810083075278236,22.17270490874248,18.566644302116377,21.141870102452454,12.358478800813684,6.526282610276049,26.845503488474954,10.813647531253007,19.450661676417983,2.488299409978534,13.312791194986657,9.117491755478088,0.323370528707251,8.998702700901697,27.490059880438128,13.464676242235432,15.871625259899997,15.473483558424808,33.12104974485919,21.332544953636077,7.25683312531298,6.545858478093656,23.05948888559746,2.7090270173568323,4.963144364285056,23.480336551514355,0.14689739469605914,2.5643566189668605,2.5716121852627247,15.59440588690678,0.45808837545498937,2.394440322233666,12.910766276683638,0.22259750950428125,2.6761484734548637,19.68201986185783,35.45668506500496,1.8227119789788069,6.534731562770149,7.27559523117733,0.32097087452778433,34.37289947968728,0.1704468455413033,33.5098859909462,11.878548023771446,21.00512278599006,25.58777195414077,3.3571459624083992,2.5716762076930033,6.082522171298126,15.150821050323286,30.080720921949144,10.074459518636186,9.534893094318743,1.037263241591767,4.7929601965343664,4.946947672592087,18.300511354308973,13.298777165415911,5.99198758406314,37.67097504727411,6.483466517455418,0.6048051828120826,29.274390400613964,25.59706865454737,28.703117424441217
2017-05-17 19:30:00+02:00,2.3276879987698673,10.686911242013965,16.662564188057967,5.78055756094756,1.6047733017860115,0.6072591171464754,23.62586652074571,31.91278942592478,3.982384491616922,0.1193327758546329,1.4782739191411667,0.9987249567568619,2.4463564950170653,15.12815111339883,7.952949174622302,26.090750919599447,0.21382503277684015,0.11729470699415052,8.050971797022033,3.373018026524205,20.269367638108726,2.1982455254872684,0.3677699019718768,5.840478698694403,3.205511471821157,32.543514209949,0.34230937926631666,3.458355185031296,30.96484213273543,3.344670186208655,0.7150856116903797,10.615577310185751,8.126597509795788,4.094508180623615,0.8418728292870252,6.130725107934095,4.972233368785392,2.4457869994608803,6.007235386150523,8.815740323749042,10.409051286470929,2.0131039460014266,15.72857940780631,2.152300018064247,3.2468889791258495,0.18361722912254202,2.3587873538964006,8.16356587624946,15.611121193435103,4.848738756910796,5.28226265538889,0.09766626056735406,30.882617856979483,21.20100996265579,21.022805776091253,28.53691306037135,2.4726437485752966,18.927009578033324,2.072538546507339,4.447402090816611,12.990975715718154,0.24000973078672885,21.1607763307579,16.787786875508743,18.099502964820267,11.766249444649713,6.0249997325490074,23.501705241111278,11.206375754421117,18.652564218948065,2.339799216570838,13.229319431414119,8.146319723168832,0.39857138223201183,7.408342227589718,26.096539327620068,13.567364267872659,15.970782615582493,14.83039388802788,29.823182415715323,19.79527192854615,6.981961501920804,5.108988228791347,20.896886856035803,2.703899656810973,4.631307799978286,20.379524159904292,0.14852596554174963,2.404408020474067,2.468434781025999,15.674607670057645,0.3518820486482385,2.385693831493027,10.63222788210742,0.1691363250929339,2.438172986372959,18.946336675814603,32.162210965877826,2.190491618983148,5.775308591185756,6.998616474457374,0.2840010275881771,32.48466348916564,0.32896379200727055,31.41527125663486,10.730644160311433,19.32384498314696,23.354300842647728,3.7915900714339763,2.5539731093901517,5.690281398982285,12.56205191751273,28.481391109425548,10.290514360404684,9.157066337626548,1.1993117418066281,4.53868421807562,4.758060170709403,17.624980109836883,13.559382724999363,5.5385891854423015,34.3102246160525,5.721540777021312,0.4896676508553709,25.8298346487576,23.466654605071973,25.368094583893658
2017-05-17 19:40:00+02:00,2.0848483536429683,9.570934517575612,14.749242670187787,5.151295905338296,1.184711419136488,0.2288011630915405,21.401252558398774,28.217760555782718,3.6062901471539677,0.08737972931603574,1.4910366370288217,0.8858260142389842,2.1292315913882898,13.200679255489348,7.174441426853672,23.667283103246778,0.08647646036372883,0.21970715641143496,7.195427670478034,3.041629996759197,16.98774033094996,2.1759419733292185,0.17308927724430948,5.1524332734004075,2.5182034729456793,28.637062128405766,0.40621508107141086,2.70629065348008,27.512037672993074,3.013733127580739,0.43120476508795674,9.407733787226077,7.134290640108336,3.6006708546034965,0.6350732584162812,5.6324441776455565,4.388631115057621,2.079587182411062,5.542436038387535,8.165471685476094,9.362790848423403,1.823960110804665,14.062176691602751,1.8634632043448551,2.9903816327006063,0.17214786328286943,2.1706794615040246,7.469717999760592,14.706250459405384,4.279913272340454,4.708081971894219,0.15817449444857917,27.427216006368848,19.981560848312313,16.995777392304102,25.3908473863128,2.2412721579963346,17.911778728173676,2.050545405150759,4.234610851876949,11.60742877155705,0.15183771094194207,19.11961174179692,15.835774967073274,14.981147266672446,10.214037860996303,5.148002051480533,19.208574048680717,10.19267218662476,16.912639220765392,2.0253685637027674,11.826618465597328,7.175885367143501,0.7030162943378326,6.539434525601746,23.657198580855773,12.019557699968987,14.159520253825283,13.671096484904838,26.07394598606443,17.762790578616748,6.0602286130971965,4.52008517420957,19.707092624956267,2.5496081939781274,3.677572467779965,17.09314643584267,0.14417804440675494,2.182443646074697,1.7076110893004186,14.210688312524326,0.34181922497617295,1.6340029181381337,9.68889786438602,0.10984912084089125,2.0914547203115075,16.747753897597033,28.138665534849633,2.087242688741941,5.148157352603764,5.991646833838094,0.2821316655488558,28.59406199277178,0.21792573358588962,27.134135791892493,9.493885772540562,17.65856961330802,21.89857983813863,3.60426370126494,2.4021197477254193,4.894311382995206,10.569202704896593,25.252004040330444,9.274929913776042,7.961653889927285,1.1601877577291502,3.8941313166344296,4.322678379048787,16.087742773079235,12.227007107001354,4.420848593118213,30.12846451331791,5.0094906721956605,0.2983662781066794,21.143220906318472,21.93682098570643,20.836140523201898
2017-05-17 19:50:00+02:00,1.5833966757141555,7.029719880205238,10.242097267237678,2.9929348513696783,1.1435908131899848,0.7148973693722427,15.883033581244673,21.065483282301134,3.3048740154501868,0.06140547672165371,1.3191480558327868,2.787207144039474,1.57605936964809,8.960298724135855,5.32161273956133,17.64675317181927,0.894559845807847,0.24576889809130512,5.3776434364706835,3.085466891939614,11.04233847423112,1.0519716040125666,0.18307614296813143,3.793405224142828,2.685870467590467,21.333725429028515,0.22893608813850647,2.8449047546295887,20.32042519630274,3.1597175748526585,0.9739750013891127,6.049284021009005,4.330183604635096,2.5697894488536535,0.42902218804915665,4.356013083800039,3.333377222822753,1.369934999514518,4.289349544543628,6.322393422453747,6.978302691322651,1.5618643239240015,10.450636100349165,1.2742418427672282,3.022750442742858,0.17447629466010087,1.5775400998519948,4.877383851953115,10.161369690935102,3.1414109444235976,3.4689609471188314,1.3089197196238367,20.37891968969451,14.060796154451053,11.622477605803407,18.665658688806623,1.7227100810624816,12.477043849213613,0.9496142130586043,2.616804931430342,7.567993786736674,0.12488139139234644,14.134822277692493,10.906648450938313,9.648217716339806,6.33416060240849,3.79094776067167,13.215386365052852,7.832428702668764,12.482225767760562,1.4587518658496006,8.751595129837163,4.441942658530149,1.0567848643568563,4.349428116769319,17.63040354937504,7.748763847564922,9.334635110523115,9.475293112671666,19.936916250346375,11.399325230356567,4.384190963296647,3.7332329185156983,12.330644830222019,1.9816390046368209,2.4725319943452235,11.155656110753718,0.1484856081787645,1.676213083100171,1.166708677795547,10.618698567411554,0.2152484748527186,1.1584579277398188,6.155624250245569,0.13116200240019402,0.9546983258213984,11.30365687045328,21.507738876543833,1.5973075674065182,3.88637598782161,3.839411054041744,0.32754593286792005,21.520783991861354,0.2674543680134487,20.84299641228677,6.102397191223441,10.819968907615296,13.91126368915666,2.886367104886577,1.9043997877772494,3.5931525148837156,6.814448612117323,18.564731522614235,6.912607152888188,5.360009098747081,0.7523123165517955,2.802612368865834,3.2580770056455837,12.01872439637805,9.331432655395234,2.962356584345839,23.101935086722392,2.8533336976284103,0.1928840627972361,14.46178876918944,13.897297582706356,14.344129819866142
2017-05-17 20:00:00+02:00,11.912856404074269,50.47941562060891,95.19907908598238,53.215373331758734,12.481605606083143,7.5792747324220064,85.76789112190873,149.1037660899567,59.24262391752879,6.523252523087112,26.554120965665778,16.85823612557826,6.052726040528801,89.21184565655706,31.150548767455994,97.94378505428838,7.34876669127442,6.955138269573934,24.297833569535268,44.976846354346854,131.72558604660304,25.6092874320177,6.7272395397776,18.360949917361697,23.508363194388874,142.12952989502142,12.829300280460645,30.752947495742944,116.50515719582899,52.26664247427535,14.099688014331905,71.1645818820899,65.71233935945105,12.427938351859586,6.308275308408085,57.85955452476801,11.774146078004312,5.425700240778915,51.32190725525074,76.197477995046,43.56215491283962,19.376675805699602,61.68882113321929,5.937521841615888,37.878142793960336,6.292476045260592,19.06532762752863,79.44870203600092,106.70774378773571,10.865479005027202,29.684530133181493,7.906304493120725,123.18357569144953,136.48132411501575,145.69328023601693,110.89429867924827,5.489504492999856,130.95650622265904,19.416684691451756,31.047068728608334,83.24869529161833,6.727887505863272,80.29358548354449,125.47186717741606,125.97191398835248,49.19900624886843,31.887692908766773,151.3757105477324,82.07412362482097,73.81045116833333,6.002476529423106,56.121533642377784,59.00214113531942,7.860690372181859,72.94939361716723,91.24698745480849,54.77588687251149,60.128374488488355,100.50888138013032,163.52904660364118,107.31995718048249,16.90420117183046,67.05024515483913,120.65561910319285,18.33800870204085,27.452736431474182,138.38081695820543,6.329769739555662,18.168450441644303,21.328715101369294,93.52798593999049,13.457566484869101,13.842306925012762,85.19682454201296,6.374246452069703,12.956514386744693,101.14351169659703,168.91691566497266,12.319225063439594,38.70825995006466,23.677670932105,13.547780874448085,135.65721189240455,6.486620705568111,156.39996813232,77.68245001175056,115.11750682586927,126.15290429390984,45.619055866316835,11.87257279419933,18.44341786558505,91.94764648500566,104.36062631046303,36.89687819899389,29.954055788189038,18.771524405570965,11.466502173896814,23.3901213452796,67.28574121577874,87.64784277826311,34.024706256287615,174.30019694021271,46.61010001150422,7.0991967370097235,164.29271550602243,132.62968174095113,157.34049871318308
2017-05-17 20:10:00+02:00,12.192404156304889,52.991762645365945,98.98282092179626,55.00053375177853,12.531138847286286,6.881057056927233,90.38472673211471,156.31587163335672,61.10837334708453,6.672836685344201,28.038740491000986,16.896931767530962,6.3010353186400625,92.40535471708182,32.67727915606066,103.33133784362667,7.205483831270253,6.897589631315522,25.72140117709305,46.10507737286745,135.30853716005927,25.289140002524675,6.8167804155879725,19.33277170998875,23.60065965051776,148.23278617490283,13.305538684054548,30.913385820419336,122.35037424772186,53.562754800242686,13.427193636341794,73.98301285050404,68.06710674277659,12.933691982977628,6.351530994082529,60.664814622588295,12.447900841919283,5.5903348290727966,54.022796177248125,79.58983643223534,45.680867587325594,19.718010319327004,64.91032307255385,6.071223728590869,38.85103664522256,6.353082079978833,19.793182012963957,81.94421515019181,110.4386868205678,11.277601001670101,30.453508051405265,8.321602654178099,129.10381508280753,141.58207844898857,149.66395580135196,116.37891557899331,5.875938150935083,135.7357543754817,19.03260903159485,31.10577297174963,86.41924867450285,6.777236474547236,84.52978956985156,129.91435721918302,129.1410294708185,50.685828159642185,33.042726538357456,155.76415435876606,85.6688370342974,77.61057861423726,6.35486283569494,58.98396757275227,61.20533569550782,7.5805622934090735,75.16164404337981,96.32745694577895,56.57833747947404,62.317698613905094,104.39611428822002,170.3563089720941,111.23921411733244,17.73221094091505,68.89124952493576,124.8064239026786,18.9252321103789,27.7701693593714,142.2004441971791,6.422891141776453,18.527827272334594,21.18840778424657,97.77093374522629,13.600797025165406,13.92447411965034,88.0823919268759,6.431057608658598,13.132563386890913,105.21833798382343,176.06680621226158,12.928431774988846,39.969176600238804,24.534475461659042,13.558730039232692,141.63232409054118,6.5129074251813925,163.64617761627213,80.65400581291713,118.32934306411262,130.62164039739258,47.830964001261336,12.376143784610157,19.444513546024687,94.56746174413844,109.7364478418901,38.89396770120951,31.202406754039714,19.479479207347815,11.988029561424316,24.1021830541646,70.92902169262463,91.72632920463269,34.57376190790432,181.77151311622274,48.28858753469671,7.283414205886733,168.81833185870804,137.17346735125685,162.05150471184214
2017-05-17 20:20:00+02:00,12.781475445743592,56.41215646084251,104.17173172024957,56.311560507952365,13.131059362200414,8.000569054534589,97.70974575151487,167.47005413854887,62.38795641388209,6.794569011942039,28.616099640865002,16.441634932813116,6.87457304220154,97.25922988700403,35.16917435156204,112.15124101730073,7.177879441557739,6.979581144453617,28.114637059020936,47.14343828123182,141.9520013259318,27.36946047670926,7.103033154130577,21.241608804555195,23.712832212308587,159.50297805874627,13.452395071625379,31.243978725353166,132.72513091233358,54.564180193631714,14.63829357634778,77.11627449320191,70.13356397862484,14.312650818776188,6.447271839922338,62.79045945194856,13.634141505912249,6.260615512739961,56.082137431869505,82.60185333953694,48.8055900891777,20.41738721863819,69.79513764426065,6.892383235504849,39.72669913237355,6.416298153288236,20.788531669681344,84.97825706095186,116.01260902849586,12.441185730709247,31.899295428921448,7.4050563434746195,139.6030236532925,149.0037231284285,157.09501165313975,126.08094145933069,6.508342360246501,142.5351203336622,20.858327567800387,33.616662917276145,90.68999628565541,6.939682857624854,91.16783014427224,135.9438607919939,135.17432948156588,53.28110372498733,34.95433977717199,163.79421935587985,89.26136920693259,83.8794070496177,6.883574239757406,63.032367035771095,63.169691407627006,7.7933293397443055,77.38911398139342,104.71936835867959,59.68018563494578,65.99348389866229,109.35546298886089,181.79559813242722,117.21016299225944,19.70743880387163,70.40760125841685,132.8681534605511,19.812206589341866,29.21164473856018,149.20884807726165,6.538859669606523,19.254955366972304,22.143608390681088,102.72585030799996,14.229266389955692,14.885958220503309,91.82633380986694,6.4508497947659045,13.578011634216363,110.76576554298754,188.10260571904416,13.816293048139777,42.02469012831479,26.355716459088924,13.671340066089801,152.73208467541838,6.6022182577440995,174.98346272587258,83.91044822083546,125.46898645813384,139.2488904883598,49.40456893506908,13.086303042850735,20.725193211900297,98.93746445859469,119.26787550223001,41.92742833781608,33.28708986692679,19.931536430991187,13.422575478528632,25.391446946136504,76.86034327868154,95.82362493519292,36.23700397208038,194.31447979447867,49.429721136349265,7.457363705022746,177.62930944534997,146.01762259978668,170.62308951316035
2017-05-17 20:30:00+02:00,9.003401624342661,38.44860632284706,70.59535287415218,38.32196991978086,8.85279410437034,5.077518994027821,65.98452653260762,112.37299539205318,40.01979457284962,4.42843238565984,18.54746976187679,10.844000063907995,4.72048365121271,65.8917296595248,24.186248351182396,75.7469032906314,5.017822502628996,4.672055867133832,19.11516811515743,29.891455392163408,92.49347138305225,18.433649605510432,5.2511703661972415,14.61283002558218,15.735389049026088,107.58427249646391,9.286299097770687,20.498818710703663,89.71652953422968,34.69899604633335,9.663474302912332,52.36244915096145,47.674762230394435,9.839104074598113,4.448431077656555,42.326974834959564,9.253874804541002,4.2474667790924565,37.79185910193992,55.85218293134883,33.39013786510223,13.66871803581707,47.56588247623922,4.790316946513816,25.185138069834466,4.256671807697067,14.63723033508931,54.928158993801766,79.94441939466587,8.777460558568265,22.800576134174957,5.4821952544767525,94.26728451380701,103.17496983774939,102.70883505348975,85.2193472531076,4.471463539541372,98.68163762586302,13.958372925303797,22.851530359376433,61.34037947834595,4.526208369491437,61.564332547806174,93.57558451716781,88.02758321531816,36.74713165799404,23.664281350376765,107.20281108280165,60.475251867855796,56.994056890610956,4.832406157294183,42.881933676093574,43.076213063580916,5.21528005510035,50.03071749057727,70.67909102549656,41.59648907843073,45.9021724492922,75.30553114997687,122.25486234147307,80.77283718063202,13.71924887251007,45.4159341432761,90.34177665241367,13.52534171369603,19.339900241762763,97.24789274090008,4.316678833222653,14.173984504911456,14.771997673533363,69.90945970278909,9.70394620875721,9.978844413934313,59.45613439194858,4.316710687945673,9.634328004628184,75.39148638721349,126.58929229505686,9.956899503277103,28.370589293235838,18.445474143451428,9.092220624098477,103.1176102623423,4.47151501923918,117.64700345453637,56.79085139329256,85.95670128786527,94.70429231457076,33.18453770538986,9.06762461456146,13.960505831747188,64.19282554877726,80.77895404801133,28.784661233148405,22.856273733196232,13.631562596500904,9.400687105014692,18.442289739952745,52.3150381191158,65.04231573808374,23.836492309877215,130.8178205068751,33.851880385326204,4.7213467849172455,116.23771025815716,99.06320241925339,111.88236637800526
2017-05-17 20:40:00+02:00,4.792497627301721,20.445029010502648,36.93385347235672,20.00294298687279,4.462129896331913,2.8564278331016832,35.065205034327,59.01306063472103,20.557754453268924,2.2319611455680994,9.430875566763678,5.297778835516935,2.412531201570828,34.04947533055825,12.783065858840704,40.146637799751744,3.486106612366803,2.4209176875561185,9.69356539659497,14.656736045328394,48.13766468875627,10.48864751550605,2.737186676129595,7.350509959742886,7.797480425293887,56.54917352356246,4.796121966636562,10.132826198252062,47.41054944440253,17.83649577496461,5.631153561799958,27.0950003481265,24.781271141741552,5.069180615792498,2.3419665519155974,21.47908342155619,4.670458256908,2.2399526505224103,19.231366988414795,28.250741137512048,17.322028849552705,6.947764211951861,25.405124469321276,2.487105923151962,12.388129104216922,2.2109106460427053,7.438223909245524,29.03411294696444,41.194075751180186,4.508496732614591,12.138891052731964,3.910558745475312,49.73931711601565,53.287856700707316,54.44519789467554,45.191926021031655,2.1858413653156856,50.92603885675532,7.845254653695364,13.531839746112261,31.705870475228785,2.28565631248982,32.87761274054341,48.22609967140137,45.90932741603167,19.857150706567104,11.524021182470474,56.69602299987313,30.65814346333471,30.583725074656986,2.5279848767569373,22.70137090572139,22.38309149990313,2.8376184917704714,26.399897773008707,37.38117742425642,22.87707861134893,25.078130578525116,38.902929277796574,64.94087884446594,42.486967985972335,7.088500852350177,24.172119440233587,47.552950141273904,6.7726300555538215,10.103848931711083,50.73866025183378,2.1224079646573224,7.757351167120929,7.744474249128813,35.71556116765237,4.465886368239662,5.268671654595057,31.20724387185685,2.1644086374170097,5.954721856921235,39.30275137495845,67.10084772924687,5.000574129883706,13.836457420304976,9.439664935663519,4.610274344773848,54.19800452655726,2.523394623068525,62.65455899687824,29.326896741698366,45.37093570563793,49.82065172077493,16.86882180194677,4.42222235629338,7.058145236338524,33.57253834828505,42.935463722540135,15.05493928496516,11.69224156237156,7.032846941558817,4.831839475340468,9.903808422821829,28.00138875105892,33.01042023946011,12.338331732288351,69.18645006688298,17.7422811004143,2.271937397385546,61.32175547726592,52.13800381774134,59.13473201728535
2017-05-17 20:50:00+02:00,0.65783776547266,3.5092455961167146,4.1931300587540425,2.043941899791823,0.395456964650191,1.0270281644446078,7.309193792817793,11.811473228602559,3.7651758209160056,0.20809939297050561,1.5082274147028392,1.4298598254287047,0.2852438333020752,4.010239022568897,2.5263428944336255,8.492042357281534,0.4181439578743707,0.3443481445807932,2.084588075060114,2.6006744854595762,8.220983799284616,3.63450508799682,1.1887576733826242,1.8348370776336325,1.777268972323812,11.446475881591207,0.6132843225014912,2.02696027333658,10.207960418864934,3.4658213451394415,3.0683360140432696,3.2800727285370637,2.928591704217575,1.536847225748862,0.2841206869770712,4.136288069489025,0.44219509935768625,0.44255371703574825,3.9602595254951196,4.643520729162541,3.0488203677465218,1.1412563979729613,4.103938312915814,0.46472448003261396,2.1886653835191248,0.21087316673529194,2.270527866500005,5.203009999063724,8.729653567523963,0.7200584560086393,2.0439725750210385,0.5546813699049522,10.682438523211465,11.087734501486882,9.244994692062091,10.072785421062216,0.1496086510176186,10.739999022433171,3.2511507438400247,4.495959597946263,3.7245056160807586,0.2712697007604194,6.042710333055347,9.555380925443234,8.069901517091143,3.8548438183191953,1.0179680804914266,9.401827599667678,4.9860448439526985,5.331739069976011,1.070016820312052,3.7192218974212494,2.5060273494386602,1.3736985143354197,4.355865009696204,7.662940622259508,4.2942077460091514,4.484534918419663,8.03065850994865,13.037256345674955,6.688821672805716,1.184923320428752,4.180685562714581,7.8749829111477725,0.5081431535628099,2.319547704356601,8.714669894494842,0.10776943541568923,1.6891080099182845,2.07204017728673,5.7923498356042655,0.40212707243098744,1.7265101181707487,5.30204935828181,0.3152806434731506,1.480555265749186,4.464806769529799,13.213531445961149,1.4854613576679843,1.2664825493450493,1.459927742161856,0.6588665622141491,11.06840502439145,0.38037464955829287,12.339637394434847,3.47964118493742,7.714295634519429,8.140962794095582,3.7777052156695556,0.2827896025660287,0.6254965410811621,5.600743184452176,9.848798429722036,2.8743003834376126,2.1682472264030137,0.8320782593237066,0.9221315089132898,1.7954978667894619,4.9495779706827285,5.168805711764572,2.4712349461905774,13.31076829420613,1.8208415375303872,0.4123338906487921,10.351834242305486,8.421991413829625,10.186517070758827
2017-05-17 21:00:00+02:00,0.9129450613566317,3.5344245728606483,7.671939620840929,3.858583892683804,0.464774477022596,1.4434797612663939,6.466517568506139,14.175070719273,4.273107583834181,0.3240592632421547,2.2651426650637054,1.4909057423718601,0.28753897974885406,7.519813988248438,2.597738500911257,8.127639800602338,0.17821296201009168,0.4509480881458282,1.7091307606366537,3.006458882885266,8.090483751229872,2.7649605092864897,0.40800093638465135,1.3979232355039612,1.7129423927420346,13.826158344734754,0.3620328714670493,2.08252861237526,11.510161138107545,4.078202989608766,2.4316366834089815,6.445973070985008,5.197439089012876,1.0299535620431912,0.28581338003031903,4.578574422019273,0.41558931055997755,0.32467074665496587,4.3543677797128515,5.058231492071199,3.2183588007596713,1.9100578304931028,3.890793958206793,0.5284339397927628,2.233324798947822,0.202733980532475,1.6430896436875446,5.113288376007698,8.777345705378684,0.873548651386573,1.684390695313973,0.5223881391848018,12.812428025150908,10.156169779757535,9.620899192000469,11.342180415191198,0.15956816375574423,9.767507561272467,2.5972933713204087,3.842261151081636,7.161876684608911,0.21327046041706502,5.381600534168932,9.362004114629881,7.989613825033892,3.3179633148373835,1.204051056916164,9.748572200935502,5.469654224081442,4.757317922909403,0.4991480890223841,3.7272702832088367,4.682331302638613,1.4265939732871837,4.606422410755486,7.718756127338411,4.2023057022172186,4.4855861774663985,8.487994477436144,15.693363780698999,10.0135421495147,1.5437294999128062,4.451503731817586,11.586781626513485,0.4828390112194382,2.3464399904090305,8.37225773197297,0.11365772557001613,1.1965009390647836,2.0361330797982085,6.344366144793066,0.3407649445857101,1.8127531416101936,5.219883900632042,0.17552936148057968,0.6744615178607454,7.951002662302931,15.847162069409901,0.7732246099639158,1.5065896818598181,1.8274451101970968,0.595563312308274,13.275394625259256,0.3663730474093593,15.410549368200993,6.756241808783281,11.437239433051943,11.77436741951405,3.9077232387383165,0.2935137878240126,0.8644992314626331,5.551600151133616,9.524694296029175,2.993494575034563,2.455382384012916,0.5903504120752687,1.354568479692251,1.314644892903388,4.401137801106972,5.916775910960203,2.4505935766446694,15.934378929132,2.0288528478695467,0.7734466188247362,10.946988610499394,12.089993242437517,10.616676438873519
2017-05-17 21:10:00+02:00,0.7257593539684332,4.401067346487228,5.68142227673251,2.1350940623230614,0.512947146832419,1.7585146943455081,7.545483271156497,13.32199435537185,4.707681368647125,0.49604561917677564,2.159451768528921,2.4289188929828884,0.3384705286114584,5.543034969302449,3.467234096377207,9.618588556186316,0.18578072329942966,0.3895724842969187,1.7327933516542442,4.143292154578509,7.773318078065901,3.7036756973869407,0.6876723251981759,1.3867883388673383,2.706123315462473,12.986757062300178,0.2983294337769157,3.003466744252875,10.753226456847088,4.596744041948442,3.223442661574263,4.244600995542875,3.227153456110802,1.1090749948953105,0.33683719381691374,4.38786391463303,0.4688678512243342,0.335610136974362,4.215403788653205,4.868493649046217,4.035054427099646,1.8195131009006094,4.838007661151393,0.7312140811605626,3.137553199496575,0.15899020649283882,1.7152999747590076,5.573675324414905,8.640856406495088,0.6737201023753729,1.5857390081973308,0.4532128465606633,12.00780840866213,10.152203399133155,9.249883379373742,10.571011588360218,0.1841710156642487,9.866176843353708,3.429335741320775,4.151850796173128,5.103526374948841,0.2051642405290047,6.582912298564153,9.183706259268124,7.69605820327082,4.015932518119864,1.136329409450167,9.380348618902868,5.257280263730039,5.748359458217153,0.37427340299043216,4.559752314715222,2.7850493814630743,0.7078506722000694,5.051959028100975,8.56395693624144,5.754245625881319,6.244461496125096,7.97395185564622,14.86520323801245,8.165173637589248,1.623359320194962,4.892319055031876,10.057745818210062,0.4898315088472768,1.6679271659039745,8.380725905183157,0.0760148834330497,1.1432582128778552,1.3026139250763311,6.321987918403836,0.3459523299413537,1.0038359506105516,5.648096939706242,0.1779357894091758,0.557072407804532,6.523048951347331,15.022295241371236,0.9651650826473824,1.437865554812656,2.467282724395723,0.5666897666879248,12.52030149410549,0.38605403146185957,14.193049245474423,4.739807210656851,9.923151448060853,10.300607322623753,3.8741123845548184,0.28365669399570753,0.8097675558207628,5.993313561613716,10.324522440856596,3.8628173174633478,3.3051388584322585,0.5557302738737246,1.3805324202100244,1.288987178711672,5.374911170505221,5.599862620513713,1.736511517691977,15.099052685511838,1.8887059596780098,1.007911756822453,10.33640623664053,10.612465931959235,10.13072517354037
2017-05-17 21:20:00+02:00,0.6582028043157121,4.87712785304293,6.2327539446487386,2.6772646552546395,0.503893935940567,1.5833109212270935,8.06303893408116,12.31365961227876,4.013850141182863,0.7666546416855969,1.5188728728277188,1.8029168921455427,0.46920780130745143,6.089814861538035,4.118019525092148,8.695822768436242,0.2398682305129235,0.4580154771250739,1.8295025142140247,3.5544154968854693,7.552681384542721,2.639052465391263,0.628532827782548,1.4644196886157759,2.068557569637385,12.038314008441759,0.2268713742768775,2.292943759968863,10.45341685918381,3.9076610719085254,1.8981263112109046,4.558686868489887,4.183670794916693,1.192132888821733,0.46689171244570826,3.4444346522330243,0.6040912102443134,0.23348434292568016,3.1989620435450847,3.920144135538172,4.566978978872456,1.2440146588380148,5.653444055501856,0.8322717772475214,2.4241721410938335,0.22343598590771277,1.2851039222426248,4.781642592396186,7.063704952491552,0.55657519148481,1.4159700257599777,0.4772239850427228,11.121871453429735,8.601145196335207,9.485306386294042,10.276977825451675,0.20034878843489887,8.106157429581053,2.08713378143155,2.9916002352709485,5.685171511380908,0.1588699434244809,7.266012292672064,7.482636455449801,7.41486998878987,4.276396385005572,1.2871670358027452,9.61976138643017,4.374874566639786,6.373303677274529,0.36007113960023174,5.101465961868171,3.835801308096344,0.9516046429170761,4.390973652791354,8.436727545394268,6.558992435784308,7.322577346108759,6.792386466808385,13.852326112588434,7.9752891974579825,2.1982470818139492,4.249880956440446,9.690109933302287,0.4769040354532512,2.1035167711250478,8.209541583259888,0.098633373176995,1.002501430777484,1.7177212062102252,5.423171871879916,0.3168063113197846,1.4501602650289558,4.880498602046777,0.11736263140125147,0.5918939427706357,6.607445222989846,13.991280159804734,0.8986289700624808,1.563112349107386,2.5724769191363945,0.5754119447526233,11.623245449708616,0.3419653698580955,13.58412901089362,5.3246732718347065,9.559190473952487,9.902866097137277,2.803756225128304,0.2769051241301992,1.0032409893846346,5.203521725463835,9.631771948588591,4.317625424871265,3.4619659276986035,0.420927719927341,1.9854801024866788,1.1984513632121083,6.050499509322909,4.769848185906826,2.243018676583627,14.10061244988288,2.0319440337297183,1.1328204581500392,10.162744893167297,10.33188289876816,10.005654195997705
2017-05-17 21:30:00+02:00,0.8168995042824811,4.368704081350955,6.74472188580649,2.559055599272111,0.8360540163676137,0.9747544499641766,7.425822159151369,11.71757626355891,3.607813433734662,1.7981757059456598,1.4581430253089795,1.9199838983361202,0.34788868816342433,6.545747237466276,3.3735839537087835,8.118725594671794,0.2636803066288282,0.4336587414612406,1.8954844408465585,3.195159992911123,6.688164523855924,3.153824208460601,0.9127169450330218,1.6163677103469891,2.1739918681003063,11.41288746071943,0.4400784204929484,2.5017333445455616,9.797344481317216,3.4915975558823886,2.0988313390463773,3.657800689052214,3.209964073289691,1.2389023464189786,0.3462099581546522,3.650693767267179,0.5290245866523378,0.3912200501606688,3.4417253869040807,4.2311901478152025,4.027732860294887,1.154636248546591,5.318783929789377,0.8834114662497193,2.642043592076589,0.19232648634500005,1.6980230825448706,4.169442076080067,7.314680419328947,0.7473613907134335,2.3088565039535967,0.23111650444323753,10.195848221234337,9.284501123497238,8.135961342767464,9.608018153758282,0.18593912360007978,8.8241189058747,2.3932989757263696,3.4481395544122004,5.8156502031790795,0.41136591548310103,6.541114931883815,7.916377420169741,6.566525556411329,3.08758635678139,1.3856177690203453,8.31672862502698,4.656598868633393,5.906040156760067,0.35227294649203755,4.5583237095690565,2.808816106099119,0.8695571878845575,4.032448974228519,7.868228401027041,4.558976549109565,6.327063182861164,6.9148817394884095,13.14319208458407,8.592497604764562,1.3867092292569068,3.8706817109246976,9.707268105625475,0.5805572829126029,1.8513637516995314,7.116792055748541,0.10243523603432839,1.8462896353871443,1.5816635621373647,5.320083815796819,0.5842697662216648,1.331636744500749,4.271559945126829,0.3237597604271225,0.6142934477644224,7.0005136115777615,13.304238482065763,1.290835282855905,1.6956724183668856,1.6431061962671787,0.7564515743406912,11.024139034845916,0.4534579606819504,12.74354934711984,5.453200769329418,9.569004072879716,9.962952110751209,3.1469780144981865,0.25914614535730396,0.8251702005827095,4.595181173586785,8.973337584176749,3.816065307082776,2.2890922242284386,0.6027242621312026,1.1314211854330185,1.9860139138255364,5.4544486150648055,4.950386354468156,1.973321341815722,13.407053631865804,1.9214436781514472,0.558081577359663,8.899899355700995,10.08533106664585,8.719542994123032
2017-05-17 21:40:00+02:00,0.6857306608614934,4.391766972612916,6.988598267669389,3.5112225994650554,0.6618418498602021,0.9150575250599625,7.204634055536034,11.363665677879727,3.0175936543484676,1.5662274393547597,1.7250386971256888,1.668668437286822,0.40728719162785265,6.857806034385719,3.5074720010990643,7.717384364844607,0.4261756792623134,0.4553935734641819,2.064075459134356,2.5783058967992014,6.9498991733113265,2.6762251524767153,1.1431909639200002,1.7412957683401966,1.9066696702229193,10.934244070068075,0.31092006594647936,2.120616023482711,9.36854235010501,2.9122628627877583,1.5589316731014116,4.399123391055226,4.14003507840243,1.3900294842063807,0.40501148374688717,4.313785713170731,0.5791823317999837,0.37158854896171384,4.010697628190168,4.757807762857932,4.038150264223526,1.3259916039884567,5.6040471168473545,0.9798867316287387,2.2351111475327334,0.3300636316515347,1.9433612927375938,3.788684186464672,7.948010456628779,0.6683771798321911,1.859490772076332,0.35349827253168103,10.030699182368712,10.285923586122625,7.644021513044165,9.21380896661097,0.24632892380612878,9.555300150650432,1.8069643096638162,3.0015329584431014,6.2951873129345355,0.9500880670329442,6.922231034014326,8.41608580305711,6.849159484173308,3.7991653397804264,2.507169251768189,7.817057655795388,5.202359648253787,6.124445139751865,0.47354540810807144,4.719772960947544,3.797846547031553,1.0902887311819136,3.631597095286595,7.459169664652805,5.233797978471183,6.774674270121371,7.555460635274135,12.167895652979448,8.596668428514038,1.4972397187807445,3.443557394699278,9.625507407117455,0.4456367979721285,2.3709814155866784,7.233248767801569,0.0857029437511965,1.4989402299996002,2.064319765013919,6.311690490176576,1.593052787608678,1.825831826204417,3.870655908324451,0.1985025050521903,0.8459769739555496,7.3592089636586495,12.359951696774466,1.4848311522769986,2.7474797116487286,1.8336808581903803,0.6536504620600425,10.668411670975742,0.3670579390686182,11.774366305559065,5.9258203918703485,9.513042132584072,9.850751330919248,3.667663040114587,0.31726569258049964,0.9254685710902137,4.386164914079026,8.790084806654168,3.7362709694122156,2.629827177725677,0.4759995458967198,1.2633584627501553,1.6433508791183895,5.755762354005509,5.546344639941922,2.467878582273701,12.48127929569483,3.0940866074956235,0.34357293339487194,8.481617370747395,10.068753457532177,8.273954416699485
2017-05-17 21:50:00+02:00,0.6270387325265908,4.339710854843051,8.962594068661542,3.1714794664864376,2.033291857950328,1.0750865055703063,6.286970951689669,11.601796983504935,3.627003360051366,2.5403266347559748,1.4034112110200259,2.039647869577677,0.3356577588230792,8.872463980285907,3.301195668393259,6.889632399184707,0.2781137974621162,0.4149645243100171,1.4029912136996399,3.0638893139993537,6.979928540797925,2.6468156841330788,0.49299769153311995,1.0960384094690618,2.31447354147188,11.261145617801084,0.44096414103532355,2.5745642774507416,8.34397322984477,3.397258927099265,1.804705162905065,4.1920947924941245,3.866144013384734,0.776951869214338,0.33361913143035715,3.2822999520647893,0.5314449088661237,0.39911345066323833,2.9644450498797963,3.9696850162111894,3.9037161885620058,1.0640377042100144,5.184796920724097,0.3558914520904577,2.7287005682307566,0.22078121518896987,1.2109699940460341,4.365448730726888,6.3807587893183735,0.6415847172776251,2.6604467375961662,0.2336994537943892,8.779453201171615,7.847375747639481,7.7078621356916495,8.186404566136595,0.2639862142626899,7.531610106373717,2.0323651227979327,2.978488140811591,7.00394486614402,0.7088628650810262,6.050302034074102,7.043885631063787,6.883312705804754,2.360053241603114,2.000589409327243,7.9088203557450605,4.3841735378857045,5.827973503003049,0.4389543777771508,4.561221196142854,3.4852972734881,0.8904472148513544,4.10209297507169,6.615426241716797,4.263696449405371,6.731397922305896,5.978032880204655,12.586852389876993,9.869023414635029,0.8670123587694825,3.9049819444962197,11.100473870177604,0.689294920010378,1.7817013334693987,7.124862656579365,0.10633381038597284,2.2225992301575714,1.4808750839050735,5.423205732583156,1.093391122770028,1.2123628471395924,4.471462251637023,0.20755442592232712,0.7068186136944284,9.315333966801544,12.780980250533553,0.7973502716580607,2.535368328509615,1.2155832809822555,0.6191767577770337,10.788281773059088,0.3843736901748746,12.184099088444372,6.677069993689157,10.94532237724953,11.299064759815296,2.6128892613320653,0.3674867469195435,0.9106013227135625,5.029596236160462,7.7712507330547576,3.58481652451507,1.4380837930921964,0.6663347880366978,0.6652131355164288,2.385052756355482,5.443266824214728,4.7422316677713034,1.8696626353092285,12.851651616297744,2.757425803265749,0.3359891977047295,8.522579993657738,11.485458913164422,8.31973985965855
2017-05-17 22:00:00+02:00,0.7299485182971525,4.415360248862594,7.476454633864556,2.808127785985108,1.4945751644688334,0.8393628721003925,6.82393650256954,11.310772254089976,4.717939358025021,1.7381857682561734,1.400260667115246,2.8334215815863657,0.37211447139749565,7.378377084,3.0407038410376757,7.5384955427179,0.23120472204391196,0.5578351818284497,2.034575095095701,4.050759665544088,8.11991497488626,3.031824332128322,0.5540728997317471,1.7985598048630358,3.0722875969256633,10.98344190123884,0.5066764076273718,3.3927596762133723,8.603749991105978,4.404824078588105,1.959485792230716,3.8818859025282344,3.649211661338579,1.5115648699662918,0.37017166366703536,3.584319526030312,0.5449991027099136,0.4491156662392048,3.0867676244568,4.316348192833869,3.8700085220724607,1.0729794690712975,5.601866873224575,1.2582479756541156,3.5866287225077738,0.2892501269511563,1.3132738986199533,5.49498886964312,6.969084714915073,0.7212493667960669,2.069748066323733,0.2612972027452669,8.937287675106992,8.859235924717712,8.792287025694154,8.417007681745018,0.25854437378193657,8.295457156900431,2.1262282740146894,3.3787845159190115,5.955305167954077,0.6346781975157418,6.526590502013945,7.7453588253608165,8.039012089619185,3.1979222337197926,1.8548017047627499,8.967110884342294,4.871682355278213,6.359748883131186,0.28010012716067295,4.6977958754017415,3.0884684608769697,0.6174762288195669,5.1408776880461895,7.056450955978322,4.20877472107366,5.921999343773194,6.628954072759555,12.120286493708667,8.7216023782248,1.7513115695612462,4.947957380479919,9.752996390426603,0.746711482861181,1.6159993214368187,8.3251669007912,0.07600051800005837,1.482657300400482,1.369752072222631,5.9235033086061595,0.9304384890190068,1.1349657360260543,5.561482930997656,0.1873934393720804,0.5098871885770381,8.015362997540226,12.313726111580454,0.8497951270473253,2.2423805748948666,2.2684335797909845,0.7369636046582628,10.418903953545927,0.448669052031499,11.776983127281381,5.604930231970038,9.56255049958978,9.986116760489699,2.708918818684328,0.329358219758506,0.9246657093486303,6.342759497888991,8.107092128085434,3.3720750103277193,2.429557619509541,0.7863972177752782,1.533431339598557,1.7220052700289836,5.952813531460884,5.251279054472811,1.697652425595282,12.383487078611921,2.4986162181634195,0.4644221716370245,9.5746620537339,10.202997046874794,9.431596165862013
2017-05-17 22:10:00+02:00,0.7112078538296481,4.547627519181658,7.9566690625603105,2.763685974640165,1.5845085545410598,0.6567316377405849,7.381864895210644,12.601695101186493,3.705083210563581,2.0530083874434815,1.4255659606088806,1.6975043806212582,0.3894400412127948,7.86777423007015,3.464303070461399,8.191836929138779,0.16126690485233205,0.5130693075637214,2.2317393569905866,2.8362757777497807,6.982315056779248,2.9370471898536534,0.49541073004230557,1.9537500512714152,1.8845733603918096,12.27796660465608,0.71440310543104,2.276230937436548,9.588123509641349,3.224159759589895,1.9933276871489662,4.015905254843586,3.5962662462824353,1.5997632558072565,0.38737375104249194,3.422825419411725,0.5360901216447904,0.335545565933271,3.0100231775387383,4.194502371250117,4.200558122318486,1.072904440303046,5.40786675503611,1.2743337489061917,2.4202509994899177,0.14566893642666412,1.2816369378616461,4.704745745454663,7.153257950537244,0.5322054504339532,2.0813957627804527,0.26408211526776443,9.911010162726155,9.1560430904923,7.959144787922091,9.43965793618579,0.23463603670872096,8.716814383828643,2.2050422143937634,3.3198718629708655,6.351937656578135,0.5551885186528277,6.8007436455517265,8.227226218719382,6.898529527909718,3.06148025773822,1.6008709232125027,8.106931468682932,4.701120784326365,6.589140782733671,0.3208414656094441,4.676201745856568,3.0431533561721005,0.7532435734137232,4.0176673161286915,7.802035105207751,4.281079157386359,6.324532975459181,6.778439930771688,13.667719117078537,9.48310948669687,1.7302469299484393,3.862801058845368,10.282762961722081,0.7872315897257254,1.6622181100912083,7.280116111292891,0.07023491780399893,1.456948896505002,1.386138748688895,5.7625487930075,0.7341414335147123,1.1998362978755812,4.766433629143031,0.2389353090988176,0.4751948025387584,8.468007630535471,13.823347254633225,0.8526943228913614,2.0045643115399607,2.24161997137425,0.7523145976980085,11.481430796656166,0.49571300761606774,13.293062400485336,6.0679242643961215,10.138829736278264,10.455677193128244,2.673956987780026,0.3394750647886194,0.8746429429665433,5.158490228122528,8.934079315987839,3.7855519974036254,2.45193939741836,1.0760728240195983,1.5547751221450345,1.6908885192039604,6.093570418691362,5.039510715990049,1.7427415723419188,13.891378980668836,2.264897237658054,0.42769561000465556,8.854400099011984,10.76184620129191,8.541736750348845
2017-05-17 22:20:00+02:00,0.6662837484017972,3.6930929718914567,6.489017461948196,2.549555593263473,1.2279749755940752,0.6844238210826789,6.807395748892906,10.990535111381023,3.5442369391509256,1.195060811167458,1.4692746010136475,1.419046759053507,0.40219508709115015,6.3833014313522005,2.5706864234124724,7.591879381433577,0.21573135193243162,0.5292386654255956,2.1178458420415334,2.546869661748688,7.0531737765934075,2.4458008259041097,0.48665994122171563,1.846390779217004,1.8057461021069203,10.658245194847453,0.9254709627449136,1.9601495360227872,8.714790771503164,2.9035874282119014,1.7681031555740265,3.6900082432243075,3.329346259894591,1.0799046568146908,0.4002740435817344,3.780781736096285,0.5473734120455446,0.3424115728963273,3.405012997250674,4.453087190544705,3.275581856166554,1.1389509431670755,4.550455746785152,0.6460366472471057,2.119558652151563,0.3828116849900274,1.6826532416932185,4.619203920685659,7.543587653724875,0.6228046339723723,1.938274632950383,0.1946052215122512,9.023308739342148,9.655110895132742,8.098701012315892,8.517961698291193,0.19847150174396597,9.14572657483566,1.938150350693078,2.8012897297815735,5.246389016166393,0.42096456790317593,5.819642733201952,8.668470515661559,6.98934019377768,2.829369874729429,1.466615754319426,8.2431358590725,4.980352456490101,5.603725428320443,0.43234309935195536,4.047042962180255,2.829638573077937,0.5070203632296665,3.932013685449166,7.1740333576530295,3.2837922835871476,4.473111904250697,7.242633337691351,11.901043560003135,8.111157114593674,1.3597900583494136,3.7550766755469853,8.951941107521314,0.688164016382296,1.6746704313528482,7.502167965478919,0.0569453132307205,1.5281487960482347,1.4027068169766066,5.877780329197995,0.6460190503523893,1.0167217007622826,4.673394454981846,0.31632889692773014,0.6253729082778636,6.7538547942929625,12.079361301019691,1.2566363335458934,1.9294046108166314,1.6230172837581829,0.8329370459641305,10.190221683221026,0.3800487092724038,11.600894012826316,4.884774893475473,8.794443201840515,9.385023625141429,3.130113873465142,0.2730273691834774,0.8213388473420852,5.25162705821392,8.088527633298584,2.903689850888925,1.8357526958223582,1.1257030636194323,0.9241741042791485,1.7857491147064937,5.22737973446468,5.254051730037357,1.738891662498927,12.161071974796926,2.1211830562559597,0.4306448207801831,8.864416792035414,9.655608854525164,8.663653327255377
2017-05-17 22:30:00+02:00,0.9057797769321082,4.565815749994678,7.07237002669124,2.20439807117089,1.5320392625497554,0.7496036009845979,6.956157448552201,11.485659915393946,3.4505368845882387,1.529439463966867,1.2185992649395319,1.1001889992570022,0.4493472762675256,6.7689731362844965,3.1195850006108863,7.801554925500093,0.24219269179233455,0.44304581854927927,2.8971240035962684,2.351440759577185,6.245312666038813,2.181192928776617,0.4973072581468441,2.6987819528956636,1.6527515044454333,11.20706220576327,0.8424497196154439,1.8392658407417624,8.821748119970051,2.8263701870365305,1.573630339210133,3.342774765437823,2.9376583826072706,1.705818570180006,0.4471742272263951,3.8063619383504985,0.6054397130334618,0.4104109134564835,3.337282395363562,4.393343279989419,4.153535111785704,0.9355395565231702,5.284610152239848,1.283229359334336,1.9697420330787436,0.30090366042308164,1.9032628074722346,3.9312358379879466,7.258177434862237,0.6968970999963464,2.0223889825653445,0.17374451300514088,9.102873196638674,9.237979461516375,7.123835996984643,8.637143727275944,0.1330618071702902,8.727205815390702,1.7657928793290787,2.6558576484722174,5.285109162296646,0.3504129252528268,6.644723795504004,8.239831005772519,6.190089506394676,4.155251968783833,1.336961610573112,7.284296534930299,4.835934544294572,5.972613281510624,0.4175446908035103,4.867768265761493,2.5216432499392765,0.5226533933511249,3.8582242576084993,7.361641594606377,4.375789901247241,5.892502289814212,6.9012198001946,12.388631570446028,8.62212257531276,2.1958472347074864,3.6896466489980946,9.500870108034226,0.5928886000207493,1.7755954817321427,6.578713813085379,0.048464382135394,1.6289657328485938,1.5763636508995496,5.695780426809336,0.5089533484027696,1.0258238540029732,3.9781229095213755,0.21964826267373583,0.6555943117855282,7.412963740050879,12.556216929762185,1.4838604556928192,1.7089051659719463,2.5277608301784316,0.6577747219324259,10.629225146250493,0.615720336527426,12.031182622584844,4.866802349989427,9.370470497295111,10.091137779176337,3.1154114863529174,0.23850967792070185,0.82941515197071,4.359725654722296,8.309788077285452,3.6841640528012864,3.2079018980205447,0.9968107517410701,1.602171940422679,1.8365969679076974,5.357591243403544,5.0560851113018455,1.8309668663971306,12.6206016193635,1.878561262236745,0.39085394480846386,7.918315817753512,10.377722504262257,7.704325809181273
2017-05-17 22:40:00+02:00,0.8565887442354597,3.7921125046392397,7.339952411397179,2.3601728929773977,1.1371571760310606,0.20754652918394068,8.648719035514501,12.902158782680203,3.0743946755164084,1.9574123994371169,1.3135960790567691,0.7872095391597472,0.4050268583893733,6.991620379327704,2.9987884209226388,9.469134257534936,0.22615843459546323,0.5005934585053375,2.7912850396888658,1.981892740704206,5.38230249670355,3.3117537728205866,0.4416378549634045,2.506999456964419,1.0245368548800027,12.652704083755568,0.8432416020612149,1.3985837961381964,10.694210975173975,2.4727124242865344,1.6838471048786403,3.7152582741612616,3.2258633977094524,1.3570171821634538,0.40306609735264165,3.701270010512145,0.50636926524824,0.3690750785765189,3.4184325853756317,4.4044353731510615,3.3698463332886064,1.0555429963666956,5.614147430826307,0.9720660154619944,1.6061536854455092,0.3724183313920232,1.9146227232208073,3.58115453897013,6.984262150267467,0.7054839514291531,2.149008975964944,0.23152881789037205,11.025604681723273,8.702563993337588,6.09916163967781,10.26842125565506,0.1461751617730684,8.326274668175389,1.8587981886788119,3.7960825122793223,5.918965580517289,0.4339868376579027,6.903989343530265,7.888045472513442,5.3209949829518,3.547387543655129,1.4732338118090207,6.203374187164451,4.895690802988952,6.185996160041323,0.3900779305772763,4.150617080719475,2.610064865006038,0.5096644535324728,3.5186104548770145,9.13869790443347,3.759036443018445,5.702838283071824,6.550098555430763,13.822902888830965,8.685290478507186,1.4437969467448664,3.301074582212265,9.094271063347858,0.7038679193095844,1.399318837225697,5.610969343877394,0.05916299471313058,1.6171502925046681,1.1138356163026424,5.616229439033405,0.7690989035033533,0.8895273423548431,3.6403013575155305,0.2408078443908706,0.6122733590470719,7.7514458571599665,14.04092093795536,1.5837497677482535,1.8349997402017104,1.8571380296997417,0.7234051161390144,12.15686695802978,0.5065274222004862,13.38826298979189,5.672473617897691,8.887301799907041,9.32192046680835,3.219253999316375,0.22348036618273598,0.7043938060311968,3.86083146776042,9.971979572780597,3.08439145577702,2.572121122439954,0.9175063483288435,1.2200556229093091,1.7760042190104832,5.677076543131985,5.0947925339594144,1.460896686796032,14.113472367166338,2.063148960423893,0.3761632358218933,6.699377293221303,9.676878488197211,6.533595796889573
2017-05-17 22:50:00+02:00,0.7946758737450679,3.1105364745028496,7.31546204661914,2.9798074111224633,1.6492928029202738,0.12621432133172605,7.045153141033906,12.02653574348206,2.6289165189980195,1.1815054860889984,1.2998034481058351,0.8926550272523183,0.597345422058772,7.00000198571072,2.075477456401108,7.696179129568341,0.2359637346616868,0.542265517337134,1.9130129677186827,1.9170757040353426,5.180052944377291,2.9129756698885663,0.4622884588718219,1.6447580216318562,1.066556832693817,11.819219727821766,0.5044242041367372,1.4475882446283972,9.117134811069127,2.257894807715806,0.9972666010512471,4.060367779748445,3.7862167873370627,1.2212886552660236,0.5942289179522615,2.9240917110957585,0.6900278962497339,0.3612998037364782,2.6161502920008366,3.6221918904118757,2.7889783479836376,1.085137987419612,5.079168823942565,0.8216131244541536,1.581183844651653,0.2741492324026503,1.1332387338101437,3.2280947944841003,6.978347702319702,0.7189677603345674,1.7324968937882606,0.27716082210710175,9.545843282927347,8.48600592464587,5.880854192652437,8.523602587625028,0.12852287255173783,8.032119349628243,1.226061498337041,3.247654623383372,5.399253624514231,0.6549261905192073,6.386178659272629,7.571104608511297,5.107790340529693,3.616830851886679,2.0214924904522364,5.9738477407677255,4.146911340378338,5.669453868028302,0.4197655576662381,3.384707062251252,3.293751490289705,0.5556101262293068,3.116070608537734,7.31743124854752,3.781737023930861,4.9594726239026015,6.341312864324513,13.102376693028308,8.91734347154819,1.5634406837698092,2.864082877914528,9.172823726751538,0.7158432563401669,1.4464686704613456,5.444416200425799,0.04799645815985187,1.196689286645189,1.183273181579038,5.175020136259425,1.1435112751202667,1.0192230040625034,3.274755804549086,0.12312818420067817,0.6479454243038097,7.742249050948439,13.355720025298151,0.8944518518174089,2.433889419952978,1.9991018359313102,0.6545224537677293,11.193347769205902,0.48080268409229754,12.463639854978837,5.230649897820028,9.041302155251413,9.60700358230048,2.426651365786193,0.2428234017522696,0.8785361443963715,3.5908142178820692,8.24848946290702,2.4757123528020477,2.706477267187257,0.5998195558052237,1.1237508766884274,1.3532391176464946,5.1910382651742095,4.336483911395774,1.520350889838979,13.455728292047105,2.7094654872786417,0.3361494383762994,6.448220475749261,9.81135775237722,6.217201142848508
2017-05-17 23:00:00+02:00,7.565920794646114,32.00252673488414,61.15575985752303,31.715166750898803,8.690314281849519,3.58180017613563,55.71078573606108,95.08555936050342,32.5791240222089,5.045890026722046,15.479659381003893,8.349493301932624,3.867768446763186,57.19827298854878,20.176522545394842,63.26056865951987,3.6723960754248615,4.013169963320686,16.48903710200104,24.126507128713573,75.3135925679027,15.480892425276775,4.049164875050519,12.60482621477922,12.223034233875474,91.39396633374733,7.9694348613617185,16.250427681896333,75.14093074271054,28.106887323591067,7.868721527005262,43.33685824434637,39.56965414338677,8.553142476502792,3.681744027006716,34.69754983645266,7.602542929798542,3.679835252096885,31.00059957228045,45.888455878551746,28.049860879394835,11.732276244860484,39.96868333420027,4.158889564051058,20.05690295715372,3.706184301892855,11.764117506934001,44.11516078641998,65.88237623112111,7.341872262949351,18.683283185475176,3.7348320859154343,79.04267290087293,85.33825772058579,83.35305189797164,71.25544554381803,3.7293983260600587,81.3807697394354,11.500955279640111,19.203018837169317,52.02833746258631,4.638777313124608,51.30683420996351,77.42224178743871,71.601061408181,30.42609860035399,20.255024638329715,87.0560569655253,49.86435917382094,47.7005718963397,4.240536486495309,35.83546858824629,35.54975617916705,4.315687370348955,40.348976056121785,59.48169414924847,33.979409922634446,38.906790461795765,61.617319490585174,103.24910558701895,68.87078130166867,11.813922999250401,36.46785583204759,76.12839256564547,11.192260237849018,16.200481525980205,79.32549210460553,3.534748070597145,11.362537677857958,12.27723384672511,57.589778735384755,8.826236440255713,8.462217396054369,47.7836200308638,3.7334026167791987,7.754993290013684,64.85020553229471,106.94452413793307,8.052315630381223,24.16716871030099,15.462763305680022,7.814607009281483,87.73169411925412,3.901761347382248,99.00540272130621,48.37992606724741,72.51429360631289,80.07780055324267,27.243340540748477,7.377867864286259,11.429397365056175,51.66983767495228,67.46107740717892,24.30378669628367,18.965715887698146,11.540759110480744,7.895831227845278,14.931553974001991,43.649884720399626,53.59499522025032,19.934033820420165,110.5075215416368,27.900752135620564,4.084381318279925,94.66268710006429,83.8712407134872,90.76494301849061
2017-05-17 23:10:00+02:00,3.8388594930638287,16.834918957338775,33.461172868798826,16.429257458424313,5.578176247052183,1.844016170812348,28.69318187099906,50.696203311829166,17.204344748252137,3.500346897845367,7.9827585168955935,4.561293125525726,2.0585983056608215,31.589965658867097,10.946670608056804,32.692363689082136,1.840591392139571,2.091751667087598,9.091043251158691,12.793036184920107,39.03706120510644,7.869520216149847,2.144630624798427,7.032455268803164,6.615900455081619,48.84839964900324,4.115730478590247,8.734784723793844,39.17298560671536,14.892263356763008,3.967528585093214,22.392320696092323,20.5185864335008,4.648387652724744,2.0069565976458197,18.088039016007727,3.9940868566358185,1.8183354366207514,16.224360185609825,23.903988202031396,14.763213575112477,6.119956368857312,20.910986556465215,2.2950717439552983,10.655070874713406,1.9608334877800553,6.312157902191119,22.964428773388654,33.83222477284931,3.6990215249195555,9.640868695319666,1.8975535700857713,41.31405038135797,43.958196589295085,43.31204795159411,37.14323091464873,1.876986060735203,41.80970867070698,5.8264288864161875,9.89931764652493,27.74324953063832,2.347102523229559,26.47268270043528,39.69010695114368,37.20634955064263,16.1388507396799,10.195283692715881,45.24234928464101,25.986847872793444,24.710858173901322,2.3168057157855237,18.82927762248348,18.4253638215135,2.415396516127198,21.13682162386563,30.56709415431696,17.960111136985464,21.417128895868018,32.05971523817183,54.53399301321905,37.522140300319265,6.203778202014892,19.097473257859225,41.25514757369533,5.816370677638212,8.715994218848063,41.21399445140631,1.7357545325797554,5.823431380580129,6.648204853142159,30.145064633710906,4.2547300756216595,4.610333268766388,24.731781581437755,1.8653664044305809,4.108330596830992,35.60875978646384,56.5244636164132,4.51311410889735,12.459297113710477,8.337496319599994,3.9751703931486575,46.88908111637294,1.9579653325104733,52.76631097798189,25.892055840157745,39.38308852646449,43.19935529384054,14.292393550441073,3.7083699144365454,5.9406436343194775,26.654832543552637,35.072198111914574,12.888397141398556,10.07429407814512,5.8579443878345945,4.26728831611228,7.595753789605212,22.717714671559406,27.91210004645538,10.551596401719634,58.39573321474908,14.35284868482451,2.141253806795112,49.00183254896797,45.11307185229775,47.041990682861254
2017-05-17 23:20:00+02:00,0.950932833013486,3.0027158921604324,5.9997182992944955,2.507317898513299,1.551326355922356,0.18847422880029113,5.242177487608437,9.060192843711913,2.5606587153641085,0.8355352373502382,1.2229136219387724,0.7104985535962897,0.35661623530420133,5.794783837854546,1.9473509729278355,5.607622031227823,0.14090284472992515,0.45582047849224117,1.8067594244551097,1.5974025301019605,5.1799561689466,1.1623732268101243,0.4025912757846072,1.4528239616276755,0.8991055944969107,8.893819583606213,0.6402481490168546,1.1760358468121874,6.708434566177594,2.106350540054917,0.6691913260923571,3.270170289957252,3.1410298780802344,1.0594838646270677,0.3551599692352563,2.5180281004793414,0.47516772028790477,0.07797649318456865,2.365900676343085,3.3618129561818777,2.6667424765207732,1.0573763746571303,3.4934664714764225,0.5063336993069948,1.3070928696466482,0.24198807559392072,0.9199967027710412,3.03872352562354,4.77273400129208,0.3059114109165849,1.6893063930156307,0.20576614963159498,7.1187928083888785,6.404584514987537,5.617027951393715,6.361728518579958,0.21421762640796266,5.924323127134085,0.9146615461512266,1.6668336135073587,4.30560884012165,0.5702017309226654,4.34263145919856,5.522579074115103,5.014214580790653,2.3386777031537838,1.5681942381528087,5.7591693223220615,3.8173134664317843,4.289413091617178,0.5515331483513948,3.245288720767313,2.8302761087498576,0.5653899559902077,2.9397505590596844,5.371625606474164,2.480974548709023,3.313653379247357,4.686518173521949,9.350363790751178,6.518045944822442,1.0135589732488264,2.7020230806910446,6.836020153475525,0.8453189894388525,1.5820316987209249,5.409732492011901,0.05376710070345564,1.2692619916037469,1.2240625650779924,4.51997005926622,0.8871732950139324,1.0416993708597546,3.0924749027468112,0.18722190120023652,0.6852308868537329,6.352068086699026,9.591536595299265,0.8045639193128657,2.11380549752075,1.3644852328762591,0.6432460324058236,8.659530076477717,0.723201191544699,9.264087204776349,4.102933391194861,6.7032560053836345,7.0310810421445185,2.142681590130529,0.43011972254928177,0.7059499512372227,3.2706761235177364,6.168884384907309,2.519221753070221,1.4175823092429904,0.7503428777077158,0.8200488371104958,1.4161006862615728,3.5837661558069556,4.041676647624898,1.7508215765345028,9.847592260264182,2.3165267120137805,0.29076001600674584,6.143878621847055,7.226834774218968,5.8742968590975035
2017-05-17 23:30:00+02:00,0.5894120394787323,2.6869253176076247,5.651692861058626,2.177957763369776,1.4493063689820551,0.1574391099719344,5.453015485081808,9.53532740653889,2.4771647181224914,0.825390611598301,1.0517376725077867,0.7975549000452586,0.15542816295138506,5.32434425119016,1.954379246237541,5.832589179671743,0.1625040960113395,0.24026940653311218,1.8687194211044458,1.6950481250257479,4.909433804357195,1.1671111379654442,0.2370060568610816,1.7134531673242506,0.876526632953365,9.36914097668592,0.7617614880747096,1.196857980579122,7.22012235157459,1.8810233892141328,0.6785679585542075,2.8925080584182092,2.7436588882581376,0.8025539259064456,0.15485506098210203,2.6171360454395374,0.26091670544360523,0.09440177383585394,2.528562088577222,3.398027312414086,2.3414990163745495,0.8908677648856627,3.1748808537188475,0.4535167612738122,1.3426642508998423,0.23627335372701508,1.2905051213601266,3.0788891909331975,4.398992203574615,0.27014739993472053,1.3155473011873633,0.22336504679867109,7.691734130018898,5.805389910605305,5.425569989192017,6.799895743904933,0.18234431401180115,5.489337391417578,0.9147192627781587,1.3515996076213843,3.9183357598364035,0.5649872796151413,3.7676612063883494,5.252730956099562,4.7214746921658595,2.2453750895740487,1.4733556564031252,5.5339383411612015,3.638003914801284,3.694591659383575,0.3552713628332381,2.923938729369422,2.4534505784527227,0.6938178663792948,2.965770644023676,5.604216569814533,2.330835000234617,3.118726704230802,4.303391764836966,9.908239279789877,6.3183736550094265,0.9089213888291681,2.6401372467029685,6.6098221118876905,0.7828781076036444,1.2602491114606222,5.155741747923267,0.0424517728713364,0.8437989418814087,1.1122931368407158,4.148031103179804,1.0351772969620447,1.0348263906243755,3.1213065209784183,0.1665367030569427,0.5162403156375878,6.165335551761561,10.234836705571105,1.1499178391122373,1.6790105677668723,1.420759140623844,0.4069852058346212,9.14074479122901,0.4096661007383817,9.812147010545871,3.6717010218197883,6.4646292788340345,6.803246476576584,2.341202657433717,0.32297306897834227,0.45115061577455917,3.2822311753907423,6.525793083415346,2.249728916492336,1.4934949046879245,0.8538344333186572,0.716604632762407,0.9862814886899832,3.2870996260373673,3.826838734837559,1.453937954706153,10.563315868770271,1.9014479447088797,0.3554112108471306,5.927903306545182,6.955219337154419,5.6685233821613465
2017-05-17 23:40:00+02:00,0.5619538538671982,2.942745137967369,4.537798307879373,1.820844622421516,1.0960784899254887,0.12839561930491145,4.678459354064075,8.5263322649978,2.948856416991772,0.35702023275425043,1.0718615508993996,1.034381956378128,0.17381543153244186,4.173495661201766,2.386510399502063,4.925090270615202,0.15421890789046208,0.2415095475832173,2.2891921528616233,1.8765784029360504,4.990104454647335,1.2689471914411081,0.1582057528809422,2.1556677318277546,1.1913322565285922,8.31409438630472,0.6683817668510075,1.4742802460129258,6.312375476101016,2.4036183428943825,0.6213776063046196,2.6477400134040563,2.551072444194633,0.8568954201540582,0.1732679531234658,2.987699906763493,0.25168612175890287,0.06029681083130624,2.8906281008790877,3.7283582370569905,2.760113400162983,0.859654703466768,3.3769157870523534,0.43927332657784157,1.5607821215884043,0.21983571935292276,1.6423304371774612,3.5648060180420695,4.996326498711659,0.2554350075210651,1.2813141817448632,0.18610725370526313,6.8123882000586375,6.2344024467282315,5.481964414801366,5.73186662743239,0.12168901080708291,5.942421369531918,1.033780869935579,1.7948057200975456,3.1480839096711226,0.4939626388395635,3.9351719508395284,5.788766501185209,4.942725206670918,2.28976440595746,1.1706475352056551,5.563850313163299,3.9623800258334905,3.856773708645558,0.42878588017847996,3.140517692511221,2.126871127067805,0.5710227128683801,3.447207280439165,4.775249203021897,2.3838127062966197,2.732353605423769,4.891946393366502,8.878855668697547,5.075390894852438,0.9994563715689383,3.103253273870217,5.281687802560512,0.7415990854160547,1.1588021247410532,5.232518479285189,0.059138218387640544,0.8708154204937033,1.038502901987014,4.7861280978549425,0.7213372975799666,0.8715070791457663,3.62147409543557,0.12828042076821,0.5799364179344532,4.973908703471319,9.217532318341332,1.4615074617128938,1.4064943200074578,1.4413638740242498,0.3597645651517545,7.8873473351923105,0.3635234405126872,8.776425171305917,2.995734535203156,5.196263929440721,5.539931087445488,2.698988206339665,0.26708883459378396,0.45636958483776957,3.7458232725229914,5.495254363616761,2.663021172379788,1.5203309086466832,0.7927226057608455,0.7395456365935018,0.9996430619207387,3.4927746882958854,4.159680031970348,1.2060527852531138,9.586634989164509,1.584931359505028,0.3159271380057712,6.025596161001111,5.760589952844053,5.735761548106997
2017-05-17 23:50:00+02:00,0.7482941203145549,2.5029398395730493,4.718369513152582,2.1875468564681153,1.213602056560776,0.06671210696806353,5.372367248176813,12.149455502849547,2.7520070923654454,0.28866447305152015,0.8009903790835019,0.8373177699351456,0.18732293930524502,4.38507241369831,1.9956729981364982,5.612612876089404,0.11512775309081462,0.2309235743750416,1.9512456751634675,1.777781805483101,8.093662755944424,1.185803235629857,0.12869217542898576,1.730375783508536,0.9694337637427051,12.028988492672784,0.6772231148014729,1.3622227690605686,10.136473602553133,2.188688744764304,0.6051351431635328,2.774013647528738,2.701795442583421,1.1416024975341899,0.18670137314361251,2.0849595124521985,0.23809983009828534,0.08770281535016207,1.9932131764430756,2.8294831147015023,2.2768903936692615,0.6809633578056175,2.9390421013146177,0.6578143030333001,1.4413913795174786,0.28659855369292814,0.8982675833875359,3.305863563044373,3.9113012620603254,0.2889257610234324,1.4378333646100434,0.19672697701482797,10.481278097425943,5.058686083075002,8.640292411329924,9.864824368833599,0.0772274865486229,4.809242019994756,1.0222705824977334,1.5863005515715192,3.222138046511802,0.631488133747832,3.6396772329531846,4.684172767739351,8.028372517768464,2.5268780704880025,1.401615433376157,8.693207425869197,3.051326791580655,3.5653686534934677,0.4856291991240314,2.769942968370442,2.4640912913911865,3.9616362417699413,3.2270606321121873,5.449048604386316,2.568406549969244,2.8564456546223083,3.8340575734305533,12.462041151071187,5.310406665529889,1.1290708815495605,2.8671911443192775,5.453533260289042,0.7452985041014677,4.548582319677973,8.403734617004883,0.046705375093404375,0.9390553656425821,4.332646643537177,3.6997607754958315,0.8553974207330756,4.2024791451568175,3.349006365447196,0.1230976919350268,0.5961328030544706,5.182300498851558,12.812281135217498,0.7303031713672925,1.6577539401161885,1.590284730557317,0.33572975543595407,11.676709100271083,0.5483194466630666,12.385654729731607,3.061991206907889,5.3770127471824285,5.650457789086408,1.6941140532886874,0.40513598635094694,0.5474181250156969,3.4609243816960067,9.521420053450456,2.185819089274802,1.659544735964016,0.7763876742332609,0.9373625872573809,1.0449319217538933,3.014776006238114,3.352694668542164,4.6139232621496875,12.988360915147629,1.8534101255942272,0.3414833535220833,9.127579668407124,5.805104998668143,8.853626917755216
