timestamp,0,1,2,3,4,5,6,7,8,9,10,11,12,13,14,15,16,17,18,19,20,21,22,23,24,25,26,27,28,29,30,31,32,33,34,35,36,37,38,39,40,41,42,43,44,45,46,47,48,49,50,51,52,53,54,55,56,57,58,59,60,61,62,63,64,65,66,67,68,69,70,71,72,73,74,75,76,77,78,79,80,81,82,83,84,85,86,87,88,89,90,91,92,93,94,95,288
2017-05-17 00:00:00+02:00,1.012,1.008,1.017,1.012,1.017,1.013,1.015,1.017,1.015,1.016,1.011,1.013,1.018,1.01,1.017,1.016,1.017,1.013,1.017,1.017,1.01,1.017,1.016,1.017,1.009,1.015,1.016,1.012,1.011,1.009,1.009,1.017,1.016,1.011,1.018,1.015,1.014,1.017,1.017,1.008,1.017,1.014,1.009,1.01,1.017,1.017,1.017,1.008,1.017,1.017,1.015,1.017,1.017,1.018,1.008,1.009,1.018,1.018,1.015,1.009,1.014,1.017,1.018,1.008,1.015,1.008,1.016,1.009,1.017,1.016,1.01,1.011,1.016,1.018,1.016,1.009,1.015,1.017,1.017,1.009,1.009,1.017,1.012,1.008,1.015,1.009,1.015,1.018,1.017,1.018,1.018,1.017,1.015,1.017,1.017,1.017,1.025
2017-05-17 00:10:00+02:00,1.015,1.012,1.019,1.015,1.019,1.016,1.017,1.019,1.018,1.018,1.014,1.016,1.02,1.013,1.019,1.018,1.019,1.016,1.019,1.019,1.013,1.019,1.018,1.019,1.012,1.018,1.019,1.015,1.014,1.013,1.013,1.019,1.018,1.014,1.02,1.017,1.017,1.019,1.019,1.012,1.019,1.017,1.012,1.014,1.02,1.019,1.02,1.012,1.019,1.02,1.017,1.02,1.019,1.02,1.012,1.012,1.02,1.02,1.017,1.012,1.017,1.019,1.02,1.012,1.018,1.012,1.018,1.012,1.019,1.018,1.013,1.014,1.018,1.02,1.018,1.012,1.017,1.019,1.019,1.012,1.013,1.019,1.015,1.012,1.018,1.012,1.018,1.02,1.019,1.02,1.02,1.019,1.018,1.019,1.019,1.019,1.025
2017-05-17 00:20:00+02:00,1.016,1.013,1.02,1.016,1.02,1.016,1.018,1.02,1.018,1.018,1.015,1.016,1.021,1.014,1.019,1.019,1.02,1.017,1.019,1.019,1.014,1.02,1.019,1.02,1.013,1.018,1.019,1.016,1.015,1.014,1.014,1.02,1.019,1.015,1.02,1.018,1.018,1.019,1.019,1.013,1.019,1.018,1.013,1.015,1.02,1.019,1.02,1.013,1.02,1.02,1.018,1.02,1.02,1.02,1.013,1.013,1.02,1.02,1.018,1.013,1.017,1.019,1.021,1.013,1.018,1.013,1.019,1.013,1.019,1.019,1.014,1.015,1.018,1.02,1.019,1.014,1.018,1.02,1.02,1.013,1.014,1.019,1.016,1.013,1.018,1.013,1.018,1.02,1.019,1.02,1.02,1.019,1.018,1.019,1.02,1.019,1.025
2017-05-17 00:30:00+02:00,1.017,1.015,1.02,1.017,1.02,1.018,1.019,1.02,1.019,1.019,1.016,1.017,1.021,1.016,1.02,1.019,1.02,1.018,1.02,1.02,1.016,1.02,1.019,1.02,1.015,1.019,1.02,1.017,1.017,1.016,1.015,1.02,1.019,1.016,1.021,1.019,1.019,1.02,1.02,1.015,1.02,1.018,1.015,1.016,1.02,1.02,1.02,1.015,1.02,1.02,1.019,1.02,1.02,1.021,1.015,1.015,1.021,1.02,1.019,1.015,1.018,1.02,1.021,1.015,1.019,1.015,1.019,1.015,1.02,1.019,1.016,1.017,1.019,1.021,1.019,1.015,1.019,1.02,1.02,1.015,1.015,1.02,1.017,1.015,1.019,1.015,1.019,1.02,1.02,1.021,1.021,1.02,1.019,1.02,1.02,1.02,1.025
2017-05-17 00:40:00+02:00,1.018,1.015,1.02,1.018,1.02,1.018,1.019,1.02,1.019,1.019,1.017,1.018,1.021,1.017,1.02,1.02,1.02,1.019,1.02,1.02,1.016,1.02,1.02,1.02,1.015,1.019,1.02,1.018,1.017,1.016,1.016,1.02,1.02,1.017,1.021,1.019,1.019,1.02,1.02,1.016,1.02,1.019,1.016,1.017,1.021,1.02,1.021,1.016,1.02,1.021,1.019,1.021,1.021,1.021,1.016,1.016,1.021,1.021,1.019,1.016,1.019,1.02,1.021,1.015,1.019,1.015,1.02,1.016,1.02,1.02,1.017,1.017,1.019,1.021,1.019,1.016,1.019,1.021,1.021,1.016,1.016,1.02,1.018,1.015,1.019,1.016,1.019,1.021,1.02,1.021,1.021,1.02,1.019,1.02,1.02,1.02,1.025
2017-05-17 00:50:00+02:00,1.019,1.016,1.021,1.019,1.021,1.019,1.02,1.021,1.019,1.019,1.018,1.019,1.021,1.017,1.021,1.02,1.021,1.019,1.02,1.021,1.017,1.021,1.02,1.021,1.016,1.019,1.021,1.019,1.018,1.017,1.017,1.021,1.02,1.018,1.021,1.02,1.019,1.021,1.021,1.016,1.021,1.019,1.016,1.018,1.021,1.021,1.021,1.016,1.021,1.021,1.019,1.021,1.021,1.021,1.016,1.017,1.021,1.021,1.019,1.017,1.019,1.021,1.022,1.016,1.019,1.016,1.02,1.016,1.02,1.02,1.017,1.018,1.019,1.021,1.02,1.017,1.019,1.021,1.021,1.016,1.017,1.021,1.018,1.016,1.019,1.016,1.019,1.021,1.021,1.021,1.021,1.021,1.02,1.021,1.021,1.021,1.025
2017-05-17 01:00:00+02:00,1.019,1.017,1.021,1.019,1.021,1.019,1.02,1.021,1.02,1.02,1.019,1.019,1.022,1.018,1.021,1.02,1.021,1.02,1.021,1.021,1.018,1.021,1.021,1.021,1.018,1.02,1.021,1.019,1.019,1.018,1.018,1.021,1.021,1.019,1.021,1.02,1.02,1.021,1.021,1.018,1.021,1.02,1.018,1.019,1.021,1.021,1.021,1.018,1.021,1.021,1.02,1.021,1.021,1.022,1.018,1.018,1.022,1.021,1.02,1.018,1.02,1.021,1.022,1.017,1.02,1.017,1.021,1.018,1.021,1.02,1.018,1.019,1.02,1.022,1.02,1.018,1.02,1.021,1.021,1.018,1.018,1.021,1.019,1.017,1.02,1.018,1.02,1.021,1.021,1.022,1.022,1.021,1.02,1.021,1.021,1.021,1.025
2017-05-17 01:10:00+02:00,1.019,1.017,1.021,1.019,1.021,1.019,1.02,1.021,1.019,1.02,1.018,1.019,1.022,1.018,1.021,1.02,1.021,1.019,1.021,1.021,1.018,1.021,1.02,1.021,1.017,1.019,1.021,1.019,1.018,1.018,1.018,1.021,1.02,1.018,1.021,1.02,1.02,1.021,1.021,1.017,1.021,1.02,1.017,1.018,1.021,1.021,1.021,1.017,1.021,1.021,1.019,1.021,1.021,1.022,1.017,1.017,1.022,1.021,1.019,1.017,1.02,1.021,1.022,1.017,1.019,1.017,1.021,1.017,1.02,1.02,1.018,1.018,1.019,1.022,1.02,1.017,1.019,1.021,1.021,1.017,1.017,1.021,1.019,1.017,1.019,1.017,1.019,1.021,1.021,1.022,1.022,1.021,1.02,1.021,1.021,1.021,1.025
2017-05-17 01:20:00+02:00,1.021,1.019,1.022,1.021,1.022,1.021,1.022,1.022,1.021,1.021,1.02,1.021,1.023,1.02,1.022,1.022,1.022,1.021,1.022,1.022,1.02,1.022,1.022,1.022,1.019,1.021,1.022,1.021,1.02,1.019,1.019,1.022,1.022,1.02,1.023,1.021,1.021,1.022,1.022,1.019,1.022,1.021,1.019,1.02,1.022,1.022,1.022,1.019,1.022,1.023,1.021,1.022,1.022,1.023,1.019,1.019,1.023,1.023,1.021,1.019,1.021,1.022,1.023,1.019,1.021,1.019,1.022,1.019,1.022,1.022,1.02,1.02,1.021,1.023,1.021,1.019,1.021,1.022,1.022,1.019,1.019,1.022,1.02,1.019,1.021,1.019,1.021,1.023,1.022,1.023,1.023,1.022,1.022,1.022,1.022,1.022,1.025
2017-05-17 01:30:00+02:00,1.02,1.018,1.022,1.02,1.022,1.02,1.021,1.022,1.021,1.021,1.02,1.02,1.023,1.019,1.022,1.021,1.022,1.021,1.022,1.022,1.019,1.022,1.021,1.022,1.019,1.021,1.022,1.02,1.02,1.019,1.019,1.022,1.021,1.02,1.022,1.021,1.021,1.022,1.022,1.019,1.022,1.021,1.019,1.02,1.022,1.022,1.022,1.019,1.022,1.022,1.021,1.022,1.022,1.022,1.019,1.019,1.022,1.022,1.021,1.019,1.021,1.022,1.023,1.019,1.021,1.018,1.022,1.019,1.022,1.021,1.019,1.02,1.021,1.023,1.021,1.019,1.021,1.022,1.022,1.019,1.019,1.022,1.02,1.019,1.021,1.019,1.021,1.022,1.022,1.022,1.023,1.022,1.021,1.022,1.022,1.022,1.025
2017-05-17 01:40:00+02:00,1.02,1.019,1.022,1.02,1.022,1.02,1.021,1.022,1.021,1.021,1.02,1.02,1.022,1.019,1.022,1.022,1.022,1.021,1.022,1.022,1.019,1.022,1.022,1.022,1.019,1.021,1.022,1.02,1.02,1.019,1.019,1.022,1.022,1.02,1.022,1.021,1.021,1.022,1.022,1.019,1.022,1.021,1.019,1.02,1.022,1.022,1.022,1.019,1.022,1.022,1.021,1.022,1.022,1.022,1.019,1.019,1.022,1.022,1.021,1.019,1.021,1.022,1.023,1.019,1.021,1.019,1.022,1.019,1.022,1.022,1.02,1.02,1.021,1.022,1.021,1.019,1.021,1.022,1.022,1.019,1.019,1.022,1.02,1.019,1.021,1.019,1.021,1.022,1.022,1.022,1.022,1.022,1.021,1.022,1.022,1.022,1.025
2017-05-17 01:50:00+02:00,1.021,1.019,1.022,1.021,1.022,1.021,1.021,1.022,1.021,1.022,1.02,1.021,1.023,1.02,1.022,1.022,1.022,1.021,1.022,1.022,1.02,1.022,1.022,1.022,1.019,1.021,1.022,1.021,1.02,1.019,1.019,1.022,1.022,1.02,1.022,1.021,1.021,1.022,1.022,1.019,1.022,1.021,1.019,1.02,1.022,1.022,1.022,1.019,1.022,1.022,1.021,1.022,1.022,1.022,1.019,1.019,1.022,1.022,1.021,1.019,1.021,1.022,1.023,1.019,1.021,1.019,1.022,1.019,1.022,1.022,1.02,1.02,1.021,1.023,1.022,1.019,1.021,1.022,1.022,1.019,1.019,1.022,1.02,1.019,1.021,1.019,1.021,1.022,1.022,1.022,1.023,1.022,1.021,1.022,1.022,1.022,1.025
2017-05-17 02:00:00+02:00,1.021,1.02,1.023,1.021,1.023,1.021,1.022,1.023,1.022,1.022,1.021,1.021,1.023,1.021,1.022,1.023,1.023,1.022,1.023,1.023,1.02,1.023,1.023,1.023,1.02,1.022,1.022,1.021,1.021,1.02,1.02,1.023,1.023,1.021,1.023,1.022,1.022,1.023,1.022,1.02,1.023,1.022,1.02,1.021,1.023,1.023,1.023,1.02,1.023,1.023,1.022,1.023,1.023,1.023,1.02,1.02,1.023,1.023,1.022,1.02,1.022,1.023,1.023,1.02,1.022,1.02,1.022,1.02,1.023,1.023,1.021,1.021,1.022,1.023,1.022,1.02,1.022,1.023,1.023,1.02,1.02,1.023,1.021,1.02,1.022,1.02,1.022,1.023,1.022,1.023,1.023,1.022,1.022,1.022,1.023,1.022,1.025
2017-05-17 02:10:00+02:00,1.022,1.02,1.023,1.022,1.023,1.022,1.022,1.023,1.022,1.022,1.021,1.022,1.023,1.021,1.023,1.023,1.023,1.022,1.023,1.023,1.021,1.023,1.023,1.023,1.02,1.022,1.023,1.022,1.021,1.021,1.021,1.023,1.023,1.021,1.023,1.022,1.022,1.023,1.023,1.02,1.023,1.022,1.02,1.021,1.023,1.023,1.023,1.02,1.023,1.023,1.022,1.023,1.023,1.023,1.02,1.02,1.023,1.023,1.022,1.02,1.022,1.023,1.023,1.02,1.022,1.02,1.023,1.02,1.023,1.023,1.021,1.021,1.022,1.023,1.023,1.02,1.022,1.023,1.023,1.02,1.021,1.023,1.021,1.02,1.022,1.02,1.022,1.023,1.023,1.023,1.023,1.023,1.022,1.023,1.023,1.023,1.025
2017-05-17 02:20:00+02:00,1.022,1.02,1.023,1.022,1.023,1.022,1.022,1.023,1.022,1.022,1.021,1.022,1.023,1.021,1.022,1.022,1.023,1.022,1.023,1.023,1.021,1.023,1.022,1.023,1.02,1.022,1.022,1.022,1.021,1.021,1.021,1.023,1.022,1.021,1.023,1.022,1.022,1.023,1.022,1.02,1.023,1.022,1.02,1.021,1.023,1.023,1.023,1.02,1.023,1.023,1.022,1.023,1.023,1.023,1.02,1.02,1.023,1.023,1.022,1.02,1.022,1.023,1.023,1.02,1.022,1.02,1.023,1.02,1.023,1.022,1.021,1.021,1.022,1.023,1.022,1.02,1.022,1.023,1.023,1.02,1.021,1.023,1.021,1.02,1.022,1.02,1.022,1.023,1.022,1.023,1.023,1.022,1.022,1.022,1.023,1.023,1.025
2017-05-17 02:30:00+02:00,1.022,1.02,1.023,1.022,1.023,1.022,1.022,1.023,1.022,1.022,1.021,1.022,1.023,1.021,1.023,1.023,1.023,1.022,1.023,1.023,1.021,1.023,1.023,1.023,1.021,1.022,1.023,1.022,1.022,1.021,1.021,1.023,1.023,1.021,1.023,1.022,1.022,1.023,1.023,1.021,1.023,1.022,1.021,1.021,1.023,1.023,1.023,1.021,1.023,1.023,1.022,1.023,1.023,1.023,1.021,1.021,1.023,1.023,1.022,1.021,1.022,1.023,1.023,1.021,1.022,1.02,1.023,1.021,1.023,1.023,1.021,1.022,1.022,1.023,1.022,1.021,1.022,1.023,1.023,1.021,1.021,1.023,1.022,1.021,1.022,1.021,1.022,1.023,1.023,1.023,1.023,1.023,1.022,1.023,1.023,1.023,1.025
2017-05-17 02:40:00+02:00,1.022,1.02,1.023,1.022,1.023,1.022,1.022,1.023,1.022,1.022,1.021,1.022,1.023,1.021,1.023,1.022,1.023,1.022,1.023,1.023,1.021,1.023,1.022,1.023,1.021,1.022,1.023,1.022,1.021,1.021,1.021,1.023,1.022,1.021,1.023,1.022,1.022,1.023,1.023,1.021,1.023,1.022,1.021,1.021,1.023,1.023,1.023,1.021,1.023,1.023,1.022,1.023,1.023,1.023,1.021,1.021,1.023,1.023,1.022,1.021,1.022,1.023,1.023,1.021,1.022,1.02,1.023,1.021,1.023,1.022,1.021,1.021,1.022,1.023,1.022,1.021,1.022,1.023,1.023,1.021,1.021,1.023,1.022,1.021,1.022,1.021,1.022,1.023,1.023,1.023,1.023,1.023,1.022,1.023,1.023,1.023,1.025
2017-05-17 02:50:00+02:00,1.021,1.02,1.022,1.021,1.022,1.021,1.022,1.022,1.022,1.022,1.021,1.021,1.023,1.02,1.022,1.022,1.022,1.021,1.022,1.022,1.02,1.022,1.022,1.022,1.02,1.022,1.022,1.021,1.021,1.02,1.02,1.022,1.022,1.021,1.023,1.022,1.022,1.022,1.022,1.02,1.022,1.022,1.02,1.021,1.022,1.022,1.022,1.02,1.022,1.023,1.022,1.022,1.022,1.023,1.02,1.02,1.023,1.023,1.022,1.02,1.022,1.022,1.023,1.02,1.022,1.02,1.022,1.02,1.022,1.022,1.02,1.021,1.022,1.023,1.022,1.02,1.022,1.023,1.023,1.02,1.02,1.022,1.021,1.02,1.022,1.02,1.022,1.023,1.022,1.023,1.023,1.022,1.022,1.022,1.022,1.022,1.025
2017-05-17 03:00:00+02:00,1.021,1.02,1.022,1.021,1.023,1.021,1.022,1.022,1.022,1.022,1.021,1.021,1.023,1.02,1.022,1.022,1.023,1.022,1.023,1.023,1.02,1.022,1.022,1.022,1.02,1.022,1.022,1.021,1.021,1.02,1.02,1.022,1.022,1.021,1.023,1.022,1.022,1.023,1.022,1.02,1.023,1.022,1.02,1.021,1.023,1.023,1.023,1.02,1.023,1.023,1.022,1.023,1.023,1.023,1.02,1.02,1.023,1.023,1.022,1.02,1.022,1.023,1.023,1.02,1.022,1.02,1.022,1.02,1.023,1.022,1.021,1.021,1.022,1.023,1.022,1.02,1.022,1.023,1.023,1.02,1.02,1.023,1.021,1.02,1.022,1.02,1.022,1.023,1.022,1.023,1.023,1.022,1.022,1.022,1.022,1.023,1.025
2017-05-17 03:10:00+02:00,1.022,1.02,1.023,1.022,1.023,1.022,1.022,1.023,1.023,1.023,1.021,1.022,1.023,1.021,1.023,1.023,1.023,1.022,1.023,1.023,1.021,1.023,1.023,1.023,1.02,1.023,1.023,1.022,1.021,1.021,1.021,1.023,1.023,1.021,1.023,1.022,1.022,1.023,1.023,1.02,1.023,1.022,1.02,1.021,1.023,1.023,1.023,1.02,1.023,1.023,1.023,1.023,1.023,1.023,1.02,1.02,1.023,1.023,1.023,1.02,1.022,1.023,1.023,1.02,1.023,1.02,1.023,1.02,1.023,1.023,1.021,1.021,1.023,1.023,1.023,1.02,1.023,1.023,1.023,1.02,1.021,1.023,1.021,1.02,1.023,1.02,1.023,1.023,1.023,1.023,1.023,1.023,1.022,1.023,1.023,1.023,1.025
2017-05-17 03:20:00+02:00,1.022,1.021,1.023,1.022,1.023,1.022,1.022,1.023,1.022,1.023,1.021,1.022,1.023,1.021,1.023,1.023,1.023,1.022,1.023,1.023,1.021,1.023,1.023,1.023,1.021,1.022,1.023,1.022,1.022,1.021,1.021,1.023,1.023,1.021,1.023,1.022,1.022,1.023,1.023,1.021,1.023,1.022,1.021,1.021,1.023,1.023,1.023,1.021,1.023,1.023,1.022,1.023,1.023,1.023,1.021,1.021,1.023,1.023,1.022,1.021,1.022,1.023,1.023,1.021,1.022,1.021,1.023,1.021,1.023,1.023,1.021,1.022,1.022,1.023,1.023,1.021,1.022,1.023,1.023,1.021,1.021,1.023,1.022,1.021,1.022,1.021,1.022,1.023,1.023,1.023,1.023,1.023,1.022,1.023,1.023,1.023,1.025
2017-05-17 03:30:00+02:00,1.022,1.02,1.023,1.022,1.023,1.022,1.022,1.023,1.022,1.023,1.021,1.022,1.023,1.021,1.023,1.023,1.023,1.022,1.023,1.023,1.021,1.023,1.023,1.023,1.02,1.022,1.023,1.022,1.021,1.021,1.021,1.023,1.023,1.021,1.023,1.022,1.022,1.023,1.023,1.02,1.023,1.022,1.02,1.021,1.023,1.023,1.023,1.02,1.023,1.023,1.022,1.023,1.023,1.023,1.02,1.02,1.023,1.023,1.022,1.02,1.022,1.023,1.023,1.02,1.022,1.02,1.023,1.02,1.023,1.023,1.021,1.021,1.022,1.023,1.023,1.02,1.022,1.023,1.023,1.02,1.02,1.023,1.021,1.02,1.022,1.02,1.022,1.023,1.023,1.023,1.023,1.023,1.022,1.023,1.023,1.023,1.025
2017-05-17 03:40:00+02:00,1.021,1.02,1.023,1.021,1.023,1.022,1.022,1.023,1.022,1.023,1.021,1.022,1.023,1.021,1.023,1.023,1.023,1.022,1.023,1.023,1.021,1.023,1.023,1.023,1.02,1.022,1.023,1.021,1.021,1.02,1.02,1.023,1.023,1.021,1.023,1.022,1.022,1.023,1.023,1.02,1.023,1.022,1.02,1.021,1.023,1.023,1.023,1.02,1.023,1.023,1.022,1.023,1.023,1.023,1.02,1.02,1.023,1.023,1.022,1.02,1.022,1.023,1.023,1.02,1.022,1.02,1.023,1.02,1.023,1.023,1.021,1.021,1.022,1.023,1.023,1.02,1.022,1.023,1.023,1.02,1.02,1.023,1.021,1.02,1.022,1.02,1.022,1.023,1.023,1.023,1.023,1.023,1.022,1.023,1.023,1.023,1.025
2017-05-17 03:50:00+02:00,1.021,1.02,1.022,1.021,1.022,1.021,1.022,1.022,1.022,1.022,1.021,1.021,1.023,1.021,1.022,1.022,1.022,1.022,1.022,1.023,1.021,1.022,1.022,1.022,1.02,1.022,1.022,1.021,1.021,1.02,1.02,1.022,1.022,1.021,1.023,1.022,1.022,1.023,1.022,1.02,1.023,1.022,1.02,1.021,1.023,1.023,1.023,1.02,1.023,1.023,1.022,1.022,1.023,1.023,1.02,1.02,1.023,1.023,1.022,1.02,1.022,1.023,1.023,1.02,1.022,1.02,1.022,1.02,1.022,1.022,1.021,1.021,1.022,1.023,1.022,1.02,1.022,1.023,1.023,1.02,1.02,1.022,1.021,1.02,1.022,1.02,1.022,1.023,1.022,1.023,1.023,1.022,1.022,1.022,1.022,1.022,1.025
2017-05-17 04:00:00+02:00,1.022,1.02,1.023,1.022,1.023,1.022,1.022,1.023,1.023,1.023,1.021,1.022,1.023,1.021,1.023,1.023,1.023,1.022,1.023,1.023,1.021,1.023,1.023,1.023,1.02,1.023,1.023,1.022,1.021,1.021,1.021,1.023,1.023,1.021,1.023,1.022,1.022,1.023,1.023,1.021,1.023,1.022,1.021,1.021,1.023,1.023,1.023,1.021,1.023,1.023,1.022,1.023,1.023,1.023,1.021,1.021,1.023,1.023,1.022,1.021,1.022,1.023,1.023,1.02,1.022,1.02,1.023,1.021,1.023,1.023,1.021,1.021,1.023,1.023,1.023,1.021,1.022,1.023,1.023,1.02,1.021,1.023,1.022,1.02,1.023,1.021,1.023,1.023,1.023,1.023,1.023,1.023,1.022,1.023,1.023,1.023,1.025
2017-05-17 04:10:00+02:00,1.022,1.021,1.023,1.022,1.023,1.022,1.023,1.023,1.023,1.023,1.022,1.022,1.024,1.021,1.023,1.023,1.023,1.022,1.023,1.023,1.021,1.023,1.023,1.023,1.021,1.023,1.023,1.022,1.022,1.021,1.021,1.023,1.023,1.022,1.023,1.023,1.023,1.023,1.023,1.021,1.023,1.023,1.021,1.022,1.023,1.023,1.023,1.021,1.023,1.023,1.023,1.023,1.023,1.024,1.021,1.021,1.024,1.023,1.023,1.021,1.023,1.023,1.024,1.021,1.023,1.021,1.023,1.021,1.023,1.023,1.022,1.022,1.023,1.024,1.023,1.021,1.023,1.023,1.023,1.021,1.021,1.023,1.022,1.021,1.023,1.021,1.023,1.023,1.023,1.024,1.024,1.023,1.023,1.023,1.023,1.023,1.025
2017-05-17 04:20:00+02:00,1.022,1.021,1.023,1.022,1.023,1.022,1.023,1.023,1.023,1.023,1.022,1.022,1.024,1.021,1.023,1.023,1.023,1.022,1.023,1.023,1.021,1.023,1.023,1.023,1.021,1.023,1.023,1.022,1.022,1.021,1.021,1.023,1.023,1.022,1.023,1.023,1.023,1.023,1.023,1.021,1.023,1.023,1.021,1.022,1.023,1.023,1.023,1.021,1.023,1.023,1.023,1.023,1.023,1.024,1.021,1.021,1.024,1.023,1.023,1.021,1.023,1.023,1.024,1.021,1.023,1.021,1.023,1.021,1.023,1.023,1.022,1.022,1.023,1.024,1.023,1.021,1.023,1.023,1.023,1.021,1.021,1.023,1.022,1.021,1.023,1.021,1.023,1.023,1.023,1.024,1.024,1.023,1.023,1.023,1.023,1.023,1.025
2017-05-17 04:30:00+02:00,1.022,1.021,1.023,1.022,1.023,1.022,1.023,1.023,1.022,1.023,1.021,1.022,1.024,1.021,1.023,1.023,1.023,1.022,1.023,1.023,1.021,1.023,1.023,1.023,1.021,1.023,1.023,1.022,1.022,1.021,1.021,1.023,1.023,1.021,1.023,1.022,1.022,1.023,1.023,1.021,1.023,1.022,1.021,1.021,1.023,1.023,1.023,1.021,1.023,1.023,1.022,1.023,1.023,1.023,1.021,1.021,1.023,1.023,1.022,1.021,1.022,1.023,1.024,1.021,1.022,1.021,1.023,1.021,1.023,1.023,1.021,1.022,1.023,1.024,1.023,1.021,1.022,1.023,1.023,1.021,1.021,1.023,1.022,1.021,1.022,1.021,1.022,1.023,1.023,1.023,1.024,1.023,1.023,1.023,1.023,1.023,1.025
2017-05-17 04:40:00+02:00,1.021,1.02,1.023,1.021,1.023,1.022,1.022,1.023,1.022,1.023,1.021,1.021,1.023,1.021,1.023,1.023,1.023,1.022,1.023,1.023,1.02,1.023,1.023,1.023,1.02,1.022,1.023,1.021,1.021,1.02,1.02,1.023,1.023,1.021,1.023,1.022,1.022,1.023,1.023,1.02,1.023,1.022,1.02,1.021,1.023,1.023,1.023,1.02,1.023,1.023,1.022,1.023,1.023,1.023,1.02,1.02,1.023,1.023,1.022,1.02,1.022,1.023,1.023,1.02,1.022,1.02,1.023,1.02,1.023,1.023,1.021,1.021,1.022,1.023,1.023,1.02,1.022,1.023,1.023,1.02,1.02,1.023,1.021,1.02,1.022,1.02,1.022,1.023,1.023,1.023,1.023,1.023,1.022,1.023,1.023,1.023,1.025
2017-05-17 04:50:00+02:00,1.021,1.019,1.022,1.021,1.022,1.021,1.022,1.022,1.022,1.022,1.02,1.021,1.023,1.02,1.022,1.022,1.022,1.021,1.022,1.023,1.02,1.022,1.022,1.022,1.019,1.022,1.022,1.021,1.021,1.02,1.02,1.022,1.022,1.02,1.023,1.022,1.022,1.023,1.022,1.019,1.023,1.022,1.02,1.02,1.023,1.023,1.023,1.019,1.023,1.023,1.022,1.022,1.023,1.023,1.019,1.02,1.023,1.023,1.022,1.02,1.022,1.023,1.023,1.019,1.022,1.019,1.022,1.02,1.022,1.022,1.02,1.021,1.022,1.023,1.022,1.02,1.022,1.023,1.023,1.02,1.02,1.022,1.021,1.019,1.022,1.019,1.022,1.023,1.022,1.023,1.023,1.022,1.022,1.022,1.022,1.022,1.025
2017-05-17 05:00:00+02:00,1.021,1.019,1.022,1.021,1.023,1.021,1.022,1.023,1.022,1.022,1.02,1.021,1.023,1.02,1.023,1.023,1.023,1.021,1.023,1.023,1.02,1.023,1.023,1.023,1.019,1.022,1.023,1.021,1.021,1.02,1.02,1.022,1.023,1.02,1.023,1.022,1.022,1.023,1.023,1.019,1.023,1.022,1.019,1.02,1.023,1.023,1.023,1.019,1.023,1.023,1.022,1.023,1.023,1.023,1.019,1.019,1.023,1.023,1.022,1.019,1.022,1.023,1.023,1.019,1.022,1.019,1.022,1.019,1.023,1.023,1.02,1.021,1.022,1.023,1.022,1.019,1.022,1.023,1.023,1.019,1.02,1.023,1.021,1.019,1.022,1.019,1.022,1.023,1.023,1.023,1.023,1.023,1.022,1.023,1.023,1.023,1.025
2017-05-17 05:10:00+02:00,1.021,1.019,1.022,1.021,1.022,1.021,1.022,1.022,1.022,1.022,1.02,1.021,1.023,1.02,1.022,1.022,1.022,1.021,1.022,1.022,1.019,1.022,1.022,1.022,1.019,1.022,1.022,1.021,1.02,1.019,1.019,1.022,1.022,1.02,1.023,1.021,1.021,1.022,1.022,1.019,1.022,1.021,1.019,1.02,1.022,1.022,1.022,1.019,1.022,1.022,1.022,1.022,1.022,1.023,1.019,1.019,1.023,1.023,1.022,1.019,1.021,1.022,1.023,1.019,1.022,1.019,1.022,1.019,1.022,1.022,1.02,1.02,1.022,1.023,1.022,1.019,1.022,1.023,1.022,1.019,1.019,1.022,1.02,1.019,1.022,1.019,1.022,1.022,1.022,1.023,1.023,1.022,1.022,1.022,1.022,1.022,1.025
2017-05-17 05:20:00+02:00,1.02,1.018,1.022,1.02,1.022,1.02,1.021,1.022,1.021,1.021,1.019,1.02,1.022,1.019,1.022,1.022,1.022,1.02,1.022,1.022,1.019,1.022,1.022,1.022,1.018,1.021,1.022,1.02,1.019,1.019,1.019,1.022,1.022,1.019,1.022,1.021,1.021,1.022,1.022,1.018,1.022,1.021,1.018,1.019,1.022,1.022,1.022,1.018,1.022,1.022,1.021,1.022,1.022,1.022,1.018,1.018,1.022,1.022,1.021,1.018,1.021,1.022,1.022,1.018,1.021,1.018,1.021,1.018,1.022,1.022,1.019,1.019,1.021,1.022,1.021,1.018,1.021,1.022,1.022,1.018,1.018,1.022,1.02,1.018,1.021,1.018,1.021,1.022,1.022,1.022,1.022,1.022,1.021,1.022,1.022,1.022,1.025
2017-05-17 05:30:00+02:00,1.02,1.018,1.022,1.02,1.022,1.02,1.021,1.022,1.022,1.022,1.019,1.02,1.022,1.019,1.022,1.022,1.022,1.02,1.022,1.022,1.019,1.022,1.022,1.022,1.018,1.022,1.022,1.02,1.02,1.019,1.019,1.022,1.022,1.019,1.022,1.021,1.021,1.022,1.022,1.018,1.022,1.021,1.018,1.019,1.022,1.022,1.022,1.018,1.022,1.022,1.021,1.022,1.022,1.022,1.018,1.018,1.022,1.022,1.021,1.018,1.021,1.022,1.023,1.018,1.021,1.018,1.022,1.018,1.022,1.022,1.019,1.02,1.022,1.022,1.022,1.018,1.021,1.022,1.022,1.018,1.018,1.022,1.02,1.018,1.022,1.018,1.022,1.022,1.022,1.022,1.022,1.022,1.021,1.022,1.022,1.022,1.025
2017-05-17 05:40:00+02:00,1.02,1.019,1.021,1.02,1.021,1.02,1.021,1.021,1.021,1.021,1.02,1.02,1.022,1.02,1.021,1.021,1.021,1.021,1.021,1.021,1.02,1.021,1.021,1.021,1.019,1.021,1.021,1.02,1.02,1.02,1.02,1.021,1.021,1.02,1.021,1.021,1.021,1.021,1.021,1.019,1.021,1.021,1.019,1.02,1.021,1.021,1.021,1.019,1.021,1.021,1.021,1.021,1.021,1.022,1.019,1.019,1.022,1.021,1.021,1.019,1.021,1.021,1.022,1.019,1.021,1.019,1.021,1.019,1.021,1.021,1.02,1.02,1.021,1.022,1.021,1.019,1.021,1.021,1.021,1.019,1.019,1.021,1.02,1.019,1.021,1.019,1.021,1.021,1.021,1.022,1.022,1.021,1.021,1.021,1.021,1.021,1.025
2017-05-17 05:50:00+02:00,1.021,1.023,1.021,1.021,1.021,1.021,1.021,1.021,1.021,1.02,1.022,1.021,1.02,1.022,1.02,1.02,1.021,1.021,1.02,1.02,1.022,1.021,1.02,1.021,1.023,1.021,1.02,1.021,1.022,1.022,1.022,1.021,1.02,1.022,1.02,1.021,1.021,1.02,1.02,1.023,1.02,1.021,1.023,1.022,1.02,1.02,1.02,1.023,1.02,1.02,1.021,1.02,1.02,1.02,1.023,1.023,1.02,1.02,1.021,1.023,1.021,1.021,1.02,1.023,1.021,1.023,1.021,1.023,1.02,1.02,1.022,1.022,1.021,1.02,1.02,1.023,1.021,1.02,1.02,1.023,1.022,1.02,1.022,1.023,1.021,1.023,1.021,1.02,1.02,1.02,1.02,1.02,1.021,1.02,1.021,1.02,1.025
2017-05-17 06:00:00+02:00,1.024,1.028,1.021,1.024,1.021,1.023,1.022,1.021,1.021,1.021,1.025,1.024,1.019,1.026,1.02,1.02,1.02,1.023,1.02,1.02,1.026,1.021,1.02,1.021,1.028,1.021,1.02,1.024,1.025,1.026,1.026,1.021,1.02,1.025,1.02,1.022,1.022,1.02,1.02,1.028,1.02,1.022,1.028,1.025,1.02,1.02,1.02,1.028,1.02,1.02,1.021,1.02,1.02,1.02,1.028,1.027,1.02,1.02,1.021,1.028,1.022,1.02,1.019,1.028,1.021,1.028,1.021,1.028,1.02,1.02,1.026,1.025,1.021,1.019,1.021,1.027,1.021,1.02,1.02,1.028,1.027,1.02,1.024,1.028,1.021,1.028,1.021,1.02,1.02,1.019,1.019,1.02,1.022,1.02,1.021,1.02,1.025
2017-05-17 06:10:00+02:00,1.024,1.032,1.018,1.024,1.018,1.024,1.021,1.018,1.02,1.019,1.027,1.024,1.016,1.028,1.018,1.018,1.018,1.023,1.018,1.018,1.029,1.018,1.018,1.018,1.032,1.019,1.018,1.024,1.026,1.029,1.029,1.018,1.018,1.027,1.017,1.021,1.022,1.018,1.018,1.031,1.018,1.022,1.031,1.027,1.017,1.018,1.017,1.031,1.018,1.017,1.02,1.018,1.018,1.017,1.031,1.031,1.017,1.017,1.02,1.031,1.022,1.018,1.016,1.032,1.02,1.032,1.019,1.031,1.018,1.018,1.028,1.026,1.019,1.016,1.019,1.03,1.02,1.017,1.017,1.031,1.03,1.018,1.025,1.032,1.02,1.031,1.02,1.017,1.018,1.016,1.016,1.018,1.021,1.018,1.018,1.018,1.025
2017-05-17 06:20:00+02:00,1.028,1.046,1.014,1.028,1.013,1.027,1.021,1.013,1.019,1.017,1.034,1.027,1.01,1.037,1.015,1.016,1.013,1.025,1.014,1.014,1.038,1.013,1.016,1.013,1.045,1.018,1.015,1.028,1.032,1.039,1.039,1.014,1.016,1.034,1.011,1.021,1.022,1.014,1.015,1.044,1.013,1.022,1.043,1.034,1.012,1.014,1.012,1.044,1.014,1.012,1.019,1.012,1.013,1.011,1.044,1.043,1.011,1.012,1.019,1.043,1.023,1.014,1.009,1.045,1.019,1.046,1.017,1.044,1.015,1.016,1.036,1.032,1.018,1.01,1.017,1.042,1.019,1.013,1.013,1.044,1.041,1.014,1.03,1.045,1.019,1.044,1.019,1.012,1.015,1.011,1.01,1.015,1.02,1.015,1.013,1.014,1.025
2017-05-17 06:30:00+02:00,1.03,1.05,1.014,1.029,1.013,1.028,1.02,1.013,1.018,1.017,1.036,1.028,1.008,1.039,1.014,1.015,1.013,1.025,1.013,1.013,1.041,1.014,1.015,1.014,1.049,1.018,1.014,1.029,1.033,1.042,1.042,1.014,1.015,1.036,1.011,1.021,1.022,1.012,1.014,1.048,1.012,1.022,1.047,1.037,1.011,1.013,1.012,1.048,1.012,1.011,1.018,1.012,1.012,1.009,1.048,1.046,1.009,1.011,1.018,1.047,1.023,1.013,1.007,1.049,1.018,1.05,1.016,1.047,1.014,1.015,1.038,1.034,1.017,1.008,1.016,1.046,1.018,1.011,1.011,1.048,1.044,1.013,1.032,1.049,1.018,1.047,1.018,1.011,1.014,1.009,1.008,1.014,1.02,1.014,1.014,1.013,1.025
2017-05-17 06:40:00+02:00,1.026,1.038,1.017,1.026,1.016,1.025,1.021,1.017,1.019,1.019,1.03,1.026,1.013,1.032,1.017,1.018,1.016,1.024,1.016,1.016,1.033,1.017,1.018,1.017,1.038,1.019,1.017,1.026,1.029,1.034,1.034,1.017,1.018,1.03,1.015,1.021,1.022,1.016,1.017,1.038,1.016,1.022,1.037,1.031,1.015,1.016,1.016,1.037,1.016,1.015,1.02,1.016,1.016,1.014,1.038,1.037,1.014,1.015,1.02,1.037,1.022,1.016,1.013,1.038,1.02,1.038,1.018,1.037,1.017,1.018,1.032,1.029,1.019,1.013,1.018,1.036,1.02,1.015,1.015,1.037,1.035,1.016,1.028,1.038,1.019,1.037,1.019,1.015,1.017,1.014,1.013,1.017,1.02,1.017,1.017,1.016,1.025
2017-05-17 06:50:00+02:00,1.024,1.034,1.017,1.024,1.017,1.024,1.02,1.017,1.019,1.018,1.028,1.024,1.014,1.029,1.017,1.018,1.017,1.022,1.017,1.017,1.03,1.017,1.018,1.017,1.034,1.019,1.017,1.024,1.026,1.03,1.031,1.017,1.018,1.028,1.016,1.021,1.021,1.017,1.017,1.033,1.017,1.021,1.033,1.028,1.016,1.017,1.016,1.033,1.016,1.016,1.019,1.017,1.016,1.015,1.034,1.033,1.015,1.016,1.019,1.033,1.021,1.017,1.014,1.034,1.019,1.034,1.018,1.033,1.017,1.018,1.029,1.026,1.019,1.015,1.018,1.032,1.019,1.016,1.016,1.033,1.031,1.017,1.026,1.034,1.019,1.033,1.019,1.016,1.017,1.015,1.015,1.017,1.02,1.017,1.017,1.017,1.025
2017-05-17 07:00:00+02:00,1.023,1.032,1.016,1.023,1.015,1.022,1.019,1.016,1.018,1.018,1.026,1.023,1.014,1.027,1.016,1.017,1.015,1.021,1.016,1.016,1.028,1.016,1.017,1.016,1.032,1.018,1.016,1.023,1.025,1.029,1.029,1.016,1.017,1.026,1.015,1.019,1.02,1.016,1.016,1.032,1.016,1.02,1.031,1.026,1.015,1.016,1.015,1.031,1.016,1.015,1.018,1.015,1.015,1.014,1.032,1.031,1.014,1.015,1.018,1.031,1.02,1.016,1.013,1.032,1.018,1.032,1.017,1.031,1.016,1.017,1.027,1.025,1.018,1.014,1.017,1.03,1.018,1.015,1.015,1.031,1.03,1.016,1.024,1.032,1.018,1.031,1.018,1.015,1.016,1.014,1.014,1.016,1.019,1.016,1.016,1.016,1.025
2017-05-17 07:10:00+02:00,1.022,1.033,1.013,1.022,1.013,1.021,1.018,1.013,1.017,1.016,1.025,1.022,1.011,1.027,1.015,1.015,1.013,1.02,1.014,1.014,1.028,1.013,1.015,1.013,1.032,1.017,1.015,1.022,1.024,1.029,1.029,1.013,1.015,1.025,1.012,1.018,1.018,1.014,1.015,1.032,1.014,1.018,1.032,1.026,1.012,1.014,1.012,1.032,1.014,1.012,1.017,1.012,1.013,1.012,1.032,1.031,1.012,1.013,1.017,1.032,1.019,1.014,1.011,1.033,1.017,1.033,1.015,1.032,1.015,1.015,1.027,1.024,1.016,1.011,1.016,1.031,1.017,1.013,1.013,1.032,1.03,1.014,1.023,1.033,1.017,1.032,1.017,1.012,1.015,1.012,1.011,1.015,1.017,1.015,1.013,1.014,1.025
2017-05-17 07:20:00+02:00,1.025,1.045,1.009,1.024,1.008,1.023,1.016,1.009,1.015,1.013,1.031,1.024,1.005,1.034,1.011,1.012,1.008,1.021,1.01,1.01,1.036,1.009,1.012,1.009,1.044,1.014,1.011,1.025,1.028,1.037,1.037,1.009,1.012,1.031,1.007,1.017,1.018,1.009,1.011,1.043,1.009,1.018,1.042,1.032,1.007,1.01,1.008,1.043,1.009,1.007,1.015,1.008,1.008,1.006,1.043,1.041,1.006,1.008,1.015,1.042,1.018,1.009,1.004,1.044,1.015,1.045,1.012,1.042,1.011,1.012,1.033,1.029,1.014,1.005,1.013,1.041,1.015,1.008,1.008,1.043,1.039,1.01,1.027,1.044,1.014,1.042,1.015,1.007,1.011,1.006,1.005,1.011,1.016,1.011,1.009,1.01,1.025
2017-05-17 07:30:00+02:00,1.024,1.058,0.999,1.024,0.997,1.022,1.01,0.998,1.007,1.004,1.035,1.023,0.989,1.041,1.0,1.002,0.997,1.018,0.998,0.998,1.043,0.999,1.001,0.999,1.057,1.006,1.0,1.024,1.031,1.045,1.045,0.999,1.002,1.035,0.994,1.011,1.012,0.997,1.0,1.055,0.997,1.013,1.054,1.036,0.995,0.999,0.996,1.055,0.997,0.995,1.007,0.996,0.996,0.992,1.056,1.053,0.992,0.995,1.007,1.054,1.013,0.998,0.988,1.057,1.007,1.059,1.003,1.054,1.0,1.002,1.039,1.031,1.005,0.99,1.003,1.051,1.007,0.995,0.995,1.055,1.048,0.999,1.028,1.058,1.007,1.054,1.007,0.994,1.0,0.991,0.99,1.0,1.009,1.0,0.998,0.999,1.025
2017-05-17 07:40:00+02:00,1.027,1.063,1.0,1.026,0.998,1.024,1.011,0.998,1.007,1.004,1.038,1.025,0.989,1.045,0.999,1.002,0.997,1.02,0.998,0.997,1.047,0.999,1.002,1.0,1.062,1.006,0.999,1.027,1.034,1.049,1.05,1.0,1.002,1.039,0.994,1.013,1.014,0.997,0.999,1.061,0.996,1.015,1.059,1.04,0.995,0.998,0.996,1.06,0.997,0.995,1.008,0.997,0.996,0.991,1.061,1.058,0.992,0.994,1.008,1.059,1.015,0.998,0.988,1.062,1.007,1.064,1.004,1.059,1.0,1.002,1.043,1.034,1.005,0.99,1.003,1.056,1.007,0.995,0.995,1.061,1.053,0.998,1.031,1.063,1.007,1.059,1.007,0.994,0.999,0.991,0.989,0.999,1.01,0.999,0.998,0.998,1.025
2017-05-17 07:50:00+02:00,1.025,1.062,0.998,1.025,0.996,1.022,1.009,0.996,1.005,1.003,1.037,1.023,0.987,1.043,0.998,1.0,0.995,1.018,0.997,0.996,1.046,0.997,1.0,0.998,1.061,1.005,0.998,1.025,1.032,1.048,1.049,0.998,1.0,1.037,0.992,1.011,1.012,0.995,0.997,1.06,0.995,1.013,1.058,1.038,0.993,0.996,0.994,1.059,0.995,0.993,1.006,0.995,0.994,0.989,1.06,1.057,0.99,0.992,1.006,1.058,1.013,0.996,0.986,1.061,1.006,1.063,1.002,1.059,0.998,1.0,1.041,1.033,1.004,0.988,1.002,1.055,1.006,0.993,0.993,1.06,1.052,0.996,1.029,1.062,1.005,1.059,1.006,0.992,0.998,0.989,0.987,0.998,1.008,0.998,0.996,0.997,1.025
2017-05-17 08:00:00+02:00,1.028,1.067,0.999,1.027,0.997,1.025,1.011,0.998,1.006,1.004,1.04,1.026,0.987,1.047,0.999,1.001,0.997,1.02,0.997,0.997,1.049,0.999,1.001,0.999,1.065,1.006,0.999,1.027,1.035,1.052,1.053,0.999,1.001,1.041,0.993,1.012,1.014,0.996,0.998,1.064,0.995,1.014,1.063,1.042,0.994,0.997,0.995,1.064,0.995,0.994,1.007,0.996,0.995,0.989,1.065,1.061,0.99,0.993,1.007,1.062,1.015,0.997,0.986,1.066,1.007,1.067,1.003,1.063,0.999,1.001,1.045,1.036,1.005,0.988,1.003,1.059,1.007,0.993,0.993,1.064,1.056,0.997,1.032,1.066,1.006,1.063,1.006,0.993,0.999,0.989,0.988,0.999,1.01,0.998,0.998,0.997,1.025
2017-05-17 08:10:00+02:00,1.023,1.064,0.994,1.022,0.991,1.019,1.005,0.992,1.002,0.999,1.036,1.021,0.98,1.043,0.992,0.996,0.991,1.015,0.992,0.99,1.046,0.993,0.996,0.994,1.063,1.001,0.992,1.022,1.031,1.048,1.049,0.994,0.996,1.036,0.987,1.006,1.008,0.989,0.991,1.062,0.989,1.009,1.06,1.037,0.988,0.99,0.989,1.061,0.99,0.988,1.003,0.99,0.988,0.983,1.062,1.058,0.983,0.986,1.003,1.059,1.009,0.99,0.979,1.063,1.002,1.065,0.997,1.06,0.994,0.996,1.04,1.031,1.0,0.981,0.998,1.057,1.002,0.987,0.987,1.061,1.053,0.99,1.027,1.064,1.002,1.06,1.002,0.987,0.992,0.983,0.981,0.992,1.004,0.991,0.992,0.991,1.025
2017-05-17 08:20:00+02:00,1.025,1.069,0.992,1.024,0.99,1.021,1.005,0.99,1.001,0.998,1.039,1.022,0.978,1.046,0.991,0.995,0.989,1.016,0.99,0.989,1.05,0.991,0.994,0.992,1.067,1.0,0.991,1.024,1.033,1.052,1.053,0.992,0.994,1.039,0.985,1.007,1.009,0.988,0.991,1.067,0.987,1.009,1.065,1.04,0.986,0.989,0.987,1.066,0.988,0.986,1.002,0.988,0.987,0.981,1.067,1.063,0.981,0.984,1.002,1.064,1.01,0.989,0.977,1.068,1.002,1.07,0.996,1.065,0.992,0.995,1.044,1.034,0.999,0.979,0.997,1.061,1.002,0.985,0.985,1.066,1.057,0.989,1.03,1.069,1.001,1.065,1.001,0.985,0.991,0.981,0.979,0.991,1.004,0.991,0.991,0.99,1.025
2017-05-17 08:30:00+02:00,1.025,1.073,0.991,1.024,0.988,1.021,1.004,0.989,1.0,0.996,1.04,1.022,0.974,1.048,0.99,0.993,0.988,1.015,0.988,0.987,1.051,0.99,0.992,0.991,1.071,0.999,0.99,1.024,1.034,1.054,1.055,0.991,0.992,1.04,0.982,1.006,1.008,0.986,0.989,1.07,0.985,1.008,1.068,1.042,0.984,0.987,0.985,1.069,0.985,0.984,1.0,0.987,0.984,0.978,1.07,1.066,0.979,0.982,1.001,1.067,1.009,0.987,0.973,1.071,1.0,1.073,0.994,1.068,0.99,0.993,1.045,1.035,0.998,0.976,0.995,1.064,1.0,0.983,0.983,1.069,1.06,0.988,1.03,1.072,1.0,1.068,1.0,0.983,0.99,0.977,0.975,0.99,1.003,0.989,0.989,0.988,1.025
2017-05-17 08:40:00+02:00,1.025,1.074,0.989,1.024,0.986,1.021,1.003,0.987,0.998,0.994,1.04,1.022,0.972,1.049,0.988,0.991,0.985,1.015,0.986,0.985,1.052,0.988,0.991,0.988,1.072,0.997,0.988,1.024,1.034,1.055,1.056,0.989,0.991,1.041,0.98,1.005,1.007,0.983,0.987,1.071,0.983,1.007,1.069,1.042,0.982,0.985,0.983,1.07,0.983,0.981,0.999,0.984,0.982,0.976,1.071,1.067,0.976,0.979,0.999,1.068,1.008,0.985,0.971,1.073,0.999,1.074,0.993,1.069,0.988,0.991,1.046,1.035,0.996,0.973,0.993,1.065,0.999,0.98,0.98,1.07,1.061,0.985,1.03,1.073,0.998,1.069,0.998,0.981,0.988,0.975,0.973,0.988,1.002,0.987,0.987,0.986,1.025
2017-05-17 08:50:00+02:00,1.023,1.074,0.986,1.022,0.983,1.019,1.0,0.984,0.996,0.992,1.039,1.02,0.968,1.048,0.985,0.988,0.982,1.013,0.983,0.982,1.051,0.985,0.988,0.986,1.072,0.995,0.985,1.022,1.033,1.054,1.056,0.986,0.988,1.04,0.977,1.002,1.005,0.98,0.984,1.071,0.98,1.005,1.069,1.041,0.979,0.982,0.98,1.07,0.98,0.978,0.996,0.981,0.979,0.972,1.071,1.067,0.973,0.976,0.997,1.068,1.006,0.982,0.967,1.073,0.996,1.074,0.99,1.069,0.985,0.988,1.045,1.034,0.993,0.97,0.99,1.065,0.996,0.977,0.977,1.07,1.06,0.982,1.029,1.073,0.995,1.069,0.996,0.978,0.985,0.972,0.969,0.985,0.999,0.984,0.984,0.983,1.025
2017-05-17 09:00:00+02:00,1.021,1.076,0.982,1.02,0.978,1.016,0.996,0.979,0.991,0.987,1.039,1.018,0.961,1.048,0.979,0.983,0.978,1.01,0.977,0.976,1.052,0.98,0.982,0.981,1.074,0.99,0.979,1.02,1.032,1.055,1.056,0.982,0.982,1.039,0.971,0.998,1.001,0.974,0.978,1.073,0.974,1.001,1.07,1.041,0.973,0.976,0.975,1.072,0.974,0.973,0.992,0.976,0.973,0.965,1.073,1.068,0.966,0.97,0.992,1.07,1.002,0.976,0.96,1.074,0.992,1.076,0.985,1.071,0.98,0.983,1.045,1.032,0.988,0.963,0.985,1.066,0.992,0.971,0.971,1.072,1.061,0.976,1.027,1.075,0.991,1.071,0.991,0.972,0.979,0.965,0.962,0.979,0.995,0.978,0.979,0.977,1.025
2017-05-17 09:10:00+02:00,1.018,1.076,0.977,1.017,0.973,1.013,0.992,0.974,0.987,0.982,1.037,1.015,0.955,1.046,0.974,0.978,0.973,1.006,0.972,0.971,1.051,0.976,0.978,0.976,1.074,0.985,0.974,1.017,1.029,1.054,1.055,0.977,0.978,1.037,0.966,0.994,0.997,0.969,0.973,1.072,0.969,0.997,1.07,1.039,0.968,0.971,0.97,1.071,0.969,0.967,0.988,0.971,0.967,0.959,1.073,1.068,0.96,0.964,0.988,1.069,0.999,0.97,0.954,1.074,0.988,1.076,0.98,1.07,0.975,0.978,1.043,1.03,0.984,0.957,0.981,1.065,0.988,0.965,0.965,1.072,1.061,0.971,1.025,1.075,0.986,1.07,0.987,0.966,0.974,0.959,0.956,0.974,0.991,0.973,0.975,0.972,1.025
2017-05-17 09:20:00+02:00,1.015,1.075,0.973,1.013,0.969,1.01,0.987,0.97,0.983,0.978,1.034,1.011,0.949,1.044,0.969,0.974,0.968,1.002,0.967,0.965,1.049,0.971,0.973,0.972,1.072,0.982,0.969,1.014,1.027,1.052,1.053,0.973,0.973,1.035,0.96,0.99,0.992,0.964,0.968,1.071,0.963,0.993,1.069,1.036,0.963,0.966,0.965,1.07,0.964,0.962,0.984,0.966,0.961,0.954,1.071,1.066,0.954,0.959,0.984,1.068,0.994,0.965,0.947,1.073,0.984,1.075,0.975,1.069,0.97,0.974,1.041,1.027,0.98,0.951,0.976,1.064,0.984,0.96,0.96,1.071,1.059,0.966,1.021,1.074,0.983,1.069,0.983,0.961,0.969,0.953,0.95,0.969,0.986,0.968,0.97,0.967,1.025
2017-05-17 09:30:00+02:00,1.013,1.074,0.971,1.012,0.967,1.008,0.986,0.968,0.983,0.978,1.033,1.01,0.948,1.043,0.968,0.973,0.967,1.001,0.966,0.964,1.047,0.97,0.973,0.97,1.071,0.981,0.968,1.013,1.025,1.051,1.052,0.971,0.973,1.033,0.959,0.988,0.991,0.962,0.967,1.07,0.962,0.992,1.067,1.035,0.961,0.964,0.963,1.069,0.963,0.961,0.984,0.965,0.96,0.953,1.07,1.065,0.953,0.957,0.984,1.067,0.993,0.963,0.946,1.072,0.984,1.074,0.973,1.068,0.969,0.973,1.04,1.026,0.98,0.949,0.976,1.063,0.984,0.959,0.959,1.069,1.058,0.965,1.02,1.073,0.982,1.068,0.983,0.96,0.968,0.952,0.949,0.968,0.985,0.967,0.968,0.966,1.025
2017-05-17 09:40:00+02:00,1.009,1.071,0.966,1.008,0.962,1.004,0.981,0.963,0.978,0.973,1.029,1.006,0.942,1.04,0.963,0.968,0.961,0.997,0.961,0.959,1.044,0.964,0.967,0.965,1.069,0.976,0.963,1.009,1.022,1.048,1.049,0.966,0.967,1.03,0.953,0.984,0.986,0.957,0.962,1.067,0.956,0.987,1.065,1.032,0.955,0.959,0.957,1.066,0.957,0.955,0.979,0.959,0.954,0.947,1.068,1.062,0.947,0.952,0.979,1.064,0.988,0.958,0.94,1.07,0.979,1.072,0.968,1.065,0.964,0.968,1.036,1.022,0.975,0.943,0.971,1.06,0.979,0.953,0.953,1.067,1.055,0.96,1.016,1.07,0.978,1.065,0.978,0.954,0.963,0.946,0.943,0.963,0.98,0.962,0.963,0.96,1.025
2017-05-17 09:50:00+02:00,1.005,1.071,0.959,1.004,0.955,1.0,0.975,0.956,0.972,0.967,1.027,1.002,0.933,1.038,0.956,0.961,0.954,0.992,0.954,0.951,1.043,0.958,0.961,0.958,1.069,0.971,0.956,1.005,1.018,1.046,1.048,0.959,0.961,1.027,0.945,0.978,0.981,0.949,0.954,1.067,0.949,0.982,1.064,1.029,0.948,0.952,0.95,1.066,0.95,0.948,0.974,0.952,0.947,0.938,1.067,1.062,0.939,0.944,0.974,1.064,0.983,0.95,0.931,1.069,0.973,1.072,0.961,1.065,0.957,0.961,1.034,1.019,0.969,0.935,0.965,1.059,0.974,0.945,0.945,1.067,1.054,0.952,1.013,1.07,0.972,1.065,0.972,0.947,0.956,0.938,0.934,0.956,0.974,0.955,0.956,0.953,1.025
2017-05-17 10:00:00+02:00,1.002,1.07,0.955,1.001,0.951,0.997,0.971,0.952,0.969,0.963,1.024,0.999,0.928,1.036,0.952,0.957,0.95,0.988,0.949,0.947,1.041,0.954,0.957,0.955,1.067,0.967,0.952,1.002,1.016,1.045,1.046,0.955,0.957,1.025,0.941,0.974,0.977,0.945,0.95,1.066,0.945,0.978,1.063,1.027,0.944,0.947,0.946,1.064,0.945,0.943,0.97,0.948,0.942,0.933,1.066,1.061,0.934,0.939,0.971,1.062,0.979,0.946,0.926,1.068,0.97,1.071,0.957,1.064,0.953,0.957,1.032,1.017,0.965,0.93,0.961,1.058,0.97,0.94,0.941,1.065,1.052,0.948,1.01,1.069,0.969,1.063,0.969,0.942,0.952,0.933,0.929,0.952,0.97,0.951,0.952,0.949,1.025
2017-05-17 10:10:00+02:00,0.999,1.07,0.95,0.997,0.945,0.993,0.966,0.946,0.964,0.957,1.022,0.995,0.921,1.034,0.946,0.952,0.944,0.984,0.943,0.941,1.039,0.948,0.951,0.949,1.067,0.962,0.946,0.998,1.013,1.043,1.045,0.95,0.951,1.023,0.935,0.969,0.972,0.939,0.944,1.065,0.938,0.973,1.062,1.024,0.937,0.941,0.94,1.064,0.939,0.937,0.965,0.942,0.935,0.927,1.066,1.06,0.927,0.932,0.965,1.062,0.975,0.939,0.919,1.068,0.965,1.07,0.951,1.063,0.947,0.952,1.03,1.014,0.96,0.922,0.955,1.057,0.965,0.934,0.934,1.065,1.051,0.942,1.007,1.069,0.963,1.063,0.964,0.936,0.946,0.926,0.922,0.946,0.965,0.944,0.947,0.942,1.025
2017-05-17 10:20:00+02:00,0.999,1.07,0.95,0.997,0.945,0.993,0.966,0.946,0.964,0.957,1.022,0.995,0.92,1.034,0.946,0.952,0.944,0.984,0.943,0.941,1.039,0.948,0.951,0.949,1.067,0.962,0.946,0.998,1.013,1.044,1.045,0.95,0.951,1.023,0.934,0.969,0.972,0.939,0.944,1.066,0.938,0.973,1.063,1.025,0.937,0.941,0.94,1.065,0.939,0.937,0.965,0.942,0.935,0.926,1.067,1.061,0.927,0.932,0.965,1.062,0.975,0.939,0.918,1.068,0.965,1.071,0.951,1.064,0.947,0.952,1.03,1.014,0.96,0.922,0.955,1.058,0.965,0.934,0.934,1.065,1.052,0.942,1.007,1.07,0.963,1.064,0.964,0.936,0.946,0.925,0.922,0.946,0.965,0.945,0.947,0.943,1.025
2017-05-17 10:30:00+02:00,0.995,1.069,0.944,0.993,0.939,0.988,0.961,0.94,0.958,0.951,1.019,0.991,0.913,1.032,0.94,0.945,0.938,0.979,0.937,0.935,1.037,0.942,0.945,0.943,1.066,0.956,0.94,0.994,1.01,1.041,1.043,0.944,0.945,1.02,0.928,0.964,0.967,0.932,0.938,1.065,0.932,0.968,1.061,1.022,0.931,0.935,0.933,1.064,0.932,0.93,0.959,0.936,0.929,0.919,1.065,1.059,0.92,0.926,0.96,1.061,0.97,0.933,0.911,1.067,0.959,1.069,0.945,1.062,0.941,0.946,1.027,1.011,0.954,0.915,0.949,1.056,0.959,0.927,0.927,1.064,1.05,0.936,1.003,1.068,0.958,1.062,0.958,0.929,0.94,0.918,0.915,0.94,0.959,0.939,0.941,0.936,1.025
2017-05-17 10:40:00+02:00,0.992,1.068,0.94,0.99,0.935,0.986,0.957,0.936,0.955,0.948,1.017,0.988,0.909,1.03,0.936,0.942,0.934,0.976,0.933,0.93,1.035,0.938,0.941,0.939,1.065,0.953,0.936,0.991,1.007,1.04,1.041,0.94,0.941,1.018,0.923,0.96,0.964,0.928,0.934,1.064,0.927,0.965,1.06,1.02,0.926,0.931,0.929,1.063,0.928,0.926,0.956,0.932,0.924,0.915,1.064,1.058,0.915,0.921,0.957,1.06,0.966,0.928,0.906,1.066,0.956,1.068,0.941,1.061,0.937,0.942,1.025,1.008,0.951,0.91,0.946,1.055,0.956,0.923,0.923,1.063,1.048,0.931,1.001,1.067,0.954,1.061,0.955,0.925,0.935,0.914,0.91,0.936,0.955,0.934,0.937,0.932,1.025
2017-05-17 10:50:00+02:00,0.994,1.069,0.942,0.992,0.937,0.987,0.96,0.939,0.957,0.95,1.018,0.99,0.911,1.031,0.938,0.944,0.937,0.978,0.935,0.933,1.037,0.941,0.943,0.942,1.065,0.955,0.938,0.993,1.009,1.041,1.043,0.943,0.944,1.019,0.926,0.962,0.966,0.93,0.936,1.065,0.93,0.967,1.061,1.021,0.929,0.933,0.932,1.063,0.931,0.929,0.958,0.934,0.927,0.917,1.065,1.059,0.918,0.924,0.959,1.061,0.968,0.931,0.909,1.067,0.958,1.069,0.943,1.062,0.939,0.944,1.027,1.01,0.953,0.913,0.948,1.055,0.958,0.925,0.926,1.063,1.049,0.934,1.003,1.068,0.956,1.062,0.957,0.927,0.938,0.917,0.913,0.938,0.958,0.937,0.939,0.935,1.025
2017-05-17 11:00:00+02:00,0.987,1.065,0.934,0.985,0.929,0.98,0.951,0.931,0.95,0.943,1.012,0.983,0.902,1.026,0.93,0.936,0.928,0.971,0.927,0.924,1.031,0.933,0.936,0.934,1.061,0.948,0.93,0.986,1.003,1.036,1.038,0.935,0.936,1.013,0.917,0.954,0.958,0.922,0.928,1.06,0.921,0.959,1.057,1.015,0.92,0.925,0.923,1.059,0.922,0.92,0.951,0.926,0.918,0.908,1.061,1.054,0.909,0.915,0.952,1.056,0.96,0.922,0.899,1.062,0.951,1.065,0.935,1.057,0.931,0.936,1.021,1.004,0.945,0.903,0.94,1.051,0.951,0.916,0.917,1.059,1.045,0.925,0.996,1.064,0.949,1.058,0.95,0.919,0.93,0.907,0.903,0.93,0.949,0.928,0.931,0.926,1.025
2017-05-17 11:10:00+02:00,0.983,1.062,0.93,0.982,0.924,0.977,0.947,0.926,0.945,0.938,1.009,0.979,0.896,1.023,0.925,0.932,0.924,0.967,0.922,0.92,1.028,0.928,0.931,0.929,1.059,0.943,0.925,0.982,0.999,1.033,1.035,0.93,0.931,1.01,0.912,0.95,0.954,0.917,0.924,1.058,0.916,0.955,1.054,1.012,0.915,0.92,0.918,1.057,0.917,0.915,0.947,0.921,0.913,0.903,1.059,1.052,0.904,0.91,0.948,1.054,0.956,0.917,0.894,1.06,0.947,1.063,0.93,1.055,0.927,0.932,1.018,1.0,0.941,0.898,0.936,1.048,0.947,0.911,0.912,1.057,1.042,0.921,0.992,1.061,0.945,1.055,0.946,0.914,0.925,0.902,0.898,0.925,0.945,0.924,0.926,0.921,1.025
2017-05-17 11:20:00+02:00,0.98,1.06,0.927,0.979,0.921,0.973,0.944,0.923,0.942,0.935,1.007,0.976,0.893,1.02,0.922,0.929,0.92,0.964,0.919,0.917,1.026,0.925,0.928,0.926,1.057,0.94,0.923,0.979,0.996,1.031,1.033,0.927,0.928,1.008,0.909,0.947,0.95,0.914,0.921,1.056,0.913,0.951,1.052,1.01,0.912,0.917,0.915,1.055,0.914,0.912,0.944,0.918,0.909,0.9,1.057,1.05,0.9,0.907,0.944,1.052,0.953,0.913,0.89,1.058,0.944,1.061,0.927,1.053,0.923,0.929,1.016,0.998,0.938,0.895,0.933,1.046,0.944,0.908,0.908,1.055,1.04,0.918,0.99,1.059,0.942,1.053,0.942,0.91,0.922,0.899,0.895,0.922,0.942,0.921,0.923,0.919,1.025
2017-05-17 11:30:00+02:00,0.977,1.059,0.922,0.976,0.916,0.97,0.94,0.918,0.938,0.931,1.004,0.973,0.888,1.018,0.918,0.924,0.916,0.96,0.914,0.912,1.024,0.92,0.923,0.921,1.056,0.936,0.918,0.976,0.994,1.029,1.031,0.922,0.923,1.005,0.904,0.943,0.947,0.909,0.916,1.054,0.909,0.948,1.051,1.007,0.907,0.912,0.91,1.053,0.909,0.907,0.939,0.913,0.904,0.894,1.055,1.048,0.895,0.902,0.94,1.05,0.949,0.909,0.885,1.057,0.939,1.059,0.922,1.051,0.919,0.924,1.013,0.995,0.933,0.89,0.928,1.044,0.939,0.903,0.903,1.053,1.038,0.913,0.987,1.058,0.937,1.052,0.938,0.905,0.918,0.893,0.889,0.918,0.938,0.916,0.918,0.914,1.025
2017-05-17 11:40:00+02:00,0.984,1.064,0.929,0.982,0.924,0.977,0.948,0.926,0.945,0.938,1.01,0.98,0.896,1.024,0.925,0.931,0.923,0.967,0.922,0.92,1.03,0.928,0.931,0.929,1.06,0.943,0.925,0.983,1.0,1.034,1.036,0.93,0.931,1.011,0.912,0.951,0.954,0.917,0.924,1.059,0.916,0.955,1.056,1.013,0.915,0.92,0.918,1.058,0.917,0.915,0.946,0.921,0.913,0.903,1.06,1.053,0.904,0.91,0.947,1.055,0.957,0.917,0.894,1.062,0.946,1.064,0.93,1.056,0.926,0.932,1.019,1.001,0.941,0.898,0.935,1.05,0.946,0.911,0.912,1.058,1.043,0.921,0.993,1.063,0.944,1.057,0.945,0.914,0.925,0.902,0.898,0.925,0.946,0.924,0.926,0.922,1.025
2017-05-17 11:50:00+02:00,0.981,1.061,0.925,0.979,0.919,0.974,0.943,0.921,0.941,0.934,1.007,0.976,0.891,1.021,0.921,0.927,0.919,0.964,0.917,0.915,1.027,0.923,0.927,0.924,1.058,0.939,0.921,0.98,0.997,1.032,1.033,0.925,0.927,1.008,0.907,0.947,0.95,0.912,0.919,1.057,0.912,0.951,1.053,1.01,0.91,0.915,0.913,1.056,0.913,0.91,0.943,0.916,0.908,0.898,1.058,1.051,0.899,0.905,0.943,1.053,0.953,0.912,0.889,1.059,0.942,1.062,0.926,1.054,0.922,0.927,1.016,0.998,0.937,0.893,0.931,1.047,0.943,0.907,0.907,1.056,1.041,0.916,0.99,1.06,0.941,1.054,0.941,0.909,0.921,0.897,0.893,0.921,0.941,0.919,0.921,0.917,1.025
2017-05-17 12:00:00+02:00,0.973,1.057,0.915,0.971,0.91,0.966,0.934,0.911,0.931,0.924,1.001,0.968,0.88,1.015,0.911,0.917,0.909,0.955,0.907,0.905,1.021,0.914,0.916,0.914,1.054,0.929,0.911,0.972,0.99,1.026,1.028,0.916,0.916,1.002,0.897,0.937,0.941,0.902,0.909,1.053,0.901,0.942,1.049,1.004,0.9,0.905,0.903,1.051,0.902,0.9,0.933,0.906,0.897,0.887,1.053,1.046,0.888,0.894,0.934,1.048,0.944,0.902,0.877,1.055,0.933,1.058,0.916,1.049,0.912,0.917,1.01,0.991,0.927,0.882,0.921,1.042,0.933,0.896,0.896,1.051,1.036,0.906,0.983,1.056,0.931,1.05,0.932,0.898,0.911,0.886,0.882,0.911,0.932,0.91,0.912,0.907,1.025
2017-05-17 12:10:00+02:00,0.971,1.057,0.913,0.969,0.907,0.964,0.932,0.909,0.929,0.922,0.999,0.967,0.877,1.014,0.909,0.915,0.906,0.953,0.904,0.902,1.02,0.911,0.914,0.912,1.053,0.927,0.909,0.97,0.988,1.025,1.027,0.913,0.914,1.0,0.894,0.935,0.939,0.899,0.907,1.052,0.899,0.94,1.048,1.002,0.897,0.903,0.901,1.05,0.899,0.897,0.931,0.903,0.894,0.884,1.053,1.045,0.885,0.892,0.932,1.047,0.942,0.899,0.874,1.054,0.931,1.057,0.913,1.049,0.909,0.915,1.009,0.99,0.925,0.879,0.919,1.041,0.931,0.893,0.893,1.051,1.035,0.904,0.981,1.055,0.929,1.049,0.93,0.895,0.909,0.883,0.879,0.909,0.93,0.907,0.909,0.904,1.025
2017-05-17 12:20:00+02:00,0.972,1.057,0.915,0.97,0.909,0.965,0.933,0.911,0.931,0.924,1.0,0.968,0.879,1.014,0.91,0.917,0.908,0.954,0.907,0.904,1.021,0.913,0.916,0.914,1.053,0.929,0.91,0.971,0.989,1.026,1.027,0.915,0.916,1.001,0.896,0.937,0.94,0.901,0.908,1.052,0.901,0.941,1.048,1.003,0.9,0.904,0.903,1.051,0.901,0.899,0.933,0.906,0.896,0.886,1.053,1.045,0.887,0.894,0.934,1.047,0.943,0.901,0.877,1.054,0.933,1.057,0.915,1.049,0.911,0.917,1.01,0.991,0.927,0.881,0.921,1.042,0.933,0.895,0.895,1.051,1.035,0.905,0.982,1.056,0.931,1.049,0.932,0.898,0.91,0.885,0.881,0.91,0.931,0.909,0.911,0.906,1.025
2017-05-17 12:30:00+02:00,0.975,1.058,0.919,0.973,0.913,0.968,0.937,0.914,0.935,0.927,1.002,0.97,0.883,1.016,0.913,0.92,0.912,0.957,0.91,0.907,1.022,0.917,0.92,0.918,1.055,0.933,0.913,0.974,0.992,1.027,1.029,0.919,0.92,1.003,0.9,0.94,0.943,0.905,0.911,1.053,0.904,0.945,1.05,1.005,0.903,0.908,0.906,1.052,0.905,0.903,0.937,0.909,0.9,0.89,1.054,1.047,0.891,0.897,0.937,1.049,0.946,0.905,0.881,1.056,0.936,1.059,0.919,1.05,0.915,0.92,1.012,0.993,0.93,0.885,0.925,1.043,0.937,0.899,0.899,1.052,1.037,0.909,0.984,1.057,0.935,1.051,0.935,0.901,0.913,0.889,0.885,0.913,0.934,0.912,0.915,0.909,1.025
2017-05-17 12:40:00+02:00,0.973,1.057,0.917,0.972,0.911,0.966,0.935,0.913,0.934,0.926,1.001,0.969,0.881,1.015,0.911,0.919,0.911,0.956,0.909,0.905,1.021,0.915,0.918,0.916,1.053,0.931,0.911,0.973,0.99,1.026,1.028,0.917,0.918,1.002,0.898,0.938,0.942,0.903,0.909,1.052,0.902,0.943,1.048,1.004,0.902,0.905,0.905,1.051,0.904,0.901,0.935,0.908,0.899,0.888,1.053,1.046,0.889,0.895,0.936,1.048,0.945,0.903,0.879,1.055,0.935,1.057,0.917,1.049,0.913,0.919,1.01,0.992,0.929,0.883,0.923,1.042,0.935,0.897,0.898,1.051,1.035,0.906,0.983,1.056,0.933,1.049,0.934,0.9,0.911,0.887,0.883,0.911,0.933,0.909,0.914,0.907,1.025
2017-05-17 12:50:00+02:00,0.966,1.052,0.909,0.965,0.903,0.959,0.927,0.904,0.925,0.917,0.995,0.962,0.871,1.009,0.901,0.91,0.902,0.948,0.9,0.896,1.016,0.907,0.909,0.908,1.049,0.923,0.901,0.966,0.984,1.021,1.022,0.909,0.91,0.996,0.889,0.93,0.934,0.893,0.9,1.048,0.892,0.935,1.044,0.998,0.893,0.896,0.896,1.046,0.894,0.892,0.927,0.899,0.889,0.879,1.048,1.041,0.879,0.886,0.928,1.043,0.937,0.894,0.869,1.05,0.927,1.053,0.908,1.044,0.904,0.91,1.004,0.985,0.92,0.873,0.914,1.037,0.927,0.887,0.888,1.046,1.03,0.897,0.976,1.051,0.925,1.045,0.925,0.891,0.901,0.878,0.873,0.901,0.925,0.9,0.905,0.898,1.025
2017-05-17 13:00:00+02:00,0.971,1.054,0.916,0.969,0.911,0.964,0.934,0.912,0.931,0.924,0.998,0.966,0.882,1.012,0.909,0.917,0.91,0.954,0.908,0.904,1.018,0.914,0.917,0.915,1.05,0.929,0.91,0.97,0.987,1.023,1.025,0.916,0.917,0.998,0.899,0.937,0.94,0.901,0.908,1.049,0.901,0.941,1.045,1.0,0.902,0.904,0.905,1.048,0.903,0.901,0.933,0.907,0.898,0.889,1.05,1.042,0.889,0.894,0.933,1.045,0.943,0.903,0.88,1.051,0.933,1.054,0.916,1.046,0.912,0.917,1.007,0.988,0.927,0.884,0.921,1.039,0.933,0.896,0.898,1.048,1.032,0.905,0.98,1.053,0.931,1.046,0.931,0.9,0.909,0.888,0.884,0.909,0.932,0.908,0.913,0.906,1.025
2017-05-17 13:10:00+02:00,0.966,1.052,0.91,0.965,0.905,0.959,0.928,0.906,0.926,0.918,0.994,0.962,0.875,1.009,0.902,0.912,0.904,0.949,0.902,0.897,1.015,0.908,0.911,0.909,1.048,0.924,0.903,0.966,0.983,1.02,1.022,0.91,0.911,0.995,0.892,0.931,0.935,0.894,0.901,1.047,0.894,0.936,1.043,0.997,0.895,0.897,0.898,1.046,0.897,0.895,0.928,0.901,0.892,0.882,1.048,1.04,0.882,0.887,0.928,1.043,0.938,0.896,0.872,1.05,0.927,1.053,0.91,1.044,0.906,0.912,1.004,0.985,0.921,0.877,0.916,1.037,0.928,0.889,0.891,1.046,1.03,0.898,0.976,1.051,0.926,1.044,0.926,0.893,0.902,0.881,0.876,0.903,0.926,0.901,0.907,0.899,1.025
2017-05-17 13:20:00+02:00,0.969,1.053,0.913,0.967,0.908,0.962,0.932,0.909,0.929,0.922,0.996,0.965,0.879,1.011,0.906,0.915,0.907,0.952,0.905,0.901,1.017,0.911,0.915,0.912,1.049,0.927,0.906,0.968,0.986,1.022,1.024,0.913,0.915,0.997,0.895,0.935,0.938,0.898,0.905,1.048,0.898,0.939,1.044,0.999,0.899,0.901,0.902,1.047,0.901,0.898,0.931,0.904,0.896,0.886,1.049,1.041,0.886,0.891,0.932,1.044,0.941,0.9,0.877,1.051,0.931,1.053,0.914,1.045,0.91,0.915,1.006,0.987,0.925,0.881,0.919,1.038,0.931,0.893,0.895,1.047,1.031,0.902,0.979,1.052,0.929,1.045,0.929,0.897,0.906,0.885,0.881,0.906,0.929,0.905,0.91,0.903,1.025
2017-05-17 13:30:00+02:00,0.974,1.056,0.918,0.972,0.913,0.967,0.936,0.914,0.934,0.926,1.001,0.969,0.883,1.014,0.912,0.92,0.912,0.957,0.91,0.907,1.021,0.917,0.919,0.917,1.052,0.932,0.912,0.973,0.99,1.025,1.027,0.919,0.919,1.001,0.9,0.939,0.943,0.904,0.911,1.051,0.903,0.944,1.047,1.003,0.903,0.907,0.907,1.05,0.905,0.903,0.935,0.909,0.9,0.89,1.052,1.045,0.891,0.897,0.936,1.047,0.946,0.905,0.881,1.053,0.935,1.056,0.918,1.048,0.914,0.92,1.01,0.991,0.929,0.885,0.924,1.041,0.935,0.898,0.899,1.05,1.034,0.908,0.983,1.055,0.933,1.048,0.934,0.902,0.912,0.889,0.885,0.912,0.934,0.911,0.915,0.908,1.025
2017-05-17 13:40:00+02:00,0.973,1.055,0.918,0.972,0.912,0.966,0.936,0.914,0.934,0.926,1.0,0.969,0.882,1.014,0.913,0.919,0.912,0.956,0.909,0.907,1.02,0.916,0.919,0.917,1.052,0.932,0.913,0.973,0.99,1.025,1.027,0.918,0.919,1.001,0.9,0.939,0.942,0.904,0.911,1.051,0.903,0.943,1.047,1.003,0.903,0.907,0.906,1.049,0.904,0.902,0.936,0.909,0.899,0.889,1.051,1.044,0.89,0.896,0.936,1.046,0.945,0.904,0.88,1.053,0.935,1.056,0.918,1.048,0.914,0.919,1.01,0.991,0.929,0.884,0.924,1.041,0.935,0.898,0.899,1.05,1.034,0.908,0.983,1.054,0.934,1.048,0.934,0.901,0.913,0.888,0.884,0.913,0.933,0.911,0.915,0.909,1.025
2017-05-17 13:50:00+02:00,0.976,1.057,0.921,0.974,0.916,0.969,0.938,0.917,0.937,0.929,1.003,0.972,0.885,1.017,0.915,0.922,0.915,0.959,0.912,0.91,1.023,0.92,0.922,0.92,1.054,0.935,0.915,0.975,0.993,1.028,1.029,0.922,0.922,1.004,0.903,0.941,0.945,0.907,0.914,1.053,0.906,0.946,1.049,1.006,0.906,0.91,0.909,1.051,0.907,0.906,0.939,0.912,0.902,0.892,1.053,1.046,0.893,0.899,0.939,1.048,0.948,0.907,0.883,1.055,0.938,1.058,0.921,1.05,0.917,0.922,1.012,0.994,0.932,0.887,0.927,1.043,0.938,0.901,0.901,1.052,1.036,0.911,0.986,1.056,0.936,1.05,0.937,0.904,0.915,0.891,0.887,0.915,0.936,0.914,0.918,0.912,1.025
2017-05-17 14:00:00+02:00,0.979,1.059,0.925,0.978,0.92,0.972,0.942,0.921,0.94,0.933,1.006,0.975,0.891,1.019,0.92,0.926,0.919,0.962,0.917,0.914,1.025,0.924,0.926,0.925,1.055,0.938,0.92,0.978,0.995,1.03,1.031,0.926,0.926,1.006,0.907,0.945,0.949,0.911,0.918,1.054,0.911,0.95,1.051,1.008,0.91,0.914,0.914,1.053,0.912,0.91,0.942,0.916,0.907,0.897,1.055,1.048,0.898,0.904,0.942,1.05,0.952,0.911,0.888,1.056,0.941,1.059,0.925,1.051,0.921,0.926,1.015,0.997,0.936,0.893,0.93,1.045,0.941,0.906,0.906,1.053,1.038,0.915,0.989,1.058,0.94,1.051,0.94,0.909,0.92,0.896,0.892,0.92,0.94,0.918,0.922,0.916,1.025
2017-05-17 14:10:00+02:00,0.982,1.057,0.933,0.981,0.927,0.976,0.947,0.929,0.944,0.938,1.007,0.978,0.898,1.02,0.926,0.932,0.926,0.966,0.923,0.92,1.025,0.931,0.931,0.932,1.054,0.943,0.926,0.981,0.998,1.03,1.031,0.933,0.931,1.008,0.915,0.95,0.954,0.918,0.924,1.053,0.917,0.955,1.05,1.01,0.918,0.921,0.921,1.052,0.918,0.917,0.946,0.924,0.914,0.905,1.054,1.047,0.905,0.911,0.946,1.049,0.956,0.918,0.896,1.055,0.946,1.058,0.931,1.05,0.927,0.932,1.016,0.999,0.94,0.9,0.935,1.044,0.946,0.912,0.913,1.052,1.038,0.921,0.991,1.056,0.944,1.051,0.945,0.916,0.926,0.904,0.9,0.926,0.945,0.924,0.929,0.922,1.025
2017-05-17 14:20:00+02:00,0.989,1.058,0.945,0.987,0.94,0.983,0.957,0.942,0.954,0.949,1.011,0.985,0.913,1.023,0.939,0.943,0.939,0.974,0.935,0.933,1.028,0.944,0.942,0.944,1.055,0.953,0.939,0.988,1.002,1.032,1.034,0.945,0.942,1.012,0.928,0.959,0.962,0.931,0.937,1.054,0.931,0.963,1.05,1.014,0.931,0.934,0.934,1.053,0.931,0.931,0.956,0.937,0.927,0.919,1.055,1.048,0.919,0.925,0.956,1.05,0.965,0.931,0.911,1.056,0.955,1.058,0.942,1.051,0.938,0.943,1.019,1.004,0.951,0.915,0.946,1.045,0.955,0.926,0.926,1.053,1.04,0.934,0.997,1.057,0.954,1.052,0.954,0.93,0.938,0.918,0.915,0.939,0.955,0.937,0.942,0.935,1.025
2017-05-17 14:30:00+02:00,0.985,1.059,0.935,0.983,0.93,0.978,0.95,0.931,0.948,0.941,1.01,0.981,0.902,1.022,0.929,0.935,0.929,0.969,0.926,0.924,1.028,0.934,0.934,0.934,1.056,0.946,0.929,0.984,1.0,1.032,1.034,0.935,0.934,1.01,0.918,0.953,0.956,0.921,0.927,1.055,0.92,0.957,1.052,1.012,0.921,0.924,0.924,1.054,0.921,0.921,0.949,0.927,0.917,0.908,1.056,1.049,0.909,0.914,0.95,1.051,0.959,0.921,0.9,1.057,0.949,1.06,0.934,1.052,0.93,0.935,1.018,1.001,0.944,0.904,0.939,1.046,0.949,0.916,0.916,1.054,1.04,0.925,0.994,1.058,0.947,1.053,0.948,0.919,0.929,0.907,0.903,0.929,0.948,0.928,0.932,0.925,1.025
2017-05-17 14:40:00+02:00,0.982,1.057,0.933,0.98,0.927,0.975,0.947,0.929,0.946,0.939,1.006,0.978,0.899,1.019,0.926,0.933,0.926,0.966,0.924,0.921,1.025,0.931,0.932,0.932,1.054,0.944,0.926,0.981,0.997,1.029,1.031,0.933,0.932,1.007,0.915,0.95,0.953,0.918,0.925,1.053,0.918,0.954,1.049,1.009,0.918,0.921,0.921,1.051,0.919,0.918,0.948,0.924,0.914,0.905,1.053,1.047,0.906,0.911,0.948,1.049,0.956,0.918,0.896,1.055,0.948,1.057,0.931,1.05,0.928,0.933,1.015,0.998,0.942,0.901,0.937,1.044,0.948,0.913,0.914,1.052,1.037,0.922,0.99,1.056,0.946,1.05,0.946,0.916,0.926,0.904,0.9,0.926,0.945,0.925,0.929,0.923,1.025
2017-05-17 14:50:00+02:00,0.988,1.062,0.937,0.986,0.932,0.981,0.953,0.933,0.952,0.945,1.012,0.984,0.905,1.025,0.932,0.939,0.931,0.972,0.929,0.927,1.03,0.936,0.938,0.936,1.059,0.95,0.932,0.987,1.003,1.035,1.037,0.937,0.938,1.013,0.92,0.956,0.959,0.924,0.93,1.058,0.924,0.96,1.055,1.015,0.923,0.927,0.926,1.057,0.925,0.923,0.953,0.929,0.92,0.911,1.059,1.052,0.911,0.917,0.954,1.054,0.962,0.924,0.902,1.06,0.953,1.063,0.937,1.055,0.934,0.939,1.021,1.004,0.948,0.906,0.942,1.049,0.953,0.919,0.919,1.057,1.043,0.928,0.996,1.061,0.951,1.055,0.952,0.921,0.932,0.91,0.906,0.932,0.951,0.931,0.934,0.928,1.025
2017-05-17 15:00:00+02:00,0.995,1.061,0.951,0.994,0.946,0.989,0.965,0.948,0.963,0.958,1.017,0.992,0.922,1.028,0.945,0.952,0.946,0.981,0.944,0.941,1.033,0.949,0.952,0.95,1.058,0.962,0.945,0.994,1.008,1.037,1.038,0.951,0.952,1.018,0.936,0.967,0.97,0.939,0.944,1.056,0.939,0.971,1.054,1.019,0.938,0.941,0.941,1.055,0.94,0.938,0.965,0.943,0.936,0.928,1.056,1.052,0.928,0.933,0.965,1.053,0.972,0.94,0.92,1.059,0.965,1.062,0.95,1.055,0.948,0.952,1.024,1.01,0.96,0.924,0.955,1.049,0.965,0.934,0.935,1.056,1.044,0.942,1.003,1.06,0.963,1.054,0.963,0.937,0.945,0.927,0.924,0.945,0.963,0.944,0.948,0.942,1.025
2017-05-17 15:10:00+02:00,0.987,1.058,0.941,0.986,0.935,0.981,0.954,0.937,0.953,0.947,1.01,0.983,0.909,1.022,0.934,0.941,0.935,0.972,0.932,0.93,1.027,0.939,0.941,0.94,1.055,0.951,0.934,0.986,1.001,1.031,1.033,0.941,0.941,1.011,0.924,0.957,0.96,0.927,0.933,1.052,0.927,0.961,1.05,1.013,0.927,0.93,0.93,1.051,0.928,0.926,0.955,0.932,0.924,0.915,1.052,1.047,0.916,0.921,0.955,1.049,0.963,0.927,0.907,1.056,0.955,1.058,0.939,1.051,0.936,0.941,1.018,1.002,0.949,0.911,0.945,1.045,0.955,0.922,0.923,1.052,1.039,0.931,0.995,1.057,0.953,1.05,0.953,0.925,0.934,0.914,0.911,0.934,0.952,0.933,0.937,0.931,1.025
2017-05-17 15:20:00+02:00,0.992,1.059,0.947,0.991,0.943,0.987,0.961,0.944,0.96,0.954,1.015,0.989,0.918,1.026,0.942,0.949,0.942,0.978,0.941,0.938,1.03,0.946,0.948,0.947,1.057,0.958,0.942,0.992,1.006,1.034,1.036,0.947,0.948,1.015,0.932,0.964,0.967,0.936,0.941,1.054,0.935,0.968,1.052,1.017,0.935,0.938,0.937,1.053,0.936,0.934,0.962,0.94,0.932,0.924,1.054,1.05,0.924,0.93,0.962,1.051,0.969,0.936,0.916,1.057,0.961,1.06,0.947,1.053,0.944,0.949,1.022,1.007,0.956,0.92,0.952,1.047,0.961,0.931,0.932,1.055,1.042,0.939,1.0,1.058,0.96,1.052,0.96,0.933,0.942,0.923,0.92,0.942,0.96,0.941,0.944,0.939,1.025
2017-05-17 15:30:00+02:00,0.995,1.064,0.946,0.993,0.941,0.988,0.962,0.943,0.959,0.953,1.018,0.991,0.916,1.03,0.941,0.947,0.941,0.98,0.938,0.936,1.035,0.944,0.946,0.945,1.062,0.957,0.941,0.994,1.009,1.039,1.041,0.946,0.946,1.019,0.93,0.964,0.968,0.934,0.94,1.06,0.933,0.969,1.057,1.02,0.933,0.937,0.936,1.059,0.934,0.933,0.961,0.938,0.93,0.922,1.061,1.055,0.922,0.928,0.961,1.057,0.97,0.934,0.914,1.063,0.96,1.065,0.946,1.058,0.942,0.947,1.026,1.01,0.955,0.917,0.95,1.052,0.96,0.929,0.929,1.06,1.047,0.937,1.003,1.064,0.959,1.058,0.959,0.931,0.941,0.921,0.917,0.941,0.96,0.94,0.943,0.938,1.025
2017-05-17 15:40:00+02:00,0.998,1.066,0.951,0.997,0.946,0.992,0.966,0.947,0.964,0.958,1.021,0.995,0.921,1.033,0.946,0.952,0.945,0.984,0.943,0.941,1.038,0.949,0.951,0.95,1.064,0.962,0.946,0.998,1.012,1.042,1.043,0.951,0.951,1.022,0.935,0.969,0.972,0.939,0.945,1.063,0.939,0.973,1.06,1.023,0.938,0.942,0.941,1.061,0.939,0.938,0.965,0.943,0.936,0.927,1.063,1.057,0.927,0.933,0.966,1.059,0.974,0.939,0.919,1.065,0.965,1.067,0.951,1.06,0.947,0.952,1.029,1.013,0.96,0.923,0.955,1.055,0.965,0.934,0.934,1.062,1.049,0.942,1.006,1.066,0.963,1.06,0.964,0.936,0.946,0.926,0.923,0.946,0.964,0.945,0.948,0.943,1.025
2017-05-17 15:50:00+02:00,1.004,1.069,0.959,1.003,0.955,0.998,0.974,0.956,0.971,0.965,1.026,1.001,0.93,1.037,0.954,0.96,0.954,0.99,0.952,0.95,1.042,0.958,0.959,0.958,1.066,0.969,0.954,1.004,1.018,1.046,1.047,0.959,0.959,1.027,0.944,0.976,0.979,0.947,0.953,1.066,0.947,0.98,1.063,1.028,0.947,0.95,0.949,1.065,0.948,0.947,0.972,0.952,0.944,0.936,1.066,1.061,0.936,0.941,0.973,1.062,0.981,0.948,0.929,1.067,0.972,1.07,0.959,1.063,0.955,0.96,1.033,1.019,0.967,0.932,0.963,1.058,0.972,0.943,0.943,1.065,1.053,0.951,1.012,1.068,0.971,1.063,0.971,0.945,0.954,0.935,0.932,0.954,0.972,0.953,0.956,0.951,1.025
2017-05-17 16:00:00+02:00,1.005,1.068,0.96,1.004,0.956,0.999,0.975,0.957,0.973,0.967,1.026,1.001,0.933,1.037,0.956,0.962,0.955,0.991,0.954,0.951,1.041,0.959,0.961,0.959,1.065,0.971,0.956,1.004,1.018,1.045,1.047,0.96,0.961,1.027,0.946,0.977,0.98,0.949,0.955,1.064,0.949,0.981,1.062,1.028,0.948,0.952,0.951,1.063,0.95,0.948,0.974,0.953,0.946,0.938,1.065,1.06,0.939,0.944,0.974,1.061,0.982,0.95,0.931,1.066,0.974,1.068,0.961,1.062,0.957,0.962,1.033,1.019,0.969,0.934,0.965,1.057,0.974,0.945,0.945,1.064,1.052,0.952,1.012,1.067,0.972,1.062,0.973,0.947,0.956,0.937,0.934,0.956,0.973,0.955,0.957,0.953,1.025
2017-05-17 16:10:00+02:00,1.008,1.064,0.967,1.007,0.963,1.003,0.981,0.964,0.979,0.974,1.027,1.005,0.943,1.037,0.965,0.969,0.963,0.996,0.962,0.961,1.041,0.966,0.969,0.967,1.062,0.978,0.965,1.007,1.02,1.044,1.045,0.967,0.969,1.028,0.954,0.983,0.986,0.959,0.964,1.061,0.958,0.987,1.059,1.029,0.957,0.961,0.959,1.06,0.958,0.956,0.98,0.961,0.955,0.948,1.061,1.057,0.948,0.953,0.981,1.058,0.988,0.958,0.941,1.062,0.98,1.064,0.968,1.059,0.965,0.969,1.033,1.021,0.976,0.944,0.972,1.054,0.98,0.954,0.954,1.06,1.05,0.962,1.015,1.063,0.979,1.059,0.979,0.955,0.965,0.947,0.944,0.965,0.98,0.964,0.965,0.962,1.025
2017-05-17 16:20:00+02:00,1.008,1.058,0.971,1.007,0.967,1.004,0.984,0.968,0.982,0.978,1.025,1.005,0.949,1.034,0.97,0.973,0.967,0.997,0.967,0.966,1.038,0.97,0.973,0.97,1.056,0.981,0.97,1.008,1.019,1.041,1.042,0.971,0.973,1.026,0.959,0.986,0.988,0.964,0.969,1.056,0.963,0.989,1.053,1.027,0.961,0.966,0.963,1.055,0.963,0.961,0.983,0.965,0.96,0.953,1.056,1.052,0.954,0.959,0.984,1.053,0.99,0.963,0.947,1.057,0.983,1.058,0.972,1.054,0.97,0.973,1.031,1.019,0.979,0.95,0.976,1.05,0.983,0.96,0.959,1.055,1.046,0.967,1.014,1.057,0.982,1.054,0.982,0.96,0.97,0.952,0.95,0.97,0.982,0.969,0.969,0.967,1.025
2017-05-17 16:30:00+02:00,1.012,1.064,0.974,1.011,0.97,1.008,0.987,0.971,0.986,0.981,1.03,1.009,0.951,1.039,0.972,0.976,0.969,1.001,0.969,0.968,1.043,0.973,0.976,0.973,1.062,0.984,0.972,1.012,1.023,1.046,1.047,0.974,0.976,1.03,0.962,0.989,0.991,0.966,0.97,1.062,0.965,0.992,1.059,1.032,0.964,0.968,0.966,1.061,0.966,0.964,0.987,0.968,0.963,0.956,1.062,1.058,0.956,0.96,0.987,1.059,0.993,0.966,0.949,1.063,0.987,1.065,0.975,1.06,0.972,0.976,1.036,1.024,0.983,0.952,0.979,1.055,0.987,0.962,0.962,1.061,1.051,0.968,1.019,1.063,0.985,1.06,0.986,0.963,0.972,0.955,0.952,0.972,0.985,0.971,0.971,0.969,1.025
2017-05-17 16:40:00+02:00,1.016,1.067,0.978,1.015,0.975,1.011,0.991,0.976,0.99,0.985,1.033,1.013,0.956,1.042,0.976,0.98,0.974,1.005,0.974,0.972,1.046,0.977,0.98,0.978,1.065,0.988,0.976,1.015,1.026,1.049,1.05,0.978,0.98,1.034,0.967,0.993,0.996,0.97,0.975,1.064,0.97,0.996,1.062,1.035,0.969,0.972,0.971,1.063,0.97,0.968,0.991,0.973,0.967,0.961,1.064,1.06,0.961,0.965,0.991,1.061,0.997,0.97,0.954,1.065,0.991,1.067,0.979,1.062,0.977,0.98,1.039,1.027,0.987,0.957,0.983,1.058,0.991,0.966,0.967,1.063,1.054,0.973,1.022,1.066,0.99,1.062,0.99,0.968,0.976,0.96,0.957,0.976,0.99,0.975,0.976,0.973,1.025
2017-05-17 16:50:00+02:00,1.019,1.069,0.982,1.018,0.979,1.014,0.994,0.98,0.993,0.988,1.036,1.016,0.96,1.044,0.979,0.984,0.978,1.008,0.977,0.975,1.048,0.981,0.983,0.982,1.067,0.992,0.979,1.018,1.029,1.051,1.052,0.982,0.983,1.036,0.97,0.996,0.999,0.973,0.978,1.066,0.973,0.999,1.064,1.037,0.973,0.975,0.975,1.065,0.974,0.972,0.994,0.976,0.971,0.964,1.067,1.062,0.965,0.969,0.995,1.064,1.001,0.974,0.958,1.068,0.994,1.069,0.983,1.064,0.98,0.984,1.041,1.03,0.99,0.961,0.986,1.06,0.994,0.97,0.97,1.066,1.056,0.976,1.025,1.068,0.993,1.064,0.993,0.971,0.979,0.964,0.961,0.979,0.993,0.978,0.98,0.976,1.025
2017-05-17 17:00:00+02:00,1.011,1.045,0.982,1.01,0.98,1.007,0.993,0.981,0.997,0.993,1.023,1.009,0.968,1.029,0.982,0.989,0.98,1.003,0.983,0.979,1.032,0.981,0.988,0.982,1.044,0.996,0.982,1.01,1.018,1.034,1.034,0.982,0.988,1.024,0.975,0.995,0.996,0.978,0.981,1.045,0.977,0.997,1.042,1.025,0.976,0.979,0.977,1.044,0.98,0.976,0.998,0.979,0.976,0.972,1.045,1.042,0.971,0.974,0.999,1.043,0.997,0.978,0.967,1.044,0.998,1.045,0.985,1.043,0.986,0.989,1.027,1.019,0.994,0.969,0.991,1.04,0.998,0.975,0.977,1.043,1.037,0.979,1.015,1.045,0.997,1.043,0.997,0.975,0.982,0.971,0.969,0.982,0.992,0.981,0.981,0.98,1.025
2017-05-17 17:10:00+02:00,1.012,1.042,0.982,1.011,0.981,1.009,0.996,0.981,1.0,0.996,1.023,1.01,0.973,1.029,0.984,0.992,0.981,1.004,0.987,0.982,1.031,0.982,0.992,0.982,1.041,0.999,0.984,1.011,1.019,1.033,1.033,0.982,0.992,1.024,0.977,0.997,0.999,0.981,0.983,1.043,0.98,0.999,1.04,1.024,0.978,0.982,0.979,1.042,0.984,0.978,1.001,0.98,0.98,0.976,1.043,1.04,0.976,0.978,1.001,1.04,1.0,0.982,0.972,1.042,1.001,1.042,0.988,1.04,0.989,0.992,1.027,1.019,0.998,0.974,0.994,1.038,1.001,0.978,0.981,1.041,1.036,0.982,1.016,1.042,1.0,1.041,1.0,0.978,0.984,0.976,0.973,0.984,0.995,0.984,0.981,0.983,1.025
2017-05-17 17:20:00+02:00,1.009,1.035,0.981,1.009,0.98,1.007,0.996,0.98,1.001,0.997,1.019,1.008,0.977,1.024,0.983,0.994,0.98,1.003,0.989,0.982,1.026,0.981,0.994,0.981,1.034,1.0,0.983,1.009,1.016,1.027,1.028,0.981,0.994,1.02,0.979,0.997,0.998,0.981,0.983,1.036,0.981,0.999,1.033,1.02,0.979,0.982,0.979,1.035,0.987,0.979,1.002,0.979,0.983,0.98,1.036,1.033,0.978,0.98,1.002,1.034,0.999,0.985,0.976,1.035,1.002,1.035,0.99,1.034,0.991,0.994,1.022,1.016,0.999,0.978,0.996,1.032,1.002,0.98,0.984,1.034,1.03,0.982,1.013,1.035,1.001,1.035,1.001,0.979,0.983,0.98,0.977,0.983,0.995,0.983,0.98,0.982,1.025
2017-05-17 17:30:00+02:00,1.008,1.032,0.98,1.007,0.979,1.005,0.995,0.98,1.0,0.996,1.017,1.006,0.977,1.022,0.983,0.993,0.979,1.002,0.989,0.981,1.023,0.98,0.993,0.98,1.031,0.999,0.983,1.008,1.014,1.025,1.025,0.98,0.993,1.018,0.978,0.996,0.997,0.981,0.982,1.032,0.981,0.997,1.03,1.018,0.979,0.981,0.979,1.032,0.987,0.979,1.001,0.979,0.983,0.98,1.033,1.03,0.978,0.98,1.001,1.031,0.998,0.984,0.976,1.032,1.0,1.032,0.989,1.03,0.991,0.993,1.02,1.014,0.997,0.978,0.995,1.029,1.0,0.98,0.984,1.031,1.027,0.982,1.011,1.032,0.999,1.031,1.0,0.978,0.983,0.98,0.977,0.983,0.994,0.982,0.98,0.982,1.025
2017-05-17 17:40:00+02:00,1.016,1.042,0.986,1.015,0.984,1.013,1.001,0.985,1.004,1.0,1.026,1.014,0.981,1.03,0.989,0.997,0.984,1.009,0.993,0.987,1.032,0.985,0.997,0.985,1.041,1.003,0.989,1.015,1.022,1.034,1.034,0.986,0.997,1.026,0.983,1.003,1.004,0.987,0.989,1.042,0.986,1.004,1.04,1.027,0.983,0.987,0.984,1.041,0.991,0.983,1.004,0.984,0.988,0.984,1.042,1.04,0.983,0.985,1.005,1.04,1.005,0.989,0.98,1.042,1.004,1.042,0.995,1.04,0.995,0.997,1.029,1.022,1.001,0.982,0.999,1.038,1.004,0.985,0.988,1.041,1.037,0.988,1.019,1.042,1.003,1.041,1.004,0.983,0.989,0.984,0.981,0.989,1.001,0.989,0.985,0.988,1.025
2017-05-17 17:50:00+02:00,1.023,1.052,0.991,1.022,0.99,1.02,1.008,0.99,1.008,1.005,1.033,1.021,0.986,1.039,0.995,1.002,0.989,1.016,0.998,0.993,1.041,0.991,1.001,0.991,1.051,1.007,0.995,1.022,1.029,1.043,1.043,0.991,1.001,1.034,0.988,1.009,1.01,0.992,0.994,1.051,0.992,1.011,1.05,1.034,0.988,0.993,0.989,1.051,0.995,0.988,1.009,0.989,0.993,0.989,1.052,1.049,0.988,0.99,1.009,1.05,1.011,0.995,0.985,1.052,1.009,1.052,1.0,1.05,0.999,1.002,1.037,1.03,1.006,0.987,1.003,1.048,1.009,0.99,0.993,1.051,1.046,0.993,1.027,1.052,1.008,1.05,1.008,0.988,0.995,0.989,0.987,0.995,1.007,0.994,0.99,0.994,1.025
2017-05-17 18:00:00+02:00,1.025,1.054,1.0,1.024,0.998,1.022,1.01,0.999,1.004,1.001,1.034,1.023,0.99,1.039,1.001,0.998,0.998,1.018,0.996,0.999,1.041,0.999,0.999,1.0,1.052,1.003,1.001,1.024,1.031,1.043,1.044,1.0,0.999,1.035,0.994,1.012,1.013,0.998,1.0,1.052,0.997,1.013,1.051,1.035,0.995,0.999,0.996,1.051,0.995,0.995,1.004,0.997,0.997,0.992,1.052,1.05,0.993,0.995,1.004,1.05,1.014,0.999,0.989,1.053,1.004,1.054,1.004,1.051,0.997,0.998,1.037,1.031,1.002,0.991,1.0,1.048,1.004,0.995,0.994,1.052,1.046,0.999,1.028,1.053,1.004,1.051,1.004,0.994,1.001,0.992,0.991,1.001,1.01,1.0,0.999,0.999,1.025
2017-05-17 18:10:00+02:00,1.025,1.052,1.004,1.025,1.002,1.023,1.012,1.003,1.005,1.003,1.034,1.024,0.994,1.038,1.004,1.001,1.002,1.019,0.999,1.002,1.04,1.003,1.001,1.004,1.05,1.005,1.004,1.025,1.03,1.042,1.042,1.004,1.001,1.034,0.998,1.013,1.014,1.001,1.003,1.05,1.001,1.015,1.049,1.035,0.999,1.002,1.0,1.049,0.998,0.999,1.006,1.001,1.0,0.995,1.05,1.048,0.997,0.999,1.005,1.048,1.015,1.001,0.993,1.051,1.006,1.052,1.006,1.049,1.0,1.001,1.037,1.031,1.004,0.995,1.002,1.047,1.006,0.999,0.997,1.05,1.045,1.002,1.028,1.051,1.005,1.049,1.005,0.999,1.004,0.995,0.995,1.004,1.011,1.004,1.003,1.003,1.025
2017-05-17 18:20:00+02:00,1.025,1.049,1.006,1.024,1.005,1.023,1.013,1.005,1.005,1.004,1.033,1.023,0.996,1.037,1.006,1.001,1.005,1.02,1.0,1.004,1.038,1.006,1.002,1.006,1.048,1.005,1.006,1.025,1.03,1.04,1.04,1.006,1.002,1.033,1.001,1.014,1.015,1.003,1.006,1.047,1.003,1.016,1.046,1.033,1.002,1.004,1.003,1.047,1.0,1.002,1.006,1.004,1.002,0.998,1.047,1.045,0.999,1.001,1.005,1.046,1.016,1.004,0.996,1.048,1.006,1.049,1.008,1.046,1.001,1.001,1.035,1.03,1.004,0.997,1.003,1.044,1.006,1.002,0.999,1.047,1.042,1.005,1.028,1.048,1.005,1.046,1.005,1.001,1.006,0.997,0.997,1.006,1.013,1.006,1.005,1.005,1.025
2017-05-17 18:30:00+02:00,1.024,1.047,1.006,1.023,1.005,1.022,1.013,1.005,1.005,1.003,1.031,1.023,0.997,1.035,1.006,1.001,1.005,1.019,1.0,1.005,1.037,1.006,1.001,1.006,1.045,1.005,1.006,1.024,1.028,1.038,1.038,1.006,1.001,1.032,1.001,1.014,1.015,1.004,1.006,1.045,1.004,1.015,1.044,1.032,1.002,1.005,1.003,1.044,1.0,1.002,1.005,1.004,1.002,0.998,1.045,1.043,1.0,1.001,1.005,1.044,1.016,1.004,0.996,1.046,1.005,1.047,1.008,1.044,1.001,1.001,1.034,1.029,1.004,0.998,1.003,1.042,1.005,1.002,0.999,1.045,1.04,1.005,1.027,1.046,1.005,1.044,1.005,1.002,1.006,0.998,0.998,1.006,1.012,1.006,1.006,1.005,1.025
2017-05-17 18:40:00+02:00,1.024,1.047,1.005,1.023,1.004,1.021,1.012,1.004,1.004,1.002,1.031,1.022,0.996,1.035,1.005,1.0,1.004,1.018,1.0,1.004,1.036,1.005,1.001,1.005,1.045,1.004,1.005,1.023,1.028,1.038,1.038,1.005,1.0,1.031,1.0,1.013,1.014,1.003,1.005,1.044,1.003,1.015,1.044,1.032,1.001,1.004,1.002,1.044,0.999,1.001,1.004,1.003,1.002,0.997,1.045,1.043,0.999,1.001,1.004,1.043,1.015,1.003,0.996,1.046,1.004,1.047,1.007,1.044,1.0,1.0,1.033,1.028,1.003,0.997,1.002,1.042,1.004,1.001,0.998,1.045,1.04,1.004,1.026,1.046,1.004,1.044,1.004,1.001,1.005,0.997,0.997,1.005,1.012,1.005,1.005,1.004,1.025
2017-05-17 18:50:00+02:00,1.022,1.041,1.008,1.022,1.007,1.021,1.014,1.007,1.005,1.004,1.028,1.021,1.001,1.031,1.008,1.002,1.007,1.018,1.002,1.007,1.032,1.008,1.002,1.008,1.04,1.005,1.008,1.022,1.026,1.034,1.034,1.008,1.002,1.028,1.004,1.014,1.015,1.006,1.008,1.039,1.006,1.015,1.038,1.029,1.005,1.007,1.005,1.039,1.002,1.005,1.005,1.006,1.005,1.001,1.039,1.038,1.003,1.005,1.004,1.038,1.016,1.006,1.001,1.04,1.005,1.041,1.01,1.039,1.002,1.002,1.03,1.026,1.004,1.002,1.003,1.037,1.005,1.005,1.002,1.039,1.036,1.007,1.024,1.04,1.005,1.038,1.005,1.004,1.008,1.001,1.002,1.008,1.013,1.008,1.007,1.008,1.025
2017-05-17 19:00:00+02:00,1.011,1.014,1.004,1.011,1.005,1.011,1.01,1.005,0.996,0.997,1.011,1.011,1.008,1.012,1.006,0.998,1.005,1.01,1.001,1.007,1.012,1.004,0.999,1.004,1.014,0.996,1.006,1.011,1.011,1.012,1.012,1.004,0.998,1.011,1.006,1.01,1.01,1.007,1.006,1.013,1.007,1.01,1.014,1.011,1.006,1.007,1.005,1.013,1.002,1.006,0.995,1.005,1.009,1.006,1.013,1.013,1.008,1.008,0.995,1.013,1.01,1.009,1.008,1.014,0.995,1.014,1.009,1.014,1.0,0.998,1.012,1.011,0.997,1.008,0.998,1.013,0.995,1.008,1.004,1.014,1.013,1.007,1.011,1.014,0.996,1.013,0.996,1.006,1.006,1.006,1.008,1.006,1.01,1.006,1.004,1.007,1.025
2017-05-17 19:10:00+02:00,1.018,1.029,1.005,1.018,1.006,1.018,1.014,1.006,1.002,1.003,1.022,1.018,1.007,1.023,1.007,1.003,1.006,1.016,1.004,1.007,1.024,1.006,1.003,1.005,1.028,1.002,1.007,1.018,1.02,1.025,1.025,1.005,1.003,1.022,1.006,1.014,1.015,1.007,1.007,1.028,1.007,1.015,1.027,1.022,1.006,1.007,1.006,1.028,1.004,1.006,1.002,1.006,1.009,1.006,1.028,1.027,1.007,1.007,1.002,1.027,1.015,1.01,1.007,1.028,1.002,1.029,1.012,1.028,1.003,1.003,1.023,1.02,1.002,1.007,1.003,1.027,1.002,1.007,1.005,1.028,1.026,1.007,1.02,1.029,1.002,1.027,1.002,1.006,1.007,1.006,1.007,1.007,1.013,1.007,1.006,1.007,1.025
2017-05-17 19:20:00+02:00,1.021,1.033,1.006,1.021,1.007,1.02,1.015,1.007,1.007,1.007,1.025,1.02,1.007,1.027,1.008,1.007,1.007,1.018,1.007,1.008,1.028,1.007,1.007,1.007,1.032,1.007,1.008,1.021,1.023,1.028,1.028,1.006,1.007,1.025,1.007,1.016,1.016,1.008,1.008,1.032,1.008,1.016,1.031,1.025,1.007,1.008,1.007,1.031,1.007,1.007,1.007,1.007,1.01,1.007,1.032,1.031,1.008,1.008,1.007,1.031,1.017,1.011,1.007,1.032,1.007,1.033,1.013,1.031,1.007,1.007,1.026,1.023,1.007,1.008,1.007,1.03,1.007,1.008,1.007,1.032,1.029,1.008,1.022,1.033,1.007,1.031,1.007,1.007,1.008,1.007,1.007,1.008,1.015,1.008,1.007,1.008,1.025
2017-05-17 19:30:00+02:00,1.021,1.032,1.01,1.021,1.01,1.02,1.016,1.01,1.011,1.011,1.024,1.02,1.009,1.026,1.01,1.011,1.01,1.019,1.01,1.01,1.027,1.01,1.011,1.01,1.031,1.011,1.01,1.021,1.023,1.028,1.028,1.01,1.011,1.025,1.009,1.016,1.017,1.01,1.01,1.031,1.01,1.017,1.031,1.025,1.009,1.01,1.009,1.031,1.01,1.009,1.011,1.01,1.011,1.009,1.031,1.03,1.009,1.01,1.011,1.03,1.017,1.012,1.009,1.032,1.011,1.032,1.014,1.031,1.01,1.011,1.026,1.023,1.011,1.009,1.011,1.03,1.011,1.01,1.009,1.031,1.029,1.01,1.022,1.032,1.011,1.031,1.011,1.009,1.01,1.009,1.009,1.01,1.015,1.01,1.01,1.01,1.025
2017-05-17 19:40:00+02:00,1.021,1.031,1.013,1.021,1.013,1.02,1.017,1.013,1.015,1.014,1.024,1.021,1.011,1.026,1.012,1.014,1.013,1.019,1.013,1.012,1.027,1.013,1.014,1.013,1.031,1.015,1.012,1.021,1.023,1.027,1.028,1.013,1.014,1.025,1.012,1.017,1.018,1.012,1.012,1.03,1.012,1.018,1.03,1.025,1.012,1.012,1.012,1.03,1.012,1.012,1.015,1.013,1.013,1.011,1.03,1.03,1.011,1.012,1.015,1.03,1.018,1.013,1.011,1.031,1.015,1.032,1.015,1.03,1.013,1.014,1.026,1.023,1.014,1.011,1.014,1.029,1.015,1.012,1.012,1.031,1.028,1.012,1.022,1.031,1.015,1.03,1.015,1.012,1.012,1.011,1.011,1.012,1.017,1.012,1.013,1.012,1.025
2017-05-17 19:50:00+02:00,1.019,1.025,1.015,1.019,1.014,1.018,1.016,1.014,1.016,1.015,1.021,1.019,1.012,1.022,1.013,1.015,1.014,1.018,1.014,1.013,1.022,1.015,1.015,1.015,1.025,1.016,1.013,1.019,1.02,1.023,1.023,1.015,1.015,1.021,1.013,1.016,1.017,1.013,1.013,1.025,1.013,1.017,1.024,1.021,1.014,1.013,1.014,1.025,1.014,1.014,1.016,1.014,1.014,1.013,1.025,1.024,1.013,1.013,1.016,1.024,1.017,1.014,1.012,1.025,1.016,1.025,1.015,1.025,1.014,1.015,1.022,1.02,1.016,1.013,1.015,1.024,1.016,1.013,1.013,1.025,1.023,1.013,1.019,1.025,1.016,1.025,1.016,1.014,1.013,1.013,1.012,1.013,1.016,1.013,1.014,1.013,1.025
2017-05-17 20:00:00+02:00,1.017,1.018,1.015,1.017,1.015,1.017,1.016,1.015,1.016,1.016,1.017,1.017,1.015,1.018,1.015,1.016,1.015,1.016,1.016,1.015,1.018,1.015,1.016,1.015,1.018,1.016,1.015,1.017,1.017,1.018,1.018,1.015,1.016,1.017,1.015,1.016,1.016,1.015,1.015,1.019,1.015,1.016,1.018,1.017,1.015,1.015,1.015,1.019,1.015,1.015,1.016,1.015,1.015,1.015,1.019,1.018,1.015,1.015,1.016,1.018,1.016,1.015,1.015,1.018,1.016,1.018,1.016,1.018,1.016,1.016,1.018,1.017,1.016,1.015,1.016,1.018,1.016,1.015,1.015,1.018,1.018,1.015,1.017,1.018,1.016,1.018,1.016,1.015,1.015,1.015,1.015,1.015,1.016,1.015,1.015,1.015,1.025
2017-05-17 20:10:00+02:00,1.016,1.016,1.016,1.016,1.016,1.016,1.016,1.016,1.017,1.016,1.016,1.016,1.016,1.016,1.016,1.016,1.016,1.016,1.016,1.016,1.016,1.016,1.016,1.016,1.016,1.017,1.016,1.016,1.016,1.016,1.016,1.016,1.016,1.016,1.016,1.016,1.016,1.016,1.016,1.016,1.016,1.016,1.016,1.016,1.016,1.016,1.016,1.016,1.016,1.016,1.017,1.016,1.016,1.016,1.016,1.016,1.016,1.016,1.017,1.016,1.016,1.016,1.017,1.016,1.017,1.016,1.016,1.016,1.016,1.016,1.016,1.016,1.017,1.016,1.016,1.016,1.017,1.016,1.016,1.016,1.016,1.016,1.016,1.016,1.017,1.016,1.017,1.016,1.016,1.016,1.016,1.016,1.016,1.016,1.016,1.016,1.025
2017-05-17 20:20:00+02:00,1.014,1.011,1.015,1.014,1.015,1.014,1.015,1.015,1.016,1.016,1.013,1.014,1.018,1.012,1.017,1.016,1.015,1.015,1.017,1.017,1.012,1.015,1.016,1.015,1.011,1.016,1.017,1.014,1.013,1.012,1.012,1.015,1.016,1.013,1.016,1.015,1.015,1.017,1.017,1.011,1.017,1.015,1.011,1.013,1.016,1.017,1.016,1.011,1.017,1.016,1.016,1.016,1.017,1.018,1.011,1.011,1.018,1.017,1.016,1.011,1.015,1.017,1.018,1.011,1.016,1.011,1.016,1.011,1.017,1.016,1.012,1.013,1.016,1.018,1.016,1.011,1.016,1.017,1.017,1.011,1.012,1.017,1.013,1.011,1.016,1.011,1.016,1.016,1.017,1.018,1.018,1.017,1.016,1.017,1.015,1.017,1.025
2017-05-17 20:30:00+02:00,1.012,1.007,1.015,1.012,1.016,1.012,1.014,1.016,1.016,1.016,1.01,1.012,1.018,1.009,1.017,1.016,1.016,1.013,1.017,1.017,1.009,1.015,1.016,1.015,1.007,1.016,1.016,1.012,1.011,1.009,1.009,1.015,1.016,1.01,1.017,1.014,1.014,1.017,1.017,1.007,1.017,1.014,1.007,1.01,1.016,1.017,1.016,1.007,1.017,1.017,1.015,1.016,1.017,1.018,1.007,1.008,1.018,1.017,1.015,1.007,1.014,1.017,1.018,1.007,1.015,1.007,1.016,1.007,1.017,1.016,1.009,1.011,1.016,1.018,1.016,1.008,1.015,1.017,1.017,1.007,1.008,1.017,1.011,1.007,1.016,1.007,1.016,1.017,1.017,1.018,1.018,1.017,1.015,1.017,1.016,1.017,1.025
2017-05-17 20:40:00+02:00,1.012,1.007,1.015,1.012,1.015,1.012,1.015,1.015,1.015,1.016,1.01,1.012,1.018,1.009,1.017,1.016,1.015,1.013,1.017,1.017,1.009,1.015,1.016,1.015,1.007,1.015,1.017,1.012,1.011,1.009,1.009,1.015,1.016,1.01,1.017,1.014,1.014,1.017,1.017,1.007,1.017,1.014,1.007,1.01,1.016,1.017,1.016,1.007,1.017,1.016,1.015,1.016,1.017,1.018,1.007,1.008,1.018,1.018,1.015,1.007,1.014,1.017,1.018,1.007,1.015,1.007,1.016,1.007,1.016,1.016,1.01,1.011,1.016,1.018,1.016,1.008,1.015,1.017,1.017,1.007,1.008,1.017,1.011,1.007,1.015,1.007,1.015,1.016,1.017,1.018,1.018,1.017,1.015,1.017,1.015,1.017,1.025
2017-05-17 20:50:00+02:00,1.011,1.006,1.016,1.011,1.016,1.012,1.014,1.016,1.015,1.016,1.009,1.011,1.018,1.008,1.016,1.016,1.016,1.012,1.017,1.017,1.008,1.016,1.016,1.016,1.006,1.015,1.016,1.011,1.01,1.008,1.008,1.016,1.016,1.009,1.017,1.014,1.013,1.017,1.016,1.006,1.017,1.013,1.006,1.009,1.017,1.017,1.016,1.006,1.017,1.017,1.015,1.016,1.017,1.018,1.006,1.007,1.018,1.017,1.015,1.007,1.013,1.016,1.018,1.006,1.015,1.006,1.015,1.006,1.016,1.016,1.008,1.01,1.016,1.018,1.016,1.007,1.015,1.017,1.017,1.006,1.007,1.016,1.01,1.006,1.015,1.006,1.015,1.017,1.016,1.018,1.018,1.016,1.014,1.016,1.016,1.016,1.025
2017-05-17 21:00:00+02:00,1.01,1.005,1.014,1.01,1.015,1.011,1.013,1.015,1.014,1.014,1.008,1.011,1.017,1.007,1.015,1.015,1.015,1.012,1.016,1.015,1.007,1.015,1.015,1.014,1.005,1.014,1.015,1.01,1.009,1.007,1.007,1.014,1.015,1.008,1.016,1.013,1.013,1.015,1.015,1.005,1.016,1.013,1.005,1.008,1.016,1.015,1.015,1.005,1.016,1.016,1.014,1.015,1.016,1.017,1.005,1.005,1.017,1.016,1.014,1.005,1.012,1.016,1.017,1.005,1.014,1.005,1.015,1.005,1.015,1.015,1.008,1.009,1.014,1.017,1.015,1.006,1.014,1.016,1.016,1.005,1.006,1.015,1.01,1.005,1.014,1.005,1.014,1.016,1.015,1.017,1.017,1.015,1.013,1.015,1.015,1.015,1.025
2017-05-17 21:10:00+02:00,1.011,1.006,1.014,1.011,1.014,1.012,1.014,1.014,1.014,1.014,1.009,1.011,1.017,1.008,1.015,1.015,1.014,1.012,1.015,1.015,1.008,1.014,1.015,1.014,1.006,1.014,1.015,1.011,1.01,1.008,1.008,1.014,1.015,1.009,1.015,1.013,1.013,1.016,1.015,1.007,1.016,1.013,1.007,1.009,1.015,1.015,1.015,1.007,1.016,1.015,1.013,1.014,1.016,1.017,1.007,1.007,1.017,1.016,1.013,1.007,1.013,1.016,1.017,1.006,1.013,1.006,1.015,1.007,1.015,1.015,1.009,1.01,1.014,1.017,1.014,1.007,1.013,1.016,1.016,1.006,1.007,1.015,1.01,1.006,1.014,1.007,1.014,1.015,1.015,1.017,1.017,1.015,1.014,1.015,1.014,1.015,1.025
2017-05-17 21:20:00+02:00,1.012,1.007,1.013,1.012,1.014,1.012,1.014,1.014,1.014,1.015,1.01,1.012,1.018,1.009,1.016,1.015,1.014,1.013,1.016,1.016,1.009,1.014,1.015,1.013,1.007,1.015,1.016,1.012,1.01,1.008,1.008,1.013,1.015,1.01,1.015,1.014,1.014,1.016,1.016,1.007,1.016,1.014,1.007,1.01,1.015,1.016,1.015,1.007,1.016,1.015,1.014,1.014,1.016,1.017,1.007,1.008,1.017,1.017,1.014,1.008,1.013,1.016,1.018,1.007,1.014,1.007,1.015,1.007,1.016,1.015,1.009,1.01,1.015,1.017,1.015,1.008,1.014,1.017,1.017,1.007,1.008,1.016,1.011,1.007,1.014,1.007,1.014,1.015,1.016,1.017,1.017,1.016,1.014,1.016,1.014,1.016,1.025
2017-05-17 21:30:00+02:00,1.011,1.007,1.014,1.011,1.015,1.012,1.014,1.014,1.014,1.015,1.01,1.011,1.017,1.009,1.015,1.015,1.015,1.012,1.016,1.016,1.009,1.014,1.015,1.014,1.007,1.014,1.015,1.011,1.01,1.008,1.008,1.014,1.015,1.01,1.016,1.013,1.013,1.016,1.015,1.007,1.016,1.013,1.007,1.009,1.016,1.016,1.015,1.007,1.016,1.016,1.014,1.015,1.016,1.017,1.007,1.007,1.017,1.017,1.014,1.007,1.013,1.016,1.018,1.007,1.014,1.007,1.015,1.007,1.016,1.015,1.009,1.01,1.015,1.017,1.015,1.008,1.014,1.016,1.016,1.007,1.008,1.016,1.011,1.007,1.014,1.007,1.014,1.016,1.015,1.017,1.017,1.015,1.014,1.015,1.014,1.016,1.025
2017-05-17 21:40:00+02:00,1.011,1.006,1.014,1.011,1.015,1.011,1.013,1.014,1.014,1.015,1.009,1.011,1.017,1.008,1.015,1.015,1.015,1.012,1.016,1.016,1.008,1.014,1.015,1.014,1.006,1.014,1.015,1.011,1.009,1.007,1.007,1.014,1.015,1.009,1.016,1.013,1.013,1.016,1.015,1.006,1.016,1.013,1.006,1.008,1.015,1.016,1.015,1.006,1.016,1.015,1.014,1.015,1.016,1.017,1.006,1.006,1.017,1.016,1.014,1.006,1.012,1.016,1.017,1.006,1.014,1.006,1.014,1.006,1.015,1.015,1.008,1.009,1.015,1.017,1.015,1.006,1.014,1.016,1.016,1.006,1.007,1.016,1.01,1.006,1.014,1.006,1.014,1.015,1.015,1.017,1.017,1.015,1.013,1.015,1.014,1.016,1.025
2017-05-17 21:50:00+02:00,1.01,1.006,1.014,1.01,1.014,1.011,1.013,1.014,1.013,1.014,1.009,1.01,1.017,1.008,1.015,1.014,1.014,1.011,1.015,1.015,1.008,1.014,1.014,1.014,1.006,1.013,1.015,1.01,1.009,1.008,1.007,1.014,1.014,1.009,1.015,1.012,1.012,1.015,1.015,1.006,1.015,1.012,1.006,1.009,1.015,1.015,1.015,1.006,1.015,1.015,1.013,1.014,1.015,1.016,1.006,1.007,1.016,1.016,1.013,1.007,1.012,1.015,1.017,1.006,1.013,1.006,1.014,1.006,1.015,1.014,1.008,1.009,1.014,1.017,1.014,1.007,1.013,1.016,1.016,1.006,1.007,1.015,1.01,1.006,1.013,1.006,1.013,1.015,1.015,1.016,1.017,1.015,1.013,1.015,1.014,1.015,1.025
2017-05-17 22:00:00+02:00,1.011,1.007,1.015,1.011,1.015,1.011,1.013,1.015,1.014,1.014,1.009,1.011,1.017,1.009,1.015,1.015,1.015,1.012,1.016,1.015,1.008,1.015,1.015,1.015,1.007,1.014,1.015,1.011,1.01,1.008,1.008,1.015,1.015,1.009,1.016,1.013,1.013,1.016,1.015,1.007,1.016,1.013,1.007,1.009,1.016,1.015,1.016,1.007,1.016,1.016,1.014,1.015,1.016,1.017,1.007,1.007,1.017,1.016,1.014,1.007,1.013,1.016,1.017,1.007,1.014,1.007,1.015,1.007,1.015,1.015,1.009,1.01,1.014,1.017,1.015,1.007,1.014,1.016,1.016,1.007,1.008,1.015,1.01,1.007,1.014,1.007,1.014,1.016,1.015,1.017,1.017,1.015,1.014,1.015,1.015,1.015,1.025
2017-05-17 22:10:00+02:00,1.011,1.007,1.015,1.011,1.015,1.012,1.014,1.015,1.014,1.015,1.01,1.012,1.018,1.009,1.016,1.015,1.016,1.012,1.016,1.016,1.009,1.015,1.015,1.015,1.007,1.014,1.016,1.011,1.01,1.008,1.008,1.015,1.015,1.01,1.016,1.014,1.013,1.016,1.016,1.007,1.016,1.013,1.007,1.01,1.016,1.016,1.016,1.007,1.016,1.016,1.014,1.016,1.016,1.017,1.007,1.008,1.017,1.017,1.014,1.007,1.013,1.016,1.018,1.007,1.014,1.007,1.015,1.007,1.016,1.015,1.009,1.01,1.014,1.018,1.015,1.008,1.014,1.017,1.017,1.007,1.008,1.016,1.011,1.007,1.014,1.007,1.014,1.016,1.016,1.017,1.018,1.016,1.014,1.016,1.015,1.016,1.025
2017-05-17 22:20:00+02:00,1.012,1.008,1.016,1.012,1.016,1.012,1.014,1.016,1.015,1.015,1.01,1.012,1.018,1.009,1.016,1.016,1.016,1.013,1.016,1.016,1.009,1.016,1.016,1.016,1.008,1.015,1.016,1.012,1.011,1.009,1.009,1.016,1.016,1.01,1.017,1.014,1.014,1.016,1.016,1.008,1.016,1.014,1.008,1.01,1.017,1.016,1.016,1.008,1.017,1.017,1.015,1.016,1.017,1.017,1.008,1.008,1.017,1.017,1.015,1.008,1.014,1.016,1.018,1.008,1.015,1.008,1.015,1.008,1.016,1.016,1.01,1.011,1.015,1.018,1.015,1.008,1.015,1.017,1.017,1.008,1.008,1.016,1.011,1.008,1.015,1.008,1.015,1.017,1.016,1.018,1.018,1.016,1.014,1.016,1.016,1.016,1.025
2017-05-17 22:30:00+02:00,1.011,1.006,1.016,1.011,1.016,1.011,1.013,1.016,1.015,1.015,1.009,1.011,1.018,1.008,1.016,1.015,1.016,1.012,1.016,1.016,1.008,1.016,1.015,1.016,1.006,1.015,1.016,1.011,1.01,1.008,1.007,1.016,1.015,1.009,1.017,1.013,1.013,1.017,1.016,1.006,1.017,1.013,1.006,1.009,1.017,1.016,1.016,1.006,1.016,1.017,1.014,1.016,1.016,1.017,1.006,1.007,1.017,1.017,1.014,1.006,1.013,1.016,1.018,1.006,1.014,1.006,1.015,1.006,1.016,1.015,1.008,1.009,1.015,1.018,1.015,1.007,1.014,1.017,1.017,1.006,1.007,1.016,1.01,1.006,1.015,1.006,1.015,1.017,1.016,1.017,1.018,1.016,1.014,1.016,1.016,1.016,1.025
2017-05-17 22:40:00+02:00,1.011,1.007,1.017,1.012,1.017,1.012,1.014,1.017,1.015,1.015,1.01,1.012,1.018,1.009,1.016,1.016,1.017,1.013,1.016,1.017,1.009,1.017,1.016,1.017,1.007,1.015,1.016,1.012,1.011,1.009,1.009,1.017,1.016,1.01,1.017,1.014,1.014,1.017,1.016,1.007,1.017,1.014,1.007,1.01,1.017,1.017,1.017,1.007,1.017,1.017,1.015,1.017,1.017,1.018,1.007,1.008,1.018,1.017,1.014,1.008,1.013,1.016,1.018,1.007,1.015,1.007,1.015,1.007,1.016,1.016,1.009,1.01,1.015,1.018,1.015,1.008,1.015,1.017,1.017,1.007,1.008,1.017,1.011,1.007,1.015,1.007,1.015,1.017,1.016,1.018,1.018,1.016,1.014,1.016,1.017,1.017,1.025
2017-05-17 22:50:00+02:00,1.012,1.007,1.017,1.012,1.017,1.012,1.014,1.017,1.015,1.016,1.01,1.012,1.018,1.009,1.017,1.016,1.017,1.013,1.017,1.017,1.009,1.017,1.016,1.017,1.007,1.015,1.017,1.012,1.011,1.009,1.009,1.017,1.016,1.01,1.018,1.014,1.014,1.017,1.017,1.007,1.017,1.014,1.007,1.01,1.017,1.017,1.017,1.007,1.017,1.018,1.015,1.017,1.017,1.018,1.007,1.008,1.018,1.018,1.015,1.008,1.013,1.017,1.019,1.007,1.015,1.007,1.016,1.007,1.017,1.016,1.009,1.011,1.016,1.018,1.016,1.008,1.015,1.018,1.017,1.007,1.008,1.017,1.011,1.007,1.015,1.007,1.015,1.018,1.017,1.018,1.018,1.017,1.014,1.017,1.017,1.017,1.025
2017-05-17 23:00:00+02:00,1.013,1.01,1.018,1.013,1.018,1.014,1.015,1.018,1.017,1.017,1.012,1.013,1.019,1.011,1.018,1.017,1.018,1.014,1.018,1.018,1.011,1.018,1.017,1.018,1.01,1.017,1.018,1.013,1.012,1.011,1.011,1.018,1.017,1.012,1.019,1.015,1.015,1.018,1.018,1.01,1.018,1.015,1.01,1.012,1.018,1.018,1.018,1.01,1.018,1.018,1.017,1.018,1.018,1.019,1.01,1.01,1.019,1.019,1.017,1.01,1.015,1.018,1.019,1.01,1.017,1.01,1.017,1.01,1.018,1.017,1.011,1.012,1.017,1.019,1.017,1.01,1.017,1.019,1.018,1.01,1.01,1.018,1.013,1.01,1.017,1.01,1.017,1.019,1.018,1.019,1.019,1.018,1.016,1.018,1.018,1.018,1.025
2017-05-17 23:10:00+02:00,1.009,1.004,1.017,1.009,1.017,1.009,1.012,1.017,1.015,1.016,1.006,1.009,1.018,1.006,1.015,1.016,1.017,1.01,1.017,1.016,1.005,1.017,1.016,1.017,1.004,1.015,1.015,1.009,1.007,1.005,1.005,1.017,1.016,1.006,1.017,1.012,1.012,1.016,1.016,1.003,1.016,1.012,1.004,1.006,1.017,1.016,1.017,1.003,1.017,1.017,1.015,1.017,1.016,1.018,1.003,1.004,1.017,1.017,1.015,1.004,1.011,1.016,1.018,1.004,1.015,1.004,1.014,1.004,1.016,1.016,1.006,1.007,1.016,1.018,1.016,1.004,1.015,1.017,1.017,1.004,1.004,1.016,1.008,1.004,1.015,1.003,1.015,1.017,1.015,1.018,1.018,1.015,1.013,1.016,1.017,1.016,1.025
2017-05-17 23:20:00+02:00,1.003,0.996,1.015,1.004,1.015,1.004,1.009,1.015,1.014,1.015,1.0,1.004,1.016,0.999,1.013,1.015,1.015,1.006,1.015,1.014,0.998,1.015,1.015,1.015,0.996,1.014,1.013,1.003,1.001,0.998,0.998,1.015,1.015,1.0,1.016,1.008,1.008,1.014,1.013,0.995,1.014,1.008,0.996,1.0,1.016,1.014,1.016,0.995,1.016,1.016,1.014,1.015,1.014,1.016,0.995,0.996,1.016,1.015,1.014,0.996,1.008,1.013,1.017,0.996,1.014,0.996,1.011,0.996,1.015,1.015,0.999,1.001,1.015,1.016,1.015,0.997,1.014,1.015,1.016,0.996,0.997,1.014,1.002,0.996,1.014,0.995,1.014,1.016,1.013,1.016,1.016,1.013,1.009,1.013,1.015,1.014,1.025
2017-05-17 23:30:00+02:00,1.004,0.997,1.015,1.004,1.016,1.005,1.009,1.016,1.014,1.015,1.001,1.004,1.017,1.0,1.013,1.015,1.016,1.006,1.015,1.014,0.999,1.015,1.015,1.015,0.997,1.014,1.013,1.004,1.002,0.999,0.999,1.015,1.015,1.001,1.016,1.009,1.008,1.014,1.013,0.996,1.014,1.008,0.997,1.001,1.016,1.014,1.016,0.996,1.016,1.016,1.014,1.016,1.014,1.016,0.996,0.997,1.016,1.015,1.014,0.997,1.008,1.013,1.017,0.997,1.014,0.997,1.012,0.997,1.015,1.015,1.0,1.002,1.015,1.016,1.015,0.998,1.014,1.015,1.016,0.997,0.998,1.014,1.003,0.997,1.014,0.996,1.014,1.016,1.013,1.016,1.016,1.013,1.009,1.013,1.016,1.013,1.025
2017-05-17 23:40:00+02:00,1.004,0.998,1.016,1.005,1.016,1.005,1.01,1.016,1.015,1.015,1.001,1.005,1.017,1.0,1.013,1.015,1.016,1.007,1.016,1.014,1.0,1.016,1.015,1.016,0.998,1.015,1.013,1.005,1.002,0.999,0.999,1.016,1.015,1.001,1.016,1.009,1.009,1.015,1.014,0.997,1.015,1.009,0.998,1.001,1.016,1.014,1.016,0.997,1.016,1.016,1.015,1.016,1.014,1.016,0.997,0.998,1.016,1.015,1.015,0.997,1.008,1.014,1.017,0.998,1.015,0.998,1.012,0.998,1.015,1.015,1.001,1.002,1.015,1.016,1.015,0.998,1.015,1.015,1.016,0.998,0.999,1.014,1.003,0.998,1.015,0.997,1.015,1.016,1.013,1.017,1.017,1.013,1.01,1.014,1.016,1.014,1.025
2017-05-17 23:50:00+02:00,1.0,0.993,1.014,1.001,1.014,1.002,1.006,1.014,1.013,1.013,0.997,1.001,1.015,0.996,1.011,1.014,1.014,1.003,1.014,1.012,0.995,1.014,1.014,1.014,0.993,1.013,1.011,1.001,0.998,0.995,0.995,1.014,1.014,0.997,1.015,1.006,1.005,1.013,1.011,0.992,1.013,1.005,0.994,0.997,1.015,1.012,1.014,0.992,1.014,1.015,1.013,1.014,1.012,1.015,0.992,0.993,1.014,1.013,1.013,0.993,1.005,1.011,1.015,0.993,1.013,0.993,1.009,0.993,1.014,1.014,0.996,0.998,1.013,1.014,1.014,0.994,1.013,1.013,1.014,0.993,0.994,1.012,0.999,0.993,1.013,0.993,1.013,1.015,1.011,1.015,1.015,1.011,1.007,1.011,1.014,1.012,1.025
2017-05-18 00:00:00+02:00,1.005,0.999,1.016,1.005,1.016,1.006,1.01,1.016,1.015,1.016,1.002,1.006,1.017,1.001,1.014,1.016,1.016,1.007,1.016,1.015,1.001,1.016,1.016,1.016,0.999,1.015,1.014,1.005,1.003,1.001,1.001,1.016,1.016,1.002,1.017,1.009,1.009,1.015,1.015,0.998,1.015,1.009,0.999,1.002,1.017,1.015,1.016,0.998,1.016,1.017,1.015,1.016,1.015,1.017,0.998,0.999,1.016,1.016,1.015,0.999,1.009,1.014,1.017,0.999,1.015,0.999,1.012,0.999,1.016,1.016,1.002,1.003,1.015,1.017,1.016,1.0,1.015,1.016,1.017,0.999,1.0,1.015,1.004,0.999,1.015,0.999,1.015,1.017,1.014,1.017,1.017,1.014,1.01,1.015,1.016,1.015,1.025
2017-05-18 00:10:00+02:00,1.015,1.011,1.02,1.015,1.02,1.015,1.017,1.02,1.019,1.019,1.013,1.015,1.021,1.012,1.018,1.02,1.02,1.016,1.02,1.019,1.012,1.02,1.02,1.02,1.011,1.019,1.018,1.015,1.014,1.012,1.012,1.02,1.02,1.013,1.02,1.017,1.017,1.019,1.019,1.01,1.019,1.017,1.011,1.013,1.02,1.019,1.02,1.01,1.02,1.02,1.019,1.02,1.02,1.021,1.01,1.011,1.02,1.02,1.019,1.011,1.017,1.019,1.021,1.011,1.019,1.011,1.018,1.011,1.02,1.02,1.013,1.014,1.019,1.021,1.02,1.011,1.019,1.02,1.02,1.011,1.011,1.019,1.014,1.011,1.019,1.011,1.019,1.02,1.018,1.021,1.021,1.018,1.017,1.019,1.02,1.019,1.025
2017-05-18 00:20:00+02:00,1.019,1.017,1.021,1.019,1.021,1.019,1.02,1.021,1.021,1.021,1.018,1.019,1.022,1.018,1.021,1.021,1.021,1.02,1.021,1.021,1.018,1.021,1.021,1.021,1.017,1.021,1.021,1.019,1.019,1.018,1.018,1.021,1.021,1.018,1.022,1.02,1.02,1.021,1.021,1.017,1.021,1.02,1.017,1.018,1.022,1.021,1.021,1.017,1.021,1.022,1.021,1.021,1.021,1.022,1.017,1.017,1.022,1.021,1.021,1.017,1.02,1.021,1.022,1.017,1.021,1.017,1.021,1.017,1.021,1.021,1.018,1.019,1.021,1.022,1.021,1.017,1.021,1.021,1.022,1.017,1.017,1.021,1.019,1.017,1.021,1.017,1.021,1.022,1.021,1.022,1.022,1.021,1.02,1.021,1.021,1.021,1.025
2017-05-18 00:30:00+02:00,1.019,1.017,1.021,1.019,1.021,1.019,1.02,1.021,1.021,1.021,1.019,1.019,1.022,1.018,1.021,1.021,1.021,1.02,1.021,1.021,1.018,1.021,1.021,1.021,1.017,1.021,1.021,1.019,1.019,1.018,1.018,1.021,1.021,1.019,1.022,1.02,1.02,1.021,1.021,1.017,1.021,1.02,1.017,1.018,1.022,1.021,1.022,1.017,1.021,1.022,1.021,1.022,1.022,1.022,1.017,1.017,1.022,1.022,1.021,1.017,1.02,1.021,1.022,1.017,1.021,1.017,1.021,1.017,1.021,1.021,1.018,1.019,1.021,1.022,1.021,1.017,1.021,1.022,1.022,1.017,1.018,1.021,1.019,1.017,1.021,1.017,1.021,1.022,1.021,1.022,1.022,1.021,1.02,1.021,1.021,1.021,1.025
2017-05-18 00:40:00+02:00,1.018,1.016,1.021,1.018,1.021,1.018,1.02,1.021,1.02,1.02,1.017,1.018,1.022,1.017,1.021,1.02,1.021,1.019,1.021,1.021,1.017,1.021,1.02,1.021,1.016,1.02,1.021,1.018,1.018,1.017,1.017,1.021,1.02,1.017,1.021,1.019,1.019,1.021,1.021,1.016,1.021,1.019,1.016,1.017,1.021,1.021,1.021,1.016,1.021,1.021,1.02,1.021,1.021,1.021,1.016,1.016,1.021,1.021,1.02,1.016,1.019,1.021,1.022,1.016,1.02,1.016,1.02,1.016,1.02,1.02,1.017,1.018,1.02,1.021,1.02,1.016,1.02,1.021,1.021,1.016,1.016,1.021,1.018,1.016,1.02,1.016,1.02,1.021,1.021,1.021,1.022,1.021,1.02,1.021,1.021,1.021,1.025
2017-05-18 00:50:00+02:00,1.018,1.016,1.021,1.019,1.021,1.019,1.02,1.021,1.02,1.02,1.018,1.019,1.022,1.017,1.02,1.02,1.021,1.019,1.021,1.021,1.017,1.021,1.02,1.021,1.016,1.02,1.02,1.018,1.018,1.017,1.017,1.021,1.02,1.018,1.021,1.02,1.019,1.021,1.02,1.016,1.021,1.019,1.017,1.018,1.021,1.021,1.021,1.016,1.021,1.021,1.02,1.021,1.021,1.021,1.016,1.017,1.021,1.021,1.02,1.016,1.019,1.021,1.022,1.016,1.02,1.016,1.02,1.017,1.02,1.02,1.017,1.018,1.02,1.022,1.02,1.017,1.02,1.021,1.021,1.016,1.017,1.021,1.018,1.016,1.02,1.016,1.02,1.021,1.02,1.021,1.022,1.02,1.02,1.02,1.021,1.021,1.025
2017-05-18 01:00:00+02:00,1.019,1.018,1.022,1.02,1.022,1.02,1.021,1.022,1.021,1.021,1.019,1.02,1.022,1.018,1.021,1.021,1.022,1.02,1.021,1.021,1.018,1.022,1.021,1.022,1.018,1.021,1.021,1.019,1.019,1.018,1.018,1.022,1.021,1.019,1.022,1.02,1.02,1.021,1.021,1.018,1.021,1.02,1.018,1.019,1.022,1.021,1.022,1.018,1.021,1.022,1.021,1.022,1.022,1.022,1.018,1.018,1.022,1.022,1.021,1.018,1.02,1.021,1.022,1.018,1.021,1.017,1.021,1.018,1.021,1.021,1.018,1.019,1.021,1.022,1.021,1.018,1.021,1.021,1.022,1.018,1.018,1.021,1.019,1.018,1.021,1.018,1.021,1.022,1.021,1.022,1.022,1.021,1.021,1.021,1.022,1.021,1.025
2017-05-18 01:10:00+02:00,1.019,1.017,1.021,1.019,1.021,1.019,1.02,1.021,1.02,1.02,1.018,1.019,1.022,1.018,1.02,1.021,1.021,1.019,1.021,1.021,1.017,1.021,1.021,1.021,1.017,1.02,1.02,1.019,1.018,1.017,1.017,1.021,1.021,1.018,1.021,1.02,1.02,1.021,1.021,1.017,1.021,1.02,1.017,1.018,1.021,1.021,1.021,1.017,1.021,1.021,1.02,1.021,1.021,1.021,1.017,1.017,1.021,1.021,1.02,1.017,1.02,1.021,1.022,1.017,1.02,1.017,1.021,1.017,1.021,1.021,1.018,1.018,1.02,1.022,1.021,1.017,1.02,1.021,1.021,1.017,1.017,1.021,1.019,1.017,1.02,1.017,1.02,1.021,1.02,1.022,1.022,1.02,1.02,1.021,1.021,1.021,1.025
2017-05-18 01:20:00+02:00,1.02,1.019,1.022,1.02,1.022,1.02,1.021,1.022,1.021,1.021,1.02,1.02,1.022,1.019,1.021,1.021,1.022,1.021,1.021,1.021,1.019,1.022,1.021,1.022,1.019,1.021,1.021,1.02,1.02,1.019,1.019,1.022,1.021,1.02,1.022,1.021,1.021,1.021,1.021,1.019,1.021,1.021,1.019,1.02,1.022,1.021,1.022,1.019,1.022,1.022,1.021,1.022,1.022,1.022,1.019,1.019,1.022,1.022,1.021,1.019,1.021,1.022,1.022,1.019,1.021,1.019,1.021,1.019,1.021,1.021,1.02,1.02,1.021,1.022,1.021,1.019,1.021,1.022,1.022,1.019,1.019,1.021,1.02,1.019,1.021,1.019,1.021,1.022,1.021,1.022,1.022,1.021,1.021,1.021,1.022,1.021,1.025
2017-05-18 01:30:00+02:00,1.021,1.019,1.022,1.021,1.022,1.021,1.022,1.022,1.021,1.022,1.02,1.021,1.023,1.02,1.022,1.022,1.022,1.021,1.022,1.022,1.02,1.022,1.022,1.022,1.019,1.022,1.022,1.021,1.02,1.02,1.02,1.022,1.022,1.02,1.023,1.022,1.021,1.022,1.022,1.019,1.022,1.021,1.019,1.02,1.022,1.022,1.022,1.019,1.022,1.022,1.021,1.022,1.022,1.023,1.019,1.019,1.023,1.022,1.021,1.019,1.021,1.022,1.023,1.019,1.021,1.019,1.022,1.019,1.022,1.022,1.02,1.02,1.022,1.023,1.022,1.019,1.021,1.022,1.022,1.019,1.02,1.022,1.021,1.019,1.021,1.019,1.021,1.023,1.022,1.023,1.023,1.022,1.022,1.022,1.022,1.022,1.025
2017-05-18 01:40:00+02:00,1.021,1.019,1.022,1.021,1.022,1.021,1.021,1.022,1.021,1.022,1.02,1.021,1.023,1.02,1.022,1.022,1.022,1.021,1.022,1.022,1.02,1.022,1.022,1.022,1.019,1.021,1.022,1.021,1.02,1.02,1.02,1.022,1.022,1.02,1.022,1.021,1.021,1.022,1.022,1.019,1.022,1.021,1.019,1.02,1.022,1.022,1.022,1.019,1.022,1.022,1.021,1.022,1.022,1.023,1.019,1.019,1.022,1.022,1.021,1.019,1.021,1.022,1.023,1.019,1.021,1.019,1.022,1.019,1.022,1.022,1.02,1.02,1.022,1.023,1.022,1.019,1.021,1.022,1.022,1.019,1.019,1.022,1.02,1.019,1.021,1.019,1.021,1.022,1.022,1.023,1.023,1.022,1.022,1.022,1.022,1.022,1.025
2017-05-18 01:50:00+02:00,1.021,1.019,1.022,1.021,1.022,1.021,1.022,1.022,1.022,1.022,1.02,1.021,1.023,1.02,1.022,1.022,1.022,1.021,1.022,1.022,1.02,1.022,1.022,1.022,1.019,1.022,1.022,1.021,1.02,1.02,1.02,1.022,1.022,1.02,1.023,1.022,1.021,1.022,1.022,1.019,1.022,1.021,1.019,1.02,1.023,1.022,1.023,1.019,1.022,1.023,1.022,1.022,1.023,1.023,1.019,1.019,1.023,1.023,1.021,1.019,1.021,1.022,1.023,1.019,1.022,1.019,1.022,1.019,1.022,1.022,1.02,1.02,1.022,1.023,1.022,1.019,1.022,1.023,1.022,1.019,1.019,1.022,1.021,1.019,1.022,1.019,1.022,1.023,1.022,1.023,1.023,1.022,1.022,1.022,1.022,1.022,1.025
2017-05-18 02:00:00+02:00,1.021,1.02,1.022,1.021,1.022,1.021,1.022,1.022,1.022,1.022,1.02,1.021,1.023,1.02,1.022,1.022,1.022,1.021,1.022,1.022,1.02,1.022,1.022,1.022,1.02,1.022,1.022,1.021,1.021,1.02,1.02,1.022,1.022,1.02,1.023,1.022,1.022,1.022,1.022,1.02,1.022,1.022,1.02,1.02,1.022,1.022,1.022,1.02,1.022,1.022,1.022,1.022,1.023,1.023,1.02,1.02,1.023,1.023,1.022,1.02,1.022,1.022,1.023,1.02,1.022,1.02,1.022,1.02,1.022,1.022,1.02,1.021,1.022,1.023,1.022,1.02,1.022,1.023,1.022,1.02,1.02,1.022,1.021,1.02,1.022,1.02,1.022,1.023,1.022,1.023,1.023,1.022,1.022,1.022,1.022,1.022,1.025
2017-05-18 02:10:00+02:00,1.021,1.02,1.022,1.021,1.022,1.021,1.022,1.022,1.022,1.022,1.02,1.021,1.023,1.02,1.022,1.022,1.022,1.021,1.022,1.022,1.02,1.022,1.022,1.022,1.02,1.022,1.022,1.021,1.021,1.02,1.02,1.022,1.022,1.02,1.022,1.022,1.022,1.022,1.022,1.02,1.022,1.022,1.02,1.02,1.022,1.022,1.022,1.02,1.022,1.022,1.022,1.022,1.022,1.023,1.02,1.02,1.023,1.022,1.022,1.02,1.022,1.022,1.023,1.02,1.022,1.019,1.022,1.02,1.022,1.022,1.02,1.021,1.022,1.023,1.022,1.02,1.022,1.022,1.022,1.02,1.02,1.022,1.021,1.02,1.022,1.02,1.022,1.022,1.022,1.023,1.023,1.022,1.022,1.022,1.022,1.022,1.025
2017-05-18 02:20:00+02:00,1.021,1.02,1.022,1.021,1.023,1.021,1.022,1.023,1.022,1.022,1.021,1.021,1.023,1.02,1.022,1.022,1.023,1.022,1.022,1.023,1.02,1.022,1.022,1.022,1.02,1.022,1.022,1.021,1.021,1.02,1.02,1.022,1.022,1.021,1.023,1.022,1.022,1.023,1.022,1.02,1.023,1.022,1.02,1.021,1.023,1.023,1.023,1.02,1.023,1.023,1.022,1.023,1.023,1.023,1.02,1.02,1.023,1.023,1.022,1.02,1.022,1.023,1.023,1.02,1.022,1.02,1.022,1.02,1.022,1.022,1.021,1.021,1.022,1.023,1.022,1.02,1.022,1.023,1.023,1.02,1.02,1.023,1.021,1.02,1.022,1.02,1.022,1.023,1.022,1.023,1.023,1.022,1.022,1.022,1.023,1.023,1.025
2017-05-18 02:30:00+02:00,1.022,1.02,1.023,1.022,1.023,1.022,1.022,1.023,1.022,1.022,1.021,1.022,1.023,1.021,1.023,1.022,1.023,1.022,1.023,1.023,1.021,1.023,1.022,1.023,1.02,1.022,1.023,1.022,1.021,1.021,1.021,1.023,1.022,1.021,1.023,1.022,1.022,1.023,1.023,1.02,1.023,1.022,1.02,1.021,1.023,1.023,1.023,1.02,1.023,1.023,1.022,1.023,1.023,1.023,1.02,1.02,1.023,1.023,1.022,1.02,1.022,1.023,1.023,1.02,1.022,1.02,1.023,1.02,1.023,1.022,1.021,1.021,1.022,1.023,1.022,1.02,1.022,1.023,1.023,1.02,1.02,1.023,1.021,1.02,1.022,1.02,1.022,1.023,1.023,1.023,1.023,1.023,1.022,1.023,1.023,1.023,1.025
2017-05-18 02:40:00+02:00,1.022,1.021,1.023,1.022,1.023,1.022,1.022,1.023,1.022,1.022,1.021,1.022,1.023,1.021,1.023,1.022,1.023,1.022,1.023,1.023,1.021,1.023,1.023,1.023,1.021,1.022,1.023,1.022,1.021,1.021,1.021,1.023,1.023,1.021,1.023,1.022,1.022,1.023,1.023,1.02,1.023,1.022,1.021,1.021,1.023,1.023,1.023,1.02,1.023,1.023,1.022,1.023,1.023,1.023,1.02,1.021,1.023,1.023,1.022,1.021,1.022,1.023,1.023,1.021,1.022,1.021,1.023,1.021,1.023,1.022,1.021,1.021,1.022,1.023,1.022,1.021,1.022,1.023,1.023,1.021,1.021,1.023,1.022,1.021,1.022,1.02,1.022,1.023,1.023,1.023,1.023,1.023,1.022,1.023,1.023,1.023,1.025
2017-05-18 02:50:00+02:00,1.022,1.021,1.023,1.022,1.023,1.022,1.022,1.023,1.022,1.023,1.021,1.022,1.023,1.021,1.023,1.023,1.023,1.022,1.023,1.023,1.021,1.023,1.023,1.023,1.021,1.022,1.023,1.022,1.022,1.021,1.021,1.023,1.023,1.021,1.023,1.022,1.022,1.023,1.023,1.021,1.023,1.022,1.021,1.021,1.023,1.023,1.023,1.021,1.023,1.023,1.022,1.023,1.023,1.023,1.021,1.021,1.023,1.023,1.022,1.021,1.022,1.023,1.023,1.021,1.022,1.021,1.023,1.021,1.023,1.023,1.021,1.022,1.023,1.023,1.023,1.021,1.022,1.023,1.023,1.021,1.021,1.023,1.022,1.021,1.022,1.021,1.022,1.023,1.023,1.023,1.023,1.023,1.022,1.023,1.023,1.023,1.025
2017-05-18 03:00:00+02:00,1.022,1.021,1.023,1.022,1.023,1.022,1.022,1.023,1.023,1.023,1.021,1.022,1.023,1.021,1.023,1.023,1.023,1.022,1.023,1.023,1.021,1.023,1.023,1.023,1.021,1.023,1.023,1.022,1.022,1.021,1.021,1.023,1.023,1.021,1.023,1.022,1.022,1.023,1.023,1.021,1.023,1.022,1.021,1.021,1.023,1.023,1.023,1.021,1.023,1.023,1.023,1.023,1.023,1.023,1.021,1.021,1.023,1.023,1.023,1.021,1.022,1.023,1.023,1.021,1.023,1.021,1.023,1.021,1.023,1.023,1.021,1.022,1.023,1.023,1.023,1.021,1.023,1.023,1.023,1.021,1.021,1.023,1.022,1.021,1.023,1.021,1.023,1.023,1.023,1.023,1.023,1.023,1.022,1.023,1.023,1.023,1.025
2017-05-18 03:10:00+02:00,1.022,1.021,1.023,1.022,1.023,1.022,1.023,1.023,1.023,1.023,1.022,1.022,1.024,1.021,1.023,1.023,1.023,1.022,1.023,1.023,1.021,1.023,1.023,1.023,1.021,1.023,1.023,1.022,1.022,1.021,1.021,1.023,1.023,1.022,1.023,1.023,1.023,1.023,1.023,1.021,1.023,1.023,1.021,1.022,1.023,1.023,1.023,1.021,1.023,1.023,1.023,1.023,1.023,1.023,1.021,1.021,1.023,1.023,1.023,1.021,1.022,1.023,1.024,1.021,1.023,1.021,1.023,1.021,1.023,1.023,1.022,1.022,1.023,1.023,1.023,1.021,1.023,1.023,1.023,1.021,1.021,1.023,1.022,1.021,1.023,1.021,1.023,1.023,1.023,1.023,1.023,1.023,1.023,1.023,1.023,1.023,1.025
2017-05-18 03:20:00+02:00,1.022,1.02,1.022,1.022,1.023,1.022,1.022,1.022,1.022,1.022,1.021,1.022,1.023,1.021,1.022,1.022,1.023,1.022,1.023,1.023,1.021,1.022,1.022,1.022,1.02,1.022,1.022,1.022,1.021,1.021,1.021,1.022,1.022,1.021,1.023,1.022,1.022,1.023,1.023,1.02,1.023,1.022,1.02,1.021,1.023,1.023,1.023,1.02,1.023,1.023,1.022,1.023,1.023,1.023,1.02,1.02,1.023,1.023,1.022,1.02,1.022,1.023,1.023,1.02,1.022,1.02,1.022,1.02,1.022,1.022,1.021,1.021,1.022,1.023,1.022,1.02,1.022,1.023,1.023,1.02,1.021,1.023,1.021,1.02,1.022,1.02,1.022,1.023,1.022,1.023,1.023,1.022,1.022,1.023,1.022,1.023,1.025
2017-05-18 03:30:00+02:00,1.021,1.02,1.022,1.021,1.022,1.021,1.022,1.022,1.022,1.022,1.021,1.021,1.023,1.021,1.022,1.022,1.022,1.022,1.022,1.022,1.021,1.022,1.022,1.022,1.02,1.022,1.022,1.021,1.021,1.02,1.02,1.022,1.022,1.021,1.023,1.022,1.022,1.023,1.022,1.02,1.023,1.022,1.02,1.021,1.023,1.022,1.022,1.02,1.023,1.023,1.022,1.022,1.023,1.023,1.02,1.02,1.023,1.023,1.022,1.02,1.022,1.023,1.023,1.02,1.022,1.02,1.022,1.02,1.022,1.022,1.021,1.021,1.022,1.023,1.022,1.02,1.022,1.023,1.023,1.02,1.02,1.022,1.021,1.02,1.022,1.02,1.022,1.023,1.022,1.023,1.023,1.022,1.022,1.022,1.022,1.022,1.025
2017-05-18 03:40:00+02:00,1.022,1.021,1.022,1.022,1.023,1.022,1.022,1.023,1.022,1.022,1.021,1.022,1.023,1.021,1.023,1.022,1.023,1.022,1.023,1.023,1.021,1.022,1.022,1.022,1.021,1.022,1.023,1.022,1.021,1.021,1.021,1.022,1.022,1.021,1.023,1.022,1.022,1.023,1.023,1.021,1.023,1.022,1.021,1.021,1.023,1.023,1.023,1.021,1.023,1.023,1.022,1.023,1.023,1.023,1.021,1.021,1.023,1.023,1.022,1.021,1.022,1.023,1.023,1.021,1.022,1.021,1.023,1.021,1.023,1.022,1.021,1.021,1.022,1.023,1.022,1.021,1.022,1.023,1.023,1.021,1.021,1.023,1.022,1.021,1.022,1.021,1.022,1.023,1.023,1.023,1.023,1.023,1.022,1.023,1.023,1.023,1.025
2017-05-18 03:50:00+02:00,1.022,1.021,1.023,1.022,1.023,1.022,1.023,1.023,1.023,1.023,1.022,1.022,1.024,1.021,1.023,1.023,1.023,1.022,1.023,1.023,1.021,1.023,1.023,1.023,1.021,1.023,1.023,1.022,1.022,1.021,1.021,1.023,1.023,1.022,1.023,1.023,1.023,1.023,1.023,1.021,1.023,1.023,1.021,1.022,1.023,1.023,1.023,1.021,1.023,1.023,1.023,1.023,1.023,1.024,1.021,1.021,1.024,1.023,1.023,1.021,1.023,1.023,1.024,1.021,1.023,1.021,1.023,1.021,1.023,1.023,1.022,1.022,1.023,1.024,1.023,1.021,1.023,1.023,1.023,1.021,1.021,1.023,1.022,1.021,1.023,1.021,1.023,1.023,1.023,1.024,1.024,1.023,1.023,1.023,1.023,1.023,1.025
2017-05-18 04:00:00+02:00,1.022,1.021,1.023,1.022,1.023,1.022,1.023,1.023,1.023,1.023,1.022,1.022,1.024,1.021,1.023,1.023,1.023,1.022,1.023,1.023,1.021,1.023,1.023,1.023,1.021,1.023,1.023,1.022,1.022,1.021,1.021,1.023,1.023,1.022,1.023,1.023,1.023,1.023,1.023,1.021,1.023,1.023,1.021,1.022,1.023,1.023,1.023,1.021,1.023,1.023,1.023,1.023,1.023,1.023,1.021,1.021,1.023,1.023,1.023,1.021,1.023,1.023,1.024,1.021,1.023,1.021,1.023,1.021,1.023,1.023,1.021,1.022,1.023,1.024,1.023,1.021,1.023,1.023,1.023,1.021,1.021,1.023,1.022,1.021,1.023,1.021,1.023,1.023,1.023,1.023,1.024,1.023,1.023,1.023,1.023,1.023,1.025
2017-05-18 04:10:00+02:00,1.021,1.02,1.022,1.021,1.022,1.022,1.022,1.022,1.022,1.022,1.021,1.022,1.023,1.021,1.022,1.022,1.022,1.022,1.023,1.023,1.021,1.022,1.022,1.022,1.02,1.022,1.022,1.021,1.021,1.021,1.021,1.022,1.022,1.021,1.023,1.022,1.022,1.023,1.022,1.02,1.023,1.022,1.02,1.021,1.023,1.023,1.023,1.02,1.023,1.023,1.022,1.023,1.023,1.023,1.02,1.02,1.023,1.023,1.022,1.02,1.022,1.023,1.023,1.02,1.022,1.02,1.022,1.02,1.022,1.022,1.021,1.021,1.022,1.023,1.022,1.02,1.022,1.023,1.023,1.02,1.021,1.023,1.021,1.02,1.022,1.02,1.022,1.023,1.022,1.023,1.023,1.022,1.022,1.022,1.022,1.022,1.025
2017-05-18 04:20:00+02:00,1.022,1.02,1.023,1.022,1.023,1.022,1.022,1.023,1.022,1.022,1.021,1.022,1.023,1.021,1.023,1.023,1.023,1.022,1.023,1.023,1.021,1.023,1.023,1.023,1.02,1.022,1.023,1.022,1.021,1.021,1.021,1.023,1.023,1.021,1.023,1.022,1.022,1.023,1.023,1.02,1.023,1.022,1.02,1.021,1.023,1.023,1.023,1.02,1.023,1.023,1.022,1.023,1.023,1.023,1.02,1.02,1.023,1.023,1.022,1.02,1.022,1.023,1.023,1.02,1.022,1.02,1.023,1.02,1.023,1.023,1.021,1.021,1.022,1.023,1.022,1.02,1.022,1.023,1.023,1.02,1.021,1.023,1.021,1.02,1.022,1.02,1.022,1.023,1.023,1.023,1.023,1.023,1.022,1.023,1.023,1.023,1.025
2017-05-18 04:30:00+02:00,1.022,1.021,1.023,1.022,1.023,1.022,1.023,1.023,1.023,1.023,1.021,1.022,1.024,1.021,1.023,1.023,1.023,1.022,1.023,1.023,1.021,1.023,1.023,1.023,1.021,1.023,1.023,1.022,1.022,1.021,1.021,1.023,1.023,1.021,1.023,1.022,1.022,1.023,1.023,1.021,1.023,1.022,1.021,1.021,1.023,1.023,1.023,1.021,1.023,1.023,1.023,1.023,1.023,1.023,1.021,1.021,1.023,1.023,1.023,1.021,1.022,1.023,1.024,1.021,1.023,1.021,1.023,1.021,1.023,1.023,1.021,1.022,1.023,1.023,1.023,1.021,1.023,1.023,1.023,1.021,1.021,1.023,1.022,1.021,1.023,1.021,1.023,1.023,1.023,1.023,1.024,1.023,1.023,1.023,1.023,1.023,1.025
2017-05-18 04:40:00+02:00,1.022,1.02,1.023,1.022,1.023,1.022,1.022,1.023,1.023,1.023,1.021,1.022,1.023,1.021,1.023,1.023,1.023,1.022,1.023,1.023,1.021,1.023,1.023,1.023,1.02,1.023,1.023,1.022,1.021,1.021,1.021,1.023,1.023,1.021,1.023,1.022,1.022,1.023,1.023,1.02,1.023,1.022,1.02,1.021,1.023,1.023,1.023,1.02,1.023,1.023,1.022,1.023,1.023,1.023,1.02,1.02,1.023,1.023,1.022,1.02,1.022,1.023,1.023,1.02,1.022,1.02,1.023,1.02,1.023,1.023,1.021,1.021,1.023,1.023,1.023,1.02,1.022,1.023,1.023,1.02,1.02,1.023,1.021,1.02,1.023,1.02,1.023,1.023,1.023,1.023,1.023,1.023,1.022,1.023,1.023,1.023,1.025
2017-05-18 04:50:00+02:00,1.021,1.019,1.022,1.021,1.022,1.021,1.022,1.022,1.022,1.022,1.02,1.021,1.023,1.02,1.022,1.022,1.022,1.021,1.022,1.022,1.02,1.022,1.022,1.022,1.019,1.022,1.022,1.021,1.02,1.019,1.019,1.022,1.022,1.02,1.023,1.022,1.021,1.022,1.022,1.019,1.022,1.021,1.019,1.02,1.022,1.022,1.022,1.019,1.022,1.022,1.022,1.022,1.022,1.023,1.019,1.019,1.023,1.023,1.022,1.019,1.021,1.022,1.023,1.019,1.022,1.019,1.022,1.019,1.022,1.022,1.02,1.02,1.022,1.023,1.022,1.019,1.022,1.023,1.023,1.019,1.019,1.022,1.02,1.019,1.022,1.019,1.022,1.023,1.022,1.023,1.023,1.022,1.022,1.022,1.022,1.022,1.025
2017-05-18 05:00:00+02:00,1.02,1.019,1.022,1.02,1.022,1.02,1.021,1.022,1.022,1.022,1.02,1.02,1.023,1.019,1.022,1.022,1.022,1.021,1.022,1.022,1.019,1.022,1.022,1.022,1.019,1.022,1.022,1.02,1.02,1.019,1.019,1.022,1.022,1.02,1.022,1.021,1.021,1.022,1.022,1.019,1.022,1.021,1.019,1.02,1.022,1.022,1.022,1.019,1.022,1.022,1.022,1.022,1.022,1.022,1.019,1.019,1.022,1.022,1.022,1.019,1.021,1.022,1.023,1.019,1.022,1.019,1.022,1.019,1.022,1.022,1.02,1.02,1.022,1.023,1.022,1.019,1.022,1.022,1.022,1.019,1.019,1.022,1.02,1.019,1.022,1.019,1.022,1.022,1.022,1.022,1.023,1.022,1.021,1.022,1.022,1.022,1.025
2017-05-18 05:10:00+02:00,1.02,1.019,1.022,1.02,1.022,1.02,1.021,1.022,1.021,1.021,1.02,1.02,1.022,1.019,1.022,1.021,1.022,1.021,1.022,1.022,1.019,1.022,1.021,1.022,1.019,1.021,1.022,1.02,1.02,1.019,1.019,1.022,1.021,1.02,1.022,1.021,1.021,1.022,1.022,1.019,1.022,1.021,1.019,1.02,1.022,1.022,1.022,1.019,1.022,1.022,1.021,1.022,1.022,1.022,1.019,1.019,1.022,1.022,1.021,1.019,1.021,1.022,1.022,1.019,1.021,1.019,1.021,1.019,1.022,1.021,1.019,1.02,1.021,1.022,1.021,1.019,1.021,1.022,1.022,1.019,1.019,1.022,1.02,1.019,1.021,1.019,1.021,1.022,1.022,1.022,1.022,1.022,1.021,1.022,1.022,1.022,1.025
2017-05-18 05:20:00+02:00,1.021,1.019,1.022,1.021,1.022,1.021,1.021,1.022,1.021,1.021,1.02,1.021,1.023,1.02,1.022,1.022,1.022,1.021,1.022,1.022,1.02,1.022,1.022,1.022,1.019,1.021,1.022,1.021,1.02,1.02,1.019,1.022,1.022,1.02,1.022,1.021,1.021,1.022,1.022,1.019,1.022,1.021,1.019,1.02,1.022,1.022,1.022,1.019,1.022,1.022,1.021,1.022,1.022,1.022,1.019,1.019,1.022,1.022,1.021,1.019,1.021,1.022,1.023,1.019,1.021,1.019,1.022,1.019,1.022,1.022,1.02,1.02,1.021,1.022,1.021,1.019,1.021,1.022,1.022,1.019,1.019,1.022,1.02,1.019,1.021,1.019,1.021,1.022,1.022,1.022,1.022,1.022,1.021,1.022,1.022,1.022,1.025
2017-05-18 05:30:00+02:00,1.021,1.02,1.022,1.021,1.022,1.021,1.022,1.022,1.022,1.022,1.02,1.021,1.023,1.02,1.022,1.022,1.022,1.021,1.022,1.022,1.02,1.022,1.022,1.022,1.02,1.022,1.022,1.021,1.021,1.02,1.02,1.022,1.022,1.02,1.023,1.022,1.022,1.022,1.022,1.02,1.022,1.022,1.02,1.02,1.022,1.022,1.022,1.02,1.023,1.022,1.022,1.022,1.023,1.023,1.02,1.02,1.023,1.023,1.022,1.02,1.022,1.022,1.023,1.02,1.022,1.02,1.022,1.02,1.022,1.022,1.02,1.021,1.022,1.023,1.022,1.02,1.022,1.023,1.023,1.02,1.02,1.022,1.021,1.02,1.022,1.02,1.022,1.023,1.022,1.023,1.023,1.022,1.022,1.022,1.022,1.022,1.025
2017-05-18 05:40:00+02:00,1.022,1.023,1.022,1.022,1.022,1.022,1.022,1.022,1.022,1.022,1.023,1.022,1.022,1.023,1.022,1.022,1.022,1.022,1.022,1.022,1.023,1.022,1.022,1.022,1.023,1.022,1.022,1.022,1.023,1.023,1.023,1.022,1.022,1.023,1.022,1.022,1.022,1.022,1.022,1.023,1.022,1.022,1.023,1.023,1.022,1.022,1.022,1.023,1.022,1.022,1.022,1.022,1.022,1.022,1.023,1.023,1.022,1.022,1.022,1.023,1.022,1.022,1.022,1.023,1.022,1.023,1.022,1.023,1.022,1.022,1.023,1.023,1.022,1.022,1.022,1.023,1.022,1.022,1.022,1.023,1.023,1.022,1.022,1.023,1.022,1.023,1.022,1.022,1.022,1.022,1.022,1.022,1.022,1.022,1.022,1.022,1.025
2017-05-18 05:50:00+02:00,1.024,1.027,1.021,1.024,1.021,1.023,1.022,1.021,1.022,1.021,1.025,1.023,1.02,1.025,1.021,1.021,1.021,1.023,1.021,1.021,1.025,1.021,1.021,1.021,1.027,1.022,1.021,1.024,1.024,1.026,1.026,1.021,1.021,1.025,1.021,1.022,1.022,1.021,1.021,1.027,1.021,1.022,1.027,1.025,1.021,1.021,1.021,1.027,1.021,1.021,1.022,1.021,1.021,1.02,1.027,1.026,1.02,1.02,1.022,1.027,1.022,1.021,1.02,1.027,1.022,1.027,1.021,1.027,1.021,1.021,1.025,1.024,1.022,1.02,1.021,1.026,1.022,1.02,1.021,1.027,1.026,1.021,1.024,1.027,1.022,1.027,1.022,1.021,1.021,1.02,1.02,1.021,1.022,1.021,1.021,1.021,1.025
2017-05-18 06:00:00+02:00,1.024,1.031,1.02,1.024,1.019,1.024,1.021,1.02,1.021,1.02,1.026,1.024,1.018,1.027,1.019,1.02,1.019,1.023,1.019,1.019,1.028,1.02,1.02,1.02,1.03,1.021,1.019,1.024,1.025,1.028,1.028,1.02,1.02,1.026,1.019,1.022,1.022,1.019,1.019,1.03,1.019,1.022,1.03,1.026,1.019,1.019,1.019,1.03,1.019,1.019,1.021,1.019,1.019,1.018,1.03,1.029,1.018,1.019,1.021,1.03,1.022,1.019,1.018,1.03,1.021,1.031,1.02,1.03,1.02,1.02,1.027,1.026,1.021,1.018,1.02,1.029,1.021,1.019,1.019,1.03,1.029,1.019,1.025,1.03,1.021,1.03,1.021,1.019,1.019,1.018,1.018,1.019,1.021,1.019,1.02,1.019,1.025
2017-05-18 06:10:00+02:00,1.026,1.035,1.019,1.026,1.018,1.025,1.022,1.018,1.02,1.02,1.029,1.025,1.016,1.03,1.018,1.019,1.018,1.024,1.018,1.018,1.031,1.018,1.019,1.019,1.035,1.02,1.018,1.026,1.028,1.031,1.032,1.019,1.019,1.029,1.017,1.022,1.022,1.018,1.018,1.034,1.018,1.022,1.034,1.029,1.017,1.018,1.018,1.034,1.018,1.017,1.02,1.018,1.018,1.016,1.034,1.034,1.017,1.017,1.02,1.034,1.023,1.018,1.016,1.035,1.02,1.035,1.02,1.034,1.019,1.019,1.03,1.028,1.02,1.016,1.019,1.033,1.02,1.017,1.017,1.034,1.032,1.018,1.027,1.035,1.02,1.034,1.02,1.017,1.018,1.016,1.016,1.018,1.021,1.018,1.018,1.018,1.025
2017-05-18 06:20:00+02:00,1.027,1.04,1.018,1.027,1.017,1.026,1.022,1.017,1.02,1.019,1.032,1.027,1.014,1.034,1.018,1.018,1.017,1.025,1.017,1.017,1.035,1.018,1.018,1.018,1.04,1.02,1.018,1.027,1.03,1.035,1.036,1.018,1.018,1.032,1.016,1.022,1.023,1.017,1.017,1.039,1.017,1.023,1.039,1.032,1.016,1.017,1.017,1.039,1.017,1.016,1.02,1.017,1.017,1.015,1.039,1.038,1.015,1.016,1.02,1.039,1.023,1.017,1.014,1.04,1.02,1.041,1.019,1.039,1.018,1.018,1.033,1.03,1.02,1.014,1.019,1.038,1.02,1.016,1.016,1.039,1.037,1.017,1.029,1.04,1.02,1.039,1.02,1.016,1.018,1.015,1.014,1.018,1.022,1.017,1.017,1.017,1.025
2017-05-18 06:30:00+02:00,1.025,1.038,1.013,1.024,1.013,1.023,1.018,1.013,1.017,1.016,1.029,1.024,1.01,1.031,1.014,1.015,1.012,1.022,1.014,1.014,1.032,1.013,1.015,1.013,1.037,1.017,1.014,1.025,1.027,1.033,1.033,1.013,1.015,1.029,1.012,1.019,1.019,1.013,1.014,1.037,1.013,1.02,1.037,1.029,1.012,1.014,1.012,1.037,1.013,1.012,1.017,1.012,1.013,1.011,1.037,1.036,1.011,1.012,1.017,1.036,1.02,1.013,1.009,1.038,1.017,1.038,1.016,1.037,1.014,1.015,1.031,1.028,1.016,1.01,1.015,1.035,1.017,1.012,1.012,1.037,1.034,1.014,1.026,1.038,1.017,1.036,1.017,1.012,1.014,1.011,1.01,1.014,1.018,1.014,1.013,1.014,1.025
2017-05-18 06:40:00+02:00,1.027,1.046,1.012,1.027,1.011,1.026,1.019,1.012,1.017,1.015,1.033,1.026,1.007,1.036,1.013,1.014,1.011,1.024,1.012,1.012,1.037,1.012,1.014,1.012,1.045,1.016,1.013,1.027,1.031,1.038,1.039,1.012,1.014,1.033,1.01,1.02,1.02,1.012,1.013,1.044,1.012,1.021,1.043,1.034,1.01,1.012,1.011,1.044,1.012,1.01,1.017,1.011,1.011,1.009,1.044,1.043,1.009,1.01,1.017,1.043,1.021,1.012,1.007,1.045,1.017,1.046,1.015,1.044,1.013,1.014,1.035,1.031,1.016,1.008,1.015,1.042,1.017,1.011,1.01,1.044,1.04,1.012,1.029,1.045,1.017,1.043,1.017,1.01,1.013,1.009,1.008,1.013,1.019,1.013,1.012,1.012,1.025
2017-05-18 06:50:00+02:00,1.03,1.053,1.013,1.03,1.012,1.028,1.02,1.013,1.017,1.016,1.037,1.029,1.007,1.041,1.013,1.014,1.012,1.026,1.012,1.012,1.043,1.013,1.014,1.013,1.052,1.017,1.013,1.03,1.035,1.044,1.044,1.013,1.014,1.038,1.01,1.021,1.022,1.011,1.013,1.051,1.011,1.022,1.05,1.038,1.011,1.012,1.011,1.05,1.011,1.01,1.017,1.012,1.011,1.008,1.051,1.049,1.008,1.01,1.017,1.05,1.023,1.012,1.006,1.052,1.017,1.053,1.016,1.05,1.013,1.014,1.04,1.035,1.016,1.007,1.015,1.048,1.017,1.01,1.01,1.051,1.046,1.012,1.033,1.052,1.017,1.05,1.017,1.01,1.013,1.008,1.007,1.013,1.02,1.013,1.013,1.012,1.025
2017-05-18 07:00:00+02:00,1.029,1.054,1.011,1.029,1.009,1.027,1.018,1.01,1.014,1.012,1.037,1.028,1.003,1.041,1.01,1.011,1.009,1.024,1.009,1.009,1.043,1.01,1.011,1.01,1.053,1.014,1.01,1.029,1.034,1.044,1.045,1.011,1.011,1.038,1.007,1.019,1.02,1.008,1.009,1.052,1.008,1.021,1.051,1.038,1.007,1.009,1.008,1.052,1.008,1.007,1.014,1.009,1.008,1.004,1.052,1.05,1.005,1.006,1.014,1.051,1.021,1.009,1.002,1.053,1.014,1.054,1.013,1.051,1.01,1.011,1.04,1.035,1.013,1.004,1.012,1.049,1.014,1.007,1.006,1.052,1.047,1.009,1.032,1.054,1.014,1.051,1.014,1.007,1.01,1.004,1.003,1.01,1.018,1.01,1.01,1.009,1.025
2017-05-18 07:10:00+02:00,1.026,1.054,1.007,1.026,1.006,1.024,1.015,1.006,1.011,1.009,1.035,1.025,0.999,1.039,1.006,1.007,1.006,1.021,1.005,1.005,1.041,1.007,1.007,1.007,1.052,1.01,1.006,1.026,1.031,1.043,1.043,1.007,1.007,1.035,1.003,1.016,1.017,1.004,1.006,1.051,1.004,1.017,1.05,1.036,1.004,1.005,1.004,1.051,1.004,1.003,1.011,1.005,1.004,1.0,1.052,1.049,1.001,1.003,1.011,1.05,1.018,1.005,0.998,1.053,1.011,1.054,1.009,1.051,1.006,1.007,1.038,1.032,1.01,0.999,1.008,1.048,1.011,1.003,1.002,1.051,1.046,1.005,1.029,1.053,1.011,1.051,1.011,1.003,1.006,1.0,0.999,1.006,1.014,1.006,1.006,1.006,1.025
2017-05-18 07:20:00+02:00,1.026,1.056,1.005,1.025,1.004,1.024,1.013,1.004,1.01,1.008,1.035,1.025,0.996,1.04,1.005,1.006,1.004,1.02,1.003,1.003,1.042,1.005,1.006,1.005,1.055,1.01,1.005,1.026,1.031,1.044,1.045,1.005,1.006,1.035,1.001,1.014,1.016,1.003,1.005,1.054,1.002,1.016,1.052,1.036,1.001,1.003,1.002,1.053,1.002,1.001,1.01,1.003,1.002,0.998,1.054,1.051,0.998,1.0,1.01,1.052,1.017,1.003,0.995,1.055,1.01,1.056,1.008,1.053,1.005,1.006,1.038,1.032,1.009,0.997,1.007,1.05,1.01,1.001,1.0,1.054,1.047,1.004,1.029,1.056,1.01,1.052,1.01,1.001,1.005,0.998,0.997,1.005,1.013,1.005,1.004,1.004,1.025
2017-05-18 07:30:00+02:00,1.029,1.062,1.005,1.028,1.003,1.026,1.014,1.004,1.011,1.008,1.039,1.027,0.994,1.045,1.004,1.006,1.003,1.022,1.003,1.003,1.047,1.005,1.006,1.005,1.061,1.01,1.004,1.028,1.035,1.049,1.05,1.005,1.006,1.039,1.0,1.015,1.017,1.002,1.004,1.06,1.002,1.017,1.058,1.04,1.001,1.003,1.002,1.059,1.001,1.001,1.011,1.002,1.001,0.997,1.06,1.057,0.997,0.999,1.011,1.058,1.018,1.003,0.993,1.061,1.011,1.063,1.008,1.059,1.004,1.006,1.043,1.035,1.009,0.995,1.007,1.056,1.011,1.0,1.0,1.06,1.053,1.003,1.032,1.062,1.011,1.059,1.011,1.0,1.004,0.996,0.995,1.004,1.013,1.004,1.004,1.003,1.025
2017-05-18 07:40:00+02:00,1.026,1.059,1.003,1.025,1.001,1.023,1.011,1.001,1.009,1.006,1.036,1.024,0.991,1.042,1.001,1.004,1.001,1.019,1.001,1.0,1.044,1.002,1.004,1.003,1.057,1.008,1.001,1.026,1.032,1.046,1.047,1.003,1.004,1.037,0.997,1.013,1.014,0.999,1.001,1.056,0.998,1.014,1.055,1.037,0.998,1.0,0.999,1.056,0.999,0.998,1.009,1.0,0.998,0.993,1.056,1.054,0.994,0.996,1.009,1.054,1.015,1.0,0.99,1.058,1.009,1.059,1.005,1.055,1.002,1.004,1.04,1.033,1.007,0.992,1.005,1.052,1.009,0.997,0.997,1.056,1.05,1.0,1.029,1.059,1.009,1.055,1.009,0.997,1.001,0.993,0.992,1.001,1.011,1.001,1.002,1.0,1.025
2017-05-18 07:50:00+02:00,1.024,1.062,0.999,1.024,0.996,1.021,1.008,0.997,1.005,1.002,1.036,1.022,0.986,1.043,0.996,0.999,0.996,1.017,0.996,0.995,1.045,0.998,0.999,0.999,1.06,1.004,0.996,1.024,1.032,1.047,1.048,0.999,0.999,1.037,0.992,1.009,1.011,0.994,0.996,1.059,0.993,1.011,1.058,1.038,0.993,0.995,0.994,1.059,0.994,0.993,1.005,0.995,0.993,0.988,1.06,1.056,0.988,0.991,1.005,1.057,1.012,0.995,0.985,1.061,1.005,1.062,1.001,1.058,0.997,0.999,1.04,1.032,1.003,0.986,1.001,1.055,1.005,0.992,0.992,1.059,1.051,0.995,1.028,1.061,1.005,1.058,1.005,0.992,0.996,0.988,0.986,0.996,1.007,0.996,0.997,0.995,1.025
2017-05-18 08:00:00+02:00,1.025,1.066,0.996,1.024,0.994,1.021,1.007,0.995,1.002,1.0,1.038,1.023,0.982,1.044,0.994,0.997,0.994,1.017,0.993,0.992,1.047,0.996,0.997,0.996,1.064,1.002,0.994,1.024,1.033,1.05,1.051,0.997,0.997,1.038,0.989,1.009,1.01,0.991,0.994,1.063,0.991,1.011,1.061,1.039,0.99,0.993,0.992,1.062,0.991,0.99,1.003,0.992,0.991,0.985,1.063,1.059,0.986,0.988,1.003,1.06,1.011,0.993,0.981,1.064,1.003,1.066,0.999,1.061,0.995,0.997,1.042,1.033,1.001,0.983,0.999,1.058,1.003,0.989,0.989,1.063,1.054,0.993,1.029,1.065,1.002,1.061,1.003,0.99,0.994,0.985,0.983,0.994,1.006,0.994,0.995,0.993,1.025
2017-05-18 08:10:00+02:00,1.027,1.07,0.996,1.026,0.993,1.023,1.008,0.994,1.003,1.0,1.04,1.024,0.981,1.048,0.994,0.997,0.993,1.018,0.993,0.992,1.051,0.995,0.997,0.995,1.068,1.002,0.994,1.026,1.035,1.053,1.054,0.996,0.997,1.041,0.988,1.009,1.011,0.991,0.993,1.067,0.99,1.012,1.066,1.042,0.989,0.992,0.991,1.067,0.991,0.989,1.004,0.992,0.99,0.984,1.068,1.064,0.984,0.987,1.004,1.065,1.012,0.992,0.98,1.069,1.004,1.071,0.999,1.066,0.995,0.997,1.045,1.036,1.001,0.982,0.999,1.062,1.004,0.988,0.988,1.067,1.058,0.992,1.031,1.07,1.003,1.066,1.003,0.989,0.994,0.984,0.982,0.994,1.007,0.994,0.994,0.993,1.025
2017-05-18 08:20:00+02:00,1.025,1.072,0.993,1.025,0.99,1.022,1.005,0.991,1.0,0.997,1.04,1.023,0.977,1.048,0.991,0.994,0.99,1.016,0.989,0.988,1.051,0.992,0.993,0.992,1.07,0.999,0.991,1.025,1.034,1.054,1.055,0.993,0.993,1.041,0.984,1.007,1.009,0.987,0.99,1.069,0.987,1.009,1.067,1.042,0.986,0.988,0.987,1.068,0.987,0.986,1.001,0.988,0.986,0.98,1.069,1.065,0.98,0.983,1.001,1.066,1.01,0.988,0.975,1.071,1.001,1.072,0.996,1.067,0.991,0.994,1.045,1.035,0.998,0.978,0.995,1.063,1.001,0.984,0.984,1.069,1.059,0.989,1.031,1.071,1.0,1.067,1.0,0.985,0.991,0.979,0.977,0.991,1.004,0.99,0.991,0.989,1.025
2017-05-18 08:30:00+02:00,1.024,1.073,0.99,1.023,0.987,1.02,1.003,0.988,0.998,0.994,1.04,1.022,0.973,1.048,0.987,0.991,0.987,1.015,0.986,0.985,1.051,0.989,0.991,0.99,1.071,0.997,0.987,1.024,1.034,1.054,1.055,0.99,0.991,1.04,0.981,1.005,1.007,0.984,0.987,1.07,0.983,1.008,1.068,1.041,0.983,0.985,0.984,1.069,0.984,0.983,0.999,0.986,0.983,0.976,1.07,1.066,0.977,0.98,0.999,1.067,1.009,0.985,0.972,1.071,0.999,1.073,0.993,1.068,0.988,0.991,1.045,1.034,0.996,0.974,0.993,1.064,0.999,0.981,0.981,1.069,1.06,0.985,1.03,1.072,0.998,1.068,0.998,0.982,0.987,0.976,0.974,0.987,1.002,0.987,0.988,0.986,1.025
2017-05-18 08:40:00+02:00,1.024,1.075,0.988,1.023,0.985,1.02,1.002,0.986,0.996,0.992,1.04,1.021,0.97,1.049,0.986,0.989,0.985,1.014,0.984,0.983,1.052,0.987,0.988,0.988,1.073,0.995,0.986,1.024,1.034,1.055,1.056,0.989,0.989,1.041,0.979,1.004,1.006,0.982,0.985,1.072,0.982,1.007,1.069,1.042,0.981,0.983,0.982,1.071,0.981,0.98,0.997,0.984,0.981,0.974,1.072,1.067,0.975,0.978,0.997,1.069,1.008,0.983,0.969,1.073,0.997,1.075,0.991,1.07,0.986,0.989,1.046,1.035,0.994,0.972,0.991,1.065,0.997,0.979,0.979,1.071,1.061,0.984,1.03,1.074,0.996,1.07,0.996,0.98,0.986,0.973,0.971,0.986,1.001,0.986,0.986,0.984,1.025
2017-05-18 08:50:00+02:00,1.023,1.076,0.985,1.022,0.981,1.018,0.999,0.982,0.993,0.989,1.04,1.02,0.966,1.049,0.983,0.986,0.981,1.012,0.98,0.98,1.053,0.984,0.985,0.984,1.074,0.992,0.983,1.022,1.033,1.056,1.057,0.985,0.985,1.04,0.975,1.001,1.003,0.978,0.982,1.073,0.978,1.004,1.071,1.042,0.977,0.98,0.978,1.072,0.978,0.976,0.994,0.98,0.977,0.969,1.073,1.069,0.97,0.974,0.994,1.07,1.005,0.979,0.964,1.075,0.994,1.077,0.988,1.071,0.983,0.986,1.046,1.034,0.991,0.967,0.988,1.066,0.994,0.975,0.974,1.072,1.062,0.981,1.029,1.076,0.993,1.071,0.993,0.976,0.983,0.969,0.967,0.983,0.998,0.982,0.983,0.981,1.025
2017-05-18 09:00:00+02:00,1.021,1.077,0.982,1.02,0.979,1.017,0.997,0.98,0.991,0.987,1.039,1.018,0.961,1.049,0.98,0.983,0.978,1.01,0.977,0.976,1.053,0.981,0.983,0.982,1.075,0.99,0.98,1.021,1.032,1.056,1.057,0.982,0.983,1.04,0.971,0.999,1.001,0.975,0.979,1.074,0.974,1.002,1.071,1.041,0.973,0.976,0.975,1.073,0.974,0.973,0.992,0.977,0.973,0.966,1.074,1.069,0.966,0.97,0.993,1.071,1.003,0.976,0.96,1.076,0.992,1.077,0.985,1.072,0.98,0.983,1.045,1.033,0.989,0.963,0.986,1.067,0.992,0.971,0.971,1.073,1.062,0.977,1.028,1.076,0.991,1.072,0.991,0.972,0.98,0.965,0.963,0.98,0.995,0.979,0.98,0.977,1.025
2017-05-18 09:10:00+02:00,1.019,1.077,0.978,1.018,0.974,1.014,0.993,0.975,0.988,0.984,1.038,1.016,0.956,1.048,0.975,0.979,0.974,1.007,0.973,0.971,1.052,0.977,0.979,0.978,1.075,0.987,0.975,1.018,1.03,1.055,1.056,0.978,0.979,1.038,0.967,0.995,0.998,0.97,0.974,1.074,0.969,0.998,1.071,1.04,0.969,0.972,0.971,1.073,0.97,0.968,0.989,0.972,0.968,0.96,1.074,1.069,0.961,0.965,0.99,1.071,1.0,0.971,0.954,1.076,0.989,1.078,0.981,1.072,0.976,0.979,1.044,1.031,0.985,0.958,0.982,1.067,0.989,0.966,0.966,1.073,1.062,0.972,1.026,1.076,0.988,1.072,0.988,0.968,0.975,0.96,0.957,0.975,0.992,0.974,0.976,0.973,1.025
2017-05-18 09:20:00+02:00,1.015,1.075,0.974,1.014,0.97,1.01,0.988,0.971,0.984,0.979,1.034,1.012,0.95,1.044,0.97,0.975,0.969,1.003,0.968,0.966,1.049,0.973,0.974,0.973,1.072,0.983,0.97,1.015,1.027,1.052,1.054,0.974,0.974,1.035,0.962,0.991,0.993,0.964,0.969,1.072,0.964,0.994,1.069,1.037,0.964,0.966,0.966,1.07,0.965,0.964,0.985,0.968,0.963,0.955,1.072,1.067,0.955,0.96,0.986,1.068,0.995,0.966,0.949,1.073,0.985,1.075,0.976,1.069,0.971,0.975,1.041,1.028,0.981,0.952,0.978,1.064,0.985,0.961,0.961,1.07,1.059,0.967,1.022,1.074,0.984,1.069,0.984,0.963,0.97,0.954,0.952,0.97,0.987,0.969,0.971,0.967,1.025
2017-05-18 09:30:00+02:00,1.011,1.072,0.969,1.01,0.965,1.006,0.984,0.966,0.98,0.975,1.031,1.008,0.945,1.041,0.965,0.97,0.965,0.999,0.964,0.961,1.046,0.968,0.97,0.969,1.069,0.979,0.965,1.011,1.023,1.049,1.05,0.969,0.97,1.032,0.957,0.986,0.989,0.959,0.964,1.068,0.959,0.99,1.065,1.033,0.959,0.961,0.961,1.067,0.96,0.959,0.981,0.963,0.958,0.95,1.069,1.063,0.95,0.954,0.982,1.065,0.991,0.961,0.943,1.07,0.981,1.072,0.971,1.066,0.967,0.971,1.038,1.024,0.977,0.947,0.973,1.061,0.981,0.955,0.956,1.067,1.056,0.962,1.018,1.071,0.98,1.066,0.98,0.958,0.965,0.949,0.946,0.965,0.982,0.964,0.967,0.962,1.025
2017-05-18 09:40:00+02:00,1.008,1.071,0.964,1.007,0.96,1.003,0.98,0.961,0.976,0.971,1.029,1.005,0.939,1.039,0.96,0.966,0.96,0.995,0.959,0.956,1.044,0.963,0.965,0.964,1.069,0.975,0.96,1.008,1.021,1.048,1.049,0.964,0.965,1.029,0.951,0.982,0.985,0.954,0.959,1.067,0.954,0.986,1.065,1.031,0.954,0.956,0.956,1.066,0.955,0.953,0.977,0.958,0.952,0.944,1.068,1.063,0.945,0.949,0.978,1.064,0.987,0.956,0.937,1.07,0.977,1.072,0.966,1.065,0.962,0.966,1.036,1.022,0.973,0.941,0.969,1.06,0.977,0.95,0.951,1.067,1.055,0.957,1.016,1.071,0.976,1.065,0.976,0.952,0.96,0.944,0.94,0.96,0.978,0.959,0.962,0.957,1.025
2017-05-18 09:50:00+02:00,1.005,1.071,0.96,1.004,0.956,1.0,0.976,0.957,0.973,0.967,1.027,1.002,0.934,1.038,0.956,0.962,0.955,0.992,0.954,0.952,1.042,0.959,0.961,0.959,1.068,0.971,0.956,1.005,1.018,1.046,1.048,0.96,0.961,1.027,0.946,0.978,0.981,0.95,0.955,1.067,0.949,0.982,1.064,1.029,0.949,0.952,0.951,1.066,0.951,0.948,0.974,0.953,0.947,0.939,1.067,1.062,0.939,0.944,0.974,1.063,0.983,0.951,0.932,1.069,0.974,1.071,0.962,1.064,0.958,0.962,1.034,1.019,0.969,0.935,0.965,1.059,0.974,0.945,0.946,1.066,1.053,0.953,1.013,1.07,0.972,1.065,0.973,0.947,0.956,0.938,0.935,0.956,0.974,0.955,0.957,0.953,1.025
2017-05-18 10:00:00+02:00,1.003,1.07,0.956,1.001,0.951,0.997,0.972,0.952,0.969,0.963,1.025,0.999,0.928,1.036,0.951,0.957,0.951,0.989,0.949,0.947,1.041,0.954,0.957,0.955,1.068,0.967,0.951,1.002,1.016,1.045,1.047,0.956,0.957,1.025,0.941,0.974,0.977,0.944,0.95,1.067,0.944,0.978,1.064,1.027,0.944,0.947,0.946,1.065,0.945,0.944,0.97,0.948,0.942,0.934,1.067,1.061,0.934,0.939,0.97,1.063,0.98,0.946,0.926,1.069,0.97,1.071,0.957,1.064,0.953,0.957,1.032,1.017,0.965,0.93,0.961,1.058,0.97,0.94,0.941,1.066,1.053,0.947,1.01,1.07,0.968,1.064,0.969,0.942,0.951,0.933,0.929,0.951,0.97,0.95,0.953,0.948,1.025
2017-05-18 10:10:00+02:00,1.0,1.071,0.951,0.999,0.947,0.994,0.968,0.948,0.964,0.959,1.023,0.996,0.922,1.035,0.947,0.953,0.946,0.985,0.945,0.942,1.04,0.95,0.952,0.951,1.068,0.963,0.947,0.999,1.014,1.044,1.046,0.952,0.952,1.024,0.936,0.971,0.974,0.94,0.945,1.066,0.939,0.975,1.063,1.026,0.939,0.942,0.942,1.065,0.941,0.939,0.966,0.944,0.937,0.928,1.067,1.061,0.929,0.934,0.966,1.063,0.976,0.941,0.92,1.069,0.966,1.071,0.953,1.064,0.948,0.953,1.031,1.015,0.961,0.924,0.956,1.058,0.966,0.935,0.936,1.066,1.052,0.943,1.008,1.07,0.964,1.064,0.965,0.938,0.947,0.927,0.924,0.947,0.966,0.946,0.948,0.944,1.025
2017-05-18 10:20:00+02:00,0.998,1.07,0.949,0.997,0.944,0.992,0.965,0.945,0.962,0.956,1.022,0.995,0.919,1.034,0.944,0.95,0.943,0.983,0.942,0.94,1.039,0.947,0.95,0.948,1.067,0.961,0.945,0.998,1.013,1.044,1.045,0.949,0.95,1.023,0.933,0.968,0.971,0.937,0.943,1.066,0.937,0.972,1.063,1.024,0.936,0.94,0.939,1.065,0.938,0.936,0.964,0.941,0.934,0.925,1.067,1.06,0.925,0.931,0.964,1.062,0.974,0.938,0.917,1.068,0.964,1.071,0.95,1.064,0.946,0.95,1.03,1.014,0.959,0.921,0.954,1.057,0.964,0.932,0.933,1.065,1.052,0.941,1.007,1.069,0.962,1.064,0.963,0.934,0.944,0.924,0.92,0.945,0.964,0.943,0.946,0.941,1.025
2017-05-18 10:30:00+02:00,0.996,1.068,0.947,0.994,0.942,0.99,0.963,0.943,0.96,0.954,1.019,0.992,0.916,1.032,0.942,0.948,0.941,0.981,0.939,0.937,1.037,0.945,0.947,0.946,1.065,0.958,0.942,0.995,1.01,1.041,1.043,0.947,0.948,1.02,0.931,0.965,0.969,0.935,0.941,1.064,0.934,0.97,1.061,1.022,0.934,0.937,0.936,1.063,0.935,0.933,0.962,0.939,0.931,0.922,1.064,1.058,0.923,0.928,0.962,1.06,0.971,0.935,0.914,1.066,0.962,1.069,0.947,1.061,0.943,0.948,1.028,1.011,0.956,0.918,0.952,1.055,0.962,0.93,0.93,1.063,1.049,0.938,1.004,1.067,0.96,1.061,0.96,0.932,0.942,0.921,0.918,0.942,0.961,0.941,0.944,0.939,1.025
2017-05-18 10:40:00+02:00,0.989,1.064,0.938,0.987,0.933,0.982,0.955,0.935,0.954,0.947,1.013,0.985,0.908,1.026,0.934,0.941,0.932,0.973,0.932,0.929,1.031,0.937,0.94,0.938,1.06,0.952,0.934,0.988,1.004,1.036,1.037,0.939,0.94,1.014,0.922,0.958,0.961,0.927,0.933,1.059,0.926,0.962,1.056,1.016,0.925,0.929,0.928,1.058,0.927,0.925,0.955,0.93,0.923,0.914,1.06,1.053,0.914,0.92,0.956,1.055,0.964,0.927,0.905,1.062,0.955,1.064,0.939,1.056,0.936,0.941,1.021,1.005,0.95,0.909,0.945,1.05,0.955,0.921,0.922,1.058,1.044,0.93,0.997,1.063,0.953,1.057,0.954,0.923,0.934,0.913,0.909,0.934,0.953,0.933,0.935,0.931,1.025
2017-05-18 10:50:00+02:00,0.984,1.06,0.935,0.983,0.929,0.978,0.95,0.931,0.949,0.942,1.009,0.98,0.902,1.022,0.93,0.936,0.928,0.969,0.927,0.925,1.027,0.933,0.935,0.934,1.057,0.947,0.93,0.983,0.999,1.032,1.033,0.935,0.935,1.01,0.918,0.953,0.956,0.922,0.928,1.056,0.922,0.957,1.052,1.012,0.921,0.925,0.923,1.054,0.922,0.92,0.95,0.926,0.918,0.908,1.056,1.05,0.909,0.915,0.951,1.052,0.959,0.922,0.9,1.058,0.95,1.06,0.934,1.053,0.931,0.936,1.017,1.0,0.945,0.904,0.94,1.046,0.95,0.917,0.917,1.055,1.04,0.926,0.993,1.059,0.949,1.053,0.949,0.919,0.93,0.908,0.904,0.93,0.948,0.929,0.931,0.926,1.025
2017-05-18 11:00:00+02:00,0.985,1.063,0.934,0.984,0.928,0.979,0.95,0.93,0.949,0.942,1.011,0.981,0.901,1.024,0.929,0.935,0.928,0.969,0.926,0.924,1.029,0.932,0.935,0.933,1.06,0.947,0.929,0.985,1.001,1.034,1.036,0.934,0.935,1.012,0.916,0.953,0.957,0.921,0.927,1.058,0.92,0.958,1.055,1.014,0.92,0.924,0.922,1.057,0.921,0.919,0.95,0.925,0.917,0.907,1.059,1.052,0.908,0.914,0.951,1.054,0.959,0.921,0.898,1.061,0.95,1.063,0.934,1.055,0.93,0.935,1.019,1.002,0.944,0.903,0.939,1.049,0.95,0.915,0.916,1.057,1.043,0.925,0.994,1.062,0.948,1.056,0.949,0.918,0.929,0.906,0.902,0.929,0.948,0.928,0.93,0.925,1.025
2017-05-18 11:10:00+02:00,0.982,1.061,0.93,0.981,0.924,0.975,0.946,0.926,0.945,0.938,1.008,0.978,0.896,1.021,0.925,0.931,0.923,0.966,0.922,0.919,1.027,0.928,0.93,0.929,1.057,0.943,0.925,0.981,0.998,1.032,1.033,0.93,0.931,1.009,0.912,0.949,0.953,0.916,0.923,1.056,0.916,0.954,1.053,1.011,0.915,0.919,0.918,1.055,0.917,0.915,0.946,0.921,0.912,0.902,1.057,1.05,0.903,0.909,0.947,1.052,0.955,0.916,0.893,1.059,0.946,1.061,0.929,1.053,0.926,0.931,1.017,0.999,0.941,0.898,0.935,1.047,0.946,0.911,0.911,1.055,1.04,0.92,0.991,1.06,0.945,1.054,0.945,0.913,0.925,0.901,0.897,0.925,0.944,0.923,0.926,0.921,1.025
2017-05-18 11:20:00+02:00,0.98,1.06,0.926,0.978,0.921,0.973,0.943,0.922,0.942,0.935,1.006,0.975,0.892,1.019,0.921,0.928,0.92,0.963,0.918,0.915,1.025,0.925,0.928,0.925,1.056,0.94,0.921,0.979,0.996,1.03,1.032,0.927,0.928,1.007,0.908,0.946,0.95,0.913,0.92,1.055,0.912,0.951,1.051,1.009,0.912,0.916,0.915,1.054,0.913,0.911,0.944,0.917,0.908,0.899,1.056,1.049,0.899,0.906,0.944,1.051,0.953,0.913,0.889,1.057,0.944,1.06,0.926,1.052,0.923,0.928,1.015,0.997,0.938,0.894,0.932,1.045,0.944,0.907,0.908,1.054,1.039,0.917,0.989,1.059,0.942,1.053,0.942,0.91,0.921,0.898,0.894,0.921,0.941,0.92,0.923,0.917,1.025
2017-05-18 11:30:00+02:00,0.976,1.056,0.923,0.975,0.917,0.969,0.939,0.918,0.938,0.931,1.003,0.972,0.887,1.016,0.917,0.924,0.916,0.96,0.914,0.911,1.022,0.921,0.923,0.922,1.053,0.936,0.917,0.975,0.992,1.027,1.028,0.923,0.924,1.004,0.904,0.943,0.946,0.908,0.915,1.052,0.908,0.947,1.048,1.005,0.908,0.911,0.911,1.051,0.909,0.907,0.94,0.913,0.904,0.894,1.053,1.046,0.895,0.901,0.94,1.048,0.949,0.909,0.885,1.054,0.94,1.056,0.922,1.048,0.919,0.924,1.012,0.994,0.934,0.889,0.928,1.042,0.94,0.902,0.903,1.05,1.036,0.912,0.986,1.055,0.938,1.049,0.938,0.906,0.917,0.893,0.889,0.917,0.937,0.915,0.919,0.913,1.025
2017-05-18 11:40:00+02:00,0.978,1.058,0.924,0.976,0.918,0.971,0.941,0.92,0.94,0.933,1.004,0.974,0.889,1.018,0.919,0.926,0.918,0.961,0.916,0.913,1.024,0.922,0.925,0.923,1.055,0.938,0.919,0.977,0.994,1.029,1.03,0.924,0.925,1.005,0.906,0.944,0.948,0.91,0.917,1.054,0.91,0.949,1.05,1.007,0.909,0.913,0.912,1.053,0.911,0.909,0.942,0.915,0.906,0.896,1.055,1.048,0.896,0.903,0.942,1.05,0.95,0.91,0.886,1.056,0.942,1.059,0.923,1.051,0.92,0.926,1.013,0.995,0.936,0.891,0.93,1.044,0.942,0.904,0.905,1.053,1.038,0.914,0.987,1.057,0.94,1.051,0.94,0.907,0.919,0.895,0.891,0.919,0.939,0.917,0.92,0.915,1.025
2017-05-18 11:50:00+02:00,0.976,1.057,0.921,0.974,0.915,0.969,0.938,0.917,0.937,0.929,1.003,0.971,0.885,1.017,0.916,0.922,0.914,0.959,0.912,0.91,1.023,0.919,0.922,0.92,1.054,0.935,0.916,0.975,0.992,1.027,1.029,0.921,0.922,1.004,0.902,0.941,0.945,0.907,0.914,1.053,0.906,0.946,1.049,1.006,0.906,0.91,0.909,1.052,0.907,0.905,0.939,0.911,0.902,0.892,1.054,1.047,0.893,0.899,0.939,1.049,0.948,0.907,0.883,1.055,0.938,1.058,0.92,1.05,0.917,0.922,1.012,0.994,0.932,0.887,0.927,1.043,0.938,0.901,0.901,1.052,1.036,0.911,0.985,1.056,0.937,1.05,0.937,0.904,0.915,0.891,0.887,0.916,0.936,0.914,0.917,0.912,1.025
2017-05-18 12:00:00+02:00,0.973,1.055,0.917,0.971,0.911,0.965,0.934,0.913,0.932,0.925,1.0,0.968,0.881,1.014,0.912,0.918,0.91,0.955,0.908,0.906,1.02,0.915,0.917,0.916,1.052,0.93,0.912,0.972,0.989,1.025,1.027,0.917,0.917,1.001,0.898,0.938,0.941,0.903,0.91,1.051,0.902,0.942,1.047,1.003,0.902,0.906,0.905,1.049,0.903,0.901,0.934,0.907,0.898,0.888,1.051,1.044,0.889,0.895,0.935,1.046,0.944,0.902,0.878,1.053,0.934,1.056,0.916,1.048,0.912,0.918,1.009,0.99,0.928,0.883,0.922,1.041,0.934,0.897,0.897,1.05,1.034,0.907,0.982,1.054,0.932,1.048,0.932,0.9,0.912,0.887,0.883,0.912,0.932,0.91,0.913,0.908,1.025
2017-05-18 12:10:00+02:00,0.97,1.055,0.915,0.969,0.909,0.963,0.932,0.911,0.931,0.924,0.998,0.966,0.879,1.013,0.91,0.917,0.908,0.953,0.906,0.904,1.019,0.913,0.916,0.914,1.051,0.929,0.91,0.97,0.987,1.024,1.026,0.915,0.916,0.999,0.896,0.936,0.939,0.901,0.908,1.05,0.901,0.94,1.046,1.001,0.899,0.904,0.903,1.049,0.901,0.899,0.933,0.906,0.896,0.886,1.051,1.043,0.887,0.893,0.934,1.046,0.942,0.9,0.876,1.052,0.933,1.055,0.914,1.047,0.911,0.917,1.008,0.989,0.927,0.881,0.921,1.04,0.933,0.895,0.895,1.049,1.033,0.905,0.98,1.054,0.931,1.047,0.932,0.898,0.91,0.885,0.881,0.91,0.93,0.909,0.911,0.906,1.025
2017-05-18 12:20:00+02:00,0.968,1.052,0.913,0.966,0.907,0.961,0.93,0.909,0.929,0.921,0.995,0.963,0.876,1.01,0.907,0.914,0.906,0.95,0.904,0.901,1.016,0.911,0.913,0.912,1.049,0.927,0.907,0.967,0.985,1.021,1.023,0.913,0.913,0.996,0.894,0.933,0.937,0.898,0.905,1.048,0.898,0.938,1.044,0.998,0.897,0.901,0.901,1.046,0.899,0.897,0.931,0.904,0.893,0.883,1.048,1.041,0.884,0.891,0.931,1.043,0.939,0.898,0.874,1.05,0.931,1.053,0.912,1.044,0.909,0.914,1.005,0.986,0.924,0.878,0.918,1.037,0.931,0.892,0.893,1.046,1.03,0.902,0.977,1.051,0.929,1.045,0.929,0.895,0.907,0.882,0.878,0.907,0.928,0.906,0.91,0.903,1.025
2017-05-18 12:30:00+02:00,0.97,1.054,0.915,0.969,0.909,0.963,0.932,0.911,0.931,0.923,0.998,0.966,0.878,1.012,0.908,0.916,0.908,0.953,0.906,0.902,1.018,0.913,0.915,0.914,1.05,0.929,0.908,0.97,0.987,1.023,1.025,0.915,0.915,0.999,0.896,0.935,0.939,0.899,0.906,1.049,0.899,0.94,1.045,1.001,0.899,0.902,0.903,1.048,0.901,0.899,0.932,0.905,0.895,0.885,1.049,1.043,0.886,0.892,0.933,1.045,0.942,0.9,0.876,1.052,0.932,1.054,0.914,1.046,0.91,0.916,1.007,0.989,0.926,0.88,0.92,1.039,0.932,0.894,0.895,1.048,1.032,0.903,0.98,1.053,0.93,1.046,0.931,0.897,0.908,0.884,0.88,0.908,0.93,0.906,0.911,0.904,1.025
2017-05-18 12:40:00+02:00,0.974,1.057,0.919,0.973,0.913,0.967,0.936,0.915,0.935,0.927,1.001,0.97,0.883,1.015,0.913,0.92,0.913,0.957,0.91,0.907,1.021,0.918,0.92,0.918,1.053,0.933,0.913,0.973,0.991,1.026,1.028,0.92,0.92,1.002,0.9,0.94,0.943,0.905,0.911,1.052,0.904,0.944,1.048,1.004,0.904,0.908,0.907,1.051,0.905,0.903,0.937,0.91,0.9,0.89,1.053,1.046,0.891,0.897,0.937,1.048,0.946,0.905,0.881,1.054,0.936,1.057,0.918,1.049,0.915,0.92,1.011,0.992,0.93,0.885,0.924,1.042,0.936,0.899,0.899,1.051,1.035,0.909,0.984,1.056,0.934,1.049,0.935,0.902,0.913,0.889,0.885,0.913,0.934,0.912,0.916,0.909,1.025
2017-05-18 12:50:00+02:00,0.973,1.056,0.918,0.971,0.912,0.966,0.935,0.914,0.933,0.926,1.0,0.969,0.882,1.015,0.912,0.919,0.911,0.956,0.909,0.906,1.021,0.916,0.918,0.917,1.053,0.931,0.912,0.972,0.99,1.026,1.027,0.918,0.918,1.001,0.899,0.938,0.942,0.903,0.91,1.052,0.903,0.943,1.048,1.003,0.902,0.906,0.906,1.05,0.904,0.902,0.935,0.908,0.899,0.889,1.052,1.045,0.889,0.896,0.936,1.047,0.945,0.903,0.879,1.054,0.935,1.057,0.917,1.049,0.913,0.919,1.01,0.991,0.929,0.884,0.923,1.042,0.935,0.897,0.898,1.051,1.035,0.907,0.983,1.055,0.933,1.049,0.934,0.9,0.912,0.888,0.883,0.912,0.933,0.91,0.914,0.908,1.025
