timestamp,load,pv,hp,ev
2017-05-26 00:00:00+02:00,0.06621,0.0,0.0,0.0
2017-05-26 00:01:00+02:00,0.06697,0.0,0.0,0.0
2017-05-26 00:02:00+02:00,0.06349,0.0,0.0,0.0
2017-05-26 00:03:00+02:00,0.05993,0.0,0.0,0.0
2017-05-26 00:04:00+02:00,0.0619,0.0,0.0,0.0
2017-05-26 00:05:00+02:00,0.06029,0.0,0.0,0.0
2017-05-26 00:06:00+02:00,0.05927,0.0,0.0,0.0
2017-05-26 00:07:00+02:00,0.05988,0.0,0.0,0.0
2017-05-26 00:08:00+02:00,0.06421,0.0,0.0,0.0
2017-05-26 00:09:00+02:00,0.06187,0.0,0.0,0.0
2017-05-26 00:10:00+02:00,0.06846,0.0,0.0,0.0
2017-05-26 00:11:00+02:00,0.0642,0.0,0.0,0.0
2017-05-26 00:12:00+02:00,0.06169,0.0,0.0,0.0
2017-05-26 00:13:00+02:00,0.05501,0.0,0.0,0.0
2017-05-26 00:14:00+02:00,0.0519,0.0,0.0,0.0
2017-05-26 00:15:00+02:00,0.05469,0.0,0.0,0.0
2017-05-26 00:16:00+02:00,0.05576,0.0,0.0,0.0
2017-05-26 00:17:00+02:00,0.05592,0.0,0.0,0.0
2017-05-26 00:18:00+02:00,0.05561,0.0,0.0,0.0
2017-05-26 00:19:00+02:00,0.05184,0.0,0.0,0.0
2017-05-26 00:20:00+02:00,0.05172,0.0,0.0,0.0
2017-05-26 00:21:00+02:00,0.05435,0.0,0.0,0.0
2017-05-26 00:22:00+02:00,0.05501,0.0,0.0,0.0
2017-05-26 00:23:00+02:00,0.0539,0.0,0.0,0.0
2017-05-26 00:24:00+02:00,0.06101,0.0,0.0,0.0
2017-05-26 00:25:00+02:00,0.06469,0.0,0.0,0.0
2017-05-26 00:26:00+02:00,0.06135,0.0,0.0,0.0
2017-05-26 00:27:00+02:00,0.0639,0.0,0.0,0.0
2017-05-26 00:28:00+02:00,0.07012,0.0,0.0,0.0
2017-05-26 00:29:00+02:00,0.07081,0.0,0.0,0.0
2017-05-26 00:30:00+02:00,0.07039,0.0,0.0,0.0
2017-05-26 00:31:00+02:00,0.06846,0.0,0.0,0.0
2017-05-26 00:32:00+02:00,0.07126,0.0,0.0,0.0
2017-05-26 00:33:00+02:00,0.06477,0.0,0.0,0.0
2017-05-26 00:34:00+02:00,0.0676,0.0,0.0,0.0
2017-05-26 00:35:00+02:00,0.0535,0.0,0.0,0.0
2017-05-26 00:36:00+02:00,0.05518,0.0,0.0,0.0
2017-05-26 00:37:00+02:00,0.05224,0.0,0.0,0.0
2017-05-26 00:38:00+02:00,0.05281,0.0,0.0,0.0
2017-05-26 00:39:00+02:00,0.0628,0.0,0.0,0.0
2017-05-26 00:40:00+02:00,0.0628,0.0,0.0,0.0
2017-05-26 00:41:00+02:00,0.06197,0.0,0.0,0.0
2017-05-26 00:42:00+02:00,0.05446,0.0,0.0,0.0
2017-05-26 00:43:00+02:00,0.05509,0.0,0.0,0.0
2017-05-26 00:44:00+02:00,0.05282,0.0,0.0,0.0
2017-05-26 00:45:00+02:00,0.04618,0.0,0.0,0.0
2017-05-26 00:46:00+02:00,0.04445,0.0,0.0,0.0
2017-05-26 00:47:00+02:00,0.04868,0.0,0.0,0.0
2017-05-26 00:48:00+02:00,0.04616,0.0,0.0,0.0
2017-05-26 00:49:00+02:00,0.03996,0.0,0.0,0.0
2017-05-26 00:50:00+02:00,0.04406,0.0,0.0,0.0
2017-05-26 00:51:00+02:00,0.0414,0.0,0.0,0.0
2017-05-26 00:52:00+02:00,0.04276,0.0,0.0,0.0
2017-05-26 00:53:00+02:00,0.04142,0.0,0.0,0.0
2017-05-26 00:54:00+02:00,0.04183,0.0,0.0,0.0
2017-05-26 00:55:00+02:00,0.04768,0.0,0.0,0.0
2017-05-26 00:56:00+02:00,0.05119,0.0,0.0,0.0
2017-05-26 00:57:00+02:00,0.04446,0.0,0.0,0.0
2017-05-26 00:58:00+02:00,0.04161,0.0,0.0,0.0
2017-05-26 00:59:00+02:00,0.03947,0.0,0.0,0.0
2017-05-26 01:00:00+02:00,0.03983,0.0,0.0,0.0
2017-05-26 01:01:00+02:00,0.04522,0.0,0.0,0.0
2017-05-26 01:02:00+02:00,0.04998,0.0,0.0,0.0
2017-05-26 01:03:00+02:00,0.04847,0.0,0.0,0.0
2017-05-26 01:04:00+02:00,0.0495,0.0,0.0,0.0
2017-05-26 01:05:00+02:00,0.04797,0.0,0.0,0.0
2017-05-26 01:06:00+02:00,0.04773,0.0,0.0,0.0
2017-05-26 01:07:00+02:00,0.04872,0.0,0.0,0.0
2017-05-26 01:08:00+02:00,0.0506,0.0,0.0,0.0
2017-05-26 01:09:00+02:00,0.05091,0.0,0.0,0.0
2017-05-26 01:10:00+02:00,0.04915,0.0,0.0,0.0
2017-05-26 01:11:00+02:00,0.0486,0.0,0.0,0.0
2017-05-26 01:12:00+02:00,0.04452,0.0,0.0,0.0
2017-05-26 01:13:00+02:00,0.04562,0.0,0.0,0.0
2017-05-26 01:14:00+02:00,0.04233,0.0,0.0,0.0
2017-05-26 01:15:00+02:00,0.03792,0.0,0.0,0.0
2017-05-26 01:16:00+02:00,0.03691,0.0,0.0,0.0
2017-05-26 01:17:00+02:00,0.04047,0.0,0.0,0.0
2017-05-26 01:18:00+02:00,0.03812,0.0,0.0,0.0
2017-05-26 01:19:00+02:00,0.03847,0.0,0.0,0.0
2017-05-26 01:20:00+02:00,0.03747,0.0,0.0,0.0
2017-05-26 01:21:00+02:00,0.03526,0.0,0.0,0.0
2017-05-26 01:22:00+02:00,0.03278,0.0,0.0,0.0
2017-05-26 01:23:00+02:00,0.03476,0.0,0.0,0.0
2017-05-26 01:24:00+02:00,0.04066,0.0,0.0,0.0
2017-05-26 01:25:00+02:00,0.04153,0.0,0.0,0.0
2017-05-26 01:26:00+02:00,0.03928,0.0,0.0,0.0
2017-05-26 01:27:00+02:00,0.03544,0.0,0.0,0.0
2017-05-26 01:28:00+02:00,0.03492,0.0,0.0,0.0
2017-05-26 01:29:00+02:00,0.03509,0.0,0.0,0.0
2017-05-26 01:30:00+02:00,0.03401,0.0,0.0,0.0
2017-05-26 01:31:00+02:00,0.03237,0.0,0.0,0.0
2017-05-26 01:32:00+02:00,0.02902,0.0,0.0,0.0
2017-05-26 01:33:00+02:00,0.02895,0.0,0.0,0.0
2017-05-26 01:34:00+02:00,0.02805,0.0,0.0,0.0
2017-05-26 01:35:00+02:00,0.02852,0.0,0.0,0.0
2017-05-26 01:36:00+02:00,0.03039,0.0,0.0,0.0
2017-05-26 01:37:00+02:00,0.03326,0.0,0.0,0.0
2017-05-26 01:38:00+02:00,0.03161,0.0,0.0,0.0
2017-05-26 01:39:00+02:00,0.03161,0.0,0.0,0.0
2017-05-26 01:40:00+02:00,0.0339,0.0,0.0,0.0
2017-05-26 01:41:00+02:00,0.03219,0.0,0.0,0.0
2017-05-26 01:42:00+02:00,0.03288,0.0,0.0,0.0
2017-05-26 01:43:00+02:00,0.03329,0.0,0.0,0.0
2017-05-26 01:44:00+02:00,0.03415,0.0,0.0,0.0
2017-05-26 01:45:00+02:00,0.03355,0.0,0.0,0.0
2017-05-26 01:46:00+02:00,0.03233,0.0,0.0,0.0
2017-05-26 01:47:00+02:00,0.032,0.0,0.0,0.0
2017-05-26 01:48:00+02:00,0.03172,0.0,0.0,0.0
2017-05-26 01:49:00+02:00,0.03158,0.0,0.0,0.0
2017-05-26 01:50:00+02:00,0.03204,0.0,0.0,0.0
2017-05-26 01:51:00+02:00,0.03414,0.0,0.0,0.0
2017-05-26 01:52:00+02:00,0.03238,0.0,0.0,0.0
2017-05-26 01:53:00+02:00,0.03088,0.0,0.0,0.0
2017-05-26 01:54:00+02:00,0.03057,0.0,0.0,0.0
2017-05-26 01:55:00+02:00,0.03215,0.0,0.0,0.0
2017-05-26 01:56:00+02:00,0.03192,0.0,0.0,0.0
2017-05-26 01:57:00+02:00,0.03209,0.0,0.0,0.0
2017-05-26 01:58:00+02:00,0.03328,0.0,0.0,0.0
2017-05-26 01:59:00+02:00,0.03271,0.0,0.0,0.0
2017-05-26 02:00:00+02:00,0.0337,0.0,0.0,0.0
2017-05-26 02:01:00+02:00,0.03279,0.0,0.0,0.0
2017-05-26 02:02:00+02:00,0.0336,0.0,0.0,0.0
2017-05-26 02:03:00+02:00,0.03167,0.0,0.0,0.0
2017-05-26 02:04:00+02:00,0.03387,0.0,0.0,0.0
2017-05-26 02:05:00+02:00,0.0331,0.0,0.0,0.0
2017-05-26 02:06:00+02:00,0.03255,0.0,0.0,0.0
2017-05-26 02:07:00+02:00,0.03066,0.0,0.0,0.0
2017-05-26 02:08:00+02:00,0.03022,0.0,0.0,0.0
2017-05-26 02:09:00+02:00,0.02901,0.0,0.0,0.0
2017-05-26 02:10:00+02:00,0.03301,0.0,0.0,0.0
2017-05-26 02:11:00+02:00,0.03722,0.0,0.0,0.0
2017-05-26 02:12:00+02:00,0.03731,0.0,0.0,0.0
2017-05-26 02:13:00+02:00,0.03462,0.0,0.0,0.0
2017-05-26 02:14:00+02:00,0.03174,0.0,0.0,0.0
2017-05-26 02:15:00+02:00,0.03052,0.0,0.0,0.0
2017-05-26 02:16:00+02:00,0.02661,0.0,0.0,0.0
2017-05-26 02:17:00+02:00,0.03023,0.0,0.0,0.0
2017-05-26 02:18:00+02:00,0.02853,0.0,0.0,0.0
2017-05-26 02:19:00+02:00,0.02585,0.0,0.0,0.0
2017-05-26 02:20:00+02:00,0.02962,0.0,0.0,0.0
2017-05-26 02:21:00+02:00,0.03087,0.0,0.0,0.0
2017-05-26 02:22:00+02:00,0.02586,0.0,0.0,0.0
2017-05-26 02:23:00+02:00,0.02642,0.0,0.0,0.0
2017-05-26 02:24:00+02:00,0.02765,0.0,0.0,0.0
2017-05-26 02:25:00+02:00,0.0276,0.0,0.0,0.0
2017-05-26 02:26:00+02:00,0.02772,0.0,0.0,0.0
2017-05-26 02:27:00+02:00,0.02733,0.0,0.0,0.0
2017-05-26 02:28:00+02:00,0.02803,0.0,0.0,0.0
2017-05-26 02:29:00+02:00,0.02717,0.0,0.0,0.0
2017-05-26 02:30:00+02:00,0.02682,0.0,0.0,0.0
2017-05-26 02:31:00+02:00,0.02774,0.0,0.0,0.0
2017-05-26 02:32:00+02:00,0.02635,0.0,0.0,0.0
2017-05-26 02:33:00+02:00,0.02574,0.0,0.0,0.0
2017-05-26 02:34:00+02:00,0.02557,0.0,0.0,0.0
2017-05-26 02:35:00+02:00,0.02561,0.0,0.0,0.0
2017-05-26 02:36:00+02:00,0.02448,0.0,0.0,0.0
2017-05-26 02:37:00+02:00,0.02442,0.0,0.0,0.0
2017-05-26 02:38:00+02:00,0.02445,0.0,0.0,0.0
2017-05-26 02:39:00+02:00,0.02449,0.0,0.0,0.0
2017-05-26 02:40:00+02:00,0.02429,0.0,0.0,0.0
2017-05-26 02:41:00+02:00,0.02516,0.0,0.0,0.0
2017-05-26 02:42:00+02:00,0.02632,0.0,0.0,0.0
2017-05-26 02:43:00+02:00,0.02651,0.0,0.0,0.0
2017-05-26 02:44:00+02:00,0.02637,0.0,0.0,0.0
2017-05-26 02:45:00+02:00,0.02578,0.0,0.0,0.0
2017-05-26 02:46:00+02:00,0.0258,0.0,0.0,0.0
2017-05-26 02:47:00+02:00,0.02495,0.0,0.0,0.0
2017-05-26 02:48:00+02:00,0.02559,0.0,0.0,0.0
2017-05-26 02:49:00+02:00,0.02707,0.0,0.0,0.0
2017-05-26 02:50:00+02:00,0.02609,0.0,0.0,0.0
2017-05-26 02:51:00+02:00,0.02522,0.0,0.0,0.0
2017-05-26 02:52:00+02:00,0.02591,0.0,0.0,0.0
2017-05-26 02:53:00+02:00,0.02615,0.0,0.0,0.0
2017-05-26 02:54:00+02:00,0.0258,0.0,0.0,0.0
2017-05-26 02:55:00+02:00,0.03024,0.0,0.0,0.0
2017-05-26 02:56:00+02:00,0.02965,0.0,0.0,0.0
2017-05-26 02:57:00+02:00,0.02958,0.0,0.0,0.0
2017-05-26 02:58:00+02:00,0.02502,0.0,0.0,0.0
2017-05-26 02:59:00+02:00,0.02597,0.0,0.0,0.0
2017-05-26 03:00:00+02:00,0.02504,0.0,0.0,0.0
2017-05-26 03:01:00+02:00,0.02506,0.0,0.0,0.0
2017-05-26 03:02:00+02:00,0.02954,0.0,0.0,0.0
2017-05-26 03:03:00+02:00,0.03248,0.0,0.0,0.0
2017-05-26 03:04:00+02:00,0.0272,0.0,0.0,0.0
2017-05-26 03:05:00+02:00,0.02691,0.0,0.0,0.0
2017-05-26 03:06:00+02:00,0.02701,0.0,0.0,0.0
2017-05-26 03:07:00+02:00,0.02909,0.0,0.0,0.0
2017-05-26 03:08:00+02:00,0.02789,0.0,0.0,0.0
2017-05-26 03:09:00+02:00,0.02717,0.0,0.0,0.0
2017-05-26 03:10:00+02:00,0.0253,0.0,0.0,0.0
2017-05-26 03:11:00+02:00,0.0282,0.0,0.0,0.0
2017-05-26 03:12:00+02:00,0.02539,0.0,0.0,0.0
2017-05-26 03:13:00+02:00,0.02525,0.0,0.0,0.0
2017-05-26 03:14:00+02:00,0.02507,0.0,0.0,0.0
2017-05-26 03:15:00+02:00,0.02436,0.0,0.0,0.0
2017-05-26 03:16:00+02:00,0.02535,0.0,0.0,0.0
2017-05-26 03:17:00+02:00,0.03,0.0,0.0,0.0
2017-05-26 03:18:00+02:00,0.03038,0.0,0.0,0.0
2017-05-26 03:19:00+02:00,0.02537,0.0,0.0,0.0
2017-05-26 03:20:00+02:00,0.02611,0.0,0.0,0.0
2017-05-26 03:21:00+02:00,0.0262,0.0,0.0,0.0
2017-05-26 03:22:00+02:00,0.02767,0.0,0.0,0.0
2017-05-26 03:23:00+02:00,0.02787,0.0,0.0,0.0
2017-05-26 03:24:00+02:00,0.02982,0.0,0.0,0.0
2017-05-26 03:25:00+02:00,0.02861,0.0,0.0,0.0
2017-05-26 03:26:00+02:00,0.02857,0.0,0.0,0.0
2017-05-26 03:27:00+02:00,0.03038,0.0,0.0,0.0
2017-05-26 03:28:00+02:00,0.03051,0.0,0.0,0.0
2017-05-26 03:29:00+02:00,0.03109,0.0,0.0,0.0
2017-05-26 03:30:00+02:00,0.03049,0.0,0.0,0.0
2017-05-26 03:31:00+02:00,0.02885,0.0,0.0,0.0
2017-05-26 03:32:00+02:00,0.02903,0.0,0.0,0.0
2017-05-26 03:33:00+02:00,0.0281,0.0,0.0,0.0
2017-05-26 03:34:00+02:00,0.02767,0.0,0.0,0.0
2017-05-26 03:35:00+02:00,0.02782,0.0,0.0,0.0
2017-05-26 03:36:00+02:00,0.02705,0.0,0.0,0.0
2017-05-26 03:37:00+02:00,0.02973,0.0,0.0,0.0
2017-05-26 03:38:00+02:00,0.02813,0.0,0.0,0.0
2017-05-26 03:39:00+02:00,0.027,0.0,0.0,0.0
2017-05-26 03:40:00+02:00,0.02669,0.0,0.0,0.0
2017-05-26 03:41:00+02:00,0.02756,0.0,0.0,0.0
2017-05-26 03:42:00+02:00,0.02878,0.0,0.0,0.0
2017-05-26 03:43:00+02:00,0.03032,0.0,0.0,0.0
2017-05-26 03:44:00+02:00,0.02993,0.0,0.0,0.0
2017-05-26 03:45:00+02:00,0.02878,0.0,0.0,0.0
2017-05-26 03:46:00+02:00,0.02869,0.0,0.0,0.0
2017-05-26 03:47:00+02:00,0.02758,0.0,0.0,0.0
2017-05-26 03:48:00+02:00,0.02739,0.0,0.0,0.0
2017-05-26 03:49:00+02:00,0.02748,0.0,0.0,0.0
2017-05-26 03:50:00+02:00,0.02684,0.0,0.0,0.0
2017-05-26 03:51:00+02:00,0.02653,0.0,0.0,0.0
2017-05-26 03:52:00+02:00,0.02628,0.0,0.0,0.0
2017-05-26 03:53:00+02:00,0.02583,0.0,0.0,0.0
2017-05-26 03:54:00+02:00,0.02554,0.0,0.0,0.0
2017-05-26 03:55:00+02:00,0.02652,0.0,0.0,0.0
2017-05-26 03:56:00+02:00,0.02784,0.0,0.0,0.0
2017-05-26 03:57:00+02:00,0.02739,0.0,0.0,0.0
2017-05-26 03:58:00+02:00,0.02669,0.0,0.0,0.0
2017-05-26 03:59:00+02:00,0.02642,0.0,0.0,0.0
2017-05-26 04:00:00+02:00,0.02736,0.0,0.0,0.0
2017-05-26 04:01:00+02:00,0.02904,0.0,0.0,0.0
2017-05-26 04:02:00+02:00,0.02716,0.0,0.0,0.0
2017-05-26 04:03:00+02:00,0.02681,0.0,0.0,0.0
2017-05-26 04:04:00+02:00,0.02678,0.0,0.0,0.0
2017-05-26 04:05:00+02:00,0.02578,0.0,0.0,0.0
2017-05-26 04:06:00+02:00,0.02598,0.0,0.0,0.0
2017-05-26 04:07:00+02:00,0.0228,0.0,0.0,0.0
2017-05-26 04:08:00+02:00,0.02342,0.0,0.0,0.0
2017-05-26 04:09:00+02:00,0.02231,0.0,0.0,0.0
2017-05-26 04:10:00+02:00,0.0215,0.0,0.0,0.0
2017-05-26 04:11:00+02:00,0.02179,0.0,0.0,0.0
2017-05-26 04:12:00+02:00,0.02412,0.0,0.0,0.0
2017-05-26 04:13:00+02:00,0.02371,0.0,0.0,0.0
2017-05-26 04:14:00+02:00,0.02559,0.0,0.0,0.0
2017-05-26 04:15:00+02:00,0.03214,0.0,0.0,0.0
2017-05-26 04:16:00+02:00,0.02316,0.0,0.0,0.0
2017-05-26 04:17:00+02:00,0.02408,0.0,0.0,0.0
2017-05-26 04:18:00+02:00,0.02451,0.0,0.0,0.0
2017-05-26 04:19:00+02:00,0.02452,0.0,0.0,0.0
2017-05-26 04:20:00+02:00,0.02465,0.0,0.0,0.0
2017-05-26 04:21:00+02:00,0.02381,0.0,0.0,0.0
2017-05-26 04:22:00+02:00,0.0241,0.0,0.0,0.0
2017-05-26 04:23:00+02:00,0.02344,0.0,0.0,0.0
2017-05-26 04:24:00+02:00,0.02341,0.0,0.0,0.0
2017-05-26 04:25:00+02:00,0.02393,0.0,0.0,0.0
2017-05-26 04:26:00+02:00,0.02464,0.0,0.0,0.0
2017-05-26 04:27:00+02:00,0.02468,0.0,0.0,0.0
2017-05-26 04:28:00+02:00,0.02503,0.0,0.0,0.0
2017-05-26 04:29:00+02:00,0.02478,0.0,0.0,0.0
2017-05-26 04:30:00+02:00,0.0252,0.0,0.0,0.0
2017-05-26 04:31:00+02:00,0.02521,0.0,0.0,0.0
2017-05-26 04:32:00+02:00,0.02595,0.0,0.0,0.0
2017-05-26 04:33:00+02:00,0.02545,0.0,0.0,0.0
2017-05-26 04:34:00+02:00,0.02544,0.0,0.0,0.0
2017-05-26 04:35:00+02:00,0.0252,0.0,0.0,0.0
2017-05-26 04:36:00+02:00,0.02531,0.0,0.0,0.0
2017-05-26 04:37:00+02:00,0.02472,0.0,0.0,0.0
2017-05-26 04:38:00+02:00,0.02439,0.0,0.0,0.0
2017-05-26 04:39:00+02:00,0.02469,0.0,0.0,0.0
2017-05-26 04:40:00+02:00,0.02567,0.0,0.0,0.0
2017-05-26 04:41:00+02:00,0.02474,0.0,0.0,0.0
2017-05-26 04:42:00+02:00,0.02343,0.0,0.0,0.0
2017-05-26 04:43:00+02:00,0.02339,0.0,0.0,0.0
2017-05-26 04:44:00+02:00,0.02398,0.0,0.0,0.0
2017-05-26 04:45:00+02:00,0.0234,0.0,0.0,0.0
2017-05-26 04:46:00+02:00,0.02797,0.0,0.0,0.0
2017-05-26 04:47:00+02:00,0.02994,0.0,0.0,0.0
2017-05-26 04:48:00+02:00,0.02562,0.0,0.0,0.0
2017-05-26 04:49:00+02:00,0.0244,0.0,0.0,0.0
2017-05-26 04:50:00+02:00,0.02457,0.0,0.0,0.0
2017-05-26 04:51:00+02:00,0.02406,0.0,0.0,0.0
2017-05-26 04:52:00+02:00,0.02799,0.0,0.0,0.0
2017-05-26 04:53:00+02:00,0.03061,0.0,0.0,0.0
2017-05-26 04:54:00+02:00,0.02844,0.0,0.0,0.0
2017-05-26 04:55:00+02:00,0.02702,0.0,0.0,0.0
2017-05-26 04:56:00+02:00,0.02587,0.0,0.0,0.0
2017-05-26 04:57:00+02:00,0.02551,0.0,0.0,0.0
2017-05-26 04:58:00+02:00,0.02626,0.0,0.0,0.0
2017-05-26 04:59:00+02:00,0.02667,0.0,0.0,0.0
2017-05-26 05:00:00+02:00,0.02561,0.0,0.0,0.0
2017-05-26 05:01:00+02:00,0.02556,0.0,0.0,0.0
2017-05-26 05:02:00+02:00,0.02562,0.0,0.0,0.0
2017-05-26 05:03:00+02:00,0.02482,0.0,0.0,0.0
2017-05-26 05:04:00+02:00,0.02517,0.0,0.0,0.0
2017-05-26 05:05:00+02:00,0.0258,0.0,0.0,0.0
2017-05-26 05:06:00+02:00,0.02609,0.0,0.0,0.0
2017-05-26 05:07:00+02:00,0.02609,0.0,0.0,0.0
2017-05-26 05:08:00+02:00,0.02852,0.0,0.0,0.0
2017-05-26 05:09:00+02:00,0.03102,0.0,0.0,0.0
2017-05-26 05:10:00+02:00,0.03172,0.0,0.0,0.0
2017-05-26 05:11:00+02:00,0.02823,0.0,0.0,0.0
2017-05-26 05:12:00+02:00,0.02586,0.0,0.0,0.0
2017-05-26 05:13:00+02:00,0.02921,0.0,0.0,0.0
2017-05-26 05:14:00+02:00,0.02832,0.0,0.0,0.0
2017-05-26 05:15:00+02:00,0.02937,0.0,0.0,0.0
2017-05-26 05:16:00+02:00,0.02799,0.0,0.0,0.0
2017-05-26 05:17:00+02:00,0.02736,0.0,0.0,0.0
2017-05-26 05:18:00+02:00,0.026,0.0,0.0,0.0
2017-05-26 05:19:00+02:00,0.028,0.0,0.0,0.0
2017-05-26 05:20:00+02:00,0.02632,0.0,0.0,0.0
2017-05-26 05:21:00+02:00,0.02579,0.0,0.0,0.0
2017-05-26 05:22:00+02:00,0.02777,0.0,0.0,0.0
2017-05-26 05:23:00+02:00,0.02943,0.0,0.0,0.0
2017-05-26 05:24:00+02:00,0.02718,0.0,0.0,0.0
2017-05-26 05:25:00+02:00,0.02553,0.0,0.0,0.0
2017-05-26 05:26:00+02:00,0.02602,0.0,0.0,0.0
2017-05-26 05:27:00+02:00,0.026,0.0,0.0,0.0
2017-05-26 05:28:00+02:00,0.02684,0.0,0.0,0.0
2017-05-26 05:29:00+02:00,0.02884,0.0,0.0,0.0
2017-05-26 05:30:00+02:00,0.02735,0.000587,0.0,0.0
2017-05-26 05:31:00+02:00,0.02572,0.001138,0.0,0.0
2017-05-26 05:32:00+02:00,0.02778,0.001789,0.0,0.0
2017-05-26 05:33:00+02:00,0.02617,0.045175,0.0,0.0
2017-05-26 05:34:00+02:00,0.02714,0.050659,0.0,0.0
2017-05-26 05:35:00+02:00,0.02693,0.056221,0.0,0.0
2017-05-26 05:36:00+02:00,0.02639,0.062606,0.0,0.0
2017-05-26 05:37:00+02:00,0.02729,0.067549,0.0,0.0
2017-05-26 05:38:00+02:00,0.02717,0.072972,0.0,0.0
2017-05-26 05:39:00+02:00,0.02894,0.078698,0.0,0.0
2017-05-26 05:40:00+02:00,0.02977,0.084062,0.0,0.0
2017-05-26 05:41:00+02:00,0.02731,0.089314,0.0,0.0
2017-05-26 05:42:00+02:00,0.02782,0.094774,0.0,0.0
2017-05-26 05:43:00+02:00,0.02817,0.100181,0.0,0.0
2017-05-26 05:44:00+02:00,0.02772,0.10566,0.0,0.0
2017-05-26 05:45:00+02:00,0.0294,0.109798,0.0,0.0
2017-05-26 05:46:00+02:00,0.03165,0.113749,0.0,0.0
2017-05-26 05:47:00+02:00,0.03423,0.121925,0.0,0.0
2017-05-26 05:48:00+02:00,0.03521,0.125084,0.0,0.0
2017-05-26 05:49:00+02:00,0.03044,0.131764,0.0,0.0
2017-05-26 05:50:00+02:00,0.02899,0.136498,0.0,0.0
2017-05-26 05:51:00+02:00,0.02909,0.141469,0.0,0.0
2017-05-26 05:52:00+02:00,0.0298,0.145841,0.0,0.0
2017-05-26 05:53:00+02:00,0.02935,0.152447,0.0,0.0
2017-05-26 05:54:00+02:00,0.03028,0.159928,0.0,0.0
2017-05-26 05:55:00+02:00,0.03064,0.16684,0.0,0.0
2017-05-26 05:56:00+02:00,0.03049,0.168277,0.0,0.0
2017-05-26 05:57:00+02:00,0.03063,0.179969,0.0,0.0
2017-05-26 05:58:00+02:00,0.03025,0.187457,0.0,0.0
2017-05-26 05:59:00+02:00,0.03073,0.190094,0.0,0.0
2017-05-26 06:00:00+02:00,0.0329,0.190451,0.0,0.0
2017-05-26 06:01:00+02:00,0.03286,0.189558,0.0,0.0
2017-05-26 06:02:00+02:00,0.03252,0.178943,0.0,0.0
2017-05-26 06:03:00+02:00,0.03483,0.202187,0.0,0.0
2017-05-26 06:04:00+02:00,0.036,0.16776,0.0,0.0
2017-05-26 06:05:00+02:00,0.0326,0.209882,0.0,0.0
2017-05-26 06:06:00+02:00,0.03215,0.237242,0.0,0.0
2017-05-26 06:07:00+02:00,0.03075,0.219609,0.0,0.0
2017-05-26 06:08:00+02:00,0.03081,0.154303,0.0,0.0
2017-05-26 06:09:00+02:00,0.03353,0.194852,0.0,0.0
2017-05-26 06:10:00+02:00,0.03394,0.220882,0.0,0.0
2017-05-26 06:11:00+02:00,0.03298,0.199917,0.0,0.0
2017-05-26 06:12:00+02:00,0.03351,0.123923,0.0,0.0
2017-05-26 06:13:00+02:00,0.0356,0.144054,0.0,0.0
2017-05-26 06:14:00+02:00,0.03959,0.154728,0.0,0.0
2017-05-26 06:15:00+02:00,0.03382,0.128495,0.0,0.0
2017-05-26 06:16:00+02:00,0.03347,0.156029,0.0,0.0
2017-05-26 06:17:00+02:00,0.0316,0.180311,0.0,0.0
2017-05-26 06:18:00+02:00,0.03222,0.15926,0.0,0.0
2017-05-26 06:19:00+02:00,0.03028,0.159449,0.0,0.0
2017-05-26 06:20:00+02:00,0.0311,0.186818,0.0,0.0
2017-05-26 06:21:00+02:00,0.03112,0.198432,0.0,0.0
2017-05-26 06:22:00+02:00,0.03099,0.186214,0.0,0.0
2017-05-26 06:23:00+02:00,0.03114,0.199654,0.0,0.0
2017-05-26 06:24:00+02:00,0.0314,0.316584,0.0,0.0
2017-05-26 06:25:00+02:00,0.03395,0.289015,0.0,0.0
2017-05-26 06:26:00+02:00,0.03563,0.232168,0.0,0.0
2017-05-26 06:27:00+02:00,0.03697,0.215474,0.0,0.0
2017-05-26 06:28:00+02:00,0.03596,0.232105,0.0,0.0
2017-05-26 06:29:00+02:00,0.03848,0.316642,0.0,0.0
2017-05-26 06:30:00+02:00,0.03951,0.231946,0.0,0.0
2017-05-26 06:31:00+02:00,0.03973,0.244402,0.0,0.0
2017-05-26 06:32:00+02:00,0.03894,0.268859,0.0,0.0
2017-05-26 06:33:00+02:00,0.03916,0.26865,0.0,0.0
2017-05-26 06:34:00+02:00,0.03955,0.263939,0.0,0.0
2017-05-26 06:35:00+02:00,0.03937,0.261709,0.0,0.0
2017-05-26 06:36:00+02:00,0.04231,0.276163,0.0,0.0
2017-05-26 06:37:00+02:00,0.03605,0.279635,0.0,0.0
2017-05-26 06:38:00+02:00,0.03415,0.297009,0.0,0.0
2017-05-26 06:39:00+02:00,0.03422,0.28867,0.0,0.0
2017-05-26 06:40:00+02:00,0.03609,0.263657,0.0,0.0
2017-05-26 06:41:00+02:00,0.03502,0.246748,0.0,0.0
2017-05-26 06:42:00+02:00,0.03535,0.245489,0.0,0.0
2017-05-26 06:43:00+02:00,0.03535,0.233606,0.0,0.0
2017-05-26 06:44:00+02:00,0.03712,0.21663,0.0,0.0
2017-05-26 06:45:00+02:00,0.03892,0.214621,0.0,0.0
2017-05-26 06:46:00+02:00,0.04038,0.228166,0.0,0.0
2017-05-26 06:47:00+02:00,0.04161,0.192361,0.0,0.0
2017-05-26 06:48:00+02:00,0.04164,0.189587,0.0,0.0
2017-05-26 06:49:00+02:00,0.03736,0.19436,0.0,0.0
2017-05-26 06:50:00+02:00,0.03743,0.187288,0.0,0.0
2017-05-26 06:51:00+02:00,0.03792,0.189148,0.0,0.0
2017-05-26 06:52:00+02:00,0.03855,0.192971,0.0,0.0
2017-05-26 06:53:00+02:00,0.03743,0.191369,0.0,0.0
2017-05-26 06:54:00+02:00,0.03863,0.211576,0.0,0.0
2017-05-26 06:55:00+02:00,0.04109,0.204053,0.0,0.0
2017-05-26 06:56:00+02:00,0.04077,0.194726,0.0,0.0
2017-05-26 06:57:00+02:00,0.0408,0.191533,0.0,0.0
2017-05-26 06:58:00+02:00,0.04161,0.17642,0.0,0.0
2017-05-26 06:59:00+02:00,0.04154,0.177183,0.0,0.0
2017-05-26 07:00:00+02:00,0.04288,0.194193,0.0,0.0
2017-05-26 07:01:00+02:00,0.05334,0.186228,0.0,0.0
2017-05-26 07:02:00+02:00,0.06837,0.176411,0.0,0.0
2017-05-26 07:03:00+02:00,0.06956,0.154431,0.0,0.0
2017-05-26 07:04:00+02:00,0.06788,0.145384,0.0,0.0
2017-05-26 07:05:00+02:00,0.06448,0.154145,0.0,0.0
2017-05-26 07:06:00+02:00,0.06373,0.161365,0.0,0.0
2017-05-26 07:07:00+02:00,0.05557,0.149117,0.0,0.0
2017-05-26 07:08:00+02:00,0.06001,0.145242,0.0,0.0
2017-05-26 07:09:00+02:00,0.0607,0.156523,0.0,0.0
2017-05-26 07:10:00+02:00,0.05597,0.1829,0.0,0.0
2017-05-26 07:11:00+02:00,0.05454,0.164461,0.0,0.0
2017-05-26 07:12:00+02:00,0.05761,0.152147,0.0,0.0
2017-05-26 07:13:00+02:00,0.06416,0.180614,0.0,0.0
2017-05-26 07:14:00+02:00,0.06469,0.187668,0.0,0.0
2017-05-26 07:15:00+02:00,0.05435,0.171781,0.0,0.0
2017-05-26 07:16:00+02:00,0.05576,0.196076,0.0,0.0
2017-05-26 07:17:00+02:00,0.05831,0.201316,0.0,0.0
2017-05-26 07:18:00+02:00,0.06035,0.188683,0.0,0.0
2017-05-26 07:19:00+02:00,0.06197,0.198967,0.0,0.0
2017-05-26 07:20:00+02:00,0.067,0.201038,0.0,0.0
2017-05-26 07:21:00+02:00,0.07155,0.190107,0.0,0.0
2017-05-26 07:22:00+02:00,0.07489,0.206782,0.0,0.0
2017-05-26 07:23:00+02:00,0.07241,0.215069,0.0,0.0
2017-05-26 07:24:00+02:00,0.07319,0.198328,0.0,0.0
2017-05-26 07:25:00+02:00,0.07509,0.173489,0.0,0.0
2017-05-26 07:26:00+02:00,0.07576,0.17867,0.0,0.0
2017-05-26 07:27:00+02:00,0.08017,0.177244,0.0,0.0
2017-05-26 07:28:00+02:00,0.08067,0.17303,0.0,0.0
2017-05-26 07:29:00+02:00,0.08043,0.175311,0.0,0.0
2017-05-26 07:30:00+02:00,0.07979,0.175007,0.0,0.0
2017-05-26 07:31:00+02:00,0.07244,0.18099,0.0,0.0
2017-05-26 07:32:00+02:00,0.05944,0.169646,0.0,0.0
2017-05-26 07:33:00+02:00,0.05866,0.18131,0.0,0.0
2017-05-26 07:34:00+02:00,0.0626,0.178457,0.0,0.0
2017-05-26 07:35:00+02:00,0.07251,0.172795,0.0,0.0
2017-05-26 07:36:00+02:00,0.08105,0.176234,0.0,0.0
2017-05-26 07:37:00+02:00,0.08064,0.164741,0.0,0.0
2017-05-26 07:38:00+02:00,0.0748,0.19193,0.0,0.0
2017-05-26 07:39:00+02:00,0.07535,0.210125,0.0,0.0
2017-05-26 07:40:00+02:00,0.07338,0.188413,0.0,0.0
2017-05-26 07:41:00+02:00,0.07007,0.178162,0.0,0.0
2017-05-26 07:42:00+02:00,0.07492,0.169691,0.0,0.0
2017-05-26 07:43:00+02:00,0.07289,0.16659,0.0,0.0
2017-05-26 07:44:00+02:00,0.07507,0.174179,0.0,0.0
2017-05-26 07:45:00+02:00,0.07184,0.181003,0.0,0.0
2017-05-26 07:46:00+02:00,0.06815,0.173756,0.0,0.0
2017-05-26 07:47:00+02:00,0.06968,0.172649,0.0,0.0
2017-05-26 07:48:00+02:00,0.06728,0.15809,0.0,0.0
2017-05-26 07:49:00+02:00,0.06142,0.168293,0.0,0.0
2017-05-26 07:50:00+02:00,0.05969,0.188285,0.0,0.0
2017-05-26 07:51:00+02:00,0.06616,0.185375,0.0,0.0
2017-05-26 07:52:00+02:00,0.06495,0.19507,0.0,0.0
2017-05-26 07:53:00+02:00,0.05581,0.211271,0.0,0.0
2017-05-26 07:54:00+02:00,0.05332,0.206503,0.0,0.0
2017-05-26 07:55:00+02:00,0.05862,0.200831,0.0,0.0
2017-05-26 07:56:00+02:00,0.06123,0.197863,0.0,0.0
2017-05-26 07:57:00+02:00,0.06706,0.199462,0.0,0.0
2017-05-26 07:58:00+02:00,0.07191,0.215842,0.0,0.0
2017-05-26 07:59:00+02:00,0.07075,0.190013,0.0,0.0
2017-05-26 08:00:00+02:00,0.07358,0.183861,0.0,0.0
2017-05-26 08:01:00+02:00,0.07041,0.212904,0.0,0.0
2017-05-26 08:02:00+02:00,0.05962,0.228665,0.0,0.0
2017-05-26 08:03:00+02:00,0.05902,0.226046,0.0,0.0
2017-05-26 08:04:00+02:00,0.06081,0.195145,0.0,0.0
2017-05-26 08:05:00+02:00,0.06672,0.184052,0.0,0.0
2017-05-26 08:06:00+02:00,0.06682,0.196168,0.0,0.0
2017-05-26 08:07:00+02:00,0.07729,0.222311,0.0,0.0
2017-05-26 08:08:00+02:00,0.0745,0.209372,0.0,0.0
2017-05-26 08:09:00+02:00,0.0698,0.198796,0.0,0.0
2017-05-26 08:10:00+02:00,0.06936,0.194333,0.0,0.0
2017-05-26 08:11:00+02:00,0.06949,0.19366,0.0,0.0
2017-05-26 08:12:00+02:00,0.06837,0.190571,0.0,0.0
2017-05-26 08:13:00+02:00,0.06556,0.19379,0.0,0.0
2017-05-26 08:14:00+02:00,0.07176,0.199051,0.0,0.0
2017-05-26 08:15:00+02:00,0.06916,0.194906,0.0,0.0
2017-05-26 08:16:00+02:00,0.06427,0.195448,0.0,0.0
2017-05-26 08:17:00+02:00,0.0618,0.204611,0.0,0.0
2017-05-26 08:18:00+02:00,0.06187,0.205299,0.0,0.0
2017-05-26 08:19:00+02:00,0.06327,0.203065,0.0,0.0
2017-05-26 08:20:00+02:00,0.06433,0.202126,0.0,0.0
2017-05-26 08:21:00+02:00,0.06392,0.200214,0.0,0.0
2017-05-26 08:22:00+02:00,0.05595,0.202721,0.0,0.0
2017-05-26 08:23:00+02:00,0.05683,0.199841,0.0,0.0
2017-05-26 08:24:00+02:00,0.05543,0.20135,0.0,0.0
2017-05-26 08:25:00+02:00,0.05941,0.205861,0.0,0.0
2017-05-26 08:26:00+02:00,0.0591,0.218768,0.0,0.0
2017-05-26 08:27:00+02:00,0.04544,0.22813,0.0,0.0
2017-05-26 08:28:00+02:00,0.04544,0.224588,0.0,0.0
2017-05-26 08:29:00+02:00,0.0458,0.225275,0.0,0.0
2017-05-26 08:30:00+02:00,0.04423,0.221312,0.0,0.0
2017-05-26 08:31:00+02:00,0.04728,0.213284,0.0,0.0
2017-05-26 08:32:00+02:00,0.04885,0.212234,0.0,0.0
2017-05-26 08:33:00+02:00,0.04987,0.231727,0.0,0.0
2017-05-26 08:34:00+02:00,0.04923,0.247194,0.0,0.0
2017-05-26 08:35:00+02:00,0.04778,0.241016,0.0,0.0
2017-05-26 08:36:00+02:00,0.04806,0.231278,0.0,0.0
2017-05-26 08:37:00+02:00,0.05029,0.216713,0.0,0.0
2017-05-26 08:38:00+02:00,0.05548,0.211095,0.0,0.0
2017-05-26 08:39:00+02:00,0.05745,0.207274,0.0,0.0
2017-05-26 08:40:00+02:00,0.05488,0.218043,0.0,0.0
2017-05-26 08:41:00+02:00,0.0544,0.220136,0.0,0.0
2017-05-26 08:42:00+02:00,0.05414,0.226928,0.0,0.0
2017-05-26 08:43:00+02:00,0.04976,0.233993,0.0,0.0
2017-05-26 08:44:00+02:00,0.05016,0.23132,0.0,0.0
2017-05-26 08:45:00+02:00,0.04524,0.231736,0.0,0.0
2017-05-26 08:46:00+02:00,0.05022,0.232081,0.0,0.0
2017-05-26 08:47:00+02:00,0.05231,0.235161,0.0,0.0
2017-05-26 08:48:00+02:00,0.05651,0.241963,0.0,0.0
2017-05-26 08:49:00+02:00,0.04906,0.245032,0.0,0.0
2017-05-26 08:50:00+02:00,0.0545,0.242318,0.0,0.0
2017-05-26 08:51:00+02:00,0.05923,0.239393,0.0,0.0
2017-05-26 08:52:00+02:00,0.04846,0.22993,0.0,0.0
2017-05-26 08:53:00+02:00,0.04973,0.233206,0.0,0.0
2017-05-26 08:54:00+02:00,0.05283,0.252529,0.0,0.0
2017-05-26 08:55:00+02:00,0.04906,0.243025,0.0,0.0
2017-05-26 08:56:00+02:00,0.04905,0.2322,0.0,0.0
2017-05-26 08:57:00+02:00,0.05042,0.233159,0.0,0.0
2017-05-26 08:58:00+02:00,0.05102,0.22752,0.0,0.0
2017-05-26 08:59:00+02:00,0.04942,0.231883,0.0,0.0
2017-05-26 09:00:00+02:00,0.05049,0.240689,0.0,0.0
2017-05-26 09:01:00+02:00,0.05343,0.238739,0.0,0.0
2017-05-26 09:02:00+02:00,0.04806,0.260435,0.0,0.0
2017-05-26 09:03:00+02:00,0.04713,0.287921,0.0,0.0
2017-05-26 09:04:00+02:00,0.0477,0.276503,0.0,0.0
2017-05-26 09:05:00+02:00,0.04707,0.29203,0.0,0.0
2017-05-26 09:06:00+02:00,0.04746,0.302848,0.0,0.0
2017-05-26 09:07:00+02:00,0.04598,0.318625,0.0,0.0
2017-05-26 09:08:00+02:00,0.04653,0.287937,0.0,0.0
2017-05-26 09:09:00+02:00,0.05201,0.290947,0.0,0.0
2017-05-26 09:10:00+02:00,0.0516,0.292023,0.0,0.0
2017-05-26 09:11:00+02:00,0.0521,0.27513,0.0,0.0
2017-05-26 09:12:00+02:00,0.05469,0.275227,0.0,0.0
2017-05-26 09:13:00+02:00,0.05581,0.290984,0.0,0.0
2017-05-26 09:14:00+02:00,0.05703,0.284096,0.0,0.0
2017-05-26 09:15:00+02:00,0.05647,0.287498,0.0,0.0
2017-05-26 09:16:00+02:00,0.06264,0.322036,0.0,0.0
2017-05-26 09:17:00+02:00,0.05988,0.309604,0.0,0.0
2017-05-26 09:18:00+02:00,0.06331,0.284695,0.0,0.0
2017-05-26 09:19:00+02:00,0.06649,0.260701,0.0,0.0
2017-05-26 09:20:00+02:00,0.07019,0.266791,0.0,0.0
2017-05-26 09:21:00+02:00,0.06781,0.28847,0.0,0.0
2017-05-26 09:22:00+02:00,0.05756,0.294336,0.0,0.0
2017-05-26 09:23:00+02:00,0.05896,0.270009,0.0,0.0
2017-05-26 09:24:00+02:00,0.05811,0.263855,0.0,0.0
2017-05-26 09:25:00+02:00,0.05886,0.258844,0.0,0.0
2017-05-26 09:26:00+02:00,0.05992,0.264559,0.0,0.0
2017-05-26 09:27:00+02:00,0.06706,0.27315,0.0,0.0
2017-05-26 09:28:00+02:00,0.06317,0.271562,0.0,0.0
2017-05-26 09:29:00+02:00,0.06044,0.271168,0.0,0.0
2017-05-26 09:30:00+02:00,0.05871,0.274759,0.0,0.0
2017-05-26 09:31:00+02:00,0.06085,0.280127,0.0,0.0
2017-05-26 09:32:00+02:00,0.05479,0.300713,0.0,0.0
2017-05-26 09:33:00+02:00,0.05631,0.303185,0.0,0.0
2017-05-26 09:34:00+02:00,0.05276,0.308344,0.0,0.0
2017-05-26 09:35:00+02:00,0.05297,0.323901,0.0,0.0
2017-05-26 09:36:00+02:00,0.05295,0.327728,0.0,0.0
2017-05-26 09:37:00+02:00,0.05298,0.32459,0.0,0.0
2017-05-26 09:38:00+02:00,0.05344,0.333139,0.0,0.0
2017-05-26 09:39:00+02:00,0.05531,0.353338,0.0,0.0
2017-05-26 09:40:00+02:00,0.05267,0.340555,0.0,0.0
2017-05-26 09:41:00+02:00,0.05953,0.366158,0.0,0.0
2017-05-26 09:42:00+02:00,0.06757,0.407758,0.0,0.0
2017-05-26 09:43:00+02:00,0.06905,0.42842,0.0,0.0
2017-05-26 09:44:00+02:00,0.06973,0.424665,0.0,0.0
2017-05-26 09:45:00+02:00,0.06674,0.40061,0.0,0.0
2017-05-26 09:46:00+02:00,0.06428,0.407965,0.0,0.0
2017-05-26 09:47:00+02:00,0.05709,0.41841,0.0,0.0
2017-05-26 09:48:00+02:00,0.04698,0.472144,0.0,0.0
2017-05-26 09:49:00+02:00,0.04485,0.530323,0.0,0.0
2017-05-26 09:50:00+02:00,0.04617,0.527783,0.0,0.0
2017-05-26 09:51:00+02:00,0.05034,0.533234,0.0,0.0
2017-05-26 09:52:00+02:00,0.04889,0.577289,0.0,0.0
2017-05-26 09:53:00+02:00,0.05341,0.573754,0.0,0.0
2017-05-26 09:54:00+02:00,0.05508,0.548158,0.0,0.0
2017-05-26 09:55:00+02:00,0.05738,0.592135,0.0,0.0
2017-05-26 09:56:00+02:00,0.05907,0.50267,0.0,0.0
2017-05-26 09:57:00+02:00,0.06043,0.442427,0.0,0.0
2017-05-26 09:58:00+02:00,0.06073,0.415217,0.0,0.0
2017-05-26 09:59:00+02:00,0.06804,0.442114,0.0,0.0
2017-05-26 10:00:00+02:00,0.06435,0.473729,0.0,0.0
2017-05-26 10:01:00+02:00,0.06212,0.440995,0.0,0.0
2017-05-26 10:02:00+02:00,0.05233,0.473627,0.0,0.0
2017-05-26 10:03:00+02:00,0.05338,0.463637,0.0,0.0
2017-05-26 10:04:00+02:00,0.05335,0.44237,0.0,0.0
2017-05-26 10:05:00+02:00,0.05454,0.431797,0.0,0.0
2017-05-26 10:06:00+02:00,0.05426,0.419825,0.0,0.0
2017-05-26 10:07:00+02:00,0.0555,0.445279,0.0,0.0
2017-05-26 10:08:00+02:00,0.05342,0.458483,0.0,0.0
2017-05-26 10:09:00+02:00,0.05431,0.450882,0.0,0.0
2017-05-26 10:10:00+02:00,0.0608,0.462235,0.0,0.0
2017-05-26 10:11:00+02:00,0.05701,0.525006,0.0,0.0
2017-05-26 10:12:00+02:00,0.05612,0.543722,0.0,0.0
2017-05-26 10:13:00+02:00,0.05421,0.559004,0.0,0.0
2017-05-26 10:14:00+02:00,0.05626,0.540743,0.0,0.0
2017-05-26 10:15:00+02:00,0.05861,0.518386,0.0,0.0
2017-05-26 10:16:00+02:00,0.05809,0.543249,0.0,0.0
2017-05-26 10:17:00+02:00,0.06089,0.599497,0.0,0.0
2017-05-26 10:18:00+02:00,0.06047,0.613024,0.0,0.0
2017-05-26 10:19:00+02:00,0.05798,0.550489,0.0,0.0
2017-05-26 10:20:00+02:00,0.05856,0.535606,0.0,0.0
2017-05-26 10:21:00+02:00,0.05713,0.613111,0.0,0.0
2017-05-26 10:22:00+02:00,0.05056,0.74475,0.0,0.0
2017-05-26 10:23:00+02:00,0.04232,0.723962,0.0,0.0
2017-05-26 10:24:00+02:00,0.048,0.71498,0.0,0.0
2017-05-26 10:25:00+02:00,0.05087,0.832667,0.0,0.0
2017-05-26 10:26:00+02:00,0.04836,0.826844,0.0,0.0
2017-05-26 10:27:00+02:00,0.04739,0.735682,0.0,0.0
2017-05-26 10:28:00+02:00,0.04854,0.76457,0.0,0.0
2017-05-26 10:29:00+02:00,0.04847,0.763094,0.0,0.0
2017-05-26 10:30:00+02:00,0.05583,0.759915,0.0,0.0
2017-05-26 10:31:00+02:00,0.05763,0.894701,0.0,0.0
2017-05-26 10:32:00+02:00,0.05915,0.847417,0.0,0.0
2017-05-26 10:33:00+02:00,0.05439,0.741753,0.0,0.0
2017-05-26 10:34:00+02:00,0.05095,0.733876,0.0,0.0
2017-05-26 10:35:00+02:00,0.05047,0.824216,0.0,0.0
2017-05-26 10:36:00+02:00,0.0493,0.887944,0.0,0.0
2017-05-26 10:37:00+02:00,0.05013,0.951905,0.0,0.0
2017-05-26 10:38:00+02:00,0.05059,1.48631,0.0,0.0
2017-05-26 10:39:00+02:00,0.05088,1.175506,0.0,0.0
2017-05-26 10:40:00+02:00,0.05642,1.376356,0.0,0.0
2017-05-26 10:41:00+02:00,0.06378,1.041489,0.0,0.0
2017-05-26 10:42:00+02:00,0.05946,0.932616,0.0,0.0
2017-05-26 10:43:00+02:00,0.05916,1.010318,0.0,0.0
2017-05-26 10:44:00+02:00,0.06146,1.113779,0.0,0.0
2017-05-26 10:45:00+02:00,0.05626,1.018955,0.0,0.0
2017-05-26 10:46:00+02:00,0.05361,1.139031,0.0,0.0
2017-05-26 10:47:00+02:00,0.05012,1.664077,0.0,0.0
2017-05-26 10:48:00+02:00,0.0595,2.114617,0.0,0.0
2017-05-26 10:49:00+02:00,0.05487,1.832652,0.0,0.0
2017-05-26 10:50:00+02:00,0.05086,1.290188,0.0,0.0
2017-05-26 10:51:00+02:00,0.04949,1.774901,0.0,0.0
2017-05-26 10:52:00+02:00,0.0487,2.21659,0.0,0.0
2017-05-26 10:53:00+02:00,0.0458,1.569438,0.0,0.0
2017-05-26 10:54:00+02:00,0.04573,1.240267,0.0,0.0
2017-05-26 10:55:00+02:00,0.04184,1.488787,0.0,0.0
2017-05-26 10:56:00+02:00,0.04507,1.24128,0.0,0.0
2017-05-26 10:57:00+02:00,0.04653,1.029699,0.0,0.0
2017-05-26 10:58:00+02:00,0.04643,0.929599,0.0,0.0
2017-05-26 10:59:00+02:00,0.04753,0.963065,0.0,0.0
2017-05-26 11:00:00+02:00,0.05243,0.962825,0.0,0.0
2017-05-26 11:01:00+02:00,0.05141,0.957856,0.0,0.0
2017-05-26 11:02:00+02:00,0.04528,1.002541,0.0,0.0
2017-05-26 11:03:00+02:00,0.04742,1.211245,0.0,0.0
2017-05-26 11:04:00+02:00,0.05008,1.09688,0.0,0.0
2017-05-26 11:05:00+02:00,0.04376,1.089605,0.0,0.0
2017-05-26 11:06:00+02:00,0.04164,1.005493,0.0,0.0
2017-05-26 11:07:00+02:00,0.04355,0.943232,0.0,0.0
2017-05-26 11:08:00+02:00,0.0447,0.942863,0.0,0.0
2017-05-26 11:09:00+02:00,0.04474,1.173062,0.0,0.0
2017-05-26 11:10:00+02:00,0.04339,1.022389,0.0,0.0
2017-05-26 11:11:00+02:00,0.04058,0.982028,0.0,0.0
2017-05-26 11:12:00+02:00,0.04313,0.962239,0.0,0.0
2017-05-26 11:13:00+02:00,0.04129,0.998212,0.0,0.0
2017-05-26 11:14:00+02:00,0.04145,1.065578,0.0,0.0
2017-05-26 11:15:00+02:00,0.04357,1.159666,0.0,0.0
2017-05-26 11:16:00+02:00,0.04307,1.09267,0.0,0.0
2017-05-26 11:17:00+02:00,0.04347,1.064641,0.0,0.0
2017-05-26 11:18:00+02:00,0.04547,1.030282,0.0,0.0
2017-05-26 11:19:00+02:00,0.04464,0.989041,0.0,0.0
2017-05-26 11:20:00+02:00,0.04572,0.947389,0.0,0.0
2017-05-26 11:21:00+02:00,0.04173,0.991215,0.0,0.0
2017-05-26 11:22:00+02:00,0.04766,1.295239,0.0,0.0
2017-05-26 11:23:00+02:00,0.04851,1.64642,0.0,0.0
2017-05-26 11:24:00+02:00,0.04818,1.65307,0.0,0.0
2017-05-26 11:25:00+02:00,0.04903,1.882028,0.0,0.0
2017-05-26 11:26:00+02:00,0.0479,1.212547,0.0,0.0
2017-05-26 11:27:00+02:00,0.05006,1.139618,0.0,0.0
2017-05-26 11:28:00+02:00,0.05098,1.120412,0.0,0.0
2017-05-26 11:29:00+02:00,0.05411,1.163263,0.0,0.0
2017-05-26 11:30:00+02:00,0.04426,1.196773,0.0,0.0
2017-05-26 11:31:00+02:00,0.04487,1.157476,0.0,0.0
2017-05-26 11:32:00+02:00,0.0443,1.090933,0.0,0.0
2017-05-26 11:33:00+02:00,0.04528,1.284898,0.0,0.0
2017-05-26 11:34:00+02:00,0.04508,1.207867,0.0,0.0
2017-05-26 11:35:00+02:00,0.04331,1.515258,0.0,0.0
2017-05-26 11:36:00+02:00,0.04556,1.355125,0.0,0.0
2017-05-26 11:37:00+02:00,0.04061,1.314308,0.0,0.0
2017-05-26 11:38:00+02:00,0.03785,1.476648,0.0,0.0
2017-05-26 11:39:00+02:00,0.03871,1.337143,0.0,0.0
2017-05-26 11:40:00+02:00,0.04055,2.057803,0.0,0.0
2017-05-26 11:41:00+02:00,0.04052,1.538991,0.0,0.0
2017-05-26 11:42:00+02:00,0.04055,1.371323,0.0,0.0
2017-05-26 11:43:00+02:00,0.04156,1.196044,0.0,0.0
2017-05-26 11:44:00+02:00,0.04215,2.132114,0.0,0.0
2017-05-26 11:45:00+02:00,0.04967,2.285712,0.0,0.0
2017-05-26 11:46:00+02:00,0.05141,2.177534,0.0,0.0
2017-05-26 11:47:00+02:00,0.04415,2.347999,0.0,0.0
2017-05-26 11:48:00+02:00,0.04432,1.785613,0.0,0.0
2017-05-26 11:49:00+02:00,0.04602,2.118127,0.0,0.0
2017-05-26 11:50:00+02:00,0.05072,2.258896,0.0,0.0
2017-05-26 11:51:00+02:00,0.0518,2.37168,0.0,0.0
2017-05-26 11:52:00+02:00,0.04773,2.396399,0.0,0.0
2017-05-26 11:53:00+02:00,0.04415,1.660554,0.0,0.0
2017-05-26 11:54:00+02:00,0.04794,1.749172,0.0,0.0
2017-05-26 11:55:00+02:00,0.05213,2.088562,0.0,0.0
2017-05-26 11:56:00+02:00,0.04938,2.333592,0.0,0.0
2017-05-26 11:57:00+02:00,0.0484,2.291044,0.0,0.0
2017-05-26 11:58:00+02:00,0.0451,2.277355,0.0,0.0
2017-05-26 11:59:00+02:00,0.0406,2.32762,0.0,0.0
2017-05-26 12:00:00+02:00,0.04195,2.090315,0.0,0.0
2017-05-26 12:01:00+02:00,0.04043,1.550273,0.0,0.0
2017-05-26 12:02:00+02:00,0.04201,1.539374,0.0,0.0
2017-05-26 12:03:00+02:00,0.04286,2.160997,0.0,0.0
2017-05-26 12:04:00+02:00,0.04452,2.20628,0.0,0.0
2017-05-26 12:05:00+02:00,0.04136,1.920611,0.0,0.0
2017-05-26 12:06:00+02:00,0.03722,2.071001,0.0,0.0
2017-05-26 12:07:00+02:00,0.03799,1.3259,0.0,0.0
2017-05-26 12:08:00+02:00,0.03699,1.057658,0.0,0.0
2017-05-26 12:09:00+02:00,0.03742,1.472071,0.0,0.0
2017-05-26 12:10:00+02:00,0.03842,0.914051,0.0,0.0
2017-05-26 12:11:00+02:00,0.0379,1.788093,0.0,0.0
2017-05-26 12:12:00+02:00,0.03933,2.308169,0.0,0.0
2017-05-26 12:13:00+02:00,0.0465,1.729255,0.0,0.0
2017-05-26 12:14:00+02:00,0.04727,0.886126,0.0,0.0
2017-05-26 12:15:00+02:00,0.04505,1.546697,0.0,0.0
2017-05-26 12:16:00+02:00,0.04711,1.930072,0.0,0.0
2017-05-26 12:17:00+02:00,0.04649,2.253319,0.0,0.0
2017-05-26 12:18:00+02:00,0.04527,2.315725,0.0,0.0
2017-05-26 12:19:00+02:00,0.05126,2.327008,0.0,0.0
2017-05-26 12:20:00+02:00,0.05335,2.341746,0.0,0.0
2017-05-26 12:21:00+02:00,0.04937,2.049572,0.0,0.0
2017-05-26 12:22:00+02:00,0.04519,1.42108,0.0,0.0
2017-05-26 12:23:00+02:00,0.04569,1.614058,0.0,0.0
2017-05-26 12:24:00+02:00,0.04726,1.872655,0.0,0.0
2017-05-26 12:25:00+02:00,0.04224,1.171354,0.0,0.0
2017-05-26 12:26:00+02:00,0.04118,1.490072,0.0,0.0
2017-05-26 12:27:00+02:00,0.04436,1.869858,0.0,0.0
2017-05-26 12:28:00+02:00,0.04584,2.192486,0.0,0.0
2017-05-26 12:29:00+02:00,0.04492,2.2473,0.0,0.0
2017-05-26 12:30:00+02:00,0.04291,1.759399,0.0,0.0
2017-05-26 12:31:00+02:00,0.04361,2.109119,0.0,0.0
2017-05-26 12:32:00+02:00,0.04414,2.188964,0.0,0.0
2017-05-26 12:33:00+02:00,0.04214,2.190767,0.0,0.0
2017-05-26 12:34:00+02:00,0.04639,2.214227,0.0,0.0
2017-05-26 12:35:00+02:00,0.04723,2.242546,0.0,0.0
2017-05-26 12:36:00+02:00,0.04577,2.255047,0.0,0.0
2017-05-26 12:37:00+02:00,0.04435,2.265707,0.0,0.0
2017-05-26 12:38:00+02:00,0.04706,2.250864,0.0,0.0
2017-05-26 12:39:00+02:00,0.04748,2.035676,0.0,0.0
2017-05-26 12:40:00+02:00,0.04431,1.899731,0.0,0.0
2017-05-26 12:41:00+02:00,0.04393,2.188861,0.0,0.0
2017-05-26 12:42:00+02:00,0.04828,1.912577,0.0,0.0
2017-05-26 12:43:00+02:00,0.04475,2.038957,0.0,0.0
2017-05-26 12:44:00+02:00,0.0423,2.145213,0.0,0.0
2017-05-26 12:45:00+02:00,0.05069,1.907496,0.0,0.0
2017-05-26 12:46:00+02:00,0.05159,1.17428,0.0,0.0
2017-05-26 12:47:00+02:00,0.05419,0.839009,0.0,0.0
2017-05-26 12:48:00+02:00,0.05754,2.033012,0.0,0.0
2017-05-26 12:49:00+02:00,0.05684,1.723509,0.0,0.0
2017-05-26 12:50:00+02:00,0.04685,1.574833,0.0,0.0
2017-05-26 12:51:00+02:00,0.04637,1.942558,0.0,0.0
2017-05-26 12:52:00+02:00,0.04782,2.16765,0.0,0.0
2017-05-26 12:53:00+02:00,0.04801,2.129119,0.0,0.0
2017-05-26 12:54:00+02:00,0.04397,2.12175,0.0,0.0
2017-05-26 12:55:00+02:00,0.03925,2.132298,0.0,0.0
2017-05-26 12:56:00+02:00,0.04444,2.144504,0.0,0.0
2017-05-26 12:57:00+02:00,0.04042,2.133353,0.0,0.0
2017-05-26 12:58:00+02:00,0.03953,2.133828,0.0,0.0
2017-05-26 12:59:00+02:00,0.03789,2.128106,0.0,0.0
2017-05-26 13:00:00+02:00,0.04739,2.121748,0.0,0.0
2017-05-26 13:01:00+02:00,0.0569,2.14011,0.0,0.0
2017-05-26 13:02:00+02:00,0.0531,2.044336,0.0,0.0
2017-05-26 13:03:00+02:00,0.05436,2.128894,0.0,0.0
2017-05-26 13:04:00+02:00,0.05329,2.137234,0.0,0.0
2017-05-26 13:05:00+02:00,0.05316,2.160076,0.0,0.0
2017-05-26 13:06:00+02:00,0.04629,2.209509,0.0,0.0
2017-05-26 13:07:00+02:00,0.04364,2.201648,0.0,0.0
2017-05-26 13:08:00+02:00,0.04793,2.170355,0.0,0.0
2017-05-26 13:09:00+02:00,0.05445,2.191064,0.0,0.0
2017-05-26 13:10:00+02:00,0.05806,1.626908,0.0,0.0
2017-05-26 13:11:00+02:00,0.06295,0.895777,0.0,0.0
2017-05-26 13:12:00+02:00,0.06008,1.388223,0.0,0.0
2017-05-26 13:13:00+02:00,0.05415,2.227412,0.0,0.0
2017-05-26 13:14:00+02:00,0.05196,2.1951,0.0,0.0
2017-05-26 13:15:00+02:00,0.05237,2.200077,0.0,0.0
2017-05-26 13:16:00+02:00,0.04975,1.979395,0.0,0.0
2017-05-26 13:17:00+02:00,0.05414,1.973005,0.0,0.0
2017-05-26 13:18:00+02:00,0.05017,0.927421,0.0,0.0
2017-05-26 13:19:00+02:00,0.0458,0.993049,0.0,0.0
2017-05-26 13:20:00+02:00,0.04696,0.676305,0.0,0.0
2017-05-26 13:21:00+02:00,0.0449,0.603205,0.0,0.0
2017-05-26 13:22:00+02:00,0.04081,2.125094,0.0,0.0
2017-05-26 13:23:00+02:00,0.04083,2.141919,0.0,0.0
2017-05-26 13:24:00+02:00,0.04286,2.21281,0.0,0.0
2017-05-26 13:25:00+02:00,0.04153,1.767965,0.0,0.0
2017-05-26 13:26:00+02:00,0.04232,1.549048,0.0,0.0
2017-05-26 13:27:00+02:00,0.04181,1.719887,0.0,0.0
2017-05-26 13:28:00+02:00,0.04054,2.068618,0.0,0.0
2017-05-26 13:29:00+02:00,0.04364,2.180848,0.0,0.0
2017-05-26 13:30:00+02:00,0.04327,2.189219,0.0,0.0
2017-05-26 13:31:00+02:00,0.05197,1.846863,0.0,0.0
2017-05-26 13:32:00+02:00,0.05084,0.780655,0.0,0.0
2017-05-26 13:33:00+02:00,0.05043,0.633301,0.0,0.0
2017-05-26 13:34:00+02:00,0.04736,1.331523,0.0,0.0
2017-05-26 13:35:00+02:00,0.04261,2.275637,0.0,0.0
2017-05-26 13:36:00+02:00,0.04308,2.287946,0.0,0.0
2017-05-26 13:37:00+02:00,0.0436,2.312642,0.0,0.0
2017-05-26 13:38:00+02:00,0.04559,2.304772,0.0,0.0
2017-05-26 13:39:00+02:00,0.04643,2.365234,0.0,0.0
2017-05-26 13:40:00+02:00,0.04624,2.337908,0.0,0.0
2017-05-26 13:41:00+02:00,0.05218,2.124637,0.0,0.0
2017-05-26 13:42:00+02:00,0.04844,2.331234,0.0,0.0
2017-05-26 13:43:00+02:00,0.04319,2.338699,0.0,0.0
2017-05-26 13:44:00+02:00,0.03898,2.321177,0.0,0.0
2017-05-26 13:45:00+02:00,0.04063,2.130318,0.0,0.0
2017-05-26 13:46:00+02:00,0.0425,1.938973,0.0,0.0
2017-05-26 13:47:00+02:00,0.04592,2.276881,0.0,0.0
2017-05-26 13:48:00+02:00,0.04768,2.27779,0.0,0.0
2017-05-26 13:49:00+02:00,0.0526,2.058817,0.0,0.0
2017-05-26 13:50:00+02:00,0.0543,0.87138,0.0,0.0
2017-05-26 13:51:00+02:00,0.05218,0.759019,0.0,0.0
2017-05-26 13:52:00+02:00,0.05445,0.728138,0.0,0.0
2017-05-26 13:53:00+02:00,0.05366,0.842182,0.0,0.0
2017-05-26 13:54:00+02:00,0.05602,1.96087,0.0,0.0
2017-05-26 13:55:00+02:00,0.05506,2.258854,0.0,0.0
2017-05-26 13:56:00+02:00,0.05584,2.253481,0.0,0.0
2017-05-26 13:57:00+02:00,0.05614,2.255933,0.0,0.0
2017-05-26 13:58:00+02:00,0.06004,2.250527,0.0,0.0
2017-05-26 13:59:00+02:00,0.04884,2.242278,0.0,0.0
2017-05-26 14:00:00+02:00,0.04067,2.22399,0.0,0.0
2017-05-26 14:01:00+02:00,0.03867,2.159559,0.0,0.0
2017-05-26 14:02:00+02:00,0.03931,2.23083,0.0,0.0
2017-05-26 14:03:00+02:00,0.04013,2.146122,0.0,0.0
2017-05-26 14:04:00+02:00,0.04146,2.140646,0.0,0.0
2017-05-26 14:05:00+02:00,0.03996,1.782014,0.0,0.0
2017-05-26 14:06:00+02:00,0.03923,1.749452,0.0,0.0
2017-05-26 14:07:00+02:00,0.04467,1.819861,0.0,0.0
2017-05-26 14:08:00+02:00,0.04874,2.107166,0.0,0.0
2017-05-26 14:09:00+02:00,0.04995,2.07729,0.0,0.0
2017-05-26 14:10:00+02:00,0.04798,2.053274,0.0,0.0
2017-05-26 14:11:00+02:00,0.0443,2.042123,0.0,0.0
2017-05-26 14:12:00+02:00,0.04699,2.038433,0.0,0.0
2017-05-26 14:13:00+02:00,0.04795,2.027219,0.0,0.0
2017-05-26 14:14:00+02:00,0.0422,2.017359,0.0,0.0
2017-05-26 14:15:00+02:00,0.04569,2.035274,0.0,0.0
2017-05-26 14:16:00+02:00,0.04868,2.034594,0.0,0.0
2017-05-26 14:17:00+02:00,0.04494,2.023398,0.0,0.0
2017-05-26 14:18:00+02:00,0.0433,1.968617,0.0,0.0
2017-05-26 14:19:00+02:00,0.04206,2.007869,0.0,0.0
2017-05-26 14:20:00+02:00,0.04199,2.016664,0.0,0.0
2017-05-26 14:21:00+02:00,0.04453,2.009279,0.0,0.0
2017-05-26 14:22:00+02:00,0.04419,2.017409,0.0,0.0
2017-05-26 14:23:00+02:00,0.04363,2.054142,0.0,0.0
2017-05-26 14:24:00+02:00,0.0445,2.078145,0.0,0.0
2017-05-26 14:25:00+02:00,0.04648,2.089499,0.0,0.0
2017-05-26 14:26:00+02:00,0.047,2.106457,0.0,0.0
2017-05-26 14:27:00+02:00,0.04548,2.129353,0.0,0.0
2017-05-26 14:28:00+02:00,0.04965,2.140421,0.0,0.0
2017-05-26 14:29:00+02:00,0.05013,2.113094,0.0,0.0
2017-05-26 14:30:00+02:00,0.04798,1.520017,0.0,0.0
2017-05-26 14:31:00+02:00,0.04856,0.689108,0.0,0.0
2017-05-26 14:32:00+02:00,0.04733,1.276029,0.0,0.0
2017-05-26 14:33:00+02:00,0.04653,2.0203,0.0,0.0
2017-05-26 14:34:00+02:00,0.04769,0.942858,0.0,0.0
2017-05-26 14:35:00+02:00,0.05254,1.433171,0.0,0.0
2017-05-26 14:36:00+02:00,0.0514,2.042077,0.0,0.0
2017-05-26 14:37:00+02:00,0.05137,2.049766,0.0,0.0
2017-05-26 14:38:00+02:00,0.04826,2.065109,0.0,0.0
2017-05-26 14:39:00+02:00,0.04444,2.07594,0.0,0.0
2017-05-26 14:40:00+02:00,0.04336,2.079333,0.0,0.0
2017-05-26 14:41:00+02:00,0.04753,2.08971,0.0,0.0
2017-05-26 14:42:00+02:00,0.04627,2.117903,0.0,0.0
2017-05-26 14:43:00+02:00,0.04377,2.13923,0.0,0.0
2017-05-26 14:44:00+02:00,0.04395,2.199143,0.0,0.0
2017-05-26 14:45:00+02:00,0.04846,2.067656,0.0,0.0
2017-05-26 14:46:00+02:00,0.05195,1.643152,0.0,0.0
2017-05-26 14:47:00+02:00,0.05254,1.557711,0.0,0.0
2017-05-26 14:48:00+02:00,0.05119,2.183366,0.0,0.0
2017-05-26 14:49:00+02:00,0.04747,1.580274,0.0,0.0
2017-05-26 14:50:00+02:00,0.04936,1.516788,0.0,0.0
2017-05-26 14:51:00+02:00,0.05178,1.254451,0.0,0.0
2017-05-26 14:52:00+02:00,0.0543,2.155127,0.0,0.0
2017-05-26 14:53:00+02:00,0.05338,2.19346,0.0,0.0
2017-05-26 14:54:00+02:00,0.05471,2.156612,0.0,0.0
2017-05-26 14:55:00+02:00,0.05951,2.122243,0.0,0.0
2017-05-26 14:56:00+02:00,0.04897,2.122547,0.0,0.0
2017-05-26 14:57:00+02:00,0.04392,2.151135,0.0,0.0
2017-05-26 14:58:00+02:00,0.04454,2.170606,0.0,0.0
2017-05-26 14:59:00+02:00,0.05674,1.987265,0.0,0.0
2017-05-26 15:00:00+02:00,0.05036,0.752609,0.0,0.0
2017-05-26 15:01:00+02:00,0.04486,0.681851,0.0,0.0
2017-05-26 15:02:00+02:00,0.04569,0.715257,0.0,0.0
2017-05-26 15:03:00+02:00,0.04627,0.783697,0.0,0.0
2017-05-26 15:04:00+02:00,0.04708,1.02847,0.0,0.0
2017-05-26 15:05:00+02:00,0.0476,1.13814,0.0,0.0
2017-05-26 15:06:00+02:00,0.04589,1.172669,0.0,0.0
2017-05-26 15:07:00+02:00,0.04492,1.267837,0.0,0.0
2017-05-26 15:08:00+02:00,0.04343,1.228779,0.0,0.0
2017-05-26 15:09:00+02:00,0.04509,0.665235,0.0,0.0
2017-05-26 15:10:00+02:00,0.04422,0.666538,0.0,0.0
2017-05-26 15:11:00+02:00,0.04393,0.711236,0.0,0.0
2017-05-26 15:12:00+02:00,0.04326,0.716571,0.0,0.0
2017-05-26 15:13:00+02:00,0.04277,0.690406,0.0,0.0
2017-05-26 15:14:00+02:00,0.04451,0.658966,0.0,0.0
2017-05-26 15:15:00+02:00,0.04778,0.628677,0.0,0.0
2017-05-26 15:16:00+02:00,0.04756,0.620309,0.0,0.0
2017-05-26 15:17:00+02:00,0.05666,0.648403,0.0,0.0
2017-05-26 15:18:00+02:00,0.06244,1.048243,0.0,0.0
2017-05-26 15:19:00+02:00,0.06352,0.863685,0.0,0.0
2017-05-26 15:20:00+02:00,0.06604,0.682331,0.0,0.0
2017-05-26 15:21:00+02:00,0.06445,0.691772,0.0,0.0
2017-05-26 15:22:00+02:00,0.06273,1.42713,0.0,0.0
2017-05-26 15:23:00+02:00,0.06381,2.030573,0.0,0.0
2017-05-26 15:24:00+02:00,0.05849,2.027689,0.0,0.0
2017-05-26 15:25:00+02:00,0.0564,2.064667,0.0,0.0
2017-05-26 15:26:00+02:00,0.05797,2.106853,0.0,0.0
2017-05-26 15:27:00+02:00,0.05985,2.141737,0.0,0.0
2017-05-26 15:28:00+02:00,0.04217,1.468802,0.0,0.0
2017-05-26 15:29:00+02:00,0.04248,0.922199,0.0,0.0
2017-05-26 15:30:00+02:00,0.05131,0.818797,0.0,0.0
2017-05-26 15:31:00+02:00,0.0474,0.781254,0.0,0.0
2017-05-26 15:32:00+02:00,0.04606,0.690764,0.0,0.0
2017-05-26 15:33:00+02:00,0.04641,0.6307,0.0,0.0
2017-05-26 15:34:00+02:00,0.04591,0.574126,0.0,0.0
2017-05-26 15:35:00+02:00,0.04748,0.542189,0.0,0.0
2017-05-26 15:36:00+02:00,0.04638,0.536677,0.0,0.0
2017-05-26 15:37:00+02:00,0.04476,0.552091,0.0,0.0
2017-05-26 15:38:00+02:00,0.045,0.574142,0.0,0.0
2017-05-26 15:39:00+02:00,0.04651,0.579519,0.0,0.0
2017-05-26 15:40:00+02:00,0.04693,0.58756,0.0,0.0
2017-05-26 15:41:00+02:00,0.0454,0.625131,0.0,0.0
2017-05-26 15:42:00+02:00,0.04681,0.722308,0.0,0.0
2017-05-26 15:43:00+02:00,0.04854,1.832522,0.0,0.0
2017-05-26 15:44:00+02:00,0.04672,1.968916,0.0,0.0
2017-05-26 15:45:00+02:00,0.05171,1.341977,0.0,0.0
2017-05-26 15:46:00+02:00,0.04506,1.820097,0.0,0.0
2017-05-26 15:47:00+02:00,0.04337,1.957104,0.0,0.0
2017-05-26 15:48:00+02:00,0.04204,1.955857,0.0,0.0
2017-05-26 15:49:00+02:00,0.04153,1.925395,0.0,0.0
2017-05-26 15:50:00+02:00,0.04098,1.912349,0.0,0.0
2017-05-26 15:51:00+02:00,0.04703,1.912885,0.0,0.0
2017-05-26 15:52:00+02:00,0.05008,1.902902,0.0,0.0
2017-05-26 15:53:00+02:00,0.04842,1.86946,0.0,0.0
2017-05-26 15:54:00+02:00,0.04507,1.667138,0.0,0.0
2017-05-26 15:55:00+02:00,0.04654,1.337024,0.0,0.0
2017-05-26 15:56:00+02:00,0.0494,1.828287,0.0,0.0
2017-05-26 15:57:00+02:00,0.04658,1.819847,0.0,0.0
2017-05-26 15:58:00+02:00,0.04603,1.812683,0.0,0.0
2017-05-26 15:59:00+02:00,0.0494,1.786388,0.0,0.0
2017-05-26 16:00:00+02:00,0.04927,1.782754,0.0,0.0
2017-05-26 16:01:00+02:00,0.04909,1.762997,0.0,0.0
2017-05-26 16:02:00+02:00,0.049,1.783616,0.0,0.0
2017-05-26 16:03:00+02:00,0.04736,1.791985,0.0,0.0
2017-05-26 16:04:00+02:00,0.05072,1.781815,0.0,0.0
2017-05-26 16:05:00+02:00,0.05301,1.786846,0.0,0.0
2017-05-26 16:06:00+02:00,0.04725,1.688332,0.0,0.0
2017-05-26 16:07:00+02:00,0.04444,1.453352,0.0,0.0
2017-05-26 16:08:00+02:00,0.04567,1.740884,0.0,0.0
2017-05-26 16:09:00+02:00,0.04594,1.736674,0.0,0.0
2017-05-26 16:10:00+02:00,0.0495,1.731424,0.0,0.0
2017-05-26 16:11:00+02:00,0.0499,1.703723,0.0,0.0
2017-05-26 16:12:00+02:00,0.04603,1.668497,0.0,0.0
2017-05-26 16:13:00+02:00,0.04727,1.688152,0.0,0.0
2017-05-26 16:14:00+02:00,0.04756,1.668605,0.0,0.0
2017-05-26 16:15:00+02:00,0.04732,0.752398,0.0,0.0
2017-05-26 16:16:00+02:00,0.0449,0.47666,0.0,0.0
2017-05-26 16:17:00+02:00,0.04972,0.948056,0.0,0.0
2017-05-26 16:18:00+02:00,0.04543,0.97823,0.0,0.0
2017-05-26 16:19:00+02:00,0.04664,0.624049,0.0,0.0
2017-05-26 16:20:00+02:00,0.05108,0.696859,0.0,0.0
2017-05-26 16:21:00+02:00,0.05296,0.621887,0.0,0.0
2017-05-26 16:22:00+02:00,0.05362,0.565978,0.0,0.0
2017-05-26 16:23:00+02:00,0.05451,0.447602,0.0,0.0
2017-05-26 16:24:00+02:00,0.05344,0.382511,0.0,0.0
2017-05-26 16:25:00+02:00,0.05285,0.336676,0.0,0.0
2017-05-26 16:26:00+02:00,0.05213,0.310502,0.0,0.0
2017-05-26 16:27:00+02:00,0.05361,0.317313,0.0,0.0
2017-05-26 16:28:00+02:00,0.05415,0.354728,0.0,0.0
2017-05-26 16:29:00+02:00,0.05369,0.396832,0.0,0.0
2017-05-26 16:30:00+02:00,0.05345,0.392553,0.0,0.0
2017-05-26 16:31:00+02:00,0.05969,0.452081,0.0,0.0
2017-05-26 16:32:00+02:00,0.05322,0.761544,0.0,0.0
2017-05-26 16:33:00+02:00,0.05239,0.673972,0.0,0.0
2017-05-26 16:34:00+02:00,0.04976,1.481276,0.0,0.0
2017-05-26 16:35:00+02:00,0.05384,1.380069,0.0,0.0
2017-05-26 16:36:00+02:00,0.05427,1.096126,0.0,0.0
2017-05-26 16:37:00+02:00,0.05017,0.36743,0.0,0.0
2017-05-26 16:38:00+02:00,0.05044,1.189417,0.0,0.0
2017-05-26 16:39:00+02:00,0.04989,0.363877,0.0,0.0
2017-05-26 16:40:00+02:00,0.05473,0.236401,0.0,0.0
2017-05-26 16:41:00+02:00,0.05928,0.241373,0.0,0.0
2017-05-26 16:42:00+02:00,0.05401,0.304679,0.0,0.0
2017-05-26 16:43:00+02:00,0.05733,0.301576,0.0,0.0
2017-05-26 16:44:00+02:00,0.05171,0.746107,0.0,0.0
2017-05-26 16:45:00+02:00,0.05171,1.421568,0.0,0.0
2017-05-26 16:46:00+02:00,0.05242,1.412631,0.0,0.0
2017-05-26 16:47:00+02:00,0.05793,1.411733,0.0,0.0
2017-05-26 16:48:00+02:00,0.06577,1.412285,0.0,0.0
2017-05-26 16:49:00+02:00,0.06521,1.413391,0.0,0.0
2017-05-26 16:50:00+02:00,0.05958,1.416501,0.0,0.0
2017-05-26 16:51:00+02:00,0.06616,1.409305,0.0,0.0
2017-05-26 16:52:00+02:00,0.06295,1.408183,0.0,0.0
2017-05-26 16:53:00+02:00,0.05947,1.413837,0.0,0.0
2017-05-26 16:54:00+02:00,0.05997,1.423186,0.0,0.0
2017-05-26 16:55:00+02:00,0.06274,1.42618,0.0,0.0
2017-05-26 16:56:00+02:00,0.06413,1.418733,0.0,0.0
2017-05-26 16:57:00+02:00,0.07107,1.417419,0.0,0.0
2017-05-26 16:58:00+02:00,0.06603,1.405777,0.0,0.0
2017-05-26 16:59:00+02:00,0.0665,1.387876,0.0,0.0
2017-05-26 17:00:00+02:00,0.06974,1.383719,0.0,0.0
2017-05-26 17:01:00+02:00,0.05527,1.374802,0.0,0.0
2017-05-26 17:02:00+02:00,0.05463,1.34932,0.0,0.0
2017-05-26 17:03:00+02:00,0.06084,1.345817,0.0,0.0
2017-05-26 17:04:00+02:00,0.06375,0.665194,0.0,0.0
2017-05-26 17:05:00+02:00,0.06136,0.307629,0.0,0.0
2017-05-26 17:06:00+02:00,0.06159,0.27482,0.0,0.0
2017-05-26 17:07:00+02:00,0.06991,0.270434,0.0,0.0
2017-05-26 17:08:00+02:00,0.06953,0.265455,0.0,0.0
2017-05-26 17:09:00+02:00,0.07154,0.268373,0.0,0.0
2017-05-26 17:10:00+02:00,0.0743,0.266026,0.0,0.0
2017-05-26 17:11:00+02:00,0.06628,0.263345,0.0,0.0
2017-05-26 17:12:00+02:00,0.06721,0.264024,0.0,0.0
2017-05-26 17:13:00+02:00,0.08378,0.273096,0.0,0.0
2017-05-26 17:14:00+02:00,0.08064,0.28863,0.0,0.0
2017-05-26 17:15:00+02:00,0.08553,0.302643,0.0,0.0
2017-05-26 17:16:00+02:00,0.07683,0.546743,0.0,0.0
2017-05-26 17:17:00+02:00,0.06206,0.788681,0.0,0.0
2017-05-26 17:18:00+02:00,0.06069,0.314379,0.0,0.0
2017-05-26 17:19:00+02:00,0.06231,0.294647,0.0,0.0
2017-05-26 17:20:00+02:00,0.07231,0.304249,0.0,0.0
2017-05-26 17:21:00+02:00,0.0827,0.556043,0.0,0.0
2017-05-26 17:22:00+02:00,0.08154,0.597427,0.0,0.0
2017-05-26 17:23:00+02:00,0.07732,0.295925,0.0,0.0
2017-05-26 17:24:00+02:00,0.07243,0.286317,0.0,0.0
2017-05-26 17:25:00+02:00,0.07932,0.287118,0.0,0.0
2017-05-26 17:26:00+02:00,0.07871,0.266234,0.0,0.0
2017-05-26 17:27:00+02:00,0.07712,0.257119,0.0,0.0
2017-05-26 17:28:00+02:00,0.07924,0.252288,0.0,0.0
2017-05-26 17:29:00+02:00,0.08555,0.255152,0.0,0.0
2017-05-26 17:30:00+02:00,0.10682,0.27308,0.0,0.0
2017-05-26 17:31:00+02:00,0.10419,0.310333,0.0,0.0
2017-05-26 17:32:00+02:00,0.11368,0.490383,0.0,0.0
2017-05-26 17:33:00+02:00,0.11852,0.550409,0.0,0.0
2017-05-26 17:34:00+02:00,0.11885,0.267961,0.0,0.0
2017-05-26 17:35:00+02:00,0.10437,0.239411,0.0,0.0
2017-05-26 17:36:00+02:00,0.08014,0.231858,0.0,0.0
2017-05-26 17:37:00+02:00,0.07006,0.232015,0.0,0.0
2017-05-26 17:38:00+02:00,0.07517,0.941843,0.0,0.0
2017-05-26 17:39:00+02:00,0.08247,0.263318,0.0,0.0
2017-05-26 17:40:00+02:00,0.07626,0.20338,0.0,0.0
2017-05-26 17:41:00+02:00,0.07418,0.201494,0.0,0.0
2017-05-26 17:42:00+02:00,0.06988,0.222347,0.0,0.0
2017-05-26 17:43:00+02:00,0.07357,0.715687,0.0,0.0
2017-05-26 17:44:00+02:00,0.07386,0.978282,0.0,0.0
2017-05-26 17:45:00+02:00,0.0749,0.884155,0.0,0.0
2017-05-26 17:46:00+02:00,0.07424,0.506227,0.0,0.0
2017-05-26 17:47:00+02:00,0.08357,0.217553,0.0,0.0
2017-05-26 17:48:00+02:00,0.08619,0.185371,0.0,0.0
2017-05-26 17:49:00+02:00,0.08873,0.17595,0.0,0.0
2017-05-26 17:50:00+02:00,0.08357,0.173486,0.0,0.0
2017-05-26 17:51:00+02:00,0.08263,0.180166,0.0,0.0
2017-05-26 17:52:00+02:00,0.08547,0.200405,0.0,0.0
2017-05-26 17:53:00+02:00,0.08743,0.775391,0.0,0.0
2017-05-26 17:54:00+02:00,0.08384,0.983072,0.0,0.0
2017-05-26 17:55:00+02:00,0.08589,0.9905,0.0,0.0
2017-05-26 17:56:00+02:00,0.08745,0.999686,0.0,0.0
2017-05-26 17:57:00+02:00,0.08456,0.99617,0.0,0.0
2017-05-26 17:58:00+02:00,0.09303,0.537584,0.0,0.0
2017-05-26 17:59:00+02:00,0.08517,0.213892,0.0,0.0
2017-05-26 18:00:00+02:00,0.08258,0.204325,0.0,0.0
2017-05-26 18:01:00+02:00,0.08383,0.209952,0.0,0.0
2017-05-26 18:02:00+02:00,0.08173,0.255712,0.0,0.0
2017-05-26 18:03:00+02:00,0.08007,0.476478,0.0,0.0
2017-05-26 18:04:00+02:00,0.08088,0.955922,0.0,0.0
2017-05-26 18:05:00+02:00,0.08358,0.951437,0.0,0.0
2017-05-26 18:06:00+02:00,0.08784,0.943592,0.0,0.0
2017-05-26 18:07:00+02:00,0.09134,0.933113,0.0,0.0
2017-05-26 18:08:00+02:00,0.08985,0.925047,0.0,0.0
2017-05-26 18:09:00+02:00,0.08026,0.917494,0.0,0.0
2017-05-26 18:10:00+02:00,0.08236,0.912571,0.0,0.0
2017-05-26 18:11:00+02:00,0.0873,0.907409,0.0,0.0
2017-05-26 18:12:00+02:00,0.08571,0.900931,0.0,0.0
2017-05-26 18:13:00+02:00,0.07211,0.902821,0.0,0.0
2017-05-26 18:14:00+02:00,0.069,0.904979,0.0,0.0
2017-05-26 18:15:00+02:00,0.07323,0.899424,0.0,0.0
2017-05-26 18:16:00+02:00,0.06763,0.884754,0.0,0.0
2017-05-26 18:17:00+02:00,0.07153,0.531149,0.0,0.0
2017-05-26 18:18:00+02:00,0.06663,0.24584,0.0,0.0
2017-05-26 18:19:00+02:00,0.06098,0.270778,0.0,0.0
2017-05-26 18:20:00+02:00,0.06317,0.793183,0.0,0.0
2017-05-26 18:21:00+02:00,0.06475,0.834205,0.0,0.0
2017-05-26 18:22:00+02:00,0.07259,0.828472,0.0,0.0
2017-05-26 18:23:00+02:00,0.072,0.828158,0.0,0.0
2017-05-26 18:24:00+02:00,0.08299,0.824704,0.0,0.0
2017-05-26 18:25:00+02:00,0.08153,0.824238,0.0,0.0
2017-05-26 18:26:00+02:00,0.08058,0.822562,0.0,0.0
2017-05-26 18:27:00+02:00,0.08735,0.81803,0.0,0.0
2017-05-26 18:28:00+02:00,0.09009,0.810288,0.0,0.0
2017-05-26 18:29:00+02:00,0.08413,0.799645,0.0,0.0
2017-05-26 18:30:00+02:00,0.08191,0.792202,0.0,0.0
2017-05-26 18:31:00+02:00,0.07197,0.780849,0.0,0.0
2017-05-26 18:32:00+02:00,0.07655,0.765929,0.0,0.0
2017-05-26 18:33:00+02:00,0.07985,0.751628,0.0,0.0
2017-05-26 18:34:00+02:00,0.07995,0.767885,0.0,0.0
2017-05-26 18:35:00+02:00,0.0788,0.760163,0.0,0.0
2017-05-26 18:36:00+02:00,0.07803,0.754988,0.0,0.0
2017-05-26 18:37:00+02:00,0.07318,0.749363,0.0,0.0
2017-05-26 18:38:00+02:00,0.07123,0.744863,0.0,0.0
2017-05-26 18:39:00+02:00,0.06491,0.74194,0.0,0.0
2017-05-26 18:40:00+02:00,0.06415,0.73816,0.0,0.0
2017-05-26 18:41:00+02:00,0.07675,0.737015,0.0,0.0
2017-05-26 18:42:00+02:00,0.07604,0.733498,0.0,0.0
2017-05-26 18:43:00+02:00,0.06919,0.730656,0.0,0.0
2017-05-26 18:44:00+02:00,0.06214,0.724676,0.0,0.0
2017-05-26 18:45:00+02:00,0.06443,0.72041,0.0,0.0
2017-05-26 18:46:00+02:00,0.06539,0.715518,0.0,0.0
2017-05-26 18:47:00+02:00,0.06335,0.709942,0.0,0.0
2017-05-26 18:48:00+02:00,0.07074,0.707299,0.0,0.0
2017-05-26 18:49:00+02:00,0.07329,0.699716,0.0,0.0
2017-05-26 18:50:00+02:00,0.07113,0.691706,0.0,0.0
2017-05-26 18:51:00+02:00,0.06582,0.686309,0.0,0.0
2017-05-26 18:52:00+02:00,0.06646,0.68076,0.0,0.0
2017-05-26 18:53:00+02:00,0.07041,0.677633,0.0,0.0
2017-05-26 18:54:00+02:00,0.07028,0.671256,0.0,0.0
2017-05-26 18:55:00+02:00,0.06787,0.665356,0.0,0.0
2017-05-26 18:56:00+02:00,0.05677,0.659864,0.0,0.0
2017-05-26 18:57:00+02:00,0.06349,0.655924,0.0,0.0
2017-05-26 18:58:00+02:00,0.07596,0.650057,0.0,0.0
2017-05-26 18:59:00+02:00,0.07308,0.645035,0.0,0.0
2017-05-26 19:00:00+02:00,0.07216,0.638613,0.0,0.0
2017-05-26 19:01:00+02:00,0.07146,0.63106,0.0,0.0
2017-05-26 19:02:00+02:00,0.07271,0.630018,0.0,0.0
2017-05-26 19:03:00+02:00,0.07679,0.627239,0.0,0.0
2017-05-26 19:04:00+02:00,0.07723,0.622793,0.0,0.0
2017-05-26 19:05:00+02:00,0.06792,0.617647,0.0,0.0
2017-05-26 19:06:00+02:00,0.06996,0.612007,0.0,0.0
2017-05-26 19:07:00+02:00,0.08217,0.605506,0.0,0.0
2017-05-26 19:08:00+02:00,0.07476,0.599666,0.0,0.0
2017-05-26 19:09:00+02:00,0.07192,0.59391,0.0,0.0
2017-05-26 19:10:00+02:00,0.07579,0.589014,0.0,0.0
2017-05-26 19:11:00+02:00,0.07969,0.584413,0.0,0.0
2017-05-26 19:12:00+02:00,0.0835,0.583513,0.0,0.0
2017-05-26 19:13:00+02:00,0.08545,0.582399,0.0,0.0
2017-05-26 19:14:00+02:00,0.08336,0.578831,0.0,0.0
2017-05-26 19:15:00+02:00,0.07958,0.573221,0.0,0.0
2017-05-26 19:16:00+02:00,0.08623,0.567675,0.0,0.0
2017-05-26 19:17:00+02:00,0.08653,0.566401,0.0,0.0
2017-05-26 19:18:00+02:00,0.0759,0.565954,0.0,0.0
2017-05-26 19:19:00+02:00,0.07249,0.562844,0.0,0.0
2017-05-26 19:20:00+02:00,0.07302,0.557528,0.0,0.0
2017-05-26 19:21:00+02:00,0.0717,0.548557,0.0,0.0
2017-05-26 19:22:00+02:00,0.07193,0.533761,0.0,0.0
2017-05-26 19:23:00+02:00,0.07609,0.523748,0.0,0.0
2017-05-26 19:24:00+02:00,0.07374,0.519428,0.0,0.0
2017-05-26 19:25:00+02:00,0.08084,0.512764,0.0,0.0
2017-05-26 19:26:00+02:00,0.0831,0.500701,0.0,0.0
2017-05-26 19:27:00+02:00,0.07911,0.4882,0.0,0.0
2017-05-26 19:28:00+02:00,0.0756,0.469663,0.0,0.0
2017-05-26 19:29:00+02:00,0.07565,0.454252,0.0,0.0
2017-05-26 19:30:00+02:00,0.07543,0.440537,0.0,0.0
2017-05-26 19:31:00+02:00,0.07472,0.428029,0.0,0.0
2017-05-26 19:32:00+02:00,0.06324,0.413797,0.0,0.0
2017-05-26 19:33:00+02:00,0.06267,0.432589,0.0,0.0
2017-05-26 19:34:00+02:00,0.06648,0.433618,0.0,0.0
2017-05-26 19:35:00+02:00,0.07441,0.414324,0.0,0.0
2017-05-26 19:36:00+02:00,0.07885,0.42448,0.0,0.0
2017-05-26 19:37:00+02:00,0.08134,0.4169,0.0,0.0
2017-05-26 19:38:00+02:00,0.08385,0.408663,0.0,0.0
2017-05-26 19:39:00+02:00,0.09403,0.400124,0.0,0.0
2017-05-26 19:40:00+02:00,0.0898,0.393417,0.0,0.0
2017-05-26 19:41:00+02:00,0.09522,0.385024,0.0,0.0
2017-05-26 19:42:00+02:00,0.08865,0.37699,0.0,0.0
2017-05-26 19:43:00+02:00,0.09148,0.370606,0.0,0.0
2017-05-26 19:44:00+02:00,0.08059,0.364635,0.0,0.0
2017-05-26 19:45:00+02:00,0.071,0.358798,0.0,0.0
2017-05-26 19:46:00+02:00,0.06892,0.353804,0.0,0.0
2017-05-26 19:47:00+02:00,0.0675,0.347524,0.0,0.0
2017-05-26 19:48:00+02:00,0.07425,0.340794,0.0,0.0
2017-05-26 19:49:00+02:00,0.08192,0.335934,0.0,0.0
2017-05-26 19:50:00+02:00,0.08119,0.329962,0.0,0.0
2017-05-26 19:51:00+02:00,0.07132,0.324319,0.0,0.0
2017-05-26 19:52:00+02:00,0.07297,0.317583,0.0,0.0
2017-05-26 19:53:00+02:00,0.07606,0.30973,0.0,0.0
2017-05-26 19:54:00+02:00,0.06997,0.30204,0.0,0.0
2017-05-26 19:55:00+02:00,0.07139,0.294262,0.0,0.0
2017-05-26 19:56:00+02:00,0.06997,0.287145,0.0,0.0
2017-05-26 19:57:00+02:00,0.06754,0.280582,0.0,0.0
2017-05-26 19:58:00+02:00,0.07091,0.272938,0.0,0.0
2017-05-26 19:59:00+02:00,0.07136,0.264584,0.0,0.0
2017-05-26 20:00:00+02:00,0.07157,0.259252,0.0,0.0
2017-05-26 20:01:00+02:00,0.08115,0.253278,0.0,0.0
2017-05-26 20:02:00+02:00,0.08566,0.245687,0.0,0.0
2017-05-26 20:03:00+02:00,0.08543,0.238048,0.0,0.0
2017-05-26 20:04:00+02:00,0.08553,0.229811,0.0,0.0
2017-05-26 20:05:00+02:00,0.09268,0.22378,0.0,0.0
2017-05-26 20:06:00+02:00,0.09356,0.218151,0.0,0.0
2017-05-26 20:07:00+02:00,0.07939,0.21231,0.0,0.0
2017-05-26 20:08:00+02:00,0.0816,0.206489,0.0,0.0
2017-05-26 20:09:00+02:00,0.08243,0.200511,0.0,0.0
2017-05-26 20:10:00+02:00,0.07805,0.194828,0.0,0.0
2017-05-26 20:11:00+02:00,0.08477,0.189187,0.0,0.0
2017-05-26 20:12:00+02:00,0.08678,0.183103,0.0,0.0
2017-05-26 20:13:00+02:00,0.08183,0.176747,0.0,0.0
2017-05-26 20:14:00+02:00,0.08464,0.170305,0.0,0.0
2017-05-26 20:15:00+02:00,0.08774,0.16418,0.0,0.0
2017-05-26 20:16:00+02:00,0.09236,0.158341,0.0,0.0
2017-05-26 20:17:00+02:00,0.08535,0.152638,0.0,0.0
2017-05-26 20:18:00+02:00,0.08478,0.147217,0.0,0.0
2017-05-26 20:19:00+02:00,0.07513,0.141977,0.0,0.0
2017-05-26 20:20:00+02:00,0.07338,0.135882,0.0,0.0
2017-05-26 20:21:00+02:00,0.07633,0.130217,0.0,0.0
2017-05-26 20:22:00+02:00,0.08267,0.125167,0.0,0.0
2017-05-26 20:23:00+02:00,0.07588,0.119372,0.0,0.0
2017-05-26 20:24:00+02:00,0.08302,0.113139,0.0,0.0
2017-05-26 20:25:00+02:00,0.07692,0.107701,0.0,0.0
2017-05-26 20:26:00+02:00,0.07129,0.102121,0.0,0.0
2017-05-26 20:27:00+02:00,0.0689,0.096111,0.0,0.0
2017-05-26 20:28:00+02:00,0.07365,0.090778,0.0,0.0
2017-05-26 20:29:00+02:00,0.07375,0.085592,0.0,0.0
2017-05-26 20:30:00+02:00,0.07159,0.079942,0.0,0.0
2017-05-26 20:31:00+02:00,0.07796,0.075136,0.0,0.0
2017-05-26 20:32:00+02:00,0.07775,0.069993,0.0,0.0
2017-05-26 20:33:00+02:00,0.07758,0.064712,0.0,0.0
2017-05-26 20:34:00+02:00,0.07942,0.058712,0.0,0.0
2017-05-26 20:35:00+02:00,0.08038,0.053096,0.0,0.0
2017-05-26 20:36:00+02:00,0.07769,0.010501,0.0,0.0
2017-05-26 20:37:00+02:00,0.07547,0.005099,0.0,0.0
2017-05-26 20:38:00+02:00,0.07474,0.005861,0.0,0.0
2017-05-26 20:39:00+02:00,0.07562,0.002828,0.0,0.0
2017-05-26 20:40:00+02:00,0.07295,0.000893,0.0,0.0
2017-05-26 20:41:00+02:00,0.06788,0.0,0.0,0.0
2017-05-26 20:42:00+02:00,0.07422,0.0,0.0,0.0
2017-05-26 20:43:00+02:00,0.07554,0.0,0.0,0.0
2017-05-26 20:44:00+02:00,0.07718,0.0,0.0,0.0
2017-05-26 20:45:00+02:00,0.07653,0.0,0.0,0.0
2017-05-26 20:46:00+02:00,0.07576,0.0,0.0,0.0
2017-05-26 20:47:00+02:00,0.06966,0.0,0.0,0.0
2017-05-26 20:48:00+02:00,0.07033,0.0,0.0,0.0
2017-05-26 20:49:00+02:00,0.07508,0.0,0.0,0.0
2017-05-26 20:50:00+02:00,0.08203,0.0,0.0,0.0
2017-05-26 20:51:00+02:00,0.08744,0.0,0.0,0.0
2017-05-26 20:52:00+02:00,0.08128,0.0,0.0,0.0
2017-05-26 20:53:00+02:00,0.08329,0.0,0.0,0.0
2017-05-26 20:54:00+02:00,0.08284,0.0,0.0,0.0
2017-05-26 20:55:00+02:00,0.07985,0.0,0.0,0.0
2017-05-26 20:56:00+02:00,0.08029,0.0,0.0,0.0
2017-05-26 20:57:00+02:00,0.07974,0.0,0.0,0.0
2017-05-26 20:58:00+02:00,0.08024,0.0,0.0,0.0
2017-05-26 20:59:00+02:00,0.07742,0.0,0.0,0.0
2017-05-26 21:00:00+02:00,0.07908,0.0,0.0,0.0
2017-05-26 21:01:00+02:00,0.083,0.0,0.0,0.0
2017-05-26 21:02:00+02:00,0.08406,0.0,0.0,0.0
2017-05-26 21:03:00+02:00,0.08833,0.0,0.0,0.0
2017-05-26 21:04:00+02:00,0.08483,0.0,0.0,0.0
2017-05-26 21:05:00+02:00,0.08346,0.0,0.0,0.0
2017-05-26 21:06:00+02:00,0.08229,0.0,0.0,0.0
2017-05-26 21:07:00+02:00,0.07477,0.0,0.0,0.0
2017-05-26 21:08:00+02:00,0.07581,0.0,0.0,0.0
2017-05-26 21:09:00+02:00,0.07768,0.0,0.0,0.0
2017-05-26 21:10:00+02:00,0.07409,0.0,0.0,0.0
2017-05-26 21:11:00+02:00,0.074,0.0,0.0,0.0
2017-05-26 21:12:00+02:00,0.07239,0.0,0.0,0.0
2017-05-26 21:13:00+02:00,0.07504,0.0,0.0,0.0
2017-05-26 21:14:00+02:00,0.08412,0.0,0.0,0.0
2017-05-26 21:15:00+02:00,0.09181,0.0,0.0,0.0
2017-05-26 21:16:00+02:00,0.10021,0.0,0.0,0.0
2017-05-26 21:17:00+02:00,0.10895,0.0,0.0,0.0
2017-05-26 21:18:00+02:00,0.10783,0.0,0.0,0.0
2017-05-26 21:19:00+02:00,0.09604,0.0,0.0,0.0
2017-05-26 21:20:00+02:00,0.08876,0.0,0.0,0.0
2017-05-26 21:21:00+02:00,0.08564,0.0,0.0,0.0
2017-05-26 21:22:00+02:00,0.0805,0.0,0.0,0.0
2017-05-26 21:23:00+02:00,0.08432,0.0,0.0,0.0
2017-05-26 21:24:00+02:00,0.08457,0.0,0.0,0.0
2017-05-26 21:25:00+02:00,0.08045,0.0,0.0,0.0
2017-05-26 21:26:00+02:00,0.08414,0.0,0.0,0.0
2017-05-26 21:27:00+02:00,0.08011,0.0,0.0,0.0
2017-05-26 21:28:00+02:00,0.0767,0.0,0.0,0.0
2017-05-26 21:29:00+02:00,0.07965,0.0,0.0,0.0
2017-05-26 21:30:00+02:00,0.08748,0.0,0.0,0.0
2017-05-26 21:31:00+02:00,0.08373,0.0,0.0,0.0
2017-05-26 21:32:00+02:00,0.07948,0.0,0.0,0.0
2017-05-26 21:33:00+02:00,0.07975,0.0,0.0,0.0
2017-05-26 21:34:00+02:00,0.08954,0.0,0.0,0.0
2017-05-26 21:35:00+02:00,0.09967,0.0,0.0,0.0
2017-05-26 21:36:00+02:00,0.09187,0.0,0.0,0.0
2017-05-26 21:37:00+02:00,0.0831,0.0,0.0,0.0
2017-05-26 21:38:00+02:00,0.08444,0.0,0.0,0.0
2017-05-26 21:39:00+02:00,0.08803,0.0,0.0,0.0
2017-05-26 21:40:00+02:00,0.07815,0.0,0.0,0.0
2017-05-26 21:41:00+02:00,0.07174,0.0,0.0,0.0
2017-05-26 21:42:00+02:00,0.07225,0.0,0.0,0.0
2017-05-26 21:43:00+02:00,0.07473,0.0,0.0,0.0
2017-05-26 21:44:00+02:00,0.0733,0.0,0.0,0.0
2017-05-26 21:45:00+02:00,0.07545,0.0,0.0,0.0
2017-05-26 21:46:00+02:00,0.0824,0.0,0.0,0.0
2017-05-26 21:47:00+02:00,0.07739,0.0,0.0,0.0
2017-05-26 21:48:00+02:00,0.07716,0.0,0.0,0.0
2017-05-26 21:49:00+02:00,0.08045,0.0,0.0,0.0
2017-05-26 21:50:00+02:00,0.08086,0.0,0.0,0.0
2017-05-26 21:51:00+02:00,0.08256,0.0,0.0,0.0
2017-05-26 21:52:00+02:00,0.07679,0.0,0.0,0.0
2017-05-26 21:53:00+02:00,0.07666,0.0,0.0,0.0
2017-05-26 21:54:00+02:00,0.0852,0.0,0.0,0.0
2017-05-26 21:55:00+02:00,0.08301,0.0,0.0,0.0
2017-05-26 21:56:00+02:00,0.08554,0.0,0.0,0.0
2017-05-26 21:57:00+02:00,0.07937,0.0,0.0,0.0
2017-05-26 21:58:00+02:00,0.0795,0.0,0.0,0.0
2017-05-26 21:59:00+02:00,0.07713,0.0,0.0,0.0
2017-05-26 22:00:00+02:00,0.07859,0.0,0.0,0.0
2017-05-26 22:01:00+02:00,0.08395,0.0,0.0,0.0
2017-05-26 22:02:00+02:00,0.08871,0.0,0.0,0.0
2017-05-26 22:03:00+02:00,0.09241,0.0,0.0,0.0
2017-05-26 22:04:00+02:00,0.09002,0.0,0.0,0.0
2017-05-26 22:05:00+02:00,0.08889,0.0,0.0,0.0
2017-05-26 22:06:00+02:00,0.09074,0.0,0.0,0.0
2017-05-26 22:07:00+02:00,0.08483,0.0,0.0,0.0
2017-05-26 22:08:00+02:00,0.07777,0.0,0.0,0.0
2017-05-26 22:09:00+02:00,0.07567,0.0,0.0,0.0
2017-05-26 22:10:00+02:00,0.0751,0.0,0.0,0.0
2017-05-26 22:11:00+02:00,0.06919,0.0,0.0,0.0
2017-05-26 22:12:00+02:00,0.07098,0.0,0.0,0.0
2017-05-26 22:13:00+02:00,0.07365,0.0,0.0,0.0
2017-05-26 22:14:00+02:00,0.06864,0.0,0.0,0.0
2017-05-26 22:15:00+02:00,0.07227,0.0,0.0,0.0
2017-05-26 22:16:00+02:00,0.07784,0.0,0.0,0.0
2017-05-26 22:17:00+02:00,0.0885,0.0,0.0,0.0
2017-05-26 22:18:00+02:00,0.08671,0.0,0.0,0.0
2017-05-26 22:19:00+02:00,0.088,0.0,0.0,0.0
2017-05-26 22:20:00+02:00,0.08708,0.0,0.0,0.0
2017-05-26 22:21:00+02:00,0.08018,0.0,0.0,0.0
2017-05-26 22:22:00+02:00,0.07689,0.0,0.0,0.0
2017-05-26 22:23:00+02:00,0.07783,0.0,0.0,0.0
2017-05-26 22:24:00+02:00,0.07904,0.0,0.0,0.0
2017-05-26 22:25:00+02:00,0.08145,0.0,0.0,0.0
2017-05-26 22:26:00+02:00,0.08039,0.0,0.0,0.0
2017-05-26 22:27:00+02:00,0.07579,0.0,0.0,0.0
2017-05-26 22:28:00+02:00,0.07325,0.0,0.0,0.0
2017-05-26 22:29:00+02:00,0.07266,0.0,0.0,0.0
2017-05-26 22:30:00+02:00,0.07548,0.0,0.0,0.0
2017-05-26 22:31:00+02:00,0.07721,0.0,0.0,0.0
2017-05-26 22:32:00+02:00,0.07532,0.0,0.0,0.0
2017-05-26 22:33:00+02:00,0.07929,0.0,0.0,0.0
2017-05-26 22:34:00+02:00,0.07381,0.0,0.0,0.0
2017-05-26 22:35:00+02:00,0.06987,0.0,0.0,0.0
2017-05-26 22:36:00+02:00,0.07302,0.0,0.0,0.0
2017-05-26 22:37:00+02:00,0.06886,0.0,0.0,0.0
2017-05-26 22:38:00+02:00,0.07485,0.0,0.0,0.0
2017-05-26 22:39:00+02:00,0.07178,0.0,0.0,0.0
2017-05-26 22:40:00+02:00,0.0731,0.0,0.0,0.0
2017-05-26 22:41:00+02:00,0.06783,0.0,0.0,0.0
2017-05-26 22:42:00+02:00,0.06739,0.0,0.0,0.0
2017-05-26 22:43:00+02:00,0.06644,0.0,0.0,0.0
2017-05-26 22:44:00+02:00,0.06764,0.0,0.0,0.0
2017-05-26 22:45:00+02:00,0.06926,0.0,0.0,0.0
2017-05-26 22:46:00+02:00,0.07627,0.0,0.0,0.0
2017-05-26 22:47:00+02:00,0.07457,0.0,0.0,0.0
2017-05-26 22:48:00+02:00,0.08289,0.0,0.0,0.0
2017-05-26 22:49:00+02:00,0.07611,0.0,0.0,0.0
2017-05-26 22:50:00+02:00,0.07155,0.0,0.0,0.0
2017-05-26 22:51:00+02:00,0.07514,0.0,0.0,0.0
2017-05-26 22:52:00+02:00,0.07488,0.0,0.0,0.0
2017-05-26 22:53:00+02:00,0.07211,0.0,0.0,0.0
2017-05-26 22:54:00+02:00,0.06823,0.0,0.0,0.0
2017-05-26 22:55:00+02:00,0.0675,0.0,0.0,0.0
2017-05-26 22:56:00+02:00,0.06828,0.0,0.0,0.0
2017-05-26 22:57:00+02:00,0.06831,0.0,0.0,0.0
2017-05-26 22:58:00+02:00,0.06668,0.0,0.0,0.0
2017-05-26 22:59:00+02:00,0.06476,0.0,0.0,0.0
2017-05-26 23:00:00+02:00,0.07711,0.0,0.0,0.0
2017-05-26 23:01:00+02:00,0.07767,0.0,0.0,0.0
2017-05-26 23:02:00+02:00,0.06995,0.0,0.0,0.0
2017-05-26 23:03:00+02:00,0.07435,0.0,0.0,0.0
2017-05-26 23:04:00+02:00,0.07516,0.0,0.0,0.0
2017-05-26 23:05:00+02:00,0.07592,0.0,0.0,0.0
2017-05-26 23:06:00+02:00,0.08126,0.0,0.0,0.0
2017-05-26 23:07:00+02:00,0.07306,0.0,0.0,0.0
2017-05-26 23:08:00+02:00,0.0737,0.0,0.0,0.0
2017-05-26 23:09:00+02:00,0.07825,0.0,0.0,0.0
2017-05-26 23:10:00+02:00,0.08281,0.0,0.0,0.0
2017-05-26 23:11:00+02:00,0.07134,0.0,0.0,0.0
2017-05-26 23:12:00+02:00,0.07425,0.0,0.0,0.0
2017-05-26 23:13:00+02:00,0.0693,0.0,0.0,0.0
2017-05-26 23:14:00+02:00,0.07394,0.0,0.0,0.0
2017-05-26 23:15:00+02:00,0.07072,0.0,0.0,0.0
2017-05-26 23:16:00+02:00,0.0637,0.0,0.0,0.0
2017-05-26 23:17:00+02:00,0.0598,0.0,0.0,0.0
2017-05-26 23:18:00+02:00,0.06598,0.0,0.0,0.0
2017-05-26 23:19:00+02:00,0.06498,0.0,0.0,0.0
2017-05-26 23:20:00+02:00,0.06053,0.0,0.0,0.0
2017-05-26 23:21:00+02:00,0.06588,0.0,0.0,0.0
2017-05-26 23:22:00+02:00,0.06647,0.0,0.0,0.0
2017-05-26 23:23:00+02:00,0.06434,0.0,0.0,0.0
2017-05-26 23:24:00+02:00,0.06364,0.0,0.0,0.0
2017-05-26 23:25:00+02:00,0.06236,0.0,0.0,0.0
2017-05-26 23:26:00+02:00,0.0654,0.0,0.0,0.0
2017-05-26 23:27:00+02:00,0.0634,0.0,0.0,0.0
2017-05-26 23:28:00+02:00,0.06738,0.0,0.0,0.0
2017-05-26 23:29:00+02:00,0.0696,0.0,0.0,0.0
2017-05-26 23:30:00+02:00,0.06883,0.0,0.0,0.0
2017-05-26 23:31:00+02:00,0.07396,0.0,0.0,0.0
2017-05-26 23:32:00+02:00,0.07636,0.0,0.0,0.0
2017-05-26 23:33:00+02:00,0.07893,0.0,0.0,0.0
2017-05-26 23:34:00+02:00,0.07381,0.0,0.0,0.0
2017-05-26 23:35:00+02:00,0.07288,0.0,0.0,0.0
2017-05-26 23:36:00+02:00,0.06324,0.0,0.0,0.0
2017-05-26 23:37:00+02:00,0.0605,0.0,0.0,0.0
2017-05-26 23:38:00+02:00,0.06326,0.0,0.0,0.0
2017-05-26 23:39:00+02:00,0.062,0.0,0.0,0.0
2017-05-26 23:40:00+02:00,0.06377,0.0,0.0,0.0
2017-05-26 23:41:00+02:00,0.06675,0.0,0.0,0.0
2017-05-26 23:42:00+02:00,0.06296,0.0,0.0,0.0
2017-05-26 23:43:00+02:00,0.06071,0.0,0.0,0.0
2017-05-26 23:44:00+02:00,0.05636,0.0,0.0,0.0
2017-05-26 23:45:00+02:00,0.055,0.0,0.0,0.0
2017-05-26 23:46:00+02:00,0.05854,0.0,0.0,0.0
2017-05-26 23:47:00+02:00,0.05836,0.0,0.0,0.0
2017-05-26 23:48:00+02:00,0.05786,0.0,0.0,0.0
2017-05-26 23:49:00+02:00,0.06332,0.0,0.0,0.0
2017-05-26 23:50:00+02:00,0.06026,0.0,0.0,0.0
2017-05-26 23:51:00+02:00,0.05709,0.0,0.0,0.0
2017-05-26 23:52:00+02:00,0.05661,0.0,0.0,0.0
2017-05-26 23:53:00+02:00,0.06467,0.0,0.0,0.0
2017-05-26 23:54:00+02:00,0.06478,0.0,0.0,0.0
2017-05-26 23:55:00+02:00,0.06109,0.0,0.0,0.0
2017-05-26 23:56:00+02:00,0.05656,0.0,0.0,0.0
2017-05-26 23:57:00+02:00,0.06203,0.0,0.0,0.0
2017-05-26 23:58:00+02:00,0.06042,0.0,0.0,0.0
2017-05-26 23:59:00+02:00,0.0569,0.0,0.0,0.0
2017-05-27 00:00:00+02:00,0.05518,0.0,0.0,0.0
2017-05-27 00:01:00+02:00,0.05272,0.0,0.0,0.0
2017-05-27 00:02:00+02:00,0.04935,0.0,0.0,0.0
2017-05-27 00:03:00+02:00,0.05322,0.0,0.0,0.0
2017-05-27 00:04:00+02:00,0.05287,0.0,0.0,0.0
2017-05-27 00:05:00+02:00,0.0511,0.0,0.0,0.0
2017-05-27 00:06:00+02:00,0.04988,0.0,0.0,0.0
2017-05-27 00:07:00+02:00,0.05135,0.0,0.0,0.0
2017-05-27 00:08:00+02:00,0.05249,0.0,0.0,0.0
2017-05-27 00:09:00+02:00,0.05271,0.0,0.0,0.0
2017-05-27 00:10:00+02:00,0.04857,0.0,0.0,0.0
2017-05-27 00:11:00+02:00,0.04839,0.0,0.0,0.0
2017-05-27 00:12:00+02:00,0.05069,0.0,0.0,0.0
2017-05-27 00:13:00+02:00,0.05088,0.0,0.0,0.0
2017-05-27 00:14:00+02:00,0.04708,0.0,0.0,0.0
2017-05-27 00:15:00+02:00,0.04792,0.0,0.0,0.0
2017-05-27 00:16:00+02:00,0.04876,0.0,0.0,0.0
2017-05-27 00:17:00+02:00,0.04906,0.0,0.0,0.0
2017-05-27 00:18:00+02:00,0.05143,0.0,0.0,0.0
2017-05-27 00:19:00+02:00,0.0555,0.0,0.0,0.0
2017-05-27 00:20:00+02:00,0.05603,0.0,0.0,0.0
2017-05-27 00:21:00+02:00,0.05533,0.0,0.0,0.0
2017-05-27 00:22:00+02:00,0.049,0.0,0.0,0.0
2017-05-27 00:23:00+02:00,0.05137,0.0,0.0,0.0
2017-05-27 00:24:00+02:00,0.05027,0.0,0.0,0.0
2017-05-27 00:25:00+02:00,0.04722,0.0,0.0,0.0
2017-05-27 00:26:00+02:00,0.04902,0.0,0.0,0.0
2017-05-27 00:27:00+02:00,0.05146,0.0,0.0,0.0
2017-05-27 00:28:00+02:00,0.04958,0.0,0.0,0.0
2017-05-27 00:29:00+02:00,0.04891,0.0,0.0,0.0
2017-05-27 00:30:00+02:00,0.0547,0.0,0.0,0.0
2017-05-27 00:31:00+02:00,0.05453,0.0,0.0,0.0
2017-05-27 00:32:00+02:00,0.04964,0.0,0.0,0.0
2017-05-27 00:33:00+02:00,0.04856,0.0,0.0,0.0
2017-05-27 00:34:00+02:00,0.04709,0.0,0.0,0.0
2017-05-27 00:35:00+02:00,0.04711,0.0,0.0,0.0
2017-05-27 00:36:00+02:00,0.04907,0.0,0.0,0.0
2017-05-27 00:37:00+02:00,0.04522,0.0,0.0,0.0
2017-05-27 00:38:00+02:00,0.04502,0.0,0.0,0.0
2017-05-27 00:39:00+02:00,0.04812,0.0,0.0,0.0
2017-05-27 00:40:00+02:00,0.05054,0.0,0.0,0.0
2017-05-27 00:41:00+02:00,0.04829,0.0,0.0,0.0
2017-05-27 00:42:00+02:00,0.04807,0.0,0.0,0.0
2017-05-27 00:43:00+02:00,0.04768,0.0,0.0,0.0
2017-05-27 00:44:00+02:00,0.05564,0.0,0.0,0.0
2017-05-27 00:45:00+02:00,0.04962,0.0,0.0,0.0
2017-05-27 00:46:00+02:00,0.0484,0.0,0.0,0.0
2017-05-27 00:47:00+02:00,0.04702,0.0,0.0,0.0
2017-05-27 00:48:00+02:00,0.04319,0.0,0.0,0.0
2017-05-27 00:49:00+02:00,0.04847,0.0,0.0,0.0
2017-05-27 00:50:00+02:00,0.04787,0.0,0.0,0.0
2017-05-27 00:51:00+02:00,0.0429,0.0,0.0,0.0
2017-05-27 00:52:00+02:00,0.03989,0.0,0.0,0.0
2017-05-27 00:53:00+02:00,0.03934,0.0,0.0,0.0
2017-05-27 00:54:00+02:00,0.04027,0.0,0.0,0.0
2017-05-27 00:55:00+02:00,0.04707,0.0,0.0,0.0
2017-05-27 00:56:00+02:00,0.04677,0.0,0.0,0.0
2017-05-27 00:57:00+02:00,0.04255,0.0,0.0,0.0
2017-05-27 00:58:00+02:00,0.0447,0.0,0.0,0.0
2017-05-27 00:59:00+02:00,0.04123,0.0,0.0,0.0
2017-05-27 01:00:00+02:00,0.04148,0.0,0.0,0.0
2017-05-27 01:01:00+02:00,0.04812,0.0,0.0,0.0
2017-05-27 01:02:00+02:00,0.04921,0.0,0.0,0.0
2017-05-27 01:03:00+02:00,0.04627,0.0,0.0,0.0
2017-05-27 01:04:00+02:00,0.04672,0.0,0.0,0.0
2017-05-27 01:05:00+02:00,0.04451,0.0,0.0,0.0
2017-05-27 01:06:00+02:00,0.04196,0.0,0.0,0.0
2017-05-27 01:07:00+02:00,0.04144,0.0,0.0,0.0
2017-05-27 01:08:00+02:00,0.03802,0.0,0.0,0.0
2017-05-27 01:09:00+02:00,0.03815,0.0,0.0,0.0
2017-05-27 01:10:00+02:00,0.03914,0.0,0.0,0.0
2017-05-27 01:11:00+02:00,0.03777,0.0,0.0,0.0
2017-05-27 01:12:00+02:00,0.03844,0.0,0.0,0.0
2017-05-27 01:13:00+02:00,0.04309,0.0,0.0,0.0
2017-05-27 01:14:00+02:00,0.03754,0.0,0.0,0.0
2017-05-27 01:15:00+02:00,0.03462,0.0,0.0,0.0
2017-05-27 01:16:00+02:00,0.03891,0.0,0.0,0.0
2017-05-27 01:17:00+02:00,0.0394,0.0,0.0,0.0
2017-05-27 01:18:00+02:00,0.03425,0.0,0.0,0.0
2017-05-27 01:19:00+02:00,0.03389,0.0,0.0,0.0
2017-05-27 01:20:00+02:00,0.034,0.0,0.0,0.0
2017-05-27 01:21:00+02:00,0.03319,0.0,0.0,0.0
2017-05-27 01:22:00+02:00,0.03399,0.0,0.0,0.0
2017-05-27 01:23:00+02:00,0.03481,0.0,0.0,0.0
2017-05-27 01:24:00+02:00,0.03133,0.0,0.0,0.0
2017-05-27 01:25:00+02:00,0.03239,0.0,0.0,0.0
2017-05-27 01:26:00+02:00,0.03232,0.0,0.0,0.0
2017-05-27 01:27:00+02:00,0.03661,0.0,0.0,0.0
2017-05-27 01:28:00+02:00,0.03708,0.0,0.0,0.0
2017-05-27 01:29:00+02:00,0.03667,0.0,0.0,0.0
2017-05-27 01:30:00+02:00,0.03626,0.0,0.0,0.0
2017-05-27 01:31:00+02:00,0.0359,0.0,0.0,0.0
2017-05-27 01:32:00+02:00,0.03538,0.0,0.0,0.0
2017-05-27 01:33:00+02:00,0.03528,0.0,0.0,0.0
2017-05-27 01:34:00+02:00,0.03568,0.0,0.0,0.0
2017-05-27 01:35:00+02:00,0.03603,0.0,0.0,0.0
2017-05-27 01:36:00+02:00,0.03364,0.0,0.0,0.0
2017-05-27 01:37:00+02:00,0.02991,0.0,0.0,0.0
2017-05-27 01:38:00+02:00,0.03291,0.0,0.0,0.0
2017-05-27 01:39:00+02:00,0.03186,0.0,0.0,0.0
2017-05-27 01:40:00+02:00,0.02948,0.0,0.0,0.0
2017-05-27 01:41:00+02:00,0.02899,0.0,0.0,0.0
2017-05-27 01:42:00+02:00,0.02901,0.0,0.0,0.0
2017-05-27 01:43:00+02:00,0.02801,0.0,0.0,0.0
2017-05-27 01:44:00+02:00,0.02775,0.0,0.0,0.0
2017-05-27 01:45:00+02:00,0.03037,0.0,0.0,0.0
2017-05-27 01:46:00+02:00,0.02855,0.0,0.0,0.0
2017-05-27 01:47:00+02:00,0.03043,0.0,0.0,0.0
2017-05-27 01:48:00+02:00,0.03001,0.0,0.0,0.0
2017-05-27 01:49:00+02:00,0.03355,0.0,0.0,0.0
2017-05-27 01:50:00+02:00,0.02788,0.0,0.0,0.0
2017-05-27 01:51:00+02:00,0.02777,0.0,0.0,0.0
2017-05-27 01:52:00+02:00,0.02744,0.0,0.0,0.0
2017-05-27 01:53:00+02:00,0.02785,0.0,0.0,0.0
2017-05-27 01:54:00+02:00,0.02733,0.0,0.0,0.0
2017-05-27 01:55:00+02:00,0.03223,0.0,0.0,0.0
2017-05-27 01:56:00+02:00,0.03462,0.0,0.0,0.0
2017-05-27 01:57:00+02:00,0.0305,0.0,0.0,0.0
2017-05-27 01:58:00+02:00,0.02929,0.0,0.0,0.0
2017-05-27 01:59:00+02:00,0.02904,0.0,0.0,0.0
2017-05-27 02:00:00+02:00,0.02903,0.0,0.0,0.0
2017-05-27 02:01:00+02:00,0.02807,0.0,0.0,0.0
2017-05-27 02:02:00+02:00,0.02715,0.0,0.0,0.0
2017-05-27 02:03:00+02:00,0.02774,0.0,0.0,0.0
2017-05-27 02:04:00+02:00,0.02827,0.0,0.0,0.0
2017-05-27 02:05:00+02:00,0.02791,0.0,0.0,0.0
2017-05-27 02:06:00+02:00,0.02652,0.0,0.0,0.0
2017-05-27 02:07:00+02:00,0.02715,0.0,0.0,0.0
2017-05-27 02:08:00+02:00,0.02795,0.0,0.0,0.0
2017-05-27 02:09:00+02:00,0.02988,0.0,0.0,0.0
2017-05-27 02:10:00+02:00,0.0311,0.0,0.0,0.0
2017-05-27 02:11:00+02:00,0.02963,0.0,0.0,0.0
2017-05-27 02:12:00+02:00,0.02985,0.0,0.0,0.0
2017-05-27 02:13:00+02:00,0.02512,0.0,0.0,0.0
2017-05-27 02:14:00+02:00,0.02647,0.0,0.0,0.0
2017-05-27 02:15:00+02:00,0.02635,0.0,0.0,0.0
2017-05-27 02:16:00+02:00,0.02707,0.0,0.0,0.0
2017-05-27 02:17:00+02:00,0.0304,0.0,0.0,0.0
2017-05-27 02:18:00+02:00,0.0284,0.0,0.0,0.0
2017-05-27 02:19:00+02:00,0.02818,0.0,0.0,0.0
2017-05-27 02:20:00+02:00,0.02536,0.0,0.0,0.0
2017-05-27 02:21:00+02:00,0.02516,0.0,0.0,0.0
2017-05-27 02:22:00+02:00,0.02518,0.0,0.0,0.0
2017-05-27 02:23:00+02:00,0.02596,0.0,0.0,0.0
2017-05-27 02:24:00+02:00,0.02544,0.0,0.0,0.0
2017-05-27 02:25:00+02:00,0.02675,0.0,0.0,0.0
2017-05-27 02:26:00+02:00,0.02748,0.0,0.0,0.0
2017-05-27 02:27:00+02:00,0.02661,0.0,0.0,0.0
2017-05-27 02:28:00+02:00,0.02549,0.0,0.0,0.0
2017-05-27 02:29:00+02:00,0.0252,0.0,0.0,0.0
2017-05-27 02:30:00+02:00,0.02581,0.0,0.0,0.0
2017-05-27 02:31:00+02:00,0.02544,0.0,0.0,0.0
2017-05-27 02:32:00+02:00,0.02528,0.0,0.0,0.0
2017-05-27 02:33:00+02:00,0.0254,0.0,0.0,0.0
2017-05-27 02:34:00+02:00,0.02383,0.0,0.0,0.0
2017-05-27 02:35:00+02:00,0.02399,0.0,0.0,0.0
2017-05-27 02:36:00+02:00,0.02431,0.0,0.0,0.0
2017-05-27 02:37:00+02:00,0.02446,0.0,0.0,0.0
2017-05-27 02:38:00+02:00,0.02441,0.0,0.0,0.0
2017-05-27 02:39:00+02:00,0.02588,0.0,0.0,0.0
2017-05-27 02:40:00+02:00,0.02817,0.0,0.0,0.0
2017-05-27 02:41:00+02:00,0.02884,0.0,0.0,0.0
2017-05-27 02:42:00+02:00,0.02742,0.0,0.0,0.0
2017-05-27 02:43:00+02:00,0.02547,0.0,0.0,0.0
2017-05-27 02:44:00+02:00,0.02631,0.0,0.0,0.0
2017-05-27 02:45:00+02:00,0.02729,0.0,0.0,0.0
2017-05-27 02:46:00+02:00,0.02848,0.0,0.0,0.0
2017-05-27 02:47:00+02:00,0.03101,0.0,0.0,0.0
2017-05-27 02:48:00+02:00,0.02974,0.0,0.0,0.0
2017-05-27 02:49:00+02:00,0.02867,0.0,0.0,0.0
2017-05-27 02:50:00+02:00,0.02804,0.0,0.0,0.0
2017-05-27 02:51:00+02:00,0.02562,0.0,0.0,0.0
2017-05-27 02:52:00+02:00,0.02408,0.0,0.0,0.0
2017-05-27 02:53:00+02:00,0.02304,0.0,0.0,0.0
2017-05-27 02:54:00+02:00,0.02386,0.0,0.0,0.0
2017-05-27 02:55:00+02:00,0.02374,0.0,0.0,0.0
2017-05-27 02:56:00+02:00,0.02376,0.0,0.0,0.0
2017-05-27 02:57:00+02:00,0.02564,0.0,0.0,0.0
2017-05-27 02:58:00+02:00,0.03074,0.0,0.0,0.0
2017-05-27 02:59:00+02:00,0.02977,0.0,0.0,0.0
2017-05-27 03:00:00+02:00,0.02459,0.0,0.0,0.0
2017-05-27 03:01:00+02:00,0.02253,0.0,0.0,0.0
2017-05-27 03:02:00+02:00,0.0222,0.0,0.0,0.0
2017-05-27 03:03:00+02:00,0.02287,0.0,0.0,0.0
2017-05-27 03:04:00+02:00,0.02398,0.0,0.0,0.0
2017-05-27 03:05:00+02:00,0.02313,0.0,0.0,0.0
2017-05-27 03:06:00+02:00,0.02302,0.0,0.0,0.0
2017-05-27 03:07:00+02:00,0.02324,0.0,0.0,0.0
2017-05-27 03:08:00+02:00,0.02312,0.0,0.0,0.0
2017-05-27 03:09:00+02:00,0.0236,0.0,0.0,0.0
2017-05-27 03:10:00+02:00,0.02391,0.0,0.0,0.0
2017-05-27 03:11:00+02:00,0.0231,0.0,0.0,0.0
2017-05-27 03:12:00+02:00,0.02739,0.0,0.0,0.0
2017-05-27 03:13:00+02:00,0.02467,0.0,0.0,0.0
2017-05-27 03:14:00+02:00,0.0247,0.0,0.0,0.0
2017-05-27 03:15:00+02:00,0.02427,0.0,0.0,0.0
2017-05-27 03:16:00+02:00,0.02513,0.0,0.0,0.0
2017-05-27 03:17:00+02:00,0.02547,0.0,0.0,0.0
2017-05-27 03:18:00+02:00,0.02406,0.0,0.0,0.0
2017-05-27 03:19:00+02:00,0.02525,0.0,0.0,0.0
2017-05-27 03:20:00+02:00,0.02528,0.0,0.0,0.0
2017-05-27 03:21:00+02:00,0.02564,0.0,0.0,0.0
2017-05-27 03:22:00+02:00,0.02525,0.0,0.0,0.0
2017-05-27 03:23:00+02:00,0.02524,0.0,0.0,0.0
2017-05-27 03:24:00+02:00,0.02493,0.0,0.0,0.0
2017-05-27 03:25:00+02:00,0.02647,0.0,0.0,0.0
2017-05-27 03:26:00+02:00,0.02759,0.0,0.0,0.0
2017-05-27 03:27:00+02:00,0.02726,0.0,0.0,0.0
2017-05-27 03:28:00+02:00,0.02621,0.0,0.0,0.0
2017-05-27 03:29:00+02:00,0.02547,0.0,0.0,0.0
2017-05-27 03:30:00+02:00,0.02677,0.0,0.0,0.0
2017-05-27 03:31:00+02:00,0.02597,0.0,0.0,0.0
2017-05-27 03:32:00+02:00,0.02592,0.0,0.0,0.0
2017-05-27 03:33:00+02:00,0.02737,0.0,0.0,0.0
2017-05-27 03:34:00+02:00,0.02801,0.0,0.0,0.0
2017-05-27 03:35:00+02:00,0.02827,0.0,0.0,0.0
2017-05-27 03:36:00+02:00,0.02682,0.0,0.0,0.0
2017-05-27 03:37:00+02:00,0.02549,0.0,0.0,0.0
2017-05-27 03:38:00+02:00,0.02543,0.0,0.0,0.0
2017-05-27 03:39:00+02:00,0.02477,0.0,0.0,0.0
2017-05-27 03:40:00+02:00,0.02486,0.0,0.0,0.0
2017-05-27 03:41:00+02:00,0.02516,0.0,0.0,0.0
2017-05-27 03:42:00+02:00,0.02631,0.0,0.0,0.0
2017-05-27 03:43:00+02:00,0.02424,0.0,0.0,0.0
2017-05-27 03:44:00+02:00,0.02434,0.0,0.0,0.0
2017-05-27 03:45:00+02:00,0.02594,0.0,0.0,0.0
2017-05-27 03:46:00+02:00,0.026,0.0,0.0,0.0
2017-05-27 03:47:00+02:00,0.02698,0.0,0.0,0.0
2017-05-27 03:48:00+02:00,0.02639,0.0,0.0,0.0
2017-05-27 03:49:00+02:00,0.02672,0.0,0.0,0.0
2017-05-27 03:50:00+02:00,0.02614,0.0,0.0,0.0
2017-05-27 03:51:00+02:00,0.02476,0.0,0.0,0.0
2017-05-27 03:52:00+02:00,0.02391,0.0,0.0,0.0
2017-05-27 03:53:00+02:00,0.0234,0.0,0.0,0.0
2017-05-27 03:54:00+02:00,0.02394,0.0,0.0,0.0
2017-05-27 03:55:00+02:00,0.02456,0.0,0.0,0.0
2017-05-27 03:56:00+02:00,0.02473,0.0,0.0,0.0
2017-05-27 03:57:00+02:00,0.02495,0.0,0.0,0.0
2017-05-27 03:58:00+02:00,0.02618,0.0,0.0,0.0
2017-05-27 03:59:00+02:00,0.02565,0.0,0.0,0.0
2017-05-27 04:00:00+02:00,0.02555,0.0,0.0,0.0
2017-05-27 04:01:00+02:00,0.02659,0.0,0.0,0.0
2017-05-27 04:02:00+02:00,0.0268,0.0,0.0,0.0
2017-05-27 04:03:00+02:00,0.02711,0.0,0.0,0.0
2017-05-27 04:04:00+02:00,0.02637,0.0,0.0,0.0
2017-05-27 04:05:00+02:00,0.02632,0.0,0.0,0.0
2017-05-27 04:06:00+02:00,0.02592,0.0,0.0,0.0
2017-05-27 04:07:00+02:00,0.02658,0.0,0.0,0.0
2017-05-27 04:08:00+02:00,0.0273,0.0,0.0,0.0
2017-05-27 04:09:00+02:00,0.02589,0.0,0.0,0.0
2017-05-27 04:10:00+02:00,0.02611,0.0,0.0,0.0
2017-05-27 04:11:00+02:00,0.02644,0.0,0.0,0.0
2017-05-27 04:12:00+02:00,0.0274,0.0,0.0,0.0
2017-05-27 04:13:00+02:00,0.02797,0.0,0.0,0.0
2017-05-27 04:14:00+02:00,0.02668,0.0,0.0,0.0
2017-05-27 04:15:00+02:00,0.02636,0.0,0.0,0.0
2017-05-27 04:16:00+02:00,0.02622,0.0,0.0,0.0
2017-05-27 04:17:00+02:00,0.0254,0.0,0.0,0.0
2017-05-27 04:18:00+02:00,0.02546,0.0,0.0,0.0
2017-05-27 04:19:00+02:00,0.0245,0.0,0.0,0.0
2017-05-27 04:20:00+02:00,0.02397,0.0,0.0,0.0
2017-05-27 04:21:00+02:00,0.02414,0.0,0.0,0.0
2017-05-27 04:22:00+02:00,0.02541,0.0,0.0,0.0
2017-05-27 04:23:00+02:00,0.02613,0.0,0.0,0.0
2017-05-27 04:24:00+02:00,0.02672,0.0,0.0,0.0
2017-05-27 04:25:00+02:00,0.0267,0.0,0.0,0.0
2017-05-27 04:26:00+02:00,0.02707,0.0,0.0,0.0
2017-05-27 04:27:00+02:00,0.02624,0.0,0.0,0.0
2017-05-27 04:28:00+02:00,0.02562,0.0,0.0,0.0
2017-05-27 04:29:00+02:00,0.02482,0.0,0.0,0.0
2017-05-27 04:30:00+02:00,0.0253,0.0,0.0,0.0
2017-05-27 04:31:00+02:00,0.02554,0.0,0.0,0.0
2017-05-27 04:32:00+02:00,0.02511,0.0,0.0,0.0
2017-05-27 04:33:00+02:00,0.0248,0.0,0.0,0.0
2017-05-27 04:34:00+02:00,0.02482,0.0,0.0,0.0
2017-05-27 04:35:00+02:00,0.02426,0.0,0.0,0.0
2017-05-27 04:36:00+02:00,0.02515,0.0,0.0,0.0
2017-05-27 04:37:00+02:00,0.02694,0.0,0.0,0.0
2017-05-27 04:38:00+02:00,0.02514,0.0,0.0,0.0
2017-05-27 04:39:00+02:00,0.02574,0.0,0.0,0.0
2017-05-27 04:40:00+02:00,0.02561,0.0,0.0,0.0
2017-05-27 04:41:00+02:00,0.02583,0.0,0.0,0.0
2017-05-27 04:42:00+02:00,0.02519,0.0,0.0,0.0
2017-05-27 04:43:00+02:00,0.02529,0.0,0.0,0.0
2017-05-27 04:44:00+02:00,0.02481,0.0,0.0,0.0
2017-05-27 04:45:00+02:00,0.0243,0.0,0.0,0.0
2017-05-27 04:46:00+02:00,0.02476,0.0,0.0,0.0
2017-05-27 04:47:00+02:00,0.02543,0.0,0.0,0.0
2017-05-27 04:48:00+02:00,0.02607,0.0,0.0,0.0
2017-05-27 04:49:00+02:00,0.02455,0.0,0.0,0.0
2017-05-27 04:50:00+02:00,0.02605,0.0,0.0,0.0
2017-05-27 04:51:00+02:00,0.0254,0.0,0.0,0.0
2017-05-27 04:52:00+02:00,0.02591,0.0,0.0,0.0
2017-05-27 04:53:00+02:00,0.02501,0.0,0.0,0.0
2017-05-27 04:54:00+02:00,0.02614,0.0,0.0,0.0
2017-05-27 04:55:00+02:00,0.02687,0.0,0.0,0.0
2017-05-27 04:56:00+02:00,0.0327,0.0,0.0,0.0
2017-05-27 04:57:00+02:00,0.02691,0.0,0.0,0.0
2017-05-27 04:58:00+02:00,0.02738,0.0,0.0,0.0
2017-05-27 04:59:00+02:00,0.03182,0.0,0.0,0.0
2017-05-27 05:00:00+02:00,0.02809,0.0,0.0,0.0
2017-05-27 05:01:00+02:00,0.02678,0.0,0.0,0.0
2017-05-27 05:02:00+02:00,0.02709,0.0,0.0,0.0
2017-05-27 05:03:00+02:00,0.02762,0.0,0.0,0.0
2017-05-27 05:04:00+02:00,0.0259,0.0,0.0,0.0
2017-05-27 05:05:00+02:00,0.02645,0.0,0.0,0.0
2017-05-27 05:06:00+02:00,0.02708,0.0,0.0,0.0
2017-05-27 05:07:00+02:00,0.02664,0.0,0.0,0.0
2017-05-27 05:08:00+02:00,0.02645,0.0,0.0,0.0
2017-05-27 05:09:00+02:00,0.02628,0.0,0.0,0.0
2017-05-27 05:10:00+02:00,0.02409,0.0,0.0,0.0
2017-05-27 05:11:00+02:00,0.0238,0.0,0.0,0.0
2017-05-27 05:12:00+02:00,0.02397,0.0,0.0,0.0
2017-05-27 05:13:00+02:00,0.02381,0.0,0.0,0.0
2017-05-27 05:14:00+02:00,0.02403,0.0,0.0,0.0
2017-05-27 05:15:00+02:00,0.02389,0.0,0.0,0.0
2017-05-27 05:16:00+02:00,0.02406,0.0,0.0,0.0
2017-05-27 05:17:00+02:00,0.02483,0.0,0.0,0.0
2017-05-27 05:18:00+02:00,0.02443,0.0,0.0,0.0
2017-05-27 05:19:00+02:00,0.02474,0.0,0.0,0.0
2017-05-27 05:20:00+02:00,0.02315,0.0,0.0,0.0
2017-05-27 05:21:00+02:00,0.02315,0.0,0.0,0.0
2017-05-27 05:22:00+02:00,0.02292,0.0,0.0,0.0
2017-05-27 05:23:00+02:00,0.02312,0.0,0.0,0.0
2017-05-27 05:24:00+02:00,0.02338,0.0,0.0,0.0
2017-05-27 05:25:00+02:00,0.02418,0.0,0.0,0.0
2017-05-27 05:26:00+02:00,0.02924,0.0,0.0,0.0
2017-05-27 05:27:00+02:00,0.02655,0.0,0.0,0.0
2017-05-27 05:28:00+02:00,0.02534,0.0,0.0,0.0
2017-05-27 05:29:00+02:00,0.02967,0.0,0.0,0.0
2017-05-27 05:30:00+02:00,0.02942,0.000382,0.0,0.0
2017-05-27 05:31:00+02:00,0.02829,0.001278,0.0,0.0
2017-05-27 05:32:00+02:00,0.02445,0.050791,0.0,0.0
2017-05-27 05:33:00+02:00,0.02379,0.055136,0.0,0.0
2017-05-27 05:34:00+02:00,0.02401,0.061493,0.0,0.0
2017-05-27 05:35:00+02:00,0.02506,0.067095,0.0,0.0
2017-05-27 05:36:00+02:00,0.02433,0.07339,0.0,0.0
2017-05-27 05:37:00+02:00,0.02297,0.079499,0.0,0.0
2017-05-27 05:38:00+02:00,0.02281,0.085556,0.0,0.0
2017-05-27 05:39:00+02:00,0.02318,0.091138,0.0,0.0
2017-05-27 05:40:00+02:00,0.0252,0.096772,0.0,0.0
2017-05-27 05:41:00+02:00,0.02559,0.102681,0.0,0.0
2017-05-27 05:42:00+02:00,0.026,0.108545,0.0,0.0
2017-05-27 05:43:00+02:00,0.02776,0.114008,0.0,0.0
2017-05-27 05:44:00+02:00,0.02806,0.119455,0.0,0.0
2017-05-27 05:45:00+02:00,0.02747,0.125582,0.0,0.0
2017-05-27 05:46:00+02:00,0.02839,0.131582,0.0,0.0
2017-05-27 05:47:00+02:00,0.02871,0.138029,0.0,0.0
2017-05-27 05:48:00+02:00,0.02889,0.144236,0.0,0.0
2017-05-27 05:49:00+02:00,0.02806,0.150257,0.0,0.0
2017-05-27 05:50:00+02:00,0.0275,0.156739,0.0,0.0
2017-05-27 05:51:00+02:00,0.03206,0.16225,0.0,0.0
2017-05-27 05:52:00+02:00,0.0321,0.168779,0.0,0.0
2017-05-27 05:53:00+02:00,0.02957,0.175424,0.0,0.0
2017-05-27 05:54:00+02:00,0.02816,0.181613,0.0,0.0
2017-05-27 05:55:00+02:00,0.02712,0.187936,0.0,0.0
2017-05-27 05:56:00+02:00,0.02727,0.194879,0.0,0.0
2017-05-27 05:57:00+02:00,0.02664,0.201442,0.0,0.0
2017-05-27 05:58:00+02:00,0.02706,0.207968,0.0,0.0
2017-05-27 05:59:00+02:00,0.02816,0.214294,0.0,0.0
2017-05-27 06:00:00+02:00,0.02895,0.220637,0.0,0.0
2017-05-27 06:01:00+02:00,0.029,0.226521,0.0,0.0
2017-05-27 06:02:00+02:00,0.02843,0.233021,0.0,0.0
2017-05-27 06:03:00+02:00,0.02754,0.24023,0.0,0.0
2017-05-27 06:04:00+02:00,0.02825,0.246654,0.0,0.0
2017-05-27 06:05:00+02:00,0.02906,0.253307,0.0,0.0
2017-05-27 06:06:00+02:00,0.03009,0.260804,0.0,0.0
2017-05-27 06:07:00+02:00,0.03039,0.267628,0.0,0.0
2017-05-27 06:08:00+02:00,0.03071,0.274892,0.0,0.0
2017-05-27 06:09:00+02:00,0.03416,0.281851,0.0,0.0
2017-05-27 06:10:00+02:00,0.04406,0.288432,0.0,0.0
2017-05-27 06:11:00+02:00,0.04357,0.295884,0.0,0.0
2017-05-27 06:12:00+02:00,0.04132,0.302827,0.0,0.0
2017-05-27 06:13:00+02:00,0.03586,0.309677,0.0,0.0
2017-05-27 06:14:00+02:00,0.03739,0.316625,0.0,0.0
2017-05-27 06:15:00+02:00,0.03653,0.323919,0.0,0.0
2017-05-27 06:16:00+02:00,0.03411,0.330923,0.0,0.0
2017-05-27 06:17:00+02:00,0.03608,0.338411,0.0,0.0
2017-05-27 06:18:00+02:00,0.03586,0.34612,0.0,0.0
2017-05-27 06:19:00+02:00,0.03709,0.35258,0.0,0.0
2017-05-27 06:20:00+02:00,0.0411,0.360268,0.0,0.0
2017-05-27 06:21:00+02:00,0.03913,0.367744,0.0,0.0
2017-05-27 06:22:00+02:00,0.03898,0.374567,0.0,0.0
2017-05-27 06:23:00+02:00,0.03923,0.381452,0.0,0.0
2017-05-27 06:24:00+02:00,0.03789,0.389,0.0,0.0
2017-05-27 06:25:00+02:00,0.03398,0.396353,0.0,0.0
2017-05-27 06:26:00+02:00,0.03516,0.403141,0.0,0.0
2017-05-27 06:27:00+02:00,0.04408,0.410686,0.0,0.0
2017-05-27 06:28:00+02:00,0.04458,0.417821,0.0,0.0
2017-05-27 06:29:00+02:00,0.04338,0.425599,0.0,0.0
2017-05-27 06:30:00+02:00,0.04324,0.432371,0.0,0.0
2017-05-27 06:31:00+02:00,0.04342,0.439544,0.0,0.0
2017-05-27 06:32:00+02:00,0.04293,0.446609,0.0,0.0
2017-05-27 06:33:00+02:00,0.04429,0.45338,0.0,0.0
2017-05-27 06:34:00+02:00,0.04793,0.460231,0.0,0.0
2017-05-27 06:35:00+02:00,0.0462,0.465997,0.0,0.0
2017-05-27 06:36:00+02:00,0.04003,0.473009,0.0,0.0
2017-05-27 06:37:00+02:00,0.03926,0.47966,0.0,0.0
2017-05-27 06:38:00+02:00,0.04376,0.485492,0.0,0.0
2017-05-27 06:39:00+02:00,0.04965,0.4912,0.0,0.0
2017-05-27 06:40:00+02:00,0.04253,0.497083,0.0,0.0
2017-05-27 06:41:00+02:00,0.03993,0.502598,0.0,0.0
2017-05-27 06:42:00+02:00,0.04126,0.508455,0.0,0.0
2017-05-27 06:43:00+02:00,0.03832,0.514202,0.0,0.0
2017-05-27 06:44:00+02:00,0.03804,0.519804,0.0,0.0
2017-05-27 06:45:00+02:00,0.03763,0.526145,0.0,0.0
2017-05-27 06:46:00+02:00,0.0391,0.531655,0.0,0.0
2017-05-27 06:47:00+02:00,0.04021,0.537169,0.0,0.0
2017-05-27 06:48:00+02:00,0.03905,0.542932,0.0,0.0
2017-05-27 06:49:00+02:00,0.03725,0.548903,0.0,0.0
2017-05-27 06:50:00+02:00,0.03593,0.554135,0.0,0.0
2017-05-27 06:51:00+02:00,0.03714,0.559319,0.0,0.0
2017-05-27 06:52:00+02:00,0.03767,0.564365,0.0,0.0
2017-05-27 06:53:00+02:00,0.03701,0.57004,0.0,0.0
2017-05-27 06:54:00+02:00,0.04219,0.575708,0.0,0.0
2017-05-27 06:55:00+02:00,0.04177,0.581684,0.0,0.0
2017-05-27 06:56:00+02:00,0.04084,0.588665,0.0,0.0
2017-05-27 06:57:00+02:00,0.04341,0.593359,0.0,0.0
2017-05-27 06:58:00+02:00,0.0431,0.599686,0.0,0.0
2017-05-27 06:59:00+02:00,0.04603,0.605048,0.0,0.0
2017-05-27 07:00:00+02:00,0.04504,0.611534,0.0,0.0
2017-05-27 07:01:00+02:00,0.04987,0.617245,0.0,0.0
2017-05-27 07:02:00+02:00,0.0505,0.620905,0.0,0.0
2017-05-27 07:03:00+02:00,0.04792,0.626017,0.0,0.0
2017-05-27 07:04:00+02:00,0.04691,0.631161,0.0,0.0
2017-05-27 07:05:00+02:00,0.04938,0.63668,0.0,0.0
2017-05-27 07:06:00+02:00,0.0506,0.642519,0.0,0.0
2017-05-27 07:07:00+02:00,0.05113,0.64753,0.0,0.0
2017-05-27 07:08:00+02:00,0.05536,0.655027,0.0,0.0
2017-05-27 07:09:00+02:00,0.05707,0.660749,0.0,0.0
2017-05-27 07:10:00+02:00,0.05631,0.665555,0.0,0.0
2017-05-27 07:11:00+02:00,0.05446,0.671562,0.0,0.0
2017-05-27 07:12:00+02:00,0.05126,0.678647,0.0,0.0
2017-05-27 07:13:00+02:00,0.04979,0.683127,0.0,0.0
2017-05-27 07:14:00+02:00,0.05268,0.687267,0.0,0.0
2017-05-27 07:15:00+02:00,0.0525,0.692098,0.0,0.0
2017-05-27 07:16:00+02:00,0.05416,0.697183,0.0,0.0
2017-05-27 07:17:00+02:00,0.0534,0.703271,0.0,0.0
2017-05-27 07:18:00+02:00,0.05743,0.709992,0.0,0.0
2017-05-27 07:19:00+02:00,0.06307,0.715882,0.0,0.0
2017-05-27 07:20:00+02:00,0.062,0.721611,0.0,0.0
2017-05-27 07:21:00+02:00,0.05496,0.726575,0.0,0.0
2017-05-27 07:22:00+02:00,0.05559,0.732472,0.0,0.0
2017-05-27 07:23:00+02:00,0.05831,0.738031,0.0,0.0
2017-05-27 07:24:00+02:00,0.06204,0.742725,0.0,0.0
2017-05-27 07:25:00+02:00,0.05967,0.748525,0.0,0.0
2017-05-27 07:26:00+02:00,0.05826,0.753975,0.0,0.0
2017-05-27 07:27:00+02:00,0.06575,0.758968,0.0,0.0
2017-05-27 07:28:00+02:00,0.067,0.764591,0.0,0.0
2017-05-27 07:29:00+02:00,0.06099,0.770861,0.0,0.0
2017-05-27 07:30:00+02:00,0.06297,0.777472,0.0,0.0
2017-05-27 07:31:00+02:00,0.07137,0.784613,0.0,0.0
2017-05-27 07:32:00+02:00,0.07506,0.789502,0.0,0.0
2017-05-27 07:33:00+02:00,0.06762,0.795229,0.0,0.0
2017-05-27 07:34:00+02:00,0.06784,0.801832,0.0,0.0
2017-05-27 07:35:00+02:00,0.07411,0.806425,0.0,0.0
2017-05-27 07:36:00+02:00,0.07011,0.814192,0.0,0.0
2017-05-27 07:37:00+02:00,0.07394,0.821077,0.0,0.0
2017-05-27 07:38:00+02:00,0.06632,0.825613,0.0,0.0
2017-05-27 07:39:00+02:00,0.064,0.831256,0.0,0.0
2017-05-27 07:40:00+02:00,0.06696,0.835681,0.0,0.0
2017-05-27 07:41:00+02:00,0.06221,0.840697,0.0,0.0
2017-05-27 07:42:00+02:00,0.06195,0.845172,0.0,0.0
2017-05-27 07:43:00+02:00,0.06343,0.851573,0.0,0.0
2017-05-27 07:44:00+02:00,0.06029,0.856305,0.0,0.0
2017-05-27 07:45:00+02:00,0.06413,0.859187,0.0,0.0
2017-05-27 07:46:00+02:00,0.0726,0.8644,0.0,0.0
2017-05-27 07:47:00+02:00,0.077,0.867087,0.0,0.0
2017-05-27 07:48:00+02:00,0.07006,0.873198,0.0,0.0
2017-05-27 07:49:00+02:00,0.0607,0.87854,0.0,0.0
2017-05-27 07:50:00+02:00,0.06201,0.884711,0.0,0.0
2017-05-27 07:51:00+02:00,0.068,0.890341,0.0,0.0
2017-05-27 07:52:00+02:00,0.07422,0.897826,0.0,0.0
2017-05-27 07:53:00+02:00,0.07104,0.901183,0.0,0.0
2017-05-27 07:54:00+02:00,0.07199,0.908179,0.0,0.0
2017-05-27 07:55:00+02:00,0.07739,0.914474,0.0,0.0
2017-05-27 07:56:00+02:00,0.07498,0.919764,0.0,0.0
2017-05-27 07:57:00+02:00,0.08649,0.924404,0.0,0.0
2017-05-27 07:58:00+02:00,0.08731,0.928575,0.0,0.0
2017-05-27 07:59:00+02:00,0.08272,0.932071,0.0,0.0
2017-05-27 08:00:00+02:00,0.0793,0.939589,0.0,0.0
2017-05-27 08:01:00+02:00,0.07265,0.943096,0.0,0.0
2017-05-27 08:02:00+02:00,0.06706,0.946566,0.0,0.0
2017-05-27 08:03:00+02:00,0.06354,0.953847,0.0,0.0
2017-05-27 08:04:00+02:00,0.06481,0.957571,0.0,0.0
2017-05-27 08:05:00+02:00,0.06027,0.964674,0.0,0.0
2017-05-27 08:06:00+02:00,0.07941,0.969332,0.0,0.0
2017-05-27 08:07:00+02:00,0.0849,0.974977,0.0,0.0
2017-05-27 08:08:00+02:00,0.05363,0.982877,0.0,0.0
2017-05-27 08:09:00+02:00,0.05672,0.987995,0.0,0.0
2017-05-27 08:10:00+02:00,0.0575,0.990684,0.0,0.0
2017-05-27 08:11:00+02:00,0.05589,0.993717,0.0,0.0
2017-05-27 08:12:00+02:00,0.05073,0.9986,0.0,0.0
2017-05-27 08:13:00+02:00,0.05547,1.007609,0.0,0.0
2017-05-27 08:14:00+02:00,0.05789,1.01061,0.0,0.0
2017-05-27 08:15:00+02:00,0.0541,1.015544,0.0,0.0
2017-05-27 08:16:00+02:00,0.05495,1.02332,0.0,0.0
2017-05-27 08:17:00+02:00,0.05487,1.028525,0.0,0.0
2017-05-27 08:18:00+02:00,0.05434,1.032034,0.0,0.0
2017-05-27 08:19:00+02:00,0.05291,1.0354,0.0,0.0
2017-05-27 08:20:00+02:00,0.05695,1.043644,0.0,0.0
2017-05-27 08:21:00+02:00,0.05787,1.04585,0.0,0.0
2017-05-27 08:22:00+02:00,0.0598,1.052062,0.0,0.0
2017-05-27 08:23:00+02:00,0.06051,1.057383,0.0,0.0
2017-05-27 08:24:00+02:00,0.06119,1.057797,0.0,0.0
2017-05-27 08:25:00+02:00,0.05887,1.060882,0.0,0.0
2017-05-27 08:26:00+02:00,0.05877,1.067663,0.0,0.0
2017-05-27 08:27:00+02:00,0.06224,1.074271,0.0,0.0
2017-05-27 08:28:00+02:00,0.05651,1.081894,0.0,0.0
2017-05-27 08:29:00+02:00,0.05784,1.086302,0.0,0.0
2017-05-27 08:30:00+02:00,0.05417,1.089185,0.0,0.0
2017-05-27 08:31:00+02:00,0.05273,1.094521,0.0,0.0
2017-05-27 08:32:00+02:00,0.04995,1.101958,0.0,0.0
2017-05-27 08:33:00+02:00,0.04731,1.107121,0.0,0.0
2017-05-27 08:34:00+02:00,0.05096,1.112177,0.0,0.0
2017-05-27 08:35:00+02:00,0.0559,1.118207,0.0,0.0
2017-05-27 08:36:00+02:00,0.06615,1.1257,0.0,0.0
2017-05-27 08:37:00+02:00,0.06883,1.132096,0.0,0.0
2017-05-27 08:38:00+02:00,0.06235,1.137863,0.0,0.0
2017-05-27 08:39:00+02:00,0.05967,1.141594,0.0,0.0
2017-05-27 08:40:00+02:00,0.05654,1.146404,0.0,0.0
2017-05-27 08:41:00+02:00,0.05591,1.149421,0.0,0.0
2017-05-27 08:42:00+02:00,0.05421,1.156894,0.0,0.0
2017-05-27 08:43:00+02:00,0.05461,1.16017,0.0,0.0
2017-05-27 08:44:00+02:00,0.0565,1.166297,0.0,0.0
2017-05-27 08:45:00+02:00,0.05887,1.170187,0.0,0.0
2017-05-27 08:46:00+02:00,0.05795,1.173692,0.0,0.0
2017-05-27 08:47:00+02:00,0.05638,1.181977,0.0,0.0
2017-05-27 08:48:00+02:00,0.05472,1.18361,0.0,0.0
2017-05-27 08:49:00+02:00,0.05638,1.188637,0.0,0.0
2017-05-27 08:50:00+02:00,0.05152,1.193195,0.0,0.0
2017-05-27 08:51:00+02:00,0.05192,1.19921,0.0,0.0
2017-05-27 08:52:00+02:00,0.06391,1.207316,0.0,0.0
2017-05-27 08:53:00+02:00,0.06307,1.214995,0.0,0.0
2017-05-27 08:54:00+02:00,0.063,1.220724,0.0,0.0
2017-05-27 08:55:00+02:00,0.07021,1.226531,0.0,0.0
2017-05-27 08:56:00+02:00,0.06611,1.233198,0.0,0.0
2017-05-27 08:57:00+02:00,0.06928,1.238683,0.0,0.0
2017-05-27 08:58:00+02:00,0.06601,1.244171,0.0,0.0
2017-05-27 08:59:00+02:00,0.06696,1.251549,0.0,0.0
2017-05-27 09:00:00+02:00,0.066,1.254568,0.0,0.0
2017-05-27 09:01:00+02:00,0.06738,1.258587,0.0,0.0
2017-05-27 09:02:00+02:00,0.06874,1.268487,0.0,0.0
2017-05-27 09:03:00+02:00,0.07244,1.278311,0.0,0.0
2017-05-27 09:04:00+02:00,0.07016,1.283045,0.0,0.0
2017-05-27 09:05:00+02:00,0.07407,1.292188,0.0,0.0
2017-05-27 09:06:00+02:00,0.07329,1.296414,0.0,0.0
2017-05-27 09:07:00+02:00,0.07527,1.300149,0.0,0.0
2017-05-27 09:08:00+02:00,0.09149,1.308424,0.0,0.0
2017-05-27 09:09:00+02:00,0.08788,1.314207,0.0,0.0
2017-05-27 09:10:00+02:00,0.07337,1.319539,0.0,0.0
2017-05-27 09:11:00+02:00,0.07269,1.329903,0.0,0.0
2017-05-27 09:12:00+02:00,0.07913,1.335551,0.0,0.0
2017-05-27 09:13:00+02:00,0.07659,1.341742,0.0,0.0
2017-05-27 09:14:00+02:00,0.06409,1.344467,0.0,0.0
2017-05-27 09:15:00+02:00,0.06274,1.346164,0.0,0.0
2017-05-27 09:16:00+02:00,0.05033,1.355182,0.0,0.0
2017-05-27 09:17:00+02:00,0.05848,1.363765,0.0,0.0
2017-05-27 09:18:00+02:00,0.06098,1.369091,0.0,0.0
2017-05-27 09:19:00+02:00,0.06382,1.37344,0.0,0.0
2017-05-27 09:20:00+02:00,0.06994,1.379664,0.0,0.0
2017-05-27 09:21:00+02:00,0.06903,1.384079,0.0,0.0
2017-05-27 09:22:00+02:00,0.07077,1.393484,0.0,0.0
2017-05-27 09:23:00+02:00,0.06464,1.398533,0.0,0.0
2017-05-27 09:24:00+02:00,0.06291,1.400598,0.0,0.0
2017-05-27 09:25:00+02:00,0.06262,1.405832,0.0,0.0
2017-05-27 09:26:00+02:00,0.05967,1.411699,0.0,0.0
2017-05-27 09:27:00+02:00,0.06024,1.417448,0.0,0.0
2017-05-27 09:28:00+02:00,0.05773,1.418405,0.0,0.0
2017-05-27 09:29:00+02:00,0.05568,1.420697,0.0,0.0
2017-05-27 09:30:00+02:00,0.05501,1.426504,0.0,0.0
2017-05-27 09:31:00+02:00,0.05954,1.436373,0.0,0.0
2017-05-27 09:32:00+02:00,0.05473,1.443105,0.0,0.0
2017-05-27 09:33:00+02:00,0.05075,1.448374,0.0,0.0
2017-05-27 09:34:00+02:00,0.04828,1.452265,0.0,0.0
2017-05-27 09:35:00+02:00,0.04893,1.456151,0.0,0.0
2017-05-27 09:36:00+02:00,0.04927,1.460156,0.0,0.0
2017-05-27 09:37:00+02:00,0.05333,1.46704,0.0,0.0
2017-05-27 09:38:00+02:00,0.05725,1.471621,0.0,0.0
2017-05-27 09:39:00+02:00,0.05581,1.47962,0.0,0.0
2017-05-27 09:40:00+02:00,0.05684,1.481897,0.0,0.0
2017-05-27 09:41:00+02:00,0.05936,1.484401,0.0,0.0
2017-05-27 09:42:00+02:00,0.06254,1.489988,0.0,0.0
2017-05-27 09:43:00+02:00,0.06359,1.496633,0.0,0.0
2017-05-27 09:44:00+02:00,0.06291,1.502539,0.0,0.0
2017-05-27 09:45:00+02:00,0.0624,1.506519,0.0,0.0
2017-05-27 09:46:00+02:00,0.05579,1.51,0.0,0.0
2017-05-27 09:47:00+02:00,0.05435,1.51411,0.0,0.0
2017-05-27 09:48:00+02:00,0.05535,1.523678,0.0,0.0
2017-05-27 09:49:00+02:00,0.0513,1.530153,0.0,0.0
2017-05-27 09:50:00+02:00,0.05482,1.531361,0.0,0.0
2017-05-27 09:51:00+02:00,0.05336,1.536039,0.0,0.0
2017-05-27 09:52:00+02:00,0.05153,1.541826,0.0,0.0
2017-05-27 09:53:00+02:00,0.05138,1.546524,0.0,0.0
2017-05-27 09:54:00+02:00,0.05281,1.554367,0.0,0.0
2017-05-27 09:55:00+02:00,0.05601,1.558996,0.0,0.0
2017-05-27 09:56:00+02:00,0.05859,1.563721,0.0,0.0
2017-05-27 09:57:00+02:00,0.06103,1.568684,0.0,0.0
2017-05-27 09:58:00+02:00,0.06049,1.572255,0.0,0.0
2017-05-27 09:59:00+02:00,0.05261,1.57709,0.0,0.0
2017-05-27 10:00:00+02:00,0.05183,1.583609,0.0,0.0
2017-05-27 10:01:00+02:00,0.05671,1.589549,0.0,0.0
2017-05-27 10:02:00+02:00,0.0544,1.591232,0.0,0.0
2017-05-27 10:03:00+02:00,0.05248,1.598071,0.0,0.0
2017-05-27 10:04:00+02:00,0.0516,1.602283,0.0,0.0
2017-05-27 10:05:00+02:00,0.05162,1.605521,0.0,0.0
2017-05-27 10:06:00+02:00,0.05757,1.610057,0.0,0.0
2017-05-27 10:07:00+02:00,0.05025,1.617152,0.0,0.0
2017-05-27 10:08:00+02:00,0.05106,1.621217,0.0,0.0
2017-05-27 10:09:00+02:00,0.05076,1.621199,0.0,0.0
2017-05-27 10:10:00+02:00,0.05285,1.627562,0.0,0.0
2017-05-27 10:11:00+02:00,0.05392,1.62833,0.0,0.0
2017-05-27 10:12:00+02:00,0.05452,1.633658,0.0,0.0
2017-05-27 10:13:00+02:00,0.05714,1.63708,0.0,0.0
2017-05-27 10:14:00+02:00,0.0554,1.640524,0.0,0.0
2017-05-27 10:15:00+02:00,0.05256,1.643915,0.0,0.0
2017-05-27 10:16:00+02:00,0.054,1.646813,0.0,0.0
2017-05-27 10:17:00+02:00,0.05541,1.655663,0.0,0.0
2017-05-27 10:18:00+02:00,0.05961,1.66111,0.0,0.0
2017-05-27 10:19:00+02:00,0.06392,1.66415,0.0,0.0
2017-05-27 10:20:00+02:00,0.06316,1.672627,0.0,0.0
2017-05-27 10:21:00+02:00,0.06072,1.675251,0.0,0.0
2017-05-27 10:22:00+02:00,0.0634,1.678601,0.0,0.0
2017-05-27 10:23:00+02:00,0.06176,1.686285,0.0,0.0
2017-05-27 10:24:00+02:00,0.05722,1.693825,0.0,0.0
2017-05-27 10:25:00+02:00,0.06181,1.698399,0.0,0.0
2017-05-27 10:26:00+02:00,0.05947,1.699159,0.0,0.0
2017-05-27 10:27:00+02:00,0.06563,1.705874,0.0,0.0
2017-05-27 10:28:00+02:00,0.07647,1.703225,0.0,0.0
2017-05-27 10:29:00+02:00,0.064,1.707048,0.0,0.0
2017-05-27 10:30:00+02:00,0.06454,1.714669,0.0,0.0
2017-05-27 10:31:00+02:00,0.06719,1.71895,0.0,0.0
2017-05-27 10:32:00+02:00,0.06793,1.72289,0.0,0.0
2017-05-27 10:33:00+02:00,0.05381,1.723127,0.0,0.0
2017-05-27 10:34:00+02:00,0.05286,1.725966,0.0,0.0
2017-05-27 10:35:00+02:00,0.0636,1.731323,0.0,0.0
2017-05-27 10:36:00+02:00,0.05846,1.738478,0.0,0.0
2017-05-27 10:37:00+02:00,0.05871,1.739464,0.0,0.0
2017-05-27 10:38:00+02:00,0.0609,1.743124,0.0,0.0
2017-05-27 10:39:00+02:00,0.06097,1.743889,0.0,0.0
2017-05-27 10:40:00+02:00,0.05721,1.743754,0.0,0.0
2017-05-27 10:41:00+02:00,0.05785,1.746616,0.0,0.0
2017-05-27 10:42:00+02:00,0.05846,1.754635,0.0,0.0
2017-05-27 10:43:00+02:00,0.06236,1.761665,0.0,0.0
2017-05-27 10:44:00+02:00,0.0638,1.764351,0.0,0.0
2017-05-27 10:45:00+02:00,0.06738,1.767769,0.0,0.0
2017-05-27 10:46:00+02:00,0.06867,1.773313,0.0,0.0
2017-05-27 10:47:00+02:00,0.06594,1.776389,0.0,0.0
2017-05-27 10:48:00+02:00,0.05799,1.785618,0.0,0.0
2017-05-27 10:49:00+02:00,0.05594,1.792237,0.0,0.0
2017-05-27 10:50:00+02:00,0.05735,1.792933,0.0,0.0
2017-05-27 10:51:00+02:00,0.05808,1.787904,0.0,0.0
2017-05-27 10:52:00+02:00,0.05528,1.79017,0.0,0.0
2017-05-27 10:53:00+02:00,0.05636,1.801411,0.0,0.0
2017-05-27 10:54:00+02:00,0.05355,1.802518,0.0,0.0
2017-05-27 10:55:00+02:00,0.04784,1.806647,0.0,0.0
2017-05-27 10:56:00+02:00,0.0483,1.809322,0.0,0.0
2017-05-27 10:57:00+02:00,0.04742,1.814441,0.0,0.0
2017-05-27 10:58:00+02:00,0.05079,1.814267,0.0,0.0
2017-05-27 10:59:00+02:00,0.05307,1.816281,0.0,0.0
2017-05-27 11:00:00+02:00,0.05416,1.820349,0.0,0.0
2017-05-27 11:01:00+02:00,0.05301,1.825389,0.0,0.0
2017-05-27 11:02:00+02:00,0.06156,1.825947,0.0,0.0
2017-05-27 11:03:00+02:00,0.0655,1.82335,0.0,0.0
2017-05-27 11:04:00+02:00,0.05383,1.819935,0.0,0.0
2017-05-27 11:05:00+02:00,0.05036,1.818374,0.0,0.0
2017-05-27 11:06:00+02:00,0.04596,1.824568,0.0,0.0
2017-05-27 11:07:00+02:00,0.0472,1.832683,0.0,0.0
2017-05-27 11:08:00+02:00,0.04451,1.831921,0.0,0.0
2017-05-27 11:09:00+02:00,0.04115,1.832243,0.0,0.0
2017-05-27 11:10:00+02:00,0.04098,1.836581,0.0,0.0
2017-05-27 11:11:00+02:00,0.04012,1.837991,0.0,0.0
2017-05-27 11:12:00+02:00,0.04459,1.844219,0.0,0.0
2017-05-27 11:13:00+02:00,0.04749,1.848784,0.0,0.0
2017-05-27 11:14:00+02:00,0.04661,1.858885,0.0,0.0
2017-05-27 11:15:00+02:00,0.04736,1.863988,0.0,0.0
2017-05-27 11:16:00+02:00,0.04451,1.867576,0.0,0.0
2017-05-27 11:17:00+02:00,0.04451,1.868708,0.0,0.0
2017-05-27 11:18:00+02:00,0.06441,1.871815,0.0,0.0
2017-05-27 11:19:00+02:00,0.04277,1.868324,0.0,0.0
2017-05-27 11:20:00+02:00,0.05338,1.871206,0.0,0.0
2017-05-27 11:21:00+02:00,0.0501,1.874713,0.0,0.0
2017-05-27 11:22:00+02:00,0.04573,1.876505,0.0,0.0
2017-05-27 11:23:00+02:00,0.04335,1.880102,0.0,0.0
2017-05-27 11:24:00+02:00,0.04598,1.884206,0.0,0.0
2017-05-27 11:25:00+02:00,0.04662,1.886074,0.0,0.0
2017-05-27 11:26:00+02:00,0.04701,1.888772,0.0,0.0
2017-05-27 11:27:00+02:00,0.04779,1.893265,0.0,0.0
2017-05-27 11:28:00+02:00,0.0438,1.895162,0.0,0.0
2017-05-27 11:29:00+02:00,0.04583,1.898492,0.0,0.0
2017-05-27 11:30:00+02:00,0.04953,1.905068,0.0,0.0
2017-05-27 11:31:00+02:00,0.05236,1.902802,0.0,0.0
2017-05-27 11:32:00+02:00,0.05572,1.904735,0.0,0.0
2017-05-27 11:33:00+02:00,0.05805,1.905898,0.0,0.0
2017-05-27 11:34:00+02:00,0.05931,1.909348,0.0,0.0
2017-05-27 11:35:00+02:00,0.05681,1.909606,0.0,0.0
2017-05-27 11:36:00+02:00,0.05597,1.910803,0.0,0.0
2017-05-27 11:37:00+02:00,0.05739,1.911686,0.0,0.0
2017-05-27 11:38:00+02:00,0.05283,1.914494,0.0,0.0
2017-05-27 11:39:00+02:00,0.05117,1.918174,0.0,0.0
2017-05-27 11:40:00+02:00,0.05086,1.91914,0.0,0.0
2017-05-27 11:41:00+02:00,0.05043,1.916473,0.0,0.0
2017-05-27 11:42:00+02:00,0.04772,1.913904,0.0,0.0
2017-05-27 11:43:00+02:00,0.04434,1.916555,0.0,0.0
2017-05-27 11:44:00+02:00,0.04489,1.921293,0.0,0.0
2017-05-27 11:45:00+02:00,0.047,1.928439,0.0,0.0
2017-05-27 11:46:00+02:00,0.04533,1.933411,0.0,0.0
2017-05-27 11:47:00+02:00,0.04237,1.933007,0.0,0.0
2017-05-27 11:48:00+02:00,0.04362,1.933038,0.0,0.0
2017-05-27 11:49:00+02:00,0.04689,1.938182,0.0,0.0
2017-05-27 11:50:00+02:00,0.04773,1.943599,0.0,0.0
2017-05-27 11:51:00+02:00,0.04705,1.945211,0.0,0.0
2017-05-27 11:52:00+02:00,0.04743,1.944022,0.0,0.0
2017-05-27 11:53:00+02:00,0.04599,1.944821,0.0,0.0
2017-05-27 11:54:00+02:00,0.04516,1.944508,0.0,0.0
2017-05-27 11:55:00+02:00,0.04567,1.94517,0.0,0.0
2017-05-27 11:56:00+02:00,0.04752,1.948549,0.0,0.0
2017-05-27 11:57:00+02:00,0.04708,1.949715,0.0,0.0
2017-05-27 11:58:00+02:00,0.04697,1.952959,0.0,0.0
2017-05-27 11:59:00+02:00,0.04764,1.954575,0.0,0.0
2017-05-27 12:00:00+02:00,0.05633,1.956245,0.0,0.0
2017-05-27 12:01:00+02:00,0.05655,1.95928,0.0,0.0
2017-05-27 12:02:00+02:00,0.04678,1.961536,0.0,0.0
2017-05-27 12:03:00+02:00,0.04696,1.964462,0.0,0.0
2017-05-27 12:04:00+02:00,0.05355,1.967279,0.0,0.0
2017-05-27 12:05:00+02:00,0.05186,1.964284,0.0,0.0
2017-05-27 12:06:00+02:00,0.04782,1.964077,0.0,0.0
2017-05-27 12:07:00+02:00,0.04782,1.964385,0.0,0.0
2017-05-27 12:08:00+02:00,0.04658,1.966586,0.0,0.0
2017-05-27 12:09:00+02:00,0.04782,1.96351,0.0,0.0
2017-05-27 12:10:00+02:00,0.04785,1.963357,0.0,0.0
2017-05-27 12:11:00+02:00,0.04481,1.964255,0.0,0.0
2017-05-27 12:12:00+02:00,0.04239,1.967857,0.0,0.0
2017-05-27 12:13:00+02:00,0.04058,1.968197,0.0,0.0
2017-05-27 12:14:00+02:00,0.04646,1.969101,0.0,0.0
2017-05-27 12:15:00+02:00,0.04508,1.973201,0.0,0.0
2017-05-27 12:16:00+02:00,0.04155,1.975412,0.0,0.0
2017-05-27 12:17:00+02:00,0.04449,1.972919,0.0,0.0
2017-05-27 12:18:00+02:00,0.04375,1.975543,0.0,0.0
2017-05-27 12:19:00+02:00,0.04192,1.979888,0.0,0.0
2017-05-27 12:20:00+02:00,0.04131,1.981737,0.0,0.0
2017-05-27 12:21:00+02:00,0.04212,1.982079,0.0,0.0
2017-05-27 12:22:00+02:00,0.04261,1.983274,0.0,0.0
2017-05-27 12:23:00+02:00,0.04273,1.98018,0.0,0.0
2017-05-27 12:24:00+02:00,0.04467,1.979753,0.0,0.0
2017-05-27 12:25:00+02:00,0.04556,1.972381,0.0,0.0
2017-05-27 12:26:00+02:00,0.0441,1.967567,0.0,0.0
2017-05-27 12:27:00+02:00,0.04471,1.973043,0.0,0.0
2017-05-27 12:28:00+02:00,0.04339,1.978754,0.0,0.0
2017-05-27 12:29:00+02:00,0.04066,1.981316,0.0,0.0
2017-05-27 12:30:00+02:00,0.04167,1.985625,0.0,0.0
2017-05-27 12:31:00+02:00,0.04164,1.986934,0.0,0.0
2017-05-27 12:32:00+02:00,0.04209,1.988716,0.0,0.0
2017-05-27 12:33:00+02:00,0.04078,1.991963,0.0,0.0
2017-05-27 12:34:00+02:00,0.04277,1.99276,0.0,0.0
2017-05-27 12:35:00+02:00,0.04982,1.994431,0.0,0.0
2017-05-27 12:36:00+02:00,0.04477,1.997584,0.0,0.0
2017-05-27 12:37:00+02:00,0.04014,1.992161,0.0,0.0
2017-05-27 12:38:00+02:00,0.04251,1.990663,0.0,0.0
2017-05-27 12:39:00+02:00,0.0467,1.987974,0.0,0.0
2017-05-27 12:40:00+02:00,0.05081,1.991063,0.0,0.0
2017-05-27 12:41:00+02:00,0.0455,1.990469,0.0,0.0
2017-05-27 12:42:00+02:00,0.04523,1.994609,0.0,0.0
2017-05-27 12:43:00+02:00,0.04519,1.993734,0.0,0.0
2017-05-27 12:44:00+02:00,0.04608,1.995084,0.0,0.0
2017-05-27 12:45:00+02:00,0.04309,1.996875,0.0,0.0
2017-05-27 12:46:00+02:00,0.04215,1.99298,0.0,0.0
2017-05-27 12:47:00+02:00,0.04168,1.993822,0.0,0.0
2017-05-27 12:48:00+02:00,0.0455,1.994117,0.0,0.0
2017-05-27 12:49:00+02:00,0.05159,1.990591,0.0,0.0
2017-05-27 12:50:00+02:00,0.04721,1.988892,0.0,0.0
2017-05-27 12:51:00+02:00,0.04437,1.988032,0.0,0.0
2017-05-27 12:52:00+02:00,0.04534,1.985071,0.0,0.0
2017-05-27 12:53:00+02:00,0.0449,1.989175,0.0,0.0
2017-05-27 12:54:00+02:00,0.0425,1.990478,0.0,0.0
2017-05-27 12:55:00+02:00,0.04138,1.991606,0.0,0.0
2017-05-27 12:56:00+02:00,0.04215,1.989898,0.0,0.0
2017-05-27 12:57:00+02:00,0.04714,1.987443,0.0,0.0
2017-05-27 12:58:00+02:00,0.05119,1.983485,0.0,0.0
2017-05-27 12:59:00+02:00,0.05637,1.984037,0.0,0.0
2017-05-27 13:00:00+02:00,0.05287,1.983632,0.0,0.0
2017-05-27 13:01:00+02:00,0.05459,1.987857,0.0,0.0
2017-05-27 13:02:00+02:00,0.0487,1.994045,0.0,0.0
2017-05-27 13:03:00+02:00,0.05048,1.994418,0.0,0.0
2017-05-27 13:04:00+02:00,0.04916,1.996175,0.0,0.0
2017-05-27 13:05:00+02:00,0.04767,1.995653,0.0,0.0
2017-05-27 13:06:00+02:00,0.04815,1.995334,0.0,0.0
2017-05-27 13:07:00+02:00,0.0493,1.995901,0.0,0.0
2017-05-27 13:08:00+02:00,0.04689,1.998038,0.0,0.0
2017-05-27 13:09:00+02:00,0.04628,1.999224,0.0,0.0
2017-05-27 13:10:00+02:00,0.0438,2.0003,0.0,0.0
2017-05-27 13:11:00+02:00,0.04466,2.002561,0.0,0.0
2017-05-27 13:12:00+02:00,0.04386,2.00005,0.0,0.0
2017-05-27 13:13:00+02:00,0.04343,1.99804,0.0,0.0
2017-05-27 13:14:00+02:00,0.04432,1.996328,0.0,0.0
2017-05-27 13:15:00+02:00,0.04101,1.998493,0.0,0.0
2017-05-27 13:16:00+02:00,0.04059,1.997001,0.0,0.0
2017-05-27 13:17:00+02:00,0.04573,1.994695,0.0,0.0
2017-05-27 13:18:00+02:00,0.04089,1.994069,0.0,0.0
2017-05-27 13:19:00+02:00,0.03951,1.990865,0.0,0.0
2017-05-27 13:20:00+02:00,0.04523,1.993262,0.0,0.0
2017-05-27 13:21:00+02:00,0.04661,1.989659,0.0,0.0
2017-05-27 13:22:00+02:00,0.04312,1.984806,0.0,0.0
2017-05-27 13:23:00+02:00,0.04353,1.986655,0.0,0.0
2017-05-27 13:24:00+02:00,0.04234,1.984606,0.0,0.0
2017-05-27 13:25:00+02:00,0.04359,1.986633,0.0,0.0
2017-05-27 13:26:00+02:00,0.04399,1.985521,0.0,0.0
2017-05-27 13:27:00+02:00,0.05172,1.986025,0.0,0.0
2017-05-27 13:28:00+02:00,0.04986,1.982983,0.0,0.0
2017-05-27 13:29:00+02:00,0.05201,1.975406,0.0,0.0
2017-05-27 13:30:00+02:00,0.05084,1.977579,0.0,0.0
2017-05-27 13:31:00+02:00,0.05407,1.972143,0.0,0.0
2017-05-27 13:32:00+02:00,0.0557,1.969286,0.0,0.0
2017-05-27 13:33:00+02:00,0.04967,1.971994,0.0,0.0
2017-05-27 13:34:00+02:00,0.04667,1.971691,0.0,0.0
2017-05-27 13:35:00+02:00,0.05559,1.973671,0.0,0.0
2017-05-27 13:36:00+02:00,0.0547,1.974852,0.0,0.0
2017-05-27 13:37:00+02:00,0.04932,1.973277,0.0,0.0
2017-05-27 13:38:00+02:00,0.048,1.969538,0.0,0.0
2017-05-27 13:39:00+02:00,0.04601,1.969979,0.0,0.0
2017-05-27 13:40:00+02:00,0.04542,1.969918,0.0,0.0
2017-05-27 13:41:00+02:00,0.04484,1.969502,0.0,0.0
2017-05-27 13:42:00+02:00,0.04655,1.963753,0.0,0.0
2017-05-27 13:43:00+02:00,0.04574,1.961203,0.0,0.0
2017-05-27 13:44:00+02:00,0.04234,1.962464,0.0,0.0
2017-05-27 13:45:00+02:00,0.04403,1.962428,0.0,0.0
2017-05-27 13:46:00+02:00,0.04968,1.956717,0.0,0.0
2017-05-27 13:47:00+02:00,0.05544,1.953569,0.0,0.0
2017-05-27 13:48:00+02:00,0.05078,1.952887,0.0,0.0
2017-05-27 13:49:00+02:00,0.04886,1.948154,0.0,0.0
2017-05-27 13:50:00+02:00,0.04892,1.946624,0.0,0.0
2017-05-27 13:51:00+02:00,0.05186,1.945397,0.0,0.0
2017-05-27 13:52:00+02:00,0.05452,1.946077,0.0,0.0
2017-05-27 13:53:00+02:00,0.04945,1.939207,0.0,0.0
2017-05-27 13:54:00+02:00,0.04849,1.936017,0.0,0.0
2017-05-27 13:55:00+02:00,0.04517,1.937126,0.0,0.0
2017-05-27 13:56:00+02:00,0.04955,1.934681,0.0,0.0
2017-05-27 13:57:00+02:00,0.05116,1.937198,0.0,0.0
2017-05-27 13:58:00+02:00,0.05257,1.936411,0.0,0.0
2017-05-27 13:59:00+02:00,0.04909,1.934649,0.0,0.0
2017-05-27 14:00:00+02:00,0.04761,1.932244,0.0,0.0
2017-05-27 14:01:00+02:00,0.04848,1.927879,0.0,0.0
2017-05-27 14:02:00+02:00,0.04867,1.925318,0.0,0.0
2017-05-27 14:03:00+02:00,0.0537,1.921757,0.0,0.0
2017-05-27 14:04:00+02:00,0.05642,1.918242,0.0,0.0
2017-05-27 14:05:00+02:00,0.05125,1.923163,0.0,0.0
2017-05-27 14:06:00+02:00,0.05264,1.923329,0.0,0.0
2017-05-27 14:07:00+02:00,0.05687,1.921646,0.0,0.0
2017-05-27 14:08:00+02:00,0.05657,1.916816,0.0,0.0
2017-05-27 14:09:00+02:00,0.05111,1.910153,0.0,0.0
2017-05-27 14:10:00+02:00,0.0494,1.908877,0.0,0.0
2017-05-27 14:11:00+02:00,0.0568,1.904717,0.0,0.0
2017-05-27 14:12:00+02:00,0.05365,1.904279,0.0,0.0
2017-05-27 14:13:00+02:00,0.05488,1.904398,0.0,0.0
2017-05-27 14:14:00+02:00,0.05706,1.905815,0.0,0.0
2017-05-27 14:15:00+02:00,0.05484,1.906315,0.0,0.0
2017-05-27 14:16:00+02:00,0.05269,1.905703,0.0,0.0
2017-05-27 14:17:00+02:00,0.05911,1.904549,0.0,0.0
2017-05-27 14:18:00+02:00,0.05639,1.901173,0.0,0.0
2017-05-27 14:19:00+02:00,0.0573,1.894842,0.0,0.0
2017-05-27 14:20:00+02:00,0.05556,1.892039,0.0,0.0
2017-05-27 14:21:00+02:00,0.05818,1.884377,0.0,0.0
2017-05-27 14:22:00+02:00,0.06029,1.888328,0.0,0.0
2017-05-27 14:23:00+02:00,0.06078,1.892817,0.0,0.0
2017-05-27 14:24:00+02:00,0.05793,1.893501,0.0,0.0
2017-05-27 14:25:00+02:00,0.05949,1.891352,0.0,0.0
2017-05-27 14:26:00+02:00,0.06274,1.888623,0.0,0.0
2017-05-27 14:27:00+02:00,0.06378,1.886326,0.0,0.0
2017-05-27 14:28:00+02:00,0.0647,1.886189,0.0,0.0
2017-05-27 14:29:00+02:00,0.05956,1.880703,0.0,0.0
2017-05-27 14:30:00+02:00,0.05875,1.872932,0.0,0.0
2017-05-27 14:31:00+02:00,0.05513,1.867419,0.0,0.0
2017-05-27 14:32:00+02:00,0.05193,1.86773,0.0,0.0
2017-05-27 14:33:00+02:00,0.06231,1.86134,0.0,0.0
2017-05-27 14:34:00+02:00,0.06142,1.851032,0.0,0.0
2017-05-27 14:35:00+02:00,0.05793,1.847981,0.0,0.0
2017-05-27 14:36:00+02:00,0.05878,1.85193,0.0,0.0
2017-05-27 14:37:00+02:00,0.06001,1.848258,0.0,0.0
2017-05-27 14:38:00+02:00,0.05766,1.849563,0.0,0.0
2017-05-27 14:39:00+02:00,0.058,1.851628,0.0,0.0
2017-05-27 14:40:00+02:00,0.05541,1.854227,0.0,0.0
2017-05-27 14:41:00+02:00,0.05462,1.855201,0.0,0.0
2017-05-27 14:42:00+02:00,0.05728,1.852578,0.0,0.0
2017-05-27 14:43:00+02:00,0.06101,1.844743,0.0,0.0
2017-05-27 14:44:00+02:00,0.05974,1.843313,0.0,0.0
2017-05-27 14:45:00+02:00,0.05575,1.841227,0.0,0.0
2017-05-27 14:46:00+02:00,0.05756,1.839964,0.0,0.0
2017-05-27 14:47:00+02:00,0.0482,1.834022,0.0,0.0
2017-05-27 14:48:00+02:00,0.04408,1.831172,0.0,0.0
2017-05-27 14:49:00+02:00,0.04416,1.826127,0.0,0.0
2017-05-27 14:50:00+02:00,0.04593,1.824197,0.0,0.0
2017-05-27 14:51:00+02:00,0.04689,1.818319,0.0,0.0
2017-05-27 14:52:00+02:00,0.04916,1.817073,0.0,0.0
2017-05-27 14:53:00+02:00,0.04632,1.812476,0.0,0.0
2017-05-27 14:54:00+02:00,0.04688,1.807547,0.0,0.0
2017-05-27 14:55:00+02:00,0.05542,1.804639,0.0,0.0
2017-05-27 14:56:00+02:00,0.05532,1.800916,0.0,0.0
2017-05-27 14:57:00+02:00,0.04394,1.796812,0.0,0.0
2017-05-27 14:58:00+02:00,0.04308,1.79725,0.0,0.0
2017-05-27 14:59:00+02:00,0.0423,1.7971,0.0,0.0
2017-05-27 15:00:00+02:00,0.04214,1.798115,0.0,0.0
2017-05-27 15:01:00+02:00,0.0431,1.797235,0.0,0.0
2017-05-27 15:02:00+02:00,0.04503,1.797014,0.0,0.0
2017-05-27 15:03:00+02:00,0.04405,1.790861,0.0,0.0
2017-05-27 15:04:00+02:00,0.04955,1.783894,0.0,0.0
2017-05-27 15:05:00+02:00,0.05417,1.787252,0.0,0.0
2017-05-27 15:06:00+02:00,0.05332,1.784893,0.0,0.0
2017-05-27 15:07:00+02:00,0.05093,1.780767,0.0,0.0
2017-05-27 15:08:00+02:00,0.0506,1.775696,0.0,0.0
2017-05-27 15:09:00+02:00,0.04987,1.770534,0.0,0.0
2017-05-27 15:10:00+02:00,0.04857,1.765575,0.0,0.0
2017-05-27 15:11:00+02:00,0.04862,1.760006,0.0,0.0
2017-05-27 15:12:00+02:00,0.04736,1.757122,0.0,0.0
2017-05-27 15:13:00+02:00,0.04624,1.755005,0.0,0.0
2017-05-27 15:14:00+02:00,0.04656,1.748257,0.0,0.0
2017-05-27 15:15:00+02:00,0.0479,1.741822,0.0,0.0
2017-05-27 15:16:00+02:00,0.04475,1.737956,0.0,0.0
2017-05-27 15:17:00+02:00,0.04067,1.735817,0.0,0.0
2017-05-27 15:18:00+02:00,0.03875,1.729467,0.0,0.0
2017-05-27 15:19:00+02:00,0.03866,1.728128,0.0,0.0
2017-05-27 15:20:00+02:00,0.0416,1.724953,0.0,0.0
2017-05-27 15:21:00+02:00,0.04043,1.723943,0.0,0.0
2017-05-27 15:22:00+02:00,0.04173,1.722829,0.0,0.0
2017-05-27 15:23:00+02:00,0.04202,1.724702,0.0,0.0
2017-05-27 15:24:00+02:00,0.0438,1.718087,0.0,0.0
2017-05-27 15:25:00+02:00,0.0515,1.713488,0.0,0.0
2017-05-27 15:26:00+02:00,0.05479,1.707046,0.0,0.0
2017-05-27 15:27:00+02:00,0.06062,1.703531,0.0,0.0
2017-05-27 15:28:00+02:00,0.06452,1.702741,0.0,0.0
2017-05-27 15:29:00+02:00,0.05961,1.697053,0.0,0.0
2017-05-27 15:30:00+02:00,0.05555,1.694587,0.0,0.0
2017-05-27 15:31:00+02:00,0.05442,1.693291,0.0,0.0
2017-05-27 15:32:00+02:00,0.05735,1.690331,0.0,0.0
2017-05-27 15:33:00+02:00,0.06495,1.688153,0.0,0.0
2017-05-27 15:34:00+02:00,0.06205,1.684044,0.0,0.0
2017-05-27 15:35:00+02:00,0.0608,1.680264,0.0,0.0
2017-05-27 15:36:00+02:00,0.05704,1.67393,0.0,0.0
2017-05-27 15:37:00+02:00,0.05749,1.666809,0.0,0.0
2017-05-27 15:38:00+02:00,0.05752,1.660991,0.0,0.0
2017-05-27 15:39:00+02:00,0.05543,1.65364,0.0,0.0
2017-05-27 15:40:00+02:00,0.05594,1.643396,0.0,0.0
2017-05-27 15:41:00+02:00,0.05588,1.634339,0.0,0.0
2017-05-27 15:42:00+02:00,0.05513,1.627616,0.0,0.0
2017-05-27 15:43:00+02:00,0.05456,1.624671,0.0,0.0
2017-05-27 15:44:00+02:00,0.05488,1.61948,0.0,0.0
2017-05-27 15:45:00+02:00,0.05288,1.61312,0.0,0.0
2017-05-27 15:46:00+02:00,0.05355,1.604543,0.0,0.0
2017-05-27 15:47:00+02:00,0.05368,1.599701,0.0,0.0
2017-05-27 15:48:00+02:00,0.05166,1.60061,0.0,0.0
2017-05-27 15:49:00+02:00,0.04632,1.600996,0.0,0.0
2017-05-27 15:50:00+02:00,0.05281,1.599482,0.0,0.0
2017-05-27 15:51:00+02:00,0.05354,1.596256,0.0,0.0
2017-05-27 15:52:00+02:00,0.05075,1.59577,0.0,0.0
2017-05-27 15:53:00+02:00,0.0494,1.592518,0.0,0.0
2017-05-27 15:54:00+02:00,0.05154,1.587652,0.0,0.0
2017-05-27 15:55:00+02:00,0.05177,1.581025,0.0,0.0
2017-05-27 15:56:00+02:00,0.04984,1.575916,0.0,0.0
2017-05-27 15:57:00+02:00,0.05505,1.572208,0.0,0.0
2017-05-27 15:58:00+02:00,0.05329,1.5678,0.0,0.0
2017-05-27 15:59:00+02:00,0.05327,1.563736,0.0,0.0
2017-05-27 16:00:00+02:00,0.05664,1.560193,0.0,0.0
2017-05-27 16:01:00+02:00,0.05889,1.5516,0.0,0.0
2017-05-27 16:02:00+02:00,0.06146,1.546798,0.0,0.0
2017-05-27 16:03:00+02:00,0.05543,1.544292,0.0,0.0
2017-05-27 16:04:00+02:00,0.05884,1.542616,0.0,0.0
2017-05-27 16:05:00+02:00,0.05614,1.537128,0.0,0.0
2017-05-27 16:06:00+02:00,0.05529,1.533908,0.0,0.0
2017-05-27 16:07:00+02:00,0.05901,1.528508,0.0,0.0
2017-05-27 16:08:00+02:00,0.05595,1.520012,0.0,0.0
2017-05-27 16:09:00+02:00,0.05961,1.514704,0.0,0.0
2017-05-27 16:10:00+02:00,0.05656,1.508209,0.0,0.0
2017-05-27 16:11:00+02:00,0.0506,1.501884,0.0,0.0
2017-05-27 16:12:00+02:00,0.0489,1.499191,0.0,0.0
2017-05-27 16:13:00+02:00,0.04848,1.49472,0.0,0.0
2017-05-27 16:14:00+02:00,0.04872,1.488105,0.0,0.0
2017-05-27 16:15:00+02:00,0.04989,1.485126,0.0,0.0
2017-05-27 16:16:00+02:00,0.04914,1.482494,0.0,0.0
2017-05-27 16:17:00+02:00,0.04888,1.479341,0.0,0.0
2017-05-27 16:18:00+02:00,0.05278,1.4742,0.0,0.0
2017-05-27 16:19:00+02:00,0.05624,1.467002,0.0,0.0
2017-05-27 16:20:00+02:00,0.05069,1.462327,0.0,0.0
2017-05-27 16:21:00+02:00,0.04713,1.457473,0.0,0.0
2017-05-27 16:22:00+02:00,0.04978,1.451612,0.0,0.0
2017-05-27 16:23:00+02:00,0.05341,1.447465,0.0,0.0
2017-05-27 16:24:00+02:00,0.05933,1.442171,0.0,0.0
2017-05-27 16:25:00+02:00,0.05975,1.436211,0.0,0.0
2017-05-27 16:26:00+02:00,0.05457,1.431128,0.0,0.0
2017-05-27 16:27:00+02:00,0.05484,1.425373,0.0,0.0
2017-05-27 16:28:00+02:00,0.05243,1.420331,0.0,0.0
2017-05-27 16:29:00+02:00,0.05548,1.415756,0.0,0.0
2017-05-27 16:30:00+02:00,0.05816,1.410176,0.0,0.0
2017-05-27 16:31:00+02:00,0.05317,1.406997,0.0,0.0
2017-05-27 16:32:00+02:00,0.049,1.402202,0.0,0.0
2017-05-27 16:33:00+02:00,0.04725,1.397615,0.0,0.0
2017-05-27 16:34:00+02:00,0.04833,1.391503,0.0,0.0
2017-05-27 16:35:00+02:00,0.0473,1.381774,0.0,0.0
2017-05-27 16:36:00+02:00,0.046,1.376708,0.0,0.0
2017-05-27 16:37:00+02:00,0.04637,1.370826,0.0,0.0
2017-05-27 16:38:00+02:00,0.0454,1.366969,0.0,0.0
2017-05-27 16:39:00+02:00,0.04512,1.360256,0.0,0.0
2017-05-27 16:40:00+02:00,0.04918,1.353965,0.0,0.0
2017-05-27 16:41:00+02:00,0.04915,1.344289,0.0,0.0
2017-05-27 16:42:00+02:00,0.05829,1.337762,0.0,0.0
2017-05-27 16:43:00+02:00,0.05778,1.332796,0.0,0.0
2017-05-27 16:44:00+02:00,0.0532,1.327541,0.0,0.0
2017-05-27 16:45:00+02:00,0.05749,1.319857,0.0,0.0
2017-05-27 16:46:00+02:00,0.05311,1.31497,0.0,0.0
2017-05-27 16:47:00+02:00,0.05688,1.307956,0.0,0.0
2017-05-27 16:48:00+02:00,0.05962,1.301974,0.0,0.0
2017-05-27 16:49:00+02:00,0.06029,1.296592,0.0,0.0
2017-05-27 16:50:00+02:00,0.05117,1.293687,0.0,0.0
2017-05-27 16:51:00+02:00,0.04774,1.288456,0.0,0.0
2017-05-27 16:52:00+02:00,0.04652,1.284032,0.0,0.0
2017-05-27 16:53:00+02:00,0.05066,1.277429,0.0,0.0
2017-05-27 16:54:00+02:00,0.05629,1.270251,0.0,0.0
2017-05-27 16:55:00+02:00,0.05937,1.261102,0.0,0.0
2017-05-27 16:56:00+02:00,0.06513,1.253417,0.0,0.0
2017-05-27 16:57:00+02:00,0.05868,1.247533,0.0,0.0
2017-05-27 16:58:00+02:00,0.05365,1.24466,0.0,0.0
2017-05-27 16:59:00+02:00,0.05279,1.237421,0.0,0.0
2017-05-27 17:00:00+02:00,0.06121,1.227742,0.0,0.0
2017-05-27 17:01:00+02:00,0.0604,1.219158,0.0,0.0
2017-05-27 17:02:00+02:00,0.05957,1.213756,0.0,0.0
2017-05-27 17:03:00+02:00,0.06197,1.216467,0.0,0.0
2017-05-27 17:04:00+02:00,0.05531,1.213598,0.0,0.0
2017-05-27 17:05:00+02:00,0.05352,1.20721,0.0,0.0
2017-05-27 17:06:00+02:00,0.05648,1.204027,0.0,0.0
2017-05-27 17:07:00+02:00,0.05842,1.198145,0.0,0.0
2017-05-27 17:08:00+02:00,0.05919,1.190698,0.0,0.0
2017-05-27 17:09:00+02:00,0.06207,1.182769,0.0,0.0
2017-05-27 17:10:00+02:00,0.06259,1.17718,0.0,0.0
2017-05-27 17:11:00+02:00,0.06165,1.167815,0.0,0.0
2017-05-27 17:12:00+02:00,0.05776,1.16068,0.0,0.0
2017-05-27 17:13:00+02:00,0.05747,1.154502,0.0,0.0
2017-05-27 17:14:00+02:00,0.06204,1.146809,0.0,0.0
2017-05-27 17:15:00+02:00,0.05849,1.140275,0.0,0.0
2017-05-27 17:16:00+02:00,0.05765,1.134751,0.0,0.0
2017-05-27 17:17:00+02:00,0.06045,1.130504,0.0,0.0
2017-05-27 17:18:00+02:00,0.05912,1.124761,0.0,0.0
2017-05-27 17:19:00+02:00,0.05196,1.120714,0.0,0.0
2017-05-27 17:20:00+02:00,0.05557,1.114511,0.0,0.0
2017-05-27 17:21:00+02:00,0.05526,1.110695,0.0,0.0
2017-05-27 17:22:00+02:00,0.05256,1.112458,0.0,0.0
2017-05-27 17:23:00+02:00,0.04905,1.108156,0.0,0.0
2017-05-27 17:24:00+02:00,0.0466,1.104853,0.0,0.0
2017-05-27 17:25:00+02:00,0.04868,1.098673,0.0,0.0
2017-05-27 17:26:00+02:00,0.05018,1.092694,0.0,0.0
2017-05-27 17:27:00+02:00,0.06403,1.08965,0.0,0.0
2017-05-27 17:28:00+02:00,0.05245,1.084315,0.0,0.0
2017-05-27 17:29:00+02:00,0.05959,1.078648,0.0,0.0
2017-05-27 17:30:00+02:00,0.05659,1.074721,0.0,0.0
2017-05-27 17:31:00+02:00,0.05595,1.069254,0.0,0.0
2017-05-27 17:32:00+02:00,0.05806,1.06,0.0,0.0
2017-05-27 17:33:00+02:00,0.05035,1.05134,0.0,0.0
2017-05-27 17:34:00+02:00,0.05553,1.042,0.0,0.0
2017-05-27 17:35:00+02:00,0.06021,1.03559,0.0,0.0
2017-05-27 17:36:00+02:00,0.06081,1.029958,0.0,0.0
2017-05-27 17:37:00+02:00,0.06077,1.024,0.0,0.0
2017-05-27 17:38:00+02:00,0.05634,1.018175,0.0,0.0
2017-05-27 17:39:00+02:00,0.0577,1.01549,0.0,0.0
2017-05-27 17:40:00+02:00,0.06392,1.015277,0.0,0.0
2017-05-27 17:41:00+02:00,0.06027,1.012702,0.0,0.0
2017-05-27 17:42:00+02:00,0.05942,1.008574,0.0,0.0
2017-05-27 17:43:00+02:00,0.06127,1.004432,0.0,0.0
2017-05-27 17:44:00+02:00,0.06297,1.001412,0.0,0.0
2017-05-27 17:45:00+02:00,0.05692,0.997187,0.0,0.0
2017-05-27 17:46:00+02:00,0.05446,0.99313,0.0,0.0
2017-05-27 17:47:00+02:00,0.05394,0.982904,0.0,0.0
2017-05-27 17:48:00+02:00,0.04825,0.978917,0.0,0.0
2017-05-27 17:49:00+02:00,0.05037,0.973481,0.0,0.0
2017-05-27 17:50:00+02:00,0.05387,0.968962,0.0,0.0
2017-05-27 17:51:00+02:00,0.05258,0.963592,0.0,0.0
2017-05-27 17:52:00+02:00,0.04953,0.956543,0.0,0.0
2017-05-27 17:53:00+02:00,0.05178,0.950243,0.0,0.0
2017-05-27 17:54:00+02:00,0.05268,0.94333,0.0,0.0
2017-05-27 17:55:00+02:00,0.05375,0.936106,0.0,0.0
2017-05-27 17:56:00+02:00,0.05454,0.932567,0.0,0.0
2017-05-27 17:57:00+02:00,0.05686,0.928021,0.0,0.0
2017-05-27 17:58:00+02:00,0.0588,0.919062,0.0,0.0
2017-05-27 17:59:00+02:00,0.0612,0.910919,0.0,0.0
2017-05-27 18:00:00+02:00,0.06219,0.902788,0.0,0.0
2017-05-27 18:01:00+02:00,0.06397,0.8964,0.0,0.0
2017-05-27 18:02:00+02:00,0.05353,0.893189,0.0,0.0
2017-05-27 18:03:00+02:00,0.05646,0.886907,0.0,0.0
2017-05-27 18:04:00+02:00,0.05921,0.882617,0.0,0.0
2017-05-27 18:05:00+02:00,0.05857,0.87892,0.0,0.0
2017-05-27 18:06:00+02:00,0.05455,0.877748,0.0,0.0
2017-05-27 18:07:00+02:00,0.05652,0.871979,0.0,0.0
2017-05-27 18:08:00+02:00,0.05643,0.865294,0.0,0.0
2017-05-27 18:09:00+02:00,0.05302,0.858719,0.0,0.0
2017-05-27 18:10:00+02:00,0.05525,0.85307,0.0,0.0
2017-05-27 18:11:00+02:00,0.05269,0.848484,0.0,0.0
2017-05-27 18:12:00+02:00,0.05167,0.845368,0.0,0.0
2017-05-27 18:13:00+02:00,0.05607,0.839171,0.0,0.0
2017-05-27 18:14:00+02:00,0.05871,0.832725,0.0,0.0
2017-05-27 18:15:00+02:00,0.05658,0.827802,0.0,0.0
2017-05-27 18:16:00+02:00,0.06181,0.823486,0.0,0.0
2017-05-27 18:17:00+02:00,0.06424,0.819832,0.0,0.0
2017-05-27 18:18:00+02:00,0.0581,0.818573,0.0,0.0
2017-05-27 18:19:00+02:00,0.05854,0.812205,0.0,0.0
2017-05-27 18:20:00+02:00,0.05682,0.804973,0.0,0.0
2017-05-27 18:21:00+02:00,0.05903,0.797848,0.0,0.0
2017-05-27 18:22:00+02:00,0.05426,0.794021,0.0,0.0
2017-05-27 18:23:00+02:00,0.05339,0.786949,0.0,0.0
2017-05-27 18:24:00+02:00,0.05426,0.779954,0.0,0.0
2017-05-27 18:25:00+02:00,0.05891,0.776808,0.0,0.0
2017-05-27 18:26:00+02:00,0.05982,0.773206,0.0,0.0
2017-05-27 18:27:00+02:00,0.05807,0.769374,0.0,0.0
2017-05-27 18:28:00+02:00,0.05568,0.766701,0.0,0.0
2017-05-27 18:29:00+02:00,0.05601,0.764372,0.0,0.0
2017-05-27 18:30:00+02:00,0.05285,0.759818,0.0,0.0
2017-05-27 18:31:00+02:00,0.05771,0.753894,0.0,0.0
2017-05-27 18:32:00+02:00,0.05086,0.747151,0.0,0.0
2017-05-27 18:33:00+02:00,0.0491,0.740302,0.0,0.0
2017-05-27 18:34:00+02:00,0.0498,0.7342,0.0,0.0
2017-05-27 18:35:00+02:00,0.04989,0.728788,0.0,0.0
2017-05-27 18:36:00+02:00,0.05294,0.722363,0.0,0.0
2017-05-27 18:37:00+02:00,0.05886,0.717316,0.0,0.0
2017-05-27 18:38:00+02:00,0.06254,0.711531,0.0,0.0
2017-05-27 18:39:00+02:00,0.05789,0.707922,0.0,0.0
2017-05-27 18:40:00+02:00,0.06098,0.702868,0.0,0.0
2017-05-27 18:41:00+02:00,0.06768,0.698675,0.0,0.0
2017-05-27 18:42:00+02:00,0.07244,0.694537,0.0,0.0
2017-05-27 18:43:00+02:00,0.07034,0.691441,0.0,0.0
2017-05-27 18:44:00+02:00,0.07302,0.687128,0.0,0.0
2017-05-27 18:45:00+02:00,0.06511,0.680189,0.0,0.0
2017-05-27 18:46:00+02:00,0.06524,0.673918,0.0,0.0
2017-05-27 18:47:00+02:00,0.06267,0.666772,0.0,0.0
2017-05-27 18:48:00+02:00,0.06006,0.661662,0.0,0.0
2017-05-27 18:49:00+02:00,0.06016,0.654923,0.0,0.0
2017-05-27 18:50:00+02:00,0.06078,0.649831,0.0,0.0
2017-05-27 18:51:00+02:00,0.05728,0.644954,0.0,0.0
2017-05-27 18:52:00+02:00,0.05519,0.64134,0.0,0.0
2017-05-27 18:53:00+02:00,0.06149,0.637173,0.0,0.0
2017-05-27 18:54:00+02:00,0.06124,0.631343,0.0,0.0
2017-05-27 18:55:00+02:00,0.05784,0.625046,0.0,0.0
2017-05-27 18:56:00+02:00,0.06042,0.61997,0.0,0.0
2017-05-27 18:57:00+02:00,0.05875,0.614183,0.0,0.0
2017-05-27 18:58:00+02:00,0.05618,0.609374,0.0,0.0
2017-05-27 18:59:00+02:00,0.05845,0.605533,0.0,0.0
2017-05-27 19:00:00+02:00,0.06049,0.600984,0.0,0.0
2017-05-27 19:01:00+02:00,0.06152,0.596596,0.0,0.0
2017-05-27 19:02:00+02:00,0.06174,0.592504,0.0,0.0
2017-05-27 19:03:00+02:00,0.06616,0.586505,0.0,0.0
2017-05-27 19:04:00+02:00,0.06543,0.581593,0.0,0.0
2017-05-27 19:05:00+02:00,0.06822,0.577208,0.0,0.0
2017-05-27 19:06:00+02:00,0.07083,0.574268,0.0,0.0
2017-05-27 19:07:00+02:00,0.07675,0.570479,0.0,0.0
2017-05-27 19:08:00+02:00,0.07546,0.566271,0.0,0.0
2017-05-27 19:09:00+02:00,0.07478,0.561605,0.0,0.0
2017-05-27 19:10:00+02:00,0.07158,0.555644,0.0,0.0
2017-05-27 19:11:00+02:00,0.06878,0.550784,0.0,0.0
2017-05-27 19:12:00+02:00,0.07018,0.545324,0.0,0.0
2017-05-27 19:13:00+02:00,0.0685,0.538988,0.0,0.0
2017-05-27 19:14:00+02:00,0.06807,0.531772,0.0,0.0
2017-05-27 19:15:00+02:00,0.06465,0.525908,0.0,0.0
2017-05-27 19:16:00+02:00,0.06574,0.519289,0.0,0.0
2017-05-27 19:17:00+02:00,0.06836,0.514634,0.0,0.0
2017-05-27 19:18:00+02:00,0.06886,0.509632,0.0,0.0
2017-05-27 19:19:00+02:00,0.07162,0.503645,0.0,0.0
2017-05-27 19:20:00+02:00,0.06967,0.497893,0.0,0.0
2017-05-27 19:21:00+02:00,0.07076,0.4919,0.0,0.0
2017-05-27 19:22:00+02:00,0.08093,0.48551,0.0,0.0
2017-05-27 19:23:00+02:00,0.08466,0.480413,0.0,0.0
2017-05-27 19:24:00+02:00,0.08918,0.474754,0.0,0.0
2017-05-27 19:25:00+02:00,0.08899,0.469874,0.0,0.0
2017-05-27 19:26:00+02:00,0.09515,0.465403,0.0,0.0
2017-05-27 19:27:00+02:00,0.08857,0.459873,0.0,0.0
2017-05-27 19:28:00+02:00,0.08408,0.453665,0.0,0.0
2017-05-27 19:29:00+02:00,0.08463,0.448241,0.0,0.0
2017-05-27 19:30:00+02:00,0.08531,0.441617,0.0,0.0
2017-05-27 19:31:00+02:00,0.09127,0.434263,0.0,0.0
2017-05-27 19:32:00+02:00,0.08714,0.430414,0.0,0.0
2017-05-27 19:33:00+02:00,0.08184,0.425669,0.0,0.0
2017-05-27 19:34:00+02:00,0.07937,0.420556,0.0,0.0
2017-05-27 19:35:00+02:00,0.07718,0.415046,0.0,0.0
2017-05-27 19:36:00+02:00,0.07691,0.410231,0.0,0.0
2017-05-27 19:37:00+02:00,0.07939,0.404321,0.0,0.0
2017-05-27 19:38:00+02:00,0.07852,0.396909,0.0,0.0
2017-05-27 19:39:00+02:00,0.07102,0.390443,0.0,0.0
2017-05-27 19:40:00+02:00,0.07561,0.384768,0.0,0.0
2017-05-27 19:41:00+02:00,0.07914,0.377833,0.0,0.0
2017-05-27 19:42:00+02:00,0.08301,0.371585,0.0,0.0
2017-05-27 19:43:00+02:00,0.08006,0.365827,0.0,0.0
2017-05-27 19:44:00+02:00,0.07219,0.358695,0.0,0.0
2017-05-27 19:45:00+02:00,0.07271,0.352161,0.0,0.0
2017-05-27 19:46:00+02:00,0.07416,0.346079,0.0,0.0
2017-05-27 19:47:00+02:00,0.07351,0.339233,0.0,0.0
2017-05-27 19:48:00+02:00,0.07489,0.333968,0.0,0.0
2017-05-27 19:49:00+02:00,0.08295,0.328007,0.0,0.0
2017-05-27 19:50:00+02:00,0.07907,0.321152,0.0,0.0
2017-05-27 19:51:00+02:00,0.07261,0.314019,0.0,0.0
2017-05-27 19:52:00+02:00,0.07598,0.307301,0.0,0.0
2017-05-27 19:53:00+02:00,0.08557,0.300607,0.0,0.0
2017-05-27 19:54:00+02:00,0.08009,0.295632,0.0,0.0
2017-05-27 19:55:00+02:00,0.08849,0.289118,0.0,0.0
2017-05-27 19:56:00+02:00,0.09161,0.282209,0.0,0.0
2017-05-27 19:57:00+02:00,0.08935,0.276138,0.0,0.0
2017-05-27 19:58:00+02:00,0.09066,0.269752,0.0,0.0
2017-05-27 19:59:00+02:00,0.08618,0.263556,0.0,0.0
2017-05-27 20:00:00+02:00,0.07503,0.2565,0.0,0.0
2017-05-27 20:01:00+02:00,0.08013,0.249836,0.0,0.0
2017-05-27 20:02:00+02:00,0.08004,0.243549,0.0,0.0
2017-05-27 20:03:00+02:00,0.07332,0.237836,0.0,0.0
2017-05-27 20:04:00+02:00,0.07649,0.232371,0.0,0.0
2017-05-27 20:05:00+02:00,0.08035,0.226037,0.0,0.0
2017-05-27 20:06:00+02:00,0.0734,0.220338,0.0,0.0
2017-05-27 20:07:00+02:00,0.07226,0.215082,0.0,0.0
2017-05-27 20:08:00+02:00,0.06865,0.208894,0.0,0.0
2017-05-27 20:09:00+02:00,0.06693,0.202612,0.0,0.0
2017-05-27 20:10:00+02:00,0.06467,0.195741,0.0,0.0
2017-05-27 20:11:00+02:00,0.06336,0.189986,0.0,0.0
2017-05-27 20:12:00+02:00,0.06627,0.185515,0.0,0.0
2017-05-27 20:13:00+02:00,0.07833,0.179726,0.0,0.0
2017-05-27 20:14:00+02:00,0.07603,0.173416,0.0,0.0
2017-05-27 20:15:00+02:00,0.07651,0.168163,0.0,0.0
2017-05-27 20:16:00+02:00,0.07197,0.162596,0.0,0.0
2017-05-27 20:17:00+02:00,0.07999,0.156616,0.0,0.0
2017-05-27 20:18:00+02:00,0.08395,0.152114,0.0,0.0
2017-05-27 20:19:00+02:00,0.08104,0.147137,0.0,0.0
2017-05-27 20:20:00+02:00,0.08046,0.141667,0.0,0.0
2017-05-27 20:21:00+02:00,0.07014,0.136622,0.0,0.0
2017-05-27 20:22:00+02:00,0.07058,0.130619,0.0,0.0
2017-05-27 20:23:00+02:00,0.0774,0.125046,0.0,0.0
2017-05-27 20:24:00+02:00,0.07461,0.119866,0.0,0.0
2017-05-27 20:25:00+02:00,0.06341,0.114318,0.0,0.0
2017-05-27 20:26:00+02:00,0.07316,0.107915,0.0,0.0
2017-05-27 20:27:00+02:00,0.07658,0.102125,0.0,0.0
2017-05-27 20:28:00+02:00,0.07455,0.096793,0.0,0.0
2017-05-27 20:29:00+02:00,0.08091,0.091019,0.0,0.0
2017-05-27 20:30:00+02:00,0.08728,0.084884,0.0,0.0
2017-05-27 20:31:00+02:00,0.08214,0.079184,0.0,0.0
2017-05-27 20:32:00+02:00,0.08322,0.073231,0.0,0.0
2017-05-27 20:33:00+02:00,0.08295,0.068661,0.0,0.0
2017-05-27 20:34:00+02:00,0.08215,0.063434,0.0,0.0
2017-05-27 20:35:00+02:00,0.07251,0.058,0.0,0.0
2017-05-27 20:36:00+02:00,0.07393,0.051467,0.0,0.0
2017-05-27 20:37:00+02:00,0.08129,0.0052,0.0,0.0
2017-05-27 20:38:00+02:00,0.07934,0.005562,0.0,0.0
2017-05-27 20:39:00+02:00,0.07677,0.001498,0.0,0.0
2017-05-27 20:40:00+02:00,0.08108,0.000623,0.0,0.0
2017-05-27 20:41:00+02:00,0.08167,0.00013,0.0,0.0
2017-05-27 20:42:00+02:00,0.07969,0.0,0.0,0.0
2017-05-27 20:43:00+02:00,0.07368,0.0,0.0,0.0
2017-05-27 20:44:00+02:00,0.07222,0.0,0.0,0.0
2017-05-27 20:45:00+02:00,0.07182,0.0,0.0,0.0
2017-05-27 20:46:00+02:00,0.06914,0.0,0.0,0.0
2017-05-27 20:47:00+02:00,0.06726,0.0,0.0,0.0
2017-05-27 20:48:00+02:00,0.06771,0.0,0.0,0.0
2017-05-27 20:49:00+02:00,0.06929,0.0,0.0,0.0
2017-05-27 20:50:00+02:00,0.0848,0.0,0.0,0.0
2017-05-27 20:51:00+02:00,0.09381,0.0,0.0,0.0
2017-05-27 20:52:00+02:00,0.0892,0.0,0.0,0.0
2017-05-27 20:53:00+02:00,0.0999,0.0,0.0,0.0
2017-05-27 20:54:00+02:00,0.09753,0.0,0.0,0.0
2017-05-27 20:55:00+02:00,0.08984,0.0,0.0,0.0
2017-05-27 20:56:00+02:00,0.08367,0.0,0.0,0.0
2017-05-27 20:57:00+02:00,0.07726,0.0,0.0,0.0
2017-05-27 20:58:00+02:00,0.07658,0.0,0.0,0.0
2017-05-27 20:59:00+02:00,0.0737,0.0,0.0,0.0
2017-05-27 21:00:00+02:00,0.07143,0.0,0.0,0.0
2017-05-27 21:01:00+02:00,0.07155,0.0,0.0,0.0
2017-05-27 21:02:00+02:00,0.07913,0.0,0.0,0.0
2017-05-27 21:03:00+02:00,0.08843,0.0,0.0,0.0
2017-05-27 21:04:00+02:00,0.09414,0.0,0.0,0.0
2017-05-27 21:05:00+02:00,0.09252,0.0,0.0,0.0
2017-05-27 21:06:00+02:00,0.09654,0.0,0.0,0.0
2017-05-27 21:07:00+02:00,0.09407,0.0,0.0,0.0
2017-05-27 21:08:00+02:00,0.08999,0.0,0.0,0.0
2017-05-27 21:09:00+02:00,0.08713,0.0,0.0,0.0
2017-05-27 21:10:00+02:00,0.09077,0.0,0.0,0.0
2017-05-27 21:11:00+02:00,0.09008,0.0,0.0,0.0
2017-05-27 21:12:00+02:00,0.08977,0.0,0.0,0.0
2017-05-27 21:13:00+02:00,0.08837,0.0,0.0,0.0
2017-05-27 21:14:00+02:00,0.08499,0.0,0.0,0.0
2017-05-27 21:15:00+02:00,0.08565,0.0,0.0,0.0
2017-05-27 21:16:00+02:00,0.08188,0.0,0.0,0.0
2017-05-27 21:17:00+02:00,0.0809,0.0,0.0,0.0
2017-05-27 21:18:00+02:00,0.08771,0.0,0.0,0.0
2017-05-27 21:19:00+02:00,0.07401,0.0,0.0,0.0
2017-05-27 21:20:00+02:00,0.07393,0.0,0.0,0.0
2017-05-27 21:21:00+02:00,0.07212,0.0,0.0,0.0
2017-05-27 21:22:00+02:00,0.07144,0.0,0.0,0.0
2017-05-27 21:23:00+02:00,0.07046,0.0,0.0,0.0
2017-05-27 21:24:00+02:00,0.06701,0.0,0.0,0.0
2017-05-27 21:25:00+02:00,0.06815,0.0,0.0,0.0
2017-05-27 21:26:00+02:00,0.0675,0.0,0.0,0.0
2017-05-27 21:27:00+02:00,0.0682,0.0,0.0,0.0
2017-05-27 21:28:00+02:00,0.06523,0.0,0.0,0.0
2017-05-27 21:29:00+02:00,0.06266,0.0,0.0,0.0
2017-05-27 21:30:00+02:00,0.05944,0.0,0.0,0.0
2017-05-27 21:31:00+02:00,0.06307,0.0,0.0,0.0
2017-05-27 21:32:00+02:00,0.06361,0.0,0.0,0.0
2017-05-27 21:33:00+02:00,0.0686,0.0,0.0,0.0
2017-05-27 21:34:00+02:00,0.06865,0.0,0.0,0.0
2017-05-27 21:35:00+02:00,0.06695,0.0,0.0,0.0
2017-05-27 21:36:00+02:00,0.06782,0.0,0.0,0.0
2017-05-27 21:37:00+02:00,0.06715,0.0,0.0,0.0
2017-05-27 21:38:00+02:00,0.06491,0.0,0.0,0.0
2017-05-27 21:39:00+02:00,0.06942,0.0,0.0,0.0
2017-05-27 21:40:00+02:00,0.07779,0.0,0.0,0.0
2017-05-27 21:41:00+02:00,0.07381,0.0,0.0,0.0
2017-05-27 21:42:00+02:00,0.07247,0.0,0.0,0.0
2017-05-27 21:43:00+02:00,0.07166,0.0,0.0,0.0
2017-05-27 21:44:00+02:00,0.0735,0.0,0.0,0.0
2017-05-27 21:45:00+02:00,0.0722,0.0,0.0,0.0
2017-05-27 21:46:00+02:00,0.07358,0.0,0.0,0.0
2017-05-27 21:47:00+02:00,0.07949,0.0,0.0,0.0
2017-05-27 21:48:00+02:00,0.07784,0.0,0.0,0.0
2017-05-27 21:49:00+02:00,0.07113,0.0,0.0,0.0
2017-05-27 21:50:00+02:00,0.07865,0.0,0.0,0.0
2017-05-27 21:51:00+02:00,0.07537,0.0,0.0,0.0
2017-05-27 21:52:00+02:00,0.07864,0.0,0.0,0.0
2017-05-27 21:53:00+02:00,0.07963,0.0,0.0,0.0
2017-05-27 21:54:00+02:00,0.07743,0.0,0.0,0.0
2017-05-27 21:55:00+02:00,0.08342,0.0,0.0,0.0
2017-05-27 21:56:00+02:00,0.08187,0.0,0.0,0.0
2017-05-27 21:57:00+02:00,0.08233,0.0,0.0,0.0
2017-05-27 21:58:00+02:00,0.08311,0.0,0.0,0.0
2017-05-27 21:59:00+02:00,0.08285,0.0,0.0,0.0
2017-05-27 22:00:00+02:00,0.08512,0.0,0.0,0.0
2017-05-27 22:01:00+02:00,0.08457,0.0,0.0,0.0
2017-05-27 22:02:00+02:00,0.08157,0.0,0.0,0.0
2017-05-27 22:03:00+02:00,0.06696,0.0,0.0,0.0
2017-05-27 22:04:00+02:00,0.06841,0.0,0.0,0.0
2017-05-27 22:05:00+02:00,0.07314,0.0,0.0,0.0
2017-05-27 22:06:00+02:00,0.07403,0.0,0.0,0.0
2017-05-27 22:07:00+02:00,0.07265,0.0,0.0,0.0
2017-05-27 22:08:00+02:00,0.07475,0.0,0.0,0.0
2017-05-27 22:09:00+02:00,0.07849,0.0,0.0,0.0
2017-05-27 22:10:00+02:00,0.08121,0.0,0.0,0.0
2017-05-27 22:11:00+02:00,0.07818,0.0,0.0,0.0
2017-05-27 22:12:00+02:00,0.08114,0.0,0.0,0.0
2017-05-27 22:13:00+02:00,0.08392,0.0,0.0,0.0
2017-05-27 22:14:00+02:00,0.07734,0.0,0.0,0.0
2017-05-27 22:15:00+02:00,0.07489,0.0,0.0,0.0
2017-05-27 22:16:00+02:00,0.07749,0.0,0.0,0.0
2017-05-27 22:17:00+02:00,0.08443,0.0,0.0,0.0
2017-05-27 22:18:00+02:00,0.07953,0.0,0.0,0.0
2017-05-27 22:19:00+02:00,0.06444,0.0,0.0,0.0
2017-05-27 22:20:00+02:00,0.06421,0.0,0.0,0.0
2017-05-27 22:21:00+02:00,0.0649,0.0,0.0,0.0
2017-05-27 22:22:00+02:00,0.06563,0.0,0.0,0.0
2017-05-27 22:23:00+02:00,0.06457,0.0,0.0,0.0
2017-05-27 22:24:00+02:00,0.06969,0.0,0.0,0.0
2017-05-27 22:25:00+02:00,0.07496,0.0,0.0,0.0
2017-05-27 22:26:00+02:00,0.07694,0.0,0.0,0.0
2017-05-27 22:27:00+02:00,0.07351,0.0,0.0,0.0
2017-05-27 22:28:00+02:00,0.07597,0.0,0.0,0.0
2017-05-27 22:29:00+02:00,0.08035,0.0,0.0,0.0
2017-05-27 22:30:00+02:00,0.0767,0.0,0.0,0.0
2017-05-27 22:31:00+02:00,0.0782,0.0,0.0,0.0
2017-05-27 22:32:00+02:00,0.08108,0.0,0.0,0.0
2017-05-27 22:33:00+02:00,0.07803,0.0,0.0,0.0
2017-05-27 22:34:00+02:00,0.07514,0.0,0.0,0.0
2017-05-27 22:35:00+02:00,0.067,0.0,0.0,0.0
2017-05-27 22:36:00+02:00,0.07408,0.0,0.0,0.0
2017-05-27 22:37:00+02:00,0.08176,0.0,0.0,0.0
2017-05-27 22:38:00+02:00,0.08981,0.0,0.0,0.0
2017-05-27 22:39:00+02:00,0.09064,0.0,0.0,0.0
2017-05-27 22:40:00+02:00,0.08104,0.0,0.0,0.0
2017-05-27 22:41:00+02:00,0.07337,0.0,0.0,0.0
2017-05-27 22:42:00+02:00,0.07848,0.0,0.0,0.0
2017-05-27 22:43:00+02:00,0.07796,0.0,0.0,0.0
2017-05-27 22:44:00+02:00,0.08297,0.0,0.0,0.0
2017-05-27 22:45:00+02:00,0.07813,0.0,0.0,0.0
2017-05-27 22:46:00+02:00,0.07526,0.0,0.0,0.0
2017-05-27 22:47:00+02:00,0.07528,0.0,0.0,0.0
2017-05-27 22:48:00+02:00,0.07579,0.0,0.0,0.0
2017-05-27 22:49:00+02:00,0.07464,0.0,0.0,0.0
2017-05-27 22:50:00+02:00,0.06777,0.0,0.0,0.0
2017-05-27 22:51:00+02:00,0.07009,0.0,0.0,0.0
2017-05-27 22:52:00+02:00,0.07216,0.0,0.0,0.0
2017-05-27 22:53:00+02:00,0.0712,0.0,0.0,0.0
2017-05-27 22:54:00+02:00,0.0729,0.0,0.0,0.0
2017-05-27 22:55:00+02:00,0.06842,0.0,0.0,0.0
2017-05-27 22:56:00+02:00,0.07105,0.0,0.0,0.0
2017-05-27 22:57:00+02:00,0.07654,0.0,0.0,0.0
2017-05-27 22:58:00+02:00,0.08015,0.0,0.0,0.0
2017-05-27 22:59:00+02:00,0.09334,0.0,0.0,0.0
2017-05-27 23:00:00+02:00,0.08245,0.0,0.0,0.0
2017-05-27 23:01:00+02:00,0.07687,0.0,0.0,0.0
2017-05-27 23:02:00+02:00,0.07222,0.0,0.0,0.0
2017-05-27 23:03:00+02:00,0.07386,0.0,0.0,0.0
2017-05-27 23:04:00+02:00,0.07069,0.0,0.0,0.0
2017-05-27 23:05:00+02:00,0.06658,0.0,0.0,0.0
2017-05-27 23:06:00+02:00,0.07136,0.0,0.0,0.0
2017-05-27 23:07:00+02:00,0.07329,0.0,0.0,0.0
2017-05-27 23:08:00+02:00,0.07446,0.0,0.0,0.0
2017-05-27 23:09:00+02:00,0.0794,0.0,0.0,0.0
2017-05-27 23:10:00+02:00,0.07671,0.0,0.0,0.0
2017-05-27 23:11:00+02:00,0.06889,0.0,0.0,0.0
2017-05-27 23:12:00+02:00,0.07757,0.0,0.0,0.0
2017-05-27 23:13:00+02:00,0.08253,0.0,0.0,0.0
2017-05-27 23:14:00+02:00,0.07148,0.0,0.0,0.0
2017-05-27 23:15:00+02:00,0.06863,0.0,0.0,0.0
2017-05-27 23:16:00+02:00,0.06968,0.0,0.0,0.0
2017-05-27 23:17:00+02:00,0.0727,0.0,0.0,0.0
2017-05-27 23:18:00+02:00,0.07537,0.0,0.0,0.0
2017-05-27 23:19:00+02:00,0.06598,0.0,0.0,0.0
2017-05-27 23:20:00+02:00,0.06238,0.0,0.0,0.0
2017-05-27 23:21:00+02:00,0.06035,0.0,0.0,0.0
2017-05-27 23:22:00+02:00,0.05985,0.0,0.0,0.0
2017-05-27 23:23:00+02:00,0.06368,0.0,0.0,0.0
2017-05-27 23:24:00+02:00,0.06834,0.0,0.0,0.0
2017-05-27 23:25:00+02:00,0.06709,0.0,0.0,0.0
2017-05-27 23:26:00+02:00,0.06959,0.0,0.0,0.0
2017-05-27 23:27:00+02:00,0.06806,0.0,0.0,0.0
2017-05-27 23:28:00+02:00,0.07405,0.0,0.0,0.0
2017-05-27 23:29:00+02:00,0.07572,0.0,0.0,0.0
2017-05-27 23:30:00+02:00,0.07508,0.0,0.0,0.0
2017-05-27 23:31:00+02:00,0.07452,0.0,0.0,0.0
2017-05-27 23:32:00+02:00,0.07068,0.0,0.0,0.0
2017-05-27 23:33:00+02:00,0.06911,0.0,0.0,0.0
2017-05-27 23:34:00+02:00,0.06961,0.0,0.0,0.0
2017-05-27 23:35:00+02:00,0.06441,0.0,0.0,0.0
2017-05-27 23:36:00+02:00,0.05819,0.0,0.0,0.0
2017-05-27 23:37:00+02:00,0.05726,0.0,0.0,0.0
2017-05-27 23:38:00+02:00,0.06149,0.0,0.0,0.0
2017-05-27 23:39:00+02:00,0.063,0.0,0.0,0.0
2017-05-27 23:40:00+02:00,0.06782,0.0,0.0,0.0
2017-05-27 23:41:00+02:00,0.07653,0.0,0.0,0.0
2017-05-27 23:42:00+02:00,0.06867,0.0,0.0,0.0
2017-05-27 23:43:00+02:00,0.06297,0.0,0.0,0.0
2017-05-27 23:44:00+02:00,0.06663,0.0,0.0,0.0
2017-05-27 23:45:00+02:00,0.06841,0.0,0.0,0.0
2017-05-27 23:46:00+02:00,0.0658,0.0,0.0,0.0
2017-05-27 23:47:00+02:00,0.0668,0.0,0.0,0.0
2017-05-27 23:48:00+02:00,0.06437,0.0,0.0,0.0
2017-05-27 23:49:00+02:00,0.06466,0.0,0.0,0.0
2017-05-27 23:50:00+02:00,0.06342,0.0,0.0,0.0
2017-05-27 23:51:00+02:00,0.06073,0.0,0.0,0.0
2017-05-27 23:52:00+02:00,0.05916,0.0,0.0,0.0
2017-05-27 23:53:00+02:00,0.06426,0.0,0.0,0.0
2017-05-27 23:54:00+02:00,0.065,0.0,0.0,0.0
2017-05-27 23:55:00+02:00,0.06433,0.0,0.0,0.0
2017-05-27 23:56:00+02:00,0.06462,0.0,0.0,0.0
2017-05-27 23:57:00+02:00,0.06869,0.0,0.0,0.0
2017-05-27 23:58:00+02:00,0.06671,0.0,0.0,0.0
2017-05-27 23:59:00+02:00,0.06525,0.0,0.0,0.0
2017-05-28 00:00:00+02:00,0.0615,0.0,0.0,0.0
2017-05-28 00:01:00+02:00,0.05681,0.0,0.0,0.0
2017-05-28 00:02:00+02:00,0.05695,0.0,0.0,0.0
2017-05-28 00:03:00+02:00,0.05664,0.0,0.0,0.0
2017-05-28 00:04:00+02:00,0.05563,0.0,0.0,0.0
2017-05-28 00:05:00+02:00,0.06168,0.0,0.0,0.0
2017-05-28 00:06:00+02:00,0.05899,0.0,0.0,0.0
2017-05-28 00:07:00+02:00,0.05593,0.0,0.0,0.0
2017-05-28 00:08:00+02:00,0.05775,0.0,0.0,0.0
2017-05-28 00:09:00+02:00,0.05919,0.0,0.0,0.0
2017-05-28 00:10:00+02:00,0.05766,0.0,0.0,0.0
2017-05-28 00:11:00+02:00,0.05612,0.0,0.0,0.0
2017-05-28 00:12:00+02:00,0.0542,0.0,0.0,0.0
2017-05-28 00:13:00+02:00,0.05091,0.0,0.0,0.0
2017-05-28 00:14:00+02:00,0.05211,0.0,0.0,0.0
2017-05-28 00:15:00+02:00,0.05412,0.0,0.0,0.0
2017-05-28 00:16:00+02:00,0.05268,0.0,0.0,0.0
2017-05-28 00:17:00+02:00,0.04894,0.0,0.0,0.0
2017-05-28 00:18:00+02:00,0.05096,0.0,0.0,0.0
2017-05-28 00:19:00+02:00,0.04954,0.0,0.0,0.0
2017-05-28 00:20:00+02:00,0.04925,0.0,0.0,0.0
2017-05-28 00:21:00+02:00,0.04965,0.0,0.0,0.0
2017-05-28 00:22:00+02:00,0.05014,0.0,0.0,0.0
2017-05-28 00:23:00+02:00,0.05292,0.0,0.0,0.0
2017-05-28 00:24:00+02:00,0.04855,0.0,0.0,0.0
2017-05-28 00:25:00+02:00,0.05423,0.0,0.0,0.0
2017-05-28 00:26:00+02:00,0.05547,0.0,0.0,0.0
2017-05-28 00:27:00+02:00,0.06024,0.0,0.0,0.0
2017-05-28 00:28:00+02:00,0.06116,0.0,0.0,0.0
2017-05-28 00:29:00+02:00,0.06722,0.0,0.0,0.0
2017-05-28 00:30:00+02:00,0.0659,0.0,0.0,0.0
2017-05-28 00:31:00+02:00,0.06173,0.0,0.0,0.0
2017-05-28 00:32:00+02:00,0.05909,0.0,0.0,0.0
2017-05-28 00:33:00+02:00,0.05868,0.0,0.0,0.0
2017-05-28 00:34:00+02:00,0.05797,0.0,0.0,0.0
2017-05-28 00:35:00+02:00,0.05528,0.0,0.0,0.0
2017-05-28 00:36:00+02:00,0.0599,0.0,0.0,0.0
2017-05-28 00:37:00+02:00,0.06011,0.0,0.0,0.0
2017-05-28 00:38:00+02:00,0.05309,0.0,0.0,0.0
2017-05-28 00:39:00+02:00,0.0499,0.0,0.0,0.0
2017-05-28 00:40:00+02:00,0.04889,0.0,0.0,0.0
2017-05-28 00:41:00+02:00,0.04803,0.0,0.0,0.0
2017-05-28 00:42:00+02:00,0.04681,0.0,0.0,0.0
2017-05-28 00:43:00+02:00,0.0523,0.0,0.0,0.0
2017-05-28 00:44:00+02:00,0.05263,0.0,0.0,0.0
2017-05-28 00:45:00+02:00,0.05354,0.0,0.0,0.0
2017-05-28 00:46:00+02:00,0.0513,0.0,0.0,0.0
2017-05-28 00:47:00+02:00,0.05628,0.0,0.0,0.0
2017-05-28 00:48:00+02:00,0.05728,0.0,0.0,0.0
2017-05-28 00:49:00+02:00,0.0605,0.0,0.0,0.0
2017-05-28 00:50:00+02:00,0.06094,0.0,0.0,0.0
2017-05-28 00:51:00+02:00,0.05821,0.0,0.0,0.0
2017-05-28 00:52:00+02:00,0.0544,0.0,0.0,0.0
2017-05-28 00:53:00+02:00,0.05123,0.0,0.0,0.0
2017-05-28 00:54:00+02:00,0.04767,0.0,0.0,0.0
2017-05-28 00:55:00+02:00,0.04758,0.0,0.0,0.0
2017-05-28 00:56:00+02:00,0.0456,0.0,0.0,0.0
2017-05-28 00:57:00+02:00,0.04856,0.0,0.0,0.0
2017-05-28 00:58:00+02:00,0.04727,0.0,0.0,0.0
2017-05-28 00:59:00+02:00,0.04877,0.0,0.0,0.0
2017-05-28 01:00:00+02:00,0.04161,0.0,0.0,0.0
2017-05-28 01:01:00+02:00,0.04691,0.0,0.0,0.0
2017-05-28 01:02:00+02:00,0.04407,0.0,0.0,0.0
2017-05-28 01:03:00+02:00,0.04416,0.0,0.0,0.0
2017-05-28 01:04:00+02:00,0.04386,0.0,0.0,0.0
2017-05-28 01:05:00+02:00,0.04125,0.0,0.0,0.0
2017-05-28 01:06:00+02:00,0.03831,0.0,0.0,0.0
2017-05-28 01:07:00+02:00,0.03967,0.0,0.0,0.0
2017-05-28 01:08:00+02:00,0.03945,0.0,0.0,0.0
2017-05-28 01:09:00+02:00,0.04067,0.0,0.0,0.0
2017-05-28 01:10:00+02:00,0.04143,0.0,0.0,0.0
2017-05-28 01:11:00+02:00,0.04619,0.0,0.0,0.0
2017-05-28 01:12:00+02:00,0.05028,0.0,0.0,0.0
2017-05-28 01:13:00+02:00,0.051,0.0,0.0,0.0
2017-05-28 01:14:00+02:00,0.0541,0.0,0.0,0.0
2017-05-28 01:15:00+02:00,0.06116,0.0,0.0,0.0
2017-05-28 01:16:00+02:00,0.06317,0.0,0.0,0.0
2017-05-28 01:17:00+02:00,0.05785,0.0,0.0,0.0
2017-05-28 01:18:00+02:00,0.05363,0.0,0.0,0.0
2017-05-28 01:19:00+02:00,0.05055,0.0,0.0,0.0
2017-05-28 01:20:00+02:00,0.04824,0.0,0.0,0.0
2017-05-28 01:21:00+02:00,0.04463,0.0,0.0,0.0
2017-05-28 01:22:00+02:00,0.04571,0.0,0.0,0.0
2017-05-28 01:23:00+02:00,0.05004,0.0,0.0,0.0
2017-05-28 01:24:00+02:00,0.05053,0.0,0.0,0.0
2017-05-28 01:25:00+02:00,0.04879,0.0,0.0,0.0
2017-05-28 01:26:00+02:00,0.04683,0.0,0.0,0.0
2017-05-28 01:27:00+02:00,0.04518,0.0,0.0,0.0
2017-05-28 01:28:00+02:00,0.04495,0.0,0.0,0.0
2017-05-28 01:29:00+02:00,0.04675,0.0,0.0,0.0
2017-05-28 01:30:00+02:00,0.04277,0.0,0.0,0.0
2017-05-28 01:31:00+02:00,0.04143,0.0,0.0,0.0
2017-05-28 01:32:00+02:00,0.04037,0.0,0.0,0.0
2017-05-28 01:33:00+02:00,0.04527,0.0,0.0,0.0
2017-05-28 01:34:00+02:00,0.04491,0.0,0.0,0.0
2017-05-28 01:35:00+02:00,0.04583,0.0,0.0,0.0
2017-05-28 01:36:00+02:00,0.05049,0.0,0.0,0.0
2017-05-28 01:37:00+02:00,0.05037,0.0,0.0,0.0
2017-05-28 01:38:00+02:00,0.04846,0.0,0.0,0.0
2017-05-28 01:39:00+02:00,0.04746,0.0,0.0,0.0
2017-05-28 01:40:00+02:00,0.04585,0.0,0.0,0.0
2017-05-28 01:41:00+02:00,0.04439,0.0,0.0,0.0
2017-05-28 01:42:00+02:00,0.0427,0.0,0.0,0.0
2017-05-28 01:43:00+02:00,0.04059,0.0,0.0,0.0
2017-05-28 01:44:00+02:00,0.04634,0.0,0.0,0.0
2017-05-28 01:45:00+02:00,0.04601,0.0,0.0,0.0
2017-05-28 01:46:00+02:00,0.04614,0.0,0.0,0.0
2017-05-28 01:47:00+02:00,0.04323,0.0,0.0,0.0
2017-05-28 01:48:00+02:00,0.04282,0.0,0.0,0.0
2017-05-28 01:49:00+02:00,0.04402,0.0,0.0,0.0
2017-05-28 01:50:00+02:00,0.0439,0.0,0.0,0.0
2017-05-28 01:51:00+02:00,0.0449,0.0,0.0,0.0
2017-05-28 01:52:00+02:00,0.04604,0.0,0.0,0.0
2017-05-28 01:53:00+02:00,0.03796,0.0,0.0,0.0
2017-05-28 01:54:00+02:00,0.0424,0.0,0.0,0.0
2017-05-28 01:55:00+02:00,0.04309,0.0,0.0,0.0
2017-05-28 01:56:00+02:00,0.03619,0.0,0.0,0.0
2017-05-28 01:57:00+02:00,0.04188,0.0,0.0,0.0
2017-05-28 01:58:00+02:00,0.04314,0.0,0.0,0.0
2017-05-28 01:59:00+02:00,0.03733,0.0,0.0,0.0
2017-05-28 02:00:00+02:00,0.03637,0.0,0.0,0.0
2017-05-28 02:01:00+02:00,0.03914,0.0,0.0,0.0
2017-05-28 02:02:00+02:00,0.03481,0.0,0.0,0.0
2017-05-28 02:03:00+02:00,0.0362,0.0,0.0,0.0
2017-05-28 02:04:00+02:00,0.03332,0.0,0.0,0.0
2017-05-28 02:05:00+02:00,0.0347,0.0,0.0,0.0
2017-05-28 02:06:00+02:00,0.03382,0.0,0.0,0.0
2017-05-28 02:07:00+02:00,0.03278,0.0,0.0,0.0
2017-05-28 02:08:00+02:00,0.03205,0.0,0.0,0.0
2017-05-28 02:09:00+02:00,0.03256,0.0,0.0,0.0
2017-05-28 02:10:00+02:00,0.03185,0.0,0.0,0.0
2017-05-28 02:11:00+02:00,0.02947,0.0,0.0,0.0
2017-05-28 02:12:00+02:00,0.02923,0.0,0.0,0.0
2017-05-28 02:13:00+02:00,0.02911,0.0,0.0,0.0
2017-05-28 02:14:00+02:00,0.02814,0.0,0.0,0.0
2017-05-28 02:15:00+02:00,0.02822,0.0,0.0,0.0
2017-05-28 02:16:00+02:00,0.02953,0.0,0.0,0.0
2017-05-28 02:17:00+02:00,0.03169,0.0,0.0,0.0
2017-05-28 02:18:00+02:00,0.03126,0.0,0.0,0.0
2017-05-28 02:19:00+02:00,0.03035,0.0,0.0,0.0
2017-05-28 02:20:00+02:00,0.03143,0.0,0.0,0.0
2017-05-28 02:21:00+02:00,0.03332,0.0,0.0,0.0
2017-05-28 02:22:00+02:00,0.03173,0.0,0.0,0.0
2017-05-28 02:23:00+02:00,0.02848,0.0,0.0,0.0
2017-05-28 02:24:00+02:00,0.0283,0.0,0.0,0.0
2017-05-28 02:25:00+02:00,0.02745,0.0,0.0,0.0
2017-05-28 02:26:00+02:00,0.02993,0.0,0.0,0.0
2017-05-28 02:27:00+02:00,0.02997,0.0,0.0,0.0
2017-05-28 02:28:00+02:00,0.0318,0.0,0.0,0.0
2017-05-28 02:29:00+02:00,0.03492,0.0,0.0,0.0
2017-05-28 02:30:00+02:00,0.02641,0.0,0.0,0.0
2017-05-28 02:31:00+02:00,0.02648,0.0,0.0,0.0
2017-05-28 02:32:00+02:00,0.02723,0.0,0.0,0.0
2017-05-28 02:33:00+02:00,0.02838,0.0,0.0,0.0
2017-05-28 02:34:00+02:00,0.02959,0.0,0.0,0.0
2017-05-28 02:35:00+02:00,0.03027,0.0,0.0,0.0
2017-05-28 02:36:00+02:00,0.03088,0.0,0.0,0.0
2017-05-28 02:37:00+02:00,0.03207,0.0,0.0,0.0
2017-05-28 02:38:00+02:00,0.03235,0.0,0.0,0.0
2017-05-28 02:39:00+02:00,0.03225,0.0,0.0,0.0
2017-05-28 02:40:00+02:00,0.03238,0.0,0.0,0.0
2017-05-28 02:41:00+02:00,0.03241,0.0,0.0,0.0
2017-05-28 02:42:00+02:00,0.03213,0.0,0.0,0.0
2017-05-28 02:43:00+02:00,0.03187,0.0,0.0,0.0
2017-05-28 02:44:00+02:00,0.02749,0.0,0.0,0.0
2017-05-28 02:45:00+02:00,0.02841,0.0,0.0,0.0
2017-05-28 02:46:00+02:00,0.02555,0.0,0.0,0.0
2017-05-28 02:47:00+02:00,0.02517,0.0,0.0,0.0
2017-05-28 02:48:00+02:00,0.02497,0.0,0.0,0.0
2017-05-28 02:49:00+02:00,0.02528,0.0,0.0,0.0
2017-05-28 02:50:00+02:00,0.02533,0.0,0.0,0.0
2017-05-28 02:51:00+02:00,0.02418,0.0,0.0,0.0
2017-05-28 02:52:00+02:00,0.02342,0.0,0.0,0.0
2017-05-28 02:53:00+02:00,0.02526,0.0,0.0,0.0
2017-05-28 02:54:00+02:00,0.02516,0.0,0.0,0.0
2017-05-28 02:55:00+02:00,0.02488,0.0,0.0,0.0
2017-05-28 02:56:00+02:00,0.02543,0.0,0.0,0.0
2017-05-28 02:57:00+02:00,0.02567,0.0,0.0,0.0
2017-05-28 02:58:00+02:00,0.0258,0.0,0.0,0.0
2017-05-28 02:59:00+02:00,0.02627,0.0,0.0,0.0
2017-05-28 03:00:00+02:00,0.02637,0.0,0.0,0.0
2017-05-28 03:01:00+02:00,0.0262,0.0,0.0,0.0
2017-05-28 03:02:00+02:00,0.02498,0.0,0.0,0.0
2017-05-28 03:03:00+02:00,0.02416,0.0,0.0,0.0
2017-05-28 03:04:00+02:00,0.02426,0.0,0.0,0.0
2017-05-28 03:05:00+02:00,0.02454,0.0,0.0,0.0
2017-05-28 03:06:00+02:00,0.02475,0.0,0.0,0.0
2017-05-28 03:07:00+02:00,0.02989,0.0,0.0,0.0
2017-05-28 03:08:00+02:00,0.02598,0.0,0.0,0.0
2017-05-28 03:09:00+02:00,0.02512,0.0,0.0,0.0
2017-05-28 03:10:00+02:00,0.0268,0.0,0.0,0.0
2017-05-28 03:11:00+02:00,0.02638,0.0,0.0,0.0
2017-05-28 03:12:00+02:00,0.02598,0.0,0.0,0.0
2017-05-28 03:13:00+02:00,0.02688,0.0,0.0,0.0
2017-05-28 03:14:00+02:00,0.02498,0.0,0.0,0.0
2017-05-28 03:15:00+02:00,0.02687,0.0,0.0,0.0
2017-05-28 03:16:00+02:00,0.02399,0.0,0.0,0.0
2017-05-28 03:17:00+02:00,0.02591,0.0,0.0,0.0
2017-05-28 03:18:00+02:00,0.02629,0.0,0.0,0.0
2017-05-28 03:19:00+02:00,0.02547,0.0,0.0,0.0
2017-05-28 03:20:00+02:00,0.02514,0.0,0.0,0.0
2017-05-28 03:21:00+02:00,0.02545,0.0,0.0,0.0
2017-05-28 03:22:00+02:00,0.02452,0.0,0.0,0.0
2017-05-28 03:23:00+02:00,0.0248,0.0,0.0,0.0
2017-05-28 03:24:00+02:00,0.02575,0.0,0.0,0.0
2017-05-28 03:25:00+02:00,0.02504,0.0,0.0,0.0
2017-05-28 03:26:00+02:00,0.02545,0.0,0.0,0.0
2017-05-28 03:27:00+02:00,0.02542,0.0,0.0,0.0
2017-05-28 03:28:00+02:00,0.02518,0.0,0.0,0.0
2017-05-28 03:29:00+02:00,0.02488,0.0,0.0,0.0
2017-05-28 03:30:00+02:00,0.02433,0.0,0.0,0.0
2017-05-28 03:31:00+02:00,0.02592,0.0,0.0,0.0
2017-05-28 03:32:00+02:00,0.027,0.0,0.0,0.0
2017-05-28 03:33:00+02:00,0.0228,0.0,0.0,0.0
2017-05-28 03:34:00+02:00,0.02353,0.0,0.0,0.0
2017-05-28 03:35:00+02:00,0.02286,0.0,0.0,0.0
2017-05-28 03:36:00+02:00,0.02338,0.0,0.0,0.0
2017-05-28 03:37:00+02:00,0.02301,0.0,0.0,0.0
2017-05-28 03:38:00+02:00,0.02383,0.0,0.0,0.0
2017-05-28 03:39:00+02:00,0.02316,0.0,0.0,0.0
2017-05-28 03:40:00+02:00,0.02389,0.0,0.0,0.0
2017-05-28 03:41:00+02:00,0.02376,0.0,0.0,0.0
2017-05-28 03:42:00+02:00,0.02748,0.0,0.0,0.0
2017-05-28 03:43:00+02:00,0.02825,0.0,0.0,0.0
2017-05-28 03:44:00+02:00,0.02724,0.0,0.0,0.0
2017-05-28 03:45:00+02:00,0.02547,0.0,0.0,0.0
2017-05-28 03:46:00+02:00,0.02521,0.0,0.0,0.0
2017-05-28 03:47:00+02:00,0.02528,0.0,0.0,0.0
2017-05-28 03:48:00+02:00,0.02512,0.0,0.0,0.0
2017-05-28 03:49:00+02:00,0.02579,0.0,0.0,0.0
2017-05-28 03:50:00+02:00,0.02596,0.0,0.0,0.0
2017-05-28 03:51:00+02:00,0.0258,0.0,0.0,0.0
2017-05-28 03:52:00+02:00,0.02544,0.0,0.0,0.0
2017-05-28 03:53:00+02:00,0.02558,0.0,0.0,0.0
2017-05-28 03:54:00+02:00,0.02525,0.0,0.0,0.0
2017-05-28 03:55:00+02:00,0.02491,0.0,0.0,0.0
2017-05-28 03:56:00+02:00,0.02499,0.0,0.0,0.0
2017-05-28 03:57:00+02:00,0.02477,0.0,0.0,0.0
2017-05-28 03:58:00+02:00,0.02446,0.0,0.0,0.0
2017-05-28 03:59:00+02:00,0.02767,0.0,0.0,0.0
2017-05-28 04:00:00+02:00,0.02972,0.0,0.0,0.0
2017-05-28 04:01:00+02:00,0.02712,0.0,0.0,0.0
2017-05-28 04:02:00+02:00,0.03208,0.0,0.0,0.0
2017-05-28 04:03:00+02:00,0.02546,0.0,0.0,0.0
2017-05-28 04:04:00+02:00,0.02657,0.0,0.0,0.0
2017-05-28 04:05:00+02:00,0.02461,0.0,0.0,0.0
2017-05-28 04:06:00+02:00,0.0241,0.0,0.0,0.0
2017-05-28 04:07:00+02:00,0.02439,0.0,0.0,0.0
2017-05-28 04:08:00+02:00,0.02591,0.0,0.0,0.0
2017-05-28 04:09:00+02:00,0.02679,0.0,0.0,0.0
2017-05-28 04:10:00+02:00,0.02851,0.0,0.0,0.0
2017-05-28 04:11:00+02:00,0.02862,0.0,0.0,0.0
2017-05-28 04:12:00+02:00,0.02735,0.0,0.0,0.0
2017-05-28 04:13:00+02:00,0.02801,0.0,0.0,0.0
2017-05-28 04:14:00+02:00,0.02909,0.0,0.0,0.0
2017-05-28 04:15:00+02:00,0.02867,0.0,0.0,0.0
2017-05-28 04:16:00+02:00,0.02806,0.0,0.0,0.0
2017-05-28 04:17:00+02:00,0.02571,0.0,0.0,0.0
2017-05-28 04:18:00+02:00,0.02626,0.0,0.0,0.0
2017-05-28 04:19:00+02:00,0.02669,0.0,0.0,0.0
2017-05-28 04:20:00+02:00,0.02641,0.0,0.0,0.0
2017-05-28 04:21:00+02:00,0.02604,0.0,0.0,0.0
2017-05-28 04:22:00+02:00,0.02848,0.0,0.0,0.0
2017-05-28 04:23:00+02:00,0.02836,0.0,0.0,0.0
2017-05-28 04:24:00+02:00,0.02783,0.0,0.0,0.0
2017-05-28 04:25:00+02:00,0.02744,0.0,0.0,0.0
2017-05-28 04:26:00+02:00,0.02604,0.0,0.0,0.0
2017-05-28 04:27:00+02:00,0.02668,0.0,0.0,0.0
2017-05-28 04:28:00+02:00,0.02634,0.0,0.0,0.0
2017-05-28 04:29:00+02:00,0.02578,0.0,0.0,0.0
2017-05-28 04:30:00+02:00,0.02666,0.0,0.0,0.0
2017-05-28 04:31:00+02:00,0.02709,0.0,0.0,0.0
2017-05-28 04:32:00+02:00,0.02567,0.0,0.0,0.0
2017-05-28 04:33:00+02:00,0.02549,0.0,0.0,0.0
2017-05-28 04:34:00+02:00,0.02646,0.0,0.0,0.0
2017-05-28 04:35:00+02:00,0.02664,0.0,0.0,0.0
2017-05-28 04:36:00+02:00,0.03041,0.0,0.0,0.0
2017-05-28 04:37:00+02:00,0.02738,0.0,0.0,0.0
2017-05-28 04:38:00+02:00,0.02448,0.0,0.0,0.0
2017-05-28 04:39:00+02:00,0.02418,0.0,0.0,0.0
2017-05-28 04:40:00+02:00,0.02535,0.0,0.0,0.0
2017-05-28 04:41:00+02:00,0.02605,0.0,0.0,0.0
2017-05-28 04:42:00+02:00,0.02383,0.0,0.0,0.0
2017-05-28 04:43:00+02:00,0.02722,0.0,0.0,0.0
2017-05-28 04:44:00+02:00,0.02448,0.0,0.0,0.0
2017-05-28 04:45:00+02:00,0.02555,0.0,0.0,0.0
2017-05-28 04:46:00+02:00,0.02639,0.0,0.0,0.0
2017-05-28 04:47:00+02:00,0.02683,0.0,0.0,0.0
2017-05-28 04:48:00+02:00,0.03031,0.0,0.0,0.0
2017-05-28 04:49:00+02:00,0.02663,0.0,0.0,0.0
2017-05-28 04:50:00+02:00,0.02768,0.0,0.0,0.0
2017-05-28 04:51:00+02:00,0.02713,0.0,0.0,0.0
2017-05-28 04:52:00+02:00,0.02521,0.0,0.0,0.0
2017-05-28 04:53:00+02:00,0.02596,0.0,0.0,0.0
2017-05-28 04:54:00+02:00,0.02535,0.0,0.0,0.0
2017-05-28 04:55:00+02:00,0.02544,0.0,0.0,0.0
2017-05-28 04:56:00+02:00,0.02579,0.0,0.0,0.0
2017-05-28 04:57:00+02:00,0.02417,0.0,0.0,0.0
2017-05-28 04:58:00+02:00,0.02389,0.0,0.0,0.0
2017-05-28 04:59:00+02:00,0.02384,0.0,0.0,0.0
2017-05-28 05:00:00+02:00,0.02423,0.0,0.0,0.0
2017-05-28 05:01:00+02:00,0.02412,0.0,0.0,0.0
2017-05-28 05:02:00+02:00,0.02394,0.0,0.0,0.0
2017-05-28 05:03:00+02:00,0.02406,0.0,0.0,0.0
2017-05-28 05:04:00+02:00,0.02442,0.0,0.0,0.0
2017-05-28 05:05:00+02:00,0.02531,0.0,0.0,0.0
2017-05-28 05:06:00+02:00,0.02594,0.0,0.0,0.0
2017-05-28 05:07:00+02:00,0.02754,0.0,0.0,0.0
2017-05-28 05:08:00+02:00,0.0266,0.0,0.0,0.0
2017-05-28 05:09:00+02:00,0.0279,0.0,0.0,0.0
2017-05-28 05:10:00+02:00,0.02604,0.0,0.0,0.0
2017-05-28 05:11:00+02:00,0.02423,0.0,0.0,0.0
2017-05-28 05:12:00+02:00,0.02456,0.0,0.0,0.0
2017-05-28 05:13:00+02:00,0.02453,0.0,0.0,0.0
2017-05-28 05:14:00+02:00,0.02527,0.0,0.0,0.0
2017-05-28 05:15:00+02:00,0.02653,0.0,0.0,0.0
2017-05-28 05:16:00+02:00,0.0261,0.0,0.0,0.0
2017-05-28 05:17:00+02:00,0.02474,0.0,0.0,0.0
2017-05-28 05:18:00+02:00,0.02468,0.0,0.0,0.0
2017-05-28 05:19:00+02:00,0.02675,0.0,0.0,0.0
2017-05-28 05:20:00+02:00,0.02546,0.0,0.0,0.0
2017-05-28 05:21:00+02:00,0.02506,0.0,0.0,0.0
2017-05-28 05:22:00+02:00,0.02452,0.0,0.0,0.0
2017-05-28 05:23:00+02:00,0.02363,0.0,0.0,0.0
2017-05-28 05:24:00+02:00,0.02332,0.0,0.0,0.0
2017-05-28 05:25:00+02:00,0.02322,0.0,0.0,0.0
2017-05-28 05:26:00+02:00,0.02327,0.0,0.0,0.0
2017-05-28 05:27:00+02:00,0.02278,0.0,0.0,0.0
2017-05-28 05:28:00+02:00,0.02319,0.0,0.0,0.0
2017-05-28 05:29:00+02:00,0.02502,0.000382,0.0,0.0
2017-05-28 05:30:00+02:00,0.02238,0.000767,0.0,0.0
2017-05-28 05:31:00+02:00,0.02477,0.048001,0.0,0.0
2017-05-28 05:32:00+02:00,0.02302,0.052016,0.0,0.0
2017-05-28 05:33:00+02:00,0.02279,0.058552,0.0,0.0
2017-05-28 05:34:00+02:00,0.02331,0.063149,0.0,0.0
2017-05-28 05:35:00+02:00,0.02381,0.069044,0.0,0.0
2017-05-28 05:36:00+02:00,0.02369,0.074219,0.0,0.0
2017-05-28 05:37:00+02:00,0.02499,0.079047,0.0,0.0
2017-05-28 05:38:00+02:00,0.02363,0.084751,0.0,0.0
2017-05-28 05:39:00+02:00,0.02367,0.090833,0.0,0.0
2017-05-28 05:40:00+02:00,0.0256,0.096039,0.0,0.0
2017-05-28 05:41:00+02:00,0.02546,0.101608,0.0,0.0
2017-05-28 05:42:00+02:00,0.02524,0.107959,0.0,0.0
2017-05-28 05:43:00+02:00,0.02477,0.113513,0.0,0.0
2017-05-28 05:44:00+02:00,0.02428,0.120033,0.0,0.0
2017-05-28 05:45:00+02:00,0.02415,0.126092,0.0,0.0
2017-05-28 05:46:00+02:00,0.02402,0.131755,0.0,0.0
2017-05-28 05:47:00+02:00,0.02449,0.138211,0.0,0.0
2017-05-28 05:48:00+02:00,0.02521,0.14488,0.0,0.0
2017-05-28 05:49:00+02:00,0.02401,0.151015,0.0,0.0
2017-05-28 05:50:00+02:00,0.02436,0.157932,0.0,0.0
2017-05-28 05:51:00+02:00,0.0258,0.164813,0.0,0.0
2017-05-28 05:52:00+02:00,0.02591,0.170275,0.0,0.0
2017-05-28 05:53:00+02:00,0.02594,0.176152,0.0,0.0
2017-05-28 05:54:00+02:00,0.02809,0.182563,0.0,0.0
2017-05-28 05:55:00+02:00,0.02703,0.190251,0.0,0.0
2017-05-28 05:56:00+02:00,0.02676,0.197014,0.0,0.0
2017-05-28 05:57:00+02:00,0.02764,0.203472,0.0,0.0
2017-05-28 05:58:00+02:00,0.02738,0.210321,0.0,0.0
2017-05-28 05:59:00+02:00,0.02776,0.217082,0.0,0.0
2017-05-28 06:00:00+02:00,0.02677,0.223808,0.0,0.0
2017-05-28 06:01:00+02:00,0.0287,0.233104,0.0,0.0
2017-05-28 06:02:00+02:00,0.0278,0.238001,0.0,0.0
2017-05-28 06:03:00+02:00,0.0274,0.24367,0.0,0.0
2017-05-28 06:04:00+02:00,0.02763,0.250688,0.0,0.0
2017-05-28 06:05:00+02:00,0.02662,0.259124,0.0,0.0
2017-05-28 06:06:00+02:00,0.02737,0.265894,0.0,0.0
2017-05-28 06:07:00+02:00,0.02946,0.272709,0.0,0.0
2017-05-28 06:08:00+02:00,0.03084,0.279308,0.0,0.0
2017-05-28 06:09:00+02:00,0.02979,0.286376,0.0,0.0
2017-05-28 06:10:00+02:00,0.03648,0.293582,0.0,0.0
2017-05-28 06:11:00+02:00,0.03077,0.299914,0.0,0.0
2017-05-28 06:12:00+02:00,0.03038,0.30672,0.0,0.0
2017-05-28 06:13:00+02:00,0.03187,0.314577,0.0,0.0
2017-05-28 06:14:00+02:00,0.03161,0.321748,0.0,0.0
2017-05-28 06:15:00+02:00,0.03118,0.328923,0.0,0.0
2017-05-28 06:16:00+02:00,0.02846,0.336562,0.0,0.0
2017-05-28 06:17:00+02:00,0.02733,0.343206,0.0,0.0
2017-05-28 06:18:00+02:00,0.02808,0.350467,0.0,0.0
2017-05-28 06:19:00+02:00,0.02663,0.356762,0.0,0.0
2017-05-28 06:20:00+02:00,0.02782,0.363487,0.0,0.0
2017-05-28 06:21:00+02:00,0.02777,0.370064,0.0,0.0
2017-05-28 06:22:00+02:00,0.0261,0.376466,0.0,0.0
2017-05-28 06:23:00+02:00,0.02646,0.382529,0.0,0.0
2017-05-28 06:24:00+02:00,0.02747,0.389054,0.0,0.0
2017-05-28 06:25:00+02:00,0.02845,0.395653,0.0,0.0
2017-05-28 06:26:00+02:00,0.03019,0.402071,0.0,0.0
2017-05-28 06:27:00+02:00,0.03099,0.409459,0.0,0.0
2017-05-28 06:28:00+02:00,0.0315,0.4162,0.0,0.0
2017-05-28 06:29:00+02:00,0.03127,0.423005,0.0,0.0
2017-05-28 06:30:00+02:00,0.03682,0.430409,0.0,0.0
2017-05-28 06:31:00+02:00,0.03294,0.43857,0.0,0.0
2017-05-28 06:32:00+02:00,0.03154,0.445712,0.0,0.0
2017-05-28 06:33:00+02:00,0.03767,0.452934,0.0,0.0
2017-05-28 06:34:00+02:00,0.03772,0.459227,0.0,0.0
2017-05-28 06:35:00+02:00,0.03338,0.465835,0.0,0.0
2017-05-28 06:36:00+02:00,0.03408,0.472016,0.0,0.0
2017-05-28 06:37:00+02:00,0.03547,0.478228,0.0,0.0
2017-05-28 06:38:00+02:00,0.03645,0.483287,0.0,0.0
2017-05-28 06:39:00+02:00,0.03696,0.48875,0.0,0.0
2017-05-28 06:40:00+02:00,0.03636,0.495443,0.0,0.0
2017-05-28 06:41:00+02:00,0.03718,0.501458,0.0,0.0
2017-05-28 06:42:00+02:00,0.03775,0.50717,0.0,0.0
2017-05-28 06:43:00+02:00,0.03716,0.512721,0.0,0.0
2017-05-28 06:44:00+02:00,0.03839,0.518539,0.0,0.0
2017-05-28 06:45:00+02:00,0.03752,0.524515,0.0,0.0
2017-05-28 06:46:00+02:00,0.0393,0.529855,0.0,0.0
2017-05-28 06:47:00+02:00,0.03978,0.53609,0.0,0.0
2017-05-28 06:48:00+02:00,0.03955,0.542434,0.0,0.0
2017-05-28 06:49:00+02:00,0.0414,0.548523,0.0,0.0
2017-05-28 06:50:00+02:00,0.03959,0.553045,0.0,0.0
2017-05-28 06:51:00+02:00,0.03935,0.55881,0.0,0.0
2017-05-28 06:52:00+02:00,0.0415,0.563989,0.0,0.0
2017-05-28 06:53:00+02:00,0.04204,0.570566,0.0,0.0
2017-05-28 06:54:00+02:00,0.03892,0.576419,0.0,0.0
2017-05-28 06:55:00+02:00,0.04237,0.581584,0.0,0.0
2017-05-28 06:56:00+02:00,0.04425,0.58703,0.0,0.0
2017-05-28 06:57:00+02:00,0.04163,0.592074,0.0,0.0
2017-05-28 06:58:00+02:00,0.04727,0.596801,0.0,0.0
2017-05-28 06:59:00+02:00,0.04101,0.601592,0.0,0.0
2017-05-28 07:00:00+02:00,0.04075,0.60696,0.0,0.0
2017-05-28 07:01:00+02:00,0.04165,0.613528,0.0,0.0
2017-05-28 07:02:00+02:00,0.04378,0.619121,0.0,0.0
2017-05-28 07:03:00+02:00,0.05123,0.624508,0.0,0.0
2017-05-28 07:04:00+02:00,0.04248,0.630364,0.0,0.0
2017-05-28 07:05:00+02:00,0.04461,0.635465,0.0,0.0
2017-05-28 07:06:00+02:00,0.04348,0.641687,0.0,0.0
2017-05-28 07:07:00+02:00,0.04485,0.646456,0.0,0.0
2017-05-28 07:08:00+02:00,0.05138,0.652671,0.0,0.0
2017-05-28 07:09:00+02:00,0.05896,0.658514,0.0,0.0
2017-05-28 07:10:00+02:00,0.06082,0.663739,0.0,0.0
2017-05-28 07:11:00+02:00,0.06119,0.669505,0.0,0.0
2017-05-28 07:12:00+02:00,0.06397,0.675511,0.0,0.0
2017-05-28 07:13:00+02:00,0.06229,0.679743,0.0,0.0
2017-05-28 07:14:00+02:00,0.05929,0.685402,0.0,0.0
2017-05-28 07:15:00+02:00,0.05794,0.691308,0.0,0.0
2017-05-28 07:16:00+02:00,0.05693,0.697482,0.0,0.0
2017-05-28 07:17:00+02:00,0.0594,0.701644,0.0,0.0
2017-05-28 07:18:00+02:00,0.06965,0.707827,0.0,0.0
2017-05-28 07:19:00+02:00,0.07438,0.713275,0.0,0.0
2017-05-28 07:20:00+02:00,0.07538,0.718315,0.0,0.0
2017-05-28 07:21:00+02:00,0.07789,0.723492,0.0,0.0
2017-05-28 07:22:00+02:00,0.07968,0.72898,0.0,0.0
2017-05-28 07:23:00+02:00,0.07592,0.734373,0.0,0.0
2017-05-28 07:24:00+02:00,0.07835,0.74129,0.0,0.0
2017-05-28 07:25:00+02:00,0.07727,0.747801,0.0,0.0
2017-05-28 07:26:00+02:00,0.0692,0.752011,0.0,0.0
2017-05-28 07:27:00+02:00,0.07375,0.757462,0.0,0.0
2017-05-28 07:28:00+02:00,0.07574,0.763076,0.0,0.0
2017-05-28 07:29:00+02:00,0.07751,0.768902,0.0,0.0
2017-05-28 07:30:00+02:00,0.07737,0.773129,0.0,0.0
2017-05-28 07:31:00+02:00,0.0775,0.778959,0.0,0.0
2017-05-28 07:32:00+02:00,0.07823,0.784343,0.0,0.0
2017-05-28 07:33:00+02:00,0.07747,0.787257,0.0,0.0
2017-05-28 07:34:00+02:00,0.07973,0.794671,0.0,0.0
2017-05-28 07:35:00+02:00,0.07401,0.803207,0.0,0.0
2017-05-28 07:36:00+02:00,0.0699,0.808211,0.0,0.0
2017-05-28 07:37:00+02:00,0.0774,0.813157,0.0,0.0
2017-05-28 07:38:00+02:00,0.08133,0.820127,0.0,0.0
2017-05-28 07:39:00+02:00,0.07272,0.82393,0.0,0.0
2017-05-28 07:40:00+02:00,0.06097,0.828785,0.0,0.0
2017-05-28 07:41:00+02:00,0.05772,0.833225,0.0,0.0
2017-05-28 07:42:00+02:00,0.05896,0.839065,0.0,0.0
2017-05-28 07:43:00+02:00,0.06509,0.847233,0.0,0.0
2017-05-28 07:44:00+02:00,0.06669,0.85277,0.0,0.0
2017-05-28 07:45:00+02:00,0.0645,0.85856,0.0,0.0
2017-05-28 07:46:00+02:00,0.06257,0.864005,0.0,0.0
2017-05-28 07:47:00+02:00,0.06325,0.86762,0.0,0.0
2017-05-28 07:48:00+02:00,0.07419,0.871929,0.0,0.0
2017-05-28 07:49:00+02:00,0.08454,0.878418,0.0,0.0
2017-05-28 07:50:00+02:00,0.07359,0.880357,0.0,0.0
2017-05-28 07:51:00+02:00,0.07584,0.885928,0.0,0.0
2017-05-28 07:52:00+02:00,0.06832,0.890525,0.0,0.0
2017-05-28 07:53:00+02:00,0.06735,0.895003,0.0,0.0
2017-05-28 07:54:00+02:00,0.06681,0.900776,0.0,0.0
2017-05-28 07:55:00+02:00,0.05804,0.906151,0.0,0.0
2017-05-28 07:56:00+02:00,0.05672,0.911624,0.0,0.0
2017-05-28 07:57:00+02:00,0.05046,0.918589,0.0,0.0
2017-05-28 07:58:00+02:00,0.0523,0.925807,0.0,0.0
2017-05-28 07:59:00+02:00,0.05118,0.930168,0.0,0.0
2017-05-28 08:00:00+02:00,0.05495,0.935219,0.0,0.0
2017-05-28 08:01:00+02:00,0.05523,0.940093,0.0,0.0
2017-05-28 08:02:00+02:00,0.05636,0.946426,0.0,0.0
2017-05-28 08:03:00+02:00,0.05166,0.949576,0.0,0.0
2017-05-28 08:04:00+02:00,0.05801,0.955417,0.0,0.0
2017-05-28 08:05:00+02:00,0.06071,0.961362,0.0,0.0
2017-05-28 08:06:00+02:00,0.05626,0.968,0.0,0.0
2017-05-28 08:07:00+02:00,0.05483,0.972765,0.0,0.0
2017-05-28 08:08:00+02:00,0.05857,0.977827,0.0,0.0
2017-05-28 08:09:00+02:00,0.05633,0.981803,0.0,0.0
2017-05-28 08:10:00+02:00,0.06326,0.98645,0.0,0.0
2017-05-28 08:11:00+02:00,0.05368,0.992021,0.0,0.0
2017-05-28 08:12:00+02:00,0.05136,0.992407,0.0,0.0
2017-05-28 08:13:00+02:00,0.05244,0.998014,0.0,0.0
2017-05-28 08:14:00+02:00,0.04997,1.006027,0.0,0.0
2017-05-28 08:15:00+02:00,0.05834,1.012023,0.0,0.0
2017-05-28 08:16:00+02:00,0.05779,1.019621,0.0,0.0
2017-05-28 08:17:00+02:00,0.05848,1.023935,0.0,0.0
2017-05-28 08:18:00+02:00,0.06221,1.029094,0.0,0.0
2017-05-28 08:19:00+02:00,0.06104,1.035115,0.0,0.0
2017-05-28 08:20:00+02:00,0.06329,1.037939,0.0,0.0
2017-05-28 08:21:00+02:00,0.06071,1.040315,0.0,0.0
2017-05-28 08:22:00+02:00,0.05818,1.045251,0.0,0.0
2017-05-28 08:23:00+02:00,0.06062,1.052986,0.0,0.0
2017-05-28 08:24:00+02:00,0.05935,1.058551,0.0,0.0
2017-05-28 08:25:00+02:00,0.05504,1.063838,0.0,0.0
2017-05-28 08:26:00+02:00,0.05754,1.068298,0.0,0.0
2017-05-28 08:27:00+02:00,0.06867,1.074035,0.0,0.0
2017-05-28 08:28:00+02:00,0.06681,1.078204,0.0,0.0
2017-05-28 08:29:00+02:00,0.06588,1.084057,0.0,0.0
2017-05-28 08:30:00+02:00,0.0712,1.089551,0.0,0.0
2017-05-28 08:31:00+02:00,0.07203,1.091723,0.0,0.0
2017-05-28 08:32:00+02:00,0.06774,1.095993,0.0,0.0
2017-05-28 08:33:00+02:00,0.06425,1.100444,0.0,0.0
2017-05-28 08:34:00+02:00,0.06546,1.108481,0.0,0.0
2017-05-28 08:35:00+02:00,0.06784,1.115032,0.0,0.0
2017-05-28 08:36:00+02:00,0.06724,1.118351,0.0,0.0
2017-05-28 08:37:00+02:00,0.068,1.125889,0.0,0.0
2017-05-28 08:38:00+02:00,0.06445,1.131329,0.0,0.0
2017-05-28 08:39:00+02:00,0.06351,1.135539,0.0,0.0
2017-05-28 08:40:00+02:00,0.0623,1.140635,0.0,0.0
2017-05-28 08:41:00+02:00,0.06252,1.14754,0.0,0.0
2017-05-28 08:42:00+02:00,0.06338,1.153834,0.0,0.0
2017-05-28 08:43:00+02:00,0.06601,1.159504,0.0,0.0
2017-05-28 08:44:00+02:00,0.06429,1.164413,0.0,0.0
2017-05-28 08:45:00+02:00,0.06401,1.168846,0.0,0.0
2017-05-28 08:46:00+02:00,0.06561,1.175445,0.0,0.0
2017-05-28 08:47:00+02:00,0.06599,1.179934,0.0,0.0
2017-05-28 08:48:00+02:00,0.0582,1.18694,0.0,0.0
2017-05-28 08:49:00+02:00,0.05502,1.191641,0.0,0.0
2017-05-28 08:50:00+02:00,0.05225,1.198283,0.0,0.0
2017-05-28 08:51:00+02:00,0.05319,1.204114,0.0,0.0
2017-05-28 08:52:00+02:00,0.05405,1.209622,0.0,0.0
2017-05-28 08:53:00+02:00,0.05324,1.218362,0.0,0.0
2017-05-28 08:54:00+02:00,0.05474,1.223629,0.0,0.0
2017-05-28 08:55:00+02:00,0.06393,1.228682,0.0,0.0
2017-05-28 08:56:00+02:00,0.07125,1.233128,0.0,0.0
2017-05-28 08:57:00+02:00,0.07172,1.236044,0.0,0.0
2017-05-28 08:58:00+02:00,0.06529,1.243355,0.0,0.0
2017-05-28 08:59:00+02:00,0.06718,1.247375,0.0,0.0
2017-05-28 09:00:00+02:00,0.0762,1.253462,0.0,0.0
2017-05-28 09:01:00+02:00,0.08016,1.258357,0.0,0.0
2017-05-28 09:02:00+02:00,0.08367,1.265494,0.0,0.0
2017-05-28 09:03:00+02:00,0.08218,1.271192,0.0,0.0
2017-05-28 09:04:00+02:00,0.07998,1.278808,0.0,0.0
2017-05-28 09:05:00+02:00,0.07845,1.283771,0.0,0.0
2017-05-28 09:06:00+02:00,0.07686,1.289183,0.0,0.0
2017-05-28 09:07:00+02:00,0.07836,1.293347,0.0,0.0
2017-05-28 09:08:00+02:00,0.0763,1.296794,0.0,0.0
2017-05-28 09:09:00+02:00,0.07087,1.301603,0.0,0.0
2017-05-28 09:10:00+02:00,0.0699,1.305225,0.0,0.0
2017-05-28 09:11:00+02:00,0.07131,1.312027,0.0,0.0
2017-05-28 09:12:00+02:00,0.07192,1.314871,0.0,0.0
2017-05-28 09:13:00+02:00,0.06683,1.320469,0.0,0.0
2017-05-28 09:14:00+02:00,0.06501,1.325308,0.0,0.0
2017-05-28 09:15:00+02:00,0.06639,1.33362,0.0,0.0
2017-05-28 09:16:00+02:00,0.07046,1.339556,0.0,0.0
2017-05-28 09:17:00+02:00,0.06379,1.344555,0.0,0.0
2017-05-28 09:18:00+02:00,0.06289,1.350509,0.0,0.0
2017-05-28 09:19:00+02:00,0.0654,1.35567,0.0,0.0
2017-05-28 09:20:00+02:00,0.06685,1.359734,0.0,0.0
2017-05-28 09:21:00+02:00,0.06672,1.36753,0.0,0.0
2017-05-28 09:22:00+02:00,0.06778,1.374971,0.0,0.0
2017-05-28 09:23:00+02:00,0.06594,1.382071,0.0,0.0
2017-05-28 09:24:00+02:00,0.07045,1.3876,0.0,0.0
2017-05-28 09:25:00+02:00,0.06882,1.390685,0.0,0.0
2017-05-28 09:26:00+02:00,0.06121,1.395153,0.0,0.0
2017-05-28 09:27:00+02:00,0.06122,1.399684,0.0,0.0
2017-05-28 09:28:00+02:00,0.064,1.405762,0.0,0.0
2017-05-28 09:29:00+02:00,0.06401,1.411097,0.0,0.0
2017-05-28 09:30:00+02:00,0.06093,1.41701,0.0,0.0
2017-05-28 09:31:00+02:00,0.06176,1.421404,0.0,0.0
2017-05-28 09:32:00+02:00,0.06091,1.425481,0.0,0.0
2017-05-28 09:33:00+02:00,0.06731,1.429816,0.0,0.0
2017-05-28 09:34:00+02:00,0.06492,1.435289,0.0,0.0
2017-05-28 09:35:00+02:00,0.06073,1.4413,0.0,0.0
2017-05-28 09:36:00+02:00,0.068,1.444833,0.0,0.0
2017-05-28 09:37:00+02:00,0.06638,1.451218,0.0,0.0
2017-05-28 09:38:00+02:00,0.05865,1.456547,0.0,0.0
2017-05-28 09:39:00+02:00,0.06443,1.463868,0.0,0.0
2017-05-28 09:40:00+02:00,0.06121,1.470886,0.0,0.0
2017-05-28 09:41:00+02:00,0.05873,1.477386,0.0,0.0
2017-05-28 09:42:00+02:00,0.06634,1.484345,0.0,0.0
2017-05-28 09:43:00+02:00,0.07101,1.488823,0.0,0.0
2017-05-28 09:44:00+02:00,0.07657,1.495832,0.0,0.0
2017-05-28 09:45:00+02:00,0.0758,1.501591,0.0,0.0
2017-05-28 09:46:00+02:00,0.07632,1.504823,0.0,0.0
2017-05-28 09:47:00+02:00,0.07631,1.510596,0.0,0.0
2017-05-28 09:48:00+02:00,0.08592,1.515683,0.0,0.0
2017-05-28 09:49:00+02:00,0.08787,1.51933,0.0,0.0
2017-05-28 09:50:00+02:00,0.09387,1.526198,0.0,0.0
2017-05-28 09:51:00+02:00,0.09541,1.531654,0.0,0.0
2017-05-28 09:52:00+02:00,0.09296,1.535891,0.0,0.0
2017-05-28 09:53:00+02:00,0.09608,1.53994,0.0,0.0
2017-05-28 09:54:00+02:00,0.07417,1.545048,0.0,0.0
2017-05-28 09:55:00+02:00,0.0677,1.550738,0.0,0.0
2017-05-28 09:56:00+02:00,0.06608,1.553661,0.0,0.0
2017-05-28 09:57:00+02:00,0.07093,1.557959,0.0,0.0
2017-05-28 09:58:00+02:00,0.07055,1.564742,0.0,0.0
2017-05-28 09:59:00+02:00,0.07164,1.571585,0.0,0.0
2017-05-28 10:00:00+02:00,0.07356,1.577977,0.0,0.0
2017-05-28 10:01:00+02:00,0.07803,1.584781,0.0,0.0
2017-05-28 10:02:00+02:00,0.07426,1.591132,0.0,0.0
2017-05-28 10:03:00+02:00,0.07301,1.596742,0.0,0.0
2017-05-28 10:04:00+02:00,0.08003,1.603498,0.0,0.0
2017-05-28 10:05:00+02:00,0.08614,1.609949,0.0,0.0
2017-05-28 10:06:00+02:00,0.09036,1.619525,0.0,0.0
2017-05-28 10:07:00+02:00,0.08665,1.627439,0.0,0.0
2017-05-28 10:08:00+02:00,0.08542,1.585202,0.0,0.0
2017-05-28 10:09:00+02:00,0.09539,1.622516,0.0,0.0
2017-05-28 10:10:00+02:00,0.09622,1.629713,0.0,0.0
2017-05-28 10:11:00+02:00,0.09837,1.591351,0.0,0.0
2017-05-28 10:12:00+02:00,0.09484,1.641371,0.0,0.0
2017-05-28 10:13:00+02:00,0.09826,1.634368,0.0,0.0
2017-05-28 10:14:00+02:00,0.09691,1.634252,0.0,0.0
2017-05-28 10:15:00+02:00,0.09847,1.640416,0.0,0.0
2017-05-28 10:16:00+02:00,0.1005,1.643764,0.0,0.0
2017-05-28 10:17:00+02:00,0.0906,1.648676,0.0,0.0
2017-05-28 10:18:00+02:00,0.08797,1.643375,0.0,0.0
2017-05-28 10:19:00+02:00,0.08537,1.643332,0.0,0.0
2017-05-28 10:20:00+02:00,0.0835,1.65895,0.0,0.0
2017-05-28 10:21:00+02:00,0.07993,1.670639,0.0,0.0
2017-05-28 10:22:00+02:00,0.07471,1.677244,0.0,0.0
2017-05-28 10:23:00+02:00,0.06668,1.681947,0.0,0.0
2017-05-28 10:24:00+02:00,0.06267,1.679776,0.0,0.0
2017-05-28 10:25:00+02:00,0.06063,1.705824,0.0,0.0
2017-05-28 10:26:00+02:00,0.06516,1.66921,0.0,0.0
2017-05-28 10:27:00+02:00,0.06818,1.540319,0.0,0.0
2017-05-28 10:28:00+02:00,0.07983,1.310573,0.0,0.0
2017-05-28 10:29:00+02:00,0.09009,1.237016,0.0,0.0
2017-05-28 10:30:00+02:00,0.08458,1.427366,0.0,0.0
2017-05-28 10:31:00+02:00,0.08348,1.616312,0.0,0.0
2017-05-28 10:32:00+02:00,0.07458,1.609375,0.0,0.0
2017-05-28 10:33:00+02:00,0.072,1.684494,0.0,0.0
2017-05-28 10:34:00+02:00,0.0773,1.730851,0.0,0.0
2017-05-28 10:35:00+02:00,0.06674,1.732991,0.0,0.0
2017-05-28 10:36:00+02:00,0.07071,1.730108,0.0,0.0
2017-05-28 10:37:00+02:00,0.06751,1.751071,0.0,0.0
2017-05-28 10:38:00+02:00,0.06552,1.76251,0.0,0.0
2017-05-28 10:39:00+02:00,0.07262,1.766407,0.0,0.0
2017-05-28 10:40:00+02:00,0.07123,1.772008,0.0,0.0
2017-05-28 10:41:00+02:00,0.07671,1.775884,0.0,0.0
2017-05-28 10:42:00+02:00,0.07972,1.780378,0.0,0.0
2017-05-28 10:43:00+02:00,0.07168,1.76783,0.0,0.0
2017-05-28 10:44:00+02:00,0.07345,1.738935,0.0,0.0
2017-05-28 10:45:00+02:00,0.07236,1.727851,0.0,0.0
2017-05-28 10:46:00+02:00,0.0755,1.693163,0.0,0.0
2017-05-28 10:47:00+02:00,0.07455,1.778285,0.0,0.0
2017-05-28 10:48:00+02:00,0.08661,1.819503,0.0,0.0
2017-05-28 10:49:00+02:00,0.08606,1.768995,0.0,0.0
2017-05-28 10:50:00+02:00,0.0812,1.702327,0.0,0.0
2017-05-28 10:51:00+02:00,0.06988,1.795842,0.0,0.0
2017-05-28 10:52:00+02:00,0.06848,1.835208,0.0,0.0
2017-05-28 10:53:00+02:00,0.06693,1.852216,0.0,0.0
2017-05-28 10:54:00+02:00,0.0654,1.69682,0.0,0.0
2017-05-28 10:55:00+02:00,0.06509,1.551024,0.0,0.0
2017-05-28 10:56:00+02:00,0.06226,1.748745,0.0,0.0
2017-05-28 10:57:00+02:00,0.07221,1.693242,0.0,0.0
2017-05-28 10:58:00+02:00,0.07711,1.472519,0.0,0.0
2017-05-28 10:59:00+02:00,0.07494,1.325887,0.0,0.0
2017-05-28 11:00:00+02:00,0.08143,1.489108,0.0,0.0
2017-05-28 11:01:00+02:00,0.09153,1.59444,0.0,0.0
2017-05-28 11:02:00+02:00,0.08238,1.708992,0.0,0.0
2017-05-28 11:03:00+02:00,0.07786,1.730149,0.0,0.0
2017-05-28 11:04:00+02:00,0.07943,1.795946,0.0,0.0
2017-05-28 11:05:00+02:00,0.07413,1.771405,0.0,0.0
2017-05-28 11:06:00+02:00,0.07309,1.763597,0.0,0.0
2017-05-28 11:07:00+02:00,0.07353,1.673433,0.0,0.0
2017-05-28 11:08:00+02:00,0.07146,1.596218,0.0,0.0
2017-05-28 11:09:00+02:00,0.06969,1.759563,0.0,0.0
2017-05-28 11:10:00+02:00,0.07397,1.875244,0.0,0.0
2017-05-28 11:11:00+02:00,0.07336,1.882899,0.0,0.0
2017-05-28 11:12:00+02:00,0.07142,1.855039,0.0,0.0
2017-05-28 11:13:00+02:00,0.07093,1.838522,0.0,0.0
2017-05-28 11:14:00+02:00,0.06341,1.883446,0.0,0.0
2017-05-28 11:15:00+02:00,0.05679,1.883313,0.0,0.0
2017-05-28 11:16:00+02:00,0.04837,1.887223,0.0,0.0
2017-05-28 11:17:00+02:00,0.05105,1.88885,0.0,0.0
2017-05-28 11:18:00+02:00,0.0473,1.887914,0.0,0.0
2017-05-28 11:19:00+02:00,0.04727,1.896043,0.0,0.0
2017-05-28 11:20:00+02:00,0.05133,1.895018,0.0,0.0
2017-05-28 11:21:00+02:00,0.05056,1.900152,0.0,0.0
2017-05-28 11:22:00+02:00,0.05143,1.901957,0.0,0.0
2017-05-28 11:23:00+02:00,0.05161,1.908875,0.0,0.0
2017-05-28 11:24:00+02:00,0.05275,1.897274,0.0,0.0
2017-05-28 11:25:00+02:00,0.05121,1.841459,0.0,0.0
2017-05-28 11:26:00+02:00,0.05246,1.895648,0.0,0.0
2017-05-28 11:27:00+02:00,0.05645,1.845815,0.0,0.0
2017-05-28 11:28:00+02:00,0.05895,1.870664,0.0,0.0
2017-05-28 11:29:00+02:00,0.05692,1.837805,0.0,0.0
2017-05-28 11:30:00+02:00,0.05855,1.826057,0.0,0.0
2017-05-28 11:31:00+02:00,0.05645,1.807367,0.0,0.0
2017-05-28 11:32:00+02:00,0.05558,1.867109,0.0,0.0
2017-05-28 11:33:00+02:00,0.05926,1.895816,0.0,0.0
2017-05-28 11:34:00+02:00,0.05231,1.953531,0.0,0.0
2017-05-28 11:35:00+02:00,0.05274,1.927384,0.0,0.0
2017-05-28 11:36:00+02:00,0.05907,1.918613,0.0,0.0
2017-05-28 11:37:00+02:00,0.06071,1.699213,0.0,0.0
2017-05-28 11:38:00+02:00,0.05764,1.557999,0.0,0.0
2017-05-28 11:39:00+02:00,0.05423,1.42295,0.0,0.0
2017-05-28 11:40:00+02:00,0.05304,1.680431,0.0,0.0
2017-05-28 11:41:00+02:00,0.05185,1.815185,0.0,0.0
2017-05-28 11:42:00+02:00,0.05063,1.835942,0.0,0.0
2017-05-28 11:43:00+02:00,0.04562,1.808935,0.0,0.0
2017-05-28 11:44:00+02:00,0.04026,1.839361,0.0,0.0
2017-05-28 11:45:00+02:00,0.04074,1.851998,0.0,0.0
2017-05-28 11:46:00+02:00,0.04475,1.855674,0.0,0.0
2017-05-28 11:47:00+02:00,0.04634,1.854455,0.0,0.0
2017-05-28 11:48:00+02:00,0.05073,1.839546,0.0,0.0
2017-05-28 11:49:00+02:00,0.05178,1.853478,0.0,0.0
2017-05-28 11:50:00+02:00,0.0624,1.844064,0.0,0.0
2017-05-28 11:51:00+02:00,0.0633,1.829736,0.0,0.0
2017-05-28 11:52:00+02:00,0.06191,1.869386,0.0,0.0
2017-05-28 11:53:00+02:00,0.0657,1.861969,0.0,0.0
2017-05-28 11:54:00+02:00,0.069,1.886969,0.0,0.0
2017-05-28 11:55:00+02:00,0.07535,1.899113,0.0,0.0
2017-05-28 11:56:00+02:00,0.07903,1.888412,0.0,0.0
2017-05-28 11:57:00+02:00,0.07709,1.875335,0.0,0.0
2017-05-28 11:58:00+02:00,0.07605,1.879326,0.0,0.0
2017-05-28 11:59:00+02:00,0.07572,1.890196,0.0,0.0
2017-05-28 12:00:00+02:00,0.07668,1.913022,0.0,0.0
2017-05-28 12:01:00+02:00,0.07507,1.921345,0.0,0.0
2017-05-28 12:02:00+02:00,0.07014,1.929978,0.0,0.0
2017-05-28 12:03:00+02:00,0.0604,1.92571,0.0,0.0
2017-05-28 12:04:00+02:00,0.05353,1.927244,0.0,0.0
2017-05-28 12:05:00+02:00,0.06372,1.938416,0.0,0.0
2017-05-28 12:06:00+02:00,0.06748,1.942331,0.0,0.0
2017-05-28 12:07:00+02:00,0.07004,1.94926,0.0,0.0
2017-05-28 12:08:00+02:00,0.07687,1.954642,0.0,0.0
2017-05-28 12:09:00+02:00,0.06651,1.951403,0.0,0.0
2017-05-28 12:10:00+02:00,0.05745,1.944133,0.0,0.0
2017-05-28 12:11:00+02:00,0.05828,1.949618,0.0,0.0
2017-05-28 12:12:00+02:00,0.05764,1.955129,0.0,0.0
2017-05-28 12:13:00+02:00,0.05595,1.961734,0.0,0.0
2017-05-28 12:14:00+02:00,0.05727,1.960443,0.0,0.0
2017-05-28 12:15:00+02:00,0.05448,1.964077,0.0,0.0
2017-05-28 12:16:00+02:00,0.06112,1.967989,0.0,0.0
2017-05-28 12:17:00+02:00,0.0578,1.965758,0.0,0.0
2017-05-28 12:18:00+02:00,0.06282,1.963847,0.0,0.0
2017-05-28 12:19:00+02:00,0.06152,1.961899,0.0,0.0
2017-05-28 12:20:00+02:00,0.05585,1.961507,0.0,0.0
2017-05-28 12:21:00+02:00,0.05197,1.966925,0.0,0.0
2017-05-28 12:22:00+02:00,0.05485,1.978043,0.0,0.0
2017-05-28 12:23:00+02:00,0.05275,1.982644,0.0,0.0
2017-05-28 12:24:00+02:00,0.05565,1.981163,0.0,0.0
2017-05-28 12:25:00+02:00,0.05268,1.976067,0.0,0.0
2017-05-28 12:26:00+02:00,0.05363,1.9876,0.0,0.0
2017-05-28 12:27:00+02:00,0.06232,1.994839,0.0,0.0
2017-05-28 12:28:00+02:00,0.06075,1.985269,0.0,0.0
2017-05-28 12:29:00+02:00,0.05885,1.92087,0.0,0.0
2017-05-28 12:30:00+02:00,0.05876,1.98535,0.0,0.0
2017-05-28 12:31:00+02:00,0.05978,2.00524,0.0,0.0
2017-05-28 12:32:00+02:00,0.05835,2.012891,0.0,0.0
2017-05-28 12:33:00+02:00,0.05423,1.9197,0.0,0.0
2017-05-28 12:34:00+02:00,0.05657,1.990093,0.0,0.0
2017-05-28 12:35:00+02:00,0.05398,2.043864,0.0,0.0
2017-05-28 12:36:00+02:00,0.05391,1.966754,0.0,0.0
2017-05-28 12:37:00+02:00,0.05237,1.711672,0.0,0.0
2017-05-28 12:38:00+02:00,0.05717,1.836686,0.0,0.0
2017-05-28 12:39:00+02:00,0.05381,1.910023,0.0,0.0
2017-05-28 12:40:00+02:00,0.05472,1.897763,0.0,0.0
2017-05-28 12:41:00+02:00,0.05815,1.996738,0.0,0.0
2017-05-28 12:42:00+02:00,0.05184,2.00795,0.0,0.0
2017-05-28 12:43:00+02:00,0.05229,1.96222,0.0,0.0
2017-05-28 12:44:00+02:00,0.05578,1.780718,0.0,0.0
2017-05-28 12:45:00+02:00,0.05888,1.909796,0.0,0.0
2017-05-28 12:46:00+02:00,0.05704,1.922857,0.0,0.0
2017-05-28 12:47:00+02:00,0.0599,1.895589,0.0,0.0
2017-05-28 12:48:00+02:00,0.06079,1.993459,0.0,0.0
2017-05-28 12:49:00+02:00,0.05984,2.038203,0.0,0.0
2017-05-28 12:50:00+02:00,0.05581,2.033631,0.0,0.0
2017-05-28 12:51:00+02:00,0.06219,2.040903,0.0,0.0
2017-05-28 12:52:00+02:00,0.06879,2.024719,0.0,0.0
2017-05-28 12:53:00+02:00,0.0686,2.016905,0.0,0.0
2017-05-28 12:54:00+02:00,0.07078,1.985872,0.0,0.0
2017-05-28 12:55:00+02:00,0.06801,1.993225,0.0,0.0
2017-05-28 12:56:00+02:00,0.07569,2.013941,0.0,0.0
2017-05-28 12:57:00+02:00,0.08,2.038513,0.0,0.0
2017-05-28 12:58:00+02:00,0.08354,2.02343,0.0,0.0
2017-05-28 12:59:00+02:00,0.0789,2.009041,0.0,0.0
2017-05-28 13:00:00+02:00,0.07063,2.023882,0.0,0.0
2017-05-28 13:01:00+02:00,0.07135,2.043821,0.0,0.0
2017-05-28 13:02:00+02:00,0.07046,2.004154,0.0,0.0
2017-05-28 13:03:00+02:00,0.06397,2.037379,0.0,0.0
2017-05-28 13:04:00+02:00,0.06104,2.038612,0.0,0.0
2017-05-28 13:05:00+02:00,0.0634,2.005009,0.0,0.0
2017-05-28 13:06:00+02:00,0.0606,1.842606,0.0,0.0
2017-05-28 13:07:00+02:00,0.05874,2.016463,0.0,0.0
2017-05-28 13:08:00+02:00,0.0553,2.035127,0.0,0.0
2017-05-28 13:09:00+02:00,0.05182,1.903189,0.0,0.0
2017-05-28 13:10:00+02:00,0.05244,1.992069,0.0,0.0
2017-05-28 13:11:00+02:00,0.05683,2.018605,0.0,0.0
2017-05-28 13:12:00+02:00,0.05595,2.026978,0.0,0.0
2017-05-28 13:13:00+02:00,0.04954,2.028379,0.0,0.0
2017-05-28 13:14:00+02:00,0.05354,1.996396,0.0,0.0
2017-05-28 13:15:00+02:00,0.06308,1.968498,0.0,0.0
2017-05-28 13:16:00+02:00,0.06044,1.919401,0.0,0.0
2017-05-28 13:17:00+02:00,0.05715,1.941995,0.0,0.0
2017-05-28 13:18:00+02:00,0.06193,1.935194,0.0,0.0
2017-05-28 13:19:00+02:00,0.06062,1.97906,0.0,0.0
2017-05-28 13:20:00+02:00,0.0657,1.560724,0.0,0.0
2017-05-28 13:21:00+02:00,0.06591,1.842617,0.0,0.0
2017-05-28 13:22:00+02:00,0.07113,2.009376,0.0,0.0
2017-05-28 13:23:00+02:00,0.06686,1.970744,0.0,0.0
2017-05-28 13:24:00+02:00,0.06511,1.933358,0.0,0.0
2017-05-28 13:25:00+02:00,0.06115,1.901261,0.0,0.0
2017-05-28 13:26:00+02:00,0.0646,1.944592,0.0,0.0
2017-05-28 13:27:00+02:00,0.0674,1.975399,0.0,0.0
2017-05-28 13:28:00+02:00,0.06932,1.992276,0.0,0.0
2017-05-28 13:29:00+02:00,0.06104,1.767271,0.0,0.0
2017-05-28 13:30:00+02:00,0.06107,1.731404,0.0,0.0
2017-05-28 13:31:00+02:00,0.06398,1.775875,0.0,0.0
2017-05-28 13:32:00+02:00,0.06274,1.811167,0.0,0.0
2017-05-28 13:33:00+02:00,0.06045,1.911076,0.0,0.0
2017-05-28 13:34:00+02:00,0.06097,1.944216,0.0,0.0
2017-05-28 13:35:00+02:00,0.06276,1.878593,0.0,0.0
2017-05-28 13:36:00+02:00,0.06118,1.978598,0.0,0.0
2017-05-28 13:37:00+02:00,0.06118,1.882746,0.0,0.0
2017-05-28 13:38:00+02:00,0.05981,2.019591,0.0,0.0
2017-05-28 13:39:00+02:00,0.06178,1.874871,0.0,0.0
2017-05-28 13:40:00+02:00,0.06203,1.767924,0.0,0.0
2017-05-28 13:41:00+02:00,0.05912,1.542312,0.0,0.0
2017-05-28 13:42:00+02:00,0.06009,1.521563,0.0,0.0
2017-05-28 13:43:00+02:00,0.05881,1.791709,0.0,0.0
2017-05-28 13:44:00+02:00,0.05037,1.85485,0.0,0.0
2017-05-28 13:45:00+02:00,0.05134,1.837492,0.0,0.0
2017-05-28 13:46:00+02:00,0.05729,1.675501,0.0,0.0
2017-05-28 13:47:00+02:00,0.05654,1.507406,0.0,0.0
2017-05-28 13:48:00+02:00,0.05625,1.585759,0.0,0.0
2017-05-28 13:49:00+02:00,0.05968,1.832971,0.0,0.0
2017-05-28 13:50:00+02:00,0.06103,1.847968,0.0,0.0
2017-05-28 13:51:00+02:00,0.06766,1.839713,0.0,0.0
2017-05-28 13:52:00+02:00,0.05764,1.935661,0.0,0.0
2017-05-28 13:53:00+02:00,0.06526,1.82473,0.0,0.0
2017-05-28 13:54:00+02:00,0.06183,1.681043,0.0,0.0
2017-05-28 13:55:00+02:00,0.06181,1.591009,0.0,0.0
2017-05-28 13:56:00+02:00,0.07066,1.564999,0.0,0.0
2017-05-28 13:57:00+02:00,0.07267,1.621404,0.0,0.0
2017-05-28 13:58:00+02:00,0.07042,1.698682,0.0,0.0
2017-05-28 13:59:00+02:00,0.0713,1.750284,0.0,0.0
2017-05-28 14:00:00+02:00,0.06913,1.747363,0.0,0.0
2017-05-28 14:01:00+02:00,0.06998,1.796272,0.0,0.0
2017-05-28 14:02:00+02:00,0.07243,1.798888,0.0,0.0
2017-05-28 14:03:00+02:00,0.07845,1.931641,0.0,0.0
2017-05-28 14:04:00+02:00,0.0695,1.874682,0.0,0.0
2017-05-28 14:05:00+02:00,0.07526,1.821038,0.0,0.0
2017-05-28 14:06:00+02:00,0.06852,1.815923,0.0,0.0
2017-05-28 14:07:00+02:00,0.05783,1.811916,0.0,0.0
2017-05-28 14:08:00+02:00,0.05971,1.860053,0.0,0.0
2017-05-28 14:09:00+02:00,0.06002,1.819589,0.0,0.0
2017-05-28 14:10:00+02:00,0.063,1.242704,0.0,0.0
2017-05-28 14:11:00+02:00,0.06837,1.161101,0.0,0.0
2017-05-28 14:12:00+02:00,0.07115,1.323146,0.0,0.0
2017-05-28 14:13:00+02:00,0.0613,1.701956,0.0,0.0
2017-05-28 14:14:00+02:00,0.06227,1.70683,0.0,0.0
2017-05-28 14:15:00+02:00,0.06222,1.636942,0.0,0.0
2017-05-28 14:16:00+02:00,0.05878,1.632514,0.0,0.0
2017-05-28 14:17:00+02:00,0.05403,1.634749,0.0,0.0
2017-05-28 14:18:00+02:00,0.05415,1.670209,0.0,0.0
2017-05-28 14:19:00+02:00,0.05809,1.61802,0.0,0.0
2017-05-28 14:20:00+02:00,0.05829,1.72274,0.0,0.0
2017-05-28 14:21:00+02:00,0.05933,1.769404,0.0,0.0
2017-05-28 14:22:00+02:00,0.05343,1.787641,0.0,0.0
2017-05-28 14:23:00+02:00,0.05823,1.793853,0.0,0.0
2017-05-28 14:24:00+02:00,0.06154,1.751962,0.0,0.0
2017-05-28 14:25:00+02:00,0.06619,1.76938,0.0,0.0
2017-05-28 14:26:00+02:00,0.06812,1.669266,0.0,0.0
2017-05-28 14:27:00+02:00,0.06222,1.592347,0.0,0.0
2017-05-28 14:28:00+02:00,0.07079,1.556257,0.0,0.0
2017-05-28 14:29:00+02:00,0.07041,1.494808,0.0,0.0
2017-05-28 14:30:00+02:00,0.06809,1.505727,0.0,0.0
2017-05-28 14:31:00+02:00,0.06511,1.382953,0.0,0.0
2017-05-28 14:32:00+02:00,0.06283,1.26527,0.0,0.0
2017-05-28 14:33:00+02:00,0.06129,1.325201,0.0,0.0
2017-05-28 14:34:00+02:00,0.06597,1.453165,0.0,0.0
2017-05-28 14:35:00+02:00,0.06762,1.514417,0.0,0.0
2017-05-28 14:36:00+02:00,0.06601,1.665824,0.0,0.0
2017-05-28 14:37:00+02:00,0.06517,1.762805,0.0,0.0
2017-05-28 14:38:00+02:00,0.06164,1.817316,0.0,0.0
2017-05-28 14:39:00+02:00,0.06393,1.85909,0.0,0.0
2017-05-28 14:40:00+02:00,0.06172,1.662325,0.0,0.0
2017-05-28 14:41:00+02:00,0.06044,1.89493,0.0,0.0
2017-05-28 14:42:00+02:00,0.06206,1.925158,0.0,0.0
2017-05-28 14:43:00+02:00,0.07355,1.920382,0.0,0.0
2017-05-28 14:44:00+02:00,0.07194,1.900915,0.0,0.0
2017-05-28 14:45:00+02:00,0.07459,1.951587,0.0,0.0
2017-05-28 14:46:00+02:00,0.07254,1.903583,0.0,0.0
2017-05-28 14:47:00+02:00,0.07515,1.615496,0.0,0.0
2017-05-28 14:48:00+02:00,0.06393,1.561894,0.0,0.0
2017-05-28 14:49:00+02:00,0.067,1.506469,0.0,0.0
2017-05-28 14:50:00+02:00,0.06513,1.82819,0.0,0.0
2017-05-28 14:51:00+02:00,0.07542,1.890115,0.0,0.0
2017-05-28 14:52:00+02:00,0.06669,1.881652,0.0,0.0
2017-05-28 14:53:00+02:00,0.07992,1.883169,0.0,0.0
2017-05-28 14:54:00+02:00,0.0836,1.896122,0.0,0.0
2017-05-28 14:55:00+02:00,0.09339,1.854027,0.0,0.0
2017-05-28 14:56:00+02:00,0.08704,1.88179,0.0,0.0
2017-05-28 14:57:00+02:00,0.0784,1.795273,0.0,0.0
2017-05-28 14:58:00+02:00,0.07147,1.860282,0.0,0.0
2017-05-28 14:59:00+02:00,0.06815,1.83623,0.0,0.0
2017-05-28 15:00:00+02:00,0.06555,1.796121,0.0,0.0
2017-05-28 15:01:00+02:00,0.05262,1.418351,0.0,0.0
2017-05-28 15:02:00+02:00,0.05349,1.891966,0.0,0.0
2017-05-28 15:03:00+02:00,0.05287,1.934635,0.0,0.0
2017-05-28 15:04:00+02:00,0.054,1.961021,0.0,0.0
2017-05-28 15:05:00+02:00,0.0534,1.970118,0.0,0.0
2017-05-28 15:06:00+02:00,0.05471,1.951384,0.0,0.0
2017-05-28 15:07:00+02:00,0.05731,1.95638,0.0,0.0
2017-05-28 15:08:00+02:00,0.06704,1.943842,0.0,0.0
2017-05-28 15:09:00+02:00,0.07437,1.487254,0.0,0.0
2017-05-28 15:10:00+02:00,0.07432,1.407125,0.0,0.0
2017-05-28 15:11:00+02:00,0.0854,1.764139,0.0,0.0
2017-05-28 15:12:00+02:00,0.0839,1.665086,0.0,0.0
2017-05-28 15:13:00+02:00,0.08928,1.716586,0.0,0.0
2017-05-28 15:14:00+02:00,0.08427,1.432422,0.0,0.0
2017-05-28 15:15:00+02:00,0.08543,1.372653,0.0,0.0
2017-05-28 15:16:00+02:00,0.08884,1.480905,0.0,0.0
2017-05-28 15:17:00+02:00,0.08912,1.819694,0.0,0.0
2017-05-28 15:18:00+02:00,0.08978,1.966676,0.0,0.0
2017-05-28 15:19:00+02:00,0.07661,1.760294,0.0,0.0
2017-05-28 15:20:00+02:00,0.05902,1.357731,0.0,0.0
2017-05-28 15:21:00+02:00,0.06401,1.438274,0.0,0.0
2017-05-28 15:22:00+02:00,0.06304,1.658383,0.0,0.0
2017-05-28 15:23:00+02:00,0.06846,1.77349,0.0,0.0
2017-05-28 15:24:00+02:00,0.06371,1.808154,0.0,0.0
2017-05-28 15:25:00+02:00,0.07376,1.485176,0.0,0.0
2017-05-28 15:26:00+02:00,0.0759,1.397975,0.0,0.0
2017-05-28 15:27:00+02:00,0.07943,1.671559,0.0,0.0
2017-05-28 15:28:00+02:00,0.08041,1.818706,0.0,0.0
2017-05-28 15:29:00+02:00,0.09092,1.811018,0.0,0.0
2017-05-28 15:30:00+02:00,0.09442,1.716516,0.0,0.0
2017-05-28 15:31:00+02:00,0.10713,1.678903,0.0,0.0
2017-05-28 15:32:00+02:00,0.10553,1.661936,0.0,0.0
2017-05-28 15:33:00+02:00,0.09944,1.488879,0.0,0.0
2017-05-28 15:34:00+02:00,0.10128,1.772226,0.0,0.0
2017-05-28 15:35:00+02:00,0.10069,1.855553,0.0,0.0
2017-05-28 15:36:00+02:00,0.09151,1.646393,0.0,0.0
2017-05-28 15:37:00+02:00,0.08376,1.530794,0.0,0.0
2017-05-28 15:38:00+02:00,0.07806,1.59041,0.0,0.0
2017-05-28 15:39:00+02:00,0.07597,1.735324,0.0,0.0
2017-05-28 15:40:00+02:00,0.07631,1.754863,0.0,0.0
2017-05-28 15:41:00+02:00,0.07227,1.701178,0.0,0.0
2017-05-28 15:42:00+02:00,0.0739,1.732565,0.0,0.0
2017-05-28 15:43:00+02:00,0.07049,1.72906,0.0,0.0
2017-05-28 15:44:00+02:00,0.06857,1.72895,0.0,0.0
2017-05-28 15:45:00+02:00,0.06996,1.723081,0.0,0.0
2017-05-28 15:46:00+02:00,0.0694,1.715492,0.0,0.0
2017-05-28 15:47:00+02:00,0.06829,1.714811,0.0,0.0
2017-05-28 15:48:00+02:00,0.06389,1.713737,0.0,0.0
2017-05-28 15:49:00+02:00,0.05962,1.558287,0.0,0.0
2017-05-28 15:50:00+02:00,0.06337,1.464793,0.0,0.0
2017-05-28 15:51:00+02:00,0.06841,1.613414,0.0,0.0
2017-05-28 15:52:00+02:00,0.06918,1.640731,0.0,0.0
2017-05-28 15:53:00+02:00,0.05963,1.568619,0.0,0.0
2017-05-28 15:54:00+02:00,0.05932,1.641955,0.0,0.0
2017-05-28 15:55:00+02:00,0.06116,1.536194,0.0,0.0
2017-05-28 15:56:00+02:00,0.0633,1.553881,0.0,0.0
2017-05-28 15:57:00+02:00,0.06156,1.341124,0.0,0.0
2017-05-28 15:58:00+02:00,0.06305,1.125122,0.0,0.0
2017-05-28 15:59:00+02:00,0.06248,1.610453,0.0,0.0
2017-05-28 16:00:00+02:00,0.06573,1.639818,0.0,0.0
2017-05-28 16:01:00+02:00,0.06124,1.648004,0.0,0.0
2017-05-28 16:02:00+02:00,0.06154,1.65595,0.0,0.0
2017-05-28 16:03:00+02:00,0.06134,1.656868,0.0,0.0
2017-05-28 16:04:00+02:00,0.06355,1.646609,0.0,0.0
2017-05-28 16:05:00+02:00,0.06414,1.637167,0.0,0.0
2017-05-28 16:06:00+02:00,0.06512,1.608399,0.0,0.0
2017-05-28 16:07:00+02:00,0.06457,1.634044,0.0,0.0
2017-05-28 16:08:00+02:00,0.06487,1.637455,0.0,0.0
2017-05-28 16:09:00+02:00,0.06721,1.482511,0.0,0.0
2017-05-28 16:10:00+02:00,0.06509,1.23842,0.0,0.0
2017-05-28 16:11:00+02:00,0.06331,1.013591,0.0,0.0
2017-05-28 16:12:00+02:00,0.06759,0.876598,0.0,0.0
2017-05-28 16:13:00+02:00,0.0689,0.975024,0.0,0.0
2017-05-28 16:14:00+02:00,0.07072,0.91161,0.0,0.0
2017-05-28 16:15:00+02:00,0.07789,0.873994,0.0,0.0
2017-05-28 16:16:00+02:00,0.06755,0.833571,0.0,0.0
2017-05-28 16:17:00+02:00,0.06683,1.052203,0.0,0.0
2017-05-28 16:18:00+02:00,0.06256,1.537427,0.0,0.0
2017-05-28 16:19:00+02:00,0.06647,1.643963,0.0,0.0
2017-05-28 16:20:00+02:00,0.06597,1.570975,0.0,0.0
2017-05-28 16:21:00+02:00,0.07001,1.312958,0.0,0.0
2017-05-28 16:22:00+02:00,0.07388,1.265011,0.0,0.0
2017-05-28 16:23:00+02:00,0.06801,1.438258,0.0,0.0
2017-05-28 16:24:00+02:00,0.06812,1.418735,0.0,0.0
2017-05-28 16:25:00+02:00,0.07257,1.284709,0.0,0.0
2017-05-28 16:26:00+02:00,0.06757,1.230539,0.0,0.0
2017-05-28 16:27:00+02:00,0.06834,1.3201,0.0,0.0
2017-05-28 16:28:00+02:00,0.06981,1.361326,0.0,0.0
2017-05-28 16:29:00+02:00,0.06818,1.268824,0.0,0.0
2017-05-28 16:30:00+02:00,0.07112,1.264505,0.0,0.0
2017-05-28 16:31:00+02:00,0.06914,1.17101,0.0,0.0
2017-05-28 16:32:00+02:00,0.07088,1.176962,0.0,0.0
2017-05-28 16:33:00+02:00,0.07534,1.155596,0.0,0.0
2017-05-28 16:34:00+02:00,0.08022,1.062018,0.0,0.0
2017-05-28 16:35:00+02:00,0.07968,0.846529,0.0,0.0
2017-05-28 16:36:00+02:00,0.08026,1.426781,0.0,0.0
2017-05-28 16:37:00+02:00,0.08109,1.498126,0.0,0.0
2017-05-28 16:38:00+02:00,0.0777,1.229427,0.0,0.0
2017-05-28 16:39:00+02:00,0.07878,0.521867,0.0,0.0
2017-05-28 16:40:00+02:00,0.07478,0.547663,0.0,0.0
2017-05-28 16:41:00+02:00,0.06989,0.996559,0.0,0.0
2017-05-28 16:42:00+02:00,0.07183,0.749531,0.0,0.0
2017-05-28 16:43:00+02:00,0.07047,0.529535,0.0,0.0
2017-05-28 16:44:00+02:00,0.0661,0.479174,0.0,0.0
2017-05-28 16:45:00+02:00,0.06833,0.459421,0.0,0.0
2017-05-28 16:46:00+02:00,0.06593,0.450241,0.0,0.0
2017-05-28 16:47:00+02:00,0.06824,0.444368,0.0,0.0
2017-05-28 16:48:00+02:00,0.06247,0.43704,0.0,0.0
2017-05-28 16:49:00+02:00,0.06537,0.437634,0.0,0.0
2017-05-28 16:50:00+02:00,0.06405,0.445257,0.0,0.0
2017-05-28 16:51:00+02:00,0.06453,0.448468,0.0,0.0
2017-05-28 16:52:00+02:00,0.06765,0.456484,0.0,0.0
2017-05-28 16:53:00+02:00,0.07432,0.464517,0.0,0.0
2017-05-28 16:54:00+02:00,0.06999,0.475,0.0,0.0
2017-05-28 16:55:00+02:00,0.06716,0.499766,0.0,0.0
2017-05-28 16:56:00+02:00,0.06882,0.537374,0.0,0.0
2017-05-28 16:57:00+02:00,0.07141,0.548294,0.0,0.0
2017-05-28 16:58:00+02:00,0.06959,0.554396,0.0,0.0
2017-05-28 16:59:00+02:00,0.06499,0.71289,0.0,0.0
2017-05-28 17:00:00+02:00,0.06695,0.96163,0.0,0.0
2017-05-28 17:01:00+02:00,0.06874,1.219516,0.0,0.0
2017-05-28 17:02:00+02:00,0.0728,1.007548,0.0,0.0
2017-05-28 17:03:00+02:00,0.06967,0.542153,0.0,0.0
2017-05-28 17:04:00+02:00,0.06779,0.48616,0.0,0.0
2017-05-28 17:05:00+02:00,0.07254,0.476537,0.0,0.0
2017-05-28 17:06:00+02:00,0.07117,0.603353,0.0,0.0
2017-05-28 17:07:00+02:00,0.06334,0.474271,0.0,0.0
2017-05-28 17:08:00+02:00,0.06382,0.496127,0.0,0.0
2017-05-28 17:09:00+02:00,0.06835,0.407844,0.0,0.0
2017-05-28 17:10:00+02:00,0.06468,0.354238,0.0,0.0
2017-05-28 17:11:00+02:00,0.06279,0.312241,0.0,0.0
2017-05-28 17:12:00+02:00,0.06253,0.267547,0.0,0.0
2017-05-28 17:13:00+02:00,0.0597,0.234283,0.0,0.0
2017-05-28 17:14:00+02:00,0.05987,0.208215,0.0,0.0
2017-05-28 17:15:00+02:00,0.05795,0.192771,0.0,0.0
2017-05-28 17:16:00+02:00,0.06652,0.179276,0.0,0.0
2017-05-28 17:17:00+02:00,0.06484,0.171,0.0,0.0
2017-05-28 17:18:00+02:00,0.06092,0.16013,0.0,0.0
2017-05-28 17:19:00+02:00,0.06177,0.151571,0.0,0.0
2017-05-28 17:20:00+02:00,0.06373,0.148302,0.0,0.0
2017-05-28 17:21:00+02:00,0.06646,0.147956,0.0,0.0
2017-05-28 17:22:00+02:00,0.07007,0.151592,0.0,0.0
2017-05-28 17:23:00+02:00,0.06584,0.159296,0.0,0.0
2017-05-28 17:24:00+02:00,0.06473,0.167713,0.0,0.0
2017-05-28 17:25:00+02:00,0.06081,0.176501,0.0,0.0
2017-05-28 17:26:00+02:00,0.0619,0.189095,0.0,0.0
2017-05-28 17:27:00+02:00,0.06171,0.196072,0.0,0.0
2017-05-28 17:28:00+02:00,0.06154,0.201926,0.0,0.0
2017-05-28 17:29:00+02:00,0.06181,0.210946,0.0,0.0
2017-05-28 17:30:00+02:00,0.06843,0.223443,0.0,0.0
2017-05-28 17:31:00+02:00,0.07157,0.24075,0.0,0.0
2017-05-28 17:32:00+02:00,0.05803,0.262514,0.0,0.0
2017-05-28 17:33:00+02:00,0.05703,0.346183,0.0,0.0
2017-05-28 17:34:00+02:00,0.06266,0.451802,0.0,0.0
2017-05-28 17:35:00+02:00,0.06554,0.275452,0.0,0.0
2017-05-28 17:36:00+02:00,0.06625,0.248782,0.0,0.0
2017-05-28 17:37:00+02:00,0.0698,0.232889,0.0,0.0
2017-05-28 17:38:00+02:00,0.06835,0.220619,0.0,0.0
2017-05-28 17:39:00+02:00,0.07155,0.213188,0.0,0.0
2017-05-28 17:40:00+02:00,0.07057,0.216209,0.0,0.0
2017-05-28 17:41:00+02:00,0.06857,0.225256,0.0,0.0
2017-05-28 17:42:00+02:00,0.06566,0.242933,0.0,0.0
2017-05-28 17:43:00+02:00,0.07013,0.265975,0.0,0.0
2017-05-28 17:44:00+02:00,0.06798,0.293944,0.0,0.0
2017-05-28 17:45:00+02:00,0.0634,0.327638,0.0,0.0
2017-05-28 17:46:00+02:00,0.06576,0.361883,0.0,0.0
2017-05-28 17:47:00+02:00,0.06771,0.394488,0.0,0.0
2017-05-28 17:48:00+02:00,0.06772,0.432695,0.0,0.0
2017-05-28 17:49:00+02:00,0.06637,0.473992,0.0,0.0
2017-05-28 17:50:00+02:00,0.06537,0.522277,0.0,0.0
2017-05-28 17:51:00+02:00,0.06378,0.580203,0.0,0.0
2017-05-28 17:52:00+02:00,0.0721,0.637873,0.0,0.0
2017-05-28 17:53:00+02:00,0.0661,0.731871,0.0,0.0
2017-05-28 17:54:00+02:00,0.05952,0.693434,0.0,0.0
2017-05-28 17:55:00+02:00,0.05696,0.722986,0.0,0.0
2017-05-28 17:56:00+02:00,0.06191,0.802998,0.0,0.0
2017-05-28 17:57:00+02:00,0.08446,0.877613,0.0,0.0
2017-05-28 17:58:00+02:00,0.07764,0.902032,0.0,0.0
2017-05-28 17:59:00+02:00,0.06781,0.839491,0.0,0.0
2017-05-28 18:00:00+02:00,0.06541,0.898936,0.0,0.0
2017-05-28 18:01:00+02:00,0.06378,1.275586,0.0,0.0
2017-05-28 18:02:00+02:00,0.06382,1.321666,0.0,0.0
2017-05-28 18:03:00+02:00,0.05837,1.298952,0.0,0.0
2017-05-28 18:04:00+02:00,0.05534,1.248401,0.0,0.0
2017-05-28 18:05:00+02:00,0.05723,1.247292,0.0,0.0
2017-05-28 18:06:00+02:00,0.05641,1.241424,0.0,0.0
2017-05-28 18:07:00+02:00,0.05746,1.228597,0.0,0.0
2017-05-28 18:08:00+02:00,0.06806,1.188668,0.0,0.0
2017-05-28 18:09:00+02:00,0.06943,1.17452,0.0,0.0
2017-05-28 18:10:00+02:00,0.06941,1.158307,0.0,0.0
2017-05-28 18:11:00+02:00,0.05909,0.823414,0.0,0.0
2017-05-28 18:12:00+02:00,0.0555,0.535172,0.0,0.0
2017-05-28 18:13:00+02:00,0.06575,0.481378,0.0,0.0
2017-05-28 18:14:00+02:00,0.06323,0.483273,0.0,0.0
2017-05-28 18:15:00+02:00,0.06524,0.422111,0.0,0.0
2017-05-28 18:16:00+02:00,0.06976,0.395293,0.0,0.0
2017-05-28 18:17:00+02:00,0.07009,0.387148,0.0,0.0
2017-05-28 18:18:00+02:00,0.0656,0.661077,0.0,0.0
2017-05-28 18:19:00+02:00,0.06396,0.851177,0.0,0.0
2017-05-28 18:20:00+02:00,0.06667,0.844056,0.0,0.0
2017-05-28 18:21:00+02:00,0.06159,0.821327,0.0,0.0
2017-05-28 18:22:00+02:00,0.06691,0.796777,0.0,0.0
2017-05-28 18:23:00+02:00,0.07055,0.806188,0.0,0.0
2017-05-28 18:24:00+02:00,0.06986,0.79126,0.0,0.0
2017-05-28 18:25:00+02:00,0.06618,0.788569,0.0,0.0
2017-05-28 18:26:00+02:00,0.06247,0.808902,0.0,0.0
2017-05-28 18:27:00+02:00,0.0621,0.714278,0.0,0.0
2017-05-28 18:28:00+02:00,0.06608,0.688955,0.0,0.0
2017-05-28 18:29:00+02:00,0.06776,0.753608,0.0,0.0
2017-05-28 18:30:00+02:00,0.0638,0.740315,0.0,0.0
2017-05-28 18:31:00+02:00,0.06119,0.736169,0.0,0.0
2017-05-28 18:32:00+02:00,0.06893,0.73057,0.0,0.0
2017-05-28 18:33:00+02:00,0.06639,0.733025,0.0,0.0
2017-05-28 18:34:00+02:00,0.06112,0.662728,0.0,0.0
2017-05-28 18:35:00+02:00,0.06633,0.651569,0.0,0.0
2017-05-28 18:36:00+02:00,0.06421,0.6026,0.0,0.0
2017-05-28 18:37:00+02:00,0.06572,0.624042,0.0,0.0
2017-05-28 18:38:00+02:00,0.06013,0.635139,0.0,0.0
2017-05-28 18:39:00+02:00,0.06063,0.655252,0.0,0.0
2017-05-28 18:40:00+02:00,0.06269,0.675887,0.0,0.0
2017-05-28 18:41:00+02:00,0.05614,0.675981,0.0,0.0
2017-05-28 18:42:00+02:00,0.05385,0.708529,0.0,0.0
2017-05-28 18:43:00+02:00,0.05739,0.706039,0.0,0.0
2017-05-28 18:44:00+02:00,0.06168,0.700774,0.0,0.0
2017-05-28 18:45:00+02:00,0.0625,0.69242,0.0,0.0
2017-05-28 18:46:00+02:00,0.06801,0.649651,0.0,0.0
2017-05-28 18:47:00+02:00,0.06499,0.648409,0.0,0.0
2017-05-28 18:48:00+02:00,0.06702,0.654971,0.0,0.0
2017-05-28 18:49:00+02:00,0.06826,0.656163,0.0,0.0
2017-05-28 18:50:00+02:00,0.0705,0.649255,0.0,0.0
2017-05-28 18:51:00+02:00,0.07613,0.647451,0.0,0.0
2017-05-28 18:52:00+02:00,0.06808,0.644674,0.0,0.0
2017-05-28 18:53:00+02:00,0.06824,0.63918,0.0,0.0
2017-05-28 18:54:00+02:00,0.07163,0.635368,0.0,0.0
2017-05-28 18:55:00+02:00,0.07225,0.6309,0.0,0.0
2017-05-28 18:56:00+02:00,0.07029,0.619339,0.0,0.0
2017-05-28 18:57:00+02:00,0.06836,0.605401,0.0,0.0
2017-05-28 18:58:00+02:00,0.06807,0.599425,0.0,0.0
2017-05-28 18:59:00+02:00,0.06886,0.590521,0.0,0.0
2017-05-28 19:00:00+02:00,0.06926,0.58277,0.0,0.0
2017-05-28 19:01:00+02:00,0.06736,0.575518,0.0,0.0
2017-05-28 19:02:00+02:00,0.0669,0.567295,0.0,0.0
2017-05-28 19:03:00+02:00,0.07201,0.558569,0.0,0.0
2017-05-28 19:04:00+02:00,0.07219,0.551097,0.0,0.0
2017-05-28 19:05:00+02:00,0.0685,0.546043,0.0,0.0
2017-05-28 19:06:00+02:00,0.06968,0.549911,0.0,0.0
2017-05-28 19:07:00+02:00,0.06533,0.548636,0.0,0.0
2017-05-28 19:08:00+02:00,0.06271,0.54545,0.0,0.0
2017-05-28 19:09:00+02:00,0.06661,0.539532,0.0,0.0
2017-05-28 19:10:00+02:00,0.06331,0.535012,0.0,0.0
2017-05-28 19:11:00+02:00,0.06109,0.528721,0.0,0.0
2017-05-28 19:12:00+02:00,0.06986,0.530194,0.0,0.0
2017-05-28 19:13:00+02:00,0.07453,0.528989,0.0,0.0
2017-05-28 19:14:00+02:00,0.07181,0.53368,0.0,0.0
2017-05-28 19:15:00+02:00,0.07057,0.522963,0.0,0.0
2017-05-28 19:16:00+02:00,0.07871,0.402381,0.0,0.0
2017-05-28 19:17:00+02:00,0.08471,0.345699,0.0,0.0
2017-05-28 19:18:00+02:00,0.09072,0.2304,0.0,0.0
2017-05-28 19:19:00+02:00,0.09372,0.240566,0.0,0.0
2017-05-28 19:20:00+02:00,0.09682,0.205393,0.0,0.0
2017-05-28 19:21:00+02:00,0.08984,0.226026,0.0,0.0
2017-05-28 19:22:00+02:00,0.08769,0.370719,0.0,0.0
2017-05-28 19:23:00+02:00,0.0853,0.502537,0.0,0.0
2017-05-28 19:24:00+02:00,0.08755,0.511861,0.0,0.0
2017-05-28 19:25:00+02:00,0.09071,0.498321,0.0,0.0
2017-05-28 19:26:00+02:00,0.08137,0.502202,0.0,0.0
2017-05-28 19:27:00+02:00,0.08597,0.492723,0.0,0.0
2017-05-28 19:28:00+02:00,0.07647,0.427262,0.0,0.0
2017-05-28 19:29:00+02:00,0.07172,0.370008,0.0,0.0
2017-05-28 19:30:00+02:00,0.0809,0.249095,0.0,0.0
2017-05-28 19:31:00+02:00,0.08499,0.220221,0.0,0.0
2017-05-28 19:32:00+02:00,0.08256,0.213323,0.0,0.0
2017-05-28 19:33:00+02:00,0.08771,0.205322,0.0,0.0
2017-05-28 19:34:00+02:00,0.0868,0.261504,0.0,0.0
2017-05-28 19:35:00+02:00,0.09027,0.334591,0.0,0.0
2017-05-28 19:36:00+02:00,0.09057,0.268992,0.0,0.0
2017-05-28 19:37:00+02:00,0.08405,0.169772,0.0,0.0
2017-05-28 19:38:00+02:00,0.08308,0.156751,0.0,0.0
2017-05-28 19:39:00+02:00,0.0921,0.151335,0.0,0.0
2017-05-28 19:40:00+02:00,0.09354,0.150379,0.0,0.0
2017-05-28 19:41:00+02:00,0.10006,0.154877,0.0,0.0
2017-05-28 19:42:00+02:00,0.091,0.163166,0.0,0.0
2017-05-28 19:43:00+02:00,0.09059,0.165557,0.0,0.0
2017-05-28 19:44:00+02:00,0.08312,0.16142,0.0,0.0
2017-05-28 19:45:00+02:00,0.0969,0.153979,0.0,0.0
2017-05-28 19:46:00+02:00,0.10042,0.146556,0.0,0.0
2017-05-28 19:47:00+02:00,0.08376,0.141777,0.0,0.0
2017-05-28 19:48:00+02:00,0.07051,0.135405,0.0,0.0
2017-05-28 19:49:00+02:00,0.07295,0.128714,0.0,0.0
2017-05-28 19:50:00+02:00,0.07558,0.122342,0.0,0.0
2017-05-28 19:51:00+02:00,0.07254,0.11597,0.0,0.0
2017-05-28 19:52:00+02:00,0.07488,0.110365,0.0,0.0
2017-05-28 19:53:00+02:00,0.07731,0.108115,0.0,0.0
2017-05-28 19:54:00+02:00,0.07564,0.108729,0.0,0.0
2017-05-28 19:55:00+02:00,0.07138,0.111316,0.0,0.0
2017-05-28 19:56:00+02:00,0.0722,0.111915,0.0,0.0
2017-05-28 19:57:00+02:00,0.06943,0.11151,0.0,0.0
2017-05-28 19:58:00+02:00,0.06876,0.109082,0.0,0.0
2017-05-28 19:59:00+02:00,0.07019,0.1051,0.0,0.0
2017-05-28 20:00:00+02:00,0.06841,0.098739,0.0,0.0
2017-05-28 20:01:00+02:00,0.07564,0.089845,0.0,0.0
2017-05-28 20:02:00+02:00,0.0799,0.082836,0.0,0.0
2017-05-28 20:03:00+02:00,0.0714,0.07742,0.0,0.0
2017-05-28 20:04:00+02:00,0.0681,0.076464,0.0,0.0
2017-05-28 20:05:00+02:00,0.06668,0.073915,0.0,0.0
2017-05-28 20:06:00+02:00,0.06563,0.069773,0.0,0.0
2017-05-28 20:07:00+02:00,0.06825,0.068836,0.0,0.0
2017-05-28 20:08:00+02:00,0.06784,0.068729,0.0,0.0
2017-05-28 20:09:00+02:00,0.06785,0.071372,0.0,0.0
2017-05-28 20:10:00+02:00,0.07068,0.083309,0.0,0.0
2017-05-28 20:11:00+02:00,0.06788,0.087575,0.0,0.0
2017-05-28 20:12:00+02:00,0.0678,0.101389,0.0,0.0
2017-05-28 20:13:00+02:00,0.07454,0.114617,0.0,0.0
2017-05-28 20:14:00+02:00,0.06472,0.113837,0.0,0.0
2017-05-28 20:15:00+02:00,0.06313,0.107766,0.0,0.0
2017-05-28 20:16:00+02:00,0.06616,0.104729,0.0,0.0
2017-05-28 20:17:00+02:00,0.06953,0.099707,0.0,0.0
2017-05-28 20:18:00+02:00,0.06468,0.088875,0.0,0.0
2017-05-28 20:19:00+02:00,0.07067,0.081981,0.0,0.0
2017-05-28 20:20:00+02:00,0.0686,0.079547,0.0,0.0
2017-05-28 20:21:00+02:00,0.06615,0.076991,0.0,0.0
2017-05-28 20:22:00+02:00,0.07278,0.073708,0.0,0.0
2017-05-28 20:23:00+02:00,0.06894,0.070792,0.0,0.0
2017-05-28 20:24:00+02:00,0.06473,0.071633,0.0,0.0
2017-05-28 20:25:00+02:00,0.07039,0.07126,0.0,0.0
2017-05-28 20:26:00+02:00,0.07492,0.073103,0.0,0.0
2017-05-28 20:27:00+02:00,0.07271,0.074147,0.0,0.0
2017-05-28 20:28:00+02:00,0.06345,0.072068,0.0,0.0
2017-05-28 20:29:00+02:00,0.06321,0.059996,0.0,0.0
2017-05-28 20:30:00+02:00,0.06957,0.053951,0.0,0.0
2017-05-28 20:31:00+02:00,0.06992,0.050701,0.0,0.0
2017-05-28 20:32:00+02:00,0.07019,0.046354,0.0,0.0
2017-05-28 20:33:00+02:00,0.0672,0.042043,0.0,0.0
2017-05-28 20:34:00+02:00,0.07694,0.039609,0.0,0.0
2017-05-28 20:35:00+02:00,0.07778,0.034459,0.0,0.0
2017-05-28 20:36:00+02:00,0.0803,0.028474,0.0,0.0
2017-05-28 20:37:00+02:00,0.07121,0.022666,0.0,0.0
2017-05-28 20:38:00+02:00,0.07584,0.012944,0.0,0.0
2017-05-28 20:39:00+02:00,0.07486,0.008408,0.0,0.0
2017-05-28 20:40:00+02:00,0.07781,0.005584,0.0,0.0
2017-05-28 20:41:00+02:00,0.0759,0.001328,0.0,0.0
2017-05-28 20:42:00+02:00,0.07819,0.0,0.0,0.0
2017-05-28 20:43:00+02:00,0.07915,0.0,0.0,0.0
2017-05-28 20:44:00+02:00,0.07835,0.0,0.0,0.0
2017-05-28 20:45:00+02:00,0.07887,0.0,0.0,0.0
2017-05-28 20:46:00+02:00,0.07324,0.0,0.0,0.0
2017-05-28 20:47:00+02:00,0.07326,0.0,0.0,0.0
2017-05-28 20:48:00+02:00,0.08041,0.0,0.0,0.0
2017-05-28 20:49:00+02:00,0.08854,0.0,0.0,0.0
2017-05-28 20:50:00+02:00,0.10043,0.0,0.0,0.0
2017-05-28 20:51:00+02:00,0.08349,0.0,0.0,0.0
2017-05-28 20:52:00+02:00,0.07755,0.0,0.0,0.0
2017-05-28 20:53:00+02:00,0.07211,0.0,0.0,0.0
2017-05-28 20:54:00+02:00,0.06734,0.0,0.0,0.0
2017-05-28 20:55:00+02:00,0.07014,0.0,0.0,0.0
2017-05-28 20:56:00+02:00,0.07175,0.0,0.0,0.0
2017-05-28 20:57:00+02:00,0.07498,0.0,0.0,0.0
2017-05-28 20:58:00+02:00,0.07886,0.0,0.0,0.0
2017-05-28 20:59:00+02:00,0.07597,0.0,0.0,0.0
2017-05-28 21:00:00+02:00,0.08861,0.0,0.0,0.0
2017-05-28 21:01:00+02:00,0.07554,0.0,0.0,0.0
2017-05-28 21:02:00+02:00,0.0733,0.0,0.0,0.0
2017-05-28 21:03:00+02:00,0.06439,0.0,0.0,0.0
2017-05-28 21:04:00+02:00,0.0674,0.0,0.0,0.0
2017-05-28 21:05:00+02:00,0.06681,0.0,0.0,0.0
2017-05-28 21:06:00+02:00,0.07103,0.0,0.0,0.0
2017-05-28 21:07:00+02:00,0.0824,0.0,0.0,0.0
2017-05-28 21:08:00+02:00,0.08074,0.0,0.0,0.0
2017-05-28 21:09:00+02:00,0.09561,0.0,0.0,0.0
2017-05-28 21:10:00+02:00,0.09196,0.0,0.0,0.0
2017-05-28 21:11:00+02:00,0.07239,0.0,0.0,0.0
2017-05-28 21:12:00+02:00,0.07347,0.0,0.0,0.0
2017-05-28 21:13:00+02:00,0.07106,0.0,0.0,0.0
2017-05-28 21:14:00+02:00,0.0723,0.0,0.0,0.0
2017-05-28 21:15:00+02:00,0.08085,0.0,0.0,0.0
2017-05-28 21:16:00+02:00,0.07548,0.0,0.0,0.0
2017-05-28 21:17:00+02:00,0.0701,0.0,0.0,0.0
2017-05-28 21:18:00+02:00,0.07834,0.0,0.0,0.0
2017-05-28 21:19:00+02:00,0.08333,0.0,0.0,0.0
2017-05-28 21:20:00+02:00,0.083,0.0,0.0,0.0
2017-05-28 21:21:00+02:00,0.09487,0.0,0.0,0.0
2017-05-28 21:22:00+02:00,0.09116,0.0,0.0,0.0
2017-05-28 21:23:00+02:00,0.08177,0.0,0.0,0.0
2017-05-28 21:24:00+02:00,0.08457,0.0,0.0,0.0
2017-05-28 21:25:00+02:00,0.08088,0.0,0.0,0.0
2017-05-28 21:26:00+02:00,0.09195,0.0,0.0,0.0
2017-05-28 21:27:00+02:00,0.0948,0.0,0.0,0.0
2017-05-28 21:28:00+02:00,0.09262,0.0,0.0,0.0
2017-05-28 21:29:00+02:00,0.09358,0.0,0.0,0.0
2017-05-28 21:30:00+02:00,0.09364,0.0,0.0,0.0
2017-05-28 21:31:00+02:00,0.0974,0.0,0.0,0.0
2017-05-28 21:32:00+02:00,0.1026,0.0,0.0,0.0
2017-05-28 21:33:00+02:00,0.08775,0.0,0.0,0.0
2017-05-28 21:34:00+02:00,0.08175,0.0,0.0,0.0
2017-05-28 21:35:00+02:00,0.08247,0.0,0.0,0.0
2017-05-28 21:36:00+02:00,0.08402,0.0,0.0,0.0
2017-05-28 21:37:00+02:00,0.09228,0.0,0.0,0.0
2017-05-28 21:38:00+02:00,0.09645,0.0,0.0,0.0
2017-05-28 21:39:00+02:00,0.09778,0.0,0.0,0.0
2017-05-28 21:40:00+02:00,0.10388,0.0,0.0,0.0
2017-05-28 21:41:00+02:00,0.11428,0.0,0.0,0.0
2017-05-28 21:42:00+02:00,0.09487,0.0,0.0,0.0
2017-05-28 21:43:00+02:00,0.09576,0.0,0.0,0.0
2017-05-28 21:44:00+02:00,0.09843,0.0,0.0,0.0
2017-05-28 21:45:00+02:00,0.10571,0.0,0.0,0.0
2017-05-28 21:46:00+02:00,0.11848,0.0,0.0,0.0
2017-05-28 21:47:00+02:00,0.11198,0.0,0.0,0.0
2017-05-28 21:48:00+02:00,0.10609,0.0,0.0,0.0
2017-05-28 21:49:00+02:00,0.10412,0.0,0.0,0.0
2017-05-28 21:50:00+02:00,0.10126,0.0,0.0,0.0
2017-05-28 21:51:00+02:00,0.09721,0.0,0.0,0.0
2017-05-28 21:52:00+02:00,0.08378,0.0,0.0,0.0
2017-05-28 21:53:00+02:00,0.08134,0.0,0.0,0.0
2017-05-28 21:54:00+02:00,0.08404,0.0,0.0,0.0
2017-05-28 21:55:00+02:00,0.08217,0.0,0.0,0.0
2017-05-28 21:56:00+02:00,0.07813,0.0,0.0,0.0
2017-05-28 21:57:00+02:00,0.07392,0.0,0.0,0.0
2017-05-28 21:58:00+02:00,0.07105,0.0,0.0,0.0
2017-05-28 21:59:00+02:00,0.07083,0.0,0.0,0.0
2017-05-28 22:00:00+02:00,0.07354,0.0,0.0,0.0
2017-05-28 22:01:00+02:00,0.07215,0.0,0.0,0.0
2017-05-28 22:02:00+02:00,0.07738,0.0,0.0,0.0
2017-05-28 22:03:00+02:00,0.07869,0.0,0.0,0.0
2017-05-28 22:04:00+02:00,0.08708,0.0,0.0,0.0
2017-05-28 22:05:00+02:00,0.08993,0.0,0.0,0.0
2017-05-28 22:06:00+02:00,0.09059,0.0,0.0,0.0
2017-05-28 22:07:00+02:00,0.08777,0.0,0.0,0.0
2017-05-28 22:08:00+02:00,0.08203,0.0,0.0,0.0
2017-05-28 22:09:00+02:00,0.07828,0.0,0.0,0.0
2017-05-28 22:10:00+02:00,0.07309,0.0,0.0,0.0
2017-05-28 22:11:00+02:00,0.07422,0.0,0.0,0.0
2017-05-28 22:12:00+02:00,0.08109,0.0,0.0,0.0
2017-05-28 22:13:00+02:00,0.07245,0.0,0.0,0.0
2017-05-28 22:14:00+02:00,0.07349,0.0,0.0,0.0
2017-05-28 22:15:00+02:00,0.0762,0.0,0.0,0.0
2017-05-28 22:16:00+02:00,0.07594,0.0,0.0,0.0
2017-05-28 22:17:00+02:00,0.083,0.0,0.0,0.0
2017-05-28 22:18:00+02:00,0.07337,0.0,0.0,0.0
2017-05-28 22:19:00+02:00,0.07848,0.0,0.0,0.0
2017-05-28 22:20:00+02:00,0.07288,0.0,0.0,0.0
2017-05-28 22:21:00+02:00,0.06892,0.0,0.0,0.0
2017-05-28 22:22:00+02:00,0.07243,0.0,0.0,0.0
2017-05-28 22:23:00+02:00,0.06652,0.0,0.0,0.0
2017-05-28 22:24:00+02:00,0.06757,0.0,0.0,0.0
2017-05-28 22:25:00+02:00,0.06855,0.0,0.0,0.0
2017-05-28 22:26:00+02:00,0.06938,0.0,0.0,0.0
2017-05-28 22:27:00+02:00,0.06875,0.0,0.0,0.0
2017-05-28 22:28:00+02:00,0.07619,0.0,0.0,0.0
2017-05-28 22:29:00+02:00,0.08008,0.0,0.0,0.0
2017-05-28 22:30:00+02:00,0.07597,0.0,0.0,0.0
2017-05-28 22:31:00+02:00,0.07661,0.0,0.0,0.0
2017-05-28 22:32:00+02:00,0.0763,0.0,0.0,0.0
2017-05-28 22:33:00+02:00,0.0741,0.0,0.0,0.0
2017-05-28 22:34:00+02:00,0.07543,0.0,0.0,0.0
2017-05-28 22:35:00+02:00,0.07697,0.0,0.0,0.0
2017-05-28 22:36:00+02:00,0.07832,0.0,0.0,0.0
2017-05-28 22:37:00+02:00,0.07896,0.0,0.0,0.0
2017-05-28 22:38:00+02:00,0.06905,0.0,0.0,0.0
2017-05-28 22:39:00+02:00,0.06843,0.0,0.0,0.0
2017-05-28 22:40:00+02:00,0.07435,0.0,0.0,0.0
2017-05-28 22:41:00+02:00,0.07918,0.0,0.0,0.0
2017-05-28 22:42:00+02:00,0.08003,0.0,0.0,0.0
2017-05-28 22:43:00+02:00,0.0835,0.0,0.0,0.0
2017-05-28 22:44:00+02:00,0.08047,0.0,0.0,0.0
2017-05-28 22:45:00+02:00,0.07668,0.0,0.0,0.0
2017-05-28 22:46:00+02:00,0.08509,0.0,0.0,0.0
2017-05-28 22:47:00+02:00,0.09077,0.0,0.0,0.0
2017-05-28 22:48:00+02:00,0.08792,0.0,0.0,0.0
2017-05-28 22:49:00+02:00,0.08293,0.0,0.0,0.0
2017-05-28 22:50:00+02:00,0.08282,0.0,0.0,0.0
2017-05-28 22:51:00+02:00,0.07986,0.0,0.0,0.0
2017-05-28 22:52:00+02:00,0.07473,0.0,0.0,0.0
2017-05-28 22:53:00+02:00,0.07201,0.0,0.0,0.0
2017-05-28 22:54:00+02:00,0.07675,0.0,0.0,0.0
2017-05-28 22:55:00+02:00,0.07231,0.0,0.0,0.0
2017-05-28 22:56:00+02:00,0.06947,0.0,0.0,0.0
2017-05-28 22:57:00+02:00,0.07096,0.0,0.0,0.0
2017-05-28 22:58:00+02:00,0.07193,0.0,0.0,0.0
2017-05-28 22:59:00+02:00,0.07246,0.0,0.0,0.0
2017-05-28 23:00:00+02:00,0.07043,0.0,0.0,0.0
2017-05-28 23:01:00+02:00,0.07759,0.0,0.0,0.0
2017-05-28 23:02:00+02:00,0.07432,0.0,0.0,0.0
2017-05-28 23:03:00+02:00,0.07549,0.0,0.0,0.0
2017-05-28 23:04:00+02:00,0.07542,0.0,0.0,0.0
2017-05-28 23:05:00+02:00,0.07678,0.0,0.0,0.0
2017-05-28 23:06:00+02:00,0.08646,0.0,0.0,0.0
2017-05-28 23:07:00+02:00,0.08785,0.0,0.0,0.0
2017-05-28 23:08:00+02:00,0.08969,0.0,0.0,0.0
2017-05-28 23:09:00+02:00,0.09176,0.0,0.0,0.0
2017-05-28 23:10:00+02:00,0.08471,0.0,0.0,0.0
2017-05-28 23:11:00+02:00,0.08792,0.0,0.0,0.0
2017-05-28 23:12:00+02:00,0.07459,0.0,0.0,0.0
2017-05-28 23:13:00+02:00,0.07386,0.0,0.0,0.0
2017-05-28 23:14:00+02:00,0.07104,0.0,0.0,0.0
2017-05-28 23:15:00+02:00,0.07811,0.0,0.0,0.0
2017-05-28 23:16:00+02:00,0.07269,0.0,0.0,0.0
2017-05-28 23:17:00+02:00,0.07381,0.0,0.0,0.0
2017-05-28 23:18:00+02:00,0.076,0.0,0.0,0.0
2017-05-28 23:19:00+02:00,0.07897,0.0,0.0,0.0
2017-05-28 23:20:00+02:00,0.07252,0.0,0.0,0.0
2017-05-28 23:21:00+02:00,0.07011,0.0,0.0,0.0
2017-05-28 23:22:00+02:00,0.07046,0.0,0.0,0.0
2017-05-28 23:23:00+02:00,0.07642,0.0,0.0,0.0
2017-05-28 23:24:00+02:00,0.07206,0.0,0.0,0.0
2017-05-28 23:25:00+02:00,0.06945,0.0,0.0,0.0
2017-05-28 23:26:00+02:00,0.06836,0.0,0.0,0.0
2017-05-28 23:27:00+02:00,0.06338,0.0,0.0,0.0
2017-05-28 23:28:00+02:00,0.05968,0.0,0.0,0.0
2017-05-28 23:29:00+02:00,0.06087,0.0,0.0,0.0
2017-05-28 23:30:00+02:00,0.061,0.0,0.0,0.0
2017-05-28 23:31:00+02:00,0.0628,0.0,0.0,0.0
2017-05-28 23:32:00+02:00,0.06804,0.0,0.0,0.0
2017-05-28 23:33:00+02:00,0.07491,0.0,0.0,0.0
2017-05-28 23:34:00+02:00,0.07559,0.0,0.0,0.0
2017-05-28 23:35:00+02:00,0.07406,0.0,0.0,0.0
2017-05-28 23:36:00+02:00,0.06857,0.0,0.0,0.0
2017-05-28 23:37:00+02:00,0.06792,0.0,0.0,0.0
2017-05-28 23:38:00+02:00,0.06713,0.0,0.0,0.0
2017-05-28 23:39:00+02:00,0.06712,0.0,0.0,0.0
2017-05-28 23:40:00+02:00,0.07173,0.0,0.0,0.0
2017-05-28 23:41:00+02:00,0.07335,0.0,0.0,0.0
2017-05-28 23:42:00+02:00,0.06678,0.0,0.0,0.0
2017-05-28 23:43:00+02:00,0.06274,0.0,0.0,0.0
2017-05-28 23:44:00+02:00,0.06141,0.0,0.0,0.0
2017-05-28 23:45:00+02:00,0.06502,0.0,0.0,0.0
2017-05-28 23:46:00+02:00,0.06409,0.0,0.0,0.0
2017-05-28 23:47:00+02:00,0.06002,0.0,0.0,0.0
2017-05-28 23:48:00+02:00,0.05887,0.0,0.0,0.0
2017-05-28 23:49:00+02:00,0.05922,0.0,0.0,0.0
2017-05-28 23:50:00+02:00,0.05783,0.0,0.0,0.0
2017-05-28 23:51:00+02:00,0.05531,0.0,0.0,0.0
2017-05-28 23:52:00+02:00,0.06246,0.0,0.0,0.0
2017-05-28 23:53:00+02:00,0.06179,0.0,0.0,0.0
2017-05-28 23:54:00+02:00,0.06056,0.0,0.0,0.0
2017-05-28 23:55:00+02:00,0.06392,0.0,0.0,0.0
2017-05-28 23:56:00+02:00,0.0615,0.0,0.0,0.0
2017-05-28 23:57:00+02:00,0.06423,0.0,0.0,0.0
2017-05-28 23:58:00+02:00,0.05683,0.0,0.0,0.0
2017-05-28 23:59:00+02:00,0.05556,0.0,0.0,0.0
2017-05-29 00:00:00+02:00,0.05616,0.0,0.0,0.0
2017-05-29 00:01:00+02:00,0.05764,0.0,0.0,0.0
2017-05-29 00:02:00+02:00,0.05939,0.0,0.0,0.0
2017-05-29 00:03:00+02:00,0.06361,0.0,0.0,0.0
2017-05-29 00:04:00+02:00,0.06496,0.0,0.0,0.0
2017-05-29 00:05:00+02:00,0.06245,0.0,0.0,0.0
2017-05-29 00:06:00+02:00,0.06154,0.0,0.0,0.0
2017-05-29 00:07:00+02:00,0.0623,0.0,0.0,0.0
2017-05-29 00:08:00+02:00,0.05804,0.0,0.0,0.0
2017-05-29 00:09:00+02:00,0.05812,0.0,0.0,0.0
2017-05-29 00:10:00+02:00,0.05594,0.0,0.0,0.0
2017-05-29 00:11:00+02:00,0.04986,0.0,0.0,0.0
2017-05-29 00:12:00+02:00,0.04955,0.0,0.0,0.0
2017-05-29 00:13:00+02:00,0.05263,0.0,0.0,0.0
2017-05-29 00:14:00+02:00,0.05459,0.0,0.0,0.0
2017-05-29 00:15:00+02:00,0.04884,0.0,0.0,0.0
2017-05-29 00:16:00+02:00,0.04967,0.0,0.0,0.0
2017-05-29 00:17:00+02:00,0.05082,0.0,0.0,0.0
2017-05-29 00:18:00+02:00,0.04988,0.0,0.0,0.0
2017-05-29 00:19:00+02:00,0.05087,0.0,0.0,0.0
2017-05-29 00:20:00+02:00,0.05263,0.0,0.0,0.0
2017-05-29 00:21:00+02:00,0.05254,0.0,0.0,0.0
2017-05-29 00:22:00+02:00,0.06155,0.0,0.0,0.0
2017-05-29 00:23:00+02:00,0.06434,0.0,0.0,0.0
2017-05-29 00:24:00+02:00,0.05797,0.0,0.0,0.0
2017-05-29 00:25:00+02:00,0.05139,0.0,0.0,0.0
2017-05-29 00:26:00+02:00,0.05077,0.0,0.0,0.0
2017-05-29 00:27:00+02:00,0.05271,0.0,0.0,0.0
2017-05-29 00:28:00+02:00,0.05885,0.0,0.0,0.0
2017-05-29 00:29:00+02:00,0.05664,0.0,0.0,0.0
2017-05-29 00:30:00+02:00,0.05451,0.0,0.0,0.0
2017-05-29 00:31:00+02:00,0.06036,0.0,0.0,0.0
2017-05-29 00:32:00+02:00,0.05884,0.0,0.0,0.0
2017-05-29 00:33:00+02:00,0.05477,0.0,0.0,0.0
2017-05-29 00:34:00+02:00,0.05762,0.0,0.0,0.0
2017-05-29 00:35:00+02:00,0.0484,0.0,0.0,0.0
2017-05-29 00:36:00+02:00,0.04829,0.0,0.0,0.0
2017-05-29 00:37:00+02:00,0.04999,0.0,0.0,0.0
2017-05-29 00:38:00+02:00,0.05174,0.0,0.0,0.0
2017-05-29 00:39:00+02:00,0.05144,0.0,0.0,0.0
2017-05-29 00:40:00+02:00,0.05131,0.0,0.0,0.0
2017-05-29 00:41:00+02:00,0.04892,0.0,0.0,0.0
2017-05-29 00:42:00+02:00,0.05013,0.0,0.0,0.0
2017-05-29 00:43:00+02:00,0.05236,0.0,0.0,0.0
2017-05-29 00:44:00+02:00,0.05791,0.0,0.0,0.0
2017-05-29 00:45:00+02:00,0.06083,0.0,0.0,0.0
2017-05-29 00:46:00+02:00,0.05718,0.0,0.0,0.0
2017-05-29 00:47:00+02:00,0.05768,0.0,0.0,0.0
2017-05-29 00:48:00+02:00,0.05813,0.0,0.0,0.0
2017-05-29 00:49:00+02:00,0.05356,0.0,0.0,0.0
2017-05-29 00:50:00+02:00,0.05946,0.0,0.0,0.0
2017-05-29 00:51:00+02:00,0.05786,0.0,0.0,0.0
2017-05-29 00:52:00+02:00,0.05626,0.0,0.0,0.0
2017-05-29 00:53:00+02:00,0.05235,0.0,0.0,0.0
2017-05-29 00:54:00+02:00,0.05124,0.0,0.0,0.0
2017-05-29 00:55:00+02:00,0.04947,0.0,0.0,0.0
2017-05-29 00:56:00+02:00,0.05647,0.0,0.0,0.0
2017-05-29 00:57:00+02:00,0.05457,0.0,0.0,0.0
2017-05-29 00:58:00+02:00,0.04986,0.0,0.0,0.0
2017-05-29 00:59:00+02:00,0.04652,0.0,0.0,0.0
2017-05-29 01:00:00+02:00,0.04815,0.0,0.0,0.0
2017-05-29 01:01:00+02:00,0.04268,0.0,0.0,0.0
2017-05-29 01:02:00+02:00,0.04539,0.0,0.0,0.0
2017-05-29 01:03:00+02:00,0.04677,0.0,0.0,0.0
2017-05-29 01:04:00+02:00,0.04782,0.0,0.0,0.0
2017-05-29 01:05:00+02:00,0.04659,0.0,0.0,0.0
2017-05-29 01:06:00+02:00,0.04406,0.0,0.0,0.0
2017-05-29 01:07:00+02:00,0.04436,0.0,0.0,0.0
2017-05-29 01:08:00+02:00,0.04571,0.0,0.0,0.0
2017-05-29 01:09:00+02:00,0.04421,0.0,0.0,0.0
2017-05-29 01:10:00+02:00,0.0478,0.0,0.0,0.0
2017-05-29 01:11:00+02:00,0.05137,0.0,0.0,0.0
2017-05-29 01:12:00+02:00,0.05468,0.0,0.0,0.0
2017-05-29 01:13:00+02:00,0.055,0.0,0.0,0.0
2017-05-29 01:14:00+02:00,0.05163,0.0,0.0,0.0
2017-05-29 01:15:00+02:00,0.05412,0.0,0.0,0.0
2017-05-29 01:16:00+02:00,0.05233,0.0,0.0,0.0
2017-05-29 01:17:00+02:00,0.04822,0.0,0.0,0.0
2017-05-29 01:18:00+02:00,0.05041,0.0,0.0,0.0
2017-05-29 01:19:00+02:00,0.05631,0.0,0.0,0.0
2017-05-29 01:20:00+02:00,0.05083,0.0,0.0,0.0
2017-05-29 01:21:00+02:00,0.04353,0.0,0.0,0.0
2017-05-29 01:22:00+02:00,0.04464,0.0,0.0,0.0
2017-05-29 01:23:00+02:00,0.045,0.0,0.0,0.0
2017-05-29 01:24:00+02:00,0.05062,0.0,0.0,0.0
2017-05-29 01:25:00+02:00,0.04993,0.0,0.0,0.0
2017-05-29 01:26:00+02:00,0.04603,0.0,0.0,0.0
2017-05-29 01:27:00+02:00,0.04714,0.0,0.0,0.0
2017-05-29 01:28:00+02:00,0.04672,0.0,0.0,0.0
2017-05-29 01:29:00+02:00,0.04152,0.0,0.0,0.0
2017-05-29 01:30:00+02:00,0.04201,0.0,0.0,0.0
2017-05-29 01:31:00+02:00,0.04189,0.0,0.0,0.0
2017-05-29 01:32:00+02:00,0.04038,0.0,0.0,0.0
2017-05-29 01:33:00+02:00,0.03765,0.0,0.0,0.0
2017-05-29 01:34:00+02:00,0.03628,0.0,0.0,0.0
2017-05-29 01:35:00+02:00,0.03773,0.0,0.0,0.0
2017-05-29 01:36:00+02:00,0.04193,0.0,0.0,0.0
2017-05-29 01:37:00+02:00,0.03519,0.0,0.0,0.0
2017-05-29 01:38:00+02:00,0.03492,0.0,0.0,0.0
2017-05-29 01:39:00+02:00,0.03531,0.0,0.0,0.0
2017-05-29 01:40:00+02:00,0.03458,0.0,0.0,0.0
2017-05-29 01:41:00+02:00,0.03351,0.0,0.0,0.0
2017-05-29 01:42:00+02:00,0.0326,0.0,0.0,0.0
2017-05-29 01:43:00+02:00,0.03429,0.0,0.0,0.0
2017-05-29 01:44:00+02:00,0.04177,0.0,0.0,0.0
2017-05-29 01:45:00+02:00,0.03962,0.0,0.0,0.0
2017-05-29 01:46:00+02:00,0.03681,0.0,0.0,0.0
2017-05-29 01:47:00+02:00,0.03627,0.0,0.0,0.0
2017-05-29 01:48:00+02:00,0.03534,0.0,0.0,0.0
2017-05-29 01:49:00+02:00,0.03422,0.0,0.0,0.0
2017-05-29 01:50:00+02:00,0.03375,0.0,0.0,0.0
2017-05-29 01:51:00+02:00,0.03524,0.0,0.0,0.0
2017-05-29 01:52:00+02:00,0.03588,0.0,0.0,0.0
2017-05-29 01:53:00+02:00,0.03589,0.0,0.0,0.0
2017-05-29 01:54:00+02:00,0.03301,0.0,0.0,0.0
2017-05-29 01:55:00+02:00,0.03266,0.0,0.0,0.0
2017-05-29 01:56:00+02:00,0.0342,0.0,0.0,0.0
2017-05-29 01:57:00+02:00,0.0321,0.0,0.0,0.0
2017-05-29 01:58:00+02:00,0.0317,0.0,0.0,0.0
2017-05-29 01:59:00+02:00,0.03283,0.0,0.0,0.0
2017-05-29 02:00:00+02:00,0.03555,0.0,0.0,0.0
2017-05-29 02:01:00+02:00,0.03628,0.0,0.0,0.0
2017-05-29 02:02:00+02:00,0.03361,0.0,0.0,0.0
2017-05-29 02:03:00+02:00,0.03678,0.0,0.0,0.0
2017-05-29 02:04:00+02:00,0.03327,0.0,0.0,0.0
2017-05-29 02:05:00+02:00,0.03372,0.0,0.0,0.0
2017-05-29 02:06:00+02:00,0.03364,0.0,0.0,0.0
2017-05-29 02:07:00+02:00,0.03267,0.0,0.0,0.0
2017-05-29 02:08:00+02:00,0.03253,0.0,0.0,0.0
2017-05-29 02:09:00+02:00,0.03194,0.0,0.0,0.0
2017-05-29 02:10:00+02:00,0.0308,0.0,0.0,0.0
2017-05-29 02:11:00+02:00,0.03159,0.0,0.0,0.0
2017-05-29 02:12:00+02:00,0.03207,0.0,0.0,0.0
2017-05-29 02:13:00+02:00,0.03212,0.0,0.0,0.0
2017-05-29 02:14:00+02:00,0.03182,0.0,0.0,0.0
2017-05-29 02:15:00+02:00,0.03443,0.0,0.0,0.0
2017-05-29 02:16:00+02:00,0.03309,0.0,0.0,0.0
2017-05-29 02:17:00+02:00,0.0328,0.0,0.0,0.0
2017-05-29 02:18:00+02:00,0.03127,0.0,0.0,0.0
2017-05-29 02:19:00+02:00,0.03011,0.0,0.0,0.0
2017-05-29 02:20:00+02:00,0.03261,0.0,0.0,0.0
2017-05-29 02:21:00+02:00,0.03026,0.0,0.0,0.0
2017-05-29 02:22:00+02:00,0.03143,0.0,0.0,0.0
2017-05-29 02:23:00+02:00,0.03109,0.0,0.0,0.0
2017-05-29 02:24:00+02:00,0.03043,0.0,0.0,0.0
2017-05-29 02:25:00+02:00,0.03079,0.0,0.0,0.0
2017-05-29 02:26:00+02:00,0.03246,0.0,0.0,0.0
2017-05-29 02:27:00+02:00,0.03055,0.0,0.0,0.0
2017-05-29 02:28:00+02:00,0.03094,0.0,0.0,0.0
2017-05-29 02:29:00+02:00,0.03219,0.0,0.0,0.0
2017-05-29 02:30:00+02:00,0.03107,0.0,0.0,0.0
2017-05-29 02:31:00+02:00,0.03043,0.0,0.0,0.0
2017-05-29 02:32:00+02:00,0.03253,0.0,0.0,0.0
2017-05-29 02:33:00+02:00,0.0327,0.0,0.0,0.0
2017-05-29 02:34:00+02:00,0.03326,0.0,0.0,0.0
2017-05-29 02:35:00+02:00,0.03263,0.0,0.0,0.0
2017-05-29 02:36:00+02:00,0.03245,0.0,0.0,0.0
2017-05-29 02:37:00+02:00,0.03383,0.0,0.0,0.0
2017-05-29 02:38:00+02:00,0.0333,0.0,0.0,0.0
2017-05-29 02:39:00+02:00,0.03367,0.0,0.0,0.0
2017-05-29 02:40:00+02:00,0.03281,0.0,0.0,0.0
2017-05-29 02:41:00+02:00,0.03116,0.0,0.0,0.0
2017-05-29 02:42:00+02:00,0.03058,0.0,0.0,0.0
2017-05-29 02:43:00+02:00,0.03099,0.0,0.0,0.0
2017-05-29 02:44:00+02:00,0.02992,0.0,0.0,0.0
2017-05-29 02:45:00+02:00,0.0292,0.0,0.0,0.0
2017-05-29 02:46:00+02:00,0.03014,0.0,0.0,0.0
2017-05-29 02:47:00+02:00,0.03108,0.0,0.0,0.0
2017-05-29 02:48:00+02:00,0.03009,0.0,0.0,0.0
2017-05-29 02:49:00+02:00,0.03032,0.0,0.0,0.0
2017-05-29 02:50:00+02:00,0.02896,0.0,0.0,0.0
2017-05-29 02:51:00+02:00,0.02872,0.0,0.0,0.0
2017-05-29 02:52:00+02:00,0.02941,0.0,0.0,0.0
2017-05-29 02:53:00+02:00,0.0283,0.0,0.0,0.0
2017-05-29 02:54:00+02:00,0.02828,0.0,0.0,0.0
2017-05-29 02:55:00+02:00,0.02856,0.0,0.0,0.0
2017-05-29 02:56:00+02:00,0.02724,0.0,0.0,0.0
2017-05-29 02:57:00+02:00,0.02739,0.0,0.0,0.0
2017-05-29 02:58:00+02:00,0.0279,0.0,0.0,0.0
2017-05-29 02:59:00+02:00,0.02815,0.0,0.0,0.0
2017-05-29 03:00:00+02:00,0.02925,0.0,0.0,0.0
2017-05-29 03:01:00+02:00,0.02922,0.0,0.0,0.0
2017-05-29 03:02:00+02:00,0.02841,0.0,0.0,0.0
2017-05-29 03:03:00+02:00,0.02815,0.0,0.0,0.0
2017-05-29 03:04:00+02:00,0.02676,0.0,0.0,0.0
2017-05-29 03:05:00+02:00,0.02606,0.0,0.0,0.0
2017-05-29 03:06:00+02:00,0.02463,0.0,0.0,0.0
2017-05-29 03:07:00+02:00,0.02524,0.0,0.0,0.0
2017-05-29 03:08:00+02:00,0.02575,0.0,0.0,0.0
2017-05-29 03:09:00+02:00,0.02731,0.0,0.0,0.0
2017-05-29 03:10:00+02:00,0.02665,0.0,0.0,0.0
2017-05-29 03:11:00+02:00,0.02689,0.0,0.0,0.0
2017-05-29 03:12:00+02:00,0.02638,0.0,0.0,0.0
2017-05-29 03:13:00+02:00,0.02606,0.0,0.0,0.0
2017-05-29 03:14:00+02:00,0.02663,0.0,0.0,0.0
2017-05-29 03:15:00+02:00,0.0263,0.0,0.0,0.0
2017-05-29 03:16:00+02:00,0.02721,0.0,0.0,0.0
2017-05-29 03:17:00+02:00,0.0253,0.0,0.0,0.0
2017-05-29 03:18:00+02:00,0.02501,0.0,0.0,0.0
2017-05-29 03:19:00+02:00,0.02528,0.0,0.0,0.0
2017-05-29 03:20:00+02:00,0.02526,0.0,0.0,0.0
2017-05-29 03:21:00+02:00,0.02482,0.0,0.0,0.0
2017-05-29 03:22:00+02:00,0.02618,0.0,0.0,0.0
2017-05-29 03:23:00+02:00,0.02653,0.0,0.0,0.0
2017-05-29 03:24:00+02:00,0.02751,0.0,0.0,0.0
2017-05-29 03:25:00+02:00,0.02499,0.0,0.0,0.0
2017-05-29 03:26:00+02:00,0.02507,0.0,0.0,0.0
2017-05-29 03:27:00+02:00,0.02447,0.0,0.0,0.0
2017-05-29 03:28:00+02:00,0.02467,0.0,0.0,0.0
2017-05-29 03:29:00+02:00,0.02443,0.0,0.0,0.0
2017-05-29 03:30:00+02:00,0.02441,0.0,0.0,0.0
2017-05-29 03:31:00+02:00,0.02475,0.0,0.0,0.0
2017-05-29 03:32:00+02:00,0.02514,0.0,0.0,0.0
2017-05-29 03:33:00+02:00,0.02602,0.0,0.0,0.0
2017-05-29 03:34:00+02:00,0.02612,0.0,0.0,0.0
2017-05-29 03:35:00+02:00,0.02751,0.0,0.0,0.0
2017-05-29 03:36:00+02:00,0.02799,0.0,0.0,0.0
2017-05-29 03:37:00+02:00,0.0278,0.0,0.0,0.0
2017-05-29 03:38:00+02:00,0.02814,0.0,0.0,0.0
2017-05-29 03:39:00+02:00,0.02741,0.0,0.0,0.0
2017-05-29 03:40:00+02:00,0.02782,0.0,0.0,0.0
2017-05-29 03:41:00+02:00,0.0276,0.0,0.0,0.0
2017-05-29 03:42:00+02:00,0.02877,0.0,0.0,0.0
2017-05-29 03:43:00+02:00,0.02734,0.0,0.0,0.0
2017-05-29 03:44:00+02:00,0.02673,0.0,0.0,0.0
2017-05-29 03:45:00+02:00,0.0273,0.0,0.0,0.0
2017-05-29 03:46:00+02:00,0.02705,0.0,0.0,0.0
2017-05-29 03:47:00+02:00,0.02959,0.0,0.0,0.0
2017-05-29 03:48:00+02:00,0.02672,0.0,0.0,0.0
2017-05-29 03:49:00+02:00,0.02763,0.0,0.0,0.0
2017-05-29 03:50:00+02:00,0.02644,0.0,0.0,0.0
2017-05-29 03:51:00+02:00,0.02617,0.0,0.0,0.0
2017-05-29 03:52:00+02:00,0.02653,0.0,0.0,0.0
2017-05-29 03:53:00+02:00,0.02751,0.0,0.0,0.0
2017-05-29 03:54:00+02:00,0.02523,0.0,0.0,0.0
2017-05-29 03:55:00+02:00,0.02458,0.0,0.0,0.0
2017-05-29 03:56:00+02:00,0.02455,0.0,0.0,0.0
2017-05-29 03:57:00+02:00,0.02593,0.0,0.0,0.0
2017-05-29 03:58:00+02:00,0.02577,0.0,0.0,0.0
2017-05-29 03:59:00+02:00,0.02659,0.0,0.0,0.0
2017-05-29 04:00:00+02:00,0.02669,0.0,0.0,0.0
2017-05-29 04:01:00+02:00,0.02768,0.0,0.0,0.0
2017-05-29 04:02:00+02:00,0.02838,0.0,0.0,0.0
2017-05-29 04:03:00+02:00,0.02753,0.0,0.0,0.0
2017-05-29 04:04:00+02:00,0.0274,0.0,0.0,0.0
2017-05-29 04:05:00+02:00,0.02806,0.0,0.0,0.0
2017-05-29 04:06:00+02:00,0.02734,0.0,0.0,0.0
2017-05-29 04:07:00+02:00,0.02611,0.0,0.0,0.0
2017-05-29 04:08:00+02:00,0.02503,0.0,0.0,0.0
2017-05-29 04:09:00+02:00,0.02569,0.0,0.0,0.0
2017-05-29 04:10:00+02:00,0.02578,0.0,0.0,0.0
2017-05-29 04:11:00+02:00,0.02495,0.0,0.0,0.0
2017-05-29 04:12:00+02:00,0.02467,0.0,0.0,0.0
2017-05-29 04:13:00+02:00,0.02638,0.0,0.0,0.0
2017-05-29 04:14:00+02:00,0.02569,0.0,0.0,0.0
2017-05-29 04:15:00+02:00,0.02583,0.0,0.0,0.0
2017-05-29 04:16:00+02:00,0.02317,0.0,0.0,0.0
2017-05-29 04:17:00+02:00,0.02292,0.0,0.0,0.0
2017-05-29 04:18:00+02:00,0.0252,0.0,0.0,0.0
2017-05-29 04:19:00+02:00,0.0262,0.0,0.0,0.0
2017-05-29 04:20:00+02:00,0.02546,0.0,0.0,0.0
2017-05-29 04:21:00+02:00,0.02514,0.0,0.0,0.0
2017-05-29 04:22:00+02:00,0.02498,0.0,0.0,0.0
2017-05-29 04:23:00+02:00,0.02413,0.0,0.0,0.0
2017-05-29 04:24:00+02:00,0.02409,0.0,0.0,0.0
2017-05-29 04:25:00+02:00,0.02391,0.0,0.0,0.0
2017-05-29 04:26:00+02:00,0.0241,0.0,0.0,0.0
2017-05-29 04:27:00+02:00,0.02419,0.0,0.0,0.0
2017-05-29 04:28:00+02:00,0.02529,0.0,0.0,0.0
2017-05-29 04:29:00+02:00,0.02779,0.0,0.0,0.0
2017-05-29 04:30:00+02:00,0.0262,0.0,0.0,0.0
2017-05-29 04:31:00+02:00,0.02449,0.0,0.0,0.0
2017-05-29 04:32:00+02:00,0.02454,0.0,0.0,0.0
2017-05-29 04:33:00+02:00,0.0238,0.0,0.0,0.0
2017-05-29 04:34:00+02:00,0.02328,0.0,0.0,0.0
2017-05-29 04:35:00+02:00,0.02319,0.0,0.0,0.0
2017-05-29 04:36:00+02:00,0.02323,0.0,0.0,0.0
2017-05-29 04:37:00+02:00,0.02311,0.0,0.0,0.0
2017-05-29 04:38:00+02:00,0.0229,0.0,0.0,0.0
2017-05-29 04:39:00+02:00,0.02331,0.0,0.0,0.0
2017-05-29 04:40:00+02:00,0.0243,0.0,0.0,0.0
2017-05-29 04:41:00+02:00,0.02626,0.0,0.0,0.0
2017-05-29 04:42:00+02:00,0.02579,0.0,0.0,0.0
2017-05-29 04:43:00+02:00,0.02759,0.0,0.0,0.0
2017-05-29 04:44:00+02:00,0.02703,0.0,0.0,0.0
2017-05-29 04:45:00+02:00,0.02497,0.0,0.0,0.0
2017-05-29 04:46:00+02:00,0.02411,0.0,0.0,0.0
2017-05-29 04:47:00+02:00,0.02429,0.0,0.0,0.0
2017-05-29 04:48:00+02:00,0.02389,0.0,0.0,0.0
2017-05-29 04:49:00+02:00,0.02346,0.0,0.0,0.0
2017-05-29 04:50:00+02:00,0.02302,0.0,0.0,0.0
2017-05-29 04:51:00+02:00,0.0228,0.0,0.0,0.0
2017-05-29 04:52:00+02:00,0.02333,0.0,0.0,0.0
2017-05-29 04:53:00+02:00,0.02379,0.0,0.0,0.0
2017-05-29 04:54:00+02:00,0.02419,0.0,0.0,0.0
2017-05-29 04:55:00+02:00,0.02415,0.0,0.0,0.0
2017-05-29 04:56:00+02:00,0.02423,0.0,0.0,0.0
2017-05-29 04:57:00+02:00,0.02435,0.0,0.0,0.0
2017-05-29 04:58:00+02:00,0.02469,0.0,0.0,0.0
2017-05-29 04:59:00+02:00,0.02447,0.0,0.0,0.0
2017-05-29 05:00:00+02:00,0.02443,0.0,0.0,0.0
2017-05-29 05:01:00+02:00,0.025,0.0,0.0,0.0
2017-05-29 05:02:00+02:00,0.02629,0.0,0.0,0.0
2017-05-29 05:03:00+02:00,0.02589,0.0,0.0,0.0
2017-05-29 05:04:00+02:00,0.02478,0.0,0.0,0.0
2017-05-29 05:05:00+02:00,0.02387,0.0,0.0,0.0
2017-05-29 05:06:00+02:00,0.02545,0.0,0.0,0.0
2017-05-29 05:07:00+02:00,0.02404,0.0,0.0,0.0
2017-05-29 05:08:00+02:00,0.02342,0.0,0.0,0.0
2017-05-29 05:09:00+02:00,0.02423,0.0,0.0,0.0
2017-05-29 05:10:00+02:00,0.02553,0.0,0.0,0.0
2017-05-29 05:11:00+02:00,0.02478,0.0,0.0,0.0
2017-05-29 05:12:00+02:00,0.02398,0.0,0.0,0.0
2017-05-29 05:13:00+02:00,0.02479,0.0,0.0,0.0
2017-05-29 05:14:00+02:00,0.0237,0.0,0.0,0.0
2017-05-29 05:15:00+02:00,0.02397,0.0,0.0,0.0
2017-05-29 05:16:00+02:00,0.02325,0.0,0.0,0.0
2017-05-29 05:17:00+02:00,0.02315,0.0,0.0,0.0
2017-05-29 05:18:00+02:00,0.02273,0.0,0.0,0.0
2017-05-29 05:19:00+02:00,0.02328,0.0,0.0,0.0
2017-05-29 05:20:00+02:00,0.02292,0.0,0.0,0.0
2017-05-29 05:21:00+02:00,0.02314,0.0,0.0,0.0
2017-05-29 05:22:00+02:00,0.02345,0.0,0.0,0.0
2017-05-29 05:23:00+02:00,0.02279,0.0,0.0,0.0
2017-05-29 05:24:00+02:00,0.02343,0.0,0.0,0.0
2017-05-29 05:25:00+02:00,0.02332,4e-05,0.0,0.0
2017-05-29 05:26:00+02:00,0.0237,0.000806,0.0,0.0
2017-05-29 05:27:00+02:00,0.02348,0.002655,0.0,0.0
2017-05-29 05:28:00+02:00,0.02305,0.006196,0.0,0.0
2017-05-29 05:29:00+02:00,0.02278,0.008739,0.0,0.0
2017-05-29 05:30:00+02:00,0.02336,0.036664,0.0,0.0
2017-05-29 05:31:00+02:00,0.02238,0.041375,0.0,0.0
2017-05-29 05:32:00+02:00,0.02304,0.045518,0.0,0.0
2017-05-29 05:33:00+02:00,0.02298,0.05022,0.0,0.0
2017-05-29 05:34:00+02:00,0.02274,0.055825,0.0,0.0
2017-05-29 05:35:00+02:00,0.02285,0.060905,0.0,0.0
2017-05-29 05:36:00+02:00,0.02469,0.06493,0.0,0.0
2017-05-29 05:37:00+02:00,0.02698,0.069255,0.0,0.0
2017-05-29 05:38:00+02:00,0.0278,0.074178,0.0,0.0
2017-05-29 05:39:00+02:00,0.02819,0.07841,0.0,0.0
2017-05-29 05:40:00+02:00,0.0276,0.082377,0.0,0.0
2017-05-29 05:41:00+02:00,0.02544,0.087152,0.0,0.0
2017-05-29 05:42:00+02:00,0.02526,0.091402,0.0,0.0
2017-05-29 05:43:00+02:00,0.02557,0.096008,0.0,0.0
2017-05-29 05:44:00+02:00,0.02536,0.101207,0.0,0.0
2017-05-29 05:45:00+02:00,0.02545,0.103327,0.0,0.0
2017-05-29 05:46:00+02:00,0.02554,0.108747,0.0,0.0
2017-05-29 05:47:00+02:00,0.02733,0.112842,0.0,0.0
2017-05-29 05:48:00+02:00,0.02596,0.113724,0.0,0.0
2017-05-29 05:49:00+02:00,0.02641,0.115835,0.0,0.0
2017-05-29 05:50:00+02:00,0.02615,0.120821,0.0,0.0
2017-05-29 05:51:00+02:00,0.02586,0.131074,0.0,0.0
2017-05-29 05:52:00+02:00,0.02576,0.141557,0.0,0.0
2017-05-29 05:53:00+02:00,0.02634,0.14758,0.0,0.0
2017-05-29 05:54:00+02:00,0.02618,0.152266,0.0,0.0
2017-05-29 05:55:00+02:00,0.0265,0.156904,0.0,0.0
2017-05-29 05:56:00+02:00,0.02719,0.161221,0.0,0.0
2017-05-29 05:57:00+02:00,0.02655,0.165085,0.0,0.0
2017-05-29 05:58:00+02:00,0.02647,0.168334,0.0,0.0
2017-05-29 05:59:00+02:00,0.02605,0.175311,0.0,0.0
2017-05-29 06:00:00+02:00,0.02492,0.181039,0.0,0.0
2017-05-29 06:01:00+02:00,0.02589,0.188651,0.0,0.0
2017-05-29 06:02:00+02:00,0.02564,0.197293,0.0,0.0
2017-05-29 06:03:00+02:00,0.0269,0.203695,0.0,0.0
2017-05-29 06:04:00+02:00,0.02607,0.2138,0.0,0.0
2017-05-29 06:05:00+02:00,0.02583,0.220973,0.0,0.0
2017-05-29 06:06:00+02:00,0.0259,0.226834,0.0,0.0
2017-05-29 06:07:00+02:00,0.0268,0.234133,0.0,0.0
2017-05-29 06:08:00+02:00,0.02736,0.240653,0.0,0.0
2017-05-29 06:09:00+02:00,0.02731,0.245628,0.0,0.0
2017-05-29 06:10:00+02:00,0.0261,0.251705,0.0,0.0
2017-05-29 06:11:00+02:00,0.02685,0.258588,0.0,0.0
2017-05-29 06:12:00+02:00,0.02715,0.250027,0.0,0.0
2017-05-29 06:13:00+02:00,0.02626,0.244841,0.0,0.0
2017-05-29 06:14:00+02:00,0.02557,0.279666,0.0,0.0
2017-05-29 06:15:00+02:00,0.02574,0.297128,0.0,0.0
2017-05-29 06:16:00+02:00,0.02357,0.307899,0.0,0.0
2017-05-29 06:17:00+02:00,0.02339,0.318361,0.0,0.0
2017-05-29 06:18:00+02:00,0.02421,0.323874,0.0,0.0
2017-05-29 06:19:00+02:00,0.02416,0.334642,0.0,0.0
2017-05-29 06:20:00+02:00,0.02544,0.350483,0.0,0.0
2017-05-29 06:21:00+02:00,0.02537,0.360529,0.0,0.0
2017-05-29 06:22:00+02:00,0.02584,0.370168,0.0,0.0
2017-05-29 06:23:00+02:00,0.02637,0.374962,0.0,0.0
2017-05-29 06:24:00+02:00,0.02611,0.394853,0.0,0.0
2017-05-29 06:25:00+02:00,0.02618,0.412249,0.0,0.0
2017-05-29 06:26:00+02:00,0.0277,0.422698,0.0,0.0
2017-05-29 06:27:00+02:00,0.02677,0.430151,0.0,0.0
2017-05-29 06:28:00+02:00,0.02708,0.434619,0.0,0.0
2017-05-29 06:29:00+02:00,0.02739,0.44032,0.0,0.0
2017-05-29 06:30:00+02:00,0.02687,0.447845,0.0,0.0
2017-05-29 06:31:00+02:00,0.02698,0.455949,0.0,0.0
2017-05-29 06:32:00+02:00,0.02677,0.463513,0.0,0.0
2017-05-29 06:33:00+02:00,0.02705,0.471287,0.0,0.0
2017-05-29 06:34:00+02:00,0.02697,0.470412,0.0,0.0
2017-05-29 06:35:00+02:00,0.02652,0.474647,0.0,0.0
2017-05-29 06:36:00+02:00,0.02701,0.477803,0.0,0.0
2017-05-29 06:37:00+02:00,0.02823,0.4792,0.0,0.0
2017-05-29 06:38:00+02:00,0.02745,0.492813,0.0,0.0
2017-05-29 06:39:00+02:00,0.02881,0.504446,0.0,0.0
2017-05-29 06:40:00+02:00,0.0279,0.509317,0.0,0.0
2017-05-29 06:41:00+02:00,0.02788,0.515885,0.0,0.0
2017-05-29 06:42:00+02:00,0.02732,0.521869,0.0,0.0
2017-05-29 06:43:00+02:00,0.0273,0.533668,0.0,0.0
2017-05-29 06:44:00+02:00,0.02701,0.542997,0.0,0.0
2017-05-29 06:45:00+02:00,0.02654,0.548181,0.0,0.0
2017-05-29 06:46:00+02:00,0.02719,0.556339,0.0,0.0
2017-05-29 06:47:00+02:00,0.02896,0.563296,0.0,0.0
2017-05-29 06:48:00+02:00,0.02791,0.570778,0.0,0.0
2017-05-29 06:49:00+02:00,0.02897,0.582032,0.0,0.0
2017-05-29 06:50:00+02:00,0.02739,0.588145,0.0,0.0
2017-05-29 06:51:00+02:00,0.03,0.596453,0.0,0.0
2017-05-29 06:52:00+02:00,0.03007,0.598311,0.0,0.0
2017-05-29 06:53:00+02:00,0.03059,0.6052,0.0,0.0
2017-05-29 06:54:00+02:00,0.03246,0.616279,0.0,0.0
2017-05-29 06:55:00+02:00,0.03121,0.62161,0.0,0.0
2017-05-29 06:56:00+02:00,0.03482,0.626827,0.0,0.0
2017-05-29 06:57:00+02:00,0.03705,0.628232,0.0,0.0
2017-05-29 06:58:00+02:00,0.03043,0.636626,0.0,0.0
2017-05-29 06:59:00+02:00,0.03294,0.643504,0.0,0.0
2017-05-29 07:00:00+02:00,0.0275,0.644429,0.0,0.0
2017-05-29 07:01:00+02:00,0.02786,0.648482,0.0,0.0
2017-05-29 07:02:00+02:00,0.02809,0.65317,0.0,0.0
2017-05-29 07:03:00+02:00,0.0292,0.656462,0.0,0.0
2017-05-29 07:04:00+02:00,0.03455,0.664079,0.0,0.0
2017-05-29 07:05:00+02:00,0.03123,0.669983,0.0,0.0
2017-05-29 07:06:00+02:00,0.02762,0.673272,0.0,0.0
2017-05-29 07:07:00+02:00,0.02818,0.681253,0.0,0.0
2017-05-29 07:08:00+02:00,0.02852,0.68861,0.0,0.0
2017-05-29 07:09:00+02:00,0.02881,0.699426,0.0,0.0
2017-05-29 07:10:00+02:00,0.0299,0.709733,0.0,0.0
2017-05-29 07:11:00+02:00,0.0349,0.718943,0.0,0.0
2017-05-29 07:12:00+02:00,0.03451,0.721298,0.0,0.0
2017-05-29 07:13:00+02:00,0.03125,0.720668,0.0,0.0
2017-05-29 07:14:00+02:00,0.02848,0.706624,0.0,0.0
2017-05-29 07:15:00+02:00,0.02793,0.66787,0.0,0.0
2017-05-29 07:16:00+02:00,0.03149,0.660346,0.0,0.0
2017-05-29 07:17:00+02:00,0.03153,0.639574,0.0,0.0
2017-05-29 07:18:00+02:00,0.02946,0.633143,0.0,0.0
2017-05-29 07:19:00+02:00,0.03149,0.665748,0.0,0.0
2017-05-29 07:20:00+02:00,0.03108,0.685368,0.0,0.0
2017-05-29 07:21:00+02:00,0.02963,0.63097,0.0,0.0
2017-05-29 07:22:00+02:00,0.03156,0.595201,0.0,0.0
2017-05-29 07:23:00+02:00,0.03273,0.575332,0.0,0.0
2017-05-29 07:24:00+02:00,0.03168,0.643739,0.0,0.0
2017-05-29 07:25:00+02:00,0.03102,0.661747,0.0,0.0
2017-05-29 07:26:00+02:00,0.0306,0.66461,0.0,0.0
2017-05-29 07:27:00+02:00,0.03051,0.674906,0.0,0.0
2017-05-29 07:28:00+02:00,0.02806,0.652927,0.0,0.0
2017-05-29 07:29:00+02:00,0.02755,0.723083,0.0,0.0
2017-05-29 07:30:00+02:00,0.02945,0.731639,0.0,0.0
2017-05-29 07:31:00+02:00,0.03352,0.755649,0.0,0.0
2017-05-29 07:32:00+02:00,0.03027,0.755262,0.0,0.0
2017-05-29 07:33:00+02:00,0.03487,0.719662,0.0,0.0
2017-05-29 07:34:00+02:00,0.03325,0.700513,0.0,0.0
2017-05-29 07:35:00+02:00,0.04054,0.688565,0.0,0.0
2017-05-29 07:36:00+02:00,0.0426,0.671902,0.0,0.0
2017-05-29 07:37:00+02:00,0.03734,0.690633,0.0,0.0
2017-05-29 07:38:00+02:00,0.03551,0.754481,0.0,0.0
2017-05-29 07:39:00+02:00,0.03481,0.799796,0.0,0.0
2017-05-29 07:40:00+02:00,0.03381,0.812086,0.0,0.0
2017-05-29 07:41:00+02:00,0.034,0.82267,0.0,0.0
2017-05-29 07:42:00+02:00,0.03396,0.825707,0.0,0.0
2017-05-29 07:43:00+02:00,0.03613,0.827968,0.0,0.0
2017-05-29 07:44:00+02:00,0.03763,0.830279,0.0,0.0
2017-05-29 07:45:00+02:00,0.03822,0.837783,0.0,0.0
2017-05-29 07:46:00+02:00,0.03703,0.845167,0.0,0.0
2017-05-29 07:47:00+02:00,0.03699,0.850793,0.0,0.0
2017-05-29 07:48:00+02:00,0.03484,0.859448,0.0,0.0
2017-05-29 07:49:00+02:00,0.03828,0.867645,0.0,0.0
2017-05-29 07:50:00+02:00,0.03824,0.872415,0.0,0.0
2017-05-29 07:51:00+02:00,0.03869,0.877478,0.0,0.0
2017-05-29 07:52:00+02:00,0.03759,0.877016,0.0,0.0
2017-05-29 07:53:00+02:00,0.03867,0.869974,0.0,0.0
2017-05-29 07:54:00+02:00,0.03684,0.866911,0.0,0.0
2017-05-29 07:55:00+02:00,0.0388,0.845456,0.0,0.0
2017-05-29 07:56:00+02:00,0.04145,0.884956,0.0,0.0
2017-05-29 07:57:00+02:00,0.03948,0.918914,0.0,0.0
2017-05-29 07:58:00+02:00,0.04044,0.916483,0.0,0.0
2017-05-29 07:59:00+02:00,0.04399,0.91127,0.0,0.0
2017-05-29 08:00:00+02:00,0.04507,0.882628,0.0,0.0
2017-05-29 08:01:00+02:00,0.04424,0.880897,0.0,0.0
2017-05-29 08:02:00+02:00,0.05279,0.886327,0.0,0.0
2017-05-29 08:03:00+02:00,0.04423,0.89111,0.0,0.0
2017-05-29 08:04:00+02:00,0.04405,0.834061,0.0,0.0
2017-05-29 08:05:00+02:00,0.04159,0.896596,0.0,0.0
2017-05-29 08:06:00+02:00,0.04194,0.89555,0.0,0.0
2017-05-29 08:07:00+02:00,0.04964,0.915158,0.0,0.0
2017-05-29 08:08:00+02:00,0.04943,0.914488,0.0,0.0
2017-05-29 08:09:00+02:00,0.05015,0.986227,0.0,0.0
2017-05-29 08:10:00+02:00,0.04827,1.038341,0.0,0.0
2017-05-29 08:11:00+02:00,0.04156,1.056969,0.0,0.0
2017-05-29 08:12:00+02:00,0.04372,0.984184,0.0,0.0
2017-05-29 08:13:00+02:00,0.04168,1.066541,0.0,0.0
2017-05-29 08:14:00+02:00,0.04048,1.061429,0.0,0.0
2017-05-29 08:15:00+02:00,0.04063,1.020523,0.0,0.0
2017-05-29 08:16:00+02:00,0.04201,0.908132,0.0,0.0
2017-05-29 08:17:00+02:00,0.03993,1.010201,0.0,0.0
2017-05-29 08:18:00+02:00,0.04326,1.085486,0.0,0.0
2017-05-29 08:19:00+02:00,0.04701,1.070942,0.0,0.0
2017-05-29 08:20:00+02:00,0.04702,0.95951,0.0,0.0
2017-05-29 08:21:00+02:00,0.04551,0.990068,0.0,0.0
2017-05-29 08:22:00+02:00,0.04538,0.92182,0.0,0.0
2017-05-29 08:23:00+02:00,0.04384,0.884428,0.0,0.0
2017-05-29 08:24:00+02:00,0.04669,1.082878,0.0,0.0
2017-05-29 08:25:00+02:00,0.0502,1.102802,0.0,0.0
2017-05-29 08:26:00+02:00,0.04406,1.086642,0.0,0.0
2017-05-29 08:27:00+02:00,0.04791,1.093171,0.0,0.0
2017-05-29 08:28:00+02:00,0.04555,1.104305,0.0,0.0
2017-05-29 08:29:00+02:00,0.04156,1.111387,0.0,0.0
2017-05-29 08:30:00+02:00,0.04762,1.120061,0.0,0.0
2017-05-29 08:31:00+02:00,0.05673,1.129331,0.0,0.0
2017-05-29 08:32:00+02:00,0.05084,1.137001,0.0,0.0
2017-05-29 08:33:00+02:00,0.05033,1.141918,0.0,0.0
2017-05-29 08:34:00+02:00,0.05183,1.145596,0.0,0.0
2017-05-29 08:35:00+02:00,0.05326,1.151044,0.0,0.0
2017-05-29 08:36:00+02:00,0.05161,1.156986,0.0,0.0
2017-05-29 08:37:00+02:00,0.04745,1.160224,0.0,0.0
2017-05-29 08:38:00+02:00,0.04557,1.157854,0.0,0.0
2017-05-29 08:39:00+02:00,0.04487,1.151928,0.0,0.0
2017-05-29 08:40:00+02:00,0.04828,1.151338,0.0,0.0
2017-05-29 08:41:00+02:00,0.05088,1.146098,0.0,0.0
2017-05-29 08:42:00+02:00,0.04912,1.157656,0.0,0.0
2017-05-29 08:43:00+02:00,0.05074,1.145061,0.0,0.0
2017-05-29 08:44:00+02:00,0.05602,1.156603,0.0,0.0
2017-05-29 08:45:00+02:00,0.0543,1.162084,0.0,0.0
2017-05-29 08:46:00+02:00,0.04663,1.136551,0.0,0.0
2017-05-29 08:47:00+02:00,0.0465,1.029244,0.0,0.0
2017-05-29 08:48:00+02:00,0.04744,0.95765,0.0,0.0
2017-05-29 08:49:00+02:00,0.04723,1.107533,0.0,0.0
2017-05-29 08:50:00+02:00,0.04765,1.176068,0.0,0.0
2017-05-29 08:51:00+02:00,0.04525,1.174858,0.0,0.0
2017-05-29 08:52:00+02:00,0.05039,1.178554,0.0,0.0
2017-05-29 08:53:00+02:00,0.05018,1.184728,0.0,0.0
2017-05-29 08:54:00+02:00,0.04894,1.191508,0.0,0.0
2017-05-29 08:55:00+02:00,0.05403,1.197625,0.0,0.0
2017-05-29 08:56:00+02:00,0.05146,1.201934,0.0,0.0
2017-05-29 08:57:00+02:00,0.0504,1.205741,0.0,0.0
2017-05-29 08:58:00+02:00,0.05091,1.216377,0.0,0.0
2017-05-29 08:59:00+02:00,0.05595,1.229454,0.0,0.0
2017-05-29 09:00:00+02:00,0.05622,1.231549,0.0,0.0
2017-05-29 09:01:00+02:00,0.05354,1.232298,0.0,0.0
2017-05-29 09:02:00+02:00,0.05031,1.236811,0.0,0.0
2017-05-29 09:03:00+02:00,0.05112,1.238306,0.0,0.0
2017-05-29 09:04:00+02:00,0.0516,1.240378,0.0,0.0
2017-05-29 09:05:00+02:00,0.05437,1.245391,0.0,0.0
2017-05-29 09:06:00+02:00,0.05478,1.250251,0.0,0.0
2017-05-29 09:07:00+02:00,0.05486,1.258337,0.0,0.0
2017-05-29 09:08:00+02:00,0.05414,1.263857,0.0,0.0
2017-05-29 09:09:00+02:00,0.0532,1.266469,0.0,0.0
2017-05-29 09:10:00+02:00,0.05304,1.271632,0.0,0.0
2017-05-29 09:11:00+02:00,0.05572,1.276799,0.0,0.0
2017-05-29 09:12:00+02:00,0.05621,1.286372,0.0,0.0
2017-05-29 09:13:00+02:00,0.05465,1.291189,0.0,0.0
2017-05-29 09:14:00+02:00,0.05545,1.294663,0.0,0.0
2017-05-29 09:15:00+02:00,0.05517,1.300185,0.0,0.0
2017-05-29 09:16:00+02:00,0.05659,1.302975,0.0,0.0
2017-05-29 09:17:00+02:00,0.05995,1.306939,0.0,0.0
2017-05-29 09:18:00+02:00,0.06173,1.315683,0.0,0.0
2017-05-29 09:19:00+02:00,0.06005,1.321929,0.0,0.0
2017-05-29 09:20:00+02:00,0.05884,1.32851,0.0,0.0
2017-05-29 09:21:00+02:00,0.05009,1.332434,0.0,0.0
2017-05-29 09:22:00+02:00,0.04843,1.334444,0.0,0.0
2017-05-29 09:23:00+02:00,0.05842,1.342138,0.0,0.0
2017-05-29 09:24:00+02:00,0.06026,1.348231,0.0,0.0
2017-05-29 09:25:00+02:00,0.0614,1.351706,0.0,0.0
2017-05-29 09:26:00+02:00,0.06094,1.358089,0.0,0.0
2017-05-29 09:27:00+02:00,0.06132,1.36129,0.0,0.0
2017-05-29 09:28:00+02:00,0.06188,1.360933,0.0,0.0
2017-05-29 09:29:00+02:00,0.05996,1.362485,0.0,0.0
2017-05-29 09:30:00+02:00,0.05828,1.368421,0.0,0.0
2017-05-29 09:31:00+02:00,0.06128,1.373787,0.0,0.0
2017-05-29 09:32:00+02:00,0.06069,1.378737,0.0,0.0
2017-05-29 09:33:00+02:00,0.05726,1.385309,0.0,0.0
2017-05-29 09:34:00+02:00,0.05434,1.394631,0.0,0.0
2017-05-29 09:35:00+02:00,0.05146,1.402375,0.0,0.0
2017-05-29 09:36:00+02:00,0.04854,1.406335,0.0,0.0
2017-05-29 09:37:00+02:00,0.05267,1.406659,0.0,0.0
2017-05-29 09:38:00+02:00,0.05127,1.40913,0.0,0.0
2017-05-29 09:39:00+02:00,0.05256,1.414699,0.0,0.0
2017-05-29 09:40:00+02:00,0.05322,1.421568,0.0,0.0
2017-05-29 09:41:00+02:00,0.05167,1.426059,0.0,0.0
2017-05-29 09:42:00+02:00,0.05099,1.428964,0.0,0.0
2017-05-29 09:43:00+02:00,0.05238,1.432991,0.0,0.0
2017-05-29 09:44:00+02:00,0.05211,1.439185,0.0,0.0
2017-05-29 09:45:00+02:00,0.0538,1.440369,0.0,0.0
2017-05-29 09:46:00+02:00,0.0509,1.442522,0.0,0.0
2017-05-29 09:47:00+02:00,0.05967,1.443125,0.0,0.0
2017-05-29 09:48:00+02:00,0.06504,1.445035,0.0,0.0
2017-05-29 09:49:00+02:00,0.07085,1.449922,0.0,0.0
2017-05-29 09:50:00+02:00,0.07538,1.452206,0.0,0.0
2017-05-29 09:51:00+02:00,0.07018,1.45642,0.0,0.0
2017-05-29 09:52:00+02:00,0.06591,1.459714,0.0,0.0
2017-05-29 09:53:00+02:00,0.06469,1.471837,0.0,0.0
2017-05-29 09:54:00+02:00,0.06846,1.476027,0.0,0.0
2017-05-29 09:55:00+02:00,0.06817,1.481773,0.0,0.0
2017-05-29 09:56:00+02:00,0.07373,1.488935,0.0,0.0
2017-05-29 09:57:00+02:00,0.07479,1.496804,0.0,0.0
2017-05-29 09:58:00+02:00,0.06885,1.501042,0.0,0.0
2017-05-29 09:59:00+02:00,0.0686,1.506695,0.0,0.0
2017-05-29 10:00:00+02:00,0.06985,1.51546,0.0,0.0
2017-05-29 10:01:00+02:00,0.07885,1.518721,0.0,0.0
2017-05-29 10:02:00+02:00,0.07168,1.51623,0.0,0.0
2017-05-29 10:03:00+02:00,0.06915,1.52024,0.0,0.0
2017-05-29 10:04:00+02:00,0.06707,1.530691,0.0,0.0
2017-05-29 10:05:00+02:00,0.06905,1.533784,0.0,0.0
2017-05-29 10:06:00+02:00,0.06331,1.545361,0.0,0.0
2017-05-29 10:07:00+02:00,0.07428,1.554622,0.0,0.0
2017-05-29 10:08:00+02:00,0.08714,1.557014,0.0,0.0
2017-05-29 10:09:00+02:00,0.08663,1.558634,0.0,0.0
2017-05-29 10:10:00+02:00,0.08795,1.557671,0.0,0.0
2017-05-29 10:11:00+02:00,0.09183,1.557846,0.0,0.0
2017-05-29 10:12:00+02:00,0.1019,1.567112,0.0,0.0
2017-05-29 10:13:00+02:00,0.0888,1.569926,0.0,0.0
2017-05-29 10:14:00+02:00,0.08746,1.572604,0.0,0.0
2017-05-29 10:15:00+02:00,0.08658,1.57937,0.0,0.0
2017-05-29 10:16:00+02:00,0.08933,1.585847,0.0,0.0
2017-05-29 10:17:00+02:00,0.07723,1.592048,0.0,0.0
2017-05-29 10:18:00+02:00,0.07202,1.602346,0.0,0.0
2017-05-29 10:19:00+02:00,0.07928,1.602779,0.0,0.0
2017-05-29 10:20:00+02:00,0.06851,1.605278,0.0,0.0
2017-05-29 10:21:00+02:00,0.07117,1.612391,0.0,0.0
2017-05-29 10:22:00+02:00,0.06577,1.615279,0.0,0.0
2017-05-29 10:23:00+02:00,0.06253,1.618299,0.0,0.0
2017-05-29 10:24:00+02:00,0.05939,1.61834,0.0,0.0
2017-05-29 10:25:00+02:00,0.06141,1.624219,0.0,0.0
2017-05-29 10:26:00+02:00,0.0652,1.631259,0.0,0.0
2017-05-29 10:27:00+02:00,0.07275,1.632595,0.0,0.0
2017-05-29 10:28:00+02:00,0.07395,1.638729,0.0,0.0
2017-05-29 10:29:00+02:00,0.09216,1.641708,0.0,0.0
2017-05-29 10:30:00+02:00,0.09002,1.647189,0.0,0.0
2017-05-29 10:31:00+02:00,0.09606,1.648784,0.0,0.0
2017-05-29 10:32:00+02:00,0.09164,1.65339,0.0,0.0
2017-05-29 10:33:00+02:00,0.09848,1.662991,0.0,0.0
2017-05-29 10:34:00+02:00,0.09531,1.669482,0.0,0.0
2017-05-29 10:35:00+02:00,0.10335,1.667473,0.0,0.0
2017-05-29 10:36:00+02:00,0.10863,1.670733,0.0,0.0
2017-05-29 10:37:00+02:00,0.10364,1.678612,0.0,0.0
2017-05-29 10:38:00+02:00,0.09431,1.694923,0.0,0.0
2017-05-29 10:39:00+02:00,0.09013,1.702955,0.0,0.0
2017-05-29 10:40:00+02:00,0.08582,1.713499,0.0,0.0
2017-05-29 10:41:00+02:00,0.08191,1.72537,0.0,0.0
2017-05-29 10:42:00+02:00,0.08618,1.736505,0.0,0.0
2017-05-29 10:43:00+02:00,0.08387,1.750912,0.0,0.0
2017-05-29 10:44:00+02:00,0.0889,1.767962,0.0,0.0
2017-05-29 10:45:00+02:00,0.0821,1.776488,0.0,0.0
2017-05-29 10:46:00+02:00,0.0779,1.689556,0.0,0.0
2017-05-29 10:47:00+02:00,0.07773,1.482397,0.0,0.0
2017-05-29 10:48:00+02:00,0.08074,1.581498,0.0,0.0
2017-05-29 10:49:00+02:00,0.08388,1.68428,0.0,0.0
2017-05-29 10:50:00+02:00,0.08356,1.761592,0.0,0.0
2017-05-29 10:51:00+02:00,0.07915,1.749802,0.0,0.0
2017-05-29 10:52:00+02:00,0.07349,1.748768,0.0,0.0
2017-05-29 10:53:00+02:00,0.07242,1.719259,0.0,0.0
2017-05-29 10:54:00+02:00,0.07083,1.748599,0.0,0.0
2017-05-29 10:55:00+02:00,0.07142,1.765796,0.0,0.0
2017-05-29 10:56:00+02:00,0.06932,1.776164,0.0,0.0
2017-05-29 10:57:00+02:00,0.07651,1.780081,0.0,0.0
2017-05-29 10:58:00+02:00,0.08381,1.779527,0.0,0.0
2017-05-29 10:59:00+02:00,0.08096,1.774744,0.0,0.0
2017-05-29 11:00:00+02:00,0.07731,1.77727,0.0,0.0
2017-05-29 11:01:00+02:00,0.07202,1.774978,0.0,0.0
2017-05-29 11:02:00+02:00,0.07902,1.783557,0.0,0.0
2017-05-29 11:03:00+02:00,0.0826,1.77799,0.0,0.0
2017-05-29 11:04:00+02:00,0.07443,1.770251,0.0,0.0
2017-05-29 11:05:00+02:00,0.07494,1.772239,0.0,0.0
2017-05-29 11:06:00+02:00,0.06869,1.770244,0.0,0.0
2017-05-29 11:07:00+02:00,0.06576,1.778692,0.0,0.0
2017-05-29 11:08:00+02:00,0.06325,1.773545,0.0,0.0
2017-05-29 11:09:00+02:00,0.06116,1.762033,0.0,0.0
2017-05-29 11:10:00+02:00,0.06055,1.765282,0.0,0.0
2017-05-29 11:11:00+02:00,0.06519,1.775477,0.0,0.0
2017-05-29 11:12:00+02:00,0.0636,1.786468,0.0,0.0
2017-05-29 11:13:00+02:00,0.0592,1.789533,0.0,0.0
2017-05-29 11:14:00+02:00,0.05861,1.789232,0.0,0.0
2017-05-29 11:15:00+02:00,0.06242,1.796627,0.0,0.0
2017-05-29 11:16:00+02:00,0.07059,1.795856,0.0,0.0
2017-05-29 11:17:00+02:00,0.06002,1.790662,0.0,0.0
2017-05-29 11:18:00+02:00,0.06278,1.796089,0.0,0.0
2017-05-29 11:19:00+02:00,0.05912,1.798996,0.0,0.0
2017-05-29 11:20:00+02:00,0.06305,1.819384,0.0,0.0
2017-05-29 11:21:00+02:00,0.06798,1.835395,0.0,0.0
2017-05-29 11:22:00+02:00,0.0734,1.865475,0.0,0.0
2017-05-29 11:23:00+02:00,0.06859,1.915738,0.0,0.0
2017-05-29 11:24:00+02:00,0.05805,1.965515,0.0,0.0
2017-05-29 11:25:00+02:00,0.06019,1.878842,0.0,0.0
2017-05-29 11:26:00+02:00,0.05271,1.618835,0.0,0.0
2017-05-29 11:27:00+02:00,0.05136,1.497146,0.0,0.0
2017-05-29 11:28:00+02:00,0.05539,1.375022,0.0,0.0
2017-05-29 11:29:00+02:00,0.0543,1.425325,0.0,0.0
2017-05-29 11:30:00+02:00,0.05402,1.367131,0.0,0.0
2017-05-29 11:31:00+02:00,0.05405,1.380982,0.0,0.0
2017-05-29 11:32:00+02:00,0.05674,1.627857,0.0,0.0
2017-05-29 11:33:00+02:00,0.0528,1.761658,0.0,0.0
2017-05-29 11:34:00+02:00,0.06279,1.570896,0.0,0.0
2017-05-29 11:35:00+02:00,0.06325,1.431974,0.0,0.0
2017-05-29 11:36:00+02:00,0.0659,1.225211,0.0,0.0
2017-05-29 11:37:00+02:00,0.06191,1.23048,0.0,0.0
2017-05-29 11:38:00+02:00,0.06497,1.876289,0.0,0.0
2017-05-29 11:39:00+02:00,0.06364,1.941959,0.0,0.0
2017-05-29 11:40:00+02:00,0.06597,1.95383,0.0,0.0
2017-05-29 11:41:00+02:00,0.06183,1.911425,0.0,0.0
2017-05-29 11:42:00+02:00,0.06746,1.902928,0.0,0.0
2017-05-29 11:43:00+02:00,0.07018,1.894736,0.0,0.0
2017-05-29 11:44:00+02:00,0.06693,1.880042,0.0,0.0
2017-05-29 11:45:00+02:00,0.06411,1.860962,0.0,0.0
2017-05-29 11:46:00+02:00,0.07322,1.871654,0.0,0.0
2017-05-29 11:47:00+02:00,0.07479,1.861609,0.0,0.0
2017-05-29 11:48:00+02:00,0.06965,1.871311,0.0,0.0
2017-05-29 11:49:00+02:00,0.06359,1.877035,0.0,0.0
2017-05-29 11:50:00+02:00,0.06411,1.875379,0.0,0.0
2017-05-29 11:51:00+02:00,0.06587,1.873937,0.0,0.0
2017-05-29 11:52:00+02:00,0.06612,1.876565,0.0,0.0
2017-05-29 11:53:00+02:00,0.06421,1.879612,0.0,0.0
2017-05-29 11:54:00+02:00,0.0693,1.884393,0.0,0.0
2017-05-29 11:55:00+02:00,0.06599,1.887192,0.0,0.0
2017-05-29 11:56:00+02:00,0.06638,1.886819,0.0,0.0
2017-05-29 11:57:00+02:00,0.05989,1.885054,0.0,0.0
2017-05-29 11:58:00+02:00,0.06259,1.885919,0.0,0.0
2017-05-29 11:59:00+02:00,0.06181,1.879942,0.0,0.0
2017-05-29 12:00:00+02:00,0.07105,1.882532,0.0,0.0
2017-05-29 12:01:00+02:00,0.06769,1.891811,0.0,0.0
2017-05-29 12:02:00+02:00,0.07001,1.900602,0.0,0.0
2017-05-29 12:03:00+02:00,0.0617,1.904227,0.0,0.0
2017-05-29 12:04:00+02:00,0.06176,1.901279,0.0,0.0
2017-05-29 12:05:00+02:00,0.06527,1.894732,0.0,0.0
2017-05-29 12:06:00+02:00,0.06153,1.892821,0.0,0.0
2017-05-29 12:07:00+02:00,0.05533,1.895641,0.0,0.0
2017-05-29 12:08:00+02:00,0.06102,1.89493,0.0,0.0
2017-05-29 12:09:00+02:00,0.06492,1.893218,0.0,0.0
2017-05-29 12:10:00+02:00,0.06558,1.887962,0.0,0.0
2017-05-29 12:11:00+02:00,0.07675,1.888128,0.0,0.0
2017-05-29 12:12:00+02:00,0.08289,1.884834,0.0,0.0
2017-05-29 12:13:00+02:00,0.07385,1.881864,0.0,0.0
2017-05-29 12:14:00+02:00,0.06775,1.89284,0.0,0.0
2017-05-29 12:15:00+02:00,0.06988,1.904027,0.0,0.0
2017-05-29 12:16:00+02:00,0.07337,1.906895,0.0,0.0
2017-05-29 12:17:00+02:00,0.06825,1.908938,0.0,0.0
2017-05-29 12:18:00+02:00,0.06448,1.907559,0.0,0.0
2017-05-29 12:19:00+02:00,0.07312,1.898552,0.0,0.0
2017-05-29 12:20:00+02:00,0.07738,1.89884,0.0,0.0
2017-05-29 12:21:00+02:00,0.08223,1.911112,0.0,0.0
2017-05-29 12:22:00+02:00,0.08021,1.915268,0.0,0.0
2017-05-29 12:23:00+02:00,0.08051,1.922828,0.0,0.0
2017-05-29 12:24:00+02:00,0.08776,1.923068,0.0,0.0
2017-05-29 12:25:00+02:00,0.07062,1.927222,0.0,0.0
2017-05-29 12:26:00+02:00,0.06778,1.937115,0.0,0.0
2017-05-29 12:27:00+02:00,0.07015,1.941221,0.0,0.0
2017-05-29 12:28:00+02:00,0.07656,1.932484,0.0,0.0
2017-05-29 12:29:00+02:00,0.08242,1.902119,0.0,0.0
2017-05-29 12:30:00+02:00,0.07646,1.934368,0.0,0.0
2017-05-29 12:31:00+02:00,0.08166,1.933175,0.0,0.0
2017-05-29 12:32:00+02:00,0.08026,1.936669,0.0,0.0
2017-05-29 12:33:00+02:00,0.08461,1.940708,0.0,0.0
2017-05-29 12:34:00+02:00,0.0874,1.90832,0.0,0.0
2017-05-29 12:35:00+02:00,0.09138,1.948633,0.0,0.0
2017-05-29 12:36:00+02:00,0.09369,1.944603,0.0,0.0
2017-05-29 12:37:00+02:00,0.0951,1.949146,0.0,0.0
2017-05-29 12:38:00+02:00,0.09648,1.942821,0.0,0.0
2017-05-29 12:39:00+02:00,0.09057,1.933934,0.0,0.0
2017-05-29 12:40:00+02:00,0.0842,1.92274,0.0,0.0
2017-05-29 12:41:00+02:00,0.08257,1.908472,0.0,0.0
2017-05-29 12:42:00+02:00,0.08563,1.885637,0.0,0.0
2017-05-29 12:43:00+02:00,0.08314,1.884166,0.0,0.0
2017-05-29 12:44:00+02:00,0.08611,1.895285,0.0,0.0
2017-05-29 12:45:00+02:00,0.09186,1.898271,0.0,0.0
2017-05-29 12:46:00+02:00,0.08398,1.895351,0.0,0.0
2017-05-29 12:47:00+02:00,0.08489,1.886301,0.0,0.0
2017-05-29 12:48:00+02:00,0.08417,1.892122,0.0,0.0
2017-05-29 12:49:00+02:00,0.08326,1.911631,0.0,0.0
2017-05-29 12:50:00+02:00,0.0864,1.912822,0.0,0.0
2017-05-29 12:51:00+02:00,0.08449,1.905518,0.0,0.0
2017-05-29 12:52:00+02:00,0.0829,1.904357,0.0,0.0
2017-05-29 12:53:00+02:00,0.07915,1.910302,0.0,0.0
2017-05-29 12:54:00+02:00,0.08966,1.914986,0.0,0.0
2017-05-29 12:55:00+02:00,0.09669,1.917652,0.0,0.0
2017-05-29 12:56:00+02:00,0.09467,1.922247,0.0,0.0
2017-05-29 12:57:00+02:00,0.10356,1.926461,0.0,0.0
2017-05-29 12:58:00+02:00,0.0932,1.93601,0.0,0.0
2017-05-29 12:59:00+02:00,0.09203,1.932617,0.0,0.0
2017-05-29 13:00:00+02:00,0.08529,1.932122,0.0,0.0
2017-05-29 13:01:00+02:00,0.07643,1.936651,0.0,0.0
2017-05-29 13:02:00+02:00,0.07261,1.920568,0.0,0.0
2017-05-29 13:03:00+02:00,0.07489,1.921973,0.0,0.0
2017-05-29 13:04:00+02:00,0.07409,1.929722,0.0,0.0
2017-05-29 13:05:00+02:00,0.07281,1.935394,0.0,0.0
2017-05-29 13:06:00+02:00,0.07381,1.925782,0.0,0.0
2017-05-29 13:07:00+02:00,0.08322,1.936294,0.0,0.0
2017-05-29 13:08:00+02:00,0.08658,1.946929,0.0,0.0
2017-05-29 13:09:00+02:00,0.08714,1.9381,0.0,0.0
2017-05-29 13:10:00+02:00,0.08622,1.936647,0.0,0.0
2017-05-29 13:11:00+02:00,0.08511,1.938755,0.0,0.0
2017-05-29 13:12:00+02:00,0.08697,1.931168,0.0,0.0
2017-05-29 13:13:00+02:00,0.08813,1.930457,0.0,0.0
2017-05-29 13:14:00+02:00,0.08536,1.9201,0.0,0.0
2017-05-29 13:15:00+02:00,0.08784,1.910624,0.0,0.0
2017-05-29 13:16:00+02:00,0.09129,1.911955,0.0,0.0
2017-05-29 13:17:00+02:00,0.08191,1.919603,0.0,0.0
2017-05-29 13:18:00+02:00,0.07515,1.913965,0.0,0.0
2017-05-29 13:19:00+02:00,0.07719,1.907807,0.0,0.0
2017-05-29 13:20:00+02:00,0.07204,1.904947,0.0,0.0
2017-05-29 13:21:00+02:00,0.06988,1.908891,0.0,0.0
2017-05-29 13:22:00+02:00,0.07239,1.894448,0.0,0.0
2017-05-29 13:23:00+02:00,0.08703,1.898743,0.0,0.0
2017-05-29 13:24:00+02:00,0.09322,1.913375,0.0,0.0
2017-05-29 13:25:00+02:00,0.08367,1.916325,0.0,0.0
2017-05-29 13:26:00+02:00,0.07892,1.913328,0.0,0.0
2017-05-29 13:27:00+02:00,0.08176,1.905331,0.0,0.0
2017-05-29 13:28:00+02:00,0.08267,1.900381,0.0,0.0
2017-05-29 13:29:00+02:00,0.08394,1.903876,0.0,0.0
2017-05-29 13:30:00+02:00,0.08198,1.901468,0.0,0.0
2017-05-29 13:31:00+02:00,0.07933,1.900766,0.0,0.0
2017-05-29 13:32:00+02:00,0.08158,1.899711,0.0,0.0
2017-05-29 13:33:00+02:00,0.07349,1.893521,0.0,0.0
2017-05-29 13:34:00+02:00,0.07534,1.918939,0.0,0.0
2017-05-29 13:35:00+02:00,0.07771,1.912086,0.0,0.0
2017-05-29 13:36:00+02:00,0.07916,1.909094,0.0,0.0
2017-05-29 13:37:00+02:00,0.07586,1.910002,0.0,0.0
2017-05-29 13:38:00+02:00,0.06828,1.915468,0.0,0.0
2017-05-29 13:39:00+02:00,0.06567,1.918309,0.0,0.0
2017-05-29 13:40:00+02:00,0.06941,1.907667,0.0,0.0
2017-05-29 13:41:00+02:00,0.06559,1.90276,0.0,0.0
2017-05-29 13:42:00+02:00,0.06591,1.896118,0.0,0.0
2017-05-29 13:43:00+02:00,0.07813,1.891789,0.0,0.0
2017-05-29 13:44:00+02:00,0.07776,1.893676,0.0,0.0
2017-05-29 13:45:00+02:00,0.09022,1.890031,0.0,0.0
2017-05-29 13:46:00+02:00,0.08099,1.878017,0.0,0.0
2017-05-29 13:47:00+02:00,0.0782,1.878671,0.0,0.0
2017-05-29 13:48:00+02:00,0.07955,1.882843,0.0,0.0
2017-05-29 13:49:00+02:00,0.08215,1.895503,0.0,0.0
2017-05-29 13:50:00+02:00,0.08793,1.893429,0.0,0.0
2017-05-29 13:51:00+02:00,0.0947,1.897144,0.0,0.0
2017-05-29 13:52:00+02:00,0.09085,1.8974,0.0,0.0
2017-05-29 13:53:00+02:00,0.08195,1.895722,0.0,0.0
2017-05-29 13:54:00+02:00,0.08339,1.888324,0.0,0.0
2017-05-29 13:55:00+02:00,0.08019,1.892513,0.0,0.0
2017-05-29 13:56:00+02:00,0.07479,1.899918,0.0,0.0
2017-05-29 13:57:00+02:00,0.0706,1.901727,0.0,0.0
2017-05-29 13:58:00+02:00,0.06921,1.892923,0.0,0.0
2017-05-29 13:59:00+02:00,0.07153,1.875274,0.0,0.0
2017-05-29 14:00:00+02:00,0.07783,1.872139,0.0,0.0
2017-05-29 14:01:00+02:00,0.07712,1.884299,0.0,0.0
2017-05-29 14:02:00+02:00,0.06845,1.880653,0.0,0.0
2017-05-29 14:03:00+02:00,0.0663,1.88631,0.0,0.0
2017-05-29 14:04:00+02:00,0.07922,1.882843,0.0,0.0
2017-05-29 14:05:00+02:00,0.08138,1.874038,0.0,0.0
2017-05-29 14:06:00+02:00,0.08356,1.870292,0.0,0.0
2017-05-29 14:07:00+02:00,0.07998,1.856255,0.0,0.0
2017-05-29 14:08:00+02:00,0.0833,1.861141,0.0,0.0
2017-05-29 14:09:00+02:00,0.08574,1.856722,0.0,0.0
2017-05-29 14:10:00+02:00,0.09163,1.842273,0.0,0.0
2017-05-29 14:11:00+02:00,0.08852,1.844496,0.0,0.0
2017-05-29 14:12:00+02:00,0.08074,1.836886,0.0,0.0
2017-05-29 14:13:00+02:00,0.07929,1.84199,0.0,0.0
2017-05-29 14:14:00+02:00,0.07402,1.849905,0.0,0.0
2017-05-29 14:15:00+02:00,0.0797,1.846075,0.0,0.0
2017-05-29 14:16:00+02:00,0.08702,1.843294,0.0,0.0
2017-05-29 14:17:00+02:00,0.08651,1.839159,0.0,0.0
2017-05-29 14:18:00+02:00,0.08077,1.827063,0.0,0.0
2017-05-29 14:19:00+02:00,0.07713,1.827839,0.0,0.0
2017-05-29 14:20:00+02:00,0.07499,1.805409,0.0,0.0
2017-05-29 14:21:00+02:00,0.07627,1.805933,0.0,0.0
2017-05-29 14:22:00+02:00,0.07961,1.808401,0.0,0.0
2017-05-29 14:23:00+02:00,0.07561,1.800986,0.0,0.0
2017-05-29 14:24:00+02:00,0.07283,1.789465,0.0,0.0
2017-05-29 14:25:00+02:00,0.07545,1.779988,0.0,0.0
2017-05-29 14:26:00+02:00,0.07034,1.784108,0.0,0.0
2017-05-29 14:27:00+02:00,0.07274,1.782236,0.0,0.0
2017-05-29 14:28:00+02:00,0.06735,1.782425,0.0,0.0
2017-05-29 14:29:00+02:00,0.07621,1.76468,0.0,0.0
2017-05-29 14:30:00+02:00,0.07692,1.767053,0.0,0.0
2017-05-29 14:31:00+02:00,0.07849,1.770095,0.0,0.0
2017-05-29 14:32:00+02:00,0.06776,1.780164,0.0,0.0
2017-05-29 14:33:00+02:00,0.06123,1.782576,0.0,0.0
2017-05-29 14:34:00+02:00,0.06653,1.775999,0.0,0.0
2017-05-29 14:35:00+02:00,0.06998,1.77259,0.0,0.0
2017-05-29 14:36:00+02:00,0.0702,1.769882,0.0,0.0
2017-05-29 14:37:00+02:00,0.06888,1.768795,0.0,0.0
2017-05-29 14:38:00+02:00,0.07062,1.770964,0.0,0.0
2017-05-29 14:39:00+02:00,0.07461,1.773137,0.0,0.0
2017-05-29 14:40:00+02:00,0.07016,1.77367,0.0,0.0
2017-05-29 14:41:00+02:00,0.06839,1.785388,0.0,0.0
2017-05-29 14:42:00+02:00,0.07622,1.780753,0.0,0.0
2017-05-29 14:43:00+02:00,0.07306,1.773927,0.0,0.0
2017-05-29 14:44:00+02:00,0.08156,1.778494,0.0,0.0
2017-05-29 14:45:00+02:00,0.09015,1.778789,0.0,0.0
2017-05-29 14:46:00+02:00,0.08849,1.794253,0.0,0.0
2017-05-29 14:47:00+02:00,0.07818,1.800905,0.0,0.0
2017-05-29 14:48:00+02:00,0.06933,1.833937,0.0,0.0
2017-05-29 14:49:00+02:00,0.0599,1.802567,0.0,0.0
2017-05-29 14:50:00+02:00,0.05955,1.258249,0.0,0.0
2017-05-29 14:51:00+02:00,0.05842,1.005097,0.0,0.0
2017-05-29 14:52:00+02:00,0.06334,1.14696,0.0,0.0
2017-05-29 14:53:00+02:00,0.06995,1.323299,0.0,0.0
2017-05-29 14:54:00+02:00,0.07244,1.20956,0.0,0.0
2017-05-29 14:55:00+02:00,0.06776,1.023084,0.0,0.0
2017-05-29 14:56:00+02:00,0.06299,1.120295,0.0,0.0
2017-05-29 14:57:00+02:00,0.06973,1.360958,0.0,0.0
2017-05-29 14:58:00+02:00,0.06754,1.270688,0.0,0.0
2017-05-29 14:59:00+02:00,0.07045,1.063676,0.0,0.0
2017-05-29 15:00:00+02:00,0.07482,1.038769,0.0,0.0
2017-05-29 15:01:00+02:00,0.07027,1.238134,0.0,0.0
2017-05-29 15:02:00+02:00,0.0642,1.755376,0.0,0.0
2017-05-29 15:03:00+02:00,0.06052,1.786631,0.0,0.0
2017-05-29 15:04:00+02:00,0.05979,1.724162,0.0,0.0
2017-05-29 15:05:00+02:00,0.06179,1.876302,0.0,0.0
2017-05-29 15:06:00+02:00,0.06497,1.81343,0.0,0.0
2017-05-29 15:07:00+02:00,0.06412,1.444806,0.0,0.0
2017-05-29 15:08:00+02:00,0.06432,1.607159,0.0,0.0
2017-05-29 15:09:00+02:00,0.07016,1.710247,0.0,0.0
2017-05-29 15:10:00+02:00,0.06974,1.522109,0.0,0.0
2017-05-29 15:11:00+02:00,0.06466,1.636902,0.0,0.0
2017-05-29 15:12:00+02:00,0.05998,1.770935,0.0,0.0
2017-05-29 15:13:00+02:00,0.06483,1.736627,0.0,0.0
2017-05-29 15:14:00+02:00,0.07137,1.708303,0.0,0.0
2017-05-29 15:15:00+02:00,0.06757,1.700514,0.0,0.0
2017-05-29 15:16:00+02:00,0.0736,1.696712,0.0,0.0
2017-05-29 15:17:00+02:00,0.07416,1.685218,0.0,0.0
2017-05-29 15:18:00+02:00,0.07216,1.681459,0.0,0.0
2017-05-29 15:19:00+02:00,0.05643,1.688049,0.0,0.0
2017-05-29 15:20:00+02:00,0.05547,1.681328,0.0,0.0
2017-05-29 15:21:00+02:00,0.0603,1.682188,0.0,0.0
2017-05-29 15:22:00+02:00,0.06297,1.675633,0.0,0.0
2017-05-29 15:23:00+02:00,0.06596,1.669005,0.0,0.0
2017-05-29 15:24:00+02:00,0.07093,1.655546,0.0,0.0
2017-05-29 15:25:00+02:00,0.06939,1.662667,0.0,0.0
2017-05-29 15:26:00+02:00,0.06867,1.657555,0.0,0.0
2017-05-29 15:27:00+02:00,0.0668,1.652051,0.0,0.0
2017-05-29 15:28:00+02:00,0.06724,1.653336,0.0,0.0
2017-05-29 15:29:00+02:00,0.06277,1.649673,0.0,0.0
2017-05-29 15:30:00+02:00,0.07179,1.645344,0.0,0.0
2017-05-29 15:31:00+02:00,0.07803,1.63825,0.0,0.0
2017-05-29 15:32:00+02:00,0.07538,1.636168,0.0,0.0
2017-05-29 15:33:00+02:00,0.07374,1.631291,0.0,0.0
2017-05-29 15:34:00+02:00,0.07848,1.619813,0.0,0.0
2017-05-29 15:35:00+02:00,0.07702,1.604038,0.0,0.0
2017-05-29 15:36:00+02:00,0.07136,1.593985,0.0,0.0
2017-05-29 15:37:00+02:00,0.06792,1.595995,0.0,0.0
2017-05-29 15:38:00+02:00,0.07531,1.591783,0.0,0.0
2017-05-29 15:39:00+02:00,0.07668,1.579541,0.0,0.0
2017-05-29 15:40:00+02:00,0.0725,1.575812,0.0,0.0
2017-05-29 15:41:00+02:00,0.0761,1.57684,0.0,0.0
2017-05-29 15:42:00+02:00,0.07202,1.569654,0.0,0.0
2017-05-29 15:43:00+02:00,0.06749,1.569614,0.0,0.0
2017-05-29 15:44:00+02:00,0.06991,1.572471,0.0,0.0
2017-05-29 15:45:00+02:00,0.06491,1.573232,0.0,0.0
2017-05-29 15:46:00+02:00,0.05827,1.565518,0.0,0.0
2017-05-29 15:47:00+02:00,0.05408,1.530117,0.0,0.0
2017-05-29 15:48:00+02:00,0.05301,1.55219,0.0,0.0
2017-05-29 15:49:00+02:00,0.05614,1.552552,0.0,0.0
2017-05-29 15:50:00+02:00,0.05286,1.550552,0.0,0.0
2017-05-29 15:51:00+02:00,0.05225,1.545426,0.0,0.0
2017-05-29 15:52:00+02:00,0.05294,1.545289,0.0,0.0
2017-05-29 15:53:00+02:00,0.05507,1.536124,0.0,0.0
2017-05-29 15:54:00+02:00,0.05426,1.530848,0.0,0.0
2017-05-29 15:55:00+02:00,0.05353,1.522645,0.0,0.0
2017-05-29 15:56:00+02:00,0.06209,1.51267,0.0,0.0
2017-05-29 15:57:00+02:00,0.056,1.502613,0.0,0.0
2017-05-29 15:58:00+02:00,0.05876,1.500138,0.0,0.0
2017-05-29 15:59:00+02:00,0.06465,1.498658,0.0,0.0
2017-05-29 16:00:00+02:00,0.067,1.496905,0.0,0.0
2017-05-29 16:01:00+02:00,0.07214,1.494916,0.0,0.0
2017-05-29 16:02:00+02:00,0.06902,1.489243,0.0,0.0
2017-05-29 16:03:00+02:00,0.06405,1.488141,0.0,0.0
2017-05-29 16:04:00+02:00,0.05996,1.408174,0.0,0.0
2017-05-29 16:05:00+02:00,0.05899,1.415956,0.0,0.0
2017-05-29 16:06:00+02:00,0.05711,1.490935,0.0,0.0
2017-05-29 16:07:00+02:00,0.06606,1.494257,0.0,0.0
2017-05-29 16:08:00+02:00,0.06507,1.497013,0.0,0.0
2017-05-29 16:09:00+02:00,0.06241,1.503869,0.0,0.0
2017-05-29 16:10:00+02:00,0.06602,1.514952,0.0,0.0
2017-05-29 16:11:00+02:00,0.07249,1.490949,0.0,0.0
2017-05-29 16:12:00+02:00,0.07322,1.430613,0.0,0.0
2017-05-29 16:13:00+02:00,0.07221,1.36789,0.0,0.0
2017-05-29 16:14:00+02:00,0.06867,1.316131,0.0,0.0
2017-05-29 16:15:00+02:00,0.0688,1.352281,0.0,0.0
2017-05-29 16:16:00+02:00,0.07186,1.080446,0.0,0.0
2017-05-29 16:17:00+02:00,0.07451,0.930251,0.0,0.0
2017-05-29 16:18:00+02:00,0.07025,0.905072,0.0,0.0
2017-05-29 16:19:00+02:00,0.06836,0.95724,0.0,0.0
2017-05-29 16:20:00+02:00,0.06952,0.996982,0.0,0.0
2017-05-29 16:21:00+02:00,0.06802,0.871839,0.0,0.0
2017-05-29 16:22:00+02:00,0.05372,0.779618,0.0,0.0
2017-05-29 16:23:00+02:00,0.05248,0.99313,0.0,0.0
2017-05-29 16:24:00+02:00,0.0511,1.225724,0.0,0.0
2017-05-29 16:25:00+02:00,0.05132,1.409481,0.0,0.0
2017-05-29 16:26:00+02:00,0.05108,1.161085,0.0,0.0
2017-05-29 16:27:00+02:00,0.05141,1.281031,0.0,0.0
2017-05-29 16:28:00+02:00,0.05158,1.263193,0.0,0.0
2017-05-29 16:29:00+02:00,0.06453,1.195328,0.0,0.0
2017-05-29 16:30:00+02:00,0.06923,1.119854,0.0,0.0
2017-05-29 16:31:00+02:00,0.05192,1.106366,0.0,0.0
2017-05-29 16:32:00+02:00,0.05205,1.0418,0.0,0.0
2017-05-29 16:33:00+02:00,0.05188,1.086239,0.0,0.0
2017-05-29 16:34:00+02:00,0.05325,0.939245,0.0,0.0
2017-05-29 16:35:00+02:00,0.04799,0.753714,0.0,0.0
2017-05-29 16:36:00+02:00,0.05329,0.742646,0.0,0.0
2017-05-29 16:37:00+02:00,0.05483,0.764199,0.0,0.0
2017-05-29 16:38:00+02:00,0.05633,0.795771,0.0,0.0
2017-05-29 16:39:00+02:00,0.05987,0.807386,0.0,0.0
2017-05-29 16:40:00+02:00,0.05958,0.802553,0.0,0.0
2017-05-29 16:41:00+02:00,0.05822,0.813901,0.0,0.0
2017-05-29 16:42:00+02:00,0.05798,0.804625,0.0,0.0
2017-05-29 16:43:00+02:00,0.0574,0.794857,0.0,0.0
2017-05-29 16:44:00+02:00,0.05804,0.830776,0.0,0.0
2017-05-29 16:45:00+02:00,0.05934,0.827941,0.0,0.0
2017-05-29 16:46:00+02:00,0.05644,0.83018,0.0,0.0
2017-05-29 16:47:00+02:00,0.05729,0.838811,0.0,0.0
2017-05-29 16:48:00+02:00,0.0558,0.861287,0.0,0.0
2017-05-29 16:49:00+02:00,0.05668,0.885175,0.0,0.0
2017-05-29 16:50:00+02:00,0.05105,0.869434,0.0,0.0
2017-05-29 16:51:00+02:00,0.05186,0.838588,0.0,0.0
2017-05-29 16:52:00+02:00,0.05609,0.830936,0.0,0.0
2017-05-29 16:53:00+02:00,0.05616,0.830383,0.0,0.0
2017-05-29 16:54:00+02:00,0.05483,0.817713,0.0,0.0
2017-05-29 16:55:00+02:00,0.0506,0.805937,0.0,0.0
2017-05-29 16:56:00+02:00,0.05325,0.793544,0.0,0.0
2017-05-29 16:57:00+02:00,0.05011,0.776821,0.0,0.0
2017-05-29 16:58:00+02:00,0.04947,0.766271,0.0,0.0
2017-05-29 16:59:00+02:00,0.05502,0.756063,0.0,0.0
2017-05-29 17:00:00+02:00,0.05467,0.748706,0.0,0.0
2017-05-29 17:01:00+02:00,0.05461,0.750287,0.0,0.0
2017-05-29 17:02:00+02:00,0.05503,0.763846,0.0,0.0
2017-05-29 17:03:00+02:00,0.0532,0.830009,0.0,0.0
2017-05-29 17:04:00+02:00,0.04883,0.95976,0.0,0.0
2017-05-29 17:05:00+02:00,0.04919,0.931072,0.0,0.0
2017-05-29 17:06:00+02:00,0.05395,0.947412,0.0,0.0
2017-05-29 17:07:00+02:00,0.05153,1.209938,0.0,0.0
2017-05-29 17:08:00+02:00,0.05034,1.35284,0.0,0.0
2017-05-29 17:09:00+02:00,0.04954,1.242616,0.0,0.0
2017-05-29 17:10:00+02:00,0.04966,1.181849,0.0,0.0
2017-05-29 17:11:00+02:00,0.04904,1.147302,0.0,0.0
2017-05-29 17:12:00+02:00,0.04726,1.240483,0.0,0.0
2017-05-29 17:13:00+02:00,0.04735,1.417493,0.0,0.0
2017-05-29 17:14:00+02:00,0.04723,1.586345,0.0,0.0
2017-05-29 17:15:00+02:00,0.04835,1.659748,0.0,0.0
2017-05-29 17:16:00+02:00,0.05243,1.524013,0.0,0.0
2017-05-29 17:17:00+02:00,0.05444,1.326452,0.0,0.0
2017-05-29 17:18:00+02:00,0.05843,1.161576,0.0,0.0
2017-05-29 17:19:00+02:00,0.05653,0.973588,0.0,0.0
2017-05-29 17:20:00+02:00,0.06141,0.914297,0.0,0.0
2017-05-29 17:21:00+02:00,0.06177,0.914686,0.0,0.0
2017-05-29 17:22:00+02:00,0.05705,0.926582,0.0,0.0
2017-05-29 17:23:00+02:00,0.05579,0.967253,0.0,0.0
2017-05-29 17:24:00+02:00,0.05746,1.005754,0.0,0.0
2017-05-29 17:25:00+02:00,0.05901,1.063611,0.0,0.0
2017-05-29 17:26:00+02:00,0.05274,1.116626,0.0,0.0
2017-05-29 17:27:00+02:00,0.05115,0.999693,0.0,0.0
2017-05-29 17:28:00+02:00,0.05059,0.911923,0.0,0.0
2017-05-29 17:29:00+02:00,0.05023,0.856714,0.0,0.0
2017-05-29 17:30:00+02:00,0.05577,0.80003,0.0,0.0
2017-05-29 17:31:00+02:00,0.04698,0.758286,0.0,0.0
2017-05-29 17:32:00+02:00,0.04346,0.730066,0.0,0.0
2017-05-29 17:33:00+02:00,0.04494,0.718578,0.0,0.0
2017-05-29 17:34:00+02:00,0.04948,0.719833,0.0,0.0
2017-05-29 17:35:00+02:00,0.05068,0.719638,0.0,0.0
2017-05-29 17:36:00+02:00,0.04866,0.723499,0.0,0.0
2017-05-29 17:37:00+02:00,0.04948,0.74106,0.0,0.0
2017-05-29 17:38:00+02:00,0.05193,0.764494,0.0,0.0
2017-05-29 17:39:00+02:00,0.0491,0.786964,0.0,0.0
2017-05-29 17:40:00+02:00,0.04804,0.818294,0.0,0.0
2017-05-29 17:41:00+02:00,0.05198,0.886108,0.0,0.0
2017-05-29 17:42:00+02:00,0.05183,0.88249,0.0,0.0
2017-05-29 17:43:00+02:00,0.05148,0.945027,0.0,0.0
2017-05-29 17:44:00+02:00,0.0552,1.160435,0.0,0.0
2017-05-29 17:45:00+02:00,0.05473,1.345388,0.0,0.0
2017-05-29 17:46:00+02:00,0.05185,1.399037,0.0,0.0
2017-05-29 17:47:00+02:00,0.0515,1.384331,0.0,0.0
2017-05-29 17:48:00+02:00,0.04937,1.369003,0.0,0.0
2017-05-29 17:49:00+02:00,0.04933,1.351744,0.0,0.0
2017-05-29 17:50:00+02:00,0.04631,1.342827,0.0,0.0
2017-05-29 17:51:00+02:00,0.04438,1.337704,0.0,0.0
2017-05-29 17:52:00+02:00,0.04217,1.325668,0.0,0.0
2017-05-29 17:53:00+02:00,0.04155,1.321126,0.0,0.0
2017-05-29 17:54:00+02:00,0.0415,1.315372,0.0,0.0
2017-05-29 17:55:00+02:00,0.04176,1.303297,0.0,0.0
2017-05-29 17:56:00+02:00,0.04176,1.28907,0.0,0.0
2017-05-29 17:57:00+02:00,0.04426,1.279705,0.0,0.0
2017-05-29 17:58:00+02:00,0.0476,1.269738,0.0,0.0
2017-05-29 17:59:00+02:00,0.05211,1.254289,0.0,0.0
2017-05-29 18:00:00+02:00,0.05252,1.238485,0.0,0.0
2017-05-29 18:01:00+02:00,0.04884,1.226639,0.0,0.0
2017-05-29 18:02:00+02:00,0.04608,1.217176,0.0,0.0
2017-05-29 18:03:00+02:00,0.04601,1.207318,0.0,0.0
2017-05-29 18:04:00+02:00,0.04746,1.199525,0.0,0.0
2017-05-29 18:05:00+02:00,0.04787,1.186646,0.0,0.0
2017-05-29 18:06:00+02:00,0.04545,1.18352,0.0,0.0
2017-05-29 18:07:00+02:00,0.04562,1.180359,0.0,0.0
2017-05-29 18:08:00+02:00,0.04917,1.1702,0.0,0.0
2017-05-29 18:09:00+02:00,0.04459,1.148882,0.0,0.0
2017-05-29 18:10:00+02:00,0.04674,1.123679,0.0,0.0
2017-05-29 18:11:00+02:00,0.04416,1.104527,0.0,0.0
2017-05-29 18:12:00+02:00,0.03987,1.078247,0.0,0.0
2017-05-29 18:13:00+02:00,0.0436,0.992344,0.0,0.0
2017-05-29 18:14:00+02:00,0.06563,1.003304,0.0,0.0
2017-05-29 18:15:00+02:00,0.05841,0.984427,0.0,0.0
2017-05-29 18:16:00+02:00,0.04114,0.948267,0.0,0.0
2017-05-29 18:17:00+02:00,0.04724,0.886603,0.0,0.0
2017-05-29 18:18:00+02:00,0.04577,0.86548,0.0,0.0
2017-05-29 18:19:00+02:00,0.05189,0.771842,0.0,0.0
2017-05-29 18:20:00+02:00,0.0532,0.63675,0.0,0.0
2017-05-29 18:21:00+02:00,0.04923,0.59549,0.0,0.0
2017-05-29 18:22:00+02:00,0.04817,0.71474,0.0,0.0
2017-05-29 18:23:00+02:00,0.04723,0.645588,0.0,0.0
2017-05-29 18:24:00+02:00,0.04805,0.710222,0.0,0.0
2017-05-29 18:25:00+02:00,0.05187,0.734828,0.0,0.0
2017-05-29 18:26:00+02:00,0.05286,0.776403,0.0,0.0
2017-05-29 18:27:00+02:00,0.05311,0.767239,0.0,0.0
2017-05-29 18:28:00+02:00,0.05292,0.730712,0.0,0.0
2017-05-29 18:29:00+02:00,0.05245,0.742016,0.0,0.0
2017-05-29 18:30:00+02:00,0.05235,0.728879,0.0,0.0
2017-05-29 18:31:00+02:00,0.04743,0.713066,0.0,0.0
2017-05-29 18:32:00+02:00,0.04952,0.697367,0.0,0.0
2017-05-29 18:33:00+02:00,0.05071,0.69386,0.0,0.0
2017-05-29 18:34:00+02:00,0.05611,0.680974,0.0,0.0
2017-05-29 18:35:00+02:00,0.05513,0.662233,0.0,0.0
2017-05-29 18:36:00+02:00,0.05633,0.641749,0.0,0.0
2017-05-29 18:37:00+02:00,0.05718,0.625835,0.0,0.0
2017-05-29 18:38:00+02:00,0.05922,0.637016,0.0,0.0
2017-05-29 18:39:00+02:00,0.0613,0.652781,0.0,0.0
2017-05-29 18:40:00+02:00,0.05983,0.652331,0.0,0.0
2017-05-29 18:41:00+02:00,0.05586,0.653503,0.0,0.0
2017-05-29 18:42:00+02:00,0.0557,0.654293,0.0,0.0
2017-05-29 18:43:00+02:00,0.0586,0.651685,0.0,0.0
2017-05-29 18:44:00+02:00,0.05741,0.641358,0.0,0.0
2017-05-29 18:45:00+02:00,0.05609,0.631334,0.0,0.0
2017-05-29 18:46:00+02:00,0.05714,0.626742,0.0,0.0
2017-05-29 18:47:00+02:00,0.05454,0.625788,0.0,0.0
2017-05-29 18:48:00+02:00,0.0538,0.638028,0.0,0.0
2017-05-29 18:49:00+02:00,0.05735,0.629606,0.0,0.0
2017-05-29 18:50:00+02:00,0.05454,0.624811,0.0,0.0
2017-05-29 18:51:00+02:00,0.05074,0.628495,0.0,0.0
2017-05-29 18:52:00+02:00,0.04928,0.624658,0.0,0.0
2017-05-29 18:53:00+02:00,0.05025,0.611764,0.0,0.0
2017-05-29 18:54:00+02:00,0.05522,0.61123,0.0,0.0
2017-05-29 18:55:00+02:00,0.05921,0.596673,0.0,0.0
2017-05-29 18:56:00+02:00,0.05393,0.584935,0.0,0.0
2017-05-29 18:57:00+02:00,0.05475,0.579942,0.0,0.0
2017-05-29 18:58:00+02:00,0.05649,0.570794,0.0,0.0
2017-05-29 18:59:00+02:00,0.05653,0.569722,0.0,0.0
2017-05-29 19:00:00+02:00,0.05669,0.576781,0.0,0.0
2017-05-29 19:01:00+02:00,0.0558,0.556823,0.0,0.0
2017-05-29 19:02:00+02:00,0.05843,0.491146,0.0,0.0
2017-05-29 19:03:00+02:00,0.05666,0.460541,0.0,0.0
2017-05-29 19:04:00+02:00,0.05721,0.443216,0.0,0.0
2017-05-29 19:05:00+02:00,0.05574,0.426024,0.0,0.0
2017-05-29 19:06:00+02:00,0.05839,0.332334,0.0,0.0
2017-05-29 19:07:00+02:00,0.05843,0.267628,0.0,0.0
2017-05-29 19:08:00+02:00,0.06026,0.238693,0.0,0.0
2017-05-29 19:09:00+02:00,0.05871,0.216511,0.0,0.0
2017-05-29 19:10:00+02:00,0.05742,0.206933,0.0,0.0
2017-05-29 19:11:00+02:00,0.05953,0.18707,0.0,0.0
2017-05-29 19:12:00+02:00,0.05748,0.173309,0.0,0.0
2017-05-29 19:13:00+02:00,0.05555,0.162077,0.0,0.0
2017-05-29 19:14:00+02:00,0.06133,0.150557,0.0,0.0
2017-05-29 19:15:00+02:00,0.05781,0.145994,0.0,0.0
2017-05-29 19:16:00+02:00,0.05265,0.143064,0.0,0.0
2017-05-29 19:17:00+02:00,0.05349,0.140596,0.0,0.0
2017-05-29 19:18:00+02:00,0.05916,0.137189,0.0,0.0
2017-05-29 19:19:00+02:00,0.0675,0.137444,0.0,0.0
2017-05-29 19:20:00+02:00,0.06673,0.13747,0.0,0.0
2017-05-29 19:21:00+02:00,0.06432,0.137768,0.0,0.0
2017-05-29 19:22:00+02:00,0.07499,0.136543,0.0,0.0
2017-05-29 19:23:00+02:00,0.07043,0.137275,0.0,0.0
2017-05-29 19:24:00+02:00,0.07539,0.138006,0.0,0.0
2017-05-29 19:25:00+02:00,0.0784,0.144052,0.0,0.0
2017-05-29 19:26:00+02:00,0.07622,0.149755,0.0,0.0
2017-05-29 19:27:00+02:00,0.0736,0.164849,0.0,0.0
2017-05-29 19:28:00+02:00,0.07476,0.188822,0.0,0.0
2017-05-29 19:29:00+02:00,0.08166,0.208222,0.0,0.0
2017-05-29 19:30:00+02:00,0.07507,0.196351,0.0,0.0
2017-05-29 19:31:00+02:00,0.07266,0.202505,0.0,0.0
2017-05-29 19:32:00+02:00,0.07085,0.207423,0.0,0.0
2017-05-29 19:33:00+02:00,0.09568,0.207324,0.0,0.0
2017-05-29 19:34:00+02:00,0.07506,0.203864,0.0,0.0
2017-05-29 19:35:00+02:00,0.07086,0.198234,0.0,0.0
2017-05-29 19:36:00+02:00,0.06983,0.195138,0.0,0.0
2017-05-29 19:37:00+02:00,0.07398,0.19379,0.0,0.0
2017-05-29 19:38:00+02:00,0.07839,0.190426,0.0,0.0
2017-05-29 19:39:00+02:00,0.07192,0.188966,0.0,0.0
2017-05-29 19:40:00+02:00,0.07193,0.184851,0.0,0.0
2017-05-29 19:41:00+02:00,0.07428,0.180356,0.0,0.0
2017-05-29 19:42:00+02:00,0.07629,0.17555,0.0,0.0
2017-05-29 19:43:00+02:00,0.06654,0.170521,0.0,0.0
2017-05-29 19:44:00+02:00,0.07395,0.165447,0.0,0.0
2017-05-29 19:45:00+02:00,0.07159,0.159325,0.0,0.0
2017-05-29 19:46:00+02:00,0.07784,0.152588,0.0,0.0
2017-05-29 19:47:00+02:00,0.0762,0.146995,0.0,0.0
2017-05-29 19:48:00+02:00,0.06709,0.141437,0.0,0.0
2017-05-29 19:49:00+02:00,0.06686,0.137171,0.0,0.0
2017-05-29 19:50:00+02:00,0.06509,0.133776,0.0,0.0
2017-05-29 19:51:00+02:00,0.06461,0.13262,0.0,0.0
2017-05-29 19:52:00+02:00,0.06401,0.129706,0.0,0.0
2017-05-29 19:53:00+02:00,0.066,0.127847,0.0,0.0
2017-05-29 19:54:00+02:00,0.07577,0.126569,0.0,0.0
2017-05-29 19:55:00+02:00,0.08192,0.150773,0.0,0.0
2017-05-29 19:56:00+02:00,0.081,0.179989,0.0,0.0
2017-05-29 19:57:00+02:00,0.07394,0.230632,0.0,0.0
2017-05-29 19:58:00+02:00,0.06919,0.245916,0.0,0.0
2017-05-29 19:59:00+02:00,0.07183,0.248398,0.0,0.0
2017-05-29 20:00:00+02:00,0.0668,0.245876,0.0,0.0
2017-05-29 20:01:00+02:00,0.06468,0.242489,0.0,0.0
2017-05-29 20:02:00+02:00,0.06168,0.239971,0.0,0.0
2017-05-29 20:03:00+02:00,0.06055,0.237685,0.0,0.0
2017-05-29 20:04:00+02:00,0.07619,0.236716,0.0,0.0
2017-05-29 20:05:00+02:00,0.07501,0.235377,0.0,0.0
2017-05-29 20:06:00+02:00,0.08849,0.233149,0.0,0.0
2017-05-29 20:07:00+02:00,0.0673,0.231282,0.0,0.0
2017-05-29 20:08:00+02:00,0.06213,0.229201,0.0,0.0
2017-05-29 20:09:00+02:00,0.0569,0.225207,0.0,0.0
2017-05-29 20:10:00+02:00,0.05486,0.221663,0.0,0.0
2017-05-29 20:11:00+02:00,0.05465,0.218948,0.0,0.0
2017-05-29 20:12:00+02:00,0.04849,0.21839,0.0,0.0
2017-05-29 20:13:00+02:00,0.05155,0.217321,0.0,0.0
2017-05-29 20:14:00+02:00,0.04782,0.215662,0.0,0.0
2017-05-29 20:15:00+02:00,0.04375,0.212742,0.0,0.0
2017-05-29 20:16:00+02:00,0.04571,0.209054,0.0,0.0
2017-05-29 20:17:00+02:00,0.04921,0.203569,0.0,0.0
2017-05-29 20:18:00+02:00,0.05218,0.19741,0.0,0.0
2017-05-29 20:19:00+02:00,0.05409,0.189346,0.0,0.0
2017-05-29 20:20:00+02:00,0.05693,0.180304,0.0,0.0
2017-05-29 20:21:00+02:00,0.05796,0.171356,0.0,0.0
2017-05-29 20:22:00+02:00,0.05746,0.160042,0.0,0.0
2017-05-29 20:23:00+02:00,0.06114,0.14632,0.0,0.0
2017-05-29 20:24:00+02:00,0.05283,0.135686,0.0,0.0
2017-05-29 20:25:00+02:00,0.05094,0.127771,0.0,0.0
2017-05-29 20:26:00+02:00,0.05016,0.123102,0.0,0.0
2017-05-29 20:27:00+02:00,0.05805,0.115747,0.0,0.0
2017-05-29 20:28:00+02:00,0.05516,0.107388,0.0,0.0
2017-05-29 20:29:00+02:00,0.04691,0.098523,0.0,0.0
2017-05-29 20:30:00+02:00,0.05101,0.089744,0.0,0.0
2017-05-29 20:31:00+02:00,0.05137,0.080865,0.0,0.0
2017-05-29 20:32:00+02:00,0.05391,0.071179,0.0,0.0
2017-05-29 20:33:00+02:00,0.05251,0.062899,0.0,0.0
2017-05-29 20:34:00+02:00,0.06075,0.052101,0.0,0.0
2017-05-29 20:35:00+02:00,0.06449,0.044195,0.0,0.0
2017-05-29 20:36:00+02:00,0.05893,0.038461,0.0,0.0
2017-05-29 20:37:00+02:00,0.05647,0.033354,0.0,0.0
2017-05-29 20:38:00+02:00,0.05972,0.026665,0.0,0.0
2017-05-29 20:39:00+02:00,0.0596,0.020709,0.0,0.0
2017-05-29 20:40:00+02:00,0.06078,0.014656,0.0,0.0
2017-05-29 20:41:00+02:00,0.05817,0.009877,0.0,0.0
2017-05-29 20:42:00+02:00,0.06033,0.004779,0.0,0.0
2017-05-29 20:43:00+02:00,0.06102,0.0,0.0,0.0
2017-05-29 20:44:00+02:00,0.0607,0.0,0.0,0.0
2017-05-29 20:45:00+02:00,0.06182,0.0,0.0,0.0
2017-05-29 20:46:00+02:00,0.06193,0.0,0.0,0.0
2017-05-29 20:47:00+02:00,0.06672,0.0,0.0,0.0
2017-05-29 20:48:00+02:00,0.06888,0.0,0.0,0.0
2017-05-29 20:49:00+02:00,0.06953,0.0,0.0,0.0
2017-05-29 20:50:00+02:00,0.06811,0.0,0.0,0.0
2017-05-29 20:51:00+02:00,0.06246,0.0,0.0,0.0
2017-05-29 20:52:00+02:00,0.06199,0.0,0.0,0.0
2017-05-29 20:53:00+02:00,0.06434,0.0,0.0,0.0
2017-05-29 20:54:00+02:00,0.06343,0.0,0.0,0.0
2017-05-29 20:55:00+02:00,0.05981,0.0,0.0,0.0
2017-05-29 20:56:00+02:00,0.06478,0.0,0.0,0.0
2017-05-29 20:57:00+02:00,0.06192,0.0,0.0,0.0
2017-05-29 20:58:00+02:00,0.06142,0.0,0.0,0.0
2017-05-29 20:59:00+02:00,0.06502,0.0,0.0,0.0
2017-05-29 21:00:00+02:00,0.06304,0.0,0.0,0.0
2017-05-29 21:01:00+02:00,0.07017,0.0,0.0,0.0
2017-05-29 21:02:00+02:00,0.06864,0.0,0.0,0.0
2017-05-29 21:03:00+02:00,0.07092,0.0,0.0,0.0
2017-05-29 21:04:00+02:00,0.07303,0.0,0.0,0.0
2017-05-29 21:05:00+02:00,0.07,0.0,0.0,0.0
2017-05-29 21:06:00+02:00,0.06509,0.0,0.0,0.0
2017-05-29 21:07:00+02:00,0.0643,0.0,0.0,0.0
2017-05-29 21:08:00+02:00,0.06332,0.0,0.0,0.0
2017-05-29 21:09:00+02:00,0.0609,0.0,0.0,0.0
2017-05-29 21:10:00+02:00,0.06372,0.0,0.0,0.0
2017-05-29 21:11:00+02:00,0.06235,0.0,0.0,0.0
2017-05-29 21:12:00+02:00,0.06152,0.0,0.0,0.0
2017-05-29 21:13:00+02:00,0.06083,0.0,0.0,0.0
2017-05-29 21:14:00+02:00,0.06276,0.0,0.0,0.0
2017-05-29 21:15:00+02:00,0.06453,0.0,0.0,0.0
2017-05-29 21:16:00+02:00,0.07088,0.0,0.0,0.0
2017-05-29 21:17:00+02:00,0.07116,0.0,0.0,0.0
2017-05-29 21:18:00+02:00,0.07205,0.0,0.0,0.0
2017-05-29 21:19:00+02:00,0.06904,0.0,0.0,0.0
2017-05-29 21:20:00+02:00,0.06613,0.0,0.0,0.0
2017-05-29 21:21:00+02:00,0.06602,0.0,0.0,0.0
2017-05-29 21:22:00+02:00,0.06792,0.0,0.0,0.0
2017-05-29 21:23:00+02:00,0.06316,0.0,0.0,0.0
2017-05-29 21:24:00+02:00,0.06174,0.0,0.0,0.0
2017-05-29 21:25:00+02:00,0.06261,0.0,0.0,0.0
2017-05-29 21:26:00+02:00,0.07051,0.0,0.0,0.0
2017-05-29 21:27:00+02:00,0.07184,0.0,0.0,0.0
2017-05-29 21:28:00+02:00,0.06787,0.0,0.0,0.0
2017-05-29 21:29:00+02:00,0.06292,0.0,0.0,0.0
2017-05-29 21:30:00+02:00,0.05682,0.0,0.0,0.0
2017-05-29 21:31:00+02:00,0.05878,0.0,0.0,0.0
2017-05-29 21:32:00+02:00,0.05845,0.0,0.0,0.0
2017-05-29 21:33:00+02:00,0.06665,0.0,0.0,0.0
2017-05-29 21:34:00+02:00,0.06386,0.0,0.0,0.0
2017-05-29 21:35:00+02:00,0.06299,0.0,0.0,0.0
2017-05-29 21:36:00+02:00,0.06567,0.0,0.0,0.0
2017-05-29 21:37:00+02:00,0.06745,0.0,0.0,0.0
2017-05-29 21:38:00+02:00,0.06856,0.0,0.0,0.0
2017-05-29 21:39:00+02:00,0.06465,0.0,0.0,0.0
2017-05-29 21:40:00+02:00,0.06161,0.0,0.0,0.0
2017-05-29 21:41:00+02:00,0.06275,0.0,0.0,0.0
2017-05-29 21:42:00+02:00,0.06646,0.0,0.0,0.0
2017-05-29 21:43:00+02:00,0.06792,0.0,0.0,0.0
2017-05-29 21:44:00+02:00,0.06993,0.0,0.0,0.0
2017-05-29 21:45:00+02:00,0.07287,0.0,0.0,0.0
2017-05-29 21:46:00+02:00,0.06895,0.0,0.0,0.0
2017-05-29 21:47:00+02:00,0.06753,0.0,0.0,0.0
2017-05-29 21:48:00+02:00,0.07392,0.0,0.0,0.0
2017-05-29 21:49:00+02:00,0.07344,0.0,0.0,0.0
2017-05-29 21:50:00+02:00,0.0662,0.0,0.0,0.0
2017-05-29 21:51:00+02:00,0.07574,0.0,0.0,0.0
2017-05-29 21:52:00+02:00,0.07633,0.0,0.0,0.0
2017-05-29 21:53:00+02:00,0.07431,0.0,0.0,0.0
2017-05-29 21:54:00+02:00,0.06783,0.0,0.0,0.0
2017-05-29 21:55:00+02:00,0.07087,0.0,0.0,0.0
2017-05-29 21:56:00+02:00,0.06851,0.0,0.0,0.0
2017-05-29 21:57:00+02:00,0.07003,0.0,0.0,0.0
2017-05-29 21:58:00+02:00,0.07844,0.0,0.0,0.0
2017-05-29 21:59:00+02:00,0.0836,0.0,0.0,0.0
2017-05-29 22:00:00+02:00,0.08471,0.0,0.0,0.0
2017-05-29 22:01:00+02:00,0.07875,0.0,0.0,0.0
2017-05-29 22:02:00+02:00,0.0794,0.0,0.0,0.0
2017-05-29 22:03:00+02:00,0.09276,0.0,0.0,0.0
2017-05-29 22:04:00+02:00,0.08621,0.0,0.0,0.0
2017-05-29 22:05:00+02:00,0.07212,0.0,0.0,0.0
2017-05-29 22:06:00+02:00,0.07347,0.0,0.0,0.0
2017-05-29 22:07:00+02:00,0.07564,0.0,0.0,0.0
2017-05-29 22:08:00+02:00,0.07065,0.0,0.0,0.0
2017-05-29 22:09:00+02:00,0.07594,0.0,0.0,0.0
2017-05-29 22:10:00+02:00,0.08775,0.0,0.0,0.0
2017-05-29 22:11:00+02:00,0.08374,0.0,0.0,0.0
2017-05-29 22:12:00+02:00,0.07612,0.0,0.0,0.0
2017-05-29 22:13:00+02:00,0.07768,0.0,0.0,0.0
2017-05-29 22:14:00+02:00,0.07207,0.0,0.0,0.0
2017-05-29 22:15:00+02:00,0.07051,0.0,0.0,0.0
2017-05-29 22:16:00+02:00,0.06621,0.0,0.0,0.0
2017-05-29 22:17:00+02:00,0.06186,0.0,0.0,0.0
2017-05-29 22:18:00+02:00,0.05921,0.0,0.0,0.0
2017-05-29 22:19:00+02:00,0.05797,0.0,0.0,0.0
2017-05-29 22:20:00+02:00,0.06119,0.0,0.0,0.0
2017-05-29 22:21:00+02:00,0.0623,0.0,0.0,0.0
2017-05-29 22:22:00+02:00,0.06648,0.0,0.0,0.0
2017-05-29 22:23:00+02:00,0.07427,0.0,0.0,0.0
2017-05-29 22:24:00+02:00,0.06863,0.0,0.0,0.0
2017-05-29 22:25:00+02:00,0.06357,0.0,0.0,0.0
2017-05-29 22:26:00+02:00,0.07492,0.0,0.0,0.0
2017-05-29 22:27:00+02:00,0.08094,0.0,0.0,0.0
2017-05-29 22:28:00+02:00,0.09718,0.0,0.0,0.0
2017-05-29 22:29:00+02:00,0.09981,0.0,0.0,0.0
2017-05-29 22:30:00+02:00,0.07856,0.0,0.0,0.0
2017-05-29 22:31:00+02:00,0.07104,0.0,0.0,0.0
2017-05-29 22:32:00+02:00,0.06335,0.0,0.0,0.0
2017-05-29 22:33:00+02:00,0.06213,0.0,0.0,0.0
2017-05-29 22:34:00+02:00,0.06858,0.0,0.0,0.0
2017-05-29 22:35:00+02:00,0.06842,0.0,0.0,0.0
2017-05-29 22:36:00+02:00,0.06872,0.0,0.0,0.0
2017-05-29 22:37:00+02:00,0.07073,0.0,0.0,0.0
2017-05-29 22:38:00+02:00,0.07446,0.0,0.0,0.0
2017-05-29 22:39:00+02:00,0.07817,0.0,0.0,0.0
2017-05-29 22:40:00+02:00,0.08135,0.0,0.0,0.0
2017-05-29 22:41:00+02:00,0.07899,0.0,0.0,0.0
2017-05-29 22:42:00+02:00,0.0765,0.0,0.0,0.0
2017-05-29 22:43:00+02:00,0.07263,0.0,0.0,0.0
2017-05-29 22:44:00+02:00,0.07471,0.0,0.0,0.0
2017-05-29 22:45:00+02:00,0.07069,0.0,0.0,0.0
2017-05-29 22:46:00+02:00,0.06812,0.0,0.0,0.0
2017-05-29 22:47:00+02:00,0.07285,0.0,0.0,0.0
2017-05-29 22:48:00+02:00,0.072,0.0,0.0,0.0
2017-05-29 22:49:00+02:00,0.07467,0.0,0.0,0.0
2017-05-29 22:50:00+02:00,0.07459,0.0,0.0,0.0
2017-05-29 22:51:00+02:00,0.0718,0.0,0.0,0.0
2017-05-29 22:52:00+02:00,0.07321,0.0,0.0,0.0
2017-05-29 22:53:00+02:00,0.07016,0.0,0.0,0.0
2017-05-29 22:54:00+02:00,0.06947,0.0,0.0,0.0
2017-05-29 22:55:00+02:00,0.08028,0.0,0.0,0.0
2017-05-29 22:56:00+02:00,0.07587,0.0,0.0,0.0
2017-05-29 22:57:00+02:00,0.07714,0.0,0.0,0.0
2017-05-29 22:58:00+02:00,0.08017,0.0,0.0,0.0
2017-05-29 22:59:00+02:00,0.08398,0.0,0.0,0.0
2017-05-29 23:00:00+02:00,0.0776,0.0,0.0,0.0
2017-05-29 23:01:00+02:00,0.07563,0.0,0.0,0.0
2017-05-29 23:02:00+02:00,0.07334,0.0,0.0,0.0
2017-05-29 23:03:00+02:00,0.07045,0.0,0.0,0.0
2017-05-29 23:04:00+02:00,0.07104,0.0,0.0,0.0
2017-05-29 23:05:00+02:00,0.06683,0.0,0.0,0.0
2017-05-29 23:06:00+02:00,0.06839,0.0,0.0,0.0
2017-05-29 23:07:00+02:00,0.06961,0.0,0.0,0.0
2017-05-29 23:08:00+02:00,0.06832,0.0,0.0,0.0
2017-05-29 23:09:00+02:00,0.06228,0.0,0.0,0.0
2017-05-29 23:10:00+02:00,0.06279,0.0,0.0,0.0
2017-05-29 23:11:00+02:00,0.06735,0.0,0.0,0.0
2017-05-29 23:12:00+02:00,0.08224,0.0,0.0,0.0
2017-05-29 23:13:00+02:00,0.06927,0.0,0.0,0.0
2017-05-29 23:14:00+02:00,0.06676,0.0,0.0,0.0
2017-05-29 23:15:00+02:00,0.06607,0.0,0.0,0.0
2017-05-29 23:16:00+02:00,0.06373,0.0,0.0,0.0
2017-05-29 23:17:00+02:00,0.06286,0.0,0.0,0.0
2017-05-29 23:18:00+02:00,0.063,0.0,0.0,0.0
2017-05-29 23:19:00+02:00,0.06059,0.0,0.0,0.0
2017-05-29 23:20:00+02:00,0.06458,0.0,0.0,0.0
2017-05-29 23:21:00+02:00,0.06652,0.0,0.0,0.0
2017-05-29 23:22:00+02:00,0.06141,0.0,0.0,0.0
2017-05-29 23:23:00+02:00,0.06586,0.0,0.0,0.0
2017-05-29 23:24:00+02:00,0.06477,0.0,0.0,0.0
2017-05-29 23:25:00+02:00,0.06579,0.0,0.0,0.0
2017-05-29 23:26:00+02:00,0.06319,0.0,0.0,0.0
2017-05-29 23:27:00+02:00,0.0626,0.0,0.0,0.0
2017-05-29 23:28:00+02:00,0.06399,0.0,0.0,0.0
2017-05-29 23:29:00+02:00,0.06622,0.0,0.0,0.0
2017-05-29 23:30:00+02:00,0.07122,0.0,0.0,0.0
2017-05-29 23:31:00+02:00,0.06581,0.0,0.0,0.0
2017-05-29 23:32:00+02:00,0.06788,0.0,0.0,0.0
2017-05-29 23:33:00+02:00,0.06703,0.0,0.0,0.0
2017-05-29 23:34:00+02:00,0.06336,0.0,0.0,0.0
2017-05-29 23:35:00+02:00,0.05875,0.0,0.0,0.0
2017-05-29 23:36:00+02:00,0.0566,0.0,0.0,0.0
2017-05-29 23:37:00+02:00,0.05837,0.0,0.0,0.0
2017-05-29 23:38:00+02:00,0.05681,0.0,0.0,0.0
2017-05-29 23:39:00+02:00,0.05951,0.0,0.0,0.0
2017-05-29 23:40:00+02:00,0.06401,0.0,0.0,0.0
2017-05-29 23:41:00+02:00,0.07414,0.0,0.0,0.0
2017-05-29 23:42:00+02:00,0.06397,0.0,0.0,0.0
2017-05-29 23:43:00+02:00,0.05995,0.0,0.0,0.0
2017-05-29 23:44:00+02:00,0.05913,0.0,0.0,0.0
2017-05-29 23:45:00+02:00,0.06452,0.0,0.0,0.0
2017-05-29 23:46:00+02:00,0.06835,0.0,0.0,0.0
2017-05-29 23:47:00+02:00,0.0613,0.0,0.0,0.0
2017-05-29 23:48:00+02:00,0.06135,0.0,0.0,0.0
2017-05-29 23:49:00+02:00,0.06128,0.0,0.0,0.0
2017-05-29 23:50:00+02:00,0.0636,0.0,0.0,0.0
2017-05-29 23:51:00+02:00,0.06083,0.0,0.0,0.0
2017-05-29 23:52:00+02:00,0.05777,0.0,0.0,0.0
2017-05-29 23:53:00+02:00,0.05566,0.0,0.0,0.0
2017-05-29 23:54:00+02:00,0.05683,0.0,0.0,0.0
2017-05-29 23:55:00+02:00,0.05585,0.0,0.0,0.0
2017-05-29 23:56:00+02:00,0.05897,0.0,0.0,0.0
2017-05-29 23:57:00+02:00,0.06256,0.0,0.0,0.0
2017-05-29 23:58:00+02:00,0.06462,0.0,0.0,0.0
2017-05-29 23:59:00+02:00,0.05958,0.0,0.0,0.0
2017-05-30 00:00:00+02:00,0.06413,0.0,0.0,0.0
2017-05-30 00:01:00+02:00,0.06002,0.0,0.0,0.0
2017-05-30 00:02:00+02:00,0.0657,0.0,0.0,0.0
2017-05-30 00:03:00+02:00,0.0666,0.0,0.0,0.0
2017-05-30 00:04:00+02:00,0.06247,0.0,0.0,0.0
2017-05-30 00:05:00+02:00,0.06065,0.0,0.0,0.0
2017-05-30 00:06:00+02:00,0.06413,0.0,0.0,0.0
2017-05-30 00:07:00+02:00,0.06713,0.0,0.0,0.0
2017-05-30 00:08:00+02:00,0.06976,0.0,0.0,0.0
2017-05-30 00:09:00+02:00,0.06953,0.0,0.0,0.0
2017-05-30 00:10:00+02:00,0.06851,0.0,0.0,0.0
2017-05-30 00:11:00+02:00,0.06434,0.0,0.0,0.0
2017-05-30 00:12:00+02:00,0.06026,0.0,0.0,0.0
2017-05-30 00:13:00+02:00,0.06444,0.0,0.0,0.0
2017-05-30 00:14:00+02:00,0.06791,0.0,0.0,0.0
2017-05-30 00:15:00+02:00,0.07071,0.0,0.0,0.0
2017-05-30 00:16:00+02:00,0.07434,0.0,0.0,0.0
2017-05-30 00:17:00+02:00,0.07122,0.0,0.0,0.0
2017-05-30 00:18:00+02:00,0.07372,0.0,0.0,0.0
2017-05-30 00:19:00+02:00,0.0682,0.0,0.0,0.0
2017-05-30 00:20:00+02:00,0.07045,0.0,0.0,0.0
2017-05-30 00:21:00+02:00,0.07304,0.0,0.0,0.0
2017-05-30 00:22:00+02:00,0.07551,0.0,0.0,0.0
2017-05-30 00:23:00+02:00,0.07251,0.0,0.0,0.0
2017-05-30 00:24:00+02:00,0.07052,0.0,0.0,0.0
2017-05-30 00:25:00+02:00,0.07414,0.0,0.0,0.0
2017-05-30 00:26:00+02:00,0.06709,0.0,0.0,0.0
2017-05-30 00:27:00+02:00,0.06801,0.0,0.0,0.0
2017-05-30 00:28:00+02:00,0.07177,0.0,0.0,0.0
2017-05-30 00:29:00+02:00,0.06887,0.0,0.0,0.0
2017-05-30 00:30:00+02:00,0.06932,0.0,0.0,0.0
2017-05-30 00:31:00+02:00,0.07438,0.0,0.0,0.0
2017-05-30 00:32:00+02:00,0.07207,0.0,0.0,0.0
2017-05-30 00:33:00+02:00,0.06141,0.0,0.0,0.0
2017-05-30 00:34:00+02:00,0.05995,0.0,0.0,0.0
2017-05-30 00:35:00+02:00,0.06041,0.0,0.0,0.0
2017-05-30 00:36:00+02:00,0.06031,0.0,0.0,0.0
2017-05-30 00:37:00+02:00,0.05765,0.0,0.0,0.0
2017-05-30 00:38:00+02:00,0.06113,0.0,0.0,0.0
2017-05-30 00:39:00+02:00,0.05749,0.0,0.0,0.0
2017-05-30 00:40:00+02:00,0.06231,0.0,0.0,0.0
2017-05-30 00:41:00+02:00,0.06286,0.0,0.0,0.0
2017-05-30 00:42:00+02:00,0.05911,0.0,0.0,0.0
2017-05-30 00:43:00+02:00,0.05394,0.0,0.0,0.0
2017-05-30 00:44:00+02:00,0.06029,0.0,0.0,0.0
2017-05-30 00:45:00+02:00,0.05715,0.0,0.0,0.0
2017-05-30 00:46:00+02:00,0.0642,0.0,0.0,0.0
2017-05-30 00:47:00+02:00,0.06162,0.0,0.0,0.0
2017-05-30 00:48:00+02:00,0.05705,0.0,0.0,0.0
2017-05-30 00:49:00+02:00,0.05505,0.0,0.0,0.0
2017-05-30 00:50:00+02:00,0.0531,0.0,0.0,0.0
2017-05-30 00:51:00+02:00,0.05383,0.0,0.0,0.0
2017-05-30 00:52:00+02:00,0.05623,0.0,0.0,0.0
2017-05-30 00:53:00+02:00,0.05696,0.0,0.0,0.0
2017-05-30 00:54:00+02:00,0.06003,0.0,0.0,0.0
2017-05-30 00:55:00+02:00,0.06296,0.0,0.0,0.0
2017-05-30 00:56:00+02:00,0.04837,0.0,0.0,0.0
2017-05-30 00:57:00+02:00,0.04572,0.0,0.0,0.0
2017-05-30 00:58:00+02:00,0.04408,0.0,0.0,0.0
2017-05-30 00:59:00+02:00,0.04493,0.0,0.0,0.0
2017-05-30 01:00:00+02:00,0.04652,0.0,0.0,0.0
2017-05-30 01:01:00+02:00,0.05539,0.0,0.0,0.0
2017-05-30 01:02:00+02:00,0.06173,0.0,0.0,0.0
2017-05-30 01:03:00+02:00,0.06241,0.0,0.0,0.0
2017-05-30 01:04:00+02:00,0.06416,0.0,0.0,0.0
2017-05-30 01:05:00+02:00,0.0683,0.0,0.0,0.0
2017-05-30 01:06:00+02:00,0.0669,0.0,0.0,0.0
2017-05-30 01:07:00+02:00,0.06649,0.0,0.0,0.0
2017-05-30 01:08:00+02:00,0.0626,0.0,0.0,0.0
2017-05-30 01:09:00+02:00,0.05731,0.0,0.0,0.0
2017-05-30 01:10:00+02:00,0.05628,0.0,0.0,0.0
2017-05-30 01:11:00+02:00,0.0563,0.0,0.0,0.0
2017-05-30 01:12:00+02:00,0.06039,0.0,0.0,0.0
2017-05-30 01:13:00+02:00,0.06846,0.0,0.0,0.0
2017-05-30 01:14:00+02:00,0.0725,0.0,0.0,0.0
2017-05-30 01:15:00+02:00,0.06252,0.0,0.0,0.0
2017-05-30 01:16:00+02:00,0.06603,0.0,0.0,0.0
2017-05-30 01:17:00+02:00,0.06536,0.0,0.0,0.0
2017-05-30 01:18:00+02:00,0.06681,0.0,0.0,0.0
2017-05-30 01:19:00+02:00,0.06894,0.0,0.0,0.0
2017-05-30 01:20:00+02:00,0.06925,0.0,0.0,0.0
2017-05-30 01:21:00+02:00,0.06899,0.0,0.0,0.0
2017-05-30 01:22:00+02:00,0.06684,0.0,0.0,0.0
2017-05-30 01:23:00+02:00,0.06759,0.0,0.0,0.0
2017-05-30 01:24:00+02:00,0.06282,0.0,0.0,0.0
2017-05-30 01:25:00+02:00,0.06695,0.0,0.0,0.0
2017-05-30 01:26:00+02:00,0.0634,0.0,0.0,0.0
2017-05-30 01:27:00+02:00,0.05677,0.0,0.0,0.0
2017-05-30 01:28:00+02:00,0.05872,0.0,0.0,0.0
2017-05-30 01:29:00+02:00,0.06457,0.0,0.0,0.0
2017-05-30 01:30:00+02:00,0.0622,0.0,0.0,0.0
2017-05-30 01:31:00+02:00,0.06118,0.0,0.0,0.0
2017-05-30 01:32:00+02:00,0.05633,0.0,0.0,0.0
2017-05-30 01:33:00+02:00,0.05636,0.0,0.0,0.0
2017-05-30 01:34:00+02:00,0.05334,0.0,0.0,0.0
2017-05-30 01:35:00+02:00,0.05415,0.0,0.0,0.0
2017-05-30 01:36:00+02:00,0.05071,0.0,0.0,0.0
2017-05-30 01:37:00+02:00,0.04724,0.0,0.0,0.0
2017-05-30 01:38:00+02:00,0.0467,0.0,0.0,0.0
2017-05-30 01:39:00+02:00,0.04529,0.0,0.0,0.0
2017-05-30 01:40:00+02:00,0.04555,0.0,0.0,0.0
2017-05-30 01:41:00+02:00,0.05069,0.0,0.0,0.0
2017-05-30 01:42:00+02:00,0.05506,0.0,0.0,0.0
2017-05-30 01:43:00+02:00,0.0526,0.0,0.0,0.0
2017-05-30 01:44:00+02:00,0.04945,0.0,0.0,0.0
2017-05-30 01:45:00+02:00,0.04723,0.0,0.0,0.0
2017-05-30 01:46:00+02:00,0.04977,0.0,0.0,0.0
2017-05-30 01:47:00+02:00,0.04693,0.0,0.0,0.0
2017-05-30 01:48:00+02:00,0.04196,0.0,0.0,0.0
2017-05-30 01:49:00+02:00,0.04034,0.0,0.0,0.0
2017-05-30 01:50:00+02:00,0.04048,0.0,0.0,0.0
2017-05-30 01:51:00+02:00,0.04264,0.0,0.0,0.0
2017-05-30 01:52:00+02:00,0.04342,0.0,0.0,0.0
2017-05-30 01:53:00+02:00,0.04499,0.0,0.0,0.0
2017-05-30 01:54:00+02:00,0.04919,0.0,0.0,0.0
2017-05-30 01:55:00+02:00,0.04784,0.0,0.0,0.0
2017-05-30 01:56:00+02:00,0.04708,0.0,0.0,0.0
2017-05-30 01:57:00+02:00,0.0445,0.0,0.0,0.0
2017-05-30 01:58:00+02:00,0.04286,0.0,0.0,0.0
2017-05-30 01:59:00+02:00,0.04534,0.0,0.0,0.0
2017-05-30 02:00:00+02:00,0.04255,0.0,0.0,0.0
2017-05-30 02:01:00+02:00,0.04403,0.0,0.0,0.0
2017-05-30 02:02:00+02:00,0.0474,0.0,0.0,0.0
2017-05-30 02:03:00+02:00,0.04581,0.0,0.0,0.0
2017-05-30 02:04:00+02:00,0.04768,0.0,0.0,0.0
2017-05-30 02:05:00+02:00,0.0463,0.0,0.0,0.0
2017-05-30 02:06:00+02:00,0.04103,0.0,0.0,0.0
2017-05-30 02:07:00+02:00,0.04001,0.0,0.0,0.0
2017-05-30 02:08:00+02:00,0.04239,0.0,0.0,0.0
2017-05-30 02:09:00+02:00,0.04063,0.0,0.0,0.0
2017-05-30 02:10:00+02:00,0.04252,0.0,0.0,0.0
2017-05-30 02:11:00+02:00,0.04342,0.0,0.0,0.0
2017-05-30 02:12:00+02:00,0.04289,0.0,0.0,0.0
2017-05-30 02:13:00+02:00,0.03997,0.0,0.0,0.0
2017-05-30 02:14:00+02:00,0.04042,0.0,0.0,0.0
2017-05-30 02:15:00+02:00,0.04349,0.0,0.0,0.0
2017-05-30 02:16:00+02:00,0.04342,0.0,0.0,0.0
2017-05-30 02:17:00+02:00,0.03851,0.0,0.0,0.0
2017-05-30 02:18:00+02:00,0.03491,0.0,0.0,0.0
2017-05-30 02:19:00+02:00,0.0363,0.0,0.0,0.0
2017-05-30 02:20:00+02:00,0.04095,0.0,0.0,0.0
2017-05-30 02:21:00+02:00,0.04541,0.0,0.0,0.0
2017-05-30 02:22:00+02:00,0.0377,0.0,0.0,0.0
2017-05-30 02:23:00+02:00,0.03539,0.0,0.0,0.0
2017-05-30 02:24:00+02:00,0.03518,0.0,0.0,0.0
2017-05-30 02:25:00+02:00,0.03489,0.0,0.0,0.0
2017-05-30 02:26:00+02:00,0.03458,0.0,0.0,0.0
2017-05-30 02:27:00+02:00,0.03931,0.0,0.0,0.0
2017-05-30 02:28:00+02:00,0.0355,0.0,0.0,0.0
2017-05-30 02:29:00+02:00,0.03415,0.0,0.0,0.0
2017-05-30 02:30:00+02:00,0.0347,0.0,0.0,0.0
2017-05-30 02:31:00+02:00,0.03619,0.0,0.0,0.0
2017-05-30 02:32:00+02:00,0.03628,0.0,0.0,0.0
2017-05-30 02:33:00+02:00,0.04065,0.0,0.0,0.0
2017-05-30 02:34:00+02:00,0.03821,0.0,0.0,0.0
2017-05-30 02:35:00+02:00,0.0352,0.0,0.0,0.0
2017-05-30 02:36:00+02:00,0.03404,0.0,0.0,0.0
2017-05-30 02:37:00+02:00,0.0342,0.0,0.0,0.0
2017-05-30 02:38:00+02:00,0.03598,0.0,0.0,0.0
2017-05-30 02:39:00+02:00,0.0345,0.0,0.0,0.0
2017-05-30 02:40:00+02:00,0.03326,0.0,0.0,0.0
2017-05-30 02:41:00+02:00,0.03426,0.0,0.0,0.0
2017-05-30 02:42:00+02:00,0.03344,0.0,0.0,0.0
2017-05-30 02:43:00+02:00,0.03294,0.0,0.0,0.0
2017-05-30 02:44:00+02:00,0.03531,0.0,0.0,0.0
2017-05-30 02:45:00+02:00,0.03433,0.0,0.0,0.0
2017-05-30 02:46:00+02:00,0.03283,0.0,0.0,0.0
2017-05-30 02:47:00+02:00,0.03368,0.0,0.0,0.0
2017-05-30 02:48:00+02:00,0.0345,0.0,0.0,0.0
2017-05-30 02:49:00+02:00,0.03321,0.0,0.0,0.0
2017-05-30 02:50:00+02:00,0.03076,0.0,0.0,0.0
2017-05-30 02:51:00+02:00,0.03312,0.0,0.0,0.0
2017-05-30 02:52:00+02:00,0.03314,0.0,0.0,0.0
2017-05-30 02:53:00+02:00,0.03288,0.0,0.0,0.0
2017-05-30 02:54:00+02:00,0.03331,0.0,0.0,0.0
2017-05-30 02:55:00+02:00,0.03324,0.0,0.0,0.0
2017-05-30 02:56:00+02:00,0.03314,0.0,0.0,0.0
2017-05-30 02:57:00+02:00,0.03026,0.0,0.0,0.0
2017-05-30 02:58:00+02:00,0.02842,0.0,0.0,0.0
2017-05-30 02:59:00+02:00,0.02908,0.0,0.0,0.0
2017-05-30 03:00:00+02:00,0.02863,0.0,0.0,0.0
2017-05-30 03:01:00+02:00,0.03307,0.0,0.0,0.0
2017-05-30 03:02:00+02:00,0.03528,0.0,0.0,0.0
2017-05-30 03:03:00+02:00,0.03485,0.0,0.0,0.0
2017-05-30 03:04:00+02:00,0.03464,0.0,0.0,0.0
2017-05-30 03:05:00+02:00,0.03499,0.0,0.0,0.0
2017-05-30 03:06:00+02:00,0.03593,0.0,0.0,0.0
2017-05-30 03:07:00+02:00,0.03646,0.0,0.0,0.0
2017-05-30 03:08:00+02:00,0.03265,0.0,0.0,0.0
2017-05-30 03:09:00+02:00,0.0314,0.0,0.0,0.0
2017-05-30 03:10:00+02:00,0.0297,0.0,0.0,0.0
2017-05-30 03:11:00+02:00,0.03014,0.0,0.0,0.0
2017-05-30 03:12:00+02:00,0.0313,0.0,0.0,0.0
2017-05-30 03:13:00+02:00,0.03547,0.0,0.0,0.0
2017-05-30 03:14:00+02:00,0.03457,0.0,0.0,0.0
2017-05-30 03:15:00+02:00,0.03285,0.0,0.0,0.0
2017-05-30 03:16:00+02:00,0.03156,0.0,0.0,0.0
2017-05-30 03:17:00+02:00,0.03267,0.0,0.0,0.0
2017-05-30 03:18:00+02:00,0.03437,0.0,0.0,0.0
2017-05-30 03:19:00+02:00,0.02997,0.0,0.0,0.0
2017-05-30 03:20:00+02:00,0.02974,0.0,0.0,0.0
2017-05-30 03:21:00+02:00,0.0274,0.0,0.0,0.0
2017-05-30 03:22:00+02:00,0.02641,0.0,0.0,0.0
2017-05-30 03:23:00+02:00,0.02596,0.0,0.0,0.0
2017-05-30 03:24:00+02:00,0.0267,0.0,0.0,0.0
2017-05-30 03:25:00+02:00,0.0257,0.0,0.0,0.0
2017-05-30 03:26:00+02:00,0.02666,0.0,0.0,0.0
2017-05-30 03:27:00+02:00,0.02681,0.0,0.0,0.0
2017-05-30 03:28:00+02:00,0.02724,0.0,0.0,0.0
2017-05-30 03:29:00+02:00,0.02745,0.0,0.0,0.0
2017-05-30 03:30:00+02:00,0.02734,0.0,0.0,0.0
2017-05-30 03:31:00+02:00,0.02767,0.0,0.0,0.0
2017-05-30 03:32:00+02:00,0.02672,0.0,0.0,0.0
2017-05-30 03:33:00+02:00,0.02634,0.0,0.0,0.0
2017-05-30 03:34:00+02:00,0.02621,0.0,0.0,0.0
2017-05-30 03:35:00+02:00,0.02819,0.0,0.0,0.0
2017-05-30 03:36:00+02:00,0.02728,0.0,0.0,0.0
2017-05-30 03:37:00+02:00,0.02947,0.0,0.0,0.0
2017-05-30 03:38:00+02:00,0.02973,0.0,0.0,0.0
2017-05-30 03:39:00+02:00,0.0289,0.0,0.0,0.0
2017-05-30 03:40:00+02:00,0.02803,0.0,0.0,0.0
2017-05-30 03:41:00+02:00,0.03032,0.0,0.0,0.0
2017-05-30 03:42:00+02:00,0.02977,0.0,0.0,0.0
2017-05-30 03:43:00+02:00,0.02847,0.0,0.0,0.0
2017-05-30 03:44:00+02:00,0.02774,0.0,0.0,0.0
2017-05-30 03:45:00+02:00,0.02796,0.0,0.0,0.0
2017-05-30 03:46:00+02:00,0.03041,0.0,0.0,0.0
2017-05-30 03:47:00+02:00,0.03175,0.0,0.0,0.0
2017-05-30 03:48:00+02:00,0.0296,0.0,0.0,0.0
2017-05-30 03:49:00+02:00,0.02886,0.0,0.0,0.0
2017-05-30 03:50:00+02:00,0.02811,0.0,0.0,0.0
2017-05-30 03:51:00+02:00,0.02735,0.0,0.0,0.0
2017-05-30 03:52:00+02:00,0.02668,0.0,0.0,0.0
2017-05-30 03:53:00+02:00,0.02661,0.0,0.0,0.0
2017-05-30 03:54:00+02:00,0.02581,0.0,0.0,0.0
2017-05-30 03:55:00+02:00,0.02607,0.0,0.0,0.0
2017-05-30 03:56:00+02:00,0.02601,0.0,0.0,0.0
2017-05-30 03:57:00+02:00,0.02809,0.0,0.0,0.0
2017-05-30 03:58:00+02:00,0.02831,0.0,0.0,0.0
2017-05-30 03:59:00+02:00,0.02885,0.0,0.0,0.0
2017-05-30 04:00:00+02:00,0.02813,0.0,0.0,0.0
2017-05-30 04:01:00+02:00,0.0298,0.0,0.0,0.0
2017-05-30 04:02:00+02:00,0.03109,0.0,0.0,0.0
2017-05-30 04:03:00+02:00,0.02884,0.0,0.0,0.0
2017-05-30 04:04:00+02:00,0.02927,0.0,0.0,0.0
2017-05-30 04:05:00+02:00,0.03015,0.0,0.0,0.0
2017-05-30 04:06:00+02:00,0.02903,0.0,0.0,0.0
2017-05-30 04:07:00+02:00,0.02814,0.0,0.0,0.0
2017-05-30 04:08:00+02:00,0.02754,0.0,0.0,0.0
2017-05-30 04:09:00+02:00,0.02638,0.0,0.0,0.0
2017-05-30 04:10:00+02:00,0.02832,0.0,0.0,0.0
2017-05-30 04:11:00+02:00,0.02768,0.0,0.0,0.0
2017-05-30 04:12:00+02:00,0.02695,0.0,0.0,0.0
2017-05-30 04:13:00+02:00,0.03126,0.0,0.0,0.0
2017-05-30 04:14:00+02:00,0.02963,0.0,0.0,0.0
2017-05-30 04:15:00+02:00,0.02754,0.0,0.0,0.0
2017-05-30 04:16:00+02:00,0.02835,0.0,0.0,0.0
2017-05-30 04:17:00+02:00,0.0281,0.0,0.0,0.0
2017-05-30 04:18:00+02:00,0.02892,0.0,0.0,0.0
2017-05-30 04:19:00+02:00,0.02749,0.0,0.0,0.0
2017-05-30 04:20:00+02:00,0.02734,0.0,0.0,0.0
2017-05-30 04:21:00+02:00,0.02713,0.0,0.0,0.0
2017-05-30 04:22:00+02:00,0.02781,0.0,0.0,0.0
2017-05-30 04:23:00+02:00,0.02484,0.0,0.0,0.0
2017-05-30 04:24:00+02:00,0.0248,0.0,0.0,0.0
2017-05-30 04:25:00+02:00,0.02383,0.0,0.0,0.0
2017-05-30 04:26:00+02:00,0.0237,0.0,0.0,0.0
2017-05-30 04:27:00+02:00,0.024,0.0,0.0,0.0
2017-05-30 04:28:00+02:00,0.02481,0.0,0.0,0.0
2017-05-30 04:29:00+02:00,0.0243,0.0,0.0,0.0
2017-05-30 04:30:00+02:00,0.02436,0.0,0.0,0.0
2017-05-30 04:31:00+02:00,0.02402,0.0,0.0,0.0
2017-05-30 04:32:00+02:00,0.02443,0.0,0.0,0.0
2017-05-30 04:33:00+02:00,0.02509,0.0,0.0,0.0
2017-05-30 04:34:00+02:00,0.02663,0.0,0.0,0.0
2017-05-30 04:35:00+02:00,0.02649,0.0,0.0,0.0
2017-05-30 04:36:00+02:00,0.02723,0.0,0.0,0.0
2017-05-30 04:37:00+02:00,0.02671,0.0,0.0,0.0
2017-05-30 04:38:00+02:00,0.02747,0.0,0.0,0.0
2017-05-30 04:39:00+02:00,0.02741,0.0,0.0,0.0
2017-05-30 04:40:00+02:00,0.02983,0.0,0.0,0.0
2017-05-30 04:41:00+02:00,0.02875,0.0,0.0,0.0
2017-05-30 04:42:00+02:00,0.02639,0.0,0.0,0.0
2017-05-30 04:43:00+02:00,0.02679,0.0,0.0,0.0
2017-05-30 04:44:00+02:00,0.02733,0.0,0.0,0.0
2017-05-30 04:45:00+02:00,0.02722,0.0,0.0,0.0
2017-05-30 04:46:00+02:00,0.02729,0.0,0.0,0.0
2017-05-30 04:47:00+02:00,0.02735,0.0,0.0,0.0
2017-05-30 04:48:00+02:00,0.02682,0.0,0.0,0.0
2017-05-30 04:49:00+02:00,0.02674,0.0,0.0,0.0
2017-05-30 04:50:00+02:00,0.02651,0.0,0.0,0.0
2017-05-30 04:51:00+02:00,0.02565,0.0,0.0,0.0
2017-05-30 04:52:00+02:00,0.02522,0.0,0.0,0.0
2017-05-30 04:53:00+02:00,0.02527,0.0,0.0,0.0
2017-05-30 04:54:00+02:00,0.02553,0.0,0.0,0.0
2017-05-30 04:55:00+02:00,0.02592,0.0,0.0,0.0
2017-05-30 04:56:00+02:00,0.02575,0.0,0.0,0.0
2017-05-30 04:57:00+02:00,0.02524,0.0,0.0,0.0
2017-05-30 04:58:00+02:00,0.02629,0.0,0.0,0.0
2017-05-30 04:59:00+02:00,0.02733,0.0,0.0,0.0
2017-05-30 05:00:00+02:00,0.02767,0.0,0.0,0.0
2017-05-30 05:01:00+02:00,0.0271,0.0,0.0,0.0
2017-05-30 05:02:00+02:00,0.02788,0.0,0.0,0.0
2017-05-30 05:03:00+02:00,0.02827,0.0,0.0,0.0
2017-05-30 05:04:00+02:00,0.02846,0.0,0.0,0.0
2017-05-30 05:05:00+02:00,0.02867,0.0,0.0,0.0
2017-05-30 05:06:00+02:00,0.02913,0.0,0.0,0.0
2017-05-30 05:07:00+02:00,0.02918,0.0,0.0,0.0
2017-05-30 05:08:00+02:00,0.02898,0.0,0.0,0.0
2017-05-30 05:09:00+02:00,0.02839,0.0,0.0,0.0
2017-05-30 05:10:00+02:00,0.02751,0.0,0.0,0.0
2017-05-30 05:11:00+02:00,0.02687,0.0,0.0,0.0
2017-05-30 05:12:00+02:00,0.02617,0.0,0.0,0.0
2017-05-30 05:13:00+02:00,0.02622,0.0,0.0,0.0
2017-05-30 05:14:00+02:00,0.02566,0.0,0.0,0.0
2017-05-30 05:15:00+02:00,0.02542,0.0,0.0,0.0
2017-05-30 05:16:00+02:00,0.02947,0.0,0.0,0.0
2017-05-30 05:17:00+02:00,0.03493,0.0,0.0,0.0
2017-05-30 05:18:00+02:00,0.02782,0.0,0.0,0.0
2017-05-30 05:19:00+02:00,0.02492,0.0,0.0,0.0
2017-05-30 05:20:00+02:00,0.02415,0.0,0.0,0.0
2017-05-30 05:21:00+02:00,0.02424,0.0,0.0,0.0
2017-05-30 05:22:00+02:00,0.02395,0.0,0.0,0.0
2017-05-30 05:23:00+02:00,0.02437,0.0,0.0,0.0
2017-05-30 05:24:00+02:00,0.0255,0.0,0.0,0.0
2017-05-30 05:25:00+02:00,0.02597,0.0,0.0,0.0
2017-05-30 05:26:00+02:00,0.02509,0.0,0.0,0.0
2017-05-30 05:27:00+02:00,0.02652,0.0,0.0,0.0
2017-05-30 05:28:00+02:00,0.0261,0.000749,0.0,0.0
2017-05-30 05:29:00+02:00,0.02625,0.004325,0.0,0.0
2017-05-30 05:30:00+02:00,0.02962,0.018364,0.0,0.0
2017-05-30 05:31:00+02:00,0.03057,0.025051,0.0,0.0
2017-05-30 05:32:00+02:00,0.02858,0.035077,0.0,0.0
2017-05-30 05:33:00+02:00,0.02478,0.045171,0.0,0.0
2017-05-30 05:34:00+02:00,0.02399,0.053122,0.0,0.0
2017-05-30 05:35:00+02:00,0.02319,0.059215,0.0,0.0
2017-05-30 05:36:00+02:00,0.02269,0.065077,0.0,0.0
2017-05-30 05:37:00+02:00,0.02297,0.071213,0.0,0.0
2017-05-30 05:38:00+02:00,0.02335,0.077078,0.0,0.0
2017-05-30 05:39:00+02:00,0.02378,0.083479,0.0,0.0
2017-05-30 05:40:00+02:00,0.02407,0.089707,0.0,0.0
2017-05-30 05:41:00+02:00,0.02399,0.09547,0.0,0.0
2017-05-30 05:42:00+02:00,0.02328,0.100795,0.0,0.0
2017-05-30 05:43:00+02:00,0.02564,0.106328,0.0,0.0
2017-05-30 05:44:00+02:00,0.02669,0.111733,0.0,0.0
2017-05-30 05:45:00+02:00,0.02417,0.117761,0.0,0.0
2017-05-30 05:46:00+02:00,0.02369,0.124418,0.0,0.0
2017-05-30 05:47:00+02:00,0.02443,0.132064,0.0,0.0
2017-05-30 05:48:00+02:00,0.02504,0.140373,0.0,0.0
2017-05-30 05:49:00+02:00,0.02717,0.148093,0.0,0.0
2017-05-30 05:50:00+02:00,0.02625,0.155338,0.0,0.0
2017-05-30 05:51:00+02:00,0.02684,0.16299,0.0,0.0
2017-05-30 05:52:00+02:00,0.02631,0.169672,0.0,0.0
2017-05-30 05:53:00+02:00,0.02487,0.174267,0.0,0.0
2017-05-30 05:54:00+02:00,0.02351,0.174789,0.0,0.0
2017-05-30 05:55:00+02:00,0.02232,0.174866,0.0,0.0
2017-05-30 05:56:00+02:00,0.02312,0.176182,0.0,0.0
2017-05-30 05:57:00+02:00,0.02418,0.178988,0.0,0.0
2017-05-30 05:58:00+02:00,0.02639,0.184397,0.0,0.0
2017-05-30 05:59:00+02:00,0.02504,0.190433,0.0,0.0
2017-05-30 06:00:00+02:00,0.02484,0.197723,0.0,0.0
2017-05-30 06:01:00+02:00,0.02493,0.207623,0.0,0.0
2017-05-30 06:02:00+02:00,0.02415,0.219042,0.0,0.0
2017-05-30 06:03:00+02:00,0.02401,0.230531,0.0,0.0
2017-05-30 06:04:00+02:00,0.0242,0.245018,0.0,0.0
2017-05-30 06:05:00+02:00,0.0237,0.261214,0.0,0.0
2017-05-30 06:06:00+02:00,0.02412,0.281263,0.0,0.0
2017-05-30 06:07:00+02:00,0.02518,0.299142,0.0,0.0
2017-05-30 06:08:00+02:00,0.0258,0.310549,0.0,0.0
2017-05-30 06:09:00+02:00,0.02727,0.316879,0.0,0.0
2017-05-30 06:10:00+02:00,0.02598,0.318301,0.0,0.0
2017-05-30 06:11:00+02:00,0.02515,0.312811,0.0,0.0
2017-05-30 06:12:00+02:00,0.02505,0.30067,0.0,0.0
2017-05-30 06:13:00+02:00,0.02571,0.286994,0.0,0.0
2017-05-30 06:14:00+02:00,0.02508,0.282164,0.0,0.0
2017-05-30 06:15:00+02:00,0.02498,0.235937,0.0,0.0
2017-05-30 06:16:00+02:00,0.02504,0.150763,0.0,0.0
2017-05-30 06:17:00+02:00,0.02471,0.137731,0.0,0.0
2017-05-30 06:18:00+02:00,0.02462,0.130736,0.0,0.0
2017-05-30 06:19:00+02:00,0.02487,0.125755,0.0,0.0
2017-05-30 06:20:00+02:00,0.02548,0.123941,0.0,0.0
2017-05-30 06:21:00+02:00,0.02662,0.12242,0.0,0.0
2017-05-30 06:22:00+02:00,0.02559,0.122058,0.0,0.0
2017-05-30 06:23:00+02:00,0.02687,0.125786,0.0,0.0
2017-05-30 06:24:00+02:00,0.02652,0.13482,0.0,0.0
2017-05-30 06:25:00+02:00,0.02681,0.18445,0.0,0.0
2017-05-30 06:26:00+02:00,0.02579,0.230947,0.0,0.0
2017-05-30 06:27:00+02:00,0.02588,0.299387,0.0,0.0
2017-05-30 06:28:00+02:00,0.02568,0.317468,0.0,0.0
2017-05-30 06:29:00+02:00,0.02493,0.342819,0.0,0.0
2017-05-30 06:30:00+02:00,0.02455,0.36567,0.0,0.0
2017-05-30 06:31:00+02:00,0.02525,0.359743,0.0,0.0
2017-05-30 06:32:00+02:00,0.02552,0.296464,0.0,0.0
2017-05-30 06:33:00+02:00,0.02513,0.360108,0.0,0.0
2017-05-30 06:34:00+02:00,0.02538,0.25636,0.0,0.0
2017-05-30 06:35:00+02:00,0.02569,0.24401,0.0,0.0
2017-05-30 06:36:00+02:00,0.02608,0.231385,0.0,0.0
2017-05-30 06:37:00+02:00,0.02517,0.234074,0.0,0.0
2017-05-30 06:38:00+02:00,0.02777,0.214461,0.0,0.0
2017-05-30 06:39:00+02:00,0.02716,0.199912,0.0,0.0
2017-05-30 06:40:00+02:00,0.02395,0.190453,0.0,0.0
2017-05-30 06:41:00+02:00,0.0237,0.217717,0.0,0.0
2017-05-30 06:42:00+02:00,0.02501,0.30454,0.0,0.0
2017-05-30 06:43:00+02:00,0.02501,0.287321,0.0,0.0
2017-05-30 06:44:00+02:00,0.02476,0.351684,0.0,0.0
2017-05-30 06:45:00+02:00,0.02524,0.41708,0.0,0.0
2017-05-30 06:46:00+02:00,0.02542,0.415271,0.0,0.0
2017-05-30 06:47:00+02:00,0.02395,0.422716,0.0,0.0
2017-05-30 06:48:00+02:00,0.02405,0.422255,0.0,0.0
2017-05-30 06:49:00+02:00,0.02702,0.410506,0.0,0.0
2017-05-30 06:50:00+02:00,0.02904,0.251269,0.0,0.0
2017-05-30 06:51:00+02:00,0.02927,0.162337,0.0,0.0
2017-05-30 06:52:00+02:00,0.02965,0.162407,0.0,0.0
2017-05-30 06:53:00+02:00,0.02957,0.166275,0.0,0.0
2017-05-30 06:54:00+02:00,0.03015,0.171527,0.0,0.0
2017-05-30 06:55:00+02:00,0.03032,0.178231,0.0,0.0
2017-05-30 06:56:00+02:00,0.02873,0.18558,0.0,0.0
2017-05-30 06:57:00+02:00,0.02857,0.191498,0.0,0.0
2017-05-30 06:58:00+02:00,0.02744,0.198711,0.0,0.0
2017-05-30 06:59:00+02:00,0.02713,0.208584,0.0,0.0
2017-05-30 07:00:00+02:00,0.02708,0.214274,0.0,0.0
2017-05-30 07:01:00+02:00,0.02756,0.219265,0.0,0.0
2017-05-30 07:02:00+02:00,0.02776,0.273172,0.0,0.0
2017-05-30 07:03:00+02:00,0.03041,0.525065,0.0,0.0
2017-05-30 07:04:00+02:00,0.02868,0.578246,0.0,0.0
2017-05-30 07:05:00+02:00,0.02642,0.575446,0.0,0.0
2017-05-30 07:06:00+02:00,0.02728,0.574232,0.0,0.0
2017-05-30 07:07:00+02:00,0.02833,0.573494,0.0,0.0
2017-05-30 07:08:00+02:00,0.02754,0.57658,0.0,0.0
2017-05-30 07:09:00+02:00,0.02755,0.580793,0.0,0.0
2017-05-30 07:10:00+02:00,0.02815,0.586051,0.0,0.0
2017-05-30 07:11:00+02:00,0.02787,0.598819,0.0,0.0
2017-05-30 07:12:00+02:00,0.02987,0.601621,0.0,0.0
2017-05-30 07:13:00+02:00,0.03172,0.60673,0.0,0.0
2017-05-30 07:14:00+02:00,0.03116,0.612841,0.0,0.0
2017-05-30 07:15:00+02:00,0.03106,0.620627,0.0,0.0
2017-05-30 07:16:00+02:00,0.02917,0.627865,0.0,0.0
2017-05-30 07:17:00+02:00,0.02847,0.632551,0.0,0.0
2017-05-30 07:18:00+02:00,0.02789,0.63949,0.0,0.0
2017-05-30 07:19:00+02:00,0.02739,0.646384,0.0,0.0
2017-05-30 07:20:00+02:00,0.02706,0.6559,0.0,0.0
2017-05-30 07:21:00+02:00,0.02892,0.664159,0.0,0.0
2017-05-30 07:22:00+02:00,0.02886,0.668324,0.0,0.0
2017-05-30 07:23:00+02:00,0.02993,0.676955,0.0,0.0
2017-05-30 07:24:00+02:00,0.02899,0.68456,0.0,0.0
2017-05-30 07:25:00+02:00,0.02974,0.68994,0.0,0.0
2017-05-30 07:26:00+02:00,0.03069,0.69469,0.0,0.0
2017-05-30 07:27:00+02:00,0.02857,0.706334,0.0,0.0
2017-05-30 07:28:00+02:00,0.02918,0.713639,0.0,0.0
2017-05-30 07:29:00+02:00,0.03032,0.726041,0.0,0.0
2017-05-30 07:30:00+02:00,0.03059,0.73609,0.0,0.0
2017-05-30 07:31:00+02:00,0.02935,0.743767,0.0,0.0
2017-05-30 07:32:00+02:00,0.02801,0.751441,0.0,0.0
2017-05-30 07:33:00+02:00,0.02831,0.754031,0.0,0.0
2017-05-30 07:34:00+02:00,0.02801,0.758394,0.0,0.0
2017-05-30 07:35:00+02:00,0.02993,0.765961,0.0,0.0
2017-05-30 07:36:00+02:00,0.02834,0.786901,0.0,0.0
2017-05-30 07:37:00+02:00,0.02952,0.802535,0.0,0.0
2017-05-30 07:38:00+02:00,0.0298,0.822998,0.0,0.0
2017-05-30 07:39:00+02:00,0.03042,0.841565,0.0,0.0
2017-05-30 07:40:00+02:00,0.03189,0.850664,0.0,0.0
2017-05-30 07:41:00+02:00,0.03311,0.855562,0.0,0.0
2017-05-30 07:42:00+02:00,0.03459,0.852532,0.0,0.0
2017-05-30 07:43:00+02:00,0.03235,0.848471,0.0,0.0
2017-05-30 07:44:00+02:00,0.03264,0.863741,0.0,0.0
2017-05-30 07:45:00+02:00,0.03068,0.858764,0.0,0.0
2017-05-30 07:46:00+02:00,0.03362,0.859709,0.0,0.0
2017-05-30 07:47:00+02:00,0.03441,0.848396,0.0,0.0
2017-05-30 07:48:00+02:00,0.03247,0.77458,0.0,0.0
2017-05-30 07:49:00+02:00,0.03681,0.844886,0.0,0.0
2017-05-30 07:50:00+02:00,0.04244,0.838852,0.0,0.0
2017-05-30 07:51:00+02:00,0.04389,0.809545,0.0,0.0
2017-05-30 07:52:00+02:00,0.05529,0.693877,0.0,0.0
2017-05-30 07:53:00+02:00,0.0559,0.595528,0.0,0.0
2017-05-30 07:54:00+02:00,0.05589,0.810473,0.0,0.0
2017-05-30 07:55:00+02:00,0.0526,0.846814,0.0,0.0
2017-05-30 07:56:00+02:00,0.05345,0.848657,0.0,0.0
2017-05-30 07:57:00+02:00,0.0569,0.853385,0.0,0.0
2017-05-30 07:58:00+02:00,0.05708,0.854752,0.0,0.0
2017-05-30 07:59:00+02:00,0.05374,0.851936,0.0,0.0
2017-05-30 08:00:00+02:00,0.05884,0.854239,0.0,0.0
2017-05-30 08:01:00+02:00,0.06376,0.847139,0.0,0.0
2017-05-30 08:02:00+02:00,0.06169,0.805585,0.0,0.0
2017-05-30 08:03:00+02:00,0.06008,0.782341,0.0,0.0
2017-05-30 08:04:00+02:00,0.05649,0.810211,0.0,0.0
2017-05-30 08:05:00+02:00,0.05531,0.847737,0.0,0.0
2017-05-30 08:06:00+02:00,0.05448,0.892595,0.0,0.0
2017-05-30 08:07:00+02:00,0.05143,0.908917,0.0,0.0
2017-05-30 08:08:00+02:00,0.04808,0.895478,0.0,0.0
2017-05-30 08:09:00+02:00,0.05064,0.883631,0.0,0.0
2017-05-30 08:10:00+02:00,0.0481,0.909652,0.0,0.0
2017-05-30 08:11:00+02:00,0.04974,0.932027,0.0,0.0
2017-05-30 08:12:00+02:00,0.05013,0.942278,0.0,0.0
2017-05-30 08:13:00+02:00,0.04709,0.946571,0.0,0.0
2017-05-30 08:14:00+02:00,0.0467,0.952886,0.0,0.0
2017-05-30 08:15:00+02:00,0.04749,0.959368,0.0,0.0
2017-05-30 08:16:00+02:00,0.04785,0.962809,0.0,0.0
2017-05-30 08:17:00+02:00,0.05208,0.968159,0.0,0.0
2017-05-30 08:18:00+02:00,0.05516,0.972171,0.0,0.0
2017-05-30 08:19:00+02:00,0.05206,0.977326,0.0,0.0
2017-05-30 08:20:00+02:00,0.04886,0.988418,0.0,0.0
2017-05-30 08:21:00+02:00,0.04562,0.996968,0.0,0.0
2017-05-30 08:22:00+02:00,0.03911,1.002348,0.0,0.0
2017-05-30 08:23:00+02:00,0.03843,1.007653,0.0,0.0
2017-05-30 08:24:00+02:00,0.03521,1.012617,0.0,0.0
2017-05-30 08:25:00+02:00,0.03836,1.01416,0.0,0.0
2017-05-30 08:26:00+02:00,0.04204,1.021837,0.0,0.0
2017-05-30 08:27:00+02:00,0.0417,1.026643,0.0,0.0
2017-05-30 08:28:00+02:00,0.04113,1.020452,0.0,0.0
2017-05-30 08:29:00+02:00,0.04144,1.026034,0.0,0.0
2017-05-30 08:30:00+02:00,0.04146,1.031855,0.0,0.0
2017-05-30 08:31:00+02:00,0.0401,1.033004,0.0,0.0
2017-05-30 08:32:00+02:00,0.04368,1.040143,0.0,0.0
2017-05-30 08:33:00+02:00,0.04458,1.028313,0.0,0.0
2017-05-30 08:34:00+02:00,0.04794,1.041926,0.0,0.0
2017-05-30 08:35:00+02:00,0.05113,1.056605,0.0,0.0
2017-05-30 08:36:00+02:00,0.04881,1.066522,0.0,0.0
2017-05-30 08:37:00+02:00,0.05348,1.089747,0.0,0.0
2017-05-30 08:38:00+02:00,0.05096,1.120468,0.0,0.0
2017-05-30 08:39:00+02:00,0.05034,1.142347,0.0,0.0
2017-05-30 08:40:00+02:00,0.04564,1.17319,0.0,0.0
2017-05-30 08:41:00+02:00,0.04097,1.189357,0.0,0.0
2017-05-30 08:42:00+02:00,0.04108,1.168276,0.0,0.0
2017-05-30 08:43:00+02:00,0.0394,1.23815,0.0,0.0
2017-05-30 08:44:00+02:00,0.04047,1.182533,0.0,0.0
2017-05-30 08:45:00+02:00,0.04271,0.852934,0.0,0.0
2017-05-30 08:46:00+02:00,0.0452,1.098306,0.0,0.0
2017-05-30 08:47:00+02:00,0.0418,1.360418,0.0,0.0
2017-05-30 08:48:00+02:00,0.04253,1.183941,0.0,0.0
2017-05-30 08:49:00+02:00,0.04195,0.925965,0.0,0.0
2017-05-30 08:50:00+02:00,0.04325,0.745481,0.0,0.0
2017-05-30 08:51:00+02:00,0.04419,1.038044,0.0,0.0
2017-05-30 08:52:00+02:00,0.04331,1.275633,0.0,0.0
2017-05-30 08:53:00+02:00,0.04328,1.007478,0.0,0.0
2017-05-30 08:54:00+02:00,0.04791,0.924178,0.0,0.0
2017-05-30 08:55:00+02:00,0.04686,0.774398,0.0,0.0
2017-05-30 08:56:00+02:00,0.0415,0.71021,0.0,0.0
2017-05-30 08:57:00+02:00,0.03838,0.615262,0.0,0.0
2017-05-30 08:58:00+02:00,0.04126,0.674638,0.0,0.0
2017-05-30 08:59:00+02:00,0.04095,1.081516,0.0,0.0
2017-05-30 09:00:00+02:00,0.0408,1.266844,0.0,0.0
2017-05-30 09:01:00+02:00,0.04887,1.258389,0.0,0.0
2017-05-30 09:02:00+02:00,0.04475,0.939742,0.0,0.0
2017-05-30 09:03:00+02:00,0.04878,1.077926,0.0,0.0
2017-05-30 09:04:00+02:00,0.04953,1.368767,0.0,0.0
2017-05-30 09:05:00+02:00,0.05521,1.117931,0.0,0.0
2017-05-30 09:06:00+02:00,0.05458,1.252089,0.0,0.0
2017-05-30 09:07:00+02:00,0.05502,1.229461,0.0,0.0
2017-05-30 09:08:00+02:00,0.05112,1.133084,0.0,0.0
2017-05-30 09:09:00+02:00,0.05016,1.313951,0.0,0.0
2017-05-30 09:10:00+02:00,0.05184,1.039673,0.0,0.0
2017-05-30 09:11:00+02:00,0.04954,1.206405,0.0,0.0
2017-05-30 09:12:00+02:00,0.04805,1.218312,0.0,0.0
2017-05-30 09:13:00+02:00,0.04445,1.332526,0.0,0.0
2017-05-30 09:14:00+02:00,0.0451,1.351098,0.0,0.0
2017-05-30 09:15:00+02:00,0.04583,1.364771,0.0,0.0
2017-05-30 09:16:00+02:00,0.04687,1.373445,0.0,0.0
2017-05-30 09:17:00+02:00,0.04578,1.381079,0.0,0.0
2017-05-30 09:18:00+02:00,0.0437,1.390747,0.0,0.0
2017-05-30 09:19:00+02:00,0.043,1.415704,0.0,0.0
2017-05-30 09:20:00+02:00,0.04122,1.450528,0.0,0.0
2017-05-30 09:21:00+02:00,0.04123,1.486831,0.0,0.0
2017-05-30 09:22:00+02:00,0.04292,1.522136,0.0,0.0
2017-05-30 09:23:00+02:00,0.04767,1.545831,0.0,0.0
2017-05-30 09:24:00+02:00,0.04714,1.594735,0.0,0.0
2017-05-30 09:25:00+02:00,0.04541,1.61991,0.0,0.0
2017-05-30 09:26:00+02:00,0.04602,1.670476,0.0,0.0
2017-05-30 09:27:00+02:00,0.04743,1.699459,0.0,0.0
2017-05-30 09:28:00+02:00,0.04655,1.71934,0.0,0.0
2017-05-30 09:29:00+02:00,0.04866,1.478799,0.0,0.0
2017-05-30 09:30:00+02:00,0.05148,1.303762,0.0,0.0
2017-05-30 09:31:00+02:00,0.05245,0.78057,0.0,0.0
2017-05-30 09:32:00+02:00,0.05773,0.748073,0.0,0.0
2017-05-30 09:33:00+02:00,0.05787,0.971095,0.0,0.0
2017-05-30 09:34:00+02:00,0.05856,1.310832,0.0,0.0
2017-05-30 09:35:00+02:00,0.05591,1.094668,0.0,0.0
2017-05-30 09:36:00+02:00,0.05444,0.825961,0.0,0.0
2017-05-30 09:37:00+02:00,0.05544,1.038067,0.0,0.0
2017-05-30 09:38:00+02:00,0.05668,1.509923,0.0,0.0
2017-05-30 09:39:00+02:00,0.05836,1.415363,0.0,0.0
2017-05-30 09:40:00+02:00,0.05411,1.219061,0.0,0.0
2017-05-30 09:41:00+02:00,0.05588,1.182949,0.0,0.0
2017-05-30 09:42:00+02:00,0.05516,1.240263,0.0,0.0
2017-05-30 09:43:00+02:00,0.05379,1.444851,0.0,0.0
2017-05-30 09:44:00+02:00,0.05244,1.559329,0.0,0.0
2017-05-30 09:45:00+02:00,0.05788,1.545505,0.0,0.0
2017-05-30 09:46:00+02:00,0.06822,1.534558,0.0,0.0
2017-05-30 09:47:00+02:00,0.06924,1.327199,0.0,0.0
2017-05-30 09:48:00+02:00,0.07235,1.60119,0.0,0.0
2017-05-30 09:49:00+02:00,0.06995,1.587694,0.0,0.0
2017-05-30 09:50:00+02:00,0.06263,1.635439,0.0,0.0
2017-05-30 09:51:00+02:00,0.05731,1.644653,0.0,0.0
2017-05-30 09:52:00+02:00,0.05898,1.65083,0.0,0.0
2017-05-30 09:53:00+02:00,0.0578,1.687441,0.0,0.0
2017-05-30 09:54:00+02:00,0.06861,1.701853,0.0,0.0
2017-05-30 09:55:00+02:00,0.07605,1.503974,0.0,0.0
2017-05-30 09:56:00+02:00,0.08697,1.23282,0.0,0.0
2017-05-30 09:57:00+02:00,0.08452,1.269878,0.0,0.0
2017-05-30 09:58:00+02:00,0.0816,0.824611,0.0,0.0
2017-05-30 09:59:00+02:00,0.08138,0.822195,0.0,0.0
2017-05-30 10:00:00+02:00,0.08455,1.32586,0.0,0.0
2017-05-30 10:01:00+02:00,0.07858,1.38127,0.0,0.0
2017-05-30 10:02:00+02:00,0.07145,0.812961,0.0,0.0
2017-05-30 10:03:00+02:00,0.07277,1.153796,0.0,0.0
2017-05-30 10:04:00+02:00,0.06638,1.526922,0.0,0.0
2017-05-30 10:05:00+02:00,0.06263,0.873308,0.0,0.0
2017-05-30 10:06:00+02:00,0.05875,0.811381,0.0,0.0
2017-05-30 10:07:00+02:00,0.05228,0.585988,0.0,0.0
2017-05-30 10:08:00+02:00,0.05439,1.507091,0.0,0.0
2017-05-30 10:09:00+02:00,0.05646,1.300851,0.0,0.0
2017-05-30 10:10:00+02:00,0.05534,1.212473,0.0,0.0
2017-05-30 10:11:00+02:00,0.05466,1.012432,0.0,0.0
2017-05-30 10:12:00+02:00,0.05669,1.007831,0.0,0.0
2017-05-30 10:13:00+02:00,0.05964,1.303355,0.0,0.0
2017-05-30 10:14:00+02:00,0.05961,1.629851,0.0,0.0
2017-05-30 10:15:00+02:00,0.05712,1.448852,0.0,0.0
2017-05-30 10:16:00+02:00,0.0525,1.564907,0.0,0.0
2017-05-30 10:17:00+02:00,0.05699,1.060834,0.0,0.0
2017-05-30 10:18:00+02:00,0.05881,1.278448,0.0,0.0
2017-05-30 10:19:00+02:00,0.06039,1.639053,0.0,0.0
2017-05-30 10:20:00+02:00,0.06975,1.692338,0.0,0.0
2017-05-30 10:21:00+02:00,0.06479,1.700352,0.0,0.0
2017-05-30 10:22:00+02:00,0.06224,1.557853,0.0,0.0
2017-05-30 10:23:00+02:00,0.05938,1.392982,0.0,0.0
2017-05-30 10:24:00+02:00,0.0543,1.499229,0.0,0.0
2017-05-30 10:25:00+02:00,0.05477,1.608014,0.0,0.0
2017-05-30 10:26:00+02:00,0.05838,1.657256,0.0,0.0
2017-05-30 10:27:00+02:00,0.06157,1.648678,0.0,0.0
2017-05-30 10:28:00+02:00,0.0665,1.639285,0.0,0.0
2017-05-30 10:29:00+02:00,0.06363,1.630773,0.0,0.0
2017-05-30 10:30:00+02:00,0.06396,1.623159,0.0,0.0
2017-05-30 10:31:00+02:00,0.05922,1.609112,0.0,0.0
2017-05-30 10:32:00+02:00,0.05921,1.550795,0.0,0.0
2017-05-30 10:33:00+02:00,0.06807,1.596047,0.0,0.0
2017-05-30 10:34:00+02:00,0.07279,1.643179,0.0,0.0
2017-05-30 10:35:00+02:00,0.07301,1.65958,0.0,0.0
2017-05-30 10:36:00+02:00,0.07897,1.682743,0.0,0.0
2017-05-30 10:37:00+02:00,0.07366,1.727816,0.0,0.0
2017-05-30 10:38:00+02:00,0.06768,1.795253,0.0,0.0
2017-05-30 10:39:00+02:00,0.07009,1.787409,0.0,0.0
2017-05-30 10:40:00+02:00,0.0702,1.734451,0.0,0.0
2017-05-30 10:41:00+02:00,0.07668,1.794892,0.0,0.0
2017-05-30 10:42:00+02:00,0.08392,1.780297,0.0,0.0
2017-05-30 10:43:00+02:00,0.08954,1.767818,0.0,0.0
2017-05-30 10:44:00+02:00,0.10557,1.750864,0.0,0.0
2017-05-30 10:45:00+02:00,0.10516,1.733375,0.0,0.0
2017-05-30 10:46:00+02:00,0.10923,1.719081,0.0,0.0
2017-05-30 10:47:00+02:00,0.12487,1.710983,0.0,0.0
2017-05-30 10:48:00+02:00,0.11557,1.698592,0.0,0.0
2017-05-30 10:49:00+02:00,0.09616,1.701146,0.0,0.0
2017-05-30 10:50:00+02:00,0.09884,1.691775,0.0,0.0
2017-05-30 10:51:00+02:00,0.08621,1.684219,0.0,0.0
2017-05-30 10:52:00+02:00,0.09147,1.671093,0.0,0.0
2017-05-30 10:53:00+02:00,0.09267,1.67152,0.0,0.0
2017-05-30 10:54:00+02:00,0.09239,1.673766,0.0,0.0
2017-05-30 10:55:00+02:00,0.09298,1.672456,0.0,0.0
2017-05-30 10:56:00+02:00,0.09332,1.680196,0.0,0.0
2017-05-30 10:57:00+02:00,0.10148,1.687498,0.0,0.0
2017-05-30 10:58:00+02:00,0.106,1.688126,0.0,0.0
2017-05-30 10:59:00+02:00,0.09932,1.680923,0.0,0.0
2017-05-30 11:00:00+02:00,0.08757,1.677406,0.0,0.0
2017-05-30 11:01:00+02:00,0.07952,1.688639,0.0,0.0
2017-05-30 11:02:00+02:00,0.08931,1.692567,0.0,0.0
2017-05-30 11:03:00+02:00,0.09066,1.70253,0.0,0.0
2017-05-30 11:04:00+02:00,0.09097,1.719925,0.0,0.0
2017-05-30 11:05:00+02:00,0.09995,1.719497,0.0,0.0
2017-05-30 11:06:00+02:00,0.10752,1.722236,0.0,0.0
2017-05-30 11:07:00+02:00,0.10999,1.731465,0.0,0.0
2017-05-30 11:08:00+02:00,0.10306,1.737416,0.0,0.0
2017-05-30 11:09:00+02:00,0.09604,1.762245,0.0,0.0
2017-05-30 11:10:00+02:00,0.09985,1.084487,0.0,0.0
2017-05-30 11:11:00+02:00,0.10812,1.644226,0.0,0.0
2017-05-30 11:12:00+02:00,0.10234,1.871336,0.0,0.0
2017-05-30 11:13:00+02:00,0.09947,1.946464,0.0,0.0
2017-05-30 11:14:00+02:00,0.10112,1.473509,0.0,0.0
2017-05-30 11:15:00+02:00,0.10176,1.902377,0.0,0.0
2017-05-30 11:16:00+02:00,0.10049,1.233101,0.0,0.0
2017-05-30 11:17:00+02:00,0.10664,0.939125,0.0,0.0
2017-05-30 11:18:00+02:00,0.10724,0.899303,0.0,0.0
2017-05-30 11:19:00+02:00,0.08819,1.060859,0.0,0.0
2017-05-30 11:20:00+02:00,0.09233,0.971197,0.0,0.0
2017-05-30 11:21:00+02:00,0.08434,0.987221,0.0,0.0
2017-05-30 11:22:00+02:00,0.08248,1.049022,0.0,0.0
2017-05-30 11:23:00+02:00,0.08348,1.303258,0.0,0.0
2017-05-30 11:24:00+02:00,0.08106,1.223091,0.0,0.0
2017-05-30 11:25:00+02:00,0.07938,1.028432,0.0,0.0
2017-05-30 11:26:00+02:00,0.08521,1.003549,0.0,0.0
2017-05-30 11:27:00+02:00,0.09176,1.00364,0.0,0.0
2017-05-30 11:28:00+02:00,0.09298,1.298466,0.0,0.0
2017-05-30 11:29:00+02:00,0.0863,1.611416,0.0,0.0
2017-05-30 11:30:00+02:00,0.08851,1.703369,0.0,0.0
2017-05-30 11:31:00+02:00,0.08645,1.530117,0.0,0.0
2017-05-30 11:32:00+02:00,0.09346,1.33022,0.0,0.0
2017-05-30 11:33:00+02:00,0.10966,1.179101,0.0,0.0
2017-05-30 11:34:00+02:00,0.11479,1.066964,0.0,0.0
2017-05-30 11:35:00+02:00,0.11972,0.997805,0.0,0.0
2017-05-30 11:36:00+02:00,0.11182,0.967408,0.0,0.0
2017-05-30 11:37:00+02:00,0.10747,0.954583,0.0,0.0
2017-05-30 11:38:00+02:00,0.09958,0.985522,0.0,0.0
2017-05-30 11:39:00+02:00,0.10182,1.156707,0.0,0.0
2017-05-30 11:40:00+02:00,0.0875,1.3207,0.0,0.0
2017-05-30 11:41:00+02:00,0.09159,1.010191,0.0,0.0
2017-05-30 11:42:00+02:00,0.09514,0.992826,0.0,0.0
2017-05-30 11:43:00+02:00,0.08941,1.5637,0.0,0.0
2017-05-30 11:44:00+02:00,0.08901,1.641386,0.0,0.0
2017-05-30 11:45:00+02:00,0.09413,1.990064,0.0,0.0
2017-05-30 11:46:00+02:00,0.0935,1.97161,0.0,0.0
2017-05-30 11:47:00+02:00,0.08464,1.920508,0.0,0.0
2017-05-30 11:48:00+02:00,0.07825,1.881301,0.0,0.0
2017-05-30 11:49:00+02:00,0.08483,1.879787,0.0,0.0
2017-05-30 11:50:00+02:00,0.09084,1.874761,0.0,0.0
2017-05-30 11:51:00+02:00,0.08917,1.882327,0.0,0.0
2017-05-30 11:52:00+02:00,0.0862,1.874342,0.0,0.0
2017-05-30 11:53:00+02:00,0.08762,1.862635,0.0,0.0
2017-05-30 11:54:00+02:00,0.09427,1.857726,0.0,0.0
2017-05-30 11:55:00+02:00,0.09425,1.865079,0.0,0.0
2017-05-30 11:56:00+02:00,0.09365,1.859461,0.0,0.0
2017-05-30 11:57:00+02:00,0.08871,1.849376,0.0,0.0
2017-05-30 11:58:00+02:00,0.0954,1.856023,0.0,0.0
2017-05-30 11:59:00+02:00,0.09861,1.281436,0.0,0.0
2017-05-30 12:00:00+02:00,0.09849,0.426287,0.0,0.0
2017-05-30 12:01:00+02:00,0.09332,0.32083,0.0,0.0
2017-05-30 12:02:00+02:00,0.09187,0.268261,0.0,0.0
2017-05-30 12:03:00+02:00,0.09319,0.246278,0.0,0.0
2017-05-30 12:04:00+02:00,0.09119,0.229711,0.0,0.0
2017-05-30 12:05:00+02:00,0.09543,0.220153,0.0,0.0
2017-05-30 12:06:00+02:00,0.09387,0.219515,0.0,0.0
2017-05-30 12:07:00+02:00,0.08028,0.228755,0.0,0.0
2017-05-30 12:08:00+02:00,0.07633,0.249464,0.0,0.0
2017-05-30 12:09:00+02:00,0.07763,0.28451,0.0,0.0
2017-05-30 12:10:00+02:00,0.08106,0.338872,0.0,0.0
2017-05-30 12:11:00+02:00,0.09285,0.417442,0.0,0.0
2017-05-30 12:12:00+02:00,0.09213,0.517257,0.0,0.0
2017-05-30 12:13:00+02:00,0.09301,0.679556,0.0,0.0
2017-05-30 12:14:00+02:00,0.09601,1.752642,0.0,0.0
2017-05-30 12:15:00+02:00,0.09992,1.134877,0.0,0.0
2017-05-30 12:16:00+02:00,0.10817,0.969743,0.0,0.0
2017-05-30 12:17:00+02:00,0.1133,0.481984,0.0,0.0
2017-05-30 12:18:00+02:00,0.11408,0.403643,0.0,0.0
2017-05-30 12:19:00+02:00,0.11005,0.33701,0.0,0.0
2017-05-30 12:20:00+02:00,0.10528,0.328099,0.0,0.0
2017-05-30 12:21:00+02:00,0.10114,0.355343,0.0,0.0
2017-05-30 12:22:00+02:00,0.09134,0.418973,0.0,0.0
2017-05-30 12:23:00+02:00,0.09932,0.481592,0.0,0.0
2017-05-30 12:24:00+02:00,0.0985,0.532318,0.0,0.0
2017-05-30 12:25:00+02:00,0.10734,0.561758,0.0,0.0
2017-05-30 12:26:00+02:00,0.11697,0.569005,0.0,0.0
2017-05-30 12:27:00+02:00,0.1114,0.569619,0.0,0.0
2017-05-30 12:28:00+02:00,0.10792,0.585695,0.0,0.0
2017-05-30 12:29:00+02:00,0.10881,0.62485,0.0,0.0
2017-05-30 12:30:00+02:00,0.11044,0.617135,0.0,0.0
2017-05-30 12:31:00+02:00,0.10694,0.54115,0.0,0.0
2017-05-30 12:32:00+02:00,0.11127,0.463453,0.0,0.0
2017-05-30 12:33:00+02:00,0.11266,0.446027,0.0,0.0
2017-05-30 12:34:00+02:00,0.11365,0.41499,0.0,0.0
2017-05-30 12:35:00+02:00,0.11702,0.376643,0.0,0.0
2017-05-30 12:36:00+02:00,0.11425,0.334384,0.0,0.0
2017-05-30 12:37:00+02:00,0.11717,0.284035,0.0,0.0
2017-05-30 12:38:00+02:00,0.11759,0.240201,0.0,0.0
2017-05-30 12:39:00+02:00,0.11845,0.206878,0.0,0.0
2017-05-30 12:40:00+02:00,0.12164,0.175304,0.0,0.0
2017-05-30 12:41:00+02:00,0.13184,0.142931,0.0,0.0
2017-05-30 12:42:00+02:00,0.12585,0.133493,0.0,0.0
2017-05-30 12:43:00+02:00,0.14382,0.149105,0.0,0.0
2017-05-30 12:44:00+02:00,0.13541,0.156114,0.0,0.0
2017-05-30 12:45:00+02:00,0.13168,0.163442,0.0,0.0
2017-05-30 12:46:00+02:00,0.13236,0.172044,0.0,0.0
2017-05-30 12:47:00+02:00,0.13039,0.172681,0.0,0.0
2017-05-30 12:48:00+02:00,0.12216,0.174593,0.0,0.0
2017-05-30 12:49:00+02:00,0.10583,0.195302,0.0,0.0
2017-05-30 12:50:00+02:00,0.10495,0.20486,0.0,0.0
2017-05-30 12:51:00+02:00,0.10454,0.207409,0.0,0.0
2017-05-30 12:52:00+02:00,0.10159,0.208019,0.0,0.0
2017-05-30 12:53:00+02:00,0.0989,0.205544,0.0,0.0
2017-05-30 12:54:00+02:00,0.10302,0.190359,0.0,0.0
2017-05-30 12:55:00+02:00,0.1121,0.156645,0.0,0.0
2017-05-30 12:56:00+02:00,0.10651,0.112271,0.0,0.0
2017-05-30 12:57:00+02:00,0.10669,0.062935,0.0,0.0
2017-05-30 12:58:00+02:00,0.10243,0.02527,0.0,0.0
2017-05-30 12:59:00+02:00,0.11817,0.00274,0.0,0.0
2017-05-30 13:00:00+02:00,0.11918,0.0,0.0,0.0
2017-05-30 13:01:00+02:00,0.12411,0.0,0.0,0.0
2017-05-30 13:02:00+02:00,0.11602,0.0,0.0,0.0
2017-05-30 13:03:00+02:00,0.10931,0.0,0.0,0.0
2017-05-30 13:04:00+02:00,0.11936,0.0,0.0,0.0
2017-05-30 13:05:00+02:00,0.1297,0.0,0.0,0.0
2017-05-30 13:06:00+02:00,0.12229,0.0,0.0,0.0
2017-05-30 13:07:00+02:00,0.1164,0.0,0.0,0.0
2017-05-30 13:08:00+02:00,0.11427,0.0,0.0,0.0
2017-05-30 13:09:00+02:00,0.11836,0.0,0.0,0.0
2017-05-30 13:10:00+02:00,0.12121,0.0,0.0,0.0
2017-05-30 13:11:00+02:00,0.12207,0.0,0.0,0.0
2017-05-30 13:12:00+02:00,0.11967,0.0,0.0,0.0
2017-05-30 13:13:00+02:00,0.1223,0.0,0.0,0.0
2017-05-30 13:14:00+02:00,0.12732,0.0,0.0,0.0
2017-05-30 13:15:00+02:00,0.12496,0.000153,0.0,0.0
2017-05-30 13:16:00+02:00,0.12384,0.006212,0.0,0.0
2017-05-30 13:17:00+02:00,0.11582,0.010026,0.0,0.0
2017-05-30 13:18:00+02:00,0.10532,0.011025,0.0,0.0
2017-05-30 13:19:00+02:00,0.10247,0.011558,0.0,0.0
2017-05-30 13:20:00+02:00,0.11651,0.008113,0.0,0.0
2017-05-30 13:21:00+02:00,0.11059,0.010894,0.0,0.0
2017-05-30 13:22:00+02:00,0.11039,0.016762,0.0,0.0
2017-05-30 13:23:00+02:00,0.11473,0.018886,0.0,0.0
2017-05-30 13:24:00+02:00,0.1083,0.021708,0.0,0.0
2017-05-30 13:25:00+02:00,0.10948,0.022142,0.0,0.0
2017-05-30 13:26:00+02:00,0.11831,0.02191,0.0,0.0
2017-05-30 13:27:00+02:00,0.12195,0.021771,0.0,0.0
2017-05-30 13:28:00+02:00,0.12195,0.021845,0.0,0.0
2017-05-30 13:29:00+02:00,0.12559,0.023324,0.0,0.0
2017-05-30 13:30:00+02:00,0.1252,0.024088,0.0,0.0
2017-05-30 13:31:00+02:00,0.12572,0.024995,0.0,0.0
2017-05-30 13:32:00+02:00,0.1134,0.025654,0.0,0.0
2017-05-30 13:33:00+02:00,0.11441,0.026975,0.0,0.0
2017-05-30 13:34:00+02:00,0.11978,0.028084,0.0,0.0
2017-05-30 13:35:00+02:00,0.11627,0.029329,0.0,0.0
2017-05-30 13:36:00+02:00,0.10303,0.031028,0.0,0.0
2017-05-30 13:37:00+02:00,0.09686,0.032197,0.0,0.0
2017-05-30 13:38:00+02:00,0.08864,0.033332,0.0,0.0
2017-05-30 13:39:00+02:00,0.09499,0.0362,0.0,0.0
2017-05-30 13:40:00+02:00,0.10118,0.03951,0.0,0.0
2017-05-30 13:41:00+02:00,0.1006,0.042448,0.0,0.0
2017-05-30 13:42:00+02:00,0.10828,0.046805,0.0,0.0
2017-05-30 13:43:00+02:00,0.10311,0.052189,0.0,0.0
2017-05-30 13:44:00+02:00,0.1047,0.058727,0.0,0.0
2017-05-30 13:45:00+02:00,0.10329,0.066391,0.0,0.0
2017-05-30 13:46:00+02:00,0.10754,0.076541,0.0,0.0
2017-05-30 13:47:00+02:00,0.10456,0.086692,0.0,0.0
2017-05-30 13:48:00+02:00,0.0917,0.097384,0.0,0.0
2017-05-30 13:49:00+02:00,0.09153,0.107266,0.0,0.0
2017-05-30 13:50:00+02:00,0.09514,0.117886,0.0,0.0
2017-05-30 13:51:00+02:00,0.09422,0.127813,0.0,0.0
2017-05-30 13:52:00+02:00,0.09214,0.136345,0.0,0.0
2017-05-30 13:53:00+02:00,0.09715,0.143356,0.0,0.0
2017-05-30 13:54:00+02:00,0.10468,0.150091,0.0,0.0
2017-05-30 13:55:00+02:00,0.08813,0.156787,0.0,0.0
2017-05-30 13:56:00+02:00,0.10163,0.161145,0.0,0.0
2017-05-30 13:57:00+02:00,0.0884,0.165892,0.0,0.0
2017-05-30 13:58:00+02:00,0.09002,0.170095,0.0,0.0
2017-05-30 13:59:00+02:00,0.09176,0.175342,0.0,0.0
2017-05-30 14:00:00+02:00,0.0925,0.179546,0.0,0.0
2017-05-30 14:01:00+02:00,0.08604,0.183962,0.0,0.0
2017-05-30 14:02:00+02:00,0.0827,0.189968,0.0,0.0
2017-05-30 14:03:00+02:00,0.0975,0.197586,0.0,0.0
2017-05-30 14:04:00+02:00,0.10991,0.201746,0.0,0.0
2017-05-30 14:05:00+02:00,0.11066,0.205549,0.0,0.0
2017-05-30 14:06:00+02:00,0.1023,0.206368,0.0,0.0
2017-05-30 14:07:00+02:00,0.09575,0.205661,0.0,0.0
2017-05-30 14:08:00+02:00,0.09493,0.206368,0.0,0.0
2017-05-30 14:09:00+02:00,0.0952,0.208294,0.0,0.0
2017-05-30 14:10:00+02:00,0.09451,0.209729,0.0,0.0
2017-05-30 14:11:00+02:00,0.09786,0.21202,0.0,0.0
2017-05-30 14:12:00+02:00,0.10043,0.2149,0.0,0.0
2017-05-30 14:13:00+02:00,0.09606,0.219816,0.0,0.0
2017-05-30 14:14:00+02:00,0.09202,0.226818,0.0,0.0
2017-05-30 14:15:00+02:00,0.09185,0.232087,0.0,0.0
2017-05-30 14:16:00+02:00,0.09253,0.238945,0.0,0.0
2017-05-30 14:17:00+02:00,0.09045,0.248825,0.0,0.0
2017-05-30 14:18:00+02:00,0.09287,0.260615,0.0,0.0
2017-05-30 14:19:00+02:00,0.09542,0.275116,0.0,0.0
2017-05-30 14:20:00+02:00,0.09333,0.291753,0.0,0.0
2017-05-30 14:21:00+02:00,0.10187,0.313031,0.0,0.0
2017-05-30 14:22:00+02:00,0.09417,0.336602,0.0,0.0
2017-05-30 14:23:00+02:00,0.09849,0.362165,0.0,0.0
2017-05-30 14:24:00+02:00,0.09996,0.387117,0.0,0.0
2017-05-30 14:25:00+02:00,0.11199,0.411619,0.0,0.0
2017-05-30 14:26:00+02:00,0.10771,0.431816,0.0,0.0
2017-05-30 14:27:00+02:00,0.10983,0.451181,0.0,0.0
2017-05-30 14:28:00+02:00,0.12176,0.468977,0.0,0.0
2017-05-30 14:29:00+02:00,0.13767,0.488664,0.0,0.0
2017-05-30 14:30:00+02:00,0.13648,0.508698,0.0,0.0
2017-05-30 14:31:00+02:00,0.12709,0.530086,0.0,0.0
2017-05-30 14:32:00+02:00,0.12183,0.548167,0.0,0.0
2017-05-30 14:33:00+02:00,0.1274,0.559863,0.0,0.0
2017-05-30 14:34:00+02:00,0.11381,0.563575,0.0,0.0
2017-05-30 14:35:00+02:00,0.1129,0.568271,0.0,0.0
2017-05-30 14:36:00+02:00,0.11264,0.574348,0.0,0.0
2017-05-30 14:37:00+02:00,0.10752,0.582102,0.0,0.0
2017-05-30 14:38:00+02:00,0.09748,0.591575,0.0,0.0
2017-05-30 14:39:00+02:00,0.10338,0.604352,0.0,0.0
2017-05-30 14:40:00+02:00,0.10412,0.620919,0.0,0.0
2017-05-30 14:41:00+02:00,0.10104,0.634437,0.0,0.0
2017-05-30 14:42:00+02:00,0.10551,0.642875,0.0,0.0
2017-05-30 14:43:00+02:00,0.09786,0.648139,0.0,0.0
2017-05-30 14:44:00+02:00,0.0858,0.648032,0.0,0.0
2017-05-30 14:45:00+02:00,0.08971,0.654368,0.0,0.0
2017-05-30 14:46:00+02:00,0.09234,0.665356,0.0,0.0
2017-05-30 14:47:00+02:00,0.09574,0.6752,0.0,0.0
2017-05-30 14:48:00+02:00,0.09744,0.681953,0.0,0.0
2017-05-30 14:49:00+02:00,0.09909,0.685798,0.0,0.0
2017-05-30 14:50:00+02:00,0.09771,0.690548,0.0,0.0
2017-05-30 14:51:00+02:00,0.09202,0.698848,0.0,0.0
2017-05-30 14:52:00+02:00,0.08767,0.708322,0.0,0.0
2017-05-30 14:53:00+02:00,0.09008,0.717606,0.0,0.0
2017-05-30 14:54:00+02:00,0.08355,0.723319,0.0,0.0
2017-05-30 14:55:00+02:00,0.09355,0.731043,0.0,0.0
2017-05-30 14:56:00+02:00,0.09665,0.747103,0.0,0.0
2017-05-30 14:57:00+02:00,0.09009,0.764375,0.0,0.0
2017-05-30 14:58:00+02:00,0.08765,0.770346,0.0,0.0
2017-05-30 14:59:00+02:00,0.08069,0.763169,0.0,0.0
2017-05-30 15:00:00+02:00,0.08101,0.746172,0.0,0.0
2017-05-30 15:01:00+02:00,0.07439,0.731788,0.0,0.0
2017-05-30 15:02:00+02:00,0.07111,0.724117,0.0,0.0
2017-05-30 15:03:00+02:00,0.07432,0.722423,0.0,0.0
2017-05-30 15:04:00+02:00,0.08171,0.730051,0.0,0.0
2017-05-30 15:05:00+02:00,0.0899,0.737856,0.0,0.0
2017-05-30 15:06:00+02:00,0.09784,0.744872,0.0,0.0
2017-05-30 15:07:00+02:00,0.09256,0.757483,0.0,0.0
2017-05-30 15:08:00+02:00,0.09312,0.780759,0.0,0.0
2017-05-30 15:09:00+02:00,0.09877,0.838516,0.0,0.0
2017-05-30 15:10:00+02:00,0.09113,0.915847,0.0,0.0
2017-05-30 15:11:00+02:00,0.08543,0.979421,0.0,0.0
2017-05-30 15:12:00+02:00,0.08882,1.01858,0.0,0.0
2017-05-30 15:13:00+02:00,0.08395,1.032833,0.0,0.0
2017-05-30 15:14:00+02:00,0.0841,1.037587,0.0,0.0
2017-05-30 15:15:00+02:00,0.07801,1.048721,0.0,0.0
2017-05-30 15:16:00+02:00,0.07927,1.065861,0.0,0.0
2017-05-30 15:17:00+02:00,0.08116,1.081795,0.0,0.0
2017-05-30 15:18:00+02:00,0.08815,1.087699,0.0,0.0
2017-05-30 15:19:00+02:00,0.08519,1.15049,0.0,0.0
2017-05-30 15:20:00+02:00,0.084,1.12021,0.0,0.0
2017-05-30 15:21:00+02:00,0.08408,1.06688,0.0,0.0
2017-05-30 15:22:00+02:00,0.0903,0.992855,0.0,0.0
2017-05-30 15:23:00+02:00,0.08799,0.9767,0.0,0.0
2017-05-30 15:24:00+02:00,0.09118,0.969545,0.0,0.0
2017-05-30 15:25:00+02:00,0.0904,0.960379,0.0,0.0
2017-05-30 15:26:00+02:00,0.0864,0.945103,0.0,0.0
2017-05-30 15:27:00+02:00,0.07887,0.929198,0.0,0.0
2017-05-30 15:28:00+02:00,0.07322,0.91647,0.0,0.0
2017-05-30 15:29:00+02:00,0.07797,0.919411,0.0,0.0
2017-05-30 15:30:00+02:00,0.07557,0.936472,0.0,0.0
2017-05-30 15:31:00+02:00,0.08032,0.967997,0.0,0.0
2017-05-30 15:32:00+02:00,0.08228,0.984775,0.0,0.0
2017-05-30 15:33:00+02:00,0.08258,1.017896,0.0,0.0
2017-05-30 15:34:00+02:00,0.08936,1.082837,0.0,0.0
2017-05-30 15:35:00+02:00,0.09284,1.225125,0.0,0.0
2017-05-30 15:36:00+02:00,0.09377,1.078159,0.0,0.0
2017-05-30 15:37:00+02:00,0.09841,1.046255,0.0,0.0
2017-05-30 15:38:00+02:00,0.08492,1.026785,0.0,0.0
2017-05-30 15:39:00+02:00,0.08277,1.022873,0.0,0.0
2017-05-30 15:40:00+02:00,0.08529,1.058499,0.0,0.0
2017-05-30 15:41:00+02:00,0.09125,1.065051,0.0,0.0
2017-05-30 15:42:00+02:00,0.08969,1.116031,0.0,0.0
2017-05-30 15:43:00+02:00,0.10042,1.331467,0.0,0.0
2017-05-30 15:44:00+02:00,0.09731,1.160489,0.0,0.0
2017-05-30 15:45:00+02:00,0.08696,1.030117,0.0,0.0
2017-05-30 15:46:00+02:00,0.08801,0.968517,0.0,0.0
2017-05-30 15:47:00+02:00,0.08516,0.931675,0.0,0.0
2017-05-30 15:48:00+02:00,0.08652,0.909121,0.0,0.0
2017-05-30 15:49:00+02:00,0.09328,0.895021,0.0,0.0
2017-05-30 15:50:00+02:00,0.08953,0.894656,0.0,0.0
2017-05-30 15:51:00+02:00,0.08225,0.880538,0.0,0.0
2017-05-30 15:52:00+02:00,0.08616,0.866471,0.0,0.0
2017-05-30 15:53:00+02:00,0.08682,0.914405,0.0,0.0
2017-05-30 15:54:00+02:00,0.08087,1.098547,0.0,0.0
2017-05-30 15:55:00+02:00,0.07826,1.400492,0.0,0.0
2017-05-30 15:56:00+02:00,0.07537,1.338503,0.0,0.0
2017-05-30 15:57:00+02:00,0.07928,1.183288,0.0,0.0
2017-05-30 15:58:00+02:00,0.07987,1.153643,0.0,0.0
2017-05-30 15:59:00+02:00,0.08078,1.241896,0.0,0.0
2017-05-30 16:00:00+02:00,0.08761,1.307869,0.0,0.0
2017-05-30 16:01:00+02:00,0.09271,1.223125,0.0,0.0
2017-05-30 16:02:00+02:00,0.09128,1.286552,0.0,0.0
2017-05-30 16:03:00+02:00,0.0815,1.441912,0.0,0.0
2017-05-30 16:04:00+02:00,0.07295,1.394033,0.0,0.0
2017-05-30 16:05:00+02:00,0.07488,1.416719,0.0,0.0
2017-05-30 16:06:00+02:00,0.07917,1.7708,0.0,0.0
2017-05-30 16:07:00+02:00,0.07961,1.821119,0.0,0.0
2017-05-30 16:08:00+02:00,0.09038,1.899247,0.0,0.0
2017-05-30 16:09:00+02:00,0.09356,1.870409,0.0,0.0
2017-05-30 16:10:00+02:00,0.08861,1.371141,0.0,0.0
2017-05-30 16:11:00+02:00,0.08961,1.521902,0.0,0.0
2017-05-30 16:12:00+02:00,0.08342,1.709145,0.0,0.0
2017-05-30 16:13:00+02:00,0.08802,1.815953,0.0,0.0
2017-05-30 16:14:00+02:00,0.09285,1.821512,0.0,0.0
2017-05-30 16:15:00+02:00,0.08899,1.852945,0.0,0.0
2017-05-30 16:16:00+02:00,0.08838,1.931711,0.0,0.0
2017-05-30 16:17:00+02:00,0.08473,1.735614,0.0,0.0
2017-05-30 16:18:00+02:00,0.08005,1.370106,0.0,0.0
2017-05-30 16:19:00+02:00,0.07948,1.273592,0.0,0.0
2017-05-30 16:20:00+02:00,0.08002,1.31017,0.0,0.0
2017-05-30 16:21:00+02:00,0.07997,1.233239,0.0,0.0
2017-05-30 16:22:00+02:00,0.06922,1.134574,0.0,0.0
2017-05-30 16:23:00+02:00,0.07345,0.998195,0.0,0.0
2017-05-30 16:24:00+02:00,0.07108,0.926017,0.0,0.0
2017-05-30 16:25:00+02:00,0.07031,0.856134,0.0,0.0
2017-05-30 16:26:00+02:00,0.07313,0.793469,0.0,0.0
2017-05-30 16:27:00+02:00,0.07905,0.765167,0.0,0.0
2017-05-30 16:28:00+02:00,0.07999,0.734663,0.0,0.0
2017-05-30 16:29:00+02:00,0.08704,0.74624,0.0,0.0
2017-05-30 16:30:00+02:00,0.08352,0.761335,0.0,0.0
2017-05-30 16:31:00+02:00,0.08302,0.783707,0.0,0.0
2017-05-30 16:32:00+02:00,0.08389,0.815602,0.0,0.0
2017-05-30 16:33:00+02:00,0.06995,0.864734,0.0,0.0
2017-05-30 16:34:00+02:00,0.06914,0.892219,0.0,0.0
2017-05-30 16:35:00+02:00,0.07066,0.94644,0.0,0.0
2017-05-30 16:36:00+02:00,0.07572,1.027537,0.0,0.0
2017-05-30 16:37:00+02:00,0.07553,1.068608,0.0,0.0
2017-05-30 16:38:00+02:00,0.07502,1.19432,0.0,0.0
2017-05-30 16:39:00+02:00,0.07146,1.462023,0.0,0.0
2017-05-30 16:40:00+02:00,0.076,1.794055,0.0,0.0
2017-05-30 16:41:00+02:00,0.08269,1.509617,0.0,0.0
2017-05-30 16:42:00+02:00,0.08025,1.108037,0.0,0.0
2017-05-30 16:43:00+02:00,0.08447,1.115384,0.0,0.0
2017-05-30 16:44:00+02:00,0.08647,0.989285,0.0,0.0
2017-05-30 16:45:00+02:00,0.08891,1.210225,0.0,0.0
2017-05-30 16:46:00+02:00,0.08549,1.16647,0.0,0.0
2017-05-30 16:47:00+02:00,0.07577,0.971512,0.0,0.0
2017-05-30 16:48:00+02:00,0.06737,1.081964,0.0,0.0
2017-05-30 16:49:00+02:00,0.06604,1.351616,0.0,0.0
2017-05-30 16:50:00+02:00,0.06501,1.181574,0.0,0.0
2017-05-30 16:51:00+02:00,0.06782,0.994819,0.0,0.0
2017-05-30 16:52:00+02:00,0.06976,0.929306,0.0,0.0
2017-05-30 16:53:00+02:00,0.0659,0.997299,0.0,0.0
2017-05-30 16:54:00+02:00,0.06845,1.260365,0.0,0.0
2017-05-30 16:55:00+02:00,0.06709,1.415493,0.0,0.0
2017-05-30 16:56:00+02:00,0.06783,1.354622,0.0,0.0
2017-05-30 16:57:00+02:00,0.06611,1.183536,0.0,0.0
2017-05-30 16:58:00+02:00,0.06297,1.149892,0.0,0.0
2017-05-30 16:59:00+02:00,0.06119,1.368805,0.0,0.0
2017-05-30 17:00:00+02:00,0.05855,1.470532,0.0,0.0
2017-05-30 17:01:00+02:00,0.06711,1.541408,0.0,0.0
2017-05-30 17:02:00+02:00,0.06816,1.518325,0.0,0.0
2017-05-30 17:03:00+02:00,0.06259,1.466194,0.0,0.0
2017-05-30 17:04:00+02:00,0.06643,1.4188,0.0,0.0
2017-05-30 17:05:00+02:00,0.06604,1.331185,0.0,0.0
2017-05-30 17:06:00+02:00,0.06391,0.959665,0.0,0.0
2017-05-30 17:07:00+02:00,0.05956,0.640188,0.0,0.0
2017-05-30 17:08:00+02:00,0.06139,0.713187,0.0,0.0
2017-05-30 17:09:00+02:00,0.06827,1.16284,0.0,0.0
2017-05-30 17:10:00+02:00,0.06588,1.244083,0.0,0.0
2017-05-30 17:11:00+02:00,0.06206,1.310431,0.0,0.0
2017-05-30 17:12:00+02:00,0.063,1.36069,0.0,0.0
2017-05-30 17:13:00+02:00,0.06267,1.367977,0.0,0.0
2017-05-30 17:14:00+02:00,0.06368,1.345316,0.0,0.0
2017-05-30 17:15:00+02:00,0.05698,1.320442,0.0,0.0
2017-05-30 17:16:00+02:00,0.05491,1.307954,0.0,0.0
2017-05-30 17:17:00+02:00,0.07354,1.313257,0.0,0.0
2017-05-30 17:18:00+02:00,0.06794,1.31641,0.0,0.0
2017-05-30 17:19:00+02:00,0.06465,1.302847,0.0,0.0
2017-05-30 17:20:00+02:00,0.06535,1.302066,0.0,0.0
2017-05-30 17:21:00+02:00,0.06231,1.291615,0.0,0.0
2017-05-30 17:22:00+02:00,0.06127,1.271858,0.0,0.0
2017-05-30 17:23:00+02:00,0.06069,1.269218,0.0,0.0
2017-05-30 17:24:00+02:00,0.05989,1.263778,0.0,0.0
2017-05-30 17:25:00+02:00,0.05672,1.252435,0.0,0.0
2017-05-30 17:26:00+02:00,0.05342,1.231648,0.0,0.0
2017-05-30 17:27:00+02:00,0.06225,1.196433,0.0,0.0
2017-05-30 17:28:00+02:00,0.06497,1.176811,0.0,0.0
2017-05-30 17:29:00+02:00,0.06624,1.188518,0.0,0.0
2017-05-30 17:30:00+02:00,0.06627,1.181362,0.0,0.0
2017-05-30 17:31:00+02:00,0.07128,1.163327,0.0,0.0
2017-05-30 17:32:00+02:00,0.07861,1.08941,0.0,0.0
2017-05-30 17:33:00+02:00,0.0758,0.495279,0.0,0.0
2017-05-30 17:34:00+02:00,0.07621,0.469022,0.0,0.0
2017-05-30 17:35:00+02:00,0.07467,0.531223,0.0,0.0
2017-05-30 17:36:00+02:00,0.07365,0.719716,0.0,0.0
2017-05-30 17:37:00+02:00,0.06778,0.655866,0.0,0.0
2017-05-30 17:38:00+02:00,0.06718,0.939964,0.0,0.0
2017-05-30 17:39:00+02:00,0.07009,1.066016,0.0,0.0
2017-05-30 17:40:00+02:00,0.06737,1.049827,0.0,0.0
2017-05-30 17:41:00+02:00,0.06369,1.037219,0.0,0.0
2017-05-30 17:42:00+02:00,0.06576,1.049324,0.0,0.0
2017-05-30 17:43:00+02:00,0.06589,1.045899,0.0,0.0
2017-05-30 17:44:00+02:00,0.06764,1.041102,0.0,0.0
2017-05-30 17:45:00+02:00,0.06257,1.032062,0.0,0.0
2017-05-30 17:46:00+02:00,0.07224,1.025255,0.0,0.0
2017-05-30 17:47:00+02:00,0.07097,1.003127,0.0,0.0
2017-05-30 17:48:00+02:00,0.08073,0.960709,0.0,0.0
2017-05-30 17:49:00+02:00,0.09126,0.937796,0.0,0.0
2017-05-30 17:50:00+02:00,0.09459,0.98528,0.0,0.0
2017-05-30 17:51:00+02:00,0.10003,0.963637,0.0,0.0
2017-05-30 17:52:00+02:00,0.09976,0.912283,0.0,0.0
2017-05-30 17:53:00+02:00,0.0874,0.772411,0.0,0.0
2017-05-30 17:54:00+02:00,0.07732,0.737343,0.0,0.0
2017-05-30 17:55:00+02:00,0.07714,0.777114,0.0,0.0
2017-05-30 17:56:00+02:00,0.07455,0.773993,0.0,0.0
2017-05-30 17:57:00+02:00,0.07448,0.654401,0.0,0.0
2017-05-30 17:58:00+02:00,0.07749,0.563281,0.0,0.0
2017-05-30 17:59:00+02:00,0.07935,0.518715,0.0,0.0
2017-05-30 18:00:00+02:00,0.0742,0.512305,0.0,0.0
2017-05-30 18:01:00+02:00,0.07113,0.543361,0.0,0.0
2017-05-30 18:02:00+02:00,0.06408,0.506653,0.0,0.0
2017-05-30 18:03:00+02:00,0.06944,0.371662,0.0,0.0
2017-05-30 18:04:00+02:00,0.07995,0.329378,0.0,0.0
2017-05-30 18:05:00+02:00,0.08089,0.377555,0.0,0.0
2017-05-30 18:06:00+02:00,0.06833,0.401701,0.0,0.0
2017-05-30 18:07:00+02:00,0.06646,0.377381,0.0,0.0
2017-05-30 18:08:00+02:00,0.07066,0.401796,0.0,0.0
2017-05-30 18:09:00+02:00,0.07102,0.394074,0.0,0.0
2017-05-30 18:10:00+02:00,0.07288,0.36864,0.0,0.0
2017-05-30 18:11:00+02:00,0.07379,0.333477,0.0,0.0
2017-05-30 18:12:00+02:00,0.07112,0.295398,0.0,0.0
2017-05-30 18:13:00+02:00,0.06482,0.284722,0.0,0.0
2017-05-30 18:14:00+02:00,0.06514,0.275816,0.0,0.0
2017-05-30 18:15:00+02:00,0.06556,0.272261,0.0,0.0
2017-05-30 18:16:00+02:00,0.06324,0.266128,0.0,0.0
2017-05-30 18:17:00+02:00,0.06078,0.262253,0.0,0.0
2017-05-30 18:18:00+02:00,0.06616,0.25592,0.0,0.0
2017-05-30 18:19:00+02:00,0.06824,0.250587,0.0,0.0
2017-05-30 18:20:00+02:00,0.07662,0.248621,0.0,0.0
2017-05-30 18:21:00+02:00,0.07718,0.247439,0.0,0.0
2017-05-30 18:22:00+02:00,0.07317,0.245542,0.0,0.0
2017-05-30 18:23:00+02:00,0.07679,0.244062,0.0,0.0
2017-05-30 18:24:00+02:00,0.07345,0.2448,0.0,0.0
2017-05-30 18:25:00+02:00,0.07119,0.246663,0.0,0.0
2017-05-30 18:26:00+02:00,0.07194,0.245831,0.0,0.0
2017-05-30 18:27:00+02:00,0.08704,0.245025,0.0,0.0
2017-05-30 18:28:00+02:00,0.0866,0.244418,0.0,0.0
2017-05-30 18:29:00+02:00,0.07697,0.242597,0.0,0.0
2017-05-30 18:30:00+02:00,0.07215,0.240183,0.0,0.0
2017-05-30 18:31:00+02:00,0.07471,0.236079,0.0,0.0
2017-05-30 18:32:00+02:00,0.07868,0.231329,0.0,0.0
2017-05-30 18:33:00+02:00,0.09051,0.224557,0.0,0.0
2017-05-30 18:34:00+02:00,0.08323,0.216938,0.0,0.0
2017-05-30 18:35:00+02:00,0.07716,0.208526,0.0,0.0
2017-05-30 18:36:00+02:00,0.07827,0.197872,0.0,0.0
2017-05-30 18:37:00+02:00,0.07664,0.187582,0.0,0.0
2017-05-30 18:38:00+02:00,0.07882,0.176071,0.0,0.0
2017-05-30 18:39:00+02:00,0.08662,0.166007,0.0,0.0
2017-05-30 18:40:00+02:00,0.08772,0.155705,0.0,0.0
2017-05-30 18:41:00+02:00,0.07855,0.147217,0.0,0.0
2017-05-30 18:42:00+02:00,0.07224,0.13936,0.0,0.0
2017-05-30 18:43:00+02:00,0.07154,0.13136,0.0,0.0
2017-05-30 18:44:00+02:00,0.07789,0.123948,0.0,0.0
2017-05-30 18:45:00+02:00,0.06957,0.117544,0.0,0.0
2017-05-30 18:46:00+02:00,0.07588,0.111017,0.0,0.0
2017-05-30 18:47:00+02:00,0.07679,0.10453,0.0,0.0
2017-05-30 18:48:00+02:00,0.08632,0.098566,0.0,0.0
2017-05-30 18:49:00+02:00,0.084,0.093087,0.0,0.0
2017-05-30 18:50:00+02:00,0.07841,0.086481,0.0,0.0
2017-05-30 18:51:00+02:00,0.07214,0.07997,0.0,0.0
2017-05-30 18:52:00+02:00,0.07248,0.074572,0.0,0.0
2017-05-30 18:53:00+02:00,0.0704,0.071433,0.0,0.0
2017-05-30 18:54:00+02:00,0.06819,0.068504,0.0,0.0
2017-05-30 18:55:00+02:00,0.07111,0.064924,0.0,0.0
2017-05-30 18:56:00+02:00,0.07728,0.059639,0.0,0.0
2017-05-30 18:57:00+02:00,0.07463,0.053519,0.0,0.0
2017-05-30 18:58:00+02:00,0.07337,0.047799,0.0,0.0
2017-05-30 18:59:00+02:00,0.07079,0.042365,0.0,0.0
2017-05-30 19:00:00+02:00,0.07811,0.036277,0.0,0.0
2017-05-30 19:01:00+02:00,0.08465,0.030602,0.0,0.0
2017-05-30 19:02:00+02:00,0.07575,0.025101,0.0,0.0
2017-05-30 19:03:00+02:00,0.09058,0.01957,0.0,0.0
2017-05-30 19:04:00+02:00,0.0991,0.015145,0.0,0.0
2017-05-30 19:05:00+02:00,0.10073,0.01318,0.0,0.0
2017-05-30 19:06:00+02:00,0.09565,0.012699,0.0,0.0
2017-05-30 19:07:00+02:00,0.09537,0.012091,0.0,0.0
2017-05-30 19:08:00+02:00,0.09557,0.010919,0.0,0.0
2017-05-30 19:09:00+02:00,0.09007,0.010399,0.0,0.0
2017-05-30 19:10:00+02:00,0.07562,0.008242,0.0,0.0
2017-05-30 19:11:00+02:00,0.07327,0.007843,0.0,0.0
2017-05-30 19:12:00+02:00,0.07982,0.006521,0.0,0.0
2017-05-30 19:13:00+02:00,0.07881,0.005683,0.0,0.0
2017-05-30 19:14:00+02:00,0.08128,0.005119,0.0,0.0
2017-05-30 19:15:00+02:00,0.08218,0.006145,0.0,0.0
2017-05-30 19:16:00+02:00,0.08435,0.005801,0.0,0.0
2017-05-30 19:17:00+02:00,0.0908,0.003173,0.0,0.0
2017-05-30 19:18:00+02:00,0.09421,0.004495,0.0,0.0
2017-05-30 19:19:00+02:00,0.09611,0.004014,0.0,0.0
2017-05-30 19:20:00+02:00,0.09865,0.003829,0.0,0.0
2017-05-30 19:21:00+02:00,0.09199,0.005155,0.0,0.0
2017-05-30 19:22:00+02:00,0.09195,0.003809,0.0,0.0
2017-05-30 19:23:00+02:00,0.09633,0.00227,0.0,0.0
2017-05-30 19:24:00+02:00,0.10404,0.001233,0.0,0.0
2017-05-30 19:25:00+02:00,0.10723,0.000319,0.0,0.0
2017-05-30 19:26:00+02:00,0.09818,0.000956,0.0,0.0
2017-05-30 19:27:00+02:00,0.09942,0.002434,0.0,0.0
2017-05-30 19:28:00+02:00,0.0981,0.004142,0.0,0.0
2017-05-30 19:29:00+02:00,0.10355,0.00367,0.0,0.0
2017-05-30 19:30:00+02:00,0.10035,0.000956,0.0,0.0
2017-05-30 19:31:00+02:00,0.11435,0.000319,0.0,0.0
2017-05-30 19:32:00+02:00,0.11153,0.0,0.0,0.0
2017-05-30 19:33:00+02:00,0.105,0.0,0.0,0.0
2017-05-30 19:34:00+02:00,0.10362,0.001816,0.0,0.0
2017-05-30 19:35:00+02:00,0.09843,0.002077,0.0,0.0
2017-05-30 19:36:00+02:00,0.09879,0.001993,0.0,0.0
2017-05-30 19:37:00+02:00,0.09922,0.003776,0.0,0.0
2017-05-30 19:38:00+02:00,0.09713,0.00522,0.0,0.0
2017-05-30 19:39:00+02:00,0.1035,0.007029,0.0,0.0
2017-05-30 19:40:00+02:00,0.10964,0.00686,0.0,0.0
2017-05-30 19:41:00+02:00,0.11121,0.009805,0.0,0.0
2017-05-30 19:42:00+02:00,0.11088,0.009488,0.0,0.0
2017-05-30 19:43:00+02:00,0.11485,0.011513,0.0,0.0
2017-05-30 19:44:00+02:00,0.12102,0.011358,0.0,0.0
2017-05-30 19:45:00+02:00,0.1178,0.012929,0.0,0.0
2017-05-30 19:46:00+02:00,0.11027,0.014301,0.0,0.0
2017-05-30 19:47:00+02:00,0.10443,0.013077,0.0,0.0
2017-05-30 19:48:00+02:00,0.10121,0.014657,0.0,0.0
2017-05-30 19:49:00+02:00,0.0981,0.012749,0.0,0.0
2017-05-30 19:50:00+02:00,0.09948,0.012658,0.0,0.0
2017-05-30 19:51:00+02:00,0.10114,0.012049,0.0,0.0
2017-05-30 19:52:00+02:00,0.09715,0.011914,0.0,0.0
2017-05-30 19:53:00+02:00,0.0968,0.011583,0.0,0.0
2017-05-30 19:54:00+02:00,0.09111,0.010413,0.0,0.0
2017-05-30 19:55:00+02:00,0.09839,0.011939,0.0,0.0
2017-05-30 19:56:00+02:00,0.1042,0.012528,0.0,0.0
2017-05-30 19:57:00+02:00,0.09301,0.010946,0.0,0.0
2017-05-30 19:58:00+02:00,0.09812,0.010937,0.0,0.0
2017-05-30 19:59:00+02:00,0.09892,0.011702,0.0,0.0
2017-05-30 20:00:00+02:00,0.10707,0.012733,0.0,0.0
2017-05-30 20:01:00+02:00,0.11091,0.010913,0.0,0.0
2017-05-30 20:02:00+02:00,0.10582,0.011511,0.0,0.0
2017-05-30 20:03:00+02:00,0.10576,0.011475,0.0,0.0
2017-05-30 20:04:00+02:00,0.11278,0.011736,0.0,0.0
2017-05-30 20:05:00+02:00,0.1083,0.010741,0.0,0.0
2017-05-30 20:06:00+02:00,0.10361,0.010152,0.0,0.0
2017-05-30 20:07:00+02:00,0.10394,0.011615,0.0,0.0
2017-05-30 20:08:00+02:00,0.09987,0.010939,0.0,0.0
2017-05-30 20:09:00+02:00,0.10094,0.01019,0.0,0.0
2017-05-30 20:10:00+02:00,0.10365,0.009734,0.0,0.0
2017-05-30 20:11:00+02:00,0.10776,0.007672,0.0,0.0
2017-05-30 20:12:00+02:00,0.10707,0.008503,0.0,0.0
2017-05-30 20:13:00+02:00,0.11518,0.007009,0.0,0.0
2017-05-30 20:14:00+02:00,0.10956,0.007693,0.0,0.0
2017-05-30 20:15:00+02:00,0.11177,0.006458,0.0,0.0
2017-05-30 20:16:00+02:00,0.10162,0.006725,0.0,0.0
2017-05-30 20:17:00+02:00,0.09835,0.007366,0.0,0.0
2017-05-30 20:18:00+02:00,0.10392,0.007711,0.0,0.0
2017-05-30 20:19:00+02:00,0.10736,0.006977,0.0,0.0
2017-05-30 20:20:00+02:00,0.101,0.007787,0.0,0.0
2017-05-30 20:21:00+02:00,0.10122,0.00689,0.0,0.0
2017-05-30 20:22:00+02:00,0.09353,0.006934,0.0,0.0
2017-05-30 20:23:00+02:00,0.09009,0.007592,0.0,0.0
2017-05-30 20:24:00+02:00,0.08856,0.006376,0.0,0.0
2017-05-30 20:25:00+02:00,0.09374,0.006314,0.0,0.0
2017-05-30 20:26:00+02:00,0.09566,0.005328,0.0,0.0
2017-05-30 20:27:00+02:00,0.09928,0.006242,0.0,0.0
2017-05-30 20:28:00+02:00,0.10027,0.004302,0.0,0.0
2017-05-30 20:29:00+02:00,0.09926,0.0049,0.0,0.0
2017-05-30 20:30:00+02:00,0.09932,0.003701,0.0,0.0
2017-05-30 20:31:00+02:00,0.09141,0.006646,0.0,0.0
2017-05-30 20:32:00+02:00,0.08653,0.00432,0.0,0.0
2017-05-30 20:33:00+02:00,0.09915,0.00504,0.0,0.0
2017-05-30 20:34:00+02:00,0.10477,0.00374,0.0,0.0
2017-05-30 20:35:00+02:00,0.10157,0.003294,0.0,0.0
2017-05-30 20:36:00+02:00,0.09062,0.004298,0.0,0.0
2017-05-30 20:37:00+02:00,0.09178,0.00306,0.0,0.0
2017-05-30 20:38:00+02:00,0.09066,0.001361,0.0,0.0
2017-05-30 20:39:00+02:00,0.0927,0.001361,0.0,0.0
2017-05-30 20:40:00+02:00,0.09054,0.00162,0.0,0.0
2017-05-30 20:41:00+02:00,0.07995,0.0,0.0,0.0
2017-05-30 20:42:00+02:00,0.07312,0.0,0.0,0.0
2017-05-30 20:43:00+02:00,0.0744,0.0,0.0,0.0
2017-05-30 20:44:00+02:00,0.07769,0.0,0.0,0.0
2017-05-30 20:45:00+02:00,0.076,0.0,0.0,0.0
2017-05-30 20:46:00+02:00,0.07078,0.0,0.0,0.0
2017-05-30 20:47:00+02:00,0.06858,0.0,0.0,0.0
2017-05-30 20:48:00+02:00,0.0749,0.0,0.0,0.0
2017-05-30 20:49:00+02:00,0.08252,0.0,0.0,0.0
2017-05-30 20:50:00+02:00,0.08947,0.0,0.0,0.0
2017-05-30 20:51:00+02:00,0.09306,0.0,0.0,0.0
2017-05-30 20:52:00+02:00,0.09657,0.0,0.0,0.0
2017-05-30 20:53:00+02:00,0.09218,0.0,0.0,0.0
2017-05-30 20:54:00+02:00,0.08598,0.0,0.0,0.0
2017-05-30 20:55:00+02:00,0.09415,0.0,0.0,0.0
2017-05-30 20:56:00+02:00,0.09847,0.0,0.0,0.0
2017-05-30 20:57:00+02:00,0.08993,0.0,0.0,0.0
2017-05-30 20:58:00+02:00,0.08193,0.0,0.0,0.0
2017-05-30 20:59:00+02:00,0.0859,0.0,0.0,0.0
2017-05-30 21:00:00+02:00,0.08954,0.0,0.0,0.0
2017-05-30 21:01:00+02:00,0.08836,0.0,0.0,0.0
2017-05-30 21:02:00+02:00,0.08307,0.0,0.0,0.0
2017-05-30 21:03:00+02:00,0.08197,0.0,0.0,0.0
2017-05-30 21:04:00+02:00,0.08684,0.0,0.0,0.0
2017-05-30 21:05:00+02:00,0.10036,0.0,0.0,0.0
2017-05-30 21:06:00+02:00,0.1011,0.0,0.0,0.0
2017-05-30 21:07:00+02:00,0.10707,0.0,0.0,0.0
2017-05-30 21:08:00+02:00,0.1055,0.0,0.0,0.0
2017-05-30 21:09:00+02:00,0.10738,0.0,0.0,0.0
2017-05-30 21:10:00+02:00,0.10473,0.0,0.0,0.0
2017-05-30 21:11:00+02:00,0.10167,0.0,0.0,0.0
2017-05-30 21:12:00+02:00,0.09906,0.0,0.0,0.0
2017-05-30 21:13:00+02:00,0.09931,0.0,0.0,0.0
2017-05-30 21:14:00+02:00,0.09787,0.0,0.0,0.0
2017-05-30 21:15:00+02:00,0.10571,0.0,0.0,0.0
2017-05-30 21:16:00+02:00,0.10533,0.0,0.0,0.0
2017-05-30 21:17:00+02:00,0.10439,0.0,0.0,0.0
2017-05-30 21:18:00+02:00,0.1005,0.0,0.0,0.0
2017-05-30 21:19:00+02:00,0.09954,0.0,0.0,0.0
2017-05-30 21:20:00+02:00,0.10188,0.0,0.0,0.0
2017-05-30 21:21:00+02:00,0.10417,0.0,0.0,0.0
2017-05-30 21:22:00+02:00,0.09661,0.0,0.0,0.0
2017-05-30 21:23:00+02:00,0.0891,0.0,0.0,0.0
2017-05-30 21:24:00+02:00,0.07699,0.0,0.0,0.0
2017-05-30 21:25:00+02:00,0.0769,0.0,0.0,0.0
2017-05-30 21:26:00+02:00,0.07676,0.0,0.0,0.0
2017-05-30 21:27:00+02:00,0.07294,0.0,0.0,0.0
2017-05-30 21:28:00+02:00,0.07809,0.0,0.0,0.0
2017-05-30 21:29:00+02:00,0.08454,0.0,0.0,0.0
2017-05-30 21:30:00+02:00,0.0861,0.0,0.0,0.0
2017-05-30 21:31:00+02:00,0.08315,0.0,0.0,0.0
2017-05-30 21:32:00+02:00,0.08247,0.0,0.0,0.0
2017-05-30 21:33:00+02:00,0.08238,0.0,0.0,0.0
2017-05-30 21:34:00+02:00,0.08389,0.0,0.0,0.0
2017-05-30 21:35:00+02:00,0.09153,0.0,0.0,0.0
2017-05-30 21:36:00+02:00,0.08863,0.0,0.0,0.0
2017-05-30 21:37:00+02:00,0.08414,0.0,0.0,0.0
2017-05-30 21:38:00+02:00,0.08634,0.0,0.0,0.0
2017-05-30 21:39:00+02:00,0.08933,0.0,0.0,0.0
2017-05-30 21:40:00+02:00,0.08533,0.0,0.0,0.0
2017-05-30 21:41:00+02:00,0.07819,0.0,0.0,0.0
2017-05-30 21:42:00+02:00,0.08662,0.0,0.0,0.0
2017-05-30 21:43:00+02:00,0.08587,0.0,0.0,0.0
2017-05-30 21:44:00+02:00,0.07981,0.0,0.0,0.0
2017-05-30 21:45:00+02:00,0.07551,0.0,0.0,0.0
2017-05-30 21:46:00+02:00,0.08717,0.0,0.0,0.0
2017-05-30 21:47:00+02:00,0.09038,0.0,0.0,0.0
2017-05-30 21:48:00+02:00,0.08861,0.0,0.0,0.0
2017-05-30 21:49:00+02:00,0.08156,0.0,0.0,0.0
2017-05-30 21:50:00+02:00,0.07891,0.0,0.0,0.0
2017-05-30 21:51:00+02:00,0.07889,0.0,0.0,0.0
2017-05-30 21:52:00+02:00,0.07657,0.0,0.0,0.0
2017-05-30 21:53:00+02:00,0.07991,0.0,0.0,0.0
2017-05-30 21:54:00+02:00,0.07988,0.0,0.0,0.0
2017-05-30 21:55:00+02:00,0.08361,0.0,0.0,0.0
2017-05-30 21:56:00+02:00,0.07839,0.0,0.0,0.0
2017-05-30 21:57:00+02:00,0.07703,0.0,0.0,0.0
2017-05-30 21:58:00+02:00,0.07366,0.0,0.0,0.0
2017-05-30 21:59:00+02:00,0.07424,0.0,0.0,0.0
2017-05-30 22:00:00+02:00,0.08064,0.0,0.0,0.0
2017-05-30 22:01:00+02:00,0.0806,0.0,0.0,0.0
2017-05-30 22:02:00+02:00,0.07742,0.0,0.0,0.0
2017-05-30 22:03:00+02:00,0.07444,0.0,0.0,0.0
2017-05-30 22:04:00+02:00,0.07667,0.0,0.0,0.0
2017-05-30 22:05:00+02:00,0.07817,0.0,0.0,0.0
2017-05-30 22:06:00+02:00,0.08172,0.0,0.0,0.0
2017-05-30 22:07:00+02:00,0.07636,0.0,0.0,0.0
2017-05-30 22:08:00+02:00,0.07851,0.0,0.0,0.0
2017-05-30 22:09:00+02:00,0.07979,0.0,0.0,0.0
2017-05-30 22:10:00+02:00,0.08887,0.0,0.0,0.0
2017-05-30 22:11:00+02:00,0.08473,0.0,0.0,0.0
2017-05-30 22:12:00+02:00,0.08227,0.0,0.0,0.0
2017-05-30 22:13:00+02:00,0.09226,0.0,0.0,0.0
2017-05-30 22:14:00+02:00,0.08441,0.0,0.0,0.0
2017-05-30 22:15:00+02:00,0.07906,0.0,0.0,0.0
2017-05-30 22:16:00+02:00,0.08329,0.0,0.0,0.0
2017-05-30 22:17:00+02:00,0.08151,0.0,0.0,0.0
2017-05-30 22:18:00+02:00,0.07842,0.0,0.0,0.0
2017-05-30 22:19:00+02:00,0.07638,0.0,0.0,0.0
2017-05-30 22:20:00+02:00,0.07562,0.0,0.0,0.0
2017-05-30 22:21:00+02:00,0.084,0.0,0.0,0.0
2017-05-30 22:22:00+02:00,0.08635,0.0,0.0,0.0
2017-05-30 22:23:00+02:00,0.08743,0.0,0.0,0.0
2017-05-30 22:24:00+02:00,0.08305,0.0,0.0,0.0
2017-05-30 22:25:00+02:00,0.0871,0.0,0.0,0.0
2017-05-30 22:26:00+02:00,0.08819,0.0,0.0,0.0
2017-05-30 22:27:00+02:00,0.08179,0.0,0.0,0.0
2017-05-30 22:28:00+02:00,0.07857,0.0,0.0,0.0
2017-05-30 22:29:00+02:00,0.07603,0.0,0.0,0.0
2017-05-30 22:30:00+02:00,0.07826,0.0,0.0,0.0
2017-05-30 22:31:00+02:00,0.08392,0.0,0.0,0.0
2017-05-30 22:32:00+02:00,0.08773,0.0,0.0,0.0
2017-05-30 22:33:00+02:00,0.0832,0.0,0.0,0.0
2017-05-30 22:34:00+02:00,0.07381,0.0,0.0,0.0
2017-05-30 22:35:00+02:00,0.07716,0.0,0.0,0.0
2017-05-30 22:36:00+02:00,0.07893,0.0,0.0,0.0
2017-05-30 22:37:00+02:00,0.08988,0.0,0.0,0.0
2017-05-30 22:38:00+02:00,0.08685,0.0,0.0,0.0
2017-05-30 22:39:00+02:00,0.08785,0.0,0.0,0.0
2017-05-30 22:40:00+02:00,0.08786,0.0,0.0,0.0
2017-05-30 22:41:00+02:00,0.09331,0.0,0.0,0.0
2017-05-30 22:42:00+02:00,0.09519,0.0,0.0,0.0
2017-05-30 22:43:00+02:00,0.0954,0.0,0.0,0.0
2017-05-30 22:44:00+02:00,0.08421,0.0,0.0,0.0
2017-05-30 22:45:00+02:00,0.08141,0.0,0.0,0.0
2017-05-30 22:46:00+02:00,0.07892,0.0,0.0,0.0
2017-05-30 22:47:00+02:00,0.08033,0.0,0.0,0.0
2017-05-30 22:48:00+02:00,0.07452,0.0,0.0,0.0
2017-05-30 22:49:00+02:00,0.07087,0.0,0.0,0.0
2017-05-30 22:50:00+02:00,0.07485,0.0,0.0,0.0
2017-05-30 22:51:00+02:00,0.07559,0.0,0.0,0.0
2017-05-30 22:52:00+02:00,0.07733,0.0,0.0,0.0
2017-05-30 22:53:00+02:00,0.0818,0.0,0.0,0.0
2017-05-30 22:54:00+02:00,0.08124,0.0,0.0,0.0
2017-05-30 22:55:00+02:00,0.07533,0.0,0.0,0.0
2017-05-30 22:56:00+02:00,0.074,0.0,0.0,0.0
2017-05-30 22:57:00+02:00,0.07496,0.0,0.0,0.0
2017-05-30 22:58:00+02:00,0.07382,0.0,0.0,0.0
2017-05-30 22:59:00+02:00,0.06714,0.0,0.0,0.0
2017-05-30 23:00:00+02:00,0.07039,0.0,0.0,0.0
2017-05-30 23:01:00+02:00,0.069,0.0,0.0,0.0
2017-05-30 23:02:00+02:00,0.0723,0.0,0.0,0.0
2017-05-30 23:03:00+02:00,0.07058,0.0,0.0,0.0
2017-05-30 23:04:00+02:00,0.07457,0.0,0.0,0.0
2017-05-30 23:05:00+02:00,0.06843,0.0,0.0,0.0
2017-05-30 23:06:00+02:00,0.07913,0.0,0.0,0.0
2017-05-30 23:07:00+02:00,0.07013,0.0,0.0,0.0
2017-05-30 23:08:00+02:00,0.0677,0.0,0.0,0.0
2017-05-30 23:09:00+02:00,0.07077,0.0,0.0,0.0
2017-05-30 23:10:00+02:00,0.07075,0.0,0.0,0.0
2017-05-30 23:11:00+02:00,0.0689,0.0,0.0,0.0
2017-05-30 23:12:00+02:00,0.06358,0.0,0.0,0.0
2017-05-30 23:13:00+02:00,0.06123,0.0,0.0,0.0
2017-05-30 23:14:00+02:00,0.06093,0.0,0.0,0.0
2017-05-30 23:15:00+02:00,0.05747,0.0,0.0,0.0
2017-05-30 23:16:00+02:00,0.05761,0.0,0.0,0.0
2017-05-30 23:17:00+02:00,0.06637,0.0,0.0,0.0
2017-05-30 23:18:00+02:00,0.0741,0.0,0.0,0.0
2017-05-30 23:19:00+02:00,0.07278,0.0,0.0,0.0
2017-05-30 23:20:00+02:00,0.06597,0.0,0.0,0.0
2017-05-30 23:21:00+02:00,0.06521,0.0,0.0,0.0
2017-05-30 23:22:00+02:00,0.0678,0.0,0.0,0.0
2017-05-30 23:23:00+02:00,0.06708,0.0,0.0,0.0
2017-05-30 23:24:00+02:00,0.06602,0.0,0.0,0.0
2017-05-30 23:25:00+02:00,0.06334,0.0,0.0,0.0
2017-05-30 23:26:00+02:00,0.06712,0.0,0.0,0.0
2017-05-30 23:27:00+02:00,0.06839,0.0,0.0,0.0
2017-05-30 23:28:00+02:00,0.0704,0.0,0.0,0.0
2017-05-30 23:29:00+02:00,0.07283,0.0,0.0,0.0
2017-05-30 23:30:00+02:00,0.06732,0.0,0.0,0.0
2017-05-30 23:31:00+02:00,0.06486,0.0,0.0,0.0
2017-05-30 23:32:00+02:00,0.05747,0.0,0.0,0.0
2017-05-30 23:33:00+02:00,0.06027,0.0,0.0,0.0
2017-05-30 23:34:00+02:00,0.05873,0.0,0.0,0.0
2017-05-30 23:35:00+02:00,0.05951,0.0,0.0,0.0
2017-05-30 23:36:00+02:00,0.06195,0.0,0.0,0.0
2017-05-30 23:37:00+02:00,0.06112,0.0,0.0,0.0
2017-05-30 23:38:00+02:00,0.05804,0.0,0.0,0.0
2017-05-30 23:39:00+02:00,0.062,0.0,0.0,0.0
2017-05-30 23:40:00+02:00,0.05921,0.0,0.0,0.0
2017-05-30 23:41:00+02:00,0.05585,0.0,0.0,0.0
2017-05-30 23:42:00+02:00,0.06101,0.0,0.0,0.0
2017-05-30 23:43:00+02:00,0.06911,0.0,0.0,0.0
2017-05-30 23:44:00+02:00,0.06653,0.0,0.0,0.0
2017-05-30 23:45:00+02:00,0.0661,0.0,0.0,0.0
2017-05-30 23:46:00+02:00,0.06032,0.0,0.0,0.0
2017-05-30 23:47:00+02:00,0.05883,0.0,0.0,0.0
2017-05-30 23:48:00+02:00,0.07214,0.0,0.0,0.0
2017-05-30 23:49:00+02:00,0.07364,0.0,0.0,0.0
2017-05-30 23:50:00+02:00,0.06965,0.0,0.0,0.0
2017-05-30 23:51:00+02:00,0.0621,0.0,0.0,0.0
2017-05-30 23:52:00+02:00,0.05824,0.0,0.0,0.0
2017-05-30 23:53:00+02:00,0.06019,0.0,0.0,0.0
2017-05-30 23:54:00+02:00,0.06034,0.0,0.0,0.0
2017-05-30 23:55:00+02:00,0.05992,0.0,0.0,0.0
2017-05-30 23:56:00+02:00,0.05175,0.0,0.0,0.0
2017-05-30 23:57:00+02:00,0.06156,0.0,0.0,0.0
2017-05-30 23:58:00+02:00,0.05611,0.0,0.0,0.0
2017-05-30 23:59:00+02:00,0.05722,0.0,0.0,0.0
2017-05-31 00:00:00+02:00,0.0495,0.0,0.0,0.0
2017-05-31 00:01:00+02:00,0.05232,0.0,0.0,0.0
2017-05-31 00:02:00+02:00,0.05471,0.0,0.0,0.0
2017-05-31 00:03:00+02:00,0.05288,0.0,0.0,0.0
2017-05-31 00:04:00+02:00,0.05327,0.0,0.0,0.0
2017-05-31 00:05:00+02:00,0.05611,0.0,0.0,0.0
2017-05-31 00:06:00+02:00,0.05793,0.0,0.0,0.0
2017-05-31 00:07:00+02:00,0.05056,0.0,0.0,0.0
2017-05-31 00:08:00+02:00,0.04684,0.0,0.0,0.0
2017-05-31 00:09:00+02:00,0.05157,0.0,0.0,0.0
2017-05-31 00:10:00+02:00,0.05367,0.0,0.0,0.0
2017-05-31 00:11:00+02:00,0.04558,0.0,0.0,0.0
2017-05-31 00:12:00+02:00,0.04862,0.0,0.0,0.0
2017-05-31 00:13:00+02:00,0.04994,0.0,0.0,0.0
2017-05-31 00:14:00+02:00,0.04844,0.0,0.0,0.0
2017-05-31 00:15:00+02:00,0.04797,0.0,0.0,0.0
2017-05-31 00:16:00+02:00,0.05188,0.0,0.0,0.0
2017-05-31 00:17:00+02:00,0.04791,0.0,0.0,0.0
2017-05-31 00:18:00+02:00,0.04955,0.0,0.0,0.0
2017-05-31 00:19:00+02:00,0.0516,0.0,0.0,0.0
2017-05-31 00:20:00+02:00,0.05187,0.0,0.0,0.0
2017-05-31 00:21:00+02:00,0.04839,0.0,0.0,0.0
2017-05-31 00:22:00+02:00,0.05123,0.0,0.0,0.0
2017-05-31 00:23:00+02:00,0.04892,0.0,0.0,0.0
2017-05-31 00:24:00+02:00,0.04742,0.0,0.0,0.0
2017-05-31 00:25:00+02:00,0.04814,0.0,0.0,0.0
2017-05-31 00:26:00+02:00,0.04947,0.0,0.0,0.0
2017-05-31 00:27:00+02:00,0.05318,0.0,0.0,0.0
2017-05-31 00:28:00+02:00,0.04943,0.0,0.0,0.0
2017-05-31 00:29:00+02:00,0.04568,0.0,0.0,0.0
2017-05-31 00:30:00+02:00,0.04593,0.0,0.0,0.0
2017-05-31 00:31:00+02:00,0.04534,0.0,0.0,0.0
2017-05-31 00:32:00+02:00,0.04572,0.0,0.0,0.0
2017-05-31 00:33:00+02:00,0.04565,0.0,0.0,0.0
2017-05-31 00:34:00+02:00,0.04784,0.0,0.0,0.0
2017-05-31 00:35:00+02:00,0.05275,0.0,0.0,0.0
2017-05-31 00:36:00+02:00,0.05004,0.0,0.0,0.0
2017-05-31 00:37:00+02:00,0.04356,0.0,0.0,0.0
2017-05-31 00:38:00+02:00,0.04431,0.0,0.0,0.0
2017-05-31 00:39:00+02:00,0.04689,0.0,0.0,0.0
2017-05-31 00:40:00+02:00,0.0475,0.0,0.0,0.0
2017-05-31 00:41:00+02:00,0.0442,0.0,0.0,0.0
2017-05-31 00:42:00+02:00,0.04718,0.0,0.0,0.0
2017-05-31 00:43:00+02:00,0.04356,0.0,0.0,0.0
2017-05-31 00:44:00+02:00,0.04927,0.0,0.0,0.0
2017-05-31 00:45:00+02:00,0.04831,0.0,0.0,0.0
2017-05-31 00:46:00+02:00,0.04504,0.0,0.0,0.0
2017-05-31 00:47:00+02:00,0.04359,0.0,0.0,0.0
2017-05-31 00:48:00+02:00,0.04174,0.0,0.0,0.0
2017-05-31 00:49:00+02:00,0.04526,0.0,0.0,0.0
2017-05-31 00:50:00+02:00,0.0429,0.0,0.0,0.0
2017-05-31 00:51:00+02:00,0.04464,0.0,0.0,0.0
2017-05-31 00:52:00+02:00,0.04242,0.0,0.0,0.0
2017-05-31 00:53:00+02:00,0.04235,0.0,0.0,0.0
2017-05-31 00:54:00+02:00,0.04747,0.0,0.0,0.0
2017-05-31 00:55:00+02:00,0.05426,0.0,0.0,0.0
2017-05-31 00:56:00+02:00,0.05535,0.0,0.0,0.0
2017-05-31 00:57:00+02:00,0.05495,0.0,0.0,0.0
2017-05-31 00:58:00+02:00,0.05728,0.0,0.0,0.0
2017-05-31 00:59:00+02:00,0.05521,0.0,0.0,0.0
2017-05-31 01:00:00+02:00,0.05862,0.0,0.0,0.0
2017-05-31 01:01:00+02:00,0.04512,0.0,0.0,0.0
2017-05-31 01:02:00+02:00,0.04765,0.0,0.0,0.0
2017-05-31 01:03:00+02:00,0.04765,0.0,0.0,0.0
2017-05-31 01:04:00+02:00,0.04191,0.0,0.0,0.0
2017-05-31 01:05:00+02:00,0.04196,0.0,0.0,0.0
2017-05-31 01:06:00+02:00,0.0444,0.0,0.0,0.0
2017-05-31 01:07:00+02:00,0.04352,0.0,0.0,0.0
2017-05-31 01:08:00+02:00,0.0429,0.0,0.0,0.0
2017-05-31 01:09:00+02:00,0.04172,0.0,0.0,0.0
2017-05-31 01:10:00+02:00,0.03922,0.0,0.0,0.0
2017-05-31 01:11:00+02:00,0.04049,0.0,0.0,0.0
2017-05-31 01:12:00+02:00,0.04079,0.0,0.0,0.0
2017-05-31 01:13:00+02:00,0.03794,0.0,0.0,0.0
2017-05-31 01:14:00+02:00,0.03702,0.0,0.0,0.0
2017-05-31 01:15:00+02:00,0.03534,0.0,0.0,0.0
2017-05-31 01:16:00+02:00,0.03227,0.0,0.0,0.0
2017-05-31 01:17:00+02:00,0.03227,0.0,0.0,0.0
2017-05-31 01:18:00+02:00,0.03467,0.0,0.0,0.0
2017-05-31 01:19:00+02:00,0.03558,0.0,0.0,0.0
2017-05-31 01:20:00+02:00,0.03427,0.0,0.0,0.0
2017-05-31 01:21:00+02:00,0.03609,0.0,0.0,0.0
2017-05-31 01:22:00+02:00,0.03671,0.0,0.0,0.0
2017-05-31 01:23:00+02:00,0.03915,0.0,0.0,0.0
2017-05-31 01:24:00+02:00,0.0398,0.0,0.0,0.0
2017-05-31 01:25:00+02:00,0.03429,0.0,0.0,0.0
2017-05-31 01:26:00+02:00,0.03364,0.0,0.0,0.0
2017-05-31 01:27:00+02:00,0.03228,0.0,0.0,0.0
2017-05-31 01:28:00+02:00,0.03369,0.0,0.0,0.0
2017-05-31 01:29:00+02:00,0.04049,0.0,0.0,0.0
2017-05-31 01:30:00+02:00,0.03436,0.0,0.0,0.0
2017-05-31 01:31:00+02:00,0.03206,0.0,0.0,0.0
2017-05-31 01:32:00+02:00,0.0331,0.0,0.0,0.0
2017-05-31 01:33:00+02:00,0.03384,0.0,0.0,0.0
2017-05-31 01:34:00+02:00,0.03354,0.0,0.0,0.0
2017-05-31 01:35:00+02:00,0.03477,0.0,0.0,0.0
2017-05-31 01:36:00+02:00,0.03795,0.0,0.0,0.0
2017-05-31 01:37:00+02:00,0.03325,0.0,0.0,0.0
2017-05-31 01:38:00+02:00,0.03435,0.0,0.0,0.0
2017-05-31 01:39:00+02:00,0.03324,0.0,0.0,0.0
2017-05-31 01:40:00+02:00,0.03283,0.0,0.0,0.0
2017-05-31 01:41:00+02:00,0.034,0.0,0.0,0.0
2017-05-31 01:42:00+02:00,0.03497,0.0,0.0,0.0
2017-05-31 01:43:00+02:00,0.03496,0.0,0.0,0.0
2017-05-31 01:44:00+02:00,0.03612,0.0,0.0,0.0
2017-05-31 01:45:00+02:00,0.04178,0.0,0.0,0.0
2017-05-31 01:46:00+02:00,0.03956,0.0,0.0,0.0
2017-05-31 01:47:00+02:00,0.04106,0.0,0.0,0.0
2017-05-31 01:48:00+02:00,0.03739,0.0,0.0,0.0
2017-05-31 01:49:00+02:00,0.03597,0.0,0.0,0.0
2017-05-31 01:50:00+02:00,0.03801,0.0,0.0,0.0
2017-05-31 01:51:00+02:00,0.02877,0.0,0.0,0.0
2017-05-31 01:52:00+02:00,0.03092,0.0,0.0,0.0
2017-05-31 01:53:00+02:00,0.03111,0.0,0.0,0.0
2017-05-31 01:54:00+02:00,0.02929,0.0,0.0,0.0
2017-05-31 01:55:00+02:00,0.0341,0.0,0.0,0.0
2017-05-31 01:56:00+02:00,0.03185,0.0,0.0,0.0
2017-05-31 01:57:00+02:00,0.0291,0.0,0.0,0.0
2017-05-31 01:58:00+02:00,0.02773,0.0,0.0,0.0
2017-05-31 01:59:00+02:00,0.02845,0.0,0.0,0.0
2017-05-31 02:00:00+02:00,0.03051,0.0,0.0,0.0
2017-05-31 02:01:00+02:00,0.02949,0.0,0.0,0.0
2017-05-31 02:02:00+02:00,0.02868,0.0,0.0,0.0
2017-05-31 02:03:00+02:00,0.02707,0.0,0.0,0.0
2017-05-31 02:04:00+02:00,0.02843,0.0,0.0,0.0
2017-05-31 02:05:00+02:00,0.03,0.0,0.0,0.0
2017-05-31 02:06:00+02:00,0.03084,0.0,0.0,0.0
2017-05-31 02:07:00+02:00,0.02933,0.0,0.0,0.0
2017-05-31 02:08:00+02:00,0.02691,0.0,0.0,0.0
2017-05-31 02:09:00+02:00,0.02718,0.0,0.0,0.0
2017-05-31 02:10:00+02:00,0.02714,0.0,0.0,0.0
2017-05-31 02:11:00+02:00,0.02795,0.0,0.0,0.0
2017-05-31 02:12:00+02:00,0.02726,0.0,0.0,0.0
2017-05-31 02:13:00+02:00,0.03005,0.0,0.0,0.0
2017-05-31 02:14:00+02:00,0.03062,0.0,0.0,0.0
2017-05-31 02:15:00+02:00,0.02894,0.0,0.0,0.0
2017-05-31 02:16:00+02:00,0.02823,0.0,0.0,0.0
2017-05-31 02:17:00+02:00,0.02794,0.0,0.0,0.0
2017-05-31 02:18:00+02:00,0.02583,0.0,0.0,0.0
2017-05-31 02:19:00+02:00,0.02711,0.0,0.0,0.0
2017-05-31 02:20:00+02:00,0.03052,0.0,0.0,0.0
2017-05-31 02:21:00+02:00,0.02879,0.0,0.0,0.0
2017-05-31 02:22:00+02:00,0.02769,0.0,0.0,0.0
2017-05-31 02:23:00+02:00,0.02786,0.0,0.0,0.0
2017-05-31 02:24:00+02:00,0.02603,0.0,0.0,0.0
2017-05-31 02:25:00+02:00,0.02674,0.0,0.0,0.0
2017-05-31 02:26:00+02:00,0.02533,0.0,0.0,0.0
2017-05-31 02:27:00+02:00,0.02538,0.0,0.0,0.0
2017-05-31 02:28:00+02:00,0.02753,0.0,0.0,0.0
2017-05-31 02:29:00+02:00,0.02822,0.0,0.0,0.0
2017-05-31 02:30:00+02:00,0.02813,0.0,0.0,0.0
2017-05-31 02:31:00+02:00,0.02804,0.0,0.0,0.0
2017-05-31 02:32:00+02:00,0.02823,0.0,0.0,0.0
2017-05-31 02:33:00+02:00,0.02885,0.0,0.0,0.0
2017-05-31 02:34:00+02:00,0.02901,0.0,0.0,0.0
2017-05-31 02:35:00+02:00,0.0292,0.0,0.0,0.0
2017-05-31 02:36:00+02:00,0.02974,0.0,0.0,0.0
2017-05-31 02:37:00+02:00,0.02965,0.0,0.0,0.0
2017-05-31 02:38:00+02:00,0.02883,0.0,0.0,0.0
2017-05-31 02:39:00+02:00,0.02862,0.0,0.0,0.0
2017-05-31 02:40:00+02:00,0.02787,0.0,0.0,0.0
2017-05-31 02:41:00+02:00,0.02769,0.0,0.0,0.0
2017-05-31 02:42:00+02:00,0.02751,0.0,0.0,0.0
2017-05-31 02:43:00+02:00,0.02601,0.0,0.0,0.0
2017-05-31 02:44:00+02:00,0.02402,0.0,0.0,0.0
2017-05-31 02:45:00+02:00,0.02407,0.0,0.0,0.0
2017-05-31 02:46:00+02:00,0.02433,0.0,0.0,0.0
2017-05-31 02:47:00+02:00,0.0253,0.0,0.0,0.0
2017-05-31 02:48:00+02:00,0.02637,0.0,0.0,0.0
2017-05-31 02:49:00+02:00,0.02956,0.0,0.0,0.0
2017-05-31 02:50:00+02:00,0.02473,0.0,0.0,0.0
2017-05-31 02:51:00+02:00,0.02491,0.0,0.0,0.0
2017-05-31 02:52:00+02:00,0.02489,0.0,0.0,0.0
2017-05-31 02:53:00+02:00,0.02542,0.0,0.0,0.0
2017-05-31 02:54:00+02:00,0.02551,0.0,0.0,0.0
2017-05-31 02:55:00+02:00,0.02545,0.0,0.0,0.0
2017-05-31 02:56:00+02:00,0.02563,0.0,0.0,0.0
2017-05-31 02:57:00+02:00,0.02589,0.0,0.0,0.0
2017-05-31 02:58:00+02:00,0.02843,0.0,0.0,0.0
2017-05-31 02:59:00+02:00,0.02867,0.0,0.0,0.0
2017-05-31 03:00:00+02:00,0.02857,0.0,0.0,0.0
2017-05-31 03:01:00+02:00,0.02885,0.0,0.0,0.0
2017-05-31 03:02:00+02:00,0.02901,0.0,0.0,0.0
2017-05-31 03:03:00+02:00,0.0293,0.0,0.0,0.0
2017-05-31 03:04:00+02:00,0.02846,0.0,0.0,0.0
2017-05-31 03:05:00+02:00,0.02783,0.0,0.0,0.0
2017-05-31 03:06:00+02:00,0.02697,0.0,0.0,0.0
2017-05-31 03:07:00+02:00,0.02711,0.0,0.0,0.0
2017-05-31 03:08:00+02:00,0.02811,0.0,0.0,0.0
2017-05-31 03:09:00+02:00,0.02705,0.0,0.0,0.0
2017-05-31 03:10:00+02:00,0.02791,0.0,0.0,0.0
2017-05-31 03:11:00+02:00,0.02728,0.0,0.0,0.0
2017-05-31 03:12:00+02:00,0.03154,0.0,0.0,0.0
2017-05-31 03:13:00+02:00,0.0327,0.0,0.0,0.0
2017-05-31 03:14:00+02:00,0.03186,0.0,0.0,0.0
2017-05-31 03:15:00+02:00,0.03262,0.0,0.0,0.0
2017-05-31 03:16:00+02:00,0.0322,0.0,0.0,0.0
2017-05-31 03:17:00+02:00,0.03102,0.0,0.0,0.0
2017-05-31 03:18:00+02:00,0.02675,0.0,0.0,0.0
2017-05-31 03:19:00+02:00,0.0286,0.0,0.0,0.0
2017-05-31 03:20:00+02:00,0.0271,0.0,0.0,0.0
2017-05-31 03:21:00+02:00,0.02913,0.0,0.0,0.0
2017-05-31 03:22:00+02:00,0.02755,0.0,0.0,0.0
2017-05-31 03:23:00+02:00,0.03143,0.0,0.0,0.0
2017-05-31 03:24:00+02:00,0.02809,0.0,0.0,0.0
2017-05-31 03:25:00+02:00,0.02782,0.0,0.0,0.0
2017-05-31 03:26:00+02:00,0.02506,0.0,0.0,0.0
2017-05-31 03:27:00+02:00,0.0282,0.0,0.0,0.0
2017-05-31 03:28:00+02:00,0.02559,0.0,0.0,0.0
2017-05-31 03:29:00+02:00,0.02793,0.0,0.0,0.0
2017-05-31 03:30:00+02:00,0.02443,0.0,0.0,0.0
2017-05-31 03:31:00+02:00,0.02709,0.0,0.0,0.0
2017-05-31 03:32:00+02:00,0.02399,0.0,0.0,0.0
2017-05-31 03:33:00+02:00,0.02569,0.0,0.0,0.0
2017-05-31 03:34:00+02:00,0.02318,0.0,0.0,0.0
2017-05-31 03:35:00+02:00,0.02308,0.0,0.0,0.0
2017-05-31 03:36:00+02:00,0.02368,0.0,0.0,0.0
2017-05-31 03:37:00+02:00,0.02588,0.0,0.0,0.0
2017-05-31 03:38:00+02:00,0.02637,0.0,0.0,0.0
2017-05-31 03:39:00+02:00,0.02665,0.0,0.0,0.0
2017-05-31 03:40:00+02:00,0.02651,0.0,0.0,0.0
2017-05-31 03:41:00+02:00,0.02741,0.0,0.0,0.0
2017-05-31 03:42:00+02:00,0.02591,0.0,0.0,0.0
2017-05-31 03:43:00+02:00,0.0275,0.0,0.0,0.0
2017-05-31 03:44:00+02:00,0.02986,0.0,0.0,0.0
2017-05-31 03:45:00+02:00,0.03244,0.0,0.0,0.0
2017-05-31 03:46:00+02:00,0.03116,0.0,0.0,0.0
2017-05-31 03:47:00+02:00,0.02999,0.0,0.0,0.0
2017-05-31 03:48:00+02:00,0.02701,0.0,0.0,0.0
2017-05-31 03:49:00+02:00,0.0267,0.0,0.0,0.0
2017-05-31 03:50:00+02:00,0.02688,0.0,0.0,0.0
2017-05-31 03:51:00+02:00,0.02813,0.0,0.0,0.0
2017-05-31 03:52:00+02:00,0.02818,0.0,0.0,0.0
2017-05-31 03:53:00+02:00,0.02718,0.0,0.0,0.0
2017-05-31 03:54:00+02:00,0.02714,0.0,0.0,0.0
2017-05-31 03:55:00+02:00,0.02836,0.0,0.0,0.0
2017-05-31 03:56:00+02:00,0.02607,0.0,0.0,0.0
2017-05-31 03:57:00+02:00,0.02798,0.0,0.0,0.0
2017-05-31 03:58:00+02:00,0.03119,0.0,0.0,0.0
2017-05-31 03:59:00+02:00,0.03219,0.0,0.0,0.0
2017-05-31 04:00:00+02:00,0.03039,0.0,0.0,0.0
2017-05-31 04:01:00+02:00,0.03053,0.0,0.0,0.0
2017-05-31 04:02:00+02:00,0.02852,0.0,0.0,0.0
2017-05-31 04:03:00+02:00,0.02836,0.0,0.0,0.0
2017-05-31 04:04:00+02:00,0.02549,0.0,0.0,0.0
2017-05-31 04:05:00+02:00,0.02464,0.0,0.0,0.0
2017-05-31 04:06:00+02:00,0.02383,0.0,0.0,0.0
2017-05-31 04:07:00+02:00,0.02436,0.0,0.0,0.0
2017-05-31 04:08:00+02:00,0.02383,0.0,0.0,0.0
2017-05-31 04:09:00+02:00,0.02241,0.0,0.0,0.0
2017-05-31 04:10:00+02:00,0.02374,0.0,0.0,0.0
2017-05-31 04:11:00+02:00,0.02994,0.0,0.0,0.0
2017-05-31 04:12:00+02:00,0.03239,0.0,0.0,0.0
2017-05-31 04:13:00+02:00,0.03321,0.0,0.0,0.0
2017-05-31 04:14:00+02:00,0.03309,0.0,0.0,0.0
2017-05-31 04:15:00+02:00,0.03277,0.0,0.0,0.0
2017-05-31 04:16:00+02:00,0.02805,0.0,0.0,0.0
2017-05-31 04:17:00+02:00,0.02626,0.0,0.0,0.0
2017-05-31 04:18:00+02:00,0.02611,0.0,0.0,0.0
2017-05-31 04:19:00+02:00,0.02744,0.0,0.0,0.0
2017-05-31 04:20:00+02:00,0.02793,0.0,0.0,0.0
2017-05-31 04:21:00+02:00,0.02857,0.0,0.0,0.0
2017-05-31 04:22:00+02:00,0.02856,0.0,0.0,0.0
2017-05-31 04:23:00+02:00,0.02806,0.0,0.0,0.0
2017-05-31 04:24:00+02:00,0.02735,0.0,0.0,0.0
2017-05-31 04:25:00+02:00,0.02502,0.0,0.0,0.0
2017-05-31 04:26:00+02:00,0.02429,0.0,0.0,0.0
2017-05-31 04:27:00+02:00,0.0246,0.0,0.0,0.0
2017-05-31 04:28:00+02:00,0.02511,0.0,0.0,0.0
2017-05-31 04:29:00+02:00,0.02474,0.0,0.0,0.0
2017-05-31 04:30:00+02:00,0.02441,0.0,0.0,0.0
2017-05-31 04:31:00+02:00,0.0258,0.0,0.0,0.0
2017-05-31 04:32:00+02:00,0.02403,0.0,0.0,0.0
2017-05-31 04:33:00+02:00,0.02442,0.0,0.0,0.0
2017-05-31 04:34:00+02:00,0.02479,0.0,0.0,0.0
2017-05-31 04:35:00+02:00,0.02483,0.0,0.0,0.0
2017-05-31 04:36:00+02:00,0.02564,0.0,0.0,0.0
2017-05-31 04:37:00+02:00,0.02454,0.0,0.0,0.0
2017-05-31 04:38:00+02:00,0.02404,0.0,0.0,0.0
2017-05-31 04:39:00+02:00,0.02463,0.0,0.0,0.0
2017-05-31 04:40:00+02:00,0.0258,0.0,0.0,0.0
2017-05-31 04:41:00+02:00,0.03064,0.0,0.0,0.0
2017-05-31 04:42:00+02:00,0.02712,0.0,0.0,0.0
2017-05-31 04:43:00+02:00,0.02582,0.0,0.0,0.0
2017-05-31 04:44:00+02:00,0.02604,0.0,0.0,0.0
2017-05-31 04:45:00+02:00,0.02606,0.0,0.0,0.0
2017-05-31 04:46:00+02:00,0.02566,0.0,0.0,0.0
2017-05-31 04:47:00+02:00,0.02606,0.0,0.0,0.0
2017-05-31 04:48:00+02:00,0.02564,0.0,0.0,0.0
2017-05-31 04:49:00+02:00,0.0263,0.0,0.0,0.0
2017-05-31 04:50:00+02:00,0.02667,0.0,0.0,0.0
2017-05-31 04:51:00+02:00,0.02591,0.0,0.0,0.0
2017-05-31 04:52:00+02:00,0.02557,0.0,0.0,0.0
2017-05-31 04:53:00+02:00,0.02605,0.0,0.0,0.0
2017-05-31 04:54:00+02:00,0.02696,0.0,0.0,0.0
2017-05-31 04:55:00+02:00,0.02659,0.0,0.0,0.0
2017-05-31 04:56:00+02:00,0.02585,0.0,0.0,0.0
2017-05-31 04:57:00+02:00,0.02551,0.0,0.0,0.0
2017-05-31 04:58:00+02:00,0.02477,0.0,0.0,0.0
2017-05-31 04:59:00+02:00,0.02437,0.0,0.0,0.0
2017-05-31 05:00:00+02:00,0.02446,0.0,0.0,0.0
2017-05-31 05:01:00+02:00,0.02523,0.0,0.0,0.0
2017-05-31 05:02:00+02:00,0.02576,0.0,0.0,0.0
2017-05-31 05:03:00+02:00,0.02644,0.0,0.0,0.0
2017-05-31 05:04:00+02:00,0.02696,0.0,0.0,0.0
2017-05-31 05:05:00+02:00,0.02655,0.0,0.0,0.0
2017-05-31 05:06:00+02:00,0.02681,0.0,0.0,0.0
2017-05-31 05:07:00+02:00,0.02707,0.0,0.0,0.0
2017-05-31 05:08:00+02:00,0.02646,0.0,0.0,0.0
2017-05-31 05:09:00+02:00,0.02623,0.0,0.0,0.0
2017-05-31 05:10:00+02:00,0.02715,0.0,0.0,0.0
2017-05-31 05:11:00+02:00,0.02546,0.0,0.0,0.0
2017-05-31 05:12:00+02:00,0.02588,0.0,0.0,0.0
2017-05-31 05:13:00+02:00,0.02777,0.0,0.0,0.0
2017-05-31 05:14:00+02:00,0.02757,0.0,0.0,0.0
2017-05-31 05:15:00+02:00,0.02753,0.0,0.0,0.0
2017-05-31 05:16:00+02:00,0.02767,0.0,0.0,0.0
2017-05-31 05:17:00+02:00,0.02643,0.0,0.0,0.0
2017-05-31 05:18:00+02:00,0.02583,0.0,0.0,0.0
2017-05-31 05:19:00+02:00,0.02706,0.0,0.0,0.0
2017-05-31 05:20:00+02:00,0.02881,0.0,0.0,0.0
2017-05-31 05:21:00+02:00,0.03003,0.0,0.0,0.0
2017-05-31 05:22:00+02:00,0.02896,0.0,0.0,0.0
2017-05-31 05:23:00+02:00,0.0288,0.0,0.0,0.0
2017-05-31 05:24:00+02:00,0.02655,0.0,0.0,0.0
2017-05-31 05:25:00+02:00,0.02601,0.0,0.0,0.0
2017-05-31 05:26:00+02:00,0.02618,0.0,0.0,0.0
2017-05-31 05:27:00+02:00,0.02636,0.0,0.0,0.0
2017-05-31 05:28:00+02:00,0.0254,0.0,0.0,0.0
2017-05-31 05:29:00+02:00,0.02523,0.01069,0.0,0.0
2017-05-31 05:30:00+02:00,0.02481,0.009815,0.0,0.0
2017-05-31 05:31:00+02:00,0.02509,0.014301,0.0,0.0
2017-05-31 05:32:00+02:00,0.02541,0.015331,0.0,0.0
2017-05-31 05:33:00+02:00,0.0269,0.014632,0.0,0.0
2017-05-31 05:34:00+02:00,0.02745,0.015745,0.0,0.0
2017-05-31 05:35:00+02:00,0.02914,0.016393,0.0,0.0
2017-05-31 05:36:00+02:00,0.02688,0.015853,0.0,0.0
2017-05-31 05:37:00+02:00,0.02537,0.014706,0.0,0.0
2017-05-31 05:38:00+02:00,0.02552,0.012647,0.0,0.0
2017-05-31 05:39:00+02:00,0.02684,0.010109,0.0,0.0
2017-05-31 05:40:00+02:00,0.02789,0.011113,0.0,0.0
2017-05-31 05:41:00+02:00,0.02975,0.015091,0.0,0.0
2017-05-31 05:42:00+02:00,0.02866,0.016024,0.0,0.0
2017-05-31 05:43:00+02:00,0.0293,0.013862,0.0,0.0
2017-05-31 05:44:00+02:00,0.02964,0.013333,0.0,0.0
2017-05-31 05:45:00+02:00,0.03201,0.014195,0.0,0.0
2017-05-31 05:46:00+02:00,0.03151,0.018536,0.0,0.0
2017-05-31 05:47:00+02:00,0.03003,0.027716,0.0,0.0
2017-05-31 05:48:00+02:00,0.02865,0.036283,0.0,0.0
2017-05-31 05:49:00+02:00,0.02774,0.043358,0.0,0.0
2017-05-31 05:50:00+02:00,0.0295,0.048505,0.0,0.0
2017-05-31 05:51:00+02:00,0.03043,0.052004,0.0,0.0
2017-05-31 05:52:00+02:00,0.0297,0.052538,0.0,0.0
2017-05-31 05:53:00+02:00,0.03153,0.049774,0.0,0.0
2017-05-31 05:54:00+02:00,0.03264,0.047286,0.0,0.0
2017-05-31 05:55:00+02:00,0.03136,0.044849,0.0,0.0
2017-05-31 05:56:00+02:00,0.03118,0.042206,0.0,0.0
2017-05-31 05:57:00+02:00,0.03303,0.043709,0.0,0.0
2017-05-31 05:58:00+02:00,0.03291,0.048114,0.0,0.0
2017-05-31 05:59:00+02:00,0.03165,0.052024,0.0,0.0
2017-05-31 06:00:00+02:00,0.03033,0.055417,0.0,0.0
2017-05-31 06:01:00+02:00,0.02959,0.05508,0.0,0.0
2017-05-31 06:02:00+02:00,0.02993,0.051937,0.0,0.0
2017-05-31 06:03:00+02:00,0.0305,0.048919,0.0,0.0
2017-05-31 06:04:00+02:00,0.03311,0.044264,0.0,0.0
2017-05-31 06:05:00+02:00,0.02969,0.031862,0.0,0.0
2017-05-31 06:06:00+02:00,0.0288,0.019634,0.0,0.0
2017-05-31 06:07:00+02:00,0.0303,0.014188,0.0,0.0
2017-05-31 06:08:00+02:00,0.03114,0.018176,0.0,0.0
2017-05-31 06:09:00+02:00,0.03476,0.024734,0.0,0.0
2017-05-31 06:10:00+02:00,0.02914,0.035912,0.0,0.0
2017-05-31 06:11:00+02:00,0.02889,0.041085,0.0,0.0
2017-05-31 06:12:00+02:00,0.02895,0.042442,0.0,0.0
2017-05-31 06:13:00+02:00,0.02888,0.045742,0.0,0.0
2017-05-31 06:14:00+02:00,0.03079,0.045022,0.0,0.0
2017-05-31 06:15:00+02:00,0.03075,0.034699,0.0,0.0
2017-05-31 06:16:00+02:00,0.02992,0.033678,0.0,0.0
2017-05-31 06:17:00+02:00,0.02966,0.039346,0.0,0.0
2017-05-31 06:18:00+02:00,0.03122,0.058194,0.0,0.0
2017-05-31 06:19:00+02:00,0.03179,0.075285,0.0,0.0
2017-05-31 06:20:00+02:00,0.03143,0.084195,0.0,0.0
2017-05-31 06:21:00+02:00,0.03118,0.098723,0.0,0.0
2017-05-31 06:22:00+02:00,0.03053,0.112165,0.0,0.0
2017-05-31 06:23:00+02:00,0.03127,0.116725,0.0,0.0
2017-05-31 06:24:00+02:00,0.03205,0.103705,0.0,0.0
2017-05-31 06:25:00+02:00,0.03211,0.091946,0.0,0.0
2017-05-31 06:26:00+02:00,0.02945,0.08276,0.0,0.0
2017-05-31 06:27:00+02:00,0.02974,0.075526,0.0,0.0
2017-05-31 06:28:00+02:00,0.03033,0.075537,0.0,0.0
2017-05-31 06:29:00+02:00,0.03363,0.086575,0.0,0.0
2017-05-31 06:30:00+02:00,0.03373,0.099076,0.0,0.0
2017-05-31 06:31:00+02:00,0.03385,0.104074,0.0,0.0
2017-05-31 06:32:00+02:00,0.03353,0.112507,0.0,0.0
2017-05-31 06:33:00+02:00,0.03102,0.146185,0.0,0.0
2017-05-31 06:34:00+02:00,0.02856,0.181204,0.0,0.0
2017-05-31 06:35:00+02:00,0.0281,0.176054,0.0,0.0
2017-05-31 06:36:00+02:00,0.0288,0.182628,0.0,0.0
2017-05-31 06:37:00+02:00,0.03403,0.184082,0.0,0.0
2017-05-31 06:38:00+02:00,0.02979,0.192785,0.0,0.0
2017-05-31 06:39:00+02:00,0.03335,0.228937,0.0,0.0
2017-05-31 06:40:00+02:00,0.03671,0.220826,0.0,0.0
2017-05-31 06:41:00+02:00,0.03169,0.193801,0.0,0.0
2017-05-31 06:42:00+02:00,0.03018,0.184007,0.0,0.0
2017-05-31 06:43:00+02:00,0.03194,0.188015,0.0,0.0
2017-05-31 06:44:00+02:00,0.03373,0.197073,0.0,0.0
2017-05-31 06:45:00+02:00,0.0335,0.21953,0.0,0.0
2017-05-31 06:46:00+02:00,0.03485,0.25749,0.0,0.0
2017-05-31 06:47:00+02:00,0.03609,0.284042,0.0,0.0
2017-05-31 06:48:00+02:00,0.03617,0.29628,0.0,0.0
2017-05-31 06:49:00+02:00,0.03476,0.301673,0.0,0.0
2017-05-31 06:50:00+02:00,0.03779,0.299981,0.0,0.0
2017-05-31 06:51:00+02:00,0.03845,0.301842,0.0,0.0
2017-05-31 06:52:00+02:00,0.04249,0.305222,0.0,0.0
2017-05-31 06:53:00+02:00,0.04091,0.309064,0.0,0.0
2017-05-31 06:54:00+02:00,0.04211,0.315088,0.0,0.0
2017-05-31 06:55:00+02:00,0.04401,0.301745,0.0,0.0
2017-05-31 06:56:00+02:00,0.0426,0.302038,0.0,0.0
2017-05-31 06:57:00+02:00,0.04357,0.332573,0.0,0.0
2017-05-31 06:58:00+02:00,0.04143,0.329116,0.0,0.0
2017-05-31 06:59:00+02:00,0.04258,0.324031,0.0,0.0
2017-05-31 07:00:00+02:00,0.04401,0.318744,0.0,0.0
2017-05-31 07:01:00+02:00,0.04452,0.317263,0.0,0.0
2017-05-31 07:02:00+02:00,0.04475,0.299511,0.0,0.0
2017-05-31 07:03:00+02:00,0.05044,0.31646,0.0,0.0
2017-05-31 07:04:00+02:00,0.0482,0.345825,0.0,0.0
2017-05-31 07:05:00+02:00,0.04627,0.325404,0.0,0.0
2017-05-31 07:06:00+02:00,0.04239,0.356553,0.0,0.0
2017-05-31 07:07:00+02:00,0.05292,0.353806,0.0,0.0
2017-05-31 07:08:00+02:00,0.05191,0.353556,0.0,0.0
2017-05-31 07:09:00+02:00,0.04697,0.445135,0.0,0.0
2017-05-31 07:10:00+02:00,0.05366,0.460838,0.0,0.0
2017-05-31 07:11:00+02:00,0.05533,0.470533,0.0,0.0
2017-05-31 07:12:00+02:00,0.05106,0.340225,0.0,0.0
2017-05-31 07:13:00+02:00,0.05376,0.30418,0.0,0.0
2017-05-31 07:14:00+02:00,0.05481,0.289175,0.0,0.0
2017-05-31 07:15:00+02:00,0.04786,0.2655,0.0,0.0
2017-05-31 07:16:00+02:00,0.04172,0.292972,0.0,0.0
2017-05-31 07:17:00+02:00,0.04106,0.461155,0.0,0.0
2017-05-31 07:18:00+02:00,0.04397,0.571536,0.0,0.0
2017-05-31 07:19:00+02:00,0.04227,0.427909,0.0,0.0
2017-05-31 07:20:00+02:00,0.04328,0.457706,0.0,0.0
2017-05-31 07:21:00+02:00,0.04309,0.482429,0.0,0.0
2017-05-31 07:22:00+02:00,0.03951,0.395863,0.0,0.0
2017-05-31 07:23:00+02:00,0.03981,0.408013,0.0,0.0
2017-05-31 07:24:00+02:00,0.04546,0.472136,0.0,0.0
2017-05-31 07:25:00+02:00,0.04742,0.579398,0.0,0.0
2017-05-31 07:26:00+02:00,0.05101,0.611021,0.0,0.0
2017-05-31 07:27:00+02:00,0.05016,0.405126,0.0,0.0
2017-05-31 07:28:00+02:00,0.04976,0.419589,0.0,0.0
2017-05-31 07:29:00+02:00,0.05525,0.489139,0.0,0.0
2017-05-31 07:30:00+02:00,0.05655,0.59054,0.0,0.0
2017-05-31 07:31:00+02:00,0.05759,0.600809,0.0,0.0
2017-05-31 07:32:00+02:00,0.05429,0.630626,0.0,0.0
2017-05-31 07:33:00+02:00,0.05393,0.710581,0.0,0.0
2017-05-31 07:34:00+02:00,0.0494,0.614588,0.0,0.0
2017-05-31 07:35:00+02:00,0.05026,0.588577,0.0,0.0
2017-05-31 07:36:00+02:00,0.06234,0.580786,0.0,0.0
2017-05-31 07:37:00+02:00,0.06092,0.492124,0.0,0.0
2017-05-31 07:38:00+02:00,0.06093,0.449213,0.0,0.0
2017-05-31 07:39:00+02:00,0.06902,0.467951,0.0,0.0
2017-05-31 07:40:00+02:00,0.06664,0.467368,0.0,0.0
2017-05-31 07:41:00+02:00,0.06627,0.388854,0.0,0.0
2017-05-31 07:42:00+02:00,0.0707,0.38012,0.0,0.0
2017-05-31 07:43:00+02:00,0.05867,0.36763,0.0,0.0
2017-05-31 07:44:00+02:00,0.06523,0.435193,0.0,0.0
2017-05-31 07:45:00+02:00,0.06849,0.621196,0.0,0.0
2017-05-31 07:46:00+02:00,0.07007,0.851144,0.0,0.0
2017-05-31 07:47:00+02:00,0.06507,0.921353,0.0,0.0
2017-05-31 07:48:00+02:00,0.06236,0.577638,0.0,0.0
2017-05-31 07:49:00+02:00,0.05512,0.512131,0.0,0.0
2017-05-31 07:50:00+02:00,0.05415,0.419328,0.0,0.0
2017-05-31 07:51:00+02:00,0.05711,0.518405,0.0,0.0
2017-05-31 07:52:00+02:00,0.0568,0.628616,0.0,0.0
2017-05-31 07:53:00+02:00,0.0558,0.954257,0.0,0.0
2017-05-31 07:54:00+02:00,0.05905,0.820217,0.0,0.0
2017-05-31 07:55:00+02:00,0.0595,0.82476,0.0,0.0
2017-05-31 07:56:00+02:00,0.06085,0.858854,0.0,0.0
2017-05-31 07:57:00+02:00,0.06292,0.995908,0.0,0.0
2017-05-31 07:58:00+02:00,0.05839,1.010579,0.0,0.0
2017-05-31 07:59:00+02:00,0.05633,0.938489,0.0,0.0
2017-05-31 08:00:00+02:00,0.05519,1.019169,0.0,0.0
2017-05-31 08:01:00+02:00,0.0546,0.921443,0.0,0.0
2017-05-31 08:02:00+02:00,0.05754,0.984168,0.0,0.0
2017-05-31 08:03:00+02:00,0.06688,0.908548,0.0,0.0
2017-05-31 08:04:00+02:00,0.06331,0.836262,0.0,0.0
2017-05-31 08:05:00+02:00,0.06047,0.575872,0.0,0.0
2017-05-31 08:06:00+02:00,0.05812,0.548359,0.0,0.0
2017-05-31 08:07:00+02:00,0.05834,0.57478,0.0,0.0
2017-05-31 08:08:00+02:00,0.05656,0.685078,0.0,0.0
2017-05-31 08:09:00+02:00,0.05677,0.623437,0.0,0.0
2017-05-31 08:10:00+02:00,0.0523,0.487181,0.0,0.0
2017-05-31 08:11:00+02:00,0.05005,0.452907,0.0,0.0
2017-05-31 08:12:00+02:00,0.04915,0.542954,0.0,0.0
2017-05-31 08:13:00+02:00,0.04619,0.493925,0.0,0.0
2017-05-31 08:14:00+02:00,0.04689,0.378252,0.0,0.0
2017-05-31 08:15:00+02:00,0.04627,0.386996,0.0,0.0
2017-05-31 08:16:00+02:00,0.04595,0.456309,0.0,0.0
2017-05-31 08:17:00+02:00,0.04575,0.745688,0.0,0.0
2017-05-31 08:18:00+02:00,0.04412,1.12649,0.0,0.0
2017-05-31 08:19:00+02:00,0.04462,1.146665,0.0,0.0
2017-05-31 08:20:00+02:00,0.05026,0.921631,0.0,0.0
2017-05-31 08:21:00+02:00,0.04903,0.807775,0.0,0.0
2017-05-31 08:22:00+02:00,0.04857,1.215554,0.0,0.0
2017-05-31 08:23:00+02:00,0.04742,1.08076,0.0,0.0
2017-05-31 08:24:00+02:00,0.04204,0.624314,0.0,0.0
2017-05-31 08:25:00+02:00,0.04262,0.64316,0.0,0.0
2017-05-31 08:26:00+02:00,0.04099,0.555575,0.0,0.0
2017-05-31 08:27:00+02:00,0.04091,0.551241,0.0,0.0
2017-05-31 08:28:00+02:00,0.04559,0.611872,0.0,0.0
2017-05-31 08:29:00+02:00,0.04448,0.763245,0.0,0.0
2017-05-31 08:30:00+02:00,0.04467,0.743153,0.0,0.0
2017-05-31 08:31:00+02:00,0.04432,0.803909,0.0,0.0
2017-05-31 08:32:00+02:00,0.04406,0.723562,0.0,0.0
2017-05-31 08:33:00+02:00,0.04288,0.640264,0.0,0.0
2017-05-31 08:34:00+02:00,0.0409,0.646691,0.0,0.0
2017-05-31 08:35:00+02:00,0.04056,0.57013,0.0,0.0
2017-05-31 08:36:00+02:00,0.04028,0.649942,0.0,0.0
2017-05-31 08:37:00+02:00,0.04412,1.067231,0.0,0.0
2017-05-31 08:38:00+02:00,0.04,0.700447,0.0,0.0
2017-05-31 08:39:00+02:00,0.03669,0.557208,0.0,0.0
2017-05-31 08:40:00+02:00,0.03771,1.143162,0.0,0.0
2017-05-31 08:41:00+02:00,0.03614,1.078195,0.0,0.0
2017-05-31 08:42:00+02:00,0.03478,0.775867,0.0,0.0
2017-05-31 08:43:00+02:00,0.04918,0.670963,0.0,0.0
2017-05-31 08:44:00+02:00,0.05268,1.218623,0.0,0.0
2017-05-31 08:45:00+02:00,0.04823,1.334851,0.0,0.0
2017-05-31 08:46:00+02:00,0.04662,1.227679,0.0,0.0
2017-05-31 08:47:00+02:00,0.04706,1.336777,0.0,0.0
2017-05-31 08:48:00+02:00,0.04897,1.386619,0.0,0.0
2017-05-31 08:49:00+02:00,0.04953,1.376969,0.0,0.0
2017-05-31 08:50:00+02:00,0.04839,1.239496,0.0,0.0
2017-05-31 08:51:00+02:00,0.05318,1.030279,0.0,0.0
2017-05-31 08:52:00+02:00,0.04708,1.217396,0.0,0.0
2017-05-31 08:53:00+02:00,0.04469,1.346206,0.0,0.0
2017-05-31 08:54:00+02:00,0.04888,1.414303,0.0,0.0
2017-05-31 08:55:00+02:00,0.05536,1.389899,0.0,0.0
2017-05-31 08:56:00+02:00,0.05298,0.860555,0.0,0.0
2017-05-31 08:57:00+02:00,0.05314,1.206612,0.0,0.0
2017-05-31 08:58:00+02:00,0.05737,1.184341,0.0,0.0
2017-05-31 08:59:00+02:00,0.0525,1.512596,0.0,0.0
2017-05-31 09:00:00+02:00,0.05272,1.175657,0.0,0.0
2017-05-31 09:01:00+02:00,0.05108,1.43262,0.0,0.0
2017-05-31 09:02:00+02:00,0.05126,1.473413,0.0,0.0
2017-05-31 09:03:00+02:00,0.06493,1.548455,0.0,0.0
2017-05-31 09:04:00+02:00,0.06934,1.518433,0.0,0.0
2017-05-31 09:05:00+02:00,0.06791,0.766566,0.0,0.0
2017-05-31 09:06:00+02:00,0.06376,0.75962,0.0,0.0
2017-05-31 09:07:00+02:00,0.06642,0.87586,0.0,0.0
2017-05-31 09:08:00+02:00,0.06087,0.919697,0.0,0.0
2017-05-31 09:09:00+02:00,0.0658,1.090062,0.0,0.0
2017-05-31 09:10:00+02:00,0.06108,0.608996,0.0,0.0
2017-05-31 09:11:00+02:00,0.04983,0.512748,0.0,0.0
2017-05-31 09:12:00+02:00,0.04886,0.316822,0.0,0.0
2017-05-31 09:13:00+02:00,0.05242,0.152291,0.0,0.0
2017-05-31 09:14:00+02:00,0.05564,0.145282,0.0,0.0
2017-05-31 09:15:00+02:00,0.04825,0.194346,0.0,0.0
2017-05-31 09:16:00+02:00,0.04332,0.21591,0.0,0.0
2017-05-31 09:17:00+02:00,0.04581,0.208616,0.0,0.0
2017-05-31 09:18:00+02:00,0.05468,0.273368,0.0,0.0
2017-05-31 09:19:00+02:00,0.04776,0.331834,0.0,0.0
2017-05-31 09:20:00+02:00,0.04918,0.456737,0.0,0.0
2017-05-31 09:21:00+02:00,0.05289,0.583738,0.0,0.0
2017-05-31 09:22:00+02:00,0.05589,0.567886,0.0,0.0
2017-05-31 09:23:00+02:00,0.06041,0.443534,0.0,0.0
2017-05-31 09:24:00+02:00,0.06659,0.371383,0.0,0.0
2017-05-31 09:25:00+02:00,0.06205,0.393131,0.0,0.0
2017-05-31 09:26:00+02:00,0.05834,0.452434,0.0,0.0
2017-05-31 09:27:00+02:00,0.05868,0.569763,0.0,0.0
2017-05-31 09:28:00+02:00,0.05087,0.72929,0.0,0.0
2017-05-31 09:29:00+02:00,0.0475,1.065548,0.0,0.0
2017-05-31 09:30:00+02:00,0.04581,1.192459,0.0,0.0
2017-05-31 09:31:00+02:00,0.04459,0.79585,0.0,0.0
2017-05-31 09:32:00+02:00,0.04358,0.367699,0.0,0.0
2017-05-31 09:33:00+02:00,0.0497,0.286105,0.0,0.0
2017-05-31 09:34:00+02:00,0.05741,0.290903,0.0,0.0
2017-05-31 09:35:00+02:00,0.05355,0.321997,0.0,0.0
2017-05-31 09:36:00+02:00,0.04984,0.369632,0.0,0.0
2017-05-31 09:37:00+02:00,0.04521,0.425704,0.0,0.0
2017-05-31 09:38:00+02:00,0.04861,0.517613,0.0,0.0
2017-05-31 09:39:00+02:00,0.05509,1.587663,0.0,0.0
2017-05-31 09:40:00+02:00,0.05706,1.951574,0.0,0.0
2017-05-31 09:41:00+02:00,0.05408,1.310272,0.0,0.0
2017-05-31 09:42:00+02:00,0.05063,1.30221,0.0,0.0
2017-05-31 09:43:00+02:00,0.04496,1.807168,0.0,0.0
2017-05-31 09:44:00+02:00,0.05051,1.174102,0.0,0.0
2017-05-31 09:45:00+02:00,0.05009,1.085279,0.0,0.0
2017-05-31 09:46:00+02:00,0.04608,1.165855,0.0,0.0
2017-05-31 09:47:00+02:00,0.04416,1.237516,0.0,0.0
2017-05-31 09:48:00+02:00,0.05103,1.867511,0.0,0.0
2017-05-31 09:49:00+02:00,0.05233,1.318264,0.0,0.0
2017-05-31 09:50:00+02:00,0.05449,1.702391,0.0,0.0
2017-05-31 09:51:00+02:00,0.06352,1.523471,0.0,0.0
2017-05-31 09:52:00+02:00,0.05495,0.879106,0.0,0.0
2017-05-31 09:53:00+02:00,0.0528,0.731227,0.0,0.0
2017-05-31 09:54:00+02:00,0.05416,0.675727,0.0,0.0
2017-05-31 09:55:00+02:00,0.05141,0.690518,0.0,0.0
2017-05-31 09:56:00+02:00,0.05393,0.51626,0.0,0.0
2017-05-31 09:57:00+02:00,0.05456,1.103009,0.0,0.0
2017-05-31 09:58:00+02:00,0.05354,1.605652,0.0,0.0
2017-05-31 09:59:00+02:00,0.07206,1.752316,0.0,0.0
2017-05-31 10:00:00+02:00,0.06512,1.814675,0.0,0.0
2017-05-31 10:01:00+02:00,0.06343,1.532056,0.0,0.0
2017-05-31 10:02:00+02:00,0.06498,1.911848,0.0,0.0
2017-05-31 10:03:00+02:00,0.07639,1.913908,0.0,0.0
2017-05-31 10:04:00+02:00,0.07469,1.772379,0.0,0.0
2017-05-31 10:05:00+02:00,0.06869,1.859164,0.0,0.0
2017-05-31 10:06:00+02:00,0.07307,0.961672,0.0,0.0
2017-05-31 10:07:00+02:00,0.07366,0.962883,0.0,0.0
2017-05-31 10:08:00+02:00,0.07824,2.005373,0.0,0.0
2017-05-31 10:09:00+02:00,0.08313,1.317321,0.0,0.0
2017-05-31 10:10:00+02:00,0.06919,0.940981,0.0,0.0
2017-05-31 10:11:00+02:00,0.06214,1.433939,0.0,0.0
2017-05-31 10:12:00+02:00,0.05333,0.774686,0.0,0.0
2017-05-31 10:13:00+02:00,0.05369,0.8795,0.0,0.0
2017-05-31 10:14:00+02:00,0.04994,1.764673,0.0,0.0
2017-05-31 10:15:00+02:00,0.04982,0.823219,0.0,0.0
2017-05-31 10:16:00+02:00,0.05004,1.909865,0.0,0.0
2017-05-31 10:17:00+02:00,0.0563,1.75426,0.0,0.0
2017-05-31 10:18:00+02:00,0.06247,0.672358,0.0,0.0
2017-05-31 10:19:00+02:00,0.06181,0.72544,0.0,0.0
2017-05-31 10:20:00+02:00,0.05988,1.857208,0.0,0.0
2017-05-31 10:21:00+02:00,0.05572,1.811576,0.0,0.0
2017-05-31 10:22:00+02:00,0.05401,1.977723,0.0,0.0
2017-05-31 10:23:00+02:00,0.05112,1.819643,0.0,0.0
2017-05-31 10:24:00+02:00,0.05484,1.533701,0.0,0.0
2017-05-31 10:25:00+02:00,0.05774,1.535535,0.0,0.0
2017-05-31 10:26:00+02:00,0.05101,1.712732,0.0,0.0
2017-05-31 10:27:00+02:00,0.04546,1.64804,0.0,0.0
2017-05-31 10:28:00+02:00,0.05323,1.771515,0.0,0.0
2017-05-31 10:29:00+02:00,0.05503,1.626163,0.0,0.0
2017-05-31 10:30:00+02:00,0.05548,1.994728,0.0,0.0
2017-05-31 10:31:00+02:00,0.05314,0.806065,0.0,0.0
2017-05-31 10:32:00+02:00,0.05195,1.337351,0.0,0.0
2017-05-31 10:33:00+02:00,0.0477,1.490324,0.0,0.0
2017-05-31 10:34:00+02:00,0.05085,1.890961,0.0,0.0
2017-05-31 10:35:00+02:00,0.05128,1.896759,0.0,0.0
2017-05-31 10:36:00+02:00,0.06325,1.88516,0.0,0.0
2017-05-31 10:37:00+02:00,0.0596,1.877506,0.0,0.0
2017-05-31 10:38:00+02:00,0.04941,1.87609,0.0,0.0
2017-05-31 10:39:00+02:00,0.05968,1.871921,0.0,0.0
2017-05-31 10:40:00+02:00,0.05694,1.867907,0.0,0.0
2017-05-31 10:41:00+02:00,0.05332,1.88294,0.0,0.0
2017-05-31 10:42:00+02:00,0.0531,1.901185,0.0,0.0
2017-05-31 10:43:00+02:00,0.0541,1.96,0.0,0.0
2017-05-31 10:44:00+02:00,0.05266,2.025477,0.0,0.0
2017-05-31 10:45:00+02:00,0.05012,1.337774,0.0,0.0
2017-05-31 10:46:00+02:00,0.04804,1.405139,0.0,0.0
2017-05-31 10:47:00+02:00,0.04561,0.945272,0.0,0.0
2017-05-31 10:48:00+02:00,0.04333,0.646439,0.0,0.0
2017-05-31 10:49:00+02:00,0.04592,0.572796,0.0,0.0
2017-05-31 10:50:00+02:00,0.05153,0.53955,0.0,0.0
2017-05-31 10:51:00+02:00,0.05482,2.036151,0.0,0.0
2017-05-31 10:52:00+02:00,0.05934,2.175331,0.0,0.0
2017-05-31 10:53:00+02:00,0.06133,2.186501,0.0,0.0
2017-05-31 10:54:00+02:00,0.05814,2.137097,0.0,0.0
2017-05-31 10:55:00+02:00,0.05969,1.896005,0.0,0.0
2017-05-31 10:56:00+02:00,0.04913,1.957747,0.0,0.0
2017-05-31 10:57:00+02:00,0.04566,1.705392,0.0,0.0
2017-05-31 10:58:00+02:00,0.04594,0.739769,0.0,0.0
2017-05-31 10:59:00+02:00,0.04596,0.590405,0.0,0.0
2017-05-31 11:00:00+02:00,0.04903,0.551128,0.0,0.0
2017-05-31 11:01:00+02:00,0.0473,0.482951,0.0,0.0
2017-05-31 11:02:00+02:00,0.04942,0.462494,0.0,0.0
2017-05-31 11:03:00+02:00,0.0561,0.482701,0.0,0.0
2017-05-31 11:04:00+02:00,0.04899,0.561508,0.0,0.0
2017-05-31 11:05:00+02:00,0.04517,0.604915,0.0,0.0
2017-05-31 11:06:00+02:00,0.04656,0.62739,0.0,0.0
2017-05-31 11:07:00+02:00,0.0477,1.454337,0.0,0.0
2017-05-31 11:08:00+02:00,0.04695,2.090362,0.0,0.0
2017-05-31 11:09:00+02:00,0.05046,2.10078,0.0,0.0
2017-05-31 11:10:00+02:00,0.0563,2.145481,0.0,0.0
2017-05-31 11:11:00+02:00,0.0575,2.143944,0.0,0.0
2017-05-31 11:12:00+02:00,0.05729,2.21024,0.0,0.0
2017-05-31 11:13:00+02:00,0.05802,1.672425,0.0,0.0
2017-05-31 11:14:00+02:00,0.05663,1.087231,0.0,0.0
2017-05-31 11:15:00+02:00,0.05752,0.95141,0.0,0.0
2017-05-31 11:16:00+02:00,0.05803,2.026404,0.0,0.0
2017-05-31 11:17:00+02:00,0.0564,1.136126,0.0,0.0
2017-05-31 11:18:00+02:00,0.04975,0.943423,0.0,0.0
2017-05-31 11:19:00+02:00,0.04819,0.881248,0.0,0.0
2017-05-31 11:20:00+02:00,0.04414,1.041426,0.0,0.0
2017-05-31 11:21:00+02:00,0.04866,1.016474,0.0,0.0
2017-05-31 11:22:00+02:00,0.05122,0.616207,0.0,0.0
2017-05-31 11:23:00+02:00,0.0522,0.532753,0.0,0.0
2017-05-31 11:24:00+02:00,0.05507,0.48649,0.0,0.0
2017-05-31 11:25:00+02:00,0.04876,0.507839,0.0,0.0
2017-05-31 11:26:00+02:00,0.04912,1.567645,0.0,0.0
2017-05-31 11:27:00+02:00,0.04523,2.168602,0.0,0.0
2017-05-31 11:28:00+02:00,0.04346,1.738454,0.0,0.0
2017-05-31 11:29:00+02:00,0.04495,2.127708,0.0,0.0
2017-05-31 11:30:00+02:00,0.04593,2.144576,0.0,0.0
2017-05-31 11:31:00+02:00,0.04528,2.145044,0.0,0.0
2017-05-31 11:32:00+02:00,0.04361,2.191217,0.0,0.0
2017-05-31 11:33:00+02:00,0.04579,2.229806,0.0,0.0
2017-05-31 11:34:00+02:00,0.04697,2.13586,0.0,0.0
2017-05-31 11:35:00+02:00,0.04751,0.965473,0.0,0.0
2017-05-31 11:36:00+02:00,0.05198,0.632102,0.0,0.0
2017-05-31 11:37:00+02:00,0.05044,0.679574,0.0,0.0
2017-05-31 11:38:00+02:00,0.04991,1.609024,0.0,0.0
2017-05-31 11:39:00+02:00,0.04777,1.187573,0.0,0.0
2017-05-31 11:40:00+02:00,0.04565,0.874064,0.0,0.0
2017-05-31 11:41:00+02:00,0.04144,0.678647,0.0,0.0
2017-05-31 11:42:00+02:00,0.0426,1.816888,0.0,0.0
2017-05-31 11:43:00+02:00,0.04111,1.804446,0.0,0.0
2017-05-31 11:44:00+02:00,0.0432,2.317336,0.0,0.0
2017-05-31 11:45:00+02:00,0.04089,2.315023,0.0,0.0
2017-05-31 11:46:00+02:00,0.047,2.271665,0.0,0.0
2017-05-31 11:47:00+02:00,0.05128,2.26607,0.0,0.0
2017-05-31 11:48:00+02:00,0.05559,2.274905,0.0,0.0
2017-05-31 11:49:00+02:00,0.05147,2.326225,0.0,0.0
2017-05-31 11:50:00+02:00,0.04876,2.125962,0.0,0.0
2017-05-31 11:51:00+02:00,0.04851,1.074013,0.0,0.0
2017-05-31 11:52:00+02:00,0.04718,0.497016,0.0,0.0
2017-05-31 11:53:00+02:00,0.04195,0.417685,0.0,0.0
2017-05-31 11:54:00+02:00,0.04603,0.389648,0.0,0.0
2017-05-31 11:55:00+02:00,0.04532,1.557277,0.0,0.0
2017-05-31 11:56:00+02:00,0.04452,2.074135,0.0,0.0
2017-05-31 11:57:00+02:00,0.04148,2.061875,0.0,0.0
2017-05-31 11:58:00+02:00,0.04499,2.134868,0.0,0.0
2017-05-31 11:59:00+02:00,0.04365,2.198579,0.0,0.0
2017-05-31 12:00:00+02:00,0.04837,1.333624,0.0,0.0
2017-05-31 12:01:00+02:00,0.04492,0.846882,0.0,0.0
2017-05-31 12:02:00+02:00,0.04732,2.088439,0.0,0.0
2017-05-31 12:03:00+02:00,0.04866,1.469601,0.0,0.0
2017-05-31 12:04:00+02:00,0.05039,0.873914,0.0,0.0
2017-05-31 12:05:00+02:00,0.05146,0.627642,0.0,0.0
2017-05-31 12:06:00+02:00,0.05376,1.96069,0.0,0.0
2017-05-31 12:07:00+02:00,0.05415,2.139017,0.0,0.0
2017-05-31 12:08:00+02:00,0.05264,2.255861,0.0,0.0
2017-05-31 12:09:00+02:00,0.05085,2.173725,0.0,0.0
2017-05-31 12:10:00+02:00,0.05122,2.201951,0.0,0.0
2017-05-31 12:11:00+02:00,0.0493,0.830605,0.0,0.0
2017-05-31 12:12:00+02:00,0.04972,0.740327,0.0,0.0
2017-05-31 12:13:00+02:00,0.05019,1.366252,0.0,0.0
2017-05-31 12:14:00+02:00,0.05308,0.70654,0.0,0.0
2017-05-31 12:15:00+02:00,0.05419,0.664832,0.0,0.0
2017-05-31 12:16:00+02:00,0.05114,2.179361,0.0,0.0
2017-05-31 12:17:00+02:00,0.05253,1.919484,0.0,0.0
2017-05-31 12:18:00+02:00,0.05055,1.846321,0.0,0.0
2017-05-31 12:19:00+02:00,0.04469,1.93597,0.0,0.0
2017-05-31 12:20:00+02:00,0.04368,2.218898,0.0,0.0
2017-05-31 12:21:00+02:00,0.04253,2.231347,0.0,0.0
2017-05-31 12:22:00+02:00,0.04234,1.9778,0.0,0.0
2017-05-31 12:23:00+02:00,0.04171,0.634914,0.0,0.0
2017-05-31 12:24:00+02:00,0.04014,0.711556,0.0,0.0
2017-05-31 12:25:00+02:00,0.0402,1.186105,0.0,0.0
2017-05-31 12:26:00+02:00,0.04063,1.691543,0.0,0.0
2017-05-31 12:27:00+02:00,0.04064,2.285838,0.0,0.0
2017-05-31 12:28:00+02:00,0.04321,1.435489,0.0,0.0
2017-05-31 12:29:00+02:00,0.04295,1.795473,0.0,0.0
2017-05-31 12:30:00+02:00,0.04593,2.302576,0.0,0.0
2017-05-31 12:31:00+02:00,0.04994,2.312185,0.0,0.0
2017-05-31 12:32:00+02:00,0.04787,2.223596,0.0,0.0
2017-05-31 12:33:00+02:00,0.05019,1.908803,0.0,0.0
2017-05-31 12:34:00+02:00,0.04757,1.599809,0.0,0.0
2017-05-31 12:35:00+02:00,0.04562,1.350869,0.0,0.0
2017-05-31 12:36:00+02:00,0.046,2.304853,0.0,0.0
2017-05-31 12:37:00+02:00,0.04717,1.610325,0.0,0.0
2017-05-31 12:38:00+02:00,0.04878,0.994295,0.0,0.0
2017-05-31 12:39:00+02:00,0.0459,2.0005,0.0,0.0
2017-05-31 12:40:00+02:00,0.04825,2.266173,0.0,0.0
2017-05-31 12:41:00+02:00,0.04384,2.291809,0.0,0.0
2017-05-31 12:42:00+02:00,0.04052,1.413576,0.0,0.0
2017-05-31 12:43:00+02:00,0.04326,2.100125,0.0,0.0
2017-05-31 12:44:00+02:00,0.03955,2.016927,0.0,0.0
2017-05-31 12:45:00+02:00,0.04075,0.756088,0.0,0.0
2017-05-31 12:46:00+02:00,0.04212,0.656316,0.0,0.0
2017-05-31 12:47:00+02:00,0.04816,0.711115,0.0,0.0
2017-05-31 12:48:00+02:00,0.04951,1.06951,0.0,0.0
2017-05-31 12:49:00+02:00,0.04549,1.330528,0.0,0.0
2017-05-31 12:50:00+02:00,0.04945,1.062976,0.0,0.0
2017-05-31 12:51:00+02:00,0.05031,1.011211,0.0,0.0
2017-05-31 12:52:00+02:00,0.0489,0.882848,0.0,0.0
2017-05-31 12:53:00+02:00,0.0447,0.844749,0.0,0.0
2017-05-31 12:54:00+02:00,0.04761,0.769088,0.0,0.0
2017-05-31 12:55:00+02:00,0.05297,0.758106,0.0,0.0
2017-05-31 12:56:00+02:00,0.05775,1.713028,0.0,0.0
2017-05-31 12:57:00+02:00,0.05981,2.181091,0.0,0.0
2017-05-31 12:58:00+02:00,0.06068,2.357465,0.0,0.0
2017-05-31 12:59:00+02:00,0.05846,2.341172,0.0,0.0
2017-05-31 13:00:00+02:00,0.05694,2.147657,0.0,0.0
2017-05-31 13:01:00+02:00,0.05718,2.043113,0.0,0.0
2017-05-31 13:02:00+02:00,0.05245,1.273104,0.0,0.0
2017-05-31 13:03:00+02:00,0.05175,0.73868,0.0,0.0
2017-05-31 13:04:00+02:00,0.05435,0.950344,0.0,0.0
2017-05-31 13:05:00+02:00,0.05307,0.753376,0.0,0.0
2017-05-31 13:06:00+02:00,0.05344,0.835205,0.0,0.0
2017-05-31 13:07:00+02:00,0.05664,2.087338,0.0,0.0
2017-05-31 13:08:00+02:00,0.06487,1.705268,0.0,0.0
2017-05-31 13:09:00+02:00,0.07786,2.122191,0.0,0.0
2017-05-31 13:10:00+02:00,0.07811,2.218547,0.0,0.0
2017-05-31 13:11:00+02:00,0.07555,2.168257,0.0,0.0
2017-05-31 13:12:00+02:00,0.07219,2.136744,0.0,0.0
2017-05-31 13:13:00+02:00,0.07329,2.121885,0.0,0.0
2017-05-31 13:14:00+02:00,0.0678,2.090695,0.0,0.0
2017-05-31 13:15:00+02:00,0.06516,2.080742,0.0,0.0
2017-05-31 13:16:00+02:00,0.06089,2.092676,0.0,0.0
2017-05-31 13:17:00+02:00,0.05712,2.089303,0.0,0.0
2017-05-31 13:18:00+02:00,0.05742,2.0938,0.0,0.0
2017-05-31 13:19:00+02:00,0.06154,2.096343,0.0,0.0
2017-05-31 13:20:00+02:00,0.06563,2.09138,0.0,0.0
2017-05-31 13:21:00+02:00,0.06398,2.094509,0.0,0.0
2017-05-31 13:22:00+02:00,0.06004,2.100218,0.0,0.0
2017-05-31 13:23:00+02:00,0.06317,2.099911,0.0,0.0
2017-05-31 13:24:00+02:00,0.06463,2.104733,0.0,0.0
2017-05-31 13:25:00+02:00,0.0717,2.11559,0.0,0.0
2017-05-31 13:26:00+02:00,0.0731,2.125024,0.0,0.0
2017-05-31 13:27:00+02:00,0.07249,2.140133,0.0,0.0
2017-05-31 13:28:00+02:00,0.066,2.156909,0.0,0.0
2017-05-31 13:29:00+02:00,0.06594,2.157343,0.0,0.0
2017-05-31 13:30:00+02:00,0.06663,2.172042,0.0,0.0
2017-05-31 13:31:00+02:00,0.0718,2.163463,0.0,0.0
2017-05-31 13:32:00+02:00,0.06803,2.160702,0.0,0.0
2017-05-31 13:33:00+02:00,0.06386,2.159374,0.0,0.0
2017-05-31 13:34:00+02:00,0.06785,2.055616,0.0,0.0
2017-05-31 13:35:00+02:00,0.07088,2.078291,0.0,0.0
2017-05-31 13:36:00+02:00,0.06225,2.18633,0.0,0.0
2017-05-31 13:37:00+02:00,0.06131,2.185236,0.0,0.0
2017-05-31 13:38:00+02:00,0.06196,1.600909,0.0,0.0
2017-05-31 13:39:00+02:00,0.06477,1.601831,0.0,0.0
2017-05-31 13:40:00+02:00,0.06756,2.241785,0.0,0.0
2017-05-31 13:41:00+02:00,0.07222,2.240779,0.0,0.0
2017-05-31 13:42:00+02:00,0.07249,2.240807,0.0,0.0
2017-05-31 13:43:00+02:00,0.06978,2.241751,0.0,0.0
2017-05-31 13:44:00+02:00,0.06422,2.163818,0.0,0.0
2017-05-31 13:45:00+02:00,0.06253,1.508769,0.0,0.0
2017-05-31 13:46:00+02:00,0.05917,1.32953,0.0,0.0
2017-05-31 13:47:00+02:00,0.05429,1.778594,0.0,0.0
2017-05-31 13:48:00+02:00,0.05293,1.586398,0.0,0.0
2017-05-31 13:49:00+02:00,0.05177,2.092203,0.0,0.0
2017-05-31 13:50:00+02:00,0.04806,1.33969,0.0,0.0
2017-05-31 13:51:00+02:00,0.04578,1.955763,0.0,0.0
2017-05-31 13:52:00+02:00,0.04674,2.16063,0.0,0.0
2017-05-31 13:53:00+02:00,0.0483,2.009099,0.0,0.0
2017-05-31 13:54:00+02:00,0.05002,1.913686,0.0,0.0
2017-05-31 13:55:00+02:00,0.04773,1.338916,0.0,0.0
2017-05-31 13:56:00+02:00,0.04393,2.162065,0.0,0.0
2017-05-31 13:57:00+02:00,0.04672,1.825486,0.0,0.0
2017-05-31 13:58:00+02:00,0.04395,2.169706,0.0,0.0
2017-05-31 13:59:00+02:00,0.04406,2.137633,0.0,0.0
2017-05-31 14:00:00+02:00,0.0439,1.157447,0.0,0.0
2017-05-31 14:01:00+02:00,0.04537,0.679255,0.0,0.0
2017-05-31 14:02:00+02:00,0.04447,1.348767,0.0,0.0
2017-05-31 14:03:00+02:00,0.04767,1.345972,0.0,0.0
2017-05-31 14:04:00+02:00,0.04678,0.71303,0.0,0.0
2017-05-31 14:05:00+02:00,0.04708,0.646362,0.0,0.0
2017-05-31 14:06:00+02:00,0.04472,0.566138,0.0,0.0
2017-05-31 14:07:00+02:00,0.04978,0.534499,0.0,0.0
2017-05-31 14:08:00+02:00,0.04991,0.526419,0.0,0.0
2017-05-31 14:09:00+02:00,0.04804,0.657871,0.0,0.0
2017-05-31 14:10:00+02:00,0.04482,0.565432,0.0,0.0
2017-05-31 14:11:00+02:00,0.04113,0.869173,0.0,0.0
2017-05-31 14:12:00+02:00,0.03926,1.451056,0.0,0.0
2017-05-31 14:13:00+02:00,0.04008,2.177519,0.0,0.0
2017-05-31 14:14:00+02:00,0.04083,2.131918,0.0,0.0
2017-05-31 14:15:00+02:00,0.04091,2.096782,0.0,0.0
2017-05-31 14:16:00+02:00,0.04349,2.108252,0.0,0.0
2017-05-31 14:17:00+02:00,0.04333,1.631779,0.0,0.0
2017-05-31 14:18:00+02:00,0.04148,2.053928,0.0,0.0
2017-05-31 14:19:00+02:00,0.04107,2.111909,0.0,0.0
2017-05-31 14:20:00+02:00,0.04014,2.109362,0.0,0.0
2017-05-31 14:21:00+02:00,0.04259,2.112941,0.0,0.0
2017-05-31 14:22:00+02:00,0.0427,2.093746,0.0,0.0
2017-05-31 14:23:00+02:00,0.04241,1.002321,0.0,0.0
2017-05-31 14:24:00+02:00,0.04533,0.453049,0.0,0.0
2017-05-31 14:25:00+02:00,0.05204,0.814513,0.0,0.0
2017-05-31 14:26:00+02:00,0.05397,0.883348,0.0,0.0
2017-05-31 14:27:00+02:00,0.05737,0.816944,0.0,0.0
2017-05-31 14:28:00+02:00,0.05221,0.929174,0.0,0.0
2017-05-31 14:29:00+02:00,0.05119,1.220265,0.0,0.0
2017-05-31 14:30:00+02:00,0.05213,2.120067,0.0,0.0
2017-05-31 14:31:00+02:00,0.0519,2.099461,0.0,0.0
2017-05-31 14:32:00+02:00,0.04959,2.075564,0.0,0.0
2017-05-31 14:33:00+02:00,0.05516,2.070752,0.0,0.0
2017-05-31 14:34:00+02:00,0.05499,2.05747,0.0,0.0
2017-05-31 14:35:00+02:00,0.05957,2.043095,0.0,0.0
2017-05-31 14:36:00+02:00,0.05258,2.060012,0.0,0.0
2017-05-31 14:37:00+02:00,0.06467,2.056781,0.0,0.0
2017-05-31 14:38:00+02:00,0.05975,2.04043,0.0,0.0
2017-05-31 14:39:00+02:00,0.07296,2.045371,0.0,0.0
2017-05-31 14:40:00+02:00,0.06003,2.042325,0.0,0.0
2017-05-31 14:41:00+02:00,0.05446,2.038561,0.0,0.0
2017-05-31 14:42:00+02:00,0.05535,2.025623,0.0,0.0
2017-05-31 14:43:00+02:00,0.0616,2.018606,0.0,0.0
2017-05-31 14:44:00+02:00,0.05586,2.019965,0.0,0.0
2017-05-31 14:45:00+02:00,0.05405,2.027768,0.0,0.0
2017-05-31 14:46:00+02:00,0.06065,2.027727,0.0,0.0
2017-05-31 14:47:00+02:00,0.05839,2.033708,0.0,0.0
2017-05-31 14:48:00+02:00,0.05321,2.032204,0.0,0.0
2017-05-31 14:49:00+02:00,0.04698,2.054376,0.0,0.0
2017-05-31 14:50:00+02:00,0.05261,1.471945,0.0,0.0
2017-05-31 14:51:00+02:00,0.04548,0.673983,0.0,0.0
2017-05-31 14:52:00+02:00,0.04466,0.500202,0.0,0.0
2017-05-31 14:53:00+02:00,0.04519,0.894352,0.0,0.0
2017-05-31 14:54:00+02:00,0.04925,2.032744,0.0,0.0
2017-05-31 14:55:00+02:00,0.04634,2.093135,0.0,0.0
2017-05-31 14:56:00+02:00,0.04653,2.111859,0.0,0.0
2017-05-31 14:57:00+02:00,0.0478,2.08901,0.0,0.0
2017-05-31 14:58:00+02:00,0.04909,2.031923,0.0,0.0
2017-05-31 14:59:00+02:00,0.04411,1.977822,0.0,0.0
2017-05-31 15:00:00+02:00,0.04484,1.875987,0.0,0.0
2017-05-31 15:01:00+02:00,0.04709,1.975761,0.0,0.0
2017-05-31 15:02:00+02:00,0.0462,0.973224,0.0,0.0
2017-05-31 15:03:00+02:00,0.04338,1.966523,0.0,0.0
2017-05-31 15:04:00+02:00,0.04109,1.964446,0.0,0.0
2017-05-31 15:05:00+02:00,0.04099,1.94413,0.0,0.0
2017-05-31 15:06:00+02:00,0.04079,1.080151,0.0,0.0
2017-05-31 15:07:00+02:00,0.04524,1.791468,0.0,0.0
2017-05-31 15:08:00+02:00,0.04282,1.94688,0.0,0.0
2017-05-31 15:09:00+02:00,0.04556,1.951591,0.0,0.0
2017-05-31 15:10:00+02:00,0.04751,1.968329,0.0,0.0
2017-05-31 15:11:00+02:00,0.04475,1.97739,0.0,0.0
2017-05-31 15:12:00+02:00,0.04244,1.992686,0.0,0.0
2017-05-31 15:13:00+02:00,0.04163,1.991302,0.0,0.0
2017-05-31 15:14:00+02:00,0.0414,1.788246,0.0,0.0
2017-05-31 15:15:00+02:00,0.04699,1.882886,0.0,0.0
2017-05-31 15:16:00+02:00,0.04906,1.981568,0.0,0.0
2017-05-31 15:17:00+02:00,0.04763,1.956503,0.0,0.0
2017-05-31 15:18:00+02:00,0.04916,1.934219,0.0,0.0
2017-05-31 15:19:00+02:00,0.05377,1.920641,0.0,0.0
2017-05-31 15:20:00+02:00,0.05384,1.923469,0.0,0.0
2017-05-31 15:21:00+02:00,0.05221,1.918238,0.0,0.0
2017-05-31 15:22:00+02:00,0.04992,1.895026,0.0,0.0
2017-05-31 15:23:00+02:00,0.04768,1.910011,0.0,0.0
2017-05-31 15:24:00+02:00,0.04701,1.904848,0.0,0.0
2017-05-31 15:25:00+02:00,0.04858,1.90589,0.0,0.0
2017-05-31 15:26:00+02:00,0.05143,1.498111,0.0,0.0
2017-05-31 15:27:00+02:00,0.05598,1.866591,0.0,0.0
2017-05-31 15:28:00+02:00,0.0513,1.862924,0.0,0.0
2017-05-31 15:29:00+02:00,0.05036,1.863509,0.0,0.0
2017-05-31 15:30:00+02:00,0.04842,1.857762,0.0,0.0
2017-05-31 15:31:00+02:00,0.04616,1.852895,0.0,0.0
2017-05-31 15:32:00+02:00,0.04757,1.841612,0.0,0.0
2017-05-31 15:33:00+02:00,0.05699,1.8358,0.0,0.0
2017-05-31 15:34:00+02:00,0.05536,1.858113,0.0,0.0
2017-05-31 15:35:00+02:00,0.05428,1.865869,0.0,0.0
2017-05-31 15:36:00+02:00,0.05052,1.562164,0.0,0.0
2017-05-31 15:37:00+02:00,0.05368,1.74618,0.0,0.0
2017-05-31 15:38:00+02:00,0.05259,1.416303,0.0,0.0
2017-05-31 15:39:00+02:00,0.05035,1.824791,0.0,0.0
2017-05-31 15:40:00+02:00,0.04819,1.802018,0.0,0.0
2017-05-31 15:41:00+02:00,0.0505,1.800945,0.0,0.0
2017-05-31 15:42:00+02:00,0.05109,1.805557,0.0,0.0
2017-05-31 15:43:00+02:00,0.04752,1.80673,0.0,0.0
2017-05-31 15:44:00+02:00,0.04557,1.800875,0.0,0.0
2017-05-31 15:45:00+02:00,0.04216,1.818958,0.0,0.0
2017-05-31 15:46:00+02:00,0.04165,1.809297,0.0,0.0
2017-05-31 15:47:00+02:00,0.04424,0.48256,0.0,0.0
2017-05-31 15:48:00+02:00,0.04751,1.378064,0.0,0.0
2017-05-31 15:49:00+02:00,0.05734,1.802749,0.0,0.0
2017-05-31 15:50:00+02:00,0.05657,1.769261,0.0,0.0
2017-05-31 15:51:00+02:00,0.05812,1.744209,0.0,0.0
2017-05-31 15:52:00+02:00,0.05568,1.736998,0.0,0.0
2017-05-31 15:53:00+02:00,0.04803,1.753321,0.0,0.0
2017-05-31 15:54:00+02:00,0.04749,1.776191,0.0,0.0
2017-05-31 15:55:00+02:00,0.04913,1.76108,0.0,0.0
2017-05-31 15:56:00+02:00,0.04896,1.718564,0.0,0.0
2017-05-31 15:57:00+02:00,0.04785,1.700228,0.0,0.0
2017-05-31 15:58:00+02:00,0.04619,1.699992,0.0,0.0
2017-05-31 15:59:00+02:00,0.04504,1.704753,0.0,0.0
2017-05-31 16:00:00+02:00,0.04522,1.715198,0.0,0.0
2017-05-31 16:01:00+02:00,0.0533,1.723639,0.0,0.0
2017-05-31 16:02:00+02:00,0.05654,1.701319,0.0,0.0
2017-05-31 16:03:00+02:00,0.05651,1.68584,0.0,0.0
2017-05-31 16:04:00+02:00,0.05457,1.686332,0.0,0.0
2017-05-31 16:05:00+02:00,0.05488,1.677778,0.0,0.0
2017-05-31 16:06:00+02:00,0.05508,1.674189,0.0,0.0
2017-05-31 16:07:00+02:00,0.06337,1.676691,0.0,0.0
2017-05-31 16:08:00+02:00,0.06287,1.673476,0.0,0.0
2017-05-31 16:09:00+02:00,0.05914,1.673845,0.0,0.0
2017-05-31 16:10:00+02:00,0.05623,1.665144,0.0,0.0
2017-05-31 16:11:00+02:00,0.05352,1.647742,0.0,0.0
2017-05-31 16:12:00+02:00,0.05602,1.637514,0.0,0.0
2017-05-31 16:13:00+02:00,0.05849,1.61881,0.0,0.0
2017-05-31 16:14:00+02:00,0.05845,1.602581,0.0,0.0
2017-05-31 16:15:00+02:00,0.05743,1.592636,0.0,0.0
2017-05-31 16:16:00+02:00,0.05562,1.583348,0.0,0.0
2017-05-31 16:17:00+02:00,0.05968,1.58348,0.0,0.0
2017-05-31 16:18:00+02:00,0.06418,1.594942,0.0,0.0
2017-05-31 16:19:00+02:00,0.06362,1.599291,0.0,0.0
2017-05-31 16:20:00+02:00,0.06394,1.611092,0.0,0.0
2017-05-31 16:21:00+02:00,0.06237,1.60789,0.0,0.0
2017-05-31 16:22:00+02:00,0.05906,1.59588,0.0,0.0
2017-05-31 16:23:00+02:00,0.05774,1.58927,0.0,0.0
2017-05-31 16:24:00+02:00,0.05402,1.57009,0.0,0.0
2017-05-31 16:25:00+02:00,0.05872,1.553485,0.0,0.0
2017-05-31 16:26:00+02:00,0.06042,1.553521,0.0,0.0
2017-05-31 16:27:00+02:00,0.05448,1.558404,0.0,0.0
2017-05-31 16:28:00+02:00,0.0522,1.551537,0.0,0.0
2017-05-31 16:29:00+02:00,0.05303,1.544625,0.0,0.0
2017-05-31 16:30:00+02:00,0.05617,1.537681,0.0,0.0
2017-05-31 16:31:00+02:00,0.0576,1.537888,0.0,0.0
2017-05-31 16:32:00+02:00,0.06074,1.538672,0.0,0.0
2017-05-31 16:33:00+02:00,0.05813,1.525219,0.0,0.0
2017-05-31 16:34:00+02:00,0.05643,1.501339,0.0,0.0
2017-05-31 16:35:00+02:00,0.05432,1.491032,0.0,0.0
2017-05-31 16:36:00+02:00,0.05305,1.494801,0.0,0.0
2017-05-31 16:37:00+02:00,0.05564,1.490078,0.0,0.0
2017-05-31 16:38:00+02:00,0.05435,1.486069,0.0,0.0
2017-05-31 16:39:00+02:00,0.05792,1.482219,0.0,0.0
2017-05-31 16:40:00+02:00,0.06319,1.476342,0.0,0.0
2017-05-31 16:41:00+02:00,0.06514,1.461647,0.0,0.0
2017-05-31 16:42:00+02:00,0.0629,1.448807,0.0,0.0
2017-05-31 16:43:00+02:00,0.0649,1.446172,0.0,0.0
2017-05-31 16:44:00+02:00,0.07198,1.440189,0.0,0.0
2017-05-31 16:45:00+02:00,0.07294,1.432534,0.0,0.0
2017-05-31 16:46:00+02:00,0.06628,1.328969,0.0,0.0
2017-05-31 16:47:00+02:00,0.06981,1.413634,0.0,0.0
2017-05-31 16:48:00+02:00,0.07269,1.293539,0.0,0.0
2017-05-31 16:49:00+02:00,0.07494,1.374925,0.0,0.0
2017-05-31 16:50:00+02:00,0.07638,1.374667,0.0,0.0
2017-05-31 16:51:00+02:00,0.07711,1.048124,0.0,0.0
2017-05-31 16:52:00+02:00,0.07908,1.351255,0.0,0.0
2017-05-31 16:53:00+02:00,0.08066,1.359338,0.0,0.0
2017-05-31 16:54:00+02:00,0.07224,1.357587,0.0,0.0
2017-05-31 16:55:00+02:00,0.07164,1.344602,0.0,0.0
2017-05-31 16:56:00+02:00,0.05797,1.338178,0.0,0.0
2017-05-31 16:57:00+02:00,0.05491,1.341274,0.0,0.0
2017-05-31 16:58:00+02:00,0.05138,1.335056,0.0,0.0
2017-05-31 16:59:00+02:00,0.04846,1.314823,0.0,0.0
2017-05-31 17:00:00+02:00,0.0481,1.308143,0.0,0.0
2017-05-31 17:01:00+02:00,0.05244,1.168643,0.0,0.0
2017-05-31 17:02:00+02:00,0.06045,1.237127,0.0,0.0
2017-05-31 17:03:00+02:00,0.06405,1.310963,0.0,0.0
2017-05-31 17:04:00+02:00,0.06984,1.301947,0.0,0.0
2017-05-31 17:05:00+02:00,0.06934,1.290242,0.0,0.0
2017-05-31 17:06:00+02:00,0.06743,1.276126,0.0,0.0
2017-05-31 17:07:00+02:00,0.06629,1.276776,0.0,0.0
2017-05-31 17:08:00+02:00,0.06635,1.270526,0.0,0.0
2017-05-31 17:09:00+02:00,0.06371,1.264021,0.0,0.0
2017-05-31 17:10:00+02:00,0.06446,1.255919,0.0,0.0
2017-05-31 17:11:00+02:00,0.06282,1.2541,0.0,0.0
2017-05-31 17:12:00+02:00,0.06632,1.247729,0.0,0.0
2017-05-31 17:13:00+02:00,0.06449,1.24124,0.0,0.0
2017-05-31 17:14:00+02:00,0.06771,1.24335,0.0,0.0
2017-05-31 17:15:00+02:00,0.06462,1.238152,0.0,0.0
2017-05-31 17:16:00+02:00,0.06162,1.23331,0.0,0.0
2017-05-31 17:17:00+02:00,0.06213,1.236136,0.0,0.0
2017-05-31 17:18:00+02:00,0.06642,1.242835,0.0,0.0
2017-05-31 17:19:00+02:00,0.07207,1.246216,0.0,0.0
2017-05-31 17:20:00+02:00,0.06768,1.251409,0.0,0.0
2017-05-31 17:21:00+02:00,0.0597,1.249517,0.0,0.0
2017-05-31 17:22:00+02:00,0.05693,1.247202,0.0,0.0
2017-05-31 17:23:00+02:00,0.06289,1.239766,0.0,0.0
2017-05-31 17:24:00+02:00,0.06739,1.227717,0.0,0.0
2017-05-31 17:25:00+02:00,0.07029,1.214908,0.0,0.0
2017-05-31 17:26:00+02:00,0.07161,1.200928,0.0,0.0
2017-05-31 17:27:00+02:00,0.07148,1.189989,0.0,0.0
2017-05-31 17:28:00+02:00,0.07493,1.184207,0.0,0.0
2017-05-31 17:29:00+02:00,0.07241,1.180438,0.0,0.0
2017-05-31 17:30:00+02:00,0.07368,1.171363,0.0,0.0
2017-05-31 17:31:00+02:00,0.07382,1.171672,0.0,0.0
2017-05-31 17:32:00+02:00,0.08224,1.17419,0.0,0.0
2017-05-31 17:33:00+02:00,0.07228,1.162829,0.0,0.0
2017-05-31 17:34:00+02:00,0.07282,1.15139,0.0,0.0
2017-05-31 17:35:00+02:00,0.07518,1.142743,0.0,0.0
2017-05-31 17:36:00+02:00,0.08019,1.139312,0.0,0.0
2017-05-31 17:37:00+02:00,0.07343,1.119346,0.0,0.0
2017-05-31 17:38:00+02:00,0.07448,1.119866,0.0,0.0
2017-05-31 17:39:00+02:00,0.07442,1.129894,0.0,0.0
2017-05-31 17:40:00+02:00,0.07117,1.134902,0.0,0.0
2017-05-31 17:41:00+02:00,0.06824,1.063249,0.0,0.0
2017-05-31 17:42:00+02:00,0.06827,1.073768,0.0,0.0
2017-05-31 17:43:00+02:00,0.07174,1.095046,0.0,0.0
2017-05-31 17:44:00+02:00,0.07175,1.089416,0.0,0.0
2017-05-31 17:45:00+02:00,0.0769,1.104514,0.0,0.0
2017-05-31 17:46:00+02:00,0.08493,1.096576,0.0,0.0
2017-05-31 17:47:00+02:00,0.07872,1.07019,0.0,0.0
2017-05-31 17:48:00+02:00,0.0797,1.078877,0.0,0.0
2017-05-31 17:49:00+02:00,0.07882,1.081769,0.0,0.0
2017-05-31 17:50:00+02:00,0.07955,1.070719,0.0,0.0
2017-05-31 17:51:00+02:00,0.08199,0.983884,0.0,0.0
2017-05-31 17:52:00+02:00,0.08057,0.491386,0.0,0.0
2017-05-31 17:53:00+02:00,0.07761,0.865017,0.0,0.0
2017-05-31 17:54:00+02:00,0.07192,1.009553,0.0,0.0
2017-05-31 17:55:00+02:00,0.06944,1.03441,0.0,0.0
2017-05-31 17:56:00+02:00,0.0718,1.025408,0.0,0.0
2017-05-31 17:57:00+02:00,0.06856,1.021541,0.0,0.0
2017-05-31 17:58:00+02:00,0.06482,1.018708,0.0,0.0
2017-05-31 17:59:00+02:00,0.06501,1.014228,0.0,0.0
2017-05-31 18:00:00+02:00,0.0697,1.005059,0.0,0.0
2017-05-31 18:01:00+02:00,0.07412,1.003993,0.0,0.0
2017-05-31 18:02:00+02:00,0.07163,0.994781,0.0,0.0
2017-05-31 18:03:00+02:00,0.07054,0.980402,0.0,0.0
2017-05-31 18:04:00+02:00,0.07109,0.976284,0.0,0.0
2017-05-31 18:05:00+02:00,0.06505,0.979216,0.0,0.0
2017-05-31 18:06:00+02:00,0.05783,0.97823,0.0,0.0
2017-05-31 18:07:00+02:00,0.05616,0.97105,0.0,0.0
2017-05-31 18:08:00+02:00,0.06082,0.917588,0.0,0.0
2017-05-31 18:09:00+02:00,0.06492,0.957224,0.0,0.0
2017-05-31 18:10:00+02:00,0.07224,0.907375,0.0,0.0
2017-05-31 18:11:00+02:00,0.06992,0.978674,0.0,0.0
2017-05-31 18:12:00+02:00,0.07606,0.971993,0.0,0.0
2017-05-31 18:13:00+02:00,0.07485,0.962809,0.0,0.0
2017-05-31 18:14:00+02:00,0.07319,0.95778,0.0,0.0
2017-05-31 18:15:00+02:00,0.079,0.941891,0.0,0.0
2017-05-31 18:16:00+02:00,0.08816,0.925153,0.0,0.0
2017-05-31 18:17:00+02:00,0.08568,0.922495,0.0,0.0
2017-05-31 18:18:00+02:00,0.08617,0.930658,0.0,0.0
2017-05-31 18:19:00+02:00,0.08213,0.790313,0.0,0.0
2017-05-31 18:20:00+02:00,0.08237,0.879442,0.0,0.0
2017-05-31 18:21:00+02:00,0.08106,0.866727,0.0,0.0
2017-05-31 18:22:00+02:00,0.0767,0.75294,0.0,0.0
2017-05-31 18:23:00+02:00,0.08043,0.791491,0.0,0.0
2017-05-31 18:24:00+02:00,0.07574,0.851454,0.0,0.0
2017-05-31 18:25:00+02:00,0.07502,0.857509,0.0,0.0
2017-05-31 18:26:00+02:00,0.07424,0.903263,0.0,0.0
2017-05-31 18:27:00+02:00,0.07597,0.870948,0.0,0.0
2017-05-31 18:28:00+02:00,0.08536,0.87541,0.0,0.0
2017-05-31 18:29:00+02:00,0.08652,0.897439,0.0,0.0
2017-05-31 18:30:00+02:00,0.08316,0.903449,0.0,0.0
2017-05-31 18:31:00+02:00,0.07749,0.894229,0.0,0.0
2017-05-31 18:32:00+02:00,0.07786,0.877765,0.0,0.0
2017-05-31 18:33:00+02:00,0.08189,0.853259,0.0,0.0
2017-05-31 18:34:00+02:00,0.0821,0.868918,0.0,0.0
2017-05-31 18:35:00+02:00,0.07654,0.861658,0.0,0.0
2017-05-31 18:36:00+02:00,0.07827,0.851468,0.0,0.0
2017-05-31 18:37:00+02:00,0.08324,0.831661,0.0,0.0
2017-05-31 18:38:00+02:00,0.08739,0.824679,0.0,0.0
2017-05-31 18:39:00+02:00,0.079,0.839009,0.0,0.0
2017-05-31 18:40:00+02:00,0.07899,0.805941,0.0,0.0
2017-05-31 18:41:00+02:00,0.08154,0.733666,0.0,0.0
2017-05-31 18:42:00+02:00,0.07994,0.785277,0.0,0.0
2017-05-31 18:43:00+02:00,0.07847,0.752058,0.0,0.0
2017-05-31 18:44:00+02:00,0.07837,0.723373,0.0,0.0
2017-05-31 18:45:00+02:00,0.08241,0.635792,0.0,0.0
2017-05-31 18:46:00+02:00,0.08442,0.511337,0.0,0.0
2017-05-31 18:47:00+02:00,0.08666,0.423983,0.0,0.0
2017-05-31 18:48:00+02:00,0.08083,0.481109,0.0,0.0
2017-05-31 18:49:00+02:00,0.07969,0.618152,0.0,0.0
2017-05-31 18:50:00+02:00,0.08166,0.701053,0.0,0.0
2017-05-31 18:51:00+02:00,0.07641,0.688221,0.0,0.0
2017-05-31 18:52:00+02:00,0.08095,0.731986,0.0,0.0
2017-05-31 18:53:00+02:00,0.07798,0.738508,0.0,0.0
2017-05-31 18:54:00+02:00,0.07745,0.730706,0.0,0.0
2017-05-31 18:55:00+02:00,0.07893,0.702925,0.0,0.0
2017-05-31 18:56:00+02:00,0.08791,0.639292,0.0,0.0
2017-05-31 18:57:00+02:00,0.08904,0.484789,0.0,0.0
2017-05-31 18:58:00+02:00,0.0867,0.639184,0.0,0.0
2017-05-31 18:59:00+02:00,0.08169,0.675036,0.0,0.0
2017-05-31 19:00:00+02:00,0.07964,0.680827,0.0,0.0
2017-05-31 19:01:00+02:00,0.08136,0.668641,0.0,0.0
2017-05-31 19:02:00+02:00,0.08618,0.637493,0.0,0.0
2017-05-31 19:03:00+02:00,0.08144,0.551594,0.0,0.0
2017-05-31 19:04:00+02:00,0.08098,0.627505,0.0,0.0
2017-05-31 19:05:00+02:00,0.08147,0.566206,0.0,0.0
2017-05-31 19:06:00+02:00,0.07199,0.656082,0.0,0.0
2017-05-31 19:07:00+02:00,0.07968,0.648731,0.0,0.0
2017-05-31 19:08:00+02:00,0.08589,0.643554,0.0,0.0
2017-05-31 19:09:00+02:00,0.08607,0.637758,0.0,0.0
2017-05-31 19:10:00+02:00,0.08514,0.636687,0.0,0.0
2017-05-31 19:11:00+02:00,0.08656,0.629224,0.0,0.0
2017-05-31 19:12:00+02:00,0.08767,0.611158,0.0,0.0
2017-05-31 19:13:00+02:00,0.08679,0.429754,0.0,0.0
2017-05-31 19:14:00+02:00,0.08987,0.269624,0.0,0.0
2017-05-31 19:15:00+02:00,0.08638,0.530658,0.0,0.0
2017-05-31 19:16:00+02:00,0.0835,0.505037,0.0,0.0
2017-05-31 19:17:00+02:00,0.092,0.555518,0.0,0.0
2017-05-31 19:18:00+02:00,0.08445,0.593136,0.0,0.0
2017-05-31 19:19:00+02:00,0.08547,0.577157,0.0,0.0
2017-05-31 19:20:00+02:00,0.09418,0.355707,0.0,0.0
2017-05-31 19:21:00+02:00,0.1017,0.340697,0.0,0.0
2017-05-31 19:22:00+02:00,0.09779,0.468202,0.0,0.0
2017-05-31 19:23:00+02:00,0.09991,0.591363,0.0,0.0
2017-05-31 19:24:00+02:00,0.10715,0.541291,0.0,0.0
2017-05-31 19:25:00+02:00,0.11153,0.419841,0.0,0.0
2017-05-31 19:26:00+02:00,0.10727,0.432304,0.0,0.0
2017-05-31 19:27:00+02:00,0.10944,0.564305,0.0,0.0
2017-05-31 19:28:00+02:00,0.10692,0.560974,0.0,0.0
2017-05-31 19:29:00+02:00,0.096,0.56536,0.0,0.0
2017-05-31 19:30:00+02:00,0.08256,0.56327,0.0,0.0
2017-05-31 19:31:00+02:00,0.08859,0.532926,0.0,0.0
2017-05-31 19:32:00+02:00,0.09066,0.520331,0.0,0.0
2017-05-31 19:33:00+02:00,0.0972,0.491819,0.0,0.0
2017-05-31 19:34:00+02:00,0.10131,0.454172,0.0,0.0
2017-05-31 19:35:00+02:00,0.09454,0.452603,0.0,0.0
2017-05-31 19:36:00+02:00,0.09465,0.513297,0.0,0.0
2017-05-31 19:37:00+02:00,0.08938,0.489456,0.0,0.0
2017-05-31 19:38:00+02:00,0.08969,0.465003,0.0,0.0
2017-05-31 19:39:00+02:00,0.09491,0.391874,0.0,0.0
2017-05-31 19:40:00+02:00,0.1073,0.31579,0.0,0.0
2017-05-31 19:41:00+02:00,0.10828,0.261778,0.0,0.0
2017-05-31 19:42:00+02:00,0.10424,0.245606,0.0,0.0
2017-05-31 19:43:00+02:00,0.09087,0.269287,0.0,0.0
2017-05-31 19:44:00+02:00,0.09486,0.306455,0.0,0.0
2017-05-31 19:45:00+02:00,0.09865,0.259789,0.0,0.0
2017-05-31 19:46:00+02:00,0.10216,0.24727,0.0,0.0
2017-05-31 19:47:00+02:00,0.09425,0.166797,0.0,0.0
2017-05-31 19:48:00+02:00,0.09995,0.13671,0.0,0.0
2017-05-31 19:49:00+02:00,0.09988,0.119641,0.0,0.0
2017-05-31 19:50:00+02:00,0.09,0.104909,0.0,0.0
2017-05-31 19:51:00+02:00,0.08505,0.094801,0.0,0.0
2017-05-31 19:52:00+02:00,0.08611,0.092354,0.0,0.0
2017-05-31 19:53:00+02:00,0.08443,0.119452,0.0,0.0
2017-05-31 19:54:00+02:00,0.08088,0.181381,0.0,0.0
2017-05-31 19:55:00+02:00,0.08449,0.203836,0.0,0.0
2017-05-31 19:56:00+02:00,0.09265,0.24125,0.0,0.0
2017-05-31 19:57:00+02:00,0.10368,0.271674,0.0,0.0
2017-05-31 19:58:00+02:00,0.10942,0.335653,0.0,0.0
2017-05-31 19:59:00+02:00,0.11179,0.365434,0.0,0.0
2017-05-31 20:00:00+02:00,0.11075,0.362122,0.0,0.0
2017-05-31 20:01:00+02:00,0.1111,0.348358,0.0,0.0
2017-05-31 20:02:00+02:00,0.1123,0.340256,0.0,0.0
2017-05-31 20:03:00+02:00,0.10292,0.329058,0.0,0.0
2017-05-31 20:04:00+02:00,0.11004,0.296201,0.0,0.0
2017-05-31 20:05:00+02:00,0.10493,0.310898,0.0,0.0
2017-05-31 20:06:00+02:00,0.09909,0.276084,0.0,0.0
2017-05-31 20:07:00+02:00,0.10067,0.206275,0.0,0.0
2017-05-31 20:08:00+02:00,0.09241,0.155543,0.0,0.0
2017-05-31 20:09:00+02:00,0.08309,0.244553,0.0,0.0
2017-05-31 20:10:00+02:00,0.08593,0.283579,0.0,0.0
2017-05-31 20:11:00+02:00,0.08443,0.277666,0.0,0.0
2017-05-31 20:12:00+02:00,0.07931,0.269656,0.0,0.0
2017-05-31 20:13:00+02:00,0.08691,0.258503,0.0,0.0
2017-05-31 20:14:00+02:00,0.09573,0.237551,0.0,0.0
2017-05-31 20:15:00+02:00,0.09247,0.230126,0.0,0.0
2017-05-31 20:16:00+02:00,0.09329,0.205555,0.0,0.0
2017-05-31 20:17:00+02:00,0.09695,0.169587,0.0,0.0
2017-05-31 20:18:00+02:00,0.09512,0.164599,0.0,0.0
2017-05-31 20:19:00+02:00,0.09251,0.187693,0.0,0.0
2017-05-31 20:20:00+02:00,0.09805,0.208341,0.0,0.0
2017-05-31 20:21:00+02:00,0.08889,0.200639,0.0,0.0
2017-05-31 20:22:00+02:00,0.08645,0.19557,0.0,0.0
2017-05-31 20:23:00+02:00,0.0961,0.18301,0.0,0.0
2017-05-31 20:24:00+02:00,0.10202,0.175601,0.0,0.0
2017-05-31 20:25:00+02:00,0.10181,0.179291,0.0,0.0
2017-05-31 20:26:00+02:00,0.092,0.141761,0.0,0.0
2017-05-31 20:27:00+02:00,0.09401,0.091505,0.0,0.0
2017-05-31 20:28:00+02:00,0.11532,0.134521,0.0,0.0
2017-05-31 20:29:00+02:00,0.10055,0.150239,0.0,0.0
2017-05-31 20:30:00+02:00,0.10459,0.148894,0.0,0.0
2017-05-31 20:31:00+02:00,0.1011,0.143224,0.0,0.0
2017-05-31 20:32:00+02:00,0.08872,0.135569,0.0,0.0
2017-05-31 20:33:00+02:00,0.10008,0.129991,0.0,0.0
2017-05-31 20:34:00+02:00,0.09423,0.121275,0.0,0.0
2017-05-31 20:35:00+02:00,0.09176,0.107491,0.0,0.0
2017-05-31 20:36:00+02:00,0.1023,0.098703,0.0,0.0
2017-05-31 20:37:00+02:00,0.11006,0.094117,0.0,0.0
2017-05-31 20:38:00+02:00,0.09951,0.088331,0.0,0.0
2017-05-31 20:39:00+02:00,0.0933,0.075055,0.0,0.0
2017-05-31 20:40:00+02:00,0.10236,0.050195,0.0,0.0
2017-05-31 20:41:00+02:00,0.10733,0.031199,0.0,0.0
2017-05-31 20:42:00+02:00,0.09726,0.013095,0.0,0.0
2017-05-31 20:43:00+02:00,0.0972,0.006674,0.0,0.0
2017-05-31 20:44:00+02:00,0.09855,0.003994,0.0,0.0
2017-05-31 20:45:00+02:00,0.09913,0.001375,0.0,0.0
2017-05-31 20:46:00+02:00,0.09757,0.000205,0.0,0.0
2017-05-31 20:47:00+02:00,0.09037,0.0,0.0,0.0
2017-05-31 20:48:00+02:00,0.09796,0.0,0.0,0.0
2017-05-31 20:49:00+02:00,0.11284,0.0,0.0,0.0
2017-05-31 20:50:00+02:00,0.11004,0.0,0.0,0.0
2017-05-31 20:51:00+02:00,0.11411,0.0,0.0,0.0
2017-05-31 20:52:00+02:00,0.11833,0.0,0.0,0.0
2017-05-31 20:53:00+02:00,0.10754,0.0,0.0,0.0
2017-05-31 20:54:00+02:00,0.1051,0.0,0.0,0.0
2017-05-31 20:55:00+02:00,0.10693,0.0,0.0,0.0
2017-05-31 20:56:00+02:00,0.10036,0.0,0.0,0.0
2017-05-31 20:57:00+02:00,0.10517,0.0,0.0,0.0
2017-05-31 20:58:00+02:00,0.10267,0.0,0.0,0.0
2017-05-31 20:59:00+02:00,0.0966,0.0,0.0,0.0
2017-05-31 21:00:00+02:00,0.09111,0.0,0.0,0.0
2017-05-31 21:01:00+02:00,0.09302,0.0,0.0,0.0
2017-05-31 21:02:00+02:00,0.09635,0.0,0.0,0.0
2017-05-31 21:03:00+02:00,0.09245,0.0,0.0,0.0
2017-05-31 21:04:00+02:00,0.09508,0.0,0.0,0.0
2017-05-31 21:05:00+02:00,0.09422,0.0,0.0,0.0
2017-05-31 21:06:00+02:00,0.10186,0.0,0.0,0.0
2017-05-31 21:07:00+02:00,0.0915,0.0,0.0,0.0
2017-05-31 21:08:00+02:00,0.08253,0.0,0.0,0.0
2017-05-31 21:09:00+02:00,0.08352,0.0,0.0,0.0
2017-05-31 21:10:00+02:00,0.08784,0.0,0.0,0.0
2017-05-31 21:11:00+02:00,0.09343,0.0,0.0,0.0
2017-05-31 21:12:00+02:00,0.1007,0.0,0.0,0.0
2017-05-31 21:13:00+02:00,0.09012,0.0,0.0,0.0
2017-05-31 21:14:00+02:00,0.0924,0.0,0.0,0.0
2017-05-31 21:15:00+02:00,0.09379,0.0,0.0,0.0
2017-05-31 21:16:00+02:00,0.08708,0.0,0.0,0.0
2017-05-31 21:17:00+02:00,0.08655,0.0,0.0,0.0
2017-05-31 21:18:00+02:00,0.0891,0.0,0.0,0.0
2017-05-31 21:19:00+02:00,0.091,0.0,0.0,0.0
2017-05-31 21:20:00+02:00,0.09449,0.0,0.0,0.0
2017-05-31 21:21:00+02:00,0.08577,0.0,0.0,0.0
2017-05-31 21:22:00+02:00,0.08351,0.0,0.0,0.0
2017-05-31 21:23:00+02:00,0.07887,0.0,0.0,0.0
2017-05-31 21:24:00+02:00,0.08618,0.0,0.0,0.0
2017-05-31 21:25:00+02:00,0.08391,0.0,0.0,0.0
2017-05-31 21:26:00+02:00,0.08502,0.0,0.0,0.0
2017-05-31 21:27:00+02:00,0.08954,0.0,0.0,0.0
2017-05-31 21:28:00+02:00,0.08996,0.0,0.0,0.0
2017-05-31 21:29:00+02:00,0.08837,0.0,0.0,0.0
2017-05-31 21:30:00+02:00,0.09188,0.0,0.0,0.0
2017-05-31 21:31:00+02:00,0.099,0.0,0.0,0.0
2017-05-31 21:32:00+02:00,0.09638,0.0,0.0,0.0
2017-05-31 21:33:00+02:00,0.09726,0.0,0.0,0.0
2017-05-31 21:34:00+02:00,0.09397,0.0,0.0,0.0
2017-05-31 21:35:00+02:00,0.08988,0.0,0.0,0.0
2017-05-31 21:36:00+02:00,0.08827,0.0,0.0,0.0
2017-05-31 21:37:00+02:00,0.0882,0.0,0.0,0.0
2017-05-31 21:38:00+02:00,0.09055,0.0,0.0,0.0
2017-05-31 21:39:00+02:00,0.08224,0.0,0.0,0.0
2017-05-31 21:40:00+02:00,0.07659,0.0,0.0,0.0
2017-05-31 21:41:00+02:00,0.07713,0.0,0.0,0.0
2017-05-31 21:42:00+02:00,0.07503,0.0,0.0,0.0
2017-05-31 21:43:00+02:00,0.06816,0.0,0.0,0.0
2017-05-31 21:44:00+02:00,0.07107,0.0,0.0,0.0
2017-05-31 21:45:00+02:00,0.077,0.0,0.0,0.0
2017-05-31 21:46:00+02:00,0.07923,0.0,0.0,0.0
2017-05-31 21:47:00+02:00,0.08234,0.0,0.0,0.0
2017-05-31 21:48:00+02:00,0.08704,0.0,0.0,0.0
2017-05-31 21:49:00+02:00,0.08213,0.0,0.0,0.0
2017-05-31 21:50:00+02:00,0.07877,0.0,0.0,0.0
2017-05-31 21:51:00+02:00,0.0834,0.0,0.0,0.0
2017-05-31 21:52:00+02:00,0.08025,0.0,0.0,0.0
2017-05-31 21:53:00+02:00,0.07792,0.0,0.0,0.0
2017-05-31 21:54:00+02:00,0.08296,0.0,0.0,0.0
2017-05-31 21:55:00+02:00,0.08399,0.0,0.0,0.0
2017-05-31 21:56:00+02:00,0.08327,0.0,0.0,0.0
2017-05-31 21:57:00+02:00,0.08465,0.0,0.0,0.0
2017-05-31 21:58:00+02:00,0.08936,0.0,0.0,0.0
2017-05-31 21:59:00+02:00,0.08776,0.0,0.0,0.0
2017-05-31 22:00:00+02:00,0.08392,0.0,0.0,0.0
2017-05-31 22:01:00+02:00,0.07975,0.0,0.0,0.0
2017-05-31 22:02:00+02:00,0.08347,0.0,0.0,0.0
2017-05-31 22:03:00+02:00,0.09209,0.0,0.0,0.0
2017-05-31 22:04:00+02:00,0.09178,0.0,0.0,0.0
2017-05-31 22:05:00+02:00,0.08782,0.0,0.0,0.0
2017-05-31 22:06:00+02:00,0.08211,0.0,0.0,0.0
2017-05-31 22:07:00+02:00,0.08087,0.0,0.0,0.0
2017-05-31 22:08:00+02:00,0.08036,0.0,0.0,0.0
2017-05-31 22:09:00+02:00,0.08412,0.0,0.0,0.0
2017-05-31 22:10:00+02:00,0.08804,0.0,0.0,0.0
2017-05-31 22:11:00+02:00,0.08749,0.0,0.0,0.0
2017-05-31 22:12:00+02:00,0.08751,0.0,0.0,0.0
2017-05-31 22:13:00+02:00,0.09023,0.0,0.0,0.0
2017-05-31 22:14:00+02:00,0.08431,0.0,0.0,0.0
2017-05-31 22:15:00+02:00,0.08384,0.0,0.0,0.0
2017-05-31 22:16:00+02:00,0.08371,0.0,0.0,0.0
2017-05-31 22:17:00+02:00,0.08423,0.0,0.0,0.0
2017-05-31 22:18:00+02:00,0.08388,0.0,0.0,0.0
2017-05-31 22:19:00+02:00,0.08171,0.0,0.0,0.0
2017-05-31 22:20:00+02:00,0.08322,0.0,0.0,0.0
2017-05-31 22:21:00+02:00,0.09677,0.0,0.0,0.0
2017-05-31 22:22:00+02:00,0.10173,0.0,0.0,0.0
2017-05-31 22:23:00+02:00,0.10039,0.0,0.0,0.0
2017-05-31 22:24:00+02:00,0.08558,0.0,0.0,0.0
2017-05-31 22:25:00+02:00,0.08505,0.0,0.0,0.0
2017-05-31 22:26:00+02:00,0.0945,0.0,0.0,0.0
2017-05-31 22:27:00+02:00,0.08939,0.0,0.0,0.0
2017-05-31 22:28:00+02:00,0.07925,0.0,0.0,0.0
2017-05-31 22:29:00+02:00,0.07649,0.0,0.0,0.0
2017-05-31 22:30:00+02:00,0.07701,0.0,0.0,0.0
2017-05-31 22:31:00+02:00,0.07864,0.0,0.0,0.0
2017-05-31 22:32:00+02:00,0.0821,0.0,0.0,0.0
2017-05-31 22:33:00+02:00,0.08276,0.0,0.0,0.0
2017-05-31 22:34:00+02:00,0.08063,0.0,0.0,0.0
2017-05-31 22:35:00+02:00,0.07861,0.0,0.0,0.0
2017-05-31 22:36:00+02:00,0.08164,0.0,0.0,0.0
2017-05-31 22:37:00+02:00,0.08218,0.0,0.0,0.0
2017-05-31 22:38:00+02:00,0.08013,0.0,0.0,0.0
2017-05-31 22:39:00+02:00,0.08761,0.0,0.0,0.0
2017-05-31 22:40:00+02:00,0.09451,0.0,0.0,0.0
2017-05-31 22:41:00+02:00,0.08138,0.0,0.0,0.0
2017-05-31 22:42:00+02:00,0.07758,0.0,0.0,0.0
2017-05-31 22:43:00+02:00,0.07971,0.0,0.0,0.0
2017-05-31 22:44:00+02:00,0.07834,0.0,0.0,0.0
2017-05-31 22:45:00+02:00,0.07577,0.0,0.0,0.0
2017-05-31 22:46:00+02:00,0.07635,0.0,0.0,0.0
2017-05-31 22:47:00+02:00,0.07548,0.0,0.0,0.0
2017-05-31 22:48:00+02:00,0.08142,0.0,0.0,0.0
2017-05-31 22:49:00+02:00,0.08424,0.0,0.0,0.0
2017-05-31 22:50:00+02:00,0.08235,0.0,0.0,0.0
2017-05-31 22:51:00+02:00,0.07716,0.0,0.0,0.0
2017-05-31 22:52:00+02:00,0.07491,0.0,0.0,0.0
2017-05-31 22:53:00+02:00,0.07734,0.0,0.0,0.0
2017-05-31 22:54:00+02:00,0.0803,0.0,0.0,0.0
2017-05-31 22:55:00+02:00,0.0738,0.0,0.0,0.0
2017-05-31 22:56:00+02:00,0.07114,0.0,0.0,0.0
2017-05-31 22:57:00+02:00,0.07219,0.0,0.0,0.0
2017-05-31 22:58:00+02:00,0.08047,0.0,0.0,0.0
2017-05-31 22:59:00+02:00,0.08249,0.0,0.0,0.0
2017-05-31 23:00:00+02:00,0.08126,0.0,0.0,0.0
2017-05-31 23:01:00+02:00,0.07896,0.0,0.0,0.0
2017-05-31 23:02:00+02:00,0.07767,0.0,0.0,0.0
2017-05-31 23:03:00+02:00,0.07413,0.0,0.0,0.0
2017-05-31 23:04:00+02:00,0.07958,0.0,0.0,0.0
2017-05-31 23:05:00+02:00,0.07651,0.0,0.0,0.0
2017-05-31 23:06:00+02:00,0.07489,0.0,0.0,0.0
2017-05-31 23:07:00+02:00,0.0801,0.0,0.0,0.0
2017-05-31 23:08:00+02:00,0.08935,0.0,0.0,0.0
2017-05-31 23:09:00+02:00,0.09056,0.0,0.0,0.0
2017-05-31 23:10:00+02:00,0.06749,0.0,0.0,0.0
2017-05-31 23:11:00+02:00,0.06794,0.0,0.0,0.0
2017-05-31 23:12:00+02:00,0.06966,0.0,0.0,0.0
2017-05-31 23:13:00+02:00,0.07021,0.0,0.0,0.0
2017-05-31 23:14:00+02:00,0.06953,0.0,0.0,0.0
2017-05-31 23:15:00+02:00,0.06648,0.0,0.0,0.0
2017-05-31 23:16:00+02:00,0.06433,0.0,0.0,0.0
2017-05-31 23:17:00+02:00,0.06382,0.0,0.0,0.0
2017-05-31 23:18:00+02:00,0.06785,0.0,0.0,0.0
2017-05-31 23:19:00+02:00,0.0629,0.0,0.0,0.0
2017-05-31 23:20:00+02:00,0.05902,0.0,0.0,0.0
2017-05-31 23:21:00+02:00,0.0626,0.0,0.0,0.0
2017-05-31 23:22:00+02:00,0.06562,0.0,0.0,0.0
2017-05-31 23:23:00+02:00,0.07056,0.0,0.0,0.0
2017-05-31 23:24:00+02:00,0.06735,0.0,0.0,0.0
2017-05-31 23:25:00+02:00,0.06689,0.0,0.0,0.0
2017-05-31 23:26:00+02:00,0.07313,0.0,0.0,0.0
2017-05-31 23:27:00+02:00,0.07626,0.0,0.0,0.0
2017-05-31 23:28:00+02:00,0.07385,0.0,0.0,0.0
2017-05-31 23:29:00+02:00,0.07076,0.0,0.0,0.0
2017-05-31 23:30:00+02:00,0.07241,0.0,0.0,0.0
2017-05-31 23:31:00+02:00,0.07465,0.0,0.0,0.0
2017-05-31 23:32:00+02:00,0.07879,0.0,0.0,0.0
2017-05-31 23:33:00+02:00,0.07353,0.0,0.0,0.0
2017-05-31 23:34:00+02:00,0.06902,0.0,0.0,0.0
2017-05-31 23:35:00+02:00,0.06993,0.0,0.0,0.0
2017-05-31 23:36:00+02:00,0.07153,0.0,0.0,0.0
2017-05-31 23:37:00+02:00,0.06581,0.0,0.0,0.0
2017-05-31 23:38:00+02:00,0.06406,0.0,0.0,0.0
2017-05-31 23:39:00+02:00,0.0726,0.0,0.0,0.0
2017-05-31 23:40:00+02:00,0.06715,0.0,0.0,0.0
2017-05-31 23:41:00+02:00,0.06451,0.0,0.0,0.0
2017-05-31 23:42:00+02:00,0.06386,0.0,0.0,0.0
2017-05-31 23:43:00+02:00,0.05701,0.0,0.0,0.0
2017-05-31 23:44:00+02:00,0.05897,0.0,0.0,0.0
2017-05-31 23:45:00+02:00,0.06103,0.0,0.0,0.0
2017-05-31 23:46:00+02:00,0.05979,0.0,0.0,0.0
2017-05-31 23:47:00+02:00,0.05592,0.0,0.0,0.0
2017-05-31 23:48:00+02:00,0.0567,0.0,0.0,0.0
2017-05-31 23:49:00+02:00,0.0582,0.0,0.0,0.0
2017-05-31 23:50:00+02:00,0.05684,0.0,0.0,0.0
2017-05-31 23:51:00+02:00,0.0574,0.0,0.0,0.0
2017-05-31 23:52:00+02:00,0.06369,0.0,0.0,0.0
2017-05-31 23:53:00+02:00,0.06783,0.0,0.0,0.0
2017-05-31 23:54:00+02:00,0.06496,0.0,0.0,0.0
2017-05-31 23:55:00+02:00,0.06138,0.0,0.0,0.0
2017-05-31 23:56:00+02:00,0.05689,0.0,0.0,0.0
2017-05-31 23:57:00+02:00,0.06094,0.0,0.0,0.0
2017-05-31 23:58:00+02:00,0.06007,0.0,0.0,0.0
2017-05-31 23:59:00+02:00,0.06924,0.0,0.0,0.0
2017-06-01 00:00:00+02:00,0.06525,0.0,0.0,0.0
2017-06-01 00:01:00+02:00,0.06308,0.0,0.0,0.0
2017-06-01 00:02:00+02:00,0.06197,0.0,0.0,0.0
2017-06-01 00:03:00+02:00,0.05838,0.0,0.0,0.0
2017-06-01 00:04:00+02:00,0.06263,0.0,0.0,0.0
2017-06-01 00:05:00+02:00,0.06445,0.0,0.0,0.0
2017-06-01 00:06:00+02:00,0.06524,0.0,0.0,0.0
2017-06-01 00:07:00+02:00,0.06988,0.0,0.0,0.0
2017-06-01 00:08:00+02:00,0.06223,0.0,0.0,0.0
2017-06-01 00:09:00+02:00,0.06168,0.0,0.0,0.0
2017-06-01 00:10:00+02:00,0.06778,0.0,0.0,0.0
2017-06-01 00:11:00+02:00,0.0712,0.0,0.0,0.0
2017-06-01 00:12:00+02:00,0.06213,0.0,0.0,0.0
2017-06-01 00:13:00+02:00,0.04837,0.0,0.0,0.0
2017-06-01 00:14:00+02:00,0.04934,0.0,0.0,0.0
2017-06-01 00:15:00+02:00,0.04818,0.0,0.0,0.0
2017-06-01 00:16:00+02:00,0.04902,0.0,0.0,0.0
2017-06-01 00:17:00+02:00,0.04814,0.0,0.0,0.0
2017-06-01 00:18:00+02:00,0.04986,0.0,0.0,0.0
2017-06-01 00:19:00+02:00,0.05541,0.0,0.0,0.0
2017-06-01 00:20:00+02:00,0.0563,0.0,0.0,0.0
2017-06-01 00:21:00+02:00,0.05272,0.0,0.0,0.0
2017-06-01 00:22:00+02:00,0.04829,0.0,0.0,0.0
2017-06-01 00:23:00+02:00,0.04834,0.0,0.0,0.0
2017-06-01 00:24:00+02:00,0.04902,0.0,0.0,0.0
2017-06-01 00:25:00+02:00,0.05203,0.0,0.0,0.0
2017-06-01 00:26:00+02:00,0.05236,0.0,0.0,0.0
2017-06-01 00:27:00+02:00,0.04449,0.0,0.0,0.0
2017-06-01 00:28:00+02:00,0.04498,0.0,0.0,0.0
2017-06-01 00:29:00+02:00,0.04649,0.0,0.0,0.0
2017-06-01 00:30:00+02:00,0.04649,0.0,0.0,0.0
2017-06-01 00:31:00+02:00,0.04896,0.0,0.0,0.0
2017-06-01 00:32:00+02:00,0.04665,0.0,0.0,0.0
2017-06-01 00:33:00+02:00,0.04457,0.0,0.0,0.0
2017-06-01 00:34:00+02:00,0.04723,0.0,0.0,0.0
2017-06-01 00:35:00+02:00,0.04872,0.0,0.0,0.0
2017-06-01 00:36:00+02:00,0.04259,0.0,0.0,0.0
2017-06-01 00:37:00+02:00,0.04259,0.0,0.0,0.0
2017-06-01 00:38:00+02:00,0.04169,0.0,0.0,0.0
2017-06-01 00:39:00+02:00,0.04205,0.0,0.0,0.0
2017-06-01 00:40:00+02:00,0.04304,0.0,0.0,0.0
2017-06-01 00:41:00+02:00,0.04376,0.0,0.0,0.0
2017-06-01 00:42:00+02:00,0.04214,0.0,0.0,0.0
2017-06-01 00:43:00+02:00,0.04157,0.0,0.0,0.0
2017-06-01 00:44:00+02:00,0.0405,0.0,0.0,0.0
2017-06-01 00:45:00+02:00,0.0407,0.0,0.0,0.0
2017-06-01 00:46:00+02:00,0.03879,0.0,0.0,0.0
2017-06-01 00:47:00+02:00,0.03959,0.0,0.0,0.0
2017-06-01 00:48:00+02:00,0.04085,0.0,0.0,0.0
2017-06-01 00:49:00+02:00,0.04263,0.0,0.0,0.0
2017-06-01 00:50:00+02:00,0.042,0.0,0.0,0.0
2017-06-01 00:51:00+02:00,0.04196,0.0,0.0,0.0
2017-06-01 00:52:00+02:00,0.04071,0.0,0.0,0.0
2017-06-01 00:53:00+02:00,0.04646,0.0,0.0,0.0
2017-06-01 00:54:00+02:00,0.0452,0.0,0.0,0.0
2017-06-01 00:55:00+02:00,0.04706,0.0,0.0,0.0
2017-06-01 00:56:00+02:00,0.04741,0.0,0.0,0.0
2017-06-01 00:57:00+02:00,0.04352,0.0,0.0,0.0
2017-06-01 00:58:00+02:00,0.0429,0.0,0.0,0.0
2017-06-01 00:59:00+02:00,0.04237,0.0,0.0,0.0
2017-06-01 01:00:00+02:00,0.04309,0.0,0.0,0.0
2017-06-01 01:01:00+02:00,0.04159,0.0,0.0,0.0
2017-06-01 01:02:00+02:00,0.04244,0.0,0.0,0.0
2017-06-01 01:03:00+02:00,0.04482,0.0,0.0,0.0
2017-06-01 01:04:00+02:00,0.04698,0.0,0.0,0.0
2017-06-01 01:05:00+02:00,0.0414,0.0,0.0,0.0
2017-06-01 01:06:00+02:00,0.04044,0.0,0.0,0.0
2017-06-01 01:07:00+02:00,0.04149,0.0,0.0,0.0
2017-06-01 01:08:00+02:00,0.04039,0.0,0.0,0.0
2017-06-01 01:09:00+02:00,0.04101,0.0,0.0,0.0
2017-06-01 01:10:00+02:00,0.04073,0.0,0.0,0.0
2017-06-01 01:11:00+02:00,0.03817,0.0,0.0,0.0
2017-06-01 01:12:00+02:00,0.0376,0.0,0.0,0.0
2017-06-01 01:13:00+02:00,0.03595,0.0,0.0,0.0
2017-06-01 01:14:00+02:00,0.03555,0.0,0.0,0.0
2017-06-01 01:15:00+02:00,0.03344,0.0,0.0,0.0
2017-06-01 01:16:00+02:00,0.03501,0.0,0.0,0.0
2017-06-01 01:17:00+02:00,0.03978,0.0,0.0,0.0
2017-06-01 01:18:00+02:00,0.04281,0.0,0.0,0.0
2017-06-01 01:19:00+02:00,0.04444,0.0,0.0,0.0
2017-06-01 01:20:00+02:00,0.04061,0.0,0.0,0.0
2017-06-01 01:21:00+02:00,0.0362,0.0,0.0,0.0
2017-06-01 01:22:00+02:00,0.0361,0.0,0.0,0.0
2017-06-01 01:23:00+02:00,0.03878,0.0,0.0,0.0
2017-06-01 01:24:00+02:00,0.03804,0.0,0.0,0.0
2017-06-01 01:25:00+02:00,0.04097,0.0,0.0,0.0
2017-06-01 01:26:00+02:00,0.03976,0.0,0.0,0.0
2017-06-01 01:27:00+02:00,0.03563,0.0,0.0,0.0
2017-06-01 01:28:00+02:00,0.03658,0.0,0.0,0.0
2017-06-01 01:29:00+02:00,0.03641,0.0,0.0,0.0
2017-06-01 01:30:00+02:00,0.03325,0.0,0.0,0.0
2017-06-01 01:31:00+02:00,0.03468,0.0,0.0,0.0
2017-06-01 01:32:00+02:00,0.03532,0.0,0.0,0.0
2017-06-01 01:33:00+02:00,0.03514,0.0,0.0,0.0
2017-06-01 01:34:00+02:00,0.03632,0.0,0.0,0.0
2017-06-01 01:35:00+02:00,0.03597,0.0,0.0,0.0
2017-06-01 01:36:00+02:00,0.03878,0.0,0.0,0.0
2017-06-01 01:37:00+02:00,0.03925,0.0,0.0,0.0
2017-06-01 01:38:00+02:00,0.036,0.0,0.0,0.0
2017-06-01 01:39:00+02:00,0.03675,0.0,0.0,0.0
2017-06-01 01:40:00+02:00,0.03805,0.0,0.0,0.0
2017-06-01 01:41:00+02:00,0.03716,0.0,0.0,0.0
2017-06-01 01:42:00+02:00,0.03705,0.0,0.0,0.0
2017-06-01 01:43:00+02:00,0.03781,0.0,0.0,0.0
2017-06-01 01:44:00+02:00,0.03924,0.0,0.0,0.0
2017-06-01 01:45:00+02:00,0.04004,0.0,0.0,0.0
2017-06-01 01:46:00+02:00,0.03959,0.0,0.0,0.0
2017-06-01 01:47:00+02:00,0.03636,0.0,0.0,0.0
2017-06-01 01:48:00+02:00,0.03819,0.0,0.0,0.0
2017-06-01 01:49:00+02:00,0.03812,0.0,0.0,0.0
2017-06-01 01:50:00+02:00,0.03811,0.0,0.0,0.0
2017-06-01 01:51:00+02:00,0.03701,0.0,0.0,0.0
2017-06-01 01:52:00+02:00,0.03493,0.0,0.0,0.0
2017-06-01 01:53:00+02:00,0.03422,0.0,0.0,0.0
2017-06-01 01:54:00+02:00,0.03672,0.0,0.0,0.0
2017-06-01 01:55:00+02:00,0.03819,0.0,0.0,0.0
2017-06-01 01:56:00+02:00,0.03419,0.0,0.0,0.0
2017-06-01 01:57:00+02:00,0.03605,0.0,0.0,0.0
2017-06-01 01:58:00+02:00,0.03692,0.0,0.0,0.0
2017-06-01 01:59:00+02:00,0.03593,0.0,0.0,0.0
2017-06-01 02:00:00+02:00,0.03619,0.0,0.0,0.0
2017-06-01 02:01:00+02:00,0.03744,0.0,0.0,0.0
2017-06-01 02:02:00+02:00,0.0374,0.0,0.0,0.0
2017-06-01 02:03:00+02:00,0.03784,0.0,0.0,0.0
2017-06-01 02:04:00+02:00,0.03726,0.0,0.0,0.0
2017-06-01 02:05:00+02:00,0.03583,0.0,0.0,0.0
2017-06-01 02:06:00+02:00,0.03804,0.0,0.0,0.0
2017-06-01 02:07:00+02:00,0.03715,0.0,0.0,0.0
2017-06-01 02:08:00+02:00,0.03461,0.0,0.0,0.0
2017-06-01 02:09:00+02:00,0.03481,0.0,0.0,0.0
2017-06-01 02:10:00+02:00,0.03262,0.0,0.0,0.0
2017-06-01 02:11:00+02:00,0.03147,0.0,0.0,0.0
2017-06-01 02:12:00+02:00,0.02951,0.0,0.0,0.0
2017-06-01 02:13:00+02:00,0.03052,0.0,0.0,0.0
2017-06-01 02:14:00+02:00,0.03065,0.0,0.0,0.0
2017-06-01 02:15:00+02:00,0.0307,0.0,0.0,0.0
2017-06-01 02:16:00+02:00,0.03244,0.0,0.0,0.0
2017-06-01 02:17:00+02:00,0.03139,0.0,0.0,0.0
2017-06-01 02:18:00+02:00,0.03145,0.0,0.0,0.0
2017-06-01 02:19:00+02:00,0.03147,0.0,0.0,0.0
2017-06-01 02:20:00+02:00,0.03155,0.0,0.0,0.0
2017-06-01 02:21:00+02:00,0.03388,0.0,0.0,0.0
2017-06-01 02:22:00+02:00,0.03331,0.0,0.0,0.0
2017-06-01 02:23:00+02:00,0.03057,0.0,0.0,0.0
2017-06-01 02:24:00+02:00,0.03038,0.0,0.0,0.0
2017-06-01 02:25:00+02:00,0.03195,0.0,0.0,0.0
2017-06-01 02:26:00+02:00,0.03196,0.0,0.0,0.0
2017-06-01 02:27:00+02:00,0.03141,0.0,0.0,0.0
2017-06-01 02:28:00+02:00,0.02988,0.0,0.0,0.0
2017-06-01 02:29:00+02:00,0.0299,0.0,0.0,0.0
2017-06-01 02:30:00+02:00,0.03047,0.0,0.0,0.0
2017-06-01 02:31:00+02:00,0.0302,0.0,0.0,0.0
2017-06-01 02:32:00+02:00,0.03141,0.0,0.0,0.0
2017-06-01 02:33:00+02:00,0.03131,0.0,0.0,0.0
2017-06-01 02:34:00+02:00,0.03018,0.0,0.0,0.0
2017-06-01 02:35:00+02:00,0.02985,0.0,0.0,0.0
2017-06-01 02:36:00+02:00,0.03065,0.0,0.0,0.0
2017-06-01 02:37:00+02:00,0.03041,0.0,0.0,0.0
2017-06-01 02:38:00+02:00,0.02966,0.0,0.0,0.0
2017-06-01 02:39:00+02:00,0.02884,0.0,0.0,0.0
2017-06-01 02:40:00+02:00,0.02742,0.0,0.0,0.0
2017-06-01 02:41:00+02:00,0.02646,0.0,0.0,0.0
2017-06-01 02:42:00+02:00,0.02786,0.0,0.0,0.0
2017-06-01 02:43:00+02:00,0.03117,0.0,0.0,0.0
2017-06-01 02:44:00+02:00,0.02887,0.0,0.0,0.0
2017-06-01 02:45:00+02:00,0.02823,0.0,0.0,0.0
2017-06-01 02:46:00+02:00,0.02828,0.0,0.0,0.0
2017-06-01 02:47:00+02:00,0.02679,0.0,0.0,0.0
2017-06-01 02:48:00+02:00,0.0252,0.0,0.0,0.0
2017-06-01 02:49:00+02:00,0.02482,0.0,0.0,0.0
2017-06-01 02:50:00+02:00,0.02456,0.0,0.0,0.0
2017-06-01 02:51:00+02:00,0.02484,0.0,0.0,0.0
2017-06-01 02:52:00+02:00,0.0245,0.0,0.0,0.0
2017-06-01 02:53:00+02:00,0.02608,0.0,0.0,0.0
2017-06-01 02:54:00+02:00,0.02563,0.0,0.0,0.0
2017-06-01 02:55:00+02:00,0.02622,0.0,0.0,0.0
2017-06-01 02:56:00+02:00,0.0255,0.0,0.0,0.0
2017-06-01 02:57:00+02:00,0.02505,0.0,0.0,0.0
2017-06-01 02:58:00+02:00,0.02468,0.0,0.0,0.0
2017-06-01 02:59:00+02:00,0.02666,0.0,0.0,0.0
2017-06-01 03:00:00+02:00,0.02625,0.0,0.0,0.0
2017-06-01 03:01:00+02:00,0.02562,0.0,0.0,0.0
2017-06-01 03:02:00+02:00,0.02512,0.0,0.0,0.0
2017-06-01 03:03:00+02:00,0.02571,0.0,0.0,0.0
2017-06-01 03:04:00+02:00,0.02601,0.0,0.0,0.0
2017-06-01 03:05:00+02:00,0.02825,0.0,0.0,0.0
2017-06-01 03:06:00+02:00,0.02733,0.0,0.0,0.0
2017-06-01 03:07:00+02:00,0.02482,0.0,0.0,0.0
2017-06-01 03:08:00+02:00,0.02454,0.0,0.0,0.0
2017-06-01 03:09:00+02:00,0.02461,0.0,0.0,0.0
2017-06-01 03:10:00+02:00,0.02406,0.0,0.0,0.0
2017-06-01 03:11:00+02:00,0.02383,0.0,0.0,0.0
2017-06-01 03:12:00+02:00,0.02278,0.0,0.0,0.0
2017-06-01 03:13:00+02:00,0.02254,0.0,0.0,0.0
2017-06-01 03:14:00+02:00,0.02304,0.0,0.0,0.0
2017-06-01 03:15:00+02:00,0.02667,0.0,0.0,0.0
2017-06-01 03:16:00+02:00,0.02601,0.0,0.0,0.0
2017-06-01 03:17:00+02:00,0.0245,0.0,0.0,0.0
2017-06-01 03:18:00+02:00,0.02459,0.0,0.0,0.0
2017-06-01 03:19:00+02:00,0.02445,0.0,0.0,0.0
2017-06-01 03:20:00+02:00,0.02527,0.0,0.0,0.0
2017-06-01 03:21:00+02:00,0.02439,0.0,0.0,0.0
2017-06-01 03:22:00+02:00,0.02435,0.0,0.0,0.0
2017-06-01 03:23:00+02:00,0.02456,0.0,0.0,0.0
2017-06-01 03:24:00+02:00,0.02561,0.0,0.0,0.0
2017-06-01 03:25:00+02:00,0.02554,0.0,0.0,0.0
2017-06-01 03:26:00+02:00,0.02534,0.0,0.0,0.0
2017-06-01 03:27:00+02:00,0.02514,0.0,0.0,0.0
2017-06-01 03:28:00+02:00,0.02491,0.0,0.0,0.0
2017-06-01 03:29:00+02:00,0.02519,0.0,0.0,0.0
2017-06-01 03:30:00+02:00,0.0258,0.0,0.0,0.0
2017-06-01 03:31:00+02:00,0.0235,0.0,0.0,0.0
2017-06-01 03:32:00+02:00,0.02369,0.0,0.0,0.0
2017-06-01 03:33:00+02:00,0.02363,0.0,0.0,0.0
2017-06-01 03:34:00+02:00,0.0242,0.0,0.0,0.0
2017-06-01 03:35:00+02:00,0.02479,0.0,0.0,0.0
2017-06-01 03:36:00+02:00,0.02465,0.0,0.0,0.0
2017-06-01 03:37:00+02:00,0.02444,0.0,0.0,0.0
2017-06-01 03:38:00+02:00,0.02385,0.0,0.0,0.0
2017-06-01 03:39:00+02:00,0.02587,0.0,0.0,0.0
2017-06-01 03:40:00+02:00,0.02504,0.0,0.0,0.0
2017-06-01 03:41:00+02:00,0.02498,0.0,0.0,0.0
2017-06-01 03:42:00+02:00,0.02481,0.0,0.0,0.0
2017-06-01 03:43:00+02:00,0.02607,0.0,0.0,0.0
2017-06-01 03:44:00+02:00,0.02531,0.0,0.0,0.0
2017-06-01 03:45:00+02:00,0.02477,0.0,0.0,0.0
2017-06-01 03:46:00+02:00,0.02458,0.0,0.0,0.0
2017-06-01 03:47:00+02:00,0.02552,0.0,0.0,0.0
2017-06-01 03:48:00+02:00,0.02638,0.0,0.0,0.0
2017-06-01 03:49:00+02:00,0.02671,0.0,0.0,0.0
2017-06-01 03:50:00+02:00,0.02665,0.0,0.0,0.0
2017-06-01 03:51:00+02:00,0.0274,0.0,0.0,0.0
2017-06-01 03:52:00+02:00,0.02681,0.0,0.0,0.0
2017-06-01 03:53:00+02:00,0.02698,0.0,0.0,0.0
2017-06-01 03:54:00+02:00,0.02669,0.0,0.0,0.0
2017-06-01 03:55:00+02:00,0.02571,0.0,0.0,0.0
2017-06-01 03:56:00+02:00,0.0251,0.0,0.0,0.0
2017-06-01 03:57:00+02:00,0.0257,0.0,0.0,0.0
2017-06-01 03:58:00+02:00,0.02657,0.0,0.0,0.0
2017-06-01 03:59:00+02:00,0.02664,0.0,0.0,0.0
2017-06-01 04:00:00+02:00,0.02637,0.0,0.0,0.0
2017-06-01 04:01:00+02:00,0.02582,0.0,0.0,0.0
2017-06-01 04:02:00+02:00,0.02612,0.0,0.0,0.0
2017-06-01 04:03:00+02:00,0.02635,0.0,0.0,0.0
2017-06-01 04:04:00+02:00,0.02685,0.0,0.0,0.0
2017-06-01 04:05:00+02:00,0.02668,0.0,0.0,0.0
2017-06-01 04:06:00+02:00,0.0277,0.0,0.0,0.0
2017-06-01 04:07:00+02:00,0.02875,0.0,0.0,0.0
2017-06-01 04:08:00+02:00,0.02773,0.0,0.0,0.0
2017-06-01 04:09:00+02:00,0.02618,0.0,0.0,0.0
2017-06-01 04:10:00+02:00,0.0268,0.0,0.0,0.0
2017-06-01 04:11:00+02:00,0.02837,0.0,0.0,0.0
2017-06-01 04:12:00+02:00,0.0291,0.0,0.0,0.0
2017-06-01 04:13:00+02:00,0.02986,0.0,0.0,0.0
2017-06-01 04:14:00+02:00,0.02711,0.0,0.0,0.0
2017-06-01 04:15:00+02:00,0.02492,0.0,0.0,0.0
2017-06-01 04:16:00+02:00,0.02463,0.0,0.0,0.0
2017-06-01 04:17:00+02:00,0.02438,0.0,0.0,0.0
2017-06-01 04:18:00+02:00,0.02406,0.0,0.0,0.0
2017-06-01 04:19:00+02:00,0.02455,0.0,0.0,0.0
2017-06-01 04:20:00+02:00,0.02529,0.0,0.0,0.0
2017-06-01 04:21:00+02:00,0.02668,0.0,0.0,0.0
2017-06-01 04:22:00+02:00,0.02424,0.0,0.0,0.0
2017-06-01 04:23:00+02:00,0.02448,0.0,0.0,0.0
2017-06-01 04:24:00+02:00,0.02445,0.0,0.0,0.0
2017-06-01 04:25:00+02:00,0.02624,0.0,0.0,0.0
2017-06-01 04:26:00+02:00,0.02571,0.0,0.0,0.0
2017-06-01 04:27:00+02:00,0.02421,0.0,0.0,0.0
2017-06-01 04:28:00+02:00,0.02393,0.0,0.0,0.0
2017-06-01 04:29:00+02:00,0.02387,0.0,0.0,0.0
2017-06-01 04:30:00+02:00,0.02373,0.0,0.0,0.0
2017-06-01 04:31:00+02:00,0.02361,0.0,0.0,0.0
2017-06-01 04:32:00+02:00,0.02565,0.0,0.0,0.0
2017-06-01 04:33:00+02:00,0.02991,0.0,0.0,0.0
2017-06-01 04:34:00+02:00,0.0283,0.0,0.0,0.0
2017-06-01 04:35:00+02:00,0.02661,0.0,0.0,0.0
2017-06-01 04:36:00+02:00,0.02486,0.0,0.0,0.0
2017-06-01 04:37:00+02:00,0.02484,0.0,0.0,0.0
2017-06-01 04:38:00+02:00,0.02381,0.0,0.0,0.0
2017-06-01 04:39:00+02:00,0.02366,0.0,0.0,0.0
2017-06-01 04:40:00+02:00,0.02304,0.0,0.0,0.0
2017-06-01 04:41:00+02:00,0.02318,0.0,0.0,0.0
2017-06-01 04:42:00+02:00,0.02347,0.0,0.0,0.0
2017-06-01 04:43:00+02:00,0.02317,0.0,0.0,0.0
2017-06-01 04:44:00+02:00,0.02303,0.0,0.0,0.0
2017-06-01 04:45:00+02:00,0.02311,0.0,0.0,0.0
2017-06-01 04:46:00+02:00,0.02379,0.0,0.0,0.0
2017-06-01 04:47:00+02:00,0.02399,0.0,0.0,0.0
2017-06-01 04:48:00+02:00,0.02527,0.0,0.0,0.0
2017-06-01 04:49:00+02:00,0.02488,0.0,0.0,0.0
2017-06-01 04:50:00+02:00,0.02563,0.0,0.0,0.0
2017-06-01 04:51:00+02:00,0.02527,0.0,0.0,0.0
2017-06-01 04:52:00+02:00,0.02448,0.0,0.0,0.0
2017-06-01 04:53:00+02:00,0.02269,0.0,0.0,0.0
2017-06-01 04:54:00+02:00,0.02235,0.0,0.0,0.0
2017-06-01 04:55:00+02:00,0.02283,0.0,0.0,0.0
2017-06-01 04:56:00+02:00,0.0245,0.0,0.0,0.0
2017-06-01 04:57:00+02:00,0.0245,0.0,0.0,0.0
2017-06-01 04:58:00+02:00,0.02334,0.0,0.0,0.0
2017-06-01 04:59:00+02:00,0.02297,0.0,0.0,0.0
2017-06-01 05:00:00+02:00,0.02258,0.0,0.0,0.0
2017-06-01 05:01:00+02:00,0.02229,0.0,0.0,0.0
2017-06-01 05:02:00+02:00,0.02282,0.0,0.0,0.0
2017-06-01 05:03:00+02:00,0.02443,0.0,0.0,0.0
2017-06-01 05:04:00+02:00,0.02223,0.0,0.0,0.0
2017-06-01 05:05:00+02:00,0.02231,0.0,0.0,0.0
2017-06-01 05:06:00+02:00,0.02232,0.0,0.0,0.0
2017-06-01 05:07:00+02:00,0.02335,0.0,0.0,0.0
2017-06-01 05:08:00+02:00,0.02392,0.0,0.0,0.0
2017-06-01 05:09:00+02:00,0.02444,0.0,0.0,0.0
2017-06-01 05:10:00+02:00,0.02385,0.0,0.0,0.0
2017-06-01 05:11:00+02:00,0.02399,0.0,0.0,0.0
2017-06-01 05:12:00+02:00,0.02357,0.0,0.0,0.0
2017-06-01 05:13:00+02:00,0.02416,0.0,0.0,0.0
2017-06-01 05:14:00+02:00,0.02429,0.0,0.0,0.0
2017-06-01 05:15:00+02:00,0.02385,0.0,0.0,0.0
2017-06-01 05:16:00+02:00,0.02473,0.0,0.0,0.0
2017-06-01 05:17:00+02:00,0.02532,0.0,0.0,0.0
2017-06-01 05:18:00+02:00,0.02616,0.0,0.0,0.0
2017-06-01 05:19:00+02:00,0.02671,0.0,0.0,0.0
2017-06-01 05:20:00+02:00,0.02696,0.0,0.0,0.0
2017-06-01 05:21:00+02:00,0.02737,0.0,0.0,0.0
2017-06-01 05:22:00+02:00,0.02786,0.0,0.0,0.0
2017-06-01 05:23:00+02:00,0.02569,0.000155,0.0,0.0
2017-06-01 05:24:00+02:00,0.02647,0.00164,0.0,0.0
2017-06-01 05:25:00+02:00,0.02834,0.003022,0.0,0.0
2017-06-01 05:26:00+02:00,0.02543,0.004937,0.0,0.0
2017-06-01 05:27:00+02:00,0.02596,0.006678,0.0,0.0
2017-06-01 05:28:00+02:00,0.02584,0.053226,0.0,0.0
2017-06-01 05:29:00+02:00,0.02561,0.059292,0.0,0.0
2017-06-01 05:30:00+02:00,0.02562,0.065182,0.0,0.0
2017-06-01 05:31:00+02:00,0.02515,0.071208,0.0,0.0
2017-06-01 05:32:00+02:00,0.02552,0.077499,0.0,0.0
2017-06-01 05:33:00+02:00,0.02598,0.083399,0.0,0.0
2017-06-01 05:34:00+02:00,0.02696,0.089546,0.0,0.0
2017-06-01 05:35:00+02:00,0.02715,0.094869,0.0,0.0
2017-06-01 05:36:00+02:00,0.02732,0.10004,0.0,0.0
2017-06-01 05:37:00+02:00,0.02647,0.105788,0.0,0.0
2017-06-01 05:38:00+02:00,0.0265,0.111688,0.0,0.0
2017-06-01 05:39:00+02:00,0.02624,0.117544,0.0,0.0
2017-06-01 05:40:00+02:00,0.0256,0.122929,0.0,0.0
2017-06-01 05:41:00+02:00,0.02555,0.130349,0.0,0.0
2017-06-01 05:42:00+02:00,0.02506,0.136366,0.0,0.0
2017-06-01 05:43:00+02:00,0.02468,0.142164,0.0,0.0
2017-06-01 05:44:00+02:00,0.02424,0.147355,0.0,0.0
2017-06-01 05:45:00+02:00,0.02396,0.153488,0.0,0.0
2017-06-01 05:46:00+02:00,0.02338,0.159118,0.0,0.0
2017-06-01 05:47:00+02:00,0.02376,0.166545,0.0,0.0
2017-06-01 05:48:00+02:00,0.02325,0.174753,0.0,0.0
2017-06-01 05:49:00+02:00,0.02533,0.181285,0.0,0.0
2017-06-01 05:50:00+02:00,0.02845,0.187681,0.0,0.0
2017-06-01 05:51:00+02:00,0.02517,0.194159,0.0,0.0
2017-06-01 05:52:00+02:00,0.02333,0.200443,0.0,0.0
2017-06-01 05:53:00+02:00,0.02409,0.208579,0.0,0.0
2017-06-01 05:54:00+02:00,0.02498,0.215636,0.0,0.0
2017-06-01 05:55:00+02:00,0.02543,0.222768,0.0,0.0
2017-06-01 05:56:00+02:00,0.02636,0.229086,0.0,0.0
2017-06-01 05:57:00+02:00,0.03,0.233816,0.0,0.0
2017-06-01 05:58:00+02:00,0.02814,0.240871,0.0,0.0
2017-06-01 05:59:00+02:00,0.02833,0.249154,0.0,0.0
2017-06-01 06:00:00+02:00,0.02828,0.254975,0.0,0.0
2017-06-01 06:01:00+02:00,0.0274,0.262541,0.0,0.0
2017-06-01 06:02:00+02:00,0.02763,0.269991,0.0,0.0
2017-06-01 06:03:00+02:00,0.02764,0.278075,0.0,0.0
2017-06-01 06:04:00+02:00,0.02856,0.281003,0.0,0.0
2017-06-01 06:05:00+02:00,0.02743,0.2873,0.0,0.0
2017-06-01 06:06:00+02:00,0.02804,0.29711,0.0,0.0
2017-06-01 06:07:00+02:00,0.02894,0.304979,0.0,0.0
2017-06-01 06:08:00+02:00,0.03788,0.310352,0.0,0.0
2017-06-01 06:09:00+02:00,0.03036,0.320179,0.0,0.0
2017-06-01 06:10:00+02:00,0.03341,0.32927,0.0,0.0
2017-06-01 06:11:00+02:00,0.03289,0.333319,0.0,0.0
2017-06-01 06:12:00+02:00,0.03115,0.339523,0.0,0.0
2017-06-01 06:13:00+02:00,0.02958,0.350933,0.0,0.0
2017-06-01 06:14:00+02:00,0.02852,0.348349,0.0,0.0
2017-06-01 06:15:00+02:00,0.03019,0.368035,0.0,0.0
2017-06-01 06:16:00+02:00,0.02874,0.377744,0.0,0.0
2017-06-01 06:17:00+02:00,0.03208,0.385236,0.0,0.0
2017-06-01 06:18:00+02:00,0.03118,0.380671,0.0,0.0
2017-06-01 06:19:00+02:00,0.03311,0.391968,0.0,0.0
2017-06-01 06:20:00+02:00,0.03187,0.401438,0.0,0.0
2017-06-01 06:21:00+02:00,0.03046,0.409925,0.0,0.0
2017-06-01 06:22:00+02:00,0.02869,0.418448,0.0,0.0
2017-06-01 06:23:00+02:00,0.02861,0.42727,0.0,0.0
2017-06-01 06:24:00+02:00,0.02944,0.432193,0.0,0.0
2017-06-01 06:25:00+02:00,0.02961,0.440752,0.0,0.0
2017-06-01 06:26:00+02:00,0.03273,0.44741,0.0,0.0
2017-06-01 06:27:00+02:00,0.032,0.453031,0.0,0.0
2017-06-01 06:28:00+02:00,0.03149,0.460337,0.0,0.0
2017-06-01 06:29:00+02:00,0.03154,0.47009,0.0,0.0
2017-06-01 06:30:00+02:00,0.03176,0.476026,0.0,0.0
2017-06-01 06:31:00+02:00,0.03164,0.487438,0.0,0.0
2017-06-01 06:32:00+02:00,0.03264,0.492041,0.0,0.0
2017-06-01 06:33:00+02:00,0.03335,0.49635,0.0,0.0
2017-06-01 06:34:00+02:00,0.03303,0.508014,0.0,0.0
2017-06-01 06:35:00+02:00,0.03237,0.517963,0.0,0.0
2017-06-01 06:36:00+02:00,0.03166,0.520535,0.0,0.0
2017-06-01 06:37:00+02:00,0.03746,0.526673,0.0,0.0
2017-06-01 06:38:00+02:00,0.04025,0.533932,0.0,0.0
2017-06-01 06:39:00+02:00,0.03281,0.534371,0.0,0.0
2017-06-01 06:40:00+02:00,0.03239,0.536764,0.0,0.0
2017-06-01 06:41:00+02:00,0.03451,0.546217,0.0,0.0
2017-06-01 06:42:00+02:00,0.03468,0.552802,0.0,0.0
2017-06-01 06:43:00+02:00,0.03615,0.562379,0.0,0.0
2017-06-01 06:44:00+02:00,0.03645,0.570868,0.0,0.0
2017-06-01 06:45:00+02:00,0.04197,0.574616,0.0,0.0
2017-06-01 06:46:00+02:00,0.04104,0.579802,0.0,0.0
2017-06-01 06:47:00+02:00,0.04125,0.589068,0.0,0.0
2017-06-01 06:48:00+02:00,0.03931,0.595899,0.0,0.0
2017-06-01 06:49:00+02:00,0.0411,0.599499,0.0,0.0
2017-06-01 06:50:00+02:00,0.04402,0.609404,0.0,0.0
2017-06-01 06:51:00+02:00,0.04329,0.617638,0.0,0.0
2017-06-01 06:52:00+02:00,0.04364,0.620084,0.0,0.0
2017-06-01 06:53:00+02:00,0.04244,0.629728,0.0,0.0
2017-06-01 06:54:00+02:00,0.04131,0.615528,0.0,0.0
2017-06-01 06:55:00+02:00,0.04253,0.606175,0.0,0.0
2017-06-01 06:56:00+02:00,0.04371,0.623761,0.0,0.0
2017-06-01 06:57:00+02:00,0.03978,0.650786,0.0,0.0
2017-06-01 06:58:00+02:00,0.04315,0.659423,0.0,0.0
2017-06-01 06:59:00+02:00,0.04362,0.657893,0.0,0.0
2017-06-01 07:00:00+02:00,0.04656,0.668934,0.0,0.0
2017-06-01 07:01:00+02:00,0.04912,0.676348,0.0,0.0
2017-06-01 07:02:00+02:00,0.04907,0.682315,0.0,0.0
2017-06-01 07:03:00+02:00,0.04467,0.686588,0.0,0.0
2017-06-01 07:04:00+02:00,0.04842,0.68872,0.0,0.0
2017-06-01 07:05:00+02:00,0.04548,0.700587,0.0,0.0
2017-06-01 07:06:00+02:00,0.04411,0.71374,0.0,0.0
2017-06-01 07:07:00+02:00,0.04674,0.712624,0.0,0.0
2017-06-01 07:08:00+02:00,0.05156,0.693578,0.0,0.0
2017-06-01 07:09:00+02:00,0.05336,0.728307,0.0,0.0
2017-06-01 07:10:00+02:00,0.05157,0.730148,0.0,0.0
2017-06-01 07:11:00+02:00,0.04793,0.735458,0.0,0.0
2017-06-01 07:12:00+02:00,0.04811,0.741893,0.0,0.0
2017-06-01 07:13:00+02:00,0.05551,0.757876,0.0,0.0
2017-06-01 07:14:00+02:00,0.057,0.755762,0.0,0.0
2017-06-01 07:15:00+02:00,0.08396,0.769972,0.0,0.0
2017-06-01 07:16:00+02:00,0.08121,0.765279,0.0,0.0
2017-06-01 07:17:00+02:00,0.08181,0.76856,0.0,0.0
2017-06-01 07:18:00+02:00,0.09038,0.722115,0.0,0.0
2017-06-01 07:19:00+02:00,0.09138,0.762683,0.0,0.0
2017-06-01 07:20:00+02:00,0.09352,0.77686,0.0,0.0
2017-06-01 07:21:00+02:00,0.0916,0.778684,0.0,0.0
2017-06-01 07:22:00+02:00,0.08373,0.780431,0.0,0.0
2017-06-01 07:23:00+02:00,0.08507,0.777427,0.0,0.0
2017-06-01 07:24:00+02:00,0.07569,0.779794,0.0,0.0
2017-06-01 07:25:00+02:00,0.0718,0.783779,0.0,0.0
2017-06-01 07:26:00+02:00,0.06755,0.799126,0.0,0.0
2017-06-01 07:27:00+02:00,0.06835,0.805667,0.0,0.0
2017-06-01 07:28:00+02:00,0.06536,0.812594,0.0,0.0
2017-06-01 07:29:00+02:00,0.07018,0.828551,0.0,0.0
2017-06-01 07:30:00+02:00,0.05829,0.821597,0.0,0.0
2017-06-01 07:31:00+02:00,0.05734,0.877552,0.0,0.0
2017-06-01 07:32:00+02:00,0.05313,0.887922,0.0,0.0
2017-06-01 07:33:00+02:00,0.05635,0.882452,0.0,0.0
2017-06-01 07:34:00+02:00,0.05873,0.88954,0.0,0.0
2017-06-01 07:35:00+02:00,0.06334,0.89735,0.0,0.0
2017-06-01 07:36:00+02:00,0.0648,0.909835,0.0,0.0
2017-06-01 07:37:00+02:00,0.06,0.899645,0.0,0.0
2017-06-01 07:38:00+02:00,0.05577,0.909509,0.0,0.0
2017-06-01 07:39:00+02:00,0.05494,0.924781,0.0,0.0
2017-06-01 07:40:00+02:00,0.05602,0.939103,0.0,0.0
2017-06-01 07:41:00+02:00,0.05505,0.945983,0.0,0.0
2017-06-01 07:42:00+02:00,0.05964,0.943488,0.0,0.0
2017-06-01 07:43:00+02:00,0.06031,0.957998,0.0,0.0
2017-06-01 07:44:00+02:00,0.05878,0.854969,0.0,0.0
2017-06-01 07:45:00+02:00,0.04804,0.969619,0.0,0.0
2017-06-01 07:46:00+02:00,0.05054,0.961351,0.0,0.0
2017-06-01 07:47:00+02:00,0.05048,0.973701,0.0,0.0
2017-06-01 07:48:00+02:00,0.04625,0.986117,0.0,0.0
2017-06-01 07:49:00+02:00,0.04911,0.973611,0.0,0.0
2017-06-01 07:50:00+02:00,0.05198,0.973114,0.0,0.0
2017-06-01 07:51:00+02:00,0.07138,0.983027,0.0,0.0
2017-06-01 07:52:00+02:00,0.06619,1.01106,0.0,0.0
2017-06-01 07:53:00+02:00,0.05901,1.021063,0.0,0.0
2017-06-01 07:54:00+02:00,0.05951,1.006139,0.0,0.0
2017-06-01 07:55:00+02:00,0.06004,0.999565,0.0,0.0
2017-06-01 07:56:00+02:00,0.06163,1.004078,0.0,0.0
2017-06-01 07:57:00+02:00,0.04911,1.010272,0.0,0.0
2017-06-01 07:58:00+02:00,0.05538,1.036001,0.0,0.0
2017-06-01 07:59:00+02:00,0.06053,1.069015,0.0,0.0
2017-06-01 08:00:00+02:00,0.05805,1.087277,0.0,0.0
2017-06-01 08:01:00+02:00,0.05222,1.062025,0.0,0.0
2017-06-01 08:02:00+02:00,0.05269,0.876193,0.0,0.0
2017-06-01 08:03:00+02:00,0.04748,1.055549,0.0,0.0
2017-06-01 08:04:00+02:00,0.04736,1.061442,0.0,0.0
2017-06-01 08:05:00+02:00,0.04931,0.806825,0.0,0.0
2017-06-01 08:06:00+02:00,0.05139,1.082939,0.0,0.0
2017-06-01 08:07:00+02:00,0.0536,1.094278,0.0,0.0
2017-06-01 08:08:00+02:00,0.05549,1.078497,0.0,0.0
2017-06-01 08:09:00+02:00,0.0498,1.102788,0.0,0.0
2017-06-01 08:10:00+02:00,0.05011,1.112944,0.0,0.0
2017-06-01 08:11:00+02:00,0.05342,1.112454,0.0,0.0
2017-06-01 08:12:00+02:00,0.05683,0.710536,0.0,0.0
2017-06-01 08:13:00+02:00,0.04966,1.126003,0.0,0.0
2017-06-01 08:14:00+02:00,0.06513,1.123202,0.0,0.0
2017-06-01 08:15:00+02:00,0.07016,1.130024,0.0,0.0
2017-06-01 08:16:00+02:00,0.07127,1.138316,0.0,0.0
2017-06-01 08:17:00+02:00,0.0684,1.141475,0.0,0.0
2017-06-01 08:18:00+02:00,0.06781,1.155888,0.0,0.0
2017-06-01 08:19:00+02:00,0.06578,1.168891,0.0,0.0
2017-06-01 08:20:00+02:00,0.06601,1.17517,0.0,0.0
2017-06-01 08:21:00+02:00,0.06684,1.16413,0.0,0.0
2017-06-01 08:22:00+02:00,0.06664,1.178948,0.0,0.0
2017-06-01 08:23:00+02:00,0.0696,1.139272,0.0,0.0
2017-06-01 08:24:00+02:00,0.06062,1.005545,0.0,0.0
2017-06-01 08:25:00+02:00,0.0573,1.144595,0.0,0.0
2017-06-01 08:26:00+02:00,0.05493,1.217777,0.0,0.0
2017-06-01 08:27:00+02:00,0.06095,1.230858,0.0,0.0
2017-06-01 08:28:00+02:00,0.05568,1.225561,0.0,0.0
2017-06-01 08:29:00+02:00,0.05256,1.240897,0.0,0.0
2017-06-01 08:30:00+02:00,0.05665,1.224452,0.0,0.0
2017-06-01 08:31:00+02:00,0.06229,1.217842,0.0,0.0
2017-06-01 08:32:00+02:00,0.06247,1.241969,0.0,0.0
2017-06-01 08:33:00+02:00,0.05656,1.124419,0.0,0.0
2017-06-01 08:34:00+02:00,0.05481,1.250035,0.0,0.0
2017-06-01 08:35:00+02:00,0.05619,1.157042,0.0,0.0
2017-06-01 08:36:00+02:00,0.05714,1.131511,0.0,0.0
2017-06-01 08:37:00+02:00,0.05668,1.281154,0.0,0.0
2017-06-01 08:38:00+02:00,0.06228,1.277555,0.0,0.0
2017-06-01 08:39:00+02:00,0.06079,1.297458,0.0,0.0
2017-06-01 08:40:00+02:00,0.05799,1.303344,0.0,0.0
2017-06-01 08:41:00+02:00,0.05859,1.309705,0.0,0.0
2017-06-01 08:42:00+02:00,0.0542,1.275917,0.0,0.0
2017-06-01 08:43:00+02:00,0.05394,0.968047,0.0,0.0
2017-06-01 08:44:00+02:00,0.05479,1.306008,0.0,0.0
2017-06-01 08:45:00+02:00,0.05856,1.323877,0.0,0.0
2017-06-01 08:46:00+02:00,0.05777,1.328395,0.0,0.0
2017-06-01 08:47:00+02:00,0.05449,1.330765,0.0,0.0
2017-06-01 08:48:00+02:00,0.05651,1.344611,0.0,0.0
2017-06-01 08:49:00+02:00,0.05621,1.360942,0.0,0.0
2017-06-01 08:50:00+02:00,0.05801,1.382873,0.0,0.0
2017-06-01 08:51:00+02:00,0.05541,1.376863,0.0,0.0
2017-06-01 08:52:00+02:00,0.06244,1.376604,0.0,0.0
2017-06-01 08:53:00+02:00,0.06051,1.381716,0.0,0.0
2017-06-01 08:54:00+02:00,0.05895,1.401241,0.0,0.0
2017-06-01 08:55:00+02:00,0.05589,1.422664,0.0,0.0
2017-06-01 08:56:00+02:00,0.05587,1.440036,0.0,0.0
2017-06-01 08:57:00+02:00,0.05952,1.447771,0.0,0.0
2017-06-01 08:58:00+02:00,0.06165,1.454632,0.0,0.0
2017-06-01 08:59:00+02:00,0.05758,1.471745,0.0,0.0
2017-06-01 09:00:00+02:00,0.05256,1.523916,0.0,0.0
2017-06-01 09:01:00+02:00,0.05462,1.488551,0.0,0.0
2017-06-01 09:02:00+02:00,0.05313,0.696942,0.0,0.0
2017-06-01 09:03:00+02:00,0.05109,0.838534,0.0,0.0
2017-06-01 09:04:00+02:00,0.05189,1.491583,0.0,0.0
2017-06-01 09:05:00+02:00,0.05562,0.739872,0.0,0.0
2017-06-01 09:06:00+02:00,0.05785,1.051256,0.0,0.0
2017-06-01 09:07:00+02:00,0.05358,1.212806,0.0,0.0
2017-06-01 09:08:00+02:00,0.04939,1.508522,0.0,0.0
2017-06-01 09:09:00+02:00,0.0506,1.524224,0.0,0.0
2017-06-01 09:10:00+02:00,0.05079,0.89899,0.0,0.0
2017-06-01 09:11:00+02:00,0.04776,1.105515,0.0,0.0
2017-06-01 09:12:00+02:00,0.04968,1.392134,0.0,0.0
2017-06-01 09:13:00+02:00,0.04655,1.468957,0.0,0.0
2017-06-01 09:14:00+02:00,0.04509,1.486044,0.0,0.0
2017-06-01 09:15:00+02:00,0.04835,1.491593,0.0,0.0
2017-06-01 09:16:00+02:00,0.052,1.502075,0.0,0.0
2017-06-01 09:17:00+02:00,0.05228,1.520698,0.0,0.0
2017-06-01 09:18:00+02:00,0.05074,1.511345,0.0,0.0
2017-06-01 09:19:00+02:00,0.05083,1.517589,0.0,0.0
2017-06-01 09:20:00+02:00,0.06043,1.528295,0.0,0.0
2017-06-01 09:21:00+02:00,0.06082,1.518998,0.0,0.0
2017-06-01 09:22:00+02:00,0.05929,1.518916,0.0,0.0
2017-06-01 09:23:00+02:00,0.05907,1.524987,0.0,0.0
2017-06-01 09:24:00+02:00,0.06144,1.519425,0.0,0.0
2017-06-01 09:25:00+02:00,0.05121,1.535085,0.0,0.0
2017-06-01 09:26:00+02:00,0.04169,1.178773,0.0,0.0
2017-06-01 09:27:00+02:00,0.04314,1.534113,0.0,0.0
2017-06-01 09:28:00+02:00,0.04945,1.540771,0.0,0.0
2017-06-01 09:29:00+02:00,0.04494,1.525306,0.0,0.0
2017-06-01 09:30:00+02:00,0.04407,1.559398,0.0,0.0
2017-06-01 09:31:00+02:00,0.04681,1.553688,0.0,0.0
2017-06-01 09:32:00+02:00,0.05167,1.560209,0.0,0.0
2017-06-01 09:33:00+02:00,0.05441,1.589956,0.0,0.0
2017-06-01 09:34:00+02:00,0.05431,1.58063,0.0,0.0
2017-06-01 09:35:00+02:00,0.05319,1.594602,0.0,0.0
2017-06-01 09:36:00+02:00,0.05271,1.59448,0.0,0.0
2017-06-01 09:37:00+02:00,0.0585,1.598456,0.0,0.0
2017-06-01 09:38:00+02:00,0.06799,1.608757,0.0,0.0
2017-06-01 09:39:00+02:00,0.06658,1.614668,0.0,0.0
2017-06-01 09:40:00+02:00,0.06406,1.626358,0.0,0.0
2017-06-01 09:41:00+02:00,0.06456,1.625004,0.0,0.0
2017-06-01 09:42:00+02:00,0.06725,1.621145,0.0,0.0
2017-06-01 09:43:00+02:00,0.05292,1.618733,0.0,0.0
2017-06-01 09:44:00+02:00,0.04823,1.635518,0.0,0.0
2017-06-01 09:45:00+02:00,0.05242,1.65398,0.0,0.0
2017-06-01 09:46:00+02:00,0.05214,1.662086,0.0,0.0
2017-06-01 09:47:00+02:00,0.05748,1.666447,0.0,0.0
2017-06-01 09:48:00+02:00,0.05717,1.669433,0.0,0.0
2017-06-01 09:49:00+02:00,0.05318,1.669606,0.0,0.0
2017-06-01 09:50:00+02:00,0.05542,1.662143,0.0,0.0
2017-06-01 09:51:00+02:00,0.05466,1.653773,0.0,0.0
2017-06-01 09:52:00+02:00,0.05813,1.647283,0.0,0.0
2017-06-01 09:53:00+02:00,0.05717,1.674905,0.0,0.0
2017-06-01 09:54:00+02:00,0.05368,1.674121,0.0,0.0
2017-06-01 09:55:00+02:00,0.0559,1.672551,0.0,0.0
2017-06-01 09:56:00+02:00,0.05212,1.679177,0.0,0.0
2017-06-01 09:57:00+02:00,0.05743,1.684026,0.0,0.0
2017-06-01 09:58:00+02:00,0.05367,1.695231,0.0,0.0
2017-06-01 09:59:00+02:00,0.0526,1.705214,0.0,0.0
2017-06-01 10:00:00+02:00,0.05612,1.706863,0.0,0.0
2017-06-01 10:01:00+02:00,0.05659,1.716012,0.0,0.0
2017-06-01 10:02:00+02:00,0.05609,1.715688,0.0,0.0
2017-06-01 10:03:00+02:00,0.05116,1.724675,0.0,0.0
2017-06-01 10:04:00+02:00,0.05395,1.733504,0.0,0.0
2017-06-01 10:05:00+02:00,0.05494,1.727392,0.0,0.0
2017-06-01 10:06:00+02:00,0.05571,1.729746,0.0,0.0
2017-06-01 10:07:00+02:00,0.0628,1.751902,0.0,0.0
2017-06-01 10:08:00+02:00,0.06012,1.755558,0.0,0.0
2017-06-01 10:09:00+02:00,0.05626,1.759675,0.0,0.0
2017-06-01 10:10:00+02:00,0.05515,1.759019,0.0,0.0
2017-06-01 10:11:00+02:00,0.05708,1.762765,0.0,0.0
2017-06-01 10:12:00+02:00,0.05581,1.780241,0.0,0.0
2017-06-01 10:13:00+02:00,0.05678,1.787344,0.0,0.0
2017-06-01 10:14:00+02:00,0.05018,1.799971,0.0,0.0
2017-06-01 10:15:00+02:00,0.04818,1.795833,0.0,0.0
2017-06-01 10:16:00+02:00,0.04832,1.788476,0.0,0.0
2017-06-01 10:17:00+02:00,0.04777,1.802419,0.0,0.0
2017-06-01 10:18:00+02:00,0.0466,1.802396,0.0,0.0
2017-06-01 10:19:00+02:00,0.04536,1.810287,0.0,0.0
2017-06-01 10:20:00+02:00,0.04614,1.810741,0.0,0.0
2017-06-01 10:21:00+02:00,0.04603,1.813561,0.0,0.0
2017-06-01 10:22:00+02:00,0.04633,1.818747,0.0,0.0
2017-06-01 10:23:00+02:00,0.05148,1.82515,0.0,0.0
2017-06-01 10:24:00+02:00,0.05144,1.832731,0.0,0.0
2017-06-01 10:25:00+02:00,0.05057,1.83852,0.0,0.0
2017-06-01 10:26:00+02:00,0.05407,1.843796,0.0,0.0
2017-06-01 10:27:00+02:00,0.05719,1.849201,0.0,0.0
2017-06-01 10:28:00+02:00,0.05384,1.830087,0.0,0.0
2017-06-01 10:29:00+02:00,0.05026,1.854729,0.0,0.0
2017-06-01 10:30:00+02:00,0.04619,1.860703,0.0,0.0
2017-06-01 10:31:00+02:00,0.04664,1.861796,0.0,0.0
2017-06-01 10:32:00+02:00,0.04587,1.866155,0.0,0.0
2017-06-01 10:33:00+02:00,0.04609,1.881266,0.0,0.0
2017-06-01 10:34:00+02:00,0.04221,1.886202,0.0,0.0
2017-06-01 10:35:00+02:00,0.0398,1.885723,0.0,0.0
2017-06-01 10:36:00+02:00,0.03964,1.891296,0.0,0.0
2017-06-01 10:37:00+02:00,0.04024,1.890601,0.0,0.0
2017-06-01 10:38:00+02:00,0.04181,1.889662,0.0,0.0
2017-06-01 10:39:00+02:00,0.04269,1.895452,0.0,0.0
2017-06-01 10:40:00+02:00,0.04291,1.906099,0.0,0.0
2017-06-01 10:41:00+02:00,0.04286,1.914757,0.0,0.0
2017-06-01 10:42:00+02:00,0.04185,1.909237,0.0,0.0
2017-06-01 10:43:00+02:00,0.04276,1.915475,0.0,0.0
2017-06-01 10:44:00+02:00,0.04736,1.911834,0.0,0.0
2017-06-01 10:45:00+02:00,0.05056,1.923748,0.0,0.0
2017-06-01 10:46:00+02:00,0.05084,1.921406,0.0,0.0
2017-06-01 10:47:00+02:00,0.04933,1.910462,0.0,0.0
2017-06-01 10:48:00+02:00,0.04291,1.912757,0.0,0.0
2017-06-01 10:49:00+02:00,0.04086,1.919576,0.0,0.0
2017-06-01 10:50:00+02:00,0.04214,1.885781,0.0,0.0
2017-06-01 10:51:00+02:00,0.04304,1.905352,0.0,0.0
2017-06-01 10:52:00+02:00,0.04218,1.909856,0.0,0.0
2017-06-01 10:53:00+02:00,0.03595,1.918109,0.0,0.0
2017-06-01 10:54:00+02:00,0.04076,1.918721,0.0,0.0
2017-06-01 10:55:00+02:00,0.04098,1.91459,0.0,0.0
2017-06-01 10:56:00+02:00,0.04258,1.926205,0.0,0.0
2017-06-01 10:57:00+02:00,0.03746,1.945066,0.0,0.0
2017-06-01 10:58:00+02:00,0.04006,1.938359,0.0,0.0
2017-06-01 10:59:00+02:00,0.0396,1.947944,0.0,0.0
2017-06-01 11:00:00+02:00,0.04007,1.964858,0.0,0.0
2017-06-01 11:01:00+02:00,0.03824,1.961717,0.0,0.0
2017-06-01 11:02:00+02:00,0.041,1.961692,0.0,0.0
2017-06-01 11:03:00+02:00,0.04136,1.980187,0.0,0.0
2017-06-01 11:04:00+02:00,0.04187,1.97095,0.0,0.0
2017-06-01 11:05:00+02:00,0.04539,1.964768,0.0,0.0
2017-06-01 11:06:00+02:00,0.04511,1.969463,0.0,0.0
2017-06-01 11:07:00+02:00,0.04255,1.973511,0.0,0.0
2017-06-01 11:08:00+02:00,0.0401,1.983064,0.0,0.0
2017-06-01 11:09:00+02:00,0.03861,1.984601,0.0,0.0
2017-06-01 11:10:00+02:00,0.0404,1.986071,0.0,0.0
2017-06-01 11:11:00+02:00,0.04046,1.973446,0.0,0.0
2017-06-01 11:12:00+02:00,0.03716,1.973965,0.0,0.0
2017-06-01 11:13:00+02:00,0.04029,1.980409,0.0,0.0
2017-06-01 11:14:00+02:00,0.04217,1.982453,0.0,0.0
2017-06-01 11:15:00+02:00,0.04691,2.012711,0.0,0.0
2017-06-01 11:16:00+02:00,0.04962,2.013903,0.0,0.0
2017-06-01 11:17:00+02:00,0.05952,2.021926,0.0,0.0
2017-06-01 11:18:00+02:00,0.05528,2.026148,0.0,0.0
2017-06-01 11:19:00+02:00,0.05069,2.025076,0.0,0.0
2017-06-01 11:20:00+02:00,0.0477,2.022586,0.0,0.0
2017-06-01 11:21:00+02:00,0.04672,2.022485,0.0,0.0
2017-06-01 11:22:00+02:00,0.04668,2.02504,0.0,0.0
2017-06-01 11:23:00+02:00,0.04896,2.042429,0.0,0.0
2017-06-01 11:24:00+02:00,0.0498,2.040995,0.0,0.0
2017-06-01 11:25:00+02:00,0.04587,2.046845,0.0,0.0
2017-06-01 11:26:00+02:00,0.04611,2.045713,0.0,0.0
2017-06-01 11:27:00+02:00,0.04689,2.048148,0.0,0.0
2017-06-01 11:28:00+02:00,0.05096,2.041828,0.0,0.0
2017-06-01 11:29:00+02:00,0.05096,2.040302,0.0,0.0
2017-06-01 11:30:00+02:00,0.04807,2.043362,0.0,0.0
2017-06-01 11:31:00+02:00,0.04712,2.033959,0.0,0.0
2017-06-01 11:32:00+02:00,0.04566,2.009837,0.0,0.0
2017-06-01 11:33:00+02:00,0.04964,2.010384,0.0,0.0
2017-06-01 11:34:00+02:00,0.04973,2.024822,0.0,0.0
2017-06-01 11:35:00+02:00,0.05018,1.99618,0.0,0.0
2017-06-01 11:36:00+02:00,0.04618,2.020462,0.0,0.0
2017-06-01 11:37:00+02:00,0.05355,2.040916,0.0,0.0
2017-06-01 11:38:00+02:00,0.05509,2.039681,0.0,0.0
2017-06-01 11:39:00+02:00,0.05467,2.037139,0.0,0.0
2017-06-01 11:40:00+02:00,0.05434,2.073334,0.0,0.0
2017-06-01 11:41:00+02:00,0.05618,2.068258,0.0,0.0
2017-06-01 11:42:00+02:00,0.05889,2.07014,0.0,0.0
2017-06-01 11:43:00+02:00,0.05992,2.088641,0.0,0.0
2017-06-01 11:44:00+02:00,0.06079,2.095891,0.0,0.0
2017-06-01 11:45:00+02:00,0.05344,2.08091,0.0,0.0
2017-06-01 11:46:00+02:00,0.0522,2.103579,0.0,0.0
2017-06-01 11:47:00+02:00,0.05134,2.040503,0.0,0.0
2017-06-01 11:48:00+02:00,0.05069,2.022395,0.0,0.0
2017-06-01 11:49:00+02:00,0.04886,1.671809,0.0,0.0
2017-06-01 11:50:00+02:00,0.04824,1.561716,0.0,0.0
2017-06-01 11:51:00+02:00,0.06446,1.844573,0.0,0.0
2017-06-01 11:52:00+02:00,0.06255,2.08953,0.0,0.0
2017-06-01 11:53:00+02:00,0.05751,2.125809,0.0,0.0
2017-06-01 11:54:00+02:00,0.0504,2.113247,0.0,0.0
2017-06-01 11:55:00+02:00,0.05377,2.11203,0.0,0.0
2017-06-01 11:56:00+02:00,0.05068,2.099538,0.0,0.0
2017-06-01 11:57:00+02:00,0.05025,2.102827,0.0,0.0
2017-06-01 11:58:00+02:00,0.0516,2.107771,0.0,0.0
2017-06-01 11:59:00+02:00,0.05358,2.118267,0.0,0.0
2017-06-01 12:00:00+02:00,0.04876,2.117124,0.0,0.0
2017-06-01 12:01:00+02:00,0.04748,2.108466,0.0,0.0
2017-06-01 12:02:00+02:00,0.04704,2.110691,0.0,0.0
2017-06-01 12:03:00+02:00,0.04554,2.105849,0.0,0.0
2017-06-01 12:04:00+02:00,0.04828,2.114696,0.0,0.0
2017-06-01 12:05:00+02:00,0.0474,2.105912,0.0,0.0
2017-06-01 12:06:00+02:00,0.0443,2.101986,0.0,0.0
2017-06-01 12:07:00+02:00,0.04742,2.115209,0.0,0.0
2017-06-01 12:08:00+02:00,0.0507,2.115524,0.0,0.0
2017-06-01 12:09:00+02:00,0.04771,2.111602,0.0,0.0
2017-06-01 12:10:00+02:00,0.04525,2.113841,0.0,0.0
2017-06-01 12:11:00+02:00,0.04716,2.120008,0.0,0.0
2017-06-01 12:12:00+02:00,0.04855,2.129443,0.0,0.0
2017-06-01 12:13:00+02:00,0.05086,2.129177,0.0,0.0
2017-06-01 12:14:00+02:00,0.05503,2.123296,0.0,0.0
2017-06-01 12:15:00+02:00,0.0783,2.120513,0.0,0.0
2017-06-01 12:16:00+02:00,0.07721,2.126498,0.0,0.0
2017-06-01 12:17:00+02:00,0.07496,2.10089,0.0,0.0
2017-06-01 12:18:00+02:00,0.07328,2.080692,0.0,0.0
2017-06-01 12:19:00+02:00,0.07363,2.130183,0.0,0.0
2017-06-01 12:20:00+02:00,0.07784,2.12447,0.0,0.0
2017-06-01 12:21:00+02:00,0.07541,2.12661,0.0,0.0
2017-06-01 12:22:00+02:00,0.07204,2.134697,0.0,0.0
2017-06-01 12:23:00+02:00,0.06856,2.105082,0.0,0.0
2017-06-01 12:24:00+02:00,0.06575,2.113002,0.0,0.0
2017-06-01 12:25:00+02:00,0.06401,2.103305,0.0,0.0
2017-06-01 12:26:00+02:00,0.06066,2.114307,0.0,0.0
2017-06-01 12:27:00+02:00,0.06106,2.112804,0.0,0.0
2017-06-01 12:28:00+02:00,0.06452,2.119286,0.0,0.0
2017-06-01 12:29:00+02:00,0.06806,2.1152,0.0,0.0
2017-06-01 12:30:00+02:00,0.05698,2.11126,0.0,0.0
2017-06-01 12:31:00+02:00,0.05617,2.109692,0.0,0.0
2017-06-01 12:32:00+02:00,0.06143,2.117063,0.0,0.0
2017-06-01 12:33:00+02:00,0.05773,2.112968,0.0,0.0
2017-06-01 12:34:00+02:00,0.05625,2.134521,0.0,0.0
2017-06-01 12:35:00+02:00,0.06038,2.154164,0.0,0.0
2017-06-01 12:36:00+02:00,0.05937,2.149213,0.0,0.0
2017-06-01 12:37:00+02:00,0.06256,2.156522,0.0,0.0
2017-06-01 12:38:00+02:00,0.0585,2.149753,0.0,0.0
2017-06-01 12:39:00+02:00,0.05641,2.152629,0.0,0.0
2017-06-01 12:40:00+02:00,0.05407,2.153869,0.0,0.0
2017-06-01 12:41:00+02:00,0.05581,2.154677,0.0,0.0
2017-06-01 12:42:00+02:00,0.05428,2.161316,0.0,0.0
2017-06-01 12:43:00+02:00,0.05442,2.155214,0.0,0.0
2017-06-01 12:44:00+02:00,0.06386,2.151801,0.0,0.0
2017-06-01 12:45:00+02:00,0.06478,2.140412,0.0,0.0
2017-06-01 12:46:00+02:00,0.06726,2.146153,0.0,0.0
2017-06-01 12:47:00+02:00,0.06818,2.154649,0.0,0.0
2017-06-01 12:48:00+02:00,0.06812,2.154276,0.0,0.0
2017-06-01 12:49:00+02:00,0.06015,2.147576,0.0,0.0
2017-06-01 12:50:00+02:00,0.05852,2.141523,0.0,0.0
2017-06-01 12:51:00+02:00,0.06491,2.155034,0.0,0.0
2017-06-01 12:52:00+02:00,0.06064,2.163465,0.0,0.0
2017-06-01 12:53:00+02:00,0.05965,2.085761,0.0,0.0
2017-06-01 12:54:00+02:00,0.0544,2.058809,0.0,0.0
2017-06-01 12:55:00+02:00,0.05729,2.024689,0.0,0.0
2017-06-01 12:56:00+02:00,0.05054,2.012656,0.0,0.0
2017-06-01 12:57:00+02:00,0.05459,2.086758,0.0,0.0
2017-06-01 12:58:00+02:00,0.05523,2.12917,0.0,0.0
2017-06-01 12:59:00+02:00,0.0656,2.137619,0.0,0.0
2017-06-01 13:00:00+02:00,0.06448,2.137626,0.0,0.0
2017-06-01 13:01:00+02:00,0.06606,2.140177,0.0,0.0
2017-06-01 13:02:00+02:00,0.05853,2.13804,0.0,0.0
2017-06-01 13:03:00+02:00,0.05852,2.137541,0.0,0.0
2017-06-01 13:04:00+02:00,0.0628,2.138276,0.0,0.0
2017-06-01 13:05:00+02:00,0.06868,2.14261,0.0,0.0
2017-06-01 13:06:00+02:00,0.06597,2.134861,0.0,0.0
2017-06-01 13:07:00+02:00,0.06664,2.136629,0.0,0.0
2017-06-01 13:08:00+02:00,0.06776,2.118573,0.0,0.0
2017-06-01 13:09:00+02:00,0.07233,2.081947,0.0,0.0
2017-06-01 13:10:00+02:00,0.06534,2.113231,0.0,0.0
2017-06-01 13:11:00+02:00,0.06663,2.120215,0.0,0.0
2017-06-01 13:12:00+02:00,0.06713,2.123368,0.0,0.0
2017-06-01 13:13:00+02:00,0.06705,2.130386,0.0,0.0
2017-06-01 13:14:00+02:00,0.06312,2.122222,0.0,0.0
2017-06-01 13:15:00+02:00,0.06194,2.120467,0.0,0.0
2017-06-01 13:16:00+02:00,0.06663,2.118429,0.0,0.0
2017-06-01 13:17:00+02:00,0.06172,2.122042,0.0,0.0
2017-06-01 13:18:00+02:00,0.06256,2.114847,0.0,0.0
2017-06-01 13:19:00+02:00,0.06394,2.109834,0.0,0.0
2017-06-01 13:20:00+02:00,0.0693,2.15226,0.0,0.0
2017-06-01 13:21:00+02:00,0.06552,2.152314,0.0,0.0
2017-06-01 13:22:00+02:00,0.05733,2.137626,0.0,0.0
2017-06-01 13:23:00+02:00,0.05248,2.142283,0.0,0.0
2017-06-01 13:24:00+02:00,0.05337,2.142608,0.0,0.0
2017-06-01 13:25:00+02:00,0.05422,2.145175,0.0,0.0
2017-06-01 13:26:00+02:00,0.05454,2.149664,0.0,0.0
2017-06-01 13:27:00+02:00,0.05782,2.136283,0.0,0.0
2017-06-01 13:28:00+02:00,0.05823,2.135239,0.0,0.0
2017-06-01 13:29:00+02:00,0.05515,2.125028,0.0,0.0
2017-06-01 13:30:00+02:00,0.05376,2.103822,0.0,0.0
2017-06-01 13:31:00+02:00,0.05448,2.119232,0.0,0.0
2017-06-01 13:32:00+02:00,0.05615,2.114413,0.0,0.0
2017-06-01 13:33:00+02:00,0.0572,2.10994,0.0,0.0
2017-06-01 13:34:00+02:00,0.05944,2.107957,0.0,0.0
2017-06-01 13:35:00+02:00,0.05882,2.100298,0.0,0.0
2017-06-01 13:36:00+02:00,0.05077,2.091247,0.0,0.0
2017-06-01 13:37:00+02:00,0.04588,2.087743,0.0,0.0
2017-06-01 13:38:00+02:00,0.04427,2.081056,0.0,0.0
2017-06-01 13:39:00+02:00,0.04371,2.09576,0.0,0.0
2017-06-01 13:40:00+02:00,0.04257,2.092325,0.0,0.0
2017-06-01 13:41:00+02:00,0.04476,2.094125,0.0,0.0
2017-06-01 13:42:00+02:00,0.05074,2.095457,0.0,0.0
2017-06-01 13:43:00+02:00,0.05839,2.09102,0.0,0.0
2017-06-01 13:44:00+02:00,0.05271,2.097653,0.0,0.0
2017-06-01 13:45:00+02:00,0.05857,2.09635,0.0,0.0
2017-06-01 13:46:00+02:00,0.05609,2.092869,0.0,0.0
2017-06-01 13:47:00+02:00,0.06071,2.087822,0.0,0.0
2017-06-01 13:48:00+02:00,0.06552,2.08066,0.0,0.0
2017-06-01 13:49:00+02:00,0.06352,2.082197,0.0,0.0
2017-06-01 13:50:00+02:00,0.0627,2.080917,0.0,0.0
2017-06-01 13:51:00+02:00,0.05834,2.078996,0.0,0.0
2017-06-01 13:52:00+02:00,0.06489,2.082848,0.0,0.0
2017-06-01 13:53:00+02:00,0.06814,2.075791,0.0,0.0
2017-06-01 13:54:00+02:00,0.06793,2.07684,0.0,0.0
2017-06-01 13:55:00+02:00,0.06781,2.076883,0.0,0.0
2017-06-01 13:56:00+02:00,0.05875,2.073089,0.0,0.0
2017-06-01 13:57:00+02:00,0.05928,2.071487,0.0,0.0
2017-06-01 13:58:00+02:00,0.06713,2.066863,0.0,0.0
2017-06-01 13:59:00+02:00,0.06817,2.068214,0.0,0.0
2017-06-01 14:00:00+02:00,0.08151,2.063444,0.0,0.0
2017-06-01 14:01:00+02:00,0.07721,2.061769,0.0,0.0
2017-06-01 14:02:00+02:00,0.07955,2.057269,0.0,0.0
2017-06-01 14:03:00+02:00,0.08105,2.059718,0.0,0.0
2017-06-01 14:04:00+02:00,0.07901,2.060739,0.0,0.0
2017-06-01 14:05:00+02:00,0.07544,2.061814,0.0,0.0
2017-06-01 14:06:00+02:00,0.05439,2.051527,0.0,0.0
2017-06-01 14:07:00+02:00,0.05574,2.048582,0.0,0.0
2017-06-01 14:08:00+02:00,0.05695,2.051665,0.0,0.0
2017-06-01 14:09:00+02:00,0.05436,2.04158,0.0,0.0
2017-06-01 14:10:00+02:00,0.0533,2.040037,0.0,0.0
2017-06-01 14:11:00+02:00,0.05353,2.035723,0.0,0.0
2017-06-01 14:12:00+02:00,0.05437,2.023585,0.0,0.0
2017-06-01 14:13:00+02:00,0.06558,2.018695,0.0,0.0
2017-06-01 14:14:00+02:00,0.07599,2.012456,0.0,0.0
2017-06-01 14:15:00+02:00,0.07683,2.014628,0.0,0.0
2017-06-01 14:16:00+02:00,0.07826,2.017192,0.0,0.0
2017-06-01 14:17:00+02:00,0.06674,2.014528,0.0,0.0
2017-06-01 14:18:00+02:00,0.06273,2.014454,0.0,0.0
2017-06-01 14:19:00+02:00,0.05844,2.01485,0.0,0.0
2017-06-01 14:20:00+02:00,0.05905,2.017494,0.0,0.0
2017-06-01 14:21:00+02:00,0.05827,2.015401,0.0,0.0
2017-06-01 14:22:00+02:00,0.05457,2.018669,0.0,0.0
2017-06-01 14:23:00+02:00,0.05498,2.023889,0.0,0.0
2017-06-01 14:24:00+02:00,0.05229,2.014639,0.0,0.0
2017-06-01 14:25:00+02:00,0.05234,2.016106,0.0,0.0
2017-06-01 14:26:00+02:00,0.05465,2.017145,0.0,0.0
2017-06-01 14:27:00+02:00,0.0525,2.009851,0.0,0.0
2017-06-01 14:28:00+02:00,0.05044,2.000309,0.0,0.0
2017-06-01 14:29:00+02:00,0.05796,1.99805,0.0,0.0
2017-06-01 14:30:00+02:00,0.06154,1.988518,0.0,0.0
2017-06-01 14:31:00+02:00,0.05826,1.975268,0.0,0.0
2017-06-01 14:32:00+02:00,0.05388,1.9762,0.0,0.0
2017-06-01 14:33:00+02:00,0.05327,1.979307,0.0,0.0
2017-06-01 14:34:00+02:00,0.05654,1.98961,0.0,0.0
2017-06-01 14:35:00+02:00,0.05924,1.99035,0.0,0.0
2017-06-01 14:36:00+02:00,0.05563,1.978835,0.0,0.0
2017-06-01 14:37:00+02:00,0.05335,1.97309,0.0,0.0
2017-06-01 14:38:00+02:00,0.05468,1.975099,0.0,0.0
2017-06-01 14:39:00+02:00,0.05453,1.97334,0.0,0.0
2017-06-01 14:40:00+02:00,0.0512,1.975185,0.0,0.0
2017-06-01 14:41:00+02:00,0.05223,1.971256,0.0,0.0
2017-06-01 14:42:00+02:00,0.05568,1.965238,0.0,0.0
2017-06-01 14:43:00+02:00,0.04989,1.963427,0.0,0.0
2017-06-01 14:44:00+02:00,0.04277,1.960042,0.0,0.0
2017-06-01 14:45:00+02:00,0.04381,1.958996,0.0,0.0
2017-06-01 14:46:00+02:00,0.04525,1.951996,0.0,0.0
2017-06-01 14:47:00+02:00,0.04738,1.943543,0.0,0.0
2017-06-01 14:48:00+02:00,0.05447,1.94339,0.0,0.0
2017-06-01 14:49:00+02:00,0.05072,1.940643,0.0,0.0
2017-06-01 14:50:00+02:00,0.04862,1.933954,0.0,0.0
2017-06-01 14:51:00+02:00,0.04657,1.933612,0.0,0.0
2017-06-01 14:52:00+02:00,0.04633,1.939417,0.0,0.0
2017-06-01 14:53:00+02:00,0.0453,1.938037,0.0,0.0
2017-06-01 14:54:00+02:00,0.04714,1.931735,0.0,0.0
2017-06-01 14:55:00+02:00,0.04592,1.925518,0.0,0.0
2017-06-01 14:56:00+02:00,0.04371,1.92269,0.0,0.0
2017-06-01 14:57:00+02:00,0.0467,1.924834,0.0,0.0
2017-06-01 14:58:00+02:00,0.04526,1.921111,0.0,0.0
2017-06-01 14:59:00+02:00,0.0474,1.919718,0.0,0.0
2017-06-01 15:00:00+02:00,0.04617,1.913868,0.0,0.0
2017-06-01 15:01:00+02:00,0.04529,1.90795,0.0,0.0
2017-06-01 15:02:00+02:00,0.04484,1.899239,0.0,0.0
2017-06-01 15:03:00+02:00,0.04533,1.897549,0.0,0.0
2017-06-01 15:04:00+02:00,0.04543,1.899077,0.0,0.0
2017-06-01 15:05:00+02:00,0.0488,1.898665,0.0,0.0
2017-06-01 15:06:00+02:00,0.05067,1.896718,0.0,0.0
2017-06-01 15:07:00+02:00,0.05031,1.889654,0.0,0.0
2017-06-01 15:08:00+02:00,0.05053,1.886708,0.0,0.0
2017-06-01 15:09:00+02:00,0.06007,1.884071,0.0,0.0
2017-06-01 15:10:00+02:00,0.0523,1.886101,0.0,0.0
2017-06-01 15:11:00+02:00,0.04811,1.877539,0.0,0.0
2017-06-01 15:12:00+02:00,0.04629,1.87414,0.0,0.0
2017-06-01 15:13:00+02:00,0.04729,1.866974,0.0,0.0
2017-06-01 15:14:00+02:00,0.0494,1.865659,0.0,0.0
2017-06-01 15:15:00+02:00,0.05044,1.861153,0.0,0.0
2017-06-01 15:16:00+02:00,0.04926,1.853008,0.0,0.0
2017-06-01 15:17:00+02:00,0.05399,1.843688,0.0,0.0
2017-06-01 15:18:00+02:00,0.05667,1.843263,0.0,0.0
2017-06-01 15:19:00+02:00,0.0511,1.826228,0.0,0.0
2017-06-01 15:20:00+02:00,0.05859,1.812312,0.0,0.0
2017-06-01 15:21:00+02:00,0.06879,1.821499,0.0,0.0
2017-06-01 15:22:00+02:00,0.0685,1.836571,0.0,0.0
2017-06-01 15:23:00+02:00,0.06871,1.822091,0.0,0.0
2017-06-01 15:24:00+02:00,0.07027,1.803904,0.0,0.0
2017-06-01 15:25:00+02:00,0.06797,1.807254,0.0,0.0
2017-06-01 15:26:00+02:00,0.06017,1.808753,0.0,0.0
2017-06-01 15:27:00+02:00,0.05183,1.809045,0.0,0.0
2017-06-01 15:28:00+02:00,0.05271,1.805458,0.0,0.0
2017-06-01 15:29:00+02:00,0.05445,1.798578,0.0,0.0
2017-06-01 15:30:00+02:00,0.05439,1.794197,0.0,0.0
2017-06-01 15:31:00+02:00,0.05433,1.789421,0.0,0.0
2017-06-01 15:32:00+02:00,0.05236,1.79163,0.0,0.0
2017-06-01 15:33:00+02:00,0.05311,1.775038,0.0,0.0
2017-06-01 15:34:00+02:00,0.06028,1.781107,0.0,0.0
2017-06-01 15:35:00+02:00,0.05651,1.773986,0.0,0.0
2017-06-01 15:36:00+02:00,0.05908,1.762238,0.0,0.0
2017-06-01 15:37:00+02:00,0.06003,1.762357,0.0,0.0
2017-06-01 15:38:00+02:00,0.05707,1.765031,0.0,0.0
2017-06-01 15:39:00+02:00,0.05599,1.757032,0.0,0.0
2017-06-01 15:40:00+02:00,0.05838,1.766808,0.0,0.0
2017-06-01 15:41:00+02:00,0.05915,1.756629,0.0,0.0
2017-06-01 15:42:00+02:00,0.0579,1.732324,0.0,0.0
2017-06-01 15:43:00+02:00,0.06159,1.698745,0.0,0.0
2017-06-01 15:44:00+02:00,0.06599,1.701994,0.0,0.0
2017-06-01 15:45:00+02:00,0.06926,1.682291,0.0,0.0
2017-06-01 15:46:00+02:00,0.067,1.685005,0.0,0.0
2017-06-01 15:47:00+02:00,0.06546,1.729519,0.0,0.0
2017-06-01 15:48:00+02:00,0.06308,1.734118,0.0,0.0
2017-06-01 15:49:00+02:00,0.05715,1.736795,0.0,0.0
2017-06-01 15:50:00+02:00,0.05138,1.733665,0.0,0.0
2017-06-01 15:51:00+02:00,0.05052,1.723896,0.0,0.0
2017-06-01 15:52:00+02:00,0.05187,1.720829,0.0,0.0
2017-06-01 15:53:00+02:00,0.05299,1.715962,0.0,0.0
2017-06-01 15:54:00+02:00,0.05532,1.698023,0.0,0.0
2017-06-01 15:55:00+02:00,0.05281,1.692265,0.0,0.0
2017-06-01 15:56:00+02:00,0.0537,1.685923,0.0,0.0
2017-06-01 15:57:00+02:00,0.04838,1.683866,0.0,0.0
2017-06-01 15:58:00+02:00,0.05962,1.67832,0.0,0.0
2017-06-01 15:59:00+02:00,0.06554,1.666667,0.0,0.0
2017-06-01 16:00:00+02:00,0.06716,1.649986,0.0,0.0
2017-06-01 16:01:00+02:00,0.06578,1.647196,0.0,0.0
2017-06-01 16:02:00+02:00,0.06511,1.653687,0.0,0.0
2017-06-01 16:03:00+02:00,0.06312,1.63235,0.0,0.0
2017-06-01 16:04:00+02:00,0.05726,1.632899,0.0,0.0
2017-06-01 16:05:00+02:00,0.05853,1.620301,0.0,0.0
2017-06-01 16:06:00+02:00,0.05496,1.626026,0.0,0.0
2017-06-01 16:07:00+02:00,0.05937,1.623767,0.0,0.0
2017-06-01 16:08:00+02:00,0.0547,1.624694,0.0,0.0
2017-06-01 16:09:00+02:00,0.05306,1.619595,0.0,0.0
2017-06-01 16:10:00+02:00,0.05762,1.618398,0.0,0.0
2017-06-01 16:11:00+02:00,0.05971,1.619717,0.0,0.0
2017-06-01 16:12:00+02:00,0.06254,1.616796,0.0,0.0
2017-06-01 16:13:00+02:00,0.05808,1.606867,0.0,0.0
2017-06-01 16:14:00+02:00,0.05808,1.596051,0.0,0.0
2017-06-01 16:15:00+02:00,0.05408,1.586322,0.0,0.0
2017-06-01 16:16:00+02:00,0.05829,1.58956,0.0,0.0
2017-06-01 16:17:00+02:00,0.05733,1.591448,0.0,0.0
2017-06-01 16:18:00+02:00,0.05376,1.592512,0.0,0.0
2017-06-01 16:19:00+02:00,0.05391,1.586569,0.0,0.0
2017-06-01 16:20:00+02:00,0.05642,1.570869,0.0,0.0
2017-06-01 16:21:00+02:00,0.05526,1.563507,0.0,0.0
2017-06-01 16:22:00+02:00,0.05391,1.560118,0.0,0.0
2017-06-01 16:23:00+02:00,0.05359,1.553814,0.0,0.0
2017-06-01 16:24:00+02:00,0.05682,1.548272,0.0,0.0
2017-06-01 16:25:00+02:00,0.05387,1.541648,0.0,0.0
2017-06-01 16:26:00+02:00,0.04889,1.534003,0.0,0.0
2017-06-01 16:27:00+02:00,0.05388,1.530756,0.0,0.0
2017-06-01 16:28:00+02:00,0.05362,1.523794,0.0,0.0
2017-06-01 16:29:00+02:00,0.06364,1.504195,0.0,0.0
2017-06-01 16:30:00+02:00,0.06772,1.496342,0.0,0.0
2017-06-01 16:31:00+02:00,0.06176,1.491415,0.0,0.0
2017-06-01 16:32:00+02:00,0.06197,1.477449,0.0,0.0
2017-06-01 16:33:00+02:00,0.06111,1.465963,0.0,0.0
2017-06-01 16:34:00+02:00,0.05646,1.457714,0.0,0.0
2017-06-01 16:35:00+02:00,0.05379,1.4099,0.0,0.0
2017-06-01 16:36:00+02:00,0.04807,1.431965,0.0,0.0
2017-06-01 16:37:00+02:00,0.0487,1.45714,0.0,0.0
2017-06-01 16:38:00+02:00,0.04801,1.458659,0.0,0.0
2017-06-01 16:39:00+02:00,0.05057,1.445222,0.0,0.0
2017-06-01 16:40:00+02:00,0.05149,1.416834,0.0,0.0
2017-06-01 16:41:00+02:00,0.0579,1.398868,0.0,0.0
2017-06-01 16:42:00+02:00,0.05554,1.422659,0.0,0.0
2017-06-01 16:43:00+02:00,0.05721,1.433736,0.0,0.0
2017-06-01 16:44:00+02:00,0.06168,1.431553,0.0,0.0
2017-06-01 16:45:00+02:00,0.06238,1.427744,0.0,0.0
2017-06-01 16:46:00+02:00,0.05993,1.416996,0.0,0.0
2017-06-01 16:47:00+02:00,0.06094,1.398195,0.0,0.0
2017-06-01 16:48:00+02:00,0.06795,1.397869,0.0,0.0
2017-06-01 16:49:00+02:00,0.06738,1.394667,0.0,0.0
2017-06-01 16:50:00+02:00,0.06642,1.39063,0.0,0.0
2017-06-01 16:51:00+02:00,0.06185,1.386472,0.0,0.0
2017-06-01 16:52:00+02:00,0.0619,1.38006,0.0,0.0
2017-06-01 16:53:00+02:00,0.06385,1.378937,0.0,0.0
2017-06-01 16:54:00+02:00,0.0664,1.368238,0.0,0.0
2017-06-01 16:55:00+02:00,0.06359,1.364501,0.0,0.0
2017-06-01 16:56:00+02:00,0.06604,1.363333,0.0,0.0
2017-06-01 16:57:00+02:00,0.06077,1.359434,0.0,0.0
2017-06-01 16:58:00+02:00,0.06503,1.352938,0.0,0.0
2017-06-01 16:59:00+02:00,0.06922,1.348778,0.0,0.0
2017-06-01 17:00:00+02:00,0.07341,1.341115,0.0,0.0
2017-06-01 17:01:00+02:00,0.07319,1.332223,0.0,0.0
2017-06-01 17:02:00+02:00,0.07459,1.322735,0.0,0.0
2017-06-01 17:03:00+02:00,0.08007,1.312439,0.0,0.0
2017-06-01 17:04:00+02:00,0.07971,1.303115,0.0,0.0
2017-06-01 17:05:00+02:00,0.07409,1.295843,0.0,0.0
2017-06-01 17:06:00+02:00,0.07039,1.277096,0.0,0.0
2017-06-01 17:07:00+02:00,0.06913,1.273761,0.0,0.0
2017-06-01 17:08:00+02:00,0.06941,1.265634,0.0,0.0
2017-06-01 17:09:00+02:00,0.07047,1.26542,0.0,0.0
2017-06-01 17:10:00+02:00,0.06926,1.261492,0.0,0.0
2017-06-01 17:11:00+02:00,0.06804,1.257377,0.0,0.0
2017-06-01 17:12:00+02:00,0.06676,1.26112,0.0,0.0
2017-06-01 17:13:00+02:00,0.06594,1.254062,0.0,0.0
2017-06-01 17:14:00+02:00,0.0629,1.24409,0.0,0.0
2017-06-01 17:15:00+02:00,0.0659,1.236143,0.0,0.0
2017-06-01 17:16:00+02:00,0.06861,1.232694,0.0,0.0
2017-06-01 17:17:00+02:00,0.06499,1.225534,0.0,0.0
2017-06-01 17:18:00+02:00,0.0643,1.215038,0.0,0.0
2017-06-01 17:19:00+02:00,0.06172,1.206799,0.0,0.0
2017-06-01 17:20:00+02:00,0.05921,1.20971,0.0,0.0
2017-06-01 17:21:00+02:00,0.06393,1.207186,0.0,0.0
2017-06-01 17:22:00+02:00,0.06546,1.202108,0.0,0.0
2017-06-01 17:23:00+02:00,0.06593,1.193405,0.0,0.0
2017-06-01 17:24:00+02:00,0.0742,1.179491,0.0,0.0
2017-06-01 17:25:00+02:00,0.07361,1.169788,0.0,0.0
2017-06-01 17:26:00+02:00,0.07571,1.163387,0.0,0.0
2017-06-01 17:27:00+02:00,0.07722,1.160042,0.0,0.0
2017-06-01 17:28:00+02:00,0.06761,1.147579,0.0,0.0
2017-06-01 17:29:00+02:00,0.06641,1.137938,0.0,0.0
2017-06-01 17:30:00+02:00,0.06427,1.129419,0.0,0.0
2017-06-01 17:31:00+02:00,0.07389,1.118574,0.0,0.0
2017-06-01 17:32:00+02:00,0.0742,1.115791,0.0,0.0
2017-06-01 17:33:00+02:00,0.07014,1.113827,0.0,0.0
2017-06-01 17:34:00+02:00,0.06652,1.107959,0.0,0.0
2017-06-01 17:35:00+02:00,0.06921,1.106269,0.0,0.0
2017-06-01 17:36:00+02:00,0.06702,1.104775,0.0,0.0
2017-06-01 17:37:00+02:00,0.08489,1.097998,0.0,0.0
2017-06-01 17:38:00+02:00,0.08733,1.096083,0.0,0.0
2017-06-01 17:39:00+02:00,0.08605,1.086359,0.0,0.0
2017-06-01 17:40:00+02:00,0.08204,1.080025,0.0,0.0
2017-06-01 17:41:00+02:00,0.08412,1.074796,0.0,0.0
2017-06-01 17:42:00+02:00,0.089,1.071437,0.0,0.0
2017-06-01 17:43:00+02:00,0.09067,1.064783,0.0,0.0
2017-06-01 17:44:00+02:00,0.09799,1.058701,0.0,0.0
2017-06-01 17:45:00+02:00,0.0951,1.05809,0.0,0.0
2017-06-01 17:46:00+02:00,0.07518,1.056641,0.0,0.0
2017-06-01 17:47:00+02:00,0.07418,1.060663,0.0,0.0
2017-06-01 17:48:00+02:00,0.07305,1.063282,0.0,0.0
2017-06-01 17:49:00+02:00,0.08375,1.062047,0.0,0.0
2017-06-01 17:50:00+02:00,0.08623,1.056514,0.0,0.0
2017-06-01 17:51:00+02:00,0.08232,1.046795,0.0,0.0
2017-06-01 17:52:00+02:00,0.07464,1.043368,0.0,0.0
2017-06-01 17:53:00+02:00,0.07169,1.036562,0.0,0.0
2017-06-01 17:54:00+02:00,0.07242,1.02717,0.0,0.0
2017-06-01 17:55:00+02:00,0.07451,1.014372,0.0,0.0
2017-06-01 17:56:00+02:00,0.07637,1.005694,0.0,0.0
2017-06-01 17:57:00+02:00,0.07834,0.999747,0.0,0.0
2017-06-01 17:58:00+02:00,0.07039,0.994896,0.0,0.0
2017-06-01 17:59:00+02:00,0.06567,0.989933,0.0,0.0
2017-06-01 18:00:00+02:00,0.06461,0.983056,0.0,0.0
2017-06-01 18:01:00+02:00,0.06572,0.973744,0.0,0.0
2017-06-01 18:02:00+02:00,0.06459,0.967583,0.0,0.0
2017-06-01 18:03:00+02:00,0.06708,0.96097,0.0,0.0
2017-06-01 18:04:00+02:00,0.07457,0.956687,0.0,0.0
2017-06-01 18:05:00+02:00,0.07615,0.953303,0.0,0.0
2017-06-01 18:06:00+02:00,0.07525,0.943657,0.0,0.0
2017-06-01 18:07:00+02:00,0.07699,0.937674,0.0,0.0
2017-06-01 18:08:00+02:00,0.07319,0.941018,0.0,0.0
2017-06-01 18:09:00+02:00,0.08125,0.937687,0.0,0.0
2017-06-01 18:10:00+02:00,0.08159,0.931901,0.0,0.0
2017-06-01 18:11:00+02:00,0.07805,0.925868,0.0,0.0
2017-06-01 18:12:00+02:00,0.08131,0.916776,0.0,0.0
2017-06-01 18:13:00+02:00,0.08214,0.905931,0.0,0.0
2017-06-01 18:14:00+02:00,0.08296,0.904547,0.0,0.0
2017-06-01 18:15:00+02:00,0.07723,0.902293,0.0,0.0
2017-06-01 18:16:00+02:00,0.08078,0.900824,0.0,0.0
2017-06-01 18:17:00+02:00,0.08211,0.89392,0.0,0.0
2017-06-01 18:18:00+02:00,0.08242,0.889682,0.0,0.0
2017-06-01 18:19:00+02:00,0.08038,0.880715,0.0,0.0
2017-06-01 18:20:00+02:00,0.07491,0.872813,0.0,0.0
2017-06-01 18:21:00+02:00,0.07975,0.866214,0.0,0.0
2017-06-01 18:22:00+02:00,0.08709,0.862261,0.0,0.0
2017-06-01 18:23:00+02:00,0.09143,0.852615,0.0,0.0
2017-06-01 18:24:00+02:00,0.09905,0.84944,0.0,0.0
2017-06-01 18:25:00+02:00,0.08467,0.848074,0.0,0.0
2017-06-01 18:26:00+02:00,0.08982,0.833306,0.0,0.0
2017-06-01 18:27:00+02:00,0.08281,0.806665,0.0,0.0
2017-06-01 18:28:00+02:00,0.08336,0.793589,0.0,0.0
2017-06-01 18:29:00+02:00,0.07631,0.795739,0.0,0.0
2017-06-01 18:30:00+02:00,0.06639,0.790531,0.0,0.0
2017-06-01 18:31:00+02:00,0.07499,0.816525,0.0,0.0
2017-06-01 18:32:00+02:00,0.08361,0.821916,0.0,0.0
2017-06-01 18:33:00+02:00,0.08093,0.815717,0.0,0.0
2017-06-01 18:34:00+02:00,0.0885,0.808189,0.0,0.0
2017-06-01 18:35:00+02:00,0.09327,0.798739,0.0,0.0
2017-06-01 18:36:00+02:00,0.08833,0.789509,0.0,0.0
2017-06-01 18:37:00+02:00,0.09229,0.779548,0.0,0.0
2017-06-01 18:38:00+02:00,0.08597,0.769729,0.0,0.0
2017-06-01 18:39:00+02:00,0.07611,0.762151,0.0,0.0
2017-06-01 18:40:00+02:00,0.08732,0.757058,0.0,0.0
2017-06-01 18:41:00+02:00,0.09467,0.750388,0.0,0.0
2017-06-01 18:42:00+02:00,0.09453,0.740651,0.0,0.0
2017-06-01 18:43:00+02:00,0.09117,0.730775,0.0,0.0
2017-06-01 18:44:00+02:00,0.09757,0.728343,0.0,0.0
2017-06-01 18:45:00+02:00,0.08832,0.722275,0.0,0.0
2017-06-01 18:46:00+02:00,0.08732,0.720232,0.0,0.0
2017-06-01 18:47:00+02:00,0.0854,0.719807,0.0,0.0
2017-06-01 18:48:00+02:00,0.08729,0.716267,0.0,0.0
2017-06-01 18:49:00+02:00,0.08623,0.710415,0.0,0.0
2017-06-01 18:50:00+02:00,0.08172,0.703364,0.0,0.0
2017-06-01 18:51:00+02:00,0.08181,0.699503,0.0,0.0
2017-06-01 18:52:00+02:00,0.08995,0.699581,0.0,0.0
2017-06-01 18:53:00+02:00,0.08836,0.695471,0.0,0.0
2017-06-01 18:54:00+02:00,0.0912,0.690151,0.0,0.0
2017-06-01 18:55:00+02:00,0.09533,0.686434,0.0,0.0
2017-06-01 18:56:00+02:00,0.09695,0.684472,0.0,0.0
2017-06-01 18:57:00+02:00,0.09736,0.677981,0.0,0.0
2017-06-01 18:58:00+02:00,0.09143,0.671981,0.0,0.0
2017-06-01 18:59:00+02:00,0.09515,0.65423,0.0,0.0
2017-06-01 19:00:00+02:00,0.0905,0.653323,0.0,0.0
2017-06-01 19:01:00+02:00,0.09644,0.654899,0.0,0.0
2017-06-01 19:02:00+02:00,0.0859,0.650173,0.0,0.0
2017-06-01 19:03:00+02:00,0.09187,0.637765,0.0,0.0
2017-06-01 19:04:00+02:00,0.10042,0.619623,0.0,0.0
2017-06-01 19:05:00+02:00,0.08532,0.613773,0.0,0.0
2017-06-01 19:06:00+02:00,0.0947,0.608593,0.0,0.0
2017-06-01 19:07:00+02:00,0.09934,0.610434,0.0,0.0
2017-06-01 19:08:00+02:00,0.09972,0.609066,0.0,0.0
2017-06-01 19:09:00+02:00,0.10257,0.603452,0.0,0.0
2017-06-01 19:10:00+02:00,0.09059,0.5963,0.0,0.0
2017-06-01 19:11:00+02:00,0.08672,0.593923,0.0,0.0
2017-06-01 19:12:00+02:00,0.09312,0.58268,0.0,0.0
2017-06-01 19:13:00+02:00,0.09491,0.571541,0.0,0.0
2017-06-01 19:14:00+02:00,0.0945,0.579832,0.0,0.0
2017-06-01 19:15:00+02:00,0.09289,0.578849,0.0,0.0
2017-06-01 19:16:00+02:00,0.09658,0.569882,0.0,0.0
2017-06-01 19:17:00+02:00,0.08963,0.56416,0.0,0.0
2017-06-01 19:18:00+02:00,0.08609,0.559427,0.0,0.0
2017-06-01 19:19:00+02:00,0.09283,0.554242,0.0,0.0
2017-06-01 19:20:00+02:00,0.09282,0.54995,0.0,0.0
2017-06-01 19:21:00+02:00,0.08102,0.54643,0.0,0.0
2017-06-01 19:22:00+02:00,0.08194,0.541156,0.0,0.0
2017-06-01 19:23:00+02:00,0.07596,0.538447,0.0,0.0
2017-06-01 19:24:00+02:00,0.07698,0.53545,0.0,0.0
2017-06-01 19:25:00+02:00,0.08271,0.530237,0.0,0.0
2017-06-01 19:26:00+02:00,0.0902,0.525157,0.0,0.0
2017-06-01 19:27:00+02:00,0.09168,0.521332,0.0,0.0
2017-06-01 19:28:00+02:00,0.08996,0.516568,0.0,0.0
2017-06-01 19:29:00+02:00,0.10107,0.512044,0.0,0.0
2017-06-01 19:30:00+02:00,0.10641,0.50431,0.0,0.0
2017-06-01 19:31:00+02:00,0.08875,0.496939,0.0,0.0
2017-06-01 19:32:00+02:00,0.08047,0.489145,0.0,0.0
2017-06-01 19:33:00+02:00,0.08013,0.490147,0.0,0.0
2017-06-01 19:34:00+02:00,0.08689,0.486047,0.0,0.0
2017-06-01 19:35:00+02:00,0.08203,0.481178,0.0,0.0
2017-06-01 19:36:00+02:00,0.09164,0.477076,0.0,0.0
2017-06-01 19:37:00+02:00,0.09033,0.471123,0.0,0.0
2017-06-01 19:38:00+02:00,0.09144,0.46492,0.0,0.0
2017-06-01 19:39:00+02:00,0.09392,0.453992,0.0,0.0
2017-06-01 19:40:00+02:00,0.09246,0.443084,0.0,0.0
2017-06-01 19:41:00+02:00,0.08363,0.437141,0.0,0.0
2017-06-01 19:42:00+02:00,0.0851,0.43083,0.0,0.0
2017-06-01 19:43:00+02:00,0.09204,0.422872,0.0,0.0
2017-06-01 19:44:00+02:00,0.09403,0.414162,0.0,0.0
2017-06-01 19:45:00+02:00,0.09144,0.401717,0.0,0.0
2017-06-01 19:46:00+02:00,0.09339,0.406206,0.0,0.0
2017-06-01 19:47:00+02:00,0.09068,0.403753,0.0,0.0
2017-06-01 19:48:00+02:00,0.09546,0.395231,0.0,0.0
2017-06-01 19:49:00+02:00,0.10377,0.387047,0.0,0.0
2017-06-01 19:50:00+02:00,0.10543,0.38003,0.0,0.0
2017-06-01 19:51:00+02:00,0.10375,0.373133,0.0,0.0
2017-06-01 19:52:00+02:00,0.09603,0.362988,0.0,0.0
2017-06-01 19:53:00+02:00,0.08787,0.351722,0.0,0.0
2017-06-01 19:54:00+02:00,0.09315,0.345015,0.0,0.0
2017-06-01 19:55:00+02:00,0.0919,0.344682,0.0,0.0
2017-06-01 19:56:00+02:00,0.09191,0.340843,0.0,0.0
2017-06-01 19:57:00+02:00,0.08996,0.335725,0.0,0.0
2017-06-01 19:58:00+02:00,0.08919,0.328626,0.0,0.0
2017-06-01 19:59:00+02:00,0.0834,0.311926,0.0,0.0
2017-06-01 20:00:00+02:00,0.07986,0.305134,0.0,0.0
2017-06-01 20:01:00+02:00,0.08116,0.307876,0.0,0.0
2017-06-01 20:02:00+02:00,0.08248,0.30074,0.0,0.0
2017-06-01 20:03:00+02:00,0.07693,0.290079,0.0,0.0
2017-06-01 20:04:00+02:00,0.08111,0.280044,0.0,0.0
2017-06-01 20:05:00+02:00,0.08822,0.278383,0.0,0.0
2017-06-01 20:06:00+02:00,0.07531,0.27621,0.0,0.0
2017-06-01 20:07:00+02:00,0.0777,0.273735,0.0,0.0
2017-06-01 20:08:00+02:00,0.07569,0.26876,0.0,0.0
2017-06-01 20:09:00+02:00,0.07652,0.262462,0.0,0.0
2017-06-01 20:10:00+02:00,0.07759,0.256136,0.0,0.0
2017-06-01 20:11:00+02:00,0.08273,0.248249,0.0,0.0
2017-06-01 20:12:00+02:00,0.088,0.241459,0.0,0.0
2017-06-01 20:13:00+02:00,0.09467,0.231356,0.0,0.0
2017-06-01 20:14:00+02:00,0.09797,0.227351,0.0,0.0
2017-06-01 20:15:00+02:00,0.09575,0.220255,0.0,0.0
2017-06-01 20:16:00+02:00,0.0891,0.209156,0.0,0.0
2017-06-01 20:17:00+02:00,0.08858,0.200713,0.0,0.0
2017-06-01 20:18:00+02:00,0.08507,0.193678,0.0,0.0
2017-06-01 20:19:00+02:00,0.08944,0.178531,0.0,0.0
2017-06-01 20:20:00+02:00,0.0824,0.170705,0.0,0.0
2017-06-01 20:21:00+02:00,0.08187,0.18068,0.0,0.0
2017-06-01 20:22:00+02:00,0.08168,0.17708,0.0,0.0
2017-06-01 20:23:00+02:00,0.08089,0.164558,0.0,0.0
2017-06-01 20:24:00+02:00,0.08671,0.158555,0.0,0.0
2017-06-01 20:25:00+02:00,0.08847,0.15727,0.0,0.0
2017-06-01 20:26:00+02:00,0.08307,0.151704,0.0,0.0
2017-06-01 20:27:00+02:00,0.08461,0.1456,0.0,0.0
2017-06-01 20:28:00+02:00,0.08874,0.14098,0.0,0.0
2017-06-01 20:29:00+02:00,0.09337,0.134948,0.0,0.0
2017-06-01 20:30:00+02:00,0.09617,0.128245,0.0,0.0
2017-06-01 20:31:00+02:00,0.09464,0.120611,0.0,0.0
2017-06-01 20:32:00+02:00,0.09374,0.112354,0.0,0.0
2017-06-01 20:33:00+02:00,0.08717,0.101228,0.0,0.0
2017-06-01 20:34:00+02:00,0.08358,0.092651,0.0,0.0
2017-06-01 20:35:00+02:00,0.08556,0.089469,0.0,0.0
2017-06-01 20:36:00+02:00,0.09047,0.089024,0.0,0.0
2017-06-01 20:37:00+02:00,0.08515,0.081923,0.0,0.0
2017-06-01 20:38:00+02:00,0.08542,0.07033,0.0,0.0
2017-06-01 20:39:00+02:00,0.09933,0.064044,0.0,0.0
2017-06-01 20:40:00+02:00,0.10206,0.061954,0.0,0.0
2017-06-01 20:41:00+02:00,0.10331,0.054257,0.0,0.0
2017-06-01 20:42:00+02:00,0.0953,0.04529,0.0,0.0
2017-06-01 20:43:00+02:00,0.09406,0.006505,0.0,0.0
2017-06-01 20:44:00+02:00,0.08773,0.005117,0.0,0.0
2017-06-01 20:45:00+02:00,0.07929,0.001562,0.0,0.0
2017-06-01 20:46:00+02:00,0.08959,0.00099,0.0,0.0
2017-06-01 20:47:00+02:00,0.08742,0.0,0.0,0.0
2017-06-01 20:48:00+02:00,0.09477,0.0,0.0,0.0
2017-06-01 20:49:00+02:00,0.09083,0.0,0.0,0.0
2017-06-01 20:50:00+02:00,0.088,0.0,0.0,0.0
2017-06-01 20:51:00+02:00,0.08469,0.0,0.0,0.0
2017-06-01 20:52:00+02:00,0.08795,0.0,0.0,0.0
2017-06-01 20:53:00+02:00,0.08733,0.0,0.0,0.0
2017-06-01 20:54:00+02:00,0.08772,0.0,0.0,0.0
2017-06-01 20:55:00+02:00,0.08861,0.0,0.0,0.0
2017-06-01 20:56:00+02:00,0.09806,0.0,0.0,0.0
2017-06-01 20:57:00+02:00,0.10321,0.0,0.0,0.0
2017-06-01 20:58:00+02:00,0.10185,0.0,0.0,0.0
2017-06-01 20:59:00+02:00,0.09102,0.0,0.0,0.0
2017-06-01 21:00:00+02:00,0.09396,0.0,0.0,0.0
2017-06-01 21:01:00+02:00,0.08869,0.0,0.0,0.0
2017-06-01 21:02:00+02:00,0.09226,0.0,0.0,0.0
2017-06-01 21:03:00+02:00,0.08527,0.0,0.0,0.0
2017-06-01 21:04:00+02:00,0.08568,0.0,0.0,0.0
2017-06-01 21:05:00+02:00,0.08846,0.0,0.0,0.0
2017-06-01 21:06:00+02:00,0.09514,0.0,0.0,0.0
2017-06-01 21:07:00+02:00,0.08372,0.0,0.0,0.0
2017-06-01 21:08:00+02:00,0.08584,0.0,0.0,0.0
2017-06-01 21:09:00+02:00,0.0902,0.0,0.0,0.0
2017-06-01 21:10:00+02:00,0.08557,0.0,0.0,0.0
2017-06-01 21:11:00+02:00,0.08719,0.0,0.0,0.0
2017-06-01 21:12:00+02:00,0.09083,0.0,0.0,0.0
2017-06-01 21:13:00+02:00,0.08605,0.0,0.0,0.0
2017-06-01 21:14:00+02:00,0.10306,0.0,0.0,0.0
2017-06-01 21:15:00+02:00,0.09385,0.0,0.0,0.0
2017-06-01 21:16:00+02:00,0.09077,0.0,0.0,0.0
2017-06-01 21:17:00+02:00,0.09208,0.0,0.0,0.0
2017-06-01 21:18:00+02:00,0.09458,0.0,0.0,0.0
2017-06-01 21:19:00+02:00,0.09078,0.0,0.0,0.0
2017-06-01 21:20:00+02:00,0.09054,0.0,0.0,0.0
2017-06-01 21:21:00+02:00,0.10106,0.0,0.0,0.0
2017-06-01 21:22:00+02:00,0.09168,0.0,0.0,0.0
2017-06-01 21:23:00+02:00,0.08595,0.0,0.0,0.0
2017-06-01 21:24:00+02:00,0.08227,0.0,0.0,0.0
2017-06-01 21:25:00+02:00,0.08219,0.0,0.0,0.0
2017-06-01 21:26:00+02:00,0.08293,0.0,0.0,0.0
2017-06-01 21:27:00+02:00,0.08462,0.0,0.0,0.0
2017-06-01 21:28:00+02:00,0.08608,0.0,0.0,0.0
2017-06-01 21:29:00+02:00,0.0918,0.0,0.0,0.0
2017-06-01 21:30:00+02:00,0.09205,0.0,0.0,0.0
2017-06-01 21:31:00+02:00,0.09898,0.0,0.0,0.0
2017-06-01 21:32:00+02:00,0.09936,0.0,0.0,0.0
2017-06-01 21:33:00+02:00,0.09999,0.0,0.0,0.0
2017-06-01 21:34:00+02:00,0.0927,0.0,0.0,0.0
2017-06-01 21:35:00+02:00,0.09078,0.0,0.0,0.0
2017-06-01 21:36:00+02:00,0.08821,0.0,0.0,0.0
2017-06-01 21:37:00+02:00,0.0868,0.0,0.0,0.0
2017-06-01 21:38:00+02:00,0.09523,0.0,0.0,0.0
2017-06-01 21:39:00+02:00,0.09642,0.0,0.0,0.0
2017-06-01 21:40:00+02:00,0.08716,0.0,0.0,0.0
2017-06-01 21:41:00+02:00,0.08335,0.0,0.0,0.0
2017-06-01 21:42:00+02:00,0.07636,0.0,0.0,0.0
2017-06-01 21:43:00+02:00,0.07908,0.0,0.0,0.0
2017-06-01 21:44:00+02:00,0.07977,0.0,0.0,0.0
2017-06-01 21:45:00+02:00,0.08584,0.0,0.0,0.0
2017-06-01 21:46:00+02:00,0.08534,0.0,0.0,0.0
2017-06-01 21:47:00+02:00,0.09421,0.0,0.0,0.0
2017-06-01 21:48:00+02:00,0.09485,0.0,0.0,0.0
2017-06-01 21:49:00+02:00,0.09806,0.0,0.0,0.0
2017-06-01 21:50:00+02:00,0.09648,0.0,0.0,0.0
2017-06-01 21:51:00+02:00,0.08576,0.0,0.0,0.0
2017-06-01 21:52:00+02:00,0.08056,0.0,0.0,0.0
2017-06-01 21:53:00+02:00,0.08369,0.0,0.0,0.0
2017-06-01 21:54:00+02:00,0.08529,0.0,0.0,0.0
2017-06-01 21:55:00+02:00,0.07831,0.0,0.0,0.0
2017-06-01 21:56:00+02:00,0.09261,0.0,0.0,0.0
2017-06-01 21:57:00+02:00,0.08482,0.0,0.0,0.0
2017-06-01 21:58:00+02:00,0.0847,0.0,0.0,0.0
2017-06-01 21:59:00+02:00,0.08508,0.0,0.0,0.0
2017-06-01 22:00:00+02:00,0.08767,0.0,0.0,0.0
2017-06-01 22:01:00+02:00,0.09244,0.0,0.0,0.0
2017-06-01 22:02:00+02:00,0.09528,0.0,0.0,0.0
2017-06-01 22:03:00+02:00,0.08529,0.0,0.0,0.0
2017-06-01 22:04:00+02:00,0.08674,0.0,0.0,0.0
2017-06-01 22:05:00+02:00,0.08813,0.0,0.0,0.0
2017-06-01 22:06:00+02:00,0.08168,0.0,0.0,0.0
2017-06-01 22:07:00+02:00,0.07254,0.0,0.0,0.0
2017-06-01 22:08:00+02:00,0.07694,0.0,0.0,0.0
2017-06-01 22:09:00+02:00,0.06791,0.0,0.0,0.0
2017-06-01 22:10:00+02:00,0.0647,0.0,0.0,0.0
2017-06-01 22:11:00+02:00,0.06429,0.0,0.0,0.0
2017-06-01 22:12:00+02:00,0.06269,0.0,0.0,0.0
2017-06-01 22:13:00+02:00,0.07178,0.0,0.0,0.0
2017-06-01 22:14:00+02:00,0.06701,0.0,0.0,0.0
2017-06-01 22:15:00+02:00,0.07411,0.0,0.0,0.0
2017-06-01 22:16:00+02:00,0.07881,0.0,0.0,0.0
2017-06-01 22:17:00+02:00,0.07625,0.0,0.0,0.0
2017-06-01 22:18:00+02:00,0.06979,0.0,0.0,0.0
2017-06-01 22:19:00+02:00,0.07546,0.0,0.0,0.0
2017-06-01 22:20:00+02:00,0.07845,0.0,0.0,0.0
2017-06-01 22:21:00+02:00,0.08209,0.0,0.0,0.0
2017-06-01 22:22:00+02:00,0.08105,0.0,0.0,0.0
2017-06-01 22:23:00+02:00,0.08139,0.0,0.0,0.0
2017-06-01 22:24:00+02:00,0.08242,0.0,0.0,0.0
2017-06-01 22:25:00+02:00,0.08462,0.0,0.0,0.0
2017-06-01 22:26:00+02:00,0.088,0.0,0.0,0.0
2017-06-01 22:27:00+02:00,0.09017,0.0,0.0,0.0
2017-06-01 22:28:00+02:00,0.09188,0.0,0.0,0.0
2017-06-01 22:29:00+02:00,0.09303,0.0,0.0,0.0
2017-06-01 22:30:00+02:00,0.0901,0.0,0.0,0.0
2017-06-01 22:31:00+02:00,0.09083,0.0,0.0,0.0
2017-06-01 22:32:00+02:00,0.08804,0.0,0.0,0.0
2017-06-01 22:33:00+02:00,0.09131,0.0,0.0,0.0
2017-06-01 22:34:00+02:00,0.09314,0.0,0.0,0.0
2017-06-01 22:35:00+02:00,0.08989,0.0,0.0,0.0
2017-06-01 22:36:00+02:00,0.08728,0.0,0.0,0.0
2017-06-01 22:37:00+02:00,0.08017,0.0,0.0,0.0
2017-06-01 22:38:00+02:00,0.08652,0.0,0.0,0.0
2017-06-01 22:39:00+02:00,0.08967,0.0,0.0,0.0
2017-06-01 22:40:00+02:00,0.10206,0.0,0.0,0.0
2017-06-01 22:41:00+02:00,0.10431,0.0,0.0,0.0
2017-06-01 22:42:00+02:00,0.10299,0.0,0.0,0.0
2017-06-01 22:43:00+02:00,0.09552,0.0,0.0,0.0
2017-06-01 22:44:00+02:00,0.10058,0.0,0.0,0.0
2017-06-01 22:45:00+02:00,0.1016,0.0,0.0,0.0
2017-06-01 22:46:00+02:00,0.09441,0.0,0.0,0.0
2017-06-01 22:47:00+02:00,0.08902,0.0,0.0,0.0
2017-06-01 22:48:00+02:00,0.09047,0.0,0.0,0.0
2017-06-01 22:49:00+02:00,0.08721,0.0,0.0,0.0
2017-06-01 22:50:00+02:00,0.07972,0.0,0.0,0.0
2017-06-01 22:51:00+02:00,0.08377,0.0,0.0,0.0
2017-06-01 22:52:00+02:00,0.08787,0.0,0.0,0.0
2017-06-01 22:53:00+02:00,0.08988,0.0,0.0,0.0
2017-06-01 22:54:00+02:00,0.08336,0.0,0.0,0.0
2017-06-01 22:55:00+02:00,0.08305,0.0,0.0,0.0
2017-06-01 22:56:00+02:00,0.08079,0.0,0.0,0.0
2017-06-01 22:57:00+02:00,0.08537,0.0,0.0,0.0
2017-06-01 22:58:00+02:00,0.08107,0.0,0.0,0.0
2017-06-01 22:59:00+02:00,0.08024,0.0,0.0,0.0
2017-06-01 23:00:00+02:00,0.08687,0.0,0.0,0.0
2017-06-01 23:01:00+02:00,0.08644,0.0,0.0,0.0
2017-06-01 23:02:00+02:00,0.07847,0.0,0.0,0.0
2017-06-01 23:03:00+02:00,0.07948,0.0,0.0,0.0
2017-06-01 23:04:00+02:00,0.08169,0.0,0.0,0.0
2017-06-01 23:05:00+02:00,0.0766,0.0,0.0,0.0
2017-06-01 23:06:00+02:00,0.07465,0.0,0.0,0.0
2017-06-01 23:07:00+02:00,0.0727,0.0,0.0,0.0
2017-06-01 23:08:00+02:00,0.08277,0.0,0.0,0.0
2017-06-01 23:09:00+02:00,0.08127,0.0,0.0,0.0
2017-06-01 23:10:00+02:00,0.07716,0.0,0.0,0.0
2017-06-01 23:11:00+02:00,0.07322,0.0,0.0,0.0
2017-06-01 23:12:00+02:00,0.0756,0.0,0.0,0.0
2017-06-01 23:13:00+02:00,0.07031,0.0,0.0,0.0
2017-06-01 23:14:00+02:00,0.07146,0.0,0.0,0.0
2017-06-01 23:15:00+02:00,0.07396,0.0,0.0,0.0
2017-06-01 23:16:00+02:00,0.08522,0.0,0.0,0.0
2017-06-01 23:17:00+02:00,0.08933,0.0,0.0,0.0
2017-06-01 23:18:00+02:00,0.08792,0.0,0.0,0.0
2017-06-01 23:19:00+02:00,0.08154,0.0,0.0,0.0
2017-06-01 23:20:00+02:00,0.07645,0.0,0.0,0.0
2017-06-01 23:21:00+02:00,0.07691,0.0,0.0,0.0
2017-06-01 23:22:00+02:00,0.07627,0.0,0.0,0.0
2017-06-01 23:23:00+02:00,0.07246,0.0,0.0,0.0
2017-06-01 23:24:00+02:00,0.07266,0.0,0.0,0.0
2017-06-01 23:25:00+02:00,0.07354,0.0,0.0,0.0
2017-06-01 23:26:00+02:00,0.07016,0.0,0.0,0.0
2017-06-01 23:27:00+02:00,0.06874,0.0,0.0,0.0
2017-06-01 23:28:00+02:00,0.0684,0.0,0.0,0.0
2017-06-01 23:29:00+02:00,0.06496,0.0,0.0,0.0
2017-06-01 23:30:00+02:00,0.06969,0.0,0.0,0.0
2017-06-01 23:31:00+02:00,0.06736,0.0,0.0,0.0
2017-06-01 23:32:00+02:00,0.06657,0.0,0.0,0.0
2017-06-01 23:33:00+02:00,0.07006,0.0,0.0,0.0
2017-06-01 23:34:00+02:00,0.07639,0.0,0.0,0.0
2017-06-01 23:35:00+02:00,0.07438,0.0,0.0,0.0
2017-06-01 23:36:00+02:00,0.07499,0.0,0.0,0.0
2017-06-01 23:37:00+02:00,0.07958,0.0,0.0,0.0
2017-06-01 23:38:00+02:00,0.0826,0.0,0.0,0.0
2017-06-01 23:39:00+02:00,0.08727,0.0,0.0,0.0
2017-06-01 23:40:00+02:00,0.08163,0.0,0.0,0.0
2017-06-01 23:41:00+02:00,0.07937,0.0,0.0,0.0
2017-06-01 23:42:00+02:00,0.07277,0.0,0.0,0.0
2017-06-01 23:43:00+02:00,0.07312,0.0,0.0,0.0
2017-06-01 23:44:00+02:00,0.07388,0.0,0.0,0.0
2017-06-01 23:45:00+02:00,0.06835,0.0,0.0,0.0
2017-06-01 23:46:00+02:00,0.06574,0.0,0.0,0.0
2017-06-01 23:47:00+02:00,0.0651,0.0,0.0,0.0
2017-06-01 23:48:00+02:00,0.06477,0.0,0.0,0.0
2017-06-01 23:49:00+02:00,0.06633,0.0,0.0,0.0
2017-06-01 23:50:00+02:00,0.06227,0.0,0.0,0.0
2017-06-01 23:51:00+02:00,0.05956,0.0,0.0,0.0
2017-06-01 23:52:00+02:00,0.05673,0.0,0.0,0.0
2017-06-01 23:53:00+02:00,0.06205,0.0,0.0,0.0
2017-06-01 23:54:00+02:00,0.06562,0.0,0.0,0.0
2017-06-01 23:55:00+02:00,0.05762,0.0,0.0,0.0
2017-06-01 23:56:00+02:00,0.06049,0.0,0.0,0.0
2017-06-01 23:57:00+02:00,0.06781,0.0,0.0,0.0
2017-06-01 23:58:00+02:00,0.06449,0.0,0.0,0.0
2017-06-01 23:59:00+02:00,0.06481,0.0,0.0,0.0
2017-06-02 00:00:00+02:00,0.06975,0.0,0.0,0.0
