timestamp,0
2017-10-21 00:00:00+02:00,0.007507
2017-10-21 00:01:00+02:00,0.006961
2017-10-21 00:02:00+02:00,0.007115
2017-10-21 00:03:00+02:00,0.008035
2017-10-21 00:04:00+02:00,0.008865
2017-10-21 00:05:00+02:00,0.011199
2017-10-21 00:06:00+02:00,0.010536
2017-10-21 00:07:00+02:00,0.009903
2017-10-21 00:08:00+02:00,0.009407
2017-10-21 00:09:00+02:00,0.008039
2017-10-21 00:10:00+02:00,0.008263
2017-10-21 00:11:00+02:00,0.009465
2017-10-21 00:12:00+02:00,0.007347
2017-10-21 00:13:00+02:00,0.007103
2017-10-21 00:14:00+02:00,0.007052
2017-10-21 00:15:00+02:00,0.007078
2017-10-21 00:16:00+02:00,0.007447
2017-10-21 00:17:00+02:00,0.007467
2017-10-21 00:18:00+02:00,0.006398
2017-10-21 00:19:00+02:00,0.005864
2017-10-21 00:20:00+02:00,0.005522
2017-10-21 00:21:00+02:00,0.004619
2017-10-21 00:22:00+02:00,0.003903
2017-10-21 00:23:00+02:00,0.003706
2017-10-21 00:24:00+02:00,0.004225
2017-10-21 00:25:00+02:00,0.003855
2017-10-21 00:26:00+02:00,0.003872
2017-10-21 00:27:00+02:00,0.00398
2017-10-21 00:28:00+02:00,0.00442
2017-10-21 00:29:00+02:00,0.004329
2017-10-21 00:30:00+02:00,0.006062
2017-10-21 00:31:00+02:00,0.005621
2017-10-21 00:32:00+02:00,0.00719
2017-10-21 00:33:00+02:00,0.006965
2017-10-21 00:34:00+02:00,0.006714
2017-10-21 00:35:00+02:00,0.006523
2017-10-21 00:36:00+02:00,0.006015
2017-10-21 00:37:00+02:00,0.00545
2017-10-21 00:38:00+02:00,0.005637
2017-10-21 00:39:00+02:00,0.007257
2017-10-21 00:40:00+02:00,0.009011
2017-10-21 00:41:00+02:00,0.008918
2017-10-21 00:42:00+02:00,0.009067
2017-10-21 00:43:00+02:00,0.009161
2017-10-21 00:44:00+02:00,0.009448
2017-10-21 00:45:00+02:00,0.009885
2017-10-21 00:46:00+02:00,0.010559
2017-10-21 00:47:00+02:00,0.009285
2017-10-21 00:48:00+02:00,0.009819
2017-10-21 00:49:00+02:00,0.00945
2017-10-21 00:50:00+02:00,0.009251
2017-10-21 00:51:00+02:00,0.009402
2017-10-21 00:52:00+02:00,0.009038
2017-10-21 00:53:00+02:00,0.008453
2017-10-21 00:54:00+02:00,0.00754
2017-10-21 00:55:00+02:00,0.006437
2017-10-21 00:56:00+02:00,0.005827
2017-10-21 00:57:00+02:00,0.004889
2017-10-21 00:58:00+02:00,0.005673
2017-10-21 00:59:00+02:00,0.005737
2017-10-21 01:00:00+02:00,0.006476
2017-10-21 01:01:00+02:00,0.008902
2017-10-21 01:02:00+02:00,0.011547
2017-10-21 01:03:00+02:00,0.010172
2017-10-21 01:04:00+02:00,0.008858
2017-10-21 01:05:00+02:00,0.008479
2017-10-21 01:06:00+02:00,0.008873
2017-10-21 01:07:00+02:00,0.008486
2017-10-21 01:08:00+02:00,0.008861
2017-10-21 01:09:00+02:00,0.00854
2017-10-21 01:10:00+02:00,0.008171
2017-10-21 01:11:00+02:00,0.008575
2017-10-21 01:12:00+02:00,0.009994
2017-10-21 01:13:00+02:00,0.010241
2017-10-21 01:14:00+02:00,0.010883
2017-10-21 01:15:00+02:00,0.011086
2017-10-21 01:16:00+02:00,0.0092
2017-10-21 01:17:00+02:00,0.007027
2017-10-21 01:18:00+02:00,0.007777
2017-10-21 01:19:00+02:00,0.007892
2017-10-21 01:20:00+02:00,0.007202
2017-10-21 01:21:00+02:00,0.00709
2017-10-21 01:22:00+02:00,0.008594
2017-10-21 01:23:00+02:00,0.008798
2017-10-21 01:24:00+02:00,0.009531
2017-10-21 01:25:00+02:00,0.00879
2017-10-21 01:26:00+02:00,0.00796
2017-10-21 01:27:00+02:00,0.006885
2017-10-21 01:28:00+02:00,0.00594
2017-10-21 01:29:00+02:00,0.006007
2017-10-21 01:30:00+02:00,0.006068
2017-10-21 01:31:00+02:00,0.006142
2017-10-21 01:32:00+02:00,0.006254
2017-10-21 01:33:00+02:00,0.006588
2017-10-21 01:34:00+02:00,0.006625
2017-10-21 01:35:00+02:00,0.006597
2017-10-21 01:36:00+02:00,0.005125
2017-10-21 01:37:00+02:00,0.004994
2017-10-21 01:38:00+02:00,0.004554
2017-10-21 01:39:00+02:00,0.004095
2017-10-21 01:40:00+02:00,0.004548
2017-10-21 01:41:00+02:00,0.004298
2017-10-21 01:42:00+02:00,0.003587
2017-10-21 01:43:00+02:00,0.003483
2017-10-21 01:44:00+02:00,0.003844
2017-10-21 01:45:00+02:00,0.003746
2017-10-21 01:46:00+02:00,0.003767
2017-10-21 01:47:00+02:00,0.003728
2017-10-21 01:48:00+02:00,0.003293
2017-10-21 01:49:00+02:00,0.003681
2017-10-21 01:50:00+02:00,0.004204
2017-10-21 01:51:00+02:00,0.004765
2017-10-21 01:52:00+02:00,0.004582
2017-10-21 01:53:00+02:00,0.004828
2017-10-21 01:54:00+02:00,0.0046
2017-10-21 01:55:00+02:00,0.004304
2017-10-21 01:56:00+02:00,0.004636
2017-10-21 01:57:00+02:00,0.005488
2017-10-21 01:58:00+02:00,0.0064
2017-10-21 01:59:00+02:00,0.005784
2017-10-21 02:00:00+02:00,0.006107
2017-10-21 02:01:00+02:00,0.006458
2017-10-21 02:02:00+02:00,0.006087
2017-10-21 02:03:00+02:00,0.006444
2017-10-21 02:04:00+02:00,0.00667
2017-10-21 02:05:00+02:00,0.007241
2017-10-21 02:06:00+02:00,0.007538
2017-10-21 02:07:00+02:00,0.00658
2017-10-21 02:08:00+02:00,0.006455
2017-10-21 02:09:00+02:00,0.006754
2017-10-21 02:10:00+02:00,0.006621
2017-10-21 02:11:00+02:00,0.007211
2017-10-21 02:12:00+02:00,0.007029
2017-10-21 02:13:00+02:00,0.00954
2017-10-21 02:14:00+02:00,0.011932
2017-10-21 02:15:00+02:00,0.012474
2017-10-21 02:16:00+02:00,0.012995
2017-10-21 02:17:00+02:00,0.015449
2017-10-21 02:18:00+02:00,0.012958
2017-10-21 02:19:00+02:00,0.010373
2017-10-21 02:20:00+02:00,0.007755
2017-10-21 02:21:00+02:00,0.012328
2017-10-21 02:22:00+02:00,0.013028
2017-10-21 02:23:00+02:00,0.012613
2017-10-21 02:24:00+02:00,0.012564
2017-10-21 02:25:00+02:00,0.012661
2017-10-21 02:26:00+02:00,0.012725
2017-10-21 02:27:00+02:00,0.012933
2017-10-21 02:28:00+02:00,0.010296
2017-10-21 02:29:00+02:00,0.007272
2017-10-21 02:30:00+02:00,0.00764
2017-10-21 02:31:00+02:00,0.008656
2017-10-21 02:32:00+02:00,0.008814
2017-10-21 02:33:00+02:00,0.007912
2017-10-21 02:34:00+02:00,0.007453
2017-10-21 02:35:00+02:00,0.006479
2017-10-21 02:36:00+02:00,0.00529
2017-10-21 02:37:00+02:00,0.004784
2017-10-21 02:38:00+02:00,0.005381
2017-10-21 02:39:00+02:00,0.005476
2017-10-21 02:40:00+02:00,0.005776
2017-10-21 02:41:00+02:00,0.006127
2017-10-21 02:42:00+02:00,0.006568
2017-10-21 02:43:00+02:00,0.006107
2017-10-21 02:44:00+02:00,0.006465
2017-10-21 02:45:00+02:00,0.006065
2017-10-21 02:46:00+02:00,0.00595
2017-10-21 02:47:00+02:00,0.00514
2017-10-21 02:48:00+02:00,0.005086
2017-10-21 02:49:00+02:00,0.006003
2017-10-21 02:50:00+02:00,0.00626
2017-10-21 02:51:00+02:00,0.006475
2017-10-21 02:52:00+02:00,0.006075
2017-10-21 02:53:00+02:00,0.005739
2017-10-21 02:54:00+02:00,0.006186
2017-10-21 02:55:00+02:00,0.006782
2017-10-21 02:56:00+02:00,0.007431
2017-10-21 02:57:00+02:00,0.007208
2017-10-21 02:58:00+02:00,0.006589
2017-10-21 02:59:00+02:00,0.006794
2017-10-21 03:00:00+02:00,0.006704
2017-10-21 03:01:00+02:00,0.007866
2017-10-21 03:02:00+02:00,0.00785
2017-10-21 03:03:00+02:00,0.007494
2017-10-21 03:04:00+02:00,0.007377
2017-10-21 03:05:00+02:00,0.007356
2017-10-21 03:06:00+02:00,0.007213
2017-10-21 03:07:00+02:00,0.00682
2017-10-21 03:08:00+02:00,0.008428
2017-10-21 03:09:00+02:00,0.00857
2017-10-21 03:10:00+02:00,0.008377
2017-10-21 03:11:00+02:00,0.007855
2017-10-21 03:12:00+02:00,0.007948
2017-10-21 03:13:00+02:00,0.007871
2017-10-21 03:14:00+02:00,0.008752
2017-10-21 03:15:00+02:00,0.009933
2017-10-21 03:16:00+02:00,0.008298
2017-10-21 03:17:00+02:00,0.008136
2017-10-21 03:18:00+02:00,0.00827
2017-10-21 03:19:00+02:00,0.007733
2017-10-21 03:20:00+02:00,0.007524
2017-10-21 03:21:00+02:00,0.007955
2017-10-21 03:22:00+02:00,0.008096
2017-10-21 03:23:00+02:00,0.006515
2017-10-21 03:24:00+02:00,0.005551
2017-10-21 03:25:00+02:00,0.005395
2017-10-21 03:26:00+02:00,0.005248
2017-10-21 03:27:00+02:00,0.00491
2017-10-21 03:28:00+02:00,0.005887
2017-10-21 03:29:00+02:00,0.005879
2017-10-21 03:30:00+02:00,0.006053
2017-10-21 03:31:00+02:00,0.006176
2017-10-21 03:32:00+02:00,0.006136
2017-10-21 03:33:00+02:00,0.005944
2017-10-21 03:34:00+02:00,0.006384
2017-10-21 03:35:00+02:00,0.007088
2017-10-21 03:36:00+02:00,0.008034
2017-10-21 03:37:00+02:00,0.007631
2017-10-21 03:38:00+02:00,0.007409
2017-10-21 03:39:00+02:00,0.009293
2017-10-21 03:40:00+02:00,0.008704
2017-10-21 03:41:00+02:00,0.006778
2017-10-21 03:42:00+02:00,0.006853
2017-10-21 03:43:00+02:00,0.006928
2017-10-21 03:44:00+02:00,0.007425
2017-10-21 03:45:00+02:00,0.006615
2017-10-21 03:46:00+02:00,0.006736
2017-10-21 03:47:00+02:00,0.006531
2017-10-21 03:48:00+02:00,0.007312
2017-10-21 03:49:00+02:00,0.008171
2017-10-21 03:50:00+02:00,0.008261
2017-10-21 03:51:00+02:00,0.009172
2017-10-21 03:52:00+02:00,0.009328
2017-10-21 03:53:00+02:00,0.008901
2017-10-21 03:54:00+02:00,0.009988
2017-10-21 03:55:00+02:00,0.00912
2017-10-21 03:56:00+02:00,0.00754
2017-10-21 03:57:00+02:00,0.00681
2017-10-21 03:58:00+02:00,0.006711
2017-10-21 03:59:00+02:00,0.006937
2017-10-21 04:00:00+02:00,0.007529
2017-10-21 04:01:00+02:00,0.007526
2017-10-21 04:02:00+02:00,0.007263
2017-10-21 04:03:00+02:00,0.007667
2017-10-21 04:04:00+02:00,0.007639
2017-10-21 04:05:00+02:00,0.007391
2017-10-21 04:06:00+02:00,0.00712
2017-10-21 04:07:00+02:00,0.007147
2017-10-21 04:08:00+02:00,0.006751
2017-10-21 04:09:00+02:00,0.006483
2017-10-21 04:10:00+02:00,0.006543
2017-10-21 04:11:00+02:00,0.007145
2017-10-21 04:12:00+02:00,0.007698
2017-10-21 04:13:00+02:00,0.007685
2017-10-21 04:14:00+02:00,0.007805
2017-10-21 04:15:00+02:00,0.008508
2017-10-21 04:16:00+02:00,0.00857
2017-10-21 04:17:00+02:00,0.007739
2017-10-21 04:18:00+02:00,0.012635
2017-10-21 04:19:00+02:00,0.015522
2017-10-21 04:20:00+02:00,0.015976
2017-10-21 04:21:00+02:00,0.016202
2017-10-21 04:22:00+02:00,0.015908
2017-10-21 04:23:00+02:00,0.010924
2017-10-21 04:24:00+02:00,0.010132
2017-10-21 04:25:00+02:00,0.009771
2017-10-21 04:26:00+02:00,0.009451
2017-10-21 04:27:00+02:00,0.008704
2017-10-21 04:28:00+02:00,0.008918
2017-10-21 04:29:00+02:00,0.00865
2017-10-21 04:30:00+02:00,0.009167
2017-10-21 04:31:00+02:00,0.009573
2017-10-21 04:32:00+02:00,0.009463
2017-10-21 04:33:00+02:00,0.0091
2017-10-21 04:34:00+02:00,0.009089
2017-10-21 04:35:00+02:00,0.009591
2017-10-21 04:36:00+02:00,0.009648
2017-10-21 04:37:00+02:00,0.009706
2017-10-21 04:38:00+02:00,0.009208
2017-10-21 04:39:00+02:00,0.008842
2017-10-21 04:40:00+02:00,0.008014
2017-10-21 04:41:00+02:00,0.008396
2017-10-21 04:42:00+02:00,0.007789
2017-10-21 04:43:00+02:00,0.007984
2017-10-21 04:44:00+02:00,0.008436
2017-10-21 04:45:00+02:00,0.008597
2017-10-21 04:46:00+02:00,0.008618
2017-10-21 04:47:00+02:00,0.007969
2017-10-21 04:48:00+02:00,0.008218
2017-10-21 04:49:00+02:00,0.008289
2017-10-21 04:50:00+02:00,0.008589
2017-10-21 04:51:00+02:00,0.008142
2017-10-21 04:52:00+02:00,0.007942
2017-10-21 04:53:00+02:00,0.008242
2017-10-21 04:54:00+02:00,0.00846
2017-10-21 04:55:00+02:00,0.008394
2017-10-21 04:56:00+02:00,0.009992
2017-10-21 04:57:00+02:00,0.009854
2017-10-21 04:58:00+02:00,0.009922
2017-10-21 04:59:00+02:00,0.008758
2017-10-21 05:00:00+02:00,0.008569
2017-10-21 05:01:00+02:00,0.008475
2017-10-21 05:02:00+02:00,0.009158
2017-10-21 05:03:00+02:00,0.009269
2017-10-21 05:04:00+02:00,0.009538
2017-10-21 05:05:00+02:00,0.009391
2017-10-21 05:06:00+02:00,0.010018
2017-10-21 05:07:00+02:00,0.010794
2017-10-21 05:08:00+02:00,0.010256
2017-10-21 05:09:00+02:00,0.009892
2017-10-21 05:10:00+02:00,0.010151
2017-10-21 05:11:00+02:00,0.010218
2017-10-21 05:12:00+02:00,0.010169
2017-10-21 05:13:00+02:00,0.010421
2017-10-21 05:14:00+02:00,0.010498
2017-10-21 05:15:00+02:00,0.010408
2017-10-21 05:16:00+02:00,0.010013
2017-10-21 05:17:00+02:00,0.009577
2017-10-21 05:18:00+02:00,0.009854
2017-10-21 05:19:00+02:00,0.010824
2017-10-21 05:20:00+02:00,0.010139
2017-10-21 05:21:00+02:00,0.009797
2017-10-21 05:22:00+02:00,0.009661
2017-10-21 05:23:00+02:00,0.010207
2017-10-21 05:24:00+02:00,0.010174
2017-10-21 05:25:00+02:00,0.010496
2017-10-21 05:26:00+02:00,0.011039
2017-10-21 05:27:00+02:00,0.013548
2017-10-21 05:28:00+02:00,0.01388
2017-10-21 05:29:00+02:00,0.013494
2017-10-21 05:30:00+02:00,0.013961
2017-10-21 05:31:00+02:00,0.014334
2017-10-21 05:32:00+02:00,0.014956
2017-10-21 05:33:00+02:00,0.015393
2017-10-21 05:34:00+02:00,0.015488
2017-10-21 05:35:00+02:00,0.016664
2017-10-21 05:36:00+02:00,0.016496
2017-10-21 05:37:00+02:00,0.016229
2017-10-21 05:38:00+02:00,0.016257
2017-10-21 05:39:00+02:00,0.016255
2017-10-21 05:40:00+02:00,0.016418
2017-10-21 05:41:00+02:00,0.017294
2017-10-21 05:42:00+02:00,0.015851
2017-10-21 05:43:00+02:00,0.015759
2017-10-21 05:44:00+02:00,0.015873
2017-10-21 05:45:00+02:00,0.01629
2017-10-21 05:46:00+02:00,0.016623
2017-10-21 05:47:00+02:00,0.016963
2017-10-21 05:48:00+02:00,0.017937
2017-10-21 05:49:00+02:00,0.017663
2017-10-21 05:50:00+02:00,0.017095
2017-10-21 05:51:00+02:00,0.016798
2017-10-21 05:52:00+02:00,0.016341
2017-10-21 05:53:00+02:00,0.016836
2017-10-21 05:54:00+02:00,0.017961
2017-10-21 05:55:00+02:00,0.018108
2017-10-21 05:56:00+02:00,0.017759
2017-10-21 05:57:00+02:00,0.018919
2017-10-21 05:58:00+02:00,0.018591
2017-10-21 05:59:00+02:00,0.018714
2017-10-21 06:00:00+02:00,0.018489
2017-10-21 06:01:00+02:00,0.019032
2017-10-21 06:02:00+02:00,0.018067
2017-10-21 06:03:00+02:00,0.024031
2017-10-21 06:04:00+02:00,0.02415
2017-10-21 06:05:00+02:00,0.024723
2017-10-21 06:06:00+02:00,0.025149
2017-10-21 06:07:00+02:00,0.025524
2017-10-21 06:08:00+02:00,0.019753
2017-10-21 06:09:00+02:00,0.018217
2017-10-21 06:10:00+02:00,0.017934
2017-10-21 06:11:00+02:00,0.017366
2017-10-21 06:12:00+02:00,0.016355
2017-10-21 06:13:00+02:00,0.01746
2017-10-21 06:14:00+02:00,0.017476
2017-10-21 06:15:00+02:00,0.018032
2017-10-21 06:16:00+02:00,0.01768
2017-10-21 06:17:00+02:00,0.018208
2017-10-21 06:18:00+02:00,0.017868
2017-10-21 06:19:00+02:00,0.018905
2017-10-21 06:20:00+02:00,0.019166
2017-10-21 06:21:00+02:00,0.01923
2017-10-21 06:22:00+02:00,0.018573
2017-10-21 06:23:00+02:00,0.018784
2017-10-21 06:24:00+02:00,0.019782
2017-10-21 06:25:00+02:00,0.020256
2017-10-21 06:26:00+02:00,0.022631
2017-10-21 06:27:00+02:00,0.028102
2017-10-21 06:28:00+02:00,0.027056
2017-10-21 06:29:00+02:00,0.026397
2017-10-21 06:30:00+02:00,0.026763
2017-10-21 06:31:00+02:00,0.027189
2017-10-21 06:32:00+02:00,0.027481
2017-10-21 06:33:00+02:00,0.027987
2017-10-21 06:34:00+02:00,0.028585
2017-10-21 06:35:00+02:00,0.028736
2017-10-21 06:36:00+02:00,0.02847
2017-10-21 06:37:00+02:00,0.028872
2017-10-21 06:38:00+02:00,0.028652
2017-10-21 06:39:00+02:00,0.028926
2017-10-21 06:40:00+02:00,0.028654
2017-10-21 06:41:00+02:00,0.026069
2017-10-21 06:42:00+02:00,0.021456
2017-10-21 06:43:00+02:00,0.021596
2017-10-21 06:44:00+02:00,0.021239
2017-10-21 06:45:00+02:00,0.021207
2017-10-21 06:46:00+02:00,0.021397
2017-10-21 06:47:00+02:00,0.021492
2017-10-21 06:48:00+02:00,0.021811
2017-10-21 06:49:00+02:00,0.02145
2017-10-21 06:50:00+02:00,0.022055
2017-10-21 06:51:00+02:00,0.022295
2017-10-21 06:52:00+02:00,0.021809
2017-10-21 06:53:00+02:00,0.021868
2017-10-21 06:54:00+02:00,0.021508
2017-10-21 06:55:00+02:00,0.021629
2017-10-21 06:56:00+02:00,0.021414
2017-10-21 06:57:00+02:00,0.019609
2017-10-21 06:58:00+02:00,0.020064
2017-10-21 06:59:00+02:00,0.020347
2017-10-21 07:00:00+02:00,0.019641
2017-10-21 07:01:00+02:00,0.020125
2017-10-21 07:02:00+02:00,0.021071
2017-10-21 07:03:00+02:00,0.021931
2017-10-21 07:04:00+02:00,0.021289
2017-10-21 07:05:00+02:00,0.021049
2017-10-21 07:06:00+02:00,0.02018
2017-10-21 07:07:00+02:00,0.020507
2017-10-21 07:08:00+02:00,0.021416
2017-10-21 07:09:00+02:00,0.021777
2017-10-21 07:10:00+02:00,0.021983
2017-10-21 07:11:00+02:00,0.022143
2017-10-21 07:12:00+02:00,0.021604
2017-10-21 07:13:00+02:00,0.021535
2017-10-21 07:14:00+02:00,0.020883
2017-10-21 07:15:00+02:00,0.022028
2017-10-21 07:16:00+02:00,0.022506
2017-10-21 07:17:00+02:00,0.022785
2017-10-21 07:18:00+02:00,0.022523
2017-10-21 07:19:00+02:00,0.021976
2017-10-21 07:20:00+02:00,0.021957
2017-10-21 07:21:00+02:00,0.021341
2017-10-21 07:22:00+02:00,0.02068
2017-10-21 07:23:00+02:00,0.021581
2017-10-21 07:24:00+02:00,0.024021
2017-10-21 07:25:00+02:00,0.026441
2017-10-21 07:26:00+02:00,0.026952
2017-10-21 07:27:00+02:00,0.028067
2017-10-21 07:28:00+02:00,0.028243
2017-10-21 07:29:00+02:00,0.028401
2017-10-21 07:30:00+02:00,0.029151
2017-10-21 07:31:00+02:00,0.029361
2017-10-21 07:32:00+02:00,0.02795
2017-10-21 07:33:00+02:00,0.027871
2017-10-21 07:34:00+02:00,0.02803
2017-10-21 07:35:00+02:00,0.028082
2017-10-21 07:36:00+02:00,0.027743
2017-10-21 07:37:00+02:00,0.025842
2017-10-21 07:38:00+02:00,0.02528
2017-10-21 07:39:00+02:00,0.025259
2017-10-21 07:40:00+02:00,0.023513
2017-10-21 07:41:00+02:00,0.024758
2017-10-21 07:42:00+02:00,0.024773
2017-10-21 07:43:00+02:00,0.022037
2017-10-21 07:44:00+02:00,0.021379
2017-10-21 07:45:00+02:00,0.021461
2017-10-21 07:46:00+02:00,0.023379
2017-10-21 07:47:00+02:00,0.025494
2017-10-21 07:48:00+02:00,0.023462
2017-10-21 07:49:00+02:00,0.023798
2017-10-21 07:50:00+02:00,0.026714
2017-10-21 07:51:00+02:00,0.025241
2017-10-21 07:52:00+02:00,0.023609
2017-10-21 07:53:00+02:00,0.023742
2017-10-21 07:54:00+02:00,0.024459
2017-10-21 07:55:00+02:00,0.024557
2017-10-21 07:56:00+02:00,0.025107
2017-10-21 07:57:00+02:00,0.023876
2017-10-21 07:58:00+02:00,0.023504
2017-10-21 07:59:00+02:00,0.023853
2017-10-21 08:00:00+02:00,0.024442
2017-10-21 08:01:00+02:00,0.02561
2017-10-21 08:02:00+02:00,0.025232
2017-10-21 08:03:00+02:00,0.02469
2017-10-21 08:04:00+02:00,0.02451
2017-10-21 08:05:00+02:00,0.024575
2017-10-21 08:06:00+02:00,0.024391
2017-10-21 08:07:00+02:00,0.02481
2017-10-21 08:08:00+02:00,0.023543
2017-10-21 08:09:00+02:00,0.022385
2017-10-21 08:10:00+02:00,0.022522
2017-10-21 08:11:00+02:00,0.02301
2017-10-21 08:12:00+02:00,0.02276
2017-10-21 08:13:00+02:00,0.023196
2017-10-21 08:14:00+02:00,0.023324
2017-10-21 08:15:00+02:00,0.023306
2017-10-21 08:16:00+02:00,0.023186
2017-10-21 08:17:00+02:00,0.023824
2017-10-21 08:18:00+02:00,0.025149
2017-10-21 08:19:00+02:00,0.025672
2017-10-21 08:20:00+02:00,0.025844
2017-10-21 08:21:00+02:00,0.025237
2017-10-21 08:22:00+02:00,0.025055
2017-10-21 08:23:00+02:00,0.024896
2017-10-21 08:24:00+02:00,0.024292
2017-10-21 08:25:00+02:00,0.023897
2017-10-21 08:26:00+02:00,0.023444
2017-10-21 08:27:00+02:00,0.023766
2017-10-21 08:28:00+02:00,0.026206
2017-10-21 08:29:00+02:00,0.026348
2017-10-21 08:30:00+02:00,0.024917
2017-10-21 08:31:00+02:00,0.024235
2017-10-21 08:32:00+02:00,0.023807
2017-10-21 08:33:00+02:00,0.023021
2017-10-21 08:34:00+02:00,0.022929
2017-10-21 08:35:00+02:00,0.022587
2017-10-21 08:36:00+02:00,0.022682
2017-10-21 08:37:00+02:00,0.019983
2017-10-21 08:38:00+02:00,0.018666
2017-10-21 08:39:00+02:00,0.018489
2017-10-21 08:40:00+02:00,0.018271
2017-10-21 08:41:00+02:00,0.019313
2017-10-21 08:42:00+02:00,0.021048
2017-10-21 08:43:00+02:00,0.022833
2017-10-21 08:44:00+02:00,0.023529
2017-10-21 08:45:00+02:00,0.023479
2017-10-21 08:46:00+02:00,0.023118
2017-10-21 08:47:00+02:00,0.023438
2017-10-21 08:48:00+02:00,0.022358
2017-10-21 08:49:00+02:00,0.022556
2017-10-21 08:50:00+02:00,0.023234
2017-10-21 08:51:00+02:00,0.022086
2017-10-21 08:52:00+02:00,0.022645
2017-10-21 08:53:00+02:00,0.023326
2017-10-21 08:54:00+02:00,0.024447
2017-10-21 08:55:00+02:00,0.02399
2017-10-21 08:56:00+02:00,0.022372
2017-10-21 08:57:00+02:00,0.021978
2017-10-21 08:58:00+02:00,0.021401
2017-10-21 08:59:00+02:00,0.021776
2017-10-21 09:00:00+02:00,0.022636
2017-10-21 09:01:00+02:00,0.024456
2017-10-21 09:02:00+02:00,0.023954
2017-10-21 09:03:00+02:00,0.023613
2017-10-21 09:04:00+02:00,0.024401
2017-10-21 09:05:00+02:00,0.023533
2017-10-21 09:06:00+02:00,0.022835
2017-10-21 09:07:00+02:00,0.019081
2017-10-21 09:08:00+02:00,0.017711
2017-10-21 09:09:00+02:00,0.017245
2017-10-21 09:10:00+02:00,0.016768
2017-10-21 09:11:00+02:00,0.016613
2017-10-21 09:12:00+02:00,0.018271
2017-10-21 09:13:00+02:00,0.018476
2017-10-21 09:14:00+02:00,0.018348
2017-10-21 09:15:00+02:00,0.018691
2017-10-21 09:16:00+02:00,0.018619
2017-10-21 09:17:00+02:00,0.018689
2017-10-21 09:18:00+02:00,0.019354
2017-10-21 09:19:00+02:00,0.023057
2017-10-21 09:20:00+02:00,0.023733
2017-10-21 09:21:00+02:00,0.023894
2017-10-21 09:22:00+02:00,0.023954
2017-10-21 09:23:00+02:00,0.02443
2017-10-21 09:24:00+02:00,0.025565
2017-10-21 09:25:00+02:00,0.027453
2017-10-21 09:26:00+02:00,0.027914
2017-10-21 09:27:00+02:00,0.025679
2017-10-21 09:28:00+02:00,0.024584
2017-10-21 09:29:00+02:00,0.024779
2017-10-21 09:30:00+02:00,0.025608
2017-10-21 09:31:00+02:00,0.025763
2017-10-21 09:32:00+02:00,0.024949
2017-10-21 09:33:00+02:00,0.024493
2017-10-21 09:34:00+02:00,0.021232
2017-10-21 09:35:00+02:00,0.02147
2017-10-21 09:36:00+02:00,0.020964
2017-10-21 09:37:00+02:00,0.021271
2017-10-21 09:38:00+02:00,0.021506
2017-10-21 09:39:00+02:00,0.021677
2017-10-21 09:40:00+02:00,0.021838
2017-10-21 09:41:00+02:00,0.020893
2017-10-21 09:42:00+02:00,0.021284
2017-10-21 09:43:00+02:00,0.021858
2017-10-21 09:44:00+02:00,0.023007
2017-10-21 09:45:00+02:00,0.021849
2017-10-21 09:46:00+02:00,0.023803
2017-10-21 09:47:00+02:00,0.026783
2017-10-21 09:48:00+02:00,0.025656
2017-10-21 09:49:00+02:00,0.0256
2017-10-21 09:50:00+02:00,0.026002
2017-10-21 09:51:00+02:00,0.02593
2017-10-21 09:52:00+02:00,0.022981
2017-10-21 09:53:00+02:00,0.018129
2017-10-21 09:54:00+02:00,0.019258
2017-10-21 09:55:00+02:00,0.022985
2017-10-21 09:56:00+02:00,0.023476
2017-10-21 09:57:00+02:00,0.023185
2017-10-21 09:58:00+02:00,0.022608
2017-10-21 09:59:00+02:00,0.022839
2017-10-21 10:00:00+02:00,0.022983
2017-10-21 10:01:00+02:00,0.022535
2017-10-21 10:02:00+02:00,0.021193
2017-10-21 10:03:00+02:00,0.016447
2017-10-21 10:04:00+02:00,0.018132
2017-10-21 10:05:00+02:00,0.019065
2017-10-21 10:06:00+02:00,0.01887
2017-10-21 10:07:00+02:00,0.019583
2017-10-21 10:08:00+02:00,0.021366
2017-10-21 10:09:00+02:00,0.021436
2017-10-21 10:10:00+02:00,0.021527
2017-10-21 10:11:00+02:00,0.021449
2017-10-21 10:12:00+02:00,0.02008
2017-10-21 10:13:00+02:00,0.019523
2017-10-21 10:14:00+02:00,0.019527
2017-10-21 10:15:00+02:00,0.019544
2017-10-21 10:16:00+02:00,0.019083
2017-10-21 10:17:00+02:00,0.019748
2017-10-21 10:18:00+02:00,0.020129
2017-10-21 10:19:00+02:00,0.018998
2017-10-21 10:20:00+02:00,0.01999
2017-10-21 10:21:00+02:00,0.020081
2017-10-21 10:22:00+02:00,0.019862
2017-10-21 10:23:00+02:00,0.018087
2017-10-21 10:24:00+02:00,0.017701
2017-10-21 10:25:00+02:00,0.018693
2017-10-21 10:26:00+02:00,0.017983
2017-10-21 10:27:00+02:00,0.018
2017-10-21 10:28:00+02:00,0.018062
2017-10-21 10:29:00+02:00,0.017678
2017-10-21 10:30:00+02:00,0.019295
2017-10-21 10:31:00+02:00,0.017308
2017-10-21 10:32:00+02:00,0.01756
2017-10-21 10:33:00+02:00,0.017039
2017-10-21 10:34:00+02:00,0.016947
2017-10-21 10:35:00+02:00,0.015744
2017-10-21 10:36:00+02:00,0.014678
2017-10-21 10:37:00+02:00,0.014662
2017-10-21 10:38:00+02:00,0.015545
2017-10-21 10:39:00+02:00,0.016243
2017-10-21 10:40:00+02:00,0.016822
2017-10-21 10:41:00+02:00,0.017953
2017-10-21 10:42:00+02:00,0.019675
2017-10-21 10:43:00+02:00,0.020334
2017-10-21 10:44:00+02:00,0.020202
2017-10-21 10:45:00+02:00,0.020808
2017-10-21 10:46:00+02:00,0.020103
2017-10-21 10:47:00+02:00,0.018937
2017-10-21 10:48:00+02:00,0.019046
2017-10-21 10:49:00+02:00,0.018449
2017-10-21 10:50:00+02:00,0.01933
2017-10-21 10:51:00+02:00,0.02011
2017-10-21 10:52:00+02:00,0.020483
2017-10-21 10:53:00+02:00,0.021071
2017-10-21 10:54:00+02:00,0.019316
2017-10-21 10:55:00+02:00,0.01867
2017-10-21 10:56:00+02:00,0.01747
2017-10-21 10:57:00+02:00,0.019998
2017-10-21 10:58:00+02:00,0.023418
2017-10-21 10:59:00+02:00,0.01991
2017-10-21 11:00:00+02:00,0.01979
2017-10-21 11:01:00+02:00,0.019765
2017-10-21 11:02:00+02:00,0.020386
2017-10-21 11:03:00+02:00,0.021164
2017-10-21 11:04:00+02:00,0.020171
2017-10-21 11:05:00+02:00,0.018904
2017-10-21 11:06:00+02:00,0.017225
2017-10-21 11:07:00+02:00,0.017809
2017-10-21 11:08:00+02:00,0.018584
2017-10-21 11:09:00+02:00,0.018566
2017-10-21 11:10:00+02:00,0.018534
2017-10-21 11:11:00+02:00,0.019648
2017-10-21 11:12:00+02:00,0.019899
2017-10-21 11:13:00+02:00,0.018036
2017-10-21 11:14:00+02:00,0.018231
2017-10-21 11:15:00+02:00,0.017316
2017-10-21 11:16:00+02:00,0.016927
2017-10-21 11:17:00+02:00,0.01752
2017-10-21 11:18:00+02:00,0.017905
2017-10-21 11:19:00+02:00,0.019001
2017-10-21 11:20:00+02:00,0.018989
2017-10-21 11:21:00+02:00,0.018031
2017-10-21 11:22:00+02:00,0.018304
2017-10-21 11:23:00+02:00,0.017154
2017-10-21 11:24:00+02:00,0.017441
2017-10-21 11:25:00+02:00,0.018408
2017-10-21 11:26:00+02:00,0.018006
2017-10-21 11:27:00+02:00,0.017753
2017-10-21 11:28:00+02:00,0.018562
2017-10-21 11:29:00+02:00,0.0181
2017-10-21 11:30:00+02:00,0.018133
2017-10-21 11:31:00+02:00,0.017844
2017-10-21 11:32:00+02:00,0.017175
2017-10-21 11:33:00+02:00,0.017481
2017-10-21 11:34:00+02:00,0.017727
2017-10-21 11:35:00+02:00,0.017185
2017-10-21 11:36:00+02:00,0.015589
2017-10-21 11:37:00+02:00,0.015888
2017-10-21 11:38:00+02:00,0.016515
2017-10-21 11:39:00+02:00,0.016459
2017-10-21 11:40:00+02:00,0.01546
2017-10-21 11:41:00+02:00,0.015997
2017-10-21 11:42:00+02:00,0.015492
2017-10-21 11:43:00+02:00,0.015356
2017-10-21 11:44:00+02:00,0.015006
2017-10-21 11:45:00+02:00,0.014539
2017-10-21 11:46:00+02:00,0.015742
2017-10-21 11:47:00+02:00,0.016336
2017-10-21 11:48:00+02:00,0.017407
2017-10-21 11:49:00+02:00,0.017556
2017-10-21 11:50:00+02:00,0.017312
2017-10-21 11:51:00+02:00,0.01744
2017-10-21 11:52:00+02:00,0.01668
2017-10-21 11:53:00+02:00,0.016093
2017-10-21 11:54:00+02:00,0.016156
2017-10-21 11:55:00+02:00,0.016988
2017-10-21 11:56:00+02:00,0.017078
2017-10-21 11:57:00+02:00,0.018016
2017-10-21 11:58:00+02:00,0.018225
2017-10-21 11:59:00+02:00,0.018246
2017-10-21 12:00:00+02:00,0.016896
2017-10-21 12:01:00+02:00,0.019195
2017-10-21 12:02:00+02:00,0.01995
2017-10-21 12:03:00+02:00,0.017984
2017-10-21 12:04:00+02:00,0.018339
2017-10-21 12:05:00+02:00,0.017889
2017-10-21 12:06:00+02:00,0.017621
2017-10-21 12:07:00+02:00,0.016323
2017-10-21 12:08:00+02:00,0.015785
2017-10-21 12:09:00+02:00,0.015955
2017-10-21 12:10:00+02:00,0.016342
2017-10-21 12:11:00+02:00,0.016396
2017-10-21 12:12:00+02:00,0.015543
2017-10-21 12:13:00+02:00,0.015898
2017-10-21 12:14:00+02:00,0.018238
2017-10-21 12:15:00+02:00,0.019419
2017-10-21 12:16:00+02:00,0.018201
2017-10-21 12:17:00+02:00,0.017809
2017-10-21 12:18:00+02:00,0.017915
2017-10-21 12:19:00+02:00,0.017501
2017-10-21 12:20:00+02:00,0.017294
2017-10-21 12:21:00+02:00,0.017586
2017-10-21 12:22:00+02:00,0.016083
2017-10-21 12:23:00+02:00,0.020298
2017-10-21 12:24:00+02:00,0.021753
2017-10-21 12:25:00+02:00,0.021058
2017-10-21 12:26:00+02:00,0.022205
2017-10-21 12:27:00+02:00,0.024219
2017-10-21 12:28:00+02:00,0.024181
2017-10-21 12:29:00+02:00,0.023962
2017-10-21 12:30:00+02:00,0.023903
2017-10-21 12:31:00+02:00,0.025191
2017-10-21 12:32:00+02:00,0.027452
2017-10-21 12:33:00+02:00,0.027796
2017-10-21 12:34:00+02:00,0.027899
2017-10-21 12:35:00+02:00,0.029027
2017-10-21 12:36:00+02:00,0.028261
2017-10-21 12:37:00+02:00,0.028071
2017-10-21 12:38:00+02:00,0.020351
2017-10-21 12:39:00+02:00,0.019377
2017-10-21 12:40:00+02:00,0.020432
2017-10-21 12:41:00+02:00,0.021091
2017-10-21 12:42:00+02:00,0.020325
2017-10-21 12:43:00+02:00,0.019564
2017-10-21 12:44:00+02:00,0.019013
2017-10-21 12:45:00+02:00,0.017491
2017-10-21 12:46:00+02:00,0.018151
2017-10-21 12:47:00+02:00,0.017416
2017-10-21 12:48:00+02:00,0.015941
2017-10-21 12:49:00+02:00,0.017415
2017-10-21 12:50:00+02:00,0.01895
2017-10-21 12:51:00+02:00,0.016645
2017-10-21 12:52:00+02:00,0.017482
2017-10-21 12:53:00+02:00,0.017324
2017-10-21 12:54:00+02:00,0.016813
2017-10-21 12:55:00+02:00,0.015479
2017-10-21 12:56:00+02:00,0.014505
2017-10-21 12:57:00+02:00,0.013894
2017-10-21 12:58:00+02:00,0.015676
2017-10-21 12:59:00+02:00,0.014719
2017-10-21 13:00:00+02:00,0.014656
2017-10-21 13:01:00+02:00,0.013478
2017-10-21 13:02:00+02:00,0.01391
2017-10-21 13:03:00+02:00,0.014508
2017-10-21 13:04:00+02:00,0.014368
2017-10-21 13:05:00+02:00,0.013923
2017-10-21 13:06:00+02:00,0.014101
2017-10-21 13:07:00+02:00,0.014794
2017-10-21 13:08:00+02:00,0.015988
2017-10-21 13:09:00+02:00,0.015982
2017-10-21 13:10:00+02:00,0.01535
2017-10-21 13:11:00+02:00,0.015488
2017-10-21 13:12:00+02:00,0.014585
2017-10-21 13:13:00+02:00,0.016171
2017-10-21 13:14:00+02:00,0.018483
2017-10-21 13:15:00+02:00,0.016947
2017-10-21 13:16:00+02:00,0.016228
2017-10-21 13:17:00+02:00,0.016513
2017-10-21 13:18:00+02:00,0.014849
2017-10-21 13:19:00+02:00,0.014334
2017-10-21 13:20:00+02:00,0.014787
2017-10-21 13:21:00+02:00,0.014018
2017-10-21 13:22:00+02:00,0.015019
2017-10-21 13:23:00+02:00,0.015238
2017-10-21 13:24:00+02:00,0.015198
2017-10-21 13:25:00+02:00,0.015372
2017-10-21 13:26:00+02:00,0.016077
2017-10-21 13:27:00+02:00,0.013835
2017-10-21 13:28:00+02:00,0.014568
2017-10-21 13:29:00+02:00,0.015192
2017-10-21 13:30:00+02:00,0.016494
2017-10-21 13:31:00+02:00,0.016488
2017-10-21 13:32:00+02:00,0.018383
2017-10-21 13:33:00+02:00,0.016701
2017-10-21 13:34:00+02:00,0.016262
2017-10-21 13:35:00+02:00,0.015386
2017-10-21 13:36:00+02:00,0.015407
2017-10-21 13:37:00+02:00,0.01603
2017-10-21 13:38:00+02:00,0.015023
2017-10-21 13:39:00+02:00,0.016084
2017-10-21 13:40:00+02:00,0.016222
2017-10-21 13:41:00+02:00,0.015855
2017-10-21 13:42:00+02:00,0.014311
2017-10-21 13:43:00+02:00,0.012938
2017-10-21 13:44:00+02:00,0.012444
2017-10-21 13:45:00+02:00,0.01222
2017-10-21 13:46:00+02:00,0.012663
2017-10-21 13:47:00+02:00,0.013294
2017-10-21 13:48:00+02:00,0.012871
2017-10-21 13:49:00+02:00,0.013495
2017-10-21 13:50:00+02:00,0.013465
2017-10-21 13:51:00+02:00,0.01393
2017-10-21 13:52:00+02:00,0.013394
2017-10-21 13:53:00+02:00,0.014589
2017-10-21 13:54:00+02:00,0.015676
2017-10-21 13:55:00+02:00,0.017613
2017-10-21 13:56:00+02:00,0.017431
2017-10-21 13:57:00+02:00,0.016212
2017-10-21 13:58:00+02:00,0.015146
2017-10-21 13:59:00+02:00,0.01455
2017-10-21 14:00:00+02:00,0.014036
2017-10-21 14:01:00+02:00,0.014015
2017-10-21 14:02:00+02:00,0.014444
2017-10-21 14:03:00+02:00,0.015423
2017-10-21 14:04:00+02:00,0.01503
2017-10-21 14:05:00+02:00,0.014887
2017-10-21 14:06:00+02:00,0.013888
2017-10-21 14:07:00+02:00,0.014954
2017-10-21 14:08:00+02:00,0.014483
2017-10-21 14:09:00+02:00,0.013915
2017-10-21 14:10:00+02:00,0.013963
2017-10-21 14:11:00+02:00,0.013751
2017-10-21 14:12:00+02:00,0.014765
2017-10-21 14:13:00+02:00,0.015394
2017-10-21 14:14:00+02:00,0.015364
2017-10-21 14:15:00+02:00,0.014541
2017-10-21 14:16:00+02:00,0.014067
2017-10-21 14:17:00+02:00,0.013087
2017-10-21 14:18:00+02:00,0.012224
2017-10-21 14:19:00+02:00,0.012212
2017-10-21 14:20:00+02:00,0.011785
2017-10-21 14:21:00+02:00,0.011733
2017-10-21 14:22:00+02:00,0.013039
2017-10-21 14:23:00+02:00,0.013795
2017-10-21 14:24:00+02:00,0.013823
2017-10-21 14:25:00+02:00,0.01451
2017-10-21 14:26:00+02:00,0.014859
2017-10-21 14:27:00+02:00,0.015332
2017-10-21 14:28:00+02:00,0.015758
2017-10-21 14:29:00+02:00,0.016575
2017-10-21 14:30:00+02:00,0.016925
2017-10-21 14:31:00+02:00,0.016364
2017-10-21 14:32:00+02:00,0.015745
2017-10-21 14:33:00+02:00,0.016575
2017-10-21 14:34:00+02:00,0.017051
2017-10-21 14:35:00+02:00,0.01766
2017-10-21 14:36:00+02:00,0.016126
2017-10-21 14:37:00+02:00,0.015824
2017-10-21 14:38:00+02:00,0.014478
2017-10-21 14:39:00+02:00,0.013848
2017-10-21 14:40:00+02:00,0.014393
2017-10-21 14:41:00+02:00,0.015617
2017-10-21 14:42:00+02:00,0.016831
2017-10-21 14:43:00+02:00,0.014168
2017-10-21 14:44:00+02:00,0.013203
2017-10-21 14:45:00+02:00,0.013951
2017-10-21 14:46:00+02:00,0.013996
2017-10-21 14:47:00+02:00,0.014132
2017-10-21 14:48:00+02:00,0.013277
2017-10-21 14:49:00+02:00,0.012582
2017-10-21 14:50:00+02:00,0.014712
2017-10-21 14:51:00+02:00,0.015316
2017-10-21 14:52:00+02:00,0.014823
2017-10-21 14:53:00+02:00,0.015223
2017-10-21 14:54:00+02:00,0.015371
2017-10-21 14:55:00+02:00,0.016302
2017-10-21 14:56:00+02:00,0.016057
2017-10-21 14:57:00+02:00,0.0165
2017-10-21 14:58:00+02:00,0.017187
2017-10-21 14:59:00+02:00,0.016974
2017-10-21 15:00:00+02:00,0.016795
2017-10-21 15:01:00+02:00,0.016318
2017-10-21 15:02:00+02:00,0.016704
2017-10-21 15:03:00+02:00,0.016758
2017-10-21 15:04:00+02:00,0.018024
2017-10-21 15:05:00+02:00,0.016074
2017-10-21 15:06:00+02:00,0.014541
2017-10-21 15:07:00+02:00,0.014762
2017-10-21 15:08:00+02:00,0.016294
2017-10-21 15:09:00+02:00,0.015904
2017-10-21 15:10:00+02:00,0.015155
2017-10-21 15:11:00+02:00,0.01547
2017-10-21 15:12:00+02:00,0.015407
2017-10-21 15:13:00+02:00,0.015226
2017-10-21 15:14:00+02:00,0.014842
2017-10-21 15:15:00+02:00,0.014161
2017-10-21 15:16:00+02:00,0.014429
2017-10-21 15:17:00+02:00,0.014957
2017-10-21 15:18:00+02:00,0.015377
2017-10-21 15:19:00+02:00,0.015603
2017-10-21 15:20:00+02:00,0.016029
2017-10-21 15:21:00+02:00,0.015707
2017-10-21 15:22:00+02:00,0.015887
2017-10-21 15:23:00+02:00,0.01496
2017-10-21 15:24:00+02:00,0.015127
2017-10-21 15:25:00+02:00,0.01691
2017-10-21 15:26:00+02:00,0.016876
2017-10-21 15:27:00+02:00,0.018643
2017-10-21 15:28:00+02:00,0.017889
2017-10-21 15:29:00+02:00,0.017081
2017-10-21 15:30:00+02:00,0.016303
2017-10-21 15:31:00+02:00,0.016265
2017-10-21 15:32:00+02:00,0.015652
2017-10-21 15:33:00+02:00,0.015387
2017-10-21 15:34:00+02:00,0.014859
2017-10-21 15:35:00+02:00,0.013645
2017-10-21 15:36:00+02:00,0.013042
2017-10-21 15:37:00+02:00,0.013366
2017-10-21 15:38:00+02:00,0.014659
2017-10-21 15:39:00+02:00,0.014377
2017-10-21 15:40:00+02:00,0.012964
2017-10-21 15:41:00+02:00,0.014898
2017-10-21 15:42:00+02:00,0.015255
2017-10-21 15:43:00+02:00,0.014782
2017-10-21 15:44:00+02:00,0.014418
2017-10-21 15:45:00+02:00,0.013887
2017-10-21 15:46:00+02:00,0.013307
2017-10-21 15:47:00+02:00,0.012914
2017-10-21 15:48:00+02:00,0.01346
2017-10-21 15:49:00+02:00,0.014137
2017-10-21 15:50:00+02:00,0.01512
2017-10-21 15:51:00+02:00,0.015411
2017-10-21 15:52:00+02:00,0.014798
2017-10-21 15:53:00+02:00,0.015917
2017-10-21 15:54:00+02:00,0.016925
2017-10-21 15:55:00+02:00,0.016508
2017-10-21 15:56:00+02:00,0.017056
2017-10-21 15:57:00+02:00,0.017294
2017-10-21 15:58:00+02:00,0.017456
2017-10-21 15:59:00+02:00,0.017473
2017-10-21 16:00:00+02:00,0.016828
2017-10-21 16:01:00+02:00,0.017384
2017-10-21 16:02:00+02:00,0.019652
2017-10-21 16:03:00+02:00,0.016494
2017-10-21 16:04:00+02:00,0.016148
2017-10-21 16:05:00+02:00,0.016968
2017-10-21 16:06:00+02:00,0.018788
2017-10-21 16:07:00+02:00,0.016324
2017-10-21 16:08:00+02:00,0.014421
2017-10-21 16:09:00+02:00,0.013575
2017-10-21 16:10:00+02:00,0.013695
2017-10-21 16:11:00+02:00,0.014431
2017-10-21 16:12:00+02:00,0.014544
2017-10-21 16:13:00+02:00,0.01364
2017-10-21 16:14:00+02:00,0.013508
2017-10-21 16:15:00+02:00,0.014314
2017-10-21 16:16:00+02:00,0.014549
2017-10-21 16:17:00+02:00,0.01571
2017-10-21 16:18:00+02:00,0.015601
2017-10-21 16:19:00+02:00,0.01608
2017-10-21 16:20:00+02:00,0.015825
2017-10-21 16:21:00+02:00,0.016539
2017-10-21 16:22:00+02:00,0.015867
2017-10-21 16:23:00+02:00,0.015882
2017-10-21 16:24:00+02:00,0.016177
2017-10-21 16:25:00+02:00,0.018083
2017-10-21 16:26:00+02:00,0.019088
2017-10-21 16:27:00+02:00,0.019835
2017-10-21 16:28:00+02:00,0.019364
2017-10-21 16:29:00+02:00,0.018884
2017-10-21 16:30:00+02:00,0.018826
2017-10-21 16:31:00+02:00,0.018899
2017-10-21 16:32:00+02:00,0.019689
2017-10-21 16:33:00+02:00,0.018992
2017-10-21 16:34:00+02:00,0.019582
2017-10-21 16:35:00+02:00,0.018805
2017-10-21 16:36:00+02:00,0.018426
2017-10-21 16:37:00+02:00,0.019713
2017-10-21 16:38:00+02:00,0.018024
2017-10-21 16:39:00+02:00,0.01674
2017-10-21 16:40:00+02:00,0.016241
2017-10-21 16:41:00+02:00,0.016682
2017-10-21 16:42:00+02:00,0.014835
2017-10-21 16:43:00+02:00,0.016057
2017-10-21 16:44:00+02:00,0.015649
2017-10-21 16:45:00+02:00,0.016141
2017-10-21 16:46:00+02:00,0.017624
2017-10-21 16:47:00+02:00,0.017753
2017-10-21 16:48:00+02:00,0.016536
2017-10-21 16:49:00+02:00,0.016119
2017-10-21 16:50:00+02:00,0.014479
2017-10-21 16:51:00+02:00,0.015236
2017-10-21 16:52:00+02:00,0.013704
2017-10-21 16:53:00+02:00,0.012405
2017-10-21 16:54:00+02:00,0.012875
2017-10-21 16:55:00+02:00,0.012832
2017-10-21 16:56:00+02:00,0.012916
2017-10-21 16:57:00+02:00,0.013176
2017-10-21 16:58:00+02:00,0.013411
2017-10-21 16:59:00+02:00,0.013648
2017-10-21 17:00:00+02:00,0.013527
2017-10-21 17:01:00+02:00,0.01402
2017-10-21 17:02:00+02:00,0.014402
2017-10-21 17:03:00+02:00,0.015927
2017-10-21 17:04:00+02:00,0.0176
2017-10-21 17:05:00+02:00,0.01853
2017-10-21 17:06:00+02:00,0.020279
2017-10-21 17:07:00+02:00,0.020153
2017-10-21 17:08:00+02:00,0.020901
2017-10-21 17:09:00+02:00,0.02074
2017-10-21 17:10:00+02:00,0.021696
2017-10-21 17:11:00+02:00,0.021066
2017-10-21 17:12:00+02:00,0.020383
2017-10-21 17:13:00+02:00,0.019542
2017-10-21 17:14:00+02:00,0.019522
2017-10-21 17:15:00+02:00,0.019739
2017-10-21 17:16:00+02:00,0.019548
2017-10-21 17:17:00+02:00,0.018737
2017-10-21 17:18:00+02:00,0.016588
2017-10-21 17:19:00+02:00,0.01488
2017-10-21 17:20:00+02:00,0.016438
2017-10-21 17:21:00+02:00,0.021079
2017-10-21 17:22:00+02:00,0.02043
2017-10-21 17:23:00+02:00,0.021389
2017-10-21 17:24:00+02:00,0.021041
2017-10-21 17:25:00+02:00,0.020924
2017-10-21 17:26:00+02:00,0.021742
2017-10-21 17:27:00+02:00,0.023539
2017-10-21 17:28:00+02:00,0.024148
2017-10-21 17:29:00+02:00,0.02507
2017-10-21 17:30:00+02:00,0.025082
2017-10-21 17:31:00+02:00,0.024669
2017-10-21 17:32:00+02:00,0.025314
2017-10-21 17:33:00+02:00,0.025487
2017-10-21 17:34:00+02:00,0.024488
2017-10-21 17:35:00+02:00,0.020872
2017-10-21 17:36:00+02:00,0.018403
2017-10-21 17:37:00+02:00,0.019624
2017-10-21 17:38:00+02:00,0.02089
2017-10-21 17:39:00+02:00,0.022121
2017-10-21 17:40:00+02:00,0.021349
2017-10-21 17:41:00+02:00,0.02089
2017-10-21 17:42:00+02:00,0.020209
2017-10-21 17:43:00+02:00,0.020015
2017-10-21 17:44:00+02:00,0.019212
2017-10-21 17:45:00+02:00,0.018918
2017-10-21 17:46:00+02:00,0.018688
2017-10-21 17:47:00+02:00,0.018576
2017-10-21 17:48:00+02:00,0.020233
2017-10-21 17:49:00+02:00,0.021778
2017-10-21 17:50:00+02:00,0.021321
2017-10-21 17:51:00+02:00,0.020525
2017-10-21 17:52:00+02:00,0.019124
2017-10-21 17:53:00+02:00,0.019106
2017-10-21 17:54:00+02:00,0.018656
2017-10-21 17:55:00+02:00,0.018426
2017-10-21 17:56:00+02:00,0.018778
2017-10-21 17:57:00+02:00,0.019492
2017-10-21 17:58:00+02:00,0.019259
2017-10-21 17:59:00+02:00,0.018049
2017-10-21 18:00:00+02:00,0.018305
2017-10-21 18:01:00+02:00,0.018287
2017-10-21 18:02:00+02:00,0.018007
2017-10-21 18:03:00+02:00,0.017936
2017-10-21 18:04:00+02:00,0.017414
2017-10-21 18:05:00+02:00,0.016825
2017-10-21 18:06:00+02:00,0.01646
2017-10-21 18:07:00+02:00,0.016892
2017-10-21 18:08:00+02:00,0.016714
2017-10-21 18:09:00+02:00,0.016337
2017-10-21 18:10:00+02:00,0.017115
2017-10-21 18:11:00+02:00,0.017548
2017-10-21 18:12:00+02:00,0.017515
2017-10-21 18:13:00+02:00,0.017613
2017-10-21 18:14:00+02:00,0.01733
2017-10-21 18:15:00+02:00,0.018505
2017-10-21 18:16:00+02:00,0.018961
2017-10-21 18:17:00+02:00,0.025639
2017-10-21 18:18:00+02:00,0.02679
2017-10-21 18:19:00+02:00,0.026528
2017-10-21 18:20:00+02:00,0.027611
2017-10-21 18:21:00+02:00,0.028021
2017-10-21 18:22:00+02:00,0.027291
2017-10-21 18:23:00+02:00,0.020498
2017-10-21 18:24:00+02:00,0.019267
2017-10-21 18:25:00+02:00,0.019539
2017-10-21 18:26:00+02:00,0.019742
2017-10-21 18:27:00+02:00,0.021316
2017-10-21 18:28:00+02:00,0.022355
2017-10-21 18:29:00+02:00,0.02192
2017-10-21 18:30:00+02:00,0.024214
2017-10-21 18:31:00+02:00,0.02671
2017-10-21 18:32:00+02:00,0.026509
2017-10-21 18:33:00+02:00,0.025801
2017-10-21 18:34:00+02:00,0.025905
2017-10-21 18:35:00+02:00,0.027335
2017-10-21 18:36:00+02:00,0.026854
2017-10-21 18:37:00+02:00,0.027122
2017-10-21 18:38:00+02:00,0.024529
2017-10-21 18:39:00+02:00,0.024627
2017-10-21 18:40:00+02:00,0.024717
2017-10-21 18:41:00+02:00,0.0223
2017-10-21 18:42:00+02:00,0.02077
2017-10-21 18:43:00+02:00,0.019981
2017-10-21 18:44:00+02:00,0.021177
2017-10-21 18:45:00+02:00,0.022288
2017-10-21 18:46:00+02:00,0.021484
2017-10-21 18:47:00+02:00,0.023376
2017-10-21 18:48:00+02:00,0.022894
2017-10-21 18:49:00+02:00,0.020908
2017-10-21 18:50:00+02:00,0.021416
2017-10-21 18:51:00+02:00,0.022517
2017-10-21 18:52:00+02:00,0.021691
2017-10-21 18:53:00+02:00,0.023341
2017-10-21 18:54:00+02:00,0.023882
2017-10-21 18:55:00+02:00,0.022326
2017-10-21 18:56:00+02:00,0.022713
2017-10-21 18:57:00+02:00,0.023097
2017-10-21 18:58:00+02:00,0.023585
2017-10-21 18:59:00+02:00,0.023374
2017-10-21 19:00:00+02:00,0.024732
2017-10-21 19:01:00+02:00,0.025135
2017-10-21 19:02:00+02:00,0.025598
2017-10-21 19:03:00+02:00,0.025442
2017-10-21 19:04:00+02:00,0.026042
2017-10-21 19:05:00+02:00,0.024214
2017-10-21 19:06:00+02:00,0.024309
2017-10-21 19:07:00+02:00,0.025002
2017-10-21 19:08:00+02:00,0.023905
2017-10-21 19:09:00+02:00,0.023085
2017-10-21 19:10:00+02:00,0.023793
2017-10-21 19:11:00+02:00,0.023343
2017-10-21 19:12:00+02:00,0.028181
2017-10-21 19:13:00+02:00,0.026445
2017-10-21 19:14:00+02:00,0.023813
2017-10-21 19:15:00+02:00,0.025701
2017-10-21 19:16:00+02:00,0.026883
2017-10-21 19:17:00+02:00,0.029031
2017-10-21 19:18:00+02:00,0.030162
2017-10-21 19:19:00+02:00,0.029506
2017-10-21 19:20:00+02:00,0.031525
2017-10-21 19:21:00+02:00,0.027091
2017-10-21 19:22:00+02:00,0.025764
2017-10-21 19:23:00+02:00,0.024209
2017-10-21 19:24:00+02:00,0.024561
2017-10-21 19:25:00+02:00,0.02463
2017-10-21 19:26:00+02:00,0.024987
2017-10-21 19:27:00+02:00,0.027886
2017-10-21 19:28:00+02:00,0.030756
2017-10-21 19:29:00+02:00,0.028394
2017-10-21 19:30:00+02:00,0.028721
2017-10-21 19:31:00+02:00,0.028886
2017-10-21 19:32:00+02:00,0.028648
2017-10-21 19:33:00+02:00,0.028838
2017-10-21 19:34:00+02:00,0.028642
2017-10-21 19:35:00+02:00,0.028932
2017-10-21 19:36:00+02:00,0.027574
2017-10-21 19:37:00+02:00,0.02765
2017-10-21 19:38:00+02:00,0.026793
2017-10-21 19:39:00+02:00,0.026331
2017-10-21 19:40:00+02:00,0.026611
2017-10-21 19:41:00+02:00,0.027819
2017-10-21 19:42:00+02:00,0.025313
2017-10-21 19:43:00+02:00,0.0249
2017-10-21 19:44:00+02:00,0.025537
2017-10-21 19:45:00+02:00,0.0254
2017-10-21 19:46:00+02:00,0.025394
2017-10-21 19:47:00+02:00,0.02661
2017-10-21 19:48:00+02:00,0.02579
2017-10-21 19:49:00+02:00,0.025926
2017-10-21 19:50:00+02:00,0.0268
2017-10-21 19:51:00+02:00,0.027361
2017-10-21 19:52:00+02:00,0.026824
2017-10-21 19:53:00+02:00,0.027546
2017-10-21 19:54:00+02:00,0.026475
2017-10-21 19:55:00+02:00,0.026986
2017-10-21 19:56:00+02:00,0.026132
2017-10-21 19:57:00+02:00,0.026118
2017-10-21 19:58:00+02:00,0.025298
2017-10-21 19:59:00+02:00,0.024858
2017-10-21 20:00:00+02:00,0.025335
2017-10-21 20:01:00+02:00,0.025742
2017-10-21 20:02:00+02:00,0.028719
2017-10-21 20:03:00+02:00,0.032251
2017-10-21 20:04:00+02:00,0.032188
2017-10-21 20:05:00+02:00,0.032807
2017-10-21 20:06:00+02:00,0.034667
2017-10-21 20:07:00+02:00,0.034668
2017-10-21 20:08:00+02:00,0.034156
2017-10-21 20:09:00+02:00,0.032923
2017-10-21 20:10:00+02:00,0.031822
2017-10-21 20:11:00+02:00,0.030615
2017-10-21 20:12:00+02:00,0.025654
2017-10-21 20:13:00+02:00,0.022427
2017-10-21 20:14:00+02:00,0.024017
2017-10-21 20:15:00+02:00,0.023727
2017-10-21 20:16:00+02:00,0.023073
2017-10-21 20:17:00+02:00,0.024075
2017-10-21 20:18:00+02:00,0.022391
2017-10-21 20:19:00+02:00,0.021286
2017-10-21 20:20:00+02:00,0.020301
2017-10-21 20:21:00+02:00,0.020921
2017-10-21 20:22:00+02:00,0.020872
2017-10-21 20:23:00+02:00,0.023282
2017-10-21 20:24:00+02:00,0.024579
2017-10-21 20:25:00+02:00,0.023929
2017-10-21 20:26:00+02:00,0.026168
2017-10-21 20:27:00+02:00,0.02712
2017-10-21 20:28:00+02:00,0.027018
2017-10-21 20:29:00+02:00,0.025852
2017-10-21 20:30:00+02:00,0.026426
2017-10-21 20:31:00+02:00,0.026994
2017-10-21 20:32:00+02:00,0.025705
2017-10-21 20:33:00+02:00,0.028658
2017-10-21 20:34:00+02:00,0.029071
2017-10-21 20:35:00+02:00,0.028235
2017-10-21 20:36:00+02:00,0.027675
2017-10-21 20:37:00+02:00,0.029363
2017-10-21 20:38:00+02:00,0.027949
2017-10-21 20:39:00+02:00,0.028842
2017-10-21 20:40:00+02:00,0.024902
2017-10-21 20:41:00+02:00,0.02285
2017-10-21 20:42:00+02:00,0.024132
2017-10-21 20:43:00+02:00,0.025333
2017-10-21 20:44:00+02:00,0.023666
2017-10-21 20:45:00+02:00,0.023667
2017-10-21 20:46:00+02:00,0.02371
2017-10-21 20:47:00+02:00,0.023845
2017-10-21 20:48:00+02:00,0.024283
2017-10-21 20:49:00+02:00,0.022916
2017-10-21 20:50:00+02:00,0.023398
2017-10-21 20:51:00+02:00,0.022642
2017-10-21 20:52:00+02:00,0.022696
2017-10-21 20:53:00+02:00,0.026397
2017-10-21 20:54:00+02:00,0.029279
2017-10-21 20:55:00+02:00,0.030675
2017-10-21 20:56:00+02:00,0.028644
2017-10-21 20:57:00+02:00,0.029725
2017-10-21 20:58:00+02:00,0.030822
2017-10-21 20:59:00+02:00,0.03135
2017-10-21 21:00:00+02:00,0.032191
2017-10-21 21:01:00+02:00,0.027865
2017-10-21 21:02:00+02:00,0.02723
2017-10-21 21:03:00+02:00,0.029258
2017-10-21 21:04:00+02:00,0.03006
2017-10-21 21:05:00+02:00,0.028266
2017-10-21 21:06:00+02:00,0.027688
2017-10-21 21:07:00+02:00,0.028361
2017-10-21 21:08:00+02:00,0.028216
2017-10-21 21:09:00+02:00,0.028335
2017-10-21 21:10:00+02:00,0.028225
2017-10-21 21:11:00+02:00,0.027777
2017-10-21 21:12:00+02:00,0.029224
2017-10-21 21:13:00+02:00,0.0274
2017-10-21 21:14:00+02:00,0.02864
2017-10-21 21:15:00+02:00,0.025738
2017-10-21 21:16:00+02:00,0.025688
2017-10-21 21:17:00+02:00,0.026493
2017-10-21 21:18:00+02:00,0.026323
2017-10-21 21:19:00+02:00,0.026516
2017-10-21 21:20:00+02:00,0.027316
2017-10-21 21:21:00+02:00,0.03085
2017-10-21 21:22:00+02:00,0.029502
2017-10-21 21:23:00+02:00,0.030743
2017-10-21 21:24:00+02:00,0.032536
2017-10-21 21:25:00+02:00,0.031204
2017-10-21 21:26:00+02:00,0.028912
2017-10-21 21:27:00+02:00,0.028464
2017-10-21 21:28:00+02:00,0.030025
2017-10-21 21:29:00+02:00,0.029556
2017-10-21 21:30:00+02:00,0.032525
2017-10-21 21:31:00+02:00,0.03381
2017-10-21 21:32:00+02:00,0.035161
2017-10-21 21:33:00+02:00,0.033626
2017-10-21 21:34:00+02:00,0.030644
2017-10-21 21:35:00+02:00,0.030598
2017-10-21 21:36:00+02:00,0.027029
2017-10-21 21:37:00+02:00,0.027558
2017-10-21 21:38:00+02:00,0.02684
2017-10-21 21:39:00+02:00,0.026078
2017-10-21 21:40:00+02:00,0.025502
2017-10-21 21:41:00+02:00,0.026273
2017-10-21 21:42:00+02:00,0.027369
2017-10-21 21:43:00+02:00,0.028006
2017-10-21 21:44:00+02:00,0.028329
2017-10-21 21:45:00+02:00,0.025842
2017-10-21 21:46:00+02:00,0.027402
2017-10-21 21:47:00+02:00,0.027368
2017-10-21 21:48:00+02:00,0.028482
2017-10-21 21:49:00+02:00,0.030301
2017-10-21 21:50:00+02:00,0.029018
2017-10-21 21:51:00+02:00,0.027613
2017-10-21 21:52:00+02:00,0.026742
2017-10-21 21:53:00+02:00,0.026371
2017-10-21 21:54:00+02:00,0.024353
2017-10-21 21:55:00+02:00,0.024982
2017-10-21 21:56:00+02:00,0.023189
2017-10-21 21:57:00+02:00,0.020222
2017-10-21 21:58:00+02:00,0.021603
2017-10-21 21:59:00+02:00,0.022035
2017-10-21 22:00:00+02:00,0.022587
2017-10-21 22:01:00+02:00,0.019452
2017-10-21 22:02:00+02:00,0.020038
2017-10-21 22:03:00+02:00,0.019046
2017-10-21 22:04:00+02:00,0.017476
2017-10-21 22:05:00+02:00,0.017354
2017-10-21 22:06:00+02:00,0.02016
2017-10-21 22:07:00+02:00,0.022913
2017-10-21 22:08:00+02:00,0.018464
2017-10-21 22:09:00+02:00,0.01866
2017-10-21 22:10:00+02:00,0.020828
2017-10-21 22:11:00+02:00,0.020413
2017-10-21 22:12:00+02:00,0.019828
2017-10-21 22:13:00+02:00,0.020863
2017-10-21 22:14:00+02:00,0.02229
2017-10-21 22:15:00+02:00,0.024553
2017-10-21 22:16:00+02:00,0.024602
2017-10-21 22:17:00+02:00,0.024282
2017-10-21 22:18:00+02:00,0.024819
2017-10-21 22:19:00+02:00,0.02481
2017-10-21 22:20:00+02:00,0.023317
2017-10-21 22:21:00+02:00,0.022571
2017-10-21 22:22:00+02:00,0.022744
2017-10-21 22:23:00+02:00,0.024964
2017-10-21 22:24:00+02:00,0.023933
2017-10-21 22:25:00+02:00,0.025753
2017-10-21 22:26:00+02:00,0.024196
2017-10-21 22:27:00+02:00,0.024933
2017-10-21 22:28:00+02:00,0.023205
2017-10-21 22:29:00+02:00,0.022029
2017-10-21 22:30:00+02:00,0.023998
2017-10-21 22:31:00+02:00,0.023501
2017-10-21 22:32:00+02:00,0.022725
2017-10-21 22:33:00+02:00,0.021685
2017-10-21 22:34:00+02:00,0.021226
2017-10-21 22:35:00+02:00,0.022416
2017-10-21 22:36:00+02:00,0.021198
2017-10-21 22:37:00+02:00,0.021117
2017-10-21 22:38:00+02:00,0.021657
2017-10-21 22:39:00+02:00,0.021923
2017-10-21 22:40:00+02:00,0.020683
2017-10-21 22:41:00+02:00,0.022819
2017-10-21 22:42:00+02:00,0.022905
2017-10-21 22:43:00+02:00,0.022484
2017-10-21 22:44:00+02:00,0.021909
2017-10-21 22:45:00+02:00,0.021733
2017-10-21 22:46:00+02:00,0.021859
2017-10-21 22:47:00+02:00,0.021857
2017-10-21 22:48:00+02:00,0.022383
2017-10-21 22:49:00+02:00,0.022752
2017-10-21 22:50:00+02:00,0.022365
2017-10-21 22:51:00+02:00,0.02146
2017-10-21 22:52:00+02:00,0.02017
2017-10-21 22:53:00+02:00,0.018214
2017-10-21 22:54:00+02:00,0.018221
2017-10-21 22:55:00+02:00,0.017634
2017-10-21 22:56:00+02:00,0.0177
2017-10-21 22:57:00+02:00,0.016604
2017-10-21 22:58:00+02:00,0.015499
2017-10-21 22:59:00+02:00,0.015434
2017-10-21 23:00:00+02:00,0.017038
2017-10-21 23:01:00+02:00,0.02102
2017-10-21 23:02:00+02:00,0.021934
2017-10-21 23:03:00+02:00,0.022574
2017-10-21 23:04:00+02:00,0.022574
2017-10-21 23:05:00+02:00,0.021134
2017-10-21 23:06:00+02:00,0.018427
2017-10-21 23:07:00+02:00,0.018757
2017-10-21 23:08:00+02:00,0.018952
2017-10-21 23:09:00+02:00,0.017511
2017-10-21 23:10:00+02:00,0.016859
2017-10-21 23:11:00+02:00,0.016705
2017-10-21 23:12:00+02:00,0.016631
2017-10-21 23:13:00+02:00,0.014482
2017-10-21 23:14:00+02:00,0.015334
2017-10-21 23:15:00+02:00,0.01449
2017-10-21 23:16:00+02:00,0.013481
2017-10-21 23:17:00+02:00,0.012573
2017-10-21 23:18:00+02:00,0.011119
2017-10-21 23:19:00+02:00,0.011157
2017-10-21 23:20:00+02:00,0.011178
2017-10-21 23:21:00+02:00,0.012122
2017-10-21 23:22:00+02:00,0.014086
2017-10-21 23:23:00+02:00,0.014362
2017-10-21 23:24:00+02:00,0.014271
2017-10-21 23:25:00+02:00,0.014936
2017-10-21 23:26:00+02:00,0.014879
2017-10-21 23:27:00+02:00,0.014604
2017-10-21 23:28:00+02:00,0.013845
2017-10-21 23:29:00+02:00,0.015629
2017-10-21 23:30:00+02:00,0.016259
2017-10-21 23:31:00+02:00,0.016709
2017-10-21 23:32:00+02:00,0.017672
2017-10-21 23:33:00+02:00,0.015407
2017-10-21 23:34:00+02:00,0.015064
2017-10-21 23:35:00+02:00,0.015362
2017-10-21 23:36:00+02:00,0.015042
2017-10-21 23:37:00+02:00,0.013094
2017-10-21 23:38:00+02:00,0.012075
2017-10-21 23:39:00+02:00,0.010583
2017-10-21 23:40:00+02:00,0.010559
2017-10-21 23:41:00+02:00,0.01183
2017-10-21 23:42:00+02:00,0.011703
2017-10-21 23:43:00+02:00,0.010892
2017-10-21 23:44:00+02:00,0.008875
2017-10-21 23:45:00+02:00,0.009239
2017-10-21 23:46:00+02:00,0.008822
2017-10-21 23:47:00+02:00,0.008778
2017-10-21 23:48:00+02:00,0.008788
2017-10-21 23:49:00+02:00,0.009958
2017-10-21 23:50:00+02:00,0.010834
2017-10-21 23:51:00+02:00,0.010782
2017-10-21 23:52:00+02:00,0.010527
2017-10-21 23:53:00+02:00,0.011646
2017-10-21 23:54:00+02:00,0.013062
2017-10-21 23:55:00+02:00,0.011682
2017-10-21 23:56:00+02:00,0.011085
2017-10-21 23:57:00+02:00,0.013323
2017-10-21 23:58:00+02:00,0.013631
2017-10-21 23:59:00+02:00,0.014163
2017-10-22 00:00:00+02:00,0.014123
2017-10-22 00:01:00+02:00,0.013244
2017-10-22 00:02:00+02:00,0.012816
2017-10-22 00:03:00+02:00,0.012721
2017-10-22 00:04:00+02:00,0.013053
2017-10-22 00:05:00+02:00,0.012187
2017-10-22 00:06:00+02:00,0.011907
2017-10-22 00:07:00+02:00,0.010758
2017-10-22 00:08:00+02:00,0.011955
2017-10-22 00:09:00+02:00,0.011886
2017-10-22 00:10:00+02:00,0.009779
2017-10-22 00:11:00+02:00,0.009607
2017-10-22 00:12:00+02:00,0.010168
2017-10-22 00:13:00+02:00,0.00995
2017-10-22 00:14:00+02:00,0.00939
2017-10-22 00:15:00+02:00,0.009187
2017-10-22 00:16:00+02:00,0.009606
2017-10-22 00:17:00+02:00,0.009916
2017-10-22 00:18:00+02:00,0.009471
2017-10-22 00:19:00+02:00,0.009622
2017-10-22 00:20:00+02:00,0.00928
2017-10-22 00:21:00+02:00,0.008134
2017-10-22 00:22:00+02:00,0.007343
2017-10-22 00:23:00+02:00,0.006395
2017-10-22 00:24:00+02:00,0.005359
2017-10-22 00:25:00+02:00,0.005796
2017-10-22 00:26:00+02:00,0.006382
2017-10-22 00:27:00+02:00,0.005308
2017-10-22 00:28:00+02:00,0.005622
2017-10-22 00:29:00+02:00,0.004194
2017-10-22 00:30:00+02:00,0.004584
2017-10-22 00:31:00+02:00,0.00434
2017-10-22 00:32:00+02:00,0.00393
2017-10-22 00:33:00+02:00,0.004734
2017-10-22 00:34:00+02:00,0.00464
2017-10-22 00:35:00+02:00,0.004869
2017-10-22 00:36:00+02:00,0.00491
2017-10-22 00:37:00+02:00,0.005412
2017-10-22 00:38:00+02:00,0.005631
2017-10-22 00:39:00+02:00,0.006319
2017-10-22 00:40:00+02:00,0.005482
2017-10-22 00:41:00+02:00,0.004481
2017-10-22 00:42:00+02:00,0.005355
2017-10-22 00:43:00+02:00,0.005308
2017-10-22 00:44:00+02:00,0.005353
2017-10-22 00:45:00+02:00,0.005638
2017-10-22 00:46:00+02:00,0.005824
2017-10-22 00:47:00+02:00,0.005558
2017-10-22 00:48:00+02:00,0.00715
2017-10-22 00:49:00+02:00,0.007617
2017-10-22 00:50:00+02:00,0.008297
2017-10-22 00:51:00+02:00,0.008264
2017-10-22 00:52:00+02:00,0.007842
2017-10-22 00:53:00+02:00,0.007705
2017-10-22 00:54:00+02:00,0.007583
2017-10-22 00:55:00+02:00,0.008386
2017-10-22 00:56:00+02:00,0.009452
2017-10-22 00:57:00+02:00,0.008713
2017-10-22 00:58:00+02:00,0.008477
2017-10-22 00:59:00+02:00,0.007809
2017-10-22 01:00:00+02:00,0.007415
2017-10-22 01:01:00+02:00,0.009983
2017-10-22 01:02:00+02:00,0.009836
2017-10-22 01:03:00+02:00,0.010074
2017-10-22 01:04:00+02:00,0.009192
2017-10-22 01:05:00+02:00,0.009096
2017-10-22 01:06:00+02:00,0.008677
2017-10-22 01:07:00+02:00,0.008805
2017-10-22 01:08:00+02:00,0.007483
2017-10-22 01:09:00+02:00,0.006808
2017-10-22 01:10:00+02:00,0.007853
2017-10-22 01:11:00+02:00,0.009223
2017-10-22 01:12:00+02:00,0.007259
2017-10-22 01:13:00+02:00,0.006505
2017-10-22 01:14:00+02:00,0.006463
2017-10-22 01:15:00+02:00,0.006739
2017-10-22 01:16:00+02:00,0.007318
2017-10-22 01:17:00+02:00,0.008542
2017-10-22 01:18:00+02:00,0.009182
2017-10-22 01:19:00+02:00,0.009027
2017-10-22 01:20:00+02:00,0.008743
2017-10-22 01:21:00+02:00,0.0074
2017-10-22 01:22:00+02:00,0.006842
2017-10-22 01:23:00+02:00,0.007024
2017-10-22 01:24:00+02:00,0.006391
2017-10-22 01:25:00+02:00,0.006636
2017-10-22 01:26:00+02:00,0.006816
2017-10-22 01:27:00+02:00,0.006841
2017-10-22 01:28:00+02:00,0.007469
2017-10-22 01:29:00+02:00,0.007612
2017-10-22 01:30:00+02:00,0.00786
2017-10-22 01:31:00+02:00,0.007879
2017-10-22 01:32:00+02:00,0.006326
2017-10-22 01:33:00+02:00,0.006267
2017-10-22 01:34:00+02:00,0.005866
2017-10-22 01:35:00+02:00,0.00619
2017-10-22 01:36:00+02:00,0.006753
2017-10-22 01:37:00+02:00,0.006625
2017-10-22 01:38:00+02:00,0.005456
2017-10-22 01:39:00+02:00,0.006674
2017-10-22 01:40:00+02:00,0.005286
2017-10-22 01:41:00+02:00,0.005402
2017-10-22 01:42:00+02:00,0.005629
2017-10-22 01:43:00+02:00,0.005688
2017-10-22 01:44:00+02:00,0.004183
2017-10-22 01:45:00+02:00,0.004428
2017-10-22 01:46:00+02:00,0.004711
2017-10-22 01:47:00+02:00,0.004626
2017-10-22 01:48:00+02:00,0.004827
2017-10-22 01:49:00+02:00,0.006017
2017-10-22 01:50:00+02:00,0.006575
2017-10-22 01:51:00+02:00,0.006316
2017-10-22 01:52:00+02:00,0.006774
2017-10-22 01:53:00+02:00,0.007045
2017-10-22 01:54:00+02:00,0.00749
2017-10-22 01:55:00+02:00,0.007723
2017-10-22 01:56:00+02:00,0.007555
2017-10-22 01:57:00+02:00,0.008182
2017-10-22 01:58:00+02:00,0.00782
2017-10-22 01:59:00+02:00,0.007969
2017-10-22 02:00:00+02:00,0.008092
2017-10-22 02:01:00+02:00,0.008468
2017-10-22 02:02:00+02:00,0.008402
2017-10-22 02:03:00+02:00,0.007732
2017-10-22 02:04:00+02:00,0.006404
2017-10-22 02:05:00+02:00,0.00735
2017-10-22 02:06:00+02:00,0.009129
2017-10-22 02:07:00+02:00,0.009833
2017-10-22 02:08:00+02:00,0.010615
2017-10-22 02:09:00+02:00,0.010347
2017-10-22 02:10:00+02:00,0.009562
2017-10-22 02:11:00+02:00,0.009246
2017-10-22 02:12:00+02:00,0.008754
2017-10-22 02:13:00+02:00,0.008682
2017-10-22 02:14:00+02:00,0.007866
2017-10-22 02:15:00+02:00,0.007914
2017-10-22 02:16:00+02:00,0.008034
2017-10-22 02:17:00+02:00,0.008004
2017-10-22 02:18:00+02:00,0.008051
2017-10-22 02:19:00+02:00,0.007527
2017-10-22 02:20:00+02:00,0.007236
2017-10-22 02:21:00+02:00,0.006632
2017-10-22 02:22:00+02:00,0.006697
2017-10-22 02:23:00+02:00,0.00984
2017-10-22 02:24:00+02:00,0.014174
2017-10-22 02:25:00+02:00,0.014408
2017-10-22 02:26:00+02:00,0.014474
2017-10-22 02:27:00+02:00,0.014425
2017-10-22 02:28:00+02:00,0.014412
2017-10-22 02:29:00+02:00,0.009445
2017-10-22 02:30:00+02:00,0.006714
2017-10-22 02:31:00+02:00,0.006969
2017-10-22 02:32:00+02:00,0.007162
2017-10-22 02:33:00+02:00,0.007101
2017-10-22 02:34:00+02:00,0.006707
2017-10-22 02:35:00+02:00,0.006756
2017-10-22 02:36:00+02:00,0.006507
2017-10-22 02:37:00+02:00,0.007618
2017-10-22 02:38:00+02:00,0.007563
2017-10-22 02:39:00+02:00,0.006087
2017-10-22 02:40:00+02:00,0.006606
2017-10-22 02:41:00+02:00,0.007142
2017-10-22 02:42:00+02:00,0.00776
2017-10-22 02:43:00+02:00,0.008252
2017-10-22 02:44:00+02:00,0.009648
2017-10-22 02:45:00+02:00,0.008417
2017-10-22 02:46:00+02:00,0.008009
2017-10-22 02:47:00+02:00,0.007111
2017-10-22 02:48:00+02:00,0.006989
2017-10-22 02:49:00+02:00,0.006996
2017-10-22 02:50:00+02:00,0.00682
2017-10-22 02:51:00+02:00,0.006314
2017-10-22 02:52:00+02:00,0.006409
2017-10-22 02:53:00+02:00,0.006542
2017-10-22 02:54:00+02:00,0.006929
2017-10-22 02:55:00+02:00,0.006671
2017-10-22 02:56:00+02:00,0.006323
2017-10-22 02:57:00+02:00,0.006661
2017-10-22 02:58:00+02:00,0.007336
2017-10-22 02:59:00+02:00,0.007045
2017-10-22 03:00:00+02:00,0.007022
2017-10-22 03:01:00+02:00,0.006979
2017-10-22 03:02:00+02:00,0.006534
2017-10-22 03:03:00+02:00,0.006655
2017-10-22 03:04:00+02:00,0.006613
2017-10-22 03:05:00+02:00,0.0072
2017-10-22 03:06:00+02:00,0.006047
2017-10-22 03:07:00+02:00,0.006722
2017-10-22 03:08:00+02:00,0.005738
2017-10-22 03:09:00+02:00,0.005761
2017-10-22 03:10:00+02:00,0.00554
2017-10-22 03:11:00+02:00,0.005808
2017-10-22 03:12:00+02:00,0.004771
2017-10-22 03:13:00+02:00,0.004445
2017-10-22 03:14:00+02:00,0.004705
2017-10-22 03:15:00+02:00,0.004495
2017-10-22 03:16:00+02:00,0.004942
2017-10-22 03:17:00+02:00,0.005217
2017-10-22 03:18:00+02:00,0.00538
2017-10-22 03:19:00+02:00,0.005701
2017-10-22 03:20:00+02:00,0.00571
2017-10-22 03:21:00+02:00,0.005429
2017-10-22 03:22:00+02:00,0.004815
2017-10-22 03:23:00+02:00,0.004978
2017-10-22 03:24:00+02:00,0.005041
2017-10-22 03:25:00+02:00,0.005234
2017-10-22 03:26:00+02:00,0.004704
2017-10-22 03:27:00+02:00,0.00468
2017-10-22 03:28:00+02:00,0.004341
2017-10-22 03:29:00+02:00,0.004002
2017-10-22 03:30:00+02:00,0.004174
2017-10-22 03:31:00+02:00,0.005417
2017-10-22 03:32:00+02:00,0.005315
2017-10-22 03:33:00+02:00,0.005259
2017-10-22 03:34:00+02:00,0.005272
2017-10-22 03:35:00+02:00,0.005455
2017-10-22 03:36:00+02:00,0.005777
2017-10-22 03:37:00+02:00,0.006564
2017-10-22 03:38:00+02:00,0.005864
2017-10-22 03:39:00+02:00,0.006623
2017-10-22 03:40:00+02:00,0.006319
2017-10-22 03:41:00+02:00,0.006175
2017-10-22 03:42:00+02:00,0.005702
2017-10-22 03:43:00+02:00,0.00572
2017-10-22 03:44:00+02:00,0.005929
2017-10-22 03:45:00+02:00,0.006419
2017-10-22 03:46:00+02:00,0.005783
2017-10-22 03:47:00+02:00,0.005942
2017-10-22 03:48:00+02:00,0.005856
2017-10-22 03:49:00+02:00,0.005917
2017-10-22 03:50:00+02:00,0.006142
2017-10-22 03:51:00+02:00,0.006989
2017-10-22 03:52:00+02:00,0.008068
2017-10-22 03:53:00+02:00,0.009809
2017-10-22 03:54:00+02:00,0.007972
2017-10-22 03:55:00+02:00,0.007223
2017-10-22 03:56:00+02:00,0.007653
2017-10-22 03:57:00+02:00,0.008666
2017-10-22 03:58:00+02:00,0.008616
2017-10-22 03:59:00+02:00,0.008106
2017-10-22 04:00:00+02:00,0.008961
2017-10-22 04:01:00+02:00,0.006934
2017-10-22 04:02:00+02:00,0.006215
2017-10-22 04:03:00+02:00,0.006539
2017-10-22 04:04:00+02:00,0.007434
2017-10-22 04:05:00+02:00,0.007555
2017-10-22 04:06:00+02:00,0.007519
2017-10-22 04:07:00+02:00,0.007478
2017-10-22 04:08:00+02:00,0.007847
2017-10-22 04:09:00+02:00,0.011058
2017-10-22 04:10:00+02:00,0.009791
2017-10-22 04:11:00+02:00,0.008249
2017-10-22 04:12:00+02:00,0.008043
2017-10-22 04:13:00+02:00,0.008046
2017-10-22 04:14:00+02:00,0.0077
2017-10-22 04:15:00+02:00,0.006936
2017-10-22 04:16:00+02:00,0.006442
2017-10-22 04:17:00+02:00,0.006935
2017-10-22 04:18:00+02:00,0.007042
2017-10-22 04:19:00+02:00,0.006385
2017-10-22 04:20:00+02:00,0.006409
2017-10-22 04:21:00+02:00,0.005905
2017-10-22 04:22:00+02:00,0.005789
2017-10-22 04:23:00+02:00,0.00516
2017-10-22 04:24:00+02:00,0.005822
2017-10-22 04:25:00+02:00,0.006748
2017-10-22 04:26:00+02:00,0.006903
2017-10-22 04:27:00+02:00,0.007103
2017-10-22 04:28:00+02:00,0.007552
2017-10-22 04:29:00+02:00,0.007112
2017-10-22 04:30:00+02:00,0.007033
2017-10-22 04:31:00+02:00,0.007736
2017-10-22 04:32:00+02:00,0.007669
2017-10-22 04:33:00+02:00,0.007532
2017-10-22 04:34:00+02:00,0.007415
2017-10-22 04:35:00+02:00,0.007664
2017-10-22 04:36:00+02:00,0.00756
2017-10-22 04:37:00+02:00,0.008277
2017-10-22 04:38:00+02:00,0.009027
2017-10-22 04:39:00+02:00,0.009497
2017-10-22 04:40:00+02:00,0.009437
2017-10-22 04:41:00+02:00,0.009295
2017-10-22 04:42:00+02:00,0.00897
2017-10-22 04:43:00+02:00,0.008307
2017-10-22 04:44:00+02:00,0.009547
2017-10-22 04:45:00+02:00,0.011142
2017-10-22 04:46:00+02:00,0.01125
2017-10-22 04:47:00+02:00,0.011912
2017-10-22 04:48:00+02:00,0.012413
2017-10-22 04:49:00+02:00,0.011581
2017-10-22 04:50:00+02:00,0.011786
2017-10-22 04:51:00+02:00,0.011629
2017-10-22 04:52:00+02:00,0.011143
2017-10-22 04:53:00+02:00,0.010624
2017-10-22 04:54:00+02:00,0.010553
2017-10-22 04:55:00+02:00,0.010759
2017-10-22 04:56:00+02:00,0.009705
2017-10-22 04:57:00+02:00,0.008372
2017-10-22 04:58:00+02:00,0.008813
2017-10-22 04:59:00+02:00,0.007463
2017-10-22 05:00:00+02:00,0.007244
2017-10-22 05:01:00+02:00,0.009106
2017-10-22 05:02:00+02:00,0.0074
2017-10-22 05:03:00+02:00,0.007099
2017-10-22 05:04:00+02:00,0.007446
2017-10-22 05:05:00+02:00,0.007952
2017-10-22 05:06:00+02:00,0.008306
2017-10-22 05:07:00+02:00,0.008761
2017-10-22 05:08:00+02:00,0.009017
2017-10-22 05:09:00+02:00,0.008395
2017-10-22 05:10:00+02:00,0.008654
2017-10-22 05:11:00+02:00,0.00925
2017-10-22 05:12:00+02:00,0.009894
2017-10-22 05:13:00+02:00,0.010091
2017-10-22 05:14:00+02:00,0.011057
2017-10-22 05:15:00+02:00,0.011227
2017-10-22 05:16:00+02:00,0.011052
2017-10-22 05:17:00+02:00,0.01115
2017-10-22 05:18:00+02:00,0.011285
2017-10-22 05:19:00+02:00,0.012152
2017-10-22 05:20:00+02:00,0.012666
2017-10-22 05:21:00+02:00,0.012285
2017-10-22 05:22:00+02:00,0.012514
2017-10-22 05:23:00+02:00,0.013005
2017-10-22 05:24:00+02:00,0.013486
2017-10-22 05:25:00+02:00,0.01412
2017-10-22 05:26:00+02:00,0.013484
2017-10-22 05:27:00+02:00,0.012554
2017-10-22 05:28:00+02:00,0.012475
2017-10-22 05:29:00+02:00,0.013147
2017-10-22 05:30:00+02:00,0.013008
2017-10-22 05:31:00+02:00,0.012448
2017-10-22 05:32:00+02:00,0.013133
2017-10-22 05:33:00+02:00,0.013637
2017-10-22 05:34:00+02:00,0.013748
2017-10-22 05:35:00+02:00,0.0124
2017-10-22 05:36:00+02:00,0.012814
2017-10-22 05:37:00+02:00,0.012925
2017-10-22 05:38:00+02:00,0.012804
2017-10-22 05:39:00+02:00,0.012664
2017-10-22 05:40:00+02:00,0.012722
2017-10-22 05:41:00+02:00,0.012483
2017-10-22 05:42:00+02:00,0.013036
2017-10-22 05:43:00+02:00,0.013232
2017-10-22 05:44:00+02:00,0.01326
2017-10-22 05:45:00+02:00,0.012709
2017-10-22 05:46:00+02:00,0.012568
2017-10-22 05:47:00+02:00,0.012525
2017-10-22 05:48:00+02:00,0.012311
2017-10-22 05:49:00+02:00,0.012425
2017-10-22 05:50:00+02:00,0.012415
2017-10-22 05:51:00+02:00,0.012316
2017-10-22 05:52:00+02:00,0.012981
2017-10-22 05:53:00+02:00,0.012817
2017-10-22 05:54:00+02:00,0.012868
2017-10-22 05:55:00+02:00,0.013273
2017-10-22 05:56:00+02:00,0.013576
2017-10-22 05:57:00+02:00,0.015073
2017-10-22 05:58:00+02:00,0.015657
2017-10-22 05:59:00+02:00,0.016108
2017-10-22 06:00:00+02:00,0.016985
2017-10-22 06:01:00+02:00,0.016187
2017-10-22 06:02:00+02:00,0.015751
2017-10-22 06:03:00+02:00,0.015941
2017-10-22 06:04:00+02:00,0.015638
2017-10-22 06:05:00+02:00,0.015995
2017-10-22 06:06:00+02:00,0.015799
2017-10-22 06:07:00+02:00,0.015616
2017-10-22 06:08:00+02:00,0.015339
2017-10-22 06:09:00+02:00,0.015089
2017-10-22 06:10:00+02:00,0.015075
2017-10-22 06:11:00+02:00,0.015225
2017-10-22 06:12:00+02:00,0.014746
2017-10-22 06:13:00+02:00,0.014752
2017-10-22 06:14:00+02:00,0.015564
2017-10-22 06:15:00+02:00,0.015962
2017-10-22 06:16:00+02:00,0.01671
2017-10-22 06:17:00+02:00,0.017319
2017-10-22 06:18:00+02:00,0.017315
2017-10-22 06:19:00+02:00,0.017497
2017-10-22 06:20:00+02:00,0.017101
2017-10-22 06:21:00+02:00,0.017995
2017-10-22 06:22:00+02:00,0.017785
2017-10-22 06:23:00+02:00,0.01811
2017-10-22 06:24:00+02:00,0.019381
2017-10-22 06:25:00+02:00,0.018858
2017-10-22 06:26:00+02:00,0.019479
2017-10-22 06:27:00+02:00,0.019082
2017-10-22 06:28:00+02:00,0.019155
2017-10-22 06:29:00+02:00,0.01882
2017-10-22 06:30:00+02:00,0.018912
2017-10-22 06:31:00+02:00,0.018946
2017-10-22 06:32:00+02:00,0.018592
2017-10-22 06:33:00+02:00,0.01841
2017-10-22 06:34:00+02:00,0.018921
2017-10-22 06:35:00+02:00,0.01875
2017-10-22 06:36:00+02:00,0.018915
2017-10-22 06:37:00+02:00,0.019994
2017-10-22 06:38:00+02:00,0.01989
2017-10-22 06:39:00+02:00,0.020382
2017-10-22 06:40:00+02:00,0.019893
2017-10-22 06:41:00+02:00,0.019111
2017-10-22 06:42:00+02:00,0.019756
2017-10-22 06:43:00+02:00,0.020217
2017-10-22 06:44:00+02:00,0.019365
2017-10-22 06:45:00+02:00,0.019188
2017-10-22 06:46:00+02:00,0.01907
2017-10-22 06:47:00+02:00,0.018843
2017-10-22 06:48:00+02:00,0.019362
2017-10-22 06:49:00+02:00,0.019862
2017-10-22 06:50:00+02:00,0.019773
2017-10-22 06:51:00+02:00,0.021674
2017-10-22 06:52:00+02:00,0.019996
2017-10-22 06:53:00+02:00,0.019269
2017-10-22 06:54:00+02:00,0.019264
2017-10-22 06:55:00+02:00,0.018589
2017-10-22 06:56:00+02:00,0.018836
2017-10-22 06:57:00+02:00,0.018527
2017-10-22 06:58:00+02:00,0.018345
2017-10-22 06:59:00+02:00,0.020033
2017-10-22 07:00:00+02:00,0.021733
2017-10-22 07:01:00+02:00,0.022491
2017-10-22 07:02:00+02:00,0.022043
2017-10-22 07:03:00+02:00,0.020402
2017-10-22 07:04:00+02:00,0.019986
2017-10-22 07:05:00+02:00,0.01937
2017-10-22 07:06:00+02:00,0.019882
2017-10-22 07:07:00+02:00,0.022214
2017-10-22 07:08:00+02:00,0.022065
2017-10-22 07:09:00+02:00,0.023763
2017-10-22 07:10:00+02:00,0.025521
2017-10-22 07:11:00+02:00,0.025057
2017-10-22 07:12:00+02:00,0.024944
2017-10-22 07:13:00+02:00,0.02558
2017-10-22 07:14:00+02:00,0.030108
2017-10-22 07:15:00+02:00,0.032087
2017-10-22 07:16:00+02:00,0.031762
2017-10-22 07:17:00+02:00,0.032504
2017-10-22 07:18:00+02:00,0.032879
2017-10-22 07:19:00+02:00,0.032046
2017-10-22 07:20:00+02:00,0.027251
2017-10-22 07:21:00+02:00,0.032265
2017-10-22 07:22:00+02:00,0.03235
2017-10-22 07:23:00+02:00,0.031549
2017-10-22 07:24:00+02:00,0.030092
2017-10-22 07:25:00+02:00,0.030361
2017-10-22 07:26:00+02:00,0.030558
2017-10-22 07:27:00+02:00,0.029627
2017-10-22 07:28:00+02:00,0.029549
2017-10-22 07:29:00+02:00,0.0291
2017-10-22 07:30:00+02:00,0.02646
2017-10-22 07:31:00+02:00,0.025906
2017-10-22 07:32:00+02:00,0.026394
2017-10-22 07:33:00+02:00,0.027265
2017-10-22 07:34:00+02:00,0.027659
2017-10-22 07:35:00+02:00,0.027773
2017-10-22 07:36:00+02:00,0.022777
2017-10-22 07:37:00+02:00,0.020602
2017-10-22 07:38:00+02:00,0.021079
2017-10-22 07:39:00+02:00,0.021337
2017-10-22 07:40:00+02:00,0.021321
2017-10-22 07:41:00+02:00,0.020779
2017-10-22 07:42:00+02:00,0.022454
2017-10-22 07:43:00+02:00,0.023392
2017-10-22 07:44:00+02:00,0.024236
2017-10-22 07:45:00+02:00,0.024351
2017-10-22 07:46:00+02:00,0.023671
2017-10-22 07:47:00+02:00,0.022804
2017-10-22 07:48:00+02:00,0.02284
2017-10-22 07:49:00+02:00,0.021844
2017-10-22 07:50:00+02:00,0.021824
2017-10-22 07:51:00+02:00,0.024461
2017-10-22 07:52:00+02:00,0.026506
2017-10-22 07:53:00+02:00,0.025768
2017-10-22 07:54:00+02:00,0.027439
2017-10-22 07:55:00+02:00,0.027496
2017-10-22 07:56:00+02:00,0.026444
2017-10-22 07:57:00+02:00,0.026071
2017-10-22 07:58:00+02:00,0.027006
2017-10-22 07:59:00+02:00,0.026436
2017-10-22 08:00:00+02:00,0.027064
2017-10-22 08:01:00+02:00,0.026023
2017-10-22 08:02:00+02:00,0.026171
2017-10-22 08:03:00+02:00,0.02656
2017-10-22 08:04:00+02:00,0.027054
2017-10-22 08:05:00+02:00,0.027
2017-10-22 08:06:00+02:00,0.025028
2017-10-22 08:07:00+02:00,0.022861
2017-10-22 08:08:00+02:00,0.02228
2017-10-22 08:09:00+02:00,0.023251
2017-10-22 08:10:00+02:00,0.023589
2017-10-22 08:11:00+02:00,0.0238
2017-10-22 08:12:00+02:00,0.023566
2017-10-22 08:13:00+02:00,0.023561
2017-10-22 08:14:00+02:00,0.024331
2017-10-22 08:15:00+02:00,0.024028
2017-10-22 08:16:00+02:00,0.023248
2017-10-22 08:17:00+02:00,0.022834
2017-10-22 08:18:00+02:00,0.023682
2017-10-22 08:19:00+02:00,0.024129
2017-10-22 08:20:00+02:00,0.023284
2017-10-22 08:21:00+02:00,0.023791
2017-10-22 08:22:00+02:00,0.022699
2017-10-22 08:23:00+02:00,0.02234
2017-10-22 08:24:00+02:00,0.021003
2017-10-22 08:25:00+02:00,0.021359
2017-10-22 08:26:00+02:00,0.021793
2017-10-22 08:27:00+02:00,0.021012
2017-10-22 08:28:00+02:00,0.020415
2017-10-22 08:29:00+02:00,0.021886
2017-10-22 08:30:00+02:00,0.021121
2017-10-22 08:31:00+02:00,0.021864
2017-10-22 08:32:00+02:00,0.025753
2017-10-22 08:33:00+02:00,0.024576
2017-10-22 08:34:00+02:00,0.021723
2017-10-22 08:35:00+02:00,0.021681
2017-10-22 08:36:00+02:00,0.025769
2017-10-22 08:37:00+02:00,0.022961
2017-10-22 08:38:00+02:00,0.021008
2017-10-22 08:39:00+02:00,0.020617
2017-10-22 08:40:00+02:00,0.019871
2017-10-22 08:41:00+02:00,0.018862
2017-10-22 08:42:00+02:00,0.018409
2017-10-22 08:43:00+02:00,0.019884
2017-10-22 08:44:00+02:00,0.019454
2017-10-22 08:45:00+02:00,0.019029
2017-10-22 08:46:00+02:00,0.019606
2017-10-22 08:47:00+02:00,0.02036
2017-10-22 08:48:00+02:00,0.020794
2017-10-22 08:49:00+02:00,0.020804
2017-10-22 08:50:00+02:00,0.020662
2017-10-22 08:51:00+02:00,0.020803
2017-10-22 08:52:00+02:00,0.023611
2017-10-22 08:53:00+02:00,0.023929
2017-10-22 08:54:00+02:00,0.024047
2017-10-22 08:55:00+02:00,0.02387
2017-10-22 08:56:00+02:00,0.021098
2017-10-22 08:57:00+02:00,0.017791
2017-10-22 08:58:00+02:00,0.01808
2017-10-22 08:59:00+02:00,0.017038
2017-10-22 09:00:00+02:00,0.0167
2017-10-22 09:01:00+02:00,0.016768
2017-10-22 09:02:00+02:00,0.020943
2017-10-22 09:03:00+02:00,0.022184
2017-10-22 09:04:00+02:00,0.021764
2017-10-22 09:05:00+02:00,0.021411
2017-10-22 09:06:00+02:00,0.020794
2017-10-22 09:07:00+02:00,0.018796
2017-10-22 09:08:00+02:00,0.019751
2017-10-22 09:09:00+02:00,0.019301
2017-10-22 09:10:00+02:00,0.019762
2017-10-22 09:11:00+02:00,0.019751
2017-10-22 09:12:00+02:00,0.018882
2017-10-22 09:13:00+02:00,0.018608
2017-10-22 09:14:00+02:00,0.019573
2017-10-22 09:15:00+02:00,0.020267
2017-10-22 09:16:00+02:00,0.019923
2017-10-22 09:17:00+02:00,0.02019
2017-10-22 09:18:00+02:00,0.019753
2017-10-22 09:19:00+02:00,0.020217
2017-10-22 09:20:00+02:00,0.01999
2017-10-22 09:21:00+02:00,0.021771
2017-10-22 09:22:00+02:00,0.023785
2017-10-22 09:23:00+02:00,0.02491
2017-10-22 09:24:00+02:00,0.030385
2017-10-22 09:25:00+02:00,0.029302
2017-10-22 09:26:00+02:00,0.031599
2017-10-22 09:27:00+02:00,0.039131
2017-10-22 09:28:00+02:00,0.037924
2017-10-22 09:29:00+02:00,0.038541
2017-10-22 09:30:00+02:00,0.038195
2017-10-22 09:31:00+02:00,0.037306
2017-10-22 09:32:00+02:00,0.037295
2017-10-22 09:33:00+02:00,0.036666
2017-10-22 09:34:00+02:00,0.037951
2017-10-22 09:35:00+02:00,0.039603
2017-10-22 09:36:00+02:00,0.039654
2017-10-22 09:37:00+02:00,0.038808
2017-10-22 09:38:00+02:00,0.038907
2017-10-22 09:39:00+02:00,0.038017
2017-10-22 09:40:00+02:00,0.038064
2017-10-22 09:41:00+02:00,0.039457
2017-10-22 09:42:00+02:00,0.040613
2017-10-22 09:43:00+02:00,0.038319
2017-10-22 09:44:00+02:00,0.031752
2017-10-22 09:45:00+02:00,0.039107
2017-10-22 09:46:00+02:00,0.043391
2017-10-22 09:47:00+02:00,0.043211
2017-10-22 09:48:00+02:00,0.025596
2017-10-22 09:49:00+02:00,0.023694
2017-10-22 09:50:00+02:00,0.02296
2017-10-22 09:51:00+02:00,0.022885
2017-10-22 09:52:00+02:00,0.019779
2017-10-22 09:53:00+02:00,0.019857
2017-10-22 09:54:00+02:00,0.020916
2017-10-22 09:55:00+02:00,0.024446
2017-10-22 09:56:00+02:00,0.028134
2017-10-22 09:57:00+02:00,0.033264
2017-10-22 09:58:00+02:00,0.01737
2017-10-22 09:59:00+02:00,0.016341
2017-10-22 10:00:00+02:00,0.015985
2017-10-22 10:01:00+02:00,0.01527
2017-10-22 10:02:00+02:00,0.014733
2017-10-22 10:03:00+02:00,0.014634
2017-10-22 10:04:00+02:00,0.014536
2017-10-22 10:05:00+02:00,0.01522
2017-10-22 10:06:00+02:00,0.017504
2017-10-22 10:07:00+02:00,0.018636
2017-10-22 10:08:00+02:00,0.019346
2017-10-22 10:09:00+02:00,0.019875
2017-10-22 10:10:00+02:00,0.020292
2017-10-22 10:11:00+02:00,0.020407
2017-10-22 10:12:00+02:00,0.019488
2017-10-22 10:13:00+02:00,0.01982
2017-10-22 10:14:00+02:00,0.019333
2017-10-22 10:15:00+02:00,0.020607
2017-10-22 10:16:00+02:00,0.021115
2017-10-22 10:17:00+02:00,0.021164
2017-10-22 10:18:00+02:00,0.02074
2017-10-22 10:19:00+02:00,0.021208
2017-10-22 10:20:00+02:00,0.020742
2017-10-22 10:21:00+02:00,0.018575
2017-10-22 10:22:00+02:00,0.017959
2017-10-22 10:23:00+02:00,0.017735
2017-10-22 10:24:00+02:00,0.017446
2017-10-22 10:25:00+02:00,0.017371
2017-10-22 10:26:00+02:00,0.015811
2017-10-22 10:27:00+02:00,0.016515
2017-10-22 10:28:00+02:00,0.016918
2017-10-22 10:29:00+02:00,0.016745
2017-10-22 10:30:00+02:00,0.015888
2017-10-22 10:31:00+02:00,0.019247
2017-10-22 10:32:00+02:00,0.022471
2017-10-22 10:33:00+02:00,0.022938
2017-10-22 10:34:00+02:00,0.023865
2017-10-22 10:35:00+02:00,0.025042
2017-10-22 10:36:00+02:00,0.031993
2017-10-22 10:37:00+02:00,0.04453
2017-10-22 10:38:00+02:00,0.0704
2017-10-22 10:39:00+02:00,0.068776
2017-10-22 10:40:00+02:00,0.054201
2017-10-22 10:41:00+02:00,0.041782
2017-10-22 10:42:00+02:00,0.037856
2017-10-22 10:43:00+02:00,0.033573
2017-10-22 10:44:00+02:00,0.037075
2017-10-22 10:45:00+02:00,0.027667
2017-10-22 10:46:00+02:00,0.025299
2017-10-22 10:47:00+02:00,0.024008
2017-10-22 10:48:00+02:00,0.021092
2017-10-22 10:49:00+02:00,0.02303
2017-10-22 10:50:00+02:00,0.02123
2017-10-22 10:51:00+02:00,0.02146
2017-10-22 10:52:00+02:00,0.027103
2017-10-22 10:53:00+02:00,0.033296
2017-10-22 10:54:00+02:00,0.028505
2017-10-22 10:55:00+02:00,0.020557
2017-10-22 10:56:00+02:00,0.033865
2017-10-22 10:57:00+02:00,0.04578
2017-10-22 10:58:00+02:00,0.025165
2017-10-22 10:59:00+02:00,0.020152
2017-10-22 11:00:00+02:00,0.020507
2017-10-22 11:01:00+02:00,0.019869
2017-10-22 11:02:00+02:00,0.020461
2017-10-22 11:03:00+02:00,0.018812
2017-10-22 11:04:00+02:00,0.018206
2017-10-22 11:05:00+02:00,0.018633
2017-10-22 11:06:00+02:00,0.018291
2017-10-22 11:07:00+02:00,0.018464
2017-10-22 11:08:00+02:00,0.019914
2017-10-22 11:09:00+02:00,0.020172
2017-10-22 11:10:00+02:00,0.021983
2017-10-22 11:11:00+02:00,0.057933
2017-10-22 11:12:00+02:00,0.061107
2017-10-22 11:13:00+02:00,0.062674
2017-10-22 11:14:00+02:00,0.051553
2017-10-22 11:15:00+02:00,0.042021
2017-10-22 11:16:00+02:00,0.053521
2017-10-22 11:17:00+02:00,0.035391
2017-10-22 11:18:00+02:00,0.043525
2017-10-22 11:19:00+02:00,0.060653
2017-10-22 11:20:00+02:00,0.079523
2017-10-22 11:21:00+02:00,0.092778
2017-10-22 11:22:00+02:00,0.102169
2017-10-22 11:23:00+02:00,0.10909
2017-10-22 11:24:00+02:00,0.11267
2017-10-22 11:25:00+02:00,0.115278
2017-10-22 11:26:00+02:00,0.115733
2017-10-22 11:27:00+02:00,0.116104
2017-10-22 11:28:00+02:00,0.118576
2017-10-22 11:29:00+02:00,0.083576
2017-10-22 11:30:00+02:00,0.098206
2017-10-22 11:31:00+02:00,0.103422
2017-10-22 11:32:00+02:00,0.108693
2017-10-22 11:33:00+02:00,0.112447
2017-10-22 11:34:00+02:00,0.110136
2017-10-22 11:35:00+02:00,0.112113
2017-10-22 11:36:00+02:00,0.114289
2017-10-22 11:37:00+02:00,0.116228
2017-10-22 11:38:00+02:00,0.119819
2017-10-22 11:39:00+02:00,0.119032
2017-10-22 11:40:00+02:00,0.117572
2017-10-22 11:41:00+02:00,0.118156
2017-10-22 11:42:00+02:00,0.118607
2017-10-22 11:43:00+02:00,0.118901
2017-10-22 11:44:00+02:00,0.11948
2017-10-22 11:45:00+02:00,0.119312
2017-10-22 11:46:00+02:00,0.101696
2017-10-22 11:47:00+02:00,0.092765
2017-10-22 11:48:00+02:00,0.097331
2017-10-22 11:49:00+02:00,0.104578
2017-10-22 11:50:00+02:00,0.109154
2017-10-22 11:51:00+02:00,0.117647
2017-10-22 11:52:00+02:00,0.125138
2017-10-22 11:53:00+02:00,0.125851
2017-10-22 11:54:00+02:00,0.124458
2017-10-22 11:55:00+02:00,0.12201
2017-10-22 11:56:00+02:00,0.120114
2017-10-22 11:57:00+02:00,0.122119
2017-10-22 11:58:00+02:00,0.125172
2017-10-22 11:59:00+02:00,0.132946
2017-10-22 12:00:00+02:00,0.113446
2017-10-22 12:01:00+02:00,0.117027
2017-10-22 12:02:00+02:00,0.120406
2017-10-22 12:03:00+02:00,0.126166
2017-10-22 12:04:00+02:00,0.119419
2017-10-22 12:05:00+02:00,0.131821
2017-10-22 12:06:00+02:00,0.12323
2017-10-22 12:07:00+02:00,0.114705
2017-10-22 12:08:00+02:00,0.105633
2017-10-22 12:09:00+02:00,0.118272
2017-10-22 12:10:00+02:00,0.116529
2017-10-22 12:11:00+02:00,0.109857
2017-10-22 12:12:00+02:00,0.116569
2017-10-22 12:13:00+02:00,0.121296
2017-10-22 12:14:00+02:00,0.129723
2017-10-22 12:15:00+02:00,0.131444
2017-10-22 12:16:00+02:00,0.113545
2017-10-22 12:17:00+02:00,0.11539
2017-10-22 12:18:00+02:00,0.111916
2017-10-22 12:19:00+02:00,0.138111
2017-10-22 12:20:00+02:00,0.108428
2017-10-22 12:21:00+02:00,0.118953
2017-10-22 12:22:00+02:00,0.127412
2017-10-22 12:23:00+02:00,0.139411
2017-10-22 12:24:00+02:00,0.129905
2017-10-22 12:25:00+02:00,0.11704
2017-10-22 12:26:00+02:00,0.115968
2017-10-22 12:27:00+02:00,0.113228
2017-10-22 12:28:00+02:00,0.106114
2017-10-22 12:29:00+02:00,0.104528
2017-10-22 12:30:00+02:00,0.1155
2017-10-22 12:31:00+02:00,0.117239
2017-10-22 12:32:00+02:00,0.122269
2017-10-22 12:33:00+02:00,0.127699
2017-10-22 12:34:00+02:00,0.126992
2017-10-22 12:35:00+02:00,0.129936
2017-10-22 12:36:00+02:00,0.143504
2017-10-22 12:37:00+02:00,0.119175
2017-10-22 12:38:00+02:00,0.123524
2017-10-22 12:39:00+02:00,0.126288
2017-10-22 12:40:00+02:00,0.129134
2017-10-22 12:41:00+02:00,0.128921
2017-10-22 12:42:00+02:00,0.141238
2017-10-22 12:43:00+02:00,0.093129
2017-10-22 12:44:00+02:00,0.076142
2017-10-22 12:45:00+02:00,0.066154
2017-10-22 12:46:00+02:00,0.066942
2017-10-22 12:47:00+02:00,0.048669
2017-10-22 12:48:00+02:00,0.044235
2017-10-22 12:49:00+02:00,0.042896
2017-10-22 12:50:00+02:00,0.03142
2017-10-22 12:51:00+02:00,0.067151
2017-10-22 12:52:00+02:00,0.038019
2017-10-22 12:53:00+02:00,0.030958
2017-10-22 12:54:00+02:00,0.029084
2017-10-22 12:55:00+02:00,0.027021
2017-10-22 12:56:00+02:00,0.024527
2017-10-22 12:57:00+02:00,0.02242
2017-10-22 12:58:00+02:00,0.021453
2017-10-22 12:59:00+02:00,0.020237
2017-10-22 13:00:00+02:00,0.019515
2017-10-22 13:01:00+02:00,0.019658
2017-10-22 13:02:00+02:00,0.019916
2017-10-22 13:03:00+02:00,0.021415
2017-10-22 13:04:00+02:00,0.022537
2017-10-22 13:05:00+02:00,0.035613
2017-10-22 13:06:00+02:00,0.059509
2017-10-22 13:07:00+02:00,0.068809
2017-10-22 13:08:00+02:00,0.078537
2017-10-22 13:09:00+02:00,0.048281
2017-10-22 13:10:00+02:00,0.040077
2017-10-22 13:11:00+02:00,0.035052
2017-10-22 13:12:00+02:00,0.033579
2017-10-22 13:13:00+02:00,0.031288
2017-10-22 13:14:00+02:00,0.028087
2017-10-22 13:15:00+02:00,0.024939
2017-10-22 13:16:00+02:00,0.023208
2017-10-22 13:17:00+02:00,0.022297
2017-10-22 13:18:00+02:00,0.022584
2017-10-22 13:19:00+02:00,0.02206
2017-10-22 13:20:00+02:00,0.021291
2017-10-22 13:21:00+02:00,0.02036
2017-10-22 13:22:00+02:00,0.020246
2017-10-22 13:23:00+02:00,0.018773
2017-10-22 13:24:00+02:00,0.027935
2017-10-22 13:25:00+02:00,0.055135
2017-10-22 13:26:00+02:00,0.082287
2017-10-22 13:27:00+02:00,0.1021
2017-10-22 13:28:00+02:00,0.099658
2017-10-22 13:29:00+02:00,0.119265
2017-10-22 13:30:00+02:00,0.109775
2017-10-22 13:31:00+02:00,0.080355
2017-10-22 13:32:00+02:00,0.07298
2017-10-22 13:33:00+02:00,0.061212
2017-10-22 13:34:00+02:00,0.046472
2017-10-22 13:35:00+02:00,0.040292
2017-10-22 13:36:00+02:00,0.035003
2017-10-22 13:37:00+02:00,0.033032
2017-10-22 13:38:00+02:00,0.030394
2017-10-22 13:39:00+02:00,0.027511
2017-10-22 13:40:00+02:00,0.025916
2017-10-22 13:41:00+02:00,0.023914
2017-10-22 13:42:00+02:00,0.023492
2017-10-22 13:43:00+02:00,0.022497
2017-10-22 13:44:00+02:00,0.022127
2017-10-22 13:45:00+02:00,0.020472
2017-10-22 13:46:00+02:00,0.018771
2017-10-22 13:47:00+02:00,0.017953
2017-10-22 13:48:00+02:00,0.017482
2017-10-22 13:49:00+02:00,0.018167
2017-10-22 13:50:00+02:00,0.037307
2017-10-22 13:51:00+02:00,0.061666
2017-10-22 13:52:00+02:00,0.085359
2017-10-22 13:53:00+02:00,0.073764
2017-10-22 13:54:00+02:00,0.086319
2017-10-22 13:55:00+02:00,0.080691
2017-10-22 13:56:00+02:00,0.050629
2017-10-22 13:57:00+02:00,0.049896
2017-10-22 13:58:00+02:00,0.034604
2017-10-22 13:59:00+02:00,0.031117
2017-10-22 14:00:00+02:00,0.027687
2017-10-22 14:01:00+02:00,0.024624
2017-10-22 14:02:00+02:00,0.023503
2017-10-22 14:03:00+02:00,0.033497
2017-10-22 14:04:00+02:00,0.062167
2017-10-22 14:05:00+02:00,0.058231
2017-10-22 14:06:00+02:00,0.075977
2017-10-22 14:07:00+02:00,0.087455
2017-10-22 14:08:00+02:00,0.102098
2017-10-22 14:09:00+02:00,0.111256
2017-10-22 14:10:00+02:00,0.117202
2017-10-22 14:11:00+02:00,0.131253
2017-10-22 14:12:00+02:00,0.116502
2017-10-22 14:13:00+02:00,0.106378
2017-10-22 14:14:00+02:00,0.086256
2017-10-22 14:15:00+02:00,0.095422
2017-10-22 14:16:00+02:00,0.100672
2017-10-22 14:17:00+02:00,0.108
2017-10-22 14:18:00+02:00,0.113144
2017-10-22 14:19:00+02:00,0.116329
2017-10-22 14:20:00+02:00,0.118837
2017-10-22 14:21:00+02:00,0.122934
2017-10-22 14:22:00+02:00,0.122309
2017-10-22 14:23:00+02:00,0.125178
2017-10-22 14:24:00+02:00,0.096283
2017-10-22 14:25:00+02:00,0.100006
2017-10-22 14:26:00+02:00,0.107839
2017-10-22 14:27:00+02:00,0.111777
2017-10-22 14:28:00+02:00,0.115535
2017-10-22 14:29:00+02:00,0.116625
2017-10-22 14:30:00+02:00,0.119229
2017-10-22 14:31:00+02:00,0.120558
2017-10-22 14:32:00+02:00,0.120856
2017-10-22 14:33:00+02:00,0.089366
2017-10-22 14:34:00+02:00,0.072974
2017-10-22 14:35:00+02:00,0.061858
2017-10-22 14:36:00+02:00,0.051501
2017-10-22 14:37:00+02:00,0.044533
2017-10-22 14:38:00+02:00,0.075211
2017-10-22 14:39:00+02:00,0.091117
2017-10-22 14:40:00+02:00,0.066791
2017-10-22 14:41:00+02:00,0.061264
2017-10-22 14:42:00+02:00,0.043676
2017-10-22 14:43:00+02:00,0.044164
2017-10-22 14:44:00+02:00,0.057022
2017-10-22 14:45:00+02:00,0.039221
2017-10-22 14:46:00+02:00,0.032914
2017-10-22 14:47:00+02:00,0.030391
2017-10-22 14:48:00+02:00,0.030777
2017-10-22 14:49:00+02:00,0.028138
2017-10-22 14:50:00+02:00,0.026049
2017-10-22 14:51:00+02:00,0.023253
2017-10-22 14:52:00+02:00,0.021092
2017-10-22 14:53:00+02:00,0.019988
2017-10-22 14:54:00+02:00,0.019709
2017-10-22 14:55:00+02:00,0.020675
2017-10-22 14:56:00+02:00,0.022088
2017-10-22 14:57:00+02:00,0.023104
2017-10-22 14:58:00+02:00,0.033298
2017-10-22 14:59:00+02:00,0.03833
2017-10-22 15:00:00+02:00,0.036723
2017-10-22 15:01:00+02:00,0.041099
2017-10-22 15:02:00+02:00,0.061834
2017-10-22 15:03:00+02:00,0.081482
2017-10-22 15:04:00+02:00,0.094756
2017-10-22 15:05:00+02:00,0.102911
2017-10-22 15:06:00+02:00,0.109943
2017-10-22 15:07:00+02:00,0.096285
2017-10-22 15:08:00+02:00,0.094463
2017-10-22 15:09:00+02:00,0.095679
2017-10-22 15:10:00+02:00,0.089887
2017-10-22 15:11:00+02:00,0.069873
2017-10-22 15:12:00+02:00,0.054121
2017-10-22 15:13:00+02:00,0.05211
2017-10-22 15:14:00+02:00,0.062908
2017-10-22 15:15:00+02:00,0.073263
2017-10-22 15:16:00+02:00,0.082442
2017-10-22 15:17:00+02:00,0.087249
2017-10-22 15:18:00+02:00,0.089126
2017-10-22 15:19:00+02:00,0.089871
2017-10-22 15:20:00+02:00,0.090535
2017-10-22 15:21:00+02:00,0.089787
2017-10-22 15:22:00+02:00,0.086932
2017-10-22 15:23:00+02:00,0.086811
2017-10-22 15:24:00+02:00,0.083702
2017-10-22 15:25:00+02:00,0.081255
2017-10-22 15:26:00+02:00,0.07853
2017-10-22 15:27:00+02:00,0.076642
2017-10-22 15:28:00+02:00,0.075164
2017-10-22 15:29:00+02:00,0.067803
2017-10-22 15:30:00+02:00,0.035354
2017-10-22 15:31:00+02:00,0.030651
2017-10-22 15:32:00+02:00,0.027261
2017-10-22 15:33:00+02:00,0.024614
2017-10-22 15:34:00+02:00,0.022555
2017-10-22 15:35:00+02:00,0.019236
2017-10-22 15:36:00+02:00,0.018321
2017-10-22 15:37:00+02:00,0.019454
2017-10-22 15:38:00+02:00,0.015935
2017-10-22 15:39:00+02:00,0.015417
2017-10-22 15:40:00+02:00,0.014956
2017-10-22 15:41:00+02:00,0.014977
2017-10-22 15:42:00+02:00,0.014663
2017-10-22 15:43:00+02:00,0.014718
2017-10-22 15:44:00+02:00,0.016052
2017-10-22 15:45:00+02:00,0.020011
2017-10-22 15:46:00+02:00,0.020735
2017-10-22 15:47:00+02:00,0.016704
2017-10-22 15:48:00+02:00,0.018505
2017-10-22 15:49:00+02:00,0.021556
2017-10-22 15:50:00+02:00,0.022204
2017-10-22 15:51:00+02:00,0.017756
2017-10-22 15:52:00+02:00,0.015717
2017-10-22 15:53:00+02:00,0.015827
2017-10-22 15:54:00+02:00,0.016306
2017-10-22 15:55:00+02:00,0.016373
2017-10-22 15:56:00+02:00,0.015879
2017-10-22 15:57:00+02:00,0.01509
2017-10-22 15:58:00+02:00,0.014056
2017-10-22 15:59:00+02:00,0.013998
2017-10-22 16:00:00+02:00,0.014962
2017-10-22 16:01:00+02:00,0.013738
2017-10-22 16:02:00+02:00,0.013743
2017-10-22 16:03:00+02:00,0.013741
2017-10-22 16:04:00+02:00,0.012071
2017-10-22 16:05:00+02:00,0.013684
2017-10-22 16:06:00+02:00,0.013452
2017-10-22 16:07:00+02:00,0.013927
2017-10-22 16:08:00+02:00,0.013848
2017-10-22 16:09:00+02:00,0.01613
2017-10-22 16:10:00+02:00,0.016375
2017-10-22 16:11:00+02:00,0.016682
2017-10-22 16:12:00+02:00,0.017331
2017-10-22 16:13:00+02:00,0.019689
2017-10-22 16:14:00+02:00,0.020211
2017-10-22 16:15:00+02:00,0.021163
2017-10-22 16:16:00+02:00,0.020651
2017-10-22 16:17:00+02:00,0.020268
2017-10-22 16:18:00+02:00,0.02109
2017-10-22 16:19:00+02:00,0.019311
2017-10-22 16:20:00+02:00,0.018027
2017-10-22 16:21:00+02:00,0.02308
2017-10-22 16:22:00+02:00,0.024737
2017-10-22 16:23:00+02:00,0.023616
2017-10-22 16:24:00+02:00,0.023621
2017-10-22 16:25:00+02:00,0.02358
2017-10-22 16:26:00+02:00,0.023465
2017-10-22 16:27:00+02:00,0.023037
2017-10-22 16:28:00+02:00,0.022043
2017-10-22 16:29:00+02:00,0.02133
2017-10-22 16:30:00+02:00,0.021633
2017-10-22 16:31:00+02:00,0.021241
2017-10-22 16:32:00+02:00,0.021993
2017-10-22 16:33:00+02:00,0.022697
2017-10-22 16:34:00+02:00,0.022793
2017-10-22 16:35:00+02:00,0.022024
2017-10-22 16:36:00+02:00,0.023079
2017-10-22 16:37:00+02:00,0.024222
2017-10-22 16:38:00+02:00,0.024398
2017-10-22 16:39:00+02:00,0.024927
2017-10-22 16:40:00+02:00,0.021046
2017-10-22 16:41:00+02:00,0.020097
2017-10-22 16:42:00+02:00,0.021009
2017-10-22 16:43:00+02:00,0.02093
2017-10-22 16:44:00+02:00,0.021011
2017-10-22 16:45:00+02:00,0.020016
2017-10-22 16:46:00+02:00,0.020457
2017-10-22 16:47:00+02:00,0.020213
2017-10-22 16:48:00+02:00,0.019115
2017-10-22 16:49:00+02:00,0.016827
2017-10-22 16:50:00+02:00,0.01729
2017-10-22 16:51:00+02:00,0.018236
2017-10-22 16:52:00+02:00,0.016991
2017-10-22 16:53:00+02:00,0.017977
2017-10-22 16:54:00+02:00,0.019754
2017-10-22 16:55:00+02:00,0.019351
2017-10-22 16:56:00+02:00,0.021329
2017-10-22 16:57:00+02:00,0.021198
2017-10-22 16:58:00+02:00,0.022221
2017-10-22 16:59:00+02:00,0.025852
2017-10-22 17:00:00+02:00,0.027495
2017-10-22 17:01:00+02:00,0.027535
2017-10-22 17:02:00+02:00,0.02723
2017-10-22 17:03:00+02:00,0.027708
2017-10-22 17:04:00+02:00,0.02453
2017-10-22 17:05:00+02:00,0.023461
2017-10-22 17:06:00+02:00,0.02298
2017-10-22 17:07:00+02:00,0.02273
2017-10-22 17:08:00+02:00,0.021825
2017-10-22 17:09:00+02:00,0.020631
2017-10-22 17:10:00+02:00,0.021334
2017-10-22 17:11:00+02:00,0.023153
2017-10-22 17:12:00+02:00,0.023245
2017-10-22 17:13:00+02:00,0.019039
2017-10-22 17:14:00+02:00,0.019892
2017-10-22 17:15:00+02:00,0.021289
2017-10-22 17:16:00+02:00,0.02187
2017-10-22 17:17:00+02:00,0.022516
2017-10-22 17:18:00+02:00,0.021888
2017-10-22 17:19:00+02:00,0.022417
2017-10-22 17:20:00+02:00,0.022689
2017-10-22 17:21:00+02:00,0.023275
2017-10-22 17:22:00+02:00,0.023381
2017-10-22 17:23:00+02:00,0.023159
2017-10-22 17:24:00+02:00,0.024265
2017-10-22 17:25:00+02:00,0.024652
2017-10-22 17:26:00+02:00,0.023269
2017-10-22 17:27:00+02:00,0.022122
2017-10-22 17:28:00+02:00,0.021781
2017-10-22 17:29:00+02:00,0.021778
2017-10-22 17:30:00+02:00,0.023124
2017-10-22 17:31:00+02:00,0.023156
2017-10-22 17:32:00+02:00,0.025428
2017-10-22 17:33:00+02:00,0.023849
2017-10-22 17:34:00+02:00,0.024215
2017-10-22 17:35:00+02:00,0.023682
2017-10-22 17:36:00+02:00,0.024727
2017-10-22 17:37:00+02:00,0.023653
2017-10-22 17:38:00+02:00,0.024117
2017-10-22 17:39:00+02:00,0.022931
2017-10-22 17:40:00+02:00,0.023172
2017-10-22 17:41:00+02:00,0.023018
2017-10-22 17:42:00+02:00,0.024718
2017-10-22 17:43:00+02:00,0.024972
2017-10-22 17:44:00+02:00,0.026377
2017-10-22 17:45:00+02:00,0.028495
2017-10-22 17:46:00+02:00,0.027368
2017-10-22 17:47:00+02:00,0.028126
2017-10-22 17:48:00+02:00,0.02733
2017-10-22 17:49:00+02:00,0.027093
2017-10-22 17:50:00+02:00,0.026366
2017-10-22 17:51:00+02:00,0.022818
2017-10-22 17:52:00+02:00,0.022735
2017-10-22 17:53:00+02:00,0.022203
2017-10-22 17:54:00+02:00,0.022447
2017-10-22 17:55:00+02:00,0.022408
2017-10-22 17:56:00+02:00,0.021094
2017-10-22 17:57:00+02:00,0.02021
2017-10-22 17:58:00+02:00,0.019258
2017-10-22 17:59:00+02:00,0.020444
2017-10-22 18:00:00+02:00,0.021298
2017-10-22 18:01:00+02:00,0.02651
2017-10-22 18:02:00+02:00,0.026867
2017-10-22 18:03:00+02:00,0.026173
2017-10-22 18:04:00+02:00,0.027937
2017-10-22 18:05:00+02:00,0.028823
2017-10-22 18:06:00+02:00,0.029794
2017-10-22 18:07:00+02:00,0.029279
2017-10-22 18:08:00+02:00,0.029738
2017-10-22 18:09:00+02:00,0.02948
2017-10-22 18:10:00+02:00,0.02789
2017-10-22 18:11:00+02:00,0.026384
2017-10-22 18:12:00+02:00,0.025862
2017-10-22 18:13:00+02:00,0.025802
2017-10-22 18:14:00+02:00,0.026009
2017-10-22 18:15:00+02:00,0.027961
2017-10-22 18:16:00+02:00,0.023985
2017-10-22 18:17:00+02:00,0.022072
2017-10-22 18:18:00+02:00,0.020513
2017-10-22 18:19:00+02:00,0.019539
2017-10-22 18:20:00+02:00,0.019923
2017-10-22 18:21:00+02:00,0.020802
2017-10-22 18:22:00+02:00,0.021298
2017-10-22 18:23:00+02:00,0.020222
2017-10-22 18:24:00+02:00,0.019419
2017-10-22 18:25:00+02:00,0.02407
2017-10-22 18:26:00+02:00,0.026822
2017-10-22 18:27:00+02:00,0.026266
2017-10-22 18:28:00+02:00,0.026622
2017-10-22 18:29:00+02:00,0.027944
2017-10-22 18:30:00+02:00,0.029615
2017-10-22 18:31:00+02:00,0.024485
2017-10-22 18:32:00+02:00,0.024304
2017-10-22 18:33:00+02:00,0.023254
2017-10-22 18:34:00+02:00,0.023244
2017-10-22 18:35:00+02:00,0.023572
2017-10-22 18:36:00+02:00,0.021999
2017-10-22 18:37:00+02:00,0.022729
2017-10-22 18:38:00+02:00,0.03026
2017-10-22 18:39:00+02:00,0.036876
2017-10-22 18:40:00+02:00,0.038112
2017-10-22 18:41:00+02:00,0.037554
2017-10-22 18:42:00+02:00,0.037088
2017-10-22 18:43:00+02:00,0.032675
2017-10-22 18:44:00+02:00,0.03217
2017-10-22 18:45:00+02:00,0.032829
2017-10-22 18:46:00+02:00,0.031744
2017-10-22 18:47:00+02:00,0.032285
2017-10-22 18:48:00+02:00,0.033089
2017-10-22 18:49:00+02:00,0.033979
2017-10-22 18:50:00+02:00,0.032236
2017-10-22 18:51:00+02:00,0.031289
2017-10-22 18:52:00+02:00,0.03145
2017-10-22 18:53:00+02:00,0.03154
2017-10-22 18:54:00+02:00,0.030243
2017-10-22 18:55:00+02:00,0.030617
2017-10-22 18:56:00+02:00,0.031389
2017-10-22 18:57:00+02:00,0.029359
2017-10-22 18:58:00+02:00,0.033182
2017-10-22 18:59:00+02:00,0.033716
2017-10-22 19:00:00+02:00,0.039205
2017-10-22 19:01:00+02:00,0.041925
2017-10-22 19:02:00+02:00,0.040226
2017-10-22 19:03:00+02:00,0.038488
2017-10-22 19:04:00+02:00,0.036622
2017-10-22 19:05:00+02:00,0.031183
2017-10-22 19:06:00+02:00,0.031358
2017-10-22 19:07:00+02:00,0.03359
2017-10-22 19:08:00+02:00,0.034098
2017-10-22 19:09:00+02:00,0.031708
2017-10-22 19:10:00+02:00,0.029954
2017-10-22 19:11:00+02:00,0.029111
2017-10-22 19:12:00+02:00,0.029096
2017-10-22 19:13:00+02:00,0.027274
2017-10-22 19:14:00+02:00,0.026399
2017-10-22 19:15:00+02:00,0.028379
2017-10-22 19:16:00+02:00,0.027931
2017-10-22 19:17:00+02:00,0.032057
2017-10-22 19:18:00+02:00,0.031915
2017-10-22 19:19:00+02:00,0.031417
2017-10-22 19:20:00+02:00,0.03007
2017-10-22 19:21:00+02:00,0.032757
2017-10-22 19:22:00+02:00,0.033424
2017-10-22 19:23:00+02:00,0.033264
2017-10-22 19:24:00+02:00,0.033225
2017-10-22 19:25:00+02:00,0.031954
2017-10-22 19:26:00+02:00,0.02934
2017-10-22 19:27:00+02:00,0.029748
2017-10-22 19:28:00+02:00,0.037199
2017-10-22 19:29:00+02:00,0.036662
2017-10-22 19:30:00+02:00,0.040372
2017-10-22 19:31:00+02:00,0.041004
2017-10-22 19:32:00+02:00,0.039009
2017-10-22 19:33:00+02:00,0.038169
2017-10-22 19:34:00+02:00,0.03717
2017-10-22 19:35:00+02:00,0.037677
2017-10-22 19:36:00+02:00,0.035828
2017-10-22 19:37:00+02:00,0.031604
2017-10-22 19:38:00+02:00,0.032508
2017-10-22 19:39:00+02:00,0.033704
2017-10-22 19:40:00+02:00,0.033506
2017-10-22 19:41:00+02:00,0.033628
2017-10-22 19:42:00+02:00,0.03212
2017-10-22 19:43:00+02:00,0.030692
2017-10-22 19:44:00+02:00,0.029877
2017-10-22 19:45:00+02:00,0.029539
2017-10-22 19:46:00+02:00,0.03014
2017-10-22 19:47:00+02:00,0.029855
2017-10-22 19:48:00+02:00,0.034459
2017-10-22 19:49:00+02:00,0.035992
2017-10-22 19:50:00+02:00,0.035137
2017-10-22 19:51:00+02:00,0.032707
2017-10-22 19:52:00+02:00,0.029796
2017-10-22 19:53:00+02:00,0.030973
2017-10-22 19:54:00+02:00,0.030707
2017-10-22 19:55:00+02:00,0.031468
2017-10-22 19:56:00+02:00,0.030976
2017-10-22 19:57:00+02:00,0.029627
2017-10-22 19:58:00+02:00,0.028681
2017-10-22 19:59:00+02:00,0.030249
2017-10-22 20:00:00+02:00,0.031726
2017-10-22 20:01:00+02:00,0.031074
2017-10-22 20:02:00+02:00,0.031508
2017-10-22 20:03:00+02:00,0.03
2017-10-22 20:04:00+02:00,0.027512
2017-10-22 20:05:00+02:00,0.026622
2017-10-22 20:06:00+02:00,0.026412
2017-10-22 20:07:00+02:00,0.026327
2017-10-22 20:08:00+02:00,0.027625
2017-10-22 20:09:00+02:00,0.027178
2017-10-22 20:10:00+02:00,0.02685
2017-10-22 20:11:00+02:00,0.026487
2017-10-22 20:12:00+02:00,0.029416
2017-10-22 20:13:00+02:00,0.031257
2017-10-22 20:14:00+02:00,0.035131
2017-10-22 20:15:00+02:00,0.033185
2017-10-22 20:16:00+02:00,0.035158
2017-10-22 20:17:00+02:00,0.032895
2017-10-22 20:18:00+02:00,0.031582
2017-10-22 20:19:00+02:00,0.03255
2017-10-22 20:20:00+02:00,0.031924
2017-10-22 20:21:00+02:00,0.032663
2017-10-22 20:22:00+02:00,0.03516
2017-10-22 20:23:00+02:00,0.033656
2017-10-22 20:24:00+02:00,0.034426
2017-10-22 20:25:00+02:00,0.029461
2017-10-22 20:26:00+02:00,0.028255
2017-10-22 20:27:00+02:00,0.026716
2017-10-22 20:28:00+02:00,0.028546
2017-10-22 20:29:00+02:00,0.027178
2017-10-22 20:30:00+02:00,0.026199
2017-10-22 20:31:00+02:00,0.027743
2017-10-22 20:32:00+02:00,0.027047
2017-10-22 20:33:00+02:00,0.029239
2017-10-22 20:34:00+02:00,0.031157
2017-10-22 20:35:00+02:00,0.03014
2017-10-22 20:36:00+02:00,0.03446
2017-10-22 20:37:00+02:00,0.034059
2017-10-22 20:38:00+02:00,0.033466
2017-10-22 20:39:00+02:00,0.03375
2017-10-22 20:40:00+02:00,0.030614
2017-10-22 20:41:00+02:00,0.029629
2017-10-22 20:42:00+02:00,0.026595
2017-10-22 20:43:00+02:00,0.026917
2017-10-22 20:44:00+02:00,0.026177
2017-10-22 20:45:00+02:00,0.02516
2017-10-22 20:46:00+02:00,0.02379
2017-10-22 20:47:00+02:00,0.026299
2017-10-22 20:48:00+02:00,0.026694
2017-10-22 20:49:00+02:00,0.027066
2017-10-22 20:50:00+02:00,0.027557
2017-10-22 20:51:00+02:00,0.029976
2017-10-22 20:52:00+02:00,0.031205
2017-10-22 20:53:00+02:00,0.030778
2017-10-22 20:54:00+02:00,0.031006
2017-10-22 20:55:00+02:00,0.036877
2017-10-22 20:56:00+02:00,0.036492
2017-10-22 20:57:00+02:00,0.035309
2017-10-22 20:58:00+02:00,0.033394
2017-10-22 20:59:00+02:00,0.032843
2017-10-22 21:00:00+02:00,0.033296
2017-10-22 21:01:00+02:00,0.034934
2017-10-22 21:02:00+02:00,0.03544
2017-10-22 21:03:00+02:00,0.032434
2017-10-22 21:04:00+02:00,0.032507
2017-10-22 21:05:00+02:00,0.030801
2017-10-22 21:06:00+02:00,0.030707
2017-10-22 21:07:00+02:00,0.031564
2017-10-22 21:08:00+02:00,0.037617
2017-10-22 21:09:00+02:00,0.037006
2017-10-22 21:10:00+02:00,0.037713
2017-10-22 21:11:00+02:00,0.038101
2017-10-22 21:12:00+02:00,0.038969
2017-10-22 21:13:00+02:00,0.040653
2017-10-22 21:14:00+02:00,0.037005
2017-10-22 21:15:00+02:00,0.034537
2017-10-22 21:16:00+02:00,0.035381
2017-10-22 21:17:00+02:00,0.036068
2017-10-22 21:18:00+02:00,0.037109
2017-10-22 21:19:00+02:00,0.039373
2017-10-22 21:20:00+02:00,0.040007
2017-10-22 21:21:00+02:00,0.034336
2017-10-22 21:22:00+02:00,0.032663
2017-10-22 21:23:00+02:00,0.033117
2017-10-22 21:24:00+02:00,0.034816
2017-10-22 21:25:00+02:00,0.035153
2017-10-22 21:26:00+02:00,0.033659
2017-10-22 21:27:00+02:00,0.034208
2017-10-22 21:28:00+02:00,0.033131
2017-10-22 21:29:00+02:00,0.031966
2017-10-22 21:30:00+02:00,0.033829
2017-10-22 21:31:00+02:00,0.032537
2017-10-22 21:32:00+02:00,0.033121
2017-10-22 21:33:00+02:00,0.033271
2017-10-22 21:34:00+02:00,0.030352
2017-10-22 21:35:00+02:00,0.028658
2017-10-22 21:36:00+02:00,0.024692
2017-10-22 21:37:00+02:00,0.024878
2017-10-22 21:38:00+02:00,0.028837
2017-10-22 21:39:00+02:00,0.029935
2017-10-22 21:40:00+02:00,0.028878
2017-10-22 21:41:00+02:00,0.028105
2017-10-22 21:42:00+02:00,0.030427
2017-10-22 21:43:00+02:00,0.031365
2017-10-22 21:44:00+02:00,0.030625
2017-10-22 21:45:00+02:00,0.031445
2017-10-22 21:46:00+02:00,0.028418
2017-10-22 21:47:00+02:00,0.026487
2017-10-22 21:48:00+02:00,0.025962
2017-10-22 21:49:00+02:00,0.025045
2017-10-22 21:50:00+02:00,0.022684
2017-10-22 21:51:00+02:00,0.024924
2017-10-22 21:52:00+02:00,0.021553
2017-10-22 21:53:00+02:00,0.02024
2017-10-22 21:54:00+02:00,0.023095
2017-10-22 21:55:00+02:00,0.022819
2017-10-22 21:56:00+02:00,0.022537
2017-10-22 21:57:00+02:00,0.023097
2017-10-22 21:58:00+02:00,0.021903
2017-10-22 21:59:00+02:00,0.027938
2017-10-22 22:00:00+02:00,0.029371
2017-10-22 22:01:00+02:00,0.029388
2017-10-22 22:02:00+02:00,0.030235
2017-10-22 22:03:00+02:00,0.03078
2017-10-22 22:04:00+02:00,0.029672
2017-10-22 22:05:00+02:00,0.029483
2017-10-22 22:06:00+02:00,0.023364
2017-10-22 22:07:00+02:00,0.023941
2017-10-22 22:08:00+02:00,0.025648
2017-10-22 22:09:00+02:00,0.023668
2017-10-22 22:10:00+02:00,0.023104
2017-10-22 22:11:00+02:00,0.022932
2017-10-22 22:12:00+02:00,0.021357
2017-10-22 22:13:00+02:00,0.022154
2017-10-22 22:14:00+02:00,0.020999
2017-10-22 22:15:00+02:00,0.020616
2017-10-22 22:16:00+02:00,0.018842
2017-10-22 22:17:00+02:00,0.019152
2017-10-22 22:18:00+02:00,0.019093
2017-10-22 22:19:00+02:00,0.018227
2017-10-22 22:20:00+02:00,0.017906
2017-10-22 22:21:00+02:00,0.020254
2017-10-22 22:22:00+02:00,0.020142
2017-10-22 22:23:00+02:00,0.021265
2017-10-22 22:24:00+02:00,0.022489
2017-10-22 22:25:00+02:00,0.024071
2017-10-22 22:26:00+02:00,0.027256
2017-10-22 22:27:00+02:00,0.025005
2017-10-22 22:28:00+02:00,0.024063
2017-10-22 22:29:00+02:00,0.02431
2017-10-22 22:30:00+02:00,0.023272
2017-10-22 22:31:00+02:00,0.02323
2017-10-22 22:32:00+02:00,0.022848
2017-10-22 22:33:00+02:00,0.02322
2017-10-22 22:34:00+02:00,0.024523
2017-10-22 22:35:00+02:00,0.02286
2017-10-22 22:36:00+02:00,0.020162
2017-10-22 22:37:00+02:00,0.021128
2017-10-22 22:38:00+02:00,0.020314
2017-10-22 22:39:00+02:00,0.022414
2017-10-22 22:40:00+02:00,0.021618
2017-10-22 22:41:00+02:00,0.022319
2017-10-22 22:42:00+02:00,0.021775
2017-10-22 22:43:00+02:00,0.020958
2017-10-22 22:44:00+02:00,0.020116
2017-10-22 22:45:00+02:00,0.019253
2017-10-22 22:46:00+02:00,0.019062
2017-10-22 22:47:00+02:00,0.019847
2017-10-22 22:48:00+02:00,0.020556
2017-10-22 22:49:00+02:00,0.020903
2017-10-22 22:50:00+02:00,0.019636
2017-10-22 22:51:00+02:00,0.018525
2017-10-22 22:52:00+02:00,0.018495
2017-10-22 22:53:00+02:00,0.017624
2017-10-22 22:54:00+02:00,0.017459
2017-10-22 22:55:00+02:00,0.018645
2017-10-22 22:56:00+02:00,0.020189
2017-10-22 22:57:00+02:00,0.019532
2017-10-22 22:58:00+02:00,0.02
2017-10-22 22:59:00+02:00,0.018297
2017-10-22 23:00:00+02:00,0.017462
2017-10-22 23:01:00+02:00,0.020458
2017-10-22 23:02:00+02:00,0.022725
2017-10-22 23:03:00+02:00,0.022296
2017-10-22 23:04:00+02:00,0.02209
2017-10-22 23:05:00+02:00,0.022548
2017-10-22 23:06:00+02:00,0.023388
2017-10-22 23:07:00+02:00,0.021409
2017-10-22 23:08:00+02:00,0.018547
2017-10-22 23:09:00+02:00,0.01864
2017-10-22 23:10:00+02:00,0.017952
2017-10-22 23:11:00+02:00,0.017716
2017-10-22 23:12:00+02:00,0.020681
2017-10-22 23:13:00+02:00,0.018189
2017-10-22 23:14:00+02:00,0.017789
2017-10-22 23:15:00+02:00,0.0172
2017-10-22 23:16:00+02:00,0.017435
2017-10-22 23:17:00+02:00,0.017908
2017-10-22 23:18:00+02:00,0.017635
2017-10-22 23:19:00+02:00,0.017198
2017-10-22 23:20:00+02:00,0.015625
2017-10-22 23:21:00+02:00,0.016031
2017-10-22 23:22:00+02:00,0.015799
2017-10-22 23:23:00+02:00,0.014702
2017-10-22 23:24:00+02:00,0.015098
2017-10-22 23:25:00+02:00,0.015736
2017-10-22 23:26:00+02:00,0.015566
2017-10-22 23:27:00+02:00,0.015151
2017-10-22 23:28:00+02:00,0.016865
2017-10-22 23:29:00+02:00,0.017494
2017-10-22 23:30:00+02:00,0.015597
2017-10-22 23:31:00+02:00,0.015338
2017-10-22 23:32:00+02:00,0.015719
2017-10-22 23:33:00+02:00,0.015132
2017-10-22 23:34:00+02:00,0.015079
2017-10-22 23:35:00+02:00,0.015797
2017-10-22 23:36:00+02:00,0.015828
2017-10-22 23:37:00+02:00,0.015171
2017-10-22 23:38:00+02:00,0.01576
2017-10-22 23:39:00+02:00,0.015247
2017-10-22 23:40:00+02:00,0.014966
2017-10-22 23:41:00+02:00,0.014425
2017-10-22 23:42:00+02:00,0.014076
2017-10-22 23:43:00+02:00,0.013286
2017-10-22 23:44:00+02:00,0.0122
2017-10-22 23:45:00+02:00,0.013499
2017-10-22 23:46:00+02:00,0.017531
2017-10-22 23:47:00+02:00,0.02168
2017-10-22 23:48:00+02:00,0.022109
2017-10-22 23:49:00+02:00,0.022415
2017-10-22 23:50:00+02:00,0.01773
2017-10-22 23:51:00+02:00,0.014091
2017-10-22 23:52:00+02:00,0.014093
2017-10-22 23:53:00+02:00,0.013259
2017-10-22 23:54:00+02:00,0.012636
2017-10-22 23:55:00+02:00,0.012552
2017-10-22 23:56:00+02:00,0.01265
2017-10-22 23:57:00+02:00,0.012459
2017-10-22 23:58:00+02:00,0.012826
2017-10-22 23:59:00+02:00,0.012337
2017-10-23 00:00:00+02:00,0.013048
2017-10-23 00:01:00+02:00,0.012845
2017-10-23 00:02:00+02:00,0.013063
2017-10-23 00:03:00+02:00,0.012319
2017-10-23 00:04:00+02:00,0.012648
2017-10-23 00:05:00+02:00,0.012979
2017-10-23 00:06:00+02:00,0.014141
2017-10-23 00:07:00+02:00,0.013862
2017-10-23 00:08:00+02:00,0.014282
2017-10-23 00:09:00+02:00,0.01369
2017-10-23 00:10:00+02:00,0.011544
2017-10-23 00:11:00+02:00,0.011313
2017-10-23 00:12:00+02:00,0.01101
2017-10-23 00:13:00+02:00,0.010349
2017-10-23 00:14:00+02:00,0.009493
2017-10-23 00:15:00+02:00,0.010725
2017-10-23 00:16:00+02:00,0.010487
2017-10-23 00:17:00+02:00,0.009881
2017-10-23 00:18:00+02:00,0.009188
2017-10-23 00:19:00+02:00,0.008923
2017-10-23 00:20:00+02:00,0.008612
2017-10-23 00:21:00+02:00,0.011019
2017-10-23 00:22:00+02:00,0.012346
2017-10-23 00:23:00+02:00,0.010871
2017-10-23 00:24:00+02:00,0.012304
2017-10-23 00:25:00+02:00,0.012597
2017-10-23 00:26:00+02:00,0.012486
2017-10-23 00:27:00+02:00,0.013498
2017-10-23 00:28:00+02:00,0.014081
2017-10-23 00:29:00+02:00,0.013863
2017-10-23 00:30:00+02:00,0.013193
2017-10-23 00:31:00+02:00,0.013261
2017-10-23 00:32:00+02:00,0.014032
2017-10-23 00:33:00+02:00,0.013638
2017-10-23 00:34:00+02:00,0.014066
2017-10-23 00:35:00+02:00,0.013925
2017-10-23 00:36:00+02:00,0.013117
2017-10-23 00:37:00+02:00,0.012645
2017-10-23 00:38:00+02:00,0.014579
2017-10-23 00:39:00+02:00,0.012327
2017-10-23 00:40:00+02:00,0.011497
2017-10-23 00:41:00+02:00,0.011115
2017-10-23 00:42:00+02:00,0.01004
2017-10-23 00:43:00+02:00,0.008931
2017-10-23 00:44:00+02:00,0.010757
2017-10-23 00:45:00+02:00,0.012694
2017-10-23 00:46:00+02:00,0.013105
2017-10-23 00:47:00+02:00,0.012971
2017-10-23 00:48:00+02:00,0.01135
2017-10-23 00:49:00+02:00,0.012798
2017-10-23 00:50:00+02:00,0.012754
2017-10-23 00:51:00+02:00,0.014559
2017-10-23 00:52:00+02:00,0.013969
2017-10-23 00:53:00+02:00,0.012379
2017-10-23 00:54:00+02:00,0.011845
2017-10-23 00:55:00+02:00,0.012088
2017-10-23 00:56:00+02:00,0.012389
2017-10-23 00:57:00+02:00,0.012982
2017-10-23 00:58:00+02:00,0.013155
2017-10-23 00:59:00+02:00,0.012331
2017-10-23 01:00:00+02:00,0.012278
2017-10-23 01:01:00+02:00,0.012159
2017-10-23 01:02:00+02:00,0.012876
2017-10-23 01:03:00+02:00,0.011922
2017-10-23 01:04:00+02:00,0.01162
2017-10-23 01:05:00+02:00,0.012586
2017-10-23 01:06:00+02:00,0.013088
2017-10-23 01:07:00+02:00,0.014387
2017-10-23 01:08:00+02:00,0.014726
2017-10-23 01:09:00+02:00,0.013124
2017-10-23 01:10:00+02:00,0.01152
2017-10-23 01:11:00+02:00,0.011822
2017-10-23 01:12:00+02:00,0.011573
2017-10-23 01:13:00+02:00,0.010467
2017-10-23 01:14:00+02:00,0.01228
2017-10-23 01:15:00+02:00,0.013216
2017-10-23 01:16:00+02:00,0.007983
2017-10-23 01:17:00+02:00,0.005898
2017-10-23 01:18:00+02:00,0.005595
2017-10-23 01:19:00+02:00,0.004813
2017-10-23 01:20:00+02:00,0.005118
2017-10-23 01:21:00+02:00,0.005315
2017-10-23 01:22:00+02:00,0.004714
2017-10-23 01:23:00+02:00,0.00529
2017-10-23 01:24:00+02:00,0.006119
2017-10-23 01:25:00+02:00,0.006407
2017-10-23 01:26:00+02:00,0.007036
2017-10-23 01:27:00+02:00,0.007205
2017-10-23 01:28:00+02:00,0.00724
2017-10-23 01:29:00+02:00,0.007371
2017-10-23 01:30:00+02:00,0.007438
2017-10-23 01:31:00+02:00,0.007549
2017-10-23 01:32:00+02:00,0.006717
2017-10-23 01:33:00+02:00,0.006992
2017-10-23 01:34:00+02:00,0.007123
2017-10-23 01:35:00+02:00,0.005744
2017-10-23 01:36:00+02:00,0.005886
2017-10-23 01:37:00+02:00,0.005786
2017-10-23 01:38:00+02:00,0.005942
2017-10-23 01:39:00+02:00,0.005845
2017-10-23 01:40:00+02:00,0.006813
2017-10-23 01:41:00+02:00,0.007231
2017-10-23 01:42:00+02:00,0.006558
2017-10-23 01:43:00+02:00,0.006437
2017-10-23 01:44:00+02:00,0.007137
2017-10-23 01:45:00+02:00,0.007415
2017-10-23 01:46:00+02:00,0.007888
2017-10-23 01:47:00+02:00,0.008039
2017-10-23 01:48:00+02:00,0.008914
2017-10-23 01:49:00+02:00,0.008976
2017-10-23 01:50:00+02:00,0.009739
2017-10-23 01:51:00+02:00,0.010285
2017-10-23 01:52:00+02:00,0.009975
2017-10-23 01:53:00+02:00,0.008753
2017-10-23 01:54:00+02:00,0.009417
2017-10-23 01:55:00+02:00,0.008956
2017-10-23 01:56:00+02:00,0.008687
2017-10-23 01:57:00+02:00,0.00856
2017-10-23 01:58:00+02:00,0.008214
2017-10-23 01:59:00+02:00,0.008029
2017-10-23 02:00:00+02:00,0.007646
2017-10-23 02:01:00+02:00,0.007358
2017-10-23 02:02:00+02:00,0.007265
2017-10-23 02:03:00+02:00,0.007814
2017-10-23 02:04:00+02:00,0.00867
2017-10-23 02:05:00+02:00,0.008575
2017-10-23 02:06:00+02:00,0.008162
2017-10-23 02:07:00+02:00,0.008007
2017-10-23 02:08:00+02:00,0.008204
2017-10-23 02:09:00+02:00,0.008934
2017-10-23 02:10:00+02:00,0.010349
2017-10-23 02:11:00+02:00,0.010176
2017-10-23 02:12:00+02:00,0.009956
2017-10-23 02:13:00+02:00,0.010202
2017-10-23 02:14:00+02:00,0.009571
2017-10-23 02:15:00+02:00,0.008966
2017-10-23 02:16:00+02:00,0.009305
2017-10-23 02:17:00+02:00,0.007784
2017-10-23 02:18:00+02:00,0.006512
2017-10-23 02:19:00+02:00,0.005678
2017-10-23 02:20:00+02:00,0.00562
2017-10-23 02:21:00+02:00,0.005842
2017-10-23 02:22:00+02:00,0.006223
2017-10-23 02:23:00+02:00,0.006092
2017-10-23 02:24:00+02:00,0.007095
2017-10-23 02:25:00+02:00,0.006636
2017-10-23 02:26:00+02:00,0.006555
2017-10-23 02:27:00+02:00,0.007688
2017-10-23 02:28:00+02:00,0.00788
2017-10-23 02:29:00+02:00,0.008698
2017-10-23 02:30:00+02:00,0.00833
2017-10-23 02:31:00+02:00,0.007777
2017-10-23 02:32:00+02:00,0.007832
2017-10-23 02:33:00+02:00,0.008159
2017-10-23 02:34:00+02:00,0.008325
2017-10-23 02:35:00+02:00,0.008746
2017-10-23 02:36:00+02:00,0.008683
2017-10-23 02:37:00+02:00,0.00853
2017-10-23 02:38:00+02:00,0.006729
2017-10-23 02:39:00+02:00,0.012668
2017-10-23 02:40:00+02:00,0.014047
2017-10-23 02:41:00+02:00,0.014695
2017-10-23 02:42:00+02:00,0.015664
2017-10-23 02:43:00+02:00,0.015732
2017-10-23 02:44:00+02:00,0.012734
2017-10-23 02:45:00+02:00,0.009399
2017-10-23 02:46:00+02:00,0.009168
2017-10-23 02:47:00+02:00,0.008901
2017-10-23 02:48:00+02:00,0.008922
2017-10-23 02:49:00+02:00,0.009066
2017-10-23 02:50:00+02:00,0.00875
2017-10-23 02:51:00+02:00,0.008319
2017-10-23 02:52:00+02:00,0.008286
2017-10-23 02:53:00+02:00,0.008062
2017-10-23 02:54:00+02:00,0.007664
2017-10-23 02:55:00+02:00,0.007802
2017-10-23 02:56:00+02:00,0.00822
2017-10-23 02:57:00+02:00,0.00775
2017-10-23 02:58:00+02:00,0.007166
2017-10-23 02:59:00+02:00,0.007592
2017-10-23 03:00:00+02:00,0.008263
2017-10-23 03:01:00+02:00,0.009774
2017-10-23 03:02:00+02:00,0.010621
2017-10-23 03:03:00+02:00,0.011118
2017-10-23 03:04:00+02:00,0.011528
2017-10-23 03:05:00+02:00,0.010623
2017-10-23 03:06:00+02:00,0.010859
2017-10-23 03:07:00+02:00,0.010675
2017-10-23 03:08:00+02:00,0.010668
2017-10-23 03:09:00+02:00,0.009797
2017-10-23 03:10:00+02:00,0.009882
2017-10-23 03:11:00+02:00,0.010116
2017-10-23 03:12:00+02:00,0.01145
2017-10-23 03:13:00+02:00,0.01204
2017-10-23 03:14:00+02:00,0.011371
2017-10-23 03:15:00+02:00,0.010913
2017-10-23 03:16:00+02:00,0.010538
2017-10-23 03:17:00+02:00,0.010262
2017-10-23 03:18:00+02:00,0.009202
2017-10-23 03:19:00+02:00,0.009206
2017-10-23 03:20:00+02:00,0.00855
2017-10-23 03:21:00+02:00,0.008128
2017-10-23 03:22:00+02:00,0.008304
2017-10-23 03:23:00+02:00,0.009052
2017-10-23 03:24:00+02:00,0.009262
2017-10-23 03:25:00+02:00,0.009503
2017-10-23 03:26:00+02:00,0.010447
2017-10-23 03:27:00+02:00,0.010242
2017-10-23 03:28:00+02:00,0.009555
2017-10-23 03:29:00+02:00,0.009699
2017-10-23 03:30:00+02:00,0.010368
2017-10-23 03:31:00+02:00,0.009075
2017-10-23 03:32:00+02:00,0.010292
2017-10-23 03:33:00+02:00,0.009905
2017-10-23 03:34:00+02:00,0.009038
2017-10-23 03:35:00+02:00,0.009485
2017-10-23 03:36:00+02:00,0.009541
2017-10-23 03:37:00+02:00,0.009058
2017-10-23 03:38:00+02:00,0.009171
2017-10-23 03:39:00+02:00,0.009601
2017-10-23 03:40:00+02:00,0.010707
2017-10-23 03:41:00+02:00,0.011562
2017-10-23 03:42:00+02:00,0.011877
2017-10-23 03:43:00+02:00,0.011177
2017-10-23 03:44:00+02:00,0.010979
2017-10-23 03:45:00+02:00,0.010202
2017-10-23 03:46:00+02:00,0.01089
2017-10-23 03:47:00+02:00,0.009844
2017-10-23 03:48:00+02:00,0.009981
2017-10-23 03:49:00+02:00,0.009679
2017-10-23 03:50:00+02:00,0.00946
2017-10-23 03:51:00+02:00,0.009773
2017-10-23 03:52:00+02:00,0.010013
2017-10-23 03:53:00+02:00,0.009324
2017-10-23 03:54:00+02:00,0.008941
2017-10-23 03:55:00+02:00,0.009224
2017-10-23 03:56:00+02:00,0.008765
2017-10-23 03:57:00+02:00,0.008349
2017-10-23 03:58:00+02:00,0.008284
2017-10-23 03:59:00+02:00,0.009235
2017-10-23 04:00:00+02:00,0.00966
2017-10-23 04:01:00+02:00,0.008969
2017-10-23 04:02:00+02:00,0.008865
2017-10-23 04:03:00+02:00,0.008915
2017-10-23 04:04:00+02:00,0.008946
2017-10-23 04:05:00+02:00,0.009022
2017-10-23 04:06:00+02:00,0.00928
2017-10-23 04:07:00+02:00,0.008958
2017-10-23 04:08:00+02:00,0.008966
2017-10-23 04:09:00+02:00,0.009239
2017-10-23 04:10:00+02:00,0.010197
2017-10-23 04:11:00+02:00,0.010421
2017-10-23 04:12:00+02:00,0.0114
2017-10-23 04:13:00+02:00,0.011068
2017-10-23 04:14:00+02:00,0.01114
2017-10-23 04:15:00+02:00,0.011177
2017-10-23 04:16:00+02:00,0.01048
2017-10-23 04:17:00+02:00,0.011208
2017-10-23 04:18:00+02:00,0.011529
2017-10-23 04:19:00+02:00,0.010528
2017-10-23 04:20:00+02:00,0.011408
2017-10-23 04:21:00+02:00,0.011702
2017-10-23 04:22:00+02:00,0.011869
2017-10-23 04:23:00+02:00,0.011282
2017-10-23 04:24:00+02:00,0.011072
2017-10-23 04:25:00+02:00,0.012172
2017-10-23 04:26:00+02:00,0.011087
2017-10-23 04:27:00+02:00,0.010693
2017-10-23 04:28:00+02:00,0.010397
2017-10-23 04:29:00+02:00,0.009907
2017-10-23 04:30:00+02:00,0.009721
2017-10-23 04:31:00+02:00,0.010238
2017-10-23 04:32:00+02:00,0.010132
2017-10-23 04:33:00+02:00,0.009932
2017-10-23 04:34:00+02:00,0.010533
2017-10-23 04:35:00+02:00,0.01055
2017-10-23 04:36:00+02:00,0.010359
2017-10-23 04:37:00+02:00,0.010075
2017-10-23 04:38:00+02:00,0.009841
2017-10-23 04:39:00+02:00,0.009529
2017-10-23 04:40:00+02:00,0.00921
2017-10-23 04:41:00+02:00,0.008336
2017-10-23 04:42:00+02:00,0.008559
2017-10-23 04:43:00+02:00,0.008613
2017-10-23 04:44:00+02:00,0.009026
2017-10-23 04:45:00+02:00,0.009105
2017-10-23 04:46:00+02:00,0.009084
2017-10-23 04:47:00+02:00,0.009721
2017-10-23 04:48:00+02:00,0.00967
2017-10-23 04:49:00+02:00,0.009725
2017-10-23 04:50:00+02:00,0.009798
2017-10-23 04:51:00+02:00,0.010299
2017-10-23 04:52:00+02:00,0.010603
2017-10-23 04:53:00+02:00,0.010874
2017-10-23 04:54:00+02:00,0.01162
2017-10-23 04:55:00+02:00,0.011748
2017-10-23 04:56:00+02:00,0.01143
2017-10-23 04:57:00+02:00,0.010408
2017-10-23 04:58:00+02:00,0.010157
2017-10-23 04:59:00+02:00,0.014473
2017-10-23 05:00:00+02:00,0.018944
2017-10-23 05:01:00+02:00,0.019661
2017-10-23 05:02:00+02:00,0.020432
2017-10-23 05:03:00+02:00,0.020151
2017-10-23 05:04:00+02:00,0.017881
2017-10-23 05:05:00+02:00,0.013086
2017-10-23 05:06:00+02:00,0.012911
2017-10-23 05:07:00+02:00,0.012976
2017-10-23 05:08:00+02:00,0.01263
2017-10-23 05:09:00+02:00,0.013094
2017-10-23 05:10:00+02:00,0.013796
2017-10-23 05:11:00+02:00,0.013948
2017-10-23 05:12:00+02:00,0.013542
2017-10-23 05:13:00+02:00,0.013572
2017-10-23 05:14:00+02:00,0.013182
2017-10-23 05:15:00+02:00,0.01302
2017-10-23 05:16:00+02:00,0.012876
2017-10-23 05:17:00+02:00,0.012172
2017-10-23 05:18:00+02:00,0.012541
2017-10-23 05:19:00+02:00,0.013242
2017-10-23 05:20:00+02:00,0.014382
2017-10-23 05:21:00+02:00,0.015402
2017-10-23 05:22:00+02:00,0.015842
2017-10-23 05:23:00+02:00,0.01523
2017-10-23 05:24:00+02:00,0.015451
2017-10-23 05:25:00+02:00,0.016912
2017-10-23 05:26:00+02:00,0.016061
2017-10-23 05:27:00+02:00,0.016719
2017-10-23 05:28:00+02:00,0.017208
2017-10-23 05:29:00+02:00,0.018182
2017-10-23 05:30:00+02:00,0.018863
2017-10-23 05:31:00+02:00,0.01837
2017-10-23 05:32:00+02:00,0.017959
2017-10-23 05:33:00+02:00,0.017811
2017-10-23 05:34:00+02:00,0.017934
2017-10-23 05:35:00+02:00,0.017617
2017-10-23 05:36:00+02:00,0.018092
2017-10-23 05:37:00+02:00,0.01811
2017-10-23 05:38:00+02:00,0.018107
2017-10-23 05:39:00+02:00,0.01811
2017-10-23 05:40:00+02:00,0.019105
2017-10-23 05:41:00+02:00,0.019184
2017-10-23 05:42:00+02:00,0.019642
2017-10-23 05:43:00+02:00,0.019302
2017-10-23 05:44:00+02:00,0.019343
2017-10-23 05:45:00+02:00,0.018861
2017-10-23 05:46:00+02:00,0.019096
2017-10-23 05:47:00+02:00,0.019185
2017-10-23 05:48:00+02:00,0.020466
2017-10-23 05:49:00+02:00,0.019961
2017-10-23 05:50:00+02:00,0.019537
2017-10-23 05:51:00+02:00,0.020819
2017-10-23 05:52:00+02:00,0.022253
2017-10-23 05:53:00+02:00,0.022257
2017-10-23 05:54:00+02:00,0.021128
2017-10-23 05:55:00+02:00,0.019214
2017-10-23 05:56:00+02:00,0.019036
2017-10-23 05:57:00+02:00,0.020584
2017-10-23 05:58:00+02:00,0.021962
2017-10-23 05:59:00+02:00,0.021178
2017-10-23 06:00:00+02:00,0.020801
2017-10-23 06:01:00+02:00,0.021171
2017-10-23 06:02:00+02:00,0.021532
2017-10-23 06:03:00+02:00,0.020444
2017-10-23 06:04:00+02:00,0.02044
2017-10-23 06:05:00+02:00,0.02024
2017-10-23 06:06:00+02:00,0.020862
2017-10-23 06:07:00+02:00,0.021082
2017-10-23 06:08:00+02:00,0.020896
2017-10-23 06:09:00+02:00,0.021711
2017-10-23 06:10:00+02:00,0.022273
2017-10-23 06:11:00+02:00,0.021803
2017-10-23 06:12:00+02:00,0.021358
2017-10-23 06:13:00+02:00,0.020704
2017-10-23 06:14:00+02:00,0.020387
2017-10-23 06:15:00+02:00,0.020157
2017-10-23 06:16:00+02:00,0.020257
2017-10-23 06:17:00+02:00,0.021034
2017-10-23 06:18:00+02:00,0.020702
2017-10-23 06:19:00+02:00,0.020929
2017-10-23 06:20:00+02:00,0.021361
2017-10-23 06:21:00+02:00,0.021727
2017-10-23 06:22:00+02:00,0.021396
2017-10-23 06:23:00+02:00,0.021467
2017-10-23 06:24:00+02:00,0.021061
2017-10-23 06:25:00+02:00,0.021331
2017-10-23 06:26:00+02:00,0.022073
2017-10-23 06:27:00+02:00,0.02278
2017-10-23 06:28:00+02:00,0.023593
2017-10-23 06:29:00+02:00,0.023288
2017-10-23 06:30:00+02:00,0.023355
2017-10-23 06:31:00+02:00,0.022843
2017-10-23 06:32:00+02:00,0.02291
2017-10-23 06:33:00+02:00,0.023021
2017-10-23 06:34:00+02:00,0.022686
2017-10-23 06:35:00+02:00,0.022458
2017-10-23 06:36:00+02:00,0.02265
2017-10-23 06:37:00+02:00,0.023378
2017-10-23 06:38:00+02:00,0.022669
2017-10-23 06:39:00+02:00,0.022051
2017-10-23 06:40:00+02:00,0.023097
2017-10-23 06:41:00+02:00,0.023211
2017-10-23 06:42:00+02:00,0.02367
2017-10-23 06:43:00+02:00,0.024334
2017-10-23 06:44:00+02:00,0.024114
2017-10-23 06:45:00+02:00,0.02398
2017-10-23 06:46:00+02:00,0.023751
2017-10-23 06:47:00+02:00,0.023298
2017-10-23 06:48:00+02:00,0.023641
2017-10-23 06:49:00+02:00,0.023273
2017-10-23 06:50:00+02:00,0.023976
2017-10-23 06:51:00+02:00,0.025537
2017-10-23 06:52:00+02:00,0.025525
2017-10-23 06:53:00+02:00,0.025356
2017-10-23 06:54:00+02:00,0.025649
2017-10-23 06:55:00+02:00,0.025343
2017-10-23 06:56:00+02:00,0.025936
2017-10-23 06:57:00+02:00,0.025949
2017-10-23 06:58:00+02:00,0.026302
2017-10-23 06:59:00+02:00,0.026872
2017-10-23 07:00:00+02:00,0.028176
2017-10-23 07:01:00+02:00,0.028597
2017-10-23 07:02:00+02:00,0.028566
2017-10-23 07:03:00+02:00,0.031071
2017-10-23 07:04:00+02:00,0.026881
2017-10-23 07:05:00+02:00,0.02735
2017-10-23 07:06:00+02:00,0.027867
2017-10-23 07:07:00+02:00,0.025606
2017-10-23 07:08:00+02:00,0.025997
2017-10-23 07:09:00+02:00,0.025988
2017-10-23 07:10:00+02:00,0.025666
2017-10-23 07:11:00+02:00,0.026392
2017-10-23 07:12:00+02:00,0.026448
2017-10-23 07:13:00+02:00,0.026578
2017-10-23 07:14:00+02:00,0.026613
2017-10-23 07:15:00+02:00,0.025822
2017-10-23 07:16:00+02:00,0.026121
2017-10-23 07:17:00+02:00,0.025568
2017-10-23 07:18:00+02:00,0.025393
2017-10-23 07:19:00+02:00,0.02539
2017-10-23 07:20:00+02:00,0.026297
2017-10-23 07:21:00+02:00,0.026807
2017-10-23 07:22:00+02:00,0.027265
2017-10-23 07:23:00+02:00,0.026664
2017-10-23 07:24:00+02:00,0.026669
2017-10-23 07:25:00+02:00,0.026924
2017-10-23 07:26:00+02:00,0.026815
2017-10-23 07:27:00+02:00,0.027749
2017-10-23 07:28:00+02:00,0.028018
2017-10-23 07:29:00+02:00,0.027785
2017-10-23 07:30:00+02:00,0.028261
2017-10-23 07:31:00+02:00,0.028857
2017-10-23 07:32:00+02:00,0.028764
2017-10-23 07:33:00+02:00,0.028064
2017-10-23 07:34:00+02:00,0.028235
2017-10-23 07:35:00+02:00,0.027871
2017-10-23 07:36:00+02:00,0.027875
2017-10-23 07:37:00+02:00,0.027724
2017-10-23 07:38:00+02:00,0.028186
2017-10-23 07:39:00+02:00,0.027808
2017-10-23 07:40:00+02:00,0.027341
2017-10-23 07:41:00+02:00,0.027178
2017-10-23 07:42:00+02:00,0.025731
2017-10-23 07:43:00+02:00,0.026634
2017-10-23 07:44:00+02:00,0.027115
2017-10-23 07:45:00+02:00,0.02656
2017-10-23 07:46:00+02:00,0.026469
2017-10-23 07:47:00+02:00,0.02701
2017-10-23 07:48:00+02:00,0.028439
2017-10-23 07:49:00+02:00,0.027964
2017-10-23 07:50:00+02:00,0.027697
2017-10-23 07:51:00+02:00,0.028946
2017-10-23 07:52:00+02:00,0.028658
2017-10-23 07:53:00+02:00,0.028685
2017-10-23 07:54:00+02:00,0.028931
2017-10-23 07:55:00+02:00,0.028437
2017-10-23 07:56:00+02:00,0.028323
2017-10-23 07:57:00+02:00,0.02839
2017-10-23 07:58:00+02:00,0.029093
2017-10-23 07:59:00+02:00,0.031466
2017-10-23 08:00:00+02:00,0.029831
2017-10-23 08:01:00+02:00,0.029918
2017-10-23 08:02:00+02:00,0.028438
2017-10-23 08:03:00+02:00,0.028798
2017-10-23 08:04:00+02:00,0.02842
2017-10-23 08:05:00+02:00,0.027177
2017-10-23 08:06:00+02:00,0.026483
2017-10-23 08:07:00+02:00,0.025952
2017-10-23 08:08:00+02:00,0.024645
2017-10-23 08:09:00+02:00,0.026746
2017-10-23 08:10:00+02:00,0.02661
2017-10-23 08:11:00+02:00,0.026264
2017-10-23 08:12:00+02:00,0.026433
2017-10-23 08:13:00+02:00,0.026821
2017-10-23 08:14:00+02:00,0.026914
2017-10-23 08:15:00+02:00,0.027418
2017-10-23 08:16:00+02:00,0.026657
2017-10-23 08:17:00+02:00,0.026021
2017-10-23 08:18:00+02:00,0.025704
2017-10-23 08:19:00+02:00,0.025988
2017-10-23 08:20:00+02:00,0.026458
2017-10-23 08:21:00+02:00,0.028259
2017-10-23 08:22:00+02:00,0.027302
2017-10-23 08:23:00+02:00,0.028201
2017-10-23 08:24:00+02:00,0.027866
2017-10-23 08:25:00+02:00,0.027123
2017-10-23 08:26:00+02:00,0.026492
2017-10-23 08:27:00+02:00,0.02787
2017-10-23 08:28:00+02:00,0.026048
2017-10-23 08:29:00+02:00,0.025773
2017-10-23 08:30:00+02:00,0.02584
2017-10-23 08:31:00+02:00,0.026351
2017-10-23 08:32:00+02:00,0.026203
2017-10-23 08:33:00+02:00,0.026268
2017-10-23 08:34:00+02:00,0.026723
2017-10-23 08:35:00+02:00,0.02617
2017-10-23 08:36:00+02:00,0.025687
2017-10-23 08:37:00+02:00,0.025529
2017-10-23 08:38:00+02:00,0.023659
2017-10-23 08:39:00+02:00,0.02385
2017-10-23 08:40:00+02:00,0.024697
2017-10-23 08:41:00+02:00,0.025744
2017-10-23 08:42:00+02:00,0.025343
2017-10-23 08:43:00+02:00,0.024906
2017-10-23 08:44:00+02:00,0.024773
2017-10-23 08:45:00+02:00,0.026218
2017-10-23 08:46:00+02:00,0.026976
2017-10-23 08:47:00+02:00,0.025684
2017-10-23 08:48:00+02:00,0.025186
2017-10-23 08:49:00+02:00,0.025996
2017-10-23 08:50:00+02:00,0.026446
2017-10-23 08:51:00+02:00,0.027455
2017-10-23 08:52:00+02:00,0.029574
2017-10-23 08:53:00+02:00,0.030179
2017-10-23 08:54:00+02:00,0.029458
2017-10-23 08:55:00+02:00,0.028478
2017-10-23 08:56:00+02:00,0.028499
2017-10-23 08:57:00+02:00,0.028245
2017-10-23 08:58:00+02:00,0.027785
2017-10-23 08:59:00+02:00,0.028055
2017-10-23 09:00:00+02:00,0.028164
2017-10-23 09:01:00+02:00,0.027659
2017-10-23 09:02:00+02:00,0.028084
2017-10-23 09:03:00+02:00,0.028442
2017-10-23 09:04:00+02:00,0.027964
2017-10-23 09:05:00+02:00,0.028264
2017-10-23 09:06:00+02:00,0.02778
2017-10-23 09:07:00+02:00,0.026904
2017-10-23 09:08:00+02:00,0.026381
2017-10-23 09:09:00+02:00,0.026716
2017-10-23 09:10:00+02:00,0.026635
2017-10-23 09:11:00+02:00,0.027257
2017-10-23 09:12:00+02:00,0.027004
2017-10-23 09:13:00+02:00,0.026375
2017-10-23 09:14:00+02:00,0.02546
2017-10-23 09:15:00+02:00,0.025042
2017-10-23 09:16:00+02:00,0.025652
2017-10-23 09:17:00+02:00,0.026772
2017-10-23 09:18:00+02:00,0.027213
2017-10-23 09:19:00+02:00,0.026238
2017-10-23 09:20:00+02:00,0.025957
2017-10-23 09:21:00+02:00,0.02449
2017-10-23 09:22:00+02:00,0.023979
2017-10-23 09:23:00+02:00,0.023557
2017-10-23 09:24:00+02:00,0.02404
2017-10-23 09:25:00+02:00,0.023987
2017-10-23 09:26:00+02:00,0.025472
2017-10-23 09:27:00+02:00,0.023963
2017-10-23 09:28:00+02:00,0.02244
2017-10-23 09:29:00+02:00,0.023578
2017-10-23 09:30:00+02:00,0.023968
2017-10-23 09:31:00+02:00,0.023025
2017-10-23 09:32:00+02:00,0.02161
2017-10-23 09:33:00+02:00,0.022325
2017-10-23 09:34:00+02:00,0.022366
2017-10-23 09:35:00+02:00,0.023017
2017-10-23 09:36:00+02:00,0.024026
2017-10-23 09:37:00+02:00,0.024814
2017-10-23 09:38:00+02:00,0.024206
2017-10-23 09:39:00+02:00,0.027504
2017-10-23 09:40:00+02:00,0.026261
2017-10-23 09:41:00+02:00,0.02486
2017-10-23 09:42:00+02:00,0.026183
2017-10-23 09:43:00+02:00,0.024982
2017-10-23 09:44:00+02:00,0.024825
2017-10-23 09:45:00+02:00,0.025246
2017-10-23 09:46:00+02:00,0.025399
2017-10-23 09:47:00+02:00,0.025696
2017-10-23 09:48:00+02:00,0.023859
2017-10-23 09:49:00+02:00,0.023279
2017-10-23 09:50:00+02:00,0.022675
2017-10-23 09:51:00+02:00,0.022694
2017-10-23 09:52:00+02:00,0.022329
2017-10-23 09:53:00+02:00,0.021507
2017-10-23 09:54:00+02:00,0.02228
2017-10-23 09:55:00+02:00,0.022517
2017-10-23 09:56:00+02:00,0.020467
2017-10-23 09:57:00+02:00,0.019754
2017-10-23 09:58:00+02:00,0.019656
2017-10-23 09:59:00+02:00,0.020724
2017-10-23 10:00:00+02:00,0.022257
2017-10-23 10:01:00+02:00,0.024915
2017-10-23 10:02:00+02:00,0.022533
2017-10-23 10:03:00+02:00,0.022039
2017-10-23 10:04:00+02:00,0.022802
2017-10-23 10:05:00+02:00,0.023463
2017-10-23 10:06:00+02:00,0.026479
2017-10-23 10:07:00+02:00,0.02687
2017-10-23 10:08:00+02:00,0.026561
2017-10-23 10:09:00+02:00,0.025197
2017-10-23 10:10:00+02:00,0.024575
2017-10-23 10:11:00+02:00,0.026316
2017-10-23 10:12:00+02:00,0.025783
2017-10-23 10:13:00+02:00,0.02589
2017-10-23 10:14:00+02:00,0.025909
2017-10-23 10:15:00+02:00,0.025954
2017-10-23 10:16:00+02:00,0.024362
2017-10-23 10:17:00+02:00,0.02419
2017-10-23 10:18:00+02:00,0.029702
2017-10-23 10:19:00+02:00,0.030954
2017-10-23 10:20:00+02:00,0.030167
2017-10-23 10:21:00+02:00,0.02871
2017-10-23 10:22:00+02:00,0.02836
2017-10-23 10:23:00+02:00,0.026408
2017-10-23 10:24:00+02:00,0.021216
2017-10-23 10:25:00+02:00,0.022283
2017-10-23 10:26:00+02:00,0.02342
2017-10-23 10:27:00+02:00,0.022455
2017-10-23 10:28:00+02:00,0.021795
2017-10-23 10:29:00+02:00,0.02244
2017-10-23 10:30:00+02:00,0.025058
2017-10-23 10:31:00+02:00,0.025065
2017-10-23 10:32:00+02:00,0.025293
2017-10-23 10:33:00+02:00,0.025327
2017-10-23 10:34:00+02:00,0.02494
2017-10-23 10:35:00+02:00,0.024551
2017-10-23 10:36:00+02:00,0.024766
2017-10-23 10:37:00+02:00,0.024693
2017-10-23 10:38:00+02:00,0.024798
2017-10-23 10:39:00+02:00,0.024562
2017-10-23 10:40:00+02:00,0.028167
2017-10-23 10:41:00+02:00,0.028477
2017-10-23 10:42:00+02:00,0.028147
2017-10-23 10:43:00+02:00,0.02776
2017-10-23 10:44:00+02:00,0.026204
2017-10-23 10:45:00+02:00,0.026466
2017-10-23 10:46:00+02:00,0.027829
2017-10-23 10:47:00+02:00,0.027953
2017-10-23 10:48:00+02:00,0.024453
2017-10-23 10:49:00+02:00,0.023577
2017-10-23 10:50:00+02:00,0.023333
2017-10-23 10:51:00+02:00,0.02381
2017-10-23 10:52:00+02:00,0.024841
2017-10-23 10:53:00+02:00,0.024644
2017-10-23 10:54:00+02:00,0.025428
2017-10-23 10:55:00+02:00,0.024679
2017-10-23 10:56:00+02:00,0.025885
2017-10-23 10:57:00+02:00,0.024793
2017-10-23 10:58:00+02:00,0.024567
2017-10-23 10:59:00+02:00,0.024311
2017-10-23 11:00:00+02:00,0.023061
2017-10-23 11:01:00+02:00,0.021259
2017-10-23 11:02:00+02:00,0.020878
2017-10-23 11:03:00+02:00,0.021969
2017-10-23 11:04:00+02:00,0.022928
2017-10-23 11:05:00+02:00,0.023582
2017-10-23 11:06:00+02:00,0.023394
2017-10-23 11:07:00+02:00,0.023743
2017-10-23 11:08:00+02:00,0.023141
2017-10-23 11:09:00+02:00,0.024143
2017-10-23 11:10:00+02:00,0.026072
2017-10-23 11:11:00+02:00,0.026997
2017-10-23 11:12:00+02:00,0.026619
2017-10-23 11:13:00+02:00,0.026519
2017-10-23 11:14:00+02:00,0.025462
2017-10-23 11:15:00+02:00,0.025223
2017-10-23 11:16:00+02:00,0.02493
2017-10-23 11:17:00+02:00,0.025895
2017-10-23 11:18:00+02:00,0.024952
2017-10-23 11:19:00+02:00,0.024931
2017-10-23 11:20:00+02:00,0.026613
2017-10-23 11:21:00+02:00,0.02502
2017-10-23 11:22:00+02:00,0.024391
2017-10-23 11:23:00+02:00,0.024866
2017-10-23 11:24:00+02:00,0.022781
2017-10-23 11:25:00+02:00,0.020492
2017-10-23 11:26:00+02:00,0.02035
2017-10-23 11:27:00+02:00,0.021424
2017-10-23 11:28:00+02:00,0.021455
2017-10-23 11:29:00+02:00,0.02082
2017-10-23 11:30:00+02:00,0.020791
2017-10-23 11:31:00+02:00,0.02062
2017-10-23 11:32:00+02:00,0.020342
2017-10-23 11:33:00+02:00,0.019357
2017-10-23 11:34:00+02:00,0.019872
2017-10-23 11:35:00+02:00,0.021482
2017-10-23 11:36:00+02:00,0.023008
2017-10-23 11:37:00+02:00,0.020795
2017-10-23 11:38:00+02:00,0.019361
2017-10-23 11:39:00+02:00,0.021491
2017-10-23 11:40:00+02:00,0.021639
2017-10-23 11:41:00+02:00,0.023964
2017-10-23 11:42:00+02:00,0.028049
2017-10-23 11:43:00+02:00,0.027985
2017-10-23 11:44:00+02:00,0.024936
2017-10-23 11:45:00+02:00,0.022226
2017-10-23 11:46:00+02:00,0.023672
2017-10-23 11:47:00+02:00,0.023241
2017-10-23 11:48:00+02:00,0.02337
2017-10-23 11:49:00+02:00,0.023118
2017-10-23 11:50:00+02:00,0.024776
2017-10-23 11:51:00+02:00,0.027802
2017-10-23 11:52:00+02:00,0.027541
2017-10-23 11:53:00+02:00,0.027793
2017-10-23 11:54:00+02:00,0.027357
2017-10-23 11:55:00+02:00,0.028952
2017-10-23 11:56:00+02:00,0.034343
2017-10-23 11:57:00+02:00,0.033106
2017-10-23 11:58:00+02:00,0.033293
2017-10-23 11:59:00+02:00,0.031835
2017-10-23 12:00:00+02:00,0.030529
2017-10-23 12:01:00+02:00,0.031038
2017-10-23 12:02:00+02:00,0.02593
2017-10-23 12:03:00+02:00,0.024619
2017-10-23 12:04:00+02:00,0.024788
2017-10-23 12:05:00+02:00,0.023063
2017-10-23 12:06:00+02:00,0.020359
2017-10-23 12:07:00+02:00,0.021134
2017-10-23 12:08:00+02:00,0.02559
2017-10-23 12:09:00+02:00,0.028321
2017-10-23 12:10:00+02:00,0.028499
2017-10-23 12:11:00+02:00,0.027432
2017-10-23 12:12:00+02:00,0.028238
2017-10-23 12:13:00+02:00,0.029064
2017-10-23 12:14:00+02:00,0.029294
2017-10-23 12:15:00+02:00,0.029103
2017-10-23 12:16:00+02:00,0.029041
2017-10-23 12:17:00+02:00,0.028732
2017-10-23 12:18:00+02:00,0.028396
2017-10-23 12:19:00+02:00,0.028644
2017-10-23 12:20:00+02:00,0.029066
2017-10-23 12:21:00+02:00,0.029021
2017-10-23 12:22:00+02:00,0.029241
2017-10-23 12:23:00+02:00,0.025674
2017-10-23 12:24:00+02:00,0.023846
2017-10-23 12:25:00+02:00,0.024269
2017-10-23 12:26:00+02:00,0.024852
2017-10-23 12:27:00+02:00,0.023773
2017-10-23 12:28:00+02:00,0.023015
2017-10-23 12:29:00+02:00,0.023532
2017-10-23 12:30:00+02:00,0.02557
2017-10-23 12:31:00+02:00,0.026701
2017-10-23 12:32:00+02:00,0.026137
2017-10-23 12:33:00+02:00,0.025696
2017-10-23 12:34:00+02:00,0.024962
2017-10-23 12:35:00+02:00,0.023182
2017-10-23 12:36:00+02:00,0.022156
2017-10-23 12:37:00+02:00,0.021709
2017-10-23 12:38:00+02:00,0.020802
2017-10-23 12:39:00+02:00,0.020223
2017-10-23 12:40:00+02:00,0.01994
2017-10-23 12:41:00+02:00,0.019734
2017-10-23 12:42:00+02:00,0.020147
2017-10-23 12:43:00+02:00,0.020731
2017-10-23 12:44:00+02:00,0.020893
2017-10-23 12:45:00+02:00,0.021467
2017-10-23 12:46:00+02:00,0.024141
2017-10-23 12:47:00+02:00,0.026189
2017-10-23 12:48:00+02:00,0.026198
2017-10-23 12:49:00+02:00,0.024815
2017-10-23 12:50:00+02:00,0.023549
2017-10-23 12:51:00+02:00,0.022694
2017-10-23 12:52:00+02:00,0.023521
2017-10-23 12:53:00+02:00,0.024079
2017-10-23 12:54:00+02:00,0.024399
2017-10-23 12:55:00+02:00,0.024379
2017-10-23 12:56:00+02:00,0.023082
2017-10-23 12:57:00+02:00,0.023273
2017-10-23 12:58:00+02:00,0.022913
2017-10-23 12:59:00+02:00,0.022909
2017-10-23 13:00:00+02:00,0.02197
2017-10-23 13:01:00+02:00,0.021846
2017-10-23 13:02:00+02:00,0.023677
2017-10-23 13:03:00+02:00,0.023642
2017-10-23 13:04:00+02:00,0.023516
2017-10-23 13:05:00+02:00,0.022685
2017-10-23 13:06:00+02:00,0.023299
2017-10-23 13:07:00+02:00,0.023346
2017-10-23 13:08:00+02:00,0.025039
2017-10-23 13:09:00+02:00,0.027956
2017-10-23 13:10:00+02:00,0.027573
2017-10-23 13:11:00+02:00,0.026331
2017-10-23 13:12:00+02:00,0.026856
2017-10-23 13:13:00+02:00,0.025507
2017-10-23 13:14:00+02:00,0.025626
2017-10-23 13:15:00+02:00,0.024297
2017-10-23 13:16:00+02:00,0.025407
2017-10-23 13:17:00+02:00,0.025731
2017-10-23 13:18:00+02:00,0.024766
2017-10-23 13:19:00+02:00,0.023739
2017-10-23 13:20:00+02:00,0.027269
2017-10-23 13:21:00+02:00,0.030296
2017-10-23 13:22:00+02:00,0.029314
2017-10-23 13:23:00+02:00,0.027095
2017-10-23 13:24:00+02:00,0.025517
2017-10-23 13:25:00+02:00,0.02213
2017-10-23 13:26:00+02:00,0.020872
2017-10-23 13:27:00+02:00,0.021494
2017-10-23 13:28:00+02:00,0.021844
2017-10-23 13:29:00+02:00,0.023876
2017-10-23 13:30:00+02:00,0.026166
2017-10-23 13:31:00+02:00,0.026922
2017-10-23 13:32:00+02:00,0.026989
2017-10-23 13:33:00+02:00,0.0281
2017-10-23 13:34:00+02:00,0.028495
2017-10-23 13:35:00+02:00,0.020744
2017-10-23 13:36:00+02:00,0.019666
2017-10-23 13:37:00+02:00,0.019426
2017-10-23 13:38:00+02:00,0.020892
2017-10-23 13:39:00+02:00,0.020339
2017-10-23 13:40:00+02:00,0.02005
2017-10-23 13:41:00+02:00,0.019778
2017-10-23 13:42:00+02:00,0.019191
2017-10-23 13:43:00+02:00,0.018879
2017-10-23 13:44:00+02:00,0.023622
2017-10-23 13:45:00+02:00,0.027067
2017-10-23 13:46:00+02:00,0.028958
2017-10-23 13:47:00+02:00,0.027265
2017-10-23 13:48:00+02:00,0.024221
2017-10-23 13:49:00+02:00,0.021736
2017-10-23 13:50:00+02:00,0.019091
2017-10-23 13:51:00+02:00,0.022688
2017-10-23 13:52:00+02:00,0.02109
2017-10-23 13:53:00+02:00,0.023368
2017-10-23 13:54:00+02:00,0.024431
2017-10-23 13:55:00+02:00,0.02459
2017-10-23 13:56:00+02:00,0.023765
2017-10-23 13:57:00+02:00,0.029969
2017-10-23 13:58:00+02:00,0.02852
2017-10-23 13:59:00+02:00,0.023515
2017-10-23 14:00:00+02:00,0.019453
2017-10-23 14:01:00+02:00,0.021255
2017-10-23 14:02:00+02:00,0.021028
2017-10-23 14:03:00+02:00,0.021656
2017-10-23 14:04:00+02:00,0.021428
2017-10-23 14:05:00+02:00,0.02328
2017-10-23 14:06:00+02:00,0.024097
2017-10-23 14:07:00+02:00,0.024926
2017-10-23 14:08:00+02:00,0.02801
2017-10-23 14:09:00+02:00,0.031738
2017-10-23 14:10:00+02:00,0.032359
2017-10-23 14:11:00+02:00,0.031496
2017-10-23 14:12:00+02:00,0.03157
2017-10-23 14:13:00+02:00,0.030682
2017-10-23 14:14:00+02:00,0.026075
2017-10-23 14:15:00+02:00,0.024171
2017-10-23 14:16:00+02:00,0.028433
2017-10-23 14:17:00+02:00,0.028684
2017-10-23 14:18:00+02:00,0.028296
2017-10-23 14:19:00+02:00,0.026388
2017-10-23 14:20:00+02:00,0.025553
2017-10-23 14:21:00+02:00,0.018775
2017-10-23 14:22:00+02:00,0.018948
2017-10-23 14:23:00+02:00,0.019902
2017-10-23 14:24:00+02:00,0.018507
2017-10-23 14:25:00+02:00,0.015604
2017-10-23 14:26:00+02:00,0.014888
2017-10-23 14:27:00+02:00,0.014088
2017-10-23 14:28:00+02:00,0.014576
2017-10-23 14:29:00+02:00,0.01708
2017-10-23 14:30:00+02:00,0.019194
2017-10-23 14:31:00+02:00,0.021918
2017-10-23 14:32:00+02:00,0.021839
2017-10-23 14:33:00+02:00,0.023016
2017-10-23 14:34:00+02:00,0.023741
2017-10-23 14:35:00+02:00,0.024625
2017-10-23 14:36:00+02:00,0.025979
2017-10-23 14:37:00+02:00,0.025933
2017-10-23 14:38:00+02:00,0.023405
2017-10-23 14:39:00+02:00,0.020578
2017-10-23 14:40:00+02:00,0.024047
2017-10-23 14:41:00+02:00,0.024408
2017-10-23 14:42:00+02:00,0.02428
2017-10-23 14:43:00+02:00,0.024061
2017-10-23 14:44:00+02:00,0.022601
2017-10-23 14:45:00+02:00,0.020317
2017-10-23 14:46:00+02:00,0.02116
2017-10-23 14:47:00+02:00,0.020571
2017-10-23 14:48:00+02:00,0.023245
2017-10-23 14:49:00+02:00,0.025306
2017-10-23 14:50:00+02:00,0.022406
2017-10-23 14:51:00+02:00,0.022289
2017-10-23 14:52:00+02:00,0.022857
2017-10-23 14:53:00+02:00,0.025581
2017-10-23 14:54:00+02:00,0.025411
2017-10-23 14:55:00+02:00,0.024884
2017-10-23 14:56:00+02:00,0.024824
2017-10-23 14:57:00+02:00,0.024574
2017-10-23 14:58:00+02:00,0.024328
2017-10-23 14:59:00+02:00,0.024137
2017-10-23 15:00:00+02:00,0.022748
2017-10-23 15:01:00+02:00,0.018497
2017-10-23 15:02:00+02:00,0.018589
2017-10-23 15:03:00+02:00,0.018182
2017-10-23 15:04:00+02:00,0.017998
2017-10-23 15:05:00+02:00,0.018171
2017-10-23 15:06:00+02:00,0.017119
2017-10-23 15:07:00+02:00,0.016168
2017-10-23 15:08:00+02:00,0.014291
2017-10-23 15:09:00+02:00,0.015728
2017-10-23 15:10:00+02:00,0.021783
2017-10-23 15:11:00+02:00,0.022365
2017-10-23 15:12:00+02:00,0.021891
2017-10-23 15:13:00+02:00,0.021177
2017-10-23 15:14:00+02:00,0.021683
2017-10-23 15:15:00+02:00,0.021048
2017-10-23 15:16:00+02:00,0.016182
2017-10-23 15:17:00+02:00,0.016093
2017-10-23 15:18:00+02:00,0.016704
2017-10-23 15:19:00+02:00,0.017046
2017-10-23 15:20:00+02:00,0.01772
2017-10-23 15:21:00+02:00,0.020127
2017-10-23 15:22:00+02:00,0.022892
2017-10-23 15:23:00+02:00,0.028713
2017-10-23 15:24:00+02:00,0.026636
2017-10-23 15:25:00+02:00,0.024972
2017-10-23 15:26:00+02:00,0.021154
2017-10-23 15:27:00+02:00,0.021055
2017-10-23 15:28:00+02:00,0.020183
2017-10-23 15:29:00+02:00,0.021222
2017-10-23 15:30:00+02:00,0.020074
2017-10-23 15:31:00+02:00,0.020992
2017-10-23 15:32:00+02:00,0.020862
2017-10-23 15:33:00+02:00,0.021572
2017-10-23 15:34:00+02:00,0.020668
2017-10-23 15:35:00+02:00,0.020082
2017-10-23 15:36:00+02:00,0.018213
2017-10-23 15:37:00+02:00,0.019333
2017-10-23 15:38:00+02:00,0.022062
2017-10-23 15:39:00+02:00,0.020514
2017-10-23 15:40:00+02:00,0.020013
2017-10-23 15:41:00+02:00,0.020933
2017-10-23 15:42:00+02:00,0.020823
2017-10-23 15:43:00+02:00,0.020575
2017-10-23 15:44:00+02:00,0.021731
2017-10-23 15:45:00+02:00,0.023073
2017-10-23 15:46:00+02:00,0.025138
2017-10-23 15:47:00+02:00,0.025216
2017-10-23 15:48:00+02:00,0.025802
2017-10-23 15:49:00+02:00,0.026738
2017-10-23 15:50:00+02:00,0.026835
2017-10-23 15:51:00+02:00,0.026237
2017-10-23 15:52:00+02:00,0.025583
2017-10-23 15:53:00+02:00,0.025038
2017-10-23 15:54:00+02:00,0.023546
2017-10-23 15:55:00+02:00,0.023289
2017-10-23 15:56:00+02:00,0.022401
2017-10-23 15:57:00+02:00,0.020332
2017-10-23 15:58:00+02:00,0.019517
2017-10-23 15:59:00+02:00,0.020002
2017-10-23 16:00:00+02:00,0.019735
2017-10-23 16:01:00+02:00,0.020472
2017-10-23 16:02:00+02:00,0.02018
2017-10-23 16:03:00+02:00,0.018483
2017-10-23 16:04:00+02:00,0.01888
2017-10-23 16:05:00+02:00,0.018932
2017-10-23 16:06:00+02:00,0.018183
2017-10-23 16:07:00+02:00,0.018139
2017-10-23 16:08:00+02:00,0.017332
2017-10-23 16:09:00+02:00,0.016988
2017-10-23 16:10:00+02:00,0.019501
2017-10-23 16:11:00+02:00,0.023093
2017-10-23 16:12:00+02:00,0.023691
2017-10-23 16:13:00+02:00,0.023754
2017-10-23 16:14:00+02:00,0.023834
2017-10-23 16:15:00+02:00,0.024054
2017-10-23 16:16:00+02:00,0.024538
2017-10-23 16:17:00+02:00,0.024139
2017-10-23 16:18:00+02:00,0.024268
2017-10-23 16:19:00+02:00,0.024789
2017-10-23 16:20:00+02:00,0.024582
2017-10-23 16:21:00+02:00,0.025736
2017-10-23 16:22:00+02:00,0.025481
2017-10-23 16:23:00+02:00,0.026172
2017-10-23 16:24:00+02:00,0.026593
2017-10-23 16:25:00+02:00,0.025718
2017-10-23 16:26:00+02:00,0.020819
2017-10-23 16:27:00+02:00,0.017442
2017-10-23 16:28:00+02:00,0.016471
2017-10-23 16:29:00+02:00,0.01701
2017-10-23 16:30:00+02:00,0.017368
2017-10-23 16:31:00+02:00,0.018176
2017-10-23 16:32:00+02:00,0.018486
2017-10-23 16:33:00+02:00,0.019213
2017-10-23 16:34:00+02:00,0.018971
2017-10-23 16:35:00+02:00,0.020126
2017-10-23 16:36:00+02:00,0.019583
2017-10-23 16:37:00+02:00,0.020921
2017-10-23 16:38:00+02:00,0.028261
2017-10-23 16:39:00+02:00,0.028141
2017-10-23 16:40:00+02:00,0.029286
2017-10-23 16:41:00+02:00,0.029342
2017-10-23 16:42:00+02:00,0.029738
2017-10-23 16:43:00+02:00,0.03074
2017-10-23 16:44:00+02:00,0.029601
2017-10-23 16:45:00+02:00,0.027701
2017-10-23 16:46:00+02:00,0.027678
2017-10-23 16:47:00+02:00,0.02662
2017-10-23 16:48:00+02:00,0.025196
2017-10-23 16:49:00+02:00,0.025821
2017-10-23 16:50:00+02:00,0.025511
2017-10-23 16:51:00+02:00,0.025262
2017-10-23 16:52:00+02:00,0.026157
2017-10-23 16:53:00+02:00,0.024716
2017-10-23 16:54:00+02:00,0.024701
2017-10-23 16:55:00+02:00,0.021431
2017-10-23 16:56:00+02:00,0.021557
2017-10-23 16:57:00+02:00,0.021285
2017-10-23 16:58:00+02:00,0.021877
2017-10-23 16:59:00+02:00,0.019296
2017-10-23 17:00:00+02:00,0.019839
2017-10-23 17:01:00+02:00,0.020637
2017-10-23 17:02:00+02:00,0.019793
2017-10-23 17:03:00+02:00,0.019391
2017-10-23 17:04:00+02:00,0.019928
2017-10-23 17:05:00+02:00,0.023513
2017-10-23 17:06:00+02:00,0.024084
2017-10-23 17:07:00+02:00,0.024318
2017-10-23 17:08:00+02:00,0.027067
2017-10-23 17:09:00+02:00,0.029427
2017-10-23 17:10:00+02:00,0.030006
2017-10-23 17:11:00+02:00,0.028875
2017-10-23 17:12:00+02:00,0.028785
2017-10-23 17:13:00+02:00,0.028951
2017-10-23 17:14:00+02:00,0.027076
2017-10-23 17:15:00+02:00,0.026947
2017-10-23 17:16:00+02:00,0.027796
2017-10-23 17:17:00+02:00,0.028279
2017-10-23 17:18:00+02:00,0.027934
2017-10-23 17:19:00+02:00,0.024857
2017-10-23 17:20:00+02:00,0.024886
2017-10-23 17:21:00+02:00,0.024711
2017-10-23 17:22:00+02:00,0.024439
2017-10-23 17:23:00+02:00,0.023154
2017-10-23 17:24:00+02:00,0.022484
2017-10-23 17:25:00+02:00,0.029385
2017-10-23 17:26:00+02:00,0.028996
2017-10-23 17:27:00+02:00,0.035604
2017-10-23 17:28:00+02:00,0.035786
2017-10-23 17:29:00+02:00,0.032374
2017-10-23 17:30:00+02:00,0.029691
2017-10-23 17:31:00+02:00,0.031155
2017-10-23 17:32:00+02:00,0.031529
2017-10-23 17:33:00+02:00,0.03147
2017-10-23 17:34:00+02:00,0.032403
2017-10-23 17:35:00+02:00,0.029698
2017-10-23 17:36:00+02:00,0.02898
2017-10-23 17:37:00+02:00,0.030015
2017-10-23 17:38:00+02:00,0.028714
2017-10-23 17:39:00+02:00,0.026056
2017-10-23 17:40:00+02:00,0.02386
2017-10-23 17:41:00+02:00,0.025343
2017-10-23 17:42:00+02:00,0.027203
2017-10-23 17:43:00+02:00,0.024686
2017-10-23 17:44:00+02:00,0.023057
2017-10-23 17:45:00+02:00,0.026432
2017-10-23 17:46:00+02:00,0.027683
2017-10-23 17:47:00+02:00,0.028283
2017-10-23 17:48:00+02:00,0.026807
2017-10-23 17:49:00+02:00,0.028511
2017-10-23 17:50:00+02:00,0.028972
2017-10-23 17:51:00+02:00,0.028087
2017-10-23 17:52:00+02:00,0.027127
2017-10-23 17:53:00+02:00,0.030068
2017-10-23 17:54:00+02:00,0.028382
2017-10-23 17:55:00+02:00,0.028448
2017-10-23 17:56:00+02:00,0.027494
2017-10-23 17:57:00+02:00,0.026655
2017-10-23 17:58:00+02:00,0.026171
2017-10-23 17:59:00+02:00,0.026538
2017-10-23 18:00:00+02:00,0.030829
2017-10-23 18:01:00+02:00,0.031372
2017-10-23 18:02:00+02:00,0.030374
2017-10-23 18:03:00+02:00,0.032938
2017-10-23 18:04:00+02:00,0.03412
2017-10-23 18:05:00+02:00,0.032926
2017-10-23 18:06:00+02:00,0.03294
2017-10-23 18:07:00+02:00,0.032878
2017-10-23 18:08:00+02:00,0.032452
2017-10-23 18:09:00+02:00,0.032501
2017-10-23 18:10:00+02:00,0.032415
2017-10-23 18:11:00+02:00,0.032906
2017-10-23 18:12:00+02:00,0.032044
2017-10-23 18:13:00+02:00,0.03204
2017-10-23 18:14:00+02:00,0.029871
2017-10-23 18:15:00+02:00,0.029953
2017-10-23 18:16:00+02:00,0.031192
2017-10-23 18:17:00+02:00,0.031036
2017-10-23 18:18:00+02:00,0.031035
2017-10-23 18:19:00+02:00,0.030336
2017-10-23 18:20:00+02:00,0.029865
2017-10-23 18:21:00+02:00,0.033196
2017-10-23 18:22:00+02:00,0.031432
2017-10-23 18:23:00+02:00,0.029202
2017-10-23 18:24:00+02:00,0.031105
2017-10-23 18:25:00+02:00,0.037311
2017-10-23 18:26:00+02:00,0.033919
2017-10-23 18:27:00+02:00,0.032995
2017-10-23 18:28:00+02:00,0.032327
2017-10-23 18:29:00+02:00,0.03289
2017-10-23 18:30:00+02:00,0.034899
2017-10-23 18:31:00+02:00,0.036705
2017-10-23 18:32:00+02:00,0.036509
2017-10-23 18:33:00+02:00,0.037795
2017-10-23 18:34:00+02:00,0.041156
2017-10-23 18:35:00+02:00,0.046224
2017-10-23 18:36:00+02:00,0.044206
2017-10-23 18:37:00+02:00,0.044992
2017-10-23 18:38:00+02:00,0.04135
2017-10-23 18:39:00+02:00,0.034688
2017-10-23 18:40:00+02:00,0.031626
2017-10-23 18:41:00+02:00,0.031307
2017-10-23 18:42:00+02:00,0.032318
2017-10-23 18:43:00+02:00,0.033271
2017-10-23 18:44:00+02:00,0.034162
2017-10-23 18:45:00+02:00,0.035454
2017-10-23 18:46:00+02:00,0.03415
2017-10-23 18:47:00+02:00,0.033208
2017-10-23 18:48:00+02:00,0.032774
2017-10-23 18:49:00+02:00,0.032836
2017-10-23 18:50:00+02:00,0.031863
2017-10-23 18:51:00+02:00,0.032004
2017-10-23 18:52:00+02:00,0.032799
2017-10-23 18:53:00+02:00,0.033073
2017-10-23 18:54:00+02:00,0.033543
2017-10-23 18:55:00+02:00,0.03335
2017-10-23 18:56:00+02:00,0.032305
2017-10-23 18:57:00+02:00,0.032916
2017-10-23 18:58:00+02:00,0.032648
2017-10-23 18:59:00+02:00,0.031729
2017-10-23 19:00:00+02:00,0.030809
2017-10-23 19:01:00+02:00,0.030339
2017-10-23 19:02:00+02:00,0.031208
2017-10-23 19:03:00+02:00,0.032099
2017-10-23 19:04:00+02:00,0.033744
2017-10-23 19:05:00+02:00,0.032253
2017-10-23 19:06:00+02:00,0.031598
2017-10-23 19:07:00+02:00,0.032135
2017-10-23 19:08:00+02:00,0.031837
2017-10-23 19:09:00+02:00,0.030554
2017-10-23 19:10:00+02:00,0.029281
2017-10-23 19:11:00+02:00,0.029188
2017-10-23 19:12:00+02:00,0.028764
2017-10-23 19:13:00+02:00,0.029096
2017-10-23 19:14:00+02:00,0.029614
2017-10-23 19:15:00+02:00,0.031677
2017-10-23 19:16:00+02:00,0.03056
2017-10-23 19:17:00+02:00,0.032093
2017-10-23 19:18:00+02:00,0.031322
2017-10-23 19:19:00+02:00,0.030078
2017-10-23 19:20:00+02:00,0.030216
2017-10-23 19:21:00+02:00,0.030464
2017-10-23 19:22:00+02:00,0.02969
2017-10-23 19:23:00+02:00,0.032371
2017-10-23 19:24:00+02:00,0.034343
2017-10-23 19:25:00+02:00,0.034254
2017-10-23 19:26:00+02:00,0.033711
2017-10-23 19:27:00+02:00,0.033429
2017-10-23 19:28:00+02:00,0.033481
2017-10-23 19:29:00+02:00,0.033671
2017-10-23 19:30:00+02:00,0.037346
2017-10-23 19:31:00+02:00,0.036634
2017-10-23 19:32:00+02:00,0.034708
2017-10-23 19:33:00+02:00,0.034282
2017-10-23 19:34:00+02:00,0.032609
2017-10-23 19:35:00+02:00,0.034602
2017-10-23 19:36:00+02:00,0.033068
2017-10-23 19:37:00+02:00,0.03495
2017-10-23 19:38:00+02:00,0.036753
2017-10-23 19:39:00+02:00,0.035212
2017-10-23 19:40:00+02:00,0.03486
2017-10-23 19:41:00+02:00,0.034807
2017-10-23 19:42:00+02:00,0.035611
2017-10-23 19:43:00+02:00,0.036207
2017-10-23 19:44:00+02:00,0.034604
2017-10-23 19:45:00+02:00,0.034398
2017-10-23 19:46:00+02:00,0.033743
2017-10-23 19:47:00+02:00,0.035624
2017-10-23 19:48:00+02:00,0.036242
2017-10-23 19:49:00+02:00,0.035511
2017-10-23 19:50:00+02:00,0.035375
2017-10-23 19:51:00+02:00,0.036792
2017-10-23 19:52:00+02:00,0.036108
2017-10-23 19:53:00+02:00,0.036271
2017-10-23 19:54:00+02:00,0.037575
2017-10-23 19:55:00+02:00,0.037085
2017-10-23 19:56:00+02:00,0.036142
2017-10-23 19:57:00+02:00,0.036597
2017-10-23 19:58:00+02:00,0.039172
2017-10-23 19:59:00+02:00,0.038646
2017-10-23 20:00:00+02:00,0.040629
2017-10-23 20:01:00+02:00,0.046358
2017-10-23 20:02:00+02:00,0.045664
2017-10-23 20:03:00+02:00,0.044614
2017-10-23 20:04:00+02:00,0.044809
2017-10-23 20:05:00+02:00,0.046257
2017-10-23 20:06:00+02:00,0.043339
2017-10-23 20:07:00+02:00,0.036844
2017-10-23 20:08:00+02:00,0.035683
2017-10-23 20:09:00+02:00,0.033352
2017-10-23 20:10:00+02:00,0.037455
2017-10-23 20:11:00+02:00,0.038564
2017-10-23 20:12:00+02:00,0.035973
2017-10-23 20:13:00+02:00,0.034485
2017-10-23 20:14:00+02:00,0.033628
2017-10-23 20:15:00+02:00,0.036493
2017-10-23 20:16:00+02:00,0.037883
2017-10-23 20:17:00+02:00,0.036317
2017-10-23 20:18:00+02:00,0.035267
2017-10-23 20:19:00+02:00,0.035209
2017-10-23 20:20:00+02:00,0.036019
2017-10-23 20:21:00+02:00,0.034637
2017-10-23 20:22:00+02:00,0.037057
2017-10-23 20:23:00+02:00,0.037413
2017-10-23 20:24:00+02:00,0.038704
2017-10-23 20:25:00+02:00,0.032433
2017-10-23 20:26:00+02:00,0.032149
2017-10-23 20:27:00+02:00,0.03298
2017-10-23 20:28:00+02:00,0.034373
2017-10-23 20:29:00+02:00,0.03321
2017-10-23 20:30:00+02:00,0.030319
2017-10-23 20:31:00+02:00,0.034253
2017-10-23 20:32:00+02:00,0.034355
2017-10-23 20:33:00+02:00,0.03626
2017-10-23 20:34:00+02:00,0.029269
2017-10-23 20:35:00+02:00,0.030059
2017-10-23 20:36:00+02:00,0.031576
2017-10-23 20:37:00+02:00,0.031613
2017-10-23 20:38:00+02:00,0.033326
2017-10-23 20:39:00+02:00,0.033958
2017-10-23 20:40:00+02:00,0.035407
2017-10-23 20:41:00+02:00,0.03713
2017-10-23 20:42:00+02:00,0.036184
2017-10-23 20:43:00+02:00,0.03577
2017-10-23 20:44:00+02:00,0.036149
2017-10-23 20:45:00+02:00,0.037095
2017-10-23 20:46:00+02:00,0.038725
2017-10-23 20:47:00+02:00,0.041564
2017-10-23 20:48:00+02:00,0.038366
2017-10-23 20:49:00+02:00,0.036542
2017-10-23 20:50:00+02:00,0.039182
2017-10-23 20:51:00+02:00,0.042631
2017-10-23 20:52:00+02:00,0.04249
2017-10-23 20:53:00+02:00,0.044021
2017-10-23 20:54:00+02:00,0.045964
2017-10-23 20:55:00+02:00,0.044004
2017-10-23 20:56:00+02:00,0.044483
2017-10-23 20:57:00+02:00,0.043214
2017-10-23 20:58:00+02:00,0.042707
2017-10-23 20:59:00+02:00,0.041701
2017-10-23 21:00:00+02:00,0.043717
2017-10-23 21:01:00+02:00,0.041776
2017-10-23 21:02:00+02:00,0.041654
2017-10-23 21:03:00+02:00,0.040659
2017-10-23 21:04:00+02:00,0.040658
2017-10-23 21:05:00+02:00,0.03858
2017-10-23 21:06:00+02:00,0.035553
2017-10-23 21:07:00+02:00,0.035838
2017-10-23 21:08:00+02:00,0.03663
2017-10-23 21:09:00+02:00,0.035113
2017-10-23 21:10:00+02:00,0.037974
2017-10-23 21:11:00+02:00,0.038614
2017-10-23 21:12:00+02:00,0.036854
2017-10-23 21:13:00+02:00,0.035992
2017-10-23 21:14:00+02:00,0.032058
2017-10-23 21:15:00+02:00,0.034959
2017-10-23 21:16:00+02:00,0.035353
2017-10-23 21:17:00+02:00,0.036772
2017-10-23 21:18:00+02:00,0.036199
2017-10-23 21:19:00+02:00,0.035834
2017-10-23 21:20:00+02:00,0.034838
2017-10-23 21:21:00+02:00,0.0363
2017-10-23 21:22:00+02:00,0.036949
2017-10-23 21:23:00+02:00,0.035519
2017-10-23 21:24:00+02:00,0.033718
2017-10-23 21:25:00+02:00,0.033796
2017-10-23 21:26:00+02:00,0.035453
2017-10-23 21:27:00+02:00,0.034298
2017-10-23 21:28:00+02:00,0.035554
2017-10-23 21:29:00+02:00,0.035219
2017-10-23 21:30:00+02:00,0.034964
2017-10-23 21:31:00+02:00,0.036451
2017-10-23 21:32:00+02:00,0.036557
2017-10-23 21:33:00+02:00,0.035994
2017-10-23 21:34:00+02:00,0.034469
2017-10-23 21:35:00+02:00,0.033856
2017-10-23 21:36:00+02:00,0.032571
2017-10-23 21:37:00+02:00,0.032209
2017-10-23 21:38:00+02:00,0.033107
2017-10-23 21:39:00+02:00,0.033742
2017-10-23 21:40:00+02:00,0.030714
2017-10-23 21:41:00+02:00,0.029273
2017-10-23 21:42:00+02:00,0.029872
2017-10-23 21:43:00+02:00,0.02982
2017-10-23 21:44:00+02:00,0.028695
2017-10-23 21:45:00+02:00,0.030601
2017-10-23 21:46:00+02:00,0.031927
2017-10-23 21:47:00+02:00,0.033141
2017-10-23 21:48:00+02:00,0.032622
2017-10-23 21:49:00+02:00,0.032955
2017-10-23 21:50:00+02:00,0.033137
2017-10-23 21:51:00+02:00,0.033009
2017-10-23 21:52:00+02:00,0.03301
2017-10-23 21:53:00+02:00,0.032151
2017-10-23 21:54:00+02:00,0.032497
2017-10-23 21:55:00+02:00,0.034291
2017-10-23 21:56:00+02:00,0.036653
2017-10-23 21:57:00+02:00,0.040458
2017-10-23 21:58:00+02:00,0.03859
2017-10-23 21:59:00+02:00,0.039248
2017-10-23 22:00:00+02:00,0.038887
2017-10-23 22:01:00+02:00,0.035381
2017-10-23 22:02:00+02:00,0.03249
2017-10-23 22:03:00+02:00,0.030646
2017-10-23 22:04:00+02:00,0.030267
2017-10-23 22:05:00+02:00,0.028595
2017-10-23 22:06:00+02:00,0.024752
2017-10-23 22:07:00+02:00,0.025701
2017-10-23 22:08:00+02:00,0.027184
2017-10-23 22:09:00+02:00,0.027855
2017-10-23 22:10:00+02:00,0.029794
2017-10-23 22:11:00+02:00,0.031623
2017-10-23 22:12:00+02:00,0.031503
2017-10-23 22:13:00+02:00,0.029862
2017-10-23 22:14:00+02:00,0.030103
2017-10-23 22:15:00+02:00,0.029003
2017-10-23 22:16:00+02:00,0.028446
2017-10-23 22:17:00+02:00,0.02779
2017-10-23 22:18:00+02:00,0.028603
2017-10-23 22:19:00+02:00,0.027431
2017-10-23 22:20:00+02:00,0.026875
2017-10-23 22:21:00+02:00,0.027764
2017-10-23 22:22:00+02:00,0.030323
2017-10-23 22:23:00+02:00,0.030646
2017-10-23 22:24:00+02:00,0.030935
2017-10-23 22:25:00+02:00,0.029372
2017-10-23 22:26:00+02:00,0.027871
2017-10-23 22:27:00+02:00,0.027581
2017-10-23 22:28:00+02:00,0.026945
2017-10-23 22:29:00+02:00,0.025448
2017-10-23 22:30:00+02:00,0.026294
2017-10-23 22:31:00+02:00,0.027189
2017-10-23 22:32:00+02:00,0.028085
2017-10-23 22:33:00+02:00,0.029442
2017-10-23 22:34:00+02:00,0.029916
2017-10-23 22:35:00+02:00,0.030527
2017-10-23 22:36:00+02:00,0.028046
2017-10-23 22:37:00+02:00,0.026333
2017-10-23 22:38:00+02:00,0.025214
2017-10-23 22:39:00+02:00,0.02616
2017-10-23 22:40:00+02:00,0.02556
2017-10-23 22:41:00+02:00,0.02673
2017-10-23 22:42:00+02:00,0.027278
2017-10-23 22:43:00+02:00,0.027968
2017-10-23 22:44:00+02:00,0.029851
2017-10-23 22:45:00+02:00,0.028309
2017-10-23 22:46:00+02:00,0.026421
2017-10-23 22:47:00+02:00,0.02565
2017-10-23 22:48:00+02:00,0.02436
2017-10-23 22:49:00+02:00,0.025006
2017-10-23 22:50:00+02:00,0.025864
2017-10-23 22:51:00+02:00,0.031034
2017-10-23 22:52:00+02:00,0.024119
2017-10-23 22:53:00+02:00,0.022165
2017-10-23 22:54:00+02:00,0.021145
2017-10-23 22:55:00+02:00,0.021041
2017-10-23 22:56:00+02:00,0.020981
2017-10-23 22:57:00+02:00,0.019759
2017-10-23 22:58:00+02:00,0.020405
2017-10-23 22:59:00+02:00,0.022333
2017-10-23 23:00:00+02:00,0.024142
2017-10-23 23:01:00+02:00,0.02405
2017-10-23 23:02:00+02:00,0.023545
2017-10-23 23:03:00+02:00,0.02226
2017-10-23 23:04:00+02:00,0.021409
2017-10-23 23:05:00+02:00,0.019178
2017-10-23 23:06:00+02:00,0.020332
2017-10-23 23:07:00+02:00,0.019805
2017-10-23 23:08:00+02:00,0.018956
2017-10-23 23:09:00+02:00,0.019467
2017-10-23 23:10:00+02:00,0.017848
2017-10-23 23:11:00+02:00,0.017171
2017-10-23 23:12:00+02:00,0.017162
2017-10-23 23:13:00+02:00,0.017219
2017-10-23 23:14:00+02:00,0.016869
2017-10-23 23:15:00+02:00,0.0155
2017-10-23 23:16:00+02:00,0.016298
2017-10-23 23:17:00+02:00,0.017538
2017-10-23 23:18:00+02:00,0.01741
2017-10-23 23:19:00+02:00,0.01861
2017-10-23 23:20:00+02:00,0.019053
2017-10-23 23:21:00+02:00,0.01811
2017-10-23 23:22:00+02:00,0.017797
2017-10-23 23:23:00+02:00,0.018816
2017-10-23 23:24:00+02:00,0.01973
2017-10-23 23:25:00+02:00,0.019547
2017-10-23 23:26:00+02:00,0.019737
2017-10-23 23:27:00+02:00,0.019677
2017-10-23 23:28:00+02:00,0.019435
2017-10-23 23:29:00+02:00,0.019289
2017-10-23 23:30:00+02:00,0.018855
2017-10-23 23:31:00+02:00,0.019287
2017-10-23 23:32:00+02:00,0.018472
2017-10-23 23:33:00+02:00,0.01695
2017-10-23 23:34:00+02:00,0.017139
2017-10-23 23:35:00+02:00,0.01707
2017-10-23 23:36:00+02:00,0.017649
2017-10-23 23:37:00+02:00,0.017578
2017-10-23 23:38:00+02:00,0.01829
2017-10-23 23:39:00+02:00,0.017988
2017-10-23 23:40:00+02:00,0.017615
2017-10-23 23:41:00+02:00,0.017421
2017-10-23 23:42:00+02:00,0.017345
2017-10-23 23:43:00+02:00,0.016863
2017-10-23 23:44:00+02:00,0.016931
2017-10-23 23:45:00+02:00,0.018145
2017-10-23 23:46:00+02:00,0.017671
2017-10-23 23:47:00+02:00,0.018248
2017-10-23 23:48:00+02:00,0.019557
2017-10-23 23:49:00+02:00,0.018042
2017-10-23 23:50:00+02:00,0.017421
2017-10-23 23:51:00+02:00,0.017963
2017-10-23 23:52:00+02:00,0.018208
2017-10-23 23:53:00+02:00,0.017127
2017-10-23 23:54:00+02:00,0.016361
2017-10-23 23:55:00+02:00,0.015582
2017-10-23 23:56:00+02:00,0.01527
2017-10-23 23:57:00+02:00,0.014633
2017-10-23 23:58:00+02:00,0.016347
2017-10-23 23:59:00+02:00,0.015227
2017-10-24 00:00:00+02:00,0.016096
2017-10-24 00:01:00+02:00,0.014643
2017-10-24 00:02:00+02:00,0.019015
2017-10-24 00:03:00+02:00,0.017535
2017-10-24 00:04:00+02:00,0.015654
2017-10-24 00:05:00+02:00,0.015577
2017-10-24 00:06:00+02:00,0.014075
2017-10-24 00:07:00+02:00,0.015144
2017-10-24 00:08:00+02:00,0.014499
2017-10-24 00:09:00+02:00,0.015272
2017-10-24 00:10:00+02:00,0.015467
2017-10-24 00:11:00+02:00,0.015459
2017-10-24 00:12:00+02:00,0.016861
2017-10-24 00:13:00+02:00,0.016215
2017-10-24 00:14:00+02:00,0.016099
2017-10-24 00:15:00+02:00,0.015081
2017-10-24 00:16:00+02:00,0.015159
2017-10-24 00:17:00+02:00,0.016555
2017-10-24 00:18:00+02:00,0.016263
2017-10-24 00:19:00+02:00,0.015682
2017-10-24 00:20:00+02:00,0.014706
2017-10-24 00:21:00+02:00,0.014151
2017-10-24 00:22:00+02:00,0.014746
2017-10-24 00:23:00+02:00,0.01409
2017-10-24 00:24:00+02:00,0.012096
2017-10-24 00:25:00+02:00,0.011682
2017-10-24 00:26:00+02:00,0.012472
2017-10-24 00:27:00+02:00,0.01202
2017-10-24 00:28:00+02:00,0.011768
2017-10-24 00:29:00+02:00,0.011545
2017-10-24 00:30:00+02:00,0.012385
2017-10-24 00:31:00+02:00,0.011173
2017-10-24 00:32:00+02:00,0.011701
2017-10-24 00:33:00+02:00,0.011624
2017-10-24 00:34:00+02:00,0.011465
2017-10-24 00:35:00+02:00,0.011772
2017-10-24 00:36:00+02:00,0.011642
2017-10-24 00:37:00+02:00,0.014936
2017-10-24 00:38:00+02:00,0.018189
2017-10-24 00:39:00+02:00,0.017042
2017-10-24 00:40:00+02:00,0.015675
2017-10-24 00:41:00+02:00,0.014992
2017-10-24 00:42:00+02:00,0.015289
2017-10-24 00:43:00+02:00,0.016441
2017-10-24 00:44:00+02:00,0.014438
2017-10-24 00:45:00+02:00,0.01113
2017-10-24 00:46:00+02:00,0.012249
2017-10-24 00:47:00+02:00,0.012045
2017-10-24 00:48:00+02:00,0.013325
2017-10-24 00:49:00+02:00,0.014101
2017-10-24 00:50:00+02:00,0.013162
2017-10-24 00:51:00+02:00,0.012325
2017-10-24 00:52:00+02:00,0.01246
2017-10-24 00:53:00+02:00,0.01216
2017-10-24 00:54:00+02:00,0.01284
2017-10-24 00:55:00+02:00,0.013544
2017-10-24 00:56:00+02:00,0.013441
2017-10-24 00:57:00+02:00,0.012631
2017-10-24 00:58:00+02:00,0.012247
2017-10-24 00:59:00+02:00,0.011672
2017-10-24 01:00:00+02:00,0.011923
2017-10-24 01:01:00+02:00,0.012359
2017-10-24 01:02:00+02:00,0.012708
2017-10-24 01:03:00+02:00,0.012107
2017-10-24 01:04:00+02:00,0.011468
2017-10-24 01:05:00+02:00,0.011493
2017-10-24 01:06:00+02:00,0.010912
2017-10-24 01:07:00+02:00,0.010201
2017-10-24 01:08:00+02:00,0.010559
2017-10-24 01:09:00+02:00,0.008777
2017-10-24 01:10:00+02:00,0.006443
2017-10-24 01:11:00+02:00,0.007234
2017-10-24 01:12:00+02:00,0.012807
2017-10-24 01:13:00+02:00,0.012766
2017-10-24 01:14:00+02:00,0.01229
2017-10-24 01:15:00+02:00,0.012561
2017-10-24 01:16:00+02:00,0.008284
2017-10-24 01:17:00+02:00,0.007201
2017-10-24 01:18:00+02:00,0.006937
2017-10-24 01:19:00+02:00,0.007062
2017-10-24 01:20:00+02:00,0.007624
2017-10-24 01:21:00+02:00,0.008201
2017-10-24 01:22:00+02:00,0.008921
2017-10-24 01:23:00+02:00,0.008588
2017-10-24 01:24:00+02:00,0.00873
2017-10-24 01:25:00+02:00,0.007949
2017-10-24 01:26:00+02:00,0.007985
2017-10-24 01:27:00+02:00,0.008137
2017-10-24 01:28:00+02:00,0.008684
2017-10-24 01:29:00+02:00,0.008806
2017-10-24 01:30:00+02:00,0.008019
2017-10-24 01:31:00+02:00,0.007485
2017-10-24 01:32:00+02:00,0.006887
2017-10-24 01:33:00+02:00,0.006755
2017-10-24 01:34:00+02:00,0.006643
2017-10-24 01:35:00+02:00,0.006803
2017-10-24 01:36:00+02:00,0.006598
2017-10-24 01:37:00+02:00,0.007651
2017-10-24 01:38:00+02:00,0.008119
2017-10-24 01:39:00+02:00,0.008069
2017-10-24 01:40:00+02:00,0.010555
2017-10-24 01:41:00+02:00,0.011873
2017-10-24 01:42:00+02:00,0.01205
2017-10-24 01:43:00+02:00,0.010428
2017-10-24 01:44:00+02:00,0.009401
2017-10-24 01:45:00+02:00,0.00823
2017-10-24 01:46:00+02:00,0.00893
2017-10-24 01:47:00+02:00,0.009635
2017-10-24 01:48:00+02:00,0.009896
2017-10-24 01:49:00+02:00,0.010644
2017-10-24 01:50:00+02:00,0.010584
2017-10-24 01:51:00+02:00,0.010259
2017-10-24 01:52:00+02:00,0.00844
2017-10-24 01:53:00+02:00,0.008367
2017-10-24 01:54:00+02:00,0.007727
2017-10-24 01:55:00+02:00,0.008299
2017-10-24 01:56:00+02:00,0.008158
2017-10-24 01:57:00+02:00,0.007963
2017-10-24 01:58:00+02:00,0.008453
2017-10-24 01:59:00+02:00,0.0085
2017-10-24 02:00:00+02:00,0.008419
2017-10-24 02:01:00+02:00,0.006685
2017-10-24 02:02:00+02:00,0.006567
2017-10-24 02:03:00+02:00,0.006539
2017-10-24 02:04:00+02:00,0.006548
2017-10-24 02:05:00+02:00,0.00635
2017-10-24 02:06:00+02:00,0.009119
2017-10-24 02:07:00+02:00,0.006812
2017-10-24 02:08:00+02:00,0.006599
2017-10-24 02:09:00+02:00,0.00619
2017-10-24 02:10:00+02:00,0.005667
2017-10-24 02:11:00+02:00,0.005797
2017-10-24 02:12:00+02:00,0.006404
2017-10-24 02:13:00+02:00,0.006462
2017-10-24 02:14:00+02:00,0.006755
2017-10-24 02:15:00+02:00,0.00708
2017-10-24 02:16:00+02:00,0.008468
2017-10-24 02:17:00+02:00,0.008602
2017-10-24 02:18:00+02:00,0.007731
2017-10-24 02:19:00+02:00,0.007469
2017-10-24 02:20:00+02:00,0.007251
2017-10-24 02:21:00+02:00,0.007282
2017-10-24 02:22:00+02:00,0.008961
2017-10-24 02:23:00+02:00,0.0092
2017-10-24 02:24:00+02:00,0.008709
2017-10-24 02:25:00+02:00,0.008727
2017-10-24 02:26:00+02:00,0.008611
2017-10-24 02:27:00+02:00,0.008714
2017-10-24 02:28:00+02:00,0.007489
2017-10-24 02:29:00+02:00,0.006456
2017-10-24 02:30:00+02:00,0.006641
2017-10-24 02:31:00+02:00,0.007006
2017-10-24 02:32:00+02:00,0.00664
2017-10-24 02:33:00+02:00,0.00667
2017-10-24 02:34:00+02:00,0.006824
2017-10-24 02:35:00+02:00,0.008008
2017-10-24 02:36:00+02:00,0.007966
2017-10-24 02:37:00+02:00,0.006757
2017-10-24 02:38:00+02:00,0.007213
2017-10-24 02:39:00+02:00,0.0076
2017-10-24 02:40:00+02:00,0.008896
2017-10-24 02:41:00+02:00,0.008987
2017-10-24 02:42:00+02:00,0.009503
2017-10-24 02:43:00+02:00,0.010391
2017-10-24 02:44:00+02:00,0.01101
2017-10-24 02:45:00+02:00,0.010509
2017-10-24 02:46:00+02:00,0.011842
2017-10-24 02:47:00+02:00,0.012587
2017-10-24 02:48:00+02:00,0.012294
2017-10-24 02:49:00+02:00,0.012369
2017-10-24 02:50:00+02:00,0.012625
2017-10-24 02:51:00+02:00,0.012313
2017-10-24 02:52:00+02:00,0.010585
2017-10-24 02:53:00+02:00,0.009192
2017-10-24 02:54:00+02:00,0.008825
2017-10-24 02:55:00+02:00,0.008275
2017-10-24 02:56:00+02:00,0.008332
2017-10-24 02:57:00+02:00,0.008106
2017-10-24 02:58:00+02:00,0.007105
2017-10-24 02:59:00+02:00,0.007281
2017-10-24 03:00:00+02:00,0.007139
2017-10-24 03:01:00+02:00,0.007327
2017-10-24 03:02:00+02:00,0.008163
2017-10-24 03:03:00+02:00,0.008379
2017-10-24 03:04:00+02:00,0.008745
2017-10-24 03:05:00+02:00,0.008605
2017-10-24 03:06:00+02:00,0.008193
2017-10-24 03:07:00+02:00,0.009138
2017-10-24 03:08:00+02:00,0.00996
2017-10-24 03:09:00+02:00,0.01033
2017-10-24 03:10:00+02:00,0.011501
2017-10-24 03:11:00+02:00,0.011139
2017-10-24 03:12:00+02:00,0.011882
2017-10-24 03:13:00+02:00,0.012663
2017-10-24 03:14:00+02:00,0.012405
2017-10-24 03:15:00+02:00,0.011345
2017-10-24 03:16:00+02:00,0.011147
2017-10-24 03:17:00+02:00,0.011391
2017-10-24 03:18:00+02:00,0.012271
2017-10-24 03:19:00+02:00,0.011928
2017-10-24 03:20:00+02:00,0.011443
2017-10-24 03:21:00+02:00,0.01107
2017-10-24 03:22:00+02:00,0.010569
2017-10-24 03:23:00+02:00,0.010055
2017-10-24 03:24:00+02:00,0.009399
2017-10-24 03:25:00+02:00,0.00856
2017-10-24 03:26:00+02:00,0.008173
2017-10-24 03:27:00+02:00,0.007864
2017-10-24 03:28:00+02:00,0.00758
2017-10-24 03:29:00+02:00,0.0078
2017-10-24 03:30:00+02:00,0.008156
2017-10-24 03:31:00+02:00,0.007466
2017-10-24 03:32:00+02:00,0.007416
2017-10-24 03:33:00+02:00,0.007277
2017-10-24 03:34:00+02:00,0.007654
2017-10-24 03:35:00+02:00,0.008121
2017-10-24 03:36:00+02:00,0.008237
2017-10-24 03:37:00+02:00,0.007478
2017-10-24 03:38:00+02:00,0.008011
2017-10-24 03:39:00+02:00,0.00843
2017-10-24 03:40:00+02:00,0.009568
2017-10-24 03:41:00+02:00,0.009907
2017-10-24 03:42:00+02:00,0.009886
2017-10-24 03:43:00+02:00,0.010102
2017-10-24 03:44:00+02:00,0.010019
2017-10-24 03:45:00+02:00,0.010133
2017-10-24 03:46:00+02:00,0.010508
2017-10-24 03:47:00+02:00,0.010123
2017-10-24 03:48:00+02:00,0.01085
2017-10-24 03:49:00+02:00,0.011869
2017-10-24 03:50:00+02:00,0.011647
2017-10-24 03:51:00+02:00,0.010551
2017-10-24 03:52:00+02:00,0.010088
2017-10-24 03:53:00+02:00,0.009255
2017-10-24 03:54:00+02:00,0.008776
2017-10-24 03:55:00+02:00,0.008312
2017-10-24 03:56:00+02:00,0.009527
2017-10-24 03:57:00+02:00,0.009865
2017-10-24 03:58:00+02:00,0.010368
2017-10-24 03:59:00+02:00,0.010017
2017-10-24 04:00:00+02:00,0.009295
2017-10-24 04:01:00+02:00,0.009312
2017-10-24 04:02:00+02:00,0.009425
2017-10-24 04:03:00+02:00,0.009303
2017-10-24 04:04:00+02:00,0.009315
2017-10-24 04:05:00+02:00,0.009312
2017-10-24 04:06:00+02:00,0.009739
2017-10-24 04:07:00+02:00,0.008929
2017-10-24 04:08:00+02:00,0.008425
2017-10-24 04:09:00+02:00,0.008676
2017-10-24 04:10:00+02:00,0.008971
2017-10-24 04:11:00+02:00,0.008693
2017-10-24 04:12:00+02:00,0.009099
2017-10-24 04:13:00+02:00,0.009053
2017-10-24 04:14:00+02:00,0.008978
2017-10-24 04:15:00+02:00,0.009249
2017-10-24 04:16:00+02:00,0.008557
2017-10-24 04:17:00+02:00,0.008276
2017-10-24 04:18:00+02:00,0.008545
2017-10-24 04:19:00+02:00,0.008029
2017-10-24 04:20:00+02:00,0.008165
2017-10-24 04:21:00+02:00,0.007686
2017-10-24 04:22:00+02:00,0.007957
2017-10-24 04:23:00+02:00,0.009241
2017-10-24 04:24:00+02:00,0.009894
2017-10-24 04:25:00+02:00,0.009696
2017-10-24 04:26:00+02:00,0.010187
2017-10-24 04:27:00+02:00,0.010235
2017-10-24 04:28:00+02:00,0.010062
2017-10-24 04:29:00+02:00,0.009973
2017-10-24 04:30:00+02:00,0.010416
2017-10-24 04:31:00+02:00,0.011261
2017-10-24 04:32:00+02:00,0.011558
2017-10-24 04:33:00+02:00,0.011829
2017-10-24 04:34:00+02:00,0.012376
2017-10-24 04:35:00+02:00,0.012023
2017-10-24 04:36:00+02:00,0.011852
2017-10-24 04:37:00+02:00,0.012266
2017-10-24 04:38:00+02:00,0.012912
2017-10-24 04:39:00+02:00,0.013911
2017-10-24 04:40:00+02:00,0.012471
2017-10-24 04:41:00+02:00,0.012588
2017-10-24 04:42:00+02:00,0.012941
2017-10-24 04:43:00+02:00,0.0125
2017-10-24 04:44:00+02:00,0.013026
2017-10-24 04:45:00+02:00,0.01287
2017-10-24 04:46:00+02:00,0.012884
2017-10-24 04:47:00+02:00,0.012657
2017-10-24 04:48:00+02:00,0.012298
2017-10-24 04:49:00+02:00,0.012371
2017-10-24 04:50:00+02:00,0.01239
2017-10-24 04:51:00+02:00,0.012261
2017-10-24 04:52:00+02:00,0.011531
2017-10-24 04:53:00+02:00,0.010697
2017-10-24 04:54:00+02:00,0.010598
2017-10-24 04:55:00+02:00,0.010417
2017-10-24 04:56:00+02:00,0.011159
2017-10-24 04:57:00+02:00,0.010914
2017-10-24 04:58:00+02:00,0.011213
2017-10-24 04:59:00+02:00,0.011107
2017-10-24 05:00:00+02:00,0.011231
2017-10-24 05:01:00+02:00,0.010797
2017-10-24 05:02:00+02:00,0.010084
2017-10-24 05:03:00+02:00,0.010273
2017-10-24 05:04:00+02:00,0.01127
2017-10-24 05:05:00+02:00,0.011441
2017-10-24 05:06:00+02:00,0.011696
2017-10-24 05:07:00+02:00,0.011052
2017-10-24 05:08:00+02:00,0.011244
2017-10-24 05:09:00+02:00,0.011665
2017-10-24 05:10:00+02:00,0.011616
2017-10-24 05:11:00+02:00,0.012039
2017-10-24 05:12:00+02:00,0.012042
2017-10-24 05:13:00+02:00,0.012135
2017-10-24 05:14:00+02:00,0.011858
2017-10-24 05:15:00+02:00,0.01269
2017-10-24 05:16:00+02:00,0.012994
2017-10-24 05:17:00+02:00,0.012666
2017-10-24 05:18:00+02:00,0.01208
2017-10-24 05:19:00+02:00,0.012191
2017-10-24 05:20:00+02:00,0.011664
2017-10-24 05:21:00+02:00,0.012377
2017-10-24 05:22:00+02:00,0.013657
2017-10-24 05:23:00+02:00,0.013455
2017-10-24 05:24:00+02:00,0.013417
2017-10-24 05:25:00+02:00,0.013667
2017-10-24 05:26:00+02:00,0.013604
2017-10-24 05:27:00+02:00,0.013609
2017-10-24 05:28:00+02:00,0.014464
2017-10-24 05:29:00+02:00,0.015578
2017-10-24 05:30:00+02:00,0.01665
2017-10-24 05:31:00+02:00,0.017438
2017-10-24 05:32:00+02:00,0.01723
2017-10-24 05:33:00+02:00,0.018154
2017-10-24 05:34:00+02:00,0.017779
2017-10-24 05:35:00+02:00,0.017672
2017-10-24 05:36:00+02:00,0.017017
2017-10-24 05:37:00+02:00,0.016763
2017-10-24 05:38:00+02:00,0.016285
2017-10-24 05:39:00+02:00,0.016436
2017-10-24 05:40:00+02:00,0.015739
2017-10-24 05:41:00+02:00,0.016007
2017-10-24 05:42:00+02:00,0.015824
2017-10-24 05:43:00+02:00,0.015676
2017-10-24 05:44:00+02:00,0.016143
2017-10-24 05:45:00+02:00,0.015824
2017-10-24 05:46:00+02:00,0.016336
2017-10-24 05:47:00+02:00,0.015732
2017-10-24 05:48:00+02:00,0.016527
2017-10-24 05:49:00+02:00,0.016457
2017-10-24 05:50:00+02:00,0.016284
2017-10-24 05:51:00+02:00,0.016512
2017-10-24 05:52:00+02:00,0.017438
2017-10-24 05:53:00+02:00,0.017556
2017-10-24 05:54:00+02:00,0.017773
2017-10-24 05:55:00+02:00,0.018892
2017-10-24 05:56:00+02:00,0.01947
2017-10-24 05:57:00+02:00,0.019816
2017-10-24 05:58:00+02:00,0.020314
2017-10-24 05:59:00+02:00,0.020994
2017-10-24 06:00:00+02:00,0.021399
2017-10-24 06:01:00+02:00,0.021672
2017-10-24 06:02:00+02:00,0.021616
2017-10-24 06:03:00+02:00,0.021771
2017-10-24 06:04:00+02:00,0.021816
2017-10-24 06:05:00+02:00,0.022611
2017-10-24 06:06:00+02:00,0.023014
2017-10-24 06:07:00+02:00,0.021399
2017-10-24 06:08:00+02:00,0.020694
2017-10-24 06:09:00+02:00,0.020731
2017-10-24 06:10:00+02:00,0.02048
2017-10-24 06:11:00+02:00,0.020391
2017-10-24 06:12:00+02:00,0.021251
2017-10-24 06:13:00+02:00,0.021454
2017-10-24 06:14:00+02:00,0.021651
2017-10-24 06:15:00+02:00,0.021713
2017-10-24 06:16:00+02:00,0.021345
2017-10-24 06:17:00+02:00,0.021446
2017-10-24 06:18:00+02:00,0.021741
2017-10-24 06:19:00+02:00,0.021481
2017-10-24 06:20:00+02:00,0.021575
2017-10-24 06:21:00+02:00,0.021537
2017-10-24 06:22:00+02:00,0.020836
2017-10-24 06:23:00+02:00,0.021136
2017-10-24 06:24:00+02:00,0.020803
2017-10-24 06:25:00+02:00,0.020396
2017-10-24 06:26:00+02:00,0.020554
2017-10-24 06:27:00+02:00,0.020836
2017-10-24 06:28:00+02:00,0.020658
2017-10-24 06:29:00+02:00,0.021001
2017-10-24 06:30:00+02:00,0.021686
2017-10-24 06:31:00+02:00,0.020899
2017-10-24 06:32:00+02:00,0.021354
2017-10-24 06:33:00+02:00,0.020691
2017-10-24 06:34:00+02:00,0.021413
2017-10-24 06:35:00+02:00,0.021482
2017-10-24 06:36:00+02:00,0.02125
2017-10-24 06:37:00+02:00,0.020973
2017-10-24 06:38:00+02:00,0.021169
2017-10-24 06:39:00+02:00,0.021933
2017-10-24 06:40:00+02:00,0.024079
2017-10-24 06:41:00+02:00,0.024589
2017-10-24 06:42:00+02:00,0.023339
2017-10-24 06:43:00+02:00,0.023455
2017-10-24 06:44:00+02:00,0.023601
2017-10-24 06:45:00+02:00,0.023367
2017-10-24 06:46:00+02:00,0.023533
2017-10-24 06:47:00+02:00,0.02444
2017-10-24 06:48:00+02:00,0.025612
2017-10-24 06:49:00+02:00,0.025198
2017-10-24 06:50:00+02:00,0.025491
2017-10-24 06:51:00+02:00,0.025455
2017-10-24 06:52:00+02:00,0.026435
2017-10-24 06:53:00+02:00,0.025619
2017-10-24 06:54:00+02:00,0.02481
2017-10-24 06:55:00+02:00,0.023385
2017-10-24 06:56:00+02:00,0.022884
2017-10-24 06:57:00+02:00,0.022617
2017-10-24 06:58:00+02:00,0.022721
2017-10-24 06:59:00+02:00,0.026009
2017-10-24 07:00:00+02:00,0.024858
2017-10-24 07:01:00+02:00,0.024823
2017-10-24 07:02:00+02:00,0.025218
2017-10-24 07:03:00+02:00,0.025683
2017-10-24 07:04:00+02:00,0.025255
2017-10-24 07:05:00+02:00,0.024784
2017-10-24 07:06:00+02:00,0.02644
2017-10-24 07:07:00+02:00,0.027175
2017-10-24 07:08:00+02:00,0.027476
2017-10-24 07:09:00+02:00,0.02725
2017-10-24 07:10:00+02:00,0.026652
2017-10-24 07:11:00+02:00,0.026697
2017-10-24 07:12:00+02:00,0.025909
2017-10-24 07:13:00+02:00,0.026706
2017-10-24 07:14:00+02:00,0.026212
2017-10-24 07:15:00+02:00,0.025806
2017-10-24 07:16:00+02:00,0.025428
2017-10-24 07:17:00+02:00,0.025621
2017-10-24 07:18:00+02:00,0.028089
2017-10-24 07:19:00+02:00,0.032143
2017-10-24 07:20:00+02:00,0.031913
2017-10-24 07:21:00+02:00,0.031008
2017-10-24 07:22:00+02:00,0.031465
2017-10-24 07:23:00+02:00,0.033651
2017-10-24 07:24:00+02:00,0.034695
2017-10-24 07:25:00+02:00,0.032371
2017-10-24 07:26:00+02:00,0.032648
2017-10-24 07:27:00+02:00,0.032437
2017-10-24 07:28:00+02:00,0.032941
2017-10-24 07:29:00+02:00,0.033041
2017-10-24 07:30:00+02:00,0.029694
2017-10-24 07:31:00+02:00,0.027516
2017-10-24 07:32:00+02:00,0.028018
2017-10-24 07:33:00+02:00,0.027724
2017-10-24 07:34:00+02:00,0.02645
2017-10-24 07:35:00+02:00,0.026501
2017-10-24 07:36:00+02:00,0.02623
2017-10-24 07:37:00+02:00,0.025864
2017-10-24 07:38:00+02:00,0.025452
2017-10-24 07:39:00+02:00,0.024893
2017-10-24 07:40:00+02:00,0.024649
2017-10-24 07:41:00+02:00,0.028428
2017-10-24 07:42:00+02:00,0.025865
2017-10-24 07:43:00+02:00,0.025283
2017-10-24 07:44:00+02:00,0.025094
2017-10-24 07:45:00+02:00,0.023789
2017-10-24 07:46:00+02:00,0.023818
2017-10-24 07:47:00+02:00,0.024103
2017-10-24 07:48:00+02:00,0.024484
2017-10-24 07:49:00+02:00,0.025484
2017-10-24 07:50:00+02:00,0.025407
2017-10-24 07:51:00+02:00,0.024825
2017-10-24 07:52:00+02:00,0.023795
2017-10-24 07:53:00+02:00,0.024532
2017-10-24 07:54:00+02:00,0.024477
2017-10-24 07:55:00+02:00,0.024258
2017-10-24 07:56:00+02:00,0.025275
2017-10-24 07:57:00+02:00,0.025922
2017-10-24 07:58:00+02:00,0.025291
2017-10-24 07:59:00+02:00,0.025047
2017-10-24 08:00:00+02:00,0.025091
2017-10-24 08:01:00+02:00,0.026054
2017-10-24 08:02:00+02:00,0.026075
2017-10-24 08:03:00+02:00,0.026063
2017-10-24 08:04:00+02:00,0.02566
2017-10-24 08:05:00+02:00,0.024884
2017-10-24 08:06:00+02:00,0.024238
2017-10-24 08:07:00+02:00,0.024542
2017-10-24 08:08:00+02:00,0.025927
2017-10-24 08:09:00+02:00,0.025242
2017-10-24 08:10:00+02:00,0.024559
2017-10-24 08:11:00+02:00,0.025031
2017-10-24 08:12:00+02:00,0.024583
2017-10-24 08:13:00+02:00,0.024146
2017-10-24 08:14:00+02:00,0.023284
2017-10-24 08:15:00+02:00,0.023742
2017-10-24 08:16:00+02:00,0.023746
2017-10-24 08:17:00+02:00,0.023454
2017-10-24 08:18:00+02:00,0.025127
2017-10-24 08:19:00+02:00,0.027938
2017-10-24 08:20:00+02:00,0.028126
2017-10-24 08:21:00+02:00,0.028009
2017-10-24 08:22:00+02:00,0.027643
2017-10-24 08:23:00+02:00,0.025787
2017-10-24 08:24:00+02:00,0.026187
2017-10-24 08:25:00+02:00,0.025438
2017-10-24 08:26:00+02:00,0.026595
2017-10-24 08:27:00+02:00,0.025856
2017-10-24 08:28:00+02:00,0.026348
2017-10-24 08:29:00+02:00,0.026728
2017-10-24 08:30:00+02:00,0.026027
2017-10-24 08:31:00+02:00,0.026403
2017-10-24 08:32:00+02:00,0.026482
2017-10-24 08:33:00+02:00,0.026562
2017-10-24 08:34:00+02:00,0.024343
2017-10-24 08:35:00+02:00,0.026524
2017-10-24 08:36:00+02:00,0.026322
2017-10-24 08:37:00+02:00,0.026041
2017-10-24 08:38:00+02:00,0.02506
2017-10-24 08:39:00+02:00,0.022715
2017-10-24 08:40:00+02:00,0.022273
2017-10-24 08:41:00+02:00,0.022267
2017-10-24 08:42:00+02:00,0.022556
2017-10-24 08:43:00+02:00,0.022871
2017-10-24 08:44:00+02:00,0.023732
2017-10-24 08:45:00+02:00,0.023496
2017-10-24 08:46:00+02:00,0.022553
2017-10-24 08:47:00+02:00,0.022486
2017-10-24 08:48:00+02:00,0.022597
2017-10-24 08:49:00+02:00,0.022431
2017-10-24 08:50:00+02:00,0.022561
2017-10-24 08:51:00+02:00,0.022715
2017-10-24 08:52:00+02:00,0.022351
2017-10-24 08:53:00+02:00,0.022607
2017-10-24 08:54:00+02:00,0.02219
2017-10-24 08:55:00+02:00,0.02048
2017-10-24 08:56:00+02:00,0.020286
2017-10-24 08:57:00+02:00,0.020458
2017-10-24 08:58:00+02:00,0.020068
2017-10-24 08:59:00+02:00,0.020603
2017-10-24 09:00:00+02:00,0.022088
2017-10-24 09:01:00+02:00,0.022
2017-10-24 09:02:00+02:00,0.022247
2017-10-24 09:03:00+02:00,0.02205
2017-10-24 09:04:00+02:00,0.021818
2017-10-24 09:05:00+02:00,0.021996
2017-10-24 09:06:00+02:00,0.021294
2017-10-24 09:07:00+02:00,0.021479
2017-10-24 09:08:00+02:00,0.022575
2017-10-24 09:09:00+02:00,0.022983
2017-10-24 09:10:00+02:00,0.023714
2017-10-24 09:11:00+02:00,0.023896
2017-10-24 09:12:00+02:00,0.024054
2017-10-24 09:13:00+02:00,0.024251
2017-10-24 09:14:00+02:00,0.024959
2017-10-24 09:15:00+02:00,0.023892
2017-10-24 09:16:00+02:00,0.021942
2017-10-24 09:17:00+02:00,0.021408
2017-10-24 09:18:00+02:00,0.021352
2017-10-24 09:19:00+02:00,0.020536
2017-10-24 09:20:00+02:00,0.020146
2017-10-24 09:21:00+02:00,0.020426
2017-10-24 09:22:00+02:00,0.025443
2017-10-24 09:23:00+02:00,0.033035
2017-10-24 09:24:00+02:00,0.033011
2017-10-24 09:25:00+02:00,0.024114
2017-10-24 09:26:00+02:00,0.023613
2017-10-24 09:27:00+02:00,0.02236
2017-10-24 09:28:00+02:00,0.021624
2017-10-24 09:29:00+02:00,0.021136
2017-10-24 09:30:00+02:00,0.021377
2017-10-24 09:31:00+02:00,0.022088
2017-10-24 09:32:00+02:00,0.022425
2017-10-24 09:33:00+02:00,0.023065
2017-10-24 09:34:00+02:00,0.022162
2017-10-24 09:35:00+02:00,0.022902
2017-10-24 09:36:00+02:00,0.025278
2017-10-24 09:37:00+02:00,0.026263
2017-10-24 09:38:00+02:00,0.025755
2017-10-24 09:39:00+02:00,0.027199
2017-10-24 09:40:00+02:00,0.026905
2017-10-24 09:41:00+02:00,0.026583
2017-10-24 09:42:00+02:00,0.026995
2017-10-24 09:43:00+02:00,0.029162
2017-10-24 09:44:00+02:00,0.024663
2017-10-24 09:45:00+02:00,0.02276
2017-10-24 09:46:00+02:00,0.023472
2017-10-24 09:47:00+02:00,0.024605
2017-10-24 09:48:00+02:00,0.02633
2017-10-24 09:49:00+02:00,0.028476
2017-10-24 09:50:00+02:00,0.028459
2017-10-24 09:51:00+02:00,0.0261
2017-10-24 09:52:00+02:00,0.022372
2017-10-24 09:53:00+02:00,0.021667
2017-10-24 09:54:00+02:00,0.024922
2017-10-24 09:55:00+02:00,0.026641
2017-10-24 09:56:00+02:00,0.027593
2017-10-24 09:57:00+02:00,0.030744
2017-10-24 09:58:00+02:00,0.030296
2017-10-24 09:59:00+02:00,0.030512
2017-10-24 10:00:00+02:00,0.030797
2017-10-24 10:01:00+02:00,0.031213
2017-10-24 10:02:00+02:00,0.031881
2017-10-24 10:03:00+02:00,0.031419
2017-10-24 10:04:00+02:00,0.030681
2017-10-24 10:05:00+02:00,0.025938
2017-10-24 10:06:00+02:00,0.02561
2017-10-24 10:07:00+02:00,0.024657
2017-10-24 10:08:00+02:00,0.024704
2017-10-24 10:09:00+02:00,0.025315
2017-10-24 10:10:00+02:00,0.027849
2017-10-24 10:11:00+02:00,0.027116
2017-10-24 10:12:00+02:00,0.028492
2017-10-24 10:13:00+02:00,0.029412
2017-10-24 10:14:00+02:00,0.029505
2017-10-24 10:15:00+02:00,0.029968
2017-10-24 10:16:00+02:00,0.030385
2017-10-24 10:17:00+02:00,0.029989
2017-10-24 10:18:00+02:00,0.029012
2017-10-24 10:19:00+02:00,0.024519
2017-10-24 10:20:00+02:00,0.021061
2017-10-24 10:21:00+02:00,0.023207
2017-10-24 10:22:00+02:00,0.021706
2017-10-24 10:23:00+02:00,0.022112
2017-10-24 10:24:00+02:00,0.024879
2017-10-24 10:25:00+02:00,0.029057
2017-10-24 10:26:00+02:00,0.030425
2017-10-24 10:27:00+02:00,0.028276
2017-10-24 10:28:00+02:00,0.025751
2017-10-24 10:29:00+02:00,0.027938
2017-10-24 10:30:00+02:00,0.027392
2017-10-24 10:31:00+02:00,0.024795
2017-10-24 10:32:00+02:00,0.024904
2017-10-24 10:33:00+02:00,0.025459
2017-10-24 10:34:00+02:00,0.026055
2017-10-24 10:35:00+02:00,0.028816
2017-10-24 10:36:00+02:00,0.029817
2017-10-24 10:37:00+02:00,0.031292
2017-10-24 10:38:00+02:00,0.02817
2017-10-24 10:39:00+02:00,0.024747
2017-10-24 10:40:00+02:00,0.026013
2017-10-24 10:41:00+02:00,0.026969
2017-10-24 10:42:00+02:00,0.027452
2017-10-24 10:43:00+02:00,0.028926
2017-10-24 10:44:00+02:00,0.029949
2017-10-24 10:45:00+02:00,0.030718
2017-10-24 10:46:00+02:00,0.030237
2017-10-24 10:47:00+02:00,0.029913
2017-10-24 10:48:00+02:00,0.031301
2017-10-24 10:49:00+02:00,0.030895
2017-10-24 10:50:00+02:00,0.03008
2017-10-24 10:51:00+02:00,0.029352
2017-10-24 10:52:00+02:00,0.029145
2017-10-24 10:53:00+02:00,0.030552
2017-10-24 10:54:00+02:00,0.027994
2017-10-24 10:55:00+02:00,0.025136
2017-10-24 10:56:00+02:00,0.025888
2017-10-24 10:57:00+02:00,0.03022
2017-10-24 10:58:00+02:00,0.031149
2017-10-24 10:59:00+02:00,0.030474
2017-10-24 11:00:00+02:00,0.029958
2017-10-24 11:01:00+02:00,0.029092
2017-10-24 11:02:00+02:00,0.026923
2017-10-24 11:03:00+02:00,0.022739
2017-10-24 11:04:00+02:00,0.025537
2017-10-24 11:05:00+02:00,0.031273
2017-10-24 11:06:00+02:00,0.032774
2017-10-24 11:07:00+02:00,0.033528
2017-10-24 11:08:00+02:00,0.03395
2017-10-24 11:09:00+02:00,0.033919
2017-10-24 11:10:00+02:00,0.033492
2017-10-24 11:11:00+02:00,0.032516
2017-10-24 11:12:00+02:00,0.028547
2017-10-24 11:13:00+02:00,0.028137
2017-10-24 11:14:00+02:00,0.027124
2017-10-24 11:15:00+02:00,0.026133
2017-10-24 11:16:00+02:00,0.026529
2017-10-24 11:17:00+02:00,0.026134
2017-10-24 11:18:00+02:00,0.026753
2017-10-24 11:19:00+02:00,0.024821
2017-10-24 11:20:00+02:00,0.023899
2017-10-24 11:21:00+02:00,0.024184
2017-10-24 11:22:00+02:00,0.022622
2017-10-24 11:23:00+02:00,0.021292
2017-10-24 11:24:00+02:00,0.023183
2017-10-24 11:25:00+02:00,0.026598
2017-10-24 11:26:00+02:00,0.026284
2017-10-24 11:27:00+02:00,0.025973
2017-10-24 11:28:00+02:00,0.025516
2017-10-24 11:29:00+02:00,0.024518
2017-10-24 11:30:00+02:00,0.024814
2017-10-24 11:31:00+02:00,0.024737
2017-10-24 11:32:00+02:00,0.025148
2017-10-24 11:33:00+02:00,0.023463
2017-10-24 11:34:00+02:00,0.02476
2017-10-24 11:35:00+02:00,0.027326
2017-10-24 11:36:00+02:00,0.025386
2017-10-24 11:37:00+02:00,0.029187
2017-10-24 11:38:00+02:00,0.031821
2017-10-24 11:39:00+02:00,0.032882
2017-10-24 11:40:00+02:00,0.029916
2017-10-24 11:41:00+02:00,0.026415
2017-10-24 11:42:00+02:00,0.024783
2017-10-24 11:43:00+02:00,0.024465
2017-10-24 11:44:00+02:00,0.023611
2017-10-24 11:45:00+02:00,0.022728
2017-10-24 11:46:00+02:00,0.023788
2017-10-24 11:47:00+02:00,0.024696
2017-10-24 11:48:00+02:00,0.025737
2017-10-24 11:49:00+02:00,0.025198
2017-10-24 11:50:00+02:00,0.024335
2017-10-24 11:51:00+02:00,0.024145
2017-10-24 11:52:00+02:00,0.018392
2017-10-24 11:53:00+02:00,0.018268
2017-10-24 11:54:00+02:00,0.018426
2017-10-24 11:55:00+02:00,0.021895
2017-10-24 11:56:00+02:00,0.021479
2017-10-24 11:57:00+02:00,0.022615
2017-10-24 11:58:00+02:00,0.027153
2017-10-24 11:59:00+02:00,0.027881
2017-10-24 12:00:00+02:00,0.027234
2017-10-24 12:01:00+02:00,0.024816
2017-10-24 12:02:00+02:00,0.024777
2017-10-24 12:03:00+02:00,0.025572
2017-10-24 12:04:00+02:00,0.022827
2017-10-24 12:05:00+02:00,0.017408
2017-10-24 12:06:00+02:00,0.017251
2017-10-24 12:07:00+02:00,0.017187
2017-10-24 12:08:00+02:00,0.017271
2017-10-24 12:09:00+02:00,0.017798
2017-10-24 12:10:00+02:00,0.020687
2017-10-24 12:11:00+02:00,0.019709
2017-10-24 12:12:00+02:00,0.023275
2017-10-24 12:13:00+02:00,0.023466
2017-10-24 12:14:00+02:00,0.025836
2017-10-24 12:15:00+02:00,0.025216
2017-10-24 12:16:00+02:00,0.025758
2017-10-24 12:17:00+02:00,0.025264
2017-10-24 12:18:00+02:00,0.025912
2017-10-24 12:19:00+02:00,0.026015
2017-10-24 12:20:00+02:00,0.026522
2017-10-24 12:21:00+02:00,0.023746
2017-10-24 12:22:00+02:00,0.022035
2017-10-24 12:23:00+02:00,0.025292
2017-10-24 12:24:00+02:00,0.026631
2017-10-24 12:25:00+02:00,0.027706
2017-10-24 12:26:00+02:00,0.027291
2017-10-24 12:27:00+02:00,0.020866
2017-10-24 12:28:00+02:00,0.020444
2017-10-24 12:29:00+02:00,0.020233
2017-10-24 12:30:00+02:00,0.019905
2017-10-24 12:31:00+02:00,0.021383
2017-10-24 12:32:00+02:00,0.021423
2017-10-24 12:33:00+02:00,0.022303
2017-10-24 12:34:00+02:00,0.024965
2017-10-24 12:35:00+02:00,0.028755
2017-10-24 12:36:00+02:00,0.031064
2017-10-24 12:37:00+02:00,0.037628
2017-10-24 12:38:00+02:00,0.041507
2017-10-24 12:39:00+02:00,0.04103
2017-10-24 12:40:00+02:00,0.036033
2017-10-24 12:41:00+02:00,0.033336
2017-10-24 12:42:00+02:00,0.034892
2017-10-24 12:43:00+02:00,0.03424
2017-10-24 12:44:00+02:00,0.034018
2017-10-24 12:45:00+02:00,0.033759
2017-10-24 12:46:00+02:00,0.03315
2017-10-24 12:47:00+02:00,0.032744
2017-10-24 12:48:00+02:00,0.027862
2017-10-24 12:49:00+02:00,0.025398
2017-10-24 12:50:00+02:00,0.028875
2017-10-24 12:51:00+02:00,0.033641
2017-10-24 12:52:00+02:00,0.033143
2017-10-24 12:53:00+02:00,0.033653
2017-10-24 12:54:00+02:00,0.034057
2017-10-24 12:55:00+02:00,0.033577
2017-10-24 12:56:00+02:00,0.032206
2017-10-24 12:57:00+02:00,0.02824
2017-10-24 12:58:00+02:00,0.028715
2017-10-24 12:59:00+02:00,0.028758
2017-10-24 13:00:00+02:00,0.02852
2017-10-24 13:01:00+02:00,0.028203
2017-10-24 13:02:00+02:00,0.028674
2017-10-24 13:03:00+02:00,0.027318
2017-10-24 13:04:00+02:00,0.02488
2017-10-24 13:05:00+02:00,0.020586
2017-10-24 13:06:00+02:00,0.019641
2017-10-24 13:07:00+02:00,0.020818
2017-10-24 13:08:00+02:00,0.021106
2017-10-24 13:09:00+02:00,0.024208
2017-10-24 13:10:00+02:00,0.031467
2017-10-24 13:11:00+02:00,0.028567
2017-10-24 13:12:00+02:00,0.02637
2017-10-24 13:13:00+02:00,0.027846
2017-10-24 13:14:00+02:00,0.02858
2017-10-24 13:15:00+02:00,0.031207
2017-10-24 13:16:00+02:00,0.031033
2017-10-24 13:17:00+02:00,0.028698
2017-10-24 13:18:00+02:00,0.028548
2017-10-24 13:19:00+02:00,0.028372
2017-10-24 13:20:00+02:00,0.03066
2017-10-24 13:21:00+02:00,0.039383
2017-10-24 13:22:00+02:00,0.04554
2017-10-24 13:23:00+02:00,0.058044
2017-10-24 13:24:00+02:00,0.075965
2017-10-24 13:25:00+02:00,0.082912
2017-10-24 13:26:00+02:00,0.082497
2017-10-24 13:27:00+02:00,0.071549
2017-10-24 13:28:00+02:00,0.057914
2017-10-24 13:29:00+02:00,0.046761
2017-10-24 13:30:00+02:00,0.041852
2017-10-24 13:31:00+02:00,0.036306
2017-10-24 13:32:00+02:00,0.033726
2017-10-24 13:33:00+02:00,0.038932
2017-10-24 13:34:00+02:00,0.041178
2017-10-24 13:35:00+02:00,0.035705
2017-10-24 13:36:00+02:00,0.035235
2017-10-24 13:37:00+02:00,0.033695
2017-10-24 13:38:00+02:00,0.041131
2017-10-24 13:39:00+02:00,0.040757
2017-10-24 13:40:00+02:00,0.040635
2017-10-24 13:41:00+02:00,0.049173
2017-10-24 13:42:00+02:00,0.047693
2017-10-24 13:43:00+02:00,0.03859
2017-10-24 13:44:00+02:00,0.034103
2017-10-24 13:45:00+02:00,0.030776
2017-10-24 13:46:00+02:00,0.029929
2017-10-24 13:47:00+02:00,0.02782
2017-10-24 13:48:00+02:00,0.026725
2017-10-24 13:49:00+02:00,0.028128
2017-10-24 13:50:00+02:00,0.026227
2017-10-24 13:51:00+02:00,0.025771
2017-10-24 13:52:00+02:00,0.025635
2017-10-24 13:53:00+02:00,0.025067
2017-10-24 13:54:00+02:00,0.025557
2017-10-24 13:55:00+02:00,0.026421
2017-10-24 13:56:00+02:00,0.025237
2017-10-24 13:57:00+02:00,0.023029
2017-10-24 13:58:00+02:00,0.022288
2017-10-24 13:59:00+02:00,0.022415
2017-10-24 14:00:00+02:00,0.021989
2017-10-24 14:01:00+02:00,0.022033
2017-10-24 14:02:00+02:00,0.023095
2017-10-24 14:03:00+02:00,0.022129
2017-10-24 14:04:00+02:00,0.021568
2017-10-24 14:05:00+02:00,0.023839
2017-10-24 14:06:00+02:00,0.024692
2017-10-24 14:07:00+02:00,0.026098
2017-10-24 14:08:00+02:00,0.034564
2017-10-24 14:09:00+02:00,0.064424
2017-10-24 14:10:00+02:00,0.073198
2017-10-24 14:11:00+02:00,0.090052
2017-10-24 14:12:00+02:00,0.077406
2017-10-24 14:13:00+02:00,0.056577
2017-10-24 14:14:00+02:00,0.065503
2017-10-24 14:15:00+02:00,0.08086
2017-10-24 14:16:00+02:00,0.095565
2017-10-24 14:17:00+02:00,0.109963
2017-10-24 14:18:00+02:00,0.116804
2017-10-24 14:19:00+02:00,0.122135
2017-10-24 14:20:00+02:00,0.087755
2017-10-24 14:21:00+02:00,0.090077
2017-10-24 14:22:00+02:00,0.094104
2017-10-24 14:23:00+02:00,0.112616
2017-10-24 14:24:00+02:00,0.122983
2017-10-24 14:25:00+02:00,0.108897
2017-10-24 14:26:00+02:00,0.092149
2017-10-24 14:27:00+02:00,0.064056
2017-10-24 14:28:00+02:00,0.057059
2017-10-24 14:29:00+02:00,0.049622
2017-10-24 14:30:00+02:00,0.045054
2017-10-24 14:31:00+02:00,0.048862
2017-10-24 14:32:00+02:00,0.074804
2017-10-24 14:33:00+02:00,0.094828
2017-10-24 14:34:00+02:00,0.081525
2017-10-24 14:35:00+02:00,0.058894
2017-10-24 14:36:00+02:00,0.049209
2017-10-24 14:37:00+02:00,0.042815
2017-10-24 14:38:00+02:00,0.040183
2017-10-24 14:39:00+02:00,0.044169
2017-10-24 14:40:00+02:00,0.042252
2017-10-24 14:41:00+02:00,0.035997
2017-10-24 14:42:00+02:00,0.029928
2017-10-24 14:43:00+02:00,0.026384
2017-10-24 14:44:00+02:00,0.023604
2017-10-24 14:45:00+02:00,0.023342
2017-10-24 14:46:00+02:00,0.021847
2017-10-24 14:47:00+02:00,0.021415
2017-10-24 14:48:00+02:00,0.021338
2017-10-24 14:49:00+02:00,0.021341
2017-10-24 14:50:00+02:00,0.021246
2017-10-24 14:51:00+02:00,0.019071
2017-10-24 14:52:00+02:00,0.018064
2017-10-24 14:53:00+02:00,0.01586
2017-10-24 14:54:00+02:00,0.014931
2017-10-24 14:55:00+02:00,0.01511
2017-10-24 14:56:00+02:00,0.014984
2017-10-24 14:57:00+02:00,0.016844
2017-10-24 14:58:00+02:00,0.016535
2017-10-24 14:59:00+02:00,0.015161
2017-10-24 15:00:00+02:00,0.015207
2017-10-24 15:01:00+02:00,0.018105
2017-10-24 15:02:00+02:00,0.02048
2017-10-24 15:03:00+02:00,0.019482
2017-10-24 15:04:00+02:00,0.020251
2017-10-24 15:05:00+02:00,0.023442
2017-10-24 15:06:00+02:00,0.023709
2017-10-24 15:07:00+02:00,0.022849
2017-10-24 15:08:00+02:00,0.023924
2017-10-24 15:09:00+02:00,0.025026
2017-10-24 15:10:00+02:00,0.024976
2017-10-24 15:11:00+02:00,0.023602
2017-10-24 15:12:00+02:00,0.022325
2017-10-24 15:13:00+02:00,0.023547
2017-10-24 15:14:00+02:00,0.020682
2017-10-24 15:15:00+02:00,0.020198
2017-10-24 15:16:00+02:00,0.021678
2017-10-24 15:17:00+02:00,0.022416
2017-10-24 15:18:00+02:00,0.022774
2017-10-24 15:19:00+02:00,0.021403
2017-10-24 15:20:00+02:00,0.021423
2017-10-24 15:21:00+02:00,0.022607
2017-10-24 15:22:00+02:00,0.024013
2017-10-24 15:23:00+02:00,0.02174
2017-10-24 15:24:00+02:00,0.020509
2017-10-24 15:25:00+02:00,0.02288
2017-10-24 15:26:00+02:00,0.023183
2017-10-24 15:27:00+02:00,0.022837
2017-10-24 15:28:00+02:00,0.022361
2017-10-24 15:29:00+02:00,0.02304
2017-10-24 15:30:00+02:00,0.023036
2017-10-24 15:31:00+02:00,0.023295
2017-10-24 15:32:00+02:00,0.023863
2017-10-24 15:33:00+02:00,0.023135
2017-10-24 15:34:00+02:00,0.022128
2017-10-24 15:35:00+02:00,0.02246
2017-10-24 15:36:00+02:00,0.022104
2017-10-24 15:37:00+02:00,0.020871
2017-10-24 15:38:00+02:00,0.019649
2017-10-24 15:39:00+02:00,0.019955
2017-10-24 15:40:00+02:00,0.019516
2017-10-24 15:41:00+02:00,0.019277
2017-10-24 15:42:00+02:00,0.019383
2017-10-24 15:43:00+02:00,0.019357
2017-10-24 15:44:00+02:00,0.01794
2017-10-24 15:45:00+02:00,0.015123
2017-10-24 15:46:00+02:00,0.01368
2017-10-24 15:47:00+02:00,0.014088
2017-10-24 15:48:00+02:00,0.014765
2017-10-24 15:49:00+02:00,0.016176
2017-10-24 15:50:00+02:00,0.016824
2017-10-24 15:51:00+02:00,0.017142
2017-10-24 15:52:00+02:00,0.017216
2017-10-24 15:53:00+02:00,0.017517
2017-10-24 15:54:00+02:00,0.017032
2017-10-24 15:55:00+02:00,0.017605
2017-10-24 15:56:00+02:00,0.018191
2017-10-24 15:57:00+02:00,0.016241
2017-10-24 15:58:00+02:00,0.016084
2017-10-24 15:59:00+02:00,0.01711
2017-10-24 16:00:00+02:00,0.019265
2017-10-24 16:01:00+02:00,0.020201
2017-10-24 16:02:00+02:00,0.020514
2017-10-24 16:03:00+02:00,0.019819
2017-10-24 16:04:00+02:00,0.02173
2017-10-24 16:05:00+02:00,0.021974
2017-10-24 16:06:00+02:00,0.02039
2017-10-24 16:07:00+02:00,0.020486
2017-10-24 16:08:00+02:00,0.020521
2017-10-24 16:09:00+02:00,0.019565
2017-10-24 16:10:00+02:00,0.017719
2017-10-24 16:11:00+02:00,0.018027
2017-10-24 16:12:00+02:00,0.018411
2017-10-24 16:13:00+02:00,0.018795
2017-10-24 16:14:00+02:00,0.017233
2017-10-24 16:15:00+02:00,0.017323
2017-10-24 16:16:00+02:00,0.018147
2017-10-24 16:17:00+02:00,0.018361
2017-10-24 16:18:00+02:00,0.017984
2017-10-24 16:19:00+02:00,0.017749
2017-10-24 16:20:00+02:00,0.018077
2017-10-24 16:21:00+02:00,0.021914
2017-10-24 16:22:00+02:00,0.018311
2017-10-24 16:23:00+02:00,0.018297
2017-10-24 16:24:00+02:00,0.0175
2017-10-24 16:25:00+02:00,0.020188
2017-10-24 16:26:00+02:00,0.020705
2017-10-24 16:27:00+02:00,0.021392
2017-10-24 16:28:00+02:00,0.023562
2017-10-24 16:29:00+02:00,0.023427
2017-10-24 16:30:00+02:00,0.024443
2017-10-24 16:31:00+02:00,0.023813
2017-10-24 16:32:00+02:00,0.022305
2017-10-24 16:33:00+02:00,0.022419
2017-10-24 16:34:00+02:00,0.02263
2017-10-24 16:35:00+02:00,0.02325
2017-10-24 16:36:00+02:00,0.02385
2017-10-24 16:37:00+02:00,0.02729
2017-10-24 16:38:00+02:00,0.026608
2017-10-24 16:39:00+02:00,0.023953
2017-10-24 16:40:00+02:00,0.022354
2017-10-24 16:41:00+02:00,0.022322
2017-10-24 16:42:00+02:00,0.021747
2017-10-24 16:43:00+02:00,0.021968
2017-10-24 16:44:00+02:00,0.021936
2017-10-24 16:45:00+02:00,0.023429
2017-10-24 16:46:00+02:00,0.024686
2017-10-24 16:47:00+02:00,0.023645
2017-10-24 16:48:00+02:00,0.025432
2017-10-24 16:49:00+02:00,0.028028
2017-10-24 16:50:00+02:00,0.025561
2017-10-24 16:51:00+02:00,0.025857
2017-10-24 16:52:00+02:00,0.029492
2017-10-24 16:53:00+02:00,0.028752
2017-10-24 16:54:00+02:00,0.029319
2017-10-24 16:55:00+02:00,0.031139
2017-10-24 16:56:00+02:00,0.031002
2017-10-24 16:57:00+02:00,0.029637
2017-10-24 16:58:00+02:00,0.028006
2017-10-24 16:59:00+02:00,0.02798
2017-10-24 17:00:00+02:00,0.029891
2017-10-24 17:01:00+02:00,0.031651
2017-10-24 17:02:00+02:00,0.030132
2017-10-24 17:03:00+02:00,0.030214
2017-10-24 17:04:00+02:00,0.030608
2017-10-24 17:05:00+02:00,0.033099
2017-10-24 17:06:00+02:00,0.032546
2017-10-24 17:07:00+02:00,0.027411
2017-10-24 17:08:00+02:00,0.025834
2017-10-24 17:09:00+02:00,0.026184
2017-10-24 17:10:00+02:00,0.029313
2017-10-24 17:11:00+02:00,0.027925
2017-10-24 17:12:00+02:00,0.026421
2017-10-24 17:13:00+02:00,0.027221
2017-10-24 17:14:00+02:00,0.028712
2017-10-24 17:15:00+02:00,0.028357
2017-10-24 17:16:00+02:00,0.027309
2017-10-24 17:17:00+02:00,0.027414
2017-10-24 17:18:00+02:00,0.027373
2017-10-24 17:19:00+02:00,0.027205
2017-10-24 17:20:00+02:00,0.026744
2017-10-24 17:21:00+02:00,0.026049
2017-10-24 17:22:00+02:00,0.026132
2017-10-24 17:23:00+02:00,0.029091
2017-10-24 17:24:00+02:00,0.035146
2017-10-24 17:25:00+02:00,0.036712
2017-10-24 17:26:00+02:00,0.033515
2017-10-24 17:27:00+02:00,0.033817
2017-10-24 17:28:00+02:00,0.035957
2017-10-24 17:29:00+02:00,0.042463
2017-10-24 17:30:00+02:00,0.043891
2017-10-24 17:31:00+02:00,0.034585
2017-10-24 17:32:00+02:00,0.035509
2017-10-24 17:33:00+02:00,0.032143
2017-10-24 17:34:00+02:00,0.032656
2017-10-24 17:35:00+02:00,0.037826
2017-10-24 17:36:00+02:00,0.039468
2017-10-24 17:37:00+02:00,0.038327
2017-10-24 17:38:00+02:00,0.038264
2017-10-24 17:39:00+02:00,0.035209
2017-10-24 17:40:00+02:00,0.031885
2017-10-24 17:41:00+02:00,0.032199
2017-10-24 17:42:00+02:00,0.031084
2017-10-24 17:43:00+02:00,0.033413
2017-10-24 17:44:00+02:00,0.036822
2017-10-24 17:45:00+02:00,0.034516
2017-10-24 17:46:00+02:00,0.034202
2017-10-24 17:47:00+02:00,0.035092
2017-10-24 17:48:00+02:00,0.036186
2017-10-24 17:49:00+02:00,0.034709
2017-10-24 17:50:00+02:00,0.024092
2017-10-24 17:51:00+02:00,0.027377
2017-10-24 17:52:00+02:00,0.033988
2017-10-24 17:53:00+02:00,0.033029
2017-10-24 17:54:00+02:00,0.033095
2017-10-24 17:55:00+02:00,0.032233
2017-10-24 17:56:00+02:00,0.032745
2017-10-24 17:57:00+02:00,0.030424
2017-10-24 17:58:00+02:00,0.029916
2017-10-24 17:59:00+02:00,0.028813
2017-10-24 18:00:00+02:00,0.023365
2017-10-24 18:01:00+02:00,0.022934
2017-10-24 18:02:00+02:00,0.0231
2017-10-24 18:03:00+02:00,0.022914
2017-10-24 18:04:00+02:00,0.023644
2017-10-24 18:05:00+02:00,0.024573
2017-10-24 18:06:00+02:00,0.024316
2017-10-24 18:07:00+02:00,0.027465
2017-10-24 18:08:00+02:00,0.027448
2017-10-24 18:09:00+02:00,0.025942
2017-10-24 18:10:00+02:00,0.028332
2017-10-24 18:11:00+02:00,0.028592
2017-10-24 18:12:00+02:00,0.030931
2017-10-24 18:13:00+02:00,0.029845
2017-10-24 18:14:00+02:00,0.028254
2017-10-24 18:15:00+02:00,0.027174
2017-10-24 18:16:00+02:00,0.027536
2017-10-24 18:17:00+02:00,0.027625
2017-10-24 18:18:00+02:00,0.027503
2017-10-24 18:19:00+02:00,0.027044
2017-10-24 18:20:00+02:00,0.027523
2017-10-24 18:21:00+02:00,0.029263
2017-10-24 18:22:00+02:00,0.028038
2017-10-24 18:23:00+02:00,0.030477
2017-10-24 18:24:00+02:00,0.031118
2017-10-24 18:25:00+02:00,0.02964
2017-10-24 18:26:00+02:00,0.028532
2017-10-24 18:27:00+02:00,0.030959
2017-10-24 18:28:00+02:00,0.028428
2017-10-24 18:29:00+02:00,0.028608
2017-10-24 18:30:00+02:00,0.032095
2017-10-24 18:31:00+02:00,0.031859
2017-10-24 18:32:00+02:00,0.031125
2017-10-24 18:33:00+02:00,0.034254
2017-10-24 18:34:00+02:00,0.035394
2017-10-24 18:35:00+02:00,0.031491
2017-10-24 18:36:00+02:00,0.031587
2017-10-24 18:37:00+02:00,0.033323
2017-10-24 18:38:00+02:00,0.033533
2017-10-24 18:39:00+02:00,0.033776
2017-10-24 18:40:00+02:00,0.030609
2017-10-24 18:41:00+02:00,0.029755
2017-10-24 18:42:00+02:00,0.030664
2017-10-24 18:43:00+02:00,0.031025
2017-10-24 18:44:00+02:00,0.028953
2017-10-24 18:45:00+02:00,0.027958
2017-10-24 18:46:00+02:00,0.025749
2017-10-24 18:47:00+02:00,0.025957
2017-10-24 18:48:00+02:00,0.026383
2017-10-24 18:49:00+02:00,0.027336
2017-10-24 18:50:00+02:00,0.029191
2017-10-24 18:51:00+02:00,0.028842
2017-10-24 18:52:00+02:00,0.028811
2017-10-24 18:53:00+02:00,0.029098
2017-10-24 18:54:00+02:00,0.026334
2017-10-24 18:55:00+02:00,0.027274
2017-10-24 18:56:00+02:00,0.026975
2017-10-24 18:57:00+02:00,0.026314
2017-10-24 18:58:00+02:00,0.027098
2017-10-24 18:59:00+02:00,0.027389
2017-10-24 19:00:00+02:00,0.030063
2017-10-24 19:01:00+02:00,0.030857
2017-10-24 19:02:00+02:00,0.031883
2017-10-24 19:03:00+02:00,0.033197
2017-10-24 19:04:00+02:00,0.03406
2017-10-24 19:05:00+02:00,0.033474
2017-10-24 19:06:00+02:00,0.033723
2017-10-24 19:07:00+02:00,0.033424
2017-10-24 19:08:00+02:00,0.033618
2017-10-24 19:09:00+02:00,0.033047
2017-10-24 19:10:00+02:00,0.03342
2017-10-24 19:11:00+02:00,0.034822
2017-10-24 19:12:00+02:00,0.037002
2017-10-24 19:13:00+02:00,0.035823
2017-10-24 19:14:00+02:00,0.034076
2017-10-24 19:15:00+02:00,0.0349
2017-10-24 19:16:00+02:00,0.041088
2017-10-24 19:17:00+02:00,0.0414
2017-10-24 19:18:00+02:00,0.042155
2017-10-24 19:19:00+02:00,0.041013
2017-10-24 19:20:00+02:00,0.039472
2017-10-24 19:21:00+02:00,0.039348
2017-10-24 19:22:00+02:00,0.036149
2017-10-24 19:23:00+02:00,0.028847
2017-10-24 19:24:00+02:00,0.026909
2017-10-24 19:25:00+02:00,0.026587
2017-10-24 19:26:00+02:00,0.02722
2017-10-24 19:27:00+02:00,0.026401
2017-10-24 19:28:00+02:00,0.025992
2017-10-24 19:29:00+02:00,0.025268
2017-10-24 19:30:00+02:00,0.024455
2017-10-24 19:31:00+02:00,0.025043
2017-10-24 19:32:00+02:00,0.025922
2017-10-24 19:33:00+02:00,0.025425
2017-10-24 19:34:00+02:00,0.025034
2017-10-24 19:35:00+02:00,0.026172
2017-10-24 19:36:00+02:00,0.025874
2017-10-24 19:37:00+02:00,0.023326
2017-10-24 19:38:00+02:00,0.023916
2017-10-24 19:39:00+02:00,0.023191
2017-10-24 19:40:00+02:00,0.022826
2017-10-24 19:41:00+02:00,0.020881
2017-10-24 19:42:00+02:00,0.023308
2017-10-24 19:43:00+02:00,0.02557
2017-10-24 19:44:00+02:00,0.027696
2017-10-24 19:45:00+02:00,0.031973
2017-10-24 19:46:00+02:00,0.032149
2017-10-24 19:47:00+02:00,0.030645
2017-10-24 19:48:00+02:00,0.031445
2017-10-24 19:49:00+02:00,0.031551
2017-10-24 19:50:00+02:00,0.031379
2017-10-24 19:51:00+02:00,0.032687
2017-10-24 19:52:00+02:00,0.034301
2017-10-24 19:53:00+02:00,0.034675
2017-10-24 19:54:00+02:00,0.034268
2017-10-24 19:55:00+02:00,0.033479
2017-10-24 19:56:00+02:00,0.033309
2017-10-24 19:57:00+02:00,0.034163
2017-10-24 19:58:00+02:00,0.032405
2017-10-24 19:59:00+02:00,0.031288
2017-10-24 20:00:00+02:00,0.031849
2017-10-24 20:01:00+02:00,0.033059
2017-10-24 20:02:00+02:00,0.032521
2017-10-24 20:03:00+02:00,0.034743
2017-10-24 20:04:00+02:00,0.033145
2017-10-24 20:05:00+02:00,0.030971
2017-10-24 20:06:00+02:00,0.032428
2017-10-24 20:07:00+02:00,0.034065
2017-10-24 20:08:00+02:00,0.034573
2017-10-24 20:09:00+02:00,0.034724
2017-10-24 20:10:00+02:00,0.032424
2017-10-24 20:11:00+02:00,0.033383
2017-10-24 20:12:00+02:00,0.031908
2017-10-24 20:13:00+02:00,0.032552
2017-10-24 20:14:00+02:00,0.032277
2017-10-24 20:15:00+02:00,0.032138
2017-10-24 20:16:00+02:00,0.029413
2017-10-24 20:17:00+02:00,0.029147
2017-10-24 20:18:00+02:00,0.02867
2017-10-24 20:19:00+02:00,0.029922
2017-10-24 20:20:00+02:00,0.031595
2017-10-24 20:21:00+02:00,0.039399
2017-10-24 20:22:00+02:00,0.039312
2017-10-24 20:23:00+02:00,0.036528
2017-10-24 20:24:00+02:00,0.041205
2017-10-24 20:25:00+02:00,0.044407
2017-10-24 20:26:00+02:00,0.045242
2017-10-24 20:27:00+02:00,0.0479
2017-10-24 20:28:00+02:00,0.045823
2017-10-24 20:29:00+02:00,0.042079
2017-10-24 20:30:00+02:00,0.04266
2017-10-24 20:31:00+02:00,0.035273
2017-10-24 20:32:00+02:00,0.035666
2017-10-24 20:33:00+02:00,0.034736
2017-10-24 20:34:00+02:00,0.032161
2017-10-24 20:35:00+02:00,0.030009
2017-10-24 20:36:00+02:00,0.02863
2017-10-24 20:37:00+02:00,0.028486
2017-10-24 20:38:00+02:00,0.029021
2017-10-24 20:39:00+02:00,0.030007
2017-10-24 20:40:00+02:00,0.030315
2017-10-24 20:41:00+02:00,0.0342
2017-10-24 20:42:00+02:00,0.039744
2017-10-24 20:43:00+02:00,0.038658
2017-10-24 20:44:00+02:00,0.036985
2017-10-24 20:45:00+02:00,0.044636
2017-10-24 20:46:00+02:00,0.039067
2017-10-24 20:47:00+02:00,0.039329
2017-10-24 20:48:00+02:00,0.039619
2017-10-24 20:49:00+02:00,0.039018
2017-10-24 20:50:00+02:00,0.038341
2017-10-24 20:51:00+02:00,0.035665
2017-10-24 20:52:00+02:00,0.033036
2017-10-24 20:53:00+02:00,0.030812
2017-10-24 20:54:00+02:00,0.032011
2017-10-24 20:55:00+02:00,0.032699
2017-10-24 20:56:00+02:00,0.031873
2017-10-24 20:57:00+02:00,0.031284
2017-10-24 20:58:00+02:00,0.03214
2017-10-24 20:59:00+02:00,0.031974
2017-10-24 21:00:00+02:00,0.030767
2017-10-24 21:01:00+02:00,0.030267
2017-10-24 21:02:00+02:00,0.029651
2017-10-24 21:03:00+02:00,0.030246
2017-10-24 21:04:00+02:00,0.028737
2017-10-24 21:05:00+02:00,0.027784
2017-10-24 21:06:00+02:00,0.028722
2017-10-24 21:07:00+02:00,0.028587
2017-10-24 21:08:00+02:00,0.029696
2017-10-24 21:09:00+02:00,0.029945
2017-10-24 21:10:00+02:00,0.029929
2017-10-24 21:11:00+02:00,0.032346
2017-10-24 21:12:00+02:00,0.032083
2017-10-24 21:13:00+02:00,0.032536
2017-10-24 21:14:00+02:00,0.032413
2017-10-24 21:15:00+02:00,0.031525
2017-10-24 21:16:00+02:00,0.033234
2017-10-24 21:17:00+02:00,0.033766
2017-10-24 21:18:00+02:00,0.033217
2017-10-24 21:19:00+02:00,0.034561
2017-10-24 21:20:00+02:00,0.035445
2017-10-24 21:21:00+02:00,0.034927
2017-10-24 21:22:00+02:00,0.034366
2017-10-24 21:23:00+02:00,0.034508
2017-10-24 21:24:00+02:00,0.039992
2017-10-24 21:25:00+02:00,0.039337
2017-10-24 21:26:00+02:00,0.040529
2017-10-24 21:27:00+02:00,0.03799
2017-10-24 21:28:00+02:00,0.038663
2017-10-24 21:29:00+02:00,0.038122
2017-10-24 21:30:00+02:00,0.039717
2017-10-24 21:31:00+02:00,0.037098
2017-10-24 21:32:00+02:00,0.037174
2017-10-24 21:33:00+02:00,0.03688
2017-10-24 21:34:00+02:00,0.035395
2017-10-24 21:35:00+02:00,0.033063
2017-10-24 21:36:00+02:00,0.03116
2017-10-24 21:37:00+02:00,0.033307
2017-10-24 21:38:00+02:00,0.038859
2017-10-24 21:39:00+02:00,0.034578
2017-10-24 21:40:00+02:00,0.033713
2017-10-24 21:41:00+02:00,0.038441
2017-10-24 21:42:00+02:00,0.038047
2017-10-24 21:43:00+02:00,0.040729
2017-10-24 21:44:00+02:00,0.041618
2017-10-24 21:45:00+02:00,0.042779
2017-10-24 21:46:00+02:00,0.046991
2017-10-24 21:47:00+02:00,0.046681
2017-10-24 21:48:00+02:00,0.044182
2017-10-24 21:49:00+02:00,0.044201
2017-10-24 21:50:00+02:00,0.037199
2017-10-24 21:51:00+02:00,0.038496
2017-10-24 21:52:00+02:00,0.033312
2017-10-24 21:53:00+02:00,0.030721
2017-10-24 21:54:00+02:00,0.033363
2017-10-24 21:55:00+02:00,0.033309
2017-10-24 21:56:00+02:00,0.03302
2017-10-24 21:57:00+02:00,0.031372
2017-10-24 21:58:00+02:00,0.030191
2017-10-24 21:59:00+02:00,0.029412
2017-10-24 22:00:00+02:00,0.029698
2017-10-24 22:01:00+02:00,0.029791
2017-10-24 22:02:00+02:00,0.030518
2017-10-24 22:03:00+02:00,0.030454
2017-10-24 22:04:00+02:00,0.029194
2017-10-24 22:05:00+02:00,0.02938
2017-10-24 22:06:00+02:00,0.027285
2017-10-24 22:07:00+02:00,0.028186
2017-10-24 22:08:00+02:00,0.028968
2017-10-24 22:09:00+02:00,0.027839
2017-10-24 22:10:00+02:00,0.028929
2017-10-24 22:11:00+02:00,0.028343
2017-10-24 22:12:00+02:00,0.027583
2017-10-24 22:13:00+02:00,0.026228
2017-10-24 22:14:00+02:00,0.030464
2017-10-24 22:15:00+02:00,0.03157
2017-10-24 22:16:00+02:00,0.036994
2017-10-24 22:17:00+02:00,0.036358
2017-10-24 22:18:00+02:00,0.034245
2017-10-24 22:19:00+02:00,0.034607
2017-10-24 22:20:00+02:00,0.033855
2017-10-24 22:21:00+02:00,0.028202
2017-10-24 22:22:00+02:00,0.028025
2017-10-24 22:23:00+02:00,0.027563
2017-10-24 22:24:00+02:00,0.027364
2017-10-24 22:25:00+02:00,0.033783
2017-10-24 22:26:00+02:00,0.029629
2017-10-24 22:27:00+02:00,0.027077
2017-10-24 22:28:00+02:00,0.029101
2017-10-24 22:29:00+02:00,0.02852
2017-10-24 22:30:00+02:00,0.030315
2017-10-24 22:31:00+02:00,0.031959
2017-10-24 22:32:00+02:00,0.034053
2017-10-24 22:33:00+02:00,0.035966
2017-10-24 22:34:00+02:00,0.036646
2017-10-24 22:35:00+02:00,0.035335
2017-10-24 22:36:00+02:00,0.03252
2017-10-24 22:37:00+02:00,0.031012
2017-10-24 22:38:00+02:00,0.03058
2017-10-24 22:39:00+02:00,0.034685
2017-10-24 22:40:00+02:00,0.030324
2017-10-24 22:41:00+02:00,0.029998
2017-10-24 22:42:00+02:00,0.030916
2017-10-24 22:43:00+02:00,0.029123
2017-10-24 22:44:00+02:00,0.027139
2017-10-24 22:45:00+02:00,0.027582
2017-10-24 22:46:00+02:00,0.022181
2017-10-24 22:47:00+02:00,0.021453
2017-10-24 22:48:00+02:00,0.019753
2017-10-24 22:49:00+02:00,0.02019
2017-10-24 22:50:00+02:00,0.017929
2017-10-24 22:51:00+02:00,0.019482
2017-10-24 22:52:00+02:00,0.018392
2017-10-24 22:53:00+02:00,0.016545
2017-10-24 22:54:00+02:00,0.01669
2017-10-24 22:55:00+02:00,0.018321
2017-10-24 22:56:00+02:00,0.019614
2017-10-24 22:57:00+02:00,0.020422
2017-10-24 22:58:00+02:00,0.020772
2017-10-24 22:59:00+02:00,0.020094
2017-10-24 23:00:00+02:00,0.020433
2017-10-24 23:01:00+02:00,0.021651
2017-10-24 23:02:00+02:00,0.022034
2017-10-24 23:03:00+02:00,0.023142
2017-10-24 23:04:00+02:00,0.023992
2017-10-24 23:05:00+02:00,0.024422
2017-10-24 23:06:00+02:00,0.024246
2017-10-24 23:07:00+02:00,0.025002
2017-10-24 23:08:00+02:00,0.026105
2017-10-24 23:09:00+02:00,0.025803
2017-10-24 23:10:00+02:00,0.023696
2017-10-24 23:11:00+02:00,0.023756
2017-10-24 23:12:00+02:00,0.021867
2017-10-24 23:13:00+02:00,0.021369
2017-10-24 23:14:00+02:00,0.021437
2017-10-24 23:15:00+02:00,0.019878
2017-10-24 23:16:00+02:00,0.019295
2017-10-24 23:17:00+02:00,0.021338
2017-10-24 23:18:00+02:00,0.021881
2017-10-24 23:19:00+02:00,0.020173
2017-10-24 23:20:00+02:00,0.018612
2017-10-24 23:21:00+02:00,0.01918
2017-10-24 23:22:00+02:00,0.019465
2017-10-24 23:23:00+02:00,0.018468
2017-10-24 23:24:00+02:00,0.017662
2017-10-24 23:25:00+02:00,0.017115
2017-10-24 23:26:00+02:00,0.016805
2017-10-24 23:27:00+02:00,0.0159
2017-10-24 23:28:00+02:00,0.014616
2017-10-24 23:29:00+02:00,0.012934
2017-10-24 23:30:00+02:00,0.013253
2017-10-24 23:31:00+02:00,0.014385
2017-10-24 23:32:00+02:00,0.015529
2017-10-24 23:33:00+02:00,0.01497
2017-10-24 23:34:00+02:00,0.014066
2017-10-24 23:35:00+02:00,0.017019
2017-10-24 23:36:00+02:00,0.015879
2017-10-24 23:37:00+02:00,0.013496
2017-10-24 23:38:00+02:00,0.012745
2017-10-24 23:39:00+02:00,0.012647
2017-10-24 23:40:00+02:00,0.012739
2017-10-24 23:41:00+02:00,0.012392
2017-10-24 23:42:00+02:00,0.012811
2017-10-24 23:43:00+02:00,0.013527
2017-10-24 23:44:00+02:00,0.013853
2017-10-24 23:45:00+02:00,0.014048
2017-10-24 23:46:00+02:00,0.013703
2017-10-24 23:47:00+02:00,0.012741
2017-10-24 23:48:00+02:00,0.013473
2017-10-24 23:49:00+02:00,0.013316
2017-10-24 23:50:00+02:00,0.013117
2017-10-24 23:51:00+02:00,0.013115
2017-10-24 23:52:00+02:00,0.011587
2017-10-24 23:53:00+02:00,0.011639
2017-10-24 23:54:00+02:00,0.011754
2017-10-24 23:55:00+02:00,0.011062
2017-10-24 23:56:00+02:00,0.011314
2017-10-24 23:57:00+02:00,0.010919
2017-10-24 23:58:00+02:00,0.010685
2017-10-24 23:59:00+02:00,0.010363
2017-10-25 00:00:00+02:00,0.010784
2017-10-25 00:01:00+02:00,0.011274
2017-10-25 00:02:00+02:00,0.011246
2017-10-25 00:03:00+02:00,0.011446
2017-10-25 00:04:00+02:00,0.012247
2017-10-25 00:05:00+02:00,0.013268
2017-10-25 00:06:00+02:00,0.013658
2017-10-25 00:07:00+02:00,0.013818
2017-10-25 00:08:00+02:00,0.01439
2017-10-25 00:09:00+02:00,0.014324
2017-10-25 00:10:00+02:00,0.013793
2017-10-25 00:11:00+02:00,0.013862
2017-10-25 00:12:00+02:00,0.01411
2017-10-25 00:13:00+02:00,0.013372
2017-10-25 00:14:00+02:00,0.012879
2017-10-25 00:15:00+02:00,0.014664
2017-10-25 00:16:00+02:00,0.013149
2017-10-25 00:17:00+02:00,0.012201
2017-10-25 00:18:00+02:00,0.011801
2017-10-25 00:19:00+02:00,0.01159
2017-10-25 00:20:00+02:00,0.011391
2017-10-25 00:21:00+02:00,0.013621
2017-10-25 00:22:00+02:00,0.019992
2017-10-25 00:23:00+02:00,0.017977
2017-10-25 00:24:00+02:00,0.017106
2017-10-25 00:25:00+02:00,0.016973
2017-10-25 00:26:00+02:00,0.017686
2017-10-25 00:27:00+02:00,0.016679
2017-10-25 00:28:00+02:00,0.014483
2017-10-25 00:29:00+02:00,0.013337
2017-10-25 00:30:00+02:00,0.012756
2017-10-25 00:31:00+02:00,0.011705
2017-10-25 00:32:00+02:00,0.011688
2017-10-25 00:33:00+02:00,0.011216
2017-10-25 00:34:00+02:00,0.010354
2017-10-25 00:35:00+02:00,0.0092
2017-10-25 00:36:00+02:00,0.009543
2017-10-25 00:37:00+02:00,0.00821
2017-10-25 00:38:00+02:00,0.005851
2017-10-25 00:39:00+02:00,0.005741
2017-10-25 00:40:00+02:00,0.00803
2017-10-25 00:41:00+02:00,0.008295
2017-10-25 00:42:00+02:00,0.00844
2017-10-25 00:43:00+02:00,0.0079
2017-10-25 00:44:00+02:00,0.008629
2017-10-25 00:45:00+02:00,0.010347
2017-10-25 00:46:00+02:00,0.010767
2017-10-25 00:47:00+02:00,0.011412
2017-10-25 00:48:00+02:00,0.011839
2017-10-25 00:49:00+02:00,0.011778
2017-10-25 00:50:00+02:00,0.011401
2017-10-25 00:51:00+02:00,0.011311
2017-10-25 00:52:00+02:00,0.011178
2017-10-25 00:53:00+02:00,0.010828
2017-10-25 00:54:00+02:00,0.010606
2017-10-25 00:55:00+02:00,0.013292
2017-10-25 00:56:00+02:00,0.012603
2017-10-25 00:57:00+02:00,0.011253
2017-10-25 00:58:00+02:00,0.011381
2017-10-25 00:59:00+02:00,0.010168
2017-10-25 01:00:00+02:00,0.008989
2017-10-25 01:01:00+02:00,0.006548
2017-10-25 01:02:00+02:00,0.004836
2017-10-25 01:03:00+02:00,0.00521
2017-10-25 01:04:00+02:00,0.004537
2017-10-25 01:05:00+02:00,0.004192
2017-10-25 01:06:00+02:00,0.004069
2017-10-25 01:07:00+02:00,0.00391
2017-10-25 01:08:00+02:00,0.004724
2017-10-25 01:09:00+02:00,0.005965
2017-10-25 01:10:00+02:00,0.005166
2017-10-25 01:11:00+02:00,0.005329
2017-10-25 01:12:00+02:00,0.005473
2017-10-25 01:13:00+02:00,0.005872
2017-10-25 01:14:00+02:00,0.006222
2017-10-25 01:15:00+02:00,0.006139
2017-10-25 01:16:00+02:00,0.006513
2017-10-25 01:17:00+02:00,0.006759
2017-10-25 01:18:00+02:00,0.006657
2017-10-25 01:19:00+02:00,0.006755
2017-10-25 01:20:00+02:00,0.006697
2017-10-25 01:21:00+02:00,0.006285
2017-10-25 01:22:00+02:00,0.005907
2017-10-25 01:23:00+02:00,0.005718
2017-10-25 01:24:00+02:00,0.006163
2017-10-25 01:25:00+02:00,0.00543
2017-10-25 01:26:00+02:00,0.005863
2017-10-25 01:27:00+02:00,0.006301
2017-10-25 01:28:00+02:00,0.006803
2017-10-25 01:29:00+02:00,0.006928
2017-10-25 01:30:00+02:00,0.007782
2017-10-25 01:31:00+02:00,0.00755
2017-10-25 01:32:00+02:00,0.007833
2017-10-25 01:33:00+02:00,0.007309
2017-10-25 01:34:00+02:00,0.006965
2017-10-25 01:35:00+02:00,0.00633
2017-10-25 01:36:00+02:00,0.005524
2017-10-25 01:37:00+02:00,0.005039
2017-10-25 01:38:00+02:00,0.005811
2017-10-25 01:39:00+02:00,0.005047
2017-10-25 01:40:00+02:00,0.005574
2017-10-25 01:41:00+02:00,0.005986
2017-10-25 01:42:00+02:00,0.006374
2017-10-25 01:43:00+02:00,0.006671
2017-10-25 01:44:00+02:00,0.005793
2017-10-25 01:45:00+02:00,0.005571
2017-10-25 01:46:00+02:00,0.005583
2017-10-25 01:47:00+02:00,0.005334
2017-10-25 01:48:00+02:00,0.005098
2017-10-25 01:49:00+02:00,0.005362
2017-10-25 01:50:00+02:00,0.005393
2017-10-25 01:51:00+02:00,0.005419
2017-10-25 01:52:00+02:00,0.00463
2017-10-25 01:53:00+02:00,0.004905
2017-10-25 01:54:00+02:00,0.004194
2017-10-25 01:55:00+02:00,0.00518
2017-10-25 01:56:00+02:00,0.003804
2017-10-25 01:57:00+02:00,0.003323
2017-10-25 01:58:00+02:00,0.003037
2017-10-25 01:59:00+02:00,0.003271
2017-10-25 02:00:00+02:00,0.003956
2017-10-25 02:01:00+02:00,0.004393
2017-10-25 02:02:00+02:00,0.004636
2017-10-25 02:03:00+02:00,0.004365
2017-10-25 02:04:00+02:00,0.00505
2017-10-25 02:05:00+02:00,0.004493
2017-10-25 02:06:00+02:00,0.003593
2017-10-25 02:07:00+02:00,0.002512
2017-10-25 02:08:00+02:00,0.003725
2017-10-25 02:09:00+02:00,0.00384
2017-10-25 02:10:00+02:00,0.004158
2017-10-25 02:11:00+02:00,0.004623
2017-10-25 02:12:00+02:00,0.004629
2017-10-25 02:13:00+02:00,0.004556
2017-10-25 02:14:00+02:00,0.004688
2017-10-25 02:15:00+02:00,0.00439
2017-10-25 02:16:00+02:00,0.00484
2017-10-25 02:17:00+02:00,0.005386
2017-10-25 02:18:00+02:00,0.005235
2017-10-25 02:19:00+02:00,0.004135
2017-10-25 02:20:00+02:00,0.004198
2017-10-25 02:21:00+02:00,0.00432
2017-10-25 02:22:00+02:00,0.004912
2017-10-25 02:23:00+02:00,0.004337
2017-10-25 02:24:00+02:00,0.003627
2017-10-25 02:25:00+02:00,0.003955
2017-10-25 02:26:00+02:00,0.003807
2017-10-25 02:27:00+02:00,0.004409
2017-10-25 02:28:00+02:00,0.005714
2017-10-25 02:29:00+02:00,0.006296
2017-10-25 02:30:00+02:00,0.006631
2017-10-25 02:31:00+02:00,0.00683
2017-10-25 02:32:00+02:00,0.006087
2017-10-25 02:33:00+02:00,0.005873
2017-10-25 02:34:00+02:00,0.006423
2017-10-25 02:35:00+02:00,0.006151
2017-10-25 02:36:00+02:00,0.006067
2017-10-25 02:37:00+02:00,0.006105
2017-10-25 02:38:00+02:00,0.006389
2017-10-25 02:39:00+02:00,0.006235
2017-10-25 02:40:00+02:00,0.005783
2017-10-25 02:41:00+02:00,0.005738
2017-10-25 02:42:00+02:00,0.005566
2017-10-25 02:43:00+02:00,0.005979
2017-10-25 02:44:00+02:00,0.006658
2017-10-25 02:45:00+02:00,0.006442
2017-10-25 02:46:00+02:00,0.006433
2017-10-25 02:47:00+02:00,0.006595
2017-10-25 02:48:00+02:00,0.006297
2017-10-25 02:49:00+02:00,0.007451
2017-10-25 02:50:00+02:00,0.007548
2017-10-25 02:51:00+02:00,0.00727
2017-10-25 02:52:00+02:00,0.006468
2017-10-25 02:53:00+02:00,0.006214
2017-10-25 02:54:00+02:00,0.005345
2017-10-25 02:55:00+02:00,0.004972
2017-10-25 02:56:00+02:00,0.003754
2017-10-25 02:57:00+02:00,0.004231
2017-10-25 02:58:00+02:00,0.003323
2017-10-25 02:59:00+02:00,0.005077
2017-10-25 03:00:00+02:00,0.005574
2017-10-25 03:01:00+02:00,0.006023
2017-10-25 03:02:00+02:00,0.004781
2017-10-25 03:03:00+02:00,0.004953
2017-10-25 03:04:00+02:00,0.00505
2017-10-25 03:05:00+02:00,0.008023
2017-10-25 03:06:00+02:00,0.006176
2017-10-25 03:07:00+02:00,0.005278
2017-10-25 03:08:00+02:00,0.006201
2017-10-25 03:09:00+02:00,0.006544
2017-10-25 03:10:00+02:00,0.006019
2017-10-25 03:11:00+02:00,0.006347
2017-10-25 03:12:00+02:00,0.006577
2017-10-25 03:13:00+02:00,0.007109
2017-10-25 03:14:00+02:00,0.007201
2017-10-25 03:15:00+02:00,0.007524
2017-10-25 03:16:00+02:00,0.007115
2017-10-25 03:17:00+02:00,0.005925
2017-10-25 03:18:00+02:00,0.005738
2017-10-25 03:19:00+02:00,0.005386
2017-10-25 03:20:00+02:00,0.004603
2017-10-25 03:21:00+02:00,0.004946
2017-10-25 03:22:00+02:00,0.00507
2017-10-25 03:23:00+02:00,0.00402
2017-10-25 03:24:00+02:00,0.00311
2017-10-25 03:25:00+02:00,0.002989
2017-10-25 03:26:00+02:00,0.003229
2017-10-25 03:27:00+02:00,0.003282
2017-10-25 03:28:00+02:00,0.003301
2017-10-25 03:29:00+02:00,0.003133
2017-10-25 03:30:00+02:00,0.003139
2017-10-25 03:31:00+02:00,0.003239
2017-10-25 03:32:00+02:00,0.00356
2017-10-25 03:33:00+02:00,0.003302
2017-10-25 03:34:00+02:00,0.002186
2017-10-25 03:35:00+02:00,0.002678
2017-10-25 03:36:00+02:00,0.002716
2017-10-25 03:37:00+02:00,0.002568
2017-10-25 03:38:00+02:00,0.002783
2017-10-25 03:39:00+02:00,0.002907
2017-10-25 03:40:00+02:00,0.002363
2017-10-25 03:41:00+02:00,0.002055
2017-10-25 03:42:00+02:00,0.001614
2017-10-25 03:43:00+02:00,0.002128
2017-10-25 03:44:00+02:00,0.002378
2017-10-25 03:45:00+02:00,0.002457
2017-10-25 03:46:00+02:00,0.002788
2017-10-25 03:47:00+02:00,0.00355
2017-10-25 03:48:00+02:00,0.004627
2017-10-25 03:49:00+02:00,0.004983
2017-10-25 03:50:00+02:00,0.004869
2017-10-25 03:51:00+02:00,0.005139
2017-10-25 03:52:00+02:00,0.005475
2017-10-25 03:53:00+02:00,0.005391
2017-10-25 03:54:00+02:00,0.005446
2017-10-25 03:55:00+02:00,0.006159
2017-10-25 03:56:00+02:00,0.005724
2017-10-25 03:57:00+02:00,0.005497
2017-10-25 03:58:00+02:00,0.004613
2017-10-25 03:59:00+02:00,0.004297
2017-10-25 04:00:00+02:00,0.004235
2017-10-25 04:01:00+02:00,0.004104
2017-10-25 04:02:00+02:00,0.003928
2017-10-25 04:03:00+02:00,0.003468
2017-10-25 04:04:00+02:00,0.003705
2017-10-25 04:05:00+02:00,0.004065
2017-10-25 04:06:00+02:00,0.004681
2017-10-25 04:07:00+02:00,0.004369
2017-10-25 04:08:00+02:00,0.004388
2017-10-25 04:09:00+02:00,0.004419
2017-10-25 04:10:00+02:00,0.00453
2017-10-25 04:11:00+02:00,0.00559
2017-10-25 04:12:00+02:00,0.008133
2017-10-25 04:13:00+02:00,0.007774
2017-10-25 04:14:00+02:00,0.006227
2017-10-25 04:15:00+02:00,0.006202
2017-10-25 04:16:00+02:00,0.00528
2017-10-25 04:17:00+02:00,0.005339
2017-10-25 04:18:00+02:00,0.005388
2017-10-25 04:19:00+02:00,0.005053
2017-10-25 04:20:00+02:00,0.005357
2017-10-25 04:21:00+02:00,0.005428
2017-10-25 04:22:00+02:00,0.005934
2017-10-25 04:23:00+02:00,0.005893
2017-10-25 04:24:00+02:00,0.006203
2017-10-25 04:25:00+02:00,0.005931
2017-10-25 04:26:00+02:00,0.004358
2017-10-25 04:27:00+02:00,0.003322
2017-10-25 04:28:00+02:00,0.003298
2017-10-25 04:29:00+02:00,0.003303
2017-10-25 04:30:00+02:00,0.003059
2017-10-25 04:31:00+02:00,0.003018
2017-10-25 04:32:00+02:00,0.004116
2017-10-25 04:33:00+02:00,0.00495
2017-10-25 04:34:00+02:00,0.005152
2017-10-25 04:35:00+02:00,0.004965
2017-10-25 04:36:00+02:00,0.005377
2017-10-25 04:37:00+02:00,0.006156
2017-10-25 04:38:00+02:00,0.006014
2017-10-25 04:39:00+02:00,0.006453
2017-10-25 04:40:00+02:00,0.007223
2017-10-25 04:41:00+02:00,0.008389
2017-10-25 04:42:00+02:00,0.00891
2017-10-25 04:43:00+02:00,0.008956
2017-10-25 04:44:00+02:00,0.008673
2017-10-25 04:45:00+02:00,0.009146
2017-10-25 04:46:00+02:00,0.008634
2017-10-25 04:47:00+02:00,0.008547
2017-10-25 04:48:00+02:00,0.008726
2017-10-25 04:49:00+02:00,0.008393
2017-10-25 04:50:00+02:00,0.007937
2017-10-25 04:51:00+02:00,0.007255
2017-10-25 04:52:00+02:00,0.006523
2017-10-25 04:53:00+02:00,0.005279
2017-10-25 04:54:00+02:00,0.005295
2017-10-25 04:55:00+02:00,0.005755
2017-10-25 04:56:00+02:00,0.005741
2017-10-25 04:57:00+02:00,0.004939
2017-10-25 04:58:00+02:00,0.004898
2017-10-25 04:59:00+02:00,0.00476
2017-10-25 05:00:00+02:00,0.005272
2017-10-25 05:01:00+02:00,0.005491
2017-10-25 05:02:00+02:00,0.005054
2017-10-25 05:03:00+02:00,0.005031
2017-10-25 05:04:00+02:00,0.004579
2017-10-25 05:05:00+02:00,0.004816
2017-10-25 05:06:00+02:00,0.005303
2017-10-25 05:07:00+02:00,0.005618
2017-10-25 05:08:00+02:00,0.006479
2017-10-25 05:09:00+02:00,0.006674
2017-10-25 05:10:00+02:00,0.008013
2017-10-25 05:11:00+02:00,0.005324
2017-10-25 05:12:00+02:00,0.004966
2017-10-25 05:13:00+02:00,0.00413
2017-10-25 05:14:00+02:00,0.003926
2017-10-25 05:15:00+02:00,0.006677
2017-10-25 05:16:00+02:00,0.005588
2017-10-25 05:17:00+02:00,0.005915
2017-10-25 05:18:00+02:00,0.00594
2017-10-25 05:19:00+02:00,0.005606
2017-10-25 05:20:00+02:00,0.007143
2017-10-25 05:21:00+02:00,0.007673
2017-10-25 05:22:00+02:00,0.007861
2017-10-25 05:23:00+02:00,0.007678
2017-10-25 05:24:00+02:00,0.006522
2017-10-25 05:25:00+02:00,0.006386
2017-10-25 05:26:00+02:00,0.007141
2017-10-25 05:27:00+02:00,0.007322
2017-10-25 05:28:00+02:00,0.007668
2017-10-25 05:29:00+02:00,0.007514
2017-10-25 05:30:00+02:00,0.006873
2017-10-25 05:31:00+02:00,0.007123
2017-10-25 05:32:00+02:00,0.007517
2017-10-25 05:33:00+02:00,0.007751
2017-10-25 05:34:00+02:00,0.007915
2017-10-25 05:35:00+02:00,0.008214
2017-10-25 05:36:00+02:00,0.008507
2017-10-25 05:37:00+02:00,0.008245
2017-10-25 05:38:00+02:00,0.008582
2017-10-25 05:39:00+02:00,0.0086
2017-10-25 05:40:00+02:00,0.008684
2017-10-25 05:41:00+02:00,0.00878
2017-10-25 05:42:00+02:00,0.009506
2017-10-25 05:43:00+02:00,0.009457
2017-10-25 05:44:00+02:00,0.009062
2017-10-25 05:45:00+02:00,0.009719
2017-10-25 05:46:00+02:00,0.009441
2017-10-25 05:47:00+02:00,0.009227
2017-10-25 05:48:00+02:00,0.009196
2017-10-25 05:49:00+02:00,0.00956
2017-10-25 05:50:00+02:00,0.009977
2017-10-25 05:51:00+02:00,0.010115
2017-10-25 05:52:00+02:00,0.012075
2017-10-25 05:53:00+02:00,0.012548
2017-10-25 05:54:00+02:00,0.013195
2017-10-25 05:55:00+02:00,0.013017
2017-10-25 05:56:00+02:00,0.012393
2017-10-25 05:57:00+02:00,0.011702
2017-10-25 05:58:00+02:00,0.011024
2017-10-25 05:59:00+02:00,0.010879
2017-10-25 06:00:00+02:00,0.010532
2017-10-25 06:01:00+02:00,0.01019
2017-10-25 06:02:00+02:00,0.010121
2017-10-25 06:03:00+02:00,0.011094
2017-10-25 06:04:00+02:00,0.010548
2017-10-25 06:05:00+02:00,0.010386
2017-10-25 06:06:00+02:00,0.010787
2017-10-25 06:07:00+02:00,0.01026
2017-10-25 06:08:00+02:00,0.008451
2017-10-25 06:09:00+02:00,0.008227
2017-10-25 06:10:00+02:00,0.009044
2017-10-25 06:11:00+02:00,0.010958
2017-10-25 06:12:00+02:00,0.010806
2017-10-25 06:13:00+02:00,0.009849
2017-10-25 06:14:00+02:00,0.0103
2017-10-25 06:15:00+02:00,0.0107
2017-10-25 06:16:00+02:00,0.010534
2017-10-25 06:17:00+02:00,0.009906
2017-10-25 06:18:00+02:00,0.010233
2017-10-25 06:19:00+02:00,0.011484
2017-10-25 06:20:00+02:00,0.011808
2017-10-25 06:21:00+02:00,0.011434
2017-10-25 06:22:00+02:00,0.011033
2017-10-25 06:23:00+02:00,0.011988
2017-10-25 06:24:00+02:00,0.012718
2017-10-25 06:25:00+02:00,0.011598
2017-10-25 06:26:00+02:00,0.012361
2017-10-25 06:27:00+02:00,0.013202
2017-10-25 06:28:00+02:00,0.013312
2017-10-25 06:29:00+02:00,0.013848
2017-10-25 06:30:00+02:00,0.013585
2017-10-25 06:31:00+02:00,0.01375
2017-10-25 06:32:00+02:00,0.01769
2017-10-25 06:33:00+02:00,0.021241
2017-10-25 06:34:00+02:00,0.022526
2017-10-25 06:35:00+02:00,0.021309
2017-10-25 06:36:00+02:00,0.022391
2017-10-25 06:37:00+02:00,0.022776
2017-10-25 06:38:00+02:00,0.022562
2017-10-25 06:39:00+02:00,0.021793
2017-10-25 06:40:00+02:00,0.022185
2017-10-25 06:41:00+02:00,0.022393
2017-10-25 06:42:00+02:00,0.021297
2017-10-25 06:43:00+02:00,0.02147
2017-10-25 06:44:00+02:00,0.020524
2017-10-25 06:45:00+02:00,0.020134
2017-10-25 06:46:00+02:00,0.020396
2017-10-25 06:47:00+02:00,0.017243
2017-10-25 06:48:00+02:00,0.015153
2017-10-25 06:49:00+02:00,0.015296
2017-10-25 06:50:00+02:00,0.013927
2017-10-25 06:51:00+02:00,0.013391
2017-10-25 06:52:00+02:00,0.01364
2017-10-25 06:53:00+02:00,0.013402
2017-10-25 06:54:00+02:00,0.014524
2017-10-25 06:55:00+02:00,0.014084
2017-10-25 06:56:00+02:00,0.014246
2017-10-25 06:57:00+02:00,0.01395
2017-10-25 06:58:00+02:00,0.012992
2017-10-25 06:59:00+02:00,0.012982
2017-10-25 07:00:00+02:00,0.013203
2017-10-25 07:01:00+02:00,0.011798
2017-10-25 07:02:00+02:00,0.013161
2017-10-25 07:03:00+02:00,0.012996
2017-10-25 07:04:00+02:00,0.013963
2017-10-25 07:05:00+02:00,0.013986
2017-10-25 07:06:00+02:00,0.015104
2017-10-25 07:07:00+02:00,0.012979
2017-10-25 07:08:00+02:00,0.01317
2017-10-25 07:09:00+02:00,0.013427
2017-10-25 07:10:00+02:00,0.013806
2017-10-25 07:11:00+02:00,0.014921
2017-10-25 07:12:00+02:00,0.014893
2017-10-25 07:13:00+02:00,0.016024
2017-10-25 07:14:00+02:00,0.016528
2017-10-25 07:15:00+02:00,0.017167
2017-10-25 07:16:00+02:00,0.017266
2017-10-25 07:17:00+02:00,0.018578
2017-10-25 07:18:00+02:00,0.019591
2017-10-25 07:19:00+02:00,0.019679
2017-10-25 07:20:00+02:00,0.019623
2017-10-25 07:21:00+02:00,0.018483
2017-10-25 07:22:00+02:00,0.01897
2017-10-25 07:23:00+02:00,0.019759
2017-10-25 07:24:00+02:00,0.019452
2017-10-25 07:25:00+02:00,0.018948
2017-10-25 07:26:00+02:00,0.021443
2017-10-25 07:27:00+02:00,0.023563
2017-10-25 07:28:00+02:00,0.023361
2017-10-25 07:29:00+02:00,0.022044
2017-10-25 07:30:00+02:00,0.022169
2017-10-25 07:31:00+02:00,0.022042
2017-10-25 07:32:00+02:00,0.022522
2017-10-25 07:33:00+02:00,0.023146
2017-10-25 07:34:00+02:00,0.024043
2017-10-25 07:35:00+02:00,0.023305
2017-10-25 07:36:00+02:00,0.02372
2017-10-25 07:37:00+02:00,0.021655
2017-10-25 07:38:00+02:00,0.021311
2017-10-25 07:39:00+02:00,0.022889
2017-10-25 07:40:00+02:00,0.020609
2017-10-25 07:41:00+02:00,0.019449
2017-10-25 07:42:00+02:00,0.0185
2017-10-25 07:43:00+02:00,0.01865
2017-10-25 07:44:00+02:00,0.02052
2017-10-25 07:45:00+02:00,0.019634
2017-10-25 07:46:00+02:00,0.020154
2017-10-25 07:47:00+02:00,0.020383
2017-10-25 07:48:00+02:00,0.020396
2017-10-25 07:49:00+02:00,0.018501
2017-10-25 07:50:00+02:00,0.018229
2017-10-25 07:51:00+02:00,0.019255
2017-10-25 07:52:00+02:00,0.020026
2017-10-25 07:53:00+02:00,0.019236
2017-10-25 07:54:00+02:00,0.019009
2017-10-25 07:55:00+02:00,0.019434
2017-10-25 07:56:00+02:00,0.017735
2017-10-25 07:57:00+02:00,0.016945
2017-10-25 07:58:00+02:00,0.016145
2017-10-25 07:59:00+02:00,0.015776
2017-10-25 08:00:00+02:00,0.015062
2017-10-25 08:01:00+02:00,0.015106
2017-10-25 08:02:00+02:00,0.020691
2017-10-25 08:03:00+02:00,0.022054
2017-10-25 08:04:00+02:00,0.023213
2017-10-25 08:05:00+02:00,0.024334
2017-10-25 08:06:00+02:00,0.025814
2017-10-25 08:07:00+02:00,0.022904
2017-10-25 08:08:00+02:00,0.024319
2017-10-25 08:09:00+02:00,0.02643
2017-10-25 08:10:00+02:00,0.027716
2017-10-25 08:11:00+02:00,0.025804
2017-10-25 08:12:00+02:00,0.030103
2017-10-25 08:13:00+02:00,0.026303
2017-10-25 08:14:00+02:00,0.021793
2017-10-25 08:15:00+02:00,0.016728
2017-10-25 08:16:00+02:00,0.016462
2017-10-25 08:17:00+02:00,0.01565
2017-10-25 08:18:00+02:00,0.016583
2017-10-25 08:19:00+02:00,0.014552
2017-10-25 08:20:00+02:00,0.014454
2017-10-25 08:21:00+02:00,0.014953
2017-10-25 08:22:00+02:00,0.015275
2017-10-25 08:23:00+02:00,0.015614
2017-10-25 08:24:00+02:00,0.015901
2017-10-25 08:25:00+02:00,0.018403
2017-10-25 08:26:00+02:00,0.018624
2017-10-25 08:27:00+02:00,0.018338
2017-10-25 08:28:00+02:00,0.018229
2017-10-25 08:29:00+02:00,0.018876
2017-10-25 08:30:00+02:00,0.01898
2017-10-25 08:31:00+02:00,0.022806
2017-10-25 08:32:00+02:00,0.024339
2017-10-25 08:33:00+02:00,0.026532
2017-10-25 08:34:00+02:00,0.0255
2017-10-25 08:35:00+02:00,0.03037
2017-10-25 08:36:00+02:00,0.030933
2017-10-25 08:37:00+02:00,0.030803
2017-10-25 08:38:00+02:00,0.02542
2017-10-25 08:39:00+02:00,0.024395
2017-10-25 08:40:00+02:00,0.025624
2017-10-25 08:41:00+02:00,0.025464
2017-10-25 08:42:00+02:00,0.023267
2017-10-25 08:43:00+02:00,0.022078
2017-10-25 08:44:00+02:00,0.020859
2017-10-25 08:45:00+02:00,0.019896
2017-10-25 08:46:00+02:00,0.018906
2017-10-25 08:47:00+02:00,0.017525
2017-10-25 08:48:00+02:00,0.018253
2017-10-25 08:49:00+02:00,0.015242
2017-10-25 08:50:00+02:00,0.013956
2017-10-25 08:51:00+02:00,0.014254
2017-10-25 08:52:00+02:00,0.016831
2017-10-25 08:53:00+02:00,0.019014
2017-10-25 08:54:00+02:00,0.017641
2017-10-25 08:55:00+02:00,0.014127
2017-10-25 08:56:00+02:00,0.015331
2017-10-25 08:57:00+02:00,0.011883
2017-10-25 08:58:00+02:00,0.011626
2017-10-25 08:59:00+02:00,0.012204
2017-10-25 09:00:00+02:00,0.014163
2017-10-25 09:01:00+02:00,0.014595
2017-10-25 09:02:00+02:00,0.016635
2017-10-25 09:03:00+02:00,0.017616
2017-10-25 09:04:00+02:00,0.020354
2017-10-25 09:05:00+02:00,0.022069
2017-10-25 09:06:00+02:00,0.0215
2017-10-25 09:07:00+02:00,0.020059
2017-10-25 09:08:00+02:00,0.017324
2017-10-25 09:09:00+02:00,0.020179
2017-10-25 09:10:00+02:00,0.019375
2017-10-25 09:11:00+02:00,0.019082
2017-10-25 09:12:00+02:00,0.018848
2017-10-25 09:13:00+02:00,0.018878
2017-10-25 09:14:00+02:00,0.018581
2017-10-25 09:15:00+02:00,0.023536
2017-10-25 09:16:00+02:00,0.028152
2017-10-25 09:17:00+02:00,0.028163
2017-10-25 09:18:00+02:00,0.02778
2017-10-25 09:19:00+02:00,0.027569
2017-10-25 09:20:00+02:00,0.022515
2017-10-25 09:21:00+02:00,0.013781
2017-10-25 09:22:00+02:00,0.012663
2017-10-25 09:23:00+02:00,0.020802
2017-10-25 09:24:00+02:00,0.022382
2017-10-25 09:25:00+02:00,0.021541
2017-10-25 09:26:00+02:00,0.021923
2017-10-25 09:27:00+02:00,0.021967
2017-10-25 09:28:00+02:00,0.019298
2017-10-25 09:29:00+02:00,0.020258
2017-10-25 09:30:00+02:00,0.009824
2017-10-25 09:31:00+02:00,0.009567
2017-10-25 09:32:00+02:00,0.010247
2017-10-25 09:33:00+02:00,0.009752
2017-10-25 09:34:00+02:00,0.009706
2017-10-25 09:35:00+02:00,0.010869
2017-10-25 09:36:00+02:00,0.011533
2017-10-25 09:37:00+02:00,0.010763
2017-10-25 09:38:00+02:00,0.010104
2017-10-25 09:39:00+02:00,0.010328
2017-10-25 09:40:00+02:00,0.010091
2017-10-25 09:41:00+02:00,0.010366
2017-10-25 09:42:00+02:00,0.010511
2017-10-25 09:43:00+02:00,0.012476
2017-10-25 09:44:00+02:00,0.012834
2017-10-25 09:45:00+02:00,0.012564
2017-10-25 09:46:00+02:00,0.013374
2017-10-25 09:47:00+02:00,0.015724
2017-10-25 09:48:00+02:00,0.015599
2017-10-25 09:49:00+02:00,0.016577
2017-10-25 09:50:00+02:00,0.015488
2017-10-25 09:51:00+02:00,0.016809
2017-10-25 09:52:00+02:00,0.020778
2017-10-25 09:53:00+02:00,0.020489
2017-10-25 09:54:00+02:00,0.020842
2017-10-25 09:55:00+02:00,0.019861
2017-10-25 09:56:00+02:00,0.020455
2017-10-25 09:57:00+02:00,0.020885
2017-10-25 09:58:00+02:00,0.018413
2017-10-25 09:59:00+02:00,0.017162
2017-10-25 10:00:00+02:00,0.018375
2017-10-25 10:01:00+02:00,0.016323
2017-10-25 10:02:00+02:00,0.014624
2017-10-25 10:03:00+02:00,0.017209
2017-10-25 10:04:00+02:00,0.014079
2017-10-25 10:05:00+02:00,0.013665
2017-10-25 10:06:00+02:00,0.016581
2017-10-25 10:07:00+02:00,0.012737
2017-10-25 10:08:00+02:00,0.012657
2017-10-25 10:09:00+02:00,0.012676
2017-10-25 10:10:00+02:00,0.012682
2017-10-25 10:11:00+02:00,0.013382
2017-10-25 10:12:00+02:00,0.013052
2017-10-25 10:13:00+02:00,0.013332
2017-10-25 10:14:00+02:00,0.012856
2017-10-25 10:15:00+02:00,0.010757
2017-10-25 10:16:00+02:00,0.011468
2017-10-25 10:17:00+02:00,0.01472
2017-10-25 10:18:00+02:00,0.015245
2017-10-25 10:19:00+02:00,0.015535
2017-10-25 10:20:00+02:00,0.014921
2017-10-25 10:21:00+02:00,0.015139
2017-10-25 10:22:00+02:00,0.012762
2017-10-25 10:23:00+02:00,0.012488
2017-10-25 10:24:00+02:00,0.013055
2017-10-25 10:25:00+02:00,0.013448
2017-10-25 10:26:00+02:00,0.01417
2017-10-25 10:27:00+02:00,0.012268
2017-10-25 10:28:00+02:00,0.012019
2017-10-25 10:29:00+02:00,0.012471
2017-10-25 10:30:00+02:00,0.018762
2017-10-25 10:31:00+02:00,0.01857
2017-10-25 10:32:00+02:00,0.020347
2017-10-25 10:33:00+02:00,0.020623
2017-10-25 10:34:00+02:00,0.021189
2017-10-25 10:35:00+02:00,0.020881
2017-10-25 10:36:00+02:00,0.021854
2017-10-25 10:37:00+02:00,0.020574
2017-10-25 10:38:00+02:00,0.019072
2017-10-25 10:39:00+02:00,0.019102
2017-10-25 10:40:00+02:00,0.019274
2017-10-25 10:41:00+02:00,0.020474
2017-10-25 10:42:00+02:00,0.021242
2017-10-25 10:43:00+02:00,0.021844
2017-10-25 10:44:00+02:00,0.021341
2017-10-25 10:45:00+02:00,0.015844
2017-10-25 10:46:00+02:00,0.015161
2017-10-25 10:47:00+02:00,0.014431
2017-10-25 10:48:00+02:00,0.015049
2017-10-25 10:49:00+02:00,0.015524
2017-10-25 10:50:00+02:00,0.01639
2017-10-25 10:51:00+02:00,0.017462
2017-10-25 10:52:00+02:00,0.019982
2017-10-25 10:53:00+02:00,0.019803
2017-10-25 10:54:00+02:00,0.019067
2017-10-25 10:55:00+02:00,0.018231
2017-10-25 10:56:00+02:00,0.017543
2017-10-25 10:57:00+02:00,0.01862
2017-10-25 10:58:00+02:00,0.018526
2017-10-25 10:59:00+02:00,0.017994
2017-10-25 11:00:00+02:00,0.016932
2017-10-25 11:01:00+02:00,0.017163
2017-10-25 11:02:00+02:00,0.018088
2017-10-25 11:03:00+02:00,0.01865
2017-10-25 11:04:00+02:00,0.018602
2017-10-25 11:05:00+02:00,0.017748
2017-10-25 11:06:00+02:00,0.017379
2017-10-25 11:07:00+02:00,0.014446
2017-10-25 11:08:00+02:00,0.017982
2017-10-25 11:09:00+02:00,0.014269
2017-10-25 11:10:00+02:00,0.013673
2017-10-25 11:11:00+02:00,0.014829
2017-10-25 11:12:00+02:00,0.015801
2017-10-25 11:13:00+02:00,0.017619
2017-10-25 11:14:00+02:00,0.020002
2017-10-25 11:15:00+02:00,0.021865
2017-10-25 11:16:00+02:00,0.023674
2017-10-25 11:17:00+02:00,0.020063
2017-10-25 11:18:00+02:00,0.017286
2017-10-25 11:19:00+02:00,0.016403
2017-10-25 11:20:00+02:00,0.017045
2017-10-25 11:21:00+02:00,0.01517
2017-10-25 11:22:00+02:00,0.015889
2017-10-25 11:23:00+02:00,0.014998
2017-10-25 11:24:00+02:00,0.017193
2017-10-25 11:25:00+02:00,0.019169
2017-10-25 11:26:00+02:00,0.017561
2017-10-25 11:27:00+02:00,0.01682
2017-10-25 11:28:00+02:00,0.017476
2017-10-25 11:29:00+02:00,0.017772
2017-10-25 11:30:00+02:00,0.018579
2017-10-25 11:31:00+02:00,0.020113
2017-10-25 11:32:00+02:00,0.020983
2017-10-25 11:33:00+02:00,0.024143
2017-10-25 11:34:00+02:00,0.029105
2017-10-25 11:35:00+02:00,0.034981
2017-10-25 11:36:00+02:00,0.039792
2017-10-25 11:37:00+02:00,0.024186
2017-10-25 11:38:00+02:00,0.019361
2017-10-25 11:39:00+02:00,0.020276
2017-10-25 11:40:00+02:00,0.025327
2017-10-25 11:41:00+02:00,0.027376
2017-10-25 11:42:00+02:00,0.025925
2017-10-25 11:43:00+02:00,0.024335
2017-10-25 11:44:00+02:00,0.024351
2017-10-25 11:45:00+02:00,0.02319
2017-10-25 11:46:00+02:00,0.02438
2017-10-25 11:47:00+02:00,0.025836
2017-10-25 11:48:00+02:00,0.027149
2017-10-25 11:49:00+02:00,0.027273
2017-10-25 11:50:00+02:00,0.024794
2017-10-25 11:51:00+02:00,0.023433
2017-10-25 11:52:00+02:00,0.018533
2017-10-25 11:53:00+02:00,0.016293
2017-10-25 11:54:00+02:00,0.015307
2017-10-25 11:55:00+02:00,0.016057
2017-10-25 11:56:00+02:00,0.015476
2017-10-25 11:57:00+02:00,0.01308
2017-10-25 11:58:00+02:00,0.012883
2017-10-25 11:59:00+02:00,0.012579
2017-10-25 12:00:00+02:00,0.01266
2017-10-25 12:01:00+02:00,0.01334
2017-10-25 12:02:00+02:00,0.013534
2017-10-25 12:03:00+02:00,0.013358
2017-10-25 12:04:00+02:00,0.013074
2017-10-25 12:05:00+02:00,0.012609
2017-10-25 12:06:00+02:00,0.013797
2017-10-25 12:07:00+02:00,0.012615
2017-10-25 12:08:00+02:00,0.012744
2017-10-25 12:09:00+02:00,0.013276
2017-10-25 12:10:00+02:00,0.014187
2017-10-25 12:11:00+02:00,0.014092
2017-10-25 12:12:00+02:00,0.014315
2017-10-25 12:13:00+02:00,0.013156
2017-10-25 12:14:00+02:00,0.010848
2017-10-25 12:15:00+02:00,0.009705
2017-10-25 12:16:00+02:00,0.01029
2017-10-25 12:17:00+02:00,0.011223
2017-10-25 12:18:00+02:00,0.012825
2017-10-25 12:19:00+02:00,0.015582
2017-10-25 12:20:00+02:00,0.017334
2017-10-25 12:21:00+02:00,0.016709
2017-10-25 12:22:00+02:00,0.016916
2017-10-25 12:23:00+02:00,0.020801
2017-10-25 12:24:00+02:00,0.021114
2017-10-25 12:25:00+02:00,0.020984
2017-10-25 12:26:00+02:00,0.021638
2017-10-25 12:27:00+02:00,0.023058
2017-10-25 12:28:00+02:00,0.02187
2017-10-25 12:29:00+02:00,0.017918
2017-10-25 12:30:00+02:00,0.021065
2017-10-25 12:31:00+02:00,0.023563
2017-10-25 12:32:00+02:00,0.022064
2017-10-25 12:33:00+02:00,0.022071
2017-10-25 12:34:00+02:00,0.019991
2017-10-25 12:35:00+02:00,0.020168
2017-10-25 12:36:00+02:00,0.021665
2017-10-25 12:37:00+02:00,0.021851
2017-10-25 12:38:00+02:00,0.021858
2017-10-25 12:39:00+02:00,0.020042
2017-10-25 12:40:00+02:00,0.019516
2017-10-25 12:41:00+02:00,0.019212
2017-10-25 12:42:00+02:00,0.018854
2017-10-25 12:43:00+02:00,0.019275
2017-10-25 12:44:00+02:00,0.022877
2017-10-25 12:45:00+02:00,0.025731
2017-10-25 12:46:00+02:00,0.027244
2017-10-25 12:47:00+02:00,0.0212
2017-10-25 12:48:00+02:00,0.018069
2017-10-25 12:49:00+02:00,0.024507
2017-10-25 12:50:00+02:00,0.025118
2017-10-25 12:51:00+02:00,0.025189
2017-10-25 12:52:00+02:00,0.026678
2017-10-25 12:53:00+02:00,0.027518
2017-10-25 12:54:00+02:00,0.043875
2017-10-25 12:55:00+02:00,0.04339
2017-10-25 12:56:00+02:00,0.068222
2017-10-25 12:57:00+02:00,0.091109
2017-10-25 12:58:00+02:00,0.090831
2017-10-25 12:59:00+02:00,0.096699
2017-10-25 13:00:00+02:00,0.097621
2017-10-25 13:01:00+02:00,0.101947
2017-10-25 13:02:00+02:00,0.102014
2017-10-25 13:03:00+02:00,0.085102
2017-10-25 13:04:00+02:00,0.093857
2017-10-25 13:05:00+02:00,0.076314
2017-10-25 13:06:00+02:00,0.083622
2017-10-25 13:07:00+02:00,0.067633
2017-10-25 13:08:00+02:00,0.050043
2017-10-25 13:09:00+02:00,0.051586
2017-10-25 13:10:00+02:00,0.062296
2017-10-25 13:11:00+02:00,0.061699
2017-10-25 13:12:00+02:00,0.062287
2017-10-25 13:13:00+02:00,0.075419
2017-10-25 13:14:00+02:00,0.067821
2017-10-25 13:15:00+02:00,0.054041
2017-10-25 13:16:00+02:00,0.054318
2017-10-25 13:17:00+02:00,0.056657
2017-10-25 13:18:00+02:00,0.065982
2017-10-25 13:19:00+02:00,0.080251
2017-10-25 13:20:00+02:00,0.093571
2017-10-25 13:21:00+02:00,0.072563
2017-10-25 13:22:00+02:00,0.07072
2017-10-25 13:23:00+02:00,0.053395
2017-10-25 13:24:00+02:00,0.043827
2017-10-25 13:25:00+02:00,0.043209
2017-10-25 13:26:00+02:00,0.032895
2017-10-25 13:27:00+02:00,0.027931
2017-10-25 13:28:00+02:00,0.026186
2017-10-25 13:29:00+02:00,0.025224
2017-10-25 13:30:00+02:00,0.023041
2017-10-25 13:31:00+02:00,0.020997
2017-10-25 13:32:00+02:00,0.018163
2017-10-25 13:33:00+02:00,0.024581
2017-10-25 13:34:00+02:00,0.02015
2017-10-25 13:35:00+02:00,0.016898
2017-10-25 13:36:00+02:00,0.015576
2017-10-25 13:37:00+02:00,0.017847
2017-10-25 13:38:00+02:00,0.018148
2017-10-25 13:39:00+02:00,0.014379
2017-10-25 13:40:00+02:00,0.01225
2017-10-25 13:41:00+02:00,0.012084
2017-10-25 13:42:00+02:00,0.01375
2017-10-25 13:43:00+02:00,0.01457
2017-10-25 13:44:00+02:00,0.016725
2017-10-25 13:45:00+02:00,0.025095
2017-10-25 13:46:00+02:00,0.02848
2017-10-25 13:47:00+02:00,0.024669
2017-10-25 13:48:00+02:00,0.018188
2017-10-25 13:49:00+02:00,0.020349
2017-10-25 13:50:00+02:00,0.01916
2017-10-25 13:51:00+02:00,0.015616
2017-10-25 13:52:00+02:00,0.014535
2017-10-25 13:53:00+02:00,0.014367
2017-10-25 13:54:00+02:00,0.012509
2017-10-25 13:55:00+02:00,0.013143
2017-10-25 13:56:00+02:00,0.01384
2017-10-25 13:57:00+02:00,0.014273
2017-10-25 13:58:00+02:00,0.013865
2017-10-25 13:59:00+02:00,0.016741
2017-10-25 14:00:00+02:00,0.017539
2017-10-25 14:01:00+02:00,0.01824
2017-10-25 14:02:00+02:00,0.017994
2017-10-25 14:03:00+02:00,0.017019
2017-10-25 14:04:00+02:00,0.017382
2017-10-25 14:05:00+02:00,0.016113
2017-10-25 14:06:00+02:00,0.017911
2017-10-25 14:07:00+02:00,0.018161
2017-10-25 14:08:00+02:00,0.015304
2017-10-25 14:09:00+02:00,0.014183
2017-10-25 14:10:00+02:00,0.012018
2017-10-25 14:11:00+02:00,0.033165
2017-10-25 14:12:00+02:00,0.058178
2017-10-25 14:13:00+02:00,0.078549
2017-10-25 14:14:00+02:00,0.094149
2017-10-25 14:15:00+02:00,0.103719
2017-10-25 14:16:00+02:00,0.105216
2017-10-25 14:17:00+02:00,0.096716
2017-10-25 14:18:00+02:00,0.087258
2017-10-25 14:19:00+02:00,0.088124
2017-10-25 14:20:00+02:00,0.096204
2017-10-25 14:21:00+02:00,0.100315
2017-10-25 14:22:00+02:00,0.10368
2017-10-25 14:23:00+02:00,0.079265
2017-10-25 14:24:00+02:00,0.07455
2017-10-25 14:25:00+02:00,0.065946
2017-10-25 14:26:00+02:00,0.067461
2017-10-25 14:27:00+02:00,0.053493
2017-10-25 14:28:00+02:00,0.055306
2017-10-25 14:29:00+02:00,0.055037
2017-10-25 14:30:00+02:00,0.058937
2017-10-25 14:31:00+02:00,0.048164
2017-10-25 14:32:00+02:00,0.059845
2017-10-25 14:33:00+02:00,0.05393
2017-10-25 14:34:00+02:00,0.037824
2017-10-25 14:35:00+02:00,0.030095
2017-10-25 14:36:00+02:00,0.028849
2017-10-25 14:37:00+02:00,0.028953
2017-10-25 14:38:00+02:00,0.035668
2017-10-25 14:39:00+02:00,0.042958
2017-10-25 14:40:00+02:00,0.046258
2017-10-25 14:41:00+02:00,0.041608
2017-10-25 14:42:00+02:00,0.048976
2017-10-25 14:43:00+02:00,0.05918
2017-10-25 14:44:00+02:00,0.068158
2017-10-25 14:45:00+02:00,0.076995
2017-10-25 14:46:00+02:00,0.064037
2017-10-25 14:47:00+02:00,0.03767
2017-10-25 14:48:00+02:00,0.031132
2017-10-25 14:49:00+02:00,0.026833
2017-10-25 14:50:00+02:00,0.021084
2017-10-25 14:51:00+02:00,0.018268
2017-10-25 14:52:00+02:00,0.015931
2017-10-25 14:53:00+02:00,0.015608
2017-10-25 14:54:00+02:00,0.01685
2017-10-25 14:55:00+02:00,0.016182
2017-10-25 14:56:00+02:00,0.013338
2017-10-25 14:57:00+02:00,0.012707
2017-10-25 14:58:00+02:00,0.017008
2017-10-25 14:59:00+02:00,0.011316
2017-10-25 15:00:00+02:00,0.011041
2017-10-25 15:01:00+02:00,0.012105
2017-10-25 15:02:00+02:00,0.012831
2017-10-25 15:03:00+02:00,0.012469
2017-10-25 15:04:00+02:00,0.012535
2017-10-25 15:05:00+02:00,0.014519
2017-10-25 15:06:00+02:00,0.015396
2017-10-25 15:07:00+02:00,0.01249
2017-10-25 15:08:00+02:00,0.01151
2017-10-25 15:09:00+02:00,0.010227
2017-10-25 15:10:00+02:00,0.011005
2017-10-25 15:11:00+02:00,0.012003
2017-10-25 15:12:00+02:00,0.012161
2017-10-25 15:13:00+02:00,0.012093
2017-10-25 15:14:00+02:00,0.010967
2017-10-25 15:15:00+02:00,0.010925
2017-10-25 15:16:00+02:00,0.011322
2017-10-25 15:17:00+02:00,0.010377
2017-10-25 15:18:00+02:00,0.010038
2017-10-25 15:19:00+02:00,0.011087
2017-10-25 15:20:00+02:00,0.010775
2017-10-25 15:21:00+02:00,0.009541
2017-10-25 15:22:00+02:00,0.008208
2017-10-25 15:23:00+02:00,0.007789
2017-10-25 15:24:00+02:00,0.007694
2017-10-25 15:25:00+02:00,0.008494
2017-10-25 15:26:00+02:00,0.009436
2017-10-25 15:27:00+02:00,0.016613
2017-10-25 15:28:00+02:00,0.013349
2017-10-25 15:29:00+02:00,0.01572
2017-10-25 15:30:00+02:00,0.018276
2017-10-25 15:31:00+02:00,0.013853
2017-10-25 15:32:00+02:00,0.011661
2017-10-25 15:33:00+02:00,0.009526
2017-10-25 15:34:00+02:00,0.008871
2017-10-25 15:35:00+02:00,0.009954
2017-10-25 15:36:00+02:00,0.009495
2017-10-25 15:37:00+02:00,0.009824
2017-10-25 15:38:00+02:00,0.014191
2017-10-25 15:39:00+02:00,0.026123
2017-10-25 15:40:00+02:00,0.017097
2017-10-25 15:41:00+02:00,0.012999
2017-10-25 15:42:00+02:00,0.022305
2017-10-25 15:43:00+02:00,0.015188
2017-10-25 15:44:00+02:00,0.020625
2017-10-25 15:45:00+02:00,0.029424
2017-10-25 15:46:00+02:00,0.013444
2017-10-25 15:47:00+02:00,0.011051
2017-10-25 15:48:00+02:00,0.011803
2017-10-25 15:49:00+02:00,0.01158
2017-10-25 15:50:00+02:00,0.013955
2017-10-25 15:51:00+02:00,0.011359
2017-10-25 15:52:00+02:00,0.013413
2017-10-25 15:53:00+02:00,0.021748
2017-10-25 15:54:00+02:00,0.018724
2017-10-25 15:55:00+02:00,0.018965
2017-10-25 15:56:00+02:00,0.015346
2017-10-25 15:57:00+02:00,0.016379
2017-10-25 15:58:00+02:00,0.011147
2017-10-25 15:59:00+02:00,0.009707
2017-10-25 16:00:00+02:00,0.008324
2017-10-25 16:01:00+02:00,0.008968
2017-10-25 16:02:00+02:00,0.008484
2017-10-25 16:03:00+02:00,0.007881
2017-10-25 16:04:00+02:00,0.00739
2017-10-25 16:05:00+02:00,0.008142
2017-10-25 16:06:00+02:00,0.008961
2017-10-25 16:07:00+02:00,0.009635
2017-10-25 16:08:00+02:00,0.008388
2017-10-25 16:09:00+02:00,0.007693
2017-10-25 16:10:00+02:00,0.007572
2017-10-25 16:11:00+02:00,0.009696
2017-10-25 16:12:00+02:00,0.009125
2017-10-25 16:13:00+02:00,0.007756
2017-10-25 16:14:00+02:00,0.007895
2017-10-25 16:15:00+02:00,0.007955
2017-10-25 16:16:00+02:00,0.007819
2017-10-25 16:17:00+02:00,0.008029
2017-10-25 16:18:00+02:00,0.007711
2017-10-25 16:19:00+02:00,0.00905
2017-10-25 16:20:00+02:00,0.009779
2017-10-25 16:21:00+02:00,0.009504
2017-10-25 16:22:00+02:00,0.009243
2017-10-25 16:23:00+02:00,0.011716
2017-10-25 16:24:00+02:00,0.011437
2017-10-25 16:25:00+02:00,0.009911
2017-10-25 16:26:00+02:00,0.010828
2017-10-25 16:27:00+02:00,0.011822
2017-10-25 16:28:00+02:00,0.012076
2017-10-25 16:29:00+02:00,0.01174
2017-10-25 16:30:00+02:00,0.011742
2017-10-25 16:31:00+02:00,0.011729
2017-10-25 16:32:00+02:00,0.01226
2017-10-25 16:33:00+02:00,0.013221
2017-10-25 16:34:00+02:00,0.012607
2017-10-25 16:35:00+02:00,0.01892
2017-10-25 16:36:00+02:00,0.016249
2017-10-25 16:37:00+02:00,0.014329
2017-10-25 16:38:00+02:00,0.014025
2017-10-25 16:39:00+02:00,0.012658
2017-10-25 16:40:00+02:00,0.012445
2017-10-25 16:41:00+02:00,0.012703
2017-10-25 16:42:00+02:00,0.012646
2017-10-25 16:43:00+02:00,0.012884
2017-10-25 16:44:00+02:00,0.011968
2017-10-25 16:45:00+02:00,0.011956
2017-10-25 16:46:00+02:00,0.014246
2017-10-25 16:47:00+02:00,0.014025
2017-10-25 16:48:00+02:00,0.013548
2017-10-25 16:49:00+02:00,0.013372
2017-10-25 16:50:00+02:00,0.01336
2017-10-25 16:51:00+02:00,0.011724
2017-10-25 16:52:00+02:00,0.012441
2017-10-25 16:53:00+02:00,0.01244
2017-10-25 16:54:00+02:00,0.013322
2017-10-25 16:55:00+02:00,0.015252
2017-10-25 16:56:00+02:00,0.014629
2017-10-25 16:57:00+02:00,0.011882
2017-10-25 16:58:00+02:00,0.01154
2017-10-25 16:59:00+02:00,0.010609
2017-10-25 17:00:00+02:00,0.010504
2017-10-25 17:01:00+02:00,0.01063
2017-10-25 17:02:00+02:00,0.01164
2017-10-25 17:03:00+02:00,0.011927
2017-10-25 17:04:00+02:00,0.012175
2017-10-25 17:05:00+02:00,0.012637
2017-10-25 17:06:00+02:00,0.012902
2017-10-25 17:07:00+02:00,0.010554
2017-10-25 17:08:00+02:00,0.010951
2017-10-25 17:09:00+02:00,0.012323
2017-10-25 17:10:00+02:00,0.01307
2017-10-25 17:11:00+02:00,0.012077
2017-10-25 17:12:00+02:00,0.011552
2017-10-25 17:13:00+02:00,0.011834
2017-10-25 17:14:00+02:00,0.012921
2017-10-25 17:15:00+02:00,0.013806
2017-10-25 17:16:00+02:00,0.015268
2017-10-25 17:17:00+02:00,0.014295
2017-10-25 17:18:00+02:00,0.014056
2017-10-25 17:19:00+02:00,0.01508
2017-10-25 17:20:00+02:00,0.015213
2017-10-25 17:21:00+02:00,0.014967
2017-10-25 17:22:00+02:00,0.019298
2017-10-25 17:23:00+02:00,0.020406
2017-10-25 17:24:00+02:00,0.019313
2017-10-25 17:25:00+02:00,0.01656
2017-10-25 17:26:00+02:00,0.016661
2017-10-25 17:27:00+02:00,0.016037
2017-10-25 17:28:00+02:00,0.015159
2017-10-25 17:29:00+02:00,0.013977
2017-10-25 17:30:00+02:00,0.013832
2017-10-25 17:31:00+02:00,0.014704
2017-10-25 17:32:00+02:00,0.014748
2017-10-25 17:33:00+02:00,0.015095
2017-10-25 17:34:00+02:00,0.015435
2017-10-25 17:35:00+02:00,0.018094
2017-10-25 17:36:00+02:00,0.019342
2017-10-25 17:37:00+02:00,0.019154
2017-10-25 17:38:00+02:00,0.019858
2017-10-25 17:39:00+02:00,0.020246
2017-10-25 17:40:00+02:00,0.021008
2017-10-25 17:41:00+02:00,0.021147
2017-10-25 17:42:00+02:00,0.019154
2017-10-25 17:43:00+02:00,0.019291
2017-10-25 17:44:00+02:00,0.019783
2017-10-25 17:45:00+02:00,0.022284
2017-10-25 17:46:00+02:00,0.023102
2017-10-25 17:47:00+02:00,0.020927
2017-10-25 17:48:00+02:00,0.020578
2017-10-25 17:49:00+02:00,0.02065
2017-10-25 17:50:00+02:00,0.018808
2017-10-25 17:51:00+02:00,0.018364
2017-10-25 17:52:00+02:00,0.017141
2017-10-25 17:53:00+02:00,0.016345
2017-10-25 17:54:00+02:00,0.016758
2017-10-25 17:55:00+02:00,0.015674
2017-10-25 17:56:00+02:00,0.014168
2017-10-25 17:57:00+02:00,0.013533
2017-10-25 17:58:00+02:00,0.013679
2017-10-25 17:59:00+02:00,0.013094
2017-10-25 18:00:00+02:00,0.013273
2017-10-25 18:01:00+02:00,0.012533
2017-10-25 18:02:00+02:00,0.012997
2017-10-25 18:03:00+02:00,0.012761
2017-10-25 18:04:00+02:00,0.016771
2017-10-25 18:05:00+02:00,0.01874
2017-10-25 18:06:00+02:00,0.019002
2017-10-25 18:07:00+02:00,0.018913
2017-10-25 18:08:00+02:00,0.020913
2017-10-25 18:09:00+02:00,0.018807
2017-10-25 18:10:00+02:00,0.014059
2017-10-25 18:11:00+02:00,0.014393
2017-10-25 18:12:00+02:00,0.014441
2017-10-25 18:13:00+02:00,0.015073
2017-10-25 18:14:00+02:00,0.014718
2017-10-25 18:15:00+02:00,0.015474
2017-10-25 18:16:00+02:00,0.014276
2017-10-25 18:17:00+02:00,0.013462
2017-10-25 18:18:00+02:00,0.012071
2017-10-25 18:19:00+02:00,0.013102
2017-10-25 18:20:00+02:00,0.013593
2017-10-25 18:21:00+02:00,0.014127
2017-10-25 18:22:00+02:00,0.013913
2017-10-25 18:23:00+02:00,0.013148
2017-10-25 18:24:00+02:00,0.014849
2017-10-25 18:25:00+02:00,0.014525
2017-10-25 18:26:00+02:00,0.015298
2017-10-25 18:27:00+02:00,0.019908
2017-10-25 18:28:00+02:00,0.022769
2017-10-25 18:29:00+02:00,0.022415
2017-10-25 18:30:00+02:00,0.023364
2017-10-25 18:31:00+02:00,0.023131
2017-10-25 18:32:00+02:00,0.021759
2017-10-25 18:33:00+02:00,0.016978
2017-10-25 18:34:00+02:00,0.017154
2017-10-25 18:35:00+02:00,0.016665
2017-10-25 18:36:00+02:00,0.015985
2017-10-25 18:37:00+02:00,0.014805
2017-10-25 18:38:00+02:00,0.017064
2017-10-25 18:39:00+02:00,0.016344
2017-10-25 18:40:00+02:00,0.01679
2017-10-25 18:41:00+02:00,0.016516
2017-10-25 18:42:00+02:00,0.01546
2017-10-25 18:43:00+02:00,0.015976
2017-10-25 18:44:00+02:00,0.016281
2017-10-25 18:45:00+02:00,0.018578
2017-10-25 18:46:00+02:00,0.018452
2017-10-25 18:47:00+02:00,0.019309
2017-10-25 18:48:00+02:00,0.021432
2017-10-25 18:49:00+02:00,0.020074
2017-10-25 18:50:00+02:00,0.019747
2017-10-25 18:51:00+02:00,0.021388
2017-10-25 18:52:00+02:00,0.022045
2017-10-25 18:53:00+02:00,0.019827
2017-10-25 18:54:00+02:00,0.018529
2017-10-25 18:55:00+02:00,0.018582
2017-10-25 18:56:00+02:00,0.018308
2017-10-25 18:57:00+02:00,0.018279
2017-10-25 18:58:00+02:00,0.019258
2017-10-25 18:59:00+02:00,0.019094
2017-10-25 19:00:00+02:00,0.019286
2017-10-25 19:01:00+02:00,0.018314
2017-10-25 19:02:00+02:00,0.017142
2017-10-25 19:03:00+02:00,0.018546
2017-10-25 19:04:00+02:00,0.018952
2017-10-25 19:05:00+02:00,0.018389
2017-10-25 19:06:00+02:00,0.019053
2017-10-25 19:07:00+02:00,0.020126
2017-10-25 19:08:00+02:00,0.020686
2017-10-25 19:09:00+02:00,0.021687
2017-10-25 19:10:00+02:00,0.021476
2017-10-25 19:11:00+02:00,0.025018
2017-10-25 19:12:00+02:00,0.025204
2017-10-25 19:13:00+02:00,0.024898
2017-10-25 19:14:00+02:00,0.028429
2017-10-25 19:15:00+02:00,0.027883
2017-10-25 19:16:00+02:00,0.024814
2017-10-25 19:17:00+02:00,0.022842
2017-10-25 19:18:00+02:00,0.023626
2017-10-25 19:19:00+02:00,0.024603
2017-10-25 19:20:00+02:00,0.025252
2017-10-25 19:21:00+02:00,0.025492
2017-10-25 19:22:00+02:00,0.024744
2017-10-25 19:23:00+02:00,0.031537
2017-10-25 19:24:00+02:00,0.032407
2017-10-25 19:25:00+02:00,0.031906
2017-10-25 19:26:00+02:00,0.029858
2017-10-25 19:27:00+02:00,0.028364
2017-10-25 19:28:00+02:00,0.027686
2017-10-25 19:29:00+02:00,0.028684
2017-10-25 19:30:00+02:00,0.033169
2017-10-25 19:31:00+02:00,0.033806
2017-10-25 19:32:00+02:00,0.033082
2017-10-25 19:33:00+02:00,0.029824
2017-10-25 19:34:00+02:00,0.024045
2017-10-25 19:35:00+02:00,0.021758
2017-10-25 19:36:00+02:00,0.021107
2017-10-25 19:37:00+02:00,0.019628
2017-10-25 19:38:00+02:00,0.020421
2017-10-25 19:39:00+02:00,0.020484
2017-10-25 19:40:00+02:00,0.021947
2017-10-25 19:41:00+02:00,0.023764
2017-10-25 19:42:00+02:00,0.023979
2017-10-25 19:43:00+02:00,0.022238
2017-10-25 19:44:00+02:00,0.020927
2017-10-25 19:45:00+02:00,0.022121
2017-10-25 19:46:00+02:00,0.021757
2017-10-25 19:47:00+02:00,0.021842
2017-10-25 19:48:00+02:00,0.021151
2017-10-25 19:49:00+02:00,0.020313
2017-10-25 19:50:00+02:00,0.020236
2017-10-25 19:51:00+02:00,0.020338
2017-10-25 19:52:00+02:00,0.020632
2017-10-25 19:53:00+02:00,0.019665
2017-10-25 19:54:00+02:00,0.020313
2017-10-25 19:55:00+02:00,0.020906
2017-10-25 19:56:00+02:00,0.022351
2017-10-25 19:57:00+02:00,0.022735
2017-10-25 19:58:00+02:00,0.022027
2017-10-25 19:59:00+02:00,0.021741
2017-10-25 20:00:00+02:00,0.021985
2017-10-25 20:01:00+02:00,0.021128
2017-10-25 20:02:00+02:00,0.021821
2017-10-25 20:03:00+02:00,0.020634
2017-10-25 20:04:00+02:00,0.021652
2017-10-25 20:05:00+02:00,0.017454
2017-10-25 20:06:00+02:00,0.017403
2017-10-25 20:07:00+02:00,0.017546
2017-10-25 20:08:00+02:00,0.019133
2017-10-25 20:09:00+02:00,0.018016
2017-10-25 20:10:00+02:00,0.020231
2017-10-25 20:11:00+02:00,0.020475
2017-10-25 20:12:00+02:00,0.020169
2017-10-25 20:13:00+02:00,0.021143
2017-10-25 20:14:00+02:00,0.022198
2017-10-25 20:15:00+02:00,0.022699
2017-10-25 20:16:00+02:00,0.024336
2017-10-25 20:17:00+02:00,0.0236
2017-10-25 20:18:00+02:00,0.022756
2017-10-25 20:19:00+02:00,0.023213
2017-10-25 20:20:00+02:00,0.023047
2017-10-25 20:21:00+02:00,0.022602
2017-10-25 20:22:00+02:00,0.022999
2017-10-25 20:23:00+02:00,0.02094
2017-10-25 20:24:00+02:00,0.023666
2017-10-25 20:25:00+02:00,0.02247
2017-10-25 20:26:00+02:00,0.022888
2017-10-25 20:27:00+02:00,0.023209
2017-10-25 20:28:00+02:00,0.024309
2017-10-25 20:29:00+02:00,0.023946
2017-10-25 20:30:00+02:00,0.023806
2017-10-25 20:31:00+02:00,0.022701
2017-10-25 20:32:00+02:00,0.02381
2017-10-25 20:33:00+02:00,0.026269
2017-10-25 20:34:00+02:00,0.02631
2017-10-25 20:35:00+02:00,0.025675
2017-10-25 20:36:00+02:00,0.023143
2017-10-25 20:37:00+02:00,0.0238
2017-10-25 20:38:00+02:00,0.026175
2017-10-25 20:39:00+02:00,0.026622
2017-10-25 20:40:00+02:00,0.029453
2017-10-25 20:41:00+02:00,0.031603
2017-10-25 20:42:00+02:00,0.031809
2017-10-25 20:43:00+02:00,0.030415
2017-10-25 20:44:00+02:00,0.029011
2017-10-25 20:45:00+02:00,0.031445
2017-10-25 20:46:00+02:00,0.030253
2017-10-25 20:47:00+02:00,0.035373
2017-10-25 20:48:00+02:00,0.035296
2017-10-25 20:49:00+02:00,0.030147
2017-10-25 20:50:00+02:00,0.030021
2017-10-25 20:51:00+02:00,0.030039
2017-10-25 20:52:00+02:00,0.028715
2017-10-25 20:53:00+02:00,0.027764
2017-10-25 20:54:00+02:00,0.029177
2017-10-25 20:55:00+02:00,0.024082
2017-10-25 20:56:00+02:00,0.021232
2017-10-25 20:57:00+02:00,0.021168
2017-10-25 20:58:00+02:00,0.02007
2017-10-25 20:59:00+02:00,0.019679
2017-10-25 21:00:00+02:00,0.019325
2017-10-25 21:01:00+02:00,0.018971
2017-10-25 21:02:00+02:00,0.018663
2017-10-25 21:03:00+02:00,0.018312
2017-10-25 21:04:00+02:00,0.017682
2017-10-25 21:05:00+02:00,0.017772
2017-10-25 21:06:00+02:00,0.016632
2017-10-25 21:07:00+02:00,0.016295
2017-10-25 21:08:00+02:00,0.016572
2017-10-25 21:09:00+02:00,0.017367
2017-10-25 21:10:00+02:00,0.017894
2017-10-25 21:11:00+02:00,0.017676
2017-10-25 21:12:00+02:00,0.01855
2017-10-25 21:13:00+02:00,0.018711
2017-10-25 21:14:00+02:00,0.017584
2017-10-25 21:15:00+02:00,0.018098
2017-10-25 21:16:00+02:00,0.017717
2017-10-25 21:17:00+02:00,0.017483
2017-10-25 21:18:00+02:00,0.016832
2017-10-25 21:19:00+02:00,0.016807
2017-10-25 21:20:00+02:00,0.01531
2017-10-25 21:21:00+02:00,0.016336
2017-10-25 21:22:00+02:00,0.016992
2017-10-25 21:23:00+02:00,0.016081
2017-10-25 21:24:00+02:00,0.015774
2017-10-25 21:25:00+02:00,0.016793
2017-10-25 21:26:00+02:00,0.021841
2017-10-25 21:27:00+02:00,0.022678
2017-10-25 21:28:00+02:00,0.022718
2017-10-25 21:29:00+02:00,0.023243
2017-10-25 21:30:00+02:00,0.025169
2017-10-25 21:31:00+02:00,0.025971
2017-10-25 21:32:00+02:00,0.025504
2017-10-25 21:33:00+02:00,0.026336
2017-10-25 21:34:00+02:00,0.01973
2017-10-25 21:35:00+02:00,0.018252
2017-10-25 21:36:00+02:00,0.017069
2017-10-25 21:37:00+02:00,0.016469
2017-10-25 21:38:00+02:00,0.018178
2017-10-25 21:39:00+02:00,0.019288
2017-10-25 21:40:00+02:00,0.021174
2017-10-25 21:41:00+02:00,0.018763
2017-10-25 21:42:00+02:00,0.018286
2017-10-25 21:43:00+02:00,0.018016
2017-10-25 21:44:00+02:00,0.018261
2017-10-25 21:45:00+02:00,0.020883
2017-10-25 21:46:00+02:00,0.020999
2017-10-25 21:47:00+02:00,0.020682
2017-10-25 21:48:00+02:00,0.021242
2017-10-25 21:49:00+02:00,0.021555
2017-10-25 21:50:00+02:00,0.02189
2017-10-25 21:51:00+02:00,0.027375
2017-10-25 21:52:00+02:00,0.024732
2017-10-25 21:53:00+02:00,0.024203
2017-10-25 21:54:00+02:00,0.024549
2017-10-25 21:55:00+02:00,0.024257
2017-10-25 21:56:00+02:00,0.020884
2017-10-25 21:57:00+02:00,0.019687
2017-10-25 21:58:00+02:00,0.019774
2017-10-25 21:59:00+02:00,0.023701
2017-10-25 22:00:00+02:00,0.028799
2017-10-25 22:01:00+02:00,0.0291
2017-10-25 22:02:00+02:00,0.029348
2017-10-25 22:03:00+02:00,0.028546
2017-10-25 22:04:00+02:00,0.028541
2017-10-25 22:05:00+02:00,0.028523
2017-10-25 22:06:00+02:00,0.028781
2017-10-25 22:07:00+02:00,0.026341
2017-10-25 22:08:00+02:00,0.025613
2017-10-25 22:09:00+02:00,0.025392
2017-10-25 22:10:00+02:00,0.027248
2017-10-25 22:11:00+02:00,0.027775
2017-10-25 22:12:00+02:00,0.027998
2017-10-25 22:13:00+02:00,0.024353
2017-10-25 22:14:00+02:00,0.022196
2017-10-25 22:15:00+02:00,0.020266
2017-10-25 22:16:00+02:00,0.022162
2017-10-25 22:17:00+02:00,0.020876
2017-10-25 22:18:00+02:00,0.020264
2017-10-25 22:19:00+02:00,0.019034
2017-10-25 22:20:00+02:00,0.019778
2017-10-25 22:21:00+02:00,0.018734
2017-10-25 22:22:00+02:00,0.019616
2017-10-25 22:23:00+02:00,0.019491
2017-10-25 22:24:00+02:00,0.019035
2017-10-25 22:25:00+02:00,0.019665
2017-10-25 22:26:00+02:00,0.018115
2017-10-25 22:27:00+02:00,0.017809
2017-10-25 22:28:00+02:00,0.016946
2017-10-25 22:29:00+02:00,0.016267
2017-10-25 22:30:00+02:00,0.016838
2017-10-25 22:31:00+02:00,0.01686
2017-10-25 22:32:00+02:00,0.017384
2017-10-25 22:33:00+02:00,0.01701
2017-10-25 22:34:00+02:00,0.016792
2017-10-25 22:35:00+02:00,0.017863
2017-10-25 22:36:00+02:00,0.018022
2017-10-25 22:37:00+02:00,0.017717
2017-10-25 22:38:00+02:00,0.01769
2017-10-25 22:39:00+02:00,0.019283
2017-10-25 22:40:00+02:00,0.018208
2017-10-25 22:41:00+02:00,0.017269
2017-10-25 22:42:00+02:00,0.016699
2017-10-25 22:43:00+02:00,0.016757
2017-10-25 22:44:00+02:00,0.016815
2017-10-25 22:45:00+02:00,0.017072
2017-10-25 22:46:00+02:00,0.018834
2017-10-25 22:47:00+02:00,0.02179
2017-10-25 22:48:00+02:00,0.019694
2017-10-25 22:49:00+02:00,0.019144
2017-10-25 22:50:00+02:00,0.016728
2017-10-25 22:51:00+02:00,0.016506
2017-10-25 22:52:00+02:00,0.017324
2017-10-25 22:53:00+02:00,0.017413
2017-10-25 22:54:00+02:00,0.019006
2017-10-25 22:55:00+02:00,0.017306
2017-10-25 22:56:00+02:00,0.015302
2017-10-25 22:57:00+02:00,0.014524
2017-10-25 22:58:00+02:00,0.015405
2017-10-25 22:59:00+02:00,0.014703
2017-10-25 23:00:00+02:00,0.015217
2017-10-25 23:01:00+02:00,0.016239
2017-10-25 23:02:00+02:00,0.016026
2017-10-25 23:03:00+02:00,0.016595
2017-10-25 23:04:00+02:00,0.017949
2017-10-25 23:05:00+02:00,0.018414
2017-10-25 23:06:00+02:00,0.018759
2017-10-25 23:07:00+02:00,0.017755
2017-10-25 23:08:00+02:00,0.016978
2017-10-25 23:09:00+02:00,0.016895
2017-10-25 23:10:00+02:00,0.015725
2017-10-25 23:11:00+02:00,0.01493
2017-10-25 23:12:00+02:00,0.01507
2017-10-25 23:13:00+02:00,0.014642
2017-10-25 23:14:00+02:00,0.015019
2017-10-25 23:15:00+02:00,0.015184
2017-10-25 23:16:00+02:00,0.014452
2017-10-25 23:17:00+02:00,0.015033
2017-10-25 23:18:00+02:00,0.014636
2017-10-25 23:19:00+02:00,0.013411
2017-10-25 23:20:00+02:00,0.013016
2017-10-25 23:21:00+02:00,0.012037
2017-10-25 23:22:00+02:00,0.011353
2017-10-25 23:23:00+02:00,0.014007
2017-10-25 23:24:00+02:00,0.014076
2017-10-25 23:25:00+02:00,0.016171
2017-10-25 23:26:00+02:00,0.019003
2017-10-25 23:27:00+02:00,0.015304
2017-10-25 23:28:00+02:00,0.010717
2017-10-25 23:29:00+02:00,0.010159
2017-10-25 23:30:00+02:00,0.010907
2017-10-25 23:31:00+02:00,0.010939
2017-10-25 23:32:00+02:00,0.011467
2017-10-25 23:33:00+02:00,0.011603
2017-10-25 23:34:00+02:00,0.014246
2017-10-25 23:35:00+02:00,0.014485
2017-10-25 23:36:00+02:00,0.014016
2017-10-25 23:37:00+02:00,0.014814
2017-10-25 23:38:00+02:00,0.015727
2017-10-25 23:39:00+02:00,0.016254
2017-10-25 23:40:00+02:00,0.014476
2017-10-25 23:41:00+02:00,0.015724
2017-10-25 23:42:00+02:00,0.019872
2017-10-25 23:43:00+02:00,0.016672
2017-10-25 23:44:00+02:00,0.015665
2017-10-25 23:45:00+02:00,0.014873
2017-10-25 23:46:00+02:00,0.015489
2017-10-25 23:47:00+02:00,0.015315
2017-10-25 23:48:00+02:00,0.013937
2017-10-25 23:49:00+02:00,0.014075
2017-10-25 23:50:00+02:00,0.013061
2017-10-25 23:51:00+02:00,0.012446
2017-10-25 23:52:00+02:00,0.011735
2017-10-25 23:53:00+02:00,0.01127
2017-10-25 23:54:00+02:00,0.011269
2017-10-25 23:55:00+02:00,0.012229
2017-10-25 23:56:00+02:00,0.011411
2017-10-25 23:57:00+02:00,0.010841
2017-10-25 23:58:00+02:00,0.010979
2017-10-25 23:59:00+02:00,0.011363
2017-10-26 00:00:00+02:00,0.012008
2017-10-26 00:01:00+02:00,0.011965
2017-10-26 00:02:00+02:00,0.010567
2017-10-26 00:03:00+02:00,0.01046
2017-10-26 00:04:00+02:00,0.011166
2017-10-26 00:05:00+02:00,0.012576
2017-10-26 00:06:00+02:00,0.01079
2017-10-26 00:07:00+02:00,0.009389
2017-10-26 00:08:00+02:00,0.008647
2017-10-26 00:09:00+02:00,0.007331
2017-10-26 00:10:00+02:00,0.007161
2017-10-26 00:11:00+02:00,0.007457
2017-10-26 00:12:00+02:00,0.007191
2017-10-26 00:13:00+02:00,0.00724
2017-10-26 00:14:00+02:00,0.006685
2017-10-26 00:15:00+02:00,0.006841
2017-10-26 00:16:00+02:00,0.006326
2017-10-26 00:17:00+02:00,0.005567
2017-10-26 00:18:00+02:00,0.005592
2017-10-26 00:19:00+02:00,0.006015
2017-10-26 00:20:00+02:00,0.007228
2017-10-26 00:21:00+02:00,0.006339
2017-10-26 00:22:00+02:00,0.005427
2017-10-26 00:23:00+02:00,0.006433
2017-10-26 00:24:00+02:00,0.005893
2017-10-26 00:25:00+02:00,0.00661
2017-10-26 00:26:00+02:00,0.007712
2017-10-26 00:27:00+02:00,0.00814
2017-10-26 00:28:00+02:00,0.007726
2017-10-26 00:29:00+02:00,0.008166
2017-10-26 00:30:00+02:00,0.007399
2017-10-26 00:31:00+02:00,0.007206
2017-10-26 00:32:00+02:00,0.007435
2017-10-26 00:33:00+02:00,0.007524
2017-10-26 00:34:00+02:00,0.007534
2017-10-26 00:35:00+02:00,0.007418
2017-10-26 00:36:00+02:00,0.007113
2017-10-26 00:37:00+02:00,0.00575
2017-10-26 00:38:00+02:00,0.00558
2017-10-26 00:39:00+02:00,0.005175
2017-10-26 00:40:00+02:00,0.004571
2017-10-26 00:41:00+02:00,0.005161
2017-10-26 00:42:00+02:00,0.005208
2017-10-26 00:43:00+02:00,0.004498
2017-10-26 00:44:00+02:00,0.004859
2017-10-26 00:45:00+02:00,0.005325
2017-10-26 00:46:00+02:00,0.005665
2017-10-26 00:47:00+02:00,0.007394
2017-10-26 00:48:00+02:00,0.007008
2017-10-26 00:49:00+02:00,0.006783
2017-10-26 00:50:00+02:00,0.007273
2017-10-26 00:51:00+02:00,0.007302
2017-10-26 00:52:00+02:00,0.007408
2017-10-26 00:53:00+02:00,0.007306
2017-10-26 00:54:00+02:00,0.00717
2017-10-26 00:55:00+02:00,0.007876
2017-10-26 00:56:00+02:00,0.00927
2017-10-26 00:57:00+02:00,0.009547
2017-10-26 00:58:00+02:00,0.009623
2017-10-26 00:59:00+02:00,0.00991
2017-10-26 01:00:00+02:00,0.009474
2017-10-26 01:01:00+02:00,0.008233
2017-10-26 01:02:00+02:00,0.008458
2017-10-26 01:03:00+02:00,0.008845
2017-10-26 01:04:00+02:00,0.008563
2017-10-26 01:05:00+02:00,0.007274
2017-10-26 01:06:00+02:00,0.007839
2017-10-26 01:07:00+02:00,0.008621
2017-10-26 01:08:00+02:00,0.007618
2017-10-26 01:09:00+02:00,0.008273
2017-10-26 01:10:00+02:00,0.00888
2017-10-26 01:11:00+02:00,0.0081
2017-10-26 01:12:00+02:00,0.007889
2017-10-26 01:13:00+02:00,0.007254
2017-10-26 01:14:00+02:00,0.006868
2017-10-26 01:15:00+02:00,0.007086
2017-10-26 01:16:00+02:00,0.007686
2017-10-26 01:17:00+02:00,0.007965
2017-10-26 01:18:00+02:00,0.009955
2017-10-26 01:19:00+02:00,0.01075
2017-10-26 01:20:00+02:00,0.007607
2017-10-26 01:21:00+02:00,0.007261
2017-10-26 01:22:00+02:00,0.007446
2017-10-26 01:23:00+02:00,0.00793
2017-10-26 01:24:00+02:00,0.008433
2017-10-26 01:25:00+02:00,0.009075
2017-10-26 01:26:00+02:00,0.009887
2017-10-26 01:27:00+02:00,0.010025
2017-10-26 01:28:00+02:00,0.010326
2017-10-26 01:29:00+02:00,0.010066
2017-10-26 01:30:00+02:00,0.009484
2017-10-26 01:31:00+02:00,0.010115
2017-10-26 01:32:00+02:00,0.007862
2017-10-26 01:33:00+02:00,0.00772
2017-10-26 01:34:00+02:00,0.007787
2017-10-26 01:35:00+02:00,0.007631
2017-10-26 01:36:00+02:00,0.008217
2017-10-26 01:37:00+02:00,0.007711
2017-10-26 01:38:00+02:00,0.007946
2017-10-26 01:39:00+02:00,0.006761
2017-10-26 01:40:00+02:00,0.006836
2017-10-26 01:41:00+02:00,0.006532
2017-10-26 01:42:00+02:00,0.00684
2017-10-26 01:43:00+02:00,0.006166
2017-10-26 01:44:00+02:00,0.006232
2017-10-26 01:45:00+02:00,0.007022
2017-10-26 01:46:00+02:00,0.006695
2017-10-26 01:47:00+02:00,0.006977
2017-10-26 01:48:00+02:00,0.006673
2017-10-26 01:49:00+02:00,0.007185
2017-10-26 01:50:00+02:00,0.007167
2017-10-26 01:51:00+02:00,0.007204
2017-10-26 01:52:00+02:00,0.006619
2017-10-26 01:53:00+02:00,0.004472
2017-10-26 01:54:00+02:00,0.003803
2017-10-26 01:55:00+02:00,0.003753
2017-10-26 01:56:00+02:00,0.002986
2017-10-26 01:57:00+02:00,0.002236
2017-10-26 01:58:00+02:00,0.002713
2017-10-26 01:59:00+02:00,0.003109
2017-10-26 02:00:00+02:00,0.003138
2017-10-26 02:01:00+02:00,0.00359
2017-10-26 02:02:00+02:00,0.003403
2017-10-26 02:03:00+02:00,0.002694
2017-10-26 02:04:00+02:00,0.002987
2017-10-26 02:05:00+02:00,0.003724
2017-10-26 02:06:00+02:00,0.004426
2017-10-26 02:07:00+02:00,0.005271
2017-10-26 02:08:00+02:00,0.006282
2017-10-26 02:09:00+02:00,0.006544
2017-10-26 02:10:00+02:00,0.007111
2017-10-26 02:11:00+02:00,0.008571
2017-10-26 02:12:00+02:00,0.008637
2017-10-26 02:13:00+02:00,0.009725
2017-10-26 02:14:00+02:00,0.010679
2017-10-26 02:15:00+02:00,0.009957
2017-10-26 02:16:00+02:00,0.009703
2017-10-26 02:17:00+02:00,0.010129
2017-10-26 02:18:00+02:00,0.008562
2017-10-26 02:19:00+02:00,0.008246
2017-10-26 02:20:00+02:00,0.008582
2017-10-26 02:21:00+02:00,0.00891
2017-10-26 02:22:00+02:00,0.009347
2017-10-26 02:23:00+02:00,0.007352
2017-10-26 02:24:00+02:00,0.007396
2017-10-26 02:25:00+02:00,0.007759
2017-10-26 02:26:00+02:00,0.00783
2017-10-26 02:27:00+02:00,0.007553
2017-10-26 02:28:00+02:00,0.006629
2017-10-26 02:29:00+02:00,0.00546
2017-10-26 02:30:00+02:00,0.005516
2017-10-26 02:31:00+02:00,0.005882
2017-10-26 02:32:00+02:00,0.005998
2017-10-26 02:33:00+02:00,0.006521
2017-10-26 02:34:00+02:00,0.006806
2017-10-26 02:35:00+02:00,0.006859
2017-10-26 02:36:00+02:00,0.006215
2017-10-26 02:37:00+02:00,0.00542
2017-10-26 02:38:00+02:00,0.005323
2017-10-26 02:39:00+02:00,0.005342
2017-10-26 02:40:00+02:00,0.005627
2017-10-26 02:41:00+02:00,0.005052
2017-10-26 02:42:00+02:00,0.004844
2017-10-26 02:43:00+02:00,0.005969
2017-10-26 02:44:00+02:00,0.006343
2017-10-26 02:45:00+02:00,0.005432
2017-10-26 02:46:00+02:00,0.004489
2017-10-26 02:47:00+02:00,0.003783
2017-10-26 02:48:00+02:00,0.003307
2017-10-26 02:49:00+02:00,0.0025
2017-10-26 02:50:00+02:00,0.002421
2017-10-26 02:51:00+02:00,0.00323
2017-10-26 02:52:00+02:00,0.00424
2017-10-26 02:53:00+02:00,0.011133
2017-10-26 02:54:00+02:00,0.011646
2017-10-26 02:55:00+02:00,0.011034
2017-10-26 02:56:00+02:00,0.011502
2017-10-26 02:57:00+02:00,0.011118
2017-10-26 02:58:00+02:00,0.009009
2017-10-26 02:59:00+02:00,0.004664
2017-10-26 03:00:00+02:00,0.004454
2017-10-26 03:01:00+02:00,0.004742
2017-10-26 03:02:00+02:00,0.004699
2017-10-26 03:03:00+02:00,0.005101
2017-10-26 03:04:00+02:00,0.005531
2017-10-26 03:05:00+02:00,0.00577
2017-10-26 03:06:00+02:00,0.006097
2017-10-26 03:07:00+02:00,0.006019
2017-10-26 03:08:00+02:00,0.005838
2017-10-26 03:09:00+02:00,0.005668
2017-10-26 03:10:00+02:00,0.006014
2017-10-26 03:11:00+02:00,0.005669
2017-10-26 03:12:00+02:00,0.005316
2017-10-26 03:13:00+02:00,0.004567
2017-10-26 03:14:00+02:00,0.004689
2017-10-26 03:15:00+02:00,0.004375
2017-10-26 03:16:00+02:00,0.004114
2017-10-26 03:17:00+02:00,0.004992
2017-10-26 03:18:00+02:00,0.005555
2017-10-26 03:19:00+02:00,0.005981
2017-10-26 03:20:00+02:00,0.006498
2017-10-26 03:21:00+02:00,0.006151
2017-10-26 03:22:00+02:00,0.006434
2017-10-26 03:23:00+02:00,0.005834
2017-10-26 03:24:00+02:00,0.005696
2017-10-26 03:25:00+02:00,0.005684
2017-10-26 03:26:00+02:00,0.005408
2017-10-26 03:27:00+02:00,0.006133
2017-10-26 03:28:00+02:00,0.006353
2017-10-26 03:29:00+02:00,0.006759
2017-10-26 03:30:00+02:00,0.006676
2017-10-26 03:31:00+02:00,0.006559
2017-10-26 03:32:00+02:00,0.006902
2017-10-26 03:33:00+02:00,0.006663
2017-10-26 03:34:00+02:00,0.00749
2017-10-26 03:35:00+02:00,0.007884
2017-10-26 03:36:00+02:00,0.008153
2017-10-26 03:37:00+02:00,0.008401
2017-10-26 03:38:00+02:00,0.008375
2017-10-26 03:39:00+02:00,0.007191
2017-10-26 03:40:00+02:00,0.00674
2017-10-26 03:41:00+02:00,0.006416
2017-10-26 03:42:00+02:00,0.005759
2017-10-26 03:43:00+02:00,0.00586
2017-10-26 03:44:00+02:00,0.005249
2017-10-26 03:45:00+02:00,0.004346
2017-10-26 03:46:00+02:00,0.004561
2017-10-26 03:47:00+02:00,0.005015
2017-10-26 03:48:00+02:00,0.005771
2017-10-26 03:49:00+02:00,0.005796
2017-10-26 03:50:00+02:00,0.005476
2017-10-26 03:51:00+02:00,0.005163
2017-10-26 03:52:00+02:00,0.005057
2017-10-26 03:53:00+02:00,0.004714
2017-10-26 03:54:00+02:00,0.005285
2017-10-26 03:55:00+02:00,0.005424
2017-10-26 03:56:00+02:00,0.006316
2017-10-26 03:57:00+02:00,0.007078
2017-10-26 03:58:00+02:00,0.007155
2017-10-26 03:59:00+02:00,0.006758
2017-10-26 04:00:00+02:00,0.006577
2017-10-26 04:01:00+02:00,0.006961
2017-10-26 04:02:00+02:00,0.007495
2017-10-26 04:03:00+02:00,0.006676
2017-10-26 04:04:00+02:00,0.00701
2017-10-26 04:05:00+02:00,0.007584
2017-10-26 04:06:00+02:00,0.007538
2017-10-26 04:07:00+02:00,0.007911
2017-10-26 04:08:00+02:00,0.008382
2017-10-26 04:09:00+02:00,0.008763
2017-10-26 04:10:00+02:00,0.009289
2017-10-26 04:11:00+02:00,0.008929
2017-10-26 04:12:00+02:00,0.008399
2017-10-26 04:13:00+02:00,0.007522
2017-10-26 04:14:00+02:00,0.007837
2017-10-26 04:15:00+02:00,0.007644
2017-10-26 04:16:00+02:00,0.008659
2017-10-26 04:17:00+02:00,0.008292
2017-10-26 04:18:00+02:00,0.007597
2017-10-26 04:19:00+02:00,0.008265
2017-10-26 04:20:00+02:00,0.008012
2017-10-26 04:21:00+02:00,0.009807
2017-10-26 04:22:00+02:00,0.007192
2017-10-26 04:23:00+02:00,0.006336
2017-10-26 04:24:00+02:00,0.006326
2017-10-26 04:25:00+02:00,0.006966
2017-10-26 04:26:00+02:00,0.007484
2017-10-26 04:27:00+02:00,0.006875
2017-10-26 04:28:00+02:00,0.007133
2017-10-26 04:29:00+02:00,0.007011
2017-10-26 04:30:00+02:00,0.007481
2017-10-26 04:31:00+02:00,0.007035
2017-10-26 04:32:00+02:00,0.006786
2017-10-26 04:33:00+02:00,0.007527
2017-10-26 04:34:00+02:00,0.007182
2017-10-26 04:35:00+02:00,0.007056
2017-10-26 04:36:00+02:00,0.007606
2017-10-26 04:37:00+02:00,0.008934
2017-10-26 04:38:00+02:00,0.008963
2017-10-26 04:39:00+02:00,0.009871
2017-10-26 04:40:00+02:00,0.007614
2017-10-26 04:41:00+02:00,0.007808
2017-10-26 04:42:00+02:00,0.007676
2017-10-26 04:43:00+02:00,0.008958
2017-10-26 04:44:00+02:00,0.009068
2017-10-26 04:45:00+02:00,0.010378
2017-10-26 04:46:00+02:00,0.007579
2017-10-26 04:47:00+02:00,0.007832
2017-10-26 04:48:00+02:00,0.008004
2017-10-26 04:49:00+02:00,0.008118
2017-10-26 04:50:00+02:00,0.008961
2017-10-26 04:51:00+02:00,0.009242
2017-10-26 04:52:00+02:00,0.009464
2017-10-26 04:53:00+02:00,0.009244
2017-10-26 04:54:00+02:00,0.009536
2017-10-26 04:55:00+02:00,0.00978
2017-10-26 04:56:00+02:00,0.009485
2017-10-26 04:57:00+02:00,0.010274
2017-10-26 04:58:00+02:00,0.00871
2017-10-26 04:59:00+02:00,0.008974
2017-10-26 05:00:00+02:00,0.0088
2017-10-26 05:01:00+02:00,0.008829
2017-10-26 05:02:00+02:00,0.008778
2017-10-26 05:03:00+02:00,0.009785
2017-10-26 05:04:00+02:00,0.010189
2017-10-26 05:05:00+02:00,0.010886
2017-10-26 05:06:00+02:00,0.010697
2017-10-26 05:07:00+02:00,0.011521
2017-10-26 05:08:00+02:00,0.012611
2017-10-26 05:09:00+02:00,0.012548
2017-10-26 05:10:00+02:00,0.011988
2017-10-26 05:11:00+02:00,0.011069
2017-10-26 05:12:00+02:00,0.010681
2017-10-26 05:13:00+02:00,0.011055
2017-10-26 05:14:00+02:00,0.010459
2017-10-26 05:15:00+02:00,0.011646
2017-10-26 05:16:00+02:00,0.011535
2017-10-26 05:17:00+02:00,0.011575
2017-10-26 05:18:00+02:00,0.012684
2017-10-26 05:19:00+02:00,0.013199
2017-10-26 05:20:00+02:00,0.012437
2017-10-26 05:21:00+02:00,0.012388
2017-10-26 05:22:00+02:00,0.011811
2017-10-26 05:23:00+02:00,0.012091
2017-10-26 05:24:00+02:00,0.011934
2017-10-26 05:25:00+02:00,0.011618
2017-10-26 05:26:00+02:00,0.012425
2017-10-26 05:27:00+02:00,0.013333
2017-10-26 05:28:00+02:00,0.013204
2017-10-26 05:29:00+02:00,0.012782
2017-10-26 05:30:00+02:00,0.012287
2017-10-26 05:31:00+02:00,0.012871
2017-10-26 05:32:00+02:00,0.012878
2017-10-26 05:33:00+02:00,0.013818
2017-10-26 05:34:00+02:00,0.012863
2017-10-26 05:35:00+02:00,0.012316
2017-10-26 05:36:00+02:00,0.012629
2017-10-26 05:37:00+02:00,0.012309
2017-10-26 05:38:00+02:00,0.011277
2017-10-26 05:39:00+02:00,0.011401
2017-10-26 05:40:00+02:00,0.011838
2017-10-26 05:41:00+02:00,0.012133
2017-10-26 05:42:00+02:00,0.012001
2017-10-26 05:43:00+02:00,0.012795
2017-10-26 05:44:00+02:00,0.012703
2017-10-26 05:45:00+02:00,0.013535
2017-10-26 05:46:00+02:00,0.013586
2017-10-26 05:47:00+02:00,0.0129
2017-10-26 05:48:00+02:00,0.012635
2017-10-26 05:49:00+02:00,0.012713
2017-10-26 05:50:00+02:00,0.013554
2017-10-26 05:51:00+02:00,0.013237
2017-10-26 05:52:00+02:00,0.013504
2017-10-26 05:53:00+02:00,0.014669
2017-10-26 05:54:00+02:00,0.014728
2017-10-26 05:55:00+02:00,0.015023
2017-10-26 05:56:00+02:00,0.015671
2017-10-26 05:57:00+02:00,0.017711
2017-10-26 05:58:00+02:00,0.015846
2017-10-26 05:59:00+02:00,0.015932
2017-10-26 06:00:00+02:00,0.01516
2017-10-26 06:01:00+02:00,0.014578
2017-10-26 06:02:00+02:00,0.013915
2017-10-26 06:03:00+02:00,0.013658
2017-10-26 06:04:00+02:00,0.013785
2017-10-26 06:05:00+02:00,0.014347
2017-10-26 06:06:00+02:00,0.014572
2017-10-26 06:07:00+02:00,0.015844
2017-10-26 06:08:00+02:00,0.014825
2017-10-26 06:09:00+02:00,0.014816
2017-10-26 06:10:00+02:00,0.015775
2017-10-26 06:11:00+02:00,0.015326
2017-10-26 06:12:00+02:00,0.015742
2017-10-26 06:13:00+02:00,0.015797
2017-10-26 06:14:00+02:00,0.015046
2017-10-26 06:15:00+02:00,0.016053
2017-10-26 06:16:00+02:00,0.016296
2017-10-26 06:17:00+02:00,0.016297
2017-10-26 06:18:00+02:00,0.016494
2017-10-26 06:19:00+02:00,0.016068
2017-10-26 06:20:00+02:00,0.016035
2017-10-26 06:21:00+02:00,0.015955
2017-10-26 06:22:00+02:00,0.016354
2017-10-26 06:23:00+02:00,0.01735
2017-10-26 06:24:00+02:00,0.019238
2017-10-26 06:25:00+02:00,0.018732
2017-10-26 06:26:00+02:00,0.019571
2017-10-26 06:27:00+02:00,0.019173
2017-10-26 06:28:00+02:00,0.019832
2017-10-26 06:29:00+02:00,0.020732
2017-10-26 06:30:00+02:00,0.021643
2017-10-26 06:31:00+02:00,0.021627
2017-10-26 06:32:00+02:00,0.021584
2017-10-26 06:33:00+02:00,0.021206
2017-10-26 06:34:00+02:00,0.021322
2017-10-26 06:35:00+02:00,0.020485
2017-10-26 06:36:00+02:00,0.020067
2017-10-26 06:37:00+02:00,0.019743
2017-10-26 06:38:00+02:00,0.019606
2017-10-26 06:39:00+02:00,0.019613
2017-10-26 06:40:00+02:00,0.019461
2017-10-26 06:41:00+02:00,0.019419
2017-10-26 06:42:00+02:00,0.01945
2017-10-26 06:43:00+02:00,0.019212
2017-10-26 06:44:00+02:00,0.018363
2017-10-26 06:45:00+02:00,0.018346
2017-10-26 06:46:00+02:00,0.01862
2017-10-26 06:47:00+02:00,0.018286
2017-10-26 06:48:00+02:00,0.018659
2017-10-26 06:49:00+02:00,0.019579
2017-10-26 06:50:00+02:00,0.020184
2017-10-26 06:51:00+02:00,0.020351
2017-10-26 06:52:00+02:00,0.019921
2017-10-26 06:53:00+02:00,0.019993
2017-10-26 06:54:00+02:00,0.019131
2017-10-26 06:55:00+02:00,0.019668
2017-10-26 06:56:00+02:00,0.020493
2017-10-26 06:57:00+02:00,0.021271
2017-10-26 06:58:00+02:00,0.021735
2017-10-26 06:59:00+02:00,0.022553
2017-10-26 07:00:00+02:00,0.023381
2017-10-26 07:01:00+02:00,0.024861
2017-10-26 07:02:00+02:00,0.026376
2017-10-26 07:03:00+02:00,0.026826
2017-10-26 07:04:00+02:00,0.026385
2017-10-26 07:05:00+02:00,0.025508
2017-10-26 07:06:00+02:00,0.026562
2017-10-26 07:07:00+02:00,0.02713
2017-10-26 07:08:00+02:00,0.027888
2017-10-26 07:09:00+02:00,0.026936
2017-10-26 07:10:00+02:00,0.028958
2017-10-26 07:11:00+02:00,0.028149
2017-10-26 07:12:00+02:00,0.02899
2017-10-26 07:13:00+02:00,0.02726
2017-10-26 07:14:00+02:00,0.027628
2017-10-26 07:15:00+02:00,0.026286
2017-10-26 07:16:00+02:00,0.028348
2017-10-26 07:17:00+02:00,0.033074
2017-10-26 07:18:00+02:00,0.031537
2017-10-26 07:19:00+02:00,0.031386
2017-10-26 07:20:00+02:00,0.030385
2017-10-26 07:21:00+02:00,0.028988
2017-10-26 07:22:00+02:00,0.029172
2017-10-26 07:23:00+02:00,0.027442
2017-10-26 07:24:00+02:00,0.027757
2017-10-26 07:25:00+02:00,0.028992
2017-10-26 07:26:00+02:00,0.030361
2017-10-26 07:27:00+02:00,0.028239
2017-10-26 07:28:00+02:00,0.022119
2017-10-26 07:29:00+02:00,0.023829
2017-10-26 07:30:00+02:00,0.023339
2017-10-26 07:31:00+02:00,0.023624
2017-10-26 07:32:00+02:00,0.022521
2017-10-26 07:33:00+02:00,0.022561
2017-10-26 07:34:00+02:00,0.023562
2017-10-26 07:35:00+02:00,0.024062
2017-10-26 07:36:00+02:00,0.023932
2017-10-26 07:37:00+02:00,0.025088
2017-10-26 07:38:00+02:00,0.024202
2017-10-26 07:39:00+02:00,0.024849
2017-10-26 07:40:00+02:00,0.024312
2017-10-26 07:41:00+02:00,0.024856
2017-10-26 07:42:00+02:00,0.02466
2017-10-26 07:43:00+02:00,0.024065
2017-10-26 07:44:00+02:00,0.023584
2017-10-26 07:45:00+02:00,0.024285
2017-10-26 07:46:00+02:00,0.025258
2017-10-26 07:47:00+02:00,0.025919
2017-10-26 07:48:00+02:00,0.025738
2017-10-26 07:49:00+02:00,0.025869
2017-10-26 07:50:00+02:00,0.024993
2017-10-26 07:51:00+02:00,0.025347
2017-10-26 07:52:00+02:00,0.023185
2017-10-26 07:53:00+02:00,0.02273
2017-10-26 07:54:00+02:00,0.022077
2017-10-26 07:55:00+02:00,0.022235
2017-10-26 07:56:00+02:00,0.022837
2017-10-26 07:57:00+02:00,0.0227
2017-10-26 07:58:00+02:00,0.023779
2017-10-26 07:59:00+02:00,0.02283
2017-10-26 08:00:00+02:00,0.02235
2017-10-26 08:01:00+02:00,0.022374
2017-10-26 08:02:00+02:00,0.022685
2017-10-26 08:03:00+02:00,0.023899
2017-10-26 08:04:00+02:00,0.023466
2017-10-26 08:05:00+02:00,0.024428
2017-10-26 08:06:00+02:00,0.025025
2017-10-26 08:07:00+02:00,0.023942
2017-10-26 08:08:00+02:00,0.024501
2017-10-26 08:09:00+02:00,0.024381
2017-10-26 08:10:00+02:00,0.026657
2017-10-26 08:11:00+02:00,0.026064
2017-10-26 08:12:00+02:00,0.02548
2017-10-26 08:13:00+02:00,0.027081
2017-10-26 08:14:00+02:00,0.027571
2017-10-26 08:15:00+02:00,0.025582
2017-10-26 08:16:00+02:00,0.02503
2017-10-26 08:17:00+02:00,0.024884
2017-10-26 08:18:00+02:00,0.024427
2017-10-26 08:19:00+02:00,0.023634
2017-10-26 08:20:00+02:00,0.022803
2017-10-26 08:21:00+02:00,0.021958
2017-10-26 08:22:00+02:00,0.024865
2017-10-26 08:23:00+02:00,0.027508
2017-10-26 08:24:00+02:00,0.02691
2017-10-26 08:25:00+02:00,0.026349
2017-10-26 08:26:00+02:00,0.025674
2017-10-26 08:27:00+02:00,0.025097
2017-10-26 08:28:00+02:00,0.025551
2017-10-26 08:29:00+02:00,0.026047
2017-10-26 08:30:00+02:00,0.026393
2017-10-26 08:31:00+02:00,0.025452
2017-10-26 08:32:00+02:00,0.025179
2017-10-26 08:33:00+02:00,0.025006
2017-10-26 08:34:00+02:00,0.024538
2017-10-26 08:35:00+02:00,0.023892
2017-10-26 08:36:00+02:00,0.023258
2017-10-26 08:37:00+02:00,0.022264
2017-10-26 08:38:00+02:00,0.020428
2017-10-26 08:39:00+02:00,0.02062
2017-10-26 08:40:00+02:00,0.020974
2017-10-26 08:41:00+02:00,0.02046
2017-10-26 08:42:00+02:00,0.021076
2017-10-26 08:43:00+02:00,0.020272
2017-10-26 08:44:00+02:00,0.019287
2017-10-26 08:45:00+02:00,0.017137
2017-10-26 08:46:00+02:00,0.01685
2017-10-26 08:47:00+02:00,0.017171
2017-10-26 08:48:00+02:00,0.016494
2017-10-26 08:49:00+02:00,0.016874
2017-10-26 08:50:00+02:00,0.017403
2017-10-26 08:51:00+02:00,0.017897
2017-10-26 08:52:00+02:00,0.018607
2017-10-26 08:53:00+02:00,0.019035
2017-10-26 08:54:00+02:00,0.018725
2017-10-26 08:55:00+02:00,0.019955
2017-10-26 08:56:00+02:00,0.019489
2017-10-26 08:57:00+02:00,0.020283
2017-10-26 08:58:00+02:00,0.020684
2017-10-26 08:59:00+02:00,0.020723
2017-10-26 09:00:00+02:00,0.020424
2017-10-26 09:01:00+02:00,0.020189
2017-10-26 09:02:00+02:00,0.02027
2017-10-26 09:03:00+02:00,0.024912
2017-10-26 09:04:00+02:00,0.025854
2017-10-26 09:05:00+02:00,0.025871
2017-10-26 09:06:00+02:00,0.024906
2017-10-26 09:07:00+02:00,0.024132
2017-10-26 09:08:00+02:00,0.025058
2017-10-26 09:09:00+02:00,0.025939
2017-10-26 09:10:00+02:00,0.021771
2017-10-26 09:11:00+02:00,0.020242
2017-10-26 09:12:00+02:00,0.019018
2017-10-26 09:13:00+02:00,0.018367
2017-10-26 09:14:00+02:00,0.01947
2017-10-26 09:15:00+02:00,0.020607
2017-10-26 09:16:00+02:00,0.022052
2017-10-26 09:17:00+02:00,0.021183
2017-10-26 09:18:00+02:00,0.019722
2017-10-26 09:19:00+02:00,0.020166
2017-10-26 09:20:00+02:00,0.019872
2017-10-26 09:21:00+02:00,0.01977
2017-10-26 09:22:00+02:00,0.019466
2017-10-26 09:23:00+02:00,0.020236
2017-10-26 09:24:00+02:00,0.01959
2017-10-26 09:25:00+02:00,0.018737
2017-10-26 09:26:00+02:00,0.017735
2017-10-26 09:27:00+02:00,0.018065
2017-10-26 09:28:00+02:00,0.01842
2017-10-26 09:29:00+02:00,0.018451
2017-10-26 09:30:00+02:00,0.020414
2017-10-26 09:31:00+02:00,0.018615
2017-10-26 09:32:00+02:00,0.018697
2017-10-26 09:33:00+02:00,0.02046
2017-10-26 09:34:00+02:00,0.020562
2017-10-26 09:35:00+02:00,0.02074
2017-10-26 09:36:00+02:00,0.021025
2017-10-26 09:37:00+02:00,0.019986
2017-10-26 09:38:00+02:00,0.015847
2017-10-26 09:39:00+02:00,0.015515
2017-10-26 09:40:00+02:00,0.01544
2017-10-26 09:41:00+02:00,0.016232
2017-10-26 09:42:00+02:00,0.016632
2017-10-26 09:43:00+02:00,0.016075
2017-10-26 09:44:00+02:00,0.015392
2017-10-26 09:45:00+02:00,0.014623
2017-10-26 09:46:00+02:00,0.015617
2017-10-26 09:47:00+02:00,0.016121
2017-10-26 09:48:00+02:00,0.015487
2017-10-26 09:49:00+02:00,0.015632
2017-10-26 09:50:00+02:00,0.016239
2017-10-26 09:51:00+02:00,0.015205
2017-10-26 09:52:00+02:00,0.016024
2017-10-26 09:53:00+02:00,0.017505
2017-10-26 09:54:00+02:00,0.017835
2017-10-26 09:55:00+02:00,0.017275
2017-10-26 09:56:00+02:00,0.017712
2017-10-26 09:57:00+02:00,0.016598
2017-10-26 09:58:00+02:00,0.016806
2017-10-26 09:59:00+02:00,0.01752
2017-10-26 10:00:00+02:00,0.018074
2017-10-26 10:01:00+02:00,0.018816
2017-10-26 10:02:00+02:00,0.017391
2017-10-26 10:03:00+02:00,0.017474
2017-10-26 10:04:00+02:00,0.016632
2017-10-26 10:05:00+02:00,0.017738
2017-10-26 10:06:00+02:00,0.017215
2017-10-26 10:07:00+02:00,0.0165
2017-10-26 10:08:00+02:00,0.01564
2017-10-26 10:09:00+02:00,0.018577
2017-10-26 10:10:00+02:00,0.021972
2017-10-26 10:11:00+02:00,0.022369
2017-10-26 10:12:00+02:00,0.021848
2017-10-26 10:13:00+02:00,0.020341
2017-10-26 10:14:00+02:00,0.020575
2017-10-26 10:15:00+02:00,0.020715
2017-10-26 10:16:00+02:00,0.019624
2017-10-26 10:17:00+02:00,0.019439
2017-10-26 10:18:00+02:00,0.021731
2017-10-26 10:19:00+02:00,0.019992
2017-10-26 10:20:00+02:00,0.018299
2017-10-26 10:21:00+02:00,0.018743
2017-10-26 10:22:00+02:00,0.024098
2017-10-26 10:23:00+02:00,0.026061
2017-10-26 10:24:00+02:00,0.027029
2017-10-26 10:25:00+02:00,0.028178
2017-10-26 10:26:00+02:00,0.027912
2017-10-26 10:27:00+02:00,0.031367
2017-10-26 10:28:00+02:00,0.031124
2017-10-26 10:29:00+02:00,0.029787
2017-10-26 10:30:00+02:00,0.028756
2017-10-26 10:31:00+02:00,0.031121
2017-10-26 10:32:00+02:00,0.030734
2017-10-26 10:33:00+02:00,0.028355
2017-10-26 10:34:00+02:00,0.028363
2017-10-26 10:35:00+02:00,0.027966
2017-10-26 10:36:00+02:00,0.031731
2017-10-26 10:37:00+02:00,0.032771
2017-10-26 10:38:00+02:00,0.031282
2017-10-26 10:39:00+02:00,0.029598
2017-10-26 10:40:00+02:00,0.021558
2017-10-26 10:41:00+02:00,0.025064
2017-10-26 10:42:00+02:00,0.016822
2017-10-26 10:43:00+02:00,0.017037
2017-10-26 10:44:00+02:00,0.017254
2017-10-26 10:45:00+02:00,0.016169
2017-10-26 10:46:00+02:00,0.015438
2017-10-26 10:47:00+02:00,0.014694
2017-10-26 10:48:00+02:00,0.014719
2017-10-26 10:49:00+02:00,0.014887
2017-10-26 10:50:00+02:00,0.014939
2017-10-26 10:51:00+02:00,0.015029
2017-10-26 10:52:00+02:00,0.015857
2017-10-26 10:53:00+02:00,0.015864
2017-10-26 10:54:00+02:00,0.016715
2017-10-26 10:55:00+02:00,0.017639
2017-10-26 10:56:00+02:00,0.019076
2017-10-26 10:57:00+02:00,0.018514
2017-10-26 10:58:00+02:00,0.019655
2017-10-26 10:59:00+02:00,0.019862
2017-10-26 11:00:00+02:00,0.020272
2017-10-26 11:01:00+02:00,0.020006
2017-10-26 11:02:00+02:00,0.020299
2017-10-26 11:03:00+02:00,0.021005
2017-10-26 11:04:00+02:00,0.020604
2017-10-26 11:05:00+02:00,0.021275
2017-10-26 11:06:00+02:00,0.022199
2017-10-26 11:07:00+02:00,0.024198
2017-10-26 11:08:00+02:00,0.028041
2017-10-26 11:09:00+02:00,0.025797
2017-10-26 11:10:00+02:00,0.023742
2017-10-26 11:11:00+02:00,0.022183
2017-10-26 11:12:00+02:00,0.021483
2017-10-26 11:13:00+02:00,0.021003
2017-10-26 11:14:00+02:00,0.021238
2017-10-26 11:15:00+02:00,0.020279
2017-10-26 11:16:00+02:00,0.020666
2017-10-26 11:17:00+02:00,0.02028
2017-10-26 11:18:00+02:00,0.020387
2017-10-26 11:19:00+02:00,0.02106
2017-10-26 11:20:00+02:00,0.022078
2017-10-26 11:21:00+02:00,0.022245
2017-10-26 11:22:00+02:00,0.020974
2017-10-26 11:23:00+02:00,0.021107
2017-10-26 11:24:00+02:00,0.021329
2017-10-26 11:25:00+02:00,0.021994
2017-10-26 11:26:00+02:00,0.022517
2017-10-26 11:27:00+02:00,0.021621
2017-10-26 11:28:00+02:00,0.021252
2017-10-26 11:29:00+02:00,0.021361
2017-10-26 11:30:00+02:00,0.021667
2017-10-26 11:31:00+02:00,0.022887
2017-10-26 11:32:00+02:00,0.025891
2017-10-26 11:33:00+02:00,0.03121
2017-10-26 11:34:00+02:00,0.032144
2017-10-26 11:35:00+02:00,0.028353
2017-10-26 11:36:00+02:00,0.031975
2017-10-26 11:37:00+02:00,0.036516
2017-10-26 11:38:00+02:00,0.04305
2017-10-26 11:39:00+02:00,0.037561
2017-10-26 11:40:00+02:00,0.030966
2017-10-26 11:41:00+02:00,0.029937
2017-10-26 11:42:00+02:00,0.027893
2017-10-26 11:43:00+02:00,0.027278
2017-10-26 11:44:00+02:00,0.027383
2017-10-26 11:45:00+02:00,0.02498
2017-10-26 11:46:00+02:00,0.025041
2017-10-26 11:47:00+02:00,0.02525
2017-10-26 11:48:00+02:00,0.02605
2017-10-26 11:49:00+02:00,0.028442
2017-10-26 11:50:00+02:00,0.039581
2017-10-26 11:51:00+02:00,0.041801
2017-10-26 11:52:00+02:00,0.045585
2017-10-26 11:53:00+02:00,0.046064
2017-10-26 11:54:00+02:00,0.047467
2017-10-26 11:55:00+02:00,0.053606
2017-10-26 11:56:00+02:00,0.044455
2017-10-26 11:57:00+02:00,0.041109
2017-10-26 11:58:00+02:00,0.04262
2017-10-26 11:59:00+02:00,0.038679
2017-10-26 12:00:00+02:00,0.035815
2017-10-26 12:01:00+02:00,0.040135
2017-10-26 12:02:00+02:00,0.035872
2017-10-26 12:03:00+02:00,0.027191
2017-10-26 12:04:00+02:00,0.025817
2017-10-26 12:05:00+02:00,0.025614
2017-10-26 12:06:00+02:00,0.026042
2017-10-26 12:07:00+02:00,0.027464
2017-10-26 12:08:00+02:00,0.020183
2017-10-26 12:09:00+02:00,0.020489
2017-10-26 12:10:00+02:00,0.02063
2017-10-26 12:11:00+02:00,0.019855
2017-10-26 12:12:00+02:00,0.019141
2017-10-26 12:13:00+02:00,0.019562
2017-10-26 12:14:00+02:00,0.019852
2017-10-26 12:15:00+02:00,0.02118
2017-10-26 12:16:00+02:00,0.020637
2017-10-26 12:17:00+02:00,0.018797
2017-10-26 12:18:00+02:00,0.017585
2017-10-26 12:19:00+02:00,0.017608
2017-10-26 12:20:00+02:00,0.018143
2017-10-26 12:21:00+02:00,0.017273
2017-10-26 12:22:00+02:00,0.017393
2017-10-26 12:23:00+02:00,0.022555
2017-10-26 12:24:00+02:00,0.023078
2017-10-26 12:25:00+02:00,0.024102
2017-10-26 12:26:00+02:00,0.023145
2017-10-26 12:27:00+02:00,0.024506
2017-10-26 12:28:00+02:00,0.02491
2017-10-26 12:29:00+02:00,0.024941
2017-10-26 12:30:00+02:00,0.024067
2017-10-26 12:31:00+02:00,0.021369
2017-10-26 12:32:00+02:00,0.015387
2017-10-26 12:33:00+02:00,0.015516
2017-10-26 12:34:00+02:00,0.016481
2017-10-26 12:35:00+02:00,0.018764
2017-10-26 12:36:00+02:00,0.020662
2017-10-26 12:37:00+02:00,0.0209
2017-10-26 12:38:00+02:00,0.020655
2017-10-26 12:39:00+02:00,0.020915
2017-10-26 12:40:00+02:00,0.021386
2017-10-26 12:41:00+02:00,0.022048
2017-10-26 12:42:00+02:00,0.021024
2017-10-26 12:43:00+02:00,0.021013
2017-10-26 12:44:00+02:00,0.020431
2017-10-26 12:45:00+02:00,0.019507
2017-10-26 12:46:00+02:00,0.020094
2017-10-26 12:47:00+02:00,0.021609
2017-10-26 12:48:00+02:00,0.023976
2017-10-26 12:49:00+02:00,0.022502
2017-10-26 12:50:00+02:00,0.023312
2017-10-26 12:51:00+02:00,0.024291
2017-10-26 12:52:00+02:00,0.023082
2017-10-26 12:53:00+02:00,0.021694
2017-10-26 12:54:00+02:00,0.020326
2017-10-26 12:55:00+02:00,0.01987
2017-10-26 12:56:00+02:00,0.018993
2017-10-26 12:57:00+02:00,0.020189
2017-10-26 12:58:00+02:00,0.024216
2017-10-26 12:59:00+02:00,0.032753
2017-10-26 13:00:00+02:00,0.035509
2017-10-26 13:01:00+02:00,0.03757
2017-10-26 13:02:00+02:00,0.026484
2017-10-26 13:03:00+02:00,0.024453
2017-10-26 13:04:00+02:00,0.023474
2017-10-26 13:05:00+02:00,0.023128
2017-10-26 13:06:00+02:00,0.021735
2017-10-26 13:07:00+02:00,0.020022
2017-10-26 13:08:00+02:00,0.019542
2017-10-26 13:09:00+02:00,0.018897
2017-10-26 13:10:00+02:00,0.018815
2017-10-26 13:11:00+02:00,0.018035
2017-10-26 13:12:00+02:00,0.01691
2017-10-26 13:13:00+02:00,0.016595
2017-10-26 13:14:00+02:00,0.016208
2017-10-26 13:15:00+02:00,0.015212
2017-10-26 13:16:00+02:00,0.015622
2017-10-26 13:17:00+02:00,0.016185
2017-10-26 13:18:00+02:00,0.016432
2017-10-26 13:19:00+02:00,0.017286
2017-10-26 13:20:00+02:00,0.015862
2017-10-26 13:21:00+02:00,0.015015
2017-10-26 13:22:00+02:00,0.014027
2017-10-26 13:23:00+02:00,0.013141
2017-10-26 13:24:00+02:00,0.013559
2017-10-26 13:25:00+02:00,0.013857
2017-10-26 13:26:00+02:00,0.014821
2017-10-26 13:27:00+02:00,0.015841
2017-10-26 13:28:00+02:00,0.015336
2017-10-26 13:29:00+02:00,0.015755
2017-10-26 13:30:00+02:00,0.014687
2017-10-26 13:31:00+02:00,0.015074
2017-10-26 13:32:00+02:00,0.014834
2017-10-26 13:33:00+02:00,0.014869
2017-10-26 13:34:00+02:00,0.017764
2017-10-26 13:35:00+02:00,0.017359
2017-10-26 13:36:00+02:00,0.016134
2017-10-26 13:37:00+02:00,0.01516
2017-10-26 13:38:00+02:00,0.016694
2017-10-26 13:39:00+02:00,0.017676
2017-10-26 13:40:00+02:00,0.016981
2017-10-26 13:41:00+02:00,0.01674
2017-10-26 13:42:00+02:00,0.015659
2017-10-26 13:43:00+02:00,0.016351
2017-10-26 13:44:00+02:00,0.017133
2017-10-26 13:45:00+02:00,0.016284
2017-10-26 13:46:00+02:00,0.016464
2017-10-26 13:47:00+02:00,0.016434
2017-10-26 13:48:00+02:00,0.019346
2017-10-26 13:49:00+02:00,0.019854
2017-10-26 13:50:00+02:00,0.020588
2017-10-26 13:51:00+02:00,0.020719
2017-10-26 13:52:00+02:00,0.018812
2017-10-26 13:53:00+02:00,0.018982
2017-10-26 13:54:00+02:00,0.019176
2017-10-26 13:55:00+02:00,0.01968
2017-10-26 13:56:00+02:00,0.017524
2017-10-26 13:57:00+02:00,0.019481
2017-10-26 13:58:00+02:00,0.016932
2017-10-26 13:59:00+02:00,0.017108
2017-10-26 14:00:00+02:00,0.016523
2017-10-26 14:01:00+02:00,0.017114
2017-10-26 14:02:00+02:00,0.017982
2017-10-26 14:03:00+02:00,0.018451
2017-10-26 14:04:00+02:00,0.016993
2017-10-26 14:05:00+02:00,0.017334
2017-10-26 14:06:00+02:00,0.017016
2017-10-26 14:07:00+02:00,0.017626
2017-10-26 14:08:00+02:00,0.015267
2017-10-26 14:09:00+02:00,0.015646
2017-10-26 14:10:00+02:00,0.015983
2017-10-26 14:11:00+02:00,0.016818
2017-10-26 14:12:00+02:00,0.017392
2017-10-26 14:13:00+02:00,0.018916
2017-10-26 14:14:00+02:00,0.01924
2017-10-26 14:15:00+02:00,0.017541
2017-10-26 14:16:00+02:00,0.017277
2017-10-26 14:17:00+02:00,0.015533
2017-10-26 14:18:00+02:00,0.01388
2017-10-26 14:19:00+02:00,0.014522
2017-10-26 14:20:00+02:00,0.015113
2017-10-26 14:21:00+02:00,0.014494
2017-10-26 14:22:00+02:00,0.015387
2017-10-26 14:23:00+02:00,0.016767
2017-10-26 14:24:00+02:00,0.017285
2017-10-26 14:25:00+02:00,0.018249
2017-10-26 14:26:00+02:00,0.016279
2017-10-26 14:27:00+02:00,0.016569
2017-10-26 14:28:00+02:00,0.016992
2017-10-26 14:29:00+02:00,0.015555
2017-10-26 14:30:00+02:00,0.013889
2017-10-26 14:31:00+02:00,0.013014
2017-10-26 14:32:00+02:00,0.012483
2017-10-26 14:33:00+02:00,0.012121
2017-10-26 14:34:00+02:00,0.012612
2017-10-26 14:35:00+02:00,0.012664
2017-10-26 14:36:00+02:00,0.012548
2017-10-26 14:37:00+02:00,0.012703
2017-10-26 14:38:00+02:00,0.01273
2017-10-26 14:39:00+02:00,0.013832
2017-10-26 14:40:00+02:00,0.012939
2017-10-26 14:41:00+02:00,0.013935
2017-10-26 14:42:00+02:00,0.014338
2017-10-26 14:43:00+02:00,0.013936
2017-10-26 14:44:00+02:00,0.013557
2017-10-26 14:45:00+02:00,0.012683
2017-10-26 14:46:00+02:00,0.012843
2017-10-26 14:47:00+02:00,0.012646
2017-10-26 14:48:00+02:00,0.016553
2017-10-26 14:49:00+02:00,0.019471
2017-10-26 14:50:00+02:00,0.014548
2017-10-26 14:51:00+02:00,0.011804
2017-10-26 14:52:00+02:00,0.010902
2017-10-26 14:53:00+02:00,0.011065
2017-10-26 14:54:00+02:00,0.010451
2017-10-26 14:55:00+02:00,0.010427
2017-10-26 14:56:00+02:00,0.0113
2017-10-26 14:57:00+02:00,0.011671
2017-10-26 14:58:00+02:00,0.013509
2017-10-26 14:59:00+02:00,0.01346
2017-10-26 15:00:00+02:00,0.013706
2017-10-26 15:01:00+02:00,0.014096
2017-10-26 15:02:00+02:00,0.013895
2017-10-26 15:03:00+02:00,0.014046
2017-10-26 15:04:00+02:00,0.013572
2017-10-26 15:05:00+02:00,0.013604
2017-10-26 15:06:00+02:00,0.013995
2017-10-26 15:07:00+02:00,0.014904
2017-10-26 15:08:00+02:00,0.01471
2017-10-26 15:09:00+02:00,0.014035
2017-10-26 15:10:00+02:00,0.014159
2017-10-26 15:11:00+02:00,0.014266
2017-10-26 15:12:00+02:00,0.013622
2017-10-26 15:13:00+02:00,0.013335
2017-10-26 15:14:00+02:00,0.013901
2017-10-26 15:15:00+02:00,0.014355
2017-10-26 15:16:00+02:00,0.013805
2017-10-26 15:17:00+02:00,0.015455
2017-10-26 15:18:00+02:00,0.016652
2017-10-26 15:19:00+02:00,0.016906
2017-10-26 15:20:00+02:00,0.016365
2017-10-26 15:21:00+02:00,0.017266
2017-10-26 15:22:00+02:00,0.016305
2017-10-26 15:23:00+02:00,0.013779
2017-10-26 15:24:00+02:00,0.013438
2017-10-26 15:25:00+02:00,0.013668
2017-10-26 15:26:00+02:00,0.013879
2017-10-26 15:27:00+02:00,0.014642
2017-10-26 15:28:00+02:00,0.015109
2017-10-26 15:29:00+02:00,0.01483
2017-10-26 15:30:00+02:00,0.015283
2017-10-26 15:31:00+02:00,0.01524
2017-10-26 15:32:00+02:00,0.014019
2017-10-26 15:33:00+02:00,0.012774
2017-10-26 15:34:00+02:00,0.011955
2017-10-26 15:35:00+02:00,0.011787
2017-10-26 15:36:00+02:00,0.011613
2017-10-26 15:37:00+02:00,0.012658
2017-10-26 15:38:00+02:00,0.012092
2017-10-26 15:39:00+02:00,0.012522
2017-10-26 15:40:00+02:00,0.013797
2017-10-26 15:41:00+02:00,0.01413
2017-10-26 15:42:00+02:00,0.013666
2017-10-26 15:43:00+02:00,0.014734
2017-10-26 15:44:00+02:00,0.015184
2017-10-26 15:45:00+02:00,0.015119
2017-10-26 15:46:00+02:00,0.012921
2017-10-26 15:47:00+02:00,0.012198
2017-10-26 15:48:00+02:00,0.011969
2017-10-26 15:49:00+02:00,0.011614
2017-10-26 15:50:00+02:00,0.010329
2017-10-26 15:51:00+02:00,0.010002
2017-10-26 15:52:00+02:00,0.010437
2017-10-26 15:53:00+02:00,0.01186
2017-10-26 15:54:00+02:00,0.011755
2017-10-26 15:55:00+02:00,0.011784
2017-10-26 15:56:00+02:00,0.013019
2017-10-26 15:57:00+02:00,0.013944
2017-10-26 15:58:00+02:00,0.014132
2017-10-26 15:59:00+02:00,0.013923
2017-10-26 16:00:00+02:00,0.013323
2017-10-26 16:01:00+02:00,0.013851
2017-10-26 16:02:00+02:00,0.0143
2017-10-26 16:03:00+02:00,0.013344
2017-10-26 16:04:00+02:00,0.013875
2017-10-26 16:05:00+02:00,0.014724
2017-10-26 16:06:00+02:00,0.014884
2017-10-26 16:07:00+02:00,0.015182
2017-10-26 16:08:00+02:00,0.015752
2017-10-26 16:09:00+02:00,0.015316
2017-10-26 16:10:00+02:00,0.015496
2017-10-26 16:11:00+02:00,0.014491
2017-10-26 16:12:00+02:00,0.014531
2017-10-26 16:13:00+02:00,0.015752
2017-10-26 16:14:00+02:00,0.017223
2017-10-26 16:15:00+02:00,0.015656
2017-10-26 16:16:00+02:00,0.015328
2017-10-26 16:17:00+02:00,0.016549
2017-10-26 16:18:00+02:00,0.019961
2017-10-26 16:19:00+02:00,0.01963
2017-10-26 16:20:00+02:00,0.019207
2017-10-26 16:21:00+02:00,0.018297
2017-10-26 16:22:00+02:00,0.015617
2017-10-26 16:23:00+02:00,0.014028
2017-10-26 16:24:00+02:00,0.014717
2017-10-26 16:25:00+02:00,0.015227
2017-10-26 16:26:00+02:00,0.015606
2017-10-26 16:27:00+02:00,0.016148
2017-10-26 16:28:00+02:00,0.01644
2017-10-26 16:29:00+02:00,0.016458
2017-10-26 16:30:00+02:00,0.015353
2017-10-26 16:31:00+02:00,0.017638
2017-10-26 16:32:00+02:00,0.017504
2017-10-26 16:33:00+02:00,0.017298
2017-10-26 16:34:00+02:00,0.01776
2017-10-26 16:35:00+02:00,0.017117
2017-10-26 16:36:00+02:00,0.016775
2017-10-26 16:37:00+02:00,0.017263
2017-10-26 16:38:00+02:00,0.017901
2017-10-26 16:39:00+02:00,0.017415
2017-10-26 16:40:00+02:00,0.016768
2017-10-26 16:41:00+02:00,0.017095
2017-10-26 16:42:00+02:00,0.016175
2017-10-26 16:43:00+02:00,0.016773
2017-10-26 16:44:00+02:00,0.016959
2017-10-26 16:45:00+02:00,0.016368
2017-10-26 16:46:00+02:00,0.016469
2017-10-26 16:47:00+02:00,0.017323
2017-10-26 16:48:00+02:00,0.017619
2017-10-26 16:49:00+02:00,0.017912
2017-10-26 16:50:00+02:00,0.018359
2017-10-26 16:51:00+02:00,0.018019
2017-10-26 16:52:00+02:00,0.015505
2017-10-26 16:53:00+02:00,0.016688
2017-10-26 16:54:00+02:00,0.016279
2017-10-26 16:55:00+02:00,0.015672
2017-10-26 16:56:00+02:00,0.015728
2017-10-26 16:57:00+02:00,0.014436
2017-10-26 16:58:00+02:00,0.013932
2017-10-26 16:59:00+02:00,0.013853
2017-10-26 17:00:00+02:00,0.01578
2017-10-26 17:01:00+02:00,0.014275
2017-10-26 17:02:00+02:00,0.014042
2017-10-26 17:03:00+02:00,0.013114
2017-10-26 17:04:00+02:00,0.013635
2017-10-26 17:05:00+02:00,0.013985
2017-10-26 17:06:00+02:00,0.013973
2017-10-26 17:07:00+02:00,0.015328
2017-10-26 17:08:00+02:00,0.017484
2017-10-26 17:09:00+02:00,0.018078
2017-10-26 17:10:00+02:00,0.018468
2017-10-26 17:11:00+02:00,0.018269
2017-10-26 17:12:00+02:00,0.018565
2017-10-26 17:13:00+02:00,0.019824
2017-10-26 17:14:00+02:00,0.019664
2017-10-26 17:15:00+02:00,0.019909
2017-10-26 17:16:00+02:00,0.020291
2017-10-26 17:17:00+02:00,0.024122
2017-10-26 17:18:00+02:00,0.028573
2017-10-26 17:19:00+02:00,0.030538
2017-10-26 17:20:00+02:00,0.030559
2017-10-26 17:21:00+02:00,0.030941
2017-10-26 17:22:00+02:00,0.029436
2017-10-26 17:23:00+02:00,0.028811
2017-10-26 17:24:00+02:00,0.029324
2017-10-26 17:25:00+02:00,0.028157
2017-10-26 17:26:00+02:00,0.026458
2017-10-26 17:27:00+02:00,0.018556
2017-10-26 17:28:00+02:00,0.015268
2017-10-26 17:29:00+02:00,0.016227
2017-10-26 17:30:00+02:00,0.017805
2017-10-26 17:31:00+02:00,0.017185
2017-10-26 17:32:00+02:00,0.0163
2017-10-26 17:33:00+02:00,0.017097
2017-10-26 17:34:00+02:00,0.017874
2017-10-26 17:35:00+02:00,0.019941
2017-10-26 17:36:00+02:00,0.020035
2017-10-26 17:37:00+02:00,0.019177
2017-10-26 17:38:00+02:00,0.018394
2017-10-26 17:39:00+02:00,0.018675
2017-10-26 17:40:00+02:00,0.019452
2017-10-26 17:41:00+02:00,0.018767
2017-10-26 17:42:00+02:00,0.017794
2017-10-26 17:43:00+02:00,0.018223
2017-10-26 17:44:00+02:00,0.019727
2017-10-26 17:45:00+02:00,0.020995
2017-10-26 17:46:00+02:00,0.020693
2017-10-26 17:47:00+02:00,0.020883
2017-10-26 17:48:00+02:00,0.020621
2017-10-26 17:49:00+02:00,0.02077
2017-10-26 17:50:00+02:00,0.026576
2017-10-26 17:51:00+02:00,0.027866
2017-10-26 17:52:00+02:00,0.027847
2017-10-26 17:53:00+02:00,0.028498
2017-10-26 17:54:00+02:00,0.027714
2017-10-26 17:55:00+02:00,0.028481
2017-10-26 17:56:00+02:00,0.029049
2017-10-26 17:57:00+02:00,0.030321
2017-10-26 17:58:00+02:00,0.030241
2017-10-26 17:59:00+02:00,0.030041
2017-10-26 18:00:00+02:00,0.025239
2017-10-26 18:01:00+02:00,0.024868
2017-10-26 18:02:00+02:00,0.023672
2017-10-26 18:03:00+02:00,0.02386
2017-10-26 18:04:00+02:00,0.023649
2017-10-26 18:05:00+02:00,0.021683
2017-10-26 18:06:00+02:00,0.02109
2017-10-26 18:07:00+02:00,0.021755
2017-10-26 18:08:00+02:00,0.021445
2017-10-26 18:09:00+02:00,0.019661
2017-10-26 18:10:00+02:00,0.018156
2017-10-26 18:11:00+02:00,0.017415
2017-10-26 18:12:00+02:00,0.017629
2017-10-26 18:13:00+02:00,0.018769
2017-10-26 18:14:00+02:00,0.018896
2017-10-26 18:15:00+02:00,0.020694
2017-10-26 18:16:00+02:00,0.020932
2017-10-26 18:17:00+02:00,0.020499
2017-10-26 18:18:00+02:00,0.019692
2017-10-26 18:19:00+02:00,0.018789
2017-10-26 18:20:00+02:00,0.019183
2017-10-26 18:21:00+02:00,0.02013
2017-10-26 18:22:00+02:00,0.020144
2017-10-26 18:23:00+02:00,0.019723
2017-10-26 18:24:00+02:00,0.021005
2017-10-26 18:25:00+02:00,0.020215
2017-10-26 18:26:00+02:00,0.019873
2017-10-26 18:27:00+02:00,0.019533
2017-10-26 18:28:00+02:00,0.019739
2017-10-26 18:29:00+02:00,0.020157
2017-10-26 18:30:00+02:00,0.022074
2017-10-26 18:31:00+02:00,0.021257
2017-10-26 18:32:00+02:00,0.021877
2017-10-26 18:33:00+02:00,0.021944
2017-10-26 18:34:00+02:00,0.022316
2017-10-26 18:35:00+02:00,0.022427
2017-10-26 18:36:00+02:00,0.0222
2017-10-26 18:37:00+02:00,0.022824
2017-10-26 18:38:00+02:00,0.022058
2017-10-26 18:39:00+02:00,0.021484
2017-10-26 18:40:00+02:00,0.02074
2017-10-26 18:41:00+02:00,0.020543
2017-10-26 18:42:00+02:00,0.019025
2017-10-26 18:43:00+02:00,0.019941
2017-10-26 18:44:00+02:00,0.018517
2017-10-26 18:45:00+02:00,0.020552
2017-10-26 18:46:00+02:00,0.021397
2017-10-26 18:47:00+02:00,0.024459
2017-10-26 18:48:00+02:00,0.028785
2017-10-26 18:49:00+02:00,0.02903
2017-10-26 18:50:00+02:00,0.02925
2017-10-26 18:51:00+02:00,0.02844
2017-10-26 18:52:00+02:00,0.029113
2017-10-26 18:53:00+02:00,0.030709
2017-10-26 18:54:00+02:00,0.030221
2017-10-26 18:55:00+02:00,0.029858
2017-10-26 18:56:00+02:00,0.02588
2017-10-26 18:57:00+02:00,0.022584
2017-10-26 18:58:00+02:00,0.022655
2017-10-26 18:59:00+02:00,0.022476
2017-10-26 19:00:00+02:00,0.025167
2017-10-26 19:01:00+02:00,0.02693
2017-10-26 19:02:00+02:00,0.026185
2017-10-26 19:03:00+02:00,0.020422
2017-10-26 19:04:00+02:00,0.020376
2017-10-26 19:05:00+02:00,0.020409
2017-10-26 19:06:00+02:00,0.02033
2017-10-26 19:07:00+02:00,0.020497
2017-10-26 19:08:00+02:00,0.021751
2017-10-26 19:09:00+02:00,0.025593
2017-10-26 19:10:00+02:00,0.022015
2017-10-26 19:11:00+02:00,0.023766
2017-10-26 19:12:00+02:00,0.023313
2017-10-26 19:13:00+02:00,0.023894
2017-10-26 19:14:00+02:00,0.026105
2017-10-26 19:15:00+02:00,0.027682
2017-10-26 19:16:00+02:00,0.026482
2017-10-26 19:17:00+02:00,0.025967
2017-10-26 19:18:00+02:00,0.02666
2017-10-26 19:19:00+02:00,0.027972
2017-10-26 19:20:00+02:00,0.029341
2017-10-26 19:21:00+02:00,0.028797
2017-10-26 19:22:00+02:00,0.027847
2017-10-26 19:23:00+02:00,0.027046
2017-10-26 19:24:00+02:00,0.027562
2017-10-26 19:25:00+02:00,0.02786
2017-10-26 19:26:00+02:00,0.026463
2017-10-26 19:27:00+02:00,0.025615
2017-10-26 19:28:00+02:00,0.026452
2017-10-26 19:29:00+02:00,0.029069
2017-10-26 19:30:00+02:00,0.039188
2017-10-26 19:31:00+02:00,0.033717
2017-10-26 19:32:00+02:00,0.030343
2017-10-26 19:33:00+02:00,0.030778
2017-10-26 19:34:00+02:00,0.03047
2017-10-26 19:35:00+02:00,0.029629
2017-10-26 19:36:00+02:00,0.029782
2017-10-26 19:37:00+02:00,0.029594
2017-10-26 19:38:00+02:00,0.029619
2017-10-26 19:39:00+02:00,0.028384
2017-10-26 19:40:00+02:00,0.029498
2017-10-26 19:41:00+02:00,0.028785
2017-10-26 19:42:00+02:00,0.027981
2017-10-26 19:43:00+02:00,0.02664
2017-10-26 19:44:00+02:00,0.026067
2017-10-26 19:45:00+02:00,0.024451
2017-10-26 19:46:00+02:00,0.025883
2017-10-26 19:47:00+02:00,0.024852
2017-10-26 19:48:00+02:00,0.026356
2017-10-26 19:49:00+02:00,0.028045
2017-10-26 19:50:00+02:00,0.027064
2017-10-26 19:51:00+02:00,0.026954
2017-10-26 19:52:00+02:00,0.028774
2017-10-26 19:53:00+02:00,0.029088
2017-10-26 19:54:00+02:00,0.029224
2017-10-26 19:55:00+02:00,0.029499
2017-10-26 19:56:00+02:00,0.027434
2017-10-26 19:57:00+02:00,0.02687
2017-10-26 19:58:00+02:00,0.02766
2017-10-26 19:59:00+02:00,0.026675
2017-10-26 20:00:00+02:00,0.02631
2017-10-26 20:01:00+02:00,0.025803
2017-10-26 20:02:00+02:00,0.024881
2017-10-26 20:03:00+02:00,0.024675
2017-10-26 20:04:00+02:00,0.025218
2017-10-26 20:05:00+02:00,0.024987
2017-10-26 20:06:00+02:00,0.026065
2017-10-26 20:07:00+02:00,0.025003
2017-10-26 20:08:00+02:00,0.025834
2017-10-26 20:09:00+02:00,0.024694
2017-10-26 20:10:00+02:00,0.024583
2017-10-26 20:11:00+02:00,0.022431
2017-10-26 20:12:00+02:00,0.022156
2017-10-26 20:13:00+02:00,0.021966
2017-10-26 20:14:00+02:00,0.022418
2017-10-26 20:15:00+02:00,0.025773
2017-10-26 20:16:00+02:00,0.030509
2017-10-26 20:17:00+02:00,0.032838
2017-10-26 20:18:00+02:00,0.032624
2017-10-26 20:19:00+02:00,0.031873
2017-10-26 20:20:00+02:00,0.031745
2017-10-26 20:21:00+02:00,0.031883
2017-10-26 20:22:00+02:00,0.031219
2017-10-26 20:23:00+02:00,0.0299
2017-10-26 20:24:00+02:00,0.030759
2017-10-26 20:25:00+02:00,0.029846
2017-10-26 20:26:00+02:00,0.028387
2017-10-26 20:27:00+02:00,0.022577
2017-10-26 20:28:00+02:00,0.023328
2017-10-26 20:29:00+02:00,0.023678
2017-10-26 20:30:00+02:00,0.022325
2017-10-26 20:31:00+02:00,0.023459
2017-10-26 20:32:00+02:00,0.023299
2017-10-26 20:33:00+02:00,0.023023
2017-10-26 20:34:00+02:00,0.022942
2017-10-26 20:35:00+02:00,0.022477
2017-10-26 20:36:00+02:00,0.02265
2017-10-26 20:37:00+02:00,0.02176
2017-10-26 20:38:00+02:00,0.021338
2017-10-26 20:39:00+02:00,0.021483
2017-10-26 20:40:00+02:00,0.020753
2017-10-26 20:41:00+02:00,0.0216
2017-10-26 20:42:00+02:00,0.021138
2017-10-26 20:43:00+02:00,0.019729
2017-10-26 20:44:00+02:00,0.020222
2017-10-26 20:45:00+02:00,0.021864
2017-10-26 20:46:00+02:00,0.021615
2017-10-26 20:47:00+02:00,0.02184
2017-10-26 20:48:00+02:00,0.021411
2017-10-26 20:49:00+02:00,0.022744
2017-10-26 20:50:00+02:00,0.023545
2017-10-26 20:51:00+02:00,0.024676
2017-10-26 20:52:00+02:00,0.02579
2017-10-26 20:53:00+02:00,0.026479
2017-10-26 20:54:00+02:00,0.025249
2017-10-26 20:55:00+02:00,0.024724
2017-10-26 20:56:00+02:00,0.02394
2017-10-26 20:57:00+02:00,0.024653
2017-10-26 20:58:00+02:00,0.025444
2017-10-26 20:59:00+02:00,0.025526
2017-10-26 21:00:00+02:00,0.024677
2017-10-26 21:01:00+02:00,0.024718
2017-10-26 21:02:00+02:00,0.024669
2017-10-26 21:03:00+02:00,0.024555
2017-10-26 21:04:00+02:00,0.026499
2017-10-26 21:05:00+02:00,0.027817
2017-10-26 21:06:00+02:00,0.028778
2017-10-26 21:07:00+02:00,0.02952
2017-10-26 21:08:00+02:00,0.028275
2017-10-26 21:09:00+02:00,0.028031
2017-10-26 21:10:00+02:00,0.025291
2017-10-26 21:11:00+02:00,0.026721
2017-10-26 21:12:00+02:00,0.027279
2017-10-26 21:13:00+02:00,0.025841
2017-10-26 21:14:00+02:00,0.024201
2017-10-26 21:15:00+02:00,0.026311
2017-10-26 21:16:00+02:00,0.025372
2017-10-26 21:17:00+02:00,0.027293
2017-10-26 21:18:00+02:00,0.022633
2017-10-26 21:19:00+02:00,0.020734
2017-10-26 21:20:00+02:00,0.020012
2017-10-26 21:21:00+02:00,0.020014
2017-10-26 21:22:00+02:00,0.021972
2017-10-26 21:23:00+02:00,0.025083
2017-10-26 21:24:00+02:00,0.02593
2017-10-26 21:25:00+02:00,0.02534
2017-10-26 21:26:00+02:00,0.02566
2017-10-26 21:27:00+02:00,0.024442
2017-10-26 21:28:00+02:00,0.023886
2017-10-26 21:29:00+02:00,0.025287
2017-10-26 21:30:00+02:00,0.023085
2017-10-26 21:31:00+02:00,0.021919
2017-10-26 21:32:00+02:00,0.024218
2017-10-26 21:33:00+02:00,0.022658
2017-10-26 21:34:00+02:00,0.022781
2017-10-26 21:35:00+02:00,0.022791
2017-10-26 21:36:00+02:00,0.02302
2017-10-26 21:37:00+02:00,0.022515
2017-10-26 21:38:00+02:00,0.02206
2017-10-26 21:39:00+02:00,0.021857
2017-10-26 21:40:00+02:00,0.022863
2017-10-26 21:41:00+02:00,0.023367
2017-10-26 21:42:00+02:00,0.022935
2017-10-26 21:43:00+02:00,0.022999
2017-10-26 21:44:00+02:00,0.022693
2017-10-26 21:45:00+02:00,0.024932
2017-10-26 21:46:00+02:00,0.02479
2017-10-26 21:47:00+02:00,0.02495
2017-10-26 21:48:00+02:00,0.0253
2017-10-26 21:49:00+02:00,0.026937
2017-10-26 21:50:00+02:00,0.024552
2017-10-26 21:51:00+02:00,0.024706
2017-10-26 21:52:00+02:00,0.023583
2017-10-26 21:53:00+02:00,0.023536
2017-10-26 21:54:00+02:00,0.023862
2017-10-26 21:55:00+02:00,0.023888
2017-10-26 21:56:00+02:00,0.024308
2017-10-26 21:57:00+02:00,0.024551
2017-10-26 21:58:00+02:00,0.0239
2017-10-26 21:59:00+02:00,0.025569
2017-10-26 22:00:00+02:00,0.025577
2017-10-26 22:01:00+02:00,0.023653
2017-10-26 22:02:00+02:00,0.023702
2017-10-26 22:03:00+02:00,0.025151
2017-10-26 22:04:00+02:00,0.026192
2017-10-26 22:05:00+02:00,0.026131
2017-10-26 22:06:00+02:00,0.024474
2017-10-26 22:07:00+02:00,0.024938
2017-10-26 22:08:00+02:00,0.026028
2017-10-26 22:09:00+02:00,0.022473
2017-10-26 22:10:00+02:00,0.023861
2017-10-26 22:11:00+02:00,0.025141
2017-10-26 22:12:00+02:00,0.023785
2017-10-26 22:13:00+02:00,0.023027
2017-10-26 22:14:00+02:00,0.022751
2017-10-26 22:15:00+02:00,0.023814
2017-10-26 22:16:00+02:00,0.028559
2017-10-26 22:17:00+02:00,0.030586
2017-10-26 22:18:00+02:00,0.026262
2017-10-26 22:19:00+02:00,0.024345
2017-10-26 22:20:00+02:00,0.024747
2017-10-26 22:21:00+02:00,0.026983
2017-10-26 22:22:00+02:00,0.027624
2017-10-26 22:23:00+02:00,0.026936
2017-10-26 22:24:00+02:00,0.028238
2017-10-26 22:25:00+02:00,0.026748
2017-10-26 22:26:00+02:00,0.024583
2017-10-26 22:27:00+02:00,0.022118
2017-10-26 22:28:00+02:00,0.021493
2017-10-26 22:29:00+02:00,0.021759
2017-10-26 22:30:00+02:00,0.021122
2017-10-26 22:31:00+02:00,0.020364
2017-10-26 22:32:00+02:00,0.019985
2017-10-26 22:33:00+02:00,0.019946
2017-10-26 22:34:00+02:00,0.02085
2017-10-26 22:35:00+02:00,0.020204
2017-10-26 22:36:00+02:00,0.018877
2017-10-26 22:37:00+02:00,0.017602
2017-10-26 22:38:00+02:00,0.016686
2017-10-26 22:39:00+02:00,0.017115
2017-10-26 22:40:00+02:00,0.016409
2017-10-26 22:41:00+02:00,0.015952
2017-10-26 22:42:00+02:00,0.014612
2017-10-26 22:43:00+02:00,0.013479
2017-10-26 22:44:00+02:00,0.013502
2017-10-26 22:45:00+02:00,0.01471
2017-10-26 22:46:00+02:00,0.016
2017-10-26 22:47:00+02:00,0.017442
2017-10-26 22:48:00+02:00,0.018291
2017-10-26 22:49:00+02:00,0.017824
2017-10-26 22:50:00+02:00,0.018147
2017-10-26 22:51:00+02:00,0.019196
2017-10-26 22:52:00+02:00,0.020438
2017-10-26 22:53:00+02:00,0.020619
2017-10-26 22:54:00+02:00,0.017309
2017-10-26 22:55:00+02:00,0.017348
2017-10-26 22:56:00+02:00,0.017296
2017-10-26 22:57:00+02:00,0.018851
2017-10-26 22:58:00+02:00,0.019371
2017-10-26 22:59:00+02:00,0.020066
2017-10-26 23:00:00+02:00,0.017649
2017-10-26 23:01:00+02:00,0.01753
2017-10-26 23:02:00+02:00,0.018878
2017-10-26 23:03:00+02:00,0.019495
2017-10-26 23:04:00+02:00,0.01879
2017-10-26 23:05:00+02:00,0.018988
2017-10-26 23:06:00+02:00,0.017717
2017-10-26 23:07:00+02:00,0.016087
2017-10-26 23:08:00+02:00,0.016973
2017-10-26 23:09:00+02:00,0.017332
2017-10-26 23:10:00+02:00,0.016638
2017-10-26 23:11:00+02:00,0.015945
2017-10-26 23:12:00+02:00,0.016733
2017-10-26 23:13:00+02:00,0.015745
2017-10-26 23:14:00+02:00,0.015949
2017-10-26 23:15:00+02:00,0.017451
2017-10-26 23:16:00+02:00,0.017557
2017-10-26 23:17:00+02:00,0.01809
2017-10-26 23:18:00+02:00,0.01854
2017-10-26 23:19:00+02:00,0.016761
2017-10-26 23:20:00+02:00,0.016167
2017-10-26 23:21:00+02:00,0.017884
2017-10-26 23:22:00+02:00,0.017882
2017-10-26 23:23:00+02:00,0.017903
2017-10-26 23:24:00+02:00,0.017713
2017-10-26 23:25:00+02:00,0.017959
2017-10-26 23:26:00+02:00,0.021343
2017-10-26 23:27:00+02:00,0.017506
2017-10-26 23:28:00+02:00,0.018523
2017-10-26 23:29:00+02:00,0.018697
2017-10-26 23:30:00+02:00,0.01513
2017-10-26 23:31:00+02:00,0.014522
2017-10-26 23:32:00+02:00,0.014407
2017-10-26 23:33:00+02:00,0.013143
2017-10-26 23:34:00+02:00,0.013935
2017-10-26 23:35:00+02:00,0.015655
2017-10-26 23:36:00+02:00,0.01556
2017-10-26 23:37:00+02:00,0.015318
2017-10-26 23:38:00+02:00,0.011773
2017-10-26 23:39:00+02:00,0.012274
2017-10-26 23:40:00+02:00,0.011759
2017-10-26 23:41:00+02:00,0.010321
2017-10-26 23:42:00+02:00,0.00968
2017-10-26 23:43:00+02:00,0.009345
2017-10-26 23:44:00+02:00,0.009089
2017-10-26 23:45:00+02:00,0.008598
2017-10-26 23:46:00+02:00,0.011262
2017-10-26 23:47:00+02:00,0.012834
2017-10-26 23:48:00+02:00,0.012809
2017-10-26 23:49:00+02:00,0.013413
2017-10-26 23:50:00+02:00,0.014463
2017-10-26 23:51:00+02:00,0.015561
2017-10-26 23:52:00+02:00,0.015357
2017-10-26 23:53:00+02:00,0.016418
2017-10-26 23:54:00+02:00,0.01655
2017-10-26 23:55:00+02:00,0.016431
2017-10-26 23:56:00+02:00,0.016889
2017-10-26 23:57:00+02:00,0.015023
2017-10-26 23:58:00+02:00,0.014436
2017-10-26 23:59:00+02:00,0.013777
2017-10-27 00:00:00+02:00,0.013438
2017-10-27 00:01:00+02:00,0.009493
2017-10-27 00:02:00+02:00,0.00794
2017-10-27 00:03:00+02:00,0.00861
2017-10-27 00:04:00+02:00,0.008509
2017-10-27 00:05:00+02:00,0.008679
2017-10-27 00:06:00+02:00,0.00823
2017-10-27 00:07:00+02:00,0.007639
2017-10-27 00:08:00+02:00,0.007976
2017-10-27 00:09:00+02:00,0.007422
2017-10-27 00:10:00+02:00,0.007068
2017-10-27 00:11:00+02:00,0.00629
2017-10-27 00:12:00+02:00,0.006599
2017-10-27 00:13:00+02:00,0.007261
2017-10-27 00:14:00+02:00,0.007667
2017-10-27 00:15:00+02:00,0.00741
2017-10-27 00:16:00+02:00,0.006877
2017-10-27 00:17:00+02:00,0.007059
2017-10-27 00:18:00+02:00,0.007389
2017-10-27 00:19:00+02:00,0.007477
2017-10-27 00:20:00+02:00,0.008268
2017-10-27 00:21:00+02:00,0.011907
2017-10-27 00:22:00+02:00,0.012285
2017-10-27 00:23:00+02:00,0.008624
2017-10-27 00:24:00+02:00,0.008459
2017-10-27 00:25:00+02:00,0.009369
2017-10-27 00:26:00+02:00,0.0094
2017-10-27 00:27:00+02:00,0.009732
2017-10-27 00:28:00+02:00,0.012355
2017-10-27 00:29:00+02:00,0.011033
2017-10-27 00:30:00+02:00,0.008457
2017-10-27 00:31:00+02:00,0.008496
2017-10-27 00:32:00+02:00,0.008373
2017-10-27 00:33:00+02:00,0.008261
2017-10-27 00:34:00+02:00,0.008744
2017-10-27 00:35:00+02:00,0.010635
2017-10-27 00:36:00+02:00,0.008938
2017-10-27 00:37:00+02:00,0.007348
2017-10-27 00:38:00+02:00,0.008362
2017-10-27 00:39:00+02:00,0.008884
2017-10-27 00:40:00+02:00,0.009933
2017-10-27 00:41:00+02:00,0.009463
2017-10-27 00:42:00+02:00,0.009457
2017-10-27 00:43:00+02:00,0.009131
2017-10-27 00:44:00+02:00,0.009909
2017-10-27 00:45:00+02:00,0.008791
2017-10-27 00:46:00+02:00,0.008251
2017-10-27 00:47:00+02:00,0.007845
2017-10-27 00:48:00+02:00,0.00767
2017-10-27 00:49:00+02:00,0.008637
2017-10-27 00:50:00+02:00,0.009479
2017-10-27 00:51:00+02:00,0.007503
2017-10-27 00:52:00+02:00,0.007091
2017-10-27 00:53:00+02:00,0.006137
2017-10-27 00:54:00+02:00,0.00605
2017-10-27 00:55:00+02:00,0.006408
2017-10-27 00:56:00+02:00,0.006594
2017-10-27 00:57:00+02:00,0.006742
2017-10-27 00:58:00+02:00,0.00727
2017-10-27 00:59:00+02:00,0.007362
2017-10-27 01:00:00+02:00,0.008931
2017-10-27 01:01:00+02:00,0.009463
2017-10-27 01:02:00+02:00,0.010033
2017-10-27 01:03:00+02:00,0.011675
2017-10-27 01:04:00+02:00,0.012663
2017-10-27 01:05:00+02:00,0.012824
2017-10-27 01:06:00+02:00,0.01231
2017-10-27 01:07:00+02:00,0.013009
2017-10-27 01:08:00+02:00,0.013441
2017-10-27 01:09:00+02:00,0.01259
2017-10-27 01:10:00+02:00,0.011352
2017-10-27 01:11:00+02:00,0.011194
2017-10-27 01:12:00+02:00,0.011028
2017-10-27 01:13:00+02:00,0.011453
2017-10-27 01:14:00+02:00,0.011643
2017-10-27 01:15:00+02:00,0.010936
2017-10-27 01:16:00+02:00,0.010458
2017-10-27 01:17:00+02:00,0.009553
2017-10-27 01:18:00+02:00,0.007447
2017-10-27 01:19:00+02:00,0.006353
2017-10-27 01:20:00+02:00,0.006189
2017-10-27 01:21:00+02:00,0.006789
2017-10-27 01:22:00+02:00,0.007144
2017-10-27 01:23:00+02:00,0.007387
2017-10-27 01:24:00+02:00,0.007692
2017-10-27 01:25:00+02:00,0.007738
2017-10-27 01:26:00+02:00,0.007743
2017-10-27 01:27:00+02:00,0.007217
2017-10-27 01:28:00+02:00,0.007874
2017-10-27 01:29:00+02:00,0.00654
2017-10-27 01:30:00+02:00,0.007079
2017-10-27 01:31:00+02:00,0.007294
2017-10-27 01:32:00+02:00,0.006515
2017-10-27 01:33:00+02:00,0.006732
2017-10-27 01:34:00+02:00,0.007499
2017-10-27 01:35:00+02:00,0.007487
2017-10-27 01:36:00+02:00,0.007081
2017-10-27 01:37:00+02:00,0.00775
2017-10-27 01:38:00+02:00,0.007744
2017-10-27 01:39:00+02:00,0.007626
2017-10-27 01:40:00+02:00,0.007582
2017-10-27 01:41:00+02:00,0.007958
2017-10-27 01:42:00+02:00,0.007914
2017-10-27 01:43:00+02:00,0.007983
2017-10-27 01:44:00+02:00,0.008084
2017-10-27 01:45:00+02:00,0.00834
2017-10-27 01:46:00+02:00,0.008353
2017-10-27 01:47:00+02:00,0.008504
2017-10-27 01:48:00+02:00,0.007485
2017-10-27 01:49:00+02:00,0.00661
2017-10-27 01:50:00+02:00,0.006584
2017-10-27 01:51:00+02:00,0.006977
2017-10-27 01:52:00+02:00,0.007042
2017-10-27 01:53:00+02:00,0.006676
2017-10-27 01:54:00+02:00,0.006694
2017-10-27 01:55:00+02:00,0.007162
2017-10-27 01:56:00+02:00,0.006883
2017-10-27 01:57:00+02:00,0.006171
2017-10-27 01:58:00+02:00,0.00622
2017-10-27 01:59:00+02:00,0.006388
2017-10-27 02:00:00+02:00,0.006664
2017-10-27 02:01:00+02:00,0.006877
2017-10-27 02:02:00+02:00,0.008729
2017-10-27 02:03:00+02:00,0.009432
2017-10-27 02:04:00+02:00,0.008846
2017-10-27 02:05:00+02:00,0.009155
2017-10-27 02:06:00+02:00,0.009388
2017-10-27 02:07:00+02:00,0.009471
2017-10-27 02:08:00+02:00,0.00931
2017-10-27 02:09:00+02:00,0.008648
2017-10-27 02:10:00+02:00,0.00851
2017-10-27 02:11:00+02:00,0.008172
2017-10-27 02:12:00+02:00,0.008117
2017-10-27 02:13:00+02:00,0.007265
2017-10-27 02:14:00+02:00,0.007258
2017-10-27 02:15:00+02:00,0.007447
2017-10-27 02:16:00+02:00,0.008097
2017-10-27 02:17:00+02:00,0.007438
2017-10-27 02:18:00+02:00,0.007053
2017-10-27 02:19:00+02:00,0.006797
2017-10-27 02:20:00+02:00,0.007524
2017-10-27 02:21:00+02:00,0.008847
2017-10-27 02:22:00+02:00,0.009295
2017-10-27 02:23:00+02:00,0.009966
2017-10-27 02:24:00+02:00,0.0107
2017-10-27 02:25:00+02:00,0.010419
2017-10-27 02:26:00+02:00,0.009912
2017-10-27 02:27:00+02:00,0.010004
2017-10-27 02:28:00+02:00,0.009762
2017-10-27 02:29:00+02:00,0.008862
2017-10-27 02:30:00+02:00,0.007853
2017-10-27 02:31:00+02:00,0.006392
2017-10-27 02:32:00+02:00,0.007144
2017-10-27 02:33:00+02:00,0.007374
2017-10-27 02:34:00+02:00,0.007273
2017-10-27 02:35:00+02:00,0.007207
2017-10-27 02:36:00+02:00,0.007623
2017-10-27 02:37:00+02:00,0.010186
2017-10-27 02:38:00+02:00,0.009942
2017-10-27 02:39:00+02:00,0.00939
2017-10-27 02:40:00+02:00,0.009809
2017-10-27 02:41:00+02:00,0.011091
2017-10-27 02:42:00+02:00,0.009733
2017-10-27 02:43:00+02:00,0.010086
2017-10-27 02:44:00+02:00,0.009638
2017-10-27 02:45:00+02:00,0.010311
2017-10-27 02:46:00+02:00,0.010842
2017-10-27 02:47:00+02:00,0.011034
2017-10-27 02:48:00+02:00,0.010923
2017-10-27 02:49:00+02:00,0.010478
2017-10-27 02:50:00+02:00,0.009826
2017-10-27 02:51:00+02:00,0.009046
2017-10-27 02:52:00+02:00,0.00807
2017-10-27 02:53:00+02:00,0.008113
2017-10-27 02:54:00+02:00,0.008339
2017-10-27 02:55:00+02:00,0.00718
2017-10-27 02:56:00+02:00,0.006962
2017-10-27 02:57:00+02:00,0.006484
2017-10-27 02:58:00+02:00,0.006265
2017-10-27 02:59:00+02:00,0.006395
2017-10-27 03:00:00+02:00,0.006252
2017-10-27 03:01:00+02:00,0.006173
2017-10-27 03:02:00+02:00,0.006145
2017-10-27 03:03:00+02:00,0.006006
2017-10-27 03:04:00+02:00,0.006121
2017-10-27 03:05:00+02:00,0.006656
2017-10-27 03:06:00+02:00,0.006975
2017-10-27 03:07:00+02:00,0.007993
2017-10-27 03:08:00+02:00,0.008642
2017-10-27 03:09:00+02:00,0.008531
2017-10-27 03:10:00+02:00,0.009047
2017-10-27 03:11:00+02:00,0.008536
2017-10-27 03:12:00+02:00,0.008223
2017-10-27 03:13:00+02:00,0.008809
2017-10-27 03:14:00+02:00,0.008566
2017-10-27 03:15:00+02:00,0.008856
2017-10-27 03:16:00+02:00,0.008944
2017-10-27 03:17:00+02:00,0.008501
2017-10-27 03:18:00+02:00,0.008121
2017-10-27 03:19:00+02:00,0.008216
2017-10-27 03:20:00+02:00,0.007555
2017-10-27 03:21:00+02:00,0.007624
2017-10-27 03:22:00+02:00,0.007089
2017-10-27 03:23:00+02:00,0.007097
2017-10-27 03:24:00+02:00,0.00702
2017-10-27 03:25:00+02:00,0.006338
2017-10-27 03:26:00+02:00,0.006565
2017-10-27 03:27:00+02:00,0.006993
2017-10-27 03:28:00+02:00,0.007361
2017-10-27 03:29:00+02:00,0.006927
2017-10-27 03:30:00+02:00,0.006824
2017-10-27 03:31:00+02:00,0.006857
2017-10-27 03:32:00+02:00,0.006434
2017-10-27 03:33:00+02:00,0.006468
2017-10-27 03:34:00+02:00,0.006694
2017-10-27 03:35:00+02:00,0.006999
2017-10-27 03:36:00+02:00,0.00681
2017-10-27 03:37:00+02:00,0.007412
2017-10-27 03:38:00+02:00,0.007831
2017-10-27 03:39:00+02:00,0.008027
2017-10-27 03:40:00+02:00,0.008449
2017-10-27 03:41:00+02:00,0.00812
2017-10-27 03:42:00+02:00,0.007841
2017-10-27 03:43:00+02:00,0.007218
2017-10-27 03:44:00+02:00,0.008563
2017-10-27 03:45:00+02:00,0.00848
2017-10-27 03:46:00+02:00,0.008394
2017-10-27 03:47:00+02:00,0.008797
2017-10-27 03:48:00+02:00,0.008686
2017-10-27 03:49:00+02:00,0.008511
2017-10-27 03:50:00+02:00,0.008472
2017-10-27 03:51:00+02:00,0.008955
2017-10-27 03:52:00+02:00,0.008249
2017-10-27 03:53:00+02:00,0.008326
2017-10-27 03:54:00+02:00,0.008444
2017-10-27 03:55:00+02:00,0.00842
2017-10-27 03:56:00+02:00,0.008343
2017-10-27 03:57:00+02:00,0.008203
2017-10-27 03:58:00+02:00,0.007392
2017-10-27 03:59:00+02:00,0.007216
2017-10-27 04:00:00+02:00,0.006747
2017-10-27 04:01:00+02:00,0.00659
2017-10-27 04:02:00+02:00,0.00729
2017-10-27 04:03:00+02:00,0.007472
2017-10-27 04:04:00+02:00,0.007223
2017-10-27 04:05:00+02:00,0.007306
2017-10-27 04:06:00+02:00,0.007378
2017-10-27 04:07:00+02:00,0.007798
2017-10-27 04:08:00+02:00,0.008676
2017-10-27 04:09:00+02:00,0.009098
2017-10-27 04:10:00+02:00,0.008823
2017-10-27 04:11:00+02:00,0.007757
2017-10-27 04:12:00+02:00,0.008472
2017-10-27 04:13:00+02:00,0.010898
2017-10-27 04:14:00+02:00,0.010289
2017-10-27 04:15:00+02:00,0.009744
2017-10-27 04:16:00+02:00,0.009338
2017-10-27 04:17:00+02:00,0.009131
2017-10-27 04:18:00+02:00,0.009342
2017-10-27 04:19:00+02:00,0.009455
2017-10-27 04:20:00+02:00,0.009553
2017-10-27 04:21:00+02:00,0.010411
2017-10-27 04:22:00+02:00,0.010356
2017-10-27 04:23:00+02:00,0.010929
2017-10-27 04:24:00+02:00,0.010578
2017-10-27 04:25:00+02:00,0.010554
2017-10-27 04:26:00+02:00,0.010725
2017-10-27 04:27:00+02:00,0.010227
2017-10-27 04:28:00+02:00,0.009698
2017-10-27 04:29:00+02:00,0.00886
2017-10-27 04:30:00+02:00,0.008173
2017-10-27 04:31:00+02:00,0.008125
2017-10-27 04:32:00+02:00,0.008204
2017-10-27 04:33:00+02:00,0.009191
2017-10-27 04:34:00+02:00,0.009969
2017-10-27 04:35:00+02:00,0.010048
2017-10-27 04:36:00+02:00,0.010052
2017-10-27 04:37:00+02:00,0.01043
2017-10-27 04:38:00+02:00,0.010768
2017-10-27 04:39:00+02:00,0.01151
2017-10-27 04:40:00+02:00,0.009813
2017-10-27 04:41:00+02:00,0.009796
2017-10-27 04:42:00+02:00,0.009301
2017-10-27 04:43:00+02:00,0.0089
2017-10-27 04:44:00+02:00,0.01031
2017-10-27 04:45:00+02:00,0.011185
2017-10-27 04:46:00+02:00,0.012149
2017-10-27 04:47:00+02:00,0.01271
2017-10-27 04:48:00+02:00,0.013006
2017-10-27 04:49:00+02:00,0.012757
2017-10-27 04:50:00+02:00,0.012172
2017-10-27 04:51:00+02:00,0.011489
2017-10-27 04:52:00+02:00,0.011407
2017-10-27 04:53:00+02:00,0.010988
2017-10-27 04:54:00+02:00,0.011107
2017-10-27 04:55:00+02:00,0.011314
2017-10-27 04:56:00+02:00,0.010675
2017-10-27 04:57:00+02:00,0.010916
2017-10-27 04:58:00+02:00,0.010798
2017-10-27 04:59:00+02:00,0.010682
2017-10-27 05:00:00+02:00,0.011486
2017-10-27 05:01:00+02:00,0.012443
2017-10-27 05:02:00+02:00,0.012195
2017-10-27 05:03:00+02:00,0.012499
2017-10-27 05:04:00+02:00,0.012493
2017-10-27 05:05:00+02:00,0.012386
2017-10-27 05:06:00+02:00,0.012507
2017-10-27 05:07:00+02:00,0.012873
2017-10-27 05:08:00+02:00,0.013092
2017-10-27 05:09:00+02:00,0.013191
2017-10-27 05:10:00+02:00,0.013064
2017-10-27 05:11:00+02:00,0.013146
2017-10-27 05:12:00+02:00,0.013238
2017-10-27 05:13:00+02:00,0.012995
2017-10-27 05:14:00+02:00,0.013869
2017-10-27 05:15:00+02:00,0.014105
2017-10-27 05:16:00+02:00,0.014222
2017-10-27 05:17:00+02:00,0.014425
2017-10-27 05:18:00+02:00,0.014313
2017-10-27 05:19:00+02:00,0.014796
2017-10-27 05:20:00+02:00,0.01571
2017-10-27 05:21:00+02:00,0.016452
2017-10-27 05:22:00+02:00,0.016249
2017-10-27 05:23:00+02:00,0.016005
2017-10-27 05:24:00+02:00,0.016701
2017-10-27 05:25:00+02:00,0.016442
2017-10-27 05:26:00+02:00,0.017492
2017-10-27 05:27:00+02:00,0.01927
2017-10-27 05:28:00+02:00,0.018175
2017-10-27 05:29:00+02:00,0.01646
2017-10-27 05:30:00+02:00,0.015766
2017-10-27 05:31:00+02:00,0.015771
2017-10-27 05:32:00+02:00,0.016174
2017-10-27 05:33:00+02:00,0.01624
2017-10-27 05:34:00+02:00,0.01609
2017-10-27 05:35:00+02:00,0.018498
2017-10-27 05:36:00+02:00,0.020054
2017-10-27 05:37:00+02:00,0.018257
2017-10-27 05:38:00+02:00,0.018173
2017-10-27 05:39:00+02:00,0.018548
2017-10-27 05:40:00+02:00,0.018573
2017-10-27 05:41:00+02:00,0.017473
2017-10-27 05:42:00+02:00,0.017364
2017-10-27 05:43:00+02:00,0.018151
2017-10-27 05:44:00+02:00,0.019295
2017-10-27 05:45:00+02:00,0.019354
2017-10-27 05:46:00+02:00,0.019762
2017-10-27 05:47:00+02:00,0.019634
2017-10-27 05:48:00+02:00,0.019541
2017-10-27 05:49:00+02:00,0.019502
2017-10-27 05:50:00+02:00,0.018924
2017-10-27 05:51:00+02:00,0.019428
2017-10-27 05:52:00+02:00,0.019728
2017-10-27 05:53:00+02:00,0.019628
2017-10-27 05:54:00+02:00,0.019973
2017-10-27 05:55:00+02:00,0.019368
2017-10-27 05:56:00+02:00,0.018854
2017-10-27 05:57:00+02:00,0.0188
2017-10-27 05:58:00+02:00,0.018696
2017-10-27 05:59:00+02:00,0.018533
2017-10-27 06:00:00+02:00,0.018626
2017-10-27 06:01:00+02:00,0.019162
2017-10-27 06:02:00+02:00,0.02027
2017-10-27 06:03:00+02:00,0.021205
2017-10-27 06:04:00+02:00,0.021871
2017-10-27 06:05:00+02:00,0.021383
2017-10-27 06:06:00+02:00,0.021669
2017-10-27 06:07:00+02:00,0.020588
2017-10-27 06:08:00+02:00,0.020779
2017-10-27 06:09:00+02:00,0.021221
2017-10-27 06:10:00+02:00,0.02174
2017-10-27 06:11:00+02:00,0.021337
2017-10-27 06:12:00+02:00,0.021229
2017-10-27 06:13:00+02:00,0.022115
2017-10-27 06:14:00+02:00,0.021435
2017-10-27 06:15:00+02:00,0.020749
2017-10-27 06:16:00+02:00,0.021309
2017-10-27 06:17:00+02:00,0.020702
2017-10-27 06:18:00+02:00,0.020884
2017-10-27 06:19:00+02:00,0.020492
2017-10-27 06:20:00+02:00,0.019891
2017-10-27 06:21:00+02:00,0.020344
2017-10-27 06:22:00+02:00,0.02187
2017-10-27 06:23:00+02:00,0.020335
2017-10-27 06:24:00+02:00,0.020381
2017-10-27 06:25:00+02:00,0.020091
2017-10-27 06:26:00+02:00,0.020168
2017-10-27 06:27:00+02:00,0.021253
2017-10-27 06:28:00+02:00,0.022301
2017-10-27 06:29:00+02:00,0.022114
2017-10-27 06:30:00+02:00,0.022205
2017-10-27 06:31:00+02:00,0.022661
2017-10-27 06:32:00+02:00,0.023249
2017-10-27 06:33:00+02:00,0.023248
2017-10-27 06:34:00+02:00,0.023259
2017-10-27 06:35:00+02:00,0.029275
2017-10-27 06:36:00+02:00,0.030027
2017-10-27 06:37:00+02:00,0.030053
2017-10-27 06:38:00+02:00,0.030163
2017-10-27 06:39:00+02:00,0.031679
2017-10-27 06:40:00+02:00,0.029905
2017-10-27 06:41:00+02:00,0.030393
2017-10-27 06:42:00+02:00,0.030066
2017-10-27 06:43:00+02:00,0.029965
2017-10-27 06:44:00+02:00,0.031704
2017-10-27 06:45:00+02:00,0.031806
2017-10-27 06:46:00+02:00,0.031333
2017-10-27 06:47:00+02:00,0.03239
2017-10-27 06:48:00+02:00,0.032303
2017-10-27 06:49:00+02:00,0.032371
2017-10-27 06:50:00+02:00,0.026812
2017-10-27 06:51:00+02:00,0.025768
2017-10-27 06:52:00+02:00,0.024919
2017-10-27 06:53:00+02:00,0.025079
2017-10-27 06:54:00+02:00,0.025018
2017-10-27 06:55:00+02:00,0.025654
2017-10-27 06:56:00+02:00,0.025768
2017-10-27 06:57:00+02:00,0.026294
2017-10-27 06:58:00+02:00,0.026809
2017-10-27 06:59:00+02:00,0.027166
2017-10-27 07:00:00+02:00,0.028534
2017-10-27 07:01:00+02:00,0.02932
2017-10-27 07:02:00+02:00,0.028992
2017-10-27 07:03:00+02:00,0.029579
2017-10-27 07:04:00+02:00,0.029638
2017-10-27 07:05:00+02:00,0.029691
2017-10-27 07:06:00+02:00,0.029422
2017-10-27 07:07:00+02:00,0.028774
2017-10-27 07:08:00+02:00,0.031612
2017-10-27 07:09:00+02:00,0.035303
2017-10-27 07:10:00+02:00,0.030819
2017-10-27 07:11:00+02:00,0.032754
2017-10-27 07:12:00+02:00,0.036728
2017-10-27 07:13:00+02:00,0.03651
2017-10-27 07:14:00+02:00,0.036534
2017-10-27 07:15:00+02:00,0.030008
2017-10-27 07:16:00+02:00,0.030257
2017-10-27 07:17:00+02:00,0.029478
2017-10-27 07:18:00+02:00,0.028882
2017-10-27 07:19:00+02:00,0.028575
2017-10-27 07:20:00+02:00,0.027939
2017-10-27 07:21:00+02:00,0.029173
2017-10-27 07:22:00+02:00,0.028798
2017-10-27 07:23:00+02:00,0.029169
2017-10-27 07:24:00+02:00,0.033577
2017-10-27 07:25:00+02:00,0.037268
2017-10-27 07:26:00+02:00,0.035604
2017-10-27 07:27:00+02:00,0.035033
2017-10-27 07:28:00+02:00,0.035748
2017-10-27 07:29:00+02:00,0.035529
2017-10-27 07:30:00+02:00,0.035159
2017-10-27 07:31:00+02:00,0.03491
2017-10-27 07:32:00+02:00,0.035327
2017-10-27 07:33:00+02:00,0.03569
2017-10-27 07:34:00+02:00,0.034893
2017-10-27 07:35:00+02:00,0.03539
2017-10-27 07:36:00+02:00,0.035143
2017-10-27 07:37:00+02:00,0.038624
2017-10-27 07:38:00+02:00,0.034504
2017-10-27 07:39:00+02:00,0.034279
2017-10-27 07:40:00+02:00,0.029291
2017-10-27 07:41:00+02:00,0.028144
2017-10-27 07:42:00+02:00,0.027682
2017-10-27 07:43:00+02:00,0.028217
2017-10-27 07:44:00+02:00,0.03026
2017-10-27 07:45:00+02:00,0.030147
2017-10-27 07:46:00+02:00,0.033193
2017-10-27 07:47:00+02:00,0.037063
2017-10-27 07:48:00+02:00,0.036472
2017-10-27 07:49:00+02:00,0.036957
2017-10-27 07:50:00+02:00,0.036853
2017-10-27 07:51:00+02:00,0.036266
2017-10-27 07:52:00+02:00,0.035925
2017-10-27 07:53:00+02:00,0.035937
2017-10-27 07:54:00+02:00,0.036528
2017-10-27 07:55:00+02:00,0.034456
2017-10-27 07:56:00+02:00,0.034402
2017-10-27 07:57:00+02:00,0.035153
2017-10-27 07:58:00+02:00,0.03587
2017-10-27 07:59:00+02:00,0.036397
2017-10-27 08:00:00+02:00,0.030755
2017-10-27 08:01:00+02:00,0.030762
2017-10-27 08:02:00+02:00,0.031359
2017-10-27 08:03:00+02:00,0.033177
2017-10-27 08:04:00+02:00,0.033928
2017-10-27 08:05:00+02:00,0.037308
2017-10-27 08:06:00+02:00,0.037457
2017-10-27 08:07:00+02:00,0.035783
2017-10-27 08:08:00+02:00,0.035153
2017-10-27 08:09:00+02:00,0.03512
2017-10-27 08:10:00+02:00,0.032961
2017-10-27 08:11:00+02:00,0.030963
2017-10-27 08:12:00+02:00,0.032869
2017-10-27 08:13:00+02:00,0.030218
2017-10-27 08:14:00+02:00,0.031252
2017-10-27 08:15:00+02:00,0.030328
2017-10-27 08:16:00+02:00,0.032196
2017-10-27 08:17:00+02:00,0.028898
2017-10-27 08:18:00+02:00,0.02973
2017-10-27 08:19:00+02:00,0.029931
2017-10-27 08:20:00+02:00,0.029921
2017-10-27 08:21:00+02:00,0.029669
2017-10-27 08:22:00+02:00,0.029352
2017-10-27 08:23:00+02:00,0.028752
2017-10-27 08:24:00+02:00,0.030531
2017-10-27 08:25:00+02:00,0.031945
2017-10-27 08:26:00+02:00,0.031362
2017-10-27 08:27:00+02:00,0.029885
2017-10-27 08:28:00+02:00,0.028614
2017-10-27 08:29:00+02:00,0.031414
2017-10-27 08:30:00+02:00,0.031162
2017-10-27 08:31:00+02:00,0.031029
2017-10-27 08:32:00+02:00,0.031219
2017-10-27 08:33:00+02:00,0.032117
2017-10-27 08:34:00+02:00,0.031927
2017-10-27 08:35:00+02:00,0.03067
2017-10-27 08:36:00+02:00,0.029621
2017-10-27 08:37:00+02:00,0.029639
2017-10-27 08:38:00+02:00,0.031138
2017-10-27 08:39:00+02:00,0.029212
2017-10-27 08:40:00+02:00,0.028691
2017-10-27 08:41:00+02:00,0.028781
2017-10-27 08:42:00+02:00,0.028034
2017-10-27 08:43:00+02:00,0.02853
2017-10-27 08:44:00+02:00,0.028128
2017-10-27 08:45:00+02:00,0.026715
2017-10-27 08:46:00+02:00,0.026461
2017-10-27 08:47:00+02:00,0.025981
2017-10-27 08:48:00+02:00,0.025613
2017-10-27 08:49:00+02:00,0.025783
2017-10-27 08:50:00+02:00,0.026335
2017-10-27 08:51:00+02:00,0.026764
2017-10-27 08:52:00+02:00,0.026792
2017-10-27 08:53:00+02:00,0.026001
2017-10-27 08:54:00+02:00,0.027543
2017-10-27 08:55:00+02:00,0.028983
2017-10-27 08:56:00+02:00,0.030498
2017-10-27 08:57:00+02:00,0.029769
2017-10-27 08:58:00+02:00,0.029104
2017-10-27 08:59:00+02:00,0.02738
2017-10-27 09:00:00+02:00,0.026726
2017-10-27 09:01:00+02:00,0.026002
2017-10-27 09:02:00+02:00,0.0254
2017-10-27 09:03:00+02:00,0.02609
2017-10-27 09:04:00+02:00,0.025768
2017-10-27 09:05:00+02:00,0.02481
2017-10-27 09:06:00+02:00,0.024474
2017-10-27 09:07:00+02:00,0.024648
2017-10-27 09:08:00+02:00,0.025691
2017-10-27 09:09:00+02:00,0.026971
2017-10-27 09:10:00+02:00,0.027095
2017-10-27 09:11:00+02:00,0.025912
2017-10-27 09:12:00+02:00,0.025559
2017-10-27 09:13:00+02:00,0.025777
2017-10-27 09:14:00+02:00,0.023373
2017-10-27 09:15:00+02:00,0.02196
2017-10-27 09:16:00+02:00,0.026699
2017-10-27 09:17:00+02:00,0.031076
2017-10-27 09:18:00+02:00,0.030166
2017-10-27 09:19:00+02:00,0.02412
2017-10-27 09:20:00+02:00,0.021856
2017-10-27 09:21:00+02:00,0.022333
2017-10-27 09:22:00+02:00,0.024203
2017-10-27 09:23:00+02:00,0.02693
2017-10-27 09:24:00+02:00,0.02599
2017-10-27 09:25:00+02:00,0.026488
2017-10-27 09:26:00+02:00,0.027713
2017-10-27 09:27:00+02:00,0.028581
2017-10-27 09:28:00+02:00,0.027512
2017-10-27 09:29:00+02:00,0.027269
2017-10-27 09:30:00+02:00,0.028542
2017-10-27 09:31:00+02:00,0.028748
2017-10-27 09:32:00+02:00,0.028388
2017-10-27 09:33:00+02:00,0.027996
2017-10-27 09:34:00+02:00,0.026239
2017-10-27 09:35:00+02:00,0.025964
2017-10-27 09:36:00+02:00,0.026118
2017-10-27 09:37:00+02:00,0.025276
2017-10-27 09:38:00+02:00,0.025059
2017-10-27 09:39:00+02:00,0.025353
2017-10-27 09:40:00+02:00,0.02443
2017-10-27 09:41:00+02:00,0.023839
2017-10-27 09:42:00+02:00,0.023304
2017-10-27 09:43:00+02:00,0.024822
2017-10-27 09:44:00+02:00,0.024585
2017-10-27 09:45:00+02:00,0.022862
2017-10-27 09:46:00+02:00,0.022859
2017-10-27 09:47:00+02:00,0.022802
2017-10-27 09:48:00+02:00,0.022526
2017-10-27 09:49:00+02:00,0.022028
2017-10-27 09:50:00+02:00,0.022754
2017-10-27 09:51:00+02:00,0.023994
2017-10-27 09:52:00+02:00,0.023219
2017-10-27 09:53:00+02:00,0.022291
2017-10-27 09:54:00+02:00,0.022341
2017-10-27 09:55:00+02:00,0.021797
2017-10-27 09:56:00+02:00,0.02259
2017-10-27 09:57:00+02:00,0.022931
2017-10-27 09:58:00+02:00,0.021311
2017-10-27 09:59:00+02:00,0.020903
2017-10-27 10:00:00+02:00,0.021434
2017-10-27 10:01:00+02:00,0.021229
2017-10-27 10:02:00+02:00,0.021971
2017-10-27 10:03:00+02:00,0.021849
2017-10-27 10:04:00+02:00,0.023079
2017-10-27 10:05:00+02:00,0.023455
2017-10-27 10:06:00+02:00,0.022679
2017-10-27 10:07:00+02:00,0.021288
2017-10-27 10:08:00+02:00,0.020519
2017-10-27 10:09:00+02:00,0.020895
2017-10-27 10:10:00+02:00,0.021994
2017-10-27 10:11:00+02:00,0.029849
2017-10-27 10:12:00+02:00,0.033937
2017-10-27 10:13:00+02:00,0.031325
2017-10-27 10:14:00+02:00,0.031054
2017-10-27 10:15:00+02:00,0.031274
2017-10-27 10:16:00+02:00,0.032168
2017-10-27 10:17:00+02:00,0.030711
2017-10-27 10:18:00+02:00,0.028088
2017-10-27 10:19:00+02:00,0.027372
2017-10-27 10:20:00+02:00,0.026197
2017-10-27 10:21:00+02:00,0.023198
2017-10-27 10:22:00+02:00,0.02294
2017-10-27 10:23:00+02:00,0.027198
2017-10-27 10:24:00+02:00,0.024666
2017-10-27 10:25:00+02:00,0.023717
2017-10-27 10:26:00+02:00,0.020702
2017-10-27 10:27:00+02:00,0.018271
2017-10-27 10:28:00+02:00,0.01951
2017-10-27 10:29:00+02:00,0.019067
2017-10-27 10:30:00+02:00,0.019106
2017-10-27 10:31:00+02:00,0.019884
2017-10-27 10:32:00+02:00,0.018879
2017-10-27 10:33:00+02:00,0.018483
2017-10-27 10:34:00+02:00,0.018994
2017-10-27 10:35:00+02:00,0.020391
2017-10-27 10:36:00+02:00,0.020314
2017-10-27 10:37:00+02:00,0.021345
2017-10-27 10:38:00+02:00,0.022941
2017-10-27 10:39:00+02:00,0.022312
2017-10-27 10:40:00+02:00,0.021311
2017-10-27 10:41:00+02:00,0.020638
2017-10-27 10:42:00+02:00,0.020942
2017-10-27 10:43:00+02:00,0.019743
2017-10-27 10:44:00+02:00,0.020485
2017-10-27 10:45:00+02:00,0.020347
2017-10-27 10:46:00+02:00,0.019555
2017-10-27 10:47:00+02:00,0.020663
2017-10-27 10:48:00+02:00,0.020865
2017-10-27 10:49:00+02:00,0.01874
2017-10-27 10:50:00+02:00,0.017832
2017-10-27 10:51:00+02:00,0.017808
2017-10-27 10:52:00+02:00,0.018214
2017-10-27 10:53:00+02:00,0.018731
2017-10-27 10:54:00+02:00,0.019981
2017-10-27 10:55:00+02:00,0.020233
2017-10-27 10:56:00+02:00,0.020703
2017-10-27 10:57:00+02:00,0.01992
2017-10-27 10:58:00+02:00,0.018122
2017-10-27 10:59:00+02:00,0.017983
2017-10-27 11:00:00+02:00,0.017742
2017-10-27 11:01:00+02:00,0.018654
2017-10-27 11:02:00+02:00,0.020554
2017-10-27 11:03:00+02:00,0.018299
2017-10-27 11:04:00+02:00,0.017671
2017-10-27 11:05:00+02:00,0.019412
2017-10-27 11:06:00+02:00,0.017874
2017-10-27 11:07:00+02:00,0.017846
2017-10-27 11:08:00+02:00,0.018142
2017-10-27 11:09:00+02:00,0.018578
2017-10-27 11:10:00+02:00,0.018675
2017-10-27 11:11:00+02:00,0.017794
2017-10-27 11:12:00+02:00,0.017932
2017-10-27 11:13:00+02:00,0.022176
2017-10-27 11:14:00+02:00,0.02012
2017-10-27 11:15:00+02:00,0.020845
2017-10-27 11:16:00+02:00,0.021018
2017-10-27 11:17:00+02:00,0.021102
2017-10-27 11:18:00+02:00,0.021148
2017-10-27 11:19:00+02:00,0.01956
2017-10-27 11:20:00+02:00,0.019508
2017-10-27 11:21:00+02:00,0.019251
2017-10-27 11:22:00+02:00,0.020015
2017-10-27 11:23:00+02:00,0.020808
2017-10-27 11:24:00+02:00,0.021437
2017-10-27 11:25:00+02:00,0.020942
2017-10-27 11:26:00+02:00,0.019715
2017-10-27 11:27:00+02:00,0.017908
2017-10-27 11:28:00+02:00,0.018263
2017-10-27 11:29:00+02:00,0.018161
2017-10-27 11:30:00+02:00,0.015782
2017-10-27 11:31:00+02:00,0.015851
2017-10-27 11:32:00+02:00,0.015269
2017-10-27 11:33:00+02:00,0.015282
2017-10-27 11:34:00+02:00,0.016653
2017-10-27 11:35:00+02:00,0.015786
2017-10-27 11:36:00+02:00,0.016725
2017-10-27 11:37:00+02:00,0.016134
2017-10-27 11:38:00+02:00,0.019933
2017-10-27 11:39:00+02:00,0.025979
2017-10-27 11:40:00+02:00,0.027576
2017-10-27 11:41:00+02:00,0.027303
2017-10-27 11:42:00+02:00,0.027835
2017-10-27 11:43:00+02:00,0.023399
2017-10-27 11:44:00+02:00,0.025627
2017-10-27 11:45:00+02:00,0.026805
2017-10-27 11:46:00+02:00,0.025978
2017-10-27 11:47:00+02:00,0.02319
2017-10-27 11:48:00+02:00,0.022032
2017-10-27 11:49:00+02:00,0.020915
2017-10-27 11:50:00+02:00,0.02128
2017-10-27 11:51:00+02:00,0.019873
2017-10-27 11:52:00+02:00,0.022037
2017-10-27 11:53:00+02:00,0.028444
2017-10-27 11:54:00+02:00,0.030519
2017-10-27 11:55:00+02:00,0.024867
2017-10-27 11:56:00+02:00,0.019374
2017-10-27 11:57:00+02:00,0.01842
2017-10-27 11:58:00+02:00,0.018673
2017-10-27 11:59:00+02:00,0.019885
2017-10-27 12:00:00+02:00,0.016602
2017-10-27 12:01:00+02:00,0.015732
2017-10-27 12:02:00+02:00,0.016711
2017-10-27 12:03:00+02:00,0.017867
2017-10-27 12:04:00+02:00,0.019574
2017-10-27 12:05:00+02:00,0.017844
2017-10-27 12:06:00+02:00,0.016752
2017-10-27 12:07:00+02:00,0.017034
2017-10-27 12:08:00+02:00,0.017002
2017-10-27 12:09:00+02:00,0.019609
2017-10-27 12:10:00+02:00,0.019035
2017-10-27 12:11:00+02:00,0.018186
2017-10-27 12:12:00+02:00,0.017621
2017-10-27 12:13:00+02:00,0.01776
2017-10-27 12:14:00+02:00,0.019259
2017-10-27 12:15:00+02:00,0.020719
2017-10-27 12:16:00+02:00,0.020381
2017-10-27 12:17:00+02:00,0.018564
2017-10-27 12:18:00+02:00,0.016871
2017-10-27 12:19:00+02:00,0.015185
2017-10-27 12:20:00+02:00,0.014309
2017-10-27 12:21:00+02:00,0.014292
2017-10-27 12:22:00+02:00,0.013696
2017-10-27 12:23:00+02:00,0.014401
2017-10-27 12:24:00+02:00,0.014876
2017-10-27 12:25:00+02:00,0.014992
2017-10-27 12:26:00+02:00,0.016569
2017-10-27 12:27:00+02:00,0.0195
2017-10-27 12:28:00+02:00,0.020254
2017-10-27 12:29:00+02:00,0.019694
2017-10-27 12:30:00+02:00,0.019885
2017-10-27 12:31:00+02:00,0.019769
2017-10-27 12:32:00+02:00,0.01904
2017-10-27 12:33:00+02:00,0.017551
2017-10-27 12:34:00+02:00,0.016055
2017-10-27 12:35:00+02:00,0.015969
2017-10-27 12:36:00+02:00,0.015588
2017-10-27 12:37:00+02:00,0.017226
2017-10-27 12:38:00+02:00,0.018427
2017-10-27 12:39:00+02:00,0.019817
2017-10-27 12:40:00+02:00,0.020521
2017-10-27 12:41:00+02:00,0.02157
2017-10-27 12:42:00+02:00,0.021413
2017-10-27 12:43:00+02:00,0.019837
2017-10-27 12:44:00+02:00,0.02089
2017-10-27 12:45:00+02:00,0.022284
2017-10-27 12:46:00+02:00,0.022226
2017-10-27 12:47:00+02:00,0.024098
2017-10-27 12:48:00+02:00,0.023519
2017-10-27 12:49:00+02:00,0.023526
2017-10-27 12:50:00+02:00,0.023765
2017-10-27 12:51:00+02:00,0.021851
2017-10-27 12:52:00+02:00,0.020792
2017-10-27 12:53:00+02:00,0.021231
2017-10-27 12:54:00+02:00,0.022226
2017-10-27 12:55:00+02:00,0.022888
2017-10-27 12:56:00+02:00,0.024312
2017-10-27 12:57:00+02:00,0.029631
2017-10-27 12:58:00+02:00,0.028482
2017-10-27 12:59:00+02:00,0.023138
2017-10-27 13:00:00+02:00,0.021455
2017-10-27 13:01:00+02:00,0.020693
2017-10-27 13:02:00+02:00,0.020223
2017-10-27 13:03:00+02:00,0.021969
2017-10-27 13:04:00+02:00,0.022649
2017-10-27 13:05:00+02:00,0.021513
2017-10-27 13:06:00+02:00,0.021497
2017-10-27 13:07:00+02:00,0.021986
2017-10-27 13:08:00+02:00,0.026492
2017-10-27 13:09:00+02:00,0.020585
2017-10-27 13:10:00+02:00,0.026695
2017-10-27 13:11:00+02:00,0.051403
2017-10-27 13:12:00+02:00,0.073271
2017-10-27 13:13:00+02:00,0.097153
2017-10-27 13:14:00+02:00,0.115101
2017-10-27 13:15:00+02:00,0.114442
2017-10-27 13:16:00+02:00,0.107042
2017-10-27 13:17:00+02:00,0.113994
2017-10-27 13:18:00+02:00,0.127545
2017-10-27 13:19:00+02:00,0.110041
2017-10-27 13:20:00+02:00,0.089145
2017-10-27 13:21:00+02:00,0.078272
2017-10-27 13:22:00+02:00,0.096949
2017-10-27 13:23:00+02:00,0.084329
2017-10-27 13:24:00+02:00,0.058932
2017-10-27 13:25:00+02:00,0.051438
2017-10-27 13:26:00+02:00,0.047977
2017-10-27 13:27:00+02:00,0.044431
2017-10-27 13:28:00+02:00,0.039525
2017-10-27 13:29:00+02:00,0.037379
2017-10-27 13:30:00+02:00,0.034721
2017-10-27 13:31:00+02:00,0.034617
2017-10-27 13:32:00+02:00,0.032579
2017-10-27 13:33:00+02:00,0.027536
2017-10-27 13:34:00+02:00,0.029559
2017-10-27 13:35:00+02:00,0.062866
2017-10-27 13:36:00+02:00,0.086721
2017-10-27 13:37:00+02:00,0.10368
2017-10-27 13:38:00+02:00,0.075432
2017-10-27 13:39:00+02:00,0.061978
2017-10-27 13:40:00+02:00,0.052635
2017-10-27 13:41:00+02:00,0.045783
2017-10-27 13:42:00+02:00,0.040672
2017-10-27 13:43:00+02:00,0.037558
2017-10-27 13:44:00+02:00,0.040548
2017-10-27 13:45:00+02:00,0.059579
2017-10-27 13:46:00+02:00,0.063495
2017-10-27 13:47:00+02:00,0.064446
2017-10-27 13:48:00+02:00,0.079394
2017-10-27 13:49:00+02:00,0.080169
2017-10-27 13:50:00+02:00,0.061454
2017-10-27 13:51:00+02:00,0.054813
2017-10-27 13:52:00+02:00,0.049184
2017-10-27 13:53:00+02:00,0.039928
2017-10-27 13:54:00+02:00,0.03859
2017-10-27 13:55:00+02:00,0.033784
2017-10-27 13:56:00+02:00,0.031108
2017-10-27 13:57:00+02:00,0.027511
2017-10-27 13:58:00+02:00,0.025081
2017-10-27 13:59:00+02:00,0.023873
2017-10-27 14:00:00+02:00,0.02191
2017-10-27 14:01:00+02:00,0.022076
2017-10-27 14:02:00+02:00,0.022516
2017-10-27 14:03:00+02:00,0.02263
2017-10-27 14:04:00+02:00,0.023403
2017-10-27 14:05:00+02:00,0.02355
2017-10-27 14:06:00+02:00,0.023587
2017-10-27 14:07:00+02:00,0.059056
2017-10-27 14:08:00+02:00,0.07895
2017-10-27 14:09:00+02:00,0.060181
2017-10-27 14:10:00+02:00,0.050196
2017-10-27 14:11:00+02:00,0.044839
2017-10-27 14:12:00+02:00,0.041021
2017-10-27 14:13:00+02:00,0.034718
2017-10-27 14:14:00+02:00,0.031544
2017-10-27 14:15:00+02:00,0.032595
2017-10-27 14:16:00+02:00,0.033343
2017-10-27 14:17:00+02:00,0.027852
2017-10-27 14:18:00+02:00,0.029184
2017-10-27 14:19:00+02:00,0.026452
2017-10-27 14:20:00+02:00,0.023036
2017-10-27 14:21:00+02:00,0.022206
2017-10-27 14:22:00+02:00,0.022448
2017-10-27 14:23:00+02:00,0.022371
2017-10-27 14:24:00+02:00,0.02222
2017-10-27 14:25:00+02:00,0.02141
2017-10-27 14:26:00+02:00,0.021219
2017-10-27 14:27:00+02:00,0.020823
2017-10-27 14:28:00+02:00,0.019914
2017-10-27 14:29:00+02:00,0.018284
2017-10-27 14:30:00+02:00,0.017338
2017-10-27 14:31:00+02:00,0.017325
2017-10-27 14:32:00+02:00,0.017656
2017-10-27 14:33:00+02:00,0.017327
2017-10-27 14:34:00+02:00,0.019501
2017-10-27 14:35:00+02:00,0.021798
2017-10-27 14:36:00+02:00,0.023398
2017-10-27 14:37:00+02:00,0.025837
2017-10-27 14:38:00+02:00,0.025057
2017-10-27 14:39:00+02:00,0.025516
2017-10-27 14:40:00+02:00,0.024558
2017-10-27 14:41:00+02:00,0.02145
2017-10-27 14:42:00+02:00,0.020923
2017-10-27 14:43:00+02:00,0.023365
2017-10-27 14:44:00+02:00,0.022904
2017-10-27 14:45:00+02:00,0.022629
2017-10-27 14:46:00+02:00,0.024301
2017-10-27 14:47:00+02:00,0.025148
2017-10-27 14:48:00+02:00,0.041353
2017-10-27 14:49:00+02:00,0.040573
2017-10-27 14:50:00+02:00,0.040506
2017-10-27 14:51:00+02:00,0.04528
2017-10-27 14:52:00+02:00,0.0407
2017-10-27 14:53:00+02:00,0.037031
2017-10-27 14:54:00+02:00,0.030094
2017-10-27 14:55:00+02:00,0.026589
2017-10-27 14:56:00+02:00,0.027793
2017-10-27 14:57:00+02:00,0.032398
2017-10-27 14:58:00+02:00,0.030489
2017-10-27 14:59:00+02:00,0.02462
2017-10-27 15:00:00+02:00,0.021001
2017-10-27 15:01:00+02:00,0.019946
2017-10-27 15:02:00+02:00,0.017109
2017-10-27 15:03:00+02:00,0.016919
2017-10-27 15:04:00+02:00,0.017256
2017-10-27 15:05:00+02:00,0.017288
2017-10-27 15:06:00+02:00,0.016703
2017-10-27 15:07:00+02:00,0.016316
2017-10-27 15:08:00+02:00,0.017896
2017-10-27 15:09:00+02:00,0.020268
2017-10-27 15:10:00+02:00,0.017654
2017-10-27 15:11:00+02:00,0.017657
2017-10-27 15:12:00+02:00,0.018355
2017-10-27 15:13:00+02:00,0.020028
2017-10-27 15:14:00+02:00,0.019285
2017-10-27 15:15:00+02:00,0.018018
2017-10-27 15:16:00+02:00,0.016541
2017-10-27 15:17:00+02:00,0.015728
2017-10-27 15:18:00+02:00,0.016243
2017-10-27 15:19:00+02:00,0.01579
2017-10-27 15:20:00+02:00,0.015156
2017-10-27 15:21:00+02:00,0.015314
2017-10-27 15:22:00+02:00,0.015722
2017-10-27 15:23:00+02:00,0.016743
2017-10-27 15:24:00+02:00,0.017786
2017-10-27 15:25:00+02:00,0.018948
2017-10-27 15:26:00+02:00,0.018684
2017-10-27 15:27:00+02:00,0.018458
2017-10-27 15:28:00+02:00,0.017234
2017-10-27 15:29:00+02:00,0.021805
2017-10-27 15:30:00+02:00,0.025619
2017-10-27 15:31:00+02:00,0.025001
2017-10-27 15:32:00+02:00,0.023193
2017-10-27 15:33:00+02:00,0.022426
2017-10-27 15:34:00+02:00,0.019228
2017-10-27 15:35:00+02:00,0.016722
2017-10-27 15:36:00+02:00,0.016794
2017-10-27 15:37:00+02:00,0.016441
2017-10-27 15:38:00+02:00,0.015638
2017-10-27 15:39:00+02:00,0.015429
2017-10-27 15:40:00+02:00,0.015645
2017-10-27 15:41:00+02:00,0.015108
2017-10-27 15:42:00+02:00,0.014546
2017-10-27 15:43:00+02:00,0.015063
2017-10-27 15:44:00+02:00,0.01534
2017-10-27 15:45:00+02:00,0.01722
2017-10-27 15:46:00+02:00,0.017124
2017-10-27 15:47:00+02:00,0.015762
2017-10-27 15:48:00+02:00,0.016796
2017-10-27 15:49:00+02:00,0.017931
2017-10-27 15:50:00+02:00,0.017863
2017-10-27 15:51:00+02:00,0.018088
2017-10-27 15:52:00+02:00,0.018918
2017-10-27 15:53:00+02:00,0.017449
2017-10-27 15:54:00+02:00,0.017664
2017-10-27 15:55:00+02:00,0.018244
2017-10-27 15:56:00+02:00,0.019337
2017-10-27 15:57:00+02:00,0.019962
2017-10-27 15:58:00+02:00,0.01967
2017-10-27 15:59:00+02:00,0.01936
2017-10-27 16:00:00+02:00,0.019072
2017-10-27 16:01:00+02:00,0.019208
2017-10-27 16:02:00+02:00,0.018006
2017-10-27 16:03:00+02:00,0.017668
2017-10-27 16:04:00+02:00,0.017295
2017-10-27 16:05:00+02:00,0.017017
2017-10-27 16:06:00+02:00,0.018896
2017-10-27 16:07:00+02:00,0.020192
2017-10-27 16:08:00+02:00,0.021642
2017-10-27 16:09:00+02:00,0.02073
2017-10-27 16:10:00+02:00,0.021277
2017-10-27 16:11:00+02:00,0.019825
2017-10-27 16:12:00+02:00,0.019342
2017-10-27 16:13:00+02:00,0.019598
2017-10-27 16:14:00+02:00,0.018972
2017-10-27 16:15:00+02:00,0.018441
2017-10-27 16:16:00+02:00,0.01805
2017-10-27 16:17:00+02:00,0.018544
2017-10-27 16:18:00+02:00,0.018626
2017-10-27 16:19:00+02:00,0.019698
2017-10-27 16:20:00+02:00,0.018833
2017-10-27 16:21:00+02:00,0.018125
2017-10-27 16:22:00+02:00,0.018825
2017-10-27 16:23:00+02:00,0.022325
2017-10-27 16:24:00+02:00,0.022429
2017-10-27 16:25:00+02:00,0.022238
2017-10-27 16:26:00+02:00,0.02397
2017-10-27 16:27:00+02:00,0.019448
2017-10-27 16:28:00+02:00,0.019064
2017-10-27 16:29:00+02:00,0.017453
2017-10-27 16:30:00+02:00,0.017226
2017-10-27 16:31:00+02:00,0.017614
2017-10-27 16:32:00+02:00,0.018199
2017-10-27 16:33:00+02:00,0.01776
2017-10-27 16:34:00+02:00,0.017655
2017-10-27 16:35:00+02:00,0.017185
2017-10-27 16:36:00+02:00,0.019097
2017-10-27 16:37:00+02:00,0.02453
2017-10-27 16:38:00+02:00,0.025719
2017-10-27 16:39:00+02:00,0.025547
2017-10-27 16:40:00+02:00,0.025008
2017-10-27 16:41:00+02:00,0.026239
2017-10-27 16:42:00+02:00,0.027312
2017-10-27 16:43:00+02:00,0.027744
2017-10-27 16:44:00+02:00,0.028145
2017-10-27 16:45:00+02:00,0.021888
2017-10-27 16:46:00+02:00,0.022236
2017-10-27 16:47:00+02:00,0.020878
2017-10-27 16:48:00+02:00,0.021681
2017-10-27 16:49:00+02:00,0.021855
2017-10-27 16:50:00+02:00,0.021509
2017-10-27 16:51:00+02:00,0.020573
2017-10-27 16:52:00+02:00,0.021215
2017-10-27 16:53:00+02:00,0.027577
2017-10-27 16:54:00+02:00,0.027597
2017-10-27 16:55:00+02:00,0.028988
2017-10-27 16:56:00+02:00,0.024723
2017-10-27 16:57:00+02:00,0.019896
2017-10-27 16:58:00+02:00,0.020818
2017-10-27 16:59:00+02:00,0.022765
2017-10-27 17:00:00+02:00,0.022244
2017-10-27 17:01:00+02:00,0.02276
2017-10-27 17:02:00+02:00,0.023402
2017-10-27 17:03:00+02:00,0.023408
2017-10-27 17:04:00+02:00,0.024272
2017-10-27 17:05:00+02:00,0.023014
2017-10-27 17:06:00+02:00,0.024969
2017-10-27 17:07:00+02:00,0.026277
2017-10-27 17:08:00+02:00,0.026264
2017-10-27 17:09:00+02:00,0.025517
2017-10-27 17:10:00+02:00,0.025464
2017-10-27 17:11:00+02:00,0.026596
2017-10-27 17:12:00+02:00,0.026123
2017-10-27 17:13:00+02:00,0.025595
2017-10-27 17:14:00+02:00,0.025322
2017-10-27 17:15:00+02:00,0.027528
2017-10-27 17:16:00+02:00,0.027117
2017-10-27 17:17:00+02:00,0.024967
2017-10-27 17:18:00+02:00,0.025104
2017-10-27 17:19:00+02:00,0.026037
2017-10-27 17:20:00+02:00,0.026521
2017-10-27 17:21:00+02:00,0.025251
2017-10-27 17:22:00+02:00,0.022562
2017-10-27 17:23:00+02:00,0.022483
2017-10-27 17:24:00+02:00,0.022793
2017-10-27 17:25:00+02:00,0.021393
2017-10-27 17:26:00+02:00,0.022556
2017-10-27 17:27:00+02:00,0.024565
2017-10-27 17:28:00+02:00,0.024535
2017-10-27 17:29:00+02:00,0.023937
2017-10-27 17:30:00+02:00,0.022649
2017-10-27 17:31:00+02:00,0.021779
2017-10-27 17:32:00+02:00,0.021717
2017-10-27 17:33:00+02:00,0.022752
2017-10-27 17:34:00+02:00,0.022608
2017-10-27 17:35:00+02:00,0.023023
2017-10-27 17:36:00+02:00,0.022955
2017-10-27 17:37:00+02:00,0.022899
2017-10-27 17:38:00+02:00,0.022371
2017-10-27 17:39:00+02:00,0.023487
2017-10-27 17:40:00+02:00,0.024194
2017-10-27 17:41:00+02:00,0.022572
2017-10-27 17:42:00+02:00,0.020859
2017-10-27 17:43:00+02:00,0.020012
2017-10-27 17:44:00+02:00,0.021308
2017-10-27 17:45:00+02:00,0.022942
2017-10-27 17:46:00+02:00,0.022392
2017-10-27 17:47:00+02:00,0.022469
2017-10-27 17:48:00+02:00,0.022348
2017-10-27 17:49:00+02:00,0.02227
2017-10-27 17:50:00+02:00,0.022315
2017-10-27 17:51:00+02:00,0.020843
2017-10-27 17:52:00+02:00,0.019297
2017-10-27 17:53:00+02:00,0.018947
2017-10-27 17:54:00+02:00,0.019303
2017-10-27 17:55:00+02:00,0.019962
2017-10-27 17:56:00+02:00,0.02015
2017-10-27 17:57:00+02:00,0.020327
2017-10-27 17:58:00+02:00,0.021846
2017-10-27 17:59:00+02:00,0.023008
2017-10-27 18:00:00+02:00,0.022322
2017-10-27 18:01:00+02:00,0.020619
2017-10-27 18:02:00+02:00,0.020168
2017-10-27 18:03:00+02:00,0.021728
2017-10-27 18:04:00+02:00,0.02226
2017-10-27 18:05:00+02:00,0.021863
2017-10-27 18:06:00+02:00,0.022622
2017-10-27 18:07:00+02:00,0.02248
2017-10-27 18:08:00+02:00,0.022917
2017-10-27 18:09:00+02:00,0.02305
2017-10-27 18:10:00+02:00,0.022595
2017-10-27 18:11:00+02:00,0.022151
2017-10-27 18:12:00+02:00,0.022842
2017-10-27 18:13:00+02:00,0.023274
2017-10-27 18:14:00+02:00,0.022953
2017-10-27 18:15:00+02:00,0.026233
2017-10-27 18:16:00+02:00,0.027217
2017-10-27 18:17:00+02:00,0.027056
2017-10-27 18:18:00+02:00,0.025651
2017-10-27 18:19:00+02:00,0.026239
2017-10-27 18:20:00+02:00,0.029191
2017-10-27 18:21:00+02:00,0.028816
2017-10-27 18:22:00+02:00,0.028206
2017-10-27 18:23:00+02:00,0.02864
2017-10-27 18:24:00+02:00,0.030354
2017-10-27 18:25:00+02:00,0.031432
2017-10-27 18:26:00+02:00,0.031275
2017-10-27 18:27:00+02:00,0.032243
2017-10-27 18:28:00+02:00,0.033256
2017-10-27 18:29:00+02:00,0.032817
2017-10-27 18:30:00+02:00,0.031979
2017-10-27 18:31:00+02:00,0.032383
2017-10-27 18:32:00+02:00,0.032889
2017-10-27 18:33:00+02:00,0.030661
2017-10-27 18:34:00+02:00,0.030197
2017-10-27 18:35:00+02:00,0.032026
2017-10-27 18:36:00+02:00,0.031739
2017-10-27 18:37:00+02:00,0.031389
2017-10-27 18:38:00+02:00,0.030593
2017-10-27 18:39:00+02:00,0.029932
2017-10-27 18:40:00+02:00,0.029617
2017-10-27 18:41:00+02:00,0.028298
2017-10-27 18:42:00+02:00,0.027649
2017-10-27 18:43:00+02:00,0.026447
2017-10-27 18:44:00+02:00,0.024478
2017-10-27 18:45:00+02:00,0.023694
2017-10-27 18:46:00+02:00,0.023513
2017-10-27 18:47:00+02:00,0.023824
2017-10-27 18:48:00+02:00,0.025016
2017-10-27 18:49:00+02:00,0.025199
2017-10-27 18:50:00+02:00,0.025141
2017-10-27 18:51:00+02:00,0.026144
2017-10-27 18:52:00+02:00,0.026333
2017-10-27 18:53:00+02:00,0.028069
2017-10-27 18:54:00+02:00,0.028769
2017-10-27 18:55:00+02:00,0.029414
2017-10-27 18:56:00+02:00,0.028678
2017-10-27 18:57:00+02:00,0.030439
2017-10-27 18:58:00+02:00,0.030683
2017-10-27 18:59:00+02:00,0.03035
2017-10-27 19:00:00+02:00,0.030793
2017-10-27 19:01:00+02:00,0.03026
2017-10-27 19:02:00+02:00,0.03006
2017-10-27 19:03:00+02:00,0.031373
2017-10-27 19:04:00+02:00,0.031723
2017-10-27 19:05:00+02:00,0.030181
2017-10-27 19:06:00+02:00,0.029304
2017-10-27 19:07:00+02:00,0.029384
2017-10-27 19:08:00+02:00,0.027997
2017-10-27 19:09:00+02:00,0.029776
2017-10-27 19:10:00+02:00,0.03088
2017-10-27 19:11:00+02:00,0.029975
2017-10-27 19:12:00+02:00,0.030088
2017-10-27 19:13:00+02:00,0.030141
2017-10-27 19:14:00+02:00,0.032215
2017-10-27 19:15:00+02:00,0.033913
2017-10-27 19:16:00+02:00,0.035796
2017-10-27 19:17:00+02:00,0.034956
2017-10-27 19:18:00+02:00,0.034112
2017-10-27 19:19:00+02:00,0.033813
2017-10-27 19:20:00+02:00,0.032749
2017-10-27 19:21:00+02:00,0.033627
2017-10-27 19:22:00+02:00,0.031913
2017-10-27 19:23:00+02:00,0.032411
2017-10-27 19:24:00+02:00,0.031304
2017-10-27 19:25:00+02:00,0.03392
2017-10-27 19:26:00+02:00,0.032043
2017-10-27 19:27:00+02:00,0.030912
2017-10-27 19:28:00+02:00,0.031604
2017-10-27 19:29:00+02:00,0.031234
2017-10-27 19:30:00+02:00,0.031466
2017-10-27 19:31:00+02:00,0.032404
2017-10-27 19:32:00+02:00,0.031505
2017-10-27 19:33:00+02:00,0.030233
2017-10-27 19:34:00+02:00,0.030117
2017-10-27 19:35:00+02:00,0.030381
2017-10-27 19:36:00+02:00,0.031208
2017-10-27 19:37:00+02:00,0.036842
2017-10-27 19:38:00+02:00,0.037271
2017-10-27 19:39:00+02:00,0.038634
2017-10-27 19:40:00+02:00,0.03848
2017-10-27 19:41:00+02:00,0.038432
2017-10-27 19:42:00+02:00,0.03883
2017-10-27 19:43:00+02:00,0.040108
2017-10-27 19:44:00+02:00,0.038814
2017-10-27 19:45:00+02:00,0.039535
2017-10-27 19:46:00+02:00,0.039521
2017-10-27 19:47:00+02:00,0.03798
2017-10-27 19:48:00+02:00,0.038561
2017-10-27 19:49:00+02:00,0.041144
2017-10-27 19:50:00+02:00,0.0406
2017-10-27 19:51:00+02:00,0.034683
2017-10-27 19:52:00+02:00,0.030685
2017-10-27 19:53:00+02:00,0.030857
2017-10-27 19:54:00+02:00,0.031941
2017-10-27 19:55:00+02:00,0.028427
2017-10-27 19:56:00+02:00,0.028205
2017-10-27 19:57:00+02:00,0.027647
2017-10-27 19:58:00+02:00,0.026256
2017-10-27 19:59:00+02:00,0.027047
2017-10-27 20:00:00+02:00,0.025543
2017-10-27 20:01:00+02:00,0.025143
2017-10-27 20:02:00+02:00,0.027553
2017-10-27 20:03:00+02:00,0.028748
2017-10-27 20:04:00+02:00,0.028319
2017-10-27 20:05:00+02:00,0.035449
2017-10-27 20:06:00+02:00,0.037437
2017-10-27 20:07:00+02:00,0.039086
2017-10-27 20:08:00+02:00,0.040198
2017-10-27 20:09:00+02:00,0.039235
2017-10-27 20:10:00+02:00,0.037065
2017-10-27 20:11:00+02:00,0.035941
2017-10-27 20:12:00+02:00,0.034268
2017-10-27 20:13:00+02:00,0.03455
2017-10-27 20:14:00+02:00,0.034853
2017-10-27 20:15:00+02:00,0.030467
2017-10-27 20:16:00+02:00,0.031079
2017-10-27 20:17:00+02:00,0.03055
2017-10-27 20:18:00+02:00,0.030966
2017-10-27 20:19:00+02:00,0.033032
2017-10-27 20:20:00+02:00,0.03075
2017-10-27 20:21:00+02:00,0.030575
2017-10-27 20:22:00+02:00,0.029347
2017-10-27 20:23:00+02:00,0.030086
2017-10-27 20:24:00+02:00,0.030387
2017-10-27 20:25:00+02:00,0.029694
2017-10-27 20:26:00+02:00,0.030625
2017-10-27 20:27:00+02:00,0.031618
2017-10-27 20:28:00+02:00,0.030997
2017-10-27 20:29:00+02:00,0.030438
2017-10-27 20:30:00+02:00,0.029157
2017-10-27 20:31:00+02:00,0.030466
2017-10-27 20:32:00+02:00,0.031997
2017-10-27 20:33:00+02:00,0.032863
2017-10-27 20:34:00+02:00,0.031571
2017-10-27 20:35:00+02:00,0.030537
2017-10-27 20:36:00+02:00,0.030353
2017-10-27 20:37:00+02:00,0.03747
2017-10-27 20:38:00+02:00,0.041982
2017-10-27 20:39:00+02:00,0.043205
2017-10-27 20:40:00+02:00,0.044947
2017-10-27 20:41:00+02:00,0.044899
2017-10-27 20:42:00+02:00,0.044467
2017-10-27 20:43:00+02:00,0.043135
2017-10-27 20:44:00+02:00,0.043904
2017-10-27 20:45:00+02:00,0.041456
2017-10-27 20:46:00+02:00,0.037444
2017-10-27 20:47:00+02:00,0.038356
2017-10-27 20:48:00+02:00,0.03856
2017-10-27 20:49:00+02:00,0.039127
2017-10-27 20:50:00+02:00,0.038382
2017-10-27 20:51:00+02:00,0.037636
2017-10-27 20:52:00+02:00,0.03775
2017-10-27 20:53:00+02:00,0.037321
2017-10-27 20:54:00+02:00,0.038783
2017-10-27 20:55:00+02:00,0.037885
2017-10-27 20:56:00+02:00,0.035447
2017-10-27 20:57:00+02:00,0.036503
2017-10-27 20:58:00+02:00,0.03544
2017-10-27 20:59:00+02:00,0.035162
2017-10-27 21:00:00+02:00,0.035459
2017-10-27 21:01:00+02:00,0.034709
2017-10-27 21:02:00+02:00,0.034203
2017-10-27 21:03:00+02:00,0.035231
2017-10-27 21:04:00+02:00,0.035212
2017-10-27 21:05:00+02:00,0.036622
2017-10-27 21:06:00+02:00,0.037476
2017-10-27 21:07:00+02:00,0.03766
2017-10-27 21:08:00+02:00,0.035583
2017-10-27 21:09:00+02:00,0.034856
2017-10-27 21:10:00+02:00,0.034567
2017-10-27 21:11:00+02:00,0.035577
2017-10-27 21:12:00+02:00,0.034727
2017-10-27 21:13:00+02:00,0.034613
2017-10-27 21:14:00+02:00,0.032907
2017-10-27 21:15:00+02:00,0.035961
2017-10-27 21:16:00+02:00,0.034888
2017-10-27 21:17:00+02:00,0.035846
2017-10-27 21:18:00+02:00,0.036717
2017-10-27 21:19:00+02:00,0.038753
2017-10-27 21:20:00+02:00,0.035792
2017-10-27 21:21:00+02:00,0.035263
2017-10-27 21:22:00+02:00,0.037277
2017-10-27 21:23:00+02:00,0.036317
2017-10-27 21:24:00+02:00,0.037041
2017-10-27 21:25:00+02:00,0.037492
2017-10-27 21:26:00+02:00,0.036419
2017-10-27 21:27:00+02:00,0.035891
2017-10-27 21:28:00+02:00,0.035452
2017-10-27 21:29:00+02:00,0.033666
2017-10-27 21:30:00+02:00,0.03414
2017-10-27 21:31:00+02:00,0.034379
2017-10-27 21:32:00+02:00,0.032165
2017-10-27 21:33:00+02:00,0.031974
2017-10-27 21:34:00+02:00,0.032967
2017-10-27 21:35:00+02:00,0.030429
2017-10-27 21:36:00+02:00,0.028723
2017-10-27 21:37:00+02:00,0.030889
2017-10-27 21:38:00+02:00,0.035021
2017-10-27 21:39:00+02:00,0.037499
2017-10-27 21:40:00+02:00,0.037283
2017-10-27 21:41:00+02:00,0.036994
2017-10-27 21:42:00+02:00,0.038123
2017-10-27 21:43:00+02:00,0.037537
2017-10-27 21:44:00+02:00,0.033401
2017-10-27 21:45:00+02:00,0.034117
2017-10-27 21:46:00+02:00,0.030364
2017-10-27 21:47:00+02:00,0.02976
2017-10-27 21:48:00+02:00,0.030048
2017-10-27 21:49:00+02:00,0.031036
2017-10-27 21:50:00+02:00,0.031929
2017-10-27 21:51:00+02:00,0.032253
2017-10-27 21:52:00+02:00,0.030688
2017-10-27 21:53:00+02:00,0.030906
2017-10-27 21:54:00+02:00,0.031128
2017-10-27 21:55:00+02:00,0.031044
2017-10-27 21:56:00+02:00,0.03096
2017-10-27 21:57:00+02:00,0.031655
2017-10-27 21:58:00+02:00,0.031227
2017-10-27 21:59:00+02:00,0.031441
2017-10-27 22:00:00+02:00,0.03238
2017-10-27 22:01:00+02:00,0.030272
2017-10-27 22:02:00+02:00,0.031402
2017-10-27 22:03:00+02:00,0.032031
2017-10-27 22:04:00+02:00,0.032429
2017-10-27 22:05:00+02:00,0.031896
2017-10-27 22:06:00+02:00,0.031771
2017-10-27 22:07:00+02:00,0.0312
2017-10-27 22:08:00+02:00,0.031672
2017-10-27 22:09:00+02:00,0.032473
2017-10-27 22:10:00+02:00,0.030953
2017-10-27 22:11:00+02:00,0.029745
2017-10-27 22:12:00+02:00,0.02968
2017-10-27 22:13:00+02:00,0.029713
2017-10-27 22:14:00+02:00,0.028067
2017-10-27 22:15:00+02:00,0.025546
2017-10-27 22:16:00+02:00,0.026162
2017-10-27 22:17:00+02:00,0.02535
2017-10-27 22:18:00+02:00,0.023765
2017-10-27 22:19:00+02:00,0.023893
2017-10-27 22:20:00+02:00,0.02277
2017-10-27 22:21:00+02:00,0.022811
2017-10-27 22:22:00+02:00,0.022874
2017-10-27 22:23:00+02:00,0.022546
2017-10-27 22:24:00+02:00,0.02352
2017-10-27 22:25:00+02:00,0.033131
2017-10-27 22:26:00+02:00,0.032298
2017-10-27 22:27:00+02:00,0.029548
2017-10-27 22:28:00+02:00,0.029531
2017-10-27 22:29:00+02:00,0.030184
2017-10-27 22:30:00+02:00,0.03038
2017-10-27 22:31:00+02:00,0.030359
2017-10-27 22:32:00+02:00,0.025519
2017-10-27 22:33:00+02:00,0.02399
2017-10-27 22:34:00+02:00,0.023629
2017-10-27 22:35:00+02:00,0.023654
2017-10-27 22:36:00+02:00,0.023825
2017-10-27 22:37:00+02:00,0.024745
2017-10-27 22:38:00+02:00,0.025612
2017-10-27 22:39:00+02:00,0.026488
2017-10-27 22:40:00+02:00,0.029903
2017-10-27 22:41:00+02:00,0.028164
2017-10-27 22:42:00+02:00,0.03073
2017-10-27 22:43:00+02:00,0.030503
2017-10-27 22:44:00+02:00,0.030383
2017-10-27 22:45:00+02:00,0.029299
2017-10-27 22:46:00+02:00,0.02817
2017-10-27 22:47:00+02:00,0.024328
2017-10-27 22:48:00+02:00,0.025809
2017-10-27 22:49:00+02:00,0.026186
2017-10-27 22:50:00+02:00,0.028966
2017-10-27 22:51:00+02:00,0.026908
2017-10-27 22:52:00+02:00,0.026293
2017-10-27 22:53:00+02:00,0.026629
2017-10-27 22:54:00+02:00,0.026171
2017-10-27 22:55:00+02:00,0.027785
2017-10-27 22:56:00+02:00,0.026535
2017-10-27 22:57:00+02:00,0.026602
2017-10-27 22:58:00+02:00,0.026046
2017-10-27 22:59:00+02:00,0.025833
2017-10-27 23:00:00+02:00,0.026395
2017-10-27 23:01:00+02:00,0.025704
2017-10-27 23:02:00+02:00,0.025104
2017-10-27 23:03:00+02:00,0.027326
2017-10-27 23:04:00+02:00,0.026394
2017-10-27 23:05:00+02:00,0.025119
2017-10-27 23:06:00+02:00,0.023448
2017-10-27 23:07:00+02:00,0.021093
2017-10-27 23:08:00+02:00,0.021175
2017-10-27 23:09:00+02:00,0.021629
2017-10-27 23:10:00+02:00,0.021055
2017-10-27 23:11:00+02:00,0.020878
2017-10-27 23:12:00+02:00,0.019528
2017-10-27 23:13:00+02:00,0.019645
2017-10-27 23:14:00+02:00,0.019165
2017-10-27 23:15:00+02:00,0.018637
2017-10-27 23:16:00+02:00,0.018343
2017-10-27 23:17:00+02:00,0.019085
2017-10-27 23:18:00+02:00,0.018693
2017-10-27 23:19:00+02:00,0.019112
2017-10-27 23:20:00+02:00,0.020547
2017-10-27 23:21:00+02:00,0.025832
2017-10-27 23:22:00+02:00,0.022636
2017-10-27 23:23:00+02:00,0.024687
2017-10-27 23:24:00+02:00,0.025905
2017-10-27 23:25:00+02:00,0.026932
2017-10-27 23:26:00+02:00,0.024499
2017-10-27 23:27:00+02:00,0.0269
2017-10-27 23:28:00+02:00,0.027153
2017-10-27 23:29:00+02:00,0.026053
2017-10-27 23:30:00+02:00,0.026864
2017-10-27 23:31:00+02:00,0.029286
2017-10-27 23:32:00+02:00,0.021543
2017-10-27 23:33:00+02:00,0.02074
2017-10-27 23:34:00+02:00,0.020317
2017-10-27 23:35:00+02:00,0.01897
2017-10-27 23:36:00+02:00,0.017478
2017-10-27 23:37:00+02:00,0.016297
2017-10-27 23:38:00+02:00,0.017016
2017-10-27 23:39:00+02:00,0.017868
2017-10-27 23:40:00+02:00,0.016542
2017-10-27 23:41:00+02:00,0.01502
2017-10-27 23:42:00+02:00,0.013168
2017-10-27 23:43:00+02:00,0.012152
2017-10-27 23:44:00+02:00,0.016601
2017-10-27 23:45:00+02:00,0.013006
2017-10-27 23:46:00+02:00,0.01201
2017-10-27 23:47:00+02:00,0.012161
2017-10-27 23:48:00+02:00,0.011733
2017-10-27 23:49:00+02:00,0.011986
2017-10-27 23:50:00+02:00,0.011749
2017-10-27 23:51:00+02:00,0.011636
2017-10-27 23:52:00+02:00,0.012488
2017-10-27 23:53:00+02:00,0.012275
2017-10-27 23:54:00+02:00,0.01088
2017-10-27 23:55:00+02:00,0.010398
2017-10-27 23:56:00+02:00,0.010078
2017-10-27 23:57:00+02:00,0.010289
2017-10-27 23:58:00+02:00,0.011333
2017-10-27 23:59:00+02:00,0.01234
2017-10-28 00:00:00+02:00,0.012148
