timestamp,0
2017-05-26 00:00:00+02:00,0.005403
2017-05-26 00:01:00+02:00,0.005128
2017-05-26 00:02:00+02:00,0.004612
2017-05-26 00:03:00+02:00,0.005375
2017-05-26 00:04:00+02:00,0.005292
2017-05-26 00:05:00+02:00,0.006144
2017-05-26 00:06:00+02:00,0.0065
2017-05-26 00:07:00+02:00,0.007933
2017-05-26 00:08:00+02:00,0.008441
2017-05-26 00:09:00+02:00,0.007591
2017-05-26 00:10:00+02:00,0.010262
2017-05-26 00:11:00+02:00,0.008967
2017-05-26 00:12:00+02:00,0.008954
2017-05-26 00:13:00+02:00,0.009107
2017-05-26 00:14:00+02:00,0.008794
2017-05-26 00:15:00+02:00,0.009052
2017-05-26 00:16:00+02:00,0.008734
2017-05-26 00:17:00+02:00,0.008562
2017-05-26 00:18:00+02:00,0.008392
2017-05-26 00:19:00+02:00,0.008588
2017-05-26 00:20:00+02:00,0.008309
2017-05-26 00:21:00+02:00,0.008015
2017-05-26 00:22:00+02:00,0.007862
2017-05-26 00:23:00+02:00,0.007343
2017-05-26 00:24:00+02:00,0.007033
2017-05-26 00:25:00+02:00,0.007191
2017-05-26 00:26:00+02:00,0.007512
2017-05-26 00:27:00+02:00,0.004834
2017-05-26 00:28:00+02:00,0.004557
2017-05-26 00:29:00+02:00,0.005809
2017-05-26 00:30:00+02:00,0.00702
2017-05-26 00:31:00+02:00,0.006557
2017-05-26 00:32:00+02:00,0.00657
2017-05-26 00:33:00+02:00,0.006001
2017-05-26 00:34:00+02:00,0.004935
2017-05-26 00:35:00+02:00,0.004722
2017-05-26 00:36:00+02:00,0.005103
2017-05-26 00:37:00+02:00,0.005479
2017-05-26 00:38:00+02:00,0.005617
2017-05-26 00:39:00+02:00,0.006591
2017-05-26 00:40:00+02:00,0.00638
2017-05-26 00:41:00+02:00,0.003979
2017-05-26 00:42:00+02:00,0.003695
2017-05-26 00:43:00+02:00,0.003277
2017-05-26 00:44:00+02:00,0.003964
2017-05-26 00:45:00+02:00,0.004055
2017-05-26 00:46:00+02:00,0.003919
2017-05-26 00:47:00+02:00,0.004645
2017-05-26 00:48:00+02:00,0.004561
2017-05-26 00:49:00+02:00,0.004911
2017-05-26 00:50:00+02:00,0.006126
2017-05-26 00:51:00+02:00,0.004479
2017-05-26 00:52:00+02:00,0.003472
2017-05-26 00:53:00+02:00,0.004376
2017-05-26 00:54:00+02:00,0.004945
2017-05-26 00:55:00+02:00,0.004509
2017-05-26 00:56:00+02:00,0.005077
2017-05-26 00:57:00+02:00,0.003815
2017-05-26 00:58:00+02:00,0.003667
2017-05-26 00:59:00+02:00,0.003073
2017-05-26 01:00:00+02:00,0.003327
2017-05-26 01:01:00+02:00,0.00407
2017-05-26 01:02:00+02:00,0.004571
2017-05-26 01:03:00+02:00,0.005022
2017-05-26 01:04:00+02:00,0.008523
2017-05-26 01:05:00+02:00,0.009007
2017-05-26 01:06:00+02:00,0.007851
2017-05-26 01:07:00+02:00,0.007909
2017-05-26 01:08:00+02:00,0.00794
2017-05-26 01:09:00+02:00,0.009376
2017-05-26 01:10:00+02:00,0.011323
2017-05-26 01:11:00+02:00,0.010426
2017-05-26 01:12:00+02:00,0.008755
2017-05-26 01:13:00+02:00,0.010181
2017-05-26 01:14:00+02:00,0.009033
2017-05-26 01:15:00+02:00,0.007501
2017-05-26 01:16:00+02:00,0.006936
2017-05-26 01:17:00+02:00,0.006718
2017-05-26 01:18:00+02:00,0.006842
2017-05-26 01:19:00+02:00,0.005986
2017-05-26 01:20:00+02:00,0.005959
2017-05-26 01:21:00+02:00,0.006202
2017-05-26 01:22:00+02:00,0.005598
2017-05-26 01:23:00+02:00,0.006277
2017-05-26 01:24:00+02:00,0.007009
2017-05-26 01:25:00+02:00,0.007085
2017-05-26 01:26:00+02:00,0.006673
2017-05-26 01:27:00+02:00,0.006475
2017-05-26 01:28:00+02:00,0.005821
2017-05-26 01:29:00+02:00,0.006513
2017-05-26 01:30:00+02:00,0.005608
2017-05-26 01:31:00+02:00,0.004751
2017-05-26 01:32:00+02:00,0.003653
2017-05-26 01:33:00+02:00,0.003982
2017-05-26 01:34:00+02:00,0.003918
2017-05-26 01:35:00+02:00,0.003984
2017-05-26 01:36:00+02:00,0.003453
2017-05-26 01:37:00+02:00,0.002556
2017-05-26 01:38:00+02:00,0.001835
2017-05-26 01:39:00+02:00,0.002049
2017-05-26 01:40:00+02:00,0.003332
2017-05-26 01:41:00+02:00,0.004374
2017-05-26 01:42:00+02:00,0.005613
2017-05-26 01:43:00+02:00,0.005587
2017-05-26 01:44:00+02:00,0.004275
2017-05-26 01:45:00+02:00,0.004281
2017-05-26 01:46:00+02:00,0.003222
2017-05-26 01:47:00+02:00,0.002029
2017-05-26 01:48:00+02:00,0.001586
2017-05-26 01:49:00+02:00,0.001476
2017-05-26 01:50:00+02:00,0.0015
2017-05-26 01:51:00+02:00,0.00156
2017-05-26 01:52:00+02:00,0.002802
2017-05-26 01:53:00+02:00,0.003194
2017-05-26 01:54:00+02:00,0.002588
2017-05-26 01:55:00+02:00,0.002043
2017-05-26 01:56:00+02:00,0.001702
2017-05-26 01:57:00+02:00,0.001086
2017-05-26 01:58:00+02:00,0.001784
2017-05-26 01:59:00+02:00,0.002255
2017-05-26 02:00:00+02:00,0.003007
2017-05-26 02:01:00+02:00,0.003441
2017-05-26 02:02:00+02:00,0.00339
2017-05-26 02:03:00+02:00,0.003258
2017-05-26 02:04:00+02:00,0.003801
2017-05-26 02:05:00+02:00,0.00414
2017-05-26 02:06:00+02:00,0.004924
2017-05-26 02:07:00+02:00,0.004355
2017-05-26 02:08:00+02:00,0.003684
2017-05-26 02:09:00+02:00,0.003786
2017-05-26 02:10:00+02:00,0.00429
2017-05-26 02:11:00+02:00,0.004052
2017-05-26 02:12:00+02:00,0.00451
2017-05-26 02:13:00+02:00,0.004727
2017-05-26 02:14:00+02:00,0.005361
2017-05-26 02:15:00+02:00,0.00514
2017-05-26 02:16:00+02:00,0.00526
2017-05-26 02:17:00+02:00,0.005136
2017-05-26 02:18:00+02:00,0.004904
2017-05-26 02:19:00+02:00,0.004498
2017-05-26 02:20:00+02:00,0.005486
2017-05-26 02:21:00+02:00,0.004599
2017-05-26 02:22:00+02:00,0.004085
2017-05-26 02:23:00+02:00,0.004424
2017-05-26 02:24:00+02:00,0.00457
2017-05-26 02:25:00+02:00,0.003687
2017-05-26 02:26:00+02:00,0.003107
2017-05-26 02:27:00+02:00,0.002732
2017-05-26 02:28:00+02:00,0.002609
2017-05-26 02:29:00+02:00,0.002846
2017-05-26 02:30:00+02:00,0.002422
2017-05-26 02:31:00+02:00,0.002698
2017-05-26 02:32:00+02:00,0.003045
2017-05-26 02:33:00+02:00,0.002431
2017-05-26 02:34:00+02:00,0.003223
2017-05-26 02:35:00+02:00,0.003784
2017-05-26 02:36:00+02:00,0.004137
2017-05-26 02:37:00+02:00,0.004288
2017-05-26 02:38:00+02:00,0.003828
2017-05-26 02:39:00+02:00,0.003527
2017-05-26 02:40:00+02:00,0.003415
2017-05-26 02:41:00+02:00,0.003805
2017-05-26 02:42:00+02:00,0.003907
2017-05-26 02:43:00+02:00,0.004249
2017-05-26 02:44:00+02:00,0.002903
2017-05-26 02:45:00+02:00,0.002828
2017-05-26 02:46:00+02:00,0.003066
2017-05-26 02:47:00+02:00,0.002805
2017-05-26 02:48:00+02:00,0.002513
2017-05-26 02:49:00+02:00,0.001941
2017-05-26 02:50:00+02:00,0.002321
2017-05-26 02:51:00+02:00,0.001976
2017-05-26 02:52:00+02:00,0.002351
2017-05-26 02:53:00+02:00,0.002965
2017-05-26 02:54:00+02:00,0.00288
2017-05-26 02:55:00+02:00,0.002805
2017-05-26 02:56:00+02:00,0.00188
2017-05-26 02:57:00+02:00,0.001742
2017-05-26 02:58:00+02:00,0.002382
2017-05-26 02:59:00+02:00,0.002565
2017-05-26 03:00:00+02:00,0.002546
2017-05-26 03:01:00+02:00,0.002484
2017-05-26 03:02:00+02:00,0.002465
2017-05-26 03:03:00+02:00,0.002761
2017-05-26 03:04:00+02:00,0.002561
2017-05-26 03:05:00+02:00,0.002624
2017-05-26 03:06:00+02:00,0.003184
2017-05-26 03:07:00+02:00,0.00324
2017-05-26 03:08:00+02:00,0.002979
2017-05-26 03:09:00+02:00,0.00313
2017-05-26 03:10:00+02:00,0.002935
2017-05-26 03:11:00+02:00,0.003846
2017-05-26 03:12:00+02:00,0.003633
2017-05-26 03:13:00+02:00,0.002938
2017-05-26 03:14:00+02:00,0.002506
2017-05-26 03:15:00+02:00,0.002549
2017-05-26 03:16:00+02:00,0.002677
2017-05-26 03:17:00+02:00,0.002535
2017-05-26 03:18:00+02:00,0.002469
2017-05-26 03:19:00+02:00,0.002963
2017-05-26 03:20:00+02:00,0.003255
2017-05-26 03:21:00+02:00,0.003936
2017-05-26 03:22:00+02:00,0.004819
2017-05-26 03:23:00+02:00,0.004669
2017-05-26 03:24:00+02:00,0.004099
2017-05-26 03:25:00+02:00,0.004395
2017-05-26 03:26:00+02:00,0.004262
2017-05-26 03:27:00+02:00,0.003836
2017-05-26 03:28:00+02:00,0.003406
2017-05-26 03:29:00+02:00,0.00422
2017-05-26 03:30:00+02:00,0.004335
2017-05-26 03:31:00+02:00,0.003588
2017-05-26 03:32:00+02:00,0.003198
2017-05-26 03:33:00+02:00,0.002668
2017-05-26 03:34:00+02:00,0.002545
2017-05-26 03:35:00+02:00,0.002776
2017-05-26 03:36:00+02:00,0.00275
2017-05-26 03:37:00+02:00,0.003141
2017-05-26 03:38:00+02:00,0.002936
2017-05-26 03:39:00+02:00,0.002276
2017-05-26 03:40:00+02:00,0.002073
2017-05-26 03:41:00+02:00,0.002558
2017-05-26 03:42:00+02:00,0.002677
2017-05-26 03:43:00+02:00,0.003091
2017-05-26 03:44:00+02:00,0.003025
2017-05-26 03:45:00+02:00,0.003189
2017-05-26 03:46:00+02:00,0.00432
2017-05-26 03:47:00+02:00,0.003616
2017-05-26 03:48:00+02:00,0.003622
2017-05-26 03:49:00+02:00,0.003102
2017-05-26 03:50:00+02:00,0.002763
2017-05-26 03:51:00+02:00,0.002978
2017-05-26 03:52:00+02:00,0.003148
2017-05-26 03:53:00+02:00,0.003303
2017-05-26 03:54:00+02:00,0.003291
2017-05-26 03:55:00+02:00,0.00401
2017-05-26 03:56:00+02:00,0.005152
2017-05-26 03:57:00+02:00,0.005308
2017-05-26 03:58:00+02:00,0.004838
2017-05-26 03:59:00+02:00,0.005102
2017-05-26 04:00:00+02:00,0.005059
2017-05-26 04:01:00+02:00,0.005447
2017-05-26 04:02:00+02:00,0.004331
2017-05-26 04:03:00+02:00,0.004296
2017-05-26 04:04:00+02:00,0.004444
2017-05-26 04:05:00+02:00,0.004259
2017-05-26 04:06:00+02:00,0.004638
2017-05-26 04:07:00+02:00,0.002841
2017-05-26 04:08:00+02:00,0.002874
2017-05-26 04:09:00+02:00,0.002052
2017-05-26 04:10:00+02:00,0.001662
2017-05-26 04:11:00+02:00,0.000769
2017-05-26 04:12:00+02:00,0.001297
2017-05-26 04:13:00+02:00,0.001212
2017-05-26 04:14:00+02:00,0.000746
2017-05-26 04:15:00+02:00,0.001121
2017-05-26 04:16:00+02:00,0.00162
2017-05-26 04:17:00+02:00,0.002795
2017-05-26 04:18:00+02:00,0.002648
2017-05-26 04:19:00+02:00,0.002934
2017-05-26 04:20:00+02:00,0.003172
2017-05-26 04:21:00+02:00,0.003283
2017-05-26 04:22:00+02:00,0.003847
2017-05-26 04:23:00+02:00,0.003549
2017-05-26 04:24:00+02:00,0.003518
2017-05-26 04:25:00+02:00,0.00359
2017-05-26 04:26:00+02:00,0.004736
2017-05-26 04:27:00+02:00,0.004364
2017-05-26 04:28:00+02:00,0.004162
2017-05-26 04:29:00+02:00,0.00383
2017-05-26 04:30:00+02:00,0.004604
2017-05-26 04:31:00+02:00,0.004258
2017-05-26 04:32:00+02:00,0.004855
2017-05-26 04:33:00+02:00,0.005179
2017-05-26 04:34:00+02:00,0.004666
2017-05-26 04:35:00+02:00,0.004183
2017-05-26 04:36:00+02:00,0.004371
2017-05-26 04:37:00+02:00,0.004769
2017-05-26 04:38:00+02:00,0.004605
2017-05-26 04:39:00+02:00,0.004534
2017-05-26 04:40:00+02:00,0.004221
2017-05-26 04:41:00+02:00,0.004019
2017-05-26 04:42:00+02:00,0.003703
2017-05-26 04:43:00+02:00,0.003389
2017-05-26 04:44:00+02:00,0.003664
2017-05-26 04:45:00+02:00,0.002819
2017-05-26 04:46:00+02:00,0.003473
2017-05-26 04:47:00+02:00,0.004245
2017-05-26 04:48:00+02:00,0.004108
2017-05-26 04:49:00+02:00,0.003563
2017-05-26 04:50:00+02:00,0.003593
2017-05-26 04:51:00+02:00,0.00283
2017-05-26 04:52:00+02:00,0.002419
2017-05-26 04:53:00+02:00,0.002529
2017-05-26 04:54:00+02:00,0.002173
2017-05-26 04:55:00+02:00,0.002141
2017-05-26 04:56:00+02:00,0.00251
2017-05-26 04:57:00+02:00,0.002296
2017-05-26 04:58:00+02:00,0.002786
2017-05-26 04:59:00+02:00,0.003133
2017-05-26 05:00:00+02:00,0.003464
2017-05-26 05:01:00+02:00,0.003112
2017-05-26 05:02:00+02:00,0.004473
2017-05-26 05:03:00+02:00,0.002056
2017-05-26 05:04:00+02:00,0.002167
2017-05-26 05:05:00+02:00,0.003074
2017-05-26 05:06:00+02:00,0.003602
2017-05-26 05:07:00+02:00,0.003733
2017-05-26 05:08:00+02:00,0.004046
2017-05-26 05:09:00+02:00,0.004644
2017-05-26 05:10:00+02:00,0.00493
2017-05-26 05:11:00+02:00,0.004049
2017-05-26 05:12:00+02:00,0.004046
2017-05-26 05:13:00+02:00,0.004807
2017-05-26 05:14:00+02:00,0.004733
2017-05-26 05:15:00+02:00,0.003608
2017-05-26 05:16:00+02:00,0.003215
2017-05-26 05:17:00+02:00,0.003443
2017-05-26 05:18:00+02:00,0.003664
2017-05-26 05:19:00+02:00,0.004498
2017-05-26 05:20:00+02:00,0.00438
2017-05-26 05:21:00+02:00,0.003757
2017-05-26 05:22:00+02:00,0.005628
2017-05-26 05:23:00+02:00,0.006547
2017-05-26 05:24:00+02:00,0.006423
2017-05-26 05:25:00+02:00,0.006354
2017-05-26 05:26:00+02:00,0.007061
2017-05-26 05:27:00+02:00,0.006984
2017-05-26 05:28:00+02:00,0.007274
2017-05-26 05:29:00+02:00,0.007904
2017-05-26 05:30:00+02:00,0.008194
2017-05-26 05:31:00+02:00,0.008038
2017-05-26 05:32:00+02:00,0.007573
2017-05-26 05:33:00+02:00,0.007451
2017-05-26 05:34:00+02:00,0.0073
2017-05-26 05:35:00+02:00,0.007547
2017-05-26 05:36:00+02:00,0.006705
2017-05-26 05:37:00+02:00,0.006137
2017-05-26 05:38:00+02:00,0.006055
2017-05-26 05:39:00+02:00,0.006317
2017-05-26 05:40:00+02:00,0.006391
2017-05-26 05:41:00+02:00,0.006162
2017-05-26 05:42:00+02:00,0.006423
2017-05-26 05:43:00+02:00,0.006072
2017-05-26 05:44:00+02:00,0.006446
2017-05-26 05:45:00+02:00,0.00571
2017-05-26 05:46:00+02:00,0.005599
2017-05-26 05:47:00+02:00,0.006122
2017-05-26 05:48:00+02:00,0.006042
2017-05-26 05:49:00+02:00,0.005727
2017-05-26 05:50:00+02:00,0.005095
2017-05-26 05:51:00+02:00,0.004406
2017-05-26 05:52:00+02:00,0.003752
2017-05-26 05:53:00+02:00,0.004054
2017-05-26 05:54:00+02:00,0.004738
2017-05-26 05:55:00+02:00,0.005115
2017-05-26 05:56:00+02:00,0.005416
2017-05-26 05:57:00+02:00,0.005804
2017-05-26 05:58:00+02:00,0.006745
2017-05-26 05:59:00+02:00,0.007008
2017-05-26 06:00:00+02:00,0.008041
2017-05-26 06:01:00+02:00,0.00861
2017-05-26 06:02:00+02:00,0.009085
2017-05-26 06:03:00+02:00,0.008653
2017-05-26 06:04:00+02:00,0.008675
2017-05-26 06:05:00+02:00,0.00886
2017-05-26 06:06:00+02:00,0.008536
2017-05-26 06:07:00+02:00,0.008773
2017-05-26 06:08:00+02:00,0.007933
2017-05-26 06:09:00+02:00,0.008252
2017-05-26 06:10:00+02:00,0.008027
2017-05-26 06:11:00+02:00,0.008644
2017-05-26 06:12:00+02:00,0.008216
2017-05-26 06:13:00+02:00,0.007554
2017-05-26 06:14:00+02:00,0.00797
2017-05-26 06:15:00+02:00,0.008752
2017-05-26 06:16:00+02:00,0.010023
2017-05-26 06:17:00+02:00,0.01021
2017-05-26 06:18:00+02:00,0.010362
2017-05-26 06:19:00+02:00,0.009659
2017-05-26 06:20:00+02:00,0.009773
2017-05-26 06:21:00+02:00,0.009775
2017-05-26 06:22:00+02:00,0.009637
2017-05-26 06:23:00+02:00,0.010116
2017-05-26 06:24:00+02:00,0.012157
2017-05-26 06:25:00+02:00,0.011554
2017-05-26 06:26:00+02:00,0.010862
2017-05-26 06:27:00+02:00,0.011678
2017-05-26 06:28:00+02:00,0.011395
2017-05-26 06:29:00+02:00,0.01159
2017-05-26 06:30:00+02:00,0.010332
2017-05-26 06:31:00+02:00,0.009559
2017-05-26 06:32:00+02:00,0.009168
2017-05-26 06:33:00+02:00,0.008747
2017-05-26 06:34:00+02:00,0.010639
2017-05-26 06:35:00+02:00,0.009736
2017-05-26 06:36:00+02:00,0.009013
2017-05-26 06:37:00+02:00,0.00964
2017-05-26 06:38:00+02:00,0.010239
2017-05-26 06:39:00+02:00,0.00984
2017-05-26 06:40:00+02:00,0.009265
2017-05-26 06:41:00+02:00,0.009109
2017-05-26 06:42:00+02:00,0.009707
2017-05-26 06:43:00+02:00,0.00922
2017-05-26 06:44:00+02:00,0.010084
2017-05-26 06:45:00+02:00,0.011118
2017-05-26 06:46:00+02:00,0.011501
2017-05-26 06:47:00+02:00,0.012459
2017-05-26 06:48:00+02:00,0.013446
2017-05-26 06:49:00+02:00,0.011214
2017-05-26 06:50:00+02:00,0.010116
2017-05-26 06:51:00+02:00,0.010997
2017-05-26 06:52:00+02:00,0.013164
2017-05-26 06:53:00+02:00,0.013423
2017-05-26 06:54:00+02:00,0.013538
2017-05-26 06:55:00+02:00,0.012909
2017-05-26 06:56:00+02:00,0.012292
2017-05-26 06:57:00+02:00,0.01213
2017-05-26 06:58:00+02:00,0.012304
2017-05-26 06:59:00+02:00,0.013298
2017-05-26 07:00:00+02:00,0.013355
2017-05-26 07:01:00+02:00,0.017508
2017-05-26 07:02:00+02:00,0.022532
2017-05-26 07:03:00+02:00,0.022841
2017-05-26 07:04:00+02:00,0.022406
2017-05-26 07:05:00+02:00,0.021945
2017-05-26 07:06:00+02:00,0.021412
2017-05-26 07:07:00+02:00,0.014495
2017-05-26 07:08:00+02:00,0.013947
2017-05-26 07:09:00+02:00,0.014286
2017-05-26 07:10:00+02:00,0.014563
2017-05-26 07:11:00+02:00,0.014675
2017-05-26 07:12:00+02:00,0.014231
2017-05-26 07:13:00+02:00,0.014233
2017-05-26 07:14:00+02:00,0.013295
2017-05-26 07:15:00+02:00,0.013059
2017-05-26 07:16:00+02:00,0.010592
2017-05-26 07:17:00+02:00,0.01054
2017-05-26 07:18:00+02:00,0.01036
2017-05-26 07:19:00+02:00,0.010533
2017-05-26 07:20:00+02:00,0.011371
2017-05-26 07:21:00+02:00,0.010286
2017-05-26 07:22:00+02:00,0.011096
2017-05-26 07:23:00+02:00,0.011744
2017-05-26 07:24:00+02:00,0.011386
2017-05-26 07:25:00+02:00,0.009911
2017-05-26 07:26:00+02:00,0.009012
2017-05-26 07:27:00+02:00,0.009338
2017-05-26 07:28:00+02:00,0.009546
2017-05-26 07:29:00+02:00,0.009598
2017-05-26 07:30:00+02:00,0.010934
2017-05-26 07:31:00+02:00,0.011209
2017-05-26 07:32:00+02:00,0.010272
2017-05-26 07:33:00+02:00,0.011999
2017-05-26 07:34:00+02:00,0.013653
2017-05-26 07:35:00+02:00,0.012354
2017-05-26 07:36:00+02:00,0.011381
2017-05-26 07:37:00+02:00,0.012137
2017-05-26 07:38:00+02:00,0.012442
2017-05-26 07:39:00+02:00,0.014643
2017-05-26 07:40:00+02:00,0.014481
2017-05-26 07:41:00+02:00,0.014036
2017-05-26 07:42:00+02:00,0.013774
2017-05-26 07:43:00+02:00,0.014307
2017-05-26 07:44:00+02:00,0.015353
2017-05-26 07:45:00+02:00,0.011994
2017-05-26 07:46:00+02:00,0.009273
2017-05-26 07:47:00+02:00,0.010168
2017-05-26 07:48:00+02:00,0.009728
2017-05-26 07:49:00+02:00,0.009198
2017-05-26 07:50:00+02:00,0.009803
2017-05-26 07:51:00+02:00,0.009033
2017-05-26 07:52:00+02:00,0.009347
2017-05-26 07:53:00+02:00,0.011443
2017-05-26 07:54:00+02:00,0.012382
2017-05-26 07:55:00+02:00,0.012523
2017-05-26 07:56:00+02:00,0.012867
2017-05-26 07:57:00+02:00,0.014535
2017-05-26 07:58:00+02:00,0.013771
2017-05-26 07:59:00+02:00,0.013831
2017-05-26 08:00:00+02:00,0.013804
2017-05-26 08:01:00+02:00,0.01416
2017-05-26 08:02:00+02:00,0.014116
2017-05-26 08:03:00+02:00,0.013695
2017-05-26 08:04:00+02:00,0.013893
2017-05-26 08:05:00+02:00,0.014644
2017-05-26 08:06:00+02:00,0.016055
2017-05-26 08:07:00+02:00,0.022024
2017-05-26 08:08:00+02:00,0.019828
2017-05-26 08:09:00+02:00,0.018844
2017-05-26 08:10:00+02:00,0.018307
2017-05-26 08:11:00+02:00,0.018118
2017-05-26 08:12:00+02:00,0.017368
2017-05-26 08:13:00+02:00,0.017189
2017-05-26 08:14:00+02:00,0.017249
2017-05-26 08:15:00+02:00,0.015881
2017-05-26 08:16:00+02:00,0.015489
2017-05-26 08:17:00+02:00,0.015278
2017-05-26 08:18:00+02:00,0.01513
2017-05-26 08:19:00+02:00,0.016264
2017-05-26 08:20:00+02:00,0.015107
2017-05-26 08:21:00+02:00,0.015154
2017-05-26 08:22:00+02:00,0.010325
2017-05-26 08:23:00+02:00,0.009693
2017-05-26 08:24:00+02:00,0.012212
2017-05-26 08:25:00+02:00,0.016189
2017-05-26 08:26:00+02:00,0.015759
2017-05-26 08:27:00+02:00,0.010963
2017-05-26 08:28:00+02:00,0.010831
2017-05-26 08:29:00+02:00,0.011058
2017-05-26 08:30:00+02:00,0.01133
2017-05-26 08:31:00+02:00,0.01151
2017-05-26 08:32:00+02:00,0.011852
2017-05-26 08:33:00+02:00,0.011153
2017-05-26 08:34:00+02:00,0.012597
2017-05-26 08:35:00+02:00,0.011859
2017-05-26 08:36:00+02:00,0.011227
2017-05-26 08:37:00+02:00,0.012152
2017-05-26 08:38:00+02:00,0.015335
2017-05-26 08:39:00+02:00,0.015284
2017-05-26 08:40:00+02:00,0.015156
2017-05-26 08:41:00+02:00,0.014899
2017-05-26 08:42:00+02:00,0.014487
2017-05-26 08:43:00+02:00,0.014516
2017-05-26 08:44:00+02:00,0.0139
2017-05-26 08:45:00+02:00,0.013817
2017-05-26 08:46:00+02:00,0.013775
2017-05-26 08:47:00+02:00,0.012568
2017-05-26 08:48:00+02:00,0.012492
2017-05-26 08:49:00+02:00,0.011925
2017-05-26 08:50:00+02:00,0.011357
2017-05-26 08:51:00+02:00,0.010493
2017-05-26 08:52:00+02:00,0.010391
2017-05-26 08:53:00+02:00,0.010167
2017-05-26 08:54:00+02:00,0.010242
2017-05-26 08:55:00+02:00,0.008589
2017-05-26 08:56:00+02:00,0.009282
2017-05-26 08:57:00+02:00,0.008849
2017-05-26 08:58:00+02:00,0.008969
2017-05-26 08:59:00+02:00,0.009537
2017-05-26 09:00:00+02:00,0.010397
2017-05-26 09:01:00+02:00,0.010222
2017-05-26 09:02:00+02:00,0.010291
2017-05-26 09:03:00+02:00,0.010463
2017-05-26 09:04:00+02:00,0.010176
2017-05-26 09:05:00+02:00,0.010841
2017-05-26 09:06:00+02:00,0.010702
2017-05-26 09:07:00+02:00,0.010316
2017-05-26 09:08:00+02:00,0.010674
2017-05-26 09:09:00+02:00,0.012594
2017-05-26 09:10:00+02:00,0.011374
2017-05-26 09:11:00+02:00,0.01043
2017-05-26 09:12:00+02:00,0.011122
2017-05-26 09:13:00+02:00,0.0111
2017-05-26 09:14:00+02:00,0.010828
2017-05-26 09:15:00+02:00,0.010948
2017-05-26 09:16:00+02:00,0.011731
2017-05-26 09:17:00+02:00,0.01206
2017-05-26 09:18:00+02:00,0.011479
2017-05-26 09:19:00+02:00,0.011586
2017-05-26 09:20:00+02:00,0.011547
2017-05-26 09:21:00+02:00,0.011704
2017-05-26 09:22:00+02:00,0.01077
2017-05-26 09:23:00+02:00,0.011206
2017-05-26 09:24:00+02:00,0.012138
2017-05-26 09:25:00+02:00,0.011304
2017-05-26 09:26:00+02:00,0.010394
2017-05-26 09:27:00+02:00,0.010361
2017-05-26 09:28:00+02:00,0.01134
2017-05-26 09:29:00+02:00,0.010946
2017-05-26 09:30:00+02:00,0.009947
2017-05-26 09:31:00+02:00,0.011938
2017-05-26 09:32:00+02:00,0.012321
2017-05-26 09:33:00+02:00,0.011818
2017-05-26 09:34:00+02:00,0.011829
2017-05-26 09:35:00+02:00,0.011784
2017-05-26 09:36:00+02:00,0.011831
2017-05-26 09:37:00+02:00,0.012693
2017-05-26 09:38:00+02:00,0.012811
2017-05-26 09:39:00+02:00,0.012763
2017-05-26 09:40:00+02:00,0.01319
2017-05-26 09:41:00+02:00,0.016757
2017-05-26 09:42:00+02:00,0.026841
2017-05-26 09:43:00+02:00,0.027001
2017-05-26 09:44:00+02:00,0.026138
2017-05-26 09:45:00+02:00,0.020865
2017-05-26 09:46:00+02:00,0.020831
2017-05-26 09:47:00+02:00,0.02143
2017-05-26 09:48:00+02:00,0.016664
2017-05-26 09:49:00+02:00,0.017434
2017-05-26 09:50:00+02:00,0.016859
2017-05-26 09:51:00+02:00,0.017531
2017-05-26 09:52:00+02:00,0.019553
2017-05-26 09:53:00+02:00,0.018993
2017-05-26 09:54:00+02:00,0.017575
2017-05-26 09:55:00+02:00,0.017534
2017-05-26 09:56:00+02:00,0.015131
2017-05-26 09:57:00+02:00,0.013452
2017-05-26 09:58:00+02:00,0.012089
2017-05-26 09:59:00+02:00,0.012972
2017-05-26 10:00:00+02:00,0.01393
2017-05-26 10:01:00+02:00,0.013636
2017-05-26 10:02:00+02:00,0.014948
2017-05-26 10:03:00+02:00,0.014555
2017-05-26 10:04:00+02:00,0.014946
2017-05-26 10:05:00+02:00,0.014748
2017-05-26 10:06:00+02:00,0.014597
2017-05-26 10:07:00+02:00,0.013862
2017-05-26 10:08:00+02:00,0.014373
2017-05-26 10:09:00+02:00,0.013942
2017-05-26 10:10:00+02:00,0.014481
2017-05-26 10:11:00+02:00,0.016162
2017-05-26 10:12:00+02:00,0.016653
2017-05-26 10:13:00+02:00,0.017493
2017-05-26 10:14:00+02:00,0.018706
2017-05-26 10:15:00+02:00,0.018579
2017-05-26 10:16:00+02:00,0.019879
2017-05-26 10:17:00+02:00,0.020753
2017-05-26 10:18:00+02:00,0.020948
2017-05-26 10:19:00+02:00,0.019566
2017-05-26 10:20:00+02:00,0.018863
2017-05-26 10:21:00+02:00,0.021434
2017-05-26 10:22:00+02:00,0.025778
2017-05-26 10:23:00+02:00,0.023152
2017-05-26 10:24:00+02:00,0.0233
2017-05-26 10:25:00+02:00,0.027255
2017-05-26 10:26:00+02:00,0.0292
2017-05-26 10:27:00+02:00,0.025759
2017-05-26 10:28:00+02:00,0.026812
2017-05-26 10:29:00+02:00,0.02638
2017-05-26 10:30:00+02:00,0.023731
2017-05-26 10:31:00+02:00,0.028744
2017-05-26 10:32:00+02:00,0.028837
2017-05-26 10:33:00+02:00,0.024848
2017-05-26 10:34:00+02:00,0.024291
2017-05-26 10:35:00+02:00,0.028436
2017-05-26 10:36:00+02:00,0.031977
2017-05-26 10:37:00+02:00,0.036789
2017-05-26 10:38:00+02:00,0.060174
2017-05-26 10:39:00+02:00,0.075173
2017-05-26 10:40:00+02:00,0.085473
2017-05-26 10:41:00+02:00,0.080315
2017-05-26 10:42:00+02:00,0.068578
2017-05-26 10:43:00+02:00,0.066313
2017-05-26 10:44:00+02:00,0.070996
2017-05-26 10:45:00+02:00,0.06551
2017-05-26 10:46:00+02:00,0.071125
2017-05-26 10:47:00+02:00,0.079845
2017-05-26 10:48:00+02:00,0.093631
2017-05-26 10:49:00+02:00,0.119783
2017-05-26 10:50:00+02:00,0.145732
2017-05-26 10:51:00+02:00,0.114439
2017-05-26 10:52:00+02:00,0.111632
2017-05-26 10:53:00+02:00,0.145361
2017-05-26 10:54:00+02:00,0.153267
2017-05-26 10:55:00+02:00,0.125613
2017-05-26 10:56:00+02:00,0.132457
2017-05-26 10:57:00+02:00,0.105806
2017-05-26 10:58:00+02:00,0.086479
2017-05-26 10:59:00+02:00,0.077288
2017-05-26 11:00:00+02:00,0.068635
2017-05-26 11:01:00+02:00,0.062808
2017-05-26 11:02:00+02:00,0.060859
2017-05-26 11:03:00+02:00,0.072111
2017-05-26 11:04:00+02:00,0.071279
2017-05-26 11:05:00+02:00,0.070698
2017-05-26 11:06:00+02:00,0.064339
2017-05-26 11:07:00+02:00,0.057842
2017-05-26 11:08:00+02:00,0.053365
2017-05-26 11:09:00+02:00,0.065917
2017-05-26 11:10:00+02:00,0.061596
2017-05-26 11:11:00+02:00,0.056665
2017-05-26 11:12:00+02:00,0.05298
2017-05-26 11:13:00+02:00,0.053491
2017-05-26 11:14:00+02:00,0.058596
2017-05-26 11:15:00+02:00,0.068702
2017-05-26 11:16:00+02:00,0.070107
2017-05-26 11:17:00+02:00,0.069587
2017-05-26 11:18:00+02:00,0.06851
2017-05-26 11:19:00+02:00,0.064197
2017-05-26 11:20:00+02:00,0.059468
2017-05-26 11:21:00+02:00,0.059214
2017-05-26 11:22:00+02:00,0.076007
2017-05-26 11:23:00+02:00,0.084902
2017-05-26 11:24:00+02:00,0.101248
2017-05-26 11:25:00+02:00,0.105672
2017-05-26 11:26:00+02:00,0.13884
2017-05-26 11:27:00+02:00,0.121844
2017-05-26 11:28:00+02:00,0.109393
2017-05-26 11:29:00+02:00,0.104509
2017-05-26 11:30:00+02:00,0.103301
2017-05-26 11:31:00+02:00,0.099473
2017-05-26 11:32:00+02:00,0.093383
2017-05-26 11:33:00+02:00,0.096236
2017-05-26 11:34:00+02:00,0.101342
2017-05-26 11:35:00+02:00,0.09669
2017-05-26 11:36:00+02:00,0.11056
2017-05-26 11:37:00+02:00,0.113571
2017-05-26 11:38:00+02:00,0.108612
2017-05-26 11:39:00+02:00,0.117195
2017-05-26 11:40:00+02:00,0.099199
2017-05-26 11:41:00+02:00,0.130064
2017-05-26 11:42:00+02:00,0.135059
2017-05-26 11:43:00+02:00,0.13696
2017-05-26 11:44:00+02:00,0.099447
2017-05-26 11:45:00+02:00,0.117346
2017-05-26 11:46:00+02:00,0.134326
2017-05-26 11:47:00+02:00,0.134819
2017-05-26 11:48:00+02:00,0.165027
2017-05-26 11:49:00+02:00,0.14103
2017-05-26 11:50:00+02:00,0.139108
2017-05-26 11:51:00+02:00,0.142247
2017-05-26 11:52:00+02:00,0.147648
2017-05-26 11:53:00+02:00,0.184462
2017-05-26 11:54:00+02:00,0.160222
2017-05-26 11:55:00+02:00,0.137199
2017-05-26 11:56:00+02:00,0.133319
2017-05-26 11:57:00+02:00,0.144003
2017-05-26 11:58:00+02:00,0.148301
2017-05-26 11:59:00+02:00,0.148345
2017-05-26 12:00:00+02:00,0.160282
2017-05-26 12:01:00+02:00,0.186898
2017-05-26 12:02:00+02:00,0.165245
2017-05-26 12:03:00+02:00,0.120131
2017-05-26 12:04:00+02:00,0.13123
2017-05-26 12:05:00+02:00,0.148509
2017-05-26 12:06:00+02:00,0.135993
2017-05-26 12:07:00+02:00,0.178344
2017-05-26 12:08:00+02:00,0.145166
2017-05-26 12:09:00+02:00,0.12584
2017-05-26 12:10:00+02:00,0.105421
2017-05-26 12:11:00+02:00,0.093007
2017-05-26 12:12:00+02:00,0.09973
2017-05-26 12:13:00+02:00,0.136574
2017-05-26 12:14:00+02:00,0.127557
2017-05-26 12:15:00+02:00,0.117471
2017-05-26 12:16:00+02:00,0.107512
2017-05-26 12:17:00+02:00,0.111614
2017-05-26 12:18:00+02:00,0.125259
2017-05-26 12:19:00+02:00,0.137356
2017-05-26 12:20:00+02:00,0.143283
2017-05-26 12:21:00+02:00,0.155575
2017-05-26 12:22:00+02:00,0.183915
2017-05-26 12:23:00+02:00,0.148548
2017-05-26 12:24:00+02:00,0.127878
2017-05-26 12:25:00+02:00,0.147013
2017-05-26 12:26:00+02:00,0.123043
2017-05-26 12:27:00+02:00,0.108615
2017-05-26 12:28:00+02:00,0.108954
2017-05-26 12:29:00+02:00,0.122759
2017-05-26 12:30:00+02:00,0.151008
2017-05-26 12:31:00+02:00,0.130097
2017-05-26 12:32:00+02:00,0.134918
2017-05-26 12:33:00+02:00,0.14004
2017-05-26 12:34:00+02:00,0.140753
2017-05-26 12:35:00+02:00,0.14497
2017-05-26 12:36:00+02:00,0.147052
2017-05-26 12:37:00+02:00,0.147774
2017-05-26 12:38:00+02:00,0.151204
2017-05-26 12:39:00+02:00,0.160227
2017-05-26 12:40:00+02:00,0.159901
2017-05-26 12:41:00+02:00,0.140314
2017-05-26 12:42:00+02:00,0.1547
2017-05-26 12:43:00+02:00,0.143364
2017-05-26 12:44:00+02:00,0.138804
2017-05-26 12:45:00+02:00,0.155189
2017-05-26 12:46:00+02:00,0.180831
2017-05-26 12:47:00+02:00,0.13456
2017-05-26 12:48:00+02:00,0.107209
2017-05-26 12:49:00+02:00,0.129668
2017-05-26 12:50:00+02:00,0.133959
2017-05-26 12:51:00+02:00,0.115264
2017-05-26 12:52:00+02:00,0.118701
2017-05-26 12:53:00+02:00,0.13085
2017-05-26 12:54:00+02:00,0.134583
2017-05-26 12:55:00+02:00,0.134383
2017-05-26 12:56:00+02:00,0.13839
2017-05-26 12:57:00+02:00,0.139739
2017-05-26 12:58:00+02:00,0.140906
2017-05-26 12:59:00+02:00,0.142872
2017-05-26 13:00:00+02:00,0.147078
2017-05-26 13:01:00+02:00,0.147536
2017-05-26 13:02:00+02:00,0.149731
2017-05-26 13:03:00+02:00,0.144011
2017-05-26 13:04:00+02:00,0.144805
2017-05-26 13:05:00+02:00,0.14467
2017-05-26 13:06:00+02:00,0.142692
2017-05-26 13:07:00+02:00,0.145247
2017-05-26 13:08:00+02:00,0.148281
2017-05-26 13:09:00+02:00,0.147887
2017-05-26 13:10:00+02:00,0.174776
2017-05-26 13:11:00+02:00,0.155127
2017-05-26 13:12:00+02:00,0.145662
2017-05-26 13:13:00+02:00,0.106126
2017-05-26 13:14:00+02:00,0.12328
2017-05-26 13:15:00+02:00,0.134443
2017-05-26 13:16:00+02:00,0.143287
2017-05-26 13:17:00+02:00,0.141278
2017-05-26 13:18:00+02:00,0.14863
2017-05-26 13:19:00+02:00,0.128783
2017-05-26 13:20:00+02:00,0.09603
2017-05-26 13:21:00+02:00,0.077753
2017-05-26 13:22:00+02:00,0.079732
2017-05-26 13:23:00+02:00,0.105426
2017-05-26 13:24:00+02:00,0.119172
2017-05-26 13:25:00+02:00,0.144629
2017-05-26 13:26:00+02:00,0.148203
2017-05-26 13:27:00+02:00,0.129773
2017-05-26 13:28:00+02:00,0.117754
2017-05-26 13:29:00+02:00,0.125587
2017-05-26 13:30:00+02:00,0.134365
2017-05-26 13:31:00+02:00,0.151584
2017-05-26 13:32:00+02:00,0.138785
2017-05-26 13:33:00+02:00,0.109804
2017-05-26 13:34:00+02:00,0.120383
2017-05-26 13:35:00+02:00,0.092925
2017-05-26 13:36:00+02:00,0.115677
2017-05-26 13:37:00+02:00,0.129478
2017-05-26 13:38:00+02:00,0.138496
2017-05-26 13:39:00+02:00,0.141079
2017-05-26 13:40:00+02:00,0.146537
2017-05-26 13:41:00+02:00,0.157869
2017-05-26 13:42:00+02:00,0.145029
2017-05-26 13:43:00+02:00,0.14718
2017-05-26 13:44:00+02:00,0.148574
2017-05-26 13:45:00+02:00,0.158797
2017-05-26 13:46:00+02:00,0.162472
2017-05-26 13:47:00+02:00,0.139601
2017-05-26 13:48:00+02:00,0.144381
2017-05-26 13:49:00+02:00,0.156942
2017-05-26 13:50:00+02:00,0.17038
2017-05-26 13:51:00+02:00,0.134591
2017-05-26 13:52:00+02:00,0.10925
2017-05-26 13:53:00+02:00,0.095786
2017-05-26 13:54:00+02:00,0.086691
2017-05-26 13:55:00+02:00,0.102945
2017-05-26 13:56:00+02:00,0.122184
2017-05-26 13:57:00+02:00,0.133126
2017-05-26 13:58:00+02:00,0.140782
2017-05-26 13:59:00+02:00,0.142306
2017-05-26 14:00:00+02:00,0.146508
2017-05-26 14:01:00+02:00,0.148967
2017-05-26 14:02:00+02:00,0.146058
2017-05-26 14:03:00+02:00,0.149018
2017-05-26 14:04:00+02:00,0.14537
2017-05-26 14:05:00+02:00,0.15971
2017-05-26 14:06:00+02:00,0.149418
2017-05-26 14:07:00+02:00,0.139794
2017-05-26 14:08:00+02:00,0.127459
2017-05-26 14:09:00+02:00,0.134669
2017-05-26 14:10:00+02:00,0.137421
2017-05-26 14:11:00+02:00,0.137343
2017-05-26 14:12:00+02:00,0.139001
2017-05-26 14:13:00+02:00,0.13915
2017-05-26 14:14:00+02:00,0.137363
2017-05-26 14:15:00+02:00,0.138047
2017-05-26 14:16:00+02:00,0.138422
2017-05-26 14:17:00+02:00,0.136743
2017-05-26 14:18:00+02:00,0.139313
2017-05-26 14:19:00+02:00,0.136285
2017-05-26 14:20:00+02:00,0.135917
2017-05-26 14:21:00+02:00,0.138052
2017-05-26 14:22:00+02:00,0.136425
2017-05-26 14:23:00+02:00,0.134938
2017-05-26 14:24:00+02:00,0.136039
2017-05-26 14:25:00+02:00,0.13813
2017-05-26 14:26:00+02:00,0.139929
2017-05-26 14:27:00+02:00,0.139947
2017-05-26 14:28:00+02:00,0.142408
2017-05-26 14:29:00+02:00,0.144088
2017-05-26 14:30:00+02:00,0.170793
2017-05-26 14:31:00+02:00,0.129887
2017-05-26 14:32:00+02:00,0.138652
2017-05-26 14:33:00+02:00,0.102113
2017-05-26 14:34:00+02:00,0.112547
2017-05-26 14:35:00+02:00,0.10973
2017-05-26 14:36:00+02:00,0.096407
2017-05-26 14:37:00+02:00,0.113119
2017-05-26 14:38:00+02:00,0.123003
2017-05-26 14:39:00+02:00,0.128516
2017-05-26 14:40:00+02:00,0.132186
2017-05-26 14:41:00+02:00,0.135369
2017-05-26 14:42:00+02:00,0.137218
2017-05-26 14:43:00+02:00,0.137998
2017-05-26 14:44:00+02:00,0.138001
2017-05-26 14:45:00+02:00,0.149801
2017-05-26 14:46:00+02:00,0.166898
2017-05-26 14:47:00+02:00,0.15453
2017-05-26 14:48:00+02:00,0.115473
2017-05-26 14:49:00+02:00,0.147901
2017-05-26 14:50:00+02:00,0.140648
2017-05-26 14:51:00+02:00,0.140666
2017-05-26 14:52:00+02:00,0.098056
2017-05-26 14:53:00+02:00,0.115651
2017-05-26 14:54:00+02:00,0.127439
2017-05-26 14:55:00+02:00,0.134493
2017-05-26 14:56:00+02:00,0.136821
2017-05-26 14:57:00+02:00,0.136737
2017-05-26 14:58:00+02:00,0.139635
2017-05-26 14:59:00+02:00,0.155845
2017-05-26 15:00:00+02:00,0.144161
2017-05-26 15:01:00+02:00,0.115967
2017-05-26 15:02:00+02:00,0.097243
2017-05-26 15:03:00+02:00,0.083323
2017-05-26 15:04:00+02:00,0.080865
2017-05-26 15:05:00+02:00,0.077529
2017-05-26 15:06:00+02:00,0.074336
2017-05-26 15:07:00+02:00,0.079837
2017-05-26 15:08:00+02:00,0.081415
2017-05-26 15:09:00+02:00,0.050522
2017-05-26 15:10:00+02:00,0.043216
2017-05-26 15:11:00+02:00,0.038445
2017-05-26 15:12:00+02:00,0.034692
2017-05-26 15:13:00+02:00,0.03072
2017-05-26 15:14:00+02:00,0.029126
2017-05-26 15:15:00+02:00,0.024936
2017-05-26 15:16:00+02:00,0.023361
2017-05-26 15:17:00+02:00,0.023557
2017-05-26 15:18:00+02:00,0.038449
2017-05-26 15:19:00+02:00,0.031547
2017-05-26 15:20:00+02:00,0.024429
2017-05-26 15:21:00+02:00,0.023428
2017-05-26 15:22:00+02:00,0.055324
2017-05-26 15:23:00+02:00,0.077508
2017-05-26 15:24:00+02:00,0.10175
2017-05-26 15:25:00+02:00,0.115759
2017-05-26 15:26:00+02:00,0.125372
2017-05-26 15:27:00+02:00,0.133043
2017-05-26 15:28:00+02:00,0.161922
2017-05-26 15:29:00+02:00,0.136197
2017-05-26 15:30:00+02:00,0.110489
2017-05-26 15:31:00+02:00,0.091319
2017-05-26 15:32:00+02:00,0.073073
2017-05-26 15:33:00+02:00,0.059737
2017-05-26 15:34:00+02:00,0.049723
2017-05-26 15:35:00+02:00,0.043331
2017-05-26 15:36:00+02:00,0.037526
2017-05-26 15:37:00+02:00,0.032207
2017-05-26 15:38:00+02:00,0.028738
2017-05-26 15:39:00+02:00,0.026604
2017-05-26 15:40:00+02:00,0.024899
2017-05-26 15:41:00+02:00,0.024281
2017-05-26 15:42:00+02:00,0.026185
2017-05-26 15:43:00+02:00,0.053038
2017-05-26 15:44:00+02:00,0.084071
2017-05-26 15:45:00+02:00,0.119688
2017-05-26 15:46:00+02:00,0.101832
2017-05-26 15:47:00+02:00,0.110279
2017-05-26 15:48:00+02:00,0.120276
2017-05-26 15:49:00+02:00,0.127144
2017-05-26 15:50:00+02:00,0.129968
2017-05-26 15:51:00+02:00,0.131058
2017-05-26 15:52:00+02:00,0.133218
2017-05-26 15:53:00+02:00,0.13583
2017-05-26 15:54:00+02:00,0.142557
2017-05-26 15:55:00+02:00,0.153353
2017-05-26 15:56:00+02:00,0.116814
2017-05-26 15:57:00+02:00,0.123158
2017-05-26 15:58:00+02:00,0.126008
2017-05-26 15:59:00+02:00,0.129928
2017-05-26 16:00:00+02:00,0.132001
2017-05-26 16:01:00+02:00,0.132923
2017-05-26 16:02:00+02:00,0.132576
2017-05-26 16:03:00+02:00,0.131077
2017-05-26 16:04:00+02:00,0.132933
2017-05-26 16:05:00+02:00,0.132101
2017-05-26 16:06:00+02:00,0.135445
2017-05-26 16:07:00+02:00,0.142001
2017-05-26 16:08:00+02:00,0.121436
2017-05-26 16:09:00+02:00,0.124686
2017-05-26 16:10:00+02:00,0.127545
2017-05-26 16:11:00+02:00,0.129955
2017-05-26 16:12:00+02:00,0.129266
2017-05-26 16:13:00+02:00,0.128564
2017-05-26 16:14:00+02:00,0.128279
2017-05-26 16:15:00+02:00,0.105976
2017-05-26 16:16:00+02:00,0.073997
2017-05-26 16:17:00+02:00,0.076344
2017-05-26 16:18:00+02:00,0.067756
2017-05-26 16:19:00+02:00,0.046448
2017-05-26 16:20:00+02:00,0.041624
2017-05-26 16:21:00+02:00,0.034024
2017-05-26 16:22:00+02:00,0.028045
2017-05-26 16:23:00+02:00,0.02149
2017-05-26 16:24:00+02:00,0.016728
2017-05-26 16:25:00+02:00,0.0129
2017-05-26 16:26:00+02:00,0.011128
2017-05-26 16:27:00+02:00,0.011369
2017-05-26 16:28:00+02:00,0.009708
2017-05-26 16:29:00+02:00,0.010501
2017-05-26 16:30:00+02:00,0.010942
2017-05-26 16:31:00+02:00,0.013246
2017-05-26 16:32:00+02:00,0.0226
2017-05-26 16:33:00+02:00,0.020683
2017-05-26 16:34:00+02:00,0.052711
2017-05-26 16:35:00+02:00,0.076604
2017-05-26 16:36:00+02:00,0.073679
2017-05-26 16:37:00+02:00,0.039101
2017-05-26 16:38:00+02:00,0.067038
2017-05-26 16:39:00+02:00,0.032684
2017-05-26 16:40:00+02:00,0.026341
2017-05-26 16:41:00+02:00,0.022749
2017-05-26 16:42:00+02:00,0.022936
2017-05-26 16:43:00+02:00,0.022097
2017-05-26 16:44:00+02:00,0.02805
2017-05-26 16:45:00+02:00,0.057793
2017-05-26 16:46:00+02:00,0.078633
2017-05-26 16:47:00+02:00,0.093584
2017-05-26 16:48:00+02:00,0.102539
2017-05-26 16:49:00+02:00,0.106884
2017-05-26 16:50:00+02:00,0.109205
2017-05-26 16:51:00+02:00,0.114048
2017-05-26 16:52:00+02:00,0.116157
2017-05-26 16:53:00+02:00,0.114537
2017-05-26 16:54:00+02:00,0.116074
2017-05-26 16:55:00+02:00,0.117135
2017-05-26 16:56:00+02:00,0.119263
2017-05-26 16:57:00+02:00,0.121311
2017-05-26 16:58:00+02:00,0.116317
2017-05-26 16:59:00+02:00,0.11437
2017-05-26 17:00:00+02:00,0.113804
2017-05-26 17:01:00+02:00,0.106431
2017-05-26 17:02:00+02:00,0.104294
2017-05-26 17:03:00+02:00,0.103004
2017-05-26 17:04:00+02:00,0.063225
2017-05-26 17:05:00+02:00,0.045312
2017-05-26 17:06:00+02:00,0.037357
2017-05-26 17:07:00+02:00,0.031001
2017-05-26 17:08:00+02:00,0.028879
2017-05-26 17:09:00+02:00,0.025064
2017-05-26 17:10:00+02:00,0.018918
2017-05-26 17:11:00+02:00,0.015067
2017-05-26 17:12:00+02:00,0.01271
2017-05-26 17:13:00+02:00,0.018335
2017-05-26 17:14:00+02:00,0.017592
2017-05-26 17:15:00+02:00,0.017318
2017-05-26 17:16:00+02:00,0.017502
2017-05-26 17:17:00+02:00,0.019684
2017-05-26 17:18:00+02:00,0.010446
2017-05-26 17:19:00+02:00,0.009845
2017-05-26 17:20:00+02:00,0.009818
2017-05-26 17:21:00+02:00,0.014664
2017-05-26 17:22:00+02:00,0.019974
2017-05-26 17:23:00+02:00,0.01559
2017-05-26 17:24:00+02:00,0.009621
2017-05-26 17:25:00+02:00,0.010043
2017-05-26 17:26:00+02:00,0.011748
2017-05-26 17:27:00+02:00,0.011133
2017-05-26 17:28:00+02:00,0.011166
2017-05-26 17:29:00+02:00,0.009489
2017-05-26 17:30:00+02:00,0.01455
2017-05-26 17:31:00+02:00,0.013963
2017-05-26 17:32:00+02:00,0.015354
2017-05-26 17:33:00+02:00,0.015659
2017-05-26 17:34:00+02:00,0.013065
2017-05-26 17:35:00+02:00,0.012674
2017-05-26 17:36:00+02:00,0.007448
2017-05-26 17:37:00+02:00,0.008933
2017-05-26 17:38:00+02:00,0.024023
2017-05-26 17:39:00+02:00,0.008044
2017-05-26 17:40:00+02:00,0.008128
2017-05-26 17:41:00+02:00,0.008473
2017-05-26 17:42:00+02:00,0.007613
2017-05-26 17:43:00+02:00,0.014628
2017-05-26 17:44:00+02:00,0.024684
2017-05-26 17:45:00+02:00,0.024603
2017-05-26 17:46:00+02:00,0.016007
2017-05-26 17:47:00+02:00,0.014477
2017-05-26 17:48:00+02:00,0.011486
2017-05-26 17:49:00+02:00,0.010434
2017-05-26 17:50:00+02:00,0.011396
2017-05-26 17:51:00+02:00,0.013259
2017-05-26 17:52:00+02:00,0.011154
2017-05-26 17:53:00+02:00,0.019438
2017-05-26 17:54:00+02:00,0.028136
2017-05-26 17:55:00+02:00,0.032584
2017-05-26 17:56:00+02:00,0.036649
2017-05-26 17:57:00+02:00,0.037014
2017-05-26 17:58:00+02:00,0.020282
2017-05-26 17:59:00+02:00,0.016843
2017-05-26 18:00:00+02:00,0.018492
2017-05-26 18:01:00+02:00,0.016068
2017-05-26 18:02:00+02:00,0.014751
2017-05-26 18:03:00+02:00,0.017137
2017-05-26 18:04:00+02:00,0.03335
2017-05-26 18:05:00+02:00,0.033926
2017-05-26 18:06:00+02:00,0.036257
2017-05-26 18:07:00+02:00,0.044914
2017-05-26 18:08:00+02:00,0.044275
2017-05-26 18:09:00+02:00,0.041386
2017-05-26 18:10:00+02:00,0.039533
2017-05-26 18:11:00+02:00,0.04233
2017-05-26 18:12:00+02:00,0.042654
2017-05-26 18:13:00+02:00,0.042051
2017-05-26 18:14:00+02:00,0.03602
2017-05-26 18:15:00+02:00,0.031409
2017-05-26 18:16:00+02:00,0.03039
2017-05-26 18:17:00+02:00,0.019991
2017-05-26 18:18:00+02:00,0.015659
2017-05-26 18:19:00+02:00,0.015195
2017-05-26 18:20:00+02:00,0.025674
2017-05-26 18:21:00+02:00,0.026217
2017-05-26 18:22:00+02:00,0.023872
2017-05-26 18:23:00+02:00,0.023463
2017-05-26 18:24:00+02:00,0.02233
2017-05-26 18:25:00+02:00,0.022604
2017-05-26 18:26:00+02:00,0.025148
2017-05-26 18:27:00+02:00,0.02476
2017-05-26 18:28:00+02:00,0.023114
2017-05-26 18:29:00+02:00,0.022398
2017-05-26 18:30:00+02:00,0.020502
2017-05-26 18:31:00+02:00,0.017442
2017-05-26 18:32:00+02:00,0.016102
2017-05-26 18:33:00+02:00,0.015487
2017-05-26 18:34:00+02:00,0.016796
2017-05-26 18:35:00+02:00,0.016137
2017-05-26 18:36:00+02:00,0.017616
2017-05-26 18:37:00+02:00,0.016588
2017-05-26 18:38:00+02:00,0.016373
2017-05-26 18:39:00+02:00,0.016729
2017-05-26 18:40:00+02:00,0.015982
2017-05-26 18:41:00+02:00,0.017124
2017-05-26 18:42:00+02:00,0.017504
2017-05-26 18:43:00+02:00,0.018228
2017-05-26 18:44:00+02:00,0.018163
2017-05-26 18:45:00+02:00,0.01837
2017-05-26 18:46:00+02:00,0.019037
2017-05-26 18:47:00+02:00,0.019208
2017-05-26 18:48:00+02:00,0.018652
2017-05-26 18:49:00+02:00,0.017702
2017-05-26 18:50:00+02:00,0.018505
2017-05-26 18:51:00+02:00,0.017882
2017-05-26 18:52:00+02:00,0.0188
2017-05-26 18:53:00+02:00,0.017418
2017-05-26 18:54:00+02:00,0.017587
2017-05-26 18:55:00+02:00,0.017074
2017-05-26 18:56:00+02:00,0.018527
2017-05-26 18:57:00+02:00,0.019437
2017-05-26 18:58:00+02:00,0.023374
2017-05-26 18:59:00+02:00,0.02414
2017-05-26 19:00:00+02:00,0.02509
2017-05-26 19:01:00+02:00,0.024321
2017-05-26 19:02:00+02:00,0.022806
2017-05-26 19:03:00+02:00,0.023115
2017-05-26 19:04:00+02:00,0.022595
2017-05-26 19:05:00+02:00,0.017545
2017-05-26 19:06:00+02:00,0.015453
2017-05-26 19:07:00+02:00,0.015473
2017-05-26 19:08:00+02:00,0.014779
2017-05-26 19:09:00+02:00,0.014087
2017-05-26 19:10:00+02:00,0.015579
2017-05-26 19:11:00+02:00,0.014218
2017-05-26 19:12:00+02:00,0.014901
2017-05-26 19:13:00+02:00,0.015331
2017-05-26 19:14:00+02:00,0.014263
2017-05-26 19:15:00+02:00,0.015542
2017-05-26 19:16:00+02:00,0.016602
2017-05-26 19:17:00+02:00,0.015969
2017-05-26 19:18:00+02:00,0.016375
2017-05-26 19:19:00+02:00,0.016526
2017-05-26 19:20:00+02:00,0.01588
2017-05-26 19:21:00+02:00,0.014545
2017-05-26 19:22:00+02:00,0.013256
2017-05-26 19:23:00+02:00,0.012936
2017-05-26 19:24:00+02:00,0.012772
2017-05-26 19:25:00+02:00,0.011535
2017-05-26 19:26:00+02:00,0.01269
2017-05-26 19:27:00+02:00,0.015463
2017-05-26 19:28:00+02:00,0.015891
2017-05-26 19:29:00+02:00,0.015278
2017-05-26 19:30:00+02:00,0.012863
2017-05-26 19:31:00+02:00,0.011755
2017-05-26 19:32:00+02:00,0.011225
2017-05-26 19:33:00+02:00,0.011463
2017-05-26 19:34:00+02:00,0.011765
2017-05-26 19:35:00+02:00,0.015766
2017-05-26 19:36:00+02:00,0.014415
2017-05-26 19:37:00+02:00,0.012057
2017-05-26 19:38:00+02:00,0.011075
2017-05-26 19:39:00+02:00,0.011196
2017-05-26 19:40:00+02:00,0.0122
2017-05-26 19:41:00+02:00,0.01432
2017-05-26 19:42:00+02:00,0.012153
2017-05-26 19:43:00+02:00,0.011076
2017-05-26 19:44:00+02:00,0.011787
2017-05-26 19:45:00+02:00,0.012864
2017-05-26 19:46:00+02:00,0.012744
2017-05-26 19:47:00+02:00,0.009871
2017-05-26 19:48:00+02:00,0.010994
2017-05-26 19:49:00+02:00,0.010117
2017-05-26 19:50:00+02:00,0.009801
2017-05-26 19:51:00+02:00,0.009698
2017-05-26 19:52:00+02:00,0.010623
2017-05-26 19:53:00+02:00,0.011379
2017-05-26 19:54:00+02:00,0.012331
2017-05-26 19:55:00+02:00,0.013906
2017-05-26 19:56:00+02:00,0.015051
2017-05-26 19:57:00+02:00,0.014751
2017-05-26 19:58:00+02:00,0.014754
2017-05-26 19:59:00+02:00,0.013643
2017-05-26 20:00:00+02:00,0.014199
2017-05-26 20:01:00+02:00,0.016066
2017-05-26 20:02:00+02:00,0.015116
2017-05-26 20:03:00+02:00,0.01535
2017-05-26 20:04:00+02:00,0.015293
2017-05-26 20:05:00+02:00,0.015653
2017-05-26 20:06:00+02:00,0.014236
2017-05-26 20:07:00+02:00,0.013978
2017-05-26 20:08:00+02:00,0.015025
2017-05-26 20:09:00+02:00,0.014665
2017-05-26 20:10:00+02:00,0.012356
2017-05-26 20:11:00+02:00,0.012155
2017-05-26 20:12:00+02:00,0.011552
2017-05-26 20:13:00+02:00,0.010821
2017-05-26 20:14:00+02:00,0.010872
2017-05-26 20:15:00+02:00,0.010352
2017-05-26 20:16:00+02:00,0.010773
2017-05-26 20:17:00+02:00,0.010136
2017-05-26 20:18:00+02:00,0.011052
2017-05-26 20:19:00+02:00,0.009891
2017-05-26 20:20:00+02:00,0.009332
2017-05-26 20:21:00+02:00,0.009014
2017-05-26 20:22:00+02:00,0.00969
2017-05-26 20:23:00+02:00,0.00772
2017-05-26 20:24:00+02:00,0.008037
2017-05-26 20:25:00+02:00,0.007202
2017-05-26 20:26:00+02:00,0.00683
2017-05-26 20:27:00+02:00,0.006538
2017-05-26 20:28:00+02:00,0.00847
2017-05-26 20:29:00+02:00,0.007203
2017-05-26 20:30:00+02:00,0.007581
2017-05-26 20:31:00+02:00,0.009917
2017-05-26 20:32:00+02:00,0.010119
2017-05-26 20:33:00+02:00,0.011296
2017-05-26 20:34:00+02:00,0.012368
2017-05-26 20:35:00+02:00,0.012405
2017-05-26 20:36:00+02:00,0.01163
2017-05-26 20:37:00+02:00,0.01221
2017-05-26 20:38:00+02:00,0.01275
2017-05-26 20:39:00+02:00,0.012673
2017-05-26 20:40:00+02:00,0.013101
2017-05-26 20:41:00+02:00,0.010215
2017-05-26 20:42:00+02:00,0.010392
2017-05-26 20:43:00+02:00,0.012861
2017-05-26 20:44:00+02:00,0.014617
2017-05-26 20:45:00+02:00,0.014837
2017-05-26 20:46:00+02:00,0.01464
2017-05-26 20:47:00+02:00,0.014341
2017-05-26 20:48:00+02:00,0.015131
2017-05-26 20:49:00+02:00,0.017578
2017-05-26 20:50:00+02:00,0.018776
2017-05-26 20:51:00+02:00,0.022079
2017-05-26 20:52:00+02:00,0.019532
2017-05-26 20:53:00+02:00,0.019576
2017-05-26 20:54:00+02:00,0.020079
2017-05-26 20:55:00+02:00,0.020224
2017-05-26 20:56:00+02:00,0.018113
2017-05-26 20:57:00+02:00,0.017683
2017-05-26 20:58:00+02:00,0.018009
2017-05-26 20:59:00+02:00,0.017786
2017-05-26 21:00:00+02:00,0.01901
2017-05-26 21:01:00+02:00,0.019797
2017-05-26 21:02:00+02:00,0.020673
2017-05-26 21:03:00+02:00,0.020598
2017-05-26 21:04:00+02:00,0.020975
2017-05-26 21:05:00+02:00,0.020776
2017-05-26 21:06:00+02:00,0.021729
2017-05-26 21:07:00+02:00,0.018782
2017-05-26 21:08:00+02:00,0.0168
2017-05-26 21:09:00+02:00,0.016564
2017-05-26 21:10:00+02:00,0.016234
2017-05-26 21:11:00+02:00,0.016387
2017-05-26 21:12:00+02:00,0.016124
2017-05-26 21:13:00+02:00,0.015901
2017-05-26 21:14:00+02:00,0.015109
2017-05-26 21:15:00+02:00,0.017333
2017-05-26 21:16:00+02:00,0.018034
2017-05-26 21:17:00+02:00,0.017573
2017-05-26 21:18:00+02:00,0.015924
2017-05-26 21:19:00+02:00,0.013767
2017-05-26 21:20:00+02:00,0.015613
2017-05-26 21:21:00+02:00,0.016362
2017-05-26 21:22:00+02:00,0.016698
2017-05-26 21:23:00+02:00,0.018558
2017-05-26 21:24:00+02:00,0.016304
2017-05-26 21:25:00+02:00,0.015852
2017-05-26 21:26:00+02:00,0.016443
2017-05-26 21:27:00+02:00,0.016486
2017-05-26 21:28:00+02:00,0.016894
2017-05-26 21:29:00+02:00,0.016292
2017-05-26 21:30:00+02:00,0.016325
2017-05-26 21:31:00+02:00,0.016417
2017-05-26 21:32:00+02:00,0.016219
2017-05-26 21:33:00+02:00,0.015402
2017-05-26 21:34:00+02:00,0.015996
2017-05-26 21:35:00+02:00,0.016755
2017-05-26 21:36:00+02:00,0.01723
2017-05-26 21:37:00+02:00,0.018022
2017-05-26 21:38:00+02:00,0.01818
2017-05-26 21:39:00+02:00,0.018878
2017-05-26 21:40:00+02:00,0.018892
2017-05-26 21:41:00+02:00,0.0172
2017-05-26 21:42:00+02:00,0.017266
2017-05-26 21:43:00+02:00,0.016337
2017-05-26 21:44:00+02:00,0.016176
2017-05-26 21:45:00+02:00,0.015753
2017-05-26 21:46:00+02:00,0.016147
2017-05-26 21:47:00+02:00,0.017593
2017-05-26 21:48:00+02:00,0.018054
2017-05-26 21:49:00+02:00,0.01986
2017-05-26 21:50:00+02:00,0.018341
2017-05-26 21:51:00+02:00,0.016131
2017-05-26 21:52:00+02:00,0.01621
2017-05-26 21:53:00+02:00,0.017018
2017-05-26 21:54:00+02:00,0.017659
2017-05-26 21:55:00+02:00,0.017054
2017-05-26 21:56:00+02:00,0.017863
2017-05-26 21:57:00+02:00,0.017088
2017-05-26 21:58:00+02:00,0.016535
2017-05-26 21:59:00+02:00,0.016006
2017-05-26 22:00:00+02:00,0.01999
2017-05-26 22:01:00+02:00,0.020648
2017-05-26 22:02:00+02:00,0.022575
2017-05-26 22:03:00+02:00,0.023858
2017-05-26 22:04:00+02:00,0.023076
2017-05-26 22:05:00+02:00,0.023954
2017-05-26 22:06:00+02:00,0.024477
2017-05-26 22:07:00+02:00,0.021061
2017-05-26 22:08:00+02:00,0.014992
2017-05-26 22:09:00+02:00,0.014561
2017-05-26 22:10:00+02:00,0.013778
2017-05-26 22:11:00+02:00,0.011836
2017-05-26 22:12:00+02:00,0.012128
2017-05-26 22:13:00+02:00,0.01259
2017-05-26 22:14:00+02:00,0.012176
2017-05-26 22:15:00+02:00,0.011906
2017-05-26 22:16:00+02:00,0.013134
2017-05-26 22:17:00+02:00,0.015183
2017-05-26 22:18:00+02:00,0.014096
2017-05-26 22:19:00+02:00,0.014052
2017-05-26 22:20:00+02:00,0.013927
2017-05-26 22:21:00+02:00,0.014554
2017-05-26 22:22:00+02:00,0.013259
2017-05-26 22:23:00+02:00,0.011581
2017-05-26 22:24:00+02:00,0.012166
2017-05-26 22:25:00+02:00,0.012754
2017-05-26 22:26:00+02:00,0.013521
2017-05-26 22:27:00+02:00,0.014089
2017-05-26 22:28:00+02:00,0.01401
2017-05-26 22:29:00+02:00,0.013502
2017-05-26 22:30:00+02:00,0.013116
2017-05-26 22:31:00+02:00,0.012838
2017-05-26 22:32:00+02:00,0.012379
2017-05-26 22:33:00+02:00,0.013317
2017-05-26 22:34:00+02:00,0.012648
2017-05-26 22:35:00+02:00,0.012635
2017-05-26 22:36:00+02:00,0.014324
2017-05-26 22:37:00+02:00,0.013914
2017-05-26 22:38:00+02:00,0.017262
2017-05-26 22:39:00+02:00,0.01778
2017-05-26 22:40:00+02:00,0.017823
2017-05-26 22:41:00+02:00,0.016421
2017-05-26 22:42:00+02:00,0.016395
2017-05-26 22:43:00+02:00,0.015267
2017-05-26 22:44:00+02:00,0.014729
2017-05-26 22:45:00+02:00,0.0136
2017-05-26 22:46:00+02:00,0.013937
2017-05-26 22:47:00+02:00,0.012937
2017-05-26 22:48:00+02:00,0.012364
2017-05-26 22:49:00+02:00,0.012466
2017-05-26 22:50:00+02:00,0.012683
2017-05-26 22:51:00+02:00,0.013697
2017-05-26 22:52:00+02:00,0.012239
2017-05-26 22:53:00+02:00,0.012224
2017-05-26 22:54:00+02:00,0.011146
2017-05-26 22:55:00+02:00,0.011475
2017-05-26 22:56:00+02:00,0.010918
2017-05-26 22:57:00+02:00,0.010839
2017-05-26 22:58:00+02:00,0.012141
2017-05-26 22:59:00+02:00,0.013036
2017-05-26 23:00:00+02:00,0.015382
2017-05-26 23:01:00+02:00,0.014802
2017-05-26 23:02:00+02:00,0.013371
2017-05-26 23:03:00+02:00,0.014667
2017-05-26 23:04:00+02:00,0.017056
2017-05-26 23:05:00+02:00,0.018385
2017-05-26 23:06:00+02:00,0.017894
2017-05-26 23:07:00+02:00,0.014575
2017-05-26 23:08:00+02:00,0.016614
2017-05-26 23:09:00+02:00,0.01433
2017-05-26 23:10:00+02:00,0.016235
2017-05-26 23:11:00+02:00,0.013547
2017-05-26 23:12:00+02:00,0.012135
2017-05-26 23:13:00+02:00,0.011549
2017-05-26 23:14:00+02:00,0.014198
2017-05-26 23:15:00+02:00,0.013703
2017-05-26 23:16:00+02:00,0.011061
2017-05-26 23:17:00+02:00,0.010779
2017-05-26 23:18:00+02:00,0.012068
2017-05-26 23:19:00+02:00,0.012748
2017-05-26 23:20:00+02:00,0.013562
2017-05-26 23:21:00+02:00,0.014467
2017-05-26 23:22:00+02:00,0.016615
2017-05-26 23:23:00+02:00,0.017033
2017-05-26 23:24:00+02:00,0.016971
2017-05-26 23:25:00+02:00,0.014133
2017-05-26 23:26:00+02:00,0.01354
2017-05-26 23:27:00+02:00,0.012555
2017-05-26 23:28:00+02:00,0.015444
2017-05-26 23:29:00+02:00,0.01529
2017-05-26 23:30:00+02:00,0.012283
2017-05-26 23:31:00+02:00,0.012869
2017-05-26 23:32:00+02:00,0.013854
2017-05-26 23:33:00+02:00,0.013347
2017-05-26 23:34:00+02:00,0.012714
2017-05-26 23:35:00+02:00,0.011045
2017-05-26 23:36:00+02:00,0.010392
2017-05-26 23:37:00+02:00,0.009506
2017-05-26 23:38:00+02:00,0.009171
2017-05-26 23:39:00+02:00,0.008877
2017-05-26 23:40:00+02:00,0.007833
2017-05-26 23:41:00+02:00,0.007353
2017-05-26 23:42:00+02:00,0.006484
2017-05-26 23:43:00+02:00,0.005601
2017-05-26 23:44:00+02:00,0.006865
2017-05-26 23:45:00+02:00,0.006968
2017-05-26 23:46:00+02:00,0.007652
2017-05-26 23:47:00+02:00,0.008069
2017-05-26 23:48:00+02:00,0.007947
2017-05-26 23:49:00+02:00,0.007845
2017-05-26 23:50:00+02:00,0.008693
2017-05-26 23:51:00+02:00,0.008958
2017-05-26 23:52:00+02:00,0.008894
2017-05-26 23:53:00+02:00,0.009822
2017-05-26 23:54:00+02:00,0.010854
2017-05-26 23:55:00+02:00,0.012171
2017-05-26 23:56:00+02:00,0.011766
2017-05-26 23:57:00+02:00,0.011321
2017-05-26 23:58:00+02:00,0.010311
2017-05-26 23:59:00+02:00,0.009106
2017-05-27 00:00:00+02:00,0.009132
2017-05-27 00:01:00+02:00,0.008612
2017-05-27 00:02:00+02:00,0.008384
2017-05-27 00:03:00+02:00,0.008847
2017-05-27 00:04:00+02:00,0.008744
2017-05-27 00:05:00+02:00,0.007918
2017-05-27 00:06:00+02:00,0.008485
2017-05-27 00:07:00+02:00,0.00919
2017-05-27 00:08:00+02:00,0.008577
2017-05-27 00:09:00+02:00,0.008766
2017-05-27 00:10:00+02:00,0.00682
2017-05-27 00:11:00+02:00,0.007586
2017-05-27 00:12:00+02:00,0.00781
2017-05-27 00:13:00+02:00,0.007568
2017-05-27 00:14:00+02:00,0.00621
2017-05-27 00:15:00+02:00,0.006275
2017-05-27 00:16:00+02:00,0.006151
2017-05-27 00:17:00+02:00,0.006212
2017-05-27 00:18:00+02:00,0.006135
2017-05-27 00:19:00+02:00,0.005853
2017-05-27 00:20:00+02:00,0.005668
2017-05-27 00:21:00+02:00,0.005801
2017-05-27 00:22:00+02:00,0.005695
2017-05-27 00:23:00+02:00,0.005386
2017-05-27 00:24:00+02:00,0.005654
2017-05-27 00:25:00+02:00,0.006131
2017-05-27 00:26:00+02:00,0.005739
2017-05-27 00:27:00+02:00,0.005519
2017-05-27 00:28:00+02:00,0.004854
2017-05-27 00:29:00+02:00,0.003752
2017-05-27 00:30:00+02:00,0.004143
2017-05-27 00:31:00+02:00,0.004114
2017-05-27 00:32:00+02:00,0.004097
2017-05-27 00:33:00+02:00,0.004647
2017-05-27 00:34:00+02:00,0.004913
2017-05-27 00:35:00+02:00,0.004501
2017-05-27 00:36:00+02:00,0.00475
2017-05-27 00:37:00+02:00,0.004679
2017-05-27 00:38:00+02:00,0.003547
2017-05-27 00:39:00+02:00,0.002611
2017-05-27 00:40:00+02:00,0.002435
2017-05-27 00:41:00+02:00,0.003331
2017-05-27 00:42:00+02:00,0.003654
2017-05-27 00:43:00+02:00,0.00317
2017-05-27 00:44:00+02:00,0.003113
2017-05-27 00:45:00+02:00,0.004262
2017-05-27 00:46:00+02:00,0.00439
2017-05-27 00:47:00+02:00,0.003598
2017-05-27 00:48:00+02:00,0.003764
2017-05-27 00:49:00+02:00,0.003857
2017-05-27 00:50:00+02:00,0.003067
2017-05-27 00:51:00+02:00,0.003582
2017-05-27 00:52:00+02:00,0.00326
2017-05-27 00:53:00+02:00,0.004038
2017-05-27 00:54:00+02:00,0.004786
2017-05-27 00:55:00+02:00,0.004623
2017-05-27 00:56:00+02:00,0.003702
2017-05-27 00:57:00+02:00,0.003119
2017-05-27 00:58:00+02:00,0.003173
2017-05-27 00:59:00+02:00,0.003386
2017-05-27 01:00:00+02:00,0.004179
2017-05-27 01:01:00+02:00,0.005089
2017-05-27 01:02:00+02:00,0.006404
2017-05-27 01:03:00+02:00,0.005693
2017-05-27 01:04:00+02:00,0.006344
2017-05-27 01:05:00+02:00,0.006511
2017-05-27 01:06:00+02:00,0.005909
2017-05-27 01:07:00+02:00,0.004779
2017-05-27 01:08:00+02:00,0.006874
2017-05-27 01:09:00+02:00,0.005565
2017-05-27 01:10:00+02:00,0.005033
2017-05-27 01:11:00+02:00,0.004462
2017-05-27 01:12:00+02:00,0.003701
2017-05-27 01:13:00+02:00,0.003434
2017-05-27 01:14:00+02:00,0.004188
2017-05-27 01:15:00+02:00,0.0054
2017-05-27 01:16:00+02:00,0.006556
2017-05-27 01:17:00+02:00,0.005109
2017-05-27 01:18:00+02:00,0.005292
2017-05-27 01:19:00+02:00,0.005649
2017-05-27 01:20:00+02:00,0.005985
2017-05-27 01:21:00+02:00,0.006791
2017-05-27 01:22:00+02:00,0.007013
2017-05-27 01:23:00+02:00,0.005371
2017-05-27 01:24:00+02:00,0.005756
2017-05-27 01:25:00+02:00,0.005732
2017-05-27 01:26:00+02:00,0.006061
2017-05-27 01:27:00+02:00,0.005909
2017-05-27 01:28:00+02:00,0.00551
2017-05-27 01:29:00+02:00,0.005377
2017-05-27 01:30:00+02:00,0.005998
2017-05-27 01:31:00+02:00,0.005185
2017-05-27 01:32:00+02:00,0.00428
2017-05-27 01:33:00+02:00,0.004983
2017-05-27 01:34:00+02:00,0.005707
2017-05-27 01:35:00+02:00,0.006332
2017-05-27 01:36:00+02:00,0.004378
2017-05-27 01:37:00+02:00,0.003185
2017-05-27 01:38:00+02:00,0.0031
2017-05-27 01:39:00+02:00,0.002609
2017-05-27 01:40:00+02:00,0.001578
2017-05-27 01:41:00+02:00,0.001535
2017-05-27 01:42:00+02:00,0.001548
2017-05-27 01:43:00+02:00,0.002092
2017-05-27 01:44:00+02:00,0.001429
2017-05-27 01:45:00+02:00,0.0008
2017-05-27 01:46:00+02:00,0.000587
2017-05-27 01:47:00+02:00,0.000928
2017-05-27 01:48:00+02:00,0.000786
2017-05-27 01:49:00+02:00,0.000449
2017-05-27 01:50:00+02:00,-0.000431
2017-05-27 01:51:00+02:00,-0.000273
2017-05-27 01:52:00+02:00,0.000534
2017-05-27 01:53:00+02:00,0.001657
2017-05-27 01:54:00+02:00,0.001703
2017-05-27 01:55:00+02:00,0.00231
2017-05-27 01:56:00+02:00,0.003099
2017-05-27 01:57:00+02:00,0.003543
2017-05-27 01:58:00+02:00,0.004203
2017-05-27 01:59:00+02:00,0.003333
2017-05-27 02:00:00+02:00,0.004014
2017-05-27 02:01:00+02:00,0.003834
2017-05-27 02:02:00+02:00,0.003948
2017-05-27 02:03:00+02:00,0.003681
2017-05-27 02:04:00+02:00,0.00376
2017-05-27 02:05:00+02:00,0.003056
2017-05-27 02:06:00+02:00,0.002744
2017-05-27 02:07:00+02:00,0.003718
2017-05-27 02:08:00+02:00,0.003825
2017-05-27 02:09:00+02:00,0.002629
2017-05-27 02:10:00+02:00,0.002872
2017-05-27 02:11:00+02:00,0.002494
2017-05-27 02:12:00+02:00,0.003266
2017-05-27 02:13:00+02:00,0.00303
2017-05-27 02:14:00+02:00,0.003379
2017-05-27 02:15:00+02:00,0.003589
2017-05-27 02:16:00+02:00,0.003122
2017-05-27 02:17:00+02:00,0.003011
2017-05-27 02:18:00+02:00,0.002043
2017-05-27 02:19:00+02:00,0.002243
2017-05-27 02:20:00+02:00,0.002345
2017-05-27 02:21:00+02:00,0.002082
2017-05-27 02:22:00+02:00,0.002183
2017-05-27 02:23:00+02:00,0.00338
2017-05-27 02:24:00+02:00,0.00363
2017-05-27 02:25:00+02:00,0.003231
2017-05-27 02:26:00+02:00,0.002687
2017-05-27 02:27:00+02:00,0.002401
2017-05-27 02:28:00+02:00,0.001882
2017-05-27 02:29:00+02:00,0.00152
2017-05-27 02:30:00+02:00,0.001203
2017-05-27 02:31:00+02:00,0.001711
2017-05-27 02:32:00+02:00,0.00133
2017-05-27 02:33:00+02:00,0.00088
2017-05-27 02:34:00+02:00,0.000339
2017-05-27 02:35:00+02:00,0.000608
2017-05-27 02:36:00+02:00,0.000518
2017-05-27 02:37:00+02:00,0.000188
2017-05-27 02:38:00+02:00,-0.000312
2017-05-27 02:39:00+02:00,-0.000619
2017-05-27 02:40:00+02:00,-0.000192
2017-05-27 02:41:00+02:00,0.000533
2017-05-27 02:42:00+02:00,0.001209
2017-05-27 02:43:00+02:00,0.002018
2017-05-27 02:44:00+02:00,0.001743
2017-05-27 02:45:00+02:00,0.002046
2017-05-27 02:46:00+02:00,0.002786
2017-05-27 02:47:00+02:00,0.002058
2017-05-27 02:48:00+02:00,0.002489
2017-05-27 02:49:00+02:00,0.00262
2017-05-27 02:50:00+02:00,0.003038
2017-05-27 02:51:00+02:00,0.00294
2017-05-27 02:52:00+02:00,0.001938
2017-05-27 02:53:00+02:00,0.002121
2017-05-27 02:54:00+02:00,0.002125
2017-05-27 02:55:00+02:00,0.001324
2017-05-27 02:56:00+02:00,0.001175
2017-05-27 02:57:00+02:00,0.001704
2017-05-27 02:58:00+02:00,0.001633
2017-05-27 02:59:00+02:00,0.001828
2017-05-27 03:00:00+02:00,0.001597
2017-05-27 03:01:00+02:00,0.001301
2017-05-27 03:02:00+02:00,0.000649
2017-05-27 03:03:00+02:00,0.000915
2017-05-27 03:04:00+02:00,0.001585
2017-05-27 03:05:00+02:00,0.001386
2017-05-27 03:06:00+02:00,0.001182
2017-05-27 03:07:00+02:00,0.001193
2017-05-27 03:08:00+02:00,0.000421
2017-05-27 03:09:00+02:00,0.000683
2017-05-27 03:10:00+02:00,0.000825
2017-05-27 03:11:00+02:00,0.000421
2017-05-27 03:12:00+02:00,0.000702
2017-05-27 03:13:00+02:00,0.000844
2017-05-27 03:14:00+02:00,0.000964
2017-05-27 03:15:00+02:00,0.00111
2017-05-27 03:16:00+02:00,0.000662
2017-05-27 03:17:00+02:00,0.000345
2017-05-27 03:18:00+02:00,0.000338
2017-05-27 03:19:00+02:00,-3.5e-05
2017-05-27 03:20:00+02:00,-0.000105
2017-05-27 03:21:00+02:00,0.000208
2017-05-27 03:22:00+02:00,0.000635
2017-05-27 03:23:00+02:00,0.000743
2017-05-27 03:24:00+02:00,0.00058
2017-05-27 03:25:00+02:00,0.001945
2017-05-27 03:26:00+02:00,0.002481
2017-05-27 03:27:00+02:00,0.00322
2017-05-27 03:28:00+02:00,0.003154
2017-05-27 03:29:00+02:00,0.003129
2017-05-27 03:30:00+02:00,0.003257
2017-05-27 03:31:00+02:00,0.001929
2017-05-27 03:32:00+02:00,0.003181
2017-05-27 03:33:00+02:00,0.004048
2017-05-27 03:34:00+02:00,0.004836
2017-05-27 03:35:00+02:00,0.003783
2017-05-27 03:36:00+02:00,0.002617
2017-05-27 03:37:00+02:00,0.002254
2017-05-27 03:38:00+02:00,0.002064
2017-05-27 03:39:00+02:00,0.001449
2017-05-27 03:40:00+02:00,0.001369
2017-05-27 03:41:00+02:00,0.00133
2017-05-27 03:42:00+02:00,0.001506
2017-05-27 03:43:00+02:00,0.001245
2017-05-27 03:44:00+02:00,0.000644
2017-05-27 03:45:00+02:00,0.00163
2017-05-27 03:46:00+02:00,0.00187
2017-05-27 03:47:00+02:00,0.001966
2017-05-27 03:48:00+02:00,0.002132
2017-05-27 03:49:00+02:00,0.002201
2017-05-27 03:50:00+02:00,0.002089
2017-05-27 03:51:00+02:00,0.001862
2017-05-27 03:52:00+02:00,0.001739
2017-05-27 03:53:00+02:00,0.002058
2017-05-27 03:54:00+02:00,0.002337
2017-05-27 03:55:00+02:00,0.002212
2017-05-27 03:56:00+02:00,0.00252
2017-05-27 03:57:00+02:00,0.003402
2017-05-27 03:58:00+02:00,0.004818
2017-05-27 03:59:00+02:00,0.005076
2017-05-27 04:00:00+02:00,0.005155
2017-05-27 04:01:00+02:00,0.005169
2017-05-27 04:02:00+02:00,0.005078
2017-05-27 04:03:00+02:00,0.005277
2017-05-27 04:04:00+02:00,0.004611
2017-05-27 04:05:00+02:00,0.004631
2017-05-27 04:06:00+02:00,0.004587
2017-05-27 04:07:00+02:00,0.004657
2017-05-27 04:08:00+02:00,0.004612
2017-05-27 04:09:00+02:00,0.00383
2017-05-27 04:10:00+02:00,0.002982
2017-05-27 04:11:00+02:00,0.002802
2017-05-27 04:12:00+02:00,0.002243
2017-05-27 04:13:00+02:00,0.002554
2017-05-27 04:14:00+02:00,0.001423
2017-05-27 04:15:00+02:00,0.00137
2017-05-27 04:16:00+02:00,0.002039
2017-05-27 04:17:00+02:00,0.001712
2017-05-27 04:18:00+02:00,0.001701
2017-05-27 04:19:00+02:00,0.001605
2017-05-27 04:20:00+02:00,0.001908
2017-05-27 04:21:00+02:00,0.00143
2017-05-27 04:22:00+02:00,0.001814
2017-05-27 04:23:00+02:00,0.002115
2017-05-27 04:24:00+02:00,0.002477
2017-05-27 04:25:00+02:00,0.003447
2017-05-27 04:26:00+02:00,0.003837
2017-05-27 04:27:00+02:00,0.00424
2017-05-27 04:28:00+02:00,0.003316
2017-05-27 04:29:00+02:00,0.00293
2017-05-27 04:30:00+02:00,0.002318
2017-05-27 04:31:00+02:00,0.001716
2017-05-27 04:32:00+02:00,0.002294
2017-05-27 04:33:00+02:00,0.00164
2017-05-27 04:34:00+02:00,0.002409
2017-05-27 04:35:00+02:00,0.002165
2017-05-27 04:36:00+02:00,0.00291
2017-05-27 04:37:00+02:00,0.005498
2017-05-27 04:38:00+02:00,0.002934
2017-05-27 04:39:00+02:00,0.003285
2017-05-27 04:40:00+02:00,0.003381
2017-05-27 04:41:00+02:00,0.003402
2017-05-27 04:42:00+02:00,0.002749
2017-05-27 04:43:00+02:00,0.003148
2017-05-27 04:44:00+02:00,0.003655
2017-05-27 04:45:00+02:00,0.003632
2017-05-27 04:46:00+02:00,0.005866
2017-05-27 04:47:00+02:00,0.005909
2017-05-27 04:48:00+02:00,0.00568
2017-05-27 04:49:00+02:00,0.004187
2017-05-27 04:50:00+02:00,0.004516
2017-05-27 04:51:00+02:00,0.003938
2017-05-27 04:52:00+02:00,0.003869
2017-05-27 04:53:00+02:00,0.002992
2017-05-27 04:54:00+02:00,0.003293
2017-05-27 04:55:00+02:00,0.003096
2017-05-27 04:56:00+02:00,0.007172
2017-05-27 04:57:00+02:00,0.003132
2017-05-27 04:58:00+02:00,0.002274
2017-05-27 04:59:00+02:00,0.001256
2017-05-27 05:00:00+02:00,0.001237
2017-05-27 05:01:00+02:00,0.001206
2017-05-27 05:02:00+02:00,0.001612
2017-05-27 05:03:00+02:00,0.001678
2017-05-27 05:04:00+02:00,0.001551
2017-05-27 05:05:00+02:00,0.001919
2017-05-27 05:06:00+02:00,0.002345
2017-05-27 05:07:00+02:00,0.002807
2017-05-27 05:08:00+02:00,0.00313
2017-05-27 05:09:00+02:00,0.002793
2017-05-27 05:10:00+02:00,0.001763
2017-05-27 05:11:00+02:00,0.001967
2017-05-27 05:12:00+02:00,0.001161
2017-05-27 05:13:00+02:00,0.000762
2017-05-27 05:14:00+02:00,0.001569
2017-05-27 05:15:00+02:00,0.001892
2017-05-27 05:16:00+02:00,0.002808
2017-05-27 05:17:00+02:00,0.003004
2017-05-27 05:18:00+02:00,0.002017
2017-05-27 05:19:00+02:00,0.002704
2017-05-27 05:20:00+02:00,0.002139
2017-05-27 05:21:00+02:00,0.002045
2017-05-27 05:22:00+02:00,0.001817
2017-05-27 05:23:00+02:00,0.001992
2017-05-27 05:24:00+02:00,0.002069
2017-05-27 05:25:00+02:00,0.002056
2017-05-27 05:26:00+02:00,0.004944
2017-05-27 05:27:00+02:00,0.004429
2017-05-27 05:28:00+02:00,0.004116
2017-05-27 05:29:00+02:00,0.00342
2017-05-27 05:30:00+02:00,0.004452
2017-05-27 05:31:00+02:00,0.00471
2017-05-27 05:32:00+02:00,0.004707
2017-05-27 05:33:00+02:00,0.003699
2017-05-27 05:34:00+02:00,0.003844
2017-05-27 05:35:00+02:00,0.00387
2017-05-27 05:36:00+02:00,0.003489
2017-05-27 05:37:00+02:00,0.004319
2017-05-27 05:38:00+02:00,0.004874
2017-05-27 05:39:00+02:00,0.005229
2017-05-27 05:40:00+02:00,0.00688
2017-05-27 05:41:00+02:00,0.005769
2017-05-27 05:42:00+02:00,0.005952
2017-05-27 05:43:00+02:00,0.007176
2017-05-27 05:44:00+02:00,0.008742
2017-05-27 05:45:00+02:00,0.007192
2017-05-27 05:46:00+02:00,0.007265
2017-05-27 05:47:00+02:00,0.007679
2017-05-27 05:48:00+02:00,0.007395
2017-05-27 05:49:00+02:00,0.006409
2017-05-27 05:50:00+02:00,0.006569
2017-05-27 05:51:00+02:00,0.006223
2017-05-27 05:52:00+02:00,0.00728
2017-05-27 05:53:00+02:00,0.007597
2017-05-27 05:54:00+02:00,0.006506
2017-05-27 05:55:00+02:00,0.005819
2017-05-27 05:56:00+02:00,0.006372
2017-05-27 05:57:00+02:00,0.005987
2017-05-27 05:58:00+02:00,0.006239
2017-05-27 05:59:00+02:00,0.006278
2017-05-27 06:00:00+02:00,0.005962
2017-05-27 06:01:00+02:00,0.006416
2017-05-27 06:02:00+02:00,0.006135
2017-05-27 06:03:00+02:00,0.006099
2017-05-27 06:04:00+02:00,0.006509
2017-05-27 06:05:00+02:00,0.007355
2017-05-27 06:06:00+02:00,0.007721
2017-05-27 06:07:00+02:00,0.007629
2017-05-27 06:08:00+02:00,0.007714
2017-05-27 06:09:00+02:00,0.008682
2017-05-27 06:10:00+02:00,0.008966
2017-05-27 06:11:00+02:00,0.008624
2017-05-27 06:12:00+02:00,0.008169
2017-05-27 06:13:00+02:00,0.008065
2017-05-27 06:14:00+02:00,0.007999
2017-05-27 06:15:00+02:00,0.008317
2017-05-27 06:16:00+02:00,0.009591
2017-05-27 06:17:00+02:00,0.009958
2017-05-27 06:18:00+02:00,0.009201
2017-05-27 06:19:00+02:00,0.00997
2017-05-27 06:20:00+02:00,0.011998
2017-05-27 06:21:00+02:00,0.011262
2017-05-27 06:22:00+02:00,0.011193
2017-05-27 06:23:00+02:00,0.011699
2017-05-27 06:24:00+02:00,0.011158
2017-05-27 06:25:00+02:00,0.010887
2017-05-27 06:26:00+02:00,0.011282
2017-05-27 06:27:00+02:00,0.017787
2017-05-27 06:28:00+02:00,0.019099
2017-05-27 06:29:00+02:00,0.019959
2017-05-27 06:30:00+02:00,0.020309
2017-05-27 06:31:00+02:00,0.019408
2017-05-27 06:32:00+02:00,0.01971
2017-05-27 06:33:00+02:00,0.020511
2017-05-27 06:34:00+02:00,0.020397
2017-05-27 06:35:00+02:00,0.019631
2017-05-27 06:36:00+02:00,0.019953
2017-05-27 06:37:00+02:00,0.020269
2017-05-27 06:38:00+02:00,0.020188
2017-05-27 06:39:00+02:00,0.018994
2017-05-27 06:40:00+02:00,0.017302
2017-05-27 06:41:00+02:00,0.018453
2017-05-27 06:42:00+02:00,0.018895
2017-05-27 06:43:00+02:00,0.018128
2017-05-27 06:44:00+02:00,0.018081
2017-05-27 06:45:00+02:00,0.018311
2017-05-27 06:46:00+02:00,0.018674
2017-05-27 06:47:00+02:00,0.018885
2017-05-27 06:48:00+02:00,0.01875
2017-05-27 06:49:00+02:00,0.019181
2017-05-27 06:50:00+02:00,0.018868
2017-05-27 06:51:00+02:00,0.018199
2017-05-27 06:52:00+02:00,0.018379
2017-05-27 06:53:00+02:00,0.018417
2017-05-27 06:54:00+02:00,0.016676
2017-05-27 06:55:00+02:00,0.015799
2017-05-27 06:56:00+02:00,0.015822
2017-05-27 06:57:00+02:00,0.015944
2017-05-27 06:58:00+02:00,0.01621
2017-05-27 06:59:00+02:00,0.017618
2017-05-27 07:00:00+02:00,0.019002
2017-05-27 07:01:00+02:00,0.019927
2017-05-27 07:02:00+02:00,0.020861
2017-05-27 07:03:00+02:00,0.020672
2017-05-27 07:04:00+02:00,0.021939
2017-05-27 07:05:00+02:00,0.022066
2017-05-27 07:06:00+02:00,0.022154
2017-05-27 07:07:00+02:00,0.021981
2017-05-27 07:08:00+02:00,0.022174
2017-05-27 07:09:00+02:00,0.022831
2017-05-27 07:10:00+02:00,0.021402
2017-05-27 07:11:00+02:00,0.021088
2017-05-27 07:12:00+02:00,0.020887
2017-05-27 07:13:00+02:00,0.020038
2017-05-27 07:14:00+02:00,0.019231
2017-05-27 07:15:00+02:00,0.017692
2017-05-27 07:16:00+02:00,0.017668
2017-05-27 07:17:00+02:00,0.017374
2017-05-27 07:18:00+02:00,0.018258
2017-05-27 07:19:00+02:00,0.018543
2017-05-27 07:20:00+02:00,0.019159
2017-05-27 07:21:00+02:00,0.020366
2017-05-27 07:22:00+02:00,0.020901
2017-05-27 07:23:00+02:00,0.020593
2017-05-27 07:24:00+02:00,0.020131
2017-05-27 07:25:00+02:00,0.020281
2017-05-27 07:26:00+02:00,0.020058
2017-05-27 07:27:00+02:00,0.020703
2017-05-27 07:28:00+02:00,0.023437
2017-05-27 07:29:00+02:00,0.022857
2017-05-27 07:30:00+02:00,0.021673
2017-05-27 07:31:00+02:00,0.022723
2017-05-27 07:32:00+02:00,0.023372
2017-05-27 07:33:00+02:00,0.023349
2017-05-27 07:34:00+02:00,0.024613
2017-05-27 07:35:00+02:00,0.025463
2017-05-27 07:36:00+02:00,0.026476
2017-05-27 07:37:00+02:00,0.027009
2017-05-27 07:38:00+02:00,0.026548
2017-05-27 07:39:00+02:00,0.027159
2017-05-27 07:40:00+02:00,0.027506
2017-05-27 07:41:00+02:00,0.027157
2017-05-27 07:42:00+02:00,0.026947
2017-05-27 07:43:00+02:00,0.026538
2017-05-27 07:44:00+02:00,0.028273
2017-05-27 07:45:00+02:00,0.029174
2017-05-27 07:46:00+02:00,0.030099
2017-05-27 07:47:00+02:00,0.027809
2017-05-27 07:48:00+02:00,0.030355
2017-05-27 07:49:00+02:00,0.031471
2017-05-27 07:50:00+02:00,0.033986
2017-05-27 07:51:00+02:00,0.035763
2017-05-27 07:52:00+02:00,0.03562
2017-05-27 07:53:00+02:00,0.035891
2017-05-27 07:54:00+02:00,0.035416
2017-05-27 07:55:00+02:00,0.035179
2017-05-27 07:56:00+02:00,0.036396
2017-05-27 07:57:00+02:00,0.037087
2017-05-27 07:58:00+02:00,0.037041
2017-05-27 07:59:00+02:00,0.036867
2017-05-27 08:00:00+02:00,0.038066
2017-05-27 08:01:00+02:00,0.039218
2017-05-27 08:02:00+02:00,0.041502
2017-05-27 08:03:00+02:00,0.043155
2017-05-27 08:04:00+02:00,0.046543
2017-05-27 08:05:00+02:00,0.046127
2017-05-27 08:06:00+02:00,0.048599
2017-05-27 08:07:00+02:00,0.049976
2017-05-27 08:08:00+02:00,0.052666
2017-05-27 08:09:00+02:00,0.05306
2017-05-27 08:10:00+02:00,0.055122
2017-05-27 08:11:00+02:00,0.055321
2017-05-27 08:12:00+02:00,0.056921
2017-05-27 08:13:00+02:00,0.058595
2017-05-27 08:14:00+02:00,0.060373
2017-05-27 08:15:00+02:00,0.060632
2017-05-27 08:16:00+02:00,0.059778
2017-05-27 08:17:00+02:00,0.058793
2017-05-27 08:18:00+02:00,0.059164
2017-05-27 08:19:00+02:00,0.061376
2017-05-27 08:20:00+02:00,0.062688
2017-05-27 08:21:00+02:00,0.062718
2017-05-27 08:22:00+02:00,0.063519
2017-05-27 08:23:00+02:00,0.065851
2017-05-27 08:24:00+02:00,0.067246
2017-05-27 08:25:00+02:00,0.068794
2017-05-27 08:26:00+02:00,0.070346
2017-05-27 08:27:00+02:00,0.070364
2017-05-27 08:28:00+02:00,0.072421
2017-05-27 08:29:00+02:00,0.073101
2017-05-27 08:30:00+02:00,0.075085
2017-05-27 08:31:00+02:00,0.076326
2017-05-27 08:32:00+02:00,0.078202
2017-05-27 08:33:00+02:00,0.07784
2017-05-27 08:34:00+02:00,0.078733
2017-05-27 08:35:00+02:00,0.08066
2017-05-27 08:36:00+02:00,0.081135
2017-05-27 08:37:00+02:00,0.081404
2017-05-27 08:38:00+02:00,0.082289
2017-05-27 08:39:00+02:00,0.083195
2017-05-27 08:40:00+02:00,0.084904
2017-05-27 08:41:00+02:00,0.086647
2017-05-27 08:42:00+02:00,0.088659
2017-05-27 08:43:00+02:00,0.090189
2017-05-27 08:44:00+02:00,0.09119
2017-05-27 08:45:00+02:00,0.091429
2017-05-27 08:46:00+02:00,0.092415
2017-05-27 08:47:00+02:00,0.093174
2017-05-27 08:48:00+02:00,0.092665
2017-05-27 08:49:00+02:00,0.094325
2017-05-27 08:50:00+02:00,0.095457
2017-05-27 08:51:00+02:00,0.097571
2017-05-27 08:52:00+02:00,0.098574
2017-05-27 08:53:00+02:00,0.099828
2017-05-27 08:54:00+02:00,0.101811
2017-05-27 08:55:00+02:00,0.101801
2017-05-27 08:56:00+02:00,0.102402
2017-05-27 08:57:00+02:00,0.104435
2017-05-27 08:58:00+02:00,0.10531
2017-05-27 08:59:00+02:00,0.106193
2017-05-27 09:00:00+02:00,0.106471
2017-05-27 09:01:00+02:00,0.107115
2017-05-27 09:02:00+02:00,0.109015
2017-05-27 09:03:00+02:00,0.110978
2017-05-27 09:04:00+02:00,0.108851
2017-05-27 09:05:00+02:00,0.110964
2017-05-27 09:06:00+02:00,0.111079
2017-05-27 09:07:00+02:00,0.110425
2017-05-27 09:08:00+02:00,0.111539
2017-05-27 09:09:00+02:00,0.110653
2017-05-27 09:10:00+02:00,0.108655
2017-05-27 09:11:00+02:00,0.108978
2017-05-27 09:12:00+02:00,0.110854
2017-05-27 09:13:00+02:00,0.111833
2017-05-27 09:14:00+02:00,0.109109
2017-05-27 09:15:00+02:00,0.109532
2017-05-27 09:16:00+02:00,0.108753
2017-05-27 09:17:00+02:00,0.112064
2017-05-27 09:18:00+02:00,0.11143
2017-05-27 09:19:00+02:00,0.112441
2017-05-27 09:20:00+02:00,0.113493
2017-05-27 09:21:00+02:00,0.114081
2017-05-27 09:22:00+02:00,0.113
2017-05-27 09:23:00+02:00,0.113036
2017-05-27 09:24:00+02:00,0.113863
2017-05-27 09:25:00+02:00,0.113808
2017-05-27 09:26:00+02:00,0.113634
2017-05-27 09:27:00+02:00,0.116351
2017-05-27 09:28:00+02:00,0.116549
2017-05-27 09:29:00+02:00,0.115825
2017-05-27 09:30:00+02:00,0.117496
2017-05-27 09:31:00+02:00,0.116935
2017-05-27 09:32:00+02:00,0.116307
2017-05-27 09:33:00+02:00,0.115755
2017-05-27 09:34:00+02:00,0.117677
2017-05-27 09:35:00+02:00,0.116947
2017-05-27 09:36:00+02:00,0.11698
2017-05-27 09:37:00+02:00,0.117857
2017-05-27 09:38:00+02:00,0.118058
2017-05-27 09:39:00+02:00,0.118747
2017-05-27 09:40:00+02:00,0.123482
2017-05-27 09:41:00+02:00,0.123844
2017-05-27 09:42:00+02:00,0.122354
2017-05-27 09:43:00+02:00,0.121153
2017-05-27 09:44:00+02:00,0.119687
2017-05-27 09:45:00+02:00,0.117915
2017-05-27 09:46:00+02:00,0.117988
2017-05-27 09:47:00+02:00,0.118778
2017-05-27 09:48:00+02:00,0.120671
2017-05-27 09:49:00+02:00,0.120241
2017-05-27 09:50:00+02:00,0.119371
2017-05-27 09:51:00+02:00,0.117596
2017-05-27 09:52:00+02:00,0.118567
2017-05-27 09:53:00+02:00,0.119982
2017-05-27 09:54:00+02:00,0.121173
2017-05-27 09:55:00+02:00,0.123314
2017-05-27 09:56:00+02:00,0.123534
2017-05-27 09:57:00+02:00,0.122589
2017-05-27 09:58:00+02:00,0.122534
2017-05-27 09:59:00+02:00,0.121489
2017-05-27 10:00:00+02:00,0.124297
2017-05-27 10:01:00+02:00,0.124089
2017-05-27 10:02:00+02:00,0.123181
2017-05-27 10:03:00+02:00,0.120976
2017-05-27 10:04:00+02:00,0.121959
2017-05-27 10:05:00+02:00,0.120935
2017-05-27 10:06:00+02:00,0.123166
2017-05-27 10:07:00+02:00,0.122202
2017-05-27 10:08:00+02:00,0.121469
2017-05-27 10:09:00+02:00,0.121831
2017-05-27 10:10:00+02:00,0.12152
2017-05-27 10:11:00+02:00,0.122353
2017-05-27 10:12:00+02:00,0.123325
2017-05-27 10:13:00+02:00,0.124884
2017-05-27 10:14:00+02:00,0.12455
2017-05-27 10:15:00+02:00,0.124638
2017-05-27 10:16:00+02:00,0.125895
2017-05-27 10:17:00+02:00,0.124863
2017-05-27 10:18:00+02:00,0.125371
2017-05-27 10:19:00+02:00,0.125205
2017-05-27 10:20:00+02:00,0.125496
2017-05-27 10:21:00+02:00,0.12585
2017-05-27 10:22:00+02:00,0.126028
2017-05-27 10:23:00+02:00,0.12527
2017-05-27 10:24:00+02:00,0.123136
2017-05-27 10:25:00+02:00,0.12453
2017-05-27 10:26:00+02:00,0.124952
2017-05-27 10:27:00+02:00,0.126986
2017-05-27 10:28:00+02:00,0.129538
2017-05-27 10:29:00+02:00,0.127467
2017-05-27 10:30:00+02:00,0.127693
2017-05-27 10:31:00+02:00,0.128468
2017-05-27 10:32:00+02:00,0.128286
2017-05-27 10:33:00+02:00,0.125176
2017-05-27 10:34:00+02:00,0.125624
2017-05-27 10:35:00+02:00,0.128647
2017-05-27 10:36:00+02:00,0.130119
2017-05-27 10:37:00+02:00,0.130981
2017-05-27 10:38:00+02:00,0.130452
2017-05-27 10:39:00+02:00,0.130307
2017-05-27 10:40:00+02:00,0.129429
2017-05-27 10:41:00+02:00,0.129789
2017-05-27 10:42:00+02:00,0.128976
2017-05-27 10:43:00+02:00,0.13021
2017-05-27 10:44:00+02:00,0.130299
2017-05-27 10:45:00+02:00,0.132041
2017-05-27 10:46:00+02:00,0.131181
2017-05-27 10:47:00+02:00,0.130586
2017-05-27 10:48:00+02:00,0.128417
2017-05-27 10:49:00+02:00,0.128807
2017-05-27 10:50:00+02:00,0.12921
2017-05-27 10:51:00+02:00,0.127968
2017-05-27 10:52:00+02:00,0.127569
2017-05-27 10:53:00+02:00,0.129185
2017-05-27 10:54:00+02:00,0.129346
2017-05-27 10:55:00+02:00,0.128886
2017-05-27 10:56:00+02:00,0.129504
2017-05-27 10:57:00+02:00,0.12955
2017-05-27 10:58:00+02:00,0.129404
2017-05-27 10:59:00+02:00,0.131032
2017-05-27 11:00:00+02:00,0.131061
2017-05-27 11:01:00+02:00,0.129806
2017-05-27 11:02:00+02:00,0.132572
2017-05-27 11:03:00+02:00,0.131816
2017-05-27 11:04:00+02:00,0.130851
2017-05-27 11:05:00+02:00,0.131959
2017-05-27 11:06:00+02:00,0.131599
2017-05-27 11:07:00+02:00,0.130404
2017-05-27 11:08:00+02:00,0.129581
2017-05-27 11:09:00+02:00,0.129102
2017-05-27 11:10:00+02:00,0.130286
2017-05-27 11:11:00+02:00,0.129713
2017-05-27 11:12:00+02:00,0.130714
2017-05-27 11:13:00+02:00,0.131264
2017-05-27 11:14:00+02:00,0.130822
2017-05-27 11:15:00+02:00,0.135351
2017-05-27 11:16:00+02:00,0.134105
2017-05-27 11:17:00+02:00,0.134051
2017-05-27 11:18:00+02:00,0.130662
2017-05-27 11:19:00+02:00,0.129962
2017-05-27 11:20:00+02:00,0.127573
2017-05-27 11:21:00+02:00,0.130162
2017-05-27 11:22:00+02:00,0.129784
2017-05-27 11:23:00+02:00,0.130612
2017-05-27 11:24:00+02:00,0.134093
2017-05-27 11:25:00+02:00,0.133823
2017-05-27 11:26:00+02:00,0.131376
2017-05-27 11:27:00+02:00,0.132292
2017-05-27 11:28:00+02:00,0.13181
2017-05-27 11:29:00+02:00,0.132226
2017-05-27 11:30:00+02:00,0.12802
2017-05-27 11:31:00+02:00,0.132141
2017-05-27 11:32:00+02:00,0.128686
2017-05-27 11:33:00+02:00,0.129347
2017-05-27 11:34:00+02:00,0.132624
2017-05-27 11:35:00+02:00,0.1345
2017-05-27 11:36:00+02:00,0.135521
2017-05-27 11:37:00+02:00,0.1346
2017-05-27 11:38:00+02:00,0.134795
2017-05-27 11:39:00+02:00,0.133638
2017-05-27 11:40:00+02:00,0.134323
2017-05-27 11:41:00+02:00,0.135023
2017-05-27 11:42:00+02:00,0.13508
2017-05-27 11:43:00+02:00,0.135336
2017-05-27 11:44:00+02:00,0.135502
2017-05-27 11:45:00+02:00,0.136557
2017-05-27 11:46:00+02:00,0.135476
2017-05-27 11:47:00+02:00,0.135148
2017-05-27 11:48:00+02:00,0.136323
2017-05-27 11:49:00+02:00,0.137045
2017-05-27 11:50:00+02:00,0.138087
2017-05-27 11:51:00+02:00,0.137989
2017-05-27 11:52:00+02:00,0.138554
2017-05-27 11:53:00+02:00,0.138857
2017-05-27 11:54:00+02:00,0.138397
2017-05-27 11:55:00+02:00,0.137765
2017-05-27 11:56:00+02:00,0.138147
2017-05-27 11:57:00+02:00,0.138674
2017-05-27 11:58:00+02:00,0.139023
2017-05-27 11:59:00+02:00,0.140662
2017-05-27 12:00:00+02:00,0.141704
2017-05-27 12:01:00+02:00,0.139247
2017-05-27 12:02:00+02:00,0.136205
2017-05-27 12:03:00+02:00,0.136761
2017-05-27 12:04:00+02:00,0.1391
2017-05-27 12:05:00+02:00,0.138309
2017-05-27 12:06:00+02:00,0.138084
2017-05-27 12:07:00+02:00,0.1391
2017-05-27 12:08:00+02:00,0.138386
2017-05-27 12:09:00+02:00,0.138317
2017-05-27 12:10:00+02:00,0.138097
2017-05-27 12:11:00+02:00,0.137219
2017-05-27 12:12:00+02:00,0.136275
2017-05-27 12:13:00+02:00,0.135386
2017-05-27 12:14:00+02:00,0.137291
2017-05-27 12:15:00+02:00,0.138613
2017-05-27 12:16:00+02:00,0.137761
2017-05-27 12:17:00+02:00,0.138417
2017-05-27 12:18:00+02:00,0.13825
2017-05-27 12:19:00+02:00,0.137195
2017-05-27 12:20:00+02:00,0.137304
2017-05-27 12:21:00+02:00,0.137703
2017-05-27 12:22:00+02:00,0.138179
2017-05-27 12:23:00+02:00,0.13906
2017-05-27 12:24:00+02:00,0.140194
2017-05-27 12:25:00+02:00,0.139216
2017-05-27 12:26:00+02:00,0.138131
2017-05-27 12:27:00+02:00,0.137792
2017-05-27 12:28:00+02:00,0.137378
2017-05-27 12:29:00+02:00,0.137849
2017-05-27 12:30:00+02:00,0.14094
2017-05-27 12:31:00+02:00,0.140064
2017-05-27 12:32:00+02:00,0.139649
2017-05-27 12:33:00+02:00,0.13705
2017-05-27 12:34:00+02:00,0.136353
2017-05-27 12:35:00+02:00,0.136787
2017-05-27 12:36:00+02:00,0.134642
2017-05-27 12:37:00+02:00,0.134601
2017-05-27 12:38:00+02:00,0.135977
2017-05-27 12:39:00+02:00,0.137987
2017-05-27 12:40:00+02:00,0.13838
2017-05-27 12:41:00+02:00,0.136268
2017-05-27 12:42:00+02:00,0.136021
2017-05-27 12:43:00+02:00,0.13679
2017-05-27 12:44:00+02:00,0.135514
2017-05-27 12:45:00+02:00,0.132707
2017-05-27 12:46:00+02:00,0.134006
2017-05-27 12:47:00+02:00,0.134776
2017-05-27 12:48:00+02:00,0.136138
2017-05-27 12:49:00+02:00,0.136658
2017-05-27 12:50:00+02:00,0.13651
2017-05-27 12:51:00+02:00,0.136776
2017-05-27 12:52:00+02:00,0.136294
2017-05-27 12:53:00+02:00,0.136923
2017-05-27 12:54:00+02:00,0.137907
2017-05-27 12:55:00+02:00,0.13907
2017-05-27 12:56:00+02:00,0.139537
2017-05-27 12:57:00+02:00,0.139851
2017-05-27 12:58:00+02:00,0.140528
2017-05-27 12:59:00+02:00,0.14176
2017-05-27 13:00:00+02:00,0.143783
2017-05-27 13:01:00+02:00,0.142508
2017-05-27 13:02:00+02:00,0.141815
2017-05-27 13:03:00+02:00,0.14245
2017-05-27 13:04:00+02:00,0.14228
2017-05-27 13:05:00+02:00,0.141378
2017-05-27 13:06:00+02:00,0.141499
2017-05-27 13:07:00+02:00,0.142009
2017-05-27 13:08:00+02:00,0.141773
2017-05-27 13:09:00+02:00,0.14054
2017-05-27 13:10:00+02:00,0.13915
2017-05-27 13:11:00+02:00,0.139395
2017-05-27 13:12:00+02:00,0.140427
2017-05-27 13:13:00+02:00,0.140325
2017-05-27 13:14:00+02:00,0.140076
2017-05-27 13:15:00+02:00,0.138018
2017-05-27 13:16:00+02:00,0.137035
2017-05-27 13:17:00+02:00,0.138408
2017-05-27 13:18:00+02:00,0.137066
2017-05-27 13:19:00+02:00,0.136853
2017-05-27 13:20:00+02:00,0.138267
2017-05-27 13:21:00+02:00,0.139115
2017-05-27 13:22:00+02:00,0.138234
2017-05-27 13:23:00+02:00,0.138206
2017-05-27 13:24:00+02:00,0.137405
2017-05-27 13:25:00+02:00,0.13798
2017-05-27 13:26:00+02:00,0.137887
2017-05-27 13:27:00+02:00,0.138314
2017-05-27 13:28:00+02:00,0.138169
2017-05-27 13:29:00+02:00,0.13811
2017-05-27 13:30:00+02:00,0.141484
2017-05-27 13:31:00+02:00,0.142025
2017-05-27 13:32:00+02:00,0.141276
2017-05-27 13:33:00+02:00,0.138757
2017-05-27 13:34:00+02:00,0.138332
2017-05-27 13:35:00+02:00,0.137381
2017-05-27 13:36:00+02:00,0.136339
2017-05-27 13:37:00+02:00,0.136182
2017-05-27 13:38:00+02:00,0.136681
2017-05-27 13:39:00+02:00,0.134705
2017-05-27 13:40:00+02:00,0.134774
2017-05-27 13:41:00+02:00,0.136243
2017-05-27 13:42:00+02:00,0.136285
2017-05-27 13:43:00+02:00,0.135691
2017-05-27 13:44:00+02:00,0.135485
2017-05-27 13:45:00+02:00,0.137647
2017-05-27 13:46:00+02:00,0.136348
2017-05-27 13:47:00+02:00,0.135777
2017-05-27 13:48:00+02:00,0.133146
2017-05-27 13:49:00+02:00,0.132785
2017-05-27 13:50:00+02:00,0.134459
2017-05-27 13:51:00+02:00,0.133131
2017-05-27 13:52:00+02:00,0.13454
2017-05-27 13:53:00+02:00,0.133555
2017-05-27 13:54:00+02:00,0.133459
2017-05-27 13:55:00+02:00,0.133283
2017-05-27 13:56:00+02:00,0.133161
2017-05-27 13:57:00+02:00,0.135534
2017-05-27 13:58:00+02:00,0.136614
2017-05-27 13:59:00+02:00,0.134663
2017-05-27 14:00:00+02:00,0.136681
2017-05-27 14:01:00+02:00,0.13541
2017-05-27 14:02:00+02:00,0.134849
2017-05-27 14:03:00+02:00,0.134149
2017-05-27 14:04:00+02:00,0.134044
2017-05-27 14:05:00+02:00,0.132638
2017-05-27 14:06:00+02:00,0.13176
2017-05-27 14:07:00+02:00,0.133074
2017-05-27 14:08:00+02:00,0.13183
2017-05-27 14:09:00+02:00,0.130953
2017-05-27 14:10:00+02:00,0.131115
2017-05-27 14:11:00+02:00,0.131625
2017-05-27 14:12:00+02:00,0.131262
2017-05-27 14:13:00+02:00,0.131017
2017-05-27 14:14:00+02:00,0.132338
2017-05-27 14:15:00+02:00,0.135705
2017-05-27 14:16:00+02:00,0.133962
2017-05-27 14:17:00+02:00,0.132716
2017-05-27 14:18:00+02:00,0.124559
2017-05-27 14:19:00+02:00,0.127903
2017-05-27 14:20:00+02:00,0.126258
2017-05-27 14:21:00+02:00,0.127676
2017-05-27 14:22:00+02:00,0.128284
2017-05-27 14:23:00+02:00,0.127775
2017-05-27 14:24:00+02:00,0.128222
2017-05-27 14:25:00+02:00,0.128357
2017-05-27 14:26:00+02:00,0.128842
2017-05-27 14:27:00+02:00,0.128333
2017-05-27 14:28:00+02:00,0.123428
2017-05-27 14:29:00+02:00,0.126788
2017-05-27 14:30:00+02:00,0.125551
2017-05-27 14:31:00+02:00,0.124572
2017-05-27 14:32:00+02:00,0.124533
2017-05-27 14:33:00+02:00,0.127587
2017-05-27 14:34:00+02:00,0.129181
2017-05-27 14:35:00+02:00,0.128099
2017-05-27 14:36:00+02:00,0.128538
2017-05-27 14:37:00+02:00,0.129094
2017-05-27 14:38:00+02:00,0.123835
2017-05-27 14:39:00+02:00,0.12568
2017-05-27 14:40:00+02:00,0.125352
2017-05-27 14:41:00+02:00,0.126726
2017-05-27 14:42:00+02:00,0.129628
2017-05-27 14:43:00+02:00,0.131308
2017-05-27 14:44:00+02:00,0.132324
2017-05-27 14:45:00+02:00,0.131579
2017-05-27 14:46:00+02:00,0.1305
2017-05-27 14:47:00+02:00,0.129823
2017-05-27 14:48:00+02:00,0.126107
2017-05-27 14:49:00+02:00,0.12818
2017-05-27 14:50:00+02:00,0.125477
2017-05-27 14:51:00+02:00,0.12609
2017-05-27 14:52:00+02:00,0.126359
2017-05-27 14:53:00+02:00,0.128886
2017-05-27 14:54:00+02:00,0.128283
2017-05-27 14:55:00+02:00,0.128406
2017-05-27 14:56:00+02:00,0.128606
2017-05-27 14:57:00+02:00,0.122559
2017-05-27 14:58:00+02:00,0.12581
2017-05-27 14:59:00+02:00,0.122466
2017-05-27 15:00:00+02:00,0.122846
2017-05-27 15:01:00+02:00,0.122132
2017-05-27 15:02:00+02:00,0.121969
2017-05-27 15:03:00+02:00,0.124197
2017-05-27 15:04:00+02:00,0.125963
2017-05-27 15:05:00+02:00,0.125906
2017-05-27 15:06:00+02:00,0.126097
2017-05-27 15:07:00+02:00,0.127722
2017-05-27 15:08:00+02:00,0.12794
2017-05-27 15:09:00+02:00,0.127344
2017-05-27 15:10:00+02:00,0.127262
2017-05-27 15:11:00+02:00,0.126844
2017-05-27 15:12:00+02:00,0.125698
2017-05-27 15:13:00+02:00,0.125048
2017-05-27 15:14:00+02:00,0.125639
2017-05-27 15:15:00+02:00,0.128672
2017-05-27 15:16:00+02:00,0.125908
2017-05-27 15:17:00+02:00,0.123918
2017-05-27 15:18:00+02:00,0.122553
2017-05-27 15:19:00+02:00,0.121977
2017-05-27 15:20:00+02:00,0.122652
2017-05-27 15:21:00+02:00,0.12173
2017-05-27 15:22:00+02:00,0.122631
2017-05-27 15:23:00+02:00,0.12299
2017-05-27 15:24:00+02:00,0.12271
2017-05-27 15:25:00+02:00,0.123036
2017-05-27 15:26:00+02:00,0.122796
2017-05-27 15:27:00+02:00,0.123448
2017-05-27 15:28:00+02:00,0.123347
2017-05-27 15:29:00+02:00,0.122075
2017-05-27 15:30:00+02:00,0.122246
2017-05-27 15:31:00+02:00,0.122881
2017-05-27 15:32:00+02:00,0.124167
2017-05-27 15:33:00+02:00,0.123309
2017-05-27 15:34:00+02:00,0.120488
2017-05-27 15:35:00+02:00,0.120131
2017-05-27 15:36:00+02:00,0.119791
2017-05-27 15:37:00+02:00,0.119984
2017-05-27 15:38:00+02:00,0.120013
2017-05-27 15:39:00+02:00,0.121122
2017-05-27 15:40:00+02:00,0.122862
2017-05-27 15:41:00+02:00,0.122315
2017-05-27 15:42:00+02:00,0.119944
2017-05-27 15:43:00+02:00,0.119683
2017-05-27 15:44:00+02:00,0.119508
2017-05-27 15:45:00+02:00,0.123189
2017-05-27 15:46:00+02:00,0.120003
2017-05-27 15:47:00+02:00,0.117699
2017-05-27 15:48:00+02:00,0.116503
2017-05-27 15:49:00+02:00,0.116164
2017-05-27 15:50:00+02:00,0.117921
2017-05-27 15:51:00+02:00,0.116342
2017-05-27 15:52:00+02:00,0.115423
2017-05-27 15:53:00+02:00,0.114171
2017-05-27 15:54:00+02:00,0.113318
2017-05-27 15:55:00+02:00,0.113156
2017-05-27 15:56:00+02:00,0.112363
2017-05-27 15:57:00+02:00,0.114187
2017-05-27 15:58:00+02:00,0.115016
2017-05-27 15:59:00+02:00,0.114485
2017-05-27 16:00:00+02:00,0.119298
2017-05-27 16:01:00+02:00,0.118636
2017-05-27 16:02:00+02:00,0.119244
2017-05-27 16:03:00+02:00,0.117058
2017-05-27 16:04:00+02:00,0.11768
2017-05-27 16:05:00+02:00,0.116335
2017-05-27 16:06:00+02:00,0.116145
2017-05-27 16:07:00+02:00,0.115685
2017-05-27 16:08:00+02:00,0.114498
2017-05-27 16:09:00+02:00,0.114944
2017-05-27 16:10:00+02:00,0.114603
2017-05-27 16:11:00+02:00,0.114769
2017-05-27 16:12:00+02:00,0.114339
2017-05-27 16:13:00+02:00,0.114624
2017-05-27 16:14:00+02:00,0.114822
2017-05-27 16:15:00+02:00,0.115776
2017-05-27 16:16:00+02:00,0.114733
2017-05-27 16:17:00+02:00,0.113051
2017-05-27 16:18:00+02:00,0.114514
2017-05-27 16:19:00+02:00,0.114288
2017-05-27 16:20:00+02:00,0.113435
2017-05-27 16:21:00+02:00,0.113478
2017-05-27 16:22:00+02:00,0.114366
2017-05-27 16:23:00+02:00,0.11393
2017-05-27 16:24:00+02:00,0.113828
2017-05-27 16:25:00+02:00,0.113087
2017-05-27 16:26:00+02:00,0.112012
2017-05-27 16:27:00+02:00,0.111812
2017-05-27 16:28:00+02:00,0.111593
2017-05-27 16:29:00+02:00,0.110432
2017-05-27 16:30:00+02:00,0.109424
2017-05-27 16:31:00+02:00,0.108587
2017-05-27 16:32:00+02:00,0.108806
2017-05-27 16:33:00+02:00,0.108329
2017-05-27 16:34:00+02:00,0.108531
2017-05-27 16:35:00+02:00,0.107841
2017-05-27 16:36:00+02:00,0.107458
2017-05-27 16:37:00+02:00,0.107427
2017-05-27 16:38:00+02:00,0.106514
2017-05-27 16:39:00+02:00,0.106708
2017-05-27 16:40:00+02:00,0.108309
2017-05-27 16:41:00+02:00,0.109003
2017-05-27 16:42:00+02:00,0.110093
2017-05-27 16:43:00+02:00,0.110045
2017-05-27 16:44:00+02:00,0.109373
2017-05-27 16:45:00+02:00,0.107723
2017-05-27 16:46:00+02:00,0.106727
2017-05-27 16:47:00+02:00,0.105848
2017-05-27 16:48:00+02:00,0.104412
2017-05-27 16:49:00+02:00,0.103703
2017-05-27 16:50:00+02:00,0.102512
2017-05-27 16:51:00+02:00,0.102027
2017-05-27 16:52:00+02:00,0.100451
2017-05-27 16:53:00+02:00,0.099226
2017-05-27 16:54:00+02:00,0.097115
2017-05-27 16:55:00+02:00,0.096013
2017-05-27 16:56:00+02:00,0.09544
2017-05-27 16:57:00+02:00,0.089777
2017-05-27 16:58:00+02:00,0.089409
2017-05-27 16:59:00+02:00,0.087586
2017-05-27 17:00:00+02:00,0.085875
2017-05-27 17:01:00+02:00,0.084506
2017-05-27 17:02:00+02:00,0.084071
2017-05-27 17:03:00+02:00,0.083192
2017-05-27 17:04:00+02:00,0.08226
2017-05-27 17:05:00+02:00,0.083216
2017-05-27 17:06:00+02:00,0.081781
2017-05-27 17:07:00+02:00,0.081387
2017-05-27 17:08:00+02:00,0.080551
2017-05-27 17:09:00+02:00,0.078818
2017-05-27 17:10:00+02:00,0.07609
2017-05-27 17:11:00+02:00,0.074467
2017-05-27 17:12:00+02:00,0.072937
2017-05-27 17:13:00+02:00,0.071734
2017-05-27 17:14:00+02:00,0.069818
2017-05-27 17:15:00+02:00,0.065694
2017-05-27 17:16:00+02:00,0.063
2017-05-27 17:17:00+02:00,0.060489
2017-05-27 17:18:00+02:00,0.058708
2017-05-27 17:19:00+02:00,0.059277
2017-05-27 17:20:00+02:00,0.057599
2017-05-27 17:21:00+02:00,0.057634
2017-05-27 17:22:00+02:00,0.057586
2017-05-27 17:23:00+02:00,0.057173
2017-05-27 17:24:00+02:00,0.057203
2017-05-27 17:25:00+02:00,0.057492
2017-05-27 17:26:00+02:00,0.057283
2017-05-27 17:27:00+02:00,0.056026
2017-05-27 17:28:00+02:00,0.055409
2017-05-27 17:29:00+02:00,0.054188
2017-05-27 17:30:00+02:00,0.054245
2017-05-27 17:31:00+02:00,0.052604
2017-05-27 17:32:00+02:00,0.05383
2017-05-27 17:33:00+02:00,0.052757
2017-05-27 17:34:00+02:00,0.052098
2017-05-27 17:35:00+02:00,0.052837
2017-05-27 17:36:00+02:00,0.055145
2017-05-27 17:37:00+02:00,0.054055
2017-05-27 17:38:00+02:00,0.050246
2017-05-27 17:39:00+02:00,0.050655
2017-05-27 17:40:00+02:00,0.049208
2017-05-27 17:41:00+02:00,0.048962
2017-05-27 17:42:00+02:00,0.048895
2017-05-27 17:43:00+02:00,0.047624
2017-05-27 17:44:00+02:00,0.048235
2017-05-27 17:45:00+02:00,0.048059
2017-05-27 17:46:00+02:00,0.04824
2017-05-27 17:47:00+02:00,0.0483
2017-05-27 17:48:00+02:00,0.046504
2017-05-27 17:49:00+02:00,0.045853
2017-05-27 17:50:00+02:00,0.043882
2017-05-27 17:51:00+02:00,0.043334
2017-05-27 17:52:00+02:00,0.043493
2017-05-27 17:53:00+02:00,0.04431
2017-05-27 17:54:00+02:00,0.043424
2017-05-27 17:55:00+02:00,0.04247
2017-05-27 17:56:00+02:00,0.04112
2017-05-27 17:57:00+02:00,0.039555
2017-05-27 17:58:00+02:00,0.040338
2017-05-27 17:59:00+02:00,0.038678
2017-05-27 18:00:00+02:00,0.03626
2017-05-27 18:01:00+02:00,0.033973
2017-05-27 18:02:00+02:00,0.034134
2017-05-27 18:03:00+02:00,0.034814
2017-05-27 18:04:00+02:00,0.035175
2017-05-27 18:05:00+02:00,0.040127
2017-05-27 18:06:00+02:00,0.034541
2017-05-27 18:07:00+02:00,0.035418
2017-05-27 18:08:00+02:00,0.035341
2017-05-27 18:09:00+02:00,0.03571
2017-05-27 18:10:00+02:00,0.034802
2017-05-27 18:11:00+02:00,0.034134
2017-05-27 18:12:00+02:00,0.033382
2017-05-27 18:13:00+02:00,0.031453
2017-05-27 18:14:00+02:00,0.031549
2017-05-27 18:15:00+02:00,0.030001
2017-05-27 18:16:00+02:00,0.028119
2017-05-27 18:17:00+02:00,0.027918
2017-05-27 18:18:00+02:00,0.02674
2017-05-27 18:19:00+02:00,0.026162
2017-05-27 18:20:00+02:00,0.02496
2017-05-27 18:21:00+02:00,0.025181
2017-05-27 18:22:00+02:00,0.023956
2017-05-27 18:23:00+02:00,0.021986
2017-05-27 18:24:00+02:00,0.020447
2017-05-27 18:25:00+02:00,0.020659
2017-05-27 18:26:00+02:00,0.020932
2017-05-27 18:27:00+02:00,0.019583
2017-05-27 18:28:00+02:00,0.020036
2017-05-27 18:29:00+02:00,0.020271
2017-05-27 18:30:00+02:00,0.019394
2017-05-27 18:31:00+02:00,0.019466
2017-05-27 18:32:00+02:00,0.019567
2017-05-27 18:33:00+02:00,0.018361
2017-05-27 18:34:00+02:00,0.018697
2017-05-27 18:35:00+02:00,0.018665
2017-05-27 18:36:00+02:00,0.01795
2017-05-27 18:37:00+02:00,0.017758
2017-05-27 18:38:00+02:00,0.017853
2017-05-27 18:39:00+02:00,0.018823
2017-05-27 18:40:00+02:00,0.017055
2017-05-27 18:41:00+02:00,0.016115
2017-05-27 18:42:00+02:00,0.014338
2017-05-27 18:43:00+02:00,0.014884
2017-05-27 18:44:00+02:00,0.015206
2017-05-27 18:45:00+02:00,0.015381
2017-05-27 18:46:00+02:00,0.014026
2017-05-27 18:47:00+02:00,0.014303
2017-05-27 18:48:00+02:00,0.014534
2017-05-27 18:49:00+02:00,0.014023
2017-05-27 18:50:00+02:00,0.01358
2017-05-27 18:51:00+02:00,0.013628
2017-05-27 18:52:00+02:00,0.013989
2017-05-27 18:53:00+02:00,0.014048
2017-05-27 18:54:00+02:00,0.013413
2017-05-27 18:55:00+02:00,0.012567
2017-05-27 18:56:00+02:00,0.012249
2017-05-27 18:57:00+02:00,0.013072
2017-05-27 18:58:00+02:00,0.012911
2017-05-27 18:59:00+02:00,0.01161
2017-05-27 19:00:00+02:00,0.011366
2017-05-27 19:01:00+02:00,0.011978
2017-05-27 19:02:00+02:00,0.012722
2017-05-27 19:03:00+02:00,0.013693
2017-05-27 19:04:00+02:00,0.01406
2017-05-27 19:05:00+02:00,0.015313
2017-05-27 19:06:00+02:00,0.014724
2017-05-27 19:07:00+02:00,0.011161
2017-05-27 19:08:00+02:00,0.011127
2017-05-27 19:09:00+02:00,0.011656
2017-05-27 19:10:00+02:00,0.012293
2017-05-27 19:11:00+02:00,0.012628
2017-05-27 19:12:00+02:00,0.012775
2017-05-27 19:13:00+02:00,0.012286
2017-05-27 19:14:00+02:00,0.012239
2017-05-27 19:15:00+02:00,0.011375
2017-05-27 19:16:00+02:00,0.009934
2017-05-27 19:17:00+02:00,0.010857
2017-05-27 19:18:00+02:00,0.010993
2017-05-27 19:19:00+02:00,0.01079
2017-05-27 19:20:00+02:00,0.011415
2017-05-27 19:21:00+02:00,0.00942
2017-05-27 19:22:00+02:00,0.013257
2017-05-27 19:23:00+02:00,0.013892
2017-05-27 19:24:00+02:00,0.014014
2017-05-27 19:25:00+02:00,0.012921
2017-05-27 19:26:00+02:00,0.013014
2017-05-27 19:27:00+02:00,0.012992
2017-05-27 19:28:00+02:00,0.013874
2017-05-27 19:29:00+02:00,0.013301
2017-05-27 19:30:00+02:00,0.010777
2017-05-27 19:31:00+02:00,0.00878
2017-05-27 19:32:00+02:00,0.00882
2017-05-27 19:33:00+02:00,0.008845
2017-05-27 19:34:00+02:00,0.008221
2017-05-27 19:35:00+02:00,0.007299
2017-05-27 19:36:00+02:00,0.008801
2017-05-27 19:37:00+02:00,0.007919
2017-05-27 19:38:00+02:00,0.007719
2017-05-27 19:39:00+02:00,0.007323
2017-05-27 19:40:00+02:00,0.007562
2017-05-27 19:41:00+02:00,0.007688
2017-05-27 19:42:00+02:00,0.009261
2017-05-27 19:43:00+02:00,0.008655
2017-05-27 19:44:00+02:00,0.008323
2017-05-27 19:45:00+02:00,0.006849
2017-05-27 19:46:00+02:00,0.008426
2017-05-27 19:47:00+02:00,0.008659
2017-05-27 19:48:00+02:00,0.008594
2017-05-27 19:49:00+02:00,0.009111
2017-05-27 19:50:00+02:00,0.009105
2017-05-27 19:51:00+02:00,0.007319
2017-05-27 19:52:00+02:00,0.011365
2017-05-27 19:53:00+02:00,0.015008
2017-05-27 19:54:00+02:00,0.017833
2017-05-27 19:55:00+02:00,0.021406
2017-05-27 19:56:00+02:00,0.022381
2017-05-27 19:57:00+02:00,0.019032
2017-05-27 19:58:00+02:00,0.013874
2017-05-27 19:59:00+02:00,0.014848
2017-05-27 20:00:00+02:00,0.009278
2017-05-27 20:01:00+02:00,0.009322
2017-05-27 20:02:00+02:00,0.010863
2017-05-27 20:03:00+02:00,0.010553
2017-05-27 20:04:00+02:00,0.012116
2017-05-27 20:05:00+02:00,0.010488
2017-05-27 20:06:00+02:00,0.009111
2017-05-27 20:07:00+02:00,0.009063
2017-05-27 20:08:00+02:00,0.010071
2017-05-27 20:09:00+02:00,0.009905
2017-05-27 20:10:00+02:00,0.010801
2017-05-27 20:11:00+02:00,0.010419
2017-05-27 20:12:00+02:00,0.011343
2017-05-27 20:13:00+02:00,0.011163
2017-05-27 20:14:00+02:00,0.010316
2017-05-27 20:15:00+02:00,0.009315
2017-05-27 20:16:00+02:00,0.010506
2017-05-27 20:17:00+02:00,0.008505
2017-05-27 20:18:00+02:00,0.00906
2017-05-27 20:19:00+02:00,0.012108
2017-05-27 20:20:00+02:00,0.012675
2017-05-27 20:21:00+02:00,0.012335
2017-05-27 20:22:00+02:00,0.013098
2017-05-27 20:23:00+02:00,0.013424
2017-05-27 20:24:00+02:00,0.011423
2017-05-27 20:25:00+02:00,0.011648
2017-05-27 20:26:00+02:00,0.012671
2017-05-27 20:27:00+02:00,0.012576
2017-05-27 20:28:00+02:00,0.013178
2017-05-27 20:29:00+02:00,0.01875
2017-05-27 20:30:00+02:00,0.022248
2017-05-27 20:31:00+02:00,0.019653
2017-05-27 20:32:00+02:00,0.021047
2017-05-27 20:33:00+02:00,0.02031
2017-05-27 20:34:00+02:00,0.018762
2017-05-27 20:35:00+02:00,0.010734
2017-05-27 20:36:00+02:00,0.00933
2017-05-27 20:37:00+02:00,0.010281
2017-05-27 20:38:00+02:00,0.009505
2017-05-27 20:39:00+02:00,0.009115
2017-05-27 20:40:00+02:00,0.0112
2017-05-27 20:41:00+02:00,0.011245
2017-05-27 20:42:00+02:00,0.010607
2017-05-27 20:43:00+02:00,0.009549
2017-05-27 20:44:00+02:00,0.009529
2017-05-27 20:45:00+02:00,0.011365
2017-05-27 20:46:00+02:00,0.013072
2017-05-27 20:47:00+02:00,0.012386
2017-05-27 20:48:00+02:00,0.012738
2017-05-27 20:49:00+02:00,0.014221
2017-05-27 20:50:00+02:00,0.017167
2017-05-27 20:51:00+02:00,0.017598
2017-05-27 20:52:00+02:00,0.017676
2017-05-27 20:53:00+02:00,0.018561
2017-05-27 20:54:00+02:00,0.017086
2017-05-27 20:55:00+02:00,0.016447
2017-05-27 20:56:00+02:00,0.015494
2017-05-27 20:57:00+02:00,0.011949
2017-05-27 20:58:00+02:00,0.012505
2017-05-27 20:59:00+02:00,0.011887
2017-05-27 21:00:00+02:00,0.010915
2017-05-27 21:01:00+02:00,0.010345
2017-05-27 21:02:00+02:00,0.010455
2017-05-27 21:03:00+02:00,0.010571
2017-05-27 21:04:00+02:00,0.017171
2017-05-27 21:05:00+02:00,0.017311
2017-05-27 21:06:00+02:00,0.017954
2017-05-27 21:07:00+02:00,0.018572
2017-05-27 21:08:00+02:00,0.018819
2017-05-27 21:09:00+02:00,0.01815
2017-05-27 21:10:00+02:00,0.017193
2017-05-27 21:11:00+02:00,0.016291
2017-05-27 21:12:00+02:00,0.016668
2017-05-27 21:13:00+02:00,0.016146
2017-05-27 21:14:00+02:00,0.017373
2017-05-27 21:15:00+02:00,0.016684
2017-05-27 21:16:00+02:00,0.012572
2017-05-27 21:17:00+02:00,0.014929
2017-05-27 21:18:00+02:00,0.014645
2017-05-27 21:19:00+02:00,0.014645
2017-05-27 21:20:00+02:00,0.015948
2017-05-27 21:21:00+02:00,0.015836
2017-05-27 21:22:00+02:00,0.016514
2017-05-27 21:23:00+02:00,0.017032
2017-05-27 21:24:00+02:00,0.016105
2017-05-27 21:25:00+02:00,0.01635
2017-05-27 21:26:00+02:00,0.016492
2017-05-27 21:27:00+02:00,0.015409
2017-05-27 21:28:00+02:00,0.016462
2017-05-27 21:29:00+02:00,0.014792
2017-05-27 21:30:00+02:00,0.012707
2017-05-27 21:31:00+02:00,0.011813
2017-05-27 21:32:00+02:00,0.010716
2017-05-27 21:33:00+02:00,0.010685
2017-05-27 21:34:00+02:00,0.011406
2017-05-27 21:35:00+02:00,0.010672
2017-05-27 21:36:00+02:00,0.010384
2017-05-27 21:37:00+02:00,0.010395
2017-05-27 21:38:00+02:00,0.010357
2017-05-27 21:39:00+02:00,0.010927
2017-05-27 21:40:00+02:00,0.011277
2017-05-27 21:41:00+02:00,0.012184
2017-05-27 21:42:00+02:00,0.010891
2017-05-27 21:43:00+02:00,0.009825
2017-05-27 21:44:00+02:00,0.0105
2017-05-27 21:45:00+02:00,0.010947
2017-05-27 21:46:00+02:00,0.01087
2017-05-27 21:47:00+02:00,0.011314
2017-05-27 21:48:00+02:00,0.010582
2017-05-27 21:49:00+02:00,0.009477
2017-05-27 21:50:00+02:00,0.009956
2017-05-27 21:51:00+02:00,0.008366
2017-05-27 21:52:00+02:00,0.008458
2017-05-27 21:53:00+02:00,0.008916
2017-05-27 21:54:00+02:00,0.008877
2017-05-27 21:55:00+02:00,0.009665
2017-05-27 21:56:00+02:00,0.0096
2017-05-27 21:57:00+02:00,0.010043
2017-05-27 21:58:00+02:00,0.010236
2017-05-27 21:59:00+02:00,0.009981
2017-05-27 22:00:00+02:00,0.011428
2017-05-27 22:01:00+02:00,0.010565
2017-05-27 22:02:00+02:00,0.013266
2017-05-27 22:03:00+02:00,0.011544
2017-05-27 22:04:00+02:00,0.012576
2017-05-27 22:05:00+02:00,0.012092
2017-05-27 22:06:00+02:00,0.010642
2017-05-27 22:07:00+02:00,0.011299
2017-05-27 22:08:00+02:00,0.011098
2017-05-27 22:09:00+02:00,0.012981
2017-05-27 22:10:00+02:00,0.013331
2017-05-27 22:11:00+02:00,0.012495
2017-05-27 22:12:00+02:00,0.013343
2017-05-27 22:13:00+02:00,0.014998
2017-05-27 22:14:00+02:00,0.01225
2017-05-27 22:15:00+02:00,0.012831
2017-05-27 22:16:00+02:00,0.01247
2017-05-27 22:17:00+02:00,0.011633
2017-05-27 22:18:00+02:00,0.0101
2017-05-27 22:19:00+02:00,0.009952
2017-05-27 22:20:00+02:00,0.010306
2017-05-27 22:21:00+02:00,0.010126
2017-05-27 22:22:00+02:00,0.01107
2017-05-27 22:23:00+02:00,0.010755
2017-05-27 22:24:00+02:00,0.010994
2017-05-27 22:25:00+02:00,0.01392
2017-05-27 22:26:00+02:00,0.0161
2017-05-27 22:27:00+02:00,0.015179
2017-05-27 22:28:00+02:00,0.014051
2017-05-27 22:29:00+02:00,0.013619
2017-05-27 22:30:00+02:00,0.014183
2017-05-27 22:31:00+02:00,0.014428
2017-05-27 22:32:00+02:00,0.013683
2017-05-27 22:33:00+02:00,0.014209
2017-05-27 22:34:00+02:00,0.010928
2017-05-27 22:35:00+02:00,0.009513
2017-05-27 22:36:00+02:00,0.011578
2017-05-27 22:37:00+02:00,0.010903
2017-05-27 22:38:00+02:00,0.012554
2017-05-27 22:39:00+02:00,0.013557
2017-05-27 22:40:00+02:00,0.013197
2017-05-27 22:41:00+02:00,0.013266
2017-05-27 22:42:00+02:00,0.013023
2017-05-27 22:43:00+02:00,0.014526
2017-05-27 22:44:00+02:00,0.014315
2017-05-27 22:45:00+02:00,0.013081
2017-05-27 22:46:00+02:00,0.013149
2017-05-27 22:47:00+02:00,0.013924
2017-05-27 22:48:00+02:00,0.013349
2017-05-27 22:49:00+02:00,0.012504
2017-05-27 22:50:00+02:00,0.011206
2017-05-27 22:51:00+02:00,0.010657
2017-05-27 22:52:00+02:00,0.010749
2017-05-27 22:53:00+02:00,0.009743
2017-05-27 22:54:00+02:00,0.00863
2017-05-27 22:55:00+02:00,0.007105
2017-05-27 22:56:00+02:00,0.007384
2017-05-27 22:57:00+02:00,0.008545
2017-05-27 22:58:00+02:00,0.008329
2017-05-27 22:59:00+02:00,0.008262
2017-05-27 23:00:00+02:00,0.008673
2017-05-27 23:01:00+02:00,0.009107
2017-05-27 23:02:00+02:00,0.00887
2017-05-27 23:03:00+02:00,0.009081
2017-05-27 23:04:00+02:00,0.008078
2017-05-27 23:05:00+02:00,0.009351
2017-05-27 23:06:00+02:00,0.010216
2017-05-27 23:07:00+02:00,0.010256
2017-05-27 23:08:00+02:00,0.010177
2017-05-27 23:09:00+02:00,0.010872
2017-05-27 23:10:00+02:00,0.0096
2017-05-27 23:11:00+02:00,0.008491
2017-05-27 23:12:00+02:00,0.008548
2017-05-27 23:13:00+02:00,0.010489
2017-05-27 23:14:00+02:00,0.011572
2017-05-27 23:15:00+02:00,0.008366
2017-05-27 23:16:00+02:00,0.007758
2017-05-27 23:17:00+02:00,0.00992
2017-05-27 23:18:00+02:00,0.009312
2017-05-27 23:19:00+02:00,0.008873
2017-05-27 23:20:00+02:00,0.008563
2017-05-27 23:21:00+02:00,0.007128
2017-05-27 23:22:00+02:00,0.006609
2017-05-27 23:23:00+02:00,0.007857
2017-05-27 23:24:00+02:00,0.007652
2017-05-27 23:25:00+02:00,0.007696
2017-05-27 23:26:00+02:00,0.00821
2017-05-27 23:27:00+02:00,0.008502
2017-05-27 23:28:00+02:00,0.009112
2017-05-27 23:29:00+02:00,0.008134
2017-05-27 23:30:00+02:00,0.009935
2017-05-27 23:31:00+02:00,0.010089
2017-05-27 23:32:00+02:00,0.009932
2017-05-27 23:33:00+02:00,0.008855
2017-05-27 23:34:00+02:00,0.008738
2017-05-27 23:35:00+02:00,0.007767
2017-05-27 23:36:00+02:00,0.00681
2017-05-27 23:37:00+02:00,0.006931
2017-05-27 23:38:00+02:00,0.006486
2017-05-27 23:39:00+02:00,0.005954
2017-05-27 23:40:00+02:00,0.007398
2017-05-27 23:41:00+02:00,0.01022
2017-05-27 23:42:00+02:00,0.008277
2017-05-27 23:43:00+02:00,0.006496
2017-05-27 23:44:00+02:00,0.007061
2017-05-27 23:45:00+02:00,0.010687
2017-05-27 23:46:00+02:00,0.011276
2017-05-27 23:47:00+02:00,0.012203
2017-05-27 23:48:00+02:00,0.013207
2017-05-27 23:49:00+02:00,0.013788
2017-05-27 23:50:00+02:00,0.011431
2017-05-27 23:51:00+02:00,0.010581
2017-05-27 23:52:00+02:00,0.010249
2017-05-27 23:53:00+02:00,0.010966
2017-05-27 23:54:00+02:00,0.01026
2017-05-27 23:55:00+02:00,0.013135
2017-05-27 23:56:00+02:00,0.014162
2017-05-27 23:57:00+02:00,0.013032
2017-05-27 23:58:00+02:00,0.010204
2017-05-27 23:59:00+02:00,0.009255
2017-05-28 00:00:00+02:00,0.007408
2017-05-28 00:01:00+02:00,0.00663
2017-05-28 00:02:00+02:00,0.006213
2017-05-28 00:03:00+02:00,0.009103
2017-05-28 00:04:00+02:00,0.009681
2017-05-28 00:05:00+02:00,0.009613
2017-05-28 00:06:00+02:00,0.00824
2017-05-28 00:07:00+02:00,0.007952
2017-05-28 00:08:00+02:00,0.008104
2017-05-28 00:09:00+02:00,0.007754
2017-05-28 00:10:00+02:00,0.007064
2017-05-28 00:11:00+02:00,0.007195
2017-05-28 00:12:00+02:00,0.007598
2017-05-28 00:13:00+02:00,0.007275
2017-05-28 00:14:00+02:00,0.008764
2017-05-28 00:15:00+02:00,0.009254
2017-05-28 00:16:00+02:00,0.008119
2017-05-28 00:17:00+02:00,0.00808
2017-05-28 00:18:00+02:00,0.007668
2017-05-28 00:19:00+02:00,0.005558
2017-05-28 00:20:00+02:00,0.005965
2017-05-28 00:21:00+02:00,0.006176
2017-05-28 00:22:00+02:00,0.007218
2017-05-28 00:23:00+02:00,0.010284
2017-05-28 00:24:00+02:00,0.00948
2017-05-28 00:25:00+02:00,0.009254
2017-05-28 00:26:00+02:00,0.00953
2017-05-28 00:27:00+02:00,0.009511
2017-05-28 00:28:00+02:00,0.009296
2017-05-28 00:29:00+02:00,0.008365
2017-05-28 00:30:00+02:00,0.008656
2017-05-28 00:31:00+02:00,0.009789
2017-05-28 00:32:00+02:00,0.010588
2017-05-28 00:33:00+02:00,0.009721
2017-05-28 00:34:00+02:00,0.009091
2017-05-28 00:35:00+02:00,0.008798
2017-05-28 00:36:00+02:00,0.007325
2017-05-28 00:37:00+02:00,0.007539
2017-05-28 00:38:00+02:00,0.007124
2017-05-28 00:39:00+02:00,0.007185
2017-05-28 00:40:00+02:00,0.007665
2017-05-28 00:41:00+02:00,0.008236
2017-05-28 00:42:00+02:00,0.008992
2017-05-28 00:43:00+02:00,0.010063
2017-05-28 00:44:00+02:00,0.009816
2017-05-28 00:45:00+02:00,0.00936
2017-05-28 00:46:00+02:00,0.008012
2017-05-28 00:47:00+02:00,0.007031
2017-05-28 00:48:00+02:00,0.006597
2017-05-28 00:49:00+02:00,0.007298
2017-05-28 00:50:00+02:00,0.007396
2017-05-28 00:51:00+02:00,0.007945
2017-05-28 00:52:00+02:00,0.0074
2017-05-28 00:53:00+02:00,0.005274
2017-05-28 00:54:00+02:00,0.006877
2017-05-28 00:55:00+02:00,0.005299
2017-05-28 00:56:00+02:00,0.00472
2017-05-28 00:57:00+02:00,0.005994
2017-05-28 00:58:00+02:00,0.004812
2017-05-28 00:59:00+02:00,0.004313
2017-05-28 01:00:00+02:00,0.005433
2017-05-28 01:01:00+02:00,0.008611
2017-05-28 01:02:00+02:00,0.009129
2017-05-28 01:03:00+02:00,0.008855
2017-05-28 01:04:00+02:00,0.008444
2017-05-28 01:05:00+02:00,0.007833
2017-05-28 01:06:00+02:00,0.006826
2017-05-28 01:07:00+02:00,0.008099
2017-05-28 01:08:00+02:00,0.007352
2017-05-28 01:09:00+02:00,0.007617
2017-05-28 01:10:00+02:00,0.00694
2017-05-28 01:11:00+02:00,0.007135
2017-05-28 01:12:00+02:00,0.007331
2017-05-28 01:13:00+02:00,0.00658
2017-05-28 01:14:00+02:00,0.006866
2017-05-28 01:15:00+02:00,0.008877
2017-05-28 01:16:00+02:00,0.008789
2017-05-28 01:17:00+02:00,0.007612
2017-05-28 01:18:00+02:00,0.008133
2017-05-28 01:19:00+02:00,0.008796
2017-05-28 01:20:00+02:00,0.008056
2017-05-28 01:21:00+02:00,0.006128
2017-05-28 01:22:00+02:00,0.006388
2017-05-28 01:23:00+02:00,0.006257
2017-05-28 01:24:00+02:00,0.006126
2017-05-28 01:25:00+02:00,0.006271
2017-05-28 01:26:00+02:00,0.006731
2017-05-28 01:27:00+02:00,0.007061
2017-05-28 01:28:00+02:00,0.007328
2017-05-28 01:29:00+02:00,0.006892
2017-05-28 01:30:00+02:00,0.005201
2017-05-28 01:31:00+02:00,0.005021
2017-05-28 01:32:00+02:00,0.004791
2017-05-28 01:33:00+02:00,0.005089
2017-05-28 01:34:00+02:00,0.005698
2017-05-28 01:35:00+02:00,0.006258
2017-05-28 01:36:00+02:00,0.006391
2017-05-28 01:37:00+02:00,0.005106
2017-05-28 01:38:00+02:00,0.00547
2017-05-28 01:39:00+02:00,0.005441
2017-05-28 01:40:00+02:00,0.004365
2017-05-28 01:41:00+02:00,0.0039
2017-05-28 01:42:00+02:00,0.003494
2017-05-28 01:43:00+02:00,0.003858
2017-05-28 01:44:00+02:00,0.004372
2017-05-28 01:45:00+02:00,0.004046
2017-05-28 01:46:00+02:00,0.002981
2017-05-28 01:47:00+02:00,0.003955
2017-05-28 01:48:00+02:00,0.004236
2017-05-28 01:49:00+02:00,0.00373
2017-05-28 01:50:00+02:00,0.004468
2017-05-28 01:51:00+02:00,0.004889
2017-05-28 01:52:00+02:00,0.004697
2017-05-28 01:53:00+02:00,0.004015
2017-05-28 01:54:00+02:00,0.004907
2017-05-28 01:55:00+02:00,0.005451
2017-05-28 01:56:00+02:00,0.004517
2017-05-28 01:57:00+02:00,0.004603
2017-05-28 01:58:00+02:00,0.00412
2017-05-28 01:59:00+02:00,0.003013
2017-05-28 02:00:00+02:00,0.003786
2017-05-28 02:01:00+02:00,0.004123
2017-05-28 02:02:00+02:00,0.003753
2017-05-28 02:03:00+02:00,0.004083
2017-05-28 02:04:00+02:00,0.004279
2017-05-28 02:05:00+02:00,0.004782
2017-05-28 02:06:00+02:00,0.004152
2017-05-28 02:07:00+02:00,0.002634
2017-05-28 02:08:00+02:00,0.002448
2017-05-28 02:09:00+02:00,0.002649
2017-05-28 02:10:00+02:00,0.003413
2017-05-28 02:11:00+02:00,0.003492
2017-05-28 02:12:00+02:00,0.003079
2017-05-28 02:13:00+02:00,0.002787
2017-05-28 02:14:00+02:00,0.002603
2017-05-28 02:15:00+02:00,0.002921
2017-05-28 02:16:00+02:00,0.003095
2017-05-28 02:17:00+02:00,0.003216
2017-05-28 02:18:00+02:00,0.002345
2017-05-28 02:19:00+02:00,0.002357
2017-05-28 02:20:00+02:00,0.002191
2017-05-28 02:21:00+02:00,0.00223
2017-05-28 02:22:00+02:00,0.002478
2017-05-28 02:23:00+02:00,0.00235
2017-05-28 02:24:00+02:00,0.002048
2017-05-28 02:25:00+02:00,0.002297
2017-05-28 02:26:00+02:00,0.002285
2017-05-28 02:27:00+02:00,0.002607
2017-05-28 02:28:00+02:00,0.002975
2017-05-28 02:29:00+02:00,0.003013
2017-05-28 02:30:00+02:00,0.001052
2017-05-28 02:31:00+02:00,0.000143
2017-05-28 02:32:00+02:00,-0.000108
2017-05-28 02:33:00+02:00,1.9e-05
2017-05-28 02:34:00+02:00,0.000313
2017-05-28 02:35:00+02:00,0.000812
2017-05-28 02:36:00+02:00,0.00087
2017-05-28 02:37:00+02:00,0.001237
2017-05-28 02:38:00+02:00,0.000822
2017-05-28 02:39:00+02:00,0.001204
2017-05-28 02:40:00+02:00,0.001715
2017-05-28 02:41:00+02:00,0.001497
2017-05-28 02:42:00+02:00,0.001412
2017-05-28 02:43:00+02:00,0.00193
2017-05-28 02:44:00+02:00,0.002781
2017-05-28 02:45:00+02:00,0.003324
2017-05-28 02:46:00+02:00,0.004008
2017-05-28 02:47:00+02:00,0.003913
2017-05-28 02:48:00+02:00,0.003981
2017-05-28 02:49:00+02:00,0.004153
2017-05-28 02:50:00+02:00,0.003521
2017-05-28 02:51:00+02:00,0.00252
2017-05-28 02:52:00+02:00,0.002178
2017-05-28 02:53:00+02:00,0.001876
2017-05-28 02:54:00+02:00,0.001696
2017-05-28 02:55:00+02:00,0.000993
2017-05-28 02:56:00+02:00,0.002055
2017-05-28 02:57:00+02:00,0.002548
2017-05-28 02:58:00+02:00,0.002369
2017-05-28 02:59:00+02:00,0.001522
2017-05-28 03:00:00+02:00,0.000884
2017-05-28 03:01:00+02:00,0.001546
2017-05-28 03:02:00+02:00,0.001776
2017-05-28 03:03:00+02:00,0.001597
2017-05-28 03:04:00+02:00,0.001618
2017-05-28 03:05:00+02:00,0.00191
2017-05-28 03:06:00+02:00,0.002423
2017-05-28 03:07:00+02:00,0.003023
2017-05-28 03:08:00+02:00,0.002588
2017-05-28 03:09:00+02:00,0.002941
2017-05-28 03:10:00+02:00,0.003769
2017-05-28 03:11:00+02:00,0.003867
2017-05-28 03:12:00+02:00,0.003728
2017-05-28 03:13:00+02:00,0.003609
2017-05-28 03:14:00+02:00,0.003598
2017-05-28 03:15:00+02:00,0.003583
2017-05-28 03:16:00+02:00,0.004237
2017-05-28 03:17:00+02:00,0.004822
2017-05-28 03:18:00+02:00,0.004441
2017-05-28 03:19:00+02:00,0.005
2017-05-28 03:20:00+02:00,0.004848
2017-05-28 03:21:00+02:00,0.004801
2017-05-28 03:22:00+02:00,0.00434
2017-05-28 03:23:00+02:00,0.003961
2017-05-28 03:24:00+02:00,0.003959
2017-05-28 03:25:00+02:00,0.003564
2017-05-28 03:26:00+02:00,0.002798
2017-05-28 03:27:00+02:00,0.001605
2017-05-28 03:28:00+02:00,0.001262
2017-05-28 03:29:00+02:00,0.001376
2017-05-28 03:30:00+02:00,0.000984
2017-05-28 03:31:00+02:00,0.000208
2017-05-28 03:32:00+02:00,-0.000353
2017-05-28 03:33:00+02:00,-0.000316
2017-05-28 03:34:00+02:00,0.000465
2017-05-28 03:35:00+02:00,-7e-05
2017-05-28 03:36:00+02:00,-0.000186
2017-05-28 03:37:00+02:00,0.00011
2017-05-28 03:38:00+02:00,0.000908
2017-05-28 03:39:00+02:00,0.000884
2017-05-28 03:40:00+02:00,0.001416
2017-05-28 03:41:00+02:00,0.002356
2017-05-28 03:42:00+02:00,0.003075
2017-05-28 03:43:00+02:00,0.003742
2017-05-28 03:44:00+02:00,0.002542
2017-05-28 03:45:00+02:00,0.003198
2017-05-28 03:46:00+02:00,0.003194
2017-05-28 03:47:00+02:00,0.002833
2017-05-28 03:48:00+02:00,0.003013
2017-05-28 03:49:00+02:00,0.003117
2017-05-28 03:50:00+02:00,0.003139
2017-05-28 03:51:00+02:00,0.003398
2017-05-28 03:52:00+02:00,0.002804
2017-05-28 03:53:00+02:00,0.002584
2017-05-28 03:54:00+02:00,0.002792
2017-05-28 03:55:00+02:00,0.002488
2017-05-28 03:56:00+02:00,0.002097
2017-05-28 03:57:00+02:00,0.001844
2017-05-28 03:58:00+02:00,0.001832
2017-05-28 03:59:00+02:00,0.001677
2017-05-28 04:00:00+02:00,0.000969
2017-05-28 04:01:00+02:00,0.000881
2017-05-28 04:02:00+02:00,0.000261
2017-05-28 04:03:00+02:00,-6.3e-05
2017-05-28 04:04:00+02:00,-0.000285
2017-05-28 04:05:00+02:00,0.000233
2017-05-28 04:06:00+02:00,0.000419
2017-05-28 04:07:00+02:00,0.000669
2017-05-28 04:08:00+02:00,0.001135
2017-05-28 04:09:00+02:00,0.000438
2017-05-28 04:10:00+02:00,0.001229
2017-05-28 04:11:00+02:00,0.001649
2017-05-28 04:12:00+02:00,0.001448
2017-05-28 04:13:00+02:00,0.001742
2017-05-28 04:14:00+02:00,0.002359
2017-05-28 04:15:00+02:00,0.002376
2017-05-28 04:16:00+02:00,0.002301
2017-05-28 04:17:00+02:00,0.001744
2017-05-28 04:18:00+02:00,0.002005
2017-05-28 04:19:00+02:00,0.002758
2017-05-28 04:20:00+02:00,0.002435
2017-05-28 04:21:00+02:00,0.0023
2017-05-28 04:22:00+02:00,0.002584
2017-05-28 04:23:00+02:00,0.002211
2017-05-28 04:24:00+02:00,0.001876
2017-05-28 04:25:00+02:00,0.001451
2017-05-28 04:26:00+02:00,0.001853
2017-05-28 04:27:00+02:00,0.002231
2017-05-28 04:28:00+02:00,0.002458
2017-05-28 04:29:00+02:00,0.002942
2017-05-28 04:30:00+02:00,0.004486
2017-05-28 04:31:00+02:00,0.004896
2017-05-28 04:32:00+02:00,0.002887
2017-05-28 04:33:00+02:00,0.002432
2017-05-28 04:34:00+02:00,0.002767
2017-05-28 04:35:00+02:00,0.00286
2017-05-28 04:36:00+02:00,0.0025
2017-05-28 04:37:00+02:00,0.001944
2017-05-28 04:38:00+02:00,0.0021
2017-05-28 04:39:00+02:00,0.002307
2017-05-28 04:40:00+02:00,0.002622
2017-05-28 04:41:00+02:00,0.002304
2017-05-28 04:42:00+02:00,0.002088
2017-05-28 04:43:00+02:00,0.002129
2017-05-28 04:44:00+02:00,0.00191
2017-05-28 04:45:00+02:00,0.002708
2017-05-28 04:46:00+02:00,0.002362
2017-05-28 04:47:00+02:00,0.002682
2017-05-28 04:48:00+02:00,0.003038
2017-05-28 04:49:00+02:00,0.00249
2017-05-28 04:50:00+02:00,0.002226
2017-05-28 04:51:00+02:00,0.002219
2017-05-28 04:52:00+02:00,0.001985
2017-05-28 04:53:00+02:00,0.002388
2017-05-28 04:54:00+02:00,0.002483
2017-05-28 04:55:00+02:00,0.002252
2017-05-28 04:56:00+02:00,0.002262
2017-05-28 04:57:00+02:00,0.00155
2017-05-28 04:58:00+02:00,0.001327
2017-05-28 04:59:00+02:00,0.001525
2017-05-28 05:00:00+02:00,0.000775
2017-05-28 05:01:00+02:00,0.001404
2017-05-28 05:02:00+02:00,0.001307
2017-05-28 05:03:00+02:00,0.001921
2017-05-28 05:04:00+02:00,0.001959
2017-05-28 05:05:00+02:00,0.00264
2017-05-28 05:06:00+02:00,0.002518
2017-05-28 05:07:00+02:00,0.002742
2017-05-28 05:08:00+02:00,0.00346
2017-05-28 05:09:00+02:00,0.004013
2017-05-28 05:10:00+02:00,0.003686
2017-05-28 05:11:00+02:00,0.003542
2017-05-28 05:12:00+02:00,0.003829
2017-05-28 05:13:00+02:00,0.003894
2017-05-28 05:14:00+02:00,0.003821
2017-05-28 05:15:00+02:00,0.005566
2017-05-28 05:16:00+02:00,0.003972
2017-05-28 05:17:00+02:00,0.002981
2017-05-28 05:18:00+02:00,0.003357
2017-05-28 05:19:00+02:00,0.003686
2017-05-28 05:20:00+02:00,0.003722
2017-05-28 05:21:00+02:00,0.003413
2017-05-28 05:22:00+02:00,0.003083
2017-05-28 05:23:00+02:00,0.002533
2017-05-28 05:24:00+02:00,0.002516
2017-05-28 05:25:00+02:00,0.002161
2017-05-28 05:26:00+02:00,0.001358
2017-05-28 05:27:00+02:00,0.0014
2017-05-28 05:28:00+02:00,0.001396
2017-05-28 05:29:00+02:00,0.001513
2017-05-28 05:30:00+02:00,0.00085
2017-05-28 05:31:00+02:00,0.001204
2017-05-28 05:32:00+02:00,0.001279
2017-05-28 05:33:00+02:00,0.000866
2017-05-28 05:34:00+02:00,0.001225
2017-05-28 05:35:00+02:00,0.001725
2017-05-28 05:36:00+02:00,0.002346
2017-05-28 05:37:00+02:00,0.002356
2017-05-28 05:38:00+02:00,0.002667
2017-05-28 05:39:00+02:00,0.002664
2017-05-28 05:40:00+02:00,0.004265
2017-05-28 05:41:00+02:00,0.004728
2017-05-28 05:42:00+02:00,0.005347
2017-05-28 05:43:00+02:00,0.005487
2017-05-28 05:44:00+02:00,0.005737
2017-05-28 05:45:00+02:00,0.005971
2017-05-28 05:46:00+02:00,0.005586
2017-05-28 05:47:00+02:00,0.005971
2017-05-28 05:48:00+02:00,0.007227
2017-05-28 05:49:00+02:00,0.007019
2017-05-28 05:50:00+02:00,0.00768
2017-05-28 05:51:00+02:00,0.008503
2017-05-28 05:52:00+02:00,0.008066
2017-05-28 05:53:00+02:00,0.007273
2017-05-28 05:54:00+02:00,0.007885
2017-05-28 05:55:00+02:00,0.008164
2017-05-28 05:56:00+02:00,0.007574
2017-05-28 05:57:00+02:00,0.006356
2017-05-28 05:58:00+02:00,0.005371
2017-05-28 05:59:00+02:00,0.005167
2017-05-28 06:00:00+02:00,0.005327
2017-05-28 06:01:00+02:00,0.006384
2017-05-28 06:02:00+02:00,0.00655
2017-05-28 06:03:00+02:00,0.005903
2017-05-28 06:04:00+02:00,0.005837
2017-05-28 06:05:00+02:00,0.004941
2017-05-28 06:06:00+02:00,0.00493
2017-05-28 06:07:00+02:00,0.007112
2017-05-28 06:08:00+02:00,0.008987
2017-05-28 06:09:00+02:00,0.008694
2017-05-28 06:10:00+02:00,0.008975
2017-05-28 06:11:00+02:00,0.009521
2017-05-28 06:12:00+02:00,0.00896
2017-05-28 06:13:00+02:00,0.009325
2017-05-28 06:14:00+02:00,0.009766
2017-05-28 06:15:00+02:00,0.010621
2017-05-28 06:16:00+02:00,0.010896
2017-05-28 06:17:00+02:00,0.010602
2017-05-28 06:18:00+02:00,0.010425
2017-05-28 06:19:00+02:00,0.010446
2017-05-28 06:20:00+02:00,0.010494
2017-05-28 06:21:00+02:00,0.011102
2017-05-28 06:22:00+02:00,0.010548
2017-05-28 06:23:00+02:00,0.009558
2017-05-28 06:24:00+02:00,0.010141
2017-05-28 06:25:00+02:00,0.010783
2017-05-28 06:26:00+02:00,0.01188
2017-05-28 06:27:00+02:00,0.011334
2017-05-28 06:28:00+02:00,0.011196
2017-05-28 06:29:00+02:00,0.012014
2017-05-28 06:30:00+02:00,0.014327
2017-05-28 06:31:00+02:00,0.012869
2017-05-28 06:32:00+02:00,0.012143
2017-05-28 06:33:00+02:00,0.011675
2017-05-28 06:34:00+02:00,0.01242
2017-05-28 06:35:00+02:00,0.012365
2017-05-28 06:36:00+02:00,0.01282
2017-05-28 06:37:00+02:00,0.014123
2017-05-28 06:38:00+02:00,0.015869
2017-05-28 06:39:00+02:00,0.015672
2017-05-28 06:40:00+02:00,0.015087
2017-05-28 06:41:00+02:00,0.014554
2017-05-28 06:42:00+02:00,0.013723
2017-05-28 06:43:00+02:00,0.013479
2017-05-28 06:44:00+02:00,0.013522
2017-05-28 06:45:00+02:00,0.012559
2017-05-28 06:46:00+02:00,0.012637
2017-05-28 06:47:00+02:00,0.013062
2017-05-28 06:48:00+02:00,0.014318
2017-05-28 06:49:00+02:00,0.013465
2017-05-28 06:50:00+02:00,0.013457
2017-05-28 06:51:00+02:00,0.014336
2017-05-28 06:52:00+02:00,0.013417
2017-05-28 06:53:00+02:00,0.013063
2017-05-28 06:54:00+02:00,0.013356
2017-05-28 06:55:00+02:00,0.014201
2017-05-28 06:56:00+02:00,0.014196
2017-05-28 06:57:00+02:00,0.013924
2017-05-28 06:58:00+02:00,0.014199
2017-05-28 06:59:00+02:00,0.015364
2017-05-28 07:00:00+02:00,0.014702
2017-05-28 07:01:00+02:00,0.014216
2017-05-28 07:02:00+02:00,0.015881
2017-05-28 07:03:00+02:00,0.015428
2017-05-28 07:04:00+02:00,0.014624
2017-05-28 07:05:00+02:00,0.015623
2017-05-28 07:06:00+02:00,0.015239
2017-05-28 07:07:00+02:00,0.016125
2017-05-28 07:08:00+02:00,0.016473
2017-05-28 07:09:00+02:00,0.016139
2017-05-28 07:10:00+02:00,0.019891
2017-05-28 07:11:00+02:00,0.02394
2017-05-28 07:12:00+02:00,0.024828
2017-05-28 07:13:00+02:00,0.025722
2017-05-28 07:14:00+02:00,0.025602
2017-05-28 07:15:00+02:00,0.025933
2017-05-28 07:16:00+02:00,0.026171
2017-05-28 07:17:00+02:00,0.026931
2017-05-28 07:18:00+02:00,0.025662
2017-05-28 07:19:00+02:00,0.02581
2017-05-28 07:20:00+02:00,0.025601
2017-05-28 07:21:00+02:00,0.026025
2017-05-28 07:22:00+02:00,0.026426
2017-05-28 07:23:00+02:00,0.029199
2017-05-28 07:24:00+02:00,0.031407
2017-05-28 07:25:00+02:00,0.03006
2017-05-28 07:26:00+02:00,0.027939
2017-05-28 07:27:00+02:00,0.027613
2017-05-28 07:28:00+02:00,0.027673
2017-05-28 07:29:00+02:00,0.028305
2017-05-28 07:30:00+02:00,0.027836
2017-05-28 07:31:00+02:00,0.029311
2017-05-28 07:32:00+02:00,0.030262
2017-05-28 07:33:00+02:00,0.03178
2017-05-28 07:34:00+02:00,0.032552
2017-05-28 07:35:00+02:00,0.031254
2017-05-28 07:36:00+02:00,0.032611
2017-05-28 07:37:00+02:00,0.032495
2017-05-28 07:38:00+02:00,0.032563
2017-05-28 07:39:00+02:00,0.029218
2017-05-28 07:40:00+02:00,0.028308
2017-05-28 07:41:00+02:00,0.028423
2017-05-28 07:42:00+02:00,0.030153
2017-05-28 07:43:00+02:00,0.03161
2017-05-28 07:44:00+02:00,0.029866
2017-05-28 07:45:00+02:00,0.030717
2017-05-28 07:46:00+02:00,0.03182
2017-05-28 07:47:00+02:00,0.032513
2017-05-28 07:48:00+02:00,0.03233
2017-05-28 07:49:00+02:00,0.032542
2017-05-28 07:50:00+02:00,0.033221
2017-05-28 07:51:00+02:00,0.033633
2017-05-28 07:52:00+02:00,0.034958
2017-05-28 07:53:00+02:00,0.036121
2017-05-28 07:54:00+02:00,0.03608
2017-05-28 07:55:00+02:00,0.037424
2017-05-28 07:56:00+02:00,0.038473
2017-05-28 07:57:00+02:00,0.041169
2017-05-28 07:58:00+02:00,0.043142
2017-05-28 07:59:00+02:00,0.044901
2017-05-28 08:00:00+02:00,0.047201
2017-05-28 08:01:00+02:00,0.047398
2017-05-28 08:02:00+02:00,0.048222
2017-05-28 08:03:00+02:00,0.050054
2017-05-28 08:04:00+02:00,0.051103
2017-05-28 08:05:00+02:00,0.053214
2017-05-28 08:06:00+02:00,0.052405
2017-05-28 08:07:00+02:00,0.052213
2017-05-28 08:08:00+02:00,0.054683
2017-05-28 08:09:00+02:00,0.053676
2017-05-28 08:10:00+02:00,0.051888
2017-05-28 08:11:00+02:00,0.054723
2017-05-28 08:12:00+02:00,0.056465
2017-05-28 08:13:00+02:00,0.057861
2017-05-28 08:14:00+02:00,0.058781
2017-05-28 08:15:00+02:00,0.05978
2017-05-28 08:16:00+02:00,0.06136
2017-05-28 08:17:00+02:00,0.062379
2017-05-28 08:18:00+02:00,0.062306
2017-05-28 08:19:00+02:00,0.06339
2017-05-28 08:20:00+02:00,0.063582
2017-05-28 08:21:00+02:00,0.064705
2017-05-28 08:22:00+02:00,0.065783
2017-05-28 08:23:00+02:00,0.067674
2017-05-28 08:24:00+02:00,0.068062
2017-05-28 08:25:00+02:00,0.070843
2017-05-28 08:26:00+02:00,0.07412
2017-05-28 08:27:00+02:00,0.077169
2017-05-28 08:28:00+02:00,0.075665
2017-05-28 08:29:00+02:00,0.075754
2017-05-28 08:30:00+02:00,0.07489
2017-05-28 08:31:00+02:00,0.075792
2017-05-28 08:32:00+02:00,0.078104
2017-05-28 08:33:00+02:00,0.078964
2017-05-28 08:34:00+02:00,0.083044
2017-05-28 08:35:00+02:00,0.083484
2017-05-28 08:36:00+02:00,0.084189
2017-05-28 08:37:00+02:00,0.084226
2017-05-28 08:38:00+02:00,0.084387
2017-05-28 08:39:00+02:00,0.085439
2017-05-28 08:40:00+02:00,0.086134
2017-05-28 08:41:00+02:00,0.088381
2017-05-28 08:42:00+02:00,0.088907
2017-05-28 08:43:00+02:00,0.091202
2017-05-28 08:44:00+02:00,0.09105
2017-05-28 08:45:00+02:00,0.090807
2017-05-28 08:46:00+02:00,0.088332
2017-05-28 08:47:00+02:00,0.087341
2017-05-28 08:48:00+02:00,0.089409
2017-05-28 08:49:00+02:00,0.091369
2017-05-28 08:50:00+02:00,0.092914
2017-05-28 08:51:00+02:00,0.094853
2017-05-28 08:52:00+02:00,0.096799
2017-05-28 08:53:00+02:00,0.098502
2017-05-28 08:54:00+02:00,0.099629
2017-05-28 08:55:00+02:00,0.099372
2017-05-28 08:56:00+02:00,0.099647
2017-05-28 08:57:00+02:00,0.10098
2017-05-28 08:58:00+02:00,0.103015
2017-05-28 08:59:00+02:00,0.103157
2017-05-28 09:00:00+02:00,0.104103
2017-05-28 09:01:00+02:00,0.102596
2017-05-28 09:02:00+02:00,0.104875
2017-05-28 09:03:00+02:00,0.107417
2017-05-28 09:04:00+02:00,0.108798
2017-05-28 09:05:00+02:00,0.11188
2017-05-28 09:06:00+02:00,0.11134
2017-05-28 09:07:00+02:00,0.110957
2017-05-28 09:08:00+02:00,0.11109
2017-05-28 09:09:00+02:00,0.110962
2017-05-28 09:10:00+02:00,0.114994
2017-05-28 09:11:00+02:00,0.118192
2017-05-28 09:12:00+02:00,0.119028
2017-05-28 09:13:00+02:00,0.117292
2017-05-28 09:14:00+02:00,0.116983
2017-05-28 09:15:00+02:00,0.118289
2017-05-28 09:16:00+02:00,0.118616
2017-05-28 09:17:00+02:00,0.116689
2017-05-28 09:18:00+02:00,0.116307
2017-05-28 09:19:00+02:00,0.117005
2017-05-28 09:20:00+02:00,0.115452
2017-05-28 09:21:00+02:00,0.115025
2017-05-28 09:22:00+02:00,0.11529
2017-05-28 09:23:00+02:00,0.115054
2017-05-28 09:24:00+02:00,0.115697
2017-05-28 09:25:00+02:00,0.113348
2017-05-28 09:26:00+02:00,0.110136
2017-05-28 09:27:00+02:00,0.111044
2017-05-28 09:28:00+02:00,0.111842
2017-05-28 09:29:00+02:00,0.112152
2017-05-28 09:30:00+02:00,0.112467
2017-05-28 09:31:00+02:00,0.113221
2017-05-28 09:32:00+02:00,0.113102
2017-05-28 09:33:00+02:00,0.112423
2017-05-28 09:34:00+02:00,0.112852
2017-05-28 09:35:00+02:00,0.112623
2017-05-28 09:36:00+02:00,0.114443
2017-05-28 09:37:00+02:00,0.113742
2017-05-28 09:38:00+02:00,0.113086
2017-05-28 09:39:00+02:00,0.118533
2017-05-28 09:40:00+02:00,0.120051
2017-05-28 09:41:00+02:00,0.119637
2017-05-28 09:42:00+02:00,0.120457
2017-05-28 09:43:00+02:00,0.120587
2017-05-28 09:44:00+02:00,0.120423
2017-05-28 09:45:00+02:00,0.119464
2017-05-28 09:46:00+02:00,0.119373
2017-05-28 09:47:00+02:00,0.120721
2017-05-28 09:48:00+02:00,0.122413
2017-05-28 09:49:00+02:00,0.123153
2017-05-28 09:50:00+02:00,0.124188
2017-05-28 09:51:00+02:00,0.123344
2017-05-28 09:52:00+02:00,0.124277
2017-05-28 09:53:00+02:00,0.124676
2017-05-28 09:54:00+02:00,0.117498
2017-05-28 09:55:00+02:00,0.115699
2017-05-28 09:56:00+02:00,0.116892
2017-05-28 09:57:00+02:00,0.118948
2017-05-28 09:58:00+02:00,0.118895
2017-05-28 09:59:00+02:00,0.120377
2017-05-28 10:00:00+02:00,0.121363
2017-05-28 10:01:00+02:00,0.122311
2017-05-28 10:02:00+02:00,0.120484
2017-05-28 10:03:00+02:00,0.122716
2017-05-28 10:04:00+02:00,0.124268
2017-05-28 10:05:00+02:00,0.126215
2017-05-28 10:06:00+02:00,0.125781
2017-05-28 10:07:00+02:00,0.126705
2017-05-28 10:08:00+02:00,0.12767
2017-05-28 10:09:00+02:00,0.129399
2017-05-28 10:10:00+02:00,0.132841
2017-05-28 10:11:00+02:00,0.133917
2017-05-28 10:12:00+02:00,0.131974
2017-05-28 10:13:00+02:00,0.131294
2017-05-28 10:14:00+02:00,0.129331
2017-05-28 10:15:00+02:00,0.131576
2017-05-28 10:16:00+02:00,0.130685
2017-05-28 10:17:00+02:00,0.127773
2017-05-28 10:18:00+02:00,0.128474
2017-05-28 10:19:00+02:00,0.127805
2017-05-28 10:20:00+02:00,0.125796
2017-05-28 10:21:00+02:00,0.126245
2017-05-28 10:22:00+02:00,0.127015
2017-05-28 10:23:00+02:00,0.127491
2017-05-28 10:24:00+02:00,0.123547
2017-05-28 10:25:00+02:00,0.121383
2017-05-28 10:26:00+02:00,0.126429
2017-05-28 10:27:00+02:00,0.130787
2017-05-28 10:28:00+02:00,0.1415
2017-05-28 10:29:00+02:00,0.127497
2017-05-28 10:30:00+02:00,0.115436
2017-05-28 10:31:00+02:00,0.109782
2017-05-28 10:32:00+02:00,0.114456
2017-05-28 10:33:00+02:00,0.116246
2017-05-28 10:34:00+02:00,0.118914
2017-05-28 10:35:00+02:00,0.121507
2017-05-28 10:36:00+02:00,0.124901
2017-05-28 10:37:00+02:00,0.123258
2017-05-28 10:38:00+02:00,0.124135
2017-05-28 10:39:00+02:00,0.126646
2017-05-28 10:40:00+02:00,0.128395
2017-05-28 10:41:00+02:00,0.1342
2017-05-28 10:42:00+02:00,0.133885
2017-05-28 10:43:00+02:00,0.133536
2017-05-28 10:44:00+02:00,0.135111
2017-05-28 10:45:00+02:00,0.133943
2017-05-28 10:46:00+02:00,0.136028
2017-05-28 10:47:00+02:00,0.131019
2017-05-28 10:48:00+02:00,0.132095
2017-05-28 10:49:00+02:00,0.133996
2017-05-28 10:50:00+02:00,0.136397
2017-05-28 10:51:00+02:00,0.128082
2017-05-28 10:52:00+02:00,0.128843
2017-05-28 10:53:00+02:00,0.132182
2017-05-28 10:54:00+02:00,0.138848
2017-05-28 10:55:00+02:00,0.141566
2017-05-28 10:56:00+02:00,0.125208
2017-05-28 10:57:00+02:00,0.12973
2017-05-28 10:58:00+02:00,0.136029
2017-05-28 10:59:00+02:00,0.136838
2017-05-28 11:00:00+02:00,0.123192
2017-05-28 11:01:00+02:00,0.120582
2017-05-28 11:02:00+02:00,0.11453
2017-05-28 11:03:00+02:00,0.116754
2017-05-28 11:04:00+02:00,0.118136
2017-05-28 11:05:00+02:00,0.121566
2017-05-28 11:06:00+02:00,0.124416
2017-05-28 11:07:00+02:00,0.130015
2017-05-28 11:08:00+02:00,0.131692
2017-05-28 11:09:00+02:00,0.122321
2017-05-28 11:10:00+02:00,0.122233
2017-05-28 11:11:00+02:00,0.125827
2017-05-28 11:12:00+02:00,0.129026
2017-05-28 11:13:00+02:00,0.130923
2017-05-28 11:14:00+02:00,0.128812
2017-05-28 11:15:00+02:00,0.130782
2017-05-28 11:16:00+02:00,0.13071
2017-05-28 11:17:00+02:00,0.132381
2017-05-28 11:18:00+02:00,0.133547
2017-05-28 11:19:00+02:00,0.133137
2017-05-28 11:20:00+02:00,0.132535
2017-05-28 11:21:00+02:00,0.133267
2017-05-28 11:22:00+02:00,0.134418
2017-05-28 11:23:00+02:00,0.133847
2017-05-28 11:24:00+02:00,0.134656
2017-05-28 11:25:00+02:00,0.136654
2017-05-28 11:26:00+02:00,0.134616
2017-05-28 11:27:00+02:00,0.137556
2017-05-28 11:28:00+02:00,0.135519
2017-05-28 11:29:00+02:00,0.135371
2017-05-28 11:30:00+02:00,0.137978
2017-05-28 11:31:00+02:00,0.137241
2017-05-28 11:32:00+02:00,0.134726
2017-05-28 11:33:00+02:00,0.138786
2017-05-28 11:34:00+02:00,0.13582
2017-05-28 11:35:00+02:00,0.138169
2017-05-28 11:36:00+02:00,0.139395
2017-05-28 11:37:00+02:00,0.147712
2017-05-28 11:38:00+02:00,0.146785
2017-05-28 11:39:00+02:00,0.144876
2017-05-28 11:40:00+02:00,0.124587
2017-05-28 11:41:00+02:00,0.121123
2017-05-28 11:42:00+02:00,0.125513
2017-05-28 11:43:00+02:00,0.12702
2017-05-28 11:44:00+02:00,0.123835
2017-05-28 11:45:00+02:00,0.126403
2017-05-28 11:46:00+02:00,0.128744
2017-05-28 11:47:00+02:00,0.129648
2017-05-28 11:48:00+02:00,0.131659
2017-05-28 11:49:00+02:00,0.132306
2017-05-28 11:50:00+02:00,0.139274
2017-05-28 11:51:00+02:00,0.139345
2017-05-28 11:52:00+02:00,0.135759
2017-05-28 11:53:00+02:00,0.137766
2017-05-28 11:54:00+02:00,0.137343
2017-05-28 11:55:00+02:00,0.14031
2017-05-28 11:56:00+02:00,0.142207
2017-05-28 11:57:00+02:00,0.141638
2017-05-28 11:58:00+02:00,0.140681
2017-05-28 11:59:00+02:00,0.140318
2017-05-28 12:00:00+02:00,0.139796
2017-05-28 12:01:00+02:00,0.1398
2017-05-28 12:02:00+02:00,0.138938
2017-05-28 12:03:00+02:00,0.134681
2017-05-28 12:04:00+02:00,0.134356
2017-05-28 12:05:00+02:00,0.136496
2017-05-28 12:06:00+02:00,0.137509
2017-05-28 12:07:00+02:00,0.137568
2017-05-28 12:08:00+02:00,0.139742
2017-05-28 12:09:00+02:00,0.13789
2017-05-28 12:10:00+02:00,0.134376
2017-05-28 12:11:00+02:00,0.134352
2017-05-28 12:12:00+02:00,0.135702
2017-05-28 12:13:00+02:00,0.13635
2017-05-28 12:14:00+02:00,0.137738
2017-05-28 12:15:00+02:00,0.137825
2017-05-28 12:16:00+02:00,0.140907
2017-05-28 12:17:00+02:00,0.13877
2017-05-28 12:18:00+02:00,0.138371
2017-05-28 12:19:00+02:00,0.137189
2017-05-28 12:20:00+02:00,0.13806
2017-05-28 12:21:00+02:00,0.137094
2017-05-28 12:22:00+02:00,0.136768
2017-05-28 12:23:00+02:00,0.136568
2017-05-28 12:24:00+02:00,0.13822
2017-05-28 12:25:00+02:00,0.137983
2017-05-28 12:26:00+02:00,0.139125
2017-05-28 12:27:00+02:00,0.140357
2017-05-28 12:28:00+02:00,0.139578
2017-05-28 12:29:00+02:00,0.140914
2017-05-28 12:30:00+02:00,0.139289
2017-05-28 12:31:00+02:00,0.136836
2017-05-28 12:32:00+02:00,0.137695
2017-05-28 12:33:00+02:00,0.140661
2017-05-28 12:34:00+02:00,0.135277
2017-05-28 12:35:00+02:00,0.133498
2017-05-28 12:36:00+02:00,0.139491
2017-05-28 12:37:00+02:00,0.149954
2017-05-28 12:38:00+02:00,0.137516
2017-05-28 12:39:00+02:00,0.131575
2017-05-28 12:40:00+02:00,0.133188
2017-05-28 12:41:00+02:00,0.129943
2017-05-28 12:42:00+02:00,0.131959
2017-05-28 12:43:00+02:00,0.136052
2017-05-28 12:44:00+02:00,0.14362
2017-05-28 12:45:00+02:00,0.135737
2017-05-28 12:46:00+02:00,0.135722
2017-05-28 12:47:00+02:00,0.138603
2017-05-28 12:48:00+02:00,0.135996
2017-05-28 12:49:00+02:00,0.136539
2017-05-28 12:50:00+02:00,0.138634
2017-05-28 12:51:00+02:00,0.146312
2017-05-28 12:52:00+02:00,0.148295
2017-05-28 12:53:00+02:00,0.147607
2017-05-28 12:54:00+02:00,0.148882
2017-05-28 12:55:00+02:00,0.146564
2017-05-28 12:56:00+02:00,0.146892
2017-05-28 12:57:00+02:00,0.146842
2017-05-28 12:58:00+02:00,0.14765
2017-05-28 12:59:00+02:00,0.147131
2017-05-28 13:00:00+02:00,0.142937
2017-05-28 13:01:00+02:00,0.138837
2017-05-28 13:02:00+02:00,0.143046
2017-05-28 13:03:00+02:00,0.14052
2017-05-28 13:04:00+02:00,0.14081
2017-05-28 13:05:00+02:00,0.143047
2017-05-28 13:06:00+02:00,0.148342
2017-05-28 13:07:00+02:00,0.136355
2017-05-28 13:08:00+02:00,0.136712
2017-05-28 13:09:00+02:00,0.143476
2017-05-28 13:10:00+02:00,0.138575
2017-05-28 13:11:00+02:00,0.139363
2017-05-28 13:12:00+02:00,0.137543
2017-05-28 13:13:00+02:00,0.137638
2017-05-28 13:14:00+02:00,0.141268
2017-05-28 13:15:00+02:00,0.143087
2017-05-28 13:16:00+02:00,0.14355
2017-05-28 13:17:00+02:00,0.139436
2017-05-28 13:18:00+02:00,0.139817
2017-05-28 13:19:00+02:00,0.138165
2017-05-28 13:20:00+02:00,0.157352
2017-05-28 13:21:00+02:00,0.131643
2017-05-28 13:22:00+02:00,0.127244
2017-05-28 13:23:00+02:00,0.134061
2017-05-28 13:24:00+02:00,0.13605
2017-05-28 13:25:00+02:00,0.137635
2017-05-28 13:26:00+02:00,0.1356
2017-05-28 13:27:00+02:00,0.136123
2017-05-28 13:28:00+02:00,0.136981
2017-05-28 13:29:00+02:00,0.145637
2017-05-28 13:30:00+02:00,0.144583
2017-05-28 13:31:00+02:00,0.137518
2017-05-28 13:32:00+02:00,0.133173
2017-05-28 13:33:00+02:00,0.128508
2017-05-28 13:34:00+02:00,0.128652
2017-05-28 13:35:00+02:00,0.133467
2017-05-28 13:36:00+02:00,0.130347
2017-05-28 13:37:00+02:00,0.136002
2017-05-28 13:38:00+02:00,0.129613
2017-05-28 13:39:00+02:00,0.138349
2017-05-28 13:40:00+02:00,0.140054
2017-05-28 13:41:00+02:00,0.145395
2017-05-28 13:42:00+02:00,0.13655
2017-05-28 13:43:00+02:00,0.119466
2017-05-28 13:44:00+02:00,0.119975
2017-05-28 13:45:00+02:00,0.125901
2017-05-28 13:46:00+02:00,0.134335
2017-05-28 13:47:00+02:00,0.137511
2017-05-28 13:48:00+02:00,0.125871
2017-05-28 13:49:00+02:00,0.116919
2017-05-28 13:50:00+02:00,0.122082
2017-05-28 13:51:00+02:00,0.125297
2017-05-28 13:52:00+02:00,0.123539
2017-05-28 13:53:00+02:00,0.132102
2017-05-28 13:54:00+02:00,0.136094
2017-05-28 13:55:00+02:00,0.135719
2017-05-28 13:56:00+02:00,0.133225
2017-05-28 13:57:00+02:00,0.126771
2017-05-28 13:58:00+02:00,0.121378
2017-05-28 13:59:00+02:00,0.121386
2017-05-28 14:00:00+02:00,0.125742
2017-05-28 14:01:00+02:00,0.124779
2017-05-28 14:02:00+02:00,0.12671
2017-05-28 14:03:00+02:00,0.125153
2017-05-28 14:04:00+02:00,0.131279
2017-05-28 14:05:00+02:00,0.138941
2017-05-28 14:06:00+02:00,0.13556
2017-05-28 14:07:00+02:00,0.132116
2017-05-28 14:08:00+02:00,0.130553
2017-05-28 14:09:00+02:00,0.133228
2017-05-28 14:10:00+02:00,0.150061
2017-05-28 14:11:00+02:00,0.123032
2017-05-28 14:12:00+02:00,0.117641
2017-05-28 14:13:00+02:00,0.104914
2017-05-28 14:14:00+02:00,0.113963
2017-05-28 14:15:00+02:00,0.120034
2017-05-28 14:16:00+02:00,0.122155
2017-05-28 14:17:00+02:00,0.122364
2017-05-28 14:18:00+02:00,0.119639
2017-05-28 14:19:00+02:00,0.123573
2017-05-28 14:20:00+02:00,0.120312
2017-05-28 14:21:00+02:00,0.121106
2017-05-28 14:22:00+02:00,0.123657
2017-05-28 14:23:00+02:00,0.126552
2017-05-28 14:24:00+02:00,0.129564
2017-05-28 14:25:00+02:00,0.129101
2017-05-28 14:26:00+02:00,0.134871
2017-05-28 14:27:00+02:00,0.132741
2017-05-28 14:28:00+02:00,0.130607
2017-05-28 14:29:00+02:00,0.128963
2017-05-28 14:30:00+02:00,0.12536
2017-05-28 14:31:00+02:00,0.127074
2017-05-28 14:32:00+02:00,0.11831
2017-05-28 14:33:00+02:00,0.114816
2017-05-28 14:34:00+02:00,0.108734
2017-05-28 14:35:00+02:00,0.108414
2017-05-28 14:36:00+02:00,0.106253
2017-05-28 14:37:00+02:00,0.108732
2017-05-28 14:38:00+02:00,0.113701
2017-05-28 14:39:00+02:00,0.117457
2017-05-28 14:40:00+02:00,0.128987
2017-05-28 14:41:00+02:00,0.11782
2017-05-28 14:42:00+02:00,0.127167
2017-05-28 14:43:00+02:00,0.131541
2017-05-28 14:44:00+02:00,0.13416
2017-05-28 14:45:00+02:00,0.136435
2017-05-28 14:46:00+02:00,0.137611
2017-05-28 14:47:00+02:00,0.146914
2017-05-28 14:48:00+02:00,0.132695
2017-05-28 14:49:00+02:00,0.128243
2017-05-28 14:50:00+02:00,0.112193
2017-05-28 14:51:00+02:00,0.116483
2017-05-28 14:52:00+02:00,0.119986
2017-05-28 14:53:00+02:00,0.1243
2017-05-28 14:54:00+02:00,0.12661
2017-05-28 14:55:00+02:00,0.130471
2017-05-28 14:56:00+02:00,0.127802
2017-05-28 14:57:00+02:00,0.128726
2017-05-28 14:58:00+02:00,0.122433
2017-05-28 14:59:00+02:00,0.123411
2017-05-28 15:00:00+02:00,0.126186
2017-05-28 15:01:00+02:00,0.140943
2017-05-28 15:02:00+02:00,0.110309
2017-05-28 15:03:00+02:00,0.116808
2017-05-28 15:04:00+02:00,0.120198
2017-05-28 15:05:00+02:00,0.123099
2017-05-28 15:06:00+02:00,0.127149
2017-05-28 15:07:00+02:00,0.128115
2017-05-28 15:08:00+02:00,0.135709
2017-05-28 15:09:00+02:00,0.156244
2017-05-28 15:10:00+02:00,0.149238
2017-05-28 15:11:00+02:00,0.129349
2017-05-28 15:12:00+02:00,0.136391
2017-05-28 15:13:00+02:00,0.133141
2017-05-28 15:14:00+02:00,0.142938
2017-05-28 15:15:00+02:00,0.130789
2017-05-28 15:16:00+02:00,0.122393
2017-05-28 15:17:00+02:00,0.111597
2017-05-28 15:18:00+02:00,0.115499
2017-05-28 15:19:00+02:00,0.123284
2017-05-28 15:20:00+02:00,0.135967
2017-05-28 15:21:00+02:00,0.124613
2017-05-28 15:22:00+02:00,0.11183
2017-05-28 15:23:00+02:00,0.113426
2017-05-28 15:24:00+02:00,0.114176
2017-05-28 15:25:00+02:00,0.134486
2017-05-28 15:26:00+02:00,0.133137
2017-05-28 15:27:00+02:00,0.114051
2017-05-28 15:28:00+02:00,0.113454
2017-05-28 15:29:00+02:00,0.12706
2017-05-28 15:30:00+02:00,0.13574
2017-05-28 15:31:00+02:00,0.137399
2017-05-28 15:32:00+02:00,0.134942
2017-05-28 15:33:00+02:00,0.138928
2017-05-28 15:34:00+02:00,0.121326
2017-05-28 15:35:00+02:00,0.122875
2017-05-28 15:36:00+02:00,0.133436
2017-05-28 15:37:00+02:00,0.133516
2017-05-28 15:38:00+02:00,0.119785
2017-05-28 15:39:00+02:00,0.114446
2017-05-28 15:40:00+02:00,0.117032
2017-05-28 15:41:00+02:00,0.120528
2017-05-28 15:42:00+02:00,0.120864
2017-05-28 15:43:00+02:00,0.123523
2017-05-28 15:44:00+02:00,0.122981
2017-05-28 15:45:00+02:00,0.124666
2017-05-28 15:46:00+02:00,0.122404
2017-05-28 15:47:00+02:00,0.123377
2017-05-28 15:48:00+02:00,0.122295
2017-05-28 15:49:00+02:00,0.130324
2017-05-28 15:50:00+02:00,0.131501
2017-05-28 15:51:00+02:00,0.1218
2017-05-28 15:52:00+02:00,0.119768
2017-05-28 15:53:00+02:00,0.122189
2017-05-28 15:54:00+02:00,0.118562
2017-05-28 15:55:00+02:00,0.125564
2017-05-28 15:56:00+02:00,0.123832
2017-05-28 15:57:00+02:00,0.133427
2017-05-28 15:58:00+02:00,0.115752
2017-05-28 15:59:00+02:00,0.102235
2017-05-28 16:00:00+02:00,0.111899
2017-05-28 16:01:00+02:00,0.113854
2017-05-28 16:02:00+02:00,0.115335
2017-05-28 16:03:00+02:00,0.118007
2017-05-28 16:04:00+02:00,0.120598
2017-05-28 16:05:00+02:00,0.121885
2017-05-28 16:06:00+02:00,0.122476
2017-05-28 16:07:00+02:00,0.119511
2017-05-28 16:08:00+02:00,0.118774
2017-05-28 16:09:00+02:00,0.125195
2017-05-28 16:10:00+02:00,0.117628
2017-05-28 16:11:00+02:00,0.092477
2017-05-28 16:12:00+02:00,0.070223
2017-05-28 16:13:00+02:00,0.064878
2017-05-28 16:14:00+02:00,0.053831
2017-05-28 16:15:00+02:00,0.045262
2017-05-28 16:16:00+02:00,0.039096
2017-05-28 16:17:00+02:00,0.04629
2017-05-28 16:18:00+02:00,0.065362
2017-05-28 16:19:00+02:00,0.084748
2017-05-28 16:20:00+02:00,0.099561
2017-05-28 16:21:00+02:00,0.108149
2017-05-28 16:22:00+02:00,0.099733
2017-05-28 16:23:00+02:00,0.101788
2017-05-28 16:24:00+02:00,0.105899
2017-05-28 16:25:00+02:00,0.102137
2017-05-28 16:26:00+02:00,0.092184
2017-05-28 16:27:00+02:00,0.09373
2017-05-28 16:28:00+02:00,0.096654
2017-05-28 16:29:00+02:00,0.092945
2017-05-28 16:30:00+02:00,0.08967
2017-05-28 16:31:00+02:00,0.077792
2017-05-28 16:32:00+02:00,0.06958
2017-05-28 16:33:00+02:00,0.06499
2017-05-28 16:34:00+02:00,0.056385
2017-05-28 16:35:00+02:00,0.040336
2017-05-28 16:36:00+02:00,0.067378
2017-05-28 16:37:00+02:00,0.085212
2017-05-28 16:38:00+02:00,0.081899
2017-05-28 16:39:00+02:00,0.046232
2017-05-28 16:40:00+02:00,0.040553
2017-05-28 16:41:00+02:00,0.050913
2017-05-28 16:42:00+02:00,0.037209
2017-05-28 16:43:00+02:00,0.026989
2017-05-28 16:44:00+02:00,0.023311
2017-05-28 16:45:00+02:00,0.021213
2017-05-28 16:46:00+02:00,0.019063
2017-05-28 16:47:00+02:00,0.018465
2017-05-28 16:48:00+02:00,0.018151
2017-05-28 16:49:00+02:00,0.016766
2017-05-28 16:50:00+02:00,0.016768
2017-05-28 16:51:00+02:00,0.014777
2017-05-28 16:52:00+02:00,0.015183
2017-05-28 16:53:00+02:00,0.016133
2017-05-28 16:54:00+02:00,0.015726
2017-05-28 16:55:00+02:00,0.013493
2017-05-28 16:56:00+02:00,0.011897
2017-05-28 16:57:00+02:00,0.010447
2017-05-28 16:58:00+02:00,0.01201
2017-05-28 16:59:00+02:00,0.019136
2017-05-28 17:00:00+02:00,0.029687
2017-05-28 17:01:00+02:00,0.049993
2017-05-28 17:02:00+02:00,0.048755
2017-05-28 17:03:00+02:00,0.028441
2017-05-28 17:04:00+02:00,0.025434
2017-05-28 17:05:00+02:00,0.021739
2017-05-28 17:06:00+02:00,0.023057
2017-05-28 17:07:00+02:00,0.017262
2017-05-28 17:08:00+02:00,0.016921
2017-05-28 17:09:00+02:00,0.013803
2017-05-28 17:10:00+02:00,0.012025
2017-05-28 17:11:00+02:00,0.00989
2017-05-28 17:12:00+02:00,0.009033
2017-05-28 17:13:00+02:00,0.008602
2017-05-28 17:14:00+02:00,0.008369
2017-05-28 17:15:00+02:00,0.008198
2017-05-28 17:16:00+02:00,0.013281
2017-05-28 17:17:00+02:00,0.012652
2017-05-28 17:18:00+02:00,0.011706
2017-05-28 17:19:00+02:00,0.013113
2017-05-28 17:20:00+02:00,0.014103
2017-05-28 17:21:00+02:00,0.014006
2017-05-28 17:22:00+02:00,0.013752
2017-05-28 17:23:00+02:00,0.013302
2017-05-28 17:24:00+02:00,0.013042
2017-05-28 17:25:00+02:00,0.010815
2017-05-28 17:26:00+02:00,0.009572
2017-05-28 17:27:00+02:00,0.010173
2017-05-28 17:28:00+02:00,0.010956
2017-05-28 17:29:00+02:00,0.010977
2017-05-28 17:30:00+02:00,0.012488
2017-05-28 17:31:00+02:00,0.014766
2017-05-28 17:32:00+02:00,0.010789
2017-05-28 17:33:00+02:00,0.011311
2017-05-28 17:34:00+02:00,0.010583
2017-05-28 17:35:00+02:00,0.008188
2017-05-28 17:36:00+02:00,0.008025
2017-05-28 17:37:00+02:00,0.008489
2017-05-28 17:38:00+02:00,0.009092
2017-05-28 17:39:00+02:00,0.009534
2017-05-28 17:40:00+02:00,0.008102
2017-05-28 17:41:00+02:00,0.008245
2017-05-28 17:42:00+02:00,0.008891
2017-05-28 17:43:00+02:00,0.008913
2017-05-28 17:44:00+02:00,0.01007
2017-05-28 17:45:00+02:00,0.009308
2017-05-28 17:46:00+02:00,0.009566
2017-05-28 17:47:00+02:00,0.009372
2017-05-28 17:48:00+02:00,0.009297
2017-05-28 17:49:00+02:00,0.00986
2017-05-28 17:50:00+02:00,0.01084
2017-05-28 17:51:00+02:00,0.011503
2017-05-28 17:52:00+02:00,0.010849
2017-05-28 17:53:00+02:00,0.014699
2017-05-28 17:54:00+02:00,0.013467
2017-05-28 17:55:00+02:00,0.014804
2017-05-28 17:56:00+02:00,0.018819
2017-05-28 17:57:00+02:00,0.020053
2017-05-28 17:58:00+02:00,0.023605
2017-05-28 17:59:00+02:00,0.021265
2017-05-28 18:00:00+02:00,0.019791
2017-05-28 18:01:00+02:00,0.040841
2017-05-28 18:02:00+02:00,0.060874
2017-05-28 18:03:00+02:00,0.073357
2017-05-28 18:04:00+02:00,0.077548
2017-05-28 18:05:00+02:00,0.079411
2017-05-28 18:06:00+02:00,0.080042
2017-05-28 18:07:00+02:00,0.080115
2017-05-28 18:08:00+02:00,0.075641
2017-05-28 18:09:00+02:00,0.071795
2017-05-28 18:10:00+02:00,0.068433
2017-05-28 18:11:00+02:00,0.049796
2017-05-28 18:12:00+02:00,0.035066
2017-05-28 18:13:00+02:00,0.035124
2017-05-28 18:14:00+02:00,0.026927
2017-05-28 18:15:00+02:00,0.020573
2017-05-28 18:16:00+02:00,0.017886
2017-05-28 18:17:00+02:00,0.015518
2017-05-28 18:18:00+02:00,0.018641
2017-05-28 18:19:00+02:00,0.022384
2017-05-28 18:20:00+02:00,0.020017
2017-05-28 18:21:00+02:00,0.018986
2017-05-28 18:22:00+02:00,0.01903
2017-05-28 18:23:00+02:00,0.020195
2017-05-28 18:24:00+02:00,0.019395
2017-05-28 18:25:00+02:00,0.017625
2017-05-28 18:26:00+02:00,0.017181
2017-05-28 18:27:00+02:00,0.013727
2017-05-28 18:28:00+02:00,0.013253
2017-05-28 18:29:00+02:00,0.015197
2017-05-28 18:30:00+02:00,0.012723
2017-05-28 18:31:00+02:00,0.012339
2017-05-28 18:32:00+02:00,0.012055
2017-05-28 18:33:00+02:00,0.011913
2017-05-28 18:34:00+02:00,0.010209
2017-05-28 18:35:00+02:00,0.011691
2017-05-28 18:36:00+02:00,0.008797
2017-05-28 18:37:00+02:00,0.011248
2017-05-28 18:38:00+02:00,0.011347
2017-05-28 18:39:00+02:00,0.011323
2017-05-28 18:40:00+02:00,0.011065
2017-05-28 18:41:00+02:00,0.011604
2017-05-28 18:42:00+02:00,0.012877
2017-05-28 18:43:00+02:00,0.012357
2017-05-28 18:44:00+02:00,0.013315
2017-05-28 18:45:00+02:00,0.013717
2017-05-28 18:46:00+02:00,0.013255
2017-05-28 18:47:00+02:00,0.012235
2017-05-28 18:48:00+02:00,0.01237
2017-05-28 18:49:00+02:00,0.011729
2017-05-28 18:50:00+02:00,0.010415
2017-05-28 18:51:00+02:00,0.011892
2017-05-28 18:52:00+02:00,0.012219
2017-05-28 18:53:00+02:00,0.011931
2017-05-28 18:54:00+02:00,0.011416
2017-05-28 18:55:00+02:00,0.011905
2017-05-28 18:56:00+02:00,0.011639
2017-05-28 18:57:00+02:00,0.012275
2017-05-28 18:58:00+02:00,0.013074
2017-05-28 18:59:00+02:00,0.012575
2017-05-28 19:00:00+02:00,0.010485
2017-05-28 19:01:00+02:00,0.009432
2017-05-28 19:02:00+02:00,0.009288
2017-05-28 19:03:00+02:00,0.008999
2017-05-28 19:04:00+02:00,0.009857
2017-05-28 19:05:00+02:00,0.012669
2017-05-28 19:06:00+02:00,0.012906
2017-05-28 19:07:00+02:00,0.012951
2017-05-28 19:08:00+02:00,0.013095
2017-05-28 19:09:00+02:00,0.014246
2017-05-28 19:10:00+02:00,0.013733
2017-05-28 19:11:00+02:00,0.011715
2017-05-28 19:12:00+02:00,0.010478
2017-05-28 19:13:00+02:00,0.011221
2017-05-28 19:14:00+02:00,0.012188
2017-05-28 19:15:00+02:00,0.01099
2017-05-28 19:16:00+02:00,0.010159
2017-05-28 19:17:00+02:00,0.011361
2017-05-28 19:18:00+02:00,0.011039
2017-05-28 19:19:00+02:00,0.010362
2017-05-28 19:20:00+02:00,0.010865
2017-05-28 19:21:00+02:00,0.00972
2017-05-28 19:22:00+02:00,0.00721
2017-05-28 19:23:00+02:00,0.008376
2017-05-28 19:24:00+02:00,0.007633
2017-05-28 19:25:00+02:00,0.007883
2017-05-28 19:26:00+02:00,0.00833
2017-05-28 19:27:00+02:00,0.010076
2017-05-28 19:28:00+02:00,0.008656
2017-05-28 19:29:00+02:00,0.00818
2017-05-28 19:30:00+02:00,0.007635
2017-05-28 19:31:00+02:00,0.007631
2017-05-28 19:32:00+02:00,0.006862
2017-05-28 19:33:00+02:00,0.005182
2017-05-28 19:34:00+02:00,0.003915
2017-05-28 19:35:00+02:00,0.006023
2017-05-28 19:36:00+02:00,0.005393
2017-05-28 19:37:00+02:00,0.00544
2017-05-28 19:38:00+02:00,0.005258
2017-05-28 19:39:00+02:00,0.00673
2017-05-28 19:40:00+02:00,0.008293
2017-05-28 19:41:00+02:00,0.007242
2017-05-28 19:42:00+02:00,0.007755
2017-05-28 19:43:00+02:00,0.007916
2017-05-28 19:44:00+02:00,0.008155
2017-05-28 19:45:00+02:00,0.009167
2017-05-28 19:46:00+02:00,0.012011
2017-05-28 19:47:00+02:00,0.014037
2017-05-28 19:48:00+02:00,0.016524
2017-05-28 19:49:00+02:00,0.015677
2017-05-28 19:50:00+02:00,0.013088
2017-05-28 19:51:00+02:00,0.013436
2017-05-28 19:52:00+02:00,0.012973
2017-05-28 19:53:00+02:00,0.012238
2017-05-28 19:54:00+02:00,0.012436
2017-05-28 19:55:00+02:00,0.010729
2017-05-28 19:56:00+02:00,0.01169
2017-05-28 19:57:00+02:00,0.012826
2017-05-28 19:58:00+02:00,0.012525
2017-05-28 19:59:00+02:00,0.012534
2017-05-28 20:00:00+02:00,0.011348
2017-05-28 20:01:00+02:00,0.011006
2017-05-28 20:02:00+02:00,0.010931
2017-05-28 20:03:00+02:00,0.009354
2017-05-28 20:04:00+02:00,0.008652
2017-05-28 20:05:00+02:00,0.007904
2017-05-28 20:06:00+02:00,0.007915
2017-05-28 20:07:00+02:00,0.008471
2017-05-28 20:08:00+02:00,0.007147
2017-05-28 20:09:00+02:00,0.007335
2017-05-28 20:10:00+02:00,0.007115
2017-05-28 20:11:00+02:00,0.006664
2017-05-28 20:12:00+02:00,0.00602
2017-05-28 20:13:00+02:00,0.005804
2017-05-28 20:14:00+02:00,0.006469
2017-05-28 20:15:00+02:00,0.008304
2017-05-28 20:16:00+02:00,0.009117
2017-05-28 20:17:00+02:00,0.010408
2017-05-28 20:18:00+02:00,0.009154
2017-05-28 20:19:00+02:00,0.009494
2017-05-28 20:20:00+02:00,0.010334
2017-05-28 20:21:00+02:00,0.010067
2017-05-28 20:22:00+02:00,0.011864
2017-05-28 20:23:00+02:00,0.010726
2017-05-28 20:24:00+02:00,0.010652
2017-05-28 20:25:00+02:00,0.010045
2017-05-28 20:26:00+02:00,0.010538
2017-05-28 20:27:00+02:00,0.01019
2017-05-28 20:28:00+02:00,0.008773
2017-05-28 20:29:00+02:00,0.009251
2017-05-28 20:30:00+02:00,0.010258
2017-05-28 20:31:00+02:00,0.010272
2017-05-28 20:32:00+02:00,0.00969
2017-05-28 20:33:00+02:00,0.008556
2017-05-28 20:34:00+02:00,0.008838
2017-05-28 20:35:00+02:00,0.007244
2017-05-28 20:36:00+02:00,0.008314
2017-05-28 20:37:00+02:00,0.008306
2017-05-28 20:38:00+02:00,0.008382
2017-05-28 20:39:00+02:00,0.009481
2017-05-28 20:40:00+02:00,0.008607
2017-05-28 20:41:00+02:00,0.008244
2017-05-28 20:42:00+02:00,0.007761
2017-05-28 20:43:00+02:00,0.007357
2017-05-28 20:44:00+02:00,0.007284
2017-05-28 20:45:00+02:00,0.009968
2017-05-28 20:46:00+02:00,0.009752
2017-05-28 20:47:00+02:00,0.012387
2017-05-28 20:48:00+02:00,0.012694
2017-05-28 20:49:00+02:00,0.013445
2017-05-28 20:50:00+02:00,0.017655
2017-05-28 20:51:00+02:00,0.01498
2017-05-28 20:52:00+02:00,0.015266
2017-05-28 20:53:00+02:00,0.012879
2017-05-28 20:54:00+02:00,0.010846
2017-05-28 20:55:00+02:00,0.013017
2017-05-28 20:56:00+02:00,0.013016
2017-05-28 20:57:00+02:00,0.014103
2017-05-28 20:58:00+02:00,0.01398
2017-05-28 20:59:00+02:00,0.017179
2017-05-28 21:00:00+02:00,0.021534
2017-05-28 21:01:00+02:00,0.01664
2017-05-28 21:02:00+02:00,0.013889
2017-05-28 21:03:00+02:00,0.012438
2017-05-28 21:04:00+02:00,0.011589
2017-05-28 21:05:00+02:00,0.010603
2017-05-28 21:06:00+02:00,0.010052
2017-05-28 21:07:00+02:00,0.010965
2017-05-28 21:08:00+02:00,0.010839
2017-05-28 21:09:00+02:00,0.011493
2017-05-28 21:10:00+02:00,0.011854
2017-05-28 21:11:00+02:00,0.009972
2017-05-28 21:12:00+02:00,0.009739
2017-05-28 21:13:00+02:00,0.009348
2017-05-28 21:14:00+02:00,0.009798
2017-05-28 21:15:00+02:00,0.011511
2017-05-28 21:16:00+02:00,0.012219
2017-05-28 21:17:00+02:00,0.012366
2017-05-28 21:18:00+02:00,0.013269
2017-05-28 21:19:00+02:00,0.013436
2017-05-28 21:20:00+02:00,0.012403
2017-05-28 21:21:00+02:00,0.012268
2017-05-28 21:22:00+02:00,0.015702
2017-05-28 21:23:00+02:00,0.015064
2017-05-28 21:24:00+02:00,0.016779
2017-05-28 21:25:00+02:00,0.016606
2017-05-28 21:26:00+02:00,0.01757
2017-05-28 21:27:00+02:00,0.018328
2017-05-28 21:28:00+02:00,0.01853
2017-05-28 21:29:00+02:00,0.017696
2017-05-28 21:30:00+02:00,0.016452
2017-05-28 21:31:00+02:00,0.01714
2017-05-28 21:32:00+02:00,0.016519
2017-05-28 21:33:00+02:00,0.016441
2017-05-28 21:34:00+02:00,0.016714
2017-05-28 21:35:00+02:00,0.013532
2017-05-28 21:36:00+02:00,0.014353
2017-05-28 21:37:00+02:00,0.015164
2017-05-28 21:38:00+02:00,0.014386
2017-05-28 21:39:00+02:00,0.014004
2017-05-28 21:40:00+02:00,0.014823
2017-05-28 21:41:00+02:00,0.015571
2017-05-28 21:42:00+02:00,0.014907
2017-05-28 21:43:00+02:00,0.014358
2017-05-28 21:44:00+02:00,0.015144
2017-05-28 21:45:00+02:00,0.015595
2017-05-28 21:46:00+02:00,0.013544
2017-05-28 21:47:00+02:00,0.014455
2017-05-28 21:48:00+02:00,0.015015
2017-05-28 21:49:00+02:00,0.011709
2017-05-28 21:50:00+02:00,0.013746
2017-05-28 21:51:00+02:00,0.014037
2017-05-28 21:52:00+02:00,0.015184
2017-05-28 21:53:00+02:00,0.014663
2017-05-28 21:54:00+02:00,0.015053
2017-05-28 21:55:00+02:00,0.016358
2017-05-28 21:56:00+02:00,0.016345
2017-05-28 21:57:00+02:00,0.014518
2017-05-28 21:58:00+02:00,0.013495
2017-05-28 21:59:00+02:00,0.013645
2017-05-28 22:00:00+02:00,0.015407
2017-05-28 22:01:00+02:00,0.015186
2017-05-28 22:02:00+02:00,0.014922
2017-05-28 22:03:00+02:00,0.015106
2017-05-28 22:04:00+02:00,0.019496
2017-05-28 22:05:00+02:00,0.021117
2017-05-28 22:06:00+02:00,0.021189
2017-05-28 22:07:00+02:00,0.020278
2017-05-28 22:08:00+02:00,0.014192
2017-05-28 22:09:00+02:00,0.012732
2017-05-28 22:10:00+02:00,0.011568
2017-05-28 22:11:00+02:00,0.011739
2017-05-28 22:12:00+02:00,0.013853
2017-05-28 22:13:00+02:00,0.011757
2017-05-28 22:14:00+02:00,0.01137
2017-05-28 22:15:00+02:00,0.010691
2017-05-28 22:16:00+02:00,0.011076
2017-05-28 22:17:00+02:00,0.011227
2017-05-28 22:18:00+02:00,0.011256
2017-05-28 22:19:00+02:00,0.012466
2017-05-28 22:20:00+02:00,0.011214
2017-05-28 22:21:00+02:00,0.011096
2017-05-28 22:22:00+02:00,0.011635
2017-05-28 22:23:00+02:00,0.012431
2017-05-28 22:24:00+02:00,0.013038
2017-05-28 22:25:00+02:00,0.011087
2017-05-28 22:26:00+02:00,0.009924
2017-05-28 22:27:00+02:00,0.009353
2017-05-28 22:28:00+02:00,0.009515
2017-05-28 22:29:00+02:00,0.009056
2017-05-28 22:30:00+02:00,0.010218
2017-05-28 22:31:00+02:00,0.012375
2017-05-28 22:32:00+02:00,0.013252
2017-05-28 22:33:00+02:00,0.011363
2017-05-28 22:34:00+02:00,0.012096
2017-05-28 22:35:00+02:00,0.014439
2017-05-28 22:36:00+02:00,0.015532
2017-05-28 22:37:00+02:00,0.015038
2017-05-28 22:38:00+02:00,0.011848
2017-05-28 22:39:00+02:00,0.010451
2017-05-28 22:40:00+02:00,0.010773
2017-05-28 22:41:00+02:00,0.010862
2017-05-28 22:42:00+02:00,0.010542
2017-05-28 22:43:00+02:00,0.0105
2017-05-28 22:44:00+02:00,0.010366
2017-05-28 22:45:00+02:00,0.011777
2017-05-28 22:46:00+02:00,0.012042
2017-05-28 22:47:00+02:00,0.012978
2017-05-28 22:48:00+02:00,0.013717
2017-05-28 22:49:00+02:00,0.013446
2017-05-28 22:50:00+02:00,0.012809
2017-05-28 22:51:00+02:00,0.012761
2017-05-28 22:52:00+02:00,0.011769
2017-05-28 22:53:00+02:00,0.01093
2017-05-28 22:54:00+02:00,0.011433
2017-05-28 22:55:00+02:00,0.011178
2017-05-28 22:56:00+02:00,0.011905
2017-05-28 22:57:00+02:00,0.012592
2017-05-28 22:58:00+02:00,0.012071
2017-05-28 22:59:00+02:00,0.011925
2017-05-28 23:00:00+02:00,0.011585
2017-05-28 23:01:00+02:00,0.011421
2017-05-28 23:02:00+02:00,0.011218
2017-05-28 23:03:00+02:00,0.010018
2017-05-28 23:04:00+02:00,0.009586
2017-05-28 23:05:00+02:00,0.010022
2017-05-28 23:06:00+02:00,0.01609
2017-05-28 23:07:00+02:00,0.015773
2017-05-28 23:08:00+02:00,0.015794
2017-05-28 23:09:00+02:00,0.016891
2017-05-28 23:10:00+02:00,0.014237
2017-05-28 23:11:00+02:00,0.013031
2017-05-28 23:12:00+02:00,0.007537
2017-05-28 23:13:00+02:00,0.008355
2017-05-28 23:14:00+02:00,0.007928
2017-05-28 23:15:00+02:00,0.012264
2017-05-28 23:16:00+02:00,0.010558
2017-05-28 23:17:00+02:00,0.008866
2017-05-28 23:18:00+02:00,0.007565
2017-05-28 23:19:00+02:00,0.010596
2017-05-28 23:20:00+02:00,0.011305
2017-05-28 23:21:00+02:00,0.009942
2017-05-28 23:22:00+02:00,0.009374
2017-05-28 23:23:00+02:00,0.011394
2017-05-28 23:24:00+02:00,0.011353
2017-05-28 23:25:00+02:00,0.011673
2017-05-28 23:26:00+02:00,0.0128
2017-05-28 23:27:00+02:00,0.013634
2017-05-28 23:28:00+02:00,0.010646
2017-05-28 23:29:00+02:00,0.009853
2017-05-28 23:30:00+02:00,0.009648
2017-05-28 23:31:00+02:00,0.00951
2017-05-28 23:32:00+02:00,0.010938
2017-05-28 23:33:00+02:00,0.011557
2017-05-28 23:34:00+02:00,0.010636
2017-05-28 23:35:00+02:00,0.010233
2017-05-28 23:36:00+02:00,0.013097
2017-05-28 23:37:00+02:00,0.014525
2017-05-28 23:38:00+02:00,0.013589
2017-05-28 23:39:00+02:00,0.013314
2017-05-28 23:40:00+02:00,0.012376
2017-05-28 23:41:00+02:00,0.01079
2017-05-28 23:42:00+02:00,0.010351
2017-05-28 23:43:00+02:00,0.010733
2017-05-28 23:44:00+02:00,0.01021
2017-05-28 23:45:00+02:00,0.010138
2017-05-28 23:46:00+02:00,0.010203
2017-05-28 23:47:00+02:00,0.010332
2017-05-28 23:48:00+02:00,0.010204
2017-05-28 23:49:00+02:00,0.010413
2017-05-28 23:50:00+02:00,0.009691
2017-05-28 23:51:00+02:00,0.007331
2017-05-28 23:52:00+02:00,0.006708
2017-05-28 23:53:00+02:00,0.005993
2017-05-28 23:54:00+02:00,0.005416
2017-05-28 23:55:00+02:00,0.005939
2017-05-28 23:56:00+02:00,0.006491
2017-05-28 23:57:00+02:00,0.00699
2017-05-28 23:58:00+02:00,0.007056
2017-05-28 23:59:00+02:00,0.007058
2017-05-29 00:00:00+02:00,0.007544
2017-05-29 00:01:00+02:00,0.007333
2017-05-29 00:02:00+02:00,0.006654
2017-05-29 00:03:00+02:00,0.00782
2017-05-29 00:04:00+02:00,0.007511
2017-05-29 00:05:00+02:00,0.006012
2017-05-29 00:06:00+02:00,0.004748
2017-05-29 00:07:00+02:00,0.004262
2017-05-29 00:08:00+02:00,0.00513
2017-05-29 00:09:00+02:00,0.006461
2017-05-29 00:10:00+02:00,0.007061
2017-05-29 00:11:00+02:00,0.005037
2017-05-29 00:12:00+02:00,0.006128
2017-05-29 00:13:00+02:00,0.006556
2017-05-29 00:14:00+02:00,0.005446
2017-05-29 00:15:00+02:00,0.004669
2017-05-29 00:16:00+02:00,0.004894
2017-05-29 00:17:00+02:00,0.005037
2017-05-29 00:18:00+02:00,0.004266
2017-05-29 00:19:00+02:00,0.003251
2017-05-29 00:20:00+02:00,0.004545
2017-05-29 00:21:00+02:00,0.005153
2017-05-29 00:22:00+02:00,0.006291
2017-05-29 00:23:00+02:00,0.006379
2017-05-29 00:24:00+02:00,0.006375
2017-05-29 00:25:00+02:00,0.006404
2017-05-29 00:26:00+02:00,0.006454
2017-05-29 00:27:00+02:00,0.00597
2017-05-29 00:28:00+02:00,0.006107
2017-05-29 00:29:00+02:00,0.006131
2017-05-29 00:30:00+02:00,0.007489
2017-05-29 00:31:00+02:00,0.007791
2017-05-29 00:32:00+02:00,0.00722
2017-05-29 00:33:00+02:00,0.004885
2017-05-29 00:34:00+02:00,0.006995
2017-05-29 00:35:00+02:00,0.005986
2017-05-29 00:36:00+02:00,0.006263
2017-05-29 00:37:00+02:00,0.006275
2017-05-29 00:38:00+02:00,0.003995
2017-05-29 00:39:00+02:00,0.005154
2017-05-29 00:40:00+02:00,0.005594
2017-05-29 00:41:00+02:00,0.005364
2017-05-29 00:42:00+02:00,0.004684
2017-05-29 00:43:00+02:00,0.005342
2017-05-29 00:44:00+02:00,0.004983
2017-05-29 00:45:00+02:00,0.00453
2017-05-29 00:46:00+02:00,0.004343
2017-05-29 00:47:00+02:00,0.00385
2017-05-29 00:48:00+02:00,0.00397
2017-05-29 00:49:00+02:00,0.002875
2017-05-29 00:50:00+02:00,0.00305
2017-05-29 00:51:00+02:00,0.004248
2017-05-29 00:52:00+02:00,0.004242
2017-05-29 00:53:00+02:00,0.003799
2017-05-29 00:54:00+02:00,0.003505
2017-05-29 00:55:00+02:00,0.003575
2017-05-29 00:56:00+02:00,0.00331
2017-05-29 00:57:00+02:00,0.00352
2017-05-29 00:58:00+02:00,0.003859
2017-05-29 00:59:00+02:00,0.004444
2017-05-29 01:00:00+02:00,0.005764
2017-05-29 01:01:00+02:00,0.004731
2017-05-29 01:02:00+02:00,0.004694
2017-05-29 01:03:00+02:00,0.004346
2017-05-29 01:04:00+02:00,0.005249
2017-05-29 01:05:00+02:00,0.006493
2017-05-29 01:06:00+02:00,0.005581
2017-05-29 01:07:00+02:00,0.005884
2017-05-29 01:08:00+02:00,0.006582
2017-05-29 01:09:00+02:00,0.006604
2017-05-29 01:10:00+02:00,0.006774
2017-05-29 01:11:00+02:00,0.006568
2017-05-29 01:12:00+02:00,0.007589
2017-05-29 01:13:00+02:00,0.006976
2017-05-29 01:14:00+02:00,0.006956
2017-05-29 01:15:00+02:00,0.007025
2017-05-29 01:16:00+02:00,0.006003
2017-05-29 01:17:00+02:00,0.005201
2017-05-29 01:18:00+02:00,0.006458
2017-05-29 01:19:00+02:00,0.006546
2017-05-29 01:20:00+02:00,0.005269
2017-05-29 01:21:00+02:00,0.005536
2017-05-29 01:22:00+02:00,0.005845
2017-05-29 01:23:00+02:00,0.004587
2017-05-29 01:24:00+02:00,0.003894
2017-05-29 01:25:00+02:00,0.00432
2017-05-29 01:26:00+02:00,0.004029
2017-05-29 01:27:00+02:00,0.004394
2017-05-29 01:28:00+02:00,0.004528
2017-05-29 01:29:00+02:00,0.0043
2017-05-29 01:30:00+02:00,0.003863
2017-05-29 01:31:00+02:00,0.004421
2017-05-29 01:32:00+02:00,0.004488
2017-05-29 01:33:00+02:00,0.003773
2017-05-29 01:34:00+02:00,0.003554
2017-05-29 01:35:00+02:00,0.003451
2017-05-29 01:36:00+02:00,0.003377
2017-05-29 01:37:00+02:00,0.002679
2017-05-29 01:38:00+02:00,0.003315
2017-05-29 01:39:00+02:00,0.003046
2017-05-29 01:40:00+02:00,0.002734
2017-05-29 01:41:00+02:00,0.003266
2017-05-29 01:42:00+02:00,0.003582
2017-05-29 01:43:00+02:00,0.003807
2017-05-29 01:44:00+02:00,0.004469
2017-05-29 01:45:00+02:00,0.005552
2017-05-29 01:46:00+02:00,0.00541
2017-05-29 01:47:00+02:00,0.004754
2017-05-29 01:48:00+02:00,0.004534
2017-05-29 01:49:00+02:00,0.004031
2017-05-29 01:50:00+02:00,0.003627
2017-05-29 01:51:00+02:00,0.003889
2017-05-29 01:52:00+02:00,0.004404
2017-05-29 01:53:00+02:00,0.005307
2017-05-29 01:54:00+02:00,0.005051
2017-05-29 01:55:00+02:00,0.004408
2017-05-29 01:56:00+02:00,0.004531
2017-05-29 01:57:00+02:00,0.004265
2017-05-29 01:58:00+02:00,0.003981
2017-05-29 01:59:00+02:00,0.00452
2017-05-29 02:00:00+02:00,0.003809
2017-05-29 02:01:00+02:00,0.005578
2017-05-29 02:02:00+02:00,0.005264
2017-05-29 02:03:00+02:00,0.004904
2017-05-29 02:04:00+02:00,0.004208
2017-05-29 02:05:00+02:00,0.00424
2017-05-29 02:06:00+02:00,0.004878
2017-05-29 02:07:00+02:00,0.004913
2017-05-29 02:08:00+02:00,0.005214
2017-05-29 02:09:00+02:00,0.004742
2017-05-29 02:10:00+02:00,0.004183
2017-05-29 02:11:00+02:00,0.004148
2017-05-29 02:12:00+02:00,0.004101
2017-05-29 02:13:00+02:00,0.004101
2017-05-29 02:14:00+02:00,0.003687
2017-05-29 02:15:00+02:00,0.004059
2017-05-29 02:16:00+02:00,0.004459
2017-05-29 02:17:00+02:00,0.003986
2017-05-29 02:18:00+02:00,0.003233
2017-05-29 02:19:00+02:00,0.003313
2017-05-29 02:20:00+02:00,0.003575
2017-05-29 02:21:00+02:00,0.003666
2017-05-29 02:22:00+02:00,0.003676
2017-05-29 02:23:00+02:00,0.003774
2017-05-29 02:24:00+02:00,0.003478
2017-05-29 02:25:00+02:00,0.003782
2017-05-29 02:26:00+02:00,0.003496
2017-05-29 02:27:00+02:00,0.003819
2017-05-29 02:28:00+02:00,0.004914
2017-05-29 02:29:00+02:00,0.005335
2017-05-29 02:30:00+02:00,0.003815
2017-05-29 02:31:00+02:00,0.002197
2017-05-29 02:32:00+02:00,0.001958
2017-05-29 02:33:00+02:00,0.001509
2017-05-29 02:34:00+02:00,0.001039
2017-05-29 02:35:00+02:00,0.000955
2017-05-29 02:36:00+02:00,0.00142
2017-05-29 02:37:00+02:00,0.001125
2017-05-29 02:38:00+02:00,0.001157
2017-05-29 02:39:00+02:00,0.001741
2017-05-29 02:40:00+02:00,0.002164
2017-05-29 02:41:00+02:00,0.003024
2017-05-29 02:42:00+02:00,0.002337
2017-05-29 02:43:00+02:00,0.00204
2017-05-29 02:44:00+02:00,0.00201
2017-05-29 02:45:00+02:00,0.003119
2017-05-29 02:46:00+02:00,0.003017
2017-05-29 02:47:00+02:00,0.003138
2017-05-29 02:48:00+02:00,0.003868
2017-05-29 02:49:00+02:00,0.004974
2017-05-29 02:50:00+02:00,0.004058
2017-05-29 02:51:00+02:00,0.004147
2017-05-29 02:52:00+02:00,0.004828
2017-05-29 02:53:00+02:00,0.004337
2017-05-29 02:54:00+02:00,0.004225
2017-05-29 02:55:00+02:00,0.004499
2017-05-29 02:56:00+02:00,0.003716
2017-05-29 02:57:00+02:00,0.003537
2017-05-29 02:58:00+02:00,0.003754
2017-05-29 02:59:00+02:00,0.003937
2017-05-29 03:00:00+02:00,0.004254
2017-05-29 03:01:00+02:00,0.002681
2017-05-29 03:02:00+02:00,0.001868
2017-05-29 03:03:00+02:00,0.002075
2017-05-29 03:04:00+02:00,0.001621
2017-05-29 03:05:00+02:00,0.001163
2017-05-29 03:06:00+02:00,0.000457
2017-05-29 03:07:00+02:00,0.000875
2017-05-29 03:08:00+02:00,0.001947
2017-05-29 03:09:00+02:00,0.00412
2017-05-29 03:10:00+02:00,0.002894
2017-05-29 03:11:00+02:00,0.002645
2017-05-29 03:12:00+02:00,0.002207
2017-05-29 03:13:00+02:00,0.002073
2017-05-29 03:14:00+02:00,0.002318
2017-05-29 03:15:00+02:00,0.002415
2017-05-29 03:16:00+02:00,0.003179
2017-05-29 03:17:00+02:00,0.00223
2017-05-29 03:18:00+02:00,0.002028
2017-05-29 03:19:00+02:00,0.002632
2017-05-29 03:20:00+02:00,0.002541
2017-05-29 03:21:00+02:00,0.002239
2017-05-29 03:22:00+02:00,0.002225
2017-05-29 03:23:00+02:00,0.002338
2017-05-29 03:24:00+02:00,0.002159
2017-05-29 03:25:00+02:00,0.002011
2017-05-29 03:26:00+02:00,0.002431
2017-05-29 03:27:00+02:00,0.002898
2017-05-29 03:28:00+02:00,0.003412
2017-05-29 03:29:00+02:00,0.003059
2017-05-29 03:30:00+02:00,0.00299
2017-05-29 03:31:00+02:00,0.003285
2017-05-29 03:32:00+02:00,0.003472
2017-05-29 03:33:00+02:00,0.004664
2017-05-29 03:34:00+02:00,0.005124
2017-05-29 03:35:00+02:00,0.006262
2017-05-29 03:36:00+02:00,0.006006
2017-05-29 03:37:00+02:00,0.004689
2017-05-29 03:38:00+02:00,0.00494
2017-05-29 03:39:00+02:00,0.004087
2017-05-29 03:40:00+02:00,0.004082
2017-05-29 03:41:00+02:00,0.004455
2017-05-29 03:42:00+02:00,0.005723
2017-05-29 03:43:00+02:00,0.004535
2017-05-29 03:44:00+02:00,0.004106
2017-05-29 03:45:00+02:00,0.004743
2017-05-29 03:46:00+02:00,0.0049
2017-05-29 03:47:00+02:00,0.004015
2017-05-29 03:48:00+02:00,0.003473
2017-05-29 03:49:00+02:00,0.003812
2017-05-29 03:50:00+02:00,0.004195
2017-05-29 03:51:00+02:00,0.00382
2017-05-29 03:52:00+02:00,0.003993
2017-05-29 03:53:00+02:00,0.0035
2017-05-29 03:54:00+02:00,0.002913
2017-05-29 03:55:00+02:00,0.002535
2017-05-29 03:56:00+02:00,0.002896
2017-05-29 03:57:00+02:00,0.003908
2017-05-29 03:58:00+02:00,0.002645
2017-05-29 03:59:00+02:00,0.002909
2017-05-29 04:00:00+02:00,0.00317
2017-05-29 04:01:00+02:00,0.002865
2017-05-29 04:02:00+02:00,0.00344
2017-05-29 04:03:00+02:00,0.00319
2017-05-29 04:04:00+02:00,0.002557
2017-05-29 04:05:00+02:00,0.001954
2017-05-29 04:06:00+02:00,0.002328
2017-05-29 04:07:00+02:00,0.001886
2017-05-29 04:08:00+02:00,0.001676
2017-05-29 04:09:00+02:00,0.00212
2017-05-29 04:10:00+02:00,0.002233
2017-05-29 04:11:00+02:00,0.001744
2017-05-29 04:12:00+02:00,0.00174
2017-05-29 04:13:00+02:00,0.001642
2017-05-29 04:14:00+02:00,0.001575
2017-05-29 04:15:00+02:00,0.001696
2017-05-29 04:16:00+02:00,0.002243
2017-05-29 04:17:00+02:00,0.002841
2017-05-29 04:18:00+02:00,0.003387
2017-05-29 04:19:00+02:00,0.003532
2017-05-29 04:20:00+02:00,0.003775
2017-05-29 04:21:00+02:00,0.003543
2017-05-29 04:22:00+02:00,0.003782
2017-05-29 04:23:00+02:00,0.002852
2017-05-29 04:24:00+02:00,0.003041
2017-05-29 04:25:00+02:00,0.00287
2017-05-29 04:26:00+02:00,0.002658
2017-05-29 04:27:00+02:00,0.003207
2017-05-29 04:28:00+02:00,0.003974
2017-05-29 04:29:00+02:00,0.004224
2017-05-29 04:30:00+02:00,0.004028
2017-05-29 04:31:00+02:00,0.002644
2017-05-29 04:32:00+02:00,0.003366
2017-05-29 04:33:00+02:00,0.003099
2017-05-29 04:34:00+02:00,0.003395
2017-05-29 04:35:00+02:00,0.003563
2017-05-29 04:36:00+02:00,0.00303
2017-05-29 04:37:00+02:00,0.002606
2017-05-29 04:38:00+02:00,0.002461
2017-05-29 04:39:00+02:00,0.002624
2017-05-29 04:40:00+02:00,0.002899
2017-05-29 04:41:00+02:00,0.003953
2017-05-29 04:42:00+02:00,0.002829
2017-05-29 04:43:00+02:00,0.001712
2017-05-29 04:44:00+02:00,0.001798
2017-05-29 04:45:00+02:00,0.001597
2017-05-29 04:46:00+02:00,0.001614
2017-05-29 04:47:00+02:00,0.001607
2017-05-29 04:48:00+02:00,0.001851
2017-05-29 04:49:00+02:00,0.001085
2017-05-29 04:50:00+02:00,0.000552
2017-05-29 04:51:00+02:00,0.00086
2017-05-29 04:52:00+02:00,0.001372
2017-05-29 04:53:00+02:00,0.001234
2017-05-29 04:54:00+02:00,0.001346
2017-05-29 04:55:00+02:00,0.001326
2017-05-29 04:56:00+02:00,0.001413
2017-05-29 04:57:00+02:00,0.001634
2017-05-29 04:58:00+02:00,0.001716
2017-05-29 04:59:00+02:00,0.00157
2017-05-29 05:00:00+02:00,0.001581
2017-05-29 05:01:00+02:00,0.003038
2017-05-29 05:02:00+02:00,0.002934
2017-05-29 05:03:00+02:00,0.002722
2017-05-29 05:04:00+02:00,0.002795
2017-05-29 05:05:00+02:00,0.002101
2017-05-29 05:06:00+02:00,0.002296
2017-05-29 05:07:00+02:00,0.002063
2017-05-29 05:08:00+02:00,0.001988
2017-05-29 05:09:00+02:00,0.002249
2017-05-29 05:10:00+02:00,0.002932
2017-05-29 05:11:00+02:00,0.003522
2017-05-29 05:12:00+02:00,0.003183
2017-05-29 05:13:00+02:00,0.003334
2017-05-29 05:14:00+02:00,0.003771
2017-05-29 05:15:00+02:00,0.003998
2017-05-29 05:16:00+02:00,0.001459
2017-05-29 05:17:00+02:00,0.001224
2017-05-29 05:18:00+02:00,0.001267
2017-05-29 05:19:00+02:00,0.001656
2017-05-29 05:20:00+02:00,0.00202
2017-05-29 05:21:00+02:00,0.002827
2017-05-29 05:22:00+02:00,0.002983
2017-05-29 05:23:00+02:00,0.003083
2017-05-29 05:24:00+02:00,0.002842
2017-05-29 05:25:00+02:00,0.002307
2017-05-29 05:26:00+02:00,0.002602
2017-05-29 05:27:00+02:00,0.002429
2017-05-29 05:28:00+02:00,0.002052
2017-05-29 05:29:00+02:00,0.001908
2017-05-29 05:30:00+02:00,0.002066
2017-05-29 05:31:00+02:00,0.002859
2017-05-29 05:32:00+02:00,0.003373
2017-05-29 05:33:00+02:00,0.003567
2017-05-29 05:34:00+02:00,0.003445
2017-05-29 05:35:00+02:00,0.003356
2017-05-29 05:36:00+02:00,0.00294
2017-05-29 05:37:00+02:00,0.002185
2017-05-29 05:38:00+02:00,0.002395
2017-05-29 05:39:00+02:00,0.003046
2017-05-29 05:40:00+02:00,0.003299
2017-05-29 05:41:00+02:00,0.003512
2017-05-29 05:42:00+02:00,0.003817
2017-05-29 05:43:00+02:00,0.004156
2017-05-29 05:44:00+02:00,0.004379
2017-05-29 05:45:00+02:00,0.00449
2017-05-29 05:46:00+02:00,0.004592
2017-05-29 05:47:00+02:00,0.004372
2017-05-29 05:48:00+02:00,0.004268
2017-05-29 05:49:00+02:00,0.004687
2017-05-29 05:50:00+02:00,0.004055
2017-05-29 05:51:00+02:00,0.004286
2017-05-29 05:52:00+02:00,0.004744
2017-05-29 05:53:00+02:00,0.00499
2017-05-29 05:54:00+02:00,0.004995
2017-05-29 05:55:00+02:00,0.004789
2017-05-29 05:56:00+02:00,0.004858
2017-05-29 05:57:00+02:00,0.004496
2017-05-29 05:58:00+02:00,0.004695
2017-05-29 05:59:00+02:00,0.004563
2017-05-29 06:00:00+02:00,0.004129
2017-05-29 06:01:00+02:00,0.005007
2017-05-29 06:02:00+02:00,0.004931
2017-05-29 06:03:00+02:00,0.005379
2017-05-29 06:04:00+02:00,0.00498
2017-05-29 06:05:00+02:00,0.005145
2017-05-29 06:06:00+02:00,0.004824
2017-05-29 06:07:00+02:00,0.005281
2017-05-29 06:08:00+02:00,0.005513
2017-05-29 06:09:00+02:00,0.005033
2017-05-29 06:10:00+02:00,0.003756
2017-05-29 06:11:00+02:00,0.003215
2017-05-29 06:12:00+02:00,0.003595
2017-05-29 06:13:00+02:00,0.003243
2017-05-29 06:14:00+02:00,0.003292
2017-05-29 06:15:00+02:00,0.003716
2017-05-29 06:16:00+02:00,0.002658
2017-05-29 06:17:00+02:00,0.003064
2017-05-29 06:18:00+02:00,0.003235
2017-05-29 06:19:00+02:00,0.003917
2017-05-29 06:20:00+02:00,0.004603
2017-05-29 06:21:00+02:00,0.005506
2017-05-29 06:22:00+02:00,0.006536
2017-05-29 06:23:00+02:00,0.006346
2017-05-29 06:24:00+02:00,0.00783
2017-05-29 06:25:00+02:00,0.009192
2017-05-29 06:26:00+02:00,0.00963
2017-05-29 06:27:00+02:00,0.009973
2017-05-29 06:28:00+02:00,0.010229
2017-05-29 06:29:00+02:00,0.010675
2017-05-29 06:30:00+02:00,0.010559
2017-05-29 06:31:00+02:00,0.011697
2017-05-29 06:32:00+02:00,0.011492
2017-05-29 06:33:00+02:00,0.011369
2017-05-29 06:34:00+02:00,0.0112
2017-05-29 06:35:00+02:00,0.011303
2017-05-29 06:36:00+02:00,0.010814
2017-05-29 06:37:00+02:00,0.011384
2017-05-29 06:38:00+02:00,0.011723
2017-05-29 06:39:00+02:00,0.011655
2017-05-29 06:40:00+02:00,0.012363
2017-05-29 06:41:00+02:00,0.013802
2017-05-29 06:42:00+02:00,0.013383
2017-05-29 06:43:00+02:00,0.0142
2017-05-29 06:44:00+02:00,0.014751
2017-05-29 06:45:00+02:00,0.014003
2017-05-29 06:46:00+02:00,0.014449
2017-05-29 06:47:00+02:00,0.01512
2017-05-29 06:48:00+02:00,0.016015
2017-05-29 06:49:00+02:00,0.017639
2017-05-29 06:50:00+02:00,0.016196
2017-05-29 06:51:00+02:00,0.017032
2017-05-29 06:52:00+02:00,0.01695
2017-05-29 06:53:00+02:00,0.016835
2017-05-29 06:54:00+02:00,0.017997
2017-05-29 06:55:00+02:00,0.017495
2017-05-29 06:56:00+02:00,0.016715
2017-05-29 06:57:00+02:00,0.016656
2017-05-29 06:58:00+02:00,0.017455
2017-05-29 06:59:00+02:00,0.017875
2017-05-29 07:00:00+02:00,0.019243
2017-05-29 07:01:00+02:00,0.020596
2017-05-29 07:02:00+02:00,0.020948
2017-05-29 07:03:00+02:00,0.020849
2017-05-29 07:04:00+02:00,0.020251
2017-05-29 07:05:00+02:00,0.021007
2017-05-29 07:06:00+02:00,0.021131
2017-05-29 07:07:00+02:00,0.021383
2017-05-29 07:08:00+02:00,0.021726
2017-05-29 07:09:00+02:00,0.021634
2017-05-29 07:10:00+02:00,0.021796
2017-05-29 07:11:00+02:00,0.02171
2017-05-29 07:12:00+02:00,0.022257
2017-05-29 07:13:00+02:00,0.02262
2017-05-29 07:14:00+02:00,0.022201
2017-05-29 07:15:00+02:00,0.019509
2017-05-29 07:16:00+02:00,0.017445
2017-05-29 07:17:00+02:00,0.016625
2017-05-29 07:18:00+02:00,0.016541
2017-05-29 07:19:00+02:00,0.019476
2017-05-29 07:20:00+02:00,0.020711
2017-05-29 07:21:00+02:00,0.017979
2017-05-29 07:22:00+02:00,0.017371
2017-05-29 07:23:00+02:00,0.016588
2017-05-29 07:24:00+02:00,0.019059
2017-05-29 07:25:00+02:00,0.019598
2017-05-29 07:26:00+02:00,0.017241
2017-05-29 07:27:00+02:00,0.017325
2017-05-29 07:28:00+02:00,0.016492
2017-05-29 07:29:00+02:00,0.01963
2017-05-29 07:30:00+02:00,0.020579
2017-05-29 07:31:00+02:00,0.022824
2017-05-29 07:32:00+02:00,0.024355
2017-05-29 07:33:00+02:00,0.023816
2017-05-29 07:34:00+02:00,0.02109
2017-05-29 07:35:00+02:00,0.019504
2017-05-29 07:36:00+02:00,0.018744
2017-05-29 07:37:00+02:00,0.020089
2017-05-29 07:38:00+02:00,0.022149
2017-05-29 07:39:00+02:00,0.026198
2017-05-29 07:40:00+02:00,0.029089
2017-05-29 07:41:00+02:00,0.032064
2017-05-29 07:42:00+02:00,0.033141
2017-05-29 07:43:00+02:00,0.033943
2017-05-29 07:44:00+02:00,0.034617
2017-05-29 07:45:00+02:00,0.035309
2017-05-29 07:46:00+02:00,0.03623
2017-05-29 07:47:00+02:00,0.036724
2017-05-29 07:48:00+02:00,0.037553
2017-05-29 07:49:00+02:00,0.039726
2017-05-29 07:50:00+02:00,0.040745
2017-05-29 07:51:00+02:00,0.041618
2017-05-29 07:52:00+02:00,0.042644
2017-05-29 07:53:00+02:00,0.042249
2017-05-29 07:54:00+02:00,0.041865
2017-05-29 07:55:00+02:00,0.040377
2017-05-29 07:56:00+02:00,0.041005
2017-05-29 07:57:00+02:00,0.042772
2017-05-29 07:58:00+02:00,0.043947
2017-05-29 07:59:00+02:00,0.044759
2017-05-29 08:00:00+02:00,0.043262
2017-05-29 08:01:00+02:00,0.042482
2017-05-29 08:02:00+02:00,0.04101
2017-05-29 08:03:00+02:00,0.042579
2017-05-29 08:04:00+02:00,0.03925
2017-05-29 08:05:00+02:00,0.040626
2017-05-29 08:06:00+02:00,0.04115
2017-05-29 08:07:00+02:00,0.042159
2017-05-29 08:08:00+02:00,0.043628
2017-05-29 08:09:00+02:00,0.048419
2017-05-29 08:10:00+02:00,0.054735
2017-05-29 08:11:00+02:00,0.060342
2017-05-29 08:12:00+02:00,0.059074
2017-05-29 08:13:00+02:00,0.064897
2017-05-29 08:14:00+02:00,0.068216
2017-05-29 08:15:00+02:00,0.068272
2017-05-29 08:16:00+02:00,0.06117
2017-05-29 08:17:00+02:00,0.064554
2017-05-29 08:18:00+02:00,0.070216
2017-05-29 08:19:00+02:00,0.072078
2017-05-29 08:20:00+02:00,0.066435
2017-05-29 08:21:00+02:00,0.064357
2017-05-29 08:22:00+02:00,0.058554
2017-05-29 08:23:00+02:00,0.052959
2017-05-29 08:24:00+02:00,0.060688
2017-05-29 08:25:00+02:00,0.066037
2017-05-29 08:26:00+02:00,0.070268
2017-05-29 08:27:00+02:00,0.07281
2017-05-29 08:28:00+02:00,0.074822
2017-05-29 08:29:00+02:00,0.078016
2017-05-29 08:30:00+02:00,0.08005
2017-05-29 08:31:00+02:00,0.081362
2017-05-29 08:32:00+02:00,0.084278
2017-05-29 08:33:00+02:00,0.085852
2017-05-29 08:34:00+02:00,0.087346
2017-05-29 08:35:00+02:00,0.087815
2017-05-29 08:36:00+02:00,0.089945
2017-05-29 08:37:00+02:00,0.091769
2017-05-29 08:38:00+02:00,0.091799
2017-05-29 08:39:00+02:00,0.091939
2017-05-29 08:40:00+02:00,0.092701
2017-05-29 08:41:00+02:00,0.092201
2017-05-29 08:42:00+02:00,0.091723
2017-05-29 08:43:00+02:00,0.090467
2017-05-29 08:44:00+02:00,0.088298
2017-05-29 08:45:00+02:00,0.087573
2017-05-29 08:46:00+02:00,0.08938
2017-05-29 08:47:00+02:00,0.078935
2017-05-29 08:48:00+02:00,0.06948
2017-05-29 08:49:00+02:00,0.072848
2017-05-29 08:50:00+02:00,0.080335
2017-05-29 08:51:00+02:00,0.084197
2017-05-29 08:52:00+02:00,0.087426
2017-05-29 08:53:00+02:00,0.092002
2017-05-29 08:54:00+02:00,0.096116
2017-05-29 08:55:00+02:00,0.096922
2017-05-29 08:56:00+02:00,0.097526
2017-05-29 08:57:00+02:00,0.097662
2017-05-29 08:58:00+02:00,0.100837
2017-05-29 08:59:00+02:00,0.10196
2017-05-29 09:00:00+02:00,0.103091
2017-05-29 09:01:00+02:00,0.103935
2017-05-29 09:02:00+02:00,0.103388
2017-05-29 09:03:00+02:00,0.105705
2017-05-29 09:04:00+02:00,0.107686
2017-05-29 09:05:00+02:00,0.108911
2017-05-29 09:06:00+02:00,0.108584
2017-05-29 09:07:00+02:00,0.108156
2017-05-29 09:08:00+02:00,0.108729
2017-05-29 09:09:00+02:00,0.108324
2017-05-29 09:10:00+02:00,0.108978
2017-05-29 09:11:00+02:00,0.109503
2017-05-29 09:12:00+02:00,0.108334
2017-05-29 09:13:00+02:00,0.109439
2017-05-29 09:14:00+02:00,0.109814
2017-05-29 09:15:00+02:00,0.110191
2017-05-29 09:16:00+02:00,0.111308
2017-05-29 09:17:00+02:00,0.112239
2017-05-29 09:18:00+02:00,0.11326
2017-05-29 09:19:00+02:00,0.112208
2017-05-29 09:20:00+02:00,0.112134
2017-05-29 09:21:00+02:00,0.11144
2017-05-29 09:22:00+02:00,0.111762
2017-05-29 09:23:00+02:00,0.115418
2017-05-29 09:24:00+02:00,0.115089
2017-05-29 09:25:00+02:00,0.113663
2017-05-29 09:26:00+02:00,0.113633
2017-05-29 09:27:00+02:00,0.114114
2017-05-29 09:28:00+02:00,0.11555
2017-05-29 09:29:00+02:00,0.114427
2017-05-29 09:30:00+02:00,0.113309
2017-05-29 09:31:00+02:00,0.115909
2017-05-29 09:32:00+02:00,0.114008
2017-05-29 09:33:00+02:00,0.111604
2017-05-29 09:34:00+02:00,0.110402
2017-05-29 09:35:00+02:00,0.110994
2017-05-29 09:36:00+02:00,0.112195
2017-05-29 09:37:00+02:00,0.113441
2017-05-29 09:38:00+02:00,0.113546
2017-05-29 09:39:00+02:00,0.113037
2017-05-29 09:40:00+02:00,0.113273
2017-05-29 09:41:00+02:00,0.113292
2017-05-29 09:42:00+02:00,0.113703
2017-05-29 09:43:00+02:00,0.114093
2017-05-29 09:44:00+02:00,0.114245
2017-05-29 09:45:00+02:00,0.114751
2017-05-29 09:46:00+02:00,0.113595
2017-05-29 09:47:00+02:00,0.114582
2017-05-29 09:48:00+02:00,0.118274
2017-05-29 09:49:00+02:00,0.120293
2017-05-29 09:50:00+02:00,0.118016
2017-05-29 09:51:00+02:00,0.116368
2017-05-29 09:52:00+02:00,0.115596
2017-05-29 09:53:00+02:00,0.115849
2017-05-29 09:54:00+02:00,0.1168
2017-05-29 09:55:00+02:00,0.116745
2017-05-29 09:56:00+02:00,0.117268
2017-05-29 09:57:00+02:00,0.116688
2017-05-29 09:58:00+02:00,0.11644
2017-05-29 09:59:00+02:00,0.116427
2017-05-29 10:00:00+02:00,0.118117
2017-05-29 10:01:00+02:00,0.120981
2017-05-29 10:02:00+02:00,0.118297
2017-05-29 10:03:00+02:00,0.117117
2017-05-29 10:04:00+02:00,0.119242
2017-05-29 10:05:00+02:00,0.123181
2017-05-29 10:06:00+02:00,0.120927
2017-05-29 10:07:00+02:00,0.122736
2017-05-29 10:08:00+02:00,0.124881
2017-05-29 10:09:00+02:00,0.125716
2017-05-29 10:10:00+02:00,0.126313
2017-05-29 10:11:00+02:00,0.126646
2017-05-29 10:12:00+02:00,0.12699
2017-05-29 10:13:00+02:00,0.126959
2017-05-29 10:14:00+02:00,0.126982
2017-05-29 10:15:00+02:00,0.125683
2017-05-29 10:16:00+02:00,0.126139
2017-05-29 10:17:00+02:00,0.118794
2017-05-29 10:18:00+02:00,0.119447
2017-05-29 10:19:00+02:00,0.12248
2017-05-29 10:20:00+02:00,0.122727
2017-05-29 10:21:00+02:00,0.123107
2017-05-29 10:22:00+02:00,0.122072
2017-05-29 10:23:00+02:00,0.121221
2017-05-29 10:24:00+02:00,0.121189
2017-05-29 10:25:00+02:00,0.121413
2017-05-29 10:26:00+02:00,0.125594
2017-05-29 10:27:00+02:00,0.12699
2017-05-29 10:28:00+02:00,0.127029
2017-05-29 10:29:00+02:00,0.137537
2017-05-29 10:30:00+02:00,0.134578
2017-05-29 10:31:00+02:00,0.133995
2017-05-29 10:32:00+02:00,0.130313
2017-05-29 10:33:00+02:00,0.13104
2017-05-29 10:34:00+02:00,0.125259
2017-05-29 10:35:00+02:00,0.12571
2017-05-29 10:36:00+02:00,0.130368
2017-05-29 10:37:00+02:00,0.125736
2017-05-29 10:38:00+02:00,0.122949
2017-05-29 10:39:00+02:00,0.124987
2017-05-29 10:40:00+02:00,0.124687
2017-05-29 10:41:00+02:00,0.125696
2017-05-29 10:42:00+02:00,0.128367
2017-05-29 10:43:00+02:00,0.127576
2017-05-29 10:44:00+02:00,0.129547
2017-05-29 10:45:00+02:00,0.131534
2017-05-29 10:46:00+02:00,0.136532
2017-05-29 10:47:00+02:00,0.143718
2017-05-29 10:48:00+02:00,0.131363
2017-05-29 10:49:00+02:00,0.125298
2017-05-29 10:50:00+02:00,0.124371
2017-05-29 10:51:00+02:00,0.127974
2017-05-29 10:52:00+02:00,0.128334
2017-05-29 10:53:00+02:00,0.128572
2017-05-29 10:54:00+02:00,0.128572
2017-05-29 10:55:00+02:00,0.129275
2017-05-29 10:56:00+02:00,0.13117
2017-05-29 10:57:00+02:00,0.13216
2017-05-29 10:58:00+02:00,0.132925
2017-05-29 10:59:00+02:00,0.13217
2017-05-29 11:00:00+02:00,0.130747
2017-05-29 11:01:00+02:00,0.129326
2017-05-29 11:02:00+02:00,0.1301
2017-05-29 11:03:00+02:00,0.131275
2017-05-29 11:04:00+02:00,0.130688
2017-05-29 11:05:00+02:00,0.132151
2017-05-29 11:06:00+02:00,0.132747
2017-05-29 11:07:00+02:00,0.131395
2017-05-29 11:08:00+02:00,0.132052
2017-05-29 11:09:00+02:00,0.132364
2017-05-29 11:10:00+02:00,0.131929
2017-05-29 11:11:00+02:00,0.132598
2017-05-29 11:12:00+02:00,0.131932
2017-05-29 11:13:00+02:00,0.131283
2017-05-29 11:14:00+02:00,0.132182
2017-05-29 11:15:00+02:00,0.135342
2017-05-29 11:16:00+02:00,0.135379
2017-05-29 11:17:00+02:00,0.134404
2017-05-29 11:18:00+02:00,0.133536
2017-05-29 11:19:00+02:00,0.133629
2017-05-29 11:20:00+02:00,0.133215
2017-05-29 11:21:00+02:00,0.134219
2017-05-29 11:22:00+02:00,0.133759
2017-05-29 11:23:00+02:00,0.130979
2017-05-29 11:24:00+02:00,0.131445
2017-05-29 11:25:00+02:00,0.137077
2017-05-29 11:26:00+02:00,0.147545
2017-05-29 11:27:00+02:00,0.145765
2017-05-29 11:28:00+02:00,0.143149
2017-05-29 11:29:00+02:00,0.13086
2017-05-29 11:30:00+02:00,0.128277
2017-05-29 11:31:00+02:00,0.123476
2017-05-29 11:32:00+02:00,0.112599
2017-05-29 11:33:00+02:00,0.112041
2017-05-29 11:34:00+02:00,0.124387
2017-05-29 11:35:00+02:00,0.129428
2017-05-29 11:36:00+02:00,0.13182
2017-05-29 11:37:00+02:00,0.122542
2017-05-29 11:38:00+02:00,0.097927
2017-05-29 11:39:00+02:00,0.110741
2017-05-29 11:40:00+02:00,0.120474
2017-05-29 11:41:00+02:00,0.127103
2017-05-29 11:42:00+02:00,0.13111
2017-05-29 11:43:00+02:00,0.133539
2017-05-29 11:44:00+02:00,0.134043
2017-05-29 11:45:00+02:00,0.139635
2017-05-29 11:46:00+02:00,0.140973
2017-05-29 11:47:00+02:00,0.138203
2017-05-29 11:48:00+02:00,0.137085
2017-05-29 11:49:00+02:00,0.131672
2017-05-29 11:50:00+02:00,0.133075
2017-05-29 11:51:00+02:00,0.134534
2017-05-29 11:52:00+02:00,0.135772
2017-05-29 11:53:00+02:00,0.13474
2017-05-29 11:54:00+02:00,0.136894
2017-05-29 11:55:00+02:00,0.137005
2017-05-29 11:56:00+02:00,0.137454
2017-05-29 11:57:00+02:00,0.137031
2017-05-29 11:58:00+02:00,0.137757
2017-05-29 11:59:00+02:00,0.137271
2017-05-29 12:00:00+02:00,0.136964
2017-05-29 12:01:00+02:00,0.136535
2017-05-29 12:02:00+02:00,0.136252
2017-05-29 12:03:00+02:00,0.13652
2017-05-29 12:04:00+02:00,0.13758
2017-05-29 12:05:00+02:00,0.137935
2017-05-29 12:06:00+02:00,0.136054
2017-05-29 12:07:00+02:00,0.13537
2017-05-29 12:08:00+02:00,0.13586
2017-05-29 12:09:00+02:00,0.13646
2017-05-29 12:10:00+02:00,0.136841
2017-05-29 12:11:00+02:00,0.138312
2017-05-29 12:12:00+02:00,0.138302
2017-05-29 12:13:00+02:00,0.136876
2017-05-29 12:14:00+02:00,0.135828
2017-05-29 12:15:00+02:00,0.136032
2017-05-29 12:16:00+02:00,0.13824
2017-05-29 12:17:00+02:00,0.13676
2017-05-29 12:18:00+02:00,0.13593
2017-05-29 12:19:00+02:00,0.137365
2017-05-29 12:20:00+02:00,0.135949
2017-05-29 12:21:00+02:00,0.137103
2017-05-29 12:22:00+02:00,0.136231
2017-05-29 12:23:00+02:00,0.136968
2017-05-29 12:24:00+02:00,0.137744
2017-05-29 12:25:00+02:00,0.134897
2017-05-29 12:26:00+02:00,0.135425
2017-05-29 12:27:00+02:00,0.135924
2017-05-29 12:28:00+02:00,0.137492
2017-05-29 12:29:00+02:00,0.138876
2017-05-29 12:30:00+02:00,0.136554
2017-05-29 12:31:00+02:00,0.13784
2017-05-29 12:32:00+02:00,0.137277
2017-05-29 12:33:00+02:00,0.137967
2017-05-29 12:34:00+02:00,0.139759
2017-05-29 12:35:00+02:00,0.13835
2017-05-29 12:36:00+02:00,0.138631
2017-05-29 12:37:00+02:00,0.138395
2017-05-29 12:38:00+02:00,0.138416
2017-05-29 12:39:00+02:00,0.139807
2017-05-29 12:40:00+02:00,0.140421
2017-05-29 12:41:00+02:00,0.139225
2017-05-29 12:42:00+02:00,0.139613
2017-05-29 12:43:00+02:00,0.139184
2017-05-29 12:44:00+02:00,0.13878
2017-05-29 12:45:00+02:00,0.143522
2017-05-29 12:46:00+02:00,0.144094
2017-05-29 12:47:00+02:00,0.142952
2017-05-29 12:48:00+02:00,0.142311
2017-05-29 12:49:00+02:00,0.140998
2017-05-29 12:50:00+02:00,0.140578
2017-05-29 12:51:00+02:00,0.142279
2017-05-29 12:52:00+02:00,0.141842
2017-05-29 12:53:00+02:00,0.142456
2017-05-29 12:54:00+02:00,0.144649
2017-05-29 12:55:00+02:00,0.14466
2017-05-29 12:56:00+02:00,0.142839
2017-05-29 12:57:00+02:00,0.143265
2017-05-29 12:58:00+02:00,0.141808
2017-05-29 12:59:00+02:00,0.141694
2017-05-29 13:00:00+02:00,0.136203
2017-05-29 13:01:00+02:00,0.133327
2017-05-29 13:02:00+02:00,0.136576
2017-05-29 13:03:00+02:00,0.137382
2017-05-29 13:04:00+02:00,0.138905
2017-05-29 13:05:00+02:00,0.138192
2017-05-29 13:06:00+02:00,0.138339
2017-05-29 13:07:00+02:00,0.142362
2017-05-29 13:08:00+02:00,0.142248
2017-05-29 13:09:00+02:00,0.14154
2017-05-29 13:10:00+02:00,0.141899
2017-05-29 13:11:00+02:00,0.138824
2017-05-29 13:12:00+02:00,0.139647
2017-05-29 13:13:00+02:00,0.139438
2017-05-29 13:14:00+02:00,0.139208
2017-05-29 13:15:00+02:00,0.142927
2017-05-29 13:16:00+02:00,0.144179
2017-05-29 13:17:00+02:00,0.140511
2017-05-29 13:18:00+02:00,0.134734
2017-05-29 13:19:00+02:00,0.136358
2017-05-29 13:20:00+02:00,0.13434
2017-05-29 13:21:00+02:00,0.13411
2017-05-29 13:22:00+02:00,0.136227
2017-05-29 13:23:00+02:00,0.137363
2017-05-29 13:24:00+02:00,0.137199
2017-05-29 13:25:00+02:00,0.136334
2017-05-29 13:26:00+02:00,0.136065
2017-05-29 13:27:00+02:00,0.137126
2017-05-29 13:28:00+02:00,0.137619
2017-05-29 13:29:00+02:00,0.137532
2017-05-29 13:30:00+02:00,0.137744
2017-05-29 13:31:00+02:00,0.136128
2017-05-29 13:32:00+02:00,0.137582
2017-05-29 13:33:00+02:00,0.137285
2017-05-29 13:34:00+02:00,0.1372
2017-05-29 13:35:00+02:00,0.139832
2017-05-29 13:36:00+02:00,0.139519
2017-05-29 13:37:00+02:00,0.140636
2017-05-29 13:38:00+02:00,0.138841
2017-05-29 13:39:00+02:00,0.139127
2017-05-29 13:40:00+02:00,0.141707
2017-05-29 13:41:00+02:00,0.140801
2017-05-29 13:42:00+02:00,0.139823
2017-05-29 13:43:00+02:00,0.140021
2017-05-29 13:44:00+02:00,0.142067
2017-05-29 13:45:00+02:00,0.152974
2017-05-29 13:46:00+02:00,0.142257
2017-05-29 13:47:00+02:00,0.138679
2017-05-29 13:48:00+02:00,0.136843
2017-05-29 13:49:00+02:00,0.139582
2017-05-29 13:50:00+02:00,0.144478
2017-05-29 13:51:00+02:00,0.145921
2017-05-29 13:52:00+02:00,0.140243
2017-05-29 13:53:00+02:00,0.132372
2017-05-29 13:54:00+02:00,0.133394
2017-05-29 13:55:00+02:00,0.133176
2017-05-29 13:56:00+02:00,0.131743
2017-05-29 13:57:00+02:00,0.130284
2017-05-29 13:58:00+02:00,0.1321
2017-05-29 13:59:00+02:00,0.133016
2017-05-29 14:00:00+02:00,0.136003
2017-05-29 14:01:00+02:00,0.134094
2017-05-29 14:02:00+02:00,0.133212
2017-05-29 14:03:00+02:00,0.132969
2017-05-29 14:04:00+02:00,0.13469
2017-05-29 14:05:00+02:00,0.133281
2017-05-29 14:06:00+02:00,0.132596
2017-05-29 14:07:00+02:00,0.13206
2017-05-29 14:08:00+02:00,0.13267
2017-05-29 14:09:00+02:00,0.133303
2017-05-29 14:10:00+02:00,0.133116
2017-05-29 14:11:00+02:00,0.133585
2017-05-29 14:12:00+02:00,0.132385
2017-05-29 14:13:00+02:00,0.133003
2017-05-29 14:14:00+02:00,0.132403
2017-05-29 14:15:00+02:00,0.13489
2017-05-29 14:16:00+02:00,0.133453
2017-05-29 14:17:00+02:00,0.132355
2017-05-29 14:18:00+02:00,0.130835
2017-05-29 14:19:00+02:00,0.129463
2017-05-29 14:20:00+02:00,0.130089
2017-05-29 14:21:00+02:00,0.129853
2017-05-29 14:22:00+02:00,0.130998
2017-05-29 14:23:00+02:00,0.129281
2017-05-29 14:24:00+02:00,0.131797
2017-05-29 14:25:00+02:00,0.131918
2017-05-29 14:26:00+02:00,0.130785
2017-05-29 14:27:00+02:00,0.130505
2017-05-29 14:28:00+02:00,0.130084
2017-05-29 14:29:00+02:00,0.131126
2017-05-29 14:30:00+02:00,0.134798
2017-05-29 14:31:00+02:00,0.131539
2017-05-29 14:32:00+02:00,0.129561
2017-05-29 14:33:00+02:00,0.128916
2017-05-29 14:34:00+02:00,0.130543
2017-05-29 14:35:00+02:00,0.130647
2017-05-29 14:36:00+02:00,0.129903
2017-05-29 14:37:00+02:00,0.130761
2017-05-29 14:38:00+02:00,0.129422
2017-05-29 14:39:00+02:00,0.128442
2017-05-29 14:40:00+02:00,0.127219
2017-05-29 14:41:00+02:00,0.127038
2017-05-29 14:42:00+02:00,0.129287
2017-05-29 14:43:00+02:00,0.129217
2017-05-29 14:44:00+02:00,0.136711
2017-05-29 14:45:00+02:00,0.135869
2017-05-29 14:46:00+02:00,0.135972
2017-05-29 14:47:00+02:00,0.133343
2017-05-29 14:48:00+02:00,0.128045
2017-05-29 14:49:00+02:00,0.127631
2017-05-29 14:50:00+02:00,0.14647
2017-05-29 14:51:00+02:00,0.112209
2017-05-29 14:52:00+02:00,0.102363
2017-05-29 14:53:00+02:00,0.10469
2017-05-29 14:54:00+02:00,0.09863
2017-05-29 14:55:00+02:00,0.083501
2017-05-29 14:56:00+02:00,0.080953
2017-05-29 14:57:00+02:00,0.090174
2017-05-29 14:58:00+02:00,0.095669
2017-05-29 14:59:00+02:00,0.081727
2017-05-29 15:00:00+02:00,0.072674
2017-05-29 15:01:00+02:00,0.078819
2017-05-29 15:02:00+02:00,0.084031
2017-05-29 15:03:00+02:00,0.101494
2017-05-29 15:04:00+02:00,0.112762
2017-05-29 15:05:00+02:00,0.113325
2017-05-29 15:06:00+02:00,0.122586
2017-05-29 15:07:00+02:00,0.140539
2017-05-29 15:08:00+02:00,0.130924
2017-05-29 15:09:00+02:00,0.127928
2017-05-29 15:10:00+02:00,0.13495
2017-05-29 15:11:00+02:00,0.123356
2017-05-29 15:12:00+02:00,0.119326
2017-05-29 15:13:00+02:00,0.126905
2017-05-29 15:14:00+02:00,0.131116
2017-05-29 15:15:00+02:00,0.12797
2017-05-29 15:16:00+02:00,0.128336
2017-05-29 15:17:00+02:00,0.129105
2017-05-29 15:18:00+02:00,0.127757
2017-05-29 15:19:00+02:00,0.126105
2017-05-29 15:20:00+02:00,0.127996
2017-05-29 15:21:00+02:00,0.128234
2017-05-29 15:22:00+02:00,0.127933
2017-05-29 15:23:00+02:00,0.124291
2017-05-29 15:24:00+02:00,0.125894
2017-05-29 15:25:00+02:00,0.124694
2017-05-29 15:26:00+02:00,0.124013
2017-05-29 15:27:00+02:00,0.123891
2017-05-29 15:28:00+02:00,0.124537
2017-05-29 15:29:00+02:00,0.124019
2017-05-29 15:30:00+02:00,0.130657
2017-05-29 15:31:00+02:00,0.131971
2017-05-29 15:32:00+02:00,0.13025
2017-05-29 15:33:00+02:00,0.129579
2017-05-29 15:34:00+02:00,0.130842
2017-05-29 15:35:00+02:00,0.130397
2017-05-29 15:36:00+02:00,0.127935
2017-05-29 15:37:00+02:00,0.127762
2017-05-29 15:38:00+02:00,0.127755
2017-05-29 15:39:00+02:00,0.127419
2017-05-29 15:40:00+02:00,0.127414
2017-05-29 15:41:00+02:00,0.128005
2017-05-29 15:42:00+02:00,0.127218
2017-05-29 15:43:00+02:00,0.12038
2017-05-29 15:44:00+02:00,0.120592
2017-05-29 15:45:00+02:00,0.121693
2017-05-29 15:46:00+02:00,0.118836
2017-05-29 15:47:00+02:00,0.118717
2017-05-29 15:48:00+02:00,0.115594
2017-05-29 15:49:00+02:00,0.114356
2017-05-29 15:50:00+02:00,0.114915
2017-05-29 15:51:00+02:00,0.115856
2017-05-29 15:52:00+02:00,0.116217
2017-05-29 15:53:00+02:00,0.116964
2017-05-29 15:54:00+02:00,0.115751
2017-05-29 15:55:00+02:00,0.114702
2017-05-29 15:56:00+02:00,0.114663
2017-05-29 15:57:00+02:00,0.114484
2017-05-29 15:58:00+02:00,0.11574
2017-05-29 15:59:00+02:00,0.119469
2017-05-29 16:00:00+02:00,0.120577
2017-05-29 16:01:00+02:00,0.120914
2017-05-29 16:02:00+02:00,0.119011
2017-05-29 16:03:00+02:00,0.118003
2017-05-29 16:04:00+02:00,0.113065
2017-05-29 16:05:00+02:00,0.108421
2017-05-29 16:06:00+02:00,0.105757
2017-05-29 16:07:00+02:00,0.114811
2017-05-29 16:08:00+02:00,0.115504
2017-05-29 16:09:00+02:00,0.11521
2017-05-29 16:10:00+02:00,0.115719
2017-05-29 16:11:00+02:00,0.117404
2017-05-29 16:12:00+02:00,0.119129
2017-05-29 16:13:00+02:00,0.118687
2017-05-29 16:14:00+02:00,0.112077
2017-05-29 16:15:00+02:00,0.109453
2017-05-29 16:16:00+02:00,0.089167
2017-05-29 16:17:00+02:00,0.071524
2017-05-29 16:18:00+02:00,0.062051
2017-05-29 16:19:00+02:00,0.057964
2017-05-29 16:20:00+02:00,0.055481
2017-05-29 16:21:00+02:00,0.046588
2017-05-29 16:22:00+02:00,0.03462
2017-05-29 16:23:00+02:00,0.04052
2017-05-29 16:24:00+02:00,0.057257
2017-05-29 16:25:00+02:00,0.075054
2017-05-29 16:26:00+02:00,0.077947
2017-05-29 16:27:00+02:00,0.087113
2017-05-29 16:28:00+02:00,0.092575
2017-05-29 16:29:00+02:00,0.088714
2017-05-29 16:30:00+02:00,0.081871
2017-05-29 16:31:00+02:00,0.07739
2017-05-29 16:32:00+02:00,0.069964
2017-05-29 16:33:00+02:00,0.069313
2017-05-29 16:34:00+02:00,0.05839
2017-05-29 16:35:00+02:00,0.043747
2017-05-29 16:36:00+02:00,0.038161
2017-05-29 16:37:00+02:00,0.034427
2017-05-29 16:38:00+02:00,0.0332
2017-05-29 16:39:00+02:00,0.032417
2017-05-29 16:40:00+02:00,0.031404
2017-05-29 16:41:00+02:00,0.030945
2017-05-29 16:42:00+02:00,0.029321
2017-05-29 16:43:00+02:00,0.028097
2017-05-29 16:44:00+02:00,0.029123
2017-05-29 16:45:00+02:00,0.027332
2017-05-29 16:46:00+02:00,0.026278
2017-05-29 16:47:00+02:00,0.028808
2017-05-29 16:48:00+02:00,0.028619
2017-05-29 16:49:00+02:00,0.031992
2017-05-29 16:50:00+02:00,0.032816
2017-05-29 16:51:00+02:00,0.034011
2017-05-29 16:52:00+02:00,0.032217
2017-05-29 16:53:00+02:00,0.029755
2017-05-29 16:54:00+02:00,0.030025
2017-05-29 16:55:00+02:00,0.027788
2017-05-29 16:56:00+02:00,0.026597
2017-05-29 16:57:00+02:00,0.026482
2017-05-29 16:58:00+02:00,0.025512
2017-05-29 16:59:00+02:00,0.025162
2017-05-29 17:00:00+02:00,0.023825
2017-05-29 17:01:00+02:00,0.023914
2017-05-29 17:02:00+02:00,0.023336
2017-05-29 17:03:00+02:00,0.023826
2017-05-29 17:04:00+02:00,0.029416
2017-05-29 17:05:00+02:00,0.03125
2017-05-29 17:06:00+02:00,0.034494
2017-05-29 17:07:00+02:00,0.053187
2017-05-29 17:08:00+02:00,0.072513
2017-05-29 17:09:00+02:00,0.083735
2017-05-29 17:10:00+02:00,0.084239
2017-05-29 17:11:00+02:00,0.081561
2017-05-29 17:12:00+02:00,0.087844
2017-05-29 17:13:00+02:00,0.09116
2017-05-29 17:14:00+02:00,0.096236
2017-05-29 17:15:00+02:00,0.106616
2017-05-29 17:16:00+02:00,0.117205
2017-05-29 17:17:00+02:00,0.125838
2017-05-29 17:18:00+02:00,0.111253
2017-05-29 17:19:00+02:00,0.08786
2017-05-29 17:20:00+02:00,0.074085
2017-05-29 17:21:00+02:00,0.0643
2017-05-29 17:22:00+02:00,0.058137
2017-05-29 17:23:00+02:00,0.055046
2017-05-29 17:24:00+02:00,0.052776
2017-05-29 17:25:00+02:00,0.053946
2017-05-29 17:26:00+02:00,0.058917
2017-05-29 17:27:00+02:00,0.054509
2017-05-29 17:28:00+02:00,0.047223
2017-05-29 17:29:00+02:00,0.041548
2017-05-29 17:30:00+02:00,0.034088
2017-05-29 17:31:00+02:00,0.029369
2017-05-29 17:32:00+02:00,0.026075
2017-05-29 17:33:00+02:00,0.023958
2017-05-29 17:34:00+02:00,0.02205
2017-05-29 17:35:00+02:00,0.021386
2017-05-29 17:36:00+02:00,0.019772
2017-05-29 17:37:00+02:00,0.021111
2017-05-29 17:38:00+02:00,0.020757
2017-05-29 17:39:00+02:00,0.020946
2017-05-29 17:40:00+02:00,0.021605
2017-05-29 17:41:00+02:00,0.025285
2017-05-29 17:42:00+02:00,0.026419
2017-05-29 17:43:00+02:00,0.029665
2017-05-29 17:44:00+02:00,0.044231
2017-05-29 17:45:00+02:00,0.061427
2017-05-29 17:46:00+02:00,0.07672
2017-05-29 17:47:00+02:00,0.086828
2017-05-29 17:48:00+02:00,0.091386
2017-05-29 17:49:00+02:00,0.093062
2017-05-29 17:50:00+02:00,0.094886
2017-05-29 17:51:00+02:00,0.094697
2017-05-29 17:52:00+02:00,0.094077
2017-05-29 17:53:00+02:00,0.092732
2017-05-29 17:54:00+02:00,0.092296
2017-05-29 17:55:00+02:00,0.09195
2017-05-29 17:56:00+02:00,0.090075
2017-05-29 17:57:00+02:00,0.088203
2017-05-29 17:58:00+02:00,0.086473
2017-05-29 17:59:00+02:00,0.083058
2017-05-29 18:00:00+02:00,0.078799
2017-05-29 18:01:00+02:00,0.076005
2017-05-29 18:02:00+02:00,0.074803
2017-05-29 18:03:00+02:00,0.071957
2017-05-29 18:04:00+02:00,0.070981
2017-05-29 18:05:00+02:00,0.069088
2017-05-29 18:06:00+02:00,0.06687
2017-05-29 18:07:00+02:00,0.065367
2017-05-29 18:08:00+02:00,0.063768
2017-05-29 18:09:00+02:00,0.061942
2017-05-29 18:10:00+02:00,0.058522
2017-05-29 18:11:00+02:00,0.055109
2017-05-29 18:12:00+02:00,0.052501
2017-05-29 18:13:00+02:00,0.04524
2017-05-29 18:14:00+02:00,0.040036
2017-05-29 18:15:00+02:00,0.035433
2017-05-29 18:16:00+02:00,0.033223
2017-05-29 18:17:00+02:00,0.028675
2017-05-29 18:18:00+02:00,0.026482
2017-05-29 18:19:00+02:00,0.023284
2017-05-29 18:20:00+02:00,0.019026
2017-05-29 18:21:00+02:00,0.015132
2017-05-29 18:22:00+02:00,0.016993
2017-05-29 18:23:00+02:00,0.014675
2017-05-29 18:24:00+02:00,0.015236
2017-05-29 18:25:00+02:00,0.014526
2017-05-29 18:26:00+02:00,0.016787
2017-05-29 18:27:00+02:00,0.018707
2017-05-29 18:28:00+02:00,0.017533
2017-05-29 18:29:00+02:00,0.017039
2017-05-29 18:30:00+02:00,0.014839
2017-05-29 18:31:00+02:00,0.013968
2017-05-29 18:32:00+02:00,0.01346
2017-05-29 18:33:00+02:00,0.013743
2017-05-29 18:34:00+02:00,0.013264
2017-05-29 18:35:00+02:00,0.013076
2017-05-29 18:36:00+02:00,0.012041
2017-05-29 18:37:00+02:00,0.011529
2017-05-29 18:38:00+02:00,0.012497
2017-05-29 18:39:00+02:00,0.013359
2017-05-29 18:40:00+02:00,0.014332
2017-05-29 18:41:00+02:00,0.01495
2017-05-29 18:42:00+02:00,0.013595
2017-05-29 18:43:00+02:00,0.012835
2017-05-29 18:44:00+02:00,0.011909
2017-05-29 18:45:00+02:00,0.010703
2017-05-29 18:46:00+02:00,0.010704
2017-05-29 18:47:00+02:00,0.011076
2017-05-29 18:48:00+02:00,0.012345
2017-05-29 18:49:00+02:00,0.011572
2017-05-29 18:50:00+02:00,0.01192
2017-05-29 18:51:00+02:00,0.013692
2017-05-29 18:52:00+02:00,0.014198
2017-05-29 18:53:00+02:00,0.013754
2017-05-29 18:54:00+02:00,0.013962
2017-05-29 18:55:00+02:00,0.013132
2017-05-29 18:56:00+02:00,0.012216
2017-05-29 18:57:00+02:00,0.011284
2017-05-29 18:58:00+02:00,0.010556
2017-05-29 18:59:00+02:00,0.01104
2017-05-29 19:00:00+02:00,0.01006
2017-05-29 19:01:00+02:00,0.011773
2017-05-29 19:02:00+02:00,0.010916
2017-05-29 19:03:00+02:00,0.009024
2017-05-29 19:04:00+02:00,0.009635
2017-05-29 19:05:00+02:00,0.010348
2017-05-29 19:06:00+02:00,0.009072
2017-05-29 19:07:00+02:00,0.008629
2017-05-29 19:08:00+02:00,0.009255
2017-05-29 19:09:00+02:00,0.008821
2017-05-29 19:10:00+02:00,0.00751
2017-05-29 19:11:00+02:00,0.007511
2017-05-29 19:12:00+02:00,0.007212
2017-05-29 19:13:00+02:00,0.007407
2017-05-29 19:14:00+02:00,0.007882
2017-05-29 19:15:00+02:00,0.007033
2017-05-29 19:16:00+02:00,0.005199
2017-05-29 19:17:00+02:00,0.005723
2017-05-29 19:18:00+02:00,0.006132
2017-05-29 19:19:00+02:00,0.006131
2017-05-29 19:20:00+02:00,0.007193
2017-05-29 19:21:00+02:00,0.005976
2017-05-29 19:22:00+02:00,0.011648
2017-05-29 19:23:00+02:00,0.011161
2017-05-29 19:24:00+02:00,0.011454
2017-05-29 19:25:00+02:00,0.011904
2017-05-29 19:26:00+02:00,0.012511
2017-05-29 19:27:00+02:00,0.013352
2017-05-29 19:28:00+02:00,0.013119
2017-05-29 19:29:00+02:00,0.014145
2017-05-29 19:30:00+02:00,0.013919
2017-05-29 19:31:00+02:00,0.014517
2017-05-29 19:32:00+02:00,0.014886
2017-05-29 19:33:00+02:00,0.015054
2017-05-29 19:34:00+02:00,0.015189
2017-05-29 19:35:00+02:00,0.014281
2017-05-29 19:36:00+02:00,0.015917
2017-05-29 19:37:00+02:00,0.016137
2017-05-29 19:38:00+02:00,0.016428
2017-05-29 19:39:00+02:00,0.016443
2017-05-29 19:40:00+02:00,0.015945
2017-05-29 19:41:00+02:00,0.015278
2017-05-29 19:42:00+02:00,0.014032
2017-05-29 19:43:00+02:00,0.008653
2017-05-29 19:44:00+02:00,0.008397
2017-05-29 19:45:00+02:00,0.008424
2017-05-29 19:46:00+02:00,0.008705
2017-05-29 19:47:00+02:00,0.008436
2017-05-29 19:48:00+02:00,0.00855
2017-05-29 19:49:00+02:00,0.006369
2017-05-29 19:50:00+02:00,0.006749
2017-05-29 19:51:00+02:00,0.006672
2017-05-29 19:52:00+02:00,0.005631
2017-05-29 19:53:00+02:00,0.004732
2017-05-29 19:54:00+02:00,0.003923
2017-05-29 19:55:00+02:00,0.004534
2017-05-29 19:56:00+02:00,0.004845
2017-05-29 19:57:00+02:00,0.006174
2017-05-29 19:58:00+02:00,0.005615
2017-05-29 19:59:00+02:00,0.005118
2017-05-29 20:00:00+02:00,0.005333
2017-05-29 20:01:00+02:00,0.006312
2017-05-29 20:02:00+02:00,0.005684
2017-05-29 20:03:00+02:00,0.005542
2017-05-29 20:04:00+02:00,0.005806
2017-05-29 20:05:00+02:00,0.006012
2017-05-29 20:06:00+02:00,0.006894
2017-05-29 20:07:00+02:00,0.007388
2017-05-29 20:08:00+02:00,0.007769
2017-05-29 20:09:00+02:00,0.008954
2017-05-29 20:10:00+02:00,0.01055
2017-05-29 20:11:00+02:00,0.00787
2017-05-29 20:12:00+02:00,0.008115
2017-05-29 20:13:00+02:00,0.008023
2017-05-29 20:14:00+02:00,0.007969
2017-05-29 20:15:00+02:00,0.00803
2017-05-29 20:16:00+02:00,0.006732
2017-05-29 20:17:00+02:00,0.006181
2017-05-29 20:18:00+02:00,0.006064
2017-05-29 20:19:00+02:00,0.005602
2017-05-29 20:20:00+02:00,0.006351
2017-05-29 20:21:00+02:00,0.005267
2017-05-29 20:22:00+02:00,0.005483
2017-05-29 20:23:00+02:00,0.004788
2017-05-29 20:24:00+02:00,0.004509
2017-05-29 20:25:00+02:00,0.005333
2017-05-29 20:26:00+02:00,0.006214
2017-05-29 20:27:00+02:00,0.007215
2017-05-29 20:28:00+02:00,0.00716
2017-05-29 20:29:00+02:00,0.007199
2017-05-29 20:30:00+02:00,0.008407
2017-05-29 20:31:00+02:00,0.009462
2017-05-29 20:32:00+02:00,0.009833
2017-05-29 20:33:00+02:00,0.009524
2017-05-29 20:34:00+02:00,0.009248
2017-05-29 20:35:00+02:00,0.008539
2017-05-29 20:36:00+02:00,0.007831
2017-05-29 20:37:00+02:00,0.006997
2017-05-29 20:38:00+02:00,0.006429
2017-05-29 20:39:00+02:00,0.006044
2017-05-29 20:40:00+02:00,0.005618
2017-05-29 20:41:00+02:00,0.006075
2017-05-29 20:42:00+02:00,0.006919
2017-05-29 20:43:00+02:00,0.007292
2017-05-29 20:44:00+02:00,0.008091
2017-05-29 20:45:00+02:00,0.008751
2017-05-29 20:46:00+02:00,0.007091
2017-05-29 20:47:00+02:00,0.006746
2017-05-29 20:48:00+02:00,0.005955
2017-05-29 20:49:00+02:00,0.005767
2017-05-29 20:50:00+02:00,0.005976
2017-05-29 20:51:00+02:00,0.006927
2017-05-29 20:52:00+02:00,0.007248
2017-05-29 20:53:00+02:00,0.008117
2017-05-29 20:54:00+02:00,0.007863
2017-05-29 20:55:00+02:00,0.007904
2017-05-29 20:56:00+02:00,0.009079
2017-05-29 20:57:00+02:00,0.009936
2017-05-29 20:58:00+02:00,0.010355
2017-05-29 20:59:00+02:00,0.010772
2017-05-29 21:00:00+02:00,0.012185
2017-05-29 21:01:00+02:00,0.012533
2017-05-29 21:02:00+02:00,0.011823
2017-05-29 21:03:00+02:00,0.011967
2017-05-29 21:04:00+02:00,0.011294
2017-05-29 21:05:00+02:00,0.008502
2017-05-29 21:06:00+02:00,0.008563
2017-05-29 21:07:00+02:00,0.008783
2017-05-29 21:08:00+02:00,0.010132
2017-05-29 21:09:00+02:00,0.01104
2017-05-29 21:10:00+02:00,0.012751
2017-05-29 21:11:00+02:00,0.013204
2017-05-29 21:12:00+02:00,0.013128
2017-05-29 21:13:00+02:00,0.012601
2017-05-29 21:14:00+02:00,0.0124
2017-05-29 21:15:00+02:00,0.012617
2017-05-29 21:16:00+02:00,0.01535
2017-05-29 21:17:00+02:00,0.015116
2017-05-29 21:18:00+02:00,0.015706
2017-05-29 21:19:00+02:00,0.013839
2017-05-29 21:20:00+02:00,0.013549
2017-05-29 21:21:00+02:00,0.013083
2017-05-29 21:22:00+02:00,0.012746
2017-05-29 21:23:00+02:00,0.011796
2017-05-29 21:24:00+02:00,0.011207
2017-05-29 21:25:00+02:00,0.010405
2017-05-29 21:26:00+02:00,0.010037
2017-05-29 21:27:00+02:00,0.009672
2017-05-29 21:28:00+02:00,0.009722
2017-05-29 21:29:00+02:00,0.009056
2017-05-29 21:30:00+02:00,0.008815
2017-05-29 21:31:00+02:00,0.008602
2017-05-29 21:32:00+02:00,0.00778
2017-05-29 21:33:00+02:00,0.009827
2017-05-29 21:34:00+02:00,0.008375
2017-05-29 21:35:00+02:00,0.008269
2017-05-29 21:36:00+02:00,0.008621
2017-05-29 21:37:00+02:00,0.00875
2017-05-29 21:38:00+02:00,0.009598
2017-05-29 21:39:00+02:00,0.007564
2017-05-29 21:40:00+02:00,0.007388
2017-05-29 21:41:00+02:00,0.007475
2017-05-29 21:42:00+02:00,0.007616
2017-05-29 21:43:00+02:00,0.007719
2017-05-29 21:44:00+02:00,0.012235
2017-05-29 21:45:00+02:00,0.010999
2017-05-29 21:46:00+02:00,0.008629
2017-05-29 21:47:00+02:00,0.009051
2017-05-29 21:48:00+02:00,0.008091
2017-05-29 21:49:00+02:00,0.009006
2017-05-29 21:50:00+02:00,0.008937
2017-05-29 21:51:00+02:00,0.009042
2017-05-29 21:52:00+02:00,0.008729
2017-05-29 21:53:00+02:00,0.008304
2017-05-29 21:54:00+02:00,0.008953
2017-05-29 21:55:00+02:00,0.007854
2017-05-29 21:56:00+02:00,0.007349
2017-05-29 21:57:00+02:00,0.007827
2017-05-29 21:58:00+02:00,0.008782
2017-05-29 21:59:00+02:00,0.011951
2017-05-29 22:00:00+02:00,0.010688
2017-05-29 22:01:00+02:00,0.008792
2017-05-29 22:02:00+02:00,0.009061
2017-05-29 22:03:00+02:00,0.009141
2017-05-29 22:04:00+02:00,0.009027
2017-05-29 22:05:00+02:00,0.010245
2017-05-29 22:06:00+02:00,0.009115
2017-05-29 22:07:00+02:00,0.007881
2017-05-29 22:08:00+02:00,0.007825
2017-05-29 22:09:00+02:00,0.007817
2017-05-29 22:10:00+02:00,0.008269
2017-05-29 22:11:00+02:00,0.010001
2017-05-29 22:12:00+02:00,0.009691
2017-05-29 22:13:00+02:00,0.009266
2017-05-29 22:14:00+02:00,0.00893
2017-05-29 22:15:00+02:00,0.008662
2017-05-29 22:16:00+02:00,0.007724
2017-05-29 22:17:00+02:00,0.007968
2017-05-29 22:18:00+02:00,0.009693
2017-05-29 22:19:00+02:00,0.009
2017-05-29 22:20:00+02:00,0.00788
2017-05-29 22:21:00+02:00,0.007816
2017-05-29 22:22:00+02:00,0.008776
2017-05-29 22:23:00+02:00,0.010135
2017-05-29 22:24:00+02:00,0.008687
2017-05-29 22:25:00+02:00,0.007127
2017-05-29 22:26:00+02:00,0.010394
2017-05-29 22:27:00+02:00,0.010119
2017-05-29 22:28:00+02:00,0.010261
2017-05-29 22:29:00+02:00,0.010239
2017-05-29 22:30:00+02:00,0.010538
2017-05-29 22:31:00+02:00,0.010315
2017-05-29 22:32:00+02:00,0.0084
2017-05-29 22:33:00+02:00,0.005689
2017-05-29 22:34:00+02:00,0.00506
2017-05-29 22:35:00+02:00,0.004648
2017-05-29 22:36:00+02:00,0.004269
2017-05-29 22:37:00+02:00,0.005143
2017-05-29 22:38:00+02:00,0.005502
2017-05-29 22:39:00+02:00,0.005323
2017-05-29 22:40:00+02:00,0.00598
2017-05-29 22:41:00+02:00,0.004862
2017-05-29 22:42:00+02:00,0.005464
2017-05-29 22:43:00+02:00,0.005566
2017-05-29 22:44:00+02:00,0.005096
2017-05-29 22:45:00+02:00,0.00604
2017-05-29 22:46:00+02:00,0.007582
2017-05-29 22:47:00+02:00,0.008353
2017-05-29 22:48:00+02:00,0.008577
2017-05-29 22:49:00+02:00,0.009715
2017-05-29 22:50:00+02:00,0.010915
2017-05-29 22:51:00+02:00,0.008516
2017-05-29 22:52:00+02:00,0.008221
2017-05-29 22:53:00+02:00,0.009213
2017-05-29 22:54:00+02:00,0.00779
2017-05-29 22:55:00+02:00,0.008901
2017-05-29 22:56:00+02:00,0.009352
2017-05-29 22:57:00+02:00,0.009591
2017-05-29 22:58:00+02:00,0.009311
2017-05-29 22:59:00+02:00,0.00893
2017-05-29 23:00:00+02:00,0.009539
2017-05-29 23:01:00+02:00,0.008474
2017-05-29 23:02:00+02:00,0.009149
2017-05-29 23:03:00+02:00,0.009367
2017-05-29 23:04:00+02:00,0.009317
2017-05-29 23:05:00+02:00,0.007853
2017-05-29 23:06:00+02:00,0.007605
2017-05-29 23:07:00+02:00,0.007536
2017-05-29 23:08:00+02:00,0.008195
2017-05-29 23:09:00+02:00,0.007452
2017-05-29 23:10:00+02:00,0.008287
2017-05-29 23:11:00+02:00,0.009215
2017-05-29 23:12:00+02:00,0.0101
2017-05-29 23:13:00+02:00,0.009858
2017-05-29 23:14:00+02:00,0.009595
2017-05-29 23:15:00+02:00,0.011532
2017-05-29 23:16:00+02:00,0.012312
2017-05-29 23:17:00+02:00,0.009649
2017-05-29 23:18:00+02:00,0.008855
2017-05-29 23:19:00+02:00,0.01079
2017-05-29 23:20:00+02:00,0.013607
2017-05-29 23:21:00+02:00,0.012665
2017-05-29 23:22:00+02:00,0.011435
2017-05-29 23:23:00+02:00,0.011658
2017-05-29 23:24:00+02:00,0.013157
2017-05-29 23:25:00+02:00,0.013249
2017-05-29 23:26:00+02:00,0.011085
2017-05-29 23:27:00+02:00,0.010376
2017-05-29 23:28:00+02:00,0.010273
2017-05-29 23:29:00+02:00,0.010503
2017-05-29 23:30:00+02:00,0.009766
2017-05-29 23:31:00+02:00,0.011155
2017-05-29 23:32:00+02:00,0.012222
2017-05-29 23:33:00+02:00,0.012891
2017-05-29 23:34:00+02:00,0.014223
2017-05-29 23:35:00+02:00,0.012736
2017-05-29 23:36:00+02:00,0.01311
2017-05-29 23:37:00+02:00,0.01372
2017-05-29 23:38:00+02:00,0.011004
2017-05-29 23:39:00+02:00,0.011507
2017-05-29 23:40:00+02:00,0.012763
2017-05-29 23:41:00+02:00,0.013702
2017-05-29 23:42:00+02:00,0.012255
2017-05-29 23:43:00+02:00,0.01159
2017-05-29 23:44:00+02:00,0.01154
2017-05-29 23:45:00+02:00,0.013164
2017-05-29 23:46:00+02:00,0.013828
2017-05-29 23:47:00+02:00,0.012719
2017-05-29 23:48:00+02:00,0.013115
2017-05-29 23:49:00+02:00,0.012269
2017-05-29 23:50:00+02:00,0.011715
2017-05-29 23:51:00+02:00,0.011911
2017-05-29 23:52:00+02:00,0.011358
2017-05-29 23:53:00+02:00,0.011678
2017-05-29 23:54:00+02:00,0.009769
2017-05-29 23:55:00+02:00,0.008289
2017-05-29 23:56:00+02:00,0.009161
2017-05-29 23:57:00+02:00,0.010912
2017-05-29 23:58:00+02:00,0.01117
2017-05-29 23:59:00+02:00,0.010348
2017-05-30 00:00:00+02:00,0.009968
2017-05-30 00:01:00+02:00,0.010645
2017-05-30 00:02:00+02:00,0.01163
2017-05-30 00:03:00+02:00,0.011603
2017-05-30 00:04:00+02:00,0.009757
2017-05-30 00:05:00+02:00,0.009123
2017-05-30 00:06:00+02:00,0.011315
2017-05-30 00:07:00+02:00,0.012456
2017-05-30 00:08:00+02:00,0.012417
2017-05-30 00:09:00+02:00,0.019165
2017-05-30 00:10:00+02:00,0.022806
2017-05-30 00:11:00+02:00,0.019087
2017-05-30 00:12:00+02:00,0.018238
2017-05-30 00:13:00+02:00,0.016571
2017-05-30 00:14:00+02:00,0.010282
2017-05-30 00:15:00+02:00,0.010055
2017-05-30 00:16:00+02:00,0.010432
2017-05-30 00:17:00+02:00,0.008725
2017-05-30 00:18:00+02:00,0.007909
2017-05-30 00:19:00+02:00,0.008664
2017-05-30 00:20:00+02:00,0.008962
2017-05-30 00:21:00+02:00,0.008731
2017-05-30 00:22:00+02:00,0.008035
2017-05-30 00:23:00+02:00,0.008954
2017-05-30 00:24:00+02:00,0.008531
2017-05-30 00:25:00+02:00,0.008211
2017-05-30 00:26:00+02:00,0.007964
2017-05-30 00:27:00+02:00,0.0097
2017-05-30 00:28:00+02:00,0.010195
2017-05-30 00:29:00+02:00,0.009206
2017-05-30 00:30:00+02:00,0.00888
2017-05-30 00:31:00+02:00,0.015955
2017-05-30 00:32:00+02:00,0.016991
2017-05-30 00:33:00+02:00,0.012156
2017-05-30 00:34:00+02:00,0.011409
2017-05-30 00:35:00+02:00,0.011504
2017-05-30 00:36:00+02:00,0.01287
2017-05-30 00:37:00+02:00,0.011283
2017-05-30 00:38:00+02:00,0.010663
2017-05-30 00:39:00+02:00,0.011017
2017-05-30 00:40:00+02:00,0.010399
2017-05-30 00:41:00+02:00,0.008888
2017-05-30 00:42:00+02:00,0.006578
2017-05-30 00:43:00+02:00,0.005492
2017-05-30 00:44:00+02:00,0.004906
2017-05-30 00:45:00+02:00,0.005595
2017-05-30 00:46:00+02:00,0.005133
2017-05-30 00:47:00+02:00,0.005742
2017-05-30 00:48:00+02:00,0.006164
2017-05-30 00:49:00+02:00,0.007172
2017-05-30 00:50:00+02:00,0.006623
2017-05-30 00:51:00+02:00,0.006235
2017-05-30 00:52:00+02:00,0.005197
2017-05-30 00:53:00+02:00,0.005698
2017-05-30 00:54:00+02:00,0.00636
2017-05-30 00:55:00+02:00,0.007269
2017-05-30 00:56:00+02:00,0.005578
2017-05-30 00:57:00+02:00,0.004756
2017-05-30 00:58:00+02:00,0.005294
2017-05-30 00:59:00+02:00,0.005716
2017-05-30 01:00:00+02:00,0.004826
2017-05-30 01:01:00+02:00,0.006691
2017-05-30 01:02:00+02:00,0.007475
2017-05-30 01:03:00+02:00,0.006649
2017-05-30 01:04:00+02:00,0.006088
2017-05-30 01:05:00+02:00,0.005917
2017-05-30 01:06:00+02:00,0.006238
2017-05-30 01:07:00+02:00,0.0067
2017-05-30 01:08:00+02:00,0.007455
2017-05-30 01:09:00+02:00,0.007426
2017-05-30 01:10:00+02:00,0.008113
2017-05-30 01:11:00+02:00,0.008057
2017-05-30 01:12:00+02:00,0.007269
2017-05-30 01:13:00+02:00,0.00474
2017-05-30 01:14:00+02:00,0.006708
2017-05-30 01:15:00+02:00,0.007078
2017-05-30 01:16:00+02:00,0.006251
2017-05-30 01:17:00+02:00,0.007874
2017-05-30 01:18:00+02:00,0.006214
2017-05-30 01:19:00+02:00,0.006029
2017-05-30 01:20:00+02:00,0.005539
2017-05-30 01:21:00+02:00,0.005065
2017-05-30 01:22:00+02:00,0.00387
2017-05-30 01:23:00+02:00,0.004705
2017-05-30 01:24:00+02:00,0.004362
2017-05-30 01:25:00+02:00,0.004613
2017-05-30 01:26:00+02:00,0.005128
2017-05-30 01:27:00+02:00,0.003939
2017-05-30 01:28:00+02:00,0.003537
2017-05-30 01:29:00+02:00,0.004059
2017-05-30 01:30:00+02:00,0.004662
2017-05-30 01:31:00+02:00,0.004963
2017-05-30 01:32:00+02:00,0.004013
2017-05-30 01:33:00+02:00,0.003894
2017-05-30 01:34:00+02:00,0.004155
2017-05-30 01:35:00+02:00,0.004761
2017-05-30 01:36:00+02:00,0.004597
2017-05-30 01:37:00+02:00,0.004831
2017-05-30 01:38:00+02:00,0.00694
2017-05-30 01:39:00+02:00,0.008095
2017-05-30 01:40:00+02:00,0.007152
2017-05-30 01:41:00+02:00,0.007951
2017-05-30 01:42:00+02:00,0.009477
2017-05-30 01:43:00+02:00,0.008955
2017-05-30 01:44:00+02:00,0.007624
2017-05-30 01:45:00+02:00,0.008619
2017-05-30 01:46:00+02:00,0.009137
2017-05-30 01:47:00+02:00,0.008755
2017-05-30 01:48:00+02:00,0.00637
2017-05-30 01:49:00+02:00,0.006045
2017-05-30 01:50:00+02:00,0.00556
2017-05-30 01:51:00+02:00,0.004826
2017-05-30 01:52:00+02:00,0.004709
2017-05-30 01:53:00+02:00,0.005385
2017-05-30 01:54:00+02:00,0.005419
2017-05-30 01:55:00+02:00,0.005035
2017-05-30 01:56:00+02:00,0.005072
2017-05-30 01:57:00+02:00,0.00395
2017-05-30 01:58:00+02:00,0.003409
2017-05-30 01:59:00+02:00,0.002847
2017-05-30 02:00:00+02:00,0.002704
2017-05-30 02:01:00+02:00,0.002223
2017-05-30 02:02:00+02:00,0.001537
2017-05-30 02:03:00+02:00,0.00206
2017-05-30 02:04:00+02:00,0.002315
2017-05-30 02:05:00+02:00,0.003428
2017-05-30 02:06:00+02:00,0.003554
2017-05-30 02:07:00+02:00,0.003437
2017-05-30 02:08:00+02:00,0.00296
2017-05-30 02:09:00+02:00,0.002765
2017-05-30 02:10:00+02:00,0.002812
2017-05-30 02:11:00+02:00,0.002703
2017-05-30 02:12:00+02:00,0.002622
2017-05-30 02:13:00+02:00,0.002916
2017-05-30 02:14:00+02:00,0.003729
2017-05-30 02:15:00+02:00,0.003976
2017-05-30 02:16:00+02:00,0.005367
2017-05-30 02:17:00+02:00,0.005609
2017-05-30 02:18:00+02:00,0.004526
2017-05-30 02:19:00+02:00,0.005045
2017-05-30 02:20:00+02:00,0.005156
2017-05-30 02:21:00+02:00,0.00566
2017-05-30 02:22:00+02:00,0.004945
2017-05-30 02:23:00+02:00,0.005173
2017-05-30 02:24:00+02:00,0.005331
2017-05-30 02:25:00+02:00,0.004916
2017-05-30 02:26:00+02:00,0.004606
2017-05-30 02:27:00+02:00,0.004755
2017-05-30 02:28:00+02:00,0.005079
2017-05-30 02:29:00+02:00,0.005504
2017-05-30 02:30:00+02:00,0.005638
2017-05-30 02:31:00+02:00,0.00741
2017-05-30 02:32:00+02:00,0.007002
2017-05-30 02:33:00+02:00,0.005908
2017-05-30 02:34:00+02:00,0.006329
2017-05-30 02:35:00+02:00,0.006618
2017-05-30 02:36:00+02:00,0.005801
2017-05-30 02:37:00+02:00,0.005853
2017-05-30 02:38:00+02:00,0.006366
2017-05-30 02:39:00+02:00,0.005093
2017-05-30 02:40:00+02:00,0.005105
2017-05-30 02:41:00+02:00,0.005339
2017-05-30 02:42:00+02:00,0.004331
2017-05-30 02:43:00+02:00,0.003587
2017-05-30 02:44:00+02:00,0.005587
2017-05-30 02:45:00+02:00,0.006228
2017-05-30 02:46:00+02:00,0.004407
2017-05-30 02:47:00+02:00,0.004702
2017-05-30 02:48:00+02:00,0.004458
2017-05-30 02:49:00+02:00,0.003673
2017-05-30 02:50:00+02:00,0.002938
2017-05-30 02:51:00+02:00,0.003226
2017-05-30 02:52:00+02:00,0.003725
2017-05-30 02:53:00+02:00,0.003793
2017-05-30 02:54:00+02:00,0.003286
2017-05-30 02:55:00+02:00,0.002594
2017-05-30 02:56:00+02:00,0.002733
2017-05-30 02:57:00+02:00,0.002504
2017-05-30 02:58:00+02:00,0.002474
2017-05-30 02:59:00+02:00,0.002439
2017-05-30 03:00:00+02:00,0.001807
2017-05-30 03:01:00+02:00,0.001973
2017-05-30 03:02:00+02:00,0.001664
2017-05-30 03:03:00+02:00,0.001431
2017-05-30 03:04:00+02:00,0.001228
2017-05-30 03:05:00+02:00,0.00098
2017-05-30 03:06:00+02:00,0.001229
2017-05-30 03:07:00+02:00,0.001606
2017-05-30 03:08:00+02:00,0.00214
2017-05-30 03:09:00+02:00,0.003165
2017-05-30 03:10:00+02:00,0.003322
2017-05-30 03:11:00+02:00,0.003235
2017-05-30 03:12:00+02:00,0.002853
2017-05-30 03:13:00+02:00,0.002422
2017-05-30 03:14:00+02:00,0.002484
2017-05-30 03:15:00+02:00,0.00278
2017-05-30 03:16:00+02:00,0.002545
2017-05-30 03:17:00+02:00,0.002775
2017-05-30 03:18:00+02:00,0.002894
2017-05-30 03:19:00+02:00,0.002768
2017-05-30 03:20:00+02:00,0.002266
2017-05-30 03:21:00+02:00,0.001531
2017-05-30 03:22:00+02:00,0.001481
2017-05-30 03:23:00+02:00,0.002006
2017-05-30 03:24:00+02:00,0.002172
2017-05-30 03:25:00+02:00,0.002058
2017-05-30 03:26:00+02:00,0.002519
2017-05-30 03:27:00+02:00,0.002821
2017-05-30 03:28:00+02:00,0.003054
2017-05-30 03:29:00+02:00,0.003596
2017-05-30 03:30:00+02:00,0.003654
2017-05-30 03:31:00+02:00,0.003601
2017-05-30 03:32:00+02:00,0.003735
2017-05-30 03:33:00+02:00,0.00357
2017-05-30 03:34:00+02:00,0.003846
2017-05-30 03:35:00+02:00,0.004438
2017-05-30 03:36:00+02:00,0.003258
2017-05-30 03:37:00+02:00,0.00318
2017-05-30 03:38:00+02:00,0.003233
2017-05-30 03:39:00+02:00,0.003553
2017-05-30 03:40:00+02:00,0.002914
2017-05-30 03:41:00+02:00,0.005461
2017-05-30 03:42:00+02:00,0.004842
2017-05-30 03:43:00+02:00,0.00229
2017-05-30 03:44:00+02:00,0.002582
2017-05-30 03:45:00+02:00,0.00302
2017-05-30 03:46:00+02:00,0.005496
2017-05-30 03:47:00+02:00,0.005073
2017-05-30 03:48:00+02:00,0.003407
2017-05-30 03:49:00+02:00,0.003529
2017-05-30 03:50:00+02:00,0.002876
2017-05-30 03:51:00+02:00,0.00237
2017-05-30 03:52:00+02:00,0.001826
2017-05-30 03:53:00+02:00,0.001387
2017-05-30 03:54:00+02:00,0.000747
2017-05-30 03:55:00+02:00,0.000665
2017-05-30 03:56:00+02:00,-0.000306
2017-05-30 03:57:00+02:00,-0.000539
2017-05-30 03:58:00+02:00,-0.001058
2017-05-30 03:59:00+02:00,-0.001114
2017-05-30 04:00:00+02:00,-0.00133
2017-05-30 04:01:00+02:00,-0.000672
2017-05-30 04:02:00+02:00,0.000635
2017-05-30 04:03:00+02:00,0.000224
2017-05-30 04:04:00+02:00,-0.000175
2017-05-30 04:05:00+02:00,0.000145
2017-05-30 04:06:00+02:00,0.000691
2017-05-30 04:07:00+02:00,0.001026
2017-05-30 04:08:00+02:00,0.001318
2017-05-30 04:09:00+02:00,0.001109
2017-05-30 04:10:00+02:00,0.003703
2017-05-30 04:11:00+02:00,0.004008
2017-05-30 04:12:00+02:00,0.002507
2017-05-30 04:13:00+02:00,0.00281
2017-05-30 04:14:00+02:00,0.001985
2017-05-30 04:15:00+02:00,0.002185
2017-05-30 04:16:00+02:00,0.002127
2017-05-30 04:17:00+02:00,0.002174
2017-05-30 04:18:00+02:00,0.002836
2017-05-30 04:19:00+02:00,0.002964
2017-05-30 04:20:00+02:00,0.004247
2017-05-30 04:21:00+02:00,0.004462
2017-05-30 04:22:00+02:00,0.003582
2017-05-30 04:23:00+02:00,0.002349
2017-05-30 04:24:00+02:00,0.001969
2017-05-30 04:25:00+02:00,0.001929
2017-05-30 04:26:00+02:00,0.002383
2017-05-30 04:27:00+02:00,0.002756
2017-05-30 04:28:00+02:00,0.002573
2017-05-30 04:29:00+02:00,0.002487
2017-05-30 04:30:00+02:00,0.002966
2017-05-30 04:31:00+02:00,0.00297
2017-05-30 04:32:00+02:00,0.003121
2017-05-30 04:33:00+02:00,0.002545
2017-05-30 04:34:00+02:00,0.002534
2017-05-30 04:35:00+02:00,0.002242
2017-05-30 04:36:00+02:00,0.002465
2017-05-30 04:37:00+02:00,0.00268
2017-05-30 04:38:00+02:00,0.002625
2017-05-30 04:39:00+02:00,0.002637
2017-05-30 04:40:00+02:00,0.002813
2017-05-30 04:41:00+02:00,0.003309
2017-05-30 04:42:00+02:00,0.002594
2017-05-30 04:43:00+02:00,0.002464
2017-05-30 04:44:00+02:00,0.002234
2017-05-30 04:45:00+02:00,0.002002
2017-05-30 04:46:00+02:00,0.001683
2017-05-30 04:47:00+02:00,0.001317
2017-05-30 04:48:00+02:00,0.001084
2017-05-30 04:49:00+02:00,0.001663
2017-05-30 04:50:00+02:00,0.002131
2017-05-30 04:51:00+02:00,0.001955
2017-05-30 04:52:00+02:00,0.002983
2017-05-30 04:53:00+02:00,0.003389
2017-05-30 04:54:00+02:00,0.004053
2017-05-30 04:55:00+02:00,0.003583
2017-05-30 04:56:00+02:00,0.003111
2017-05-30 04:57:00+02:00,0.003115
2017-05-30 04:58:00+02:00,0.00339
2017-05-30 04:59:00+02:00,0.00468
2017-05-30 05:00:00+02:00,0.005009
2017-05-30 05:01:00+02:00,0.003591
2017-05-30 05:02:00+02:00,0.003207
2017-05-30 05:03:00+02:00,0.003464
2017-05-30 05:04:00+02:00,0.003739
2017-05-30 05:05:00+02:00,0.003827
2017-05-30 05:06:00+02:00,0.003775
2017-05-30 05:07:00+02:00,0.0036
2017-05-30 05:08:00+02:00,0.00328
2017-05-30 05:09:00+02:00,0.00303
2017-05-30 05:10:00+02:00,0.00273
2017-05-30 05:11:00+02:00,0.002594
2017-05-30 05:12:00+02:00,0.001717
2017-05-30 05:13:00+02:00,0.001872
2017-05-30 05:14:00+02:00,0.001965
2017-05-30 05:15:00+02:00,0.001507
2017-05-30 05:16:00+02:00,0.001149
2017-05-30 05:17:00+02:00,0.002141
2017-05-30 05:18:00+02:00,0.001741
2017-05-30 05:19:00+02:00,0.001664
2017-05-30 05:20:00+02:00,0.001885
2017-05-30 05:21:00+02:00,0.001739
2017-05-30 05:22:00+02:00,0.001551
2017-05-30 05:23:00+02:00,0.001199
2017-05-30 05:24:00+02:00,0.001838
2017-05-30 05:25:00+02:00,0.002166
2017-05-30 05:26:00+02:00,0.00241
2017-05-30 05:27:00+02:00,0.002462
2017-05-30 05:28:00+02:00,0.002043
2017-05-30 05:29:00+02:00,0.001787
2017-05-30 05:30:00+02:00,0.001464
2017-05-30 05:31:00+02:00,0.001417
2017-05-30 05:32:00+02:00,0.001724
2017-05-30 05:33:00+02:00,0.001891
2017-05-30 05:34:00+02:00,0.001224
2017-05-30 05:35:00+02:00,0.000851
2017-05-30 05:36:00+02:00,0.001051
2017-05-30 05:37:00+02:00,0.001193
2017-05-30 05:38:00+02:00,0.001517
2017-05-30 05:39:00+02:00,0.001523
2017-05-30 05:40:00+02:00,0.002243
2017-05-30 05:41:00+02:00,0.002402
2017-05-30 05:42:00+02:00,0.002648
2017-05-30 05:43:00+02:00,0.003544
2017-05-30 05:44:00+02:00,0.003801
2017-05-30 05:45:00+02:00,0.003861
2017-05-30 05:46:00+02:00,0.004121
2017-05-30 05:47:00+02:00,0.005069
2017-05-30 05:48:00+02:00,0.005449
2017-05-30 05:49:00+02:00,0.005682
2017-05-30 05:50:00+02:00,0.005505
2017-05-30 05:51:00+02:00,0.005182
2017-05-30 05:52:00+02:00,0.005329
2017-05-30 05:53:00+02:00,0.005012
2017-05-30 05:54:00+02:00,0.00656
2017-05-30 05:55:00+02:00,0.005915
2017-05-30 05:56:00+02:00,0.00532
2017-05-30 05:57:00+02:00,0.005754
2017-05-30 05:58:00+02:00,0.005478
2017-05-30 05:59:00+02:00,0.005625
2017-05-30 06:00:00+02:00,0.006063
2017-05-30 06:01:00+02:00,0.005976
2017-05-30 06:02:00+02:00,0.00549
2017-05-30 06:03:00+02:00,0.005343
2017-05-30 06:04:00+02:00,0.005257
2017-05-30 06:05:00+02:00,0.005299
2017-05-30 06:06:00+02:00,0.005823
2017-05-30 06:07:00+02:00,0.006538
2017-05-30 06:08:00+02:00,0.007372
2017-05-30 06:09:00+02:00,0.008638
2017-05-30 06:10:00+02:00,0.008
2017-05-30 06:11:00+02:00,0.007791
2017-05-30 06:12:00+02:00,0.007645
2017-05-30 06:13:00+02:00,0.008091
2017-05-30 06:14:00+02:00,0.00827
2017-05-30 06:15:00+02:00,0.007377
2017-05-30 06:16:00+02:00,0.006734
2017-05-30 06:17:00+02:00,0.006553
2017-05-30 06:18:00+02:00,0.006143
2017-05-30 06:19:00+02:00,0.005569
2017-05-30 06:20:00+02:00,0.005689
2017-05-30 06:21:00+02:00,0.005689
2017-05-30 06:22:00+02:00,0.005829
2017-05-30 06:23:00+02:00,0.005418
2017-05-30 06:24:00+02:00,0.004903
2017-05-30 06:25:00+02:00,0.004967
2017-05-30 06:26:00+02:00,0.005473
2017-05-30 06:27:00+02:00,0.006437
2017-05-30 06:28:00+02:00,0.008043
2017-05-30 06:29:00+02:00,0.008222
2017-05-30 06:30:00+02:00,0.008608
2017-05-30 06:31:00+02:00,0.008578
2017-05-30 06:32:00+02:00,0.007373
2017-05-30 06:33:00+02:00,0.008457
2017-05-30 06:34:00+02:00,0.006667
2017-05-30 06:35:00+02:00,0.006795
2017-05-30 06:36:00+02:00,0.006476
2017-05-30 06:37:00+02:00,0.006051
2017-05-30 06:38:00+02:00,0.006403
2017-05-30 06:39:00+02:00,0.007161
2017-05-30 06:40:00+02:00,0.007584
2017-05-30 06:41:00+02:00,0.007823
2017-05-30 06:42:00+02:00,0.008802
2017-05-30 06:43:00+02:00,0.007929
2017-05-30 06:44:00+02:00,0.009206
2017-05-30 06:45:00+02:00,0.010296
2017-05-30 06:46:00+02:00,0.00944
2017-05-30 06:47:00+02:00,0.008583
2017-05-30 06:48:00+02:00,0.008609
2017-05-30 06:49:00+02:00,0.008456
2017-05-30 06:50:00+02:00,0.005257
2017-05-30 06:51:00+02:00,0.004023
2017-05-30 06:52:00+02:00,0.004133
2017-05-30 06:53:00+02:00,0.003878
2017-05-30 06:54:00+02:00,0.003793
2017-05-30 06:55:00+02:00,0.003881
2017-05-30 06:56:00+02:00,0.00389
2017-05-30 06:57:00+02:00,0.004353
2017-05-30 06:58:00+02:00,0.005289
2017-05-30 06:59:00+02:00,0.005354
2017-05-30 07:00:00+02:00,0.005698
2017-05-30 07:01:00+02:00,0.005976
2017-05-30 07:02:00+02:00,0.006145
2017-05-30 07:03:00+02:00,0.011565
2017-05-30 07:04:00+02:00,0.013397
2017-05-30 07:05:00+02:00,0.013615
2017-05-30 07:06:00+02:00,0.013619
2017-05-30 07:07:00+02:00,0.013738
2017-05-30 07:08:00+02:00,0.013863
2017-05-30 07:09:00+02:00,0.014444
2017-05-30 07:10:00+02:00,0.015034
2017-05-30 07:11:00+02:00,0.014979
2017-05-30 07:12:00+02:00,0.015561
2017-05-30 07:13:00+02:00,0.017622
2017-05-30 07:14:00+02:00,0.016949
2017-05-30 07:15:00+02:00,0.01691
2017-05-30 07:16:00+02:00,0.017297
2017-05-30 07:17:00+02:00,0.017667
2017-05-30 07:18:00+02:00,0.017598
2017-05-30 07:19:00+02:00,0.018054
2017-05-30 07:20:00+02:00,0.018866
2017-05-30 07:21:00+02:00,0.019759
2017-05-30 07:22:00+02:00,0.020035
2017-05-30 07:23:00+02:00,0.019834
2017-05-30 07:24:00+02:00,0.01981
2017-05-30 07:25:00+02:00,0.021025
2017-05-30 07:26:00+02:00,0.02231
2017-05-30 07:27:00+02:00,0.022488
2017-05-30 07:28:00+02:00,0.022409
2017-05-30 07:29:00+02:00,0.022709
2017-05-30 07:30:00+02:00,0.02323
2017-05-30 07:31:00+02:00,0.023595
2017-05-30 07:32:00+02:00,0.023605
2017-05-30 07:33:00+02:00,0.024491
2017-05-30 07:34:00+02:00,0.024583
2017-05-30 07:35:00+02:00,0.024683
2017-05-30 07:36:00+02:00,0.026026
2017-05-30 07:37:00+02:00,0.02777
2017-05-30 07:38:00+02:00,0.029638
2017-05-30 07:39:00+02:00,0.032192
2017-05-30 07:40:00+02:00,0.033889
2017-05-30 07:41:00+02:00,0.035002
2017-05-30 07:42:00+02:00,0.034833
2017-05-30 07:43:00+02:00,0.034695
2017-05-30 07:44:00+02:00,0.035448
2017-05-30 07:45:00+02:00,0.03624
2017-05-30 07:46:00+02:00,0.039074
2017-05-30 07:47:00+02:00,0.038345
2017-05-30 07:48:00+02:00,0.032189
2017-05-30 07:49:00+02:00,0.03733
2017-05-30 07:50:00+02:00,0.040836
2017-05-30 07:51:00+02:00,0.039786
2017-05-30 07:52:00+02:00,0.038574
2017-05-30 07:53:00+02:00,0.033635
2017-05-30 07:54:00+02:00,0.041241
2017-05-30 07:55:00+02:00,0.042078
2017-05-30 07:56:00+02:00,0.042858
2017-05-30 07:57:00+02:00,0.043567
2017-05-30 07:58:00+02:00,0.043482
2017-05-30 07:59:00+02:00,0.043749
2017-05-30 08:00:00+02:00,0.044178
2017-05-30 08:01:00+02:00,0.04321
2017-05-30 08:02:00+02:00,0.040309
2017-05-30 08:03:00+02:00,0.038762
2017-05-30 08:04:00+02:00,0.036703
2017-05-30 08:05:00+02:00,0.035193
2017-05-30 08:06:00+02:00,0.038638
2017-05-30 08:07:00+02:00,0.042809
2017-05-30 08:08:00+02:00,0.043838
2017-05-30 08:09:00+02:00,0.044126
2017-05-30 08:10:00+02:00,0.045307
2017-05-30 08:11:00+02:00,0.048041
2017-05-30 08:12:00+02:00,0.048643
2017-05-30 08:13:00+02:00,0.050935
2017-05-30 08:14:00+02:00,0.052908
2017-05-30 08:15:00+02:00,0.055112
2017-05-30 08:16:00+02:00,0.056153
2017-05-30 08:17:00+02:00,0.058343
2017-05-30 08:18:00+02:00,0.059844
2017-05-30 08:19:00+02:00,0.058937
2017-05-30 08:20:00+02:00,0.058472
2017-05-30 08:21:00+02:00,0.058462
2017-05-30 08:22:00+02:00,0.055539
2017-05-30 08:23:00+02:00,0.057872
2017-05-30 08:24:00+02:00,0.05992
2017-05-30 08:25:00+02:00,0.061771
2017-05-30 08:26:00+02:00,0.062767
2017-05-30 08:27:00+02:00,0.064549
2017-05-30 08:28:00+02:00,0.063936
2017-05-30 08:29:00+02:00,0.064989
2017-05-30 08:30:00+02:00,0.065881
2017-05-30 08:31:00+02:00,0.066056
2017-05-30 08:32:00+02:00,0.066113
2017-05-30 08:33:00+02:00,0.06541
2017-05-30 08:34:00+02:00,0.066217
2017-05-30 08:35:00+02:00,0.067533
2017-05-30 08:36:00+02:00,0.070178
2017-05-30 08:37:00+02:00,0.077064
2017-05-30 08:38:00+02:00,0.079375
2017-05-30 08:39:00+02:00,0.082337
2017-05-30 08:40:00+02:00,0.084548
2017-05-30 08:41:00+02:00,0.0882
2017-05-30 08:42:00+02:00,0.092186
2017-05-30 08:43:00+02:00,0.095868
2017-05-30 08:44:00+02:00,0.099323
2017-05-30 08:45:00+02:00,0.076775
2017-05-30 08:46:00+02:00,0.080533
2017-05-30 08:47:00+02:00,0.084887
2017-05-30 08:48:00+02:00,0.096295
2017-05-30 08:49:00+02:00,0.078623
2017-05-30 08:50:00+02:00,0.061516
2017-05-30 08:51:00+02:00,0.069596
2017-05-30 08:52:00+02:00,0.081173
2017-05-30 08:53:00+02:00,0.076242
2017-05-30 08:54:00+02:00,0.066126
2017-05-30 08:55:00+02:00,0.052542
2017-05-30 08:56:00+02:00,0.044182
2017-05-30 08:57:00+02:00,0.034857
2017-05-30 08:58:00+02:00,0.033678
2017-05-30 08:59:00+02:00,0.052439
2017-05-30 09:00:00+02:00,0.0707
2017-05-30 09:01:00+02:00,0.085008
2017-05-30 09:02:00+02:00,0.071466
2017-05-30 09:03:00+02:00,0.072976
2017-05-30 09:04:00+02:00,0.08161
2017-05-30 09:05:00+02:00,0.086489
2017-05-30 09:06:00+02:00,0.093644
2017-05-30 09:07:00+02:00,0.099313
2017-05-30 09:08:00+02:00,0.094446
2017-05-30 09:09:00+02:00,0.096394
2017-05-30 09:10:00+02:00,0.089195
2017-05-30 09:11:00+02:00,0.095743
2017-05-30 09:12:00+02:00,0.099347
2017-05-30 09:13:00+02:00,0.097188
2017-05-30 09:14:00+02:00,0.102196
2017-05-30 09:15:00+02:00,0.105739
2017-05-30 09:16:00+02:00,0.109194
2017-05-30 09:17:00+02:00,0.110754
2017-05-30 09:18:00+02:00,0.112028
2017-05-30 09:19:00+02:00,0.111328
2017-05-30 09:20:00+02:00,0.111512
2017-05-30 09:21:00+02:00,0.112814
2017-05-30 09:22:00+02:00,0.114803
2017-05-30 09:23:00+02:00,0.116845
2017-05-30 09:24:00+02:00,0.11663
2017-05-30 09:25:00+02:00,0.118814
2017-05-30 09:26:00+02:00,0.119499
2017-05-30 09:27:00+02:00,0.121935
2017-05-30 09:28:00+02:00,0.124548
2017-05-30 09:29:00+02:00,0.135749
2017-05-30 09:30:00+02:00,0.139615
2017-05-30 09:31:00+02:00,0.103198
2017-05-30 09:32:00+02:00,0.084232
2017-05-30 09:33:00+02:00,0.082171
2017-05-30 09:34:00+02:00,0.089242
2017-05-30 09:35:00+02:00,0.086936
2017-05-30 09:36:00+02:00,0.067543
2017-05-30 09:37:00+02:00,0.070919
2017-05-30 09:38:00+02:00,0.079698
2017-05-30 09:39:00+02:00,0.096357
2017-05-30 09:40:00+02:00,0.106777
2017-05-30 09:41:00+02:00,0.103102
2017-05-30 09:42:00+02:00,0.105288
2017-05-30 09:43:00+02:00,0.099929
2017-05-30 09:44:00+02:00,0.103325
2017-05-30 09:45:00+02:00,0.110936
2017-05-30 09:46:00+02:00,0.116251
2017-05-30 09:47:00+02:00,0.129137
2017-05-30 09:48:00+02:00,0.114732
2017-05-30 09:49:00+02:00,0.119192
2017-05-30 09:50:00+02:00,0.117793
2017-05-30 09:51:00+02:00,0.12064
2017-05-30 09:52:00+02:00,0.122717
2017-05-30 09:53:00+02:00,0.122632
2017-05-30 09:54:00+02:00,0.126823
2017-05-30 09:55:00+02:00,0.134907
2017-05-30 09:56:00+02:00,0.139456
2017-05-30 09:57:00+02:00,0.130541
2017-05-30 09:58:00+02:00,0.092931
2017-05-30 09:59:00+02:00,0.079939
2017-05-30 10:00:00+02:00,0.092352
2017-05-30 10:01:00+02:00,0.099037
2017-05-30 10:02:00+02:00,0.076998
2017-05-30 10:03:00+02:00,0.085636
2017-05-30 10:04:00+02:00,0.088002
2017-05-30 10:05:00+02:00,0.077066
2017-05-30 10:06:00+02:00,0.063958
2017-05-30 10:07:00+02:00,0.044972
2017-05-30 10:08:00+02:00,0.069513
2017-05-30 10:09:00+02:00,0.093073
2017-05-30 10:10:00+02:00,0.097918
2017-05-30 10:11:00+02:00,0.082608
2017-05-30 10:12:00+02:00,0.075737
2017-05-30 10:13:00+02:00,0.086963
2017-05-30 10:14:00+02:00,0.090547
2017-05-30 10:15:00+02:00,0.107368
2017-05-30 10:16:00+02:00,0.105713
2017-05-30 10:17:00+02:00,0.110151
2017-05-30 10:18:00+02:00,0.108308
2017-05-30 10:19:00+02:00,0.09949
2017-05-30 10:20:00+02:00,0.108577
2017-05-30 10:21:00+02:00,0.115721
2017-05-30 10:22:00+02:00,0.12442
2017-05-30 10:23:00+02:00,0.129863
2017-05-30 10:24:00+02:00,0.119493
2017-05-30 10:25:00+02:00,0.114668
2017-05-30 10:26:00+02:00,0.115984
2017-05-30 10:27:00+02:00,0.120083
2017-05-30 10:28:00+02:00,0.129347
2017-05-30 10:29:00+02:00,0.128463
2017-05-30 10:30:00+02:00,0.128231
2017-05-30 10:31:00+02:00,0.128164
2017-05-30 10:32:00+02:00,0.129156
2017-05-30 10:33:00+02:00,0.126037
2017-05-30 10:34:00+02:00,0.124849
2017-05-30 10:35:00+02:00,0.125618
2017-05-30 10:36:00+02:00,0.126597
2017-05-30 10:37:00+02:00,0.126053
2017-05-30 10:38:00+02:00,0.125826
2017-05-30 10:39:00+02:00,0.128278
2017-05-30 10:40:00+02:00,0.12702
2017-05-30 10:41:00+02:00,0.125468
2017-05-30 10:42:00+02:00,0.128914
2017-05-30 10:43:00+02:00,0.132332
2017-05-30 10:44:00+02:00,0.13589
2017-05-30 10:45:00+02:00,0.137905
2017-05-30 10:46:00+02:00,0.140164
2017-05-30 10:47:00+02:00,0.139189
2017-05-30 10:48:00+02:00,0.132375
2017-05-30 10:49:00+02:00,0.127511
2017-05-30 10:50:00+02:00,0.128703
2017-05-30 10:51:00+02:00,0.1277
2017-05-30 10:52:00+02:00,0.129685
2017-05-30 10:53:00+02:00,0.129321
2017-05-30 10:54:00+02:00,0.130126
2017-05-30 10:55:00+02:00,0.128805
2017-05-30 10:56:00+02:00,0.127715
2017-05-30 10:57:00+02:00,0.127527
2017-05-30 10:58:00+02:00,0.128176
2017-05-30 10:59:00+02:00,0.124544
2017-05-30 11:00:00+02:00,0.122
2017-05-30 11:01:00+02:00,0.121893
2017-05-30 11:02:00+02:00,0.124708
2017-05-30 11:03:00+02:00,0.125389
2017-05-30 11:04:00+02:00,0.126677
2017-05-30 11:05:00+02:00,0.131423
2017-05-30 11:06:00+02:00,0.132573
2017-05-30 11:07:00+02:00,0.131807
2017-05-30 11:08:00+02:00,0.130584
2017-05-30 11:09:00+02:00,0.127649
2017-05-30 11:10:00+02:00,0.135921
2017-05-30 11:11:00+02:00,0.11191
2017-05-30 11:12:00+02:00,0.110727
2017-05-30 11:13:00+02:00,0.117426
2017-05-30 11:14:00+02:00,0.14234
2017-05-30 11:15:00+02:00,0.118808
2017-05-30 11:16:00+02:00,0.145691
2017-05-30 11:17:00+02:00,0.110884
2017-05-30 11:18:00+02:00,0.091976
2017-05-30 11:19:00+02:00,0.086863
2017-05-30 11:20:00+02:00,0.073707
2017-05-30 11:21:00+02:00,0.068121
2017-05-30 11:22:00+02:00,0.06831
2017-05-30 11:23:00+02:00,0.080717
2017-05-30 11:24:00+02:00,0.087248
2017-05-30 11:25:00+02:00,0.077165
2017-05-30 11:26:00+02:00,0.071582
2017-05-30 11:27:00+02:00,0.066187
2017-05-30 11:28:00+02:00,0.081442
2017-05-30 11:29:00+02:00,0.090567
2017-05-30 11:30:00+02:00,0.10347
2017-05-30 11:31:00+02:00,0.116953
2017-05-30 11:32:00+02:00,0.126226
2017-05-30 11:33:00+02:00,0.114214
2017-05-30 11:34:00+02:00,0.099077
2017-05-30 11:35:00+02:00,0.08526
2017-05-30 11:36:00+02:00,0.072425
2017-05-30 11:37:00+02:00,0.064863
2017-05-30 11:38:00+02:00,0.063776
2017-05-30 11:39:00+02:00,0.069952
2017-05-30 11:40:00+02:00,0.082754
2017-05-30 11:41:00+02:00,0.073975
2017-05-30 11:42:00+02:00,0.067326
2017-05-30 11:43:00+02:00,0.077844
2017-05-30 11:44:00+02:00,0.09304
2017-05-30 11:45:00+02:00,0.099654
2017-05-30 11:46:00+02:00,0.117187
2017-05-30 11:47:00+02:00,0.127576
2017-05-30 11:48:00+02:00,0.132622
2017-05-30 11:49:00+02:00,0.136547
2017-05-30 11:50:00+02:00,0.138735
2017-05-30 11:51:00+02:00,0.137615
2017-05-30 11:52:00+02:00,0.137234
2017-05-30 11:53:00+02:00,0.138422
2017-05-30 11:54:00+02:00,0.138623
2017-05-30 11:55:00+02:00,0.135756
2017-05-30 11:56:00+02:00,0.134421
2017-05-30 11:57:00+02:00,0.13467
2017-05-30 11:58:00+02:00,0.13664
2017-05-30 11:59:00+02:00,0.16679
2017-05-30 12:00:00+02:00,0.089117
2017-05-30 12:01:00+02:00,0.070357
2017-05-30 12:02:00+02:00,0.05858
2017-05-30 12:03:00+02:00,0.050177
2017-05-30 12:04:00+02:00,0.042424
2017-05-30 12:05:00+02:00,0.035694
2017-05-30 12:06:00+02:00,0.030101
2017-05-30 12:07:00+02:00,0.027173
2017-05-30 12:08:00+02:00,0.024571
2017-05-30 12:09:00+02:00,0.023071
2017-05-30 12:10:00+02:00,0.021812
2017-05-30 12:11:00+02:00,0.021909
2017-05-30 12:12:00+02:00,0.023614
2017-05-30 12:13:00+02:00,0.026426
2017-05-30 12:14:00+02:00,0.055925
2017-05-30 12:15:00+02:00,0.072906
2017-05-30 12:16:00+02:00,0.061814
2017-05-30 12:17:00+02:00,0.042429
2017-05-30 12:18:00+02:00,0.037573
2017-05-30 12:19:00+02:00,0.034549
2017-05-30 12:20:00+02:00,0.035101
2017-05-30 12:21:00+02:00,0.033201
2017-05-30 12:22:00+02:00,0.02934
2017-05-30 12:23:00+02:00,0.029702
2017-05-30 12:24:00+02:00,0.028826
2017-05-30 12:25:00+02:00,0.029012
2017-05-30 12:26:00+02:00,0.028365
2017-05-30 12:27:00+02:00,0.027687
2017-05-30 12:28:00+02:00,0.026606
2017-05-30 12:29:00+02:00,0.022985
2017-05-30 12:30:00+02:00,0.018975
2017-05-30 12:31:00+02:00,0.017091
2017-05-30 12:32:00+02:00,0.013991
2017-05-30 12:33:00+02:00,0.014003
2017-05-30 12:34:00+02:00,0.012702
2017-05-30 12:35:00+02:00,0.008617
2017-05-30 12:36:00+02:00,0.008181
2017-05-30 12:37:00+02:00,0.008857
2017-05-30 12:38:00+02:00,0.010661
2017-05-30 12:39:00+02:00,0.01088
2017-05-30 12:40:00+02:00,0.011067
2017-05-30 12:41:00+02:00,0.011944
2017-05-30 12:42:00+02:00,0.013457
2017-05-30 12:43:00+02:00,0.009963
2017-05-30 12:44:00+02:00,0.009654
2017-05-30 12:45:00+02:00,0.010813
2017-05-30 12:46:00+02:00,0.012272
2017-05-30 12:47:00+02:00,0.016712
2017-05-30 12:48:00+02:00,0.017181
2017-05-30 12:49:00+02:00,0.01698
2017-05-30 12:50:00+02:00,0.017739
2017-05-30 12:51:00+02:00,0.019042
2017-05-30 12:52:00+02:00,0.017831
2017-05-30 12:53:00+02:00,0.013989
2017-05-30 12:54:00+02:00,0.014691
2017-05-30 12:55:00+02:00,0.017285
2017-05-30 12:56:00+02:00,0.014585
2017-05-30 12:57:00+02:00,0.015746
2017-05-30 12:58:00+02:00,0.015562
2017-05-30 12:59:00+02:00,0.016509
2017-05-30 13:00:00+02:00,0.012543
2017-05-30 13:01:00+02:00,0.010966
2017-05-30 13:02:00+02:00,0.010562
2017-05-30 13:03:00+02:00,0.008655
2017-05-30 13:04:00+02:00,0.008166
2017-05-30 13:05:00+02:00,0.008552
2017-05-30 13:06:00+02:00,0.008923
2017-05-30 13:07:00+02:00,0.01617
2017-05-30 13:08:00+02:00,0.010858
2017-05-30 13:09:00+02:00,0.010098
2017-05-30 13:10:00+02:00,0.010987
2017-05-30 13:11:00+02:00,0.011704
2017-05-30 13:12:00+02:00,0.013257
2017-05-30 13:13:00+02:00,0.019634
2017-05-30 13:14:00+02:00,0.021339
2017-05-30 13:15:00+02:00,0.022177
2017-05-30 13:16:00+02:00,0.022026
2017-05-30 13:17:00+02:00,0.020238
2017-05-30 13:18:00+02:00,0.018631
2017-05-30 13:19:00+02:00,0.019584
2017-05-30 13:20:00+02:00,0.020784
2017-05-30 13:21:00+02:00,0.020318
2017-05-30 13:22:00+02:00,0.016189
2017-05-30 13:23:00+02:00,0.018458
2017-05-30 13:24:00+02:00,0.018133
2017-05-30 13:25:00+02:00,0.01731
2017-05-30 13:26:00+02:00,0.016785
2017-05-30 13:27:00+02:00,0.018225
2017-05-30 13:28:00+02:00,0.017102
2017-05-30 13:29:00+02:00,0.017851
2017-05-30 13:30:00+02:00,0.018484
2017-05-30 13:31:00+02:00,0.016296
2017-05-30 13:32:00+02:00,0.012094
2017-05-30 13:33:00+02:00,0.012733
2017-05-30 13:34:00+02:00,0.012698
2017-05-30 13:35:00+02:00,0.011958
2017-05-30 13:36:00+02:00,0.014431
2017-05-30 13:37:00+02:00,0.015143
2017-05-30 13:38:00+02:00,0.012035
2017-05-30 13:39:00+02:00,0.013751
2017-05-30 13:40:00+02:00,0.013213
2017-05-30 13:41:00+02:00,0.011156
2017-05-30 13:42:00+02:00,0.012049
2017-05-30 13:43:00+02:00,0.012657
2017-05-30 13:44:00+02:00,0.015131
2017-05-30 13:45:00+02:00,0.013133
2017-05-30 13:46:00+02:00,0.012403
2017-05-30 13:47:00+02:00,0.012242
2017-05-30 13:48:00+02:00,0.010274
2017-05-30 13:49:00+02:00,0.008039
2017-05-30 13:50:00+02:00,0.008194
2017-05-30 13:51:00+02:00,0.00846
2017-05-30 13:52:00+02:00,0.009214
2017-05-30 13:53:00+02:00,0.008892
2017-05-30 13:54:00+02:00,0.007737
2017-05-30 13:55:00+02:00,0.007244
2017-05-30 13:56:00+02:00,0.010192
2017-05-30 13:57:00+02:00,0.009821
2017-05-30 13:58:00+02:00,0.006302
2017-05-30 13:59:00+02:00,0.007429
2017-05-30 14:00:00+02:00,0.008691
2017-05-30 14:01:00+02:00,0.009407
2017-05-30 14:02:00+02:00,0.011938
2017-05-30 14:03:00+02:00,0.01544
2017-05-30 14:04:00+02:00,0.01663
2017-05-30 14:05:00+02:00,0.018136
2017-05-30 14:06:00+02:00,0.016235
2017-05-30 14:07:00+02:00,0.01512
2017-05-30 14:08:00+02:00,0.009355
2017-05-30 14:09:00+02:00,0.009857
2017-05-30 14:10:00+02:00,0.010745
2017-05-30 14:11:00+02:00,0.010023
2017-05-30 14:12:00+02:00,0.009501
2017-05-30 14:13:00+02:00,0.011206
2017-05-30 14:14:00+02:00,0.009593
2017-05-30 14:15:00+02:00,0.00908
2017-05-30 14:16:00+02:00,0.008965
2017-05-30 14:17:00+02:00,0.007692
2017-05-30 14:18:00+02:00,0.008332
2017-05-30 14:19:00+02:00,0.009162
2017-05-30 14:20:00+02:00,0.009544
2017-05-30 14:21:00+02:00,0.009641
2017-05-30 14:22:00+02:00,0.008559
2017-05-30 14:23:00+02:00,0.008451
2017-05-30 14:24:00+02:00,0.008639
2017-05-30 14:25:00+02:00,0.007558
2017-05-30 14:26:00+02:00,0.009566
2017-05-30 14:27:00+02:00,0.010495
2017-05-30 14:28:00+02:00,0.01055
2017-05-30 14:29:00+02:00,0.011539
2017-05-30 14:30:00+02:00,0.013
2017-05-30 14:31:00+02:00,0.013917
2017-05-30 14:32:00+02:00,0.020887
2017-05-30 14:33:00+02:00,0.022287
2017-05-30 14:34:00+02:00,0.021467
2017-05-30 14:35:00+02:00,0.020855
2017-05-30 14:36:00+02:00,0.022935
2017-05-30 14:37:00+02:00,0.024576
2017-05-30 14:38:00+02:00,0.019862
2017-05-30 14:39:00+02:00,0.01614
2017-05-30 14:40:00+02:00,0.017672
2017-05-30 14:41:00+02:00,0.020907
2017-05-30 14:42:00+02:00,0.018735
2017-05-30 14:43:00+02:00,0.019172
2017-05-30 14:44:00+02:00,0.018853
2017-05-30 14:45:00+02:00,0.018757
2017-05-30 14:46:00+02:00,0.019966
2017-05-30 14:47:00+02:00,0.019995
2017-05-30 14:48:00+02:00,0.020752
2017-05-30 14:49:00+02:00,0.020447
2017-05-30 14:50:00+02:00,0.021715
2017-05-30 14:51:00+02:00,0.02124
2017-05-30 14:52:00+02:00,0.017237
2017-05-30 14:53:00+02:00,0.017735
2017-05-30 14:54:00+02:00,0.018881
2017-05-30 14:55:00+02:00,0.02005
2017-05-30 14:56:00+02:00,0.020598
2017-05-30 14:57:00+02:00,0.020975
2017-05-30 14:58:00+02:00,0.02191
2017-05-30 14:59:00+02:00,0.022362
2017-05-30 15:00:00+02:00,0.020223
2017-05-30 15:01:00+02:00,0.019815
2017-05-30 15:02:00+02:00,0.018645
2017-05-30 15:03:00+02:00,0.017681
2017-05-30 15:04:00+02:00,0.017891
2017-05-30 15:05:00+02:00,0.020105
2017-05-30 15:06:00+02:00,0.019742
2017-05-30 15:07:00+02:00,0.021015
2017-05-30 15:08:00+02:00,0.021438
2017-05-30 15:09:00+02:00,0.023115
2017-05-30 15:10:00+02:00,0.024937
2017-05-30 15:11:00+02:00,0.030095
2017-05-30 15:12:00+02:00,0.035515
2017-05-30 15:13:00+02:00,0.03896
2017-05-30 15:14:00+02:00,0.042357
2017-05-30 15:15:00+02:00,0.042392
2017-05-30 15:16:00+02:00,0.044086
2017-05-30 15:17:00+02:00,0.048478
2017-05-30 15:18:00+02:00,0.050749
2017-05-30 15:19:00+02:00,0.054219
2017-05-30 15:20:00+02:00,0.054026
2017-05-30 15:21:00+02:00,0.051517
2017-05-30 15:22:00+02:00,0.045354
2017-05-30 15:23:00+02:00,0.040936
2017-05-30 15:24:00+02:00,0.038372
2017-05-30 15:25:00+02:00,0.037129
2017-05-30 15:26:00+02:00,0.035971
2017-05-30 15:27:00+02:00,0.03348
2017-05-30 15:28:00+02:00,0.033606
2017-05-30 15:29:00+02:00,0.032976
2017-05-30 15:30:00+02:00,0.033363
2017-05-30 15:31:00+02:00,0.035381
2017-05-30 15:32:00+02:00,0.035551
2017-05-30 15:33:00+02:00,0.037189
2017-05-30 15:34:00+02:00,0.039806
2017-05-30 15:35:00+02:00,0.049298
2017-05-30 15:36:00+02:00,0.047493
2017-05-30 15:37:00+02:00,0.046515
2017-05-30 15:38:00+02:00,0.045401
2017-05-30 15:39:00+02:00,0.046462
2017-05-30 15:40:00+02:00,0.052157
2017-05-30 15:41:00+02:00,0.05131
2017-05-30 15:42:00+02:00,0.049437
2017-05-30 15:43:00+02:00,0.065163
2017-05-30 15:44:00+02:00,0.0644
2017-05-30 15:45:00+02:00,0.053441
2017-05-30 15:46:00+02:00,0.045241
2017-05-30 15:47:00+02:00,0.040236
2017-05-30 15:48:00+02:00,0.035988
2017-05-30 15:49:00+02:00,0.032433
2017-05-30 15:50:00+02:00,0.028579
2017-05-30 15:51:00+02:00,0.026012
2017-05-30 15:52:00+02:00,0.023608
2017-05-30 15:53:00+02:00,0.02495
2017-05-30 15:54:00+02:00,0.033906
2017-05-30 15:55:00+02:00,0.059478
2017-05-30 15:56:00+02:00,0.074709
2017-05-30 15:57:00+02:00,0.071983
2017-05-30 15:58:00+02:00,0.069093
2017-05-30 15:59:00+02:00,0.071526
2017-05-30 16:00:00+02:00,0.07788
2017-05-30 16:01:00+02:00,0.076133
2017-05-30 16:02:00+02:00,0.080444
2017-05-30 16:03:00+02:00,0.092589
2017-05-30 16:04:00+02:00,0.10263
2017-05-30 16:05:00+02:00,0.107512
2017-05-30 16:06:00+02:00,0.10329
2017-05-30 16:07:00+02:00,0.109636
2017-05-30 16:08:00+02:00,0.118138
2017-05-30 16:09:00+02:00,0.129792
2017-05-30 16:10:00+02:00,0.152245
2017-05-30 16:11:00+02:00,0.131924
2017-05-30 16:12:00+02:00,0.121773
2017-05-30 16:13:00+02:00,0.121105
2017-05-30 16:14:00+02:00,0.126172
2017-05-30 16:15:00+02:00,0.131822
2017-05-30 16:16:00+02:00,0.131187
2017-05-30 16:17:00+02:00,0.136644
2017-05-30 16:18:00+02:00,0.142706
2017-05-30 16:19:00+02:00,0.121394
2017-05-30 16:20:00+02:00,0.108891
2017-05-30 16:21:00+02:00,0.095846
2017-05-30 16:22:00+02:00,0.081931
2017-05-30 16:23:00+02:00,0.067296
2017-05-30 16:24:00+02:00,0.056416
2017-05-30 16:25:00+02:00,0.048063
2017-05-30 16:26:00+02:00,0.040237
2017-05-30 16:27:00+02:00,0.03427
2017-05-30 16:28:00+02:00,0.029402
2017-05-30 16:29:00+02:00,0.025859
2017-05-30 16:30:00+02:00,0.024037
2017-05-30 16:31:00+02:00,0.023087
2017-05-30 16:32:00+02:00,0.023436
2017-05-30 16:33:00+02:00,0.025579
2017-05-30 16:34:00+02:00,0.025833
2017-05-30 16:35:00+02:00,0.029481
2017-05-30 16:36:00+02:00,0.034835
2017-05-30 16:37:00+02:00,0.040249
2017-05-30 16:38:00+02:00,0.052755
2017-05-30 16:39:00+02:00,0.072545
2017-05-30 16:40:00+02:00,0.085328
2017-05-30 16:41:00+02:00,0.110824
2017-05-30 16:42:00+02:00,0.099553
2017-05-30 16:43:00+02:00,0.086319
2017-05-30 16:44:00+02:00,0.070235
2017-05-30 16:45:00+02:00,0.072796
2017-05-30 16:46:00+02:00,0.070339
2017-05-30 16:47:00+02:00,0.059651
2017-05-30 16:48:00+02:00,0.061419
2017-05-30 16:49:00+02:00,0.078389
2017-05-30 16:50:00+02:00,0.077655
2017-05-30 16:51:00+02:00,0.066358
2017-05-30 16:52:00+02:00,0.055552
2017-05-30 16:53:00+02:00,0.05318
2017-05-30 16:54:00+02:00,0.067875
2017-05-30 16:55:00+02:00,0.082685
2017-05-30 16:56:00+02:00,0.096935
2017-05-30 16:57:00+02:00,0.091612
2017-05-30 16:58:00+02:00,0.085859
2017-05-30 16:59:00+02:00,0.094016
2017-05-30 17:00:00+02:00,0.099009
2017-05-30 17:01:00+02:00,0.105896
2017-05-30 17:02:00+02:00,0.11447
2017-05-30 17:03:00+02:00,0.117522
2017-05-30 17:04:00+02:00,0.11942
2017-05-30 17:05:00+02:00,0.122368
2017-05-30 17:06:00+02:00,0.091817
2017-05-30 17:07:00+02:00,0.065616
2017-05-30 17:08:00+02:00,0.057442
2017-05-30 17:09:00+02:00,0.070906
2017-05-30 17:10:00+02:00,0.076774
2017-05-30 17:11:00+02:00,0.087704
2017-05-30 17:12:00+02:00,0.096567
2017-05-30 17:13:00+02:00,0.103695
2017-05-30 17:14:00+02:00,0.108729
2017-05-30 17:15:00+02:00,0.107473
2017-05-30 17:16:00+02:00,0.10513
2017-05-30 17:17:00+02:00,0.102682
2017-05-30 17:18:00+02:00,0.101215
2017-05-30 17:19:00+02:00,0.101397
2017-05-30 17:20:00+02:00,0.098983
2017-05-30 17:21:00+02:00,0.097463
2017-05-30 17:22:00+02:00,0.097357
2017-05-30 17:23:00+02:00,0.095711
2017-05-30 17:24:00+02:00,0.095238
2017-05-30 17:25:00+02:00,0.093021
2017-05-30 17:26:00+02:00,0.090537
2017-05-30 17:27:00+02:00,0.086555
2017-05-30 17:28:00+02:00,0.08227
2017-05-30 17:29:00+02:00,0.081197
2017-05-30 17:30:00+02:00,0.079828
2017-05-30 17:31:00+02:00,0.078329
2017-05-30 17:32:00+02:00,0.072634
2017-05-30 17:33:00+02:00,0.042813
2017-05-30 17:34:00+02:00,0.03623
2017-05-30 17:35:00+02:00,0.03202
2017-05-30 17:36:00+02:00,0.033723
2017-05-30 17:37:00+02:00,0.02957
2017-05-30 17:38:00+02:00,0.036538
2017-05-30 17:39:00+02:00,0.04452
2017-05-30 17:40:00+02:00,0.047559
2017-05-30 17:41:00+02:00,0.04928
2017-05-30 17:42:00+02:00,0.05155
2017-05-30 17:43:00+02:00,0.052097
2017-05-30 17:44:00+02:00,0.052174
2017-05-30 17:45:00+02:00,0.051222
2017-05-30 17:46:00+02:00,0.050324
2017-05-30 17:47:00+02:00,0.048864
2017-05-30 17:48:00+02:00,0.04486
2017-05-30 17:49:00+02:00,0.041123
2017-05-30 17:50:00+02:00,0.040644
2017-05-30 17:51:00+02:00,0.03803
2017-05-30 17:52:00+02:00,0.033507
2017-05-30 17:53:00+02:00,0.026888
2017-05-30 17:54:00+02:00,0.024271
2017-05-30 17:55:00+02:00,0.026031
2017-05-30 17:56:00+02:00,0.025551
2017-05-30 17:57:00+02:00,0.019539
2017-05-30 17:58:00+02:00,0.016696
2017-05-30 17:59:00+02:00,0.015505
2017-05-30 18:00:00+02:00,0.015502
2017-05-30 18:01:00+02:00,0.014277
2017-05-30 18:02:00+02:00,0.012994
2017-05-30 18:03:00+02:00,0.01177
2017-05-30 18:04:00+02:00,0.01396
2017-05-30 18:05:00+02:00,0.013338
2017-05-30 18:06:00+02:00,0.012136
2017-05-30 18:07:00+02:00,0.011244
2017-05-30 18:08:00+02:00,0.011394
2017-05-30 18:09:00+02:00,0.012311
2017-05-30 18:10:00+02:00,0.013434
2017-05-30 18:11:00+02:00,0.012562
2017-05-30 18:12:00+02:00,0.011379
2017-05-30 18:13:00+02:00,0.009415
2017-05-30 18:14:00+02:00,0.00911
2017-05-30 18:15:00+02:00,0.009336
2017-05-30 18:16:00+02:00,0.01081
2017-05-30 18:17:00+02:00,0.011174
2017-05-30 18:18:00+02:00,0.010036
2017-05-30 18:19:00+02:00,0.008926
2017-05-30 18:20:00+02:00,0.011216
2017-05-30 18:21:00+02:00,0.012129
2017-05-30 18:22:00+02:00,0.010848
2017-05-30 18:23:00+02:00,0.010788
2017-05-30 18:24:00+02:00,0.010704
2017-05-30 18:25:00+02:00,0.009649
2017-05-30 18:26:00+02:00,0.012537
2017-05-30 18:27:00+02:00,0.013535
2017-05-30 18:28:00+02:00,0.015217
2017-05-30 18:29:00+02:00,0.014621
2017-05-30 18:30:00+02:00,0.013594
2017-05-30 18:31:00+02:00,0.013595
2017-05-30 18:32:00+02:00,0.014348
2017-05-30 18:33:00+02:00,0.013537
2017-05-30 18:34:00+02:00,0.011818
2017-05-30 18:35:00+02:00,0.008505
2017-05-30 18:36:00+02:00,0.008227
2017-05-30 18:37:00+02:00,0.011578
2017-05-30 18:38:00+02:00,0.012292
2017-05-30 18:39:00+02:00,0.012279
2017-05-30 18:40:00+02:00,0.01272
2017-05-30 18:41:00+02:00,0.012752
2017-05-30 18:42:00+02:00,0.012448
2017-05-30 18:43:00+02:00,0.011579
2017-05-30 18:44:00+02:00,0.011213
2017-05-30 18:45:00+02:00,0.011389
2017-05-30 18:46:00+02:00,0.011362
2017-05-30 18:47:00+02:00,0.011915
2017-05-30 18:48:00+02:00,0.014499
2017-05-30 18:49:00+02:00,0.012441
2017-05-30 18:50:00+02:00,0.011191
2017-05-30 18:51:00+02:00,0.012402
2017-05-30 18:52:00+02:00,0.012745
2017-05-30 18:53:00+02:00,0.010919
2017-05-30 18:54:00+02:00,0.009549
2017-05-30 18:55:00+02:00,0.010545
2017-05-30 18:56:00+02:00,0.012084
2017-05-30 18:57:00+02:00,0.012139
2017-05-30 18:58:00+02:00,0.010919
2017-05-30 18:59:00+02:00,0.013089
2017-05-30 19:00:00+02:00,0.016775
2017-05-30 19:01:00+02:00,0.016549
2017-05-30 19:02:00+02:00,0.014284
2017-05-30 19:03:00+02:00,0.014885
2017-05-30 19:04:00+02:00,0.016029
2017-05-30 19:05:00+02:00,0.01671
2017-05-30 19:06:00+02:00,0.01728
2017-05-30 19:07:00+02:00,0.017019
2017-05-30 19:08:00+02:00,0.017295
2017-05-30 19:09:00+02:00,0.016357
2017-05-30 19:10:00+02:00,0.015231
2017-05-30 19:11:00+02:00,0.015349
2017-05-30 19:12:00+02:00,0.013873
2017-05-30 19:13:00+02:00,0.013203
2017-05-30 19:14:00+02:00,0.012701
2017-05-30 19:15:00+02:00,0.012641
2017-05-30 19:16:00+02:00,0.012044
2017-05-30 19:17:00+02:00,0.013067
2017-05-30 19:18:00+02:00,0.017639
2017-05-30 19:19:00+02:00,0.018648
2017-05-30 19:20:00+02:00,0.018539
2017-05-30 19:21:00+02:00,0.017521
2017-05-30 19:22:00+02:00,0.018071
2017-05-30 19:23:00+02:00,0.016627
2017-05-30 19:24:00+02:00,0.018757
2017-05-30 19:25:00+02:00,0.019763
2017-05-30 19:26:00+02:00,0.018669
2017-05-30 19:27:00+02:00,0.012008
2017-05-30 19:28:00+02:00,0.010606
2017-05-30 19:29:00+02:00,0.011029
2017-05-30 19:30:00+02:00,0.011676
2017-05-30 19:31:00+02:00,0.015024
2017-05-30 19:32:00+02:00,0.015977
2017-05-30 19:33:00+02:00,0.012648
2017-05-30 19:34:00+02:00,0.013042
2017-05-30 19:35:00+02:00,0.013633
2017-05-30 19:36:00+02:00,0.014656
2017-05-30 19:37:00+02:00,0.014576
2017-05-30 19:38:00+02:00,0.014655
2017-05-30 19:39:00+02:00,0.013813
2017-05-30 19:40:00+02:00,0.016419
2017-05-30 19:41:00+02:00,0.016523
2017-05-30 19:42:00+02:00,0.018586
2017-05-30 19:43:00+02:00,0.021962
2017-05-30 19:44:00+02:00,0.023196
2017-05-30 19:45:00+02:00,0.024493
2017-05-30 19:46:00+02:00,0.022664
2017-05-30 19:47:00+02:00,0.022006
2017-05-30 19:48:00+02:00,0.020136
2017-05-30 19:49:00+02:00,0.019462
2017-05-30 19:50:00+02:00,0.020288
2017-05-30 19:51:00+02:00,0.021502
2017-05-30 19:52:00+02:00,0.021836
2017-05-30 19:53:00+02:00,0.022929
2017-05-30 19:54:00+02:00,0.021691
2017-05-30 19:55:00+02:00,0.020015
2017-05-30 19:56:00+02:00,0.018927
2017-05-30 19:57:00+02:00,0.019101
2017-05-30 19:58:00+02:00,0.019934
2017-05-30 19:59:00+02:00,0.018705
2017-05-30 20:00:00+02:00,0.019623
2017-05-30 20:01:00+02:00,0.019011
2017-05-30 20:02:00+02:00,0.018612
2017-05-30 20:03:00+02:00,0.023811
2017-05-30 20:04:00+02:00,0.025896
2017-05-30 20:05:00+02:00,0.02669
2017-05-30 20:06:00+02:00,0.023971
2017-05-30 20:07:00+02:00,0.022718
2017-05-30 20:08:00+02:00,0.023667
2017-05-30 20:09:00+02:00,0.024067
2017-05-30 20:10:00+02:00,0.023164
2017-05-30 20:11:00+02:00,0.022852
2017-05-30 20:12:00+02:00,0.02316
2017-05-30 20:13:00+02:00,0.022989
2017-05-30 20:14:00+02:00,0.022763
2017-05-30 20:15:00+02:00,0.024007
2017-05-30 20:16:00+02:00,0.018919
2017-05-30 20:17:00+02:00,0.016489
2017-05-30 20:18:00+02:00,0.015488
2017-05-30 20:19:00+02:00,0.0138
2017-05-30 20:20:00+02:00,0.01175
2017-05-30 20:21:00+02:00,0.013078
2017-05-30 20:22:00+02:00,0.013183
2017-05-30 20:23:00+02:00,0.012174
2017-05-30 20:24:00+02:00,0.012849
2017-05-30 20:25:00+02:00,0.01431
2017-05-30 20:26:00+02:00,0.015133
2017-05-30 20:27:00+02:00,0.01517
2017-05-30 20:28:00+02:00,0.014061
2017-05-30 20:29:00+02:00,0.01448
2017-05-30 20:30:00+02:00,0.017281
2017-05-30 20:31:00+02:00,0.013637
2017-05-30 20:32:00+02:00,0.01278
2017-05-30 20:33:00+02:00,0.01361
2017-05-30 20:34:00+02:00,0.014623
2017-05-30 20:35:00+02:00,0.015037
2017-05-30 20:36:00+02:00,0.015451
2017-05-30 20:37:00+02:00,0.014939
2017-05-30 20:38:00+02:00,0.012302
2017-05-30 20:39:00+02:00,0.01197
2017-05-30 20:40:00+02:00,0.01194
2017-05-30 20:41:00+02:00,0.011861
2017-05-30 20:42:00+02:00,0.01248
2017-05-30 20:43:00+02:00,0.012754
2017-05-30 20:44:00+02:00,0.012323
2017-05-30 20:45:00+02:00,0.012644
2017-05-30 20:46:00+02:00,0.012018
2017-05-30 20:47:00+02:00,0.011102
2017-05-30 20:48:00+02:00,0.012626
2017-05-30 20:49:00+02:00,0.012688
2017-05-30 20:50:00+02:00,0.012646
2017-05-30 20:51:00+02:00,0.013024
2017-05-30 20:52:00+02:00,0.014418
2017-05-30 20:53:00+02:00,0.014069
2017-05-30 20:54:00+02:00,0.013932
2017-05-30 20:55:00+02:00,0.015049
2017-05-30 20:56:00+02:00,0.016396
2017-05-30 20:57:00+02:00,0.015991
2017-05-30 20:58:00+02:00,0.015391
2017-05-30 20:59:00+02:00,0.015746
2017-05-30 21:00:00+02:00,0.015356
2017-05-30 21:01:00+02:00,0.0159
2017-05-30 21:02:00+02:00,0.014879
2017-05-30 21:03:00+02:00,0.014779
2017-05-30 21:04:00+02:00,0.014178
2017-05-30 21:05:00+02:00,0.014456
2017-05-30 21:06:00+02:00,0.014063
2017-05-30 21:07:00+02:00,0.013562
2017-05-30 21:08:00+02:00,0.013808
2017-05-30 21:09:00+02:00,0.014277
2017-05-30 21:10:00+02:00,0.014378
2017-05-30 21:11:00+02:00,0.01395
2017-05-30 21:12:00+02:00,0.016017
2017-05-30 21:13:00+02:00,0.017881
2017-05-30 21:14:00+02:00,0.019712
2017-05-30 21:15:00+02:00,0.021971
2017-05-30 21:16:00+02:00,0.022116
2017-05-30 21:17:00+02:00,0.021701
2017-05-30 21:18:00+02:00,0.021847
2017-05-30 21:19:00+02:00,0.022224
2017-05-30 21:20:00+02:00,0.022494
2017-05-30 21:21:00+02:00,0.02414
2017-05-30 21:22:00+02:00,0.021947
2017-05-30 21:23:00+02:00,0.019836
2017-05-30 21:24:00+02:00,0.015903
2017-05-30 21:25:00+02:00,0.014065
2017-05-30 21:26:00+02:00,0.01444
2017-05-30 21:27:00+02:00,0.01428
2017-05-30 21:28:00+02:00,0.014557
2017-05-30 21:29:00+02:00,0.016818
2017-05-30 21:30:00+02:00,0.018705
2017-05-30 21:31:00+02:00,0.018642
2017-05-30 21:32:00+02:00,0.019602
2017-05-30 21:33:00+02:00,0.021044
2017-05-30 21:34:00+02:00,0.022243
2017-05-30 21:35:00+02:00,0.02058
2017-05-30 21:36:00+02:00,0.018822
2017-05-30 21:37:00+02:00,0.019314
2017-05-30 21:38:00+02:00,0.020606
2017-05-30 21:39:00+02:00,0.021081
2017-05-30 21:40:00+02:00,0.020736
2017-05-30 21:41:00+02:00,0.018798
2017-05-30 21:42:00+02:00,0.018526
2017-05-30 21:43:00+02:00,0.018219
2017-05-30 21:44:00+02:00,0.018324
2017-05-30 21:45:00+02:00,0.019958
2017-05-30 21:46:00+02:00,0.019707
2017-05-30 21:47:00+02:00,0.020367
2017-05-30 21:48:00+02:00,0.018452
2017-05-30 21:49:00+02:00,0.017547
2017-05-30 21:50:00+02:00,0.018055
2017-05-30 21:51:00+02:00,0.019009
2017-05-30 21:52:00+02:00,0.020664
2017-05-30 21:53:00+02:00,0.021253
2017-05-30 21:54:00+02:00,0.022421
2017-05-30 21:55:00+02:00,0.022916
2017-05-30 21:56:00+02:00,0.02149
2017-05-30 21:57:00+02:00,0.022411
2017-05-30 21:58:00+02:00,0.021966
2017-05-30 21:59:00+02:00,0.02132
2017-05-30 22:00:00+02:00,0.023437
2017-05-30 22:01:00+02:00,0.023325
2017-05-30 22:02:00+02:00,0.024957
2017-05-30 22:03:00+02:00,0.025138
2017-05-30 22:04:00+02:00,0.026996
2017-05-30 22:05:00+02:00,0.02676
2017-05-30 22:06:00+02:00,0.025999
2017-05-30 22:07:00+02:00,0.024002
2017-05-30 22:08:00+02:00,0.021779
2017-05-30 22:09:00+02:00,0.021043
2017-05-30 22:10:00+02:00,0.018984
2017-05-30 22:11:00+02:00,0.016815
2017-05-30 22:12:00+02:00,0.015484
2017-05-30 22:13:00+02:00,0.015232
2017-05-30 22:14:00+02:00,0.015106
2017-05-30 22:15:00+02:00,0.015059
2017-05-30 22:16:00+02:00,0.013571
2017-05-30 22:17:00+02:00,0.010265
2017-05-30 22:18:00+02:00,0.01007
2017-05-30 22:19:00+02:00,0.01011
2017-05-30 22:20:00+02:00,0.010126
2017-05-30 22:21:00+02:00,0.009048
2017-05-30 22:22:00+02:00,0.009399
2017-05-30 22:23:00+02:00,0.009183
2017-05-30 22:24:00+02:00,0.009927
2017-05-30 22:25:00+02:00,0.012092
2017-05-30 22:26:00+02:00,0.010722
2017-05-30 22:27:00+02:00,0.009556
2017-05-30 22:28:00+02:00,0.00933
2017-05-30 22:29:00+02:00,0.008894
2017-05-30 22:30:00+02:00,0.009913
2017-05-30 22:31:00+02:00,0.012088
2017-05-30 22:32:00+02:00,0.013907
2017-05-30 22:33:00+02:00,0.014636
2017-05-30 22:34:00+02:00,0.014248
2017-05-30 22:35:00+02:00,0.015144
2017-05-30 22:36:00+02:00,0.014645
2017-05-30 22:37:00+02:00,0.013841
2017-05-30 22:38:00+02:00,0.018166
2017-05-30 22:39:00+02:00,0.019614
2017-05-30 22:40:00+02:00,0.02138
2017-05-30 22:41:00+02:00,0.022769
2017-05-30 22:42:00+02:00,0.021972
2017-05-30 22:43:00+02:00,0.02157
2017-05-30 22:44:00+02:00,0.013938
2017-05-30 22:45:00+02:00,0.013797
2017-05-30 22:46:00+02:00,0.013963
2017-05-30 22:47:00+02:00,0.014809
2017-05-30 22:48:00+02:00,0.013759
2017-05-30 22:49:00+02:00,0.013443
2017-05-30 22:50:00+02:00,0.015601
2017-05-30 22:51:00+02:00,0.015301
2017-05-30 22:52:00+02:00,0.015073
2017-05-30 22:53:00+02:00,0.015552
2017-05-30 22:54:00+02:00,0.013957
2017-05-30 22:55:00+02:00,0.012416
2017-05-30 22:56:00+02:00,0.012442
2017-05-30 22:57:00+02:00,0.011011
2017-05-30 22:58:00+02:00,0.009321
2017-05-30 22:59:00+02:00,0.008815
2017-05-30 23:00:00+02:00,0.009928
2017-05-30 23:01:00+02:00,0.011455
2017-05-30 23:02:00+02:00,0.011857
2017-05-30 23:03:00+02:00,0.011911
2017-05-30 23:04:00+02:00,0.011711
2017-05-30 23:05:00+02:00,0.009792
2017-05-30 23:06:00+02:00,0.012511
2017-05-30 23:07:00+02:00,0.00961
2017-05-30 23:08:00+02:00,0.008923
2017-05-30 23:09:00+02:00,0.008397
2017-05-30 23:10:00+02:00,0.007925
2017-05-30 23:11:00+02:00,0.007255
2017-05-30 23:12:00+02:00,0.006296
2017-05-30 23:13:00+02:00,0.006236
2017-05-30 23:14:00+02:00,0.00592
2017-05-30 23:15:00+02:00,0.005728
2017-05-30 23:16:00+02:00,0.006313
2017-05-30 23:17:00+02:00,0.005352
2017-05-30 23:18:00+02:00,0.006506
2017-05-30 23:19:00+02:00,0.004869
2017-05-30 23:20:00+02:00,0.004975
2017-05-30 23:21:00+02:00,0.004362
2017-05-30 23:22:00+02:00,0.004978
2017-05-30 23:23:00+02:00,0.004975
2017-05-30 23:24:00+02:00,0.007264
2017-05-30 23:25:00+02:00,0.00844
2017-05-30 23:26:00+02:00,0.008761
2017-05-30 23:27:00+02:00,0.009637
2017-05-30 23:28:00+02:00,0.008636
2017-05-30 23:29:00+02:00,0.009023
2017-05-30 23:30:00+02:00,0.010122
2017-05-30 23:31:00+02:00,0.010818
2017-05-30 23:32:00+02:00,0.010336
2017-05-30 23:33:00+02:00,0.010656
2017-05-30 23:34:00+02:00,0.01131
2017-05-30 23:35:00+02:00,0.010347
2017-05-30 23:36:00+02:00,0.010659
2017-05-30 23:37:00+02:00,0.011336
2017-05-30 23:38:00+02:00,0.010098
2017-05-30 23:39:00+02:00,0.010608
2017-05-30 23:40:00+02:00,0.010995
2017-05-30 23:41:00+02:00,0.008544
2017-05-30 23:42:00+02:00,0.01047
2017-05-30 23:43:00+02:00,0.012506
2017-05-30 23:44:00+02:00,0.011408
2017-05-30 23:45:00+02:00,0.010908
2017-05-30 23:46:00+02:00,0.009525
2017-05-30 23:47:00+02:00,0.008945
2017-05-30 23:48:00+02:00,0.009681
2017-05-30 23:49:00+02:00,0.009964
2017-05-30 23:50:00+02:00,0.009336
2017-05-30 23:51:00+02:00,0.00892
2017-05-30 23:52:00+02:00,0.008673
2017-05-30 23:53:00+02:00,0.007897
2017-05-30 23:54:00+02:00,0.0078
2017-05-30 23:55:00+02:00,0.009234
2017-05-30 23:56:00+02:00,0.009971
2017-05-30 23:57:00+02:00,0.010802
2017-05-30 23:58:00+02:00,0.007329
2017-05-30 23:59:00+02:00,0.007213
2017-05-31 00:00:00+02:00,0.007142
2017-05-31 00:01:00+02:00,0.006306
2017-05-31 00:02:00+02:00,0.006529
2017-05-31 00:03:00+02:00,0.005441
2017-05-31 00:04:00+02:00,0.006226
2017-05-31 00:05:00+02:00,0.00822
2017-05-31 00:06:00+02:00,0.008874
2017-05-31 00:07:00+02:00,0.007142
2017-05-31 00:08:00+02:00,0.007986
2017-05-31 00:09:00+02:00,0.010255
2017-05-31 00:10:00+02:00,0.007511
2017-05-31 00:11:00+02:00,0.007484
2017-05-31 00:12:00+02:00,0.008858
2017-05-31 00:13:00+02:00,0.008798
2017-05-31 00:14:00+02:00,0.009262
2017-05-31 00:15:00+02:00,0.010925
2017-05-31 00:16:00+02:00,0.010106
2017-05-31 00:17:00+02:00,0.00883
2017-05-31 00:18:00+02:00,0.009565
2017-05-31 00:19:00+02:00,0.009825
2017-05-31 00:20:00+02:00,0.010499
2017-05-31 00:21:00+02:00,0.010651
2017-05-31 00:22:00+02:00,0.00976
2017-05-31 00:23:00+02:00,0.008921
2017-05-31 00:24:00+02:00,0.008833
2017-05-31 00:25:00+02:00,0.008337
2017-05-31 00:26:00+02:00,0.008194
2017-05-31 00:27:00+02:00,0.009651
2017-05-31 00:28:00+02:00,0.006138
2017-05-31 00:29:00+02:00,0.003209
2017-05-31 00:30:00+02:00,0.001449
2017-05-31 00:31:00+02:00,0.003098
2017-05-31 00:32:00+02:00,0.005007
2017-05-31 00:33:00+02:00,0.006137
2017-05-31 00:34:00+02:00,0.007043
2017-05-31 00:35:00+02:00,0.005604
2017-05-31 00:36:00+02:00,0.006117
2017-05-31 00:37:00+02:00,0.006315
2017-05-31 00:38:00+02:00,0.006237
2017-05-31 00:39:00+02:00,0.005989
2017-05-31 00:40:00+02:00,0.005974
2017-05-31 00:41:00+02:00,0.005725
2017-05-31 00:42:00+02:00,0.006926
2017-05-31 00:43:00+02:00,0.007305
2017-05-31 00:44:00+02:00,0.006603
2017-05-31 00:45:00+02:00,0.006275
2017-05-31 00:46:00+02:00,0.00448
2017-05-31 00:47:00+02:00,0.003936
2017-05-31 00:48:00+02:00,0.004231
2017-05-31 00:49:00+02:00,0.004695
2017-05-31 00:50:00+02:00,0.004901
2017-05-31 00:51:00+02:00,0.00451
2017-05-31 00:52:00+02:00,0.004373
2017-05-31 00:53:00+02:00,0.004301
2017-05-31 00:54:00+02:00,0.003741
2017-05-31 00:55:00+02:00,0.004673
2017-05-31 00:56:00+02:00,0.00641
2017-05-31 00:57:00+02:00,0.00522
2017-05-31 00:58:00+02:00,0.006045
2017-05-31 00:59:00+02:00,0.006068
2017-05-31 01:00:00+02:00,0.005413
2017-05-31 01:01:00+02:00,0.003308
2017-05-31 01:02:00+02:00,0.002826
2017-05-31 01:03:00+02:00,0.003959
2017-05-31 01:04:00+02:00,0.003602
2017-05-31 01:05:00+02:00,0.0038
2017-05-31 01:06:00+02:00,0.004296
2017-05-31 01:07:00+02:00,0.00431
2017-05-31 01:08:00+02:00,0.004184
2017-05-31 01:09:00+02:00,0.003536
2017-05-31 01:10:00+02:00,0.003947
2017-05-31 01:11:00+02:00,0.003718
2017-05-31 01:12:00+02:00,0.003831
2017-05-31 01:13:00+02:00,0.004226
2017-05-31 01:14:00+02:00,0.003709
2017-05-31 01:15:00+02:00,0.003454
2017-05-31 01:16:00+02:00,0.003222
2017-05-31 01:17:00+02:00,0.002501
2017-05-31 01:18:00+02:00,0.002728
2017-05-31 01:19:00+02:00,0.002871
2017-05-31 01:20:00+02:00,0.003458
2017-05-31 01:21:00+02:00,0.004083
2017-05-31 01:22:00+02:00,0.003848
2017-05-31 01:23:00+02:00,0.003226
2017-05-31 01:24:00+02:00,0.003535
2017-05-31 01:25:00+02:00,0.003532
2017-05-31 01:26:00+02:00,0.003277
2017-05-31 01:27:00+02:00,0.002957
2017-05-31 01:28:00+02:00,0.002314
2017-05-31 01:29:00+02:00,0.002157
2017-05-31 01:30:00+02:00,0.001572
2017-05-31 01:31:00+02:00,0.001525
2017-05-31 01:32:00+02:00,0.001541
2017-05-31 01:33:00+02:00,0.001436
2017-05-31 01:34:00+02:00,0.001944
2017-05-31 01:35:00+02:00,0.001997
2017-05-31 01:36:00+02:00,0.000689
2017-05-31 01:37:00+02:00,0.000682
2017-05-31 01:38:00+02:00,0.000413
2017-05-31 01:39:00+02:00,-0.000478
2017-05-31 01:40:00+02:00,0.000518
2017-05-31 01:41:00+02:00,0.001226
2017-05-31 01:42:00+02:00,0.001852
2017-05-31 01:43:00+02:00,0.001762
2017-05-31 01:44:00+02:00,0.002069
2017-05-31 01:45:00+02:00,0.002674
2017-05-31 01:46:00+02:00,0.00329
2017-05-31 01:47:00+02:00,0.00427
2017-05-31 01:48:00+02:00,0.004067
2017-05-31 01:49:00+02:00,0.003701
2017-05-31 01:50:00+02:00,0.003973
2017-05-31 01:51:00+02:00,0.002314
2017-05-31 01:52:00+02:00,0.001957
2017-05-31 01:53:00+02:00,0.001238
2017-05-31 01:54:00+02:00,0.001681
2017-05-31 01:55:00+02:00,0.002489
2017-05-31 01:56:00+02:00,0.001954
2017-05-31 01:57:00+02:00,0.001631
2017-05-31 01:58:00+02:00,0.000578
2017-05-31 01:59:00+02:00,0.001664
2017-05-31 02:00:00+02:00,0.002369
2017-05-31 02:01:00+02:00,0.002899
2017-05-31 02:02:00+02:00,0.002749
2017-05-31 02:03:00+02:00,0.002665
2017-05-31 02:04:00+02:00,0.002085
2017-05-31 02:05:00+02:00,0.000918
2017-05-31 02:06:00+02:00,0.001412
2017-05-31 02:07:00+02:00,0.001239
2017-05-31 02:08:00+02:00,0.001872
2017-05-31 02:09:00+02:00,0.002173
2017-05-31 02:10:00+02:00,0.002554
2017-05-31 02:11:00+02:00,0.003485
2017-05-31 02:12:00+02:00,0.00351
2017-05-31 02:13:00+02:00,0.003851
2017-05-31 02:14:00+02:00,0.003884
2017-05-31 02:15:00+02:00,0.003949
2017-05-31 02:16:00+02:00,0.003753
2017-05-31 02:17:00+02:00,0.002308
2017-05-31 02:18:00+02:00,0.00107
2017-05-31 02:19:00+02:00,0.001273
2017-05-31 02:20:00+02:00,0.000821
2017-05-31 02:21:00+02:00,-4.7e-05
2017-05-31 02:22:00+02:00,-0.000558
2017-05-31 02:23:00+02:00,-0.000357
2017-05-31 02:24:00+02:00,-0.001034
2017-05-31 02:25:00+02:00,-0.000346
2017-05-31 02:26:00+02:00,-5.6e-05
2017-05-31 02:27:00+02:00,0.000395
2017-05-31 02:28:00+02:00,0.000633
2017-05-31 02:29:00+02:00,0.00075
2017-05-31 02:30:00+02:00,0.000803
2017-05-31 02:31:00+02:00,0.000631
2017-05-31 02:32:00+02:00,0.00095
2017-05-31 02:33:00+02:00,0.001258
2017-05-31 02:34:00+02:00,0.001547
2017-05-31 02:35:00+02:00,0.00112
2017-05-31 02:36:00+02:00,0.001608
2017-05-31 02:37:00+02:00,0.001907
2017-05-31 02:38:00+02:00,0.002458
2017-05-31 02:39:00+02:00,0.002398
2017-05-31 02:40:00+02:00,0.00177
2017-05-31 02:41:00+02:00,0.001678
2017-05-31 02:42:00+02:00,0.001698
2017-05-31 02:43:00+02:00,0.002233
2017-05-31 02:44:00+02:00,0.001511
2017-05-31 02:45:00+02:00,0.001491
2017-05-31 02:46:00+02:00,0.00179
2017-05-31 02:47:00+02:00,0.001785
2017-05-31 02:48:00+02:00,0.002429
2017-05-31 02:49:00+02:00,0.002115
2017-05-31 02:50:00+02:00,0.00275
2017-05-31 02:51:00+02:00,0.002967
2017-05-31 02:52:00+02:00,0.002575
2017-05-31 02:53:00+02:00,0.002532
2017-05-31 02:54:00+02:00,0.001924
2017-05-31 02:55:00+02:00,0.002326
2017-05-31 02:56:00+02:00,0.002785
2017-05-31 02:57:00+02:00,0.003108
2017-05-31 02:58:00+02:00,0.002841
2017-05-31 02:59:00+02:00,0.003103
2017-05-31 03:00:00+02:00,0.003288
2017-05-31 03:01:00+02:00,0.003424
2017-05-31 03:02:00+02:00,0.003286
2017-05-31 03:03:00+02:00,0.002108
2017-05-31 03:04:00+02:00,0.002618
2017-05-31 03:05:00+02:00,0.003279
2017-05-31 03:06:00+02:00,0.003249
2017-05-31 03:07:00+02:00,0.002863
2017-05-31 03:08:00+02:00,0.002685
2017-05-31 03:09:00+02:00,0.00209
2017-05-31 03:10:00+02:00,0.00249
2017-05-31 03:11:00+02:00,0.002243
2017-05-31 03:12:00+02:00,0.004551
2017-05-31 03:13:00+02:00,0.006058
2017-05-31 03:14:00+02:00,0.00622
2017-05-31 03:15:00+02:00,0.006156
2017-05-31 03:16:00+02:00,0.006014
2017-05-31 03:17:00+02:00,0.005194
2017-05-31 03:18:00+02:00,0.003157
2017-05-31 03:19:00+02:00,0.00293
2017-05-31 03:20:00+02:00,0.002849
2017-05-31 03:21:00+02:00,0.003411
2017-05-31 03:22:00+02:00,0.003692
2017-05-31 03:23:00+02:00,0.003785
2017-05-31 03:24:00+02:00,0.003079
2017-05-31 03:25:00+02:00,0.003524
2017-05-31 03:26:00+02:00,0.002863
2017-05-31 03:27:00+02:00,0.002668
2017-05-31 03:28:00+02:00,0.0026
2017-05-31 03:29:00+02:00,0.002185
2017-05-31 03:30:00+02:00,0.001725
2017-05-31 03:31:00+02:00,0.001234
2017-05-31 03:32:00+02:00,0.00113
2017-05-31 03:33:00+02:00,0.000674
2017-05-31 03:34:00+02:00,0.000429
2017-05-31 03:35:00+02:00,0.000368
2017-05-31 03:36:00+02:00,0.000443
2017-05-31 03:37:00+02:00,0.001657
2017-05-31 03:38:00+02:00,0.002698
2017-05-31 03:39:00+02:00,0.001577
2017-05-31 03:40:00+02:00,0.002685
2017-05-31 03:41:00+02:00,0.002788
2017-05-31 03:42:00+02:00,0.001878
2017-05-31 03:43:00+02:00,0.002939
2017-05-31 03:44:00+02:00,0.003383
2017-05-31 03:45:00+02:00,0.002734
2017-05-31 03:46:00+02:00,0.002388
2017-05-31 03:47:00+02:00,0.002294
2017-05-31 03:48:00+02:00,0.002794
2017-05-31 03:49:00+02:00,0.001933
2017-05-31 03:50:00+02:00,0.001611
2017-05-31 03:51:00+02:00,0.002073
2017-05-31 03:52:00+02:00,0.001933
2017-05-31 03:53:00+02:00,0.001678
2017-05-31 03:54:00+02:00,0.001776
2017-05-31 03:55:00+02:00,0.002474
2017-05-31 03:56:00+02:00,-0.000102
2017-05-31 03:57:00+02:00,1.4e-05
2017-05-31 03:58:00+02:00,0.000233
2017-05-31 03:59:00+02:00,0.00093
2017-05-31 04:00:00+02:00,0.00167
2017-05-31 04:01:00+02:00,0.001192
2017-05-31 04:02:00+02:00,0.00152
2017-05-31 04:03:00+02:00,0.001462
2017-05-31 04:04:00+02:00,0.001883
2017-05-31 04:05:00+02:00,0.002133
2017-05-31 04:06:00+02:00,0.002418
2017-05-31 04:07:00+02:00,0.002652
2017-05-31 04:08:00+02:00,0.002565
2017-05-31 04:09:00+02:00,0.002046
2017-05-31 04:10:00+02:00,0.002363
2017-05-31 04:11:00+02:00,0.00309
2017-05-31 04:12:00+02:00,0.003339
2017-05-31 04:13:00+02:00,0.003032
2017-05-31 04:14:00+02:00,0.003098
2017-05-31 04:15:00+02:00,0.002988
2017-05-31 04:16:00+02:00,0.003597
2017-05-31 04:17:00+02:00,0.003427
2017-05-31 04:18:00+02:00,0.003832
2017-05-31 04:19:00+02:00,0.003981
2017-05-31 04:20:00+02:00,0.005721
2017-05-31 04:21:00+02:00,0.005473
2017-05-31 04:22:00+02:00,0.005519
2017-05-31 04:23:00+02:00,0.005984
2017-05-31 04:24:00+02:00,0.00594
2017-05-31 04:25:00+02:00,0.00445
2017-05-31 04:26:00+02:00,0.003738
2017-05-31 04:27:00+02:00,0.004128
2017-05-31 04:28:00+02:00,0.004877
2017-05-31 04:29:00+02:00,0.004992
2017-05-31 04:30:00+02:00,0.003957
2017-05-31 04:31:00+02:00,0.003071
2017-05-31 04:32:00+02:00,0.00266
2017-05-31 04:33:00+02:00,0.003492
2017-05-31 04:34:00+02:00,0.004154
2017-05-31 04:35:00+02:00,0.00392
2017-05-31 04:36:00+02:00,0.004657
2017-05-31 04:37:00+02:00,0.004015
2017-05-31 04:38:00+02:00,0.00378
2017-05-31 04:39:00+02:00,0.004032
2017-05-31 04:40:00+02:00,0.004217
2017-05-31 04:41:00+02:00,0.00438
2017-05-31 04:42:00+02:00,0.00453
2017-05-31 04:43:00+02:00,0.004667
2017-05-31 04:44:00+02:00,0.004175
2017-05-31 04:45:00+02:00,0.004375
2017-05-31 04:46:00+02:00,0.004351
2017-05-31 04:47:00+02:00,0.003491
2017-05-31 04:48:00+02:00,0.003955
2017-05-31 04:49:00+02:00,0.004038
2017-05-31 04:50:00+02:00,0.004249
2017-05-31 04:51:00+02:00,0.004091
2017-05-31 04:52:00+02:00,0.004088
2017-05-31 04:53:00+02:00,0.003848
2017-05-31 04:54:00+02:00,0.00438
2017-05-31 04:55:00+02:00,0.005007
2017-05-31 04:56:00+02:00,0.004761
2017-05-31 04:57:00+02:00,0.004256
2017-05-31 04:58:00+02:00,0.004079
2017-05-31 04:59:00+02:00,0.004378
2017-05-31 05:00:00+02:00,0.004645
2017-05-31 05:01:00+02:00,0.00535
2017-05-31 05:02:00+02:00,0.005967
2017-05-31 05:03:00+02:00,0.005586
2017-05-31 05:04:00+02:00,0.005543
2017-05-31 05:05:00+02:00,0.005121
2017-05-31 05:06:00+02:00,0.005207
2017-05-31 05:07:00+02:00,0.005221
2017-05-31 05:08:00+02:00,0.005362
2017-05-31 05:09:00+02:00,0.005304
2017-05-31 05:10:00+02:00,0.005009
2017-05-31 05:11:00+02:00,0.004193
2017-05-31 05:12:00+02:00,0.005092
2017-05-31 05:13:00+02:00,0.005498
2017-05-31 05:14:00+02:00,0.005271
2017-05-31 05:15:00+02:00,0.005166
2017-05-31 05:16:00+02:00,0.005019
2017-05-31 05:17:00+02:00,0.004393
2017-05-31 05:18:00+02:00,0.00434
2017-05-31 05:19:00+02:00,0.00509
2017-05-31 05:20:00+02:00,0.005847
2017-05-31 05:21:00+02:00,0.006201
2017-05-31 05:22:00+02:00,0.006192
2017-05-31 05:23:00+02:00,0.006092
2017-05-31 05:24:00+02:00,0.006144
2017-05-31 05:25:00+02:00,0.005353
2017-05-31 05:26:00+02:00,0.005659
2017-05-31 05:27:00+02:00,0.005642
2017-05-31 05:28:00+02:00,0.005481
2017-05-31 05:29:00+02:00,0.005382
2017-05-31 05:30:00+02:00,0.005838
2017-05-31 05:31:00+02:00,0.00651
2017-05-31 05:32:00+02:00,0.00592
2017-05-31 05:33:00+02:00,0.006115
2017-05-31 05:34:00+02:00,0.005496
2017-05-31 05:35:00+02:00,0.005815
2017-05-31 05:36:00+02:00,0.005334
2017-05-31 05:37:00+02:00,0.005232
2017-05-31 05:38:00+02:00,0.005573
2017-05-31 05:39:00+02:00,0.005483
2017-05-31 05:40:00+02:00,0.005687
2017-05-31 05:41:00+02:00,0.005903
2017-05-31 05:42:00+02:00,0.005613
2017-05-31 05:43:00+02:00,0.005822
2017-05-31 05:44:00+02:00,0.005762
2017-05-31 05:45:00+02:00,0.006229
2017-05-31 05:46:00+02:00,0.004929
2017-05-31 05:47:00+02:00,0.005502
2017-05-31 05:48:00+02:00,0.005376
2017-05-31 05:49:00+02:00,0.005983
2017-05-31 05:50:00+02:00,0.007174
2017-05-31 05:51:00+02:00,0.006904
2017-05-31 05:52:00+02:00,0.007395
2017-05-31 05:53:00+02:00,0.0083
2017-05-31 05:54:00+02:00,0.008028
2017-05-31 05:55:00+02:00,0.00716
2017-05-31 05:56:00+02:00,0.006918
2017-05-31 05:57:00+02:00,0.006716
2017-05-31 05:58:00+02:00,0.006408
2017-05-31 05:59:00+02:00,0.006348
2017-05-31 06:00:00+02:00,0.005622
2017-05-31 06:01:00+02:00,0.005303
2017-05-31 06:02:00+02:00,0.004985
2017-05-31 06:03:00+02:00,0.004278
2017-05-31 06:04:00+02:00,0.004415
2017-05-31 06:05:00+02:00,0.004162
2017-05-31 06:06:00+02:00,0.004175
2017-05-31 06:07:00+02:00,0.003896
2017-05-31 06:08:00+02:00,0.004004
2017-05-31 06:09:00+02:00,0.004404
2017-05-31 06:10:00+02:00,0.004462
2017-05-31 06:11:00+02:00,0.004976
2017-05-31 06:12:00+02:00,0.005444
2017-05-31 06:13:00+02:00,0.006154
2017-05-31 06:14:00+02:00,0.006712
2017-05-31 06:15:00+02:00,0.006933
2017-05-31 06:16:00+02:00,0.00618
2017-05-31 06:17:00+02:00,0.00555
2017-05-31 06:18:00+02:00,0.005404
2017-05-31 06:19:00+02:00,0.005479
2017-05-31 06:20:00+02:00,0.004885
2017-05-31 06:21:00+02:00,0.004575
2017-05-31 06:22:00+02:00,0.005001
2017-05-31 06:23:00+02:00,0.006221
2017-05-31 06:24:00+02:00,0.005817
2017-05-31 06:25:00+02:00,0.005274
2017-05-31 06:26:00+02:00,0.004779
2017-05-31 06:27:00+02:00,0.005011
2017-05-31 06:28:00+02:00,0.00529
2017-05-31 06:29:00+02:00,0.005558
2017-05-31 06:30:00+02:00,0.005496
2017-05-31 06:31:00+02:00,0.005468
2017-05-31 06:32:00+02:00,0.00587
2017-05-31 06:33:00+02:00,0.006762
2017-05-31 06:34:00+02:00,0.007191
2017-05-31 06:35:00+02:00,0.007245
2017-05-31 06:36:00+02:00,0.006795
2017-05-31 06:37:00+02:00,0.007177
2017-05-31 06:38:00+02:00,0.007774
2017-05-31 06:39:00+02:00,0.00856
2017-05-31 06:40:00+02:00,0.010247
2017-05-31 06:41:00+02:00,0.010098
2017-05-31 06:42:00+02:00,0.009883
2017-05-31 06:43:00+02:00,0.009756
2017-05-31 06:44:00+02:00,0.009886
2017-05-31 06:45:00+02:00,0.010512
2017-05-31 06:46:00+02:00,0.010389
2017-05-31 06:47:00+02:00,0.011641
2017-05-31 06:48:00+02:00,0.010894
2017-05-31 06:49:00+02:00,0.010535
2017-05-31 06:50:00+02:00,0.010926
2017-05-31 06:51:00+02:00,0.010998
2017-05-31 06:52:00+02:00,0.01037
2017-05-31 06:53:00+02:00,0.010684
2017-05-31 06:54:00+02:00,0.01189
2017-05-31 06:55:00+02:00,0.010909
2017-05-31 06:56:00+02:00,0.011375
2017-05-31 06:57:00+02:00,0.01187
2017-05-31 06:58:00+02:00,0.011774
2017-05-31 06:59:00+02:00,0.012265
2017-05-31 07:00:00+02:00,0.013314
2017-05-31 07:01:00+02:00,0.014016
2017-05-31 07:02:00+02:00,0.012852
2017-05-31 07:03:00+02:00,0.014787
2017-05-31 07:04:00+02:00,0.016477
2017-05-31 07:05:00+02:00,0.016851
2017-05-31 07:06:00+02:00,0.016488
2017-05-31 07:07:00+02:00,0.015487
2017-05-31 07:08:00+02:00,0.014855
2017-05-31 07:09:00+02:00,0.015639
2017-05-31 07:10:00+02:00,0.017645
2017-05-31 07:11:00+02:00,0.017909
2017-05-31 07:12:00+02:00,0.015717
2017-05-31 07:13:00+02:00,0.01465
2017-05-31 07:14:00+02:00,0.01368
2017-05-31 07:15:00+02:00,0.013648
2017-05-31 07:16:00+02:00,0.014292
2017-05-31 07:17:00+02:00,0.017541
2017-05-31 07:18:00+02:00,0.020177
2017-05-31 07:19:00+02:00,0.014729
2017-05-31 07:20:00+02:00,0.014606
2017-05-31 07:21:00+02:00,0.015812
2017-05-31 07:22:00+02:00,0.013869
2017-05-31 07:23:00+02:00,0.014002
2017-05-31 07:24:00+02:00,0.01569
2017-05-31 07:25:00+02:00,0.01896
2017-05-31 07:26:00+02:00,0.020766
2017-05-31 07:27:00+02:00,0.014734
2017-05-31 07:28:00+02:00,0.015595
2017-05-31 07:29:00+02:00,0.018189
2017-05-31 07:30:00+02:00,0.020258
2017-05-31 07:31:00+02:00,0.019517
2017-05-31 07:32:00+02:00,0.020836
2017-05-31 07:33:00+02:00,0.024719
2017-05-31 07:34:00+02:00,0.020626
2017-05-31 07:35:00+02:00,0.019425
2017-05-31 07:36:00+02:00,0.023571
2017-05-31 07:37:00+02:00,0.02068
2017-05-31 07:38:00+02:00,0.020557
2017-05-31 07:39:00+02:00,0.020807
2017-05-31 07:40:00+02:00,0.021267
2017-05-31 07:41:00+02:00,0.017143
2017-05-31 07:42:00+02:00,0.017074
2017-05-31 07:43:00+02:00,0.017199
2017-05-31 07:44:00+02:00,0.018581
2017-05-31 07:45:00+02:00,0.024238
2017-05-31 07:46:00+02:00,0.034405
2017-05-31 07:47:00+02:00,0.038371
2017-05-31 07:48:00+02:00,0.025411
2017-05-31 07:49:00+02:00,0.018436
2017-05-31 07:50:00+02:00,0.0153
2017-05-31 07:51:00+02:00,0.016317
2017-05-31 07:52:00+02:00,0.019508
2017-05-31 07:53:00+02:00,0.036263
2017-05-31 07:54:00+02:00,0.035738
2017-05-31 07:55:00+02:00,0.031315
2017-05-31 07:56:00+02:00,0.033129
2017-05-31 07:57:00+02:00,0.041716
2017-05-31 07:58:00+02:00,0.048986
2017-05-31 07:59:00+02:00,0.048728
2017-05-31 08:00:00+02:00,0.054116
2017-05-31 08:01:00+02:00,0.050416
2017-05-31 08:02:00+02:00,0.051871
2017-05-31 08:03:00+02:00,0.047036
2017-05-31 08:04:00+02:00,0.040671
2017-05-31 08:05:00+02:00,0.028291
2017-05-31 08:06:00+02:00,0.025069
2017-05-31 08:07:00+02:00,0.024009
2017-05-31 08:08:00+02:00,0.026914
2017-05-31 08:09:00+02:00,0.023172
2017-05-31 08:10:00+02:00,0.017175
2017-05-31 08:11:00+02:00,0.016431
2017-05-31 08:12:00+02:00,0.016446
2017-05-31 08:13:00+02:00,0.015427
2017-05-31 08:14:00+02:00,0.012225
2017-05-31 08:15:00+02:00,0.011871
2017-05-31 08:16:00+02:00,0.012523
2017-05-31 08:17:00+02:00,0.022074
2017-05-31 08:18:00+02:00,0.043825
2017-05-31 08:19:00+02:00,0.059896
2017-05-31 08:20:00+02:00,0.052342
2017-05-31 08:21:00+02:00,0.043746
2017-05-31 08:22:00+02:00,0.064327
2017-05-31 08:23:00+02:00,0.066263
2017-05-31 08:24:00+02:00,0.042604
2017-05-31 08:25:00+02:00,0.038874
2017-05-31 08:26:00+02:00,0.031855
2017-05-31 08:27:00+02:00,0.028346
2017-05-31 08:28:00+02:00,0.026866
2017-05-31 08:29:00+02:00,0.031384
2017-05-31 08:30:00+02:00,0.028928
2017-05-31 08:31:00+02:00,0.031133
2017-05-31 08:32:00+02:00,0.027389
2017-05-31 08:33:00+02:00,0.024432
2017-05-31 08:34:00+02:00,0.024516
2017-05-31 08:35:00+02:00,0.022197
2017-05-31 08:36:00+02:00,0.02565
2017-05-31 08:37:00+02:00,0.045167
2017-05-31 08:38:00+02:00,0.032437
2017-05-31 08:39:00+02:00,0.025587
2017-05-31 08:40:00+02:00,0.054019
2017-05-31 08:41:00+02:00,0.06205
2017-05-31 08:42:00+02:00,0.048447
2017-05-31 08:43:00+02:00,0.038473
2017-05-31 08:44:00+02:00,0.064475
2017-05-31 08:45:00+02:00,0.080106
2017-05-31 08:46:00+02:00,0.09308
2017-05-31 08:47:00+02:00,0.09667
2017-05-31 08:48:00+02:00,0.101425
2017-05-31 08:49:00+02:00,0.10796
2017-05-31 08:50:00+02:00,0.114961
2017-05-31 08:51:00+02:00,0.096996
2017-05-31 08:52:00+02:00,0.101031
2017-05-31 08:53:00+02:00,0.098601
2017-05-31 08:54:00+02:00,0.102577
2017-05-31 08:55:00+02:00,0.108371
2017-05-31 08:56:00+02:00,0.088794
2017-05-31 08:57:00+02:00,0.097429
2017-05-31 08:58:00+02:00,0.097025
2017-05-31 08:59:00+02:00,0.095986
2017-05-31 09:00:00+02:00,0.106221
2017-05-31 09:01:00+02:00,0.100611
2017-05-31 09:02:00+02:00,0.105191
2017-05-31 09:03:00+02:00,0.109477
2017-05-31 09:04:00+02:00,0.116313
2017-05-31 09:05:00+02:00,0.094541
2017-05-31 09:06:00+02:00,0.080386
2017-05-31 09:07:00+02:00,0.074885
2017-05-31 09:08:00+02:00,0.068395
2017-05-31 09:09:00+02:00,0.071195
2017-05-31 09:10:00+02:00,0.042928
2017-05-31 09:11:00+02:00,0.033587
2017-05-31 09:12:00+02:00,0.024677
2017-05-31 09:13:00+02:00,0.02325
2017-05-31 09:14:00+02:00,0.018395
2017-05-31 09:15:00+02:00,0.015934
2017-05-31 09:16:00+02:00,0.015465
2017-05-31 09:17:00+02:00,0.014715
2017-05-31 09:18:00+02:00,0.014782
2017-05-31 09:19:00+02:00,0.013106
2017-05-31 09:20:00+02:00,0.014507
2017-05-31 09:21:00+02:00,0.017112
2017-05-31 09:22:00+02:00,0.015721
2017-05-31 09:23:00+02:00,0.011127
2017-05-31 09:24:00+02:00,0.009724
2017-05-31 09:25:00+02:00,0.012088
2017-05-31 09:26:00+02:00,0.013382
2017-05-31 09:27:00+02:00,0.017223
2017-05-31 09:28:00+02:00,0.021895
2017-05-31 09:29:00+02:00,0.038712
2017-05-31 09:30:00+02:00,0.059667
2017-05-31 09:31:00+02:00,0.045567
2017-05-31 09:32:00+02:00,0.027976
2017-05-31 09:33:00+02:00,0.023468
2017-05-31 09:34:00+02:00,0.020857
2017-05-31 09:35:00+02:00,0.018612
2017-05-31 09:36:00+02:00,0.018677
2017-05-31 09:37:00+02:00,0.018931
2017-05-31 09:38:00+02:00,0.020184
2017-05-31 09:39:00+02:00,0.0548
2017-05-31 09:40:00+02:00,0.080348
2017-05-31 09:41:00+02:00,0.113951
2017-05-31 09:42:00+02:00,0.112388
2017-05-31 09:43:00+02:00,0.098224
2017-05-31 09:44:00+02:00,0.124619
2017-05-31 09:45:00+02:00,0.10747
2017-05-31 09:46:00+02:00,0.102817
2017-05-31 09:47:00+02:00,0.103975
2017-05-31 09:48:00+02:00,0.095183
2017-05-31 09:49:00+02:00,0.123884
2017-05-31 09:50:00+02:00,0.10766
2017-05-31 09:51:00+02:00,0.121185
2017-05-31 09:52:00+02:00,0.10381
2017-05-31 09:53:00+02:00,0.082615
2017-05-31 09:54:00+02:00,0.068287
2017-05-31 09:55:00+02:00,0.059405
2017-05-31 09:56:00+02:00,0.046315
2017-05-31 09:57:00+02:00,0.068887
2017-05-31 09:58:00+02:00,0.079705
2017-05-31 09:59:00+02:00,0.098969
2017-05-31 10:00:00+02:00,0.111177
2017-05-31 10:01:00+02:00,0.128068
2017-05-31 10:02:00+02:00,0.116466
2017-05-31 10:03:00+02:00,0.13196
2017-05-31 10:04:00+02:00,0.139132
2017-05-31 10:05:00+02:00,0.134957
2017-05-31 10:06:00+02:00,0.141392
2017-05-31 10:07:00+02:00,0.121817
2017-05-31 10:08:00+02:00,0.102824
2017-05-31 10:09:00+02:00,0.137797
2017-05-31 10:10:00+02:00,0.109852
2017-05-31 10:11:00+02:00,0.103715
2017-05-31 10:12:00+02:00,0.07564
2017-05-31 10:13:00+02:00,0.071764
2017-05-31 10:14:00+02:00,0.075725
2017-05-31 10:15:00+02:00,0.072318
2017-05-31 10:16:00+02:00,0.074933
2017-05-31 10:17:00+02:00,0.103818
2017-05-31 10:18:00+02:00,0.089586
2017-05-31 10:19:00+02:00,0.078319
2017-05-31 10:20:00+02:00,0.082189
2017-05-31 10:21:00+02:00,0.103825
2017-05-31 10:22:00+02:00,0.112901
2017-05-31 10:23:00+02:00,0.126483
2017-05-31 10:24:00+02:00,0.140631
2017-05-31 10:25:00+02:00,0.134796
2017-05-31 10:26:00+02:00,0.120049
2017-05-31 10:27:00+02:00,0.124745
2017-05-31 10:28:00+02:00,0.121467
2017-05-31 10:29:00+02:00,0.130435
2017-05-31 10:30:00+02:00,0.116172
2017-05-31 10:31:00+02:00,0.124608
2017-05-31 10:32:00+02:00,0.12162
2017-05-31 10:33:00+02:00,0.112997
2017-05-31 10:34:00+02:00,0.104238
2017-05-31 10:35:00+02:00,0.11627
2017-05-31 10:36:00+02:00,0.125367
2017-05-31 10:37:00+02:00,0.129257
2017-05-31 10:38:00+02:00,0.130345
2017-05-31 10:39:00+02:00,0.1332
2017-05-31 10:40:00+02:00,0.133376
2017-05-31 10:41:00+02:00,0.133233
2017-05-31 10:42:00+02:00,0.133393
2017-05-31 10:43:00+02:00,0.133841
2017-05-31 10:44:00+02:00,0.133056
2017-05-31 10:45:00+02:00,0.168631
2017-05-31 10:46:00+02:00,0.146083
2017-05-31 10:47:00+02:00,0.128415
2017-05-31 10:48:00+02:00,0.094188
2017-05-31 10:49:00+02:00,0.076872
2017-05-31 10:50:00+02:00,0.062632
2017-05-31 10:51:00+02:00,0.073746
2017-05-31 10:52:00+02:00,0.101806
2017-05-31 10:53:00+02:00,0.119273
2017-05-31 10:54:00+02:00,0.131508
2017-05-31 10:55:00+02:00,0.150701
2017-05-31 10:56:00+02:00,0.139134
2017-05-31 10:57:00+02:00,0.147645
2017-05-31 10:58:00+02:00,0.136489
2017-05-31 10:59:00+02:00,0.107075
2017-05-31 11:00:00+02:00,0.086626
2017-05-31 11:01:00+02:00,0.069715
2017-05-31 11:02:00+02:00,0.056857
2017-05-31 11:03:00+02:00,0.04746
2017-05-31 11:04:00+02:00,0.042502
2017-05-31 11:05:00+02:00,0.037994
2017-05-31 11:06:00+02:00,0.033714
2017-05-31 11:07:00+02:00,0.058893
2017-05-31 11:08:00+02:00,0.076152
2017-05-31 11:09:00+02:00,0.103385
2017-05-31 11:10:00+02:00,0.119614
2017-05-31 11:11:00+02:00,0.130464
2017-05-31 11:12:00+02:00,0.134745
2017-05-31 11:13:00+02:00,0.165803
2017-05-31 11:14:00+02:00,0.176714
2017-05-31 11:15:00+02:00,0.142446
2017-05-31 11:16:00+02:00,0.104718
2017-05-31 11:17:00+02:00,0.134318
2017-05-31 11:18:00+02:00,0.108711
2017-05-31 11:19:00+02:00,0.090721
2017-05-31 11:20:00+02:00,0.089017
2017-05-31 11:21:00+02:00,0.081737
2017-05-31 11:22:00+02:00,0.055501
2017-05-31 11:23:00+02:00,0.045656
2017-05-31 11:24:00+02:00,0.039191
2017-05-31 11:25:00+02:00,0.033774
2017-05-31 11:26:00+02:00,0.062637
2017-05-31 11:27:00+02:00,0.082444
2017-05-31 11:28:00+02:00,0.114893
2017-05-31 11:29:00+02:00,0.11101
2017-05-31 11:30:00+02:00,0.125308
2017-05-31 11:31:00+02:00,0.13501
2017-05-31 11:32:00+02:00,0.138255
2017-05-31 11:33:00+02:00,0.14372
2017-05-31 11:34:00+02:00,0.151079
2017-05-31 11:35:00+02:00,0.191391
2017-05-31 11:36:00+02:00,0.137333
2017-05-31 11:37:00+02:00,0.116736
2017-05-31 11:38:00+02:00,0.111014
2017-05-31 11:39:00+02:00,0.129293
2017-05-31 11:40:00+02:00,0.095413
2017-05-31 11:41:00+02:00,0.072077
2017-05-31 11:42:00+02:00,0.077406
2017-05-31 11:43:00+02:00,0.098832
2017-05-31 11:44:00+02:00,0.102994
2017-05-31 11:45:00+02:00,0.122934
2017-05-31 11:46:00+02:00,0.137524
2017-05-31 11:47:00+02:00,0.146226
2017-05-31 11:48:00+02:00,0.151343
2017-05-31 11:49:00+02:00,0.149777
2017-05-31 11:50:00+02:00,0.158307
2017-05-31 11:51:00+02:00,0.208099
2017-05-31 11:52:00+02:00,0.112095
2017-05-31 11:53:00+02:00,0.09013
2017-05-31 11:54:00+02:00,0.074136
2017-05-31 11:55:00+02:00,0.089117
2017-05-31 11:56:00+02:00,0.094977
2017-05-31 11:57:00+02:00,0.114427
2017-05-31 11:58:00+02:00,0.125271
2017-05-31 11:59:00+02:00,0.131758
2017-05-31 12:00:00+02:00,0.179154
2017-05-31 12:01:00+02:00,0.144655
2017-05-31 12:02:00+02:00,0.103827
2017-05-31 12:03:00+02:00,0.138229
2017-05-31 12:04:00+02:00,0.121086
2017-05-31 12:05:00+02:00,0.091648
2017-05-31 12:06:00+02:00,0.087412
2017-05-31 12:07:00+02:00,0.106113
2017-05-31 12:08:00+02:00,0.120362
2017-05-31 12:09:00+02:00,0.134802
2017-05-31 12:10:00+02:00,0.138266
2017-05-31 12:11:00+02:00,0.165622
2017-05-31 12:12:00+02:00,0.13291
2017-05-31 12:13:00+02:00,0.128681
2017-05-31 12:14:00+02:00,0.097948
2017-05-31 12:15:00+02:00,0.079874
2017-05-31 12:16:00+02:00,0.076696
2017-05-31 12:17:00+02:00,0.109293
2017-05-31 12:18:00+02:00,0.122279
2017-05-31 12:19:00+02:00,0.125155
2017-05-31 12:20:00+02:00,0.122651
2017-05-31 12:21:00+02:00,0.13301
2017-05-31 12:22:00+02:00,0.14941
2017-05-31 12:23:00+02:00,0.135622
2017-05-31 12:24:00+02:00,0.11485
2017-05-31 12:25:00+02:00,0.123197
2017-05-31 12:26:00+02:00,0.102255
2017-05-31 12:27:00+02:00,0.10142
2017-05-31 12:28:00+02:00,0.145251
2017-05-31 12:29:00+02:00,0.119667
2017-05-31 12:30:00+02:00,0.11215
2017-05-31 12:31:00+02:00,0.129944
2017-05-31 12:32:00+02:00,0.141185
2017-05-31 12:33:00+02:00,0.156584
2017-05-31 12:34:00+02:00,0.166899
2017-05-31 12:35:00+02:00,0.170245
2017-05-31 12:36:00+02:00,0.113049
2017-05-31 12:37:00+02:00,0.151325
2017-05-31 12:38:00+02:00,0.148838
2017-05-31 12:39:00+02:00,0.106165
2017-05-31 12:40:00+02:00,0.115655
2017-05-31 12:41:00+02:00,0.126608
2017-05-31 12:42:00+02:00,0.175023
2017-05-31 12:43:00+02:00,0.125866
2017-05-31 12:44:00+02:00,0.13323
2017-05-31 12:45:00+02:00,0.142507
2017-05-31 12:46:00+02:00,0.113792
2017-05-31 12:47:00+02:00,0.09649
2017-05-31 12:48:00+02:00,0.098962
2017-05-31 12:49:00+02:00,0.098587
2017-05-31 12:50:00+02:00,0.0913
2017-05-31 12:51:00+02:00,0.079921
2017-05-31 12:52:00+02:00,0.06586
2017-05-31 12:53:00+02:00,0.056862
2017-05-31 12:54:00+02:00,0.046988
2017-05-31 12:55:00+02:00,0.040619
2017-05-31 12:56:00+02:00,0.060487
2017-05-31 12:57:00+02:00,0.08335
2017-05-31 12:58:00+02:00,0.107829
2017-05-31 12:59:00+02:00,0.127208
2017-05-31 13:00:00+02:00,0.144516
2017-05-31 13:01:00+02:00,0.152446
2017-05-31 13:02:00+02:00,0.192435
2017-05-31 13:03:00+02:00,0.139379
2017-05-31 13:04:00+02:00,0.125188
2017-05-31 13:05:00+02:00,0.096779
2017-05-31 13:06:00+02:00,0.085727
2017-05-31 13:07:00+02:00,0.079032
2017-05-31 13:08:00+02:00,0.114899
2017-05-31 13:09:00+02:00,0.113479
2017-05-31 13:10:00+02:00,0.12541
2017-05-31 13:11:00+02:00,0.138098
2017-05-31 13:12:00+02:00,0.143861
2017-05-31 13:13:00+02:00,0.145016
2017-05-31 13:14:00+02:00,0.140439
2017-05-31 13:15:00+02:00,0.141114
2017-05-31 13:16:00+02:00,0.140273
2017-05-31 13:17:00+02:00,0.140708
2017-05-31 13:18:00+02:00,0.142767
2017-05-31 13:19:00+02:00,0.143503
2017-05-31 13:20:00+02:00,0.144895
2017-05-31 13:21:00+02:00,0.144011
2017-05-31 13:22:00+02:00,0.143628
2017-05-31 13:23:00+02:00,0.143729
2017-05-31 13:24:00+02:00,0.14346
2017-05-31 13:25:00+02:00,0.144866
2017-05-31 13:26:00+02:00,0.144493
2017-05-31 13:27:00+02:00,0.144182
2017-05-31 13:28:00+02:00,0.142078
2017-05-31 13:29:00+02:00,0.142736
2017-05-31 13:30:00+02:00,0.146192
2017-05-31 13:31:00+02:00,0.148243
2017-05-31 13:32:00+02:00,0.147564
2017-05-31 13:33:00+02:00,0.146629
2017-05-31 13:34:00+02:00,0.150101
2017-05-31 13:35:00+02:00,0.146637
2017-05-31 13:36:00+02:00,0.141587
2017-05-31 13:37:00+02:00,0.14475
2017-05-31 13:38:00+02:00,0.172412
2017-05-31 13:39:00+02:00,0.156463
2017-05-31 13:40:00+02:00,0.120816
2017-05-31 13:41:00+02:00,0.133871
2017-05-31 13:42:00+02:00,0.141141
2017-05-31 13:43:00+02:00,0.144412
2017-05-31 13:44:00+02:00,0.147539
2017-05-31 13:45:00+02:00,0.178782
2017-05-31 13:46:00+02:00,0.170451
2017-05-31 13:47:00+02:00,0.126303
2017-05-31 13:48:00+02:00,0.134314
2017-05-31 13:49:00+02:00,0.113095
2017-05-31 13:50:00+02:00,0.15119
2017-05-31 13:51:00+02:00,0.112174
2017-05-31 13:52:00+02:00,0.117526
2017-05-31 13:53:00+02:00,0.132818
2017-05-31 13:54:00+02:00,0.139517
2017-05-31 13:55:00+02:00,0.16647
2017-05-31 13:56:00+02:00,0.112173
2017-05-31 13:57:00+02:00,0.13478
2017-05-31 13:58:00+02:00,0.121785
2017-05-31 13:59:00+02:00,0.13186
2017-05-31 14:00:00+02:00,0.175033
2017-05-31 14:01:00+02:00,0.119548
2017-05-31 14:02:00+02:00,0.124187
2017-05-31 14:03:00+02:00,0.119994
2017-05-31 14:04:00+02:00,0.08309
2017-05-31 14:05:00+02:00,0.067924
2017-05-31 14:06:00+02:00,0.054442
2017-05-31 14:07:00+02:00,0.04362
2017-05-31 14:08:00+02:00,0.038204
2017-05-31 14:09:00+02:00,0.037937
2017-05-31 14:10:00+02:00,0.030053
2017-05-31 14:11:00+02:00,0.038366
2017-05-31 14:12:00+02:00,0.058425
2017-05-31 14:13:00+02:00,0.07555
2017-05-31 14:14:00+02:00,0.104999
2017-05-31 14:15:00+02:00,0.12302
2017-05-31 14:16:00+02:00,0.131775
2017-05-31 14:17:00+02:00,0.154636
2017-05-31 14:18:00+02:00,0.125438
2017-05-31 14:19:00+02:00,0.130205
2017-05-31 14:20:00+02:00,0.135163
2017-05-31 14:21:00+02:00,0.13918
2017-05-31 14:22:00+02:00,0.142168
2017-05-31 14:23:00+02:00,0.178872
2017-05-31 14:24:00+02:00,0.096648
2017-05-31 14:25:00+02:00,0.092258
2017-05-31 14:26:00+02:00,0.081593
2017-05-31 14:27:00+02:00,0.066945
2017-05-31 14:28:00+02:00,0.063601
2017-05-31 14:29:00+02:00,0.076737
2017-05-31 14:30:00+02:00,0.077183
2017-05-31 14:31:00+02:00,0.106418
2017-05-31 14:32:00+02:00,0.121873
2017-05-31 14:33:00+02:00,0.13011
2017-05-31 14:34:00+02:00,0.135276
2017-05-31 14:35:00+02:00,0.139262
2017-05-31 14:36:00+02:00,0.139138
2017-05-31 14:37:00+02:00,0.148945
2017-05-31 14:38:00+02:00,0.148447
2017-05-31 14:39:00+02:00,0.150332
2017-05-31 14:40:00+02:00,0.141835
2017-05-31 14:41:00+02:00,0.140311
2017-05-31 14:42:00+02:00,0.14195
2017-05-31 14:43:00+02:00,0.143123
2017-05-31 14:44:00+02:00,0.141984
2017-05-31 14:45:00+02:00,0.142495
2017-05-31 14:46:00+02:00,0.142904
2017-05-31 14:47:00+02:00,0.141721
2017-05-31 14:48:00+02:00,0.141076
2017-05-31 14:49:00+02:00,0.141291
2017-05-31 14:50:00+02:00,0.170687
2017-05-31 14:51:00+02:00,0.124688
2017-05-31 14:52:00+02:00,0.092958
2017-05-31 14:53:00+02:00,0.093693
2017-05-31 14:54:00+02:00,0.084943
2017-05-31 14:55:00+02:00,0.107853
2017-05-31 14:56:00+02:00,0.122852
2017-05-31 14:57:00+02:00,0.13304
2017-05-31 14:58:00+02:00,0.141187
2017-05-31 14:59:00+02:00,0.140435
2017-05-31 15:00:00+02:00,0.145895
2017-05-31 15:01:00+02:00,0.139751
2017-05-31 15:02:00+02:00,0.155628
2017-05-31 15:03:00+02:00,0.11577
2017-05-31 15:04:00+02:00,0.126043
2017-05-31 15:05:00+02:00,0.131738
2017-05-31 15:06:00+02:00,0.155129
2017-05-31 15:07:00+02:00,0.116771
2017-05-31 15:08:00+02:00,0.118293
2017-05-31 15:09:00+02:00,0.127067
2017-05-31 15:10:00+02:00,0.13165
2017-05-31 15:11:00+02:00,0.133573
2017-05-31 15:12:00+02:00,0.134659
2017-05-31 15:13:00+02:00,0.135808
2017-05-31 15:14:00+02:00,0.144984
2017-05-31 15:15:00+02:00,0.137399
2017-05-31 15:16:00+02:00,0.134597
2017-05-31 15:17:00+02:00,0.136783
2017-05-31 15:18:00+02:00,0.1403
2017-05-31 15:19:00+02:00,0.139734
2017-05-31 15:20:00+02:00,0.136842
2017-05-31 15:21:00+02:00,0.13568
2017-05-31 15:22:00+02:00,0.136176
2017-05-31 15:23:00+02:00,0.135311
2017-05-31 15:24:00+02:00,0.135814
2017-05-31 15:25:00+02:00,0.135702
2017-05-31 15:26:00+02:00,0.154782
2017-05-31 15:27:00+02:00,0.125152
2017-05-31 15:28:00+02:00,0.127935
2017-05-31 15:29:00+02:00,0.129402
2017-05-31 15:30:00+02:00,0.132127
2017-05-31 15:31:00+02:00,0.131405
2017-05-31 15:32:00+02:00,0.131188
2017-05-31 15:33:00+02:00,0.132119
2017-05-31 15:34:00+02:00,0.130842
2017-05-31 15:35:00+02:00,0.130543
2017-05-31 15:36:00+02:00,0.143805
2017-05-31 15:37:00+02:00,0.12861
2017-05-31 15:38:00+02:00,0.140085
2017-05-31 15:39:00+02:00,0.114834
2017-05-31 15:40:00+02:00,0.121494
2017-05-31 15:41:00+02:00,0.124674
2017-05-31 15:42:00+02:00,0.125878
2017-05-31 15:43:00+02:00,0.126483
2017-05-31 15:44:00+02:00,0.12692
2017-05-31 15:45:00+02:00,0.12572
2017-05-31 15:46:00+02:00,0.126861
2017-05-31 15:47:00+02:00,0.09343
2017-05-31 15:48:00+02:00,0.107583
2017-05-31 15:49:00+02:00,0.099608
2017-05-31 15:50:00+02:00,0.112224
2017-05-31 15:51:00+02:00,0.118461
2017-05-31 15:52:00+02:00,0.121331
2017-05-31 15:53:00+02:00,0.121787
2017-05-31 15:54:00+02:00,0.122702
2017-05-31 15:55:00+02:00,0.126075
2017-05-31 15:56:00+02:00,0.128941
2017-05-31 15:57:00+02:00,0.128337
2017-05-31 15:58:00+02:00,0.128114
2017-05-31 15:59:00+02:00,0.127541
2017-05-31 16:00:00+02:00,0.127392
2017-05-31 16:01:00+02:00,0.13179
2017-05-31 16:02:00+02:00,0.13258
2017-05-31 16:03:00+02:00,0.130946
2017-05-31 16:04:00+02:00,0.129823
2017-05-31 16:05:00+02:00,0.129737
2017-05-31 16:06:00+02:00,0.127655
2017-05-31 16:07:00+02:00,0.12864
2017-05-31 16:08:00+02:00,0.123884
2017-05-31 16:09:00+02:00,0.121384
2017-05-31 16:10:00+02:00,0.121129
2017-05-31 16:11:00+02:00,0.122114
2017-05-31 16:12:00+02:00,0.122732
2017-05-31 16:13:00+02:00,0.122927
2017-05-31 16:14:00+02:00,0.122249
2017-05-31 16:15:00+02:00,0.125368
2017-05-31 16:16:00+02:00,0.122882
2017-05-31 16:17:00+02:00,0.121014
2017-05-31 16:18:00+02:00,0.120644
2017-05-31 16:19:00+02:00,0.119283
2017-05-31 16:20:00+02:00,0.119457
2017-05-31 16:21:00+02:00,0.119563
2017-05-31 16:22:00+02:00,0.118242
2017-05-31 16:23:00+02:00,0.11839
2017-05-31 16:24:00+02:00,0.119581
2017-05-31 16:25:00+02:00,0.12064
2017-05-31 16:26:00+02:00,0.119504
2017-05-31 16:27:00+02:00,0.118149
2017-05-31 16:28:00+02:00,0.11734
2017-05-31 16:29:00+02:00,0.118478
2017-05-31 16:30:00+02:00,0.119511
2017-05-31 16:31:00+02:00,0.119084
2017-05-31 16:32:00+02:00,0.120943
2017-05-31 16:33:00+02:00,0.120193
2017-05-31 16:34:00+02:00,0.118773
2017-05-31 16:35:00+02:00,0.118407
2017-05-31 16:36:00+02:00,0.118008
2017-05-31 16:37:00+02:00,0.116557
2017-05-31 16:38:00+02:00,0.114553
2017-05-31 16:39:00+02:00,0.11522
2017-05-31 16:40:00+02:00,0.122632
2017-05-31 16:41:00+02:00,0.123598
2017-05-31 16:42:00+02:00,0.122277
2017-05-31 16:43:00+02:00,0.120047
2017-05-31 16:44:00+02:00,0.119899
2017-05-31 16:45:00+02:00,0.119334
2017-05-31 16:46:00+02:00,0.122143
2017-05-31 16:47:00+02:00,0.116947
2017-05-31 16:48:00+02:00,0.11795
2017-05-31 16:49:00+02:00,0.115107
2017-05-31 16:50:00+02:00,0.112977
2017-05-31 16:51:00+02:00,0.093923
2017-05-31 16:52:00+02:00,0.101393
2017-05-31 16:53:00+02:00,0.102738
2017-05-31 16:54:00+02:00,0.101936
2017-05-31 16:55:00+02:00,0.106719
2017-05-31 16:56:00+02:00,0.108761
2017-05-31 16:57:00+02:00,0.108551
2017-05-31 16:58:00+02:00,0.111505
2017-05-31 16:59:00+02:00,0.110526
2017-05-31 17:00:00+02:00,0.10996
2017-05-31 17:01:00+02:00,0.105972
2017-05-31 17:02:00+02:00,0.10794
2017-05-31 17:03:00+02:00,0.109557
2017-05-31 17:04:00+02:00,0.114299
2017-05-31 17:05:00+02:00,0.110813
2017-05-31 17:06:00+02:00,0.10799
2017-05-31 17:07:00+02:00,0.108052
2017-05-31 17:08:00+02:00,0.104628
2017-05-31 17:09:00+02:00,0.102953
2017-05-31 17:10:00+02:00,0.103564
2017-05-31 17:11:00+02:00,0.104589
2017-05-31 17:12:00+02:00,0.102619
2017-05-31 17:13:00+02:00,0.102591
2017-05-31 17:14:00+02:00,0.100777
2017-05-31 17:15:00+02:00,0.102803
2017-05-31 17:16:00+02:00,0.101879
2017-05-31 17:17:00+02:00,0.10313
2017-05-31 17:18:00+02:00,0.106261
2017-05-31 17:19:00+02:00,0.105594
2017-05-31 17:20:00+02:00,0.106666
2017-05-31 17:21:00+02:00,0.10769
2017-05-31 17:22:00+02:00,0.109313
2017-05-31 17:23:00+02:00,0.108547
2017-05-31 17:24:00+02:00,0.106994
2017-05-31 17:25:00+02:00,0.104903
2017-05-31 17:26:00+02:00,0.10109
2017-05-31 17:27:00+02:00,0.099178
2017-05-31 17:28:00+02:00,0.094863
2017-05-31 17:29:00+02:00,0.091744
2017-05-31 17:30:00+02:00,0.090901
2017-05-31 17:31:00+02:00,0.090905
2017-05-31 17:32:00+02:00,0.093422
2017-05-31 17:33:00+02:00,0.089745
2017-05-31 17:34:00+02:00,0.090818
2017-05-31 17:35:00+02:00,0.089522
2017-05-31 17:36:00+02:00,0.086827
2017-05-31 17:37:00+02:00,0.084727
2017-05-31 17:38:00+02:00,0.080591
2017-05-31 17:39:00+02:00,0.081527
2017-05-31 17:40:00+02:00,0.082292
2017-05-31 17:41:00+02:00,0.075868
2017-05-31 17:42:00+02:00,0.072872
2017-05-31 17:43:00+02:00,0.072616
2017-05-31 17:44:00+02:00,0.072408
2017-05-31 17:45:00+02:00,0.067647
2017-05-31 17:46:00+02:00,0.06634
2017-05-31 17:47:00+02:00,0.063458
2017-05-31 17:48:00+02:00,0.060478
2017-05-31 17:49:00+02:00,0.056648
2017-05-31 17:50:00+02:00,0.057158
2017-05-31 17:51:00+02:00,0.052573
2017-05-31 17:52:00+02:00,0.031948
2017-05-31 17:53:00+02:00,0.040285
2017-05-31 17:54:00+02:00,0.045039
2017-05-31 17:55:00+02:00,0.047845
2017-05-31 17:56:00+02:00,0.049153
2017-05-31 17:57:00+02:00,0.051016
2017-05-31 17:58:00+02:00,0.052348
2017-05-31 17:59:00+02:00,0.05399
2017-05-31 18:00:00+02:00,0.051806
2017-05-31 18:01:00+02:00,0.051257
2017-05-31 18:02:00+02:00,0.050655
2017-05-31 18:03:00+02:00,0.048246
2017-05-31 18:04:00+02:00,0.046477
2017-05-31 18:05:00+02:00,0.046859
2017-05-31 18:06:00+02:00,0.046143
2017-05-31 18:07:00+02:00,0.044602
2017-05-31 18:08:00+02:00,0.042119
2017-05-31 18:09:00+02:00,0.042607
2017-05-31 18:10:00+02:00,0.038696
2017-05-31 18:11:00+02:00,0.040785
2017-05-31 18:12:00+02:00,0.040534
2017-05-31 18:13:00+02:00,0.039213
2017-05-31 18:14:00+02:00,0.03982
2017-05-31 18:15:00+02:00,0.03446
2017-05-31 18:16:00+02:00,0.033879
2017-05-31 18:17:00+02:00,0.032412
2017-05-31 18:18:00+02:00,0.032093
2017-05-31 18:19:00+02:00,0.022208
2017-05-31 18:20:00+02:00,0.024949
2017-05-31 18:21:00+02:00,0.023799
2017-05-31 18:22:00+02:00,0.019796
2017-05-31 18:23:00+02:00,0.019737
2017-05-31 18:24:00+02:00,0.021313
2017-05-31 18:25:00+02:00,0.021351
2017-05-31 18:26:00+02:00,0.023611
2017-05-31 18:27:00+02:00,0.022812
2017-05-31 18:28:00+02:00,0.024814
2017-05-31 18:29:00+02:00,0.026726
2017-05-31 18:30:00+02:00,0.023536
2017-05-31 18:31:00+02:00,0.023246
2017-05-31 18:32:00+02:00,0.022175
2017-05-31 18:33:00+02:00,0.022373
2017-05-31 18:34:00+02:00,0.023732
2017-05-31 18:35:00+02:00,0.02207
2017-05-31 18:36:00+02:00,0.022002
2017-05-31 18:37:00+02:00,0.023809
2017-05-31 18:38:00+02:00,0.022834
2017-05-31 18:39:00+02:00,0.022276
2017-05-31 18:40:00+02:00,0.020196
2017-05-31 18:41:00+02:00,0.016068
2017-05-31 18:42:00+02:00,0.01701
2017-05-31 18:43:00+02:00,0.014955
2017-05-31 18:44:00+02:00,0.014703
2017-05-31 18:45:00+02:00,0.012968
2017-05-31 18:46:00+02:00,0.010917
2017-05-31 18:47:00+02:00,0.010171
2017-05-31 18:48:00+02:00,0.00944
2017-05-31 18:49:00+02:00,0.011195
2017-05-31 18:50:00+02:00,0.011255
2017-05-31 18:51:00+02:00,0.009768
2017-05-31 18:52:00+02:00,0.010703
2017-05-31 18:53:00+02:00,0.011327
2017-05-31 18:54:00+02:00,0.01219
2017-05-31 18:55:00+02:00,0.012739
2017-05-31 18:56:00+02:00,0.011554
2017-05-31 18:57:00+02:00,0.008358
2017-05-31 18:58:00+02:00,0.011989
2017-05-31 18:59:00+02:00,0.013687
2017-05-31 19:00:00+02:00,0.012402
2017-05-31 19:01:00+02:00,0.012819
2017-05-31 19:02:00+02:00,0.01116
2017-05-31 19:03:00+02:00,0.009534
2017-05-31 19:04:00+02:00,0.012534
2017-05-31 19:05:00+02:00,0.011395
2017-05-31 19:06:00+02:00,0.015457
2017-05-31 19:07:00+02:00,0.015176
2017-05-31 19:08:00+02:00,0.015688
2017-05-31 19:09:00+02:00,0.016703
2017-05-31 19:10:00+02:00,0.017768
2017-05-31 19:11:00+02:00,0.016278
2017-05-31 19:12:00+02:00,0.016011
2017-05-31 19:13:00+02:00,0.014413
2017-05-31 19:14:00+02:00,0.014187
2017-05-31 19:15:00+02:00,0.015889
2017-05-31 19:16:00+02:00,0.014666
2017-05-31 19:17:00+02:00,0.01544
2017-05-31 19:18:00+02:00,0.018007
2017-05-31 19:19:00+02:00,0.016288
2017-05-31 19:20:00+02:00,0.012652
2017-05-31 19:21:00+02:00,0.014026
2017-05-31 19:22:00+02:00,0.015351
2017-05-31 19:23:00+02:00,0.017595
2017-05-31 19:24:00+02:00,0.015438
2017-05-31 19:25:00+02:00,0.012604
2017-05-31 19:26:00+02:00,0.014584
2017-05-31 19:27:00+02:00,0.016901
2017-05-31 19:28:00+02:00,0.015994
2017-05-31 19:29:00+02:00,0.016561
2017-05-31 19:30:00+02:00,0.014328
2017-05-31 19:31:00+02:00,0.014162
2017-05-31 19:32:00+02:00,0.011671
2017-05-31 19:33:00+02:00,0.012622
2017-05-31 19:34:00+02:00,0.012373
2017-05-31 19:35:00+02:00,0.014135
2017-05-31 19:36:00+02:00,0.012949
2017-05-31 19:37:00+02:00,0.013958
2017-05-31 19:38:00+02:00,0.013006
2017-05-31 19:39:00+02:00,0.011988
2017-05-31 19:40:00+02:00,0.014178
2017-05-31 19:41:00+02:00,0.022655
2017-05-31 19:42:00+02:00,0.020274
2017-05-31 19:43:00+02:00,0.015162
2017-05-31 19:44:00+02:00,0.016066
2017-05-31 19:45:00+02:00,0.014897
2017-05-31 19:46:00+02:00,0.015537
2017-05-31 19:47:00+02:00,0.015151
2017-05-31 19:48:00+02:00,0.014795
2017-05-31 19:49:00+02:00,0.012163
2017-05-31 19:50:00+02:00,0.011885
2017-05-31 19:51:00+02:00,0.011842
2017-05-31 19:52:00+02:00,0.011294
2017-05-31 19:53:00+02:00,0.010444
2017-05-31 19:54:00+02:00,0.009949
2017-05-31 19:55:00+02:00,0.008788
2017-05-31 19:56:00+02:00,0.011522
2017-05-31 19:57:00+02:00,0.012867
2017-05-31 19:58:00+02:00,0.014071
2017-05-31 19:59:00+02:00,0.013609
2017-05-31 20:00:00+02:00,0.014405
2017-05-31 20:01:00+02:00,0.01446
2017-05-31 20:02:00+02:00,0.01553
2017-05-31 20:03:00+02:00,0.014569
2017-05-31 20:04:00+02:00,0.015183
2017-05-31 20:05:00+02:00,0.01708
2017-05-31 20:06:00+02:00,0.014762
2017-05-31 20:07:00+02:00,0.014253
2017-05-31 20:08:00+02:00,0.013416
2017-05-31 20:09:00+02:00,0.011212
2017-05-31 20:10:00+02:00,0.009258
2017-05-31 20:11:00+02:00,0.0094
2017-05-31 20:12:00+02:00,0.009685
2017-05-31 20:13:00+02:00,0.012
2017-05-31 20:14:00+02:00,0.012859
2017-05-31 20:15:00+02:00,0.012347
2017-05-31 20:16:00+02:00,0.012371
2017-05-31 20:17:00+02:00,0.013747
2017-05-31 20:18:00+02:00,0.014151
2017-05-31 20:19:00+02:00,0.01335
2017-05-31 20:20:00+02:00,0.011498
2017-05-31 20:21:00+02:00,0.011253
2017-05-31 20:22:00+02:00,0.00972
2017-05-31 20:23:00+02:00,0.010521
2017-05-31 20:24:00+02:00,0.011901
2017-05-31 20:25:00+02:00,0.008915
2017-05-31 20:26:00+02:00,0.007064
2017-05-31 20:27:00+02:00,0.008625
2017-05-31 20:28:00+02:00,0.015727
2017-05-31 20:29:00+02:00,0.015432
2017-05-31 20:30:00+02:00,0.016324
2017-05-31 20:31:00+02:00,0.01601
2017-05-31 20:32:00+02:00,0.015137
2017-05-31 20:33:00+02:00,0.015428
2017-05-31 20:34:00+02:00,0.015933
2017-05-31 20:35:00+02:00,0.016033
2017-05-31 20:36:00+02:00,0.017622
2017-05-31 20:37:00+02:00,0.017154
2017-05-31 20:38:00+02:00,0.016372
2017-05-31 20:39:00+02:00,0.013272
2017-05-31 20:40:00+02:00,0.013591
2017-05-31 20:41:00+02:00,0.017991
2017-05-31 20:42:00+02:00,0.01799
2017-05-31 20:43:00+02:00,0.019628
2017-05-31 20:44:00+02:00,0.01877
2017-05-31 20:45:00+02:00,0.019544
2017-05-31 20:46:00+02:00,0.018265
2017-05-31 20:47:00+02:00,0.017571
2017-05-31 20:48:00+02:00,0.01899
2017-05-31 20:49:00+02:00,0.018904
2017-05-31 20:50:00+02:00,0.018183
2017-05-31 20:51:00+02:00,0.018043
2017-05-31 20:52:00+02:00,0.019131
2017-05-31 20:53:00+02:00,0.018984
2017-05-31 20:54:00+02:00,0.015919
2017-05-31 20:55:00+02:00,0.013022
2017-05-31 20:56:00+02:00,0.01294
2017-05-31 20:57:00+02:00,0.013824
2017-05-31 20:58:00+02:00,0.01256
2017-05-31 20:59:00+02:00,0.013379
2017-05-31 21:00:00+02:00,0.013349
2017-05-31 21:01:00+02:00,0.014492
2017-05-31 21:02:00+02:00,0.014896
2017-05-31 21:03:00+02:00,0.014417
2017-05-31 21:04:00+02:00,0.013577
2017-05-31 21:05:00+02:00,0.014163
2017-05-31 21:06:00+02:00,0.015586
2017-05-31 21:07:00+02:00,0.01424
2017-05-31 21:08:00+02:00,0.01367
2017-05-31 21:09:00+02:00,0.013579
2017-05-31 21:10:00+02:00,0.014935
2017-05-31 21:11:00+02:00,0.015022
2017-05-31 21:12:00+02:00,0.014432
2017-05-31 21:13:00+02:00,0.014183
2017-05-31 21:14:00+02:00,0.01436
2017-05-31 21:15:00+02:00,0.015872
2017-05-31 21:16:00+02:00,0.016037
2017-05-31 21:17:00+02:00,0.01566
2017-05-31 21:18:00+02:00,0.016813
2017-05-31 21:19:00+02:00,0.016617
2017-05-31 21:20:00+02:00,0.017217
2017-05-31 21:21:00+02:00,0.016349
2017-05-31 21:22:00+02:00,0.014914
2017-05-31 21:23:00+02:00,0.013096
2017-05-31 21:24:00+02:00,0.009494
2017-05-31 21:25:00+02:00,0.010503
2017-05-31 21:26:00+02:00,0.012146
2017-05-31 21:27:00+02:00,0.012927
2017-05-31 21:28:00+02:00,0.012479
2017-05-31 21:29:00+02:00,0.013172
2017-05-31 21:30:00+02:00,0.014067
2017-05-31 21:31:00+02:00,0.01468
2017-05-31 21:32:00+02:00,0.015803
2017-05-31 21:33:00+02:00,0.015131
2017-05-31 21:34:00+02:00,0.013498
2017-05-31 21:35:00+02:00,0.013715
2017-05-31 21:36:00+02:00,0.014427
2017-05-31 21:37:00+02:00,0.014755
2017-05-31 21:38:00+02:00,0.014269
2017-05-31 21:39:00+02:00,0.014445
2017-05-31 21:40:00+02:00,0.014003
2017-05-31 21:41:00+02:00,0.013125
2017-05-31 21:42:00+02:00,0.013151
2017-05-31 21:43:00+02:00,0.01094
2017-05-31 21:44:00+02:00,0.011335
2017-05-31 21:45:00+02:00,0.015519
2017-05-31 21:46:00+02:00,0.014919
2017-05-31 21:47:00+02:00,0.014147
2017-05-31 21:48:00+02:00,0.014373
2017-05-31 21:49:00+02:00,0.014457
2017-05-31 21:50:00+02:00,0.014069
2017-05-31 21:51:00+02:00,0.014852
2017-05-31 21:52:00+02:00,0.015378
2017-05-31 21:53:00+02:00,0.016334
2017-05-31 21:54:00+02:00,0.016146
2017-05-31 21:55:00+02:00,0.014873
2017-05-31 21:56:00+02:00,0.012554
2017-05-31 21:57:00+02:00,0.012611
2017-05-31 21:58:00+02:00,0.014693
2017-05-31 21:59:00+02:00,0.013941
2017-05-31 22:00:00+02:00,0.015738
2017-05-31 22:01:00+02:00,0.015443
2017-05-31 22:02:00+02:00,0.015684
2017-05-31 22:03:00+02:00,0.018405
2017-05-31 22:04:00+02:00,0.015171
2017-05-31 22:05:00+02:00,0.013742
2017-05-31 22:06:00+02:00,0.011809
2017-05-31 22:07:00+02:00,0.012575
2017-05-31 22:08:00+02:00,0.013628
2017-05-31 22:09:00+02:00,0.013649
2017-05-31 22:10:00+02:00,0.014282
2017-05-31 22:11:00+02:00,0.012728
2017-05-31 22:12:00+02:00,0.012727
2017-05-31 22:13:00+02:00,0.011476
2017-05-31 22:14:00+02:00,0.010315
2017-05-31 22:15:00+02:00,0.01275
2017-05-31 22:16:00+02:00,0.010339
2017-05-31 22:17:00+02:00,0.010114
2017-05-31 22:18:00+02:00,0.010106
2017-05-31 22:19:00+02:00,0.011583
2017-05-31 22:20:00+02:00,0.014643
2017-05-31 22:21:00+02:00,0.019731
2017-05-31 22:22:00+02:00,0.020431
2017-05-31 22:23:00+02:00,0.019884
2017-05-31 22:24:00+02:00,0.01725
2017-05-31 22:25:00+02:00,0.014167
2017-05-31 22:26:00+02:00,0.014125
2017-05-31 22:27:00+02:00,0.013761
2017-05-31 22:28:00+02:00,0.013704
2017-05-31 22:29:00+02:00,0.013117
2017-05-31 22:30:00+02:00,0.013352
2017-05-31 22:31:00+02:00,0.013596
2017-05-31 22:32:00+02:00,0.01329
2017-05-31 22:33:00+02:00,0.01329
2017-05-31 22:34:00+02:00,0.013852
2017-05-31 22:35:00+02:00,0.013193
2017-05-31 22:36:00+02:00,0.014944
2017-05-31 22:37:00+02:00,0.015493
2017-05-31 22:38:00+02:00,0.015046
2017-05-31 22:39:00+02:00,0.012623
2017-05-31 22:40:00+02:00,0.011116
2017-05-31 22:41:00+02:00,0.010607
2017-05-31 22:42:00+02:00,0.010534
2017-05-31 22:43:00+02:00,0.009548
2017-05-31 22:44:00+02:00,0.008827
2017-05-31 22:45:00+02:00,0.009847
2017-05-31 22:46:00+02:00,0.01052
2017-05-31 22:47:00+02:00,0.010353
2017-05-31 22:48:00+02:00,0.010289
2017-05-31 22:49:00+02:00,0.009374
2017-05-31 22:50:00+02:00,0.010212
2017-05-31 22:51:00+02:00,0.011181
2017-05-31 22:52:00+02:00,0.010852
2017-05-31 22:53:00+02:00,0.011178
2017-05-31 22:54:00+02:00,0.011265
2017-05-31 22:55:00+02:00,0.012733
2017-05-31 22:56:00+02:00,0.012568
2017-05-31 22:57:00+02:00,0.012466
2017-05-31 22:58:00+02:00,0.014545
2017-05-31 22:59:00+02:00,0.015151
2017-05-31 23:00:00+02:00,0.016361
2017-05-31 23:01:00+02:00,0.014558
2017-05-31 23:02:00+02:00,0.014354
2017-05-31 23:03:00+02:00,0.016776
2017-05-31 23:04:00+02:00,0.017307
2017-05-31 23:05:00+02:00,0.01576
2017-05-31 23:06:00+02:00,0.014071
2017-05-31 23:07:00+02:00,0.013383
2017-05-31 23:08:00+02:00,0.013996
2017-05-31 23:09:00+02:00,0.015571
2017-05-31 23:10:00+02:00,0.013946
2017-05-31 23:11:00+02:00,0.014062
2017-05-31 23:12:00+02:00,0.015022
2017-05-31 23:13:00+02:00,0.014112
2017-05-31 23:14:00+02:00,0.015017
2017-05-31 23:15:00+02:00,0.017891
2017-05-31 23:16:00+02:00,0.015132
2017-05-31 23:17:00+02:00,0.014813
2017-05-31 23:18:00+02:00,0.012381
2017-05-31 23:19:00+02:00,0.011761
2017-05-31 23:20:00+02:00,0.012618
2017-05-31 23:21:00+02:00,0.013637
2017-05-31 23:22:00+02:00,0.012866
2017-05-31 23:23:00+02:00,0.013169
2017-05-31 23:24:00+02:00,0.012485
2017-05-31 23:25:00+02:00,0.012416
2017-05-31 23:26:00+02:00,0.013463
2017-05-31 23:27:00+02:00,0.013122
2017-05-31 23:28:00+02:00,0.012776
2017-05-31 23:29:00+02:00,0.012271
2017-05-31 23:30:00+02:00,0.012612
2017-05-31 23:31:00+02:00,0.012569
2017-05-31 23:32:00+02:00,0.012189
2017-05-31 23:33:00+02:00,0.013113
2017-05-31 23:34:00+02:00,0.012924
2017-05-31 23:35:00+02:00,0.012947
2017-05-31 23:36:00+02:00,0.012178
2017-05-31 23:37:00+02:00,0.012297
2017-05-31 23:38:00+02:00,0.011907
2017-05-31 23:39:00+02:00,0.01074
2017-05-31 23:40:00+02:00,0.00956
2017-05-31 23:41:00+02:00,0.010102
2017-05-31 23:42:00+02:00,0.009451
2017-05-31 23:43:00+02:00,0.008685
2017-05-31 23:44:00+02:00,0.008421
2017-05-31 23:45:00+02:00,0.007918
2017-05-31 23:46:00+02:00,0.007548
2017-05-31 23:47:00+02:00,0.00774
2017-05-31 23:48:00+02:00,0.006703
2017-05-31 23:49:00+02:00,0.006577
2017-05-31 23:50:00+02:00,0.007207
2017-05-31 23:51:00+02:00,0.00721
2017-05-31 23:52:00+02:00,0.007292
2017-05-31 23:53:00+02:00,0.00687
2017-05-31 23:54:00+02:00,0.007337
2017-05-31 23:55:00+02:00,0.008942
2017-05-31 23:56:00+02:00,0.009041
2017-05-31 23:57:00+02:00,0.01016
2017-05-31 23:58:00+02:00,0.009984
2017-05-31 23:59:00+02:00,0.011955
2017-06-01 00:00:00+02:00,0.012215
2017-06-01 00:01:00+02:00,0.01291
2017-06-01 00:02:00+02:00,0.0122
2017-06-01 00:03:00+02:00,0.013388
2017-06-01 00:04:00+02:00,0.015263
2017-06-01 00:05:00+02:00,0.015776
2017-06-01 00:06:00+02:00,0.015663
2017-06-01 00:07:00+02:00,0.014008
2017-06-01 00:08:00+02:00,0.014538
2017-06-01 00:09:00+02:00,0.014888
2017-06-01 00:10:00+02:00,0.013869
2017-06-01 00:11:00+02:00,0.013579
2017-06-01 00:12:00+02:00,0.011967
2017-06-01 00:13:00+02:00,0.010178
2017-06-01 00:14:00+02:00,0.010091
2017-06-01 00:15:00+02:00,0.010563
2017-06-01 00:16:00+02:00,0.01048
2017-06-01 00:17:00+02:00,0.008938
2017-06-01 00:18:00+02:00,0.009323
2017-06-01 00:19:00+02:00,0.010061
2017-06-01 00:20:00+02:00,0.008945
2017-06-01 00:21:00+02:00,0.010376
2017-06-01 00:22:00+02:00,0.01045
2017-06-01 00:23:00+02:00,0.011599
2017-06-01 00:24:00+02:00,0.008348
2017-06-01 00:25:00+02:00,0.00862
2017-06-01 00:26:00+02:00,0.008813
2017-06-01 00:27:00+02:00,0.007456
2017-06-01 00:28:00+02:00,0.006385
2017-06-01 00:29:00+02:00,0.00686
2017-06-01 00:30:00+02:00,0.007168
2017-06-01 00:31:00+02:00,0.007701
2017-06-01 00:32:00+02:00,0.007129
2017-06-01 00:33:00+02:00,0.007411
2017-06-01 00:34:00+02:00,0.00755
2017-06-01 00:35:00+02:00,0.008277
2017-06-01 00:36:00+02:00,0.008592
2017-06-01 00:37:00+02:00,0.008907
2017-06-01 00:38:00+02:00,0.008407
2017-06-01 00:39:00+02:00,0.008732
2017-06-01 00:40:00+02:00,0.008211
2017-06-01 00:41:00+02:00,0.007889
2017-06-01 00:42:00+02:00,0.007461
2017-06-01 00:43:00+02:00,0.007305
2017-06-01 00:44:00+02:00,0.006502
2017-06-01 00:45:00+02:00,0.006568
2017-06-01 00:46:00+02:00,0.005971
2017-06-01 00:47:00+02:00,0.006666
2017-06-01 00:48:00+02:00,0.006277
2017-06-01 00:49:00+02:00,0.006053
2017-06-01 00:50:00+02:00,0.005306
2017-06-01 00:51:00+02:00,0.004785
2017-06-01 00:52:00+02:00,0.004375
2017-06-01 00:53:00+02:00,0.004131
2017-06-01 00:54:00+02:00,0.004229
2017-06-01 00:55:00+02:00,0.004379
2017-06-01 00:56:00+02:00,0.005543
2017-06-01 00:57:00+02:00,0.00569
2017-06-01 00:58:00+02:00,0.004851
2017-06-01 00:59:00+02:00,0.004857
2017-06-01 01:00:00+02:00,0.005095
2017-06-01 01:01:00+02:00,0.006613
2017-06-01 01:02:00+02:00,0.006604
2017-06-01 01:03:00+02:00,0.008197
2017-06-01 01:04:00+02:00,0.008214
2017-06-01 01:05:00+02:00,0.007211
2017-06-01 01:06:00+02:00,0.007054
2017-06-01 01:07:00+02:00,0.008186
2017-06-01 01:08:00+02:00,0.007778
2017-06-01 01:09:00+02:00,0.007799
2017-06-01 01:10:00+02:00,0.006649
2017-06-01 01:11:00+02:00,0.006418
2017-06-01 01:12:00+02:00,0.00659
2017-06-01 01:13:00+02:00,0.005237
2017-06-01 01:14:00+02:00,0.005714
2017-06-01 01:15:00+02:00,0.006084
2017-06-01 01:16:00+02:00,0.006137
2017-06-01 01:17:00+02:00,0.007003
2017-06-01 01:18:00+02:00,0.005979
2017-06-01 01:19:00+02:00,0.006098
2017-06-01 01:20:00+02:00,0.006033
2017-06-01 01:21:00+02:00,0.006607
2017-06-01 01:22:00+02:00,0.006127
2017-06-01 01:23:00+02:00,0.006145
2017-06-01 01:24:00+02:00,0.006513
2017-06-01 01:25:00+02:00,0.006598
2017-06-01 01:26:00+02:00,0.006062
2017-06-01 01:27:00+02:00,0.004611
2017-06-01 01:28:00+02:00,0.00454
2017-06-01 01:29:00+02:00,0.004878
2017-06-01 01:30:00+02:00,0.004561
2017-06-01 01:31:00+02:00,0.004603
2017-06-01 01:32:00+02:00,0.004824
2017-06-01 01:33:00+02:00,0.004982
2017-06-01 01:34:00+02:00,0.00505
2017-06-01 01:35:00+02:00,0.003969
2017-06-01 01:36:00+02:00,0.00321
2017-06-01 01:37:00+02:00,0.004916
2017-06-01 01:38:00+02:00,0.00543
2017-06-01 01:39:00+02:00,0.006158
2017-06-01 01:40:00+02:00,0.00613
2017-06-01 01:41:00+02:00,0.005343
2017-06-01 01:42:00+02:00,0.004833
2017-06-01 01:43:00+02:00,0.004757
2017-06-01 01:44:00+02:00,0.004088
2017-06-01 01:45:00+02:00,0.003786
2017-06-01 01:46:00+02:00,0.004145
2017-06-01 01:47:00+02:00,0.00416
2017-06-01 01:48:00+02:00,0.004932
2017-06-01 01:49:00+02:00,0.004491
2017-06-01 01:50:00+02:00,0.003969
2017-06-01 01:51:00+02:00,0.004032
2017-06-01 01:52:00+02:00,0.003414
2017-06-01 01:53:00+02:00,0.00395
2017-06-01 01:54:00+02:00,0.002674
2017-06-01 01:55:00+02:00,0.002517
2017-06-01 01:56:00+02:00,0.002643
2017-06-01 01:57:00+02:00,0.002689
2017-06-01 01:58:00+02:00,0.003081
2017-06-01 01:59:00+02:00,0.003761
2017-06-01 02:00:00+02:00,0.003595
2017-06-01 02:01:00+02:00,0.003298
2017-06-01 02:02:00+02:00,0.003535
2017-06-01 02:03:00+02:00,0.004285
2017-06-01 02:04:00+02:00,0.004269
2017-06-01 02:05:00+02:00,0.004001
2017-06-01 02:06:00+02:00,0.004413
2017-06-01 02:07:00+02:00,0.005094
2017-06-01 02:08:00+02:00,0.005775
2017-06-01 02:09:00+02:00,0.005187
2017-06-01 02:10:00+02:00,0.004829
2017-06-01 02:11:00+02:00,0.004941
2017-06-01 02:12:00+02:00,0.004848
2017-06-01 02:13:00+02:00,0.005164
2017-06-01 02:14:00+02:00,0.005245
2017-06-01 02:15:00+02:00,0.004664
2017-06-01 02:16:00+02:00,0.003794
2017-06-01 02:17:00+02:00,0.003407
2017-06-01 02:18:00+02:00,0.003238
2017-06-01 02:19:00+02:00,0.002906
2017-06-01 02:20:00+02:00,0.002475
2017-06-01 02:21:00+02:00,0.004779
2017-06-01 02:22:00+02:00,0.005483
2017-06-01 02:23:00+02:00,0.002561
2017-06-01 02:24:00+02:00,0.002297
2017-06-01 02:25:00+02:00,0.002675
2017-06-01 02:26:00+02:00,0.003166
2017-06-01 02:27:00+02:00,0.004251
2017-06-01 02:28:00+02:00,0.004372
2017-06-01 02:29:00+02:00,0.003955
2017-06-01 02:30:00+02:00,0.004673
2017-06-01 02:31:00+02:00,0.005012
2017-06-01 02:32:00+02:00,0.005607
2017-06-01 02:33:00+02:00,0.00616
2017-06-01 02:34:00+02:00,0.006446
2017-06-01 02:35:00+02:00,0.006288
2017-06-01 02:36:00+02:00,0.006641
2017-06-01 02:37:00+02:00,0.005805
2017-06-01 02:38:00+02:00,0.005722
2017-06-01 02:39:00+02:00,0.005395
2017-06-01 02:40:00+02:00,0.004379
2017-06-01 02:41:00+02:00,0.003709
2017-06-01 02:42:00+02:00,0.003219
2017-06-01 02:43:00+02:00,0.003202
2017-06-01 02:44:00+02:00,0.003179
2017-06-01 02:45:00+02:00,0.004171
2017-06-01 02:46:00+02:00,0.003828
2017-06-01 02:47:00+02:00,0.003667
2017-06-01 02:48:00+02:00,0.003928
2017-06-01 02:49:00+02:00,0.003513
2017-06-01 02:50:00+02:00,0.003189
2017-06-01 02:51:00+02:00,0.002981
2017-06-01 02:52:00+02:00,0.003617
2017-06-01 02:53:00+02:00,0.004721
2017-06-01 02:54:00+02:00,0.004426
2017-06-01 02:55:00+02:00,0.005102
2017-06-01 02:56:00+02:00,0.005394
2017-06-01 02:57:00+02:00,0.005139
2017-06-01 02:58:00+02:00,0.004812
2017-06-01 02:59:00+02:00,0.004539
2017-06-01 03:00:00+02:00,0.003724
2017-06-01 03:01:00+02:00,0.003947
2017-06-01 03:02:00+02:00,0.003766
2017-06-01 03:03:00+02:00,0.003997
2017-06-01 03:04:00+02:00,0.003991
2017-06-01 03:05:00+02:00,0.004617
2017-06-01 03:06:00+02:00,0.003992
2017-06-01 03:07:00+02:00,0.003129
2017-06-01 03:08:00+02:00,0.002781
2017-06-01 03:09:00+02:00,0.002372
2017-06-01 03:10:00+02:00,0.002103
2017-06-01 03:11:00+02:00,0.001819
2017-06-01 03:12:00+02:00,0.001396
2017-06-01 03:13:00+02:00,0.001285
2017-06-01 03:14:00+02:00,0.001861
2017-06-01 03:15:00+02:00,0.002401
2017-06-01 03:16:00+02:00,0.00306
2017-06-01 03:17:00+02:00,0.003466
2017-06-01 03:18:00+02:00,0.003325
2017-06-01 03:19:00+02:00,0.003421
2017-06-01 03:20:00+02:00,0.003958
2017-06-01 03:21:00+02:00,0.003653
2017-06-01 03:22:00+02:00,0.00429
2017-06-01 03:23:00+02:00,0.004083
2017-06-01 03:24:00+02:00,0.004141
2017-06-01 03:25:00+02:00,0.004403
2017-06-01 03:26:00+02:00,0.004689
2017-06-01 03:27:00+02:00,0.004815
2017-06-01 03:28:00+02:00,0.004303
2017-06-01 03:29:00+02:00,0.004073
2017-06-01 03:30:00+02:00,0.004617
2017-06-01 03:31:00+02:00,0.003066
2017-06-01 03:32:00+02:00,0.002646
2017-06-01 03:33:00+02:00,0.002518
2017-06-01 03:34:00+02:00,0.002932
2017-06-01 03:35:00+02:00,0.003336
2017-06-01 03:36:00+02:00,0.003254
2017-06-01 03:37:00+02:00,0.001867
2017-06-01 03:38:00+02:00,0.001391
2017-06-01 03:39:00+02:00,0.00131
2017-06-01 03:40:00+02:00,0.001655
2017-06-01 03:41:00+02:00,0.002724
2017-06-01 03:42:00+02:00,0.003182
2017-06-01 03:43:00+02:00,0.003582
2017-06-01 03:44:00+02:00,0.003083
2017-06-01 03:45:00+02:00,0.002089
2017-06-01 03:46:00+02:00,0.001613
2017-06-01 03:47:00+02:00,0.002223
2017-06-01 03:48:00+02:00,0.003072
2017-06-01 03:49:00+02:00,0.003895
2017-06-01 03:50:00+02:00,0.003995
2017-06-01 03:51:00+02:00,0.004184
2017-06-01 03:52:00+02:00,0.004489
2017-06-01 03:53:00+02:00,0.005058
2017-06-01 03:54:00+02:00,0.004878
2017-06-01 03:55:00+02:00,0.003945
2017-06-01 03:56:00+02:00,0.002839
2017-06-01 03:57:00+02:00,0.003359
2017-06-01 03:58:00+02:00,0.003636
2017-06-01 03:59:00+02:00,0.003605
2017-06-01 04:00:00+02:00,0.002941
2017-06-01 04:01:00+02:00,0.002955
2017-06-01 04:02:00+02:00,0.003037
2017-06-01 04:03:00+02:00,0.003516
2017-06-01 04:04:00+02:00,0.003829
2017-06-01 04:05:00+02:00,0.003842
2017-06-01 04:06:00+02:00,0.004246
2017-06-01 04:07:00+02:00,0.004837
2017-06-01 04:08:00+02:00,0.003928
2017-06-01 04:09:00+02:00,0.003439
2017-06-01 04:10:00+02:00,0.003173
2017-06-01 04:11:00+02:00,0.002841
2017-06-01 04:12:00+02:00,0.002207
2017-06-01 04:13:00+02:00,0.001607
2017-06-01 04:14:00+02:00,0.001696
2017-06-01 04:15:00+02:00,0.002106
2017-06-01 04:16:00+02:00,0.00216
2017-06-01 04:17:00+02:00,0.002096
2017-06-01 04:18:00+02:00,0.00174
2017-06-01 04:19:00+02:00,0.001491
2017-06-01 04:20:00+02:00,0.001266
2017-06-01 04:21:00+02:00,0.001504
2017-06-01 04:22:00+02:00,0.001564
2017-06-01 04:23:00+02:00,0.00155
2017-06-01 04:24:00+02:00,0.002195
2017-06-01 04:25:00+02:00,0.002126
2017-06-01 04:26:00+02:00,0.00149
2017-06-01 04:27:00+02:00,0.002156
2017-06-01 04:28:00+02:00,0.002522
2017-06-01 04:29:00+02:00,0.002757
2017-06-01 04:30:00+02:00,0.002251
2017-06-01 04:31:00+02:00,0.002156
2017-06-01 04:32:00+02:00,0.002079
2017-06-01 04:33:00+02:00,0.002371
2017-06-01 04:34:00+02:00,0.002486
2017-06-01 04:35:00+02:00,0.002781
2017-06-01 04:36:00+02:00,0.003272
2017-06-01 04:37:00+02:00,0.003918
2017-06-01 04:38:00+02:00,0.003388
2017-06-01 04:39:00+02:00,0.001874
2017-06-01 04:40:00+02:00,0.001566
2017-06-01 04:41:00+02:00,0.001873
2017-06-01 04:42:00+02:00,0.002168
2017-06-01 04:43:00+02:00,0.001699
2017-06-01 04:44:00+02:00,0.001895
2017-06-01 04:45:00+02:00,0.002243
2017-06-01 04:46:00+02:00,0.002695
2017-06-01 04:47:00+02:00,0.002864
2017-06-01 04:48:00+02:00,0.003069
2017-06-01 04:49:00+02:00,0.003126
2017-06-01 04:50:00+02:00,0.003325
2017-06-01 04:51:00+02:00,0.002978
2017-06-01 04:52:00+02:00,0.002869
2017-06-01 04:53:00+02:00,0.003336
2017-06-01 04:54:00+02:00,0.004389
2017-06-01 04:55:00+02:00,0.005141
2017-06-01 04:56:00+02:00,0.006201
2017-06-01 04:57:00+02:00,0.006196
2017-06-01 04:58:00+02:00,0.006015
2017-06-01 04:59:00+02:00,0.005596
2017-06-01 05:00:00+02:00,0.005222
2017-06-01 05:01:00+02:00,0.004886
2017-06-01 05:02:00+02:00,0.004949
2017-06-01 05:03:00+02:00,0.004349
2017-06-01 05:04:00+02:00,0.003943
2017-06-01 05:05:00+02:00,0.003913
2017-06-01 05:06:00+02:00,0.004232
2017-06-01 05:07:00+02:00,0.004761
2017-06-01 05:08:00+02:00,0.004855
2017-06-01 05:09:00+02:00,0.004268
2017-06-01 05:10:00+02:00,0.004193
2017-06-01 05:11:00+02:00,0.004553
2017-06-01 05:12:00+02:00,0.00433
2017-06-01 05:13:00+02:00,0.004624
2017-06-01 05:14:00+02:00,0.004945
2017-06-01 05:15:00+02:00,0.005642
2017-06-01 05:16:00+02:00,0.006359
2017-06-01 05:17:00+02:00,0.007074
2017-06-01 05:18:00+02:00,0.007011
2017-06-01 05:19:00+02:00,0.006672
2017-06-01 05:20:00+02:00,0.006804
2017-06-01 05:21:00+02:00,0.00703
2017-06-01 05:22:00+02:00,0.006424
2017-06-01 05:23:00+02:00,0.006707
2017-06-01 05:24:00+02:00,0.005778
2017-06-01 05:25:00+02:00,0.005256
2017-06-01 05:26:00+02:00,0.00502
2017-06-01 05:27:00+02:00,0.005489
2017-06-01 05:28:00+02:00,0.005736
2017-06-01 05:29:00+02:00,0.006037
2017-06-01 05:30:00+02:00,0.006523
2017-06-01 05:31:00+02:00,0.00634
2017-06-01 05:32:00+02:00,0.00625
2017-06-01 05:33:00+02:00,0.007103
2017-06-01 05:34:00+02:00,0.007837
2017-06-01 05:35:00+02:00,0.00824
2017-06-01 05:36:00+02:00,0.008638
2017-06-01 05:37:00+02:00,0.008358
2017-06-01 05:38:00+02:00,0.007882
2017-06-01 05:39:00+02:00,0.007046
2017-06-01 05:40:00+02:00,0.006766
2017-06-01 05:41:00+02:00,0.007082
2017-06-01 05:42:00+02:00,0.007328
2017-06-01 05:43:00+02:00,0.007737
2017-06-01 05:44:00+02:00,0.008001
2017-06-01 05:45:00+02:00,0.00734
2017-06-01 05:46:00+02:00,0.006995
2017-06-01 05:47:00+02:00,0.00729
2017-06-01 05:48:00+02:00,0.007224
2017-06-01 05:49:00+02:00,0.007117
2017-06-01 05:50:00+02:00,0.006798
2017-06-01 05:51:00+02:00,0.006471
2017-06-01 05:52:00+02:00,0.006802
2017-06-01 05:53:00+02:00,0.007646
2017-06-01 05:54:00+02:00,0.008874
2017-06-01 05:55:00+02:00,0.009274
2017-06-01 05:56:00+02:00,0.008948
2017-06-01 05:57:00+02:00,0.009082
2017-06-01 05:58:00+02:00,0.009281
2017-06-01 05:59:00+02:00,0.009244
2017-06-01 06:00:00+02:00,0.009392
2017-06-01 06:01:00+02:00,0.009692
2017-06-01 06:02:00+02:00,0.010005
2017-06-01 06:03:00+02:00,0.009699
2017-06-01 06:04:00+02:00,0.009481
2017-06-01 06:05:00+02:00,0.009169
2017-06-01 06:06:00+02:00,0.010331
2017-06-01 06:07:00+02:00,0.011762
2017-06-01 06:08:00+02:00,0.011063
2017-06-01 06:09:00+02:00,0.011876
2017-06-01 06:10:00+02:00,0.01287
2017-06-01 06:11:00+02:00,0.013491
2017-06-01 06:12:00+02:00,0.01312
2017-06-01 06:13:00+02:00,0.013766
2017-06-01 06:14:00+02:00,0.013697
2017-06-01 06:15:00+02:00,0.014061
2017-06-01 06:16:00+02:00,0.014126
2017-06-01 06:17:00+02:00,0.014471
2017-06-01 06:18:00+02:00,0.014541
2017-06-01 06:19:00+02:00,0.014664
2017-06-01 06:20:00+02:00,0.014964
2017-06-01 06:21:00+02:00,0.015303
2017-06-01 06:22:00+02:00,0.015609
2017-06-01 06:23:00+02:00,0.015479
2017-06-01 06:24:00+02:00,0.01536
2017-06-01 06:25:00+02:00,0.014362
2017-06-01 06:26:00+02:00,0.014445
2017-06-01 06:27:00+02:00,0.013848
2017-06-01 06:28:00+02:00,0.013427
2017-06-01 06:29:00+02:00,0.013883
2017-06-01 06:30:00+02:00,0.013681
2017-06-01 06:31:00+02:00,0.013789
2017-06-01 06:32:00+02:00,0.013838
2017-06-01 06:33:00+02:00,0.013706
2017-06-01 06:34:00+02:00,0.013848
2017-06-01 06:35:00+02:00,0.01493
2017-06-01 06:36:00+02:00,0.015255
2017-06-01 06:37:00+02:00,0.014723
2017-06-01 06:38:00+02:00,0.01493
2017-06-01 06:39:00+02:00,0.015445
2017-06-01 06:40:00+02:00,0.016658
2017-06-01 06:41:00+02:00,0.018227
2017-06-01 06:42:00+02:00,0.019181
2017-06-01 06:43:00+02:00,0.019624
2017-06-01 06:44:00+02:00,0.019967
2017-06-01 06:45:00+02:00,0.020339
2017-06-01 06:46:00+02:00,0.02094
2017-06-01 06:47:00+02:00,0.020794
2017-06-01 06:48:00+02:00,0.021093
2017-06-01 06:49:00+02:00,0.02156
2017-06-01 06:50:00+02:00,0.021268
2017-06-01 06:51:00+02:00,0.022603
2017-06-01 06:52:00+02:00,0.023736
2017-06-01 06:53:00+02:00,0.024141
2017-06-01 06:54:00+02:00,0.023225
2017-06-01 06:55:00+02:00,0.022218
2017-06-01 06:56:00+02:00,0.022629
2017-06-01 06:57:00+02:00,0.023841
2017-06-01 06:58:00+02:00,0.023968
2017-06-01 06:59:00+02:00,0.02331
2017-06-01 07:00:00+02:00,0.023971
2017-06-01 07:01:00+02:00,0.025204
2017-06-01 07:02:00+02:00,0.024317
2017-06-01 07:03:00+02:00,0.024149
2017-06-01 07:04:00+02:00,0.023716
2017-06-01 07:05:00+02:00,0.024567
2017-06-01 07:06:00+02:00,0.024975
2017-06-01 07:07:00+02:00,0.023912
2017-06-01 07:08:00+02:00,0.022504
2017-06-01 07:09:00+02:00,0.023791
2017-06-01 07:10:00+02:00,0.02441
2017-06-01 07:11:00+02:00,0.025124
2017-06-01 07:12:00+02:00,0.02532
2017-06-01 07:13:00+02:00,0.030256
2017-06-01 07:14:00+02:00,0.030757
2017-06-01 07:15:00+02:00,0.035252
2017-06-01 07:16:00+02:00,0.035321
2017-06-01 07:17:00+02:00,0.035173
2017-06-01 07:18:00+02:00,0.033621
2017-06-01 07:19:00+02:00,0.035887
2017-06-01 07:20:00+02:00,0.035303
2017-06-01 07:21:00+02:00,0.035493
2017-06-01 07:22:00+02:00,0.037226
2017-06-01 07:23:00+02:00,0.038785
2017-06-01 07:24:00+02:00,0.033951
2017-06-01 07:25:00+02:00,0.032809
2017-06-01 07:26:00+02:00,0.033427
2017-06-01 07:27:00+02:00,0.032589
2017-06-01 07:28:00+02:00,0.028813
2017-06-01 07:29:00+02:00,0.028801
2017-06-01 07:30:00+02:00,0.030553
2017-06-01 07:31:00+02:00,0.033605
2017-06-01 07:32:00+02:00,0.036033
2017-06-01 07:33:00+02:00,0.037825
2017-06-01 07:34:00+02:00,0.038942
2017-06-01 07:35:00+02:00,0.039805
2017-06-01 07:36:00+02:00,0.042475
2017-06-01 07:37:00+02:00,0.039823
2017-06-01 07:38:00+02:00,0.042152
2017-06-01 07:39:00+02:00,0.044284
2017-06-01 07:40:00+02:00,0.04612
2017-06-01 07:41:00+02:00,0.046019
2017-06-01 07:42:00+02:00,0.047057
2017-06-01 07:43:00+02:00,0.045963
2017-06-01 07:44:00+02:00,0.041191
2017-06-01 07:45:00+02:00,0.046782
2017-06-01 07:46:00+02:00,0.048487
2017-06-01 07:47:00+02:00,0.050691
2017-06-01 07:48:00+02:00,0.053201
2017-06-01 07:49:00+02:00,0.0539
2017-06-01 07:50:00+02:00,0.055143
2017-06-01 07:51:00+02:00,0.055106
2017-06-01 07:52:00+02:00,0.057309
2017-06-01 07:53:00+02:00,0.057918
2017-06-01 07:54:00+02:00,0.059398
2017-06-01 07:55:00+02:00,0.059658
2017-06-01 07:56:00+02:00,0.060489
2017-06-01 07:57:00+02:00,0.061549
2017-06-01 07:58:00+02:00,0.062599
2017-06-01 07:59:00+02:00,0.066638
2017-06-01 08:00:00+02:00,0.070216
2017-06-01 08:01:00+02:00,0.071295
2017-06-01 08:02:00+02:00,0.060516
2017-06-01 08:03:00+02:00,0.066713
2017-06-01 08:04:00+02:00,0.068839
2017-06-01 08:05:00+02:00,0.054776
2017-06-01 08:06:00+02:00,0.06593
2017-06-01 08:07:00+02:00,0.070225
2017-06-01 08:08:00+02:00,0.071447
2017-06-01 08:09:00+02:00,0.073139
2017-06-01 08:10:00+02:00,0.076032
2017-06-01 08:11:00+02:00,0.077515
2017-06-01 08:12:00+02:00,0.054599
2017-06-01 08:13:00+02:00,0.071291
2017-06-01 08:14:00+02:00,0.075039
2017-06-01 08:15:00+02:00,0.076448
2017-06-01 08:16:00+02:00,0.078703
2017-06-01 08:17:00+02:00,0.080615
2017-06-01 08:18:00+02:00,0.082419
2017-06-01 08:19:00+02:00,0.085103
2017-06-01 08:20:00+02:00,0.087577
2017-06-01 08:21:00+02:00,0.088756
2017-06-01 08:22:00+02:00,0.090377
2017-06-01 08:23:00+02:00,0.08838
2017-06-01 08:24:00+02:00,0.078693
2017-06-01 08:25:00+02:00,0.08271
2017-06-01 08:26:00+02:00,0.089807
2017-06-01 08:27:00+02:00,0.095702
2017-06-01 08:28:00+02:00,0.100106
2017-06-01 08:29:00+02:00,0.104189
2017-06-01 08:30:00+02:00,0.105532
2017-06-01 08:31:00+02:00,0.106192
2017-06-01 08:32:00+02:00,0.106508
2017-06-01 08:33:00+02:00,0.098993
2017-06-01 08:34:00+02:00,0.104092
2017-06-01 08:35:00+02:00,0.101643
2017-06-01 08:36:00+02:00,0.09447
2017-06-01 08:37:00+02:00,0.098711
2017-06-01 08:38:00+02:00,0.104563
2017-06-01 08:39:00+02:00,0.106058
2017-06-01 08:40:00+02:00,0.108643
2017-06-01 08:41:00+02:00,0.111029
2017-06-01 08:42:00+02:00,0.114057
2017-06-01 08:43:00+02:00,0.095113
2017-06-01 08:44:00+02:00,0.09978
2017-06-01 08:45:00+02:00,0.1054
2017-06-01 08:46:00+02:00,0.108944
2017-06-01 08:47:00+02:00,0.110738
2017-06-01 08:48:00+02:00,0.112346
2017-06-01 08:49:00+02:00,0.11374
2017-06-01 08:50:00+02:00,0.11468
2017-06-01 08:51:00+02:00,0.114528
2017-06-01 08:52:00+02:00,0.115021
2017-06-01 08:53:00+02:00,0.115426
2017-06-01 08:54:00+02:00,0.115347
2017-06-01 08:55:00+02:00,0.114478
2017-06-01 08:56:00+02:00,0.116834
2017-06-01 08:57:00+02:00,0.11755
2017-06-01 08:58:00+02:00,0.117921
2017-06-01 08:59:00+02:00,0.117389
2017-06-01 09:00:00+02:00,0.116717
2017-06-01 09:01:00+02:00,0.120744
2017-06-01 09:02:00+02:00,0.094935
2017-06-01 09:03:00+02:00,0.086858
2017-06-01 09:04:00+02:00,0.091459
2017-06-01 09:05:00+02:00,0.072887
2017-06-01 09:06:00+02:00,0.08011
2017-06-01 09:07:00+02:00,0.089454
2017-06-01 09:08:00+02:00,0.091847
2017-06-01 09:09:00+02:00,0.102521
2017-06-01 09:10:00+02:00,0.090924
2017-06-01 09:11:00+02:00,0.090767
2017-06-01 09:12:00+02:00,0.094581
2017-06-01 09:13:00+02:00,0.101396
2017-06-01 09:14:00+02:00,0.105934
2017-06-01 09:15:00+02:00,0.110423
2017-06-01 09:16:00+02:00,0.116098
2017-06-01 09:17:00+02:00,0.116559
2017-06-01 09:18:00+02:00,0.11722
2017-06-01 09:19:00+02:00,0.118004
2017-06-01 09:20:00+02:00,0.11956
2017-06-01 09:21:00+02:00,0.121096
2017-06-01 09:22:00+02:00,0.121545
2017-06-01 09:23:00+02:00,0.121466
2017-06-01 09:24:00+02:00,0.122029
2017-06-01 09:25:00+02:00,0.120426
2017-06-01 09:26:00+02:00,0.130836
2017-06-01 09:27:00+02:00,0.10962
2017-06-01 09:28:00+02:00,0.114067
2017-06-01 09:29:00+02:00,0.116439
2017-06-01 09:30:00+02:00,0.116734
2017-06-01 09:31:00+02:00,0.119872
2017-06-01 09:32:00+02:00,0.120873
2017-06-01 09:33:00+02:00,0.121039
2017-06-01 09:34:00+02:00,0.122325
2017-06-01 09:35:00+02:00,0.123082
2017-06-01 09:36:00+02:00,0.122727
2017-06-01 09:37:00+02:00,0.124507
2017-06-01 09:38:00+02:00,0.124256
2017-06-01 09:39:00+02:00,0.12269
2017-06-01 09:40:00+02:00,0.122466
2017-06-01 09:41:00+02:00,0.124344
2017-06-01 09:42:00+02:00,0.127477
2017-06-01 09:43:00+02:00,0.125606
2017-06-01 09:44:00+02:00,0.124629
2017-06-01 09:45:00+02:00,0.125702
2017-06-01 09:46:00+02:00,0.126851
2017-06-01 09:47:00+02:00,0.126406
2017-06-01 09:48:00+02:00,0.12635
2017-06-01 09:49:00+02:00,0.126255
2017-06-01 09:50:00+02:00,0.128349
2017-06-01 09:51:00+02:00,0.129287
2017-06-01 09:52:00+02:00,0.129805
2017-06-01 09:53:00+02:00,0.12795
2017-06-01 09:54:00+02:00,0.127778
2017-06-01 09:55:00+02:00,0.128441
2017-06-01 09:56:00+02:00,0.127612
2017-06-01 09:57:00+02:00,0.126128
2017-06-01 09:58:00+02:00,0.125633
2017-06-01 09:59:00+02:00,0.126886
2017-06-01 10:00:00+02:00,0.128859
2017-06-01 10:01:00+02:00,0.128601
2017-06-01 10:02:00+02:00,0.129627
2017-06-01 10:03:00+02:00,0.128878
2017-06-01 10:04:00+02:00,0.1291
2017-06-01 10:05:00+02:00,0.129769
2017-06-01 10:06:00+02:00,0.129596
2017-06-01 10:07:00+02:00,0.13003
2017-06-01 10:08:00+02:00,0.130345
2017-06-01 10:09:00+02:00,0.12951
2017-06-01 10:10:00+02:00,0.129671
2017-06-01 10:11:00+02:00,0.128968
2017-06-01 10:12:00+02:00,0.129306
2017-06-01 10:13:00+02:00,0.131073
2017-06-01 10:14:00+02:00,0.130214
2017-06-01 10:15:00+02:00,0.131244
2017-06-01 10:16:00+02:00,0.131799
2017-06-01 10:17:00+02:00,0.131471
2017-06-01 10:18:00+02:00,0.131628
2017-06-01 10:19:00+02:00,0.132048
2017-06-01 10:20:00+02:00,0.13298
2017-06-01 10:21:00+02:00,0.133155
2017-06-01 10:22:00+02:00,0.133582
2017-06-01 10:23:00+02:00,0.1341
2017-06-01 10:24:00+02:00,0.134432
2017-06-01 10:25:00+02:00,0.134671
2017-06-01 10:26:00+02:00,0.135605
2017-06-01 10:27:00+02:00,0.135648
2017-06-01 10:28:00+02:00,0.135269
2017-06-01 10:29:00+02:00,0.134417
2017-06-01 10:30:00+02:00,0.135745
2017-06-01 10:31:00+02:00,0.135404
2017-06-01 10:32:00+02:00,0.134709
2017-06-01 10:33:00+02:00,0.134326
2017-06-01 10:34:00+02:00,0.133551
2017-06-01 10:35:00+02:00,0.134249
2017-06-01 10:36:00+02:00,0.134248
2017-06-01 10:37:00+02:00,0.134438
2017-06-01 10:38:00+02:00,0.135144
2017-06-01 10:39:00+02:00,0.135341
2017-06-01 10:40:00+02:00,0.134671
2017-06-01 10:41:00+02:00,0.134546
2017-06-01 10:42:00+02:00,0.13397
2017-06-01 10:43:00+02:00,0.135234
2017-06-01 10:44:00+02:00,0.136541
2017-06-01 10:45:00+02:00,0.135741
2017-06-01 10:46:00+02:00,0.134817
2017-06-01 10:47:00+02:00,0.135531
2017-06-01 10:48:00+02:00,0.134921
2017-06-01 10:49:00+02:00,0.134858
2017-06-01 10:50:00+02:00,0.138043
2017-06-01 10:51:00+02:00,0.136024
2017-06-01 10:52:00+02:00,0.135744
2017-06-01 10:53:00+02:00,0.134099
2017-06-01 10:54:00+02:00,0.133719
2017-06-01 10:55:00+02:00,0.134371
2017-06-01 10:56:00+02:00,0.135442
2017-06-01 10:57:00+02:00,0.135131
2017-06-01 10:58:00+02:00,0.135968
2017-06-01 10:59:00+02:00,0.135381
2017-06-01 11:00:00+02:00,0.136422
2017-06-01 11:01:00+02:00,0.135661
2017-06-01 11:02:00+02:00,0.136711
2017-06-01 11:03:00+02:00,0.136144
2017-06-01 11:04:00+02:00,0.13695
2017-06-01 11:05:00+02:00,0.137658
2017-06-01 11:06:00+02:00,0.138485
2017-06-01 11:07:00+02:00,0.13787
2017-06-01 11:08:00+02:00,0.136298
2017-06-01 11:09:00+02:00,0.136953
2017-06-01 11:10:00+02:00,0.138737
2017-06-01 11:11:00+02:00,0.140256
2017-06-01 11:12:00+02:00,0.139602
2017-06-01 11:13:00+02:00,0.140422
2017-06-01 11:14:00+02:00,0.14075
2017-06-01 11:15:00+02:00,0.139867
2017-06-01 11:16:00+02:00,0.139596
2017-06-01 11:17:00+02:00,0.141188
2017-06-01 11:18:00+02:00,0.141269
2017-06-01 11:19:00+02:00,0.14138
2017-06-01 11:20:00+02:00,0.14102
2017-06-01 11:21:00+02:00,0.140526
2017-06-01 11:22:00+02:00,0.141734
2017-06-01 11:23:00+02:00,0.141395
2017-06-01 11:24:00+02:00,0.142999
2017-06-01 11:25:00+02:00,0.14066
2017-06-01 11:26:00+02:00,0.141781
2017-06-01 11:27:00+02:00,0.142242
2017-06-01 11:28:00+02:00,0.143825
2017-06-01 11:29:00+02:00,0.14321
2017-06-01 11:30:00+02:00,0.141643
2017-06-01 11:31:00+02:00,0.142188
2017-06-01 11:32:00+02:00,0.142312
2017-06-01 11:33:00+02:00,0.141796
2017-06-01 11:34:00+02:00,0.140801
2017-06-01 11:35:00+02:00,0.143029
2017-06-01 11:36:00+02:00,0.14
2017-06-01 11:37:00+02:00,0.144335
2017-06-01 11:38:00+02:00,0.146781
2017-06-01 11:39:00+02:00,0.148333
2017-06-01 11:40:00+02:00,0.146526
2017-06-01 11:41:00+02:00,0.148482
2017-06-01 11:42:00+02:00,0.147537
2017-06-01 11:43:00+02:00,0.146946
2017-06-01 11:44:00+02:00,0.147306
2017-06-01 11:45:00+02:00,0.145439
2017-06-01 11:46:00+02:00,0.14197
2017-06-01 11:47:00+02:00,0.145822
2017-06-01 11:48:00+02:00,0.145383
2017-06-01 11:49:00+02:00,0.159044
2017-06-01 11:50:00+02:00,0.152612
2017-06-01 11:51:00+02:00,0.12901
2017-06-01 11:52:00+02:00,0.122421
2017-06-01 11:53:00+02:00,0.127915
2017-06-01 11:54:00+02:00,0.13417
2017-06-01 11:55:00+02:00,0.138799
2017-06-01 11:56:00+02:00,0.140671
2017-06-01 11:57:00+02:00,0.142246
2017-06-01 11:58:00+02:00,0.145364
2017-06-01 11:59:00+02:00,0.145451
2017-06-01 12:00:00+02:00,0.142568
2017-06-01 12:01:00+02:00,0.143779
2017-06-01 12:02:00+02:00,0.144209
2017-06-01 12:03:00+02:00,0.144754
2017-06-01 12:04:00+02:00,0.144737
2017-06-01 12:05:00+02:00,0.145297
2017-06-01 12:06:00+02:00,0.147343
2017-06-01 12:07:00+02:00,0.147276
2017-06-01 12:08:00+02:00,0.147385
2017-06-01 12:09:00+02:00,0.147098
2017-06-01 12:10:00+02:00,0.14739
2017-06-01 12:11:00+02:00,0.148582
2017-06-01 12:12:00+02:00,0.14786
2017-06-01 12:13:00+02:00,0.148515
2017-06-01 12:14:00+02:00,0.149825
2017-06-01 12:15:00+02:00,0.160735
2017-06-01 12:16:00+02:00,0.156996
2017-06-01 12:17:00+02:00,0.154587
2017-06-01 12:18:00+02:00,0.151656
2017-06-01 12:19:00+02:00,0.148569
2017-06-01 12:20:00+02:00,0.14982
2017-06-01 12:21:00+02:00,0.149129
2017-06-01 12:22:00+02:00,0.148359
2017-06-01 12:23:00+02:00,0.14831
2017-06-01 12:24:00+02:00,0.146646
2017-06-01 12:25:00+02:00,0.145488
2017-06-01 12:26:00+02:00,0.144581
2017-06-01 12:27:00+02:00,0.145404
2017-06-01 12:28:00+02:00,0.14617
2017-06-01 12:29:00+02:00,0.147334
2017-06-01 12:30:00+02:00,0.140264
2017-06-01 12:31:00+02:00,0.139982
2017-06-01 12:32:00+02:00,0.142945
2017-06-01 12:33:00+02:00,0.143585
2017-06-01 12:34:00+02:00,0.143976
2017-06-01 12:35:00+02:00,0.146372
2017-06-01 12:36:00+02:00,0.146431
2017-06-01 12:37:00+02:00,0.146537
2017-06-01 12:38:00+02:00,0.146627
2017-06-01 12:39:00+02:00,0.145978
2017-06-01 12:40:00+02:00,0.14509
2017-06-01 12:41:00+02:00,0.14512
2017-06-01 12:42:00+02:00,0.14469
2017-06-01 12:43:00+02:00,0.146441
2017-06-01 12:44:00+02:00,0.146883
2017-06-01 12:45:00+02:00,0.14917
2017-06-01 12:46:00+02:00,0.148362
2017-06-01 12:47:00+02:00,0.14759
2017-06-01 12:48:00+02:00,0.146705
2017-06-01 12:49:00+02:00,0.146581
2017-06-01 12:50:00+02:00,0.145478
2017-06-01 12:51:00+02:00,0.144545
2017-06-01 12:52:00+02:00,0.144992
2017-06-01 12:53:00+02:00,0.147379
2017-06-01 12:54:00+02:00,0.145892
2017-06-01 12:55:00+02:00,0.146129
2017-06-01 12:56:00+02:00,0.143563
2017-06-01 12:57:00+02:00,0.138883
2017-06-01 12:58:00+02:00,0.137998
2017-06-01 12:59:00+02:00,0.14273
2017-06-01 13:00:00+02:00,0.144663
2017-06-01 13:01:00+02:00,0.145678
2017-06-01 13:02:00+02:00,0.143989
2017-06-01 13:03:00+02:00,0.143927
2017-06-01 13:04:00+02:00,0.146699
2017-06-01 13:05:00+02:00,0.1477
2017-06-01 13:06:00+02:00,0.148356
2017-06-01 13:07:00+02:00,0.14878
2017-06-01 13:08:00+02:00,0.14926
2017-06-01 13:09:00+02:00,0.149002
2017-06-01 13:10:00+02:00,0.144463
2017-06-01 13:11:00+02:00,0.141573
2017-06-01 13:12:00+02:00,0.145703
2017-06-01 13:13:00+02:00,0.141542
2017-06-01 13:14:00+02:00,0.145275
2017-06-01 13:15:00+02:00,0.146894
2017-06-01 13:16:00+02:00,0.146704
2017-06-01 13:17:00+02:00,0.146112
2017-06-01 13:18:00+02:00,0.147094
2017-06-01 13:19:00+02:00,0.147271
2017-06-01 13:20:00+02:00,0.14667
2017-06-01 13:21:00+02:00,0.146175
2017-06-01 13:22:00+02:00,0.146772
2017-06-01 13:23:00+02:00,0.145918
2017-06-01 13:24:00+02:00,0.147806
2017-06-01 13:25:00+02:00,0.148161
2017-06-01 13:26:00+02:00,0.147036
2017-06-01 13:27:00+02:00,0.148939
2017-06-01 13:28:00+02:00,0.14901
2017-06-01 13:29:00+02:00,0.149248
2017-06-01 13:30:00+02:00,0.152516
2017-06-01 13:31:00+02:00,0.150358
2017-06-01 13:32:00+02:00,0.150889
2017-06-01 13:33:00+02:00,0.150053
2017-06-01 13:34:00+02:00,0.149398
2017-06-01 13:35:00+02:00,0.14714
2017-06-01 13:36:00+02:00,0.145319
2017-06-01 13:37:00+02:00,0.144156
2017-06-01 13:38:00+02:00,0.143186
2017-06-01 13:39:00+02:00,0.142462
2017-06-01 13:40:00+02:00,0.143351
2017-06-01 13:41:00+02:00,0.146951
2017-06-01 13:42:00+02:00,0.149046
2017-06-01 13:43:00+02:00,0.149853
2017-06-01 13:44:00+02:00,0.147724
2017-06-01 13:45:00+02:00,0.148841
2017-06-01 13:46:00+02:00,0.148442
2017-06-01 13:47:00+02:00,0.150762
2017-06-01 13:48:00+02:00,0.150244
2017-06-01 13:49:00+02:00,0.148349
2017-06-01 13:50:00+02:00,0.148207
2017-06-01 13:51:00+02:00,0.147974
2017-06-01 13:52:00+02:00,0.144824
2017-06-01 13:53:00+02:00,0.143264
2017-06-01 13:54:00+02:00,0.143631
2017-06-01 13:55:00+02:00,0.144035
2017-06-01 13:56:00+02:00,0.143197
2017-06-01 13:57:00+02:00,0.143541
2017-06-01 13:58:00+02:00,0.144708
2017-06-01 13:59:00+02:00,0.14276
2017-06-01 14:00:00+02:00,0.145632
2017-06-01 14:01:00+02:00,0.143564
2017-06-01 14:02:00+02:00,0.142573
2017-06-01 14:03:00+02:00,0.141905
2017-06-01 14:04:00+02:00,0.141398
2017-06-01 14:05:00+02:00,0.136207
2017-06-01 14:06:00+02:00,0.137767
2017-06-01 14:07:00+02:00,0.139807
2017-06-01 14:08:00+02:00,0.141317
2017-06-01 14:09:00+02:00,0.143281
2017-06-01 14:10:00+02:00,0.143009
2017-06-01 14:11:00+02:00,0.142514
2017-06-01 14:12:00+02:00,0.142206
2017-06-01 14:13:00+02:00,0.139391
2017-06-01 14:14:00+02:00,0.141156
2017-06-01 14:15:00+02:00,0.142807
2017-06-01 14:16:00+02:00,0.140826
2017-06-01 14:17:00+02:00,0.138222
2017-06-01 14:18:00+02:00,0.13794
2017-06-01 14:19:00+02:00,0.138389
2017-06-01 14:20:00+02:00,0.138835
2017-06-01 14:21:00+02:00,0.137775
2017-06-01 14:22:00+02:00,0.132772
2017-06-01 14:23:00+02:00,0.133212
2017-06-01 14:24:00+02:00,0.134814
2017-06-01 14:25:00+02:00,0.134664
2017-06-01 14:26:00+02:00,0.134197
2017-06-01 14:27:00+02:00,0.134519
2017-06-01 14:28:00+02:00,0.136282
2017-06-01 14:29:00+02:00,0.141791
2017-06-01 14:30:00+02:00,0.14125
2017-06-01 14:31:00+02:00,0.139105
2017-06-01 14:32:00+02:00,0.137262
2017-06-01 14:33:00+02:00,0.13665
2017-06-01 14:34:00+02:00,0.1352
2017-06-01 14:35:00+02:00,0.136425
2017-06-01 14:36:00+02:00,0.138145
2017-06-01 14:37:00+02:00,0.138491
2017-06-01 14:38:00+02:00,0.138712
2017-06-01 14:39:00+02:00,0.137755
2017-06-01 14:40:00+02:00,0.137284
2017-06-01 14:41:00+02:00,0.13759
2017-06-01 14:42:00+02:00,0.137902
2017-06-01 14:43:00+02:00,0.130759
2017-06-01 14:44:00+02:00,0.129738
2017-06-01 14:45:00+02:00,0.134868
2017-06-01 14:46:00+02:00,0.136297
2017-06-01 14:47:00+02:00,0.136943
2017-06-01 14:48:00+02:00,0.136613
2017-06-01 14:49:00+02:00,0.134866
2017-06-01 14:50:00+02:00,0.134417
2017-06-01 14:51:00+02:00,0.133427
2017-06-01 14:52:00+02:00,0.132964
2017-06-01 14:53:00+02:00,0.132411
2017-06-01 14:54:00+02:00,0.132329
2017-06-01 14:55:00+02:00,0.133558
2017-06-01 14:56:00+02:00,0.134141
2017-06-01 14:57:00+02:00,0.134712
2017-06-01 14:58:00+02:00,0.135763
2017-06-01 14:59:00+02:00,0.135847
2017-06-01 15:00:00+02:00,0.135312
2017-06-01 15:01:00+02:00,0.135158
2017-06-01 15:02:00+02:00,0.134801
2017-06-01 15:03:00+02:00,0.134631
2017-06-01 15:04:00+02:00,0.134331
2017-06-01 15:05:00+02:00,0.134218
2017-06-01 15:06:00+02:00,0.135195
2017-06-01 15:07:00+02:00,0.134544
2017-06-01 15:08:00+02:00,0.135305
2017-06-01 15:09:00+02:00,0.137058
2017-06-01 15:10:00+02:00,0.134759
2017-06-01 15:11:00+02:00,0.134472
2017-06-01 15:12:00+02:00,0.133747
2017-06-01 15:13:00+02:00,0.134416
2017-06-01 15:14:00+02:00,0.133551
2017-06-01 15:15:00+02:00,0.135013
2017-06-01 15:16:00+02:00,0.137885
2017-06-01 15:17:00+02:00,0.136152
2017-06-01 15:18:00+02:00,0.135999
2017-06-01 15:19:00+02:00,0.13504
2017-06-01 15:20:00+02:00,0.138652
2017-06-01 15:21:00+02:00,0.142202
2017-06-01 15:22:00+02:00,0.140239
2017-06-01 15:23:00+02:00,0.14092
2017-06-01 15:24:00+02:00,0.139778
2017-06-01 15:25:00+02:00,0.137333
2017-06-01 15:26:00+02:00,0.133404
2017-06-01 15:27:00+02:00,0.128419
2017-06-01 15:28:00+02:00,0.1302
2017-06-01 15:29:00+02:00,0.131467
2017-06-01 15:30:00+02:00,0.131426
2017-06-01 15:31:00+02:00,0.131273
2017-06-01 15:32:00+02:00,0.131206
2017-06-01 15:33:00+02:00,0.132355
2017-06-01 15:34:00+02:00,0.133099
2017-06-01 15:35:00+02:00,0.131716
2017-06-01 15:36:00+02:00,0.130984
2017-06-01 15:37:00+02:00,0.130316
2017-06-01 15:38:00+02:00,0.128787
2017-06-01 15:39:00+02:00,0.128766
2017-06-01 15:40:00+02:00,0.127943
2017-06-01 15:41:00+02:00,0.127367
2017-06-01 15:42:00+02:00,0.128539
2017-06-01 15:43:00+02:00,0.135422
2017-06-01 15:44:00+02:00,0.134102
2017-06-01 15:45:00+02:00,0.136722
2017-06-01 15:46:00+02:00,0.13172
2017-06-01 15:47:00+02:00,0.127582
2017-06-01 15:48:00+02:00,0.1269
2017-06-01 15:49:00+02:00,0.119993
2017-06-01 15:50:00+02:00,0.121254
2017-06-01 15:51:00+02:00,0.122723
2017-06-01 15:52:00+02:00,0.122355
2017-06-01 15:53:00+02:00,0.122622
2017-06-01 15:54:00+02:00,0.124056
2017-06-01 15:55:00+02:00,0.124257
2017-06-01 15:56:00+02:00,0.124196
2017-06-01 15:57:00+02:00,0.123228
2017-06-01 15:58:00+02:00,0.124164
2017-06-01 15:59:00+02:00,0.124719
2017-06-01 16:00:00+02:00,0.128928
2017-06-01 16:01:00+02:00,0.126414
2017-06-01 16:02:00+02:00,0.124111
2017-06-01 16:03:00+02:00,0.123923
2017-06-01 16:04:00+02:00,0.121738
2017-06-01 16:05:00+02:00,0.11973
2017-06-01 16:06:00+02:00,0.118883
2017-06-01 16:07:00+02:00,0.120028
2017-06-01 16:08:00+02:00,0.120857
2017-06-01 16:09:00+02:00,0.122163
2017-06-01 16:10:00+02:00,0.122261
2017-06-01 16:11:00+02:00,0.121626
2017-06-01 16:12:00+02:00,0.122944
2017-06-01 16:13:00+02:00,0.124036
2017-06-01 16:14:00+02:00,0.122925
2017-06-01 16:15:00+02:00,0.12483
2017-06-01 16:16:00+02:00,0.123299
2017-06-01 16:17:00+02:00,0.120889
2017-06-01 16:18:00+02:00,0.119859
2017-06-01 16:19:00+02:00,0.119462
2017-06-01 16:20:00+02:00,0.119604
2017-06-01 16:21:00+02:00,0.119198
2017-06-01 16:22:00+02:00,0.1201
2017-06-01 16:23:00+02:00,0.120452
2017-06-01 16:24:00+02:00,0.120583
2017-06-01 16:25:00+02:00,0.118377
2017-06-01 16:26:00+02:00,0.116701
2017-06-01 16:27:00+02:00,0.117587
2017-06-01 16:28:00+02:00,0.117328
2017-06-01 16:29:00+02:00,0.117941
2017-06-01 16:30:00+02:00,0.116224
2017-06-01 16:31:00+02:00,0.114813
2017-06-01 16:32:00+02:00,0.114783
2017-06-01 16:33:00+02:00,0.115009
2017-06-01 16:34:00+02:00,0.116105
2017-06-01 16:35:00+02:00,0.117954
2017-06-01 16:36:00+02:00,0.112546
2017-06-01 16:37:00+02:00,0.108902
2017-06-01 16:38:00+02:00,0.109932
2017-06-01 16:39:00+02:00,0.111129
2017-06-01 16:40:00+02:00,0.111849
2017-06-01 16:41:00+02:00,0.112135
2017-06-01 16:42:00+02:00,0.111407
2017-06-01 16:43:00+02:00,0.110068
2017-06-01 16:44:00+02:00,0.112729
2017-06-01 16:45:00+02:00,0.110063
2017-06-01 16:46:00+02:00,0.107283
2017-06-01 16:47:00+02:00,0.105292
2017-06-01 16:48:00+02:00,0.102205
2017-06-01 16:49:00+02:00,0.10059
2017-06-01 16:50:00+02:00,0.100342
2017-06-01 16:51:00+02:00,0.101255
2017-06-01 16:52:00+02:00,0.103174
2017-06-01 16:53:00+02:00,0.102249
2017-06-01 16:54:00+02:00,0.100433
2017-06-01 16:55:00+02:00,0.100106
2017-06-01 16:56:00+02:00,0.098972
2017-06-01 16:57:00+02:00,0.10026
2017-06-01 16:58:00+02:00,0.099888
2017-06-01 16:59:00+02:00,0.098619
2017-06-01 17:00:00+02:00,0.09467
2017-06-01 17:01:00+02:00,0.09346
2017-06-01 17:02:00+02:00,0.092318
2017-06-01 17:03:00+02:00,0.089747
2017-06-01 17:04:00+02:00,0.087667
2017-06-01 17:05:00+02:00,0.085908
2017-06-01 17:06:00+02:00,0.084353
2017-06-01 17:07:00+02:00,0.082911
2017-06-01 17:08:00+02:00,0.080716
2017-06-01 17:09:00+02:00,0.080441
2017-06-01 17:10:00+02:00,0.081591
2017-06-01 17:11:00+02:00,0.083068
2017-06-01 17:12:00+02:00,0.084632
2017-06-01 17:13:00+02:00,0.085009
2017-06-01 17:14:00+02:00,0.083446
2017-06-01 17:15:00+02:00,0.0812
2017-06-01 17:16:00+02:00,0.078684
2017-06-01 17:17:00+02:00,0.076929
2017-06-01 17:18:00+02:00,0.075346
2017-06-01 17:19:00+02:00,0.073873
2017-06-01 17:20:00+02:00,0.072858
2017-06-01 17:21:00+02:00,0.074099
2017-06-01 17:22:00+02:00,0.074082
2017-06-01 17:23:00+02:00,0.073635
2017-06-01 17:24:00+02:00,0.072232
2017-06-01 17:25:00+02:00,0.071768
2017-06-01 17:26:00+02:00,0.071115
2017-06-01 17:27:00+02:00,0.066339
2017-06-01 17:28:00+02:00,0.064431
2017-06-01 17:29:00+02:00,0.064597
2017-06-01 17:30:00+02:00,0.062072
2017-06-01 17:31:00+02:00,0.058846
2017-06-01 17:32:00+02:00,0.056163
2017-06-01 17:33:00+02:00,0.056106
2017-06-01 17:34:00+02:00,0.056687
2017-06-01 17:35:00+02:00,0.05709
2017-06-01 17:36:00+02:00,0.059913
2017-06-01 17:37:00+02:00,0.054673
2017-06-01 17:38:00+02:00,0.053207
2017-06-01 17:39:00+02:00,0.050832
2017-06-01 17:40:00+02:00,0.04972
2017-06-01 17:41:00+02:00,0.049932
2017-06-01 17:42:00+02:00,0.048665
2017-06-01 17:43:00+02:00,0.045317
2017-06-01 17:44:00+02:00,0.046464
2017-06-01 17:45:00+02:00,0.045359
2017-06-01 17:46:00+02:00,0.04744
2017-06-01 17:47:00+02:00,0.047303
2017-06-01 17:48:00+02:00,0.047714
2017-06-01 17:49:00+02:00,0.048115
2017-06-01 17:50:00+02:00,0.049168
2017-06-01 17:51:00+02:00,0.051018
2017-06-01 17:52:00+02:00,0.051963
2017-06-01 17:53:00+02:00,0.052014
2017-06-01 17:54:00+02:00,0.05008
2017-06-01 17:55:00+02:00,0.048888
2017-06-01 17:56:00+02:00,0.046277
2017-06-01 17:57:00+02:00,0.045936
2017-06-01 17:58:00+02:00,0.0405
2017-06-01 17:59:00+02:00,0.041209
2017-06-01 18:00:00+02:00,0.039909
2017-06-01 18:01:00+02:00,0.037953
2017-06-01 18:02:00+02:00,0.036558
2017-06-01 18:03:00+02:00,0.034992
2017-06-01 18:04:00+02:00,0.033929
2017-06-01 18:05:00+02:00,0.032128
2017-06-01 18:06:00+02:00,0.030244
2017-06-01 18:07:00+02:00,0.029972
2017-06-01 18:08:00+02:00,0.029721
2017-06-01 18:09:00+02:00,0.029271
2017-06-01 18:10:00+02:00,0.028245
2017-06-01 18:11:00+02:00,0.027646
2017-06-01 18:12:00+02:00,0.026609
2017-06-01 18:13:00+02:00,0.025033
2017-06-01 18:14:00+02:00,0.023666
2017-06-01 18:15:00+02:00,0.023014
2017-06-01 18:16:00+02:00,0.023232
2017-06-01 18:17:00+02:00,0.023663
2017-06-01 18:18:00+02:00,0.023875
2017-06-01 18:19:00+02:00,0.022862
2017-06-01 18:20:00+02:00,0.022873
2017-06-01 18:21:00+02:00,0.021592
2017-06-01 18:22:00+02:00,0.021109
2017-06-01 18:23:00+02:00,0.020772
2017-06-01 18:24:00+02:00,0.018897
2017-06-01 18:25:00+02:00,0.018492
2017-06-01 18:26:00+02:00,0.018102
2017-06-01 18:27:00+02:00,0.017435
2017-06-01 18:28:00+02:00,0.017911
2017-06-01 18:29:00+02:00,0.019665
2017-06-01 18:30:00+02:00,0.020866
2017-06-01 18:31:00+02:00,0.022086
2017-06-01 18:32:00+02:00,0.025266
2017-06-01 18:33:00+02:00,0.026411
2017-06-01 18:34:00+02:00,0.029821
2017-06-01 18:35:00+02:00,0.030992
2017-06-01 18:36:00+02:00,0.031318
2017-06-01 18:37:00+02:00,0.029852
2017-06-01 18:38:00+02:00,0.026915
2017-06-01 18:39:00+02:00,0.020556
2017-06-01 18:40:00+02:00,0.020308
2017-06-01 18:41:00+02:00,0.021271
2017-06-01 18:42:00+02:00,0.020873
2017-06-01 18:43:00+02:00,0.022603
2017-06-01 18:44:00+02:00,0.021704
2017-06-01 18:45:00+02:00,0.016873
2017-06-01 18:46:00+02:00,0.016458
2017-06-01 18:47:00+02:00,0.016967
2017-06-01 18:48:00+02:00,0.017155
2017-06-01 18:49:00+02:00,0.017143
2017-06-01 18:50:00+02:00,0.015358
2017-06-01 18:51:00+02:00,0.017627
2017-06-01 18:52:00+02:00,0.017894
2017-06-01 18:53:00+02:00,0.01862
2017-06-01 18:54:00+02:00,0.018396
2017-06-01 18:55:00+02:00,0.017719
2017-06-01 18:56:00+02:00,0.018236
2017-06-01 18:57:00+02:00,0.022846
2017-06-01 18:58:00+02:00,0.02353
2017-06-01 18:59:00+02:00,0.026809
2017-06-01 19:00:00+02:00,0.031847
2017-06-01 19:01:00+02:00,0.032436
2017-06-01 19:02:00+02:00,0.032056
2017-06-01 19:03:00+02:00,0.029997
2017-06-01 19:04:00+02:00,0.028687
2017-06-01 19:05:00+02:00,0.031663
2017-06-01 19:06:00+02:00,0.030377
2017-06-01 19:07:00+02:00,0.031065
2017-06-01 19:08:00+02:00,0.031341
2017-06-01 19:09:00+02:00,0.03059
2017-06-01 19:10:00+02:00,0.025818
2017-06-01 19:11:00+02:00,0.022703
2017-06-01 19:12:00+02:00,0.016395
2017-06-01 19:13:00+02:00,0.015273
2017-06-01 19:14:00+02:00,0.016277
2017-06-01 19:15:00+02:00,0.015716
2017-06-01 19:16:00+02:00,0.015806
2017-06-01 19:17:00+02:00,0.016233
2017-06-01 19:18:00+02:00,0.016523
2017-06-01 19:19:00+02:00,0.020476
2017-06-01 19:20:00+02:00,0.018804
2017-06-01 19:21:00+02:00,0.014355
2017-06-01 19:22:00+02:00,0.012888
2017-06-01 19:23:00+02:00,0.012806
2017-06-01 19:24:00+02:00,0.013275
2017-06-01 19:25:00+02:00,0.012083
2017-06-01 19:26:00+02:00,0.012382
2017-06-01 19:27:00+02:00,0.011832
2017-06-01 19:28:00+02:00,0.011259
2017-06-01 19:29:00+02:00,0.012829
2017-06-01 19:30:00+02:00,0.012282
2017-06-01 19:31:00+02:00,0.013168
2017-06-01 19:32:00+02:00,0.013806
2017-06-01 19:33:00+02:00,0.014315
2017-06-01 19:34:00+02:00,0.014109
2017-06-01 19:35:00+02:00,0.013863
2017-06-01 19:36:00+02:00,0.01202
2017-06-01 19:37:00+02:00,0.010785
2017-06-01 19:38:00+02:00,0.010048
2017-06-01 19:39:00+02:00,0.01005
2017-06-01 19:40:00+02:00,0.009552
2017-06-01 19:41:00+02:00,0.009969
2017-06-01 19:42:00+02:00,0.01072
2017-06-01 19:43:00+02:00,0.011755
2017-06-01 19:44:00+02:00,0.011513
2017-06-01 19:45:00+02:00,0.010002
2017-06-01 19:46:00+02:00,0.009604
2017-06-01 19:47:00+02:00,0.008724
2017-06-01 19:48:00+02:00,0.016328
2017-06-01 19:49:00+02:00,0.020929
2017-06-01 19:50:00+02:00,0.022462
2017-06-01 19:51:00+02:00,0.022356
2017-06-01 19:52:00+02:00,0.019113
2017-06-01 19:53:00+02:00,0.01639
2017-06-01 19:54:00+02:00,0.013826
2017-06-01 19:55:00+02:00,0.01509
2017-06-01 19:56:00+02:00,0.011271
2017-06-01 19:57:00+02:00,0.011383
2017-06-01 19:58:00+02:00,0.011086
2017-06-01 19:59:00+02:00,0.009708
2017-06-01 20:00:00+02:00,0.009231
2017-06-01 20:01:00+02:00,0.009355
2017-06-01 20:02:00+02:00,0.009802
2017-06-01 20:03:00+02:00,0.010049
2017-06-01 20:04:00+02:00,0.008769
2017-06-01 20:05:00+02:00,0.008478
2017-06-01 20:06:00+02:00,0.008401
2017-06-01 20:07:00+02:00,0.008651
2017-06-01 20:08:00+02:00,0.009141
2017-06-01 20:09:00+02:00,0.009241
2017-06-01 20:10:00+02:00,0.009154
2017-06-01 20:11:00+02:00,0.009447
2017-06-01 20:12:00+02:00,0.009505
2017-06-01 20:13:00+02:00,0.013289
2017-06-01 20:14:00+02:00,0.011962
2017-06-01 20:15:00+02:00,0.013222
2017-06-01 20:16:00+02:00,0.012938
2017-06-01 20:17:00+02:00,0.012676
2017-06-01 20:18:00+02:00,0.013719
2017-06-01 20:19:00+02:00,0.014191
2017-06-01 20:20:00+02:00,0.014275
2017-06-01 20:21:00+02:00,0.014394
2017-06-01 20:22:00+02:00,0.015474
2017-06-01 20:23:00+02:00,0.014312
2017-06-01 20:24:00+02:00,0.013213
2017-06-01 20:25:00+02:00,0.013762
2017-06-01 20:26:00+02:00,0.013882
2017-06-01 20:27:00+02:00,0.013143
2017-06-01 20:28:00+02:00,0.01203
2017-06-01 20:29:00+02:00,0.012386
2017-06-01 20:30:00+02:00,0.011774
2017-06-01 20:31:00+02:00,0.011552
2017-06-01 20:32:00+02:00,0.011542
2017-06-01 20:33:00+02:00,0.010672
2017-06-01 20:34:00+02:00,0.011453
2017-06-01 20:35:00+02:00,0.012989
2017-06-01 20:36:00+02:00,0.010846
2017-06-01 20:37:00+02:00,0.012673
2017-06-01 20:38:00+02:00,0.012579
2017-06-01 20:39:00+02:00,0.018278
2017-06-01 20:40:00+02:00,0.020191
2017-06-01 20:41:00+02:00,0.021529
2017-06-01 20:42:00+02:00,0.022677
2017-06-01 20:43:00+02:00,0.024974
2017-06-01 20:44:00+02:00,0.023303
2017-06-01 20:45:00+02:00,0.016452
2017-06-01 20:46:00+02:00,0.017331
2017-06-01 20:47:00+02:00,0.01437
2017-06-01 20:48:00+02:00,0.013307
2017-06-01 20:49:00+02:00,0.014777
2017-06-01 20:50:00+02:00,0.014268
2017-06-01 20:51:00+02:00,0.016712
2017-06-01 20:52:00+02:00,0.016133
2017-06-01 20:53:00+02:00,0.016576
2017-06-01 20:54:00+02:00,0.017737
2017-06-01 20:55:00+02:00,0.017514
2017-06-01 20:56:00+02:00,0.016741
2017-06-01 20:57:00+02:00,0.015975
2017-06-01 20:58:00+02:00,0.016298
2017-06-01 20:59:00+02:00,0.016064
2017-06-01 21:00:00+02:00,0.016067
2017-06-01 21:01:00+02:00,0.015494
2017-06-01 21:02:00+02:00,0.016191
2017-06-01 21:03:00+02:00,0.016625
2017-06-01 21:04:00+02:00,0.014571
2017-06-01 21:05:00+02:00,0.015469
2017-06-01 21:06:00+02:00,0.015761
2017-06-01 21:07:00+02:00,0.014628
2017-06-01 21:08:00+02:00,0.014527
2017-06-01 21:09:00+02:00,0.014371
2017-06-01 21:10:00+02:00,0.014727
2017-06-01 21:11:00+02:00,0.015061
2017-06-01 21:12:00+02:00,0.014906
2017-06-01 21:13:00+02:00,0.014279
2017-06-01 21:14:00+02:00,0.016885
2017-06-01 21:15:00+02:00,0.016952
2017-06-01 21:16:00+02:00,0.017221
2017-06-01 21:17:00+02:00,0.016613
2017-06-01 21:18:00+02:00,0.017543
2017-06-01 21:19:00+02:00,0.016756
2017-06-01 21:20:00+02:00,0.017306
2017-06-01 21:21:00+02:00,0.017828
2017-06-01 21:22:00+02:00,0.018146
2017-06-01 21:23:00+02:00,0.017219
2017-06-01 21:24:00+02:00,0.015826
2017-06-01 21:25:00+02:00,0.015764
2017-06-01 21:26:00+02:00,0.016703
2017-06-01 21:27:00+02:00,0.016208
2017-06-01 21:28:00+02:00,0.017356
2017-06-01 21:29:00+02:00,0.018617
2017-06-01 21:30:00+02:00,0.022854
2017-06-01 21:31:00+02:00,0.026279
2017-06-01 21:32:00+02:00,0.021658
2017-06-01 21:33:00+02:00,0.019159
2017-06-01 21:34:00+02:00,0.015842
2017-06-01 21:35:00+02:00,0.01695
2017-06-01 21:36:00+02:00,0.017833
2017-06-01 21:37:00+02:00,0.016656
2017-06-01 21:38:00+02:00,0.016229
2017-06-01 21:39:00+02:00,0.017106
2017-06-01 21:40:00+02:00,0.017027
2017-06-01 21:41:00+02:00,0.01542
2017-06-01 21:42:00+02:00,0.014094
2017-06-01 21:43:00+02:00,0.014213
2017-06-01 21:44:00+02:00,0.014133
2017-06-01 21:45:00+02:00,0.01347
2017-06-01 21:46:00+02:00,0.012793
2017-06-01 21:47:00+02:00,0.014161
2017-06-01 21:48:00+02:00,0.013946
2017-06-01 21:49:00+02:00,0.013406
2017-06-01 21:50:00+02:00,0.014483
2017-06-01 21:51:00+02:00,0.013799
2017-06-01 21:52:00+02:00,0.01236
2017-06-01 21:53:00+02:00,0.0135
2017-06-01 21:54:00+02:00,0.014086
2017-06-01 21:55:00+02:00,0.015259
2017-06-01 21:56:00+02:00,0.020968
2017-06-01 21:57:00+02:00,0.021082
2017-06-01 21:58:00+02:00,0.021412
2017-06-01 21:59:00+02:00,0.022166
2017-06-01 22:00:00+02:00,0.023233
2017-06-01 22:01:00+02:00,0.022989
2017-06-01 22:02:00+02:00,0.023282
2017-06-01 22:03:00+02:00,0.023183
2017-06-01 22:04:00+02:00,0.021664
2017-06-01 22:05:00+02:00,0.022511
2017-06-01 22:06:00+02:00,0.021216
2017-06-01 22:07:00+02:00,0.015106
2017-06-01 22:08:00+02:00,0.01905
2017-06-01 22:09:00+02:00,0.016342
2017-06-01 22:10:00+02:00,0.015289
2017-06-01 22:11:00+02:00,0.015179
2017-06-01 22:12:00+02:00,0.014869
2017-06-01 22:13:00+02:00,0.016351
2017-06-01 22:14:00+02:00,0.017104
2017-06-01 22:15:00+02:00,0.019574
2017-06-01 22:16:00+02:00,0.020834
2017-06-01 22:17:00+02:00,0.019099
2017-06-01 22:18:00+02:00,0.017329
2017-06-01 22:19:00+02:00,0.018175
2017-06-01 22:20:00+02:00,0.016993
2017-06-01 22:21:00+02:00,0.015304
2017-06-01 22:22:00+02:00,0.016746
2017-06-01 22:23:00+02:00,0.01634
2017-06-01 22:24:00+02:00,0.014893
2017-06-01 22:25:00+02:00,0.01593
2017-06-01 22:26:00+02:00,0.015689
2017-06-01 22:27:00+02:00,0.014576
2017-06-01 22:28:00+02:00,0.013218
2017-06-01 22:29:00+02:00,0.012247
2017-06-01 22:30:00+02:00,0.012342
2017-06-01 22:31:00+02:00,0.011791
2017-06-01 22:32:00+02:00,0.011812
2017-06-01 22:33:00+02:00,0.011797
2017-06-01 22:34:00+02:00,0.011894
2017-06-01 22:35:00+02:00,0.01047
2017-06-01 22:36:00+02:00,0.010718
2017-06-01 22:37:00+02:00,0.010595
2017-06-01 22:38:00+02:00,0.012321
2017-06-01 22:39:00+02:00,0.01386
2017-06-01 22:40:00+02:00,0.014713
2017-06-01 22:41:00+02:00,0.014117
2017-06-01 22:42:00+02:00,0.012928
2017-06-01 22:43:00+02:00,0.012792
2017-06-01 22:44:00+02:00,0.014211
2017-06-01 22:45:00+02:00,0.018563
2017-06-01 22:46:00+02:00,0.015002
2017-06-01 22:47:00+02:00,0.014447
2017-06-01 22:48:00+02:00,0.01412
2017-06-01 22:49:00+02:00,0.014634
2017-06-01 22:50:00+02:00,0.013534
2017-06-01 22:51:00+02:00,0.015342
2017-06-01 22:52:00+02:00,0.019893
2017-06-01 22:53:00+02:00,0.017603
2017-06-01 22:54:00+02:00,0.014971
2017-06-01 22:55:00+02:00,0.013534
2017-06-01 22:56:00+02:00,0.012038
2017-06-01 22:57:00+02:00,0.015617
2017-06-01 22:58:00+02:00,0.015109
2017-06-01 22:59:00+02:00,0.014731
2017-06-01 23:00:00+02:00,0.016387
2017-06-01 23:01:00+02:00,0.016864
2017-06-01 23:02:00+02:00,0.016047
2017-06-01 23:03:00+02:00,0.01752
2017-06-01 23:04:00+02:00,0.017895
2017-06-01 23:05:00+02:00,0.01396
2017-06-01 23:06:00+02:00,0.011531
2017-06-01 23:07:00+02:00,0.010003
2017-06-01 23:08:00+02:00,0.008227
2017-06-01 23:09:00+02:00,0.008087
2017-06-01 23:10:00+02:00,0.010666
2017-06-01 23:11:00+02:00,0.014238
2017-06-01 23:12:00+02:00,0.013067
2017-06-01 23:13:00+02:00,0.012402
2017-06-01 23:14:00+02:00,0.012099
2017-06-01 23:15:00+02:00,0.014989
2017-06-01 23:16:00+02:00,0.018208
2017-06-01 23:17:00+02:00,0.018807
2017-06-01 23:18:00+02:00,0.019229
2017-06-01 23:19:00+02:00,0.01892
2017-06-01 23:20:00+02:00,0.018676
2017-06-01 23:21:00+02:00,0.018936
2017-06-01 23:22:00+02:00,0.020221
2017-06-01 23:23:00+02:00,0.017046
2017-06-01 23:24:00+02:00,0.015999
2017-06-01 23:25:00+02:00,0.015559
2017-06-01 23:26:00+02:00,0.011483
2017-06-01 23:27:00+02:00,0.012647
2017-06-01 23:28:00+02:00,0.013002
2017-06-01 23:29:00+02:00,0.011695
2017-06-01 23:30:00+02:00,0.011629
2017-06-01 23:31:00+02:00,0.010808
2017-06-01 23:32:00+02:00,0.009352
2017-06-01 23:33:00+02:00,0.008386
2017-06-01 23:34:00+02:00,0.008138
2017-06-01 23:35:00+02:00,0.008063
2017-06-01 23:36:00+02:00,0.007563
2017-06-01 23:37:00+02:00,0.007451
2017-06-01 23:38:00+02:00,0.008206
2017-06-01 23:39:00+02:00,0.010909
2017-06-01 23:40:00+02:00,0.010467
2017-06-01 23:41:00+02:00,0.01081
2017-06-01 23:42:00+02:00,0.007974
2017-06-01 23:43:00+02:00,0.007565
2017-06-01 23:44:00+02:00,0.008848
2017-06-01 23:45:00+02:00,0.007801
2017-06-01 23:46:00+02:00,0.00746
2017-06-01 23:47:00+02:00,0.007721
2017-06-01 23:48:00+02:00,0.007905
2017-06-01 23:49:00+02:00,0.007075
2017-06-01 23:50:00+02:00,0.006506
2017-06-01 23:51:00+02:00,0.005983
2017-06-01 23:52:00+02:00,0.005851
2017-06-01 23:53:00+02:00,0.008586
2017-06-01 23:54:00+02:00,0.008211
2017-06-01 23:55:00+02:00,0.006963
2017-06-01 23:56:00+02:00,0.008483
2017-06-01 23:57:00+02:00,0.009414
2017-06-01 23:58:00+02:00,0.010094
2017-06-01 23:59:00+02:00,0.010278
2017-06-02 00:00:00+02:00,0.010117
