timestamp,load,pv,hp,ev
2017-01-04 00:00:00+01:00,0.05027,0.0,0.0,0.0
2017-01-04 00:01:00+01:00,0.0441,0.0,0.0,0.0
2017-01-04 00:02:00+01:00,0.04732,0.0,0.0,0.0
2017-01-04 00:03:00+01:00,0.04979,0.0,0.0,0.0
2017-01-04 00:04:00+01:00,0.04932,0.0,0.0,0.0
2017-01-04 00:05:00+01:00,0.04428,0.0,0.0,0.0
2017-01-04 00:06:00+01:00,0.04086,0.0,0.0,0.0
2017-01-04 00:07:00+01:00,0.04007,0.0,0.0,0.0
2017-01-04 00:08:00+01:00,0.03934,0.0,0.0,0.0
2017-01-04 00:09:00+01:00,0.03927,0.0,0.0,0.0
2017-01-04 00:10:00+01:00,0.04181,0.0,0.0,0.0
2017-01-04 00:11:00+01:00,0.03948,0.0,0.0,0.0
2017-01-04 00:12:00+01:00,0.03633,0.0,0.0,0.0
2017-01-04 00:13:00+01:00,0.03422,0.0,0.0,0.0
2017-01-04 00:14:00+01:00,0.03512,0.0,0.0,0.0
2017-01-04 00:15:00+01:00,0.03631,0.0,0.0,0.0
2017-01-04 00:16:00+01:00,0.03755,0.0,0.0,0.0
2017-01-04 00:17:00+01:00,0.03684,0.0,0.0,0.0
2017-01-04 00:18:00+01:00,0.03882,0.0,0.0,0.0
2017-01-04 00:19:00+01:00,0.03797,0.0,0.0,0.0
2017-01-04 00:20:00+01:00,0.03704,0.0,0.0,0.0
2017-01-04 00:21:00+01:00,0.03756,0.0,0.0,0.0
2017-01-04 00:22:00+01:00,0.03763,0.0,0.0,0.0
2017-01-04 00:23:00+01:00,0.03782,0.0,0.0,0.0
2017-01-04 00:24:00+01:00,0.03953,0.0,0.0,0.0
2017-01-04 00:25:00+01:00,0.04071,0.0,0.0,0.0
2017-01-04 00:26:00+01:00,0.03987,0.0,0.0,0.0
2017-01-04 00:27:00+01:00,0.03983,0.0,0.0,0.0
2017-01-04 00:28:00+01:00,0.03951,0.0,0.0,0.0
2017-01-04 00:29:00+01:00,0.04129,0.0,0.0,0.0
2017-01-04 00:30:00+01:00,0.04264,0.0,0.0,0.0
2017-01-04 00:31:00+01:00,0.03915,0.0,0.0,0.0
2017-01-04 00:32:00+01:00,0.03742,0.0,0.0,0.0
2017-01-04 00:33:00+01:00,0.03601,0.0,0.0,0.0
2017-01-04 00:34:00+01:00,0.03529,0.0,0.0,0.0
2017-01-04 00:35:00+01:00,0.03285,0.0,0.0,0.0
2017-01-04 00:36:00+01:00,0.03192,0.0,0.0,0.0
2017-01-04 00:37:00+01:00,0.03132,0.0,0.0,0.0
2017-01-04 00:38:00+01:00,0.03059,0.0,0.0,0.0
2017-01-04 00:39:00+01:00,0.03144,0.0,0.0,0.0
2017-01-04 00:40:00+01:00,0.03553,0.0,0.0,0.0
2017-01-04 00:41:00+01:00,0.03552,0.0,0.0,0.0
2017-01-04 00:42:00+01:00,0.03504,0.0,0.0,0.0
2017-01-04 00:43:00+01:00,0.03534,0.0,0.0,0.0
2017-01-04 00:44:00+01:00,0.03994,0.0,0.0,0.0
2017-01-04 00:45:00+01:00,0.04644,0.0,0.0,0.0
2017-01-04 00:46:00+01:00,0.04141,0.0,0.0,0.0
2017-01-04 00:47:00+01:00,0.04083,0.0,0.0,0.0
2017-01-04 00:48:00+01:00,0.03884,0.0,0.0,0.0
2017-01-04 00:49:00+01:00,0.04169,0.0,0.0,0.0
2017-01-04 00:50:00+01:00,0.04442,0.0,0.0,0.0
2017-01-04 00:51:00+01:00,0.04143,0.0,0.0,0.0
2017-01-04 00:52:00+01:00,0.03427,0.0,0.0,0.0
2017-01-04 00:53:00+01:00,0.03619,0.0,0.0,0.0
2017-01-04 00:54:00+01:00,0.03665,0.0,0.0,0.0
2017-01-04 00:55:00+01:00,0.03815,0.0,0.0,0.0
2017-01-04 00:56:00+01:00,0.03227,0.0,0.0,0.0
2017-01-04 00:57:00+01:00,0.03755,0.0,0.0,0.0
2017-01-04 00:58:00+01:00,0.03976,0.0,0.0,0.0
2017-01-04 00:59:00+01:00,0.03604,0.0,0.0,0.0
2017-01-04 01:00:00+01:00,0.03226,0.0,0.0,0.0
2017-01-04 01:01:00+01:00,0.03409,0.0,0.0,0.0
2017-01-04 01:02:00+01:00,0.03829,0.0,0.0,0.0
2017-01-04 01:03:00+01:00,0.03624,0.0,0.0,0.0
2017-01-04 01:04:00+01:00,0.03445,0.0,0.0,0.0
2017-01-04 01:05:00+01:00,0.03519,0.0,0.0,0.0
2017-01-04 01:06:00+01:00,0.03191,0.0,0.0,0.0
2017-01-04 01:07:00+01:00,0.03129,0.0,0.0,0.0
2017-01-04 01:08:00+01:00,0.0367,0.0,0.0,0.0
2017-01-04 01:09:00+01:00,0.03234,0.0,0.0,0.0
2017-01-04 01:10:00+01:00,0.03068,0.0,0.0,0.0
2017-01-04 01:11:00+01:00,0.03294,0.0,0.0,0.0
2017-01-04 01:12:00+01:00,0.03278,0.0,0.0,0.0
2017-01-04 01:13:00+01:00,0.03378,0.0,0.0,0.0
2017-01-04 01:14:00+01:00,0.0332,0.0,0.0,0.0
2017-01-04 01:15:00+01:00,0.03193,0.0,0.0,0.0
2017-01-04 01:16:00+01:00,0.03267,0.0,0.0,0.0
2017-01-04 01:17:00+01:00,0.03223,0.0,0.0,0.0
2017-01-04 01:18:00+01:00,0.03701,0.0,0.0,0.0
2017-01-04 01:19:00+01:00,0.03867,0.0,0.0,0.0
2017-01-04 01:20:00+01:00,0.03404,0.0,0.0,0.0
2017-01-04 01:21:00+01:00,0.03275,0.0,0.0,0.0
2017-01-04 01:22:00+01:00,0.03295,0.0,0.0,0.0
2017-01-04 01:23:00+01:00,0.03261,0.0,0.0,0.0
2017-01-04 01:24:00+01:00,0.03505,0.0,0.0,0.0
2017-01-04 01:25:00+01:00,0.03426,0.0,0.0,0.0
2017-01-04 01:26:00+01:00,0.02971,0.0,0.0,0.0
2017-01-04 01:27:00+01:00,0.03162,0.0,0.0,0.0
2017-01-04 01:28:00+01:00,0.03397,0.0,0.0,0.0
2017-01-04 01:29:00+01:00,0.04062,0.0,0.0,0.0
2017-01-04 01:30:00+01:00,0.04377,0.0,0.0,0.0
2017-01-04 01:31:00+01:00,0.03999,0.0,0.0,0.0
2017-01-04 01:32:00+01:00,0.03508,0.0,0.0,0.0
2017-01-04 01:33:00+01:00,0.03567,0.0,0.0,0.0
2017-01-04 01:34:00+01:00,0.0351,0.0,0.0,0.0
2017-01-04 01:35:00+01:00,0.03387,0.0,0.0,0.0
2017-01-04 01:36:00+01:00,0.03342,0.0,0.0,0.0
2017-01-04 01:37:00+01:00,0.03662,0.0,0.0,0.0
2017-01-04 01:38:00+01:00,0.03428,0.0,0.0,0.0
2017-01-04 01:39:00+01:00,0.03677,0.0,0.0,0.0
2017-01-04 01:40:00+01:00,0.03729,0.0,0.0,0.0
2017-01-04 01:41:00+01:00,0.03616,0.0,0.0,0.0
2017-01-04 01:42:00+01:00,0.03719,0.0,0.0,0.0
2017-01-04 01:43:00+01:00,0.03725,0.0,0.0,0.0
2017-01-04 01:44:00+01:00,0.03795,0.0,0.0,0.0
2017-01-04 01:45:00+01:00,0.03864,0.0,0.0,0.0
2017-01-04 01:46:00+01:00,0.03724,0.0,0.0,0.0
2017-01-04 01:47:00+01:00,0.03942,0.0,0.0,0.0
2017-01-04 01:48:00+01:00,0.037,0.0,0.0,0.0
2017-01-04 01:49:00+01:00,0.03464,0.0,0.0,0.0
2017-01-04 01:50:00+01:00,0.03456,0.0,0.0,0.0
2017-01-04 01:51:00+01:00,0.0346,0.0,0.0,0.0
2017-01-04 01:52:00+01:00,0.03257,0.0,0.0,0.0
2017-01-04 01:53:00+01:00,0.02994,0.0,0.0,0.0
2017-01-04 01:54:00+01:00,0.03206,0.0,0.0,0.0
2017-01-04 01:55:00+01:00,0.03148,0.0,0.0,0.0
2017-01-04 01:56:00+01:00,0.03223,0.0,0.0,0.0
2017-01-04 01:57:00+01:00,0.03332,0.0,0.0,0.0
2017-01-04 01:58:00+01:00,0.03351,0.0,0.0,0.0
2017-01-04 01:59:00+01:00,0.03473,0.0,0.0,0.0
2017-01-04 02:00:00+01:00,0.03535,0.0,0.0,0.0
2017-01-04 02:01:00+01:00,0.03451,0.0,0.0,0.0
2017-01-04 02:02:00+01:00,0.03478,0.0,0.0,0.0
2017-01-04 02:03:00+01:00,0.03931,0.0,0.0,0.0
2017-01-04 02:04:00+01:00,0.04136,0.0,0.0,0.0
2017-01-04 02:05:00+01:00,0.03737,0.0,0.0,0.0
2017-01-04 02:06:00+01:00,0.03911,0.0,0.0,0.0
2017-01-04 02:07:00+01:00,0.03489,0.0,0.0,0.0
2017-01-04 02:08:00+01:00,0.034,0.0,0.0,0.0
2017-01-04 02:09:00+01:00,0.03384,0.0,0.0,0.0
2017-01-04 02:10:00+01:00,0.034,0.0,0.0,0.0
2017-01-04 02:11:00+01:00,0.03772,0.0,0.0,0.0
2017-01-04 02:12:00+01:00,0.03404,0.0,0.0,0.0
2017-01-04 02:13:00+01:00,0.03129,0.0,0.0,0.0
2017-01-04 02:14:00+01:00,0.03466,0.0,0.0,0.0
2017-01-04 02:15:00+01:00,0.03666,0.0,0.0,0.0
2017-01-04 02:16:00+01:00,0.03701,0.0,0.0,0.0
2017-01-04 02:17:00+01:00,0.03671,0.0,0.0,0.0
2017-01-04 02:18:00+01:00,0.03307,0.0,0.0,0.0
2017-01-04 02:19:00+01:00,0.03255,0.0,0.0,0.0
2017-01-04 02:20:00+01:00,0.03304,0.0,0.0,0.0
2017-01-04 02:21:00+01:00,0.03326,0.0,0.0,0.0
2017-01-04 02:22:00+01:00,0.03291,0.0,0.0,0.0
2017-01-04 02:23:00+01:00,0.03458,0.0,0.0,0.0
2017-01-04 02:24:00+01:00,0.03161,0.0,0.0,0.0
2017-01-04 02:25:00+01:00,0.03449,0.0,0.0,0.0
2017-01-04 02:26:00+01:00,0.03975,0.0,0.0,0.0
2017-01-04 02:27:00+01:00,0.03287,0.0,0.0,0.0
2017-01-04 02:28:00+01:00,0.0325,0.0,0.0,0.0
2017-01-04 02:29:00+01:00,0.03284,0.0,0.0,0.0
2017-01-04 02:30:00+01:00,0.0314,0.0,0.0,0.0
2017-01-04 02:31:00+01:00,0.03343,0.0,0.0,0.0
2017-01-04 02:32:00+01:00,0.03366,0.0,0.0,0.0
2017-01-04 02:33:00+01:00,0.03456,0.0,0.0,0.0
2017-01-04 02:34:00+01:00,0.03225,0.0,0.0,0.0
2017-01-04 02:35:00+01:00,0.02956,0.0,0.0,0.0
2017-01-04 02:36:00+01:00,0.02978,0.0,0.0,0.0
2017-01-04 02:37:00+01:00,0.03015,0.0,0.0,0.0
2017-01-04 02:38:00+01:00,0.03131,0.0,0.0,0.0
2017-01-04 02:39:00+01:00,0.03038,0.0,0.0,0.0
2017-01-04 02:40:00+01:00,0.03069,0.0,0.0,0.0
2017-01-04 02:41:00+01:00,0.03292,0.0,0.0,0.0
2017-01-04 02:42:00+01:00,0.03116,0.0,0.0,0.0
2017-01-04 02:43:00+01:00,0.02908,0.0,0.0,0.0
2017-01-04 02:44:00+01:00,0.03877,0.0,0.0,0.0
2017-01-04 02:45:00+01:00,0.03167,0.0,0.0,0.0
2017-01-04 02:46:00+01:00,0.03184,0.0,0.0,0.0
2017-01-04 02:47:00+01:00,0.03226,0.0,0.0,0.0
2017-01-04 02:48:00+01:00,0.03409,0.0,0.0,0.0
2017-01-04 02:49:00+01:00,0.03592,0.0,0.0,0.0
2017-01-04 02:50:00+01:00,0.03221,0.0,0.0,0.0
2017-01-04 02:51:00+01:00,0.03223,0.0,0.0,0.0
2017-01-04 02:52:00+01:00,0.03205,0.0,0.0,0.0
2017-01-04 02:53:00+01:00,0.03068,0.0,0.0,0.0
2017-01-04 02:54:00+01:00,0.03398,0.0,0.0,0.0
2017-01-04 02:55:00+01:00,0.0332,0.0,0.0,0.0
2017-01-04 02:56:00+01:00,0.03163,0.0,0.0,0.0
2017-01-04 02:57:00+01:00,0.03166,0.0,0.0,0.0
2017-01-04 02:58:00+01:00,0.03169,0.0,0.0,0.0
2017-01-04 02:59:00+01:00,0.03159,0.0,0.0,0.0
2017-01-04 03:00:00+01:00,0.03093,0.0,0.0,0.0
2017-01-04 03:01:00+01:00,0.03218,0.0,0.0,0.0
2017-01-04 03:02:00+01:00,0.02988,0.0,0.0,0.0
2017-01-04 03:03:00+01:00,0.03074,0.0,0.0,0.0
2017-01-04 03:04:00+01:00,0.03105,0.0,0.0,0.0
2017-01-04 03:05:00+01:00,0.03105,0.0,0.0,0.0
2017-01-04 03:06:00+01:00,0.02905,0.0,0.0,0.0
2017-01-04 03:07:00+01:00,0.02875,0.0,0.0,0.0
2017-01-04 03:08:00+01:00,0.02922,0.0,0.0,0.0
2017-01-04 03:09:00+01:00,0.02821,0.0,0.0,0.0
2017-01-04 03:10:00+01:00,0.02895,0.0,0.0,0.0
2017-01-04 03:11:00+01:00,0.02747,0.0,0.0,0.0
2017-01-04 03:12:00+01:00,0.03086,0.0,0.0,0.0
2017-01-04 03:13:00+01:00,0.02987,0.0,0.0,0.0
2017-01-04 03:14:00+01:00,0.02626,0.0,0.0,0.0
2017-01-04 03:15:00+01:00,0.0259,0.0,0.0,0.0
2017-01-04 03:16:00+01:00,0.02916,0.0,0.0,0.0
2017-01-04 03:17:00+01:00,0.02949,0.0,0.0,0.0
2017-01-04 03:18:00+01:00,0.03126,0.0,0.0,0.0
2017-01-04 03:19:00+01:00,0.03067,0.0,0.0,0.0
2017-01-04 03:20:00+01:00,0.0277,0.0,0.0,0.0
2017-01-04 03:21:00+01:00,0.02608,0.0,0.0,0.0
2017-01-04 03:22:00+01:00,0.02757,0.0,0.0,0.0
2017-01-04 03:23:00+01:00,0.02674,0.0,0.0,0.0
2017-01-04 03:24:00+01:00,0.02668,0.0,0.0,0.0
2017-01-04 03:25:00+01:00,0.02632,0.0,0.0,0.0
2017-01-04 03:26:00+01:00,0.02686,0.0,0.0,0.0
2017-01-04 03:27:00+01:00,0.02863,0.0,0.0,0.0
2017-01-04 03:28:00+01:00,0.02814,0.0,0.0,0.0
2017-01-04 03:29:00+01:00,0.02989,0.0,0.0,0.0
2017-01-04 03:30:00+01:00,0.02849,0.0,0.0,0.0
2017-01-04 03:31:00+01:00,0.02976,0.0,0.0,0.0
2017-01-04 03:32:00+01:00,0.03084,0.0,0.0,0.0
2017-01-04 03:33:00+01:00,0.03181,0.0,0.0,0.0
2017-01-04 03:34:00+01:00,0.03492,0.0,0.0,0.0
2017-01-04 03:35:00+01:00,0.03221,0.0,0.0,0.0
2017-01-04 03:36:00+01:00,0.0299,0.0,0.0,0.0
2017-01-04 03:37:00+01:00,0.03039,0.0,0.0,0.0
2017-01-04 03:38:00+01:00,0.0318,0.0,0.0,0.0
2017-01-04 03:39:00+01:00,0.03147,0.0,0.0,0.0
2017-01-04 03:40:00+01:00,0.03346,0.0,0.0,0.0
2017-01-04 03:41:00+01:00,0.0345,0.0,0.0,0.0
2017-01-04 03:42:00+01:00,0.03412,0.0,0.0,0.0
2017-01-04 03:43:00+01:00,0.03565,0.0,0.0,0.0
2017-01-04 03:44:00+01:00,0.03391,0.0,0.0,0.0
2017-01-04 03:45:00+01:00,0.03018,0.0,0.0,0.0
2017-01-04 03:46:00+01:00,0.02944,0.0,0.0,0.0
2017-01-04 03:47:00+01:00,0.0287,0.0,0.0,0.0
2017-01-04 03:48:00+01:00,0.03001,0.0,0.0,0.0
2017-01-04 03:49:00+01:00,0.03051,0.0,0.0,0.0
2017-01-04 03:50:00+01:00,0.03079,0.0,0.0,0.0
2017-01-04 03:51:00+01:00,0.03053,0.0,0.0,0.0
2017-01-04 03:52:00+01:00,0.02917,0.0,0.0,0.0
2017-01-04 03:53:00+01:00,0.02961,0.0,0.0,0.0
2017-01-04 03:54:00+01:00,0.02943,0.0,0.0,0.0
2017-01-04 03:55:00+01:00,0.02935,0.0,0.0,0.0
2017-01-04 03:56:00+01:00,0.02946,0.0,0.0,0.0
2017-01-04 03:57:00+01:00,0.0294,0.0,0.0,0.0
2017-01-04 03:58:00+01:00,0.02959,0.0,0.0,0.0
2017-01-04 03:59:00+01:00,0.03362,0.0,0.0,0.0
2017-01-04 04:00:00+01:00,0.0331,0.0,0.0,0.0
2017-01-04 04:01:00+01:00,0.0327,0.0,0.0,0.0
2017-01-04 04:02:00+01:00,0.03428,0.0,0.0,0.0
2017-01-04 04:03:00+01:00,0.03377,0.0,0.0,0.0
2017-01-04 04:04:00+01:00,0.03303,0.0,0.0,0.0
2017-01-04 04:05:00+01:00,0.03256,0.0,0.0,0.0
2017-01-04 04:06:00+01:00,0.03224,0.0,0.0,0.0
2017-01-04 04:07:00+01:00,0.03168,0.0,0.0,0.0
2017-01-04 04:08:00+01:00,0.0308,0.0,0.0,0.0
2017-01-04 04:09:00+01:00,0.03511,0.0,0.0,0.0
2017-01-04 04:10:00+01:00,0.03506,0.0,0.0,0.0
2017-01-04 04:11:00+01:00,0.03272,0.0,0.0,0.0
2017-01-04 04:12:00+01:00,0.03199,0.0,0.0,0.0
2017-01-04 04:13:00+01:00,0.03533,0.0,0.0,0.0
2017-01-04 04:14:00+01:00,0.03273,0.0,0.0,0.0
2017-01-04 04:15:00+01:00,0.03137,0.0,0.0,0.0
2017-01-04 04:16:00+01:00,0.03057,0.0,0.0,0.0
2017-01-04 04:17:00+01:00,0.03061,0.0,0.0,0.0
2017-01-04 04:18:00+01:00,0.02928,0.0,0.0,0.0
2017-01-04 04:19:00+01:00,0.02884,0.0,0.0,0.0
2017-01-04 04:20:00+01:00,0.02855,0.0,0.0,0.0
2017-01-04 04:21:00+01:00,0.02839,0.0,0.0,0.0
2017-01-04 04:22:00+01:00,0.02878,0.0,0.0,0.0
2017-01-04 04:23:00+01:00,0.02879,0.0,0.0,0.0
2017-01-04 04:24:00+01:00,0.02986,0.0,0.0,0.0
2017-01-04 04:25:00+01:00,0.03052,0.0,0.0,0.0
2017-01-04 04:26:00+01:00,0.03044,0.0,0.0,0.0
2017-01-04 04:27:00+01:00,0.02999,0.0,0.0,0.0
2017-01-04 04:28:00+01:00,0.03039,0.0,0.0,0.0
2017-01-04 04:29:00+01:00,0.03511,0.0,0.0,0.0
2017-01-04 04:30:00+01:00,0.03651,0.0,0.0,0.0
2017-01-04 04:31:00+01:00,0.03596,0.0,0.0,0.0
2017-01-04 04:32:00+01:00,0.03792,0.0,0.0,0.0
2017-01-04 04:33:00+01:00,0.03449,0.0,0.0,0.0
2017-01-04 04:34:00+01:00,0.03402,0.0,0.0,0.0
2017-01-04 04:35:00+01:00,0.03361,0.0,0.0,0.0
2017-01-04 04:36:00+01:00,0.03297,0.0,0.0,0.0
2017-01-04 04:37:00+01:00,0.03657,0.0,0.0,0.0
2017-01-04 04:38:00+01:00,0.03519,0.0,0.0,0.0
2017-01-04 04:39:00+01:00,0.0339,0.0,0.0,0.0
2017-01-04 04:40:00+01:00,0.03559,0.0,0.0,0.0
2017-01-04 04:41:00+01:00,0.03326,0.0,0.0,0.0
2017-01-04 04:42:00+01:00,0.03399,0.0,0.0,0.0
2017-01-04 04:43:00+01:00,0.03581,0.0,0.0,0.0
2017-01-04 04:44:00+01:00,0.03429,0.0,0.0,0.0
2017-01-04 04:45:00+01:00,0.03249,0.0,0.0,0.0
2017-01-04 04:46:00+01:00,0.03205,0.0,0.0,0.0
2017-01-04 04:47:00+01:00,0.03274,0.0,0.0,0.0
2017-01-04 04:48:00+01:00,0.03404,0.0,0.0,0.0
2017-01-04 04:49:00+01:00,0.03095,0.0,0.0,0.0
2017-01-04 04:50:00+01:00,0.03244,0.0,0.0,0.0
2017-01-04 04:51:00+01:00,0.0339,0.0,0.0,0.0
2017-01-04 04:52:00+01:00,0.03419,0.0,0.0,0.0
2017-01-04 04:53:00+01:00,0.03523,0.0,0.0,0.0
2017-01-04 04:54:00+01:00,0.03305,0.0,0.0,0.0
2017-01-04 04:55:00+01:00,0.03393,0.0,0.0,0.0
2017-01-04 04:56:00+01:00,0.03602,0.0,0.0,0.0
2017-01-04 04:57:00+01:00,0.03338,0.0,0.0,0.0
2017-01-04 04:58:00+01:00,0.03235,0.0,0.0,0.0
2017-01-04 04:59:00+01:00,0.03206,0.0,0.0,0.0
2017-01-04 05:00:00+01:00,0.03111,0.0,0.0,0.0
2017-01-04 05:01:00+01:00,0.03382,0.0,0.0,0.0
2017-01-04 05:02:00+01:00,0.03392,0.0,0.0,0.0
2017-01-04 05:03:00+01:00,0.04373,0.0,0.0,0.0
2017-01-04 05:04:00+01:00,0.04688,0.0,0.0,0.0
2017-01-04 05:05:00+01:00,0.04832,0.0,0.0,0.0
2017-01-04 05:06:00+01:00,0.04583,0.0,0.0,0.0
2017-01-04 05:07:00+01:00,0.04764,0.0,0.0,0.0
2017-01-04 05:08:00+01:00,0.04686,0.0,0.0,0.0
2017-01-04 05:09:00+01:00,0.04672,0.0,0.0,0.0
2017-01-04 05:10:00+01:00,0.04344,0.0,0.0,0.0
2017-01-04 05:11:00+01:00,0.0435,0.0,0.0,0.0
2017-01-04 05:12:00+01:00,0.04466,0.0,0.0,0.0
2017-01-04 05:13:00+01:00,0.0442,0.0,0.0,0.0
2017-01-04 05:14:00+01:00,0.03667,0.0,0.0,0.0
2017-01-04 05:15:00+01:00,0.03818,0.0,0.0,0.0
2017-01-04 05:16:00+01:00,0.03824,0.0,0.0,0.0
2017-01-04 05:17:00+01:00,0.03666,0.0,0.0,0.0
2017-01-04 05:18:00+01:00,0.04555,0.0,0.0,0.0
2017-01-04 05:19:00+01:00,0.04911,0.0,0.0,0.0
2017-01-04 05:20:00+01:00,0.04681,0.0,0.0,0.0
2017-01-04 05:21:00+01:00,0.04499,0.0,0.0,0.0
2017-01-04 05:22:00+01:00,0.04417,0.0,0.0,0.0
2017-01-04 05:23:00+01:00,0.04382,0.0,0.0,0.0
2017-01-04 05:24:00+01:00,0.04258,0.0,0.0,0.0
2017-01-04 05:25:00+01:00,0.04167,0.0,0.0,0.0
2017-01-04 05:26:00+01:00,0.04673,0.0,0.0,0.0
2017-01-04 05:27:00+01:00,0.04529,0.0,0.0,0.0
2017-01-04 05:28:00+01:00,0.04314,0.0,0.0,0.0
2017-01-04 05:29:00+01:00,0.04273,0.0,0.0,0.0
2017-01-04 05:30:00+01:00,0.04336,0.0,0.0,0.0
2017-01-04 05:31:00+01:00,0.04428,0.0,0.0,0.0
2017-01-04 05:32:00+01:00,0.04129,0.0,0.0,0.0
2017-01-04 05:33:00+01:00,0.0385,0.0,0.0,0.0
2017-01-04 05:34:00+01:00,0.03886,0.0,0.0,0.0
2017-01-04 05:35:00+01:00,0.03889,0.0,0.0,0.0
2017-01-04 05:36:00+01:00,0.04042,0.0,0.0,0.0
2017-01-04 05:37:00+01:00,0.04371,0.0,0.0,0.0
2017-01-04 05:38:00+01:00,0.04854,0.0,0.0,0.0
2017-01-04 05:39:00+01:00,0.05293,0.0,0.0,0.0
2017-01-04 05:40:00+01:00,0.0553,0.0,0.0,0.0
2017-01-04 05:41:00+01:00,0.05595,0.0,0.0,0.0
2017-01-04 05:42:00+01:00,0.05434,0.0,0.0,0.0
2017-01-04 05:43:00+01:00,0.05319,0.0,0.0,0.0
2017-01-04 05:44:00+01:00,0.05294,0.0,0.0,0.0
2017-01-04 05:45:00+01:00,0.05331,0.0,0.0,0.0
2017-01-04 05:46:00+01:00,0.05017,0.0,0.0,0.0
2017-01-04 05:47:00+01:00,0.04909,0.0,0.0,0.0
2017-01-04 05:48:00+01:00,0.05179,0.0,0.0,0.0
2017-01-04 05:49:00+01:00,0.05996,0.0,0.0,0.0
2017-01-04 05:50:00+01:00,0.06282,0.0,0.0,0.0
2017-01-04 05:51:00+01:00,0.05261,0.0,0.0,0.0
2017-01-04 05:52:00+01:00,0.04078,0.0,0.0,0.0
2017-01-04 05:53:00+01:00,0.04036,0.0,0.0,0.0
2017-01-04 05:54:00+01:00,0.04454,0.0,0.0,0.0
2017-01-04 05:55:00+01:00,0.04734,0.0,0.0,0.0
2017-01-04 05:56:00+01:00,0.04769,0.0,0.0,0.0
2017-01-04 05:57:00+01:00,0.04437,0.0,0.0,0.0
2017-01-04 05:58:00+01:00,0.04573,0.0,0.0,0.0
2017-01-04 05:59:00+01:00,0.04656,0.0,0.0,0.0
2017-01-04 06:00:00+01:00,0.04958,0.0,0.0,0.0
2017-01-04 06:01:00+01:00,0.05088,0.0,0.0,0.0
2017-01-04 06:02:00+01:00,0.05079,0.0,0.0,0.0
2017-01-04 06:03:00+01:00,0.05316,0.0,0.0,0.0
2017-01-04 06:04:00+01:00,0.05421,0.0,0.0,0.0
2017-01-04 06:05:00+01:00,0.05384,0.0,0.0,0.0
2017-01-04 06:06:00+01:00,0.05592,0.0,0.0,0.0
2017-01-04 06:07:00+01:00,0.05515,0.0,0.0,0.0
2017-01-04 06:08:00+01:00,0.05593,0.0,0.0,0.0
2017-01-04 06:09:00+01:00,0.05584,0.0,0.0,0.0
2017-01-04 06:10:00+01:00,0.0593,0.0,0.0,0.0
2017-01-04 06:11:00+01:00,0.06404,0.0,0.0,0.0
2017-01-04 06:12:00+01:00,0.0632,0.0,0.0,0.0
2017-01-04 06:13:00+01:00,0.0634,0.0,0.0,0.0
2017-01-04 06:14:00+01:00,0.05685,0.0,0.0,0.0
2017-01-04 06:15:00+01:00,0.05643,0.0,0.0,0.0
2017-01-04 06:16:00+01:00,0.058,0.0,0.0,0.0
2017-01-04 06:17:00+01:00,0.06003,0.0,0.0,0.0
2017-01-04 06:18:00+01:00,0.0583,0.0,0.0,0.0
2017-01-04 06:19:00+01:00,0.06119,0.0,0.0,0.0
2017-01-04 06:20:00+01:00,0.06452,0.0,0.0,0.0
2017-01-04 06:21:00+01:00,0.06398,0.0,0.0,0.0
2017-01-04 06:22:00+01:00,0.06374,0.0,0.0,0.0
2017-01-04 06:23:00+01:00,0.06487,0.0,0.0,0.0
2017-01-04 06:24:00+01:00,0.06798,0.0,0.0,0.0
2017-01-04 06:25:00+01:00,0.0692,0.0,0.0,0.0
2017-01-04 06:26:00+01:00,0.07051,0.0,0.0,0.0
2017-01-04 06:27:00+01:00,0.06922,0.0,0.0,0.0
2017-01-04 06:28:00+01:00,0.0665,0.0,0.0,0.0
2017-01-04 06:29:00+01:00,0.06639,0.0,0.0,0.0
2017-01-04 06:30:00+01:00,0.07112,0.0,0.0,0.0
2017-01-04 06:31:00+01:00,0.0779,0.0,0.0,0.0
2017-01-04 06:32:00+01:00,0.07892,0.0,0.0,0.0
2017-01-04 06:33:00+01:00,0.07515,0.0,0.0,0.0
2017-01-04 06:34:00+01:00,0.06991,0.0,0.0,0.0
2017-01-04 06:35:00+01:00,0.07633,0.0,0.0,0.0
2017-01-04 06:36:00+01:00,0.07175,0.0,0.0,0.0
2017-01-04 06:37:00+01:00,0.07491,0.0,0.0,0.0
2017-01-04 06:38:00+01:00,0.0822,0.0,0.0,0.0
2017-01-04 06:39:00+01:00,0.08025,0.0,0.0,0.0
2017-01-04 06:40:00+01:00,0.0902,0.0,0.0,0.0
2017-01-04 06:41:00+01:00,0.07818,0.0,0.0,0.0
2017-01-04 06:42:00+01:00,0.08523,0.0,0.0,0.0
2017-01-04 06:43:00+01:00,0.08596,0.0,0.0,0.0
2017-01-04 06:44:00+01:00,0.09163,0.0,0.0,0.0
2017-01-04 06:45:00+01:00,0.09188,0.0,0.0,0.0
2017-01-04 06:46:00+01:00,0.09593,0.0,0.0,0.0
2017-01-04 06:47:00+01:00,0.09182,0.0,0.0,0.0
2017-01-04 06:48:00+01:00,0.09025,0.0,0.0,0.0
2017-01-04 06:49:00+01:00,0.08305,0.0,0.0,0.0
2017-01-04 06:50:00+01:00,0.07906,0.0,0.0,0.0
2017-01-04 06:51:00+01:00,0.07999,0.0,0.0,0.0
2017-01-04 06:52:00+01:00,0.08151,0.0,0.0,0.0
2017-01-04 06:53:00+01:00,0.07844,0.0,0.0,0.0
2017-01-04 06:54:00+01:00,0.07971,0.0,0.0,0.0
2017-01-04 06:55:00+01:00,0.08201,0.0,0.0,0.0
2017-01-04 06:56:00+01:00,0.08848,0.0,0.0,0.0
2017-01-04 06:57:00+01:00,0.08862,0.0,0.0,0.0
2017-01-04 06:58:00+01:00,0.08969,0.0,0.0,0.0
2017-01-04 06:59:00+01:00,0.08376,0.0,0.0,0.0
2017-01-04 07:00:00+01:00,0.08759,0.0,0.0,0.0
2017-01-04 07:01:00+01:00,0.08331,0.0,0.0,0.0
2017-01-04 07:02:00+01:00,0.08353,0.0,0.0,0.0
2017-01-04 07:03:00+01:00,0.08105,0.0,0.0,0.0
2017-01-04 07:04:00+01:00,0.07844,0.0,0.0,0.0
2017-01-04 07:05:00+01:00,0.06678,0.0,0.0,0.0
2017-01-04 07:06:00+01:00,0.0648,0.0,0.0,0.0
2017-01-04 07:07:00+01:00,0.06592,0.0,0.0,0.0
2017-01-04 07:08:00+01:00,0.06644,0.0,0.0,0.0
2017-01-04 07:09:00+01:00,0.0686,0.0,0.0,0.0
2017-01-04 07:10:00+01:00,0.07563,0.0,0.0,0.0
2017-01-04 07:11:00+01:00,0.07059,0.0,0.0,0.0
2017-01-04 07:12:00+01:00,0.06746,0.0,0.0,0.0
2017-01-04 07:13:00+01:00,0.0645,0.0,0.0,0.0
2017-01-04 07:14:00+01:00,0.07223,0.0,0.0,0.0
2017-01-04 07:15:00+01:00,0.07087,0.0,0.0,0.0
2017-01-04 07:16:00+01:00,0.07114,0.0,0.0,0.0
2017-01-04 07:17:00+01:00,0.06908,0.0,0.0,0.0
2017-01-04 07:18:00+01:00,0.06474,0.0,0.0,0.0
2017-01-04 07:19:00+01:00,0.06907,0.0,0.0,0.0
2017-01-04 07:20:00+01:00,0.07646,0.0,0.0,0.0
2017-01-04 07:21:00+01:00,0.07939,0.0,0.0,0.0
2017-01-04 07:22:00+01:00,0.07691,0.0,0.0,0.0
2017-01-04 07:23:00+01:00,0.06839,0.0,0.0,0.0
2017-01-04 07:24:00+01:00,0.06673,0.0,0.0,0.0
2017-01-04 07:25:00+01:00,0.06707,0.0,0.0,0.0
2017-01-04 07:26:00+01:00,0.06878,0.0,0.0,0.0
2017-01-04 07:27:00+01:00,0.07284,0.0,0.0,0.0
2017-01-04 07:28:00+01:00,0.06659,0.0,0.0,0.0
2017-01-04 07:29:00+01:00,0.06483,0.0,0.0,0.0
2017-01-04 07:30:00+01:00,0.06408,0.0,0.0,0.0
2017-01-04 07:31:00+01:00,0.06474,0.0,0.0,0.0
2017-01-04 07:32:00+01:00,0.06683,0.0,0.0,0.0
2017-01-04 07:33:00+01:00,0.06658,0.0,0.0,0.0
2017-01-04 07:34:00+01:00,0.06767,0.0,0.0,0.0
2017-01-04 07:35:00+01:00,0.06751,0.0,0.0,0.0
2017-01-04 07:36:00+01:00,0.06281,0.0,0.0,0.0
2017-01-04 07:37:00+01:00,0.06468,0.0,0.0,0.0
2017-01-04 07:38:00+01:00,0.06415,0.0,0.0,0.0
2017-01-04 07:39:00+01:00,0.06899,0.0,0.0,0.0
2017-01-04 07:40:00+01:00,0.0528,0.0,0.0,0.0
2017-01-04 07:41:00+01:00,0.05157,0.0,0.0,0.0
2017-01-04 07:42:00+01:00,0.06023,0.0,0.0,0.0
2017-01-04 07:43:00+01:00,0.06132,0.0,0.0,0.0
2017-01-04 07:44:00+01:00,0.05873,0.0,0.0,0.0
2017-01-04 07:45:00+01:00,0.05651,0.0,0.0,0.0
2017-01-04 07:46:00+01:00,0.06517,0.0,0.0,0.0
2017-01-04 07:47:00+01:00,0.0712,0.0,0.0,0.0
2017-01-04 07:48:00+01:00,0.07147,0.0,0.0,0.0
2017-01-04 07:49:00+01:00,0.07238,0.0,0.0,0.0
2017-01-04 07:50:00+01:00,0.06789,0.0,0.0,0.0
2017-01-04 07:51:00+01:00,0.06275,0.0,0.0,0.0
2017-01-04 07:52:00+01:00,0.07084,0.0,0.0,0.0
2017-01-04 07:53:00+01:00,0.0688,0.0,0.0,0.0
2017-01-04 07:54:00+01:00,0.06698,0.0,0.0,0.0
2017-01-04 07:55:00+01:00,0.06577,0.0,0.0,0.0
2017-01-04 07:56:00+01:00,0.06438,0.0,0.0,0.0
2017-01-04 07:57:00+01:00,0.0635,0.0,0.0,0.0
2017-01-04 07:58:00+01:00,0.06453,0.0,0.0,0.0
2017-01-04 07:59:00+01:00,0.05992,0.0,0.0,0.0
2017-01-04 08:00:00+01:00,0.05976,0.0,0.0,0.0
2017-01-04 08:01:00+01:00,0.06303,0.0,0.0,0.0
2017-01-04 08:02:00+01:00,0.06535,0.0,0.0,0.0
2017-01-04 08:03:00+01:00,0.06243,0.0,0.0,0.0
2017-01-04 08:04:00+01:00,0.06693,0.0,0.0,0.0
2017-01-04 08:05:00+01:00,0.06833,0.0,0.0,0.0
2017-01-04 08:06:00+01:00,0.06734,0.0,0.0,0.0
2017-01-04 08:07:00+01:00,0.06931,0.0,0.0,0.0
2017-01-04 08:08:00+01:00,0.0581,0.0,0.0,0.0
2017-01-04 08:09:00+01:00,0.05418,0.0,0.0,0.0
2017-01-04 08:10:00+01:00,0.05644,0.0,0.0,0.0
2017-01-04 08:11:00+01:00,0.06677,0.0,0.0,0.0
2017-01-04 08:12:00+01:00,0.06619,0.0,0.0,0.0
2017-01-04 08:13:00+01:00,0.06342,0.0,0.0,0.0
2017-01-04 08:14:00+01:00,0.08238,0.0,0.0,0.0
2017-01-04 08:15:00+01:00,0.06518,0.0,0.0,0.0
2017-01-04 08:16:00+01:00,0.06779,0.0,0.0,0.0
2017-01-04 08:17:00+01:00,0.07547,0.0,0.0,0.0
2017-01-04 08:18:00+01:00,0.07673,0.0,0.0,0.0
2017-01-04 08:19:00+01:00,0.08421,0.0,0.0,0.0
2017-01-04 08:20:00+01:00,0.07964,0.0,0.0,0.0
2017-01-04 08:21:00+01:00,0.07922,0.0,0.0,0.0
2017-01-04 08:22:00+01:00,0.07846,0.0,0.0,0.0
2017-01-04 08:23:00+01:00,0.07746,0.0,0.0,0.0
2017-01-04 08:24:00+01:00,0.07801,0.0,0.0,0.0
2017-01-04 08:25:00+01:00,0.07215,0.0,0.0,0.0
2017-01-04 08:26:00+01:00,0.07278,0.0,0.0,0.0
2017-01-04 08:27:00+01:00,0.06858,0.0,0.0,0.0
2017-01-04 08:28:00+01:00,0.07197,0.0,0.0,0.0
2017-01-04 08:29:00+01:00,0.07898,0.0,0.0,0.0
2017-01-04 08:30:00+01:00,0.08491,0.0,0.0,0.0
2017-01-04 08:31:00+01:00,0.07706,0.0,0.0,0.0
2017-01-04 08:32:00+01:00,0.07626,0.0,0.0,0.0
2017-01-04 08:33:00+01:00,0.07569,0.0,0.0,0.0
2017-01-04 08:34:00+01:00,0.07327,0.0,0.0,0.0
2017-01-04 08:35:00+01:00,0.07388,0.0,0.0,0.0
2017-01-04 08:36:00+01:00,0.07428,0.0,0.0,0.0
2017-01-04 08:37:00+01:00,0.06381,0.0,0.0,0.0
2017-01-04 08:38:00+01:00,0.05681,0.0,0.0,0.0
2017-01-04 08:39:00+01:00,0.05656,0.0,0.0,0.0
2017-01-04 08:40:00+01:00,0.06479,0.0,0.0,0.0
2017-01-04 08:41:00+01:00,0.0617,0.0,0.0,0.0
2017-01-04 08:42:00+01:00,0.0667,0.0,0.0,0.0
2017-01-04 08:43:00+01:00,0.06698,0.0,0.0,0.0
2017-01-04 08:44:00+01:00,0.06768,0.0,0.0,0.0
2017-01-04 08:45:00+01:00,0.06741,0.0,0.0,0.0
2017-01-04 08:46:00+01:00,0.06985,0.0,0.0,0.0
2017-01-04 08:47:00+01:00,0.07784,0.0,0.0,0.0
2017-01-04 08:48:00+01:00,0.0695,0.0,0.0,0.0
2017-01-04 08:49:00+01:00,0.06889,0.0,0.0,0.0
2017-01-04 08:50:00+01:00,0.07024,0.0,0.0,0.0
2017-01-04 08:51:00+01:00,0.06836,0.0,0.0,0.0
2017-01-04 08:52:00+01:00,0.07423,0.0,0.0,0.0
2017-01-04 08:53:00+01:00,0.07143,0.0,0.0,0.0
2017-01-04 08:54:00+01:00,0.06406,0.000203,0.0,0.0
2017-01-04 08:55:00+01:00,0.06012,0.000647,0.0,0.0
2017-01-04 08:56:00+01:00,0.06327,0.001006,0.0,0.0
2017-01-04 08:57:00+01:00,0.06024,0.0,0.0,0.0
2017-01-04 08:58:00+01:00,0.05996,0.009314,0.0,0.0
2017-01-04 08:59:00+01:00,0.06199,0.009412,0.0,0.0
2017-01-04 09:00:00+01:00,0.06451,0.007611,0.0,0.0
2017-01-04 09:01:00+01:00,0.0559,0.009235,0.0,0.0
2017-01-04 09:02:00+01:00,0.05273,0.010379,0.0,0.0
2017-01-04 09:03:00+01:00,0.07528,0.012651,0.0,0.0
2017-01-04 09:04:00+01:00,0.08431,0.010353,0.0,0.0
2017-01-04 09:05:00+01:00,0.08309,0.014138,0.0,0.0
2017-01-04 09:06:00+01:00,0.06124,0.013845,0.0,0.0
2017-01-04 09:07:00+01:00,0.0627,0.015145,0.0,0.0
2017-01-04 09:08:00+01:00,0.05772,0.014766,0.0,0.0
2017-01-04 09:09:00+01:00,0.06237,0.016804,0.0,0.0
2017-01-04 09:10:00+01:00,0.06802,0.029483,0.0,0.0
2017-01-04 09:11:00+01:00,0.06458,0.030038,0.0,0.0
2017-01-04 09:12:00+01:00,0.06323,0.032206,0.0,0.0
2017-01-04 09:13:00+01:00,0.06404,0.035756,0.0,0.0
2017-01-04 09:14:00+01:00,0.06061,0.044582,0.0,0.0
2017-01-04 09:15:00+01:00,0.05912,0.048721,0.0,0.0
2017-01-04 09:16:00+01:00,0.05687,0.048928,0.0,0.0
2017-01-04 09:17:00+01:00,0.05627,0.05244,0.0,0.0
2017-01-04 09:18:00+01:00,0.0608,0.044865,0.0,0.0
2017-01-04 09:19:00+01:00,0.07317,0.041955,0.0,0.0
2017-01-04 09:20:00+01:00,0.08038,0.04373,0.0,0.0
2017-01-04 09:21:00+01:00,0.0826,0.045992,0.0,0.0
2017-01-04 09:22:00+01:00,0.07246,0.050466,0.0,0.0
2017-01-04 09:23:00+01:00,0.07056,0.03983,0.0,0.0
2017-01-04 09:24:00+01:00,0.0719,0.033335,0.0,0.0
2017-01-04 09:25:00+01:00,0.07135,0.033798,0.0,0.0
2017-01-04 09:26:00+01:00,0.06637,0.03343,0.0,0.0
2017-01-04 09:27:00+01:00,0.06574,0.031691,0.0,0.0
2017-01-04 09:28:00+01:00,0.06074,0.032959,0.0,0.0
2017-01-04 09:29:00+01:00,0.0663,0.037274,0.0,0.0
2017-01-04 09:30:00+01:00,0.06924,0.043914,0.0,0.0
2017-01-04 09:31:00+01:00,0.05834,0.046792,0.0,0.0
2017-01-04 09:32:00+01:00,0.05734,0.050284,0.0,0.0
2017-01-04 09:33:00+01:00,0.0605,0.058075,0.0,0.0
2017-01-04 09:34:00+01:00,0.06381,0.069708,0.0,0.0
2017-01-04 09:35:00+01:00,0.07803,0.073654,0.0,0.0
2017-01-04 09:36:00+01:00,0.07088,0.066709,0.0,0.0
2017-01-04 09:37:00+01:00,0.06485,0.055867,0.0,0.0
2017-01-04 09:38:00+01:00,0.06532,0.04848,0.0,0.0
2017-01-04 09:39:00+01:00,0.06535,0.059627,0.0,0.0
2017-01-04 09:40:00+01:00,0.06757,0.079956,0.0,0.0
2017-01-04 09:41:00+01:00,0.06682,0.10207,0.0,0.0
2017-01-04 09:42:00+01:00,0.06697,0.085796,0.0,0.0
2017-01-04 09:43:00+01:00,0.06632,0.084084,0.0,0.0
2017-01-04 09:44:00+01:00,0.07702,0.075979,0.0,0.0
2017-01-04 09:45:00+01:00,0.07032,0.072381,0.0,0.0
2017-01-04 09:46:00+01:00,0.06894,0.056755,0.0,0.0
2017-01-04 09:47:00+01:00,0.06577,0.042189,0.0,0.0
2017-01-04 09:48:00+01:00,0.06764,0.0324,0.0,0.0
2017-01-04 09:49:00+01:00,0.06404,0.025948,0.0,0.0
2017-01-04 09:50:00+01:00,0.06717,0.022763,0.0,0.0
2017-01-04 09:51:00+01:00,0.0662,0.030261,0.0,0.0
2017-01-04 09:52:00+01:00,0.06161,0.048539,0.0,0.0
2017-01-04 09:53:00+01:00,0.06099,0.055885,0.0,0.0
2017-01-04 09:54:00+01:00,0.06267,0.046495,0.0,0.0
2017-01-04 09:55:00+01:00,0.05895,0.028012,0.0,0.0
2017-01-04 09:56:00+01:00,0.06147,0.040964,0.0,0.0
2017-01-04 09:57:00+01:00,0.06243,0.043297,0.0,0.0
2017-01-04 09:58:00+01:00,0.06516,0.044637,0.0,0.0
2017-01-04 09:59:00+01:00,0.06524,0.06366,0.0,0.0
2017-01-04 10:00:00+01:00,0.06578,0.065083,0.0,0.0
2017-01-04 10:01:00+01:00,0.06437,0.067823,0.0,0.0
2017-01-04 10:02:00+01:00,0.06689,0.070135,0.0,0.0
2017-01-04 10:03:00+01:00,0.06072,0.0804,0.0,0.0
2017-01-04 10:04:00+01:00,0.05774,0.106088,0.0,0.0
2017-01-04 10:05:00+01:00,0.05941,0.096855,0.0,0.0
2017-01-04 10:06:00+01:00,0.06059,0.078583,0.0,0.0
2017-01-04 10:07:00+01:00,0.06427,0.082286,0.0,0.0
2017-01-04 10:08:00+01:00,0.06512,0.083194,0.0,0.0
2017-01-04 10:09:00+01:00,0.05469,0.080074,0.0,0.0
2017-01-04 10:10:00+01:00,0.05795,0.079953,0.0,0.0
2017-01-04 10:11:00+01:00,0.05649,0.070911,0.0,0.0
2017-01-04 10:12:00+01:00,0.05589,0.068401,0.0,0.0
2017-01-04 10:13:00+01:00,0.05934,0.078966,0.0,0.0
2017-01-04 10:14:00+01:00,0.06201,0.082318,0.0,0.0
2017-01-04 10:15:00+01:00,0.06651,0.078004,0.0,0.0
2017-01-04 10:16:00+01:00,0.06428,0.071777,0.0,0.0
2017-01-04 10:17:00+01:00,0.06143,0.05372,0.0,0.0
2017-01-04 10:18:00+01:00,0.05956,0.06427,0.0,0.0
2017-01-04 10:19:00+01:00,0.05773,0.033387,0.0,0.0
2017-01-04 10:20:00+01:00,0.06072,0.021252,0.0,0.0
2017-01-04 10:21:00+01:00,0.0675,0.021346,0.0,0.0
2017-01-04 10:22:00+01:00,0.06527,0.025554,0.0,0.0
2017-01-04 10:23:00+01:00,0.06433,0.028999,0.0,0.0
2017-01-04 10:24:00+01:00,0.06542,0.037161,0.0,0.0
2017-01-04 10:25:00+01:00,0.06827,0.055629,0.0,0.0
2017-01-04 10:26:00+01:00,0.05646,0.071355,0.0,0.0
2017-01-04 10:27:00+01:00,0.05517,0.10234,0.0,0.0
2017-01-04 10:28:00+01:00,0.05139,0.138945,0.0,0.0
2017-01-04 10:29:00+01:00,0.05843,0.158679,0.0,0.0
2017-01-04 10:30:00+01:00,0.06178,0.196033,0.0,0.0
2017-01-04 10:31:00+01:00,0.05896,0.172408,0.0,0.0
2017-01-04 10:32:00+01:00,0.05942,0.16487,0.0,0.0
2017-01-04 10:33:00+01:00,0.05994,0.197145,0.0,0.0
2017-01-04 10:34:00+01:00,0.06454,0.268445,0.0,0.0
2017-01-04 10:35:00+01:00,0.06764,0.176813,0.0,0.0
2017-01-04 10:36:00+01:00,0.0684,0.096669,0.0,0.0
2017-01-04 10:37:00+01:00,0.06902,0.103924,0.0,0.0
2017-01-04 10:38:00+01:00,0.06776,0.155267,0.0,0.0
2017-01-04 10:39:00+01:00,0.0644,0.125225,0.0,0.0
2017-01-04 10:40:00+01:00,0.0668,0.146877,0.0,0.0
2017-01-04 10:41:00+01:00,0.06441,0.152849,0.0,0.0
2017-01-04 10:42:00+01:00,0.06478,0.176484,0.0,0.0
2017-01-04 10:43:00+01:00,0.06518,0.135868,0.0,0.0
2017-01-04 10:44:00+01:00,0.06422,0.106778,0.0,0.0
2017-01-04 10:45:00+01:00,0.07165,0.099502,0.0,0.0
2017-01-04 10:46:00+01:00,0.0721,0.090362,0.0,0.0
2017-01-04 10:47:00+01:00,0.06876,0.10338,0.0,0.0
2017-01-04 10:48:00+01:00,0.06437,0.157186,0.0,0.0
2017-01-04 10:49:00+01:00,0.06074,0.17629,0.0,0.0
2017-01-04 10:50:00+01:00,0.06326,0.286079,0.0,0.0
2017-01-04 10:51:00+01:00,0.05887,0.206852,0.0,0.0
2017-01-04 10:52:00+01:00,0.05642,0.129497,0.0,0.0
2017-01-04 10:53:00+01:00,0.05304,0.077232,0.0,0.0
2017-01-04 10:54:00+01:00,0.06377,0.106943,0.0,0.0
2017-01-04 10:55:00+01:00,0.05843,0.148144,0.0,0.0
2017-01-04 10:56:00+01:00,0.05918,0.170456,0.0,0.0
2017-01-04 10:57:00+01:00,0.06001,0.122465,0.0,0.0
2017-01-04 10:58:00+01:00,0.06471,0.086642,0.0,0.0
2017-01-04 10:59:00+01:00,0.06791,0.070037,0.0,0.0
2017-01-04 11:00:00+01:00,0.07137,0.045579,0.0,0.0
2017-01-04 11:01:00+01:00,0.07326,0.02901,0.0,0.0
2017-01-04 11:02:00+01:00,0.07269,0.031446,0.0,0.0
2017-01-04 11:03:00+01:00,0.06904,0.031696,0.0,0.0
2017-01-04 11:04:00+01:00,0.06556,0.048764,0.0,0.0
2017-01-04 11:05:00+01:00,0.06535,0.068827,0.0,0.0
2017-01-04 11:06:00+01:00,0.0691,0.111278,0.0,0.0
2017-01-04 11:07:00+01:00,0.063,0.132542,0.0,0.0
2017-01-04 11:08:00+01:00,0.06301,0.162799,0.0,0.0
2017-01-04 11:09:00+01:00,0.06799,0.205544,0.0,0.0
2017-01-04 11:10:00+01:00,0.06556,0.286351,0.0,0.0
2017-01-04 11:11:00+01:00,0.06603,0.258516,0.0,0.0
2017-01-04 11:12:00+01:00,0.06915,0.264898,0.0,0.0
2017-01-04 11:13:00+01:00,0.06946,0.288925,0.0,0.0
2017-01-04 11:14:00+01:00,0.07026,0.236067,0.0,0.0
2017-01-04 11:15:00+01:00,0.07653,0.170272,0.0,0.0
2017-01-04 11:16:00+01:00,0.07686,0.108494,0.0,0.0
2017-01-04 11:17:00+01:00,0.07065,0.093277,0.0,0.0
2017-01-04 11:18:00+01:00,0.06834,0.099937,0.0,0.0
2017-01-04 11:19:00+01:00,0.07322,0.092606,0.0,0.0
2017-01-04 11:20:00+01:00,0.07642,0.081149,0.0,0.0
2017-01-04 11:21:00+01:00,0.07802,0.065856,0.0,0.0
2017-01-04 11:22:00+01:00,0.0749,0.07153,0.0,0.0
2017-01-04 11:23:00+01:00,0.07674,0.071209,0.0,0.0
2017-01-04 11:24:00+01:00,0.07523,0.077121,0.0,0.0
2017-01-04 11:25:00+01:00,0.07415,0.094242,0.0,0.0
2017-01-04 11:26:00+01:00,0.07016,0.118555,0.0,0.0
2017-01-04 11:27:00+01:00,0.07356,0.126292,0.0,0.0
2017-01-04 11:28:00+01:00,0.0742,0.166103,0.0,0.0
2017-01-04 11:29:00+01:00,0.07063,0.195134,0.0,0.0
2017-01-04 11:30:00+01:00,0.06677,0.13643,0.0,0.0
2017-01-04 11:31:00+01:00,0.06514,0.064887,0.0,0.0
2017-01-04 11:32:00+01:00,0.06334,0.031948,0.0,0.0
2017-01-04 11:33:00+01:00,0.06252,0.024999,0.0,0.0
2017-01-04 11:34:00+01:00,0.0675,0.041725,0.0,0.0
2017-01-04 11:35:00+01:00,0.06181,0.05192,0.0,0.0
2017-01-04 11:36:00+01:00,0.06452,0.066677,0.0,0.0
2017-01-04 11:37:00+01:00,0.06124,0.066877,0.0,0.0
2017-01-04 11:38:00+01:00,0.06222,0.067025,0.0,0.0
2017-01-04 11:39:00+01:00,0.06667,0.080416,0.0,0.0
2017-01-04 11:40:00+01:00,0.06551,0.081772,0.0,0.0
2017-01-04 11:41:00+01:00,0.06973,0.071627,0.0,0.0
2017-01-04 11:42:00+01:00,0.06489,0.067515,0.0,0.0
2017-01-04 11:43:00+01:00,0.06632,0.100318,0.0,0.0
2017-01-04 11:44:00+01:00,0.06433,0.162981,0.0,0.0
2017-01-04 11:45:00+01:00,0.06186,0.186208,0.0,0.0
2017-01-04 11:46:00+01:00,0.05885,0.198655,0.0,0.0
2017-01-04 11:47:00+01:00,0.05685,0.209528,0.0,0.0
2017-01-04 11:48:00+01:00,0.05682,0.188749,0.0,0.0
2017-01-04 11:49:00+01:00,0.05657,0.181896,0.0,0.0
2017-01-04 11:50:00+01:00,0.05856,0.203659,0.0,0.0
2017-01-04 11:51:00+01:00,0.05996,0.139471,0.0,0.0
2017-01-04 11:52:00+01:00,0.05898,0.123883,0.0,0.0
2017-01-04 11:53:00+01:00,0.05906,0.136067,0.0,0.0
2017-01-04 11:54:00+01:00,0.05671,0.124676,0.0,0.0
2017-01-04 11:55:00+01:00,0.05854,0.140374,0.0,0.0
2017-01-04 11:56:00+01:00,0.05653,0.128152,0.0,0.0
2017-01-04 11:57:00+01:00,0.05383,0.075993,0.0,0.0
2017-01-04 11:58:00+01:00,0.0606,0.060623,0.0,0.0
2017-01-04 11:59:00+01:00,0.06053,0.052188,0.0,0.0
2017-01-04 12:00:00+01:00,0.06657,0.047853,0.0,0.0
2017-01-04 12:01:00+01:00,0.06123,0.086044,0.0,0.0
2017-01-04 12:02:00+01:00,0.05897,0.06989,0.0,0.0
2017-01-04 12:03:00+01:00,0.05911,0.067419,0.0,0.0
2017-01-04 12:04:00+01:00,0.05837,0.072146,0.0,0.0
2017-01-04 12:05:00+01:00,0.05631,0.083968,0.0,0.0
2017-01-04 12:06:00+01:00,0.05337,0.102321,0.0,0.0
2017-01-04 12:07:00+01:00,0.05107,0.096964,0.0,0.0
2017-01-04 12:08:00+01:00,0.05556,0.080866,0.0,0.0
2017-01-04 12:09:00+01:00,0.05313,0.089006,0.0,0.0
2017-01-04 12:10:00+01:00,0.05927,0.077185,0.0,0.0
2017-01-04 12:11:00+01:00,0.0672,0.037821,0.0,0.0
2017-01-04 12:12:00+01:00,0.06147,0.011486,0.0,0.0
2017-01-04 12:13:00+01:00,0.05934,0.0,0.0,0.0
2017-01-04 12:14:00+01:00,0.05188,0.0,0.0,0.0
2017-01-04 12:15:00+01:00,0.05081,0.0,0.0,0.0
2017-01-04 12:16:00+01:00,0.05086,0.00899,0.0,0.0
2017-01-04 12:17:00+01:00,0.05808,0.035015,0.0,0.0
2017-01-04 12:18:00+01:00,0.05497,0.069521,0.0,0.0
2017-01-04 12:19:00+01:00,0.0487,0.081876,0.0,0.0
2017-01-04 12:20:00+01:00,0.05818,0.077601,0.0,0.0
2017-01-04 12:21:00+01:00,0.05667,0.061753,0.0,0.0
2017-01-04 12:22:00+01:00,0.06397,0.052253,0.0,0.0
2017-01-04 12:23:00+01:00,0.05646,0.091538,0.0,0.0
2017-01-04 12:24:00+01:00,0.05815,0.115831,0.0,0.0
2017-01-04 12:25:00+01:00,0.05662,0.128173,0.0,0.0
2017-01-04 12:26:00+01:00,0.05707,0.137921,0.0,0.0
2017-01-04 12:27:00+01:00,0.05398,0.152008,0.0,0.0
2017-01-04 12:28:00+01:00,0.0541,0.141395,0.0,0.0
2017-01-04 12:29:00+01:00,0.05643,0.181136,0.0,0.0
2017-01-04 12:30:00+01:00,0.05843,0.168951,0.0,0.0
2017-01-04 12:31:00+01:00,0.05474,0.17188,0.0,0.0
2017-01-04 12:32:00+01:00,0.05934,0.172239,0.0,0.0
2017-01-04 12:33:00+01:00,0.06039,0.191687,0.0,0.0
2017-01-04 12:34:00+01:00,0.05757,0.183229,0.0,0.0
2017-01-04 12:35:00+01:00,0.05865,0.206798,0.0,0.0
2017-01-04 12:36:00+01:00,0.05837,0.189168,0.0,0.0
2017-01-04 12:37:00+01:00,0.06025,0.165045,0.0,0.0
2017-01-04 12:38:00+01:00,0.05681,0.26393,0.0,0.0
2017-01-04 12:39:00+01:00,0.06222,0.358974,0.0,0.0
2017-01-04 12:40:00+01:00,0.05754,0.498179,0.0,0.0
2017-01-04 12:41:00+01:00,0.05038,0.407391,0.0,0.0
2017-01-04 12:42:00+01:00,0.05506,0.364539,0.0,0.0
2017-01-04 12:43:00+01:00,0.05975,0.344558,0.0,0.0
2017-01-04 12:44:00+01:00,0.06071,0.30838,0.0,0.0
2017-01-04 12:45:00+01:00,0.06974,0.257863,0.0,0.0
2017-01-04 12:46:00+01:00,0.07115,0.205972,0.0,0.0
2017-01-04 12:47:00+01:00,0.06585,0.208305,0.0,0.0
2017-01-04 12:48:00+01:00,0.06529,0.189535,0.0,0.0
2017-01-04 12:49:00+01:00,0.0576,0.200472,0.0,0.0
2017-01-04 12:50:00+01:00,0.05151,0.217059,0.0,0.0
2017-01-04 12:51:00+01:00,0.05413,0.225277,0.0,0.0
2017-01-04 12:52:00+01:00,0.05984,0.193831,0.0,0.0
2017-01-04 12:53:00+01:00,0.057,0.180892,0.0,0.0
2017-01-04 12:54:00+01:00,0.06093,0.19738,0.0,0.0
2017-01-04 12:55:00+01:00,0.06264,0.263165,0.0,0.0
2017-01-04 12:56:00+01:00,0.06148,0.347326,0.0,0.0
2017-01-04 12:57:00+01:00,0.06475,0.417962,0.0,0.0
2017-01-04 12:58:00+01:00,0.06999,0.509939,0.0,0.0
2017-01-04 12:59:00+01:00,0.07013,0.648073,0.0,0.0
2017-01-04 13:00:00+01:00,0.06954,0.582087,0.0,0.0
2017-01-04 13:01:00+01:00,0.0655,0.502578,0.0,0.0
2017-01-04 13:02:00+01:00,0.06781,0.488527,0.0,0.0
2017-01-04 13:03:00+01:00,0.0764,0.625213,0.0,0.0
2017-01-04 13:04:00+01:00,0.07665,0.532031,0.0,0.0
2017-01-04 13:05:00+01:00,0.07721,0.464238,0.0,0.0
2017-01-04 13:06:00+01:00,0.0691,0.395849,0.0,0.0
2017-01-04 13:07:00+01:00,0.06586,0.462478,0.0,0.0
2017-01-04 13:08:00+01:00,0.06371,0.458236,0.0,0.0
2017-01-04 13:09:00+01:00,0.0617,0.401314,0.0,0.0
2017-01-04 13:10:00+01:00,0.062,0.457695,0.0,0.0
2017-01-04 13:11:00+01:00,0.0683,0.464124,0.0,0.0
2017-01-04 13:12:00+01:00,0.06698,0.437955,0.0,0.0
2017-01-04 13:13:00+01:00,0.06569,0.40537,0.0,0.0
2017-01-04 13:14:00+01:00,0.06951,0.336337,0.0,0.0
2017-01-04 13:15:00+01:00,0.06792,0.252134,0.0,0.0
2017-01-04 13:16:00+01:00,0.06971,0.225745,0.0,0.0
2017-01-04 13:17:00+01:00,0.07588,0.240478,0.0,0.0
2017-01-04 13:18:00+01:00,0.0788,0.244086,0.0,0.0
2017-01-04 13:19:00+01:00,0.08014,0.185153,0.0,0.0
2017-01-04 13:20:00+01:00,0.07573,0.259023,0.0,0.0
2017-01-04 13:21:00+01:00,0.07715,0.290628,0.0,0.0
2017-01-04 13:22:00+01:00,0.0692,0.346056,0.0,0.0
2017-01-04 13:23:00+01:00,0.06463,0.275609,0.0,0.0
2017-01-04 13:24:00+01:00,0.05964,0.209182,0.0,0.0
2017-01-04 13:25:00+01:00,0.05521,0.108122,0.0,0.0
2017-01-04 13:26:00+01:00,0.05736,0.068816,0.0,0.0
2017-01-04 13:27:00+01:00,0.06102,0.047998,0.0,0.0
2017-01-04 13:28:00+01:00,0.05903,0.050135,0.0,0.0
2017-01-04 13:29:00+01:00,0.0582,0.063114,0.0,0.0
2017-01-04 13:30:00+01:00,0.05745,0.082413,0.0,0.0
2017-01-04 13:31:00+01:00,0.05475,0.121705,0.0,0.0
2017-01-04 13:32:00+01:00,0.06124,0.160269,0.0,0.0
2017-01-04 13:33:00+01:00,0.06424,0.208146,0.0,0.0
2017-01-04 13:34:00+01:00,0.06798,0.209187,0.0,0.0
2017-01-04 13:35:00+01:00,0.061,0.091544,0.0,0.0
2017-01-04 13:36:00+01:00,0.05901,0.080146,0.0,0.0
2017-01-04 13:37:00+01:00,0.05635,0.030907,0.0,0.0
2017-01-04 13:38:00+01:00,0.06284,0.009045,0.0,0.0
2017-01-04 13:39:00+01:00,0.05957,0.0,0.0,0.0
2017-01-04 13:40:00+01:00,0.06164,0.0,0.0,0.0
2017-01-04 13:41:00+01:00,0.06135,0.0,0.0,0.0
2017-01-04 13:42:00+01:00,0.06016,0.0,0.0,0.0
2017-01-04 13:43:00+01:00,0.06237,0.0,0.0,0.0
2017-01-04 13:44:00+01:00,0.06163,0.0,0.0,0.0
2017-01-04 13:45:00+01:00,0.05531,0.0,0.0,0.0
2017-01-04 13:46:00+01:00,0.05222,0.0,0.0,0.0
2017-01-04 13:47:00+01:00,0.05594,0.0,0.0,0.0
2017-01-04 13:48:00+01:00,0.05897,0.0,0.0,0.0
2017-01-04 13:49:00+01:00,0.05725,0.0,0.0,0.0
2017-01-04 13:50:00+01:00,0.06062,0.0,0.0,0.0
2017-01-04 13:51:00+01:00,0.06283,0.0,0.0,0.0
2017-01-04 13:52:00+01:00,0.06526,0.0,0.0,0.0
2017-01-04 13:53:00+01:00,0.06132,0.0001,0.0,0.0
2017-01-04 13:54:00+01:00,0.06883,0.002007,0.0,0.0
2017-01-04 13:55:00+01:00,0.07021,0.002982,0.0,0.0
2017-01-04 13:56:00+01:00,0.06917,0.008149,0.0,0.0
2017-01-04 13:57:00+01:00,0.07831,0.01685,0.0,0.0
2017-01-04 13:58:00+01:00,0.06798,0.026652,0.0,0.0
2017-01-04 13:59:00+01:00,0.06828,0.03568,0.0,0.0
2017-01-04 14:00:00+01:00,0.07517,0.043879,0.0,0.0
2017-01-04 14:01:00+01:00,0.06264,0.046931,0.0,0.0
2017-01-04 14:02:00+01:00,0.0614,0.04384,0.0,0.0
2017-01-04 14:03:00+01:00,0.06438,0.032581,0.0,0.0
2017-01-04 14:04:00+01:00,0.05831,0.017837,0.0,0.0
2017-01-04 14:05:00+01:00,0.05775,0.014534,0.0,0.0
2017-01-04 14:06:00+01:00,0.05907,0.019642,0.0,0.0
2017-01-04 14:07:00+01:00,0.05788,0.01882,0.0,0.0
2017-01-04 14:08:00+01:00,0.05201,0.027414,0.0,0.0
2017-01-04 14:09:00+01:00,0.05384,0.026116,0.0,0.0
2017-01-04 14:10:00+01:00,0.05836,0.025381,0.0,0.0
2017-01-04 14:11:00+01:00,0.05668,0.022387,0.0,0.0
2017-01-04 14:12:00+01:00,0.05312,0.0137,0.0,0.0
2017-01-04 14:13:00+01:00,0.05917,0.018812,0.0,0.0
2017-01-04 14:14:00+01:00,0.06177,0.01557,0.0,0.0
2017-01-04 14:15:00+01:00,0.06915,0.01856,0.0,0.0
2017-01-04 14:16:00+01:00,0.07381,0.017546,0.0,0.0
2017-01-04 14:17:00+01:00,0.06958,0.016859,0.0,0.0
2017-01-04 14:18:00+01:00,0.06795,0.012528,0.0,0.0
2017-01-04 14:19:00+01:00,0.06559,0.010113,0.0,0.0
2017-01-04 14:20:00+01:00,0.06285,0.010495,0.0,0.0
2017-01-04 14:21:00+01:00,0.06683,0.011641,0.0,0.0
2017-01-04 14:22:00+01:00,0.07082,0.012218,0.0,0.0
2017-01-04 14:23:00+01:00,0.06611,0.01161,0.0,0.0
2017-01-04 14:24:00+01:00,0.06948,0.006752,0.0,0.0
2017-01-04 14:25:00+01:00,0.06631,0.005972,0.0,0.0
2017-01-04 14:26:00+01:00,0.0657,0.011961,0.0,0.0
2017-01-04 14:27:00+01:00,0.06369,0.024024,0.0,0.0
2017-01-04 14:28:00+01:00,0.06186,0.034454,0.0,0.0
2017-01-04 14:29:00+01:00,0.0694,0.037884,0.0,0.0
2017-01-04 14:30:00+01:00,0.06633,0.034515,0.0,0.0
2017-01-04 14:31:00+01:00,0.06355,0.031524,0.0,0.0
2017-01-04 14:32:00+01:00,0.06133,0.026744,0.0,0.0
2017-01-04 14:33:00+01:00,0.05933,0.02296,0.0,0.0
2017-01-04 14:34:00+01:00,0.05713,0.023025,0.0,0.0
2017-01-04 14:35:00+01:00,0.05862,0.022984,0.0,0.0
2017-01-04 14:36:00+01:00,0.06527,0.023854,0.0,0.0
2017-01-04 14:37:00+01:00,0.07074,0.02639,0.0,0.0
2017-01-04 14:38:00+01:00,0.06768,0.027115,0.0,0.0
2017-01-04 14:39:00+01:00,0.0709,0.025982,0.0,0.0
2017-01-04 14:40:00+01:00,0.05977,0.027012,0.0,0.0
2017-01-04 14:41:00+01:00,0.05653,0.027595,0.0,0.0
2017-01-04 14:42:00+01:00,0.05761,0.027669,0.0,0.0
2017-01-04 14:43:00+01:00,0.05611,0.026816,0.0,0.0
2017-01-04 14:44:00+01:00,0.06248,0.02806,0.0,0.0
2017-01-04 14:45:00+01:00,0.07466,0.027547,0.0,0.0
2017-01-04 14:46:00+01:00,0.10081,0.029251,0.0,0.0
2017-01-04 14:47:00+01:00,0.09415,0.030336,0.0,0.0
2017-01-04 14:48:00+01:00,0.10784,0.0361,0.0,0.0
2017-01-04 14:49:00+01:00,0.10088,0.029831,0.0,0.0
2017-01-04 14:50:00+01:00,0.10135,0.023448,0.0,0.0
2017-01-04 14:51:00+01:00,0.10264,0.038967,0.0,0.0
2017-01-04 14:52:00+01:00,0.10964,0.031199,0.0,0.0
2017-01-04 14:53:00+01:00,0.09797,0.027448,0.0,0.0
2017-01-04 14:54:00+01:00,0.09858,0.025001,0.0,0.0
2017-01-04 14:55:00+01:00,0.09203,0.024278,0.0,0.0
2017-01-04 14:56:00+01:00,0.09957,0.023797,0.0,0.0
2017-01-04 14:57:00+01:00,0.0617,0.02364,0.0,0.0
2017-01-04 14:58:00+01:00,0.06506,0.025345,0.0,0.0
2017-01-04 14:59:00+01:00,0.07224,0.025639,0.0,0.0
2017-01-04 15:00:00+01:00,0.07417,0.025564,0.0,0.0
2017-01-04 15:01:00+01:00,0.07485,0.024583,0.0,0.0
2017-01-04 15:02:00+01:00,0.07497,0.023742,0.0,0.0
2017-01-04 15:03:00+01:00,0.07563,0.023137,0.0,0.0
2017-01-04 15:04:00+01:00,0.07643,0.020822,0.0,0.0
2017-01-04 15:05:00+01:00,0.07884,0.020294,0.0,0.0
2017-01-04 15:06:00+01:00,0.07732,0.020756,0.0,0.0
2017-01-04 15:07:00+01:00,0.07175,0.024048,0.0,0.0
2017-01-04 15:08:00+01:00,0.06033,0.023637,0.0,0.0
2017-01-04 15:09:00+01:00,0.06303,0.023197,0.0,0.0
2017-01-04 15:10:00+01:00,0.06779,0.021336,0.0,0.0
2017-01-04 15:11:00+01:00,0.07763,0.018727,0.0,0.0
2017-01-04 15:12:00+01:00,0.07042,0.015912,0.0,0.0
2017-01-04 15:13:00+01:00,0.07452,0.014754,0.0,0.0
2017-01-04 15:14:00+01:00,0.07106,0.016093,0.0,0.0
2017-01-04 15:15:00+01:00,0.07029,0.015508,0.0,0.0
2017-01-04 15:16:00+01:00,0.07549,0.01486,0.0,0.0
2017-01-04 15:17:00+01:00,0.07574,0.014111,0.0,0.0
2017-01-04 15:18:00+01:00,0.07533,0.013956,0.0,0.0
2017-01-04 15:19:00+01:00,0.07875,0.012251,0.0,0.0
2017-01-04 15:20:00+01:00,0.07227,0.012733,0.0,0.0
2017-01-04 15:21:00+01:00,0.06872,0.011177,0.0,0.0
2017-01-04 15:22:00+01:00,0.07249,0.012614,0.0,0.0
2017-01-04 15:23:00+01:00,0.06555,0.012661,0.0,0.0
2017-01-04 15:24:00+01:00,0.06641,0.013577,0.0,0.0
2017-01-04 15:25:00+01:00,0.06845,0.019995,0.0,0.0
2017-01-04 15:26:00+01:00,0.07012,0.0,0.0,0.0
2017-01-04 15:27:00+01:00,0.06914,0.0,0.0,0.0
2017-01-04 15:28:00+01:00,0.07699,0.0,0.0,0.0
2017-01-04 15:29:00+01:00,0.09019,0.0,0.0,0.0
2017-01-04 15:30:00+01:00,0.07523,0.0,0.0,0.0
2017-01-04 15:31:00+01:00,0.07078,0.0,0.0,0.0
2017-01-04 15:32:00+01:00,0.08505,0.0,0.0,0.0
2017-01-04 15:33:00+01:00,0.08891,0.0,0.0,0.0
2017-01-04 15:34:00+01:00,0.08988,0.0,0.0,0.0
2017-01-04 15:35:00+01:00,0.08633,0.0,0.0,0.0
2017-01-04 15:36:00+01:00,0.0791,0.0,0.0,0.0
2017-01-04 15:37:00+01:00,0.08698,0.0,0.0,0.0
2017-01-04 15:38:00+01:00,0.08151,0.0,0.0,0.0
2017-01-04 15:39:00+01:00,0.08241,0.0,0.0,0.0
2017-01-04 15:40:00+01:00,0.07748,0.0,0.0,0.0
2017-01-04 15:41:00+01:00,0.08093,0.0,0.0,0.0
2017-01-04 15:42:00+01:00,0.07793,0.0,0.0,0.0
2017-01-04 15:43:00+01:00,0.07963,0.0,0.0,0.0
2017-01-04 15:44:00+01:00,0.08162,0.0,0.0,0.0
2017-01-04 15:45:00+01:00,0.07509,0.0,0.0,0.0
2017-01-04 15:46:00+01:00,0.07195,0.0,0.0,0.0
2017-01-04 15:47:00+01:00,0.0711,0.0,0.0,0.0
2017-01-04 15:48:00+01:00,0.06844,0.0,0.0,0.0
2017-01-04 15:49:00+01:00,0.0656,0.0,0.0,0.0
2017-01-04 15:50:00+01:00,0.07469,0.0,0.0,0.0
2017-01-04 15:51:00+01:00,0.07357,0.0,0.0,0.0
2017-01-04 15:52:00+01:00,0.0723,0.0,0.0,0.0
2017-01-04 15:53:00+01:00,0.08935,0.0,0.0,0.0
2017-01-04 15:54:00+01:00,0.08929,0.0,0.0,0.0
2017-01-04 15:55:00+01:00,0.08546,0.0,0.0,0.0
2017-01-04 15:56:00+01:00,0.09026,0.0,0.0,0.0
2017-01-04 15:57:00+01:00,0.09005,0.0,0.0,0.0
2017-01-04 15:58:00+01:00,0.08364,0.0,0.0,0.0
2017-01-04 15:59:00+01:00,0.0738,0.0,0.0,0.0
2017-01-04 16:00:00+01:00,0.08204,0.0,0.0,0.0
2017-01-04 16:01:00+01:00,0.08538,0.0,0.0,0.0
2017-01-04 16:02:00+01:00,0.08344,0.0,0.0,0.0
2017-01-04 16:03:00+01:00,0.08138,0.0,0.0,0.0
2017-01-04 16:04:00+01:00,0.08879,0.0,0.0,0.0
2017-01-04 16:05:00+01:00,0.09703,0.0,0.0,0.0
2017-01-04 16:06:00+01:00,0.09415,0.0,0.0,0.0
2017-01-04 16:07:00+01:00,0.0851,0.0,0.0,0.0
2017-01-04 16:08:00+01:00,0.09293,0.0,0.0,0.0
2017-01-04 16:09:00+01:00,0.09729,0.0,0.0,0.0
2017-01-04 16:10:00+01:00,0.09643,0.0,0.0,0.0
2017-01-04 16:11:00+01:00,0.10048,0.0,0.0,0.0
2017-01-04 16:12:00+01:00,0.09372,0.0,0.0,0.0
2017-01-04 16:13:00+01:00,0.09167,0.0,0.0,0.0
2017-01-04 16:14:00+01:00,0.08853,0.0,0.0,0.0
2017-01-04 16:15:00+01:00,0.10082,0.0,0.0,0.0
2017-01-04 16:16:00+01:00,0.10511,0.0,0.0,0.0
2017-01-04 16:17:00+01:00,0.10598,0.0,0.0,0.0
2017-01-04 16:18:00+01:00,0.10765,0.0,0.0,0.0
2017-01-04 16:19:00+01:00,0.10166,0.0,0.0,0.0
2017-01-04 16:20:00+01:00,0.0996,0.0,0.0,0.0
2017-01-04 16:21:00+01:00,0.09421,0.0,0.0,0.0
2017-01-04 16:22:00+01:00,0.09812,0.0,0.0,0.0
2017-01-04 16:23:00+01:00,0.0908,0.0,0.0,0.0
2017-01-04 16:24:00+01:00,0.08796,0.0,0.0,0.0
2017-01-04 16:25:00+01:00,0.0913,0.0,0.0,0.0
2017-01-04 16:26:00+01:00,0.08861,0.0,0.0,0.0
2017-01-04 16:27:00+01:00,0.08575,0.0,0.0,0.0
2017-01-04 16:28:00+01:00,0.08665,0.0,0.0,0.0
2017-01-04 16:29:00+01:00,0.08083,0.0,0.0,0.0
2017-01-04 16:30:00+01:00,0.08237,0.0,0.0,0.0
2017-01-04 16:31:00+01:00,0.0853,0.0,0.0,0.0
2017-01-04 16:32:00+01:00,0.08447,0.0,0.0,0.0
2017-01-04 16:33:00+01:00,0.09262,0.0,0.0,0.0
2017-01-04 16:34:00+01:00,0.08857,0.0,0.0,0.0
2017-01-04 16:35:00+01:00,0.0825,0.0,0.0,0.0
2017-01-04 16:36:00+01:00,0.08501,0.0,0.0,0.0
2017-01-04 16:37:00+01:00,0.09089,0.0,0.0,0.0
2017-01-04 16:38:00+01:00,0.09952,0.0,0.0,0.0
2017-01-04 16:39:00+01:00,0.10281,0.0,0.0,0.0
2017-01-04 16:40:00+01:00,0.09452,0.0,0.0,0.0
2017-01-04 16:41:00+01:00,0.0983,0.0,0.0,0.0
2017-01-04 16:42:00+01:00,0.10256,0.0,0.0,0.0
2017-01-04 16:43:00+01:00,0.10691,0.0,0.0,0.0
2017-01-04 16:44:00+01:00,0.10558,0.0,0.0,0.0
2017-01-04 16:45:00+01:00,0.10958,0.0,0.0,0.0
2017-01-04 16:46:00+01:00,0.10497,0.0,0.0,0.0
2017-01-04 16:47:00+01:00,0.10386,0.0,0.0,0.0
2017-01-04 16:48:00+01:00,0.10799,0.0,0.0,0.0
2017-01-04 16:49:00+01:00,0.09869,0.0,0.0,0.0
2017-01-04 16:50:00+01:00,0.09093,0.0,0.0,0.0
2017-01-04 16:51:00+01:00,0.0942,0.0,0.0,0.0
2017-01-04 16:52:00+01:00,0.08868,0.0,0.0,0.0
2017-01-04 16:53:00+01:00,0.0911,0.0,0.0,0.0
2017-01-04 16:54:00+01:00,0.09193,0.0,0.0,0.0
2017-01-04 16:55:00+01:00,0.09558,0.0,0.0,0.0
2017-01-04 16:56:00+01:00,0.09564,0.0,0.0,0.0
2017-01-04 16:57:00+01:00,0.09885,0.0,0.0,0.0
2017-01-04 16:58:00+01:00,0.0984,0.0,0.0,0.0
2017-01-04 16:59:00+01:00,0.11504,0.0,0.0,0.0
2017-01-04 17:00:00+01:00,0.1133,0.0,0.0,0.0
2017-01-04 17:01:00+01:00,0.11528,0.0,0.0,0.0
2017-01-04 17:02:00+01:00,0.09934,0.0,0.0,0.0
2017-01-04 17:03:00+01:00,0.10946,0.0,0.0,0.0
2017-01-04 17:04:00+01:00,0.0979,0.0,0.0,0.0
2017-01-04 17:05:00+01:00,0.10071,0.0,0.0,0.0
2017-01-04 17:06:00+01:00,0.09653,0.0,0.0,0.0
2017-01-04 17:07:00+01:00,0.09347,0.0,0.0,0.0
2017-01-04 17:08:00+01:00,0.08913,0.0,0.0,0.0
2017-01-04 17:09:00+01:00,0.10684,0.0,0.0,0.0
2017-01-04 17:10:00+01:00,0.10083,0.0,0.0,0.0
2017-01-04 17:11:00+01:00,0.09812,0.0,0.0,0.0
2017-01-04 17:12:00+01:00,0.10327,0.0,0.0,0.0
2017-01-04 17:13:00+01:00,0.10172,0.0,0.0,0.0
2017-01-04 17:14:00+01:00,0.10218,0.0,0.0,0.0
2017-01-04 17:15:00+01:00,0.10521,0.0,0.0,0.0
2017-01-04 17:16:00+01:00,0.10506,0.0,0.0,0.0
2017-01-04 17:17:00+01:00,0.10579,0.0,0.0,0.0
2017-01-04 17:18:00+01:00,0.1024,0.0,0.0,0.0
2017-01-04 17:19:00+01:00,0.10179,0.0,0.0,0.0
2017-01-04 17:20:00+01:00,0.11666,0.0,0.0,0.0
2017-01-04 17:21:00+01:00,0.12632,0.0,0.0,0.0
2017-01-04 17:22:00+01:00,0.12797,0.0,0.0,0.0
2017-01-04 17:23:00+01:00,0.12307,0.0,0.0,0.0
2017-01-04 17:24:00+01:00,0.11967,0.0,0.0,0.0
2017-01-04 17:25:00+01:00,0.12306,0.0,0.0,0.0
2017-01-04 17:26:00+01:00,0.1178,0.0,0.0,0.0
2017-01-04 17:27:00+01:00,0.11014,0.0,0.0,0.0
2017-01-04 17:28:00+01:00,0.11867,0.0,0.0,0.0
2017-01-04 17:29:00+01:00,0.10502,0.0,0.0,0.0
2017-01-04 17:30:00+01:00,0.11035,0.0,0.0,0.0
2017-01-04 17:31:00+01:00,0.11444,0.0,0.0,0.0
2017-01-04 17:32:00+01:00,0.11291,0.0,0.0,0.0
2017-01-04 17:33:00+01:00,0.10347,0.0,0.0,0.0
2017-01-04 17:34:00+01:00,0.10195,0.0,0.0,0.0
2017-01-04 17:35:00+01:00,0.11022,0.0,0.0,0.0
2017-01-04 17:36:00+01:00,0.11042,0.0,0.0,0.0
2017-01-04 17:37:00+01:00,0.11225,0.0,0.0,0.0
2017-01-04 17:38:00+01:00,0.11477,0.0,0.0,0.0
2017-01-04 17:39:00+01:00,0.12607,0.0,0.0,0.0
2017-01-04 17:40:00+01:00,0.12591,0.0,0.0,0.0
2017-01-04 17:41:00+01:00,0.14145,0.0,0.0,0.0
2017-01-04 17:42:00+01:00,0.13047,0.0,0.0,0.0
2017-01-04 17:43:00+01:00,0.11747,0.0,0.0,0.0
2017-01-04 17:44:00+01:00,0.11135,0.0,0.0,0.0
2017-01-04 17:45:00+01:00,0.10952,0.0,0.0,0.0
2017-01-04 17:46:00+01:00,0.10796,0.0,0.0,0.0
2017-01-04 17:47:00+01:00,0.11387,0.0,0.0,0.0
2017-01-04 17:48:00+01:00,0.09809,0.0,0.0,0.0
2017-01-04 17:49:00+01:00,0.0975,0.0,0.0,0.0
2017-01-04 17:50:00+01:00,0.10144,0.0,0.0,0.0
2017-01-04 17:51:00+01:00,0.10394,0.0,0.0,0.0
2017-01-04 17:52:00+01:00,0.11183,0.0,0.0,0.0
2017-01-04 17:53:00+01:00,0.11687,0.0,0.0,0.0
2017-01-04 17:54:00+01:00,0.11626,0.0,0.0,0.0
2017-01-04 17:55:00+01:00,0.11589,0.0,0.0,0.0
2017-01-04 17:56:00+01:00,0.11571,0.0,0.0,0.0
2017-01-04 17:57:00+01:00,0.11162,0.0,0.0,0.0
2017-01-04 17:58:00+01:00,0.10802,0.0,0.0,0.0
2017-01-04 17:59:00+01:00,0.11172,0.0,0.0,0.0
2017-01-04 18:00:00+01:00,0.10516,0.0,0.0,0.0
2017-01-04 18:01:00+01:00,0.10583,0.0,0.0,0.0
2017-01-04 18:02:00+01:00,0.10989,0.0,0.0,0.0
2017-01-04 18:03:00+01:00,0.10733,0.0,0.0,0.0
2017-01-04 18:04:00+01:00,0.11018,0.0,0.0,0.0
2017-01-04 18:05:00+01:00,0.10027,0.0,0.0,0.0
2017-01-04 18:06:00+01:00,0.10189,0.0,0.0,0.0
2017-01-04 18:07:00+01:00,0.10811,0.0,0.0,0.0
2017-01-04 18:08:00+01:00,0.11465,0.0,0.0,0.0
2017-01-04 18:09:00+01:00,0.11161,0.0,0.0,0.0
2017-01-04 18:10:00+01:00,0.1182,0.0,0.0,0.0
2017-01-04 18:11:00+01:00,0.11955,0.0,0.0,0.0
2017-01-04 18:12:00+01:00,0.12971,0.0,0.0,0.0
2017-01-04 18:13:00+01:00,0.12623,0.0,0.0,0.0
2017-01-04 18:14:00+01:00,0.13306,0.0,0.0,0.0
2017-01-04 18:15:00+01:00,0.1351,0.0,0.0,0.0
2017-01-04 18:16:00+01:00,0.13846,0.0,0.0,0.0
2017-01-04 18:17:00+01:00,0.13214,0.0,0.0,0.0
2017-01-04 18:18:00+01:00,0.13281,0.0,0.0,0.0
2017-01-04 18:19:00+01:00,0.12583,0.0,0.0,0.0
2017-01-04 18:20:00+01:00,0.11958,0.0,0.0,0.0
2017-01-04 18:21:00+01:00,0.129,0.0,0.0,0.0
2017-01-04 18:22:00+01:00,0.14744,0.0,0.0,0.0
2017-01-04 18:23:00+01:00,0.14111,0.0,0.0,0.0
2017-01-04 18:24:00+01:00,0.13183,0.0,0.0,0.0
2017-01-04 18:25:00+01:00,0.12996,0.0,0.0,0.0
2017-01-04 18:26:00+01:00,0.13007,0.0,0.0,0.0
2017-01-04 18:27:00+01:00,0.12678,0.0,0.0,0.0
2017-01-04 18:28:00+01:00,0.13358,0.0,0.0,0.0
2017-01-04 18:29:00+01:00,0.12495,0.0,0.0,0.0
2017-01-04 18:30:00+01:00,0.12834,0.0,0.0,0.0
2017-01-04 18:31:00+01:00,0.13353,0.0,0.0,0.0
2017-01-04 18:32:00+01:00,0.13468,0.0,0.0,0.0
2017-01-04 18:33:00+01:00,0.13174,0.0,0.0,0.0
2017-01-04 18:34:00+01:00,0.12739,0.0,0.0,0.0
2017-01-04 18:35:00+01:00,0.12804,0.0,0.0,0.0
2017-01-04 18:36:00+01:00,0.11997,0.0,0.0,0.0
2017-01-04 18:37:00+01:00,0.12373,0.0,0.0,0.0
2017-01-04 18:38:00+01:00,0.11183,0.0,0.0,0.0
2017-01-04 18:39:00+01:00,0.12133,0.0,0.0,0.0
2017-01-04 18:40:00+01:00,0.13906,0.0,0.0,0.0
2017-01-04 18:41:00+01:00,0.12465,0.0,0.0,0.0
2017-01-04 18:42:00+01:00,0.12834,0.0,0.0,0.0
2017-01-04 18:43:00+01:00,0.12544,0.0,0.0,0.0
2017-01-04 18:44:00+01:00,0.1228,0.0,0.0,0.0
2017-01-04 18:45:00+01:00,0.13447,0.0,0.0,0.0
2017-01-04 18:46:00+01:00,0.13739,0.0,0.0,0.0
2017-01-04 18:47:00+01:00,0.13516,0.0,0.0,0.0
2017-01-04 18:48:00+01:00,0.13481,0.0,0.0,0.0
2017-01-04 18:49:00+01:00,0.1349,0.0,0.0,0.0
2017-01-04 18:50:00+01:00,0.13155,0.0,0.0,0.0
2017-01-04 18:51:00+01:00,0.13579,0.0,0.0,0.0
2017-01-04 18:52:00+01:00,0.12954,0.0,0.0,0.0
2017-01-04 18:53:00+01:00,0.12808,0.0,0.0,0.0
2017-01-04 18:54:00+01:00,0.12194,0.0,0.0,0.0
2017-01-04 18:55:00+01:00,0.12604,0.0,0.0,0.0
2017-01-04 18:56:00+01:00,0.12997,0.0,0.0,0.0
2017-01-04 18:57:00+01:00,0.14067,0.0,0.0,0.0
2017-01-04 18:58:00+01:00,0.13699,0.0,0.0,0.0
2017-01-04 18:59:00+01:00,0.12626,0.0,0.0,0.0
2017-01-04 19:00:00+01:00,0.12256,0.0,0.0,0.0
2017-01-04 19:01:00+01:00,0.1218,0.0,0.0,0.0
2017-01-04 19:02:00+01:00,0.12085,0.0,0.0,0.0
2017-01-04 19:03:00+01:00,0.11826,0.0,0.0,0.0
2017-01-04 19:04:00+01:00,0.11832,0.0,0.0,0.0
2017-01-04 19:05:00+01:00,0.11506,0.0,0.0,0.0
2017-01-04 19:06:00+01:00,0.11639,0.0,0.0,0.0
2017-01-04 19:07:00+01:00,0.11114,0.0,0.0,0.0
2017-01-04 19:08:00+01:00,0.10595,0.0,0.0,0.0
2017-01-04 19:09:00+01:00,0.11405,0.0,0.0,0.0
2017-01-04 19:10:00+01:00,0.11147,0.0,0.0,0.0
2017-01-04 19:11:00+01:00,0.12093,0.0,0.0,0.0
2017-01-04 19:12:00+01:00,0.12724,0.0,0.0,0.0
2017-01-04 19:13:00+01:00,0.13282,0.0,0.0,0.0
2017-01-04 19:14:00+01:00,0.12896,0.0,0.0,0.0
2017-01-04 19:15:00+01:00,0.11436,0.0,0.0,0.0
2017-01-04 19:16:00+01:00,0.10816,0.0,0.0,0.0
2017-01-04 19:17:00+01:00,0.1155,0.0,0.0,0.0
2017-01-04 19:18:00+01:00,0.11243,0.0,0.0,0.0
2017-01-04 19:19:00+01:00,0.09897,0.0,0.0,0.0
2017-01-04 19:20:00+01:00,0.09883,0.0,0.0,0.0
2017-01-04 19:21:00+01:00,0.11101,0.0,0.0,0.0
2017-01-04 19:22:00+01:00,0.10721,0.0,0.0,0.0
2017-01-04 19:23:00+01:00,0.11421,0.0,0.0,0.0
2017-01-04 19:24:00+01:00,0.11504,0.0,0.0,0.0
2017-01-04 19:25:00+01:00,0.10077,0.0,0.0,0.0
2017-01-04 19:26:00+01:00,0.11,0.0,0.0,0.0
2017-01-04 19:27:00+01:00,0.10514,0.0,0.0,0.0
2017-01-04 19:28:00+01:00,0.10904,0.0,0.0,0.0
2017-01-04 19:29:00+01:00,0.11734,0.0,0.0,0.0
2017-01-04 19:30:00+01:00,0.12888,0.0,0.0,0.0
2017-01-04 19:31:00+01:00,0.12656,0.0,0.0,0.0
2017-01-04 19:32:00+01:00,0.11983,0.0,0.0,0.0
2017-01-04 19:33:00+01:00,0.12058,0.0,0.0,0.0
2017-01-04 19:34:00+01:00,0.14091,0.0,0.0,0.0
2017-01-04 19:35:00+01:00,0.13907,0.0,0.0,0.0
2017-01-04 19:36:00+01:00,0.12631,0.0,0.0,0.0
2017-01-04 19:37:00+01:00,0.12414,0.0,0.0,0.0
2017-01-04 19:38:00+01:00,0.12212,0.0,0.0,0.0
2017-01-04 19:39:00+01:00,0.12036,0.0,0.0,0.0
2017-01-04 19:40:00+01:00,0.12322,0.0,0.0,0.0
2017-01-04 19:41:00+01:00,0.13425,0.0,0.0,0.0
2017-01-04 19:42:00+01:00,0.12954,0.0,0.0,0.0
2017-01-04 19:43:00+01:00,0.13033,0.0,0.0,0.0
2017-01-04 19:44:00+01:00,0.12224,0.0,0.0,0.0
2017-01-04 19:45:00+01:00,0.10776,0.0,0.0,0.0
2017-01-04 19:46:00+01:00,0.11052,0.0,0.0,0.0
2017-01-04 19:47:00+01:00,0.1147,0.0,0.0,0.0
2017-01-04 19:48:00+01:00,0.12195,0.0,0.0,0.0
2017-01-04 19:49:00+01:00,0.12674,0.0,0.0,0.0
2017-01-04 19:50:00+01:00,0.1234,0.0,0.0,0.0
2017-01-04 19:51:00+01:00,0.13119,0.0,0.0,0.0
2017-01-04 19:52:00+01:00,0.12322,0.0,0.0,0.0
2017-01-04 19:53:00+01:00,0.11359,0.0,0.0,0.0
2017-01-04 19:54:00+01:00,0.10708,0.0,0.0,0.0
2017-01-04 19:55:00+01:00,0.11568,0.0,0.0,0.0
2017-01-04 19:56:00+01:00,0.12678,0.0,0.0,0.0
2017-01-04 19:57:00+01:00,0.13621,0.0,0.0,0.0
2017-01-04 19:58:00+01:00,0.12512,0.0,0.0,0.0
2017-01-04 19:59:00+01:00,0.13128,0.0,0.0,0.0
2017-01-04 20:00:00+01:00,0.12423,0.0,0.0,0.0
2017-01-04 20:01:00+01:00,0.11609,0.0,0.0,0.0
2017-01-04 20:02:00+01:00,0.10749,0.0,0.0,0.0
2017-01-04 20:03:00+01:00,0.10914,0.0,0.0,0.0
2017-01-04 20:04:00+01:00,0.11604,0.0,0.0,0.0
2017-01-04 20:05:00+01:00,0.12522,0.0,0.0,0.0
2017-01-04 20:06:00+01:00,0.11422,0.0,0.0,0.0
2017-01-04 20:07:00+01:00,0.11011,0.0,0.0,0.0
2017-01-04 20:08:00+01:00,0.11805,0.0,0.0,0.0
2017-01-04 20:09:00+01:00,0.1149,0.0,0.0,0.0
2017-01-04 20:10:00+01:00,0.11717,0.0,0.0,0.0
2017-01-04 20:11:00+01:00,0.11998,0.0,0.0,0.0
2017-01-04 20:12:00+01:00,0.11858,0.0,0.0,0.0
2017-01-04 20:13:00+01:00,0.10997,0.0,0.0,0.0
2017-01-04 20:14:00+01:00,0.11035,0.0,0.0,0.0
2017-01-04 20:15:00+01:00,0.11623,0.0,0.0,0.0
2017-01-04 20:16:00+01:00,0.12131,0.0,0.0,0.0
2017-01-04 20:17:00+01:00,0.11658,0.0,0.0,0.0
2017-01-04 20:18:00+01:00,0.11552,0.0,0.0,0.0
2017-01-04 20:19:00+01:00,0.10844,0.0,0.0,0.0
2017-01-04 20:20:00+01:00,0.10316,0.0,0.0,0.0
2017-01-04 20:21:00+01:00,0.1077,0.0,0.0,0.0
2017-01-04 20:22:00+01:00,0.09746,0.0,0.0,0.0
2017-01-04 20:23:00+01:00,0.09843,0.0,0.0,0.0
2017-01-04 20:24:00+01:00,0.10072,0.0,0.0,0.0
2017-01-04 20:25:00+01:00,0.10104,0.0,0.0,0.0
2017-01-04 20:26:00+01:00,0.08913,0.0,0.0,0.0
2017-01-04 20:27:00+01:00,0.09503,0.0,0.0,0.0
2017-01-04 20:28:00+01:00,0.11194,0.0,0.0,0.0
2017-01-04 20:29:00+01:00,0.09159,0.0,0.0,0.0
2017-01-04 20:30:00+01:00,0.09922,0.0,0.0,0.0
2017-01-04 20:31:00+01:00,0.10415,0.0,0.0,0.0
2017-01-04 20:32:00+01:00,0.10517,0.0,0.0,0.0
2017-01-04 20:33:00+01:00,0.10784,0.0,0.0,0.0
2017-01-04 20:34:00+01:00,0.11765,0.0,0.0,0.0
2017-01-04 20:35:00+01:00,0.11706,0.0,0.0,0.0
2017-01-04 20:36:00+01:00,0.11396,0.0,0.0,0.0
2017-01-04 20:37:00+01:00,0.11491,0.0,0.0,0.0
2017-01-04 20:38:00+01:00,0.10922,0.0,0.0,0.0
2017-01-04 20:39:00+01:00,0.10128,0.0,0.0,0.0
2017-01-04 20:40:00+01:00,0.0964,0.0,0.0,0.0
2017-01-04 20:41:00+01:00,0.09958,0.0,0.0,0.0
2017-01-04 20:42:00+01:00,0.10184,0.0,0.0,0.0
2017-01-04 20:43:00+01:00,0.1036,0.0,0.0,0.0
2017-01-04 20:44:00+01:00,0.10595,0.0,0.0,0.0
2017-01-04 20:45:00+01:00,0.10788,0.0,0.0,0.0
2017-01-04 20:46:00+01:00,0.10248,0.0,0.0,0.0
2017-01-04 20:47:00+01:00,0.09519,0.0,0.0,0.0
2017-01-04 20:48:00+01:00,0.09723,0.0,0.0,0.0
2017-01-04 20:49:00+01:00,0.10133,0.0,0.0,0.0
2017-01-04 20:50:00+01:00,0.10352,0.0,0.0,0.0
2017-01-04 20:51:00+01:00,0.10196,0.0,0.0,0.0
2017-01-04 20:52:00+01:00,0.10497,0.0,0.0,0.0
2017-01-04 20:53:00+01:00,0.10496,0.0,0.0,0.0
2017-01-04 20:54:00+01:00,0.10884,0.0,0.0,0.0
2017-01-04 20:55:00+01:00,0.12015,0.0,0.0,0.0
2017-01-04 20:56:00+01:00,0.11361,0.0,0.0,0.0
2017-01-04 20:57:00+01:00,0.12131,0.0,0.0,0.0
2017-01-04 20:58:00+01:00,0.10907,0.0,0.0,0.0
2017-01-04 20:59:00+01:00,0.1094,0.0,0.0,0.0
2017-01-04 21:00:00+01:00,0.10554,0.0,0.0,0.0
2017-01-04 21:01:00+01:00,0.09831,0.0,0.0,0.0
2017-01-04 21:02:00+01:00,0.09137,0.0,0.0,0.0
2017-01-04 21:03:00+01:00,0.0885,0.0,0.0,0.0
2017-01-04 21:04:00+01:00,0.09103,0.0,0.0,0.0
2017-01-04 21:05:00+01:00,0.0951,0.0,0.0,0.0
2017-01-04 21:06:00+01:00,0.09952,0.0,0.0,0.0
2017-01-04 21:07:00+01:00,0.09288,0.0,0.0,0.0
2017-01-04 21:08:00+01:00,0.09202,0.0,0.0,0.0
2017-01-04 21:09:00+01:00,0.08798,0.0,0.0,0.0
2017-01-04 21:10:00+01:00,0.09775,0.0,0.0,0.0
2017-01-04 21:11:00+01:00,0.1028,0.0,0.0,0.0
2017-01-04 21:12:00+01:00,0.10193,0.0,0.0,0.0
2017-01-04 21:13:00+01:00,0.09789,0.0,0.0,0.0
2017-01-04 21:14:00+01:00,0.10611,0.0,0.0,0.0
2017-01-04 21:15:00+01:00,0.11298,0.0,0.0,0.0
2017-01-04 21:16:00+01:00,0.09985,0.0,0.0,0.0
2017-01-04 21:17:00+01:00,0.10371,0.0,0.0,0.0
2017-01-04 21:18:00+01:00,0.10069,0.0,0.0,0.0
2017-01-04 21:19:00+01:00,0.09341,0.0,0.0,0.0
2017-01-04 21:20:00+01:00,0.08931,0.0,0.0,0.0
2017-01-04 21:21:00+01:00,0.08611,0.0,0.0,0.0
2017-01-04 21:22:00+01:00,0.08786,0.0,0.0,0.0
2017-01-04 21:23:00+01:00,0.10002,0.0,0.0,0.0
2017-01-04 21:24:00+01:00,0.09474,0.0,0.0,0.0
2017-01-04 21:25:00+01:00,0.0995,0.0,0.0,0.0
2017-01-04 21:26:00+01:00,0.10003,0.0,0.0,0.0
2017-01-04 21:27:00+01:00,0.09204,0.0,0.0,0.0
2017-01-04 21:28:00+01:00,0.0905,0.0,0.0,0.0
2017-01-04 21:29:00+01:00,0.08775,0.0,0.0,0.0
2017-01-04 21:30:00+01:00,0.08964,0.0,0.0,0.0
2017-01-04 21:31:00+01:00,0.08681,0.0,0.0,0.0
2017-01-04 21:32:00+01:00,0.08834,0.0,0.0,0.0
2017-01-04 21:33:00+01:00,0.09198,0.0,0.0,0.0
2017-01-04 21:34:00+01:00,0.08831,0.0,0.0,0.0
2017-01-04 21:35:00+01:00,0.08779,0.0,0.0,0.0
2017-01-04 21:36:00+01:00,0.09397,0.0,0.0,0.0
2017-01-04 21:37:00+01:00,0.09773,0.0,0.0,0.0
2017-01-04 21:38:00+01:00,0.08982,0.0,0.0,0.0
2017-01-04 21:39:00+01:00,0.09217,0.0,0.0,0.0
2017-01-04 21:40:00+01:00,0.09235,0.0,0.0,0.0
2017-01-04 21:41:00+01:00,0.09466,0.0,0.0,0.0
2017-01-04 21:42:00+01:00,0.09622,0.0,0.0,0.0
2017-01-04 21:43:00+01:00,0.09618,0.0,0.0,0.0
2017-01-04 21:44:00+01:00,0.09637,0.0,0.0,0.0
2017-01-04 21:45:00+01:00,0.08278,0.0,0.0,0.0
2017-01-04 21:46:00+01:00,0.08205,0.0,0.0,0.0
2017-01-04 21:47:00+01:00,0.08793,0.0,0.0,0.0
2017-01-04 21:48:00+01:00,0.08974,0.0,0.0,0.0
2017-01-04 21:49:00+01:00,0.08528,0.0,0.0,0.0
2017-01-04 21:50:00+01:00,0.07919,0.0,0.0,0.0
2017-01-04 21:51:00+01:00,0.08126,0.0,0.0,0.0
2017-01-04 21:52:00+01:00,0.08959,0.0,0.0,0.0
2017-01-04 21:53:00+01:00,0.0925,0.0,0.0,0.0
2017-01-04 21:54:00+01:00,0.09005,0.0,0.0,0.0
2017-01-04 21:55:00+01:00,0.08607,0.0,0.0,0.0
2017-01-04 21:56:00+01:00,0.08069,0.0,0.0,0.0
2017-01-04 21:57:00+01:00,0.08139,0.0,0.0,0.0
2017-01-04 21:58:00+01:00,0.07933,0.0,0.0,0.0
2017-01-04 21:59:00+01:00,0.083,0.0,0.0,0.0
2017-01-04 22:00:00+01:00,0.07747,0.0,0.0,0.0
2017-01-04 22:01:00+01:00,0.07576,0.0,0.0,0.0
2017-01-04 22:02:00+01:00,0.07394,0.0,0.0,0.0
2017-01-04 22:03:00+01:00,0.0745,0.0,0.0,0.0
2017-01-04 22:04:00+01:00,0.0737,0.0,0.0,0.0
2017-01-04 22:05:00+01:00,0.08499,0.0,0.0,0.0
2017-01-04 22:06:00+01:00,0.08624,0.0,0.0,0.0
2017-01-04 22:07:00+01:00,0.08792,0.0,0.0,0.0
2017-01-04 22:08:00+01:00,0.0861,0.0,0.0,0.0
2017-01-04 22:09:00+01:00,0.08424,0.0,0.0,0.0
2017-01-04 22:10:00+01:00,0.07519,0.0,0.0,0.0
2017-01-04 22:11:00+01:00,0.0735,0.0,0.0,0.0
2017-01-04 22:12:00+01:00,0.07239,0.0,0.0,0.0
2017-01-04 22:13:00+01:00,0.06865,0.0,0.0,0.0
2017-01-04 22:14:00+01:00,0.07249,0.0,0.0,0.0
2017-01-04 22:15:00+01:00,0.06677,0.0,0.0,0.0
2017-01-04 22:16:00+01:00,0.06274,0.0,0.0,0.0
2017-01-04 22:17:00+01:00,0.0634,0.0,0.0,0.0
2017-01-04 22:18:00+01:00,0.06554,0.0,0.0,0.0
2017-01-04 22:19:00+01:00,0.06886,0.0,0.0,0.0
2017-01-04 22:20:00+01:00,0.06773,0.0,0.0,0.0
2017-01-04 22:21:00+01:00,0.07122,0.0,0.0,0.0
2017-01-04 22:22:00+01:00,0.0737,0.0,0.0,0.0
2017-01-04 22:23:00+01:00,0.07321,0.0,0.0,0.0
2017-01-04 22:24:00+01:00,0.0756,0.0,0.0,0.0
2017-01-04 22:25:00+01:00,0.07252,0.0,0.0,0.0
2017-01-04 22:26:00+01:00,0.07083,0.0,0.0,0.0
2017-01-04 22:27:00+01:00,0.07378,0.0,0.0,0.0
2017-01-04 22:28:00+01:00,0.07061,0.0,0.0,0.0
2017-01-04 22:29:00+01:00,0.06554,0.0,0.0,0.0
2017-01-04 22:30:00+01:00,0.06708,0.0,0.0,0.0
2017-01-04 22:31:00+01:00,0.06607,0.0,0.0,0.0
2017-01-04 22:32:00+01:00,0.06702,0.0,0.0,0.0
2017-01-04 22:33:00+01:00,0.07014,0.0,0.0,0.0
2017-01-04 22:34:00+01:00,0.07349,0.0,0.0,0.0
2017-01-04 22:35:00+01:00,0.06911,0.0,0.0,0.0
2017-01-04 22:36:00+01:00,0.07029,0.0,0.0,0.0
2017-01-04 22:37:00+01:00,0.0704,0.0,0.0,0.0
2017-01-04 22:38:00+01:00,0.0713,0.0,0.0,0.0
2017-01-04 22:39:00+01:00,0.07423,0.0,0.0,0.0
2017-01-04 22:40:00+01:00,0.07075,0.0,0.0,0.0
2017-01-04 22:41:00+01:00,0.06427,0.0,0.0,0.0
2017-01-04 22:42:00+01:00,0.06521,0.0,0.0,0.0
2017-01-04 22:43:00+01:00,0.07404,0.0,0.0,0.0
2017-01-04 22:44:00+01:00,0.07654,0.0,0.0,0.0
2017-01-04 22:45:00+01:00,0.07635,0.0,0.0,0.0
2017-01-04 22:46:00+01:00,0.07888,0.0,0.0,0.0
2017-01-04 22:47:00+01:00,0.08723,0.0,0.0,0.0
2017-01-04 22:48:00+01:00,0.08653,0.0,0.0,0.0
2017-01-04 22:49:00+01:00,0.07867,0.0,0.0,0.0
2017-01-04 22:50:00+01:00,0.07411,0.0,0.0,0.0
2017-01-04 22:51:00+01:00,0.0763,0.0,0.0,0.0
2017-01-04 22:52:00+01:00,0.07425,0.0,0.0,0.0
2017-01-04 22:53:00+01:00,0.07301,0.0,0.0,0.0
2017-01-04 22:54:00+01:00,0.07867,0.0,0.0,0.0
2017-01-04 22:55:00+01:00,0.07725,0.0,0.0,0.0
2017-01-04 22:56:00+01:00,0.07319,0.0,0.0,0.0
2017-01-04 22:57:00+01:00,0.08033,0.0,0.0,0.0
2017-01-04 22:58:00+01:00,0.07909,0.0,0.0,0.0
2017-01-04 22:59:00+01:00,0.0795,0.0,0.0,0.0
2017-01-04 23:00:00+01:00,0.07407,0.0,0.0,0.0
2017-01-04 23:01:00+01:00,0.06925,0.0,0.0,0.0
2017-01-04 23:02:00+01:00,0.07279,0.0,0.0,0.0
2017-01-04 23:03:00+01:00,0.07417,0.0,0.0,0.0
2017-01-04 23:04:00+01:00,0.0637,0.0,0.0,0.0
2017-01-04 23:05:00+01:00,0.06465,0.0,0.0,0.0
2017-01-04 23:06:00+01:00,0.06886,0.0,0.0,0.0
2017-01-04 23:07:00+01:00,0.06679,0.0,0.0,0.0
2017-01-04 23:08:00+01:00,0.06594,0.0,0.0,0.0
2017-01-04 23:09:00+01:00,0.05829,0.0,0.0,0.0
2017-01-04 23:10:00+01:00,0.06217,0.0,0.0,0.0
2017-01-04 23:11:00+01:00,0.06693,0.0,0.0,0.0
2017-01-04 23:12:00+01:00,0.0645,0.0,0.0,0.0
2017-01-04 23:13:00+01:00,0.06348,0.0,0.0,0.0
2017-01-04 23:14:00+01:00,0.06433,0.0,0.0,0.0
2017-01-04 23:15:00+01:00,0.06396,0.0,0.0,0.0
2017-01-04 23:16:00+01:00,0.06154,0.0,0.0,0.0
2017-01-04 23:17:00+01:00,0.06102,0.0,0.0,0.0
2017-01-04 23:18:00+01:00,0.05734,0.0,0.0,0.0
2017-01-04 23:19:00+01:00,0.05704,0.0,0.0,0.0
2017-01-04 23:20:00+01:00,0.05767,0.0,0.0,0.0
2017-01-04 23:21:00+01:00,0.05942,0.0,0.0,0.0
2017-01-04 23:22:00+01:00,0.05461,0.0,0.0,0.0
2017-01-04 23:23:00+01:00,0.05206,0.0,0.0,0.0
2017-01-04 23:24:00+01:00,0.05108,0.0,0.0,0.0
2017-01-04 23:25:00+01:00,0.05158,0.0,0.0,0.0
2017-01-04 23:26:00+01:00,0.04882,0.0,0.0,0.0
2017-01-04 23:27:00+01:00,0.05056,0.0,0.0,0.0
2017-01-04 23:28:00+01:00,0.05312,0.0,0.0,0.0
2017-01-04 23:29:00+01:00,0.05789,0.0,0.0,0.0
2017-01-04 23:30:00+01:00,0.06309,0.0,0.0,0.0
2017-01-04 23:31:00+01:00,0.06168,0.0,0.0,0.0
2017-01-04 23:32:00+01:00,0.06123,0.0,0.0,0.0
2017-01-04 23:33:00+01:00,0.05932,0.0,0.0,0.0
2017-01-04 23:34:00+01:00,0.05821,0.0,0.0,0.0
2017-01-04 23:35:00+01:00,0.05692,0.0,0.0,0.0
2017-01-04 23:36:00+01:00,0.05611,0.0,0.0,0.0
2017-01-04 23:37:00+01:00,0.05588,0.0,0.0,0.0
2017-01-04 23:38:00+01:00,0.05232,0.0,0.0,0.0
2017-01-04 23:39:00+01:00,0.05173,0.0,0.0,0.0
2017-01-04 23:40:00+01:00,0.0482,0.0,0.0,0.0
2017-01-04 23:41:00+01:00,0.05011,0.0,0.0,0.0
2017-01-04 23:42:00+01:00,0.05891,0.0,0.0,0.0
2017-01-04 23:43:00+01:00,0.05579,0.0,0.0,0.0
2017-01-04 23:44:00+01:00,0.05238,0.0,0.0,0.0
2017-01-04 23:45:00+01:00,0.05192,0.0,0.0,0.0
2017-01-04 23:46:00+01:00,0.05213,0.0,0.0,0.0
2017-01-04 23:47:00+01:00,0.05211,0.0,0.0,0.0
2017-01-04 23:48:00+01:00,0.05217,0.0,0.0,0.0
2017-01-04 23:49:00+01:00,0.04861,0.0,0.0,0.0
2017-01-04 23:50:00+01:00,0.05181,0.0,0.0,0.0
2017-01-04 23:51:00+01:00,0.05332,0.0,0.0,0.0
2017-01-04 23:52:00+01:00,0.0513,0.0,0.0,0.0
2017-01-04 23:53:00+01:00,0.05262,0.0,0.0,0.0
2017-01-04 23:54:00+01:00,0.05208,0.0,0.0,0.0
2017-01-04 23:55:00+01:00,0.0485,0.0,0.0,0.0
2017-01-04 23:56:00+01:00,0.04387,0.0,0.0,0.0
2017-01-04 23:57:00+01:00,0.04626,0.0,0.0,0.0
2017-01-04 23:58:00+01:00,0.04736,0.0,0.0,0.0
2017-01-04 23:59:00+01:00,0.05186,0.0,0.0,0.0
2017-01-05 00:00:00+01:00,0.04554,0.0,0.0,0.0
2017-01-05 00:01:00+01:00,0.04537,0.0,0.0,0.0
2017-01-05 00:02:00+01:00,0.04683,0.0,0.0,0.0
2017-01-05 00:03:00+01:00,0.04531,0.0,0.0,0.0
2017-01-05 00:04:00+01:00,0.04583,0.0,0.0,0.0
2017-01-05 00:05:00+01:00,0.04688,0.0,0.0,0.0
2017-01-05 00:06:00+01:00,0.04986,0.0,0.0,0.0
2017-01-05 00:07:00+01:00,0.05781,0.0,0.0,0.0
2017-01-05 00:08:00+01:00,0.05219,0.0,0.0,0.0
2017-01-05 00:09:00+01:00,0.05162,0.0,0.0,0.0
2017-01-05 00:10:00+01:00,0.05063,0.0,0.0,0.0
2017-01-05 00:11:00+01:00,0.05673,0.0,0.0,0.0
2017-01-05 00:12:00+01:00,0.05737,0.0,0.0,0.0
2017-01-05 00:13:00+01:00,0.05828,0.0,0.0,0.0
2017-01-05 00:14:00+01:00,0.05742,0.0,0.0,0.0
2017-01-05 00:15:00+01:00,0.05295,0.0,0.0,0.0
2017-01-05 00:16:00+01:00,0.04908,0.0,0.0,0.0
2017-01-05 00:17:00+01:00,0.04985,0.0,0.0,0.0
2017-01-05 00:18:00+01:00,0.0548,0.0,0.0,0.0
2017-01-05 00:19:00+01:00,0.04787,0.0,0.0,0.0
2017-01-05 00:20:00+01:00,0.0501,0.0,0.0,0.0
2017-01-05 00:21:00+01:00,0.05008,0.0,0.0,0.0
2017-01-05 00:22:00+01:00,0.05067,0.0,0.0,0.0
2017-01-05 00:23:00+01:00,0.05437,0.0,0.0,0.0
2017-01-05 00:24:00+01:00,0.05453,0.0,0.0,0.0
2017-01-05 00:25:00+01:00,0.0489,0.0,0.0,0.0
2017-01-05 00:26:00+01:00,0.04716,0.0,0.0,0.0
2017-01-05 00:27:00+01:00,0.04917,0.0,0.0,0.0
2017-01-05 00:28:00+01:00,0.0498,0.0,0.0,0.0
2017-01-05 00:29:00+01:00,0.05131,0.0,0.0,0.0
2017-01-05 00:30:00+01:00,0.04644,0.0,0.0,0.0
2017-01-05 00:31:00+01:00,0.04524,0.0,0.0,0.0
2017-01-05 00:32:00+01:00,0.04397,0.0,0.0,0.0
2017-01-05 00:33:00+01:00,0.044,0.0,0.0,0.0
2017-01-05 00:34:00+01:00,0.04515,0.0,0.0,0.0
2017-01-05 00:35:00+01:00,0.04086,0.0,0.0,0.0
2017-01-05 00:36:00+01:00,0.04122,0.0,0.0,0.0
2017-01-05 00:37:00+01:00,0.04339,0.0,0.0,0.0
2017-01-05 00:38:00+01:00,0.04553,0.0,0.0,0.0
2017-01-05 00:39:00+01:00,0.04677,0.0,0.0,0.0
2017-01-05 00:40:00+01:00,0.04554,0.0,0.0,0.0
2017-01-05 00:41:00+01:00,0.04543,0.0,0.0,0.0
2017-01-05 00:42:00+01:00,0.05143,0.0,0.0,0.0
2017-01-05 00:43:00+01:00,0.04435,0.0,0.0,0.0
2017-01-05 00:44:00+01:00,0.04351,0.0,0.0,0.0
2017-01-05 00:45:00+01:00,0.04578,0.0,0.0,0.0
2017-01-05 00:46:00+01:00,0.05009,0.0,0.0,0.0
2017-01-05 00:47:00+01:00,0.04253,0.0,0.0,0.0
2017-01-05 00:48:00+01:00,0.04203,0.0,0.0,0.0
2017-01-05 00:49:00+01:00,0.04114,0.0,0.0,0.0
2017-01-05 00:50:00+01:00,0.04586,0.0,0.0,0.0
2017-01-05 00:51:00+01:00,0.04657,0.0,0.0,0.0
2017-01-05 00:52:00+01:00,0.04506,0.0,0.0,0.0
2017-01-05 00:53:00+01:00,0.0391,0.0,0.0,0.0
2017-01-05 00:54:00+01:00,0.03805,0.0,0.0,0.0
2017-01-05 00:55:00+01:00,0.03648,0.0,0.0,0.0
2017-01-05 00:56:00+01:00,0.03999,0.0,0.0,0.0
2017-01-05 00:57:00+01:00,0.041,0.0,0.0,0.0
2017-01-05 00:58:00+01:00,0.04177,0.0,0.0,0.0
2017-01-05 00:59:00+01:00,0.04062,0.0,0.0,0.0
2017-01-05 01:00:00+01:00,0.03896,0.0,0.0,0.0
2017-01-05 01:01:00+01:00,0.03845,0.0,0.0,0.0
2017-01-05 01:02:00+01:00,0.03598,0.0,0.0,0.0
2017-01-05 01:03:00+01:00,0.03773,0.0,0.0,0.0
2017-01-05 01:04:00+01:00,0.03655,0.0,0.0,0.0
2017-01-05 01:05:00+01:00,0.04037,0.0,0.0,0.0
2017-01-05 01:06:00+01:00,0.04202,0.0,0.0,0.0
2017-01-05 01:07:00+01:00,0.04171,0.0,0.0,0.0
2017-01-05 01:08:00+01:00,0.03808,0.0,0.0,0.0
2017-01-05 01:09:00+01:00,0.03783,0.0,0.0,0.0
2017-01-05 01:10:00+01:00,0.03673,0.0,0.0,0.0
2017-01-05 01:11:00+01:00,0.03594,0.0,0.0,0.0
2017-01-05 01:12:00+01:00,0.03723,0.0,0.0,0.0
2017-01-05 01:13:00+01:00,0.03823,0.0,0.0,0.0
2017-01-05 01:14:00+01:00,0.0391,0.0,0.0,0.0
2017-01-05 01:15:00+01:00,0.03969,0.0,0.0,0.0
2017-01-05 01:16:00+01:00,0.04627,0.0,0.0,0.0
2017-01-05 01:17:00+01:00,0.04397,0.0,0.0,0.0
2017-01-05 01:18:00+01:00,0.04384,0.0,0.0,0.0
2017-01-05 01:19:00+01:00,0.04538,0.0,0.0,0.0
2017-01-05 01:20:00+01:00,0.04413,0.0,0.0,0.0
2017-01-05 01:21:00+01:00,0.03684,0.0,0.0,0.0
2017-01-05 01:22:00+01:00,0.03649,0.0,0.0,0.0
2017-01-05 01:23:00+01:00,0.03572,0.0,0.0,0.0
2017-01-05 01:24:00+01:00,0.03756,0.0,0.0,0.0
2017-01-05 01:25:00+01:00,0.0362,0.0,0.0,0.0
2017-01-05 01:26:00+01:00,0.03458,0.0,0.0,0.0
2017-01-05 01:27:00+01:00,0.03419,0.0,0.0,0.0
2017-01-05 01:28:00+01:00,0.0338,0.0,0.0,0.0
2017-01-05 01:29:00+01:00,0.03819,0.0,0.0,0.0
2017-01-05 01:30:00+01:00,0.03787,0.0,0.0,0.0
2017-01-05 01:31:00+01:00,0.04081,0.0,0.0,0.0
2017-01-05 01:32:00+01:00,0.03971,0.0,0.0,0.0
2017-01-05 01:33:00+01:00,0.03778,0.0,0.0,0.0
2017-01-05 01:34:00+01:00,0.03914,0.0,0.0,0.0
2017-01-05 01:35:00+01:00,0.04317,0.0,0.0,0.0
2017-01-05 01:36:00+01:00,0.0433,0.0,0.0,0.0
2017-01-05 01:37:00+01:00,0.04079,0.0,0.0,0.0
2017-01-05 01:38:00+01:00,0.039,0.0,0.0,0.0
2017-01-05 01:39:00+01:00,0.04044,0.0,0.0,0.0
2017-01-05 01:40:00+01:00,0.03865,0.0,0.0,0.0
2017-01-05 01:41:00+01:00,0.03566,0.0,0.0,0.0
2017-01-05 01:42:00+01:00,0.03765,0.0,0.0,0.0
2017-01-05 01:43:00+01:00,0.03742,0.0,0.0,0.0
2017-01-05 01:44:00+01:00,0.03631,0.0,0.0,0.0
2017-01-05 01:45:00+01:00,0.03505,0.0,0.0,0.0
2017-01-05 01:46:00+01:00,0.04104,0.0,0.0,0.0
2017-01-05 01:47:00+01:00,0.03923,0.0,0.0,0.0
2017-01-05 01:48:00+01:00,0.03674,0.0,0.0,0.0
2017-01-05 01:49:00+01:00,0.03781,0.0,0.0,0.0
2017-01-05 01:50:00+01:00,0.03857,0.0,0.0,0.0
2017-01-05 01:51:00+01:00,0.03772,0.0,0.0,0.0
2017-01-05 01:52:00+01:00,0.03967,0.0,0.0,0.0
2017-01-05 01:53:00+01:00,0.03949,0.0,0.0,0.0
2017-01-05 01:54:00+01:00,0.03656,0.0,0.0,0.0
2017-01-05 01:55:00+01:00,0.0345,0.0,0.0,0.0
2017-01-05 01:56:00+01:00,0.0362,0.0,0.0,0.0
2017-01-05 01:57:00+01:00,0.03759,0.0,0.0,0.0
2017-01-05 01:58:00+01:00,0.03756,0.0,0.0,0.0
2017-01-05 01:59:00+01:00,0.03553,0.0,0.0,0.0
2017-01-05 02:00:00+01:00,0.03545,0.0,0.0,0.0
2017-01-05 02:01:00+01:00,0.03511,0.0,0.0,0.0
2017-01-05 02:02:00+01:00,0.03475,0.0,0.0,0.0
2017-01-05 02:03:00+01:00,0.03808,0.0,0.0,0.0
2017-01-05 02:04:00+01:00,0.03571,0.0,0.0,0.0
2017-01-05 02:05:00+01:00,0.03418,0.0,0.0,0.0
2017-01-05 02:06:00+01:00,0.03473,0.0,0.0,0.0
2017-01-05 02:07:00+01:00,0.03584,0.0,0.0,0.0
2017-01-05 02:08:00+01:00,0.03541,0.0,0.0,0.0
2017-01-05 02:09:00+01:00,0.03594,0.0,0.0,0.0
2017-01-05 02:10:00+01:00,0.03428,0.0,0.0,0.0
2017-01-05 02:11:00+01:00,0.03658,0.0,0.0,0.0
2017-01-05 02:12:00+01:00,0.04032,0.0,0.0,0.0
2017-01-05 02:13:00+01:00,0.04074,0.0,0.0,0.0
2017-01-05 02:14:00+01:00,0.03819,0.0,0.0,0.0
2017-01-05 02:15:00+01:00,0.0383,0.0,0.0,0.0
2017-01-05 02:16:00+01:00,0.04103,0.0,0.0,0.0
2017-01-05 02:17:00+01:00,0.03484,0.0,0.0,0.0
2017-01-05 02:18:00+01:00,0.03496,0.0,0.0,0.0
2017-01-05 02:19:00+01:00,0.03757,0.0,0.0,0.0
2017-01-05 02:20:00+01:00,0.03577,0.0,0.0,0.0
2017-01-05 02:21:00+01:00,0.03608,0.0,0.0,0.0
2017-01-05 02:22:00+01:00,0.03574,0.0,0.0,0.0
2017-01-05 02:23:00+01:00,0.03935,0.0,0.0,0.0
2017-01-05 02:24:00+01:00,0.03908,0.0,0.0,0.0
2017-01-05 02:25:00+01:00,0.03879,0.0,0.0,0.0
2017-01-05 02:26:00+01:00,0.03547,0.0,0.0,0.0
2017-01-05 02:27:00+01:00,0.03526,0.0,0.0,0.0
2017-01-05 02:28:00+01:00,0.0398,0.0,0.0,0.0
2017-01-05 02:29:00+01:00,0.03577,0.0,0.0,0.0
2017-01-05 02:30:00+01:00,0.03343,0.0,0.0,0.0
2017-01-05 02:31:00+01:00,0.03335,0.0,0.0,0.0
2017-01-05 02:32:00+01:00,0.03399,0.0,0.0,0.0
2017-01-05 02:33:00+01:00,0.03368,0.0,0.0,0.0
2017-01-05 02:34:00+01:00,0.03709,0.0,0.0,0.0
2017-01-05 02:35:00+01:00,0.03698,0.0,0.0,0.0
2017-01-05 02:36:00+01:00,0.03459,0.0,0.0,0.0
2017-01-05 02:37:00+01:00,0.03164,0.0,0.0,0.0
2017-01-05 02:38:00+01:00,0.03138,0.0,0.0,0.0
2017-01-05 02:39:00+01:00,0.03286,0.0,0.0,0.0
2017-01-05 02:40:00+01:00,0.03248,0.0,0.0,0.0
2017-01-05 02:41:00+01:00,0.03452,0.0,0.0,0.0
2017-01-05 02:42:00+01:00,0.03407,0.0,0.0,0.0
2017-01-05 02:43:00+01:00,0.0325,0.0,0.0,0.0
2017-01-05 02:44:00+01:00,0.03318,0.0,0.0,0.0
2017-01-05 02:45:00+01:00,0.03404,0.0,0.0,0.0
2017-01-05 02:46:00+01:00,0.02926,0.0,0.0,0.0
2017-01-05 02:47:00+01:00,0.03137,0.0,0.0,0.0
2017-01-05 02:48:00+01:00,0.03579,0.0,0.0,0.0
2017-01-05 02:49:00+01:00,0.03637,0.0,0.0,0.0
2017-01-05 02:50:00+01:00,0.03156,0.0,0.0,0.0
2017-01-05 02:51:00+01:00,0.03504,0.0,0.0,0.0
2017-01-05 02:52:00+01:00,0.03579,0.0,0.0,0.0
2017-01-05 02:53:00+01:00,0.03396,0.0,0.0,0.0
2017-01-05 02:54:00+01:00,0.0325,0.0,0.0,0.0
2017-01-05 02:55:00+01:00,0.03395,0.0,0.0,0.0
2017-01-05 02:56:00+01:00,0.0331,0.0,0.0,0.0
2017-01-05 02:57:00+01:00,0.03416,0.0,0.0,0.0
2017-01-05 02:58:00+01:00,0.03297,0.0,0.0,0.0
2017-01-05 02:59:00+01:00,0.03167,0.0,0.0,0.0
2017-01-05 03:00:00+01:00,0.03141,0.0,0.0,0.0
2017-01-05 03:01:00+01:00,0.02946,0.0,0.0,0.0
2017-01-05 03:02:00+01:00,0.02897,0.0,0.0,0.0
2017-01-05 03:03:00+01:00,0.02957,0.0,0.0,0.0
2017-01-05 03:04:00+01:00,0.02931,0.0,0.0,0.0
2017-01-05 03:05:00+01:00,0.02942,0.0,0.0,0.0
2017-01-05 03:06:00+01:00,0.03338,0.0,0.0,0.0
2017-01-05 03:07:00+01:00,0.03404,0.0,0.0,0.0
2017-01-05 03:08:00+01:00,0.03355,0.0,0.0,0.0
2017-01-05 03:09:00+01:00,0.03161,0.0,0.0,0.0
2017-01-05 03:10:00+01:00,0.02963,0.0,0.0,0.0
2017-01-05 03:11:00+01:00,0.03027,0.0,0.0,0.0
2017-01-05 03:12:00+01:00,0.03051,0.0,0.0,0.0
2017-01-05 03:13:00+01:00,0.03154,0.0,0.0,0.0
2017-01-05 03:14:00+01:00,0.03259,0.0,0.0,0.0
2017-01-05 03:15:00+01:00,0.03221,0.0,0.0,0.0
2017-01-05 03:16:00+01:00,0.03067,0.0,0.0,0.0
2017-01-05 03:17:00+01:00,0.03127,0.0,0.0,0.0
2017-01-05 03:18:00+01:00,0.03046,0.0,0.0,0.0
2017-01-05 03:19:00+01:00,0.02972,0.0,0.0,0.0
2017-01-05 03:20:00+01:00,0.0288,0.0,0.0,0.0
2017-01-05 03:21:00+01:00,0.02956,0.0,0.0,0.0
2017-01-05 03:22:00+01:00,0.03009,0.0,0.0,0.0
2017-01-05 03:23:00+01:00,0.03137,0.0,0.0,0.0
2017-01-05 03:24:00+01:00,0.03236,0.0,0.0,0.0
2017-01-05 03:25:00+01:00,0.0306,0.0,0.0,0.0
2017-01-05 03:26:00+01:00,0.03076,0.0,0.0,0.0
2017-01-05 03:27:00+01:00,0.03076,0.0,0.0,0.0
2017-01-05 03:28:00+01:00,0.02976,0.0,0.0,0.0
2017-01-05 03:29:00+01:00,0.03038,0.0,0.0,0.0
2017-01-05 03:30:00+01:00,0.03051,0.0,0.0,0.0
2017-01-05 03:31:00+01:00,0.03042,0.0,0.0,0.0
2017-01-05 03:32:00+01:00,0.02917,0.0,0.0,0.0
2017-01-05 03:33:00+01:00,0.02944,0.0,0.0,0.0
2017-01-05 03:34:00+01:00,0.03171,0.0,0.0,0.0
2017-01-05 03:35:00+01:00,0.03431,0.0,0.0,0.0
2017-01-05 03:36:00+01:00,0.03186,0.0,0.0,0.0
2017-01-05 03:37:00+01:00,0.03192,0.0,0.0,0.0
2017-01-05 03:38:00+01:00,0.03185,0.0,0.0,0.0
2017-01-05 03:39:00+01:00,0.03033,0.0,0.0,0.0
2017-01-05 03:40:00+01:00,0.02888,0.0,0.0,0.0
2017-01-05 03:41:00+01:00,0.02952,0.0,0.0,0.0
2017-01-05 03:42:00+01:00,0.03354,0.0,0.0,0.0
2017-01-05 03:43:00+01:00,0.0294,0.0,0.0,0.0
2017-01-05 03:44:00+01:00,0.03044,0.0,0.0,0.0
2017-01-05 03:45:00+01:00,0.03097,0.0,0.0,0.0
2017-01-05 03:46:00+01:00,0.0316,0.0,0.0,0.0
2017-01-05 03:47:00+01:00,0.03302,0.0,0.0,0.0
2017-01-05 03:48:00+01:00,0.03215,0.0,0.0,0.0
2017-01-05 03:49:00+01:00,0.03099,0.0,0.0,0.0
2017-01-05 03:50:00+01:00,0.03062,0.0,0.0,0.0
2017-01-05 03:51:00+01:00,0.03039,0.0,0.0,0.0
2017-01-05 03:52:00+01:00,0.03061,0.0,0.0,0.0
2017-01-05 03:53:00+01:00,0.03117,0.0,0.0,0.0
2017-01-05 03:54:00+01:00,0.03138,0.0,0.0,0.0
2017-01-05 03:55:00+01:00,0.03084,0.0,0.0,0.0
2017-01-05 03:56:00+01:00,0.03103,0.0,0.0,0.0
2017-01-05 03:57:00+01:00,0.03116,0.0,0.0,0.0
2017-01-05 03:58:00+01:00,0.03165,0.0,0.0,0.0
2017-01-05 03:59:00+01:00,0.03575,0.0,0.0,0.0
2017-01-05 04:00:00+01:00,0.0352,0.0,0.0,0.0
2017-01-05 04:01:00+01:00,0.03606,0.0,0.0,0.0
2017-01-05 04:02:00+01:00,0.03489,0.0,0.0,0.0
2017-01-05 04:03:00+01:00,0.03115,0.0,0.0,0.0
2017-01-05 04:04:00+01:00,0.02917,0.0,0.0,0.0
2017-01-05 04:05:00+01:00,0.02823,0.0,0.0,0.0
2017-01-05 04:06:00+01:00,0.02889,0.0,0.0,0.0
2017-01-05 04:07:00+01:00,0.03253,0.0,0.0,0.0
2017-01-05 04:08:00+01:00,0.03542,0.0,0.0,0.0
2017-01-05 04:09:00+01:00,0.03602,0.0,0.0,0.0
2017-01-05 04:10:00+01:00,0.03465,0.0,0.0,0.0
2017-01-05 04:11:00+01:00,0.03421,0.0,0.0,0.0
2017-01-05 04:12:00+01:00,0.03089,0.0,0.0,0.0
2017-01-05 04:13:00+01:00,0.03222,0.0,0.0,0.0
2017-01-05 04:14:00+01:00,0.03384,0.0,0.0,0.0
2017-01-05 04:15:00+01:00,0.03001,0.0,0.0,0.0
2017-01-05 04:16:00+01:00,0.02927,0.0,0.0,0.0
2017-01-05 04:17:00+01:00,0.03104,0.0,0.0,0.0
2017-01-05 04:18:00+01:00,0.03015,0.0,0.0,0.0
2017-01-05 04:19:00+01:00,0.02916,0.0,0.0,0.0
2017-01-05 04:20:00+01:00,0.02852,0.0,0.0,0.0
2017-01-05 04:21:00+01:00,0.02776,0.0,0.0,0.0
2017-01-05 04:22:00+01:00,0.02881,0.0,0.0,0.0
2017-01-05 04:23:00+01:00,0.03366,0.0,0.0,0.0
2017-01-05 04:24:00+01:00,0.03326,0.0,0.0,0.0
2017-01-05 04:25:00+01:00,0.03346,0.0,0.0,0.0
2017-01-05 04:26:00+01:00,0.03344,0.0,0.0,0.0
2017-01-05 04:27:00+01:00,0.03454,0.0,0.0,0.0
2017-01-05 04:28:00+01:00,0.03987,0.0,0.0,0.0
2017-01-05 04:29:00+01:00,0.03725,0.0,0.0,0.0
2017-01-05 04:30:00+01:00,0.03621,0.0,0.0,0.0
2017-01-05 04:31:00+01:00,0.03287,0.0,0.0,0.0
2017-01-05 04:32:00+01:00,0.03158,0.0,0.0,0.0
2017-01-05 04:33:00+01:00,0.03159,0.0,0.0,0.0
2017-01-05 04:34:00+01:00,0.03439,0.0,0.0,0.0
2017-01-05 04:35:00+01:00,0.03343,0.0,0.0,0.0
2017-01-05 04:36:00+01:00,0.03121,0.0,0.0,0.0
2017-01-05 04:37:00+01:00,0.03064,0.0,0.0,0.0
2017-01-05 04:38:00+01:00,0.03076,0.0,0.0,0.0
2017-01-05 04:39:00+01:00,0.03046,0.0,0.0,0.0
2017-01-05 04:40:00+01:00,0.0287,0.0,0.0,0.0
2017-01-05 04:41:00+01:00,0.02832,0.0,0.0,0.0
2017-01-05 04:42:00+01:00,0.0288,0.0,0.0,0.0
2017-01-05 04:43:00+01:00,0.0289,0.0,0.0,0.0
2017-01-05 04:44:00+01:00,0.02722,0.0,0.0,0.0
2017-01-05 04:45:00+01:00,0.02946,0.0,0.0,0.0
2017-01-05 04:46:00+01:00,0.03031,0.0,0.0,0.0
2017-01-05 04:47:00+01:00,0.03212,0.0,0.0,0.0
2017-01-05 04:48:00+01:00,0.03439,0.0,0.0,0.0
2017-01-05 04:49:00+01:00,0.03402,0.0,0.0,0.0
2017-01-05 04:50:00+01:00,0.03417,0.0,0.0,0.0
2017-01-05 04:51:00+01:00,0.03356,0.0,0.0,0.0
2017-01-05 04:52:00+01:00,0.03279,0.0,0.0,0.0
2017-01-05 04:53:00+01:00,0.03246,0.0,0.0,0.0
2017-01-05 04:54:00+01:00,0.02908,0.0,0.0,0.0
2017-01-05 04:55:00+01:00,0.03011,0.0,0.0,0.0
2017-01-05 04:56:00+01:00,0.03094,0.0,0.0,0.0
2017-01-05 04:57:00+01:00,0.0331,0.0,0.0,0.0
2017-01-05 04:58:00+01:00,0.0333,0.0,0.0,0.0
2017-01-05 04:59:00+01:00,0.03227,0.0,0.0,0.0
2017-01-05 05:00:00+01:00,0.03354,0.0,0.0,0.0
2017-01-05 05:01:00+01:00,0.03737,0.0,0.0,0.0
2017-01-05 05:02:00+01:00,0.03722,0.0,0.0,0.0
2017-01-05 05:03:00+01:00,0.03475,0.0,0.0,0.0
2017-01-05 05:04:00+01:00,0.03527,0.0,0.0,0.0
2017-01-05 05:05:00+01:00,0.03729,0.0,0.0,0.0
2017-01-05 05:06:00+01:00,0.03803,0.0,0.0,0.0
2017-01-05 05:07:00+01:00,0.0375,0.0,0.0,0.0
2017-01-05 05:08:00+01:00,0.0376,0.0,0.0,0.0
2017-01-05 05:09:00+01:00,0.03849,0.0,0.0,0.0
2017-01-05 05:10:00+01:00,0.03793,0.0,0.0,0.0
2017-01-05 05:11:00+01:00,0.0402,0.0,0.0,0.0
2017-01-05 05:12:00+01:00,0.03766,0.0,0.0,0.0
2017-01-05 05:13:00+01:00,0.03841,0.0,0.0,0.0
2017-01-05 05:14:00+01:00,0.03934,0.0,0.0,0.0
2017-01-05 05:15:00+01:00,0.03738,0.0,0.0,0.0
2017-01-05 05:16:00+01:00,0.04206,0.0,0.0,0.0
2017-01-05 05:17:00+01:00,0.04282,0.0,0.0,0.0
2017-01-05 05:18:00+01:00,0.03604,0.0,0.0,0.0
2017-01-05 05:19:00+01:00,0.03529,0.0,0.0,0.0
2017-01-05 05:20:00+01:00,0.04024,0.0,0.0,0.0
2017-01-05 05:21:00+01:00,0.04117,0.0,0.0,0.0
2017-01-05 05:22:00+01:00,0.04068,0.0,0.0,0.0
2017-01-05 05:23:00+01:00,0.03846,0.0,0.0,0.0
2017-01-05 05:24:00+01:00,0.03748,0.0,0.0,0.0
2017-01-05 05:25:00+01:00,0.03568,0.0,0.0,0.0
2017-01-05 05:26:00+01:00,0.03886,0.0,0.0,0.0
2017-01-05 05:27:00+01:00,0.03875,0.0,0.0,0.0
2017-01-05 05:28:00+01:00,0.03986,0.0,0.0,0.0
2017-01-05 05:29:00+01:00,0.03775,0.0,0.0,0.0
2017-01-05 05:30:00+01:00,0.0446,0.0,0.0,0.0
2017-01-05 05:31:00+01:00,0.0528,0.0,0.0,0.0
2017-01-05 05:32:00+01:00,0.05515,0.0,0.0,0.0
2017-01-05 05:33:00+01:00,0.06556,0.0,0.0,0.0
2017-01-05 05:34:00+01:00,0.06385,0.0,0.0,0.0
2017-01-05 05:35:00+01:00,0.06422,0.0,0.0,0.0
2017-01-05 05:36:00+01:00,0.04972,0.0,0.0,0.0
2017-01-05 05:37:00+01:00,0.04189,0.0,0.0,0.0
2017-01-05 05:38:00+01:00,0.04228,0.0,0.0,0.0
2017-01-05 05:39:00+01:00,0.04716,0.0,0.0,0.0
2017-01-05 05:40:00+01:00,0.04542,0.0,0.0,0.0
2017-01-05 05:41:00+01:00,0.04505,0.0,0.0,0.0
2017-01-05 05:42:00+01:00,0.04248,0.0,0.0,0.0
2017-01-05 05:43:00+01:00,0.04256,0.0,0.0,0.0
2017-01-05 05:44:00+01:00,0.04266,0.0,0.0,0.0
2017-01-05 05:45:00+01:00,0.04245,0.0,0.0,0.0
2017-01-05 05:46:00+01:00,0.04499,0.0,0.0,0.0
2017-01-05 05:47:00+01:00,0.05032,0.0,0.0,0.0
2017-01-05 05:48:00+01:00,0.0454,0.0,0.0,0.0
2017-01-05 05:49:00+01:00,0.04694,0.0,0.0,0.0
2017-01-05 05:50:00+01:00,0.04955,0.0,0.0,0.0
2017-01-05 05:51:00+01:00,0.05051,0.0,0.0,0.0
2017-01-05 05:52:00+01:00,0.05098,0.0,0.0,0.0
2017-01-05 05:53:00+01:00,0.05279,0.0,0.0,0.0
2017-01-05 05:54:00+01:00,0.05205,0.0,0.0,0.0
2017-01-05 05:55:00+01:00,0.0542,0.0,0.0,0.0
2017-01-05 05:56:00+01:00,0.05327,0.0,0.0,0.0
2017-01-05 05:57:00+01:00,0.05196,0.0,0.0,0.0
2017-01-05 05:58:00+01:00,0.05299,0.0,0.0,0.0
2017-01-05 05:59:00+01:00,0.05395,0.0,0.0,0.0
2017-01-05 06:00:00+01:00,0.04532,0.0,0.0,0.0
2017-01-05 06:01:00+01:00,0.04531,0.0,0.0,0.0
2017-01-05 06:02:00+01:00,0.05007,0.0,0.0,0.0
2017-01-05 06:03:00+01:00,0.048,0.0,0.0,0.0
2017-01-05 06:04:00+01:00,0.04899,0.0,0.0,0.0
2017-01-05 06:05:00+01:00,0.04762,0.0,0.0,0.0
2017-01-05 06:06:00+01:00,0.04835,0.0,0.0,0.0
2017-01-05 06:07:00+01:00,0.0529,0.0,0.0,0.0
2017-01-05 06:08:00+01:00,0.05489,0.0,0.0,0.0
2017-01-05 06:09:00+01:00,0.05669,0.0,0.0,0.0
2017-01-05 06:10:00+01:00,0.05394,0.0,0.0,0.0
2017-01-05 06:11:00+01:00,0.05298,0.0,0.0,0.0
2017-01-05 06:12:00+01:00,0.05647,0.0,0.0,0.0
2017-01-05 06:13:00+01:00,0.05433,0.0,0.0,0.0
2017-01-05 06:14:00+01:00,0.05671,0.0,0.0,0.0
2017-01-05 06:15:00+01:00,0.05336,0.0,0.0,0.0
2017-01-05 06:16:00+01:00,0.05281,0.0,0.0,0.0
2017-01-05 06:17:00+01:00,0.05482,0.0,0.0,0.0
2017-01-05 06:18:00+01:00,0.05193,0.0,0.0,0.0
2017-01-05 06:19:00+01:00,0.04894,0.0,0.0,0.0
2017-01-05 06:20:00+01:00,0.05223,0.0,0.0,0.0
2017-01-05 06:21:00+01:00,0.05721,0.0,0.0,0.0
2017-01-05 06:22:00+01:00,0.06063,0.0,0.0,0.0
2017-01-05 06:23:00+01:00,0.06272,0.0,0.0,0.0
2017-01-05 06:24:00+01:00,0.06209,0.0,0.0,0.0
2017-01-05 06:25:00+01:00,0.05719,0.0,0.0,0.0
2017-01-05 06:26:00+01:00,0.05568,0.0,0.0,0.0
2017-01-05 06:27:00+01:00,0.06741,0.0,0.0,0.0
2017-01-05 06:28:00+01:00,0.08222,0.0,0.0,0.0
2017-01-05 06:29:00+01:00,0.07989,0.0,0.0,0.0
2017-01-05 06:30:00+01:00,0.07588,0.0,0.0,0.0
2017-01-05 06:31:00+01:00,0.07184,0.0,0.0,0.0
2017-01-05 06:32:00+01:00,0.07427,0.0,0.0,0.0
2017-01-05 06:33:00+01:00,0.08065,0.0,0.0,0.0
2017-01-05 06:34:00+01:00,0.0741,0.0,0.0,0.0
2017-01-05 06:35:00+01:00,0.07594,0.0,0.0,0.0
2017-01-05 06:36:00+01:00,0.07889,0.0,0.0,0.0
2017-01-05 06:37:00+01:00,0.08018,0.0,0.0,0.0
2017-01-05 06:38:00+01:00,0.0801,0.0,0.0,0.0
2017-01-05 06:39:00+01:00,0.08013,0.0,0.0,0.0
2017-01-05 06:40:00+01:00,0.07747,0.0,0.0,0.0
2017-01-05 06:41:00+01:00,0.07272,0.0,0.0,0.0
2017-01-05 06:42:00+01:00,0.06875,0.0,0.0,0.0
2017-01-05 06:43:00+01:00,0.0605,0.0,0.0,0.0
2017-01-05 06:44:00+01:00,0.07633,0.0,0.0,0.0
2017-01-05 06:45:00+01:00,0.08255,0.0,0.0,0.0
2017-01-05 06:46:00+01:00,0.0805,0.0,0.0,0.0
2017-01-05 06:47:00+01:00,0.07965,0.0,0.0,0.0
2017-01-05 06:48:00+01:00,0.07183,0.0,0.0,0.0
2017-01-05 06:49:00+01:00,0.06981,0.0,0.0,0.0
2017-01-05 06:50:00+01:00,0.07487,0.0,0.0,0.0
2017-01-05 06:51:00+01:00,0.07439,0.0,0.0,0.0
2017-01-05 06:52:00+01:00,0.07404,0.0,0.0,0.0
2017-01-05 06:53:00+01:00,0.06459,0.0,0.0,0.0
2017-01-05 06:54:00+01:00,0.07437,0.0,0.0,0.0
2017-01-05 06:55:00+01:00,0.07769,0.0,0.0,0.0
2017-01-05 06:56:00+01:00,0.07248,0.0,0.0,0.0
2017-01-05 06:57:00+01:00,0.06492,0.0,0.0,0.0
2017-01-05 06:58:00+01:00,0.06674,0.0,0.0,0.0
2017-01-05 06:59:00+01:00,0.06353,0.0,0.0,0.0
2017-01-05 07:00:00+01:00,0.06621,0.0,0.0,0.0
2017-01-05 07:01:00+01:00,0.07496,0.0,0.0,0.0
2017-01-05 07:02:00+01:00,0.08381,0.0,0.0,0.0
2017-01-05 07:03:00+01:00,0.07971,0.0,0.0,0.0
2017-01-05 07:04:00+01:00,0.07061,0.0,0.0,0.0
2017-01-05 07:05:00+01:00,0.07174,0.0,0.0,0.0
2017-01-05 07:06:00+01:00,0.07332,0.0,0.0,0.0
2017-01-05 07:07:00+01:00,0.07303,0.0,0.0,0.0
2017-01-05 07:08:00+01:00,0.06994,0.0,0.0,0.0
2017-01-05 07:09:00+01:00,0.07373,0.0,0.0,0.0
2017-01-05 07:10:00+01:00,0.07517,0.0,0.0,0.0
2017-01-05 07:11:00+01:00,0.07196,0.0,0.0,0.0
2017-01-05 07:12:00+01:00,0.07087,0.0,0.0,0.0
2017-01-05 07:13:00+01:00,0.07135,0.0,0.0,0.0
2017-01-05 07:14:00+01:00,0.06901,0.0,0.0,0.0
2017-01-05 07:15:00+01:00,0.06421,0.0,0.0,0.0
2017-01-05 07:16:00+01:00,0.05752,0.0,0.0,0.0
2017-01-05 07:17:00+01:00,0.05863,0.0,0.0,0.0
2017-01-05 07:18:00+01:00,0.06115,0.0,0.0,0.0
2017-01-05 07:19:00+01:00,0.06157,0.0,0.0,0.0
2017-01-05 07:20:00+01:00,0.05783,0.0,0.0,0.0
2017-01-05 07:21:00+01:00,0.06054,0.0,0.0,0.0
2017-01-05 07:22:00+01:00,0.06195,0.0,0.0,0.0
2017-01-05 07:23:00+01:00,0.06188,0.0,0.0,0.0
2017-01-05 07:24:00+01:00,0.05953,0.0,0.0,0.0
2017-01-05 07:25:00+01:00,0.06106,0.0,0.0,0.0
2017-01-05 07:26:00+01:00,0.06825,0.0,0.0,0.0
2017-01-05 07:27:00+01:00,0.05595,0.0,0.0,0.0
2017-01-05 07:28:00+01:00,0.0556,0.0,0.0,0.0
2017-01-05 07:29:00+01:00,0.0607,0.0,0.0,0.0
2017-01-05 07:30:00+01:00,0.06175,0.0,0.0,0.0
2017-01-05 07:31:00+01:00,0.06626,0.0,0.0,0.0
2017-01-05 07:32:00+01:00,0.06331,0.0,0.0,0.0
2017-01-05 07:33:00+01:00,0.06096,0.0,0.0,0.0
2017-01-05 07:34:00+01:00,0.06119,0.0,0.0,0.0
2017-01-05 07:35:00+01:00,0.05529,0.0,0.0,0.0
2017-01-05 07:36:00+01:00,0.05342,0.0,0.0,0.0
2017-01-05 07:37:00+01:00,0.04964,0.0,0.0,0.0
2017-01-05 07:38:00+01:00,0.05505,0.0,0.0,0.0
2017-01-05 07:39:00+01:00,0.05423,0.0,0.0,0.0
2017-01-05 07:40:00+01:00,0.05115,0.0,0.0,0.0
2017-01-05 07:41:00+01:00,0.0563,0.0,0.0,0.0
2017-01-05 07:42:00+01:00,0.05714,0.0,0.0,0.0
2017-01-05 07:43:00+01:00,0.05576,0.0,0.0,0.0
2017-01-05 07:44:00+01:00,0.05714,0.0,0.0,0.0
2017-01-05 07:45:00+01:00,0.0601,0.0,0.0,0.0
2017-01-05 07:46:00+01:00,0.06198,0.0,0.0,0.0
2017-01-05 07:47:00+01:00,0.06072,0.0,0.0,0.0
2017-01-05 07:48:00+01:00,0.06431,0.0,0.0,0.0
2017-01-05 07:49:00+01:00,0.0651,0.0,0.0,0.0
2017-01-05 07:50:00+01:00,0.0661,0.0,0.0,0.0
2017-01-05 07:51:00+01:00,0.06251,0.0,0.0,0.0
2017-01-05 07:52:00+01:00,0.05981,0.0,0.0,0.0
2017-01-05 07:53:00+01:00,0.0574,0.0,0.0,0.0
2017-01-05 07:54:00+01:00,0.05879,0.0,0.0,0.0
2017-01-05 07:55:00+01:00,0.05898,0.0,0.0,0.0
2017-01-05 07:56:00+01:00,0.06179,0.0,0.0,0.0
2017-01-05 07:57:00+01:00,0.059,0.0,0.0,0.0
2017-01-05 07:58:00+01:00,0.05987,0.0,0.0,0.0
2017-01-05 07:59:00+01:00,0.05992,0.0,0.0,0.0
2017-01-05 08:00:00+01:00,0.0578,0.0,0.0,0.0
2017-01-05 08:01:00+01:00,0.06033,0.0,0.0,0.0
2017-01-05 08:02:00+01:00,0.05967,0.0,0.0,0.0
2017-01-05 08:03:00+01:00,0.05633,0.0,0.0,0.0
2017-01-05 08:04:00+01:00,0.05611,0.0,0.0,0.0
2017-01-05 08:05:00+01:00,0.05423,0.0,0.0,0.0
2017-01-05 08:06:00+01:00,0.05893,0.0,0.0,0.0
2017-01-05 08:07:00+01:00,0.0591,0.0,0.0,0.0
2017-01-05 08:08:00+01:00,0.06073,0.0,0.0,0.0
2017-01-05 08:09:00+01:00,0.05294,0.0,0.0,0.0
2017-01-05 08:10:00+01:00,0.05465,0.0,0.0,0.0
2017-01-05 08:11:00+01:00,0.05688,0.0,0.0,0.0
2017-01-05 08:12:00+01:00,0.05311,0.0,0.0,0.0
2017-01-05 08:13:00+01:00,0.04786,0.0,0.0,0.0
2017-01-05 08:14:00+01:00,0.04978,0.0,0.0,0.0
2017-01-05 08:15:00+01:00,0.05026,0.0,0.0,0.0
2017-01-05 08:16:00+01:00,0.05827,0.0,0.0,0.0
2017-01-05 08:17:00+01:00,0.05427,0.0,0.0,0.0
2017-01-05 08:18:00+01:00,0.04942,0.0,0.0,0.0
2017-01-05 08:19:00+01:00,0.05313,0.0,0.0,0.0
2017-01-05 08:20:00+01:00,0.05722,0.0,0.0,0.0
2017-01-05 08:21:00+01:00,0.05822,0.0,0.0,0.0
2017-01-05 08:22:00+01:00,0.06326,0.0,0.0,0.0
2017-01-05 08:23:00+01:00,0.06668,0.0,0.0,0.0
2017-01-05 08:24:00+01:00,0.06358,0.0,0.0,0.0
2017-01-05 08:25:00+01:00,0.06239,0.0,0.0,0.0
2017-01-05 08:26:00+01:00,0.06776,0.0,0.0,0.0
2017-01-05 08:27:00+01:00,0.0696,0.0,0.0,0.0
2017-01-05 08:28:00+01:00,0.06272,0.0,0.0,0.0
2017-01-05 08:29:00+01:00,0.06198,0.0,0.0,0.0
2017-01-05 08:30:00+01:00,0.06858,0.0,0.0,0.0
2017-01-05 08:31:00+01:00,0.0679,0.0,0.0,0.0
2017-01-05 08:32:00+01:00,0.06509,0.0,0.0,0.0
2017-01-05 08:33:00+01:00,0.06295,0.0,0.0,0.0
2017-01-05 08:34:00+01:00,0.06196,0.0,0.0,0.0
2017-01-05 08:35:00+01:00,0.06175,0.0,0.0,0.0
2017-01-05 08:36:00+01:00,0.06074,0.0,0.0,0.0
2017-01-05 08:37:00+01:00,0.05709,0.0,0.0,0.0
2017-01-05 08:38:00+01:00,0.05348,0.0,0.0,0.0
2017-01-05 08:39:00+01:00,0.05197,0.0,0.0,0.0
2017-01-05 08:40:00+01:00,0.05613,0.0,0.0,0.0
2017-01-05 08:41:00+01:00,0.0585,0.0,0.0,0.0
2017-01-05 08:42:00+01:00,0.05683,0.0,0.0,0.0
2017-01-05 08:43:00+01:00,0.06238,0.0,0.0,0.0
2017-01-05 08:44:00+01:00,0.06729,0.0,0.0,0.0
2017-01-05 08:45:00+01:00,0.0737,0.0,0.0,0.0
2017-01-05 08:46:00+01:00,0.06986,0.0,0.0,0.0
2017-01-05 08:47:00+01:00,0.06745,0.0,0.0,0.0
2017-01-05 08:48:00+01:00,0.06647,0.0,0.0,0.0
2017-01-05 08:49:00+01:00,0.06836,0.0,0.0,0.0
2017-01-05 08:50:00+01:00,0.06581,0.0,0.0,0.0
2017-01-05 08:51:00+01:00,0.06459,0.0,0.0,0.0
2017-01-05 08:52:00+01:00,0.0655,0.0,0.0,0.0
2017-01-05 08:53:00+01:00,0.06449,0.0,0.0,0.0
2017-01-05 08:54:00+01:00,0.05954,0.0,0.0,0.0
2017-01-05 08:55:00+01:00,0.05963,0.0,0.0,0.0
2017-01-05 08:56:00+01:00,0.05508,0.0,0.0,0.0
2017-01-05 08:57:00+01:00,0.05499,0.0,0.0,0.0
2017-01-05 08:58:00+01:00,0.05695,0.017742,0.0,0.0
2017-01-05 08:59:00+01:00,0.05879,0.018623,0.0,0.0
2017-01-05 09:00:00+01:00,0.05968,0.023426,0.0,0.0
2017-01-05 09:01:00+01:00,0.06929,0.024584,0.0,0.0
2017-01-05 09:02:00+01:00,0.06793,0.026366,0.0,0.0
2017-01-05 09:03:00+01:00,0.06467,0.032442,0.0,0.0
2017-01-05 09:04:00+01:00,0.06542,0.037927,0.0,0.0
2017-01-05 09:05:00+01:00,0.06645,0.036759,0.0,0.0
2017-01-05 09:06:00+01:00,0.06498,0.042608,0.0,0.0
2017-01-05 09:07:00+01:00,0.06816,0.047884,0.0,0.0
2017-01-05 09:08:00+01:00,0.0657,0.043354,0.0,0.0
2017-01-05 09:09:00+01:00,0.06737,0.044334,0.0,0.0
2017-01-05 09:10:00+01:00,0.0655,0.045596,0.0,0.0
2017-01-05 09:11:00+01:00,0.06304,0.046198,0.0,0.0
2017-01-05 09:12:00+01:00,0.07004,0.046055,0.0,0.0
2017-01-05 09:13:00+01:00,0.07569,0.049388,0.0,0.0
2017-01-05 09:14:00+01:00,0.06774,0.05581,0.0,0.0
2017-01-05 09:15:00+01:00,0.05922,0.067721,0.0,0.0
2017-01-05 09:16:00+01:00,0.0593,0.077139,0.0,0.0
2017-01-05 09:17:00+01:00,0.06344,0.077299,0.0,0.0
2017-01-05 09:18:00+01:00,0.05863,0.070254,0.0,0.0
2017-01-05 09:19:00+01:00,0.05583,0.06104,0.0,0.0
2017-01-05 09:20:00+01:00,0.05308,0.055585,0.0,0.0
2017-01-05 09:21:00+01:00,0.05359,0.053268,0.0,0.0
2017-01-05 09:22:00+01:00,0.05651,0.05697,0.0,0.0
2017-01-05 09:23:00+01:00,0.06505,0.057846,0.0,0.0
2017-01-05 09:24:00+01:00,0.06108,0.062422,0.0,0.0
2017-01-05 09:25:00+01:00,0.06092,0.057298,0.0,0.0
2017-01-05 09:26:00+01:00,0.06154,0.057094,0.0,0.0
2017-01-05 09:27:00+01:00,0.06191,0.057633,0.0,0.0
2017-01-05 09:28:00+01:00,0.06346,0.061855,0.0,0.0
2017-01-05 09:29:00+01:00,0.05886,0.066521,0.0,0.0
2017-01-05 09:30:00+01:00,0.06382,0.063652,0.0,0.0
2017-01-05 09:31:00+01:00,0.06257,0.058992,0.0,0.0
2017-01-05 09:32:00+01:00,0.05695,0.056414,0.0,0.0
2017-01-05 09:33:00+01:00,0.06559,0.059395,0.0,0.0
2017-01-05 09:34:00+01:00,0.06792,0.061552,0.0,0.0
2017-01-05 09:35:00+01:00,0.06427,0.056363,0.0,0.0
2017-01-05 09:36:00+01:00,0.06106,0.059847,0.0,0.0
2017-01-05 09:37:00+01:00,0.05855,0.062888,0.0,0.0
2017-01-05 09:38:00+01:00,0.05718,0.06784,0.0,0.0
2017-01-05 09:39:00+01:00,0.05918,0.074395,0.0,0.0
2017-01-05 09:40:00+01:00,0.05494,0.079967,0.0,0.0
2017-01-05 09:41:00+01:00,0.05495,0.085137,0.0,0.0
2017-01-05 09:42:00+01:00,0.05376,0.087345,0.0,0.0
2017-01-05 09:43:00+01:00,0.05766,0.091698,0.0,0.0
2017-01-05 09:44:00+01:00,0.06321,0.095294,0.0,0.0
2017-01-05 09:45:00+01:00,0.05848,0.095746,0.0,0.0
2017-01-05 09:46:00+01:00,0.06004,0.096799,0.0,0.0
2017-01-05 09:47:00+01:00,0.06254,0.107262,0.0,0.0
2017-01-05 09:48:00+01:00,0.06814,0.117268,0.0,0.0
2017-01-05 09:49:00+01:00,0.07526,0.112042,0.0,0.0
2017-01-05 09:50:00+01:00,0.0663,0.118317,0.0,0.0
2017-01-05 09:51:00+01:00,0.06334,0.128044,0.0,0.0
2017-01-05 09:52:00+01:00,0.07575,0.131551,0.0,0.0
2017-01-05 09:53:00+01:00,0.07588,0.141529,0.0,0.0
2017-01-05 09:54:00+01:00,0.06878,0.147245,0.0,0.0
2017-01-05 09:55:00+01:00,0.06921,0.14434,0.0,0.0
2017-01-05 09:56:00+01:00,0.0793,0.139355,0.0,0.0
2017-01-05 09:57:00+01:00,0.07206,0.139879,0.0,0.0
2017-01-05 09:58:00+01:00,0.07432,0.142095,0.0,0.0
2017-01-05 09:59:00+01:00,0.07426,0.139744,0.0,0.0
2017-01-05 10:00:00+01:00,0.07426,0.140599,0.0,0.0
2017-01-05 10:01:00+01:00,0.07893,0.143049,0.0,0.0
2017-01-05 10:02:00+01:00,0.07944,0.145587,0.0,0.0
2017-01-05 10:03:00+01:00,0.07513,0.148959,0.0,0.0
2017-01-05 10:04:00+01:00,0.06968,0.154913,0.0,0.0
2017-01-05 10:05:00+01:00,0.06739,0.159397,0.0,0.0
2017-01-05 10:06:00+01:00,0.06918,0.167499,0.0,0.0
2017-01-05 10:07:00+01:00,0.06374,0.184207,0.0,0.0
2017-01-05 10:08:00+01:00,0.06507,0.184035,0.0,0.0
2017-01-05 10:09:00+01:00,0.0681,0.215254,0.0,0.0
2017-01-05 10:10:00+01:00,0.10126,0.1853,0.0,0.0
2017-01-05 10:11:00+01:00,0.0804,0.183609,0.0,0.0
2017-01-05 10:12:00+01:00,0.07999,0.181117,0.0,0.0
2017-01-05 10:13:00+01:00,0.07714,0.182577,0.0,0.0
2017-01-05 10:14:00+01:00,0.08276,0.192072,0.0,0.0
2017-01-05 10:15:00+01:00,0.07916,0.209501,0.0,0.0
2017-01-05 10:16:00+01:00,0.07303,0.209404,0.0,0.0
2017-01-05 10:17:00+01:00,0.06833,0.209816,0.0,0.0
2017-01-05 10:18:00+01:00,0.06652,0.214793,0.0,0.0
2017-01-05 10:19:00+01:00,0.06403,0.189002,0.0,0.0
2017-01-05 10:20:00+01:00,0.06437,0.181629,0.0,0.0
2017-01-05 10:21:00+01:00,0.06316,0.173914,0.0,0.0
2017-01-05 10:22:00+01:00,0.06759,0.197353,0.0,0.0
2017-01-05 10:23:00+01:00,0.06893,0.209878,0.0,0.0
2017-01-05 10:24:00+01:00,0.0687,0.188599,0.0,0.0
2017-01-05 10:25:00+01:00,0.06247,0.167085,0.0,0.0
2017-01-05 10:26:00+01:00,0.06704,0.185468,0.0,0.0
2017-01-05 10:27:00+01:00,0.06546,0.195519,0.0,0.0
2017-01-05 10:28:00+01:00,0.06057,0.18173,0.0,0.0
2017-01-05 10:29:00+01:00,0.05852,0.174432,0.0,0.0
2017-01-05 10:30:00+01:00,0.05738,0.175187,0.0,0.0
2017-01-05 10:31:00+01:00,0.05305,0.148857,0.0,0.0
2017-01-05 10:32:00+01:00,0.05094,0.117615,0.0,0.0
2017-01-05 10:33:00+01:00,0.05102,0.116648,0.0,0.0
2017-01-05 10:34:00+01:00,0.05516,0.122836,0.0,0.0
2017-01-05 10:35:00+01:00,0.06153,0.131525,0.0,0.0
2017-01-05 10:36:00+01:00,0.0637,0.141733,0.0,0.0
2017-01-05 10:37:00+01:00,0.06759,0.130568,0.0,0.0
2017-01-05 10:38:00+01:00,0.06692,0.106014,0.0,0.0
2017-01-05 10:39:00+01:00,0.0695,0.099685,0.0,0.0
2017-01-05 10:40:00+01:00,0.06923,0.109132,0.0,0.0
2017-01-05 10:41:00+01:00,0.0716,0.115901,0.0,0.0
2017-01-05 10:42:00+01:00,0.06785,0.11866,0.0,0.0
2017-01-05 10:43:00+01:00,0.06276,0.124286,0.0,0.0
2017-01-05 10:44:00+01:00,0.06792,0.131256,0.0,0.0
2017-01-05 10:45:00+01:00,0.06587,0.160518,0.0,0.0
2017-01-05 10:46:00+01:00,0.06472,0.187371,0.0,0.0
2017-01-05 10:47:00+01:00,0.07043,0.23092,0.0,0.0
2017-01-05 10:48:00+01:00,0.06886,0.247848,0.0,0.0
2017-01-05 10:49:00+01:00,0.0737,0.220221,0.0,0.0
2017-01-05 10:50:00+01:00,0.06539,0.226235,0.0,0.0
2017-01-05 10:51:00+01:00,0.05874,0.301309,0.0,0.0
2017-01-05 10:52:00+01:00,0.05812,0.318316,0.0,0.0
2017-01-05 10:53:00+01:00,0.06038,0.673802,0.0,0.0
2017-01-05 10:54:00+01:00,0.05993,0.532807,0.0,0.0
2017-01-05 10:55:00+01:00,0.05855,0.39509,0.0,0.0
2017-01-05 10:56:00+01:00,0.06047,0.443591,0.0,0.0
2017-01-05 10:57:00+01:00,0.05966,0.273121,0.0,0.0
2017-01-05 10:58:00+01:00,0.06203,0.215935,0.0,0.0
2017-01-05 10:59:00+01:00,0.05825,0.180656,0.0,0.0
2017-01-05 11:00:00+01:00,0.05979,0.149322,0.0,0.0
2017-01-05 11:01:00+01:00,0.07317,0.146335,0.0,0.0
2017-01-05 11:02:00+01:00,0.06583,0.130985,0.0,0.0
2017-01-05 11:03:00+01:00,0.06602,0.128832,0.0,0.0
2017-01-05 11:04:00+01:00,0.07326,0.157855,0.0,0.0
2017-01-05 11:05:00+01:00,0.07631,0.156722,0.0,0.0
2017-01-05 11:06:00+01:00,0.06879,0.15303,0.0,0.0
2017-01-05 11:07:00+01:00,0.06948,0.242946,0.0,0.0
2017-01-05 11:08:00+01:00,0.06168,0.531419,0.0,0.0
2017-01-05 11:09:00+01:00,0.06336,0.224081,0.0,0.0
2017-01-05 11:10:00+01:00,0.06854,0.200395,0.0,0.0
2017-01-05 11:11:00+01:00,0.06875,0.195603,0.0,0.0
2017-01-05 11:12:00+01:00,0.06089,0.197007,0.0,0.0
2017-01-05 11:13:00+01:00,0.06374,0.232739,0.0,0.0
2017-01-05 11:14:00+01:00,0.06314,0.227643,0.0,0.0
2017-01-05 11:15:00+01:00,0.06323,0.212176,0.0,0.0
2017-01-05 11:16:00+01:00,0.06825,0.202577,0.0,0.0
2017-01-05 11:17:00+01:00,0.07534,0.221597,0.0,0.0
2017-01-05 11:18:00+01:00,0.08587,0.268257,0.0,0.0
2017-01-05 11:19:00+01:00,0.08987,0.295889,0.0,0.0
2017-01-05 11:20:00+01:00,0.09209,0.241192,0.0,0.0
2017-01-05 11:21:00+01:00,0.09065,0.598522,0.0,0.0
2017-01-05 11:22:00+01:00,0.08879,0.46604,0.0,0.0
2017-01-05 11:23:00+01:00,0.0832,0.290926,0.0,0.0
2017-01-05 11:24:00+01:00,0.09471,0.278732,0.0,0.0
2017-01-05 11:25:00+01:00,0.09315,0.40679,0.0,0.0
2017-01-05 11:26:00+01:00,0.09597,0.656656,0.0,0.0
2017-01-05 11:27:00+01:00,0.0898,0.773258,0.0,0.0
2017-01-05 11:28:00+01:00,0.08187,0.41336,0.0,0.0
2017-01-05 11:29:00+01:00,0.0929,0.34996,0.0,0.0
2017-01-05 11:30:00+01:00,0.08973,0.66072,0.0,0.0
2017-01-05 11:31:00+01:00,0.0861,0.421704,0.0,0.0
2017-01-05 11:32:00+01:00,0.0817,0.485656,0.0,0.0
2017-01-05 11:33:00+01:00,0.06858,0.768756,0.0,0.0
2017-01-05 11:34:00+01:00,0.07237,0.77475,0.0,0.0
2017-01-05 11:35:00+01:00,0.07887,0.592289,0.0,0.0
2017-01-05 11:36:00+01:00,0.08002,0.234455,0.0,0.0
2017-01-05 11:37:00+01:00,0.08741,0.367215,0.0,0.0
2017-01-05 11:38:00+01:00,0.086,0.581535,0.0,0.0
2017-01-05 11:39:00+01:00,0.08646,0.262778,0.0,0.0
2017-01-05 11:40:00+01:00,0.08516,0.196941,0.0,0.0
2017-01-05 11:41:00+01:00,0.0841,0.308901,0.0,0.0
2017-01-05 11:42:00+01:00,0.08906,0.168859,0.0,0.0
2017-01-05 11:43:00+01:00,0.08667,0.166897,0.0,0.0
2017-01-05 11:44:00+01:00,0.09039,0.166888,0.0,0.0
2017-01-05 11:45:00+01:00,0.08674,0.202984,0.0,0.0
2017-01-05 11:46:00+01:00,0.08793,0.196782,0.0,0.0
2017-01-05 11:47:00+01:00,0.09087,0.169285,0.0,0.0
2017-01-05 11:48:00+01:00,0.08619,0.17276,0.0,0.0
2017-01-05 11:49:00+01:00,0.092,0.188636,0.0,0.0
2017-01-05 11:50:00+01:00,0.09042,0.189492,0.0,0.0
2017-01-05 11:51:00+01:00,0.07857,0.17348,0.0,0.0
2017-01-05 11:52:00+01:00,0.0746,0.158637,0.0,0.0
2017-01-05 11:53:00+01:00,0.08707,0.148025,0.0,0.0
2017-01-05 11:54:00+01:00,0.08422,0.156926,0.0,0.0
2017-01-05 11:55:00+01:00,0.07584,0.221957,0.0,0.0
2017-01-05 11:56:00+01:00,0.07886,0.194407,0.0,0.0
2017-01-05 11:57:00+01:00,0.0854,0.265046,0.0,0.0
2017-01-05 11:58:00+01:00,0.09083,0.5273,0.0,0.0
2017-01-05 11:59:00+01:00,0.08965,0.662673,0.0,0.0
2017-01-05 12:00:00+01:00,0.08467,0.590234,0.0,0.0
2017-01-05 12:01:00+01:00,0.07847,0.713676,0.0,0.0
2017-01-05 12:02:00+01:00,0.07122,0.405232,0.0,0.0
2017-01-05 12:03:00+01:00,0.07368,0.355686,0.0,0.0
2017-01-05 12:04:00+01:00,0.07776,0.644794,0.0,0.0
2017-01-05 12:05:00+01:00,0.08261,0.432762,0.0,0.0
2017-01-05 12:06:00+01:00,0.08174,0.258939,0.0,0.0
2017-01-05 12:07:00+01:00,0.07537,0.244315,0.0,0.0
2017-01-05 12:08:00+01:00,0.07212,0.195825,0.0,0.0
2017-01-05 12:09:00+01:00,0.07383,0.171315,0.0,0.0
2017-01-05 12:10:00+01:00,0.07346,0.151861,0.0,0.0
2017-01-05 12:11:00+01:00,0.07357,0.13479,0.0,0.0
2017-01-05 12:12:00+01:00,0.07684,0.16801,0.0,0.0
2017-01-05 12:13:00+01:00,0.07735,0.126671,0.0,0.0
2017-01-05 12:14:00+01:00,0.07285,0.126336,0.0,0.0
2017-01-05 12:15:00+01:00,0.07588,0.124113,0.0,0.0
2017-01-05 12:16:00+01:00,0.06835,0.125795,0.0,0.0
2017-01-05 12:17:00+01:00,0.07256,0.479059,0.0,0.0
2017-01-05 12:18:00+01:00,0.07294,0.190194,0.0,0.0
2017-01-05 12:19:00+01:00,0.07687,0.11505,0.0,0.0
2017-01-05 12:20:00+01:00,0.06646,0.117298,0.0,0.0
2017-01-05 12:21:00+01:00,0.06401,0.600041,0.0,0.0
2017-01-05 12:22:00+01:00,0.06066,0.682634,0.0,0.0
2017-01-05 12:23:00+01:00,0.06435,0.68943,0.0,0.0
2017-01-05 12:24:00+01:00,0.06126,0.694816,0.0,0.0
2017-01-05 12:25:00+01:00,0.06273,0.699916,0.0,0.0
2017-01-05 12:26:00+01:00,0.06603,0.706398,0.0,0.0
2017-01-05 12:27:00+01:00,0.06981,0.714509,0.0,0.0
2017-01-05 12:28:00+01:00,0.07202,0.725034,0.0,0.0
2017-01-05 12:29:00+01:00,0.0712,0.738073,0.0,0.0
2017-01-05 12:30:00+01:00,0.05995,0.743132,0.0,0.0
2017-01-05 12:31:00+01:00,0.06435,0.70932,0.0,0.0
2017-01-05 12:32:00+01:00,0.06492,0.697964,0.0,0.0
2017-01-05 12:33:00+01:00,0.06391,0.754137,0.0,0.0
2017-01-05 12:34:00+01:00,0.06698,0.658229,0.0,0.0
2017-01-05 12:35:00+01:00,0.06836,0.605906,0.0,0.0
2017-01-05 12:36:00+01:00,0.06315,0.742826,0.0,0.0
2017-01-05 12:37:00+01:00,0.05859,0.745155,0.0,0.0
2017-01-05 12:38:00+01:00,0.0571,0.769509,0.0,0.0
2017-01-05 12:39:00+01:00,0.05855,0.772414,0.0,0.0
2017-01-05 12:40:00+01:00,0.05503,0.525994,0.0,0.0
2017-01-05 12:41:00+01:00,0.06242,0.242474,0.0,0.0
2017-01-05 12:42:00+01:00,0.06192,0.23883,0.0,0.0
2017-01-05 12:43:00+01:00,0.05602,0.211442,0.0,0.0
2017-01-05 12:44:00+01:00,0.05354,0.194761,0.0,0.0
2017-01-05 12:45:00+01:00,0.0514,0.214255,0.0,0.0
2017-01-05 12:46:00+01:00,0.05236,0.238394,0.0,0.0
2017-01-05 12:47:00+01:00,0.06309,0.25555,0.0,0.0
2017-01-05 12:48:00+01:00,0.06297,0.261023,0.0,0.0
2017-01-05 12:49:00+01:00,0.06619,0.261375,0.0,0.0
2017-01-05 12:50:00+01:00,0.0668,0.242027,0.0,0.0
2017-01-05 12:51:00+01:00,0.0599,0.454888,0.0,0.0
2017-01-05 12:52:00+01:00,0.05535,0.205269,0.0,0.0
2017-01-05 12:53:00+01:00,0.05682,0.183819,0.0,0.0
2017-01-05 12:54:00+01:00,0.05692,0.167125,0.0,0.0
2017-01-05 12:55:00+01:00,0.05996,0.181287,0.0,0.0
2017-01-05 12:56:00+01:00,0.05546,0.324681,0.0,0.0
2017-01-05 12:57:00+01:00,0.05311,0.215189,0.0,0.0
2017-01-05 12:58:00+01:00,0.05415,0.147834,0.0,0.0
2017-01-05 12:59:00+01:00,0.05337,0.37727,0.0,0.0
2017-01-05 13:00:00+01:00,0.05516,0.367335,0.0,0.0
2017-01-05 13:01:00+01:00,0.06635,0.468087,0.0,0.0
2017-01-05 13:02:00+01:00,0.06696,0.178544,0.0,0.0
2017-01-05 13:03:00+01:00,0.06812,0.639862,0.0,0.0
2017-01-05 13:04:00+01:00,0.07086,0.659013,0.0,0.0
2017-01-05 13:05:00+01:00,0.07233,0.656998,0.0,0.0
2017-01-05 13:06:00+01:00,0.06998,0.655793,0.0,0.0
2017-01-05 13:07:00+01:00,0.06943,0.652703,0.0,0.0
2017-01-05 13:08:00+01:00,0.07069,0.651463,0.0,0.0
2017-01-05 13:09:00+01:00,0.06973,0.647725,0.0,0.0
2017-01-05 13:10:00+01:00,0.07269,0.647232,0.0,0.0
2017-01-05 13:11:00+01:00,0.07359,0.649032,0.0,0.0
2017-01-05 13:12:00+01:00,0.06505,0.647771,0.0,0.0
2017-01-05 13:13:00+01:00,0.06492,0.64517,0.0,0.0
2017-01-05 13:14:00+01:00,0.07136,0.645679,0.0,0.0
2017-01-05 13:15:00+01:00,0.07509,0.647602,0.0,0.0
2017-01-05 13:16:00+01:00,0.07575,0.650267,0.0,0.0
2017-01-05 13:17:00+01:00,0.07542,0.652521,0.0,0.0
2017-01-05 13:18:00+01:00,0.07482,0.661121,0.0,0.0
2017-01-05 13:19:00+01:00,0.07556,0.667432,0.0,0.0
2017-01-05 13:20:00+01:00,0.07221,0.6712,0.0,0.0
2017-01-05 13:21:00+01:00,0.06586,0.671755,0.0,0.0
2017-01-05 13:22:00+01:00,0.06553,0.673524,0.0,0.0
2017-01-05 13:23:00+01:00,0.06685,0.677876,0.0,0.0
2017-01-05 13:24:00+01:00,0.06918,0.680187,0.0,0.0
2017-01-05 13:25:00+01:00,0.07208,0.682305,0.0,0.0
2017-01-05 13:26:00+01:00,0.06752,0.684707,0.0,0.0
2017-01-05 13:27:00+01:00,0.06841,0.693793,0.0,0.0
2017-01-05 13:28:00+01:00,0.06376,0.696346,0.0,0.0
2017-01-05 13:29:00+01:00,0.06402,0.661418,0.0,0.0
2017-01-05 13:30:00+01:00,0.06471,0.304864,0.0,0.0
2017-01-05 13:31:00+01:00,0.05431,0.600778,0.0,0.0
2017-01-05 13:32:00+01:00,0.07309,0.712195,0.0,0.0
2017-01-05 13:33:00+01:00,0.07047,0.41856,0.0,0.0
2017-01-05 13:34:00+01:00,0.06471,0.528419,0.0,0.0
2017-01-05 13:35:00+01:00,0.05588,0.392837,0.0,0.0
2017-01-05 13:36:00+01:00,0.0524,0.21354,0.0,0.0
2017-01-05 13:37:00+01:00,0.05819,0.181474,0.0,0.0
2017-01-05 13:38:00+01:00,0.0545,0.169891,0.0,0.0
2017-01-05 13:39:00+01:00,0.05245,0.152518,0.0,0.0
2017-01-05 13:40:00+01:00,0.05564,0.138641,0.0,0.0
2017-01-05 13:41:00+01:00,0.05856,0.130665,0.0,0.0
2017-01-05 13:42:00+01:00,0.05958,0.126384,0.0,0.0
2017-01-05 13:43:00+01:00,0.06584,0.125192,0.0,0.0
2017-01-05 13:44:00+01:00,0.06706,0.205495,0.0,0.0
2017-01-05 13:45:00+01:00,0.07172,0.607095,0.0,0.0
2017-01-05 13:46:00+01:00,0.06646,0.613657,0.0,0.0
2017-01-05 13:47:00+01:00,0.06341,0.613192,0.0,0.0
2017-01-05 13:48:00+01:00,0.06333,0.608392,0.0,0.0
2017-01-05 13:49:00+01:00,0.06375,0.611075,0.0,0.0
2017-01-05 13:50:00+01:00,0.06818,0.599224,0.0,0.0
2017-01-05 13:51:00+01:00,0.06525,0.603083,0.0,0.0
2017-01-05 13:52:00+01:00,0.06012,0.585786,0.0,0.0
2017-01-05 13:53:00+01:00,0.05164,0.575249,0.0,0.0
2017-01-05 13:54:00+01:00,0.05792,0.534913,0.0,0.0
2017-01-05 13:55:00+01:00,0.06122,0.204103,0.0,0.0
2017-01-05 13:56:00+01:00,0.06783,0.116118,0.0,0.0
2017-01-05 13:57:00+01:00,0.06659,0.093483,0.0,0.0
2017-01-05 13:58:00+01:00,0.0728,0.091764,0.0,0.0
2017-01-05 13:59:00+01:00,0.06832,0.097927,0.0,0.0
2017-01-05 14:00:00+01:00,0.0678,0.092038,0.0,0.0
2017-01-05 14:01:00+01:00,0.07059,0.098359,0.0,0.0
2017-01-05 14:02:00+01:00,0.0789,0.111145,0.0,0.0
2017-01-05 14:03:00+01:00,0.06807,0.123018,0.0,0.0
2017-01-05 14:04:00+01:00,0.06476,0.136529,0.0,0.0
2017-01-05 14:05:00+01:00,0.06377,0.163453,0.0,0.0
2017-01-05 14:06:00+01:00,0.06227,0.257766,0.0,0.0
2017-01-05 14:07:00+01:00,0.0576,0.44262,0.0,0.0
2017-01-05 14:08:00+01:00,0.05224,0.275682,0.0,0.0
2017-01-05 14:09:00+01:00,0.05424,0.188159,0.0,0.0
2017-01-05 14:10:00+01:00,0.05763,0.18149,0.0,0.0
2017-01-05 14:11:00+01:00,0.05618,0.176639,0.0,0.0
2017-01-05 14:12:00+01:00,0.05729,0.163088,0.0,0.0
2017-01-05 14:13:00+01:00,0.06266,0.15699,0.0,0.0
2017-01-05 14:14:00+01:00,0.06674,0.124374,0.0,0.0
2017-01-05 14:15:00+01:00,0.06366,0.110287,0.0,0.0
2017-01-05 14:16:00+01:00,0.06203,0.099907,0.0,0.0
2017-01-05 14:17:00+01:00,0.06472,0.097004,0.0,0.0
2017-01-05 14:18:00+01:00,0.0581,0.095199,0.0,0.0
2017-01-05 14:19:00+01:00,0.05021,0.099071,0.0,0.0
2017-01-05 14:20:00+01:00,0.05874,0.097239,0.0,0.0
2017-01-05 14:21:00+01:00,0.05728,0.116959,0.0,0.0
2017-01-05 14:22:00+01:00,0.05103,0.491779,0.0,0.0
2017-01-05 14:23:00+01:00,0.04577,0.513851,0.0,0.0
2017-01-05 14:24:00+01:00,0.04575,0.50885,0.0,0.0
2017-01-05 14:25:00+01:00,0.04583,0.502567,0.0,0.0
2017-01-05 14:26:00+01:00,0.04978,0.4969,0.0,0.0
2017-01-05 14:27:00+01:00,0.05189,0.494259,0.0,0.0
2017-01-05 14:28:00+01:00,0.05212,0.490367,0.0,0.0
2017-01-05 14:29:00+01:00,0.0505,0.48868,0.0,0.0
2017-01-05 14:30:00+01:00,0.05124,0.490432,0.0,0.0
2017-01-05 14:31:00+01:00,0.04782,0.490001,0.0,0.0
2017-01-05 14:32:00+01:00,0.04674,0.493962,0.0,0.0
2017-01-05 14:33:00+01:00,0.04645,0.493259,0.0,0.0
2017-01-05 14:34:00+01:00,0.04715,0.497377,0.0,0.0
2017-01-05 14:35:00+01:00,0.05023,0.50103,0.0,0.0
2017-01-05 14:36:00+01:00,0.05155,0.459027,0.0,0.0
2017-01-05 14:37:00+01:00,0.05087,0.287527,0.0,0.0
2017-01-05 14:38:00+01:00,0.0533,0.407279,0.0,0.0
2017-01-05 14:39:00+01:00,0.05501,0.344227,0.0,0.0
2017-01-05 14:40:00+01:00,0.06017,0.452068,0.0,0.0
2017-01-05 14:41:00+01:00,0.05626,0.498908,0.0,0.0
2017-01-05 14:42:00+01:00,0.05811,0.294522,0.0,0.0
2017-01-05 14:43:00+01:00,0.06849,0.325425,0.0,0.0
2017-01-05 14:44:00+01:00,0.06526,0.416934,0.0,0.0
2017-01-05 14:45:00+01:00,0.07138,0.460478,0.0,0.0
2017-01-05 14:46:00+01:00,0.06082,0.460532,0.0,0.0
2017-01-05 14:47:00+01:00,0.05833,0.375296,0.0,0.0
2017-01-05 14:48:00+01:00,0.05428,0.187248,0.0,0.0
2017-01-05 14:49:00+01:00,0.05133,0.167628,0.0,0.0
2017-01-05 14:50:00+01:00,0.06117,0.187963,0.0,0.0
2017-01-05 14:51:00+01:00,0.06133,0.201361,0.0,0.0
2017-01-05 14:52:00+01:00,0.05876,0.195402,0.0,0.0
2017-01-05 14:53:00+01:00,0.05488,0.173365,0.0,0.0
2017-01-05 14:54:00+01:00,0.05702,0.171137,0.0,0.0
2017-01-05 14:55:00+01:00,0.05805,0.155253,0.0,0.0
2017-01-05 14:56:00+01:00,0.05019,0.136204,0.0,0.0
2017-01-05 14:57:00+01:00,0.04889,0.111372,0.0,0.0
2017-01-05 14:58:00+01:00,0.05046,0.102003,0.0,0.0
2017-01-05 14:59:00+01:00,0.04797,0.118509,0.0,0.0
2017-01-05 15:00:00+01:00,0.04857,0.040587,0.0,0.0
2017-01-05 15:01:00+01:00,0.049,0.03441,0.0,0.0
2017-01-05 15:02:00+01:00,0.05105,0.032971,0.0,0.0
2017-01-05 15:03:00+01:00,0.05157,0.030752,0.0,0.0
2017-01-05 15:04:00+01:00,0.05287,0.039629,0.0,0.0
2017-01-05 15:05:00+01:00,0.04845,0.048809,0.0,0.0
2017-01-05 15:06:00+01:00,0.05157,0.049981,0.0,0.0
2017-01-05 15:07:00+01:00,0.04961,0.051767,0.0,0.0
2017-01-05 15:08:00+01:00,0.04936,0.050459,0.0,0.0
2017-01-05 15:09:00+01:00,0.05224,0.046249,0.0,0.0
2017-01-05 15:10:00+01:00,0.05538,0.043546,0.0,0.0
2017-01-05 15:11:00+01:00,0.05507,0.039419,0.0,0.0
2017-01-05 15:12:00+01:00,0.05562,0.033438,0.0,0.0
2017-01-05 15:13:00+01:00,0.05656,0.029494,0.0,0.0
2017-01-05 15:14:00+01:00,0.05353,0.028401,0.0,0.0
2017-01-05 15:15:00+01:00,0.05568,0.026509,0.0,0.0
2017-01-05 15:16:00+01:00,0.05027,0.025004,0.0,0.0
2017-01-05 15:17:00+01:00,0.04807,0.025026,0.0,0.0
2017-01-05 15:18:00+01:00,0.04913,0.024903,0.0,0.0
2017-01-05 15:19:00+01:00,0.05066,0.026841,0.0,0.0
2017-01-05 15:20:00+01:00,0.05221,0.029255,0.0,0.0
2017-01-05 15:21:00+01:00,0.04735,0.030292,0.0,0.0
2017-01-05 15:22:00+01:00,0.05064,0.028688,0.0,0.0
2017-01-05 15:23:00+01:00,0.05286,0.031734,0.0,0.0
2017-01-05 15:24:00+01:00,0.05516,0.032246,0.0,0.0
2017-01-05 15:25:00+01:00,0.05533,0.032042,0.0,0.0
2017-01-05 15:26:00+01:00,0.05845,0.035774,0.0,0.0
2017-01-05 15:27:00+01:00,0.04855,0.036485,0.0,0.0
2017-01-05 15:28:00+01:00,0.0458,0.017003,0.0,0.0
2017-01-05 15:29:00+01:00,0.04789,0.016788,0.0,0.0
2017-01-05 15:30:00+01:00,0.04685,0.01579,0.0,0.0
2017-01-05 15:31:00+01:00,0.04895,0.016008,0.0,0.0
2017-01-05 15:32:00+01:00,0.05329,0.014144,0.0,0.0
2017-01-05 15:33:00+01:00,0.05758,0.01277,0.0,0.0
2017-01-05 15:34:00+01:00,0.05725,0.010392,0.0,0.0
2017-01-05 15:35:00+01:00,0.0549,0.009092,0.0,0.0
2017-01-05 15:36:00+01:00,0.05671,0.007213,0.0,0.0
2017-01-05 15:37:00+01:00,0.05843,0.004063,0.0,0.0
2017-01-05 15:38:00+01:00,0.05808,0.000312,0.0,0.0
2017-01-05 15:39:00+01:00,0.06076,0.0,0.0,0.0
2017-01-05 15:40:00+01:00,0.0568,0.0,0.0,0.0
2017-01-05 15:41:00+01:00,0.05805,0.0,0.0,0.0
2017-01-05 15:42:00+01:00,0.05594,0.0,0.0,0.0
2017-01-05 15:43:00+01:00,0.05406,0.0,0.0,0.0
2017-01-05 15:44:00+01:00,0.05805,0.0,0.0,0.0
2017-01-05 15:45:00+01:00,0.05855,0.0,0.0,0.0
2017-01-05 15:46:00+01:00,0.06361,0.0,0.0,0.0
2017-01-05 15:47:00+01:00,0.06124,0.0,0.0,0.0
2017-01-05 15:48:00+01:00,0.06215,0.0,0.0,0.0
2017-01-05 15:49:00+01:00,0.06672,0.0,0.0,0.0
2017-01-05 15:50:00+01:00,0.06488,0.0,0.0,0.0
2017-01-05 15:51:00+01:00,0.06075,0.0,0.0,0.0
2017-01-05 15:52:00+01:00,0.05882,0.0,0.0,0.0
2017-01-05 15:53:00+01:00,0.06075,0.0,0.0,0.0
2017-01-05 15:54:00+01:00,0.06537,0.0,0.0,0.0
2017-01-05 15:55:00+01:00,0.05993,0.0,0.0,0.0
2017-01-05 15:56:00+01:00,0.05868,0.0,0.0,0.0
2017-01-05 15:57:00+01:00,0.05426,0.0,0.0,0.0
2017-01-05 15:58:00+01:00,0.05992,0.0,0.0,0.0
2017-01-05 15:59:00+01:00,0.05985,0.0,0.0,0.0
2017-01-05 16:00:00+01:00,0.0625,0.0,0.0,0.0
2017-01-05 16:01:00+01:00,0.06626,0.0,0.0,0.0
2017-01-05 16:02:00+01:00,0.06559,0.0,0.0,0.0
2017-01-05 16:03:00+01:00,0.06473,0.0,0.0,0.0
2017-01-05 16:04:00+01:00,0.0698,0.0,0.0,0.0
2017-01-05 16:05:00+01:00,0.06495,0.0,0.0,0.0
2017-01-05 16:06:00+01:00,0.05892,0.0,0.0,0.0
2017-01-05 16:07:00+01:00,0.07166,0.0,0.0,0.0
2017-01-05 16:08:00+01:00,0.068,0.0,0.0,0.0
2017-01-05 16:09:00+01:00,0.06834,0.0,0.0,0.0
2017-01-05 16:10:00+01:00,0.07052,0.0,0.0,0.0
2017-01-05 16:11:00+01:00,0.07487,0.0,0.0,0.0
2017-01-05 16:12:00+01:00,0.07823,0.0,0.0,0.0
2017-01-05 16:13:00+01:00,0.09175,0.0,0.0,0.0
2017-01-05 16:14:00+01:00,0.08452,0.0,0.0,0.0
2017-01-05 16:15:00+01:00,0.06792,0.0,0.0,0.0
2017-01-05 16:16:00+01:00,0.06128,0.0,0.0,0.0
2017-01-05 16:17:00+01:00,0.06549,0.0,0.0,0.0
2017-01-05 16:18:00+01:00,0.07052,0.0,0.0,0.0
2017-01-05 16:19:00+01:00,0.06767,0.0,0.0,0.0
2017-01-05 16:20:00+01:00,0.07026,0.0,0.0,0.0
2017-01-05 16:21:00+01:00,0.06995,0.0,0.0,0.0
2017-01-05 16:22:00+01:00,0.0644,0.0,0.0,0.0
2017-01-05 16:23:00+01:00,0.06311,0.0,0.0,0.0
2017-01-05 16:24:00+01:00,0.06574,0.0,0.0,0.0
2017-01-05 16:25:00+01:00,0.06869,0.0,0.0,0.0
2017-01-05 16:26:00+01:00,0.06714,0.0,0.0,0.0
2017-01-05 16:27:00+01:00,0.071,0.0,0.0,0.0
2017-01-05 16:28:00+01:00,0.07682,0.0,0.0,0.0
2017-01-05 16:29:00+01:00,0.07088,0.0,0.0,0.0
2017-01-05 16:30:00+01:00,0.06558,0.0,0.0,0.0
2017-01-05 16:31:00+01:00,0.06398,0.0,0.0,0.0
2017-01-05 16:32:00+01:00,0.06338,0.0,0.0,0.0
2017-01-05 16:33:00+01:00,0.06835,0.0,0.0,0.0
2017-01-05 16:34:00+01:00,0.06675,0.0,0.0,0.0
2017-01-05 16:35:00+01:00,0.06633,0.0,0.0,0.0
2017-01-05 16:36:00+01:00,0.06968,0.0,0.0,0.0
2017-01-05 16:37:00+01:00,0.06839,0.0,0.0,0.0
2017-01-05 16:38:00+01:00,0.07298,0.0,0.0,0.0
2017-01-05 16:39:00+01:00,0.07474,0.0,0.0,0.0
2017-01-05 16:40:00+01:00,0.07861,0.0,0.0,0.0
2017-01-05 16:41:00+01:00,0.07895,0.0,0.0,0.0
2017-01-05 16:42:00+01:00,0.07682,0.0,0.0,0.0
2017-01-05 16:43:00+01:00,0.08031,0.0,0.0,0.0
2017-01-05 16:44:00+01:00,0.08505,0.0,0.0,0.0
2017-01-05 16:45:00+01:00,0.08474,0.0,0.0,0.0
2017-01-05 16:46:00+01:00,0.07929,0.0,0.0,0.0
2017-01-05 16:47:00+01:00,0.07343,0.0,0.0,0.0
2017-01-05 16:48:00+01:00,0.07384,0.0,0.0,0.0
2017-01-05 16:49:00+01:00,0.07967,0.0,0.0,0.0
2017-01-05 16:50:00+01:00,0.09402,0.0,0.0,0.0
2017-01-05 16:51:00+01:00,0.0876,0.0,0.0,0.0
2017-01-05 16:52:00+01:00,0.08006,0.0,0.0,0.0
2017-01-05 16:53:00+01:00,0.07522,0.0,0.0,0.0
2017-01-05 16:54:00+01:00,0.08173,0.0,0.0,0.0
2017-01-05 16:55:00+01:00,0.07013,0.0,0.0,0.0
2017-01-05 16:56:00+01:00,0.06934,0.0,0.0,0.0
2017-01-05 16:57:00+01:00,0.07554,0.0,0.0,0.0
2017-01-05 16:58:00+01:00,0.0791,0.0,0.0,0.0
2017-01-05 16:59:00+01:00,0.08142,0.0,0.0,0.0
2017-01-05 17:00:00+01:00,0.0803,0.0,0.0,0.0
2017-01-05 17:01:00+01:00,0.08179,0.0,0.0,0.0
2017-01-05 17:02:00+01:00,0.08593,0.0,0.0,0.0
2017-01-05 17:03:00+01:00,0.08396,0.0,0.0,0.0
2017-01-05 17:04:00+01:00,0.08288,0.0,0.0,0.0
2017-01-05 17:05:00+01:00,0.08667,0.0,0.0,0.0
2017-01-05 17:06:00+01:00,0.08994,0.0,0.0,0.0
2017-01-05 17:07:00+01:00,0.09187,0.0,0.0,0.0
2017-01-05 17:08:00+01:00,0.08796,0.0,0.0,0.0
2017-01-05 17:09:00+01:00,0.08804,0.0,0.0,0.0
2017-01-05 17:10:00+01:00,0.08796,0.0,0.0,0.0
2017-01-05 17:11:00+01:00,0.08883,0.0,0.0,0.0
2017-01-05 17:12:00+01:00,0.08524,0.0,0.0,0.0
2017-01-05 17:13:00+01:00,0.09031,0.0,0.0,0.0
2017-01-05 17:14:00+01:00,0.09948,0.0,0.0,0.0
2017-01-05 17:15:00+01:00,0.09902,0.0,0.0,0.0
2017-01-05 17:16:00+01:00,0.08821,0.0,0.0,0.0
2017-01-05 17:17:00+01:00,0.07876,0.0,0.0,0.0
2017-01-05 17:18:00+01:00,0.08019,0.0,0.0,0.0
2017-01-05 17:19:00+01:00,0.08869,0.0,0.0,0.0
2017-01-05 17:20:00+01:00,0.09994,0.0,0.0,0.0
2017-01-05 17:21:00+01:00,0.09443,0.0,0.0,0.0
2017-01-05 17:22:00+01:00,0.09317,0.0,0.0,0.0
2017-01-05 17:23:00+01:00,0.09333,0.0,0.0,0.0
2017-01-05 17:24:00+01:00,0.08994,0.0,0.0,0.0
2017-01-05 17:25:00+01:00,0.09482,0.0,0.0,0.0
2017-01-05 17:26:00+01:00,0.09662,0.0,0.0,0.0
2017-01-05 17:27:00+01:00,0.0852,0.0,0.0,0.0
2017-01-05 17:28:00+01:00,0.08476,0.0,0.0,0.0
2017-01-05 17:29:00+01:00,0.08192,0.0,0.0,0.0
2017-01-05 17:30:00+01:00,0.08325,0.0,0.0,0.0
2017-01-05 17:31:00+01:00,0.08819,0.0,0.0,0.0
2017-01-05 17:32:00+01:00,0.09906,0.0,0.0,0.0
2017-01-05 17:33:00+01:00,0.10102,0.0,0.0,0.0
2017-01-05 17:34:00+01:00,0.09339,0.0,0.0,0.0
2017-01-05 17:35:00+01:00,0.09638,0.0,0.0,0.0
2017-01-05 17:36:00+01:00,0.09281,0.0,0.0,0.0
2017-01-05 17:37:00+01:00,0.09541,0.0,0.0,0.0
2017-01-05 17:38:00+01:00,0.09865,0.0,0.0,0.0
2017-01-05 17:39:00+01:00,0.09865,0.0,0.0,0.0
2017-01-05 17:40:00+01:00,0.10209,0.0,0.0,0.0
2017-01-05 17:41:00+01:00,0.09869,0.0,0.0,0.0
2017-01-05 17:42:00+01:00,0.09599,0.0,0.0,0.0
2017-01-05 17:43:00+01:00,0.09479,0.0,0.0,0.0
2017-01-05 17:44:00+01:00,0.09346,0.0,0.0,0.0
2017-01-05 17:45:00+01:00,0.09163,0.0,0.0,0.0
2017-01-05 17:46:00+01:00,0.0926,0.0,0.0,0.0
2017-01-05 17:47:00+01:00,0.0997,0.0,0.0,0.0
2017-01-05 17:48:00+01:00,0.09493,0.0,0.0,0.0
2017-01-05 17:49:00+01:00,0.09999,0.0,0.0,0.0
2017-01-05 17:50:00+01:00,0.10138,0.0,0.0,0.0
2017-01-05 17:51:00+01:00,0.10527,0.0,0.0,0.0
2017-01-05 17:52:00+01:00,0.10711,0.0,0.0,0.0
2017-01-05 17:53:00+01:00,0.10242,0.0,0.0,0.0
2017-01-05 17:54:00+01:00,0.09669,0.0,0.0,0.0
2017-01-05 17:55:00+01:00,0.09751,0.0,0.0,0.0
2017-01-05 17:56:00+01:00,0.09689,0.0,0.0,0.0
2017-01-05 17:57:00+01:00,0.09895,0.0,0.0,0.0
2017-01-05 17:58:00+01:00,0.10497,0.0,0.0,0.0
2017-01-05 17:59:00+01:00,0.09678,0.0,0.0,0.0
2017-01-05 18:00:00+01:00,0.09962,0.0,0.0,0.0
2017-01-05 18:01:00+01:00,0.09181,0.0,0.0,0.0
2017-01-05 18:02:00+01:00,0.09607,0.0,0.0,0.0
2017-01-05 18:03:00+01:00,0.09625,0.0,0.0,0.0
2017-01-05 18:04:00+01:00,0.10042,0.0,0.0,0.0
2017-01-05 18:05:00+01:00,0.10072,0.0,0.0,0.0
2017-01-05 18:06:00+01:00,0.10378,0.0,0.0,0.0
2017-01-05 18:07:00+01:00,0.10251,0.0,0.0,0.0
2017-01-05 18:08:00+01:00,0.11985,0.0,0.0,0.0
2017-01-05 18:09:00+01:00,0.11767,0.0,0.0,0.0
2017-01-05 18:10:00+01:00,0.11273,0.0,0.0,0.0
2017-01-05 18:11:00+01:00,0.11026,0.0,0.0,0.0
2017-01-05 18:12:00+01:00,0.11356,0.0,0.0,0.0
2017-01-05 18:13:00+01:00,0.11701,0.0,0.0,0.0
2017-01-05 18:14:00+01:00,0.11502,0.0,0.0,0.0
2017-01-05 18:15:00+01:00,0.10489,0.0,0.0,0.0
2017-01-05 18:16:00+01:00,0.10802,0.0,0.0,0.0
2017-01-05 18:17:00+01:00,0.1026,0.0,0.0,0.0
2017-01-05 18:18:00+01:00,0.09638,0.0,0.0,0.0
2017-01-05 18:19:00+01:00,0.09749,0.0,0.0,0.0
2017-01-05 18:20:00+01:00,0.10364,0.0,0.0,0.0
2017-01-05 18:21:00+01:00,0.10958,0.0,0.0,0.0
2017-01-05 18:22:00+01:00,0.10922,0.0,0.0,0.0
2017-01-05 18:23:00+01:00,0.11065,0.0,0.0,0.0
2017-01-05 18:24:00+01:00,0.12127,0.0,0.0,0.0
2017-01-05 18:25:00+01:00,0.12806,0.0,0.0,0.0
2017-01-05 18:26:00+01:00,0.12174,0.0,0.0,0.0
2017-01-05 18:27:00+01:00,0.11818,0.0,0.0,0.0
2017-01-05 18:28:00+01:00,0.11996,0.0,0.0,0.0
2017-01-05 18:29:00+01:00,0.11876,0.0,0.0,0.0
2017-01-05 18:30:00+01:00,0.11505,0.0,0.0,0.0
2017-01-05 18:31:00+01:00,0.11572,0.0,0.0,0.0
2017-01-05 18:32:00+01:00,0.12054,0.0,0.0,0.0
2017-01-05 18:33:00+01:00,0.11877,0.0,0.0,0.0
2017-01-05 18:34:00+01:00,0.11149,0.0,0.0,0.0
2017-01-05 18:35:00+01:00,0.1096,0.0,0.0,0.0
2017-01-05 18:36:00+01:00,0.1122,0.0,0.0,0.0
2017-01-05 18:37:00+01:00,0.10127,0.0,0.0,0.0
2017-01-05 18:38:00+01:00,0.10495,0.0,0.0,0.0
2017-01-05 18:39:00+01:00,0.11399,0.0,0.0,0.0
2017-01-05 18:40:00+01:00,0.11956,0.0,0.0,0.0
2017-01-05 18:41:00+01:00,0.11608,0.0,0.0,0.0
2017-01-05 18:42:00+01:00,0.11024,0.0,0.0,0.0
2017-01-05 18:43:00+01:00,0.10376,0.0,0.0,0.0
2017-01-05 18:44:00+01:00,0.10461,0.0,0.0,0.0
2017-01-05 18:45:00+01:00,0.11007,0.0,0.0,0.0
2017-01-05 18:46:00+01:00,0.10688,0.0,0.0,0.0
2017-01-05 18:47:00+01:00,0.10217,0.0,0.0,0.0
2017-01-05 18:48:00+01:00,0.10146,0.0,0.0,0.0
2017-01-05 18:49:00+01:00,0.10394,0.0,0.0,0.0
2017-01-05 18:50:00+01:00,0.11488,0.0,0.0,0.0
2017-01-05 18:51:00+01:00,0.11001,0.0,0.0,0.0
2017-01-05 18:52:00+01:00,0.098,0.0,0.0,0.0
2017-01-05 18:53:00+01:00,0.09925,0.0,0.0,0.0
2017-01-05 18:54:00+01:00,0.10199,0.0,0.0,0.0
2017-01-05 18:55:00+01:00,0.11182,0.0,0.0,0.0
2017-01-05 18:56:00+01:00,0.11785,0.0,0.0,0.0
2017-01-05 18:57:00+01:00,0.11313,0.0,0.0,0.0
2017-01-05 18:58:00+01:00,0.1088,0.0,0.0,0.0
2017-01-05 18:59:00+01:00,0.09972,0.0,0.0,0.0
2017-01-05 19:00:00+01:00,0.10679,0.0,0.0,0.0
2017-01-05 19:01:00+01:00,0.12035,0.0,0.0,0.0
2017-01-05 19:02:00+01:00,0.11718,0.0,0.0,0.0
2017-01-05 19:03:00+01:00,0.11795,0.0,0.0,0.0
2017-01-05 19:04:00+01:00,0.11773,0.0,0.0,0.0
2017-01-05 19:05:00+01:00,0.11468,0.0,0.0,0.0
2017-01-05 19:06:00+01:00,0.10552,0.0,0.0,0.0
2017-01-05 19:07:00+01:00,0.112,0.0,0.0,0.0
2017-01-05 19:08:00+01:00,0.11859,0.0,0.0,0.0
2017-01-05 19:09:00+01:00,0.12311,0.0,0.0,0.0
2017-01-05 19:10:00+01:00,0.11296,0.0,0.0,0.0
2017-01-05 19:11:00+01:00,0.11731,0.0,0.0,0.0
2017-01-05 19:12:00+01:00,0.12547,0.0,0.0,0.0
2017-01-05 19:13:00+01:00,0.12351,0.0,0.0,0.0
2017-01-05 19:14:00+01:00,0.12502,0.0,0.0,0.0
2017-01-05 19:15:00+01:00,0.12365,0.0,0.0,0.0
2017-01-05 19:16:00+01:00,0.11282,0.0,0.0,0.0
2017-01-05 19:17:00+01:00,0.10632,0.0,0.0,0.0
2017-01-05 19:18:00+01:00,0.11498,0.0,0.0,0.0
2017-01-05 19:19:00+01:00,0.11478,0.0,0.0,0.0
2017-01-05 19:20:00+01:00,0.1226,0.0,0.0,0.0
2017-01-05 19:21:00+01:00,0.1237,0.0,0.0,0.0
2017-01-05 19:22:00+01:00,0.13105,0.0,0.0,0.0
2017-01-05 19:23:00+01:00,0.12637,0.0,0.0,0.0
2017-01-05 19:24:00+01:00,0.11782,0.0,0.0,0.0
2017-01-05 19:25:00+01:00,0.11727,0.0,0.0,0.0
2017-01-05 19:26:00+01:00,0.11908,0.0,0.0,0.0
2017-01-05 19:27:00+01:00,0.12744,0.0,0.0,0.0
2017-01-05 19:28:00+01:00,0.1302,0.0,0.0,0.0
2017-01-05 19:29:00+01:00,0.12178,0.0,0.0,0.0
2017-01-05 19:30:00+01:00,0.11731,0.0,0.0,0.0
2017-01-05 19:31:00+01:00,0.11557,0.0,0.0,0.0
2017-01-05 19:32:00+01:00,0.11943,0.0,0.0,0.0
2017-01-05 19:33:00+01:00,0.12197,0.0,0.0,0.0
2017-01-05 19:34:00+01:00,0.12923,0.0,0.0,0.0
2017-01-05 19:35:00+01:00,0.12472,0.0,0.0,0.0
2017-01-05 19:36:00+01:00,0.11717,0.0,0.0,0.0
2017-01-05 19:37:00+01:00,0.125,0.0,0.0,0.0
2017-01-05 19:38:00+01:00,0.11387,0.0,0.0,0.0
2017-01-05 19:39:00+01:00,0.11199,0.0,0.0,0.0
2017-01-05 19:40:00+01:00,0.10532,0.0,0.0,0.0
2017-01-05 19:41:00+01:00,0.1061,0.0,0.0,0.0
2017-01-05 19:42:00+01:00,0.11362,0.0,0.0,0.0
2017-01-05 19:43:00+01:00,0.11881,0.0,0.0,0.0
2017-01-05 19:44:00+01:00,0.12365,0.0,0.0,0.0
2017-01-05 19:45:00+01:00,0.11389,0.0,0.0,0.0
2017-01-05 19:46:00+01:00,0.1233,0.0,0.0,0.0
2017-01-05 19:47:00+01:00,0.12486,0.0,0.0,0.0
2017-01-05 19:48:00+01:00,0.13116,0.0,0.0,0.0
2017-01-05 19:49:00+01:00,0.14106,0.0,0.0,0.0
2017-01-05 19:50:00+01:00,0.13926,0.0,0.0,0.0
2017-01-05 19:51:00+01:00,0.12448,0.0,0.0,0.0
2017-01-05 19:52:00+01:00,0.11855,0.0,0.0,0.0
2017-01-05 19:53:00+01:00,0.11258,0.0,0.0,0.0
2017-01-05 19:54:00+01:00,0.1144,0.0,0.0,0.0
2017-01-05 19:55:00+01:00,0.11976,0.0,0.0,0.0
2017-01-05 19:56:00+01:00,0.11864,0.0,0.0,0.0
2017-01-05 19:57:00+01:00,0.10835,0.0,0.0,0.0
2017-01-05 19:58:00+01:00,0.09763,0.0,0.0,0.0
2017-01-05 19:59:00+01:00,0.10056,0.0,0.0,0.0
2017-01-05 20:00:00+01:00,0.1003,0.0,0.0,0.0
2017-01-05 20:01:00+01:00,0.10214,0.0,0.0,0.0
2017-01-05 20:02:00+01:00,0.10454,0.0,0.0,0.0
2017-01-05 20:03:00+01:00,0.11089,0.0,0.0,0.0
2017-01-05 20:04:00+01:00,0.11423,0.0,0.0,0.0
2017-01-05 20:05:00+01:00,0.10978,0.0,0.0,0.0
2017-01-05 20:06:00+01:00,0.11219,0.0,0.0,0.0
2017-01-05 20:07:00+01:00,0.11024,0.0,0.0,0.0
2017-01-05 20:08:00+01:00,0.09996,0.0,0.0,0.0
2017-01-05 20:09:00+01:00,0.10919,0.0,0.0,0.0
2017-01-05 20:10:00+01:00,0.11868,0.0,0.0,0.0
2017-01-05 20:11:00+01:00,0.1193,0.0,0.0,0.0
2017-01-05 20:12:00+01:00,0.12048,0.0,0.0,0.0
2017-01-05 20:13:00+01:00,0.1152,0.0,0.0,0.0
2017-01-05 20:14:00+01:00,0.11171,0.0,0.0,0.0
2017-01-05 20:15:00+01:00,0.1092,0.0,0.0,0.0
2017-01-05 20:16:00+01:00,0.11599,0.0,0.0,0.0
2017-01-05 20:17:00+01:00,0.11251,0.0,0.0,0.0
2017-01-05 20:18:00+01:00,0.11254,0.0,0.0,0.0
2017-01-05 20:19:00+01:00,0.11538,0.0,0.0,0.0
2017-01-05 20:20:00+01:00,0.10763,0.0,0.0,0.0
2017-01-05 20:21:00+01:00,0.10043,0.0,0.0,0.0
2017-01-05 20:22:00+01:00,0.09413,0.0,0.0,0.0
2017-01-05 20:23:00+01:00,0.09677,0.0,0.0,0.0
2017-01-05 20:24:00+01:00,0.09325,0.0,0.0,0.0
2017-01-05 20:25:00+01:00,0.10514,0.0,0.0,0.0
2017-01-05 20:26:00+01:00,0.10223,0.0,0.0,0.0
2017-01-05 20:27:00+01:00,0.10575,0.0,0.0,0.0
2017-01-05 20:28:00+01:00,0.10869,0.0,0.0,0.0
2017-01-05 20:29:00+01:00,0.1135,0.0,0.0,0.0
2017-01-05 20:30:00+01:00,0.11844,0.0,0.0,0.0
2017-01-05 20:31:00+01:00,0.12366,0.0,0.0,0.0
2017-01-05 20:32:00+01:00,0.1246,0.0,0.0,0.0
2017-01-05 20:33:00+01:00,0.12051,0.0,0.0,0.0
2017-01-05 20:34:00+01:00,0.12615,0.0,0.0,0.0
2017-01-05 20:35:00+01:00,0.12623,0.0,0.0,0.0
2017-01-05 20:36:00+01:00,0.12391,0.0,0.0,0.0
2017-01-05 20:37:00+01:00,0.12879,0.0,0.0,0.0
2017-01-05 20:38:00+01:00,0.125,0.0,0.0,0.0
2017-01-05 20:39:00+01:00,0.12019,0.0,0.0,0.0
2017-01-05 20:40:00+01:00,0.11171,0.0,0.0,0.0
2017-01-05 20:41:00+01:00,0.1057,0.0,0.0,0.0
2017-01-05 20:42:00+01:00,0.09547,0.0,0.0,0.0
2017-01-05 20:43:00+01:00,0.09479,0.0,0.0,0.0
2017-01-05 20:44:00+01:00,0.09358,0.0,0.0,0.0
2017-01-05 20:45:00+01:00,0.09147,0.0,0.0,0.0
2017-01-05 20:46:00+01:00,0.09609,0.0,0.0,0.0
2017-01-05 20:47:00+01:00,0.10049,0.0,0.0,0.0
2017-01-05 20:48:00+01:00,0.10609,0.0,0.0,0.0
2017-01-05 20:49:00+01:00,0.10596,0.0,0.0,0.0
2017-01-05 20:50:00+01:00,0.10064,0.0,0.0,0.0
2017-01-05 20:51:00+01:00,0.10386,0.0,0.0,0.0
2017-01-05 20:52:00+01:00,0.10103,0.0,0.0,0.0
2017-01-05 20:53:00+01:00,0.10964,0.0,0.0,0.0
2017-01-05 20:54:00+01:00,0.10887,0.0,0.0,0.0
2017-01-05 20:55:00+01:00,0.1054,0.0,0.0,0.0
2017-01-05 20:56:00+01:00,0.10343,0.0,0.0,0.0
2017-01-05 20:57:00+01:00,0.10823,0.0,0.0,0.0
2017-01-05 20:58:00+01:00,0.10798,0.0,0.0,0.0
2017-01-05 20:59:00+01:00,0.10416,0.0,0.0,0.0
2017-01-05 21:00:00+01:00,0.09791,0.0,0.0,0.0
2017-01-05 21:01:00+01:00,0.0948,0.0,0.0,0.0
2017-01-05 21:02:00+01:00,0.09815,0.0,0.0,0.0
2017-01-05 21:03:00+01:00,0.09958,0.0,0.0,0.0
2017-01-05 21:04:00+01:00,0.10257,0.0,0.0,0.0
2017-01-05 21:05:00+01:00,0.10139,0.0,0.0,0.0
2017-01-05 21:06:00+01:00,0.10308,0.0,0.0,0.0
2017-01-05 21:07:00+01:00,0.09766,0.0,0.0,0.0
2017-01-05 21:08:00+01:00,0.09782,0.0,0.0,0.0
2017-01-05 21:09:00+01:00,0.0938,0.0,0.0,0.0
2017-01-05 21:10:00+01:00,0.08905,0.0,0.0,0.0
2017-01-05 21:11:00+01:00,0.09809,0.0,0.0,0.0
2017-01-05 21:12:00+01:00,0.09345,0.0,0.0,0.0
2017-01-05 21:13:00+01:00,0.09297,0.0,0.0,0.0
2017-01-05 21:14:00+01:00,0.09505,0.0,0.0,0.0
2017-01-05 21:15:00+01:00,0.09353,0.0,0.0,0.0
2017-01-05 21:16:00+01:00,0.08525,0.0,0.0,0.0
2017-01-05 21:17:00+01:00,0.0911,0.0,0.0,0.0
2017-01-05 21:18:00+01:00,0.09135,0.0,0.0,0.0
2017-01-05 21:19:00+01:00,0.09349,0.0,0.0,0.0
2017-01-05 21:20:00+01:00,0.09502,0.0,0.0,0.0
2017-01-05 21:21:00+01:00,0.09392,0.0,0.0,0.0
2017-01-05 21:22:00+01:00,0.08799,0.0,0.0,0.0
2017-01-05 21:23:00+01:00,0.08618,0.0,0.0,0.0
2017-01-05 21:24:00+01:00,0.08898,0.0,0.0,0.0
2017-01-05 21:25:00+01:00,0.08906,0.0,0.0,0.0
2017-01-05 21:26:00+01:00,0.09379,0.0,0.0,0.0
2017-01-05 21:27:00+01:00,0.09232,0.0,0.0,0.0
2017-01-05 21:28:00+01:00,0.09691,0.0,0.0,0.0
2017-01-05 21:29:00+01:00,0.09789,0.0,0.0,0.0
2017-01-05 21:30:00+01:00,0.09088,0.0,0.0,0.0
2017-01-05 21:31:00+01:00,0.09736,0.0,0.0,0.0
2017-01-05 21:32:00+01:00,0.09775,0.0,0.0,0.0
2017-01-05 21:33:00+01:00,0.09833,0.0,0.0,0.0
2017-01-05 21:34:00+01:00,0.10196,0.0,0.0,0.0
2017-01-05 21:35:00+01:00,0.10874,0.0,0.0,0.0
2017-01-05 21:36:00+01:00,0.09441,0.0,0.0,0.0
2017-01-05 21:37:00+01:00,0.09013,0.0,0.0,0.0
2017-01-05 21:38:00+01:00,0.09795,0.0,0.0,0.0
2017-01-05 21:39:00+01:00,0.09785,0.0,0.0,0.0
2017-01-05 21:40:00+01:00,0.09732,0.0,0.0,0.0
2017-01-05 21:41:00+01:00,0.09011,0.0,0.0,0.0
2017-01-05 21:42:00+01:00,0.09284,0.0,0.0,0.0
2017-01-05 21:43:00+01:00,0.09154,0.0,0.0,0.0
2017-01-05 21:44:00+01:00,0.0914,0.0,0.0,0.0
2017-01-05 21:45:00+01:00,0.09396,0.0,0.0,0.0
2017-01-05 21:46:00+01:00,0.08132,0.0,0.0,0.0
2017-01-05 21:47:00+01:00,0.08615,0.0,0.0,0.0
2017-01-05 21:48:00+01:00,0.08855,0.0,0.0,0.0
2017-01-05 21:49:00+01:00,0.08411,0.0,0.0,0.0
2017-01-05 21:50:00+01:00,0.07937,0.0,0.0,0.0
2017-01-05 21:51:00+01:00,0.07888,0.0,0.0,0.0
2017-01-05 21:52:00+01:00,0.07659,0.0,0.0,0.0
2017-01-05 21:53:00+01:00,0.08051,0.0,0.0,0.0
2017-01-05 21:54:00+01:00,0.08279,0.0,0.0,0.0
2017-01-05 21:55:00+01:00,0.09081,0.0,0.0,0.0
2017-01-05 21:56:00+01:00,0.10212,0.0,0.0,0.0
2017-01-05 21:57:00+01:00,0.0927,0.0,0.0,0.0
2017-01-05 21:58:00+01:00,0.09356,0.0,0.0,0.0
2017-01-05 21:59:00+01:00,0.09344,0.0,0.0,0.0
2017-01-05 22:00:00+01:00,0.08433,0.0,0.0,0.0
2017-01-05 22:01:00+01:00,0.07861,0.0,0.0,0.0
2017-01-05 22:02:00+01:00,0.07934,0.0,0.0,0.0
2017-01-05 22:03:00+01:00,0.08092,0.0,0.0,0.0
2017-01-05 22:04:00+01:00,0.08284,0.0,0.0,0.0
2017-01-05 22:05:00+01:00,0.08346,0.0,0.0,0.0
2017-01-05 22:06:00+01:00,0.08279,0.0,0.0,0.0
2017-01-05 22:07:00+01:00,0.08404,0.0,0.0,0.0
2017-01-05 22:08:00+01:00,0.08502,0.0,0.0,0.0
2017-01-05 22:09:00+01:00,0.07791,0.0,0.0,0.0
2017-01-05 22:10:00+01:00,0.07798,0.0,0.0,0.0
2017-01-05 22:11:00+01:00,0.07703,0.0,0.0,0.0
2017-01-05 22:12:00+01:00,0.08041,0.0,0.0,0.0
2017-01-05 22:13:00+01:00,0.0792,0.0,0.0,0.0
2017-01-05 22:14:00+01:00,0.07453,0.0,0.0,0.0
2017-01-05 22:15:00+01:00,0.08058,0.0,0.0,0.0
2017-01-05 22:16:00+01:00,0.08354,0.0,0.0,0.0
2017-01-05 22:17:00+01:00,0.08983,0.0,0.0,0.0
2017-01-05 22:18:00+01:00,0.0879,0.0,0.0,0.0
2017-01-05 22:19:00+01:00,0.08968,0.0,0.0,0.0
2017-01-05 22:20:00+01:00,0.09068,0.0,0.0,0.0
2017-01-05 22:21:00+01:00,0.08818,0.0,0.0,0.0
2017-01-05 22:22:00+01:00,0.08196,0.0,0.0,0.0
2017-01-05 22:23:00+01:00,0.08951,0.0,0.0,0.0
2017-01-05 22:24:00+01:00,0.08159,0.0,0.0,0.0
2017-01-05 22:25:00+01:00,0.08271,0.0,0.0,0.0
2017-01-05 22:26:00+01:00,0.09391,0.0,0.0,0.0
2017-01-05 22:27:00+01:00,0.08376,0.0,0.0,0.0
2017-01-05 22:28:00+01:00,0.07532,0.0,0.0,0.0
2017-01-05 22:29:00+01:00,0.07517,0.0,0.0,0.0
2017-01-05 22:30:00+01:00,0.07174,0.0,0.0,0.0
2017-01-05 22:31:00+01:00,0.08413,0.0,0.0,0.0
2017-01-05 22:32:00+01:00,0.08885,0.0,0.0,0.0
2017-01-05 22:33:00+01:00,0.08548,0.0,0.0,0.0
2017-01-05 22:34:00+01:00,0.08012,0.0,0.0,0.0
2017-01-05 22:35:00+01:00,0.07853,0.0,0.0,0.0
2017-01-05 22:36:00+01:00,0.07489,0.0,0.0,0.0
2017-01-05 22:37:00+01:00,0.07501,0.0,0.0,0.0
2017-01-05 22:38:00+01:00,0.07727,0.0,0.0,0.0
2017-01-05 22:39:00+01:00,0.07504,0.0,0.0,0.0
2017-01-05 22:40:00+01:00,0.07637,0.0,0.0,0.0
2017-01-05 22:41:00+01:00,0.07467,0.0,0.0,0.0
2017-01-05 22:42:00+01:00,0.072,0.0,0.0,0.0
2017-01-05 22:43:00+01:00,0.07469,0.0,0.0,0.0
2017-01-05 22:44:00+01:00,0.06982,0.0,0.0,0.0
2017-01-05 22:45:00+01:00,0.06557,0.0,0.0,0.0
2017-01-05 22:46:00+01:00,0.06283,0.0,0.0,0.0
2017-01-05 22:47:00+01:00,0.06399,0.0,0.0,0.0
2017-01-05 22:48:00+01:00,0.06914,0.0,0.0,0.0
2017-01-05 22:49:00+01:00,0.06484,0.0,0.0,0.0
2017-01-05 22:50:00+01:00,0.07092,0.0,0.0,0.0
2017-01-05 22:51:00+01:00,0.08193,0.0,0.0,0.0
2017-01-05 22:52:00+01:00,0.073,0.0,0.0,0.0
2017-01-05 22:53:00+01:00,0.06967,0.0,0.0,0.0
2017-01-05 22:54:00+01:00,0.07668,0.0,0.0,0.0
2017-01-05 22:55:00+01:00,0.07378,0.0,0.0,0.0
2017-01-05 22:56:00+01:00,0.07729,0.0,0.0,0.0
2017-01-05 22:57:00+01:00,0.07115,0.0,0.0,0.0
2017-01-05 22:58:00+01:00,0.06821,0.0,0.0,0.0
2017-01-05 22:59:00+01:00,0.07482,0.0,0.0,0.0
2017-01-05 23:00:00+01:00,0.07131,0.0,0.0,0.0
2017-01-05 23:01:00+01:00,0.06916,0.0,0.0,0.0
2017-01-05 23:02:00+01:00,0.06841,0.0,0.0,0.0
2017-01-05 23:03:00+01:00,0.06317,0.0,0.0,0.0
2017-01-05 23:04:00+01:00,0.06128,0.0,0.0,0.0
2017-01-05 23:05:00+01:00,0.06066,0.0,0.0,0.0
2017-01-05 23:06:00+01:00,0.05874,0.0,0.0,0.0
2017-01-05 23:07:00+01:00,0.05875,0.0,0.0,0.0
2017-01-05 23:08:00+01:00,0.06056,0.0,0.0,0.0
2017-01-05 23:09:00+01:00,0.06336,0.0,0.0,0.0
2017-01-05 23:10:00+01:00,0.06238,0.0,0.0,0.0
2017-01-05 23:11:00+01:00,0.05846,0.0,0.0,0.0
2017-01-05 23:12:00+01:00,0.05902,0.0,0.0,0.0
2017-01-05 23:13:00+01:00,0.06133,0.0,0.0,0.0
2017-01-05 23:14:00+01:00,0.0641,0.0,0.0,0.0
2017-01-05 23:15:00+01:00,0.06189,0.0,0.0,0.0
2017-01-05 23:16:00+01:00,0.06536,0.0,0.0,0.0
2017-01-05 23:17:00+01:00,0.06106,0.0,0.0,0.0
2017-01-05 23:18:00+01:00,0.0637,0.0,0.0,0.0
2017-01-05 23:19:00+01:00,0.05528,0.0,0.0,0.0
2017-01-05 23:20:00+01:00,0.05782,0.0,0.0,0.0
2017-01-05 23:21:00+01:00,0.05954,0.0,0.0,0.0
2017-01-05 23:22:00+01:00,0.06558,0.0,0.0,0.0
2017-01-05 23:23:00+01:00,0.06718,0.0,0.0,0.0
2017-01-05 23:24:00+01:00,0.06387,0.0,0.0,0.0
2017-01-05 23:25:00+01:00,0.06077,0.0,0.0,0.0
2017-01-05 23:26:00+01:00,0.06395,0.0,0.0,0.0
2017-01-05 23:27:00+01:00,0.05528,0.0,0.0,0.0
2017-01-05 23:28:00+01:00,0.06107,0.0,0.0,0.0
2017-01-05 23:29:00+01:00,0.06504,0.0,0.0,0.0
2017-01-05 23:30:00+01:00,0.06467,0.0,0.0,0.0
2017-01-05 23:31:00+01:00,0.06577,0.0,0.0,0.0
2017-01-05 23:32:00+01:00,0.05915,0.0,0.0,0.0
2017-01-05 23:33:00+01:00,0.06136,0.0,0.0,0.0
2017-01-05 23:34:00+01:00,0.05699,0.0,0.0,0.0
2017-01-05 23:35:00+01:00,0.06337,0.0,0.0,0.0
2017-01-05 23:36:00+01:00,0.06314,0.0,0.0,0.0
2017-01-05 23:37:00+01:00,0.06744,0.0,0.0,0.0
2017-01-05 23:38:00+01:00,0.05874,0.0,0.0,0.0
2017-01-05 23:39:00+01:00,0.05458,0.0,0.0,0.0
2017-01-05 23:40:00+01:00,0.06187,0.0,0.0,0.0
2017-01-05 23:41:00+01:00,0.05733,0.0,0.0,0.0
2017-01-05 23:42:00+01:00,0.05852,0.0,0.0,0.0
2017-01-05 23:43:00+01:00,0.05936,0.0,0.0,0.0
2017-01-05 23:44:00+01:00,0.05907,0.0,0.0,0.0
2017-01-05 23:45:00+01:00,0.05847,0.0,0.0,0.0
2017-01-05 23:46:00+01:00,0.05432,0.0,0.0,0.0
2017-01-05 23:47:00+01:00,0.05257,0.0,0.0,0.0
2017-01-05 23:48:00+01:00,0.05016,0.0,0.0,0.0
2017-01-05 23:49:00+01:00,0.05057,0.0,0.0,0.0
2017-01-05 23:50:00+01:00,0.04595,0.0,0.0,0.0
2017-01-05 23:51:00+01:00,0.04507,0.0,0.0,0.0
2017-01-05 23:52:00+01:00,0.05231,0.0,0.0,0.0
2017-01-05 23:53:00+01:00,0.05064,0.0,0.0,0.0
2017-01-05 23:54:00+01:00,0.05544,0.0,0.0,0.0
2017-01-05 23:55:00+01:00,0.0535,0.0,0.0,0.0
2017-01-05 23:56:00+01:00,0.05108,0.0,0.0,0.0
2017-01-05 23:57:00+01:00,0.05443,0.0,0.0,0.0
2017-01-05 23:58:00+01:00,0.06055,0.0,0.0,0.0
2017-01-05 23:59:00+01:00,0.05839,0.0,0.0,0.0
2017-01-06 00:00:00+01:00,0.05458,0.0,0.0,0.0
2017-01-06 00:01:00+01:00,0.05243,0.0,0.0,0.0
2017-01-06 00:02:00+01:00,0.0539,0.0,0.0,0.0
2017-01-06 00:03:00+01:00,0.04908,0.0,0.0,0.0
2017-01-06 00:04:00+01:00,0.04816,0.0,0.0,0.0
2017-01-06 00:05:00+01:00,0.05075,0.0,0.0,0.0
2017-01-06 00:06:00+01:00,0.04943,0.0,0.0,0.0
2017-01-06 00:07:00+01:00,0.04812,0.0,0.0,0.0
2017-01-06 00:08:00+01:00,0.04933,0.0,0.0,0.0
2017-01-06 00:09:00+01:00,0.05075,0.0,0.0,0.0
2017-01-06 00:10:00+01:00,0.0512,0.0,0.0,0.0
2017-01-06 00:11:00+01:00,0.04646,0.0,0.0,0.0
2017-01-06 00:12:00+01:00,0.05259,0.0,0.0,0.0
2017-01-06 00:13:00+01:00,0.04554,0.0,0.0,0.0
2017-01-06 00:14:00+01:00,0.04685,0.0,0.0,0.0
2017-01-06 00:15:00+01:00,0.04329,0.0,0.0,0.0
2017-01-06 00:16:00+01:00,0.04652,0.0,0.0,0.0
2017-01-06 00:17:00+01:00,0.07103,0.0,0.0,0.0
2017-01-06 00:18:00+01:00,0.05902,0.0,0.0,0.0
2017-01-06 00:19:00+01:00,0.04392,0.0,0.0,0.0
2017-01-06 00:20:00+01:00,0.04241,0.0,0.0,0.0
2017-01-06 00:21:00+01:00,0.04378,0.0,0.0,0.0
2017-01-06 00:22:00+01:00,0.04361,0.0,0.0,0.0
2017-01-06 00:23:00+01:00,0.04477,0.0,0.0,0.0
2017-01-06 00:24:00+01:00,0.04014,0.0,0.0,0.0
2017-01-06 00:25:00+01:00,0.04,0.0,0.0,0.0
2017-01-06 00:26:00+01:00,0.0388,0.0,0.0,0.0
2017-01-06 00:27:00+01:00,0.03963,0.0,0.0,0.0
2017-01-06 00:28:00+01:00,0.0389,0.0,0.0,0.0
2017-01-06 00:29:00+01:00,0.03878,0.0,0.0,0.0
2017-01-06 00:30:00+01:00,0.04188,0.0,0.0,0.0
2017-01-06 00:31:00+01:00,0.03897,0.0,0.0,0.0
2017-01-06 00:32:00+01:00,0.03882,0.0,0.0,0.0
2017-01-06 00:33:00+01:00,0.03874,0.0,0.0,0.0
2017-01-06 00:34:00+01:00,0.03714,0.0,0.0,0.0
2017-01-06 00:35:00+01:00,0.03662,0.0,0.0,0.0
2017-01-06 00:36:00+01:00,0.03691,0.0,0.0,0.0
2017-01-06 00:37:00+01:00,0.03765,0.0,0.0,0.0
2017-01-06 00:38:00+01:00,0.03798,0.0,0.0,0.0
2017-01-06 00:39:00+01:00,0.03863,0.0,0.0,0.0
2017-01-06 00:40:00+01:00,0.04132,0.0,0.0,0.0
2017-01-06 00:41:00+01:00,0.03828,0.0,0.0,0.0
2017-01-06 00:42:00+01:00,0.03888,0.0,0.0,0.0
2017-01-06 00:43:00+01:00,0.03781,0.0,0.0,0.0
2017-01-06 00:44:00+01:00,0.0382,0.0,0.0,0.0
2017-01-06 00:45:00+01:00,0.03594,0.0,0.0,0.0
2017-01-06 00:46:00+01:00,0.03759,0.0,0.0,0.0
2017-01-06 00:47:00+01:00,0.03815,0.0,0.0,0.0
2017-01-06 00:48:00+01:00,0.03871,0.0,0.0,0.0
2017-01-06 00:49:00+01:00,0.04072,0.0,0.0,0.0
2017-01-06 00:50:00+01:00,0.03932,0.0,0.0,0.0
2017-01-06 00:51:00+01:00,0.03877,0.0,0.0,0.0
2017-01-06 00:52:00+01:00,0.03902,0.0,0.0,0.0
2017-01-06 00:53:00+01:00,0.03879,0.0,0.0,0.0
2017-01-06 00:54:00+01:00,0.03815,0.0,0.0,0.0
2017-01-06 00:55:00+01:00,0.04048,0.0,0.0,0.0
2017-01-06 00:56:00+01:00,0.04713,0.0,0.0,0.0
2017-01-06 00:57:00+01:00,0.03851,0.0,0.0,0.0
2017-01-06 00:58:00+01:00,0.03829,0.0,0.0,0.0
2017-01-06 00:59:00+01:00,0.03701,0.0,0.0,0.0
2017-01-06 01:00:00+01:00,0.03604,0.0,0.0,0.0
2017-01-06 01:01:00+01:00,0.03374,0.0,0.0,0.0
2017-01-06 01:02:00+01:00,0.0341,0.0,0.0,0.0
2017-01-06 01:03:00+01:00,0.04005,0.0,0.0,0.0
2017-01-06 01:04:00+01:00,0.03943,0.0,0.0,0.0
2017-01-06 01:05:00+01:00,0.03858,0.0,0.0,0.0
2017-01-06 01:06:00+01:00,0.03904,0.0,0.0,0.0
2017-01-06 01:07:00+01:00,0.0378,0.0,0.0,0.0
2017-01-06 01:08:00+01:00,0.03762,0.0,0.0,0.0
2017-01-06 01:09:00+01:00,0.03787,0.0,0.0,0.0
2017-01-06 01:10:00+01:00,0.03784,0.0,0.0,0.0
2017-01-06 01:11:00+01:00,0.03676,0.0,0.0,0.0
2017-01-06 01:12:00+01:00,0.03768,0.0,0.0,0.0
2017-01-06 01:13:00+01:00,0.03439,0.0,0.0,0.0
2017-01-06 01:14:00+01:00,0.03232,0.0,0.0,0.0
2017-01-06 01:15:00+01:00,0.03325,0.0,0.0,0.0
2017-01-06 01:16:00+01:00,0.04042,0.0,0.0,0.0
2017-01-06 01:17:00+01:00,0.03898,0.0,0.0,0.0
2017-01-06 01:18:00+01:00,0.03895,0.0,0.0,0.0
2017-01-06 01:19:00+01:00,0.04056,0.0,0.0,0.0
2017-01-06 01:20:00+01:00,0.04089,0.0,0.0,0.0
2017-01-06 01:21:00+01:00,0.04089,0.0,0.0,0.0
2017-01-06 01:22:00+01:00,0.04108,0.0,0.0,0.0
2017-01-06 01:23:00+01:00,0.03667,0.0,0.0,0.0
2017-01-06 01:24:00+01:00,0.03099,0.0,0.0,0.0
2017-01-06 01:25:00+01:00,0.03113,0.0,0.0,0.0
2017-01-06 01:26:00+01:00,0.03318,0.0,0.0,0.0
2017-01-06 01:27:00+01:00,0.04391,0.0,0.0,0.0
2017-01-06 01:28:00+01:00,0.04578,0.0,0.0,0.0
2017-01-06 01:29:00+01:00,0.04584,0.0,0.0,0.0
2017-01-06 01:30:00+01:00,0.04375,0.0,0.0,0.0
2017-01-06 01:31:00+01:00,0.03487,0.0,0.0,0.0
2017-01-06 01:32:00+01:00,0.03593,0.0,0.0,0.0
2017-01-06 01:33:00+01:00,0.03842,0.0,0.0,0.0
2017-01-06 01:34:00+01:00,0.03699,0.0,0.0,0.0
2017-01-06 01:35:00+01:00,0.03654,0.0,0.0,0.0
2017-01-06 01:36:00+01:00,0.03687,0.0,0.0,0.0
2017-01-06 01:37:00+01:00,0.03801,0.0,0.0,0.0
2017-01-06 01:38:00+01:00,0.03503,0.0,0.0,0.0
2017-01-06 01:39:00+01:00,0.03363,0.0,0.0,0.0
2017-01-06 01:40:00+01:00,0.03355,0.0,0.0,0.0
2017-01-06 01:41:00+01:00,0.03307,0.0,0.0,0.0
2017-01-06 01:42:00+01:00,0.03339,0.0,0.0,0.0
2017-01-06 01:43:00+01:00,0.03848,0.0,0.0,0.0
2017-01-06 01:44:00+01:00,0.03219,0.0,0.0,0.0
2017-01-06 01:45:00+01:00,0.03087,0.0,0.0,0.0
2017-01-06 01:46:00+01:00,0.03165,0.0,0.0,0.0
2017-01-06 01:47:00+01:00,0.03093,0.0,0.0,0.0
2017-01-06 01:48:00+01:00,0.03083,0.0,0.0,0.0
2017-01-06 01:49:00+01:00,0.03138,0.0,0.0,0.0
2017-01-06 01:50:00+01:00,0.0334,0.0,0.0,0.0
2017-01-06 01:51:00+01:00,0.03137,0.0,0.0,0.0
2017-01-06 01:52:00+01:00,0.03224,0.0,0.0,0.0
2017-01-06 01:53:00+01:00,0.03111,0.0,0.0,0.0
2017-01-06 01:54:00+01:00,0.03352,0.0,0.0,0.0
2017-01-06 01:55:00+01:00,0.03573,0.0,0.0,0.0
2017-01-06 01:56:00+01:00,0.03581,0.0,0.0,0.0
2017-01-06 01:57:00+01:00,0.03453,0.0,0.0,0.0
2017-01-06 01:58:00+01:00,0.0365,0.0,0.0,0.0
2017-01-06 01:59:00+01:00,0.04091,0.0,0.0,0.0
2017-01-06 02:00:00+01:00,0.04131,0.0,0.0,0.0
2017-01-06 02:01:00+01:00,0.04107,0.0,0.0,0.0
2017-01-06 02:02:00+01:00,0.03387,0.0,0.0,0.0
2017-01-06 02:03:00+01:00,0.03261,0.0,0.0,0.0
2017-01-06 02:04:00+01:00,0.03325,0.0,0.0,0.0
2017-01-06 02:05:00+01:00,0.03435,0.0,0.0,0.0
2017-01-06 02:06:00+01:00,0.03476,0.0,0.0,0.0
2017-01-06 02:07:00+01:00,0.03837,0.0,0.0,0.0
2017-01-06 02:08:00+01:00,0.04285,0.0,0.0,0.0
2017-01-06 02:09:00+01:00,0.04015,0.0,0.0,0.0
2017-01-06 02:10:00+01:00,0.03892,0.0,0.0,0.0
2017-01-06 02:11:00+01:00,0.03846,0.0,0.0,0.0
2017-01-06 02:12:00+01:00,0.03934,0.0,0.0,0.0
2017-01-06 02:13:00+01:00,0.04,0.0,0.0,0.0
2017-01-06 02:14:00+01:00,0.04092,0.0,0.0,0.0
2017-01-06 02:15:00+01:00,0.04101,0.0,0.0,0.0
2017-01-06 02:16:00+01:00,0.03955,0.0,0.0,0.0
2017-01-06 02:17:00+01:00,0.03816,0.0,0.0,0.0
2017-01-06 02:18:00+01:00,0.03885,0.0,0.0,0.0
2017-01-06 02:19:00+01:00,0.03914,0.0,0.0,0.0
2017-01-06 02:20:00+01:00,0.04066,0.0,0.0,0.0
2017-01-06 02:21:00+01:00,0.04207,0.0,0.0,0.0
2017-01-06 02:22:00+01:00,0.0364,0.0,0.0,0.0
2017-01-06 02:23:00+01:00,0.0369,0.0,0.0,0.0
2017-01-06 02:24:00+01:00,0.03798,0.0,0.0,0.0
2017-01-06 02:25:00+01:00,0.03894,0.0,0.0,0.0
2017-01-06 02:26:00+01:00,0.04037,0.0,0.0,0.0
2017-01-06 02:27:00+01:00,0.038,0.0,0.0,0.0
2017-01-06 02:28:00+01:00,0.03602,0.0,0.0,0.0
2017-01-06 02:29:00+01:00,0.03274,0.0,0.0,0.0
2017-01-06 02:30:00+01:00,0.03225,0.0,0.0,0.0
2017-01-06 02:31:00+01:00,0.03512,0.0,0.0,0.0
2017-01-06 02:32:00+01:00,0.03713,0.0,0.0,0.0
2017-01-06 02:33:00+01:00,0.03624,0.0,0.0,0.0
2017-01-06 02:34:00+01:00,0.03621,0.0,0.0,0.0
2017-01-06 02:35:00+01:00,0.03674,0.0,0.0,0.0
2017-01-06 02:36:00+01:00,0.0342,0.0,0.0,0.0
2017-01-06 02:37:00+01:00,0.03358,0.0,0.0,0.0
2017-01-06 02:38:00+01:00,0.03222,0.0,0.0,0.0
2017-01-06 02:39:00+01:00,0.03394,0.0,0.0,0.0
2017-01-06 02:40:00+01:00,0.03357,0.0,0.0,0.0
2017-01-06 02:41:00+01:00,0.03169,0.0,0.0,0.0
2017-01-06 02:42:00+01:00,0.03065,0.0,0.0,0.0
2017-01-06 02:43:00+01:00,0.03045,0.0,0.0,0.0
2017-01-06 02:44:00+01:00,0.0315,0.0,0.0,0.0
2017-01-06 02:45:00+01:00,0.03229,0.0,0.0,0.0
2017-01-06 02:46:00+01:00,0.02845,0.0,0.0,0.0
2017-01-06 02:47:00+01:00,0.02689,0.0,0.0,0.0
2017-01-06 02:48:00+01:00,0.02766,0.0,0.0,0.0
2017-01-06 02:49:00+01:00,0.02776,0.0,0.0,0.0
2017-01-06 02:50:00+01:00,0.02645,0.0,0.0,0.0
2017-01-06 02:51:00+01:00,0.02803,0.0,0.0,0.0
2017-01-06 02:52:00+01:00,0.03354,0.0,0.0,0.0
2017-01-06 02:53:00+01:00,0.04111,0.0,0.0,0.0
2017-01-06 02:54:00+01:00,0.04239,0.0,0.0,0.0
2017-01-06 02:55:00+01:00,0.04219,0.0,0.0,0.0
2017-01-06 02:56:00+01:00,0.04206,0.0,0.0,0.0
2017-01-06 02:57:00+01:00,0.03845,0.0,0.0,0.0
2017-01-06 02:58:00+01:00,0.03555,0.0,0.0,0.0
2017-01-06 02:59:00+01:00,0.0338,0.0,0.0,0.0
2017-01-06 03:00:00+01:00,0.03476,0.0,0.0,0.0
2017-01-06 03:01:00+01:00,0.029,0.0,0.0,0.0
2017-01-06 03:02:00+01:00,0.02907,0.0,0.0,0.0
2017-01-06 03:03:00+01:00,0.02974,0.0,0.0,0.0
2017-01-06 03:04:00+01:00,0.02661,0.0,0.0,0.0
2017-01-06 03:05:00+01:00,0.02775,0.0,0.0,0.0
2017-01-06 03:06:00+01:00,0.02929,0.0,0.0,0.0
2017-01-06 03:07:00+01:00,0.03051,0.0,0.0,0.0
2017-01-06 03:08:00+01:00,0.03118,0.0,0.0,0.0
2017-01-06 03:09:00+01:00,0.03041,0.0,0.0,0.0
2017-01-06 03:10:00+01:00,0.03038,0.0,0.0,0.0
2017-01-06 03:11:00+01:00,0.03512,0.0,0.0,0.0
2017-01-06 03:12:00+01:00,0.03848,0.0,0.0,0.0
2017-01-06 03:13:00+01:00,0.03714,0.0,0.0,0.0
2017-01-06 03:14:00+01:00,0.0337,0.0,0.0,0.0
2017-01-06 03:15:00+01:00,0.03525,0.0,0.0,0.0
2017-01-06 03:16:00+01:00,0.03592,0.0,0.0,0.0
2017-01-06 03:17:00+01:00,0.03291,0.0,0.0,0.0
2017-01-06 03:18:00+01:00,0.03275,0.0,0.0,0.0
2017-01-06 03:19:00+01:00,0.03241,0.0,0.0,0.0
2017-01-06 03:20:00+01:00,0.03186,0.0,0.0,0.0
2017-01-06 03:21:00+01:00,0.03052,0.0,0.0,0.0
2017-01-06 03:22:00+01:00,0.03052,0.0,0.0,0.0
2017-01-06 03:23:00+01:00,0.03135,0.0,0.0,0.0
2017-01-06 03:24:00+01:00,0.03099,0.0,0.0,0.0
2017-01-06 03:25:00+01:00,0.02823,0.0,0.0,0.0
2017-01-06 03:26:00+01:00,0.03136,0.0,0.0,0.0
2017-01-06 03:27:00+01:00,0.02898,0.0,0.0,0.0
2017-01-06 03:28:00+01:00,0.02886,0.0,0.0,0.0
2017-01-06 03:29:00+01:00,0.02936,0.0,0.0,0.0
2017-01-06 03:30:00+01:00,0.03342,0.0,0.0,0.0
2017-01-06 03:31:00+01:00,0.03065,0.0,0.0,0.0
2017-01-06 03:32:00+01:00,0.0296,0.0,0.0,0.0
2017-01-06 03:33:00+01:00,0.03549,0.0,0.0,0.0
2017-01-06 03:34:00+01:00,0.03539,0.0,0.0,0.0
2017-01-06 03:35:00+01:00,0.03136,0.0,0.0,0.0
2017-01-06 03:36:00+01:00,0.03151,0.0,0.0,0.0
2017-01-06 03:37:00+01:00,0.03193,0.0,0.0,0.0
2017-01-06 03:38:00+01:00,0.03156,0.0,0.0,0.0
2017-01-06 03:39:00+01:00,0.03166,0.0,0.0,0.0
2017-01-06 03:40:00+01:00,0.03178,0.0,0.0,0.0
2017-01-06 03:41:00+01:00,0.03169,0.0,0.0,0.0
2017-01-06 03:42:00+01:00,0.02637,0.0,0.0,0.0
2017-01-06 03:43:00+01:00,0.02642,0.0,0.0,0.0
2017-01-06 03:44:00+01:00,0.02689,0.0,0.0,0.0
2017-01-06 03:45:00+01:00,0.028,0.0,0.0,0.0
2017-01-06 03:46:00+01:00,0.02781,0.0,0.0,0.0
2017-01-06 03:47:00+01:00,0.02801,0.0,0.0,0.0
2017-01-06 03:48:00+01:00,0.02995,0.0,0.0,0.0
2017-01-06 03:49:00+01:00,0.03355,0.0,0.0,0.0
2017-01-06 03:50:00+01:00,0.03133,0.0,0.0,0.0
2017-01-06 03:51:00+01:00,0.03052,0.0,0.0,0.0
2017-01-06 03:52:00+01:00,0.03035,0.0,0.0,0.0
2017-01-06 03:53:00+01:00,0.0302,0.0,0.0,0.0
2017-01-06 03:54:00+01:00,0.02982,0.0,0.0,0.0
2017-01-06 03:55:00+01:00,0.02943,0.0,0.0,0.0
2017-01-06 03:56:00+01:00,0.03201,0.0,0.0,0.0
2017-01-06 03:57:00+01:00,0.0321,0.0,0.0,0.0
2017-01-06 03:58:00+01:00,0.03127,0.0,0.0,0.0
2017-01-06 03:59:00+01:00,0.02891,0.0,0.0,0.0
2017-01-06 04:00:00+01:00,0.02793,0.0,0.0,0.0
2017-01-06 04:01:00+01:00,0.02927,0.0,0.0,0.0
2017-01-06 04:02:00+01:00,0.03165,0.0,0.0,0.0
2017-01-06 04:03:00+01:00,0.03153,0.0,0.0,0.0
2017-01-06 04:04:00+01:00,0.03227,0.0,0.0,0.0
2017-01-06 04:05:00+01:00,0.03316,0.0,0.0,0.0
2017-01-06 04:06:00+01:00,0.03483,0.0,0.0,0.0
2017-01-06 04:07:00+01:00,0.03429,0.0,0.0,0.0
2017-01-06 04:08:00+01:00,0.03473,0.0,0.0,0.0
2017-01-06 04:09:00+01:00,0.03267,0.0,0.0,0.0
2017-01-06 04:10:00+01:00,0.03257,0.0,0.0,0.0
2017-01-06 04:11:00+01:00,0.03481,0.0,0.0,0.0
2017-01-06 04:12:00+01:00,0.03303,0.0,0.0,0.0
2017-01-06 04:13:00+01:00,0.03092,0.0,0.0,0.0
2017-01-06 04:14:00+01:00,0.0286,0.0,0.0,0.0
2017-01-06 04:15:00+01:00,0.0285,0.0,0.0,0.0
2017-01-06 04:16:00+01:00,0.0306,0.0,0.0,0.0
2017-01-06 04:17:00+01:00,0.03017,0.0,0.0,0.0
2017-01-06 04:18:00+01:00,0.02852,0.0,0.0,0.0
2017-01-06 04:19:00+01:00,0.03142,0.0,0.0,0.0
2017-01-06 04:20:00+01:00,0.02903,0.0,0.0,0.0
2017-01-06 04:21:00+01:00,0.03142,0.0,0.0,0.0
2017-01-06 04:22:00+01:00,0.03044,0.0,0.0,0.0
2017-01-06 04:23:00+01:00,0.02808,0.0,0.0,0.0
2017-01-06 04:24:00+01:00,0.03152,0.0,0.0,0.0
2017-01-06 04:25:00+01:00,0.02802,0.0,0.0,0.0
2017-01-06 04:26:00+01:00,0.02802,0.0,0.0,0.0
2017-01-06 04:27:00+01:00,0.02846,0.0,0.0,0.0
2017-01-06 04:28:00+01:00,0.02624,0.0,0.0,0.0
2017-01-06 04:29:00+01:00,0.02725,0.0,0.0,0.0
2017-01-06 04:30:00+01:00,0.03135,0.0,0.0,0.0
2017-01-06 04:31:00+01:00,0.03097,0.0,0.0,0.0
2017-01-06 04:32:00+01:00,0.03366,0.0,0.0,0.0
2017-01-06 04:33:00+01:00,0.0335,0.0,0.0,0.0
2017-01-06 04:34:00+01:00,0.03422,0.0,0.0,0.0
2017-01-06 04:35:00+01:00,0.03502,0.0,0.0,0.0
2017-01-06 04:36:00+01:00,0.03496,0.0,0.0,0.0
2017-01-06 04:37:00+01:00,0.0344,0.0,0.0,0.0
2017-01-06 04:38:00+01:00,0.03398,0.0,0.0,0.0
2017-01-06 04:39:00+01:00,0.03518,0.0,0.0,0.0
2017-01-06 04:40:00+01:00,0.03462,0.0,0.0,0.0
2017-01-06 04:41:00+01:00,0.03598,0.0,0.0,0.0
2017-01-06 04:42:00+01:00,0.03515,0.0,0.0,0.0
2017-01-06 04:43:00+01:00,0.03552,0.0,0.0,0.0
2017-01-06 04:44:00+01:00,0.0368,0.0,0.0,0.0
2017-01-06 04:45:00+01:00,0.0378,0.0,0.0,0.0
2017-01-06 04:46:00+01:00,0.042,0.0,0.0,0.0
2017-01-06 04:47:00+01:00,0.03813,0.0,0.0,0.0
2017-01-06 04:48:00+01:00,0.03566,0.0,0.0,0.0
2017-01-06 04:49:00+01:00,0.03165,0.0,0.0,0.0
2017-01-06 04:50:00+01:00,0.03116,0.0,0.0,0.0
2017-01-06 04:51:00+01:00,0.03109,0.0,0.0,0.0
2017-01-06 04:52:00+01:00,0.03134,0.0,0.0,0.0
2017-01-06 04:53:00+01:00,0.03202,0.0,0.0,0.0
2017-01-06 04:54:00+01:00,0.03393,0.0,0.0,0.0
2017-01-06 04:55:00+01:00,0.03413,0.0,0.0,0.0
2017-01-06 04:56:00+01:00,0.03404,0.0,0.0,0.0
2017-01-06 04:57:00+01:00,0.03294,0.0,0.0,0.0
2017-01-06 04:58:00+01:00,0.03328,0.0,0.0,0.0
2017-01-06 04:59:00+01:00,0.03491,0.0,0.0,0.0
2017-01-06 05:00:00+01:00,0.03633,0.0,0.0,0.0
2017-01-06 05:01:00+01:00,0.04043,0.0,0.0,0.0
2017-01-06 05:02:00+01:00,0.03904,0.0,0.0,0.0
2017-01-06 05:03:00+01:00,0.03872,0.0,0.0,0.0
2017-01-06 05:04:00+01:00,0.03957,0.0,0.0,0.0
2017-01-06 05:05:00+01:00,0.03968,0.0,0.0,0.0
2017-01-06 05:06:00+01:00,0.04085,0.0,0.0,0.0
2017-01-06 05:07:00+01:00,0.03742,0.0,0.0,0.0
2017-01-06 05:08:00+01:00,0.03635,0.0,0.0,0.0
2017-01-06 05:09:00+01:00,0.03611,0.0,0.0,0.0
2017-01-06 05:10:00+01:00,0.03623,0.0,0.0,0.0
2017-01-06 05:11:00+01:00,0.0366,0.0,0.0,0.0
2017-01-06 05:12:00+01:00,0.04014,0.0,0.0,0.0
2017-01-06 05:13:00+01:00,0.0376,0.0,0.0,0.0
2017-01-06 05:14:00+01:00,0.03949,0.0,0.0,0.0
2017-01-06 05:15:00+01:00,0.04333,0.0,0.0,0.0
2017-01-06 05:16:00+01:00,0.04563,0.0,0.0,0.0
2017-01-06 05:17:00+01:00,0.0438,0.0,0.0,0.0
2017-01-06 05:18:00+01:00,0.04042,0.0,0.0,0.0
2017-01-06 05:19:00+01:00,0.04193,0.0,0.0,0.0
2017-01-06 05:20:00+01:00,0.04218,0.0,0.0,0.0
2017-01-06 05:21:00+01:00,0.04027,0.0,0.0,0.0
2017-01-06 05:22:00+01:00,0.04363,0.0,0.0,0.0
2017-01-06 05:23:00+01:00,0.03868,0.0,0.0,0.0
2017-01-06 05:24:00+01:00,0.03875,0.0,0.0,0.0
2017-01-06 05:25:00+01:00,0.03659,0.0,0.0,0.0
2017-01-06 05:26:00+01:00,0.03687,0.0,0.0,0.0
2017-01-06 05:27:00+01:00,0.0343,0.0,0.0,0.0
2017-01-06 05:28:00+01:00,0.03444,0.0,0.0,0.0
2017-01-06 05:29:00+01:00,0.03554,0.0,0.0,0.0
2017-01-06 05:30:00+01:00,0.0372,0.0,0.0,0.0
2017-01-06 05:31:00+01:00,0.03719,0.0,0.0,0.0
2017-01-06 05:32:00+01:00,0.03587,0.0,0.0,0.0
2017-01-06 05:33:00+01:00,0.03916,0.0,0.0,0.0
2017-01-06 05:34:00+01:00,0.03877,0.0,0.0,0.0
2017-01-06 05:35:00+01:00,0.0383,0.0,0.0,0.0
2017-01-06 05:36:00+01:00,0.03826,0.0,0.0,0.0
2017-01-06 05:37:00+01:00,0.04362,0.0,0.0,0.0
2017-01-06 05:38:00+01:00,0.04265,0.0,0.0,0.0
2017-01-06 05:39:00+01:00,0.04272,0.0,0.0,0.0
2017-01-06 05:40:00+01:00,0.04099,0.0,0.0,0.0
2017-01-06 05:41:00+01:00,0.04565,0.0,0.0,0.0
2017-01-06 05:42:00+01:00,0.04759,0.0,0.0,0.0
2017-01-06 05:43:00+01:00,0.06315,0.0,0.0,0.0
2017-01-06 05:44:00+01:00,0.04816,0.0,0.0,0.0
2017-01-06 05:45:00+01:00,0.0494,0.0,0.0,0.0
2017-01-06 05:46:00+01:00,0.04705,0.0,0.0,0.0
2017-01-06 05:47:00+01:00,0.04795,0.0,0.0,0.0
2017-01-06 05:48:00+01:00,0.04374,0.0,0.0,0.0
2017-01-06 05:49:00+01:00,0.04418,0.0,0.0,0.0
2017-01-06 05:50:00+01:00,0.04441,0.0,0.0,0.0
2017-01-06 05:51:00+01:00,0.04215,0.0,0.0,0.0
2017-01-06 05:52:00+01:00,0.04687,0.0,0.0,0.0
2017-01-06 05:53:00+01:00,0.04981,0.0,0.0,0.0
2017-01-06 05:54:00+01:00,0.05593,0.0,0.0,0.0
2017-01-06 05:55:00+01:00,0.0513,0.0,0.0,0.0
2017-01-06 05:56:00+01:00,0.05265,0.0,0.0,0.0
2017-01-06 05:57:00+01:00,0.05303,0.0,0.0,0.0
2017-01-06 05:58:00+01:00,0.05599,0.0,0.0,0.0
2017-01-06 05:59:00+01:00,0.05858,0.0,0.0,0.0
2017-01-06 06:00:00+01:00,0.05527,0.0,0.0,0.0
2017-01-06 06:01:00+01:00,0.04606,0.0,0.0,0.0
2017-01-06 06:02:00+01:00,0.04554,0.0,0.0,0.0
2017-01-06 06:03:00+01:00,0.04915,0.0,0.0,0.0
2017-01-06 06:04:00+01:00,0.04875,0.0,0.0,0.0
2017-01-06 06:05:00+01:00,0.05363,0.0,0.0,0.0
2017-01-06 06:06:00+01:00,0.06378,0.0,0.0,0.0
2017-01-06 06:07:00+01:00,0.05703,0.0,0.0,0.0
2017-01-06 06:08:00+01:00,0.05468,0.0,0.0,0.0
2017-01-06 06:09:00+01:00,0.05803,0.0,0.0,0.0
2017-01-06 06:10:00+01:00,0.06368,0.0,0.0,0.0
2017-01-06 06:11:00+01:00,0.0729,0.0,0.0,0.0
2017-01-06 06:12:00+01:00,0.08197,0.0,0.0,0.0
2017-01-06 06:13:00+01:00,0.07568,0.0,0.0,0.0
2017-01-06 06:14:00+01:00,0.07548,0.0,0.0,0.0
2017-01-06 06:15:00+01:00,0.07865,0.0,0.0,0.0
2017-01-06 06:16:00+01:00,0.07864,0.0,0.0,0.0
2017-01-06 06:17:00+01:00,0.08195,0.0,0.0,0.0
2017-01-06 06:18:00+01:00,0.08245,0.0,0.0,0.0
2017-01-06 06:19:00+01:00,0.08548,0.0,0.0,0.0
2017-01-06 06:20:00+01:00,0.08304,0.0,0.0,0.0
2017-01-06 06:21:00+01:00,0.07901,0.0,0.0,0.0
2017-01-06 06:22:00+01:00,0.07534,0.0,0.0,0.0
2017-01-06 06:23:00+01:00,0.07469,0.0,0.0,0.0
2017-01-06 06:24:00+01:00,0.07491,0.0,0.0,0.0
2017-01-06 06:25:00+01:00,0.07771,0.0,0.0,0.0
2017-01-06 06:26:00+01:00,0.08289,0.0,0.0,0.0
2017-01-06 06:27:00+01:00,0.08444,0.0,0.0,0.0
2017-01-06 06:28:00+01:00,0.08172,0.0,0.0,0.0
2017-01-06 06:29:00+01:00,0.08424,0.0,0.0,0.0
2017-01-06 06:30:00+01:00,0.0902,0.0,0.0,0.0
2017-01-06 06:31:00+01:00,0.1001,0.0,0.0,0.0
2017-01-06 06:32:00+01:00,0.10871,0.0,0.0,0.0
2017-01-06 06:33:00+01:00,0.08887,0.0,0.0,0.0
2017-01-06 06:34:00+01:00,0.08083,0.0,0.0,0.0
2017-01-06 06:35:00+01:00,0.08523,0.0,0.0,0.0
2017-01-06 06:36:00+01:00,0.0825,0.0,0.0,0.0
2017-01-06 06:37:00+01:00,0.08273,0.0,0.0,0.0
2017-01-06 06:38:00+01:00,0.08278,0.0,0.0,0.0
2017-01-06 06:39:00+01:00,0.08453,0.0,0.0,0.0
2017-01-06 06:40:00+01:00,0.0772,0.0,0.0,0.0
2017-01-06 06:41:00+01:00,0.07476,0.0,0.0,0.0
2017-01-06 06:42:00+01:00,0.06657,0.0,0.0,0.0
2017-01-06 06:43:00+01:00,0.06377,0.0,0.0,0.0
2017-01-06 06:44:00+01:00,0.06747,0.0,0.0,0.0
2017-01-06 06:45:00+01:00,0.06705,0.0,0.0,0.0
2017-01-06 06:46:00+01:00,0.06939,0.0,0.0,0.0
2017-01-06 06:47:00+01:00,0.07723,0.0,0.0,0.0
2017-01-06 06:48:00+01:00,0.08453,0.0,0.0,0.0
2017-01-06 06:49:00+01:00,0.08433,0.0,0.0,0.0
2017-01-06 06:50:00+01:00,0.08421,0.0,0.0,0.0
2017-01-06 06:51:00+01:00,0.08217,0.0,0.0,0.0
2017-01-06 06:52:00+01:00,0.09043,0.0,0.0,0.0
2017-01-06 06:53:00+01:00,0.08993,0.0,0.0,0.0
2017-01-06 06:54:00+01:00,0.08396,0.0,0.0,0.0
2017-01-06 06:55:00+01:00,0.08074,0.0,0.0,0.0
2017-01-06 06:56:00+01:00,0.07489,0.0,0.0,0.0
2017-01-06 06:57:00+01:00,0.07445,0.0,0.0,0.0
2017-01-06 06:58:00+01:00,0.08702,0.0,0.0,0.0
2017-01-06 06:59:00+01:00,0.08492,0.0,0.0,0.0
2017-01-06 07:00:00+01:00,0.0797,0.0,0.0,0.0
2017-01-06 07:01:00+01:00,0.08708,0.0,0.0,0.0
2017-01-06 07:02:00+01:00,0.08706,0.0,0.0,0.0
2017-01-06 07:03:00+01:00,0.07947,0.0,0.0,0.0
2017-01-06 07:04:00+01:00,0.077,0.0,0.0,0.0
2017-01-06 07:05:00+01:00,0.08284,0.0,0.0,0.0
2017-01-06 07:06:00+01:00,0.07122,0.0,0.0,0.0
2017-01-06 07:07:00+01:00,0.06956,0.0,0.0,0.0
2017-01-06 07:08:00+01:00,0.06698,0.0,0.0,0.0
2017-01-06 07:09:00+01:00,0.06188,0.0,0.0,0.0
2017-01-06 07:10:00+01:00,0.05697,0.0,0.0,0.0
2017-01-06 07:11:00+01:00,0.05882,0.0,0.0,0.0
2017-01-06 07:12:00+01:00,0.06176,0.0,0.0,0.0
2017-01-06 07:13:00+01:00,0.05811,0.0,0.0,0.0
2017-01-06 07:14:00+01:00,0.05642,0.0,0.0,0.0
2017-01-06 07:15:00+01:00,0.06223,0.0,0.0,0.0
2017-01-06 07:16:00+01:00,0.06831,0.0,0.0,0.0
2017-01-06 07:17:00+01:00,0.05893,0.0,0.0,0.0
2017-01-06 07:18:00+01:00,0.05908,0.0,0.0,0.0
2017-01-06 07:19:00+01:00,0.06301,0.0,0.0,0.0
2017-01-06 07:20:00+01:00,0.0631,0.0,0.0,0.0
2017-01-06 07:21:00+01:00,0.06686,0.0,0.0,0.0
2017-01-06 07:22:00+01:00,0.06109,0.0,0.0,0.0
2017-01-06 07:23:00+01:00,0.05644,0.0,0.0,0.0
2017-01-06 07:24:00+01:00,0.05918,0.0,0.0,0.0
2017-01-06 07:25:00+01:00,0.05231,0.0,0.0,0.0
2017-01-06 07:26:00+01:00,0.04975,0.0,0.0,0.0
2017-01-06 07:27:00+01:00,0.0469,0.0,0.0,0.0
2017-01-06 07:28:00+01:00,0.04848,0.0,0.0,0.0
2017-01-06 07:29:00+01:00,0.04983,0.0,0.0,0.0
2017-01-06 07:30:00+01:00,0.05618,0.0,0.0,0.0
2017-01-06 07:31:00+01:00,0.05358,0.0,0.0,0.0
2017-01-06 07:32:00+01:00,0.06148,0.0,0.0,0.0
2017-01-06 07:33:00+01:00,0.06818,0.0,0.0,0.0
2017-01-06 07:34:00+01:00,0.06386,0.0,0.0,0.0
2017-01-06 07:35:00+01:00,0.0621,0.0,0.0,0.0
2017-01-06 07:36:00+01:00,0.06538,0.0,0.0,0.0
2017-01-06 07:37:00+01:00,0.06431,0.0,0.0,0.0
2017-01-06 07:38:00+01:00,0.05724,0.0,0.0,0.0
2017-01-06 07:39:00+01:00,0.0542,0.0,0.0,0.0
2017-01-06 07:40:00+01:00,0.05779,0.0,0.0,0.0
2017-01-06 07:41:00+01:00,0.05986,0.0,0.0,0.0
2017-01-06 07:42:00+01:00,0.06516,0.0,0.0,0.0
2017-01-06 07:43:00+01:00,0.06696,0.0,0.0,0.0
2017-01-06 07:44:00+01:00,0.06656,0.0,0.0,0.0
2017-01-06 07:45:00+01:00,0.06907,0.0,0.0,0.0
2017-01-06 07:46:00+01:00,0.06743,0.0,0.0,0.0
2017-01-06 07:47:00+01:00,0.06344,0.0,0.0,0.0
2017-01-06 07:48:00+01:00,0.06493,0.0,0.0,0.0
2017-01-06 07:49:00+01:00,0.06242,0.0,0.0,0.0
2017-01-06 07:50:00+01:00,0.05686,0.0,0.0,0.0
2017-01-06 07:51:00+01:00,0.05362,0.0,0.0,0.0
2017-01-06 07:52:00+01:00,0.05302,0.0,0.0,0.0
2017-01-06 07:53:00+01:00,0.05339,0.0,0.0,0.0
2017-01-06 07:54:00+01:00,0.05382,0.0,0.0,0.0
2017-01-06 07:55:00+01:00,0.06045,0.0,0.0,0.0
2017-01-06 07:56:00+01:00,0.05622,0.0,0.0,0.0
2017-01-06 07:57:00+01:00,0.05513,0.0,0.0,0.0
2017-01-06 07:58:00+01:00,0.05589,0.0,0.0,0.0
2017-01-06 07:59:00+01:00,0.05348,0.0,0.0,0.0
2017-01-06 08:00:00+01:00,0.05711,0.0,0.0,0.0
2017-01-06 08:01:00+01:00,0.05161,0.0,0.0,0.0
2017-01-06 08:02:00+01:00,0.04794,0.0,0.0,0.0
2017-01-06 08:03:00+01:00,0.04802,0.0,0.0,0.0
2017-01-06 08:04:00+01:00,0.05101,0.0,0.0,0.0
2017-01-06 08:05:00+01:00,0.05147,0.0,0.0,0.0
2017-01-06 08:06:00+01:00,0.06471,0.0,0.0,0.0
2017-01-06 08:07:00+01:00,0.06258,0.0,0.0,0.0
2017-01-06 08:08:00+01:00,0.07039,0.0,0.0,0.0
2017-01-06 08:09:00+01:00,0.06533,0.0,0.0,0.0
2017-01-06 08:10:00+01:00,0.06248,0.0,0.0,0.0
2017-01-06 08:11:00+01:00,0.04649,0.0,0.0,0.0
2017-01-06 08:12:00+01:00,0.04165,0.0,0.0,0.0
2017-01-06 08:13:00+01:00,0.04406,0.0,0.0,0.0
2017-01-06 08:14:00+01:00,0.04539,0.0,0.0,0.0
2017-01-06 08:15:00+01:00,0.04559,0.0,0.0,0.0
2017-01-06 08:16:00+01:00,0.04297,0.0,0.0,0.0
2017-01-06 08:17:00+01:00,0.05639,0.0,0.0,0.0
2017-01-06 08:18:00+01:00,0.06429,0.0,0.0,0.0
2017-01-06 08:19:00+01:00,0.06942,0.0,0.0,0.0
2017-01-06 08:20:00+01:00,0.06937,0.0,0.0,0.0
2017-01-06 08:21:00+01:00,0.06955,0.0,0.0,0.0
2017-01-06 08:22:00+01:00,0.06962,0.0,0.0,0.0
2017-01-06 08:23:00+01:00,0.07917,0.0,0.0,0.0
2017-01-06 08:24:00+01:00,0.07491,0.0,0.0,0.0
2017-01-06 08:25:00+01:00,0.07121,0.0,0.0,0.0
2017-01-06 08:26:00+01:00,0.07189,0.0,0.0,0.0
2017-01-06 08:27:00+01:00,0.06645,0.0,0.0,0.0
2017-01-06 08:28:00+01:00,0.0553,0.0,0.0,0.0
2017-01-06 08:29:00+01:00,0.05584,0.0,0.0,0.0
2017-01-06 08:30:00+01:00,0.064,0.0,0.0,0.0
2017-01-06 08:31:00+01:00,0.07173,0.0,0.0,0.0
2017-01-06 08:32:00+01:00,0.05658,0.0,0.0,0.0
2017-01-06 08:33:00+01:00,0.05805,0.0,0.0,0.0
2017-01-06 08:34:00+01:00,0.07031,0.0,0.0,0.0
2017-01-06 08:35:00+01:00,0.07831,0.0,0.0,0.0
2017-01-06 08:36:00+01:00,0.07591,0.0,0.0,0.0
2017-01-06 08:37:00+01:00,0.08315,0.0,0.0,0.0
2017-01-06 08:38:00+01:00,0.08264,0.0,0.0,0.0
2017-01-06 08:39:00+01:00,0.07531,0.0,0.0,0.0
2017-01-06 08:40:00+01:00,0.07032,0.0,0.0,0.0
2017-01-06 08:41:00+01:00,0.06906,0.0,0.0,0.0
2017-01-06 08:42:00+01:00,0.06594,0.0,0.0,0.0
2017-01-06 08:43:00+01:00,0.07006,0.0,0.0,0.0
2017-01-06 08:44:00+01:00,0.05593,0.0,0.0,0.0
2017-01-06 08:45:00+01:00,0.07042,0.0,0.0,0.0
2017-01-06 08:46:00+01:00,0.0694,0.0,0.0,0.0
2017-01-06 08:47:00+01:00,0.07288,0.0,0.0,0.0
2017-01-06 08:48:00+01:00,0.06822,0.0,0.0,0.0
2017-01-06 08:49:00+01:00,0.06743,0.0,0.0,0.0
2017-01-06 08:50:00+01:00,0.07159,0.0,0.0,0.0
2017-01-06 08:51:00+01:00,0.06917,0.0,0.0,0.0
2017-01-06 08:52:00+01:00,0.06839,0.0,0.0,0.0
2017-01-06 08:53:00+01:00,0.06266,0.0,0.0,0.0
2017-01-06 08:54:00+01:00,0.06941,0.0,0.0,0.0
2017-01-06 08:55:00+01:00,0.06611,5.7e-05,0.0,0.0
2017-01-06 08:56:00+01:00,0.05692,0.000371,0.0,0.0
2017-01-06 08:57:00+01:00,0.05671,0.116245,0.0,0.0
2017-01-06 08:58:00+01:00,0.05836,0.124311,0.0,0.0
2017-01-06 08:59:00+01:00,0.05404,0.098163,0.0,0.0
2017-01-06 09:00:00+01:00,0.05741,0.064221,0.0,0.0
2017-01-06 09:01:00+01:00,0.05487,0.08146,0.0,0.0
2017-01-06 09:02:00+01:00,0.06188,0.125438,0.0,0.0
2017-01-06 09:03:00+01:00,0.06117,0.124794,0.0,0.0
2017-01-06 09:04:00+01:00,0.06425,0.12428,0.0,0.0
2017-01-06 09:05:00+01:00,0.06418,0.127823,0.0,0.0
2017-01-06 09:06:00+01:00,0.06354,0.141585,0.0,0.0
2017-01-06 09:07:00+01:00,0.06261,0.129652,0.0,0.0
2017-01-06 09:08:00+01:00,0.06305,0.118801,0.0,0.0
2017-01-06 09:09:00+01:00,0.06173,0.156632,0.0,0.0
2017-01-06 09:10:00+01:00,0.06478,0.194121,0.0,0.0
2017-01-06 09:11:00+01:00,0.06718,0.211877,0.0,0.0
2017-01-06 09:12:00+01:00,0.06521,0.226139,0.0,0.0
2017-01-06 09:13:00+01:00,0.0631,0.232283,0.0,0.0
2017-01-06 09:14:00+01:00,0.06409,0.237273,0.0,0.0
2017-01-06 09:15:00+01:00,0.06413,0.240876,0.0,0.0
2017-01-06 09:16:00+01:00,0.06292,0.246267,0.0,0.0
2017-01-06 09:17:00+01:00,0.06261,0.250446,0.0,0.0
2017-01-06 09:18:00+01:00,0.06299,0.256821,0.0,0.0
2017-01-06 09:19:00+01:00,0.05503,0.263346,0.0,0.0
2017-01-06 09:20:00+01:00,0.05162,0.268775,0.0,0.0
2017-01-06 09:21:00+01:00,0.05225,0.27396,0.0,0.0
2017-01-06 09:22:00+01:00,0.0545,0.279742,0.0,0.0
2017-01-06 09:23:00+01:00,0.06033,0.285151,0.0,0.0
2017-01-06 09:24:00+01:00,0.06508,0.290513,0.0,0.0
2017-01-06 09:25:00+01:00,0.06295,0.294881,0.0,0.0
2017-01-06 09:26:00+01:00,0.05997,0.300094,0.0,0.0
2017-01-06 09:27:00+01:00,0.06052,0.306038,0.0,0.0
2017-01-06 09:28:00+01:00,0.0595,0.311569,0.0,0.0
2017-01-06 09:29:00+01:00,0.0625,0.314231,0.0,0.0
2017-01-06 09:30:00+01:00,0.06548,0.320498,0.0,0.0
2017-01-06 09:31:00+01:00,0.06785,0.324259,0.0,0.0
2017-01-06 09:32:00+01:00,0.064,0.330291,0.0,0.0
2017-01-06 09:33:00+01:00,0.06376,0.334512,0.0,0.0
2017-01-06 09:34:00+01:00,0.06333,0.339482,0.0,0.0
2017-01-06 09:35:00+01:00,0.05823,0.344355,0.0,0.0
2017-01-06 09:36:00+01:00,0.06219,0.348899,0.0,0.0
2017-01-06 09:37:00+01:00,0.06665,0.353561,0.0,0.0
2017-01-06 09:38:00+01:00,0.06731,0.358222,0.0,0.0
2017-01-06 09:39:00+01:00,0.06499,0.362686,0.0,0.0
2017-01-06 09:40:00+01:00,0.05921,0.36701,0.0,0.0
2017-01-06 09:41:00+01:00,0.06235,0.370048,0.0,0.0
2017-01-06 09:42:00+01:00,0.0668,0.375487,0.0,0.0
2017-01-06 09:43:00+01:00,0.0654,0.380616,0.0,0.0
2017-01-06 09:44:00+01:00,0.07276,0.385108,0.0,0.0
2017-01-06 09:45:00+01:00,0.06498,0.389345,0.0,0.0
2017-01-06 09:46:00+01:00,0.06815,0.395369,0.0,0.0
2017-01-06 09:47:00+01:00,0.06858,0.399779,0.0,0.0
2017-01-06 09:48:00+01:00,0.06643,0.403571,0.0,0.0
2017-01-06 09:49:00+01:00,0.06931,0.407808,0.0,0.0
2017-01-06 09:50:00+01:00,0.0686,0.411159,0.0,0.0
2017-01-06 09:51:00+01:00,0.0673,0.414992,0.0,0.0
2017-01-06 09:52:00+01:00,0.06784,0.417809,0.0,0.0
2017-01-06 09:53:00+01:00,0.06803,0.423417,0.0,0.0
2017-01-06 09:54:00+01:00,0.06804,0.427138,0.0,0.0
2017-01-06 09:55:00+01:00,0.07254,0.43402,0.0,0.0
2017-01-06 09:56:00+01:00,0.07079,0.437394,0.0,0.0
2017-01-06 09:57:00+01:00,0.06894,0.440538,0.0,0.0
2017-01-06 09:58:00+01:00,0.06878,0.444382,0.0,0.0
2017-01-06 09:59:00+01:00,0.0656,0.448504,0.0,0.0
2017-01-06 10:00:00+01:00,0.06329,0.451962,0.0,0.0
2017-01-06 10:01:00+01:00,0.06816,0.455046,0.0,0.0
2017-01-06 10:02:00+01:00,0.06638,0.458577,0.0,0.0
2017-01-06 10:03:00+01:00,0.06344,0.459461,0.0,0.0
2017-01-06 10:04:00+01:00,0.07055,0.464873,0.0,0.0
2017-01-06 10:05:00+01:00,0.06726,0.468098,0.0,0.0
2017-01-06 10:06:00+01:00,0.06168,0.471932,0.0,0.0
2017-01-06 10:07:00+01:00,0.05835,0.476099,0.0,0.0
2017-01-06 10:08:00+01:00,0.06289,0.479546,0.0,0.0
2017-01-06 10:09:00+01:00,0.06562,0.482589,0.0,0.0
2017-01-06 10:10:00+01:00,0.06443,0.485033,0.0,0.0
2017-01-06 10:11:00+01:00,0.06493,0.486177,0.0,0.0
2017-01-06 10:12:00+01:00,0.06689,0.489064,0.0,0.0
2017-01-06 10:13:00+01:00,0.06489,0.493354,0.0,0.0
2017-01-06 10:14:00+01:00,0.06705,0.496841,0.0,0.0
2017-01-06 10:15:00+01:00,0.06215,0.500322,0.0,0.0
2017-01-06 10:16:00+01:00,0.06331,0.502214,0.0,0.0
2017-01-06 10:17:00+01:00,0.0619,0.507878,0.0,0.0
2017-01-06 10:18:00+01:00,0.0662,0.515153,0.0,0.0
2017-01-06 10:19:00+01:00,0.05841,0.502164,0.0,0.0
2017-01-06 10:20:00+01:00,0.05854,0.449906,0.0,0.0
2017-01-06 10:21:00+01:00,0.05727,0.32401,0.0,0.0
2017-01-06 10:22:00+01:00,0.05535,0.505298,0.0,0.0
2017-01-06 10:23:00+01:00,0.05305,0.530524,0.0,0.0
2017-01-06 10:24:00+01:00,0.0605,0.535589,0.0,0.0
2017-01-06 10:25:00+01:00,0.06351,0.539364,0.0,0.0
2017-01-06 10:26:00+01:00,0.06554,0.541404,0.0,0.0
2017-01-06 10:27:00+01:00,0.0667,0.543914,0.0,0.0
2017-01-06 10:28:00+01:00,0.07157,0.5472,0.0,0.0
2017-01-06 10:29:00+01:00,0.0822,0.524529,0.0,0.0
2017-01-06 10:30:00+01:00,0.07321,0.548293,0.0,0.0
2017-01-06 10:31:00+01:00,0.06943,0.552616,0.0,0.0
2017-01-06 10:32:00+01:00,0.06412,0.555994,0.0,0.0
2017-01-06 10:33:00+01:00,0.05913,0.558215,0.0,0.0
2017-01-06 10:34:00+01:00,0.05923,0.561324,0.0,0.0
2017-01-06 10:35:00+01:00,0.05739,0.562651,0.0,0.0
2017-01-06 10:36:00+01:00,0.06032,0.564367,0.0,0.0
2017-01-06 10:37:00+01:00,0.06366,0.56643,0.0,0.0
2017-01-06 10:38:00+01:00,0.06073,0.568369,0.0,0.0
2017-01-06 10:39:00+01:00,0.05614,0.569478,0.0,0.0
2017-01-06 10:40:00+01:00,0.05728,0.571685,0.0,0.0
2017-01-06 10:41:00+01:00,0.05615,0.574665,0.0,0.0
2017-01-06 10:42:00+01:00,0.05722,0.576774,0.0,0.0
2017-01-06 10:43:00+01:00,0.05621,0.580261,0.0,0.0
2017-01-06 10:44:00+01:00,0.06681,0.582511,0.0,0.0
2017-01-06 10:45:00+01:00,0.06605,0.585508,0.0,0.0
2017-01-06 10:46:00+01:00,0.06838,0.587499,0.0,0.0
2017-01-06 10:47:00+01:00,0.07349,0.590861,0.0,0.0
2017-01-06 10:48:00+01:00,0.07291,0.59329,0.0,0.0
2017-01-06 10:49:00+01:00,0.06888,0.595868,0.0,0.0
2017-01-06 10:50:00+01:00,0.06918,0.598407,0.0,0.0
2017-01-06 10:51:00+01:00,0.06216,0.599863,0.0,0.0
2017-01-06 10:52:00+01:00,0.06545,0.602011,0.0,0.0
2017-01-06 10:53:00+01:00,0.07166,0.604265,0.0,0.0
2017-01-06 10:54:00+01:00,0.06894,0.605844,0.0,0.0
2017-01-06 10:55:00+01:00,0.06204,0.608954,0.0,0.0
2017-01-06 10:56:00+01:00,0.06474,0.612914,0.0,0.0
2017-01-06 10:57:00+01:00,0.06413,0.571598,0.0,0.0
2017-01-06 10:58:00+01:00,0.06186,0.46181,0.0,0.0
2017-01-06 10:59:00+01:00,0.05736,0.439617,0.0,0.0
2017-01-06 11:00:00+01:00,0.05722,0.412806,0.0,0.0
2017-01-06 11:01:00+01:00,0.05842,0.42312,0.0,0.0
2017-01-06 11:02:00+01:00,0.06511,0.569635,0.0,0.0
2017-01-06 11:03:00+01:00,0.0702,0.669839,0.0,0.0
2017-01-06 11:04:00+01:00,0.07006,0.676879,0.0,0.0
2017-01-06 11:05:00+01:00,0.06494,0.685213,0.0,0.0
2017-01-06 11:06:00+01:00,0.0622,0.695294,0.0,0.0
2017-01-06 11:07:00+01:00,0.06571,0.584932,0.0,0.0
2017-01-06 11:08:00+01:00,0.0725,0.260987,0.0,0.0
2017-01-06 11:09:00+01:00,0.0764,0.181613,0.0,0.0
2017-01-06 11:10:00+01:00,0.07863,0.164921,0.0,0.0
2017-01-06 11:11:00+01:00,0.07431,0.152165,0.0,0.0
2017-01-06 11:12:00+01:00,0.0775,0.145709,0.0,0.0
2017-01-06 11:13:00+01:00,0.07653,0.137006,0.0,0.0
2017-01-06 11:14:00+01:00,0.08156,0.138505,0.0,0.0
2017-01-06 11:15:00+01:00,0.07132,0.143582,0.0,0.0
2017-01-06 11:16:00+01:00,0.06778,0.145682,0.0,0.0
2017-01-06 11:17:00+01:00,0.06644,0.143862,0.0,0.0
2017-01-06 11:18:00+01:00,0.06971,0.143028,0.0,0.0
2017-01-06 11:19:00+01:00,0.06791,0.140055,0.0,0.0
2017-01-06 11:20:00+01:00,0.07134,0.139158,0.0,0.0
2017-01-06 11:21:00+01:00,0.06874,0.146217,0.0,0.0
2017-01-06 11:22:00+01:00,0.06273,0.163939,0.0,0.0
2017-01-06 11:23:00+01:00,0.07048,0.191485,0.0,0.0
2017-01-06 11:24:00+01:00,0.07555,0.286144,0.0,0.0
2017-01-06 11:25:00+01:00,0.07907,0.638746,0.0,0.0
2017-01-06 11:26:00+01:00,0.07581,0.685309,0.0,0.0
2017-01-06 11:27:00+01:00,0.07522,0.582307,0.0,0.0
2017-01-06 11:28:00+01:00,0.07561,0.574974,0.0,0.0
2017-01-06 11:29:00+01:00,0.07646,0.508228,0.0,0.0
2017-01-06 11:30:00+01:00,0.07484,0.458764,0.0,0.0
2017-01-06 11:31:00+01:00,0.07088,0.502463,0.0,0.0
2017-01-06 11:32:00+01:00,0.05927,0.542908,0.0,0.0
2017-01-06 11:33:00+01:00,0.06611,0.657019,0.0,0.0
2017-01-06 11:34:00+01:00,0.06268,0.657391,0.0,0.0
2017-01-06 11:35:00+01:00,0.072,0.652745,0.0,0.0
2017-01-06 11:36:00+01:00,0.07241,0.652036,0.0,0.0
2017-01-06 11:37:00+01:00,0.06343,0.65219,0.0,0.0
2017-01-06 11:38:00+01:00,0.06286,0.652563,0.0,0.0
2017-01-06 11:39:00+01:00,0.06461,0.653542,0.0,0.0
2017-01-06 11:40:00+01:00,0.06345,0.65379,0.0,0.0
2017-01-06 11:41:00+01:00,0.07653,0.653994,0.0,0.0
2017-01-06 11:42:00+01:00,0.08449,0.654666,0.0,0.0
2017-01-06 11:43:00+01:00,0.06925,0.654656,0.0,0.0
2017-01-06 11:44:00+01:00,0.07398,0.655165,0.0,0.0
2017-01-06 11:45:00+01:00,0.06958,0.655388,0.0,0.0
2017-01-06 11:46:00+01:00,0.07535,0.656347,0.0,0.0
2017-01-06 11:47:00+01:00,0.06679,0.657392,0.0,0.0
2017-01-06 11:48:00+01:00,0.06232,0.657037,0.0,0.0
2017-01-06 11:49:00+01:00,0.05936,0.658087,0.0,0.0
2017-01-06 11:50:00+01:00,0.0585,0.659367,0.0,0.0
2017-01-06 11:51:00+01:00,0.06423,0.660565,0.0,0.0
2017-01-06 11:52:00+01:00,0.07159,0.661314,0.0,0.0
2017-01-06 11:53:00+01:00,0.07067,0.661459,0.0,0.0
2017-01-06 11:54:00+01:00,0.06783,0.662381,0.0,0.0
2017-01-06 11:55:00+01:00,0.06603,0.662473,0.0,0.0
2017-01-06 11:56:00+01:00,0.06654,0.661944,0.0,0.0
2017-01-06 11:57:00+01:00,0.067,0.661092,0.0,0.0
2017-01-06 11:58:00+01:00,0.06528,0.660917,0.0,0.0
2017-01-06 11:59:00+01:00,0.06619,0.66231,0.0,0.0
2017-01-06 12:00:00+01:00,0.0725,0.663559,0.0,0.0
2017-01-06 12:01:00+01:00,0.07682,0.665915,0.0,0.0
2017-01-06 12:02:00+01:00,0.07539,0.667345,0.0,0.0
2017-01-06 12:03:00+01:00,0.06829,0.667314,0.0,0.0
2017-01-06 12:04:00+01:00,0.07138,0.665223,0.0,0.0
2017-01-06 12:05:00+01:00,0.07257,0.664777,0.0,0.0
2017-01-06 12:06:00+01:00,0.06743,0.663185,0.0,0.0
2017-01-06 12:07:00+01:00,0.05967,0.663199,0.0,0.0
2017-01-06 12:08:00+01:00,0.05788,0.664599,0.0,0.0
2017-01-06 12:09:00+01:00,0.06182,0.664431,0.0,0.0
2017-01-06 12:10:00+01:00,0.07327,0.664132,0.0,0.0
2017-01-06 12:11:00+01:00,0.07368,0.663559,0.0,0.0
2017-01-06 12:12:00+01:00,0.06695,0.663547,0.0,0.0
2017-01-06 12:13:00+01:00,0.07138,0.664021,0.0,0.0
2017-01-06 12:14:00+01:00,0.07196,0.664093,0.0,0.0
2017-01-06 12:15:00+01:00,0.07286,0.664528,0.0,0.0
2017-01-06 12:16:00+01:00,0.08424,0.664214,0.0,0.0
2017-01-06 12:17:00+01:00,0.08344,0.663385,0.0,0.0
2017-01-06 12:18:00+01:00,0.07818,0.663539,0.0,0.0
2017-01-06 12:19:00+01:00,0.08398,0.663474,0.0,0.0
2017-01-06 12:20:00+01:00,0.08295,0.663631,0.0,0.0
2017-01-06 12:21:00+01:00,0.0801,0.661811,0.0,0.0
2017-01-06 12:22:00+01:00,0.07657,0.661162,0.0,0.0
2017-01-06 12:23:00+01:00,0.07795,0.660987,0.0,0.0
2017-01-06 12:24:00+01:00,0.08313,0.661681,0.0,0.0
2017-01-06 12:25:00+01:00,0.08615,0.66207,0.0,0.0
2017-01-06 12:26:00+01:00,0.08198,0.661973,0.0,0.0
2017-01-06 12:27:00+01:00,0.08185,0.66169,0.0,0.0
2017-01-06 12:28:00+01:00,0.07884,0.662898,0.0,0.0
2017-01-06 12:29:00+01:00,0.0792,0.664279,0.0,0.0
2017-01-06 12:30:00+01:00,0.07528,0.663998,0.0,0.0
2017-01-06 12:31:00+01:00,0.07709,0.663989,0.0,0.0
2017-01-06 12:32:00+01:00,0.07739,0.662213,0.0,0.0
2017-01-06 12:33:00+01:00,0.08009,0.662317,0.0,0.0
2017-01-06 12:34:00+01:00,0.07726,0.662464,0.0,0.0
2017-01-06 12:35:00+01:00,0.07482,0.660961,0.0,0.0
2017-01-06 12:36:00+01:00,0.06795,0.659596,0.0,0.0
2017-01-06 12:37:00+01:00,0.07228,0.658229,0.0,0.0
2017-01-06 12:38:00+01:00,0.07421,0.657737,0.0,0.0
2017-01-06 12:39:00+01:00,0.06608,0.657189,0.0,0.0
2017-01-06 12:40:00+01:00,0.07028,0.656103,0.0,0.0
2017-01-06 12:41:00+01:00,0.06753,0.655253,0.0,0.0
2017-01-06 12:42:00+01:00,0.06436,0.655084,0.0,0.0
2017-01-06 12:43:00+01:00,0.06569,0.656739,0.0,0.0
2017-01-06 12:44:00+01:00,0.06267,0.656724,0.0,0.0
2017-01-06 12:45:00+01:00,0.06374,0.656082,0.0,0.0
2017-01-06 12:46:00+01:00,0.065,0.655531,0.0,0.0
2017-01-06 12:47:00+01:00,0.05937,0.654877,0.0,0.0
2017-01-06 12:48:00+01:00,0.06265,0.654228,0.0,0.0
2017-01-06 12:49:00+01:00,0.06119,0.653136,0.0,0.0
2017-01-06 12:50:00+01:00,0.06756,0.651639,0.0,0.0
2017-01-06 12:51:00+01:00,0.06711,0.649274,0.0,0.0
2017-01-06 12:52:00+01:00,0.06752,0.647874,0.0,0.0
2017-01-06 12:53:00+01:00,0.06216,0.648309,0.0,0.0
2017-01-06 12:54:00+01:00,0.06949,0.648779,0.0,0.0
2017-01-06 12:55:00+01:00,0.07209,0.64881,0.0,0.0
2017-01-06 12:56:00+01:00,0.06785,0.64721,0.0,0.0
2017-01-06 12:57:00+01:00,0.06389,0.646315,0.0,0.0
2017-01-06 12:58:00+01:00,0.06812,0.644154,0.0,0.0
2017-01-06 12:59:00+01:00,0.06784,0.644238,0.0,0.0
2017-01-06 13:00:00+01:00,0.06533,0.643321,0.0,0.0
2017-01-06 13:01:00+01:00,0.07391,0.641113,0.0,0.0
2017-01-06 13:02:00+01:00,0.07911,0.640008,0.0,0.0
2017-01-06 13:03:00+01:00,0.07376,0.639974,0.0,0.0
2017-01-06 13:04:00+01:00,0.0732,0.639428,0.0,0.0
2017-01-06 13:05:00+01:00,0.08029,0.639047,0.0,0.0
2017-01-06 13:06:00+01:00,0.07633,0.636824,0.0,0.0
2017-01-06 13:07:00+01:00,0.07711,0.636225,0.0,0.0
2017-01-06 13:08:00+01:00,0.07572,0.636526,0.0,0.0
2017-01-06 13:09:00+01:00,0.06932,0.635581,0.0,0.0
2017-01-06 13:10:00+01:00,0.06621,0.634798,0.0,0.0
2017-01-06 13:11:00+01:00,0.06203,0.633353,0.0,0.0
2017-01-06 13:12:00+01:00,0.06223,0.633691,0.0,0.0
2017-01-06 13:13:00+01:00,0.06374,0.633895,0.0,0.0
2017-01-06 13:14:00+01:00,0.06477,0.633044,0.0,0.0
2017-01-06 13:15:00+01:00,0.06522,0.629815,0.0,0.0
2017-01-06 13:16:00+01:00,0.06355,0.630012,0.0,0.0
2017-01-06 13:17:00+01:00,0.06518,0.629595,0.0,0.0
2017-01-06 13:18:00+01:00,0.06842,0.629575,0.0,0.0
2017-01-06 13:19:00+01:00,0.06973,0.629337,0.0,0.0
2017-01-06 13:20:00+01:00,0.06576,0.628529,0.0,0.0
2017-01-06 13:21:00+01:00,0.06716,0.627318,0.0,0.0
2017-01-06 13:22:00+01:00,0.06972,0.626146,0.0,0.0
2017-01-06 13:23:00+01:00,0.06992,0.626194,0.0,0.0
2017-01-06 13:24:00+01:00,0.06157,0.6238,0.0,0.0
2017-01-06 13:25:00+01:00,0.05398,0.622961,0.0,0.0
2017-01-06 13:26:00+01:00,0.05524,0.623085,0.0,0.0
2017-01-06 13:27:00+01:00,0.0588,0.621714,0.0,0.0
2017-01-06 13:28:00+01:00,0.05755,0.61988,0.0,0.0
2017-01-06 13:29:00+01:00,0.05767,0.618658,0.0,0.0
2017-01-06 13:30:00+01:00,0.05997,0.617001,0.0,0.0
2017-01-06 13:31:00+01:00,0.06107,0.614015,0.0,0.0
2017-01-06 13:32:00+01:00,0.05766,0.611703,0.0,0.0
2017-01-06 13:33:00+01:00,0.06722,0.61112,0.0,0.0
2017-01-06 13:34:00+01:00,0.06733,0.610824,0.0,0.0
2017-01-06 13:35:00+01:00,0.06552,0.609251,0.0,0.0
2017-01-06 13:36:00+01:00,0.06601,0.608041,0.0,0.0
2017-01-06 13:37:00+01:00,0.06789,0.606396,0.0,0.0
2017-01-06 13:38:00+01:00,0.06902,0.603071,0.0,0.0
2017-01-06 13:39:00+01:00,0.06056,0.602241,0.0,0.0
2017-01-06 13:40:00+01:00,0.06381,0.602271,0.0,0.0
2017-01-06 13:41:00+01:00,0.06565,0.598398,0.0,0.0
2017-01-06 13:42:00+01:00,0.0617,0.59571,0.0,0.0
2017-01-06 13:43:00+01:00,0.06234,0.59117,0.0,0.0
2017-01-06 13:44:00+01:00,0.06366,0.589872,0.0,0.0
2017-01-06 13:45:00+01:00,0.05575,0.591098,0.0,0.0
2017-01-06 13:46:00+01:00,0.06039,0.592038,0.0,0.0
2017-01-06 13:47:00+01:00,0.05746,0.593926,0.0,0.0
2017-01-06 13:48:00+01:00,0.05297,0.590855,0.0,0.0
2017-01-06 13:49:00+01:00,0.04787,0.585128,0.0,0.0
2017-01-06 13:50:00+01:00,0.04729,0.583117,0.0,0.0
2017-01-06 13:51:00+01:00,0.04509,0.583014,0.0,0.0
2017-01-06 13:52:00+01:00,0.04944,0.578335,0.0,0.0
2017-01-06 13:53:00+01:00,0.05402,0.575731,0.0,0.0
2017-01-06 13:54:00+01:00,0.05226,0.574106,0.0,0.0
2017-01-06 13:55:00+01:00,0.0527,0.573049,0.0,0.0
2017-01-06 13:56:00+01:00,0.05365,0.567807,0.0,0.0
2017-01-06 13:57:00+01:00,0.05399,0.566284,0.0,0.0
2017-01-06 13:58:00+01:00,0.05584,0.562484,0.0,0.0
2017-01-06 13:59:00+01:00,0.06408,0.559437,0.0,0.0
2017-01-06 14:00:00+01:00,0.06381,0.559237,0.0,0.0
2017-01-06 14:01:00+01:00,0.06426,0.55669,0.0,0.0
2017-01-06 14:02:00+01:00,0.06553,0.552659,0.0,0.0
2017-01-06 14:03:00+01:00,0.06368,0.551248,0.0,0.0
2017-01-06 14:04:00+01:00,0.06492,0.5481,0.0,0.0
2017-01-06 14:05:00+01:00,0.05614,0.544531,0.0,0.0
2017-01-06 14:06:00+01:00,0.05415,0.540358,0.0,0.0
2017-01-06 14:07:00+01:00,0.05585,0.535631,0.0,0.0
2017-01-06 14:08:00+01:00,0.05629,0.534682,0.0,0.0
2017-01-06 14:09:00+01:00,0.05918,0.530993,0.0,0.0
2017-01-06 14:10:00+01:00,0.05718,0.527669,0.0,0.0
2017-01-06 14:11:00+01:00,0.05424,0.523582,0.0,0.0
2017-01-06 14:12:00+01:00,0.06247,0.522264,0.0,0.0
2017-01-06 14:13:00+01:00,0.06192,0.519694,0.0,0.0
2017-01-06 14:14:00+01:00,0.05916,0.515067,0.0,0.0
2017-01-06 14:15:00+01:00,0.06393,0.511446,0.0,0.0
2017-01-06 14:16:00+01:00,0.06415,0.509561,0.0,0.0
2017-01-06 14:17:00+01:00,0.06403,0.507741,0.0,0.0
2017-01-06 14:18:00+01:00,0.06256,0.504102,0.0,0.0
2017-01-06 14:19:00+01:00,0.06243,0.501505,0.0,0.0
2017-01-06 14:20:00+01:00,0.06427,0.499263,0.0,0.0
2017-01-06 14:21:00+01:00,0.06602,0.495254,0.0,0.0
2017-01-06 14:22:00+01:00,0.05864,0.489736,0.0,0.0
2017-01-06 14:23:00+01:00,0.05885,0.488091,0.0,0.0
2017-01-06 14:24:00+01:00,0.05756,0.483822,0.0,0.0
2017-01-06 14:25:00+01:00,0.05659,0.315404,0.0,0.0
2017-01-06 14:26:00+01:00,0.05864,0.448081,0.0,0.0
2017-01-06 14:27:00+01:00,0.06201,0.133834,0.0,0.0
2017-01-06 14:28:00+01:00,0.06633,0.469385,0.0,0.0
2017-01-06 14:29:00+01:00,0.06535,0.475226,0.0,0.0
2017-01-06 14:30:00+01:00,0.06679,0.467522,0.0,0.0
2017-01-06 14:31:00+01:00,0.06306,0.458724,0.0,0.0
2017-01-06 14:32:00+01:00,0.05856,0.452934,0.0,0.0
2017-01-06 14:33:00+01:00,0.0603,0.448654,0.0,0.0
2017-01-06 14:34:00+01:00,0.05918,0.444329,0.0,0.0
2017-01-06 14:35:00+01:00,0.06518,0.437579,0.0,0.0
2017-01-06 14:36:00+01:00,0.05588,0.431264,0.0,0.0
2017-01-06 14:37:00+01:00,0.04968,0.426516,0.0,0.0
2017-01-06 14:38:00+01:00,0.05299,0.423094,0.0,0.0
2017-01-06 14:39:00+01:00,0.05468,0.41913,0.0,0.0
2017-01-06 14:40:00+01:00,0.05055,0.416296,0.0,0.0
2017-01-06 14:41:00+01:00,0.04844,0.409344,0.0,0.0
2017-01-06 14:42:00+01:00,0.04869,0.402732,0.0,0.0
2017-01-06 14:43:00+01:00,0.05208,0.403929,0.0,0.0
2017-01-06 14:44:00+01:00,0.06124,0.400427,0.0,0.0
2017-01-06 14:45:00+01:00,0.05844,0.395894,0.0,0.0
2017-01-06 14:46:00+01:00,0.06055,0.390453,0.0,0.0
2017-01-06 14:47:00+01:00,0.05956,0.38704,0.0,0.0
2017-01-06 14:48:00+01:00,0.05577,0.383609,0.0,0.0
2017-01-06 14:49:00+01:00,0.05675,0.379198,0.0,0.0
2017-01-06 14:50:00+01:00,0.05531,0.37526,0.0,0.0
2017-01-06 14:51:00+01:00,0.05676,0.368698,0.0,0.0
2017-01-06 14:52:00+01:00,0.058,0.360913,0.0,0.0
2017-01-06 14:53:00+01:00,0.05498,0.35514,0.0,0.0
2017-01-06 14:54:00+01:00,0.05113,0.351315,0.0,0.0
2017-01-06 14:55:00+01:00,0.05079,0.346527,0.0,0.0
2017-01-06 14:56:00+01:00,0.05018,0.340361,0.0,0.0
2017-01-06 14:57:00+01:00,0.04702,0.335768,0.0,0.0
2017-01-06 14:58:00+01:00,0.04665,0.33248,0.0,0.0
2017-01-06 14:59:00+01:00,0.04926,0.327592,0.0,0.0
2017-01-06 15:00:00+01:00,0.05392,0.32263,0.0,0.0
2017-01-06 15:01:00+01:00,0.0634,0.315845,0.0,0.0
2017-01-06 15:02:00+01:00,0.0614,0.311066,0.0,0.0
2017-01-06 15:03:00+01:00,0.06452,0.303672,0.0,0.0
2017-01-06 15:04:00+01:00,0.0606,0.297502,0.0,0.0
2017-01-06 15:05:00+01:00,0.05924,0.292129,0.0,0.0
2017-01-06 15:06:00+01:00,0.05663,0.285425,0.0,0.0
2017-01-06 15:07:00+01:00,0.05671,0.278546,0.0,0.0
2017-01-06 15:08:00+01:00,0.05889,0.272378,0.0,0.0
2017-01-06 15:09:00+01:00,0.05675,0.267179,0.0,0.0
2017-01-06 15:10:00+01:00,0.05376,0.260752,0.0,0.0
2017-01-06 15:11:00+01:00,0.05771,0.257483,0.0,0.0
2017-01-06 15:12:00+01:00,0.06062,0.252271,0.0,0.0
2017-01-06 15:13:00+01:00,0.05685,0.245469,0.0,0.0
2017-01-06 15:14:00+01:00,0.05861,0.234732,0.0,0.0
2017-01-06 15:15:00+01:00,0.06665,0.228746,0.0,0.0
2017-01-06 15:16:00+01:00,0.07172,0.221692,0.0,0.0
2017-01-06 15:17:00+01:00,0.06923,0.217307,0.0,0.0
2017-01-06 15:18:00+01:00,0.0632,0.209518,0.0,0.0
2017-01-06 15:19:00+01:00,0.06401,0.203166,0.0,0.0
2017-01-06 15:20:00+01:00,0.06114,0.196386,0.0,0.0
2017-01-06 15:21:00+01:00,0.06277,0.191374,0.0,0.0
2017-01-06 15:22:00+01:00,0.0738,0.184441,0.0,0.0
2017-01-06 15:23:00+01:00,0.06796,0.179407,0.0,0.0
2017-01-06 15:24:00+01:00,0.06737,0.170584,0.0,0.0
2017-01-06 15:25:00+01:00,0.06746,0.165109,0.0,0.0
2017-01-06 15:26:00+01:00,0.06517,0.157305,0.0,0.0
2017-01-06 15:27:00+01:00,0.06991,0.149509,0.0,0.0
2017-01-06 15:28:00+01:00,0.06577,0.141204,0.0,0.0
2017-01-06 15:29:00+01:00,0.06315,0.011136,0.0,0.0
2017-01-06 15:30:00+01:00,0.06109,0.01083,0.0,0.0
2017-01-06 15:31:00+01:00,0.06638,0.011261,0.0,0.0
2017-01-06 15:32:00+01:00,0.06678,0.007057,0.0,0.0
2017-01-06 15:33:00+01:00,0.06644,0.006418,0.0,0.0
2017-01-06 15:34:00+01:00,0.08093,0.004635,0.0,0.0
2017-01-06 15:35:00+01:00,0.08534,0.00296,0.0,0.0
2017-01-06 15:36:00+01:00,0.06646,0.000367,0.0,0.0
2017-01-06 15:37:00+01:00,0.06684,0.0,0.0,0.0
2017-01-06 15:38:00+01:00,0.06119,0.0,0.0,0.0
2017-01-06 15:39:00+01:00,0.07078,0.0,0.0,0.0
2017-01-06 15:40:00+01:00,0.05896,0.0,0.0,0.0
2017-01-06 15:41:00+01:00,0.06473,0.0,0.0,0.0
2017-01-06 15:42:00+01:00,0.05308,0.0,0.0,0.0
2017-01-06 15:43:00+01:00,0.0557,0.0,0.0,0.0
2017-01-06 15:44:00+01:00,0.05234,0.0,0.0,0.0
2017-01-06 15:45:00+01:00,0.06142,0.0,0.0,0.0
2017-01-06 15:46:00+01:00,0.06112,0.0,0.0,0.0
2017-01-06 15:47:00+01:00,0.06302,0.0,0.0,0.0
2017-01-06 15:48:00+01:00,0.0704,0.0,0.0,0.0
2017-01-06 15:49:00+01:00,0.07096,0.0,0.0,0.0
2017-01-06 15:50:00+01:00,0.06762,0.0,0.0,0.0
2017-01-06 15:51:00+01:00,0.06597,0.0,0.0,0.0
2017-01-06 15:52:00+01:00,0.06389,0.0,0.0,0.0
2017-01-06 15:53:00+01:00,0.0579,0.0,0.0,0.0
2017-01-06 15:54:00+01:00,0.06721,0.0,0.0,0.0
2017-01-06 15:55:00+01:00,0.06077,0.0,0.0,0.0
2017-01-06 15:56:00+01:00,0.06496,0.0,0.0,0.0
2017-01-06 15:57:00+01:00,0.06841,0.0,0.0,0.0
2017-01-06 15:58:00+01:00,0.06807,0.0,0.0,0.0
2017-01-06 15:59:00+01:00,0.06302,0.0,0.0,0.0
2017-01-06 16:00:00+01:00,0.06893,0.0,0.0,0.0
2017-01-06 16:01:00+01:00,0.07648,0.0,0.0,0.0
2017-01-06 16:02:00+01:00,0.07514,0.0,0.0,0.0
2017-01-06 16:03:00+01:00,0.07003,0.0,0.0,0.0
2017-01-06 16:04:00+01:00,0.07058,0.0,0.0,0.0
2017-01-06 16:05:00+01:00,0.068,0.0,0.0,0.0
2017-01-06 16:06:00+01:00,0.06952,0.0,0.0,0.0
2017-01-06 16:07:00+01:00,0.06981,0.0,0.0,0.0
2017-01-06 16:08:00+01:00,0.06569,0.0,0.0,0.0
2017-01-06 16:09:00+01:00,0.06392,0.0,0.0,0.0
2017-01-06 16:10:00+01:00,0.05987,0.0,0.0,0.0
2017-01-06 16:11:00+01:00,0.06458,0.0,0.0,0.0
2017-01-06 16:12:00+01:00,0.06588,0.0,0.0,0.0
2017-01-06 16:13:00+01:00,0.0743,0.0,0.0,0.0
2017-01-06 16:14:00+01:00,0.07738,0.0,0.0,0.0
2017-01-06 16:15:00+01:00,0.08082,0.0,0.0,0.0
2017-01-06 16:16:00+01:00,0.08584,0.0,0.0,0.0
2017-01-06 16:17:00+01:00,0.07475,0.0,0.0,0.0
2017-01-06 16:18:00+01:00,0.0738,0.0,0.0,0.0
2017-01-06 16:19:00+01:00,0.07816,0.0,0.0,0.0
2017-01-06 16:20:00+01:00,0.07698,0.0,0.0,0.0
2017-01-06 16:21:00+01:00,0.0735,0.0,0.0,0.0
2017-01-06 16:22:00+01:00,0.07357,0.0,0.0,0.0
2017-01-06 16:23:00+01:00,0.07371,0.0,0.0,0.0
2017-01-06 16:24:00+01:00,0.08506,0.0,0.0,0.0
2017-01-06 16:25:00+01:00,0.08582,0.0,0.0,0.0
2017-01-06 16:26:00+01:00,0.08305,0.0,0.0,0.0
2017-01-06 16:27:00+01:00,0.08555,0.0,0.0,0.0
2017-01-06 16:28:00+01:00,0.07532,0.0,0.0,0.0
2017-01-06 16:29:00+01:00,0.08275,0.0,0.0,0.0
2017-01-06 16:30:00+01:00,0.08257,0.0,0.0,0.0
2017-01-06 16:31:00+01:00,0.07732,0.0,0.0,0.0
2017-01-06 16:32:00+01:00,0.08156,0.0,0.0,0.0
2017-01-06 16:33:00+01:00,0.0789,0.0,0.0,0.0
2017-01-06 16:34:00+01:00,0.07813,0.0,0.0,0.0
2017-01-06 16:35:00+01:00,0.0791,0.0,0.0,0.0
2017-01-06 16:36:00+01:00,0.07364,0.0,0.0,0.0
2017-01-06 16:37:00+01:00,0.07083,0.0,0.0,0.0
2017-01-06 16:38:00+01:00,0.07545,0.0,0.0,0.0
2017-01-06 16:39:00+01:00,0.07938,0.0,0.0,0.0
2017-01-06 16:40:00+01:00,0.07931,0.0,0.0,0.0
2017-01-06 16:41:00+01:00,0.08457,0.0,0.0,0.0
2017-01-06 16:42:00+01:00,0.09045,0.0,0.0,0.0
2017-01-06 16:43:00+01:00,0.08588,0.0,0.0,0.0
2017-01-06 16:44:00+01:00,0.08361,0.0,0.0,0.0
2017-01-06 16:45:00+01:00,0.08339,0.0,0.0,0.0
2017-01-06 16:46:00+01:00,0.0966,0.0,0.0,0.0
2017-01-06 16:47:00+01:00,0.09876,0.0,0.0,0.0
2017-01-06 16:48:00+01:00,0.09585,0.0,0.0,0.0
2017-01-06 16:49:00+01:00,0.09576,0.0,0.0,0.0
2017-01-06 16:50:00+01:00,0.09078,0.0,0.0,0.0
2017-01-06 16:51:00+01:00,0.09527,0.0,0.0,0.0
2017-01-06 16:52:00+01:00,0.09678,0.0,0.0,0.0
2017-01-06 16:53:00+01:00,0.09713,0.0,0.0,0.0
2017-01-06 16:54:00+01:00,0.08972,0.0,0.0,0.0
2017-01-06 16:55:00+01:00,0.08424,0.0,0.0,0.0
2017-01-06 16:56:00+01:00,0.08377,0.0,0.0,0.0
2017-01-06 16:57:00+01:00,0.0843,0.0,0.0,0.0
2017-01-06 16:58:00+01:00,0.10505,0.0,0.0,0.0
2017-01-06 16:59:00+01:00,0.09552,0.0,0.0,0.0
2017-01-06 17:00:00+01:00,0.09155,0.0,0.0,0.0
2017-01-06 17:01:00+01:00,0.09202,0.0,0.0,0.0
2017-01-06 17:02:00+01:00,0.08374,0.0,0.0,0.0
2017-01-06 17:03:00+01:00,0.08451,0.0,0.0,0.0
2017-01-06 17:04:00+01:00,0.08421,0.0,0.0,0.0
2017-01-06 17:05:00+01:00,0.08081,0.0,0.0,0.0
2017-01-06 17:06:00+01:00,0.08513,0.0,0.0,0.0
2017-01-06 17:07:00+01:00,0.08129,0.0,0.0,0.0
2017-01-06 17:08:00+01:00,0.08159,0.0,0.0,0.0
2017-01-06 17:09:00+01:00,0.09125,0.0,0.0,0.0
2017-01-06 17:10:00+01:00,0.08622,0.0,0.0,0.0
2017-01-06 17:11:00+01:00,0.07794,0.0,0.0,0.0
2017-01-06 17:12:00+01:00,0.08873,0.0,0.0,0.0
2017-01-06 17:13:00+01:00,0.09624,0.0,0.0,0.0
2017-01-06 17:14:00+01:00,0.08919,0.0,0.0,0.0
2017-01-06 17:15:00+01:00,0.08777,0.0,0.0,0.0
2017-01-06 17:16:00+01:00,0.08622,0.0,0.0,0.0
2017-01-06 17:17:00+01:00,0.08208,0.0,0.0,0.0
2017-01-06 17:18:00+01:00,0.07539,0.0,0.0,0.0
2017-01-06 17:19:00+01:00,0.07985,0.0,0.0,0.0
2017-01-06 17:20:00+01:00,0.08054,0.0,0.0,0.0
2017-01-06 17:21:00+01:00,0.07915,0.0,0.0,0.0
2017-01-06 17:22:00+01:00,0.08375,0.0,0.0,0.0
2017-01-06 17:23:00+01:00,0.08636,0.0,0.0,0.0
2017-01-06 17:24:00+01:00,0.09553,0.0,0.0,0.0
2017-01-06 17:25:00+01:00,0.09612,0.0,0.0,0.0
2017-01-06 17:26:00+01:00,0.09697,0.0,0.0,0.0
2017-01-06 17:27:00+01:00,0.10856,0.0,0.0,0.0
2017-01-06 17:28:00+01:00,0.11768,0.0,0.0,0.0
2017-01-06 17:29:00+01:00,0.11958,0.0,0.0,0.0
2017-01-06 17:30:00+01:00,0.11623,0.0,0.0,0.0
2017-01-06 17:31:00+01:00,0.11042,0.0,0.0,0.0
2017-01-06 17:32:00+01:00,0.11054,0.0,0.0,0.0
2017-01-06 17:33:00+01:00,0.10893,0.0,0.0,0.0
2017-01-06 17:34:00+01:00,0.11569,0.0,0.0,0.0
2017-01-06 17:35:00+01:00,0.11605,0.0,0.0,0.0
2017-01-06 17:36:00+01:00,0.11379,0.0,0.0,0.0
2017-01-06 17:37:00+01:00,0.11573,0.0,0.0,0.0
2017-01-06 17:38:00+01:00,0.10886,0.0,0.0,0.0
2017-01-06 17:39:00+01:00,0.11278,0.0,0.0,0.0
2017-01-06 17:40:00+01:00,0.10076,0.0,0.0,0.0
2017-01-06 17:41:00+01:00,0.09675,0.0,0.0,0.0
2017-01-06 17:42:00+01:00,0.10958,0.0,0.0,0.0
2017-01-06 17:43:00+01:00,0.10883,0.0,0.0,0.0
2017-01-06 17:44:00+01:00,0.11098,0.0,0.0,0.0
2017-01-06 17:45:00+01:00,0.11113,0.0,0.0,0.0
2017-01-06 17:46:00+01:00,0.11612,0.0,0.0,0.0
2017-01-06 17:47:00+01:00,0.11574,0.0,0.0,0.0
2017-01-06 17:48:00+01:00,0.10822,0.0,0.0,0.0
2017-01-06 17:49:00+01:00,0.11018,0.0,0.0,0.0
2017-01-06 17:50:00+01:00,0.10556,0.0,0.0,0.0
2017-01-06 17:51:00+01:00,0.10969,0.0,0.0,0.0
2017-01-06 17:52:00+01:00,0.10875,0.0,0.0,0.0
2017-01-06 17:53:00+01:00,0.10796,0.0,0.0,0.0
2017-01-06 17:54:00+01:00,0.10075,0.0,0.0,0.0
2017-01-06 17:55:00+01:00,0.10025,0.0,0.0,0.0
2017-01-06 17:56:00+01:00,0.10551,0.0,0.0,0.0
2017-01-06 17:57:00+01:00,0.10528,0.0,0.0,0.0
2017-01-06 17:58:00+01:00,0.10659,0.0,0.0,0.0
2017-01-06 17:59:00+01:00,0.10691,0.0,0.0,0.0
2017-01-06 18:00:00+01:00,0.1061,0.0,0.0,0.0
2017-01-06 18:01:00+01:00,0.10677,0.0,0.0,0.0
2017-01-06 18:02:00+01:00,0.1067,0.0,0.0,0.0
2017-01-06 18:03:00+01:00,0.10675,0.0,0.0,0.0
2017-01-06 18:04:00+01:00,0.10361,0.0,0.0,0.0
2017-01-06 18:05:00+01:00,0.09881,0.0,0.0,0.0
2017-01-06 18:06:00+01:00,0.10514,0.0,0.0,0.0
2017-01-06 18:07:00+01:00,0.11253,0.0,0.0,0.0
2017-01-06 18:08:00+01:00,0.11103,0.0,0.0,0.0
2017-01-06 18:09:00+01:00,0.11723,0.0,0.0,0.0
2017-01-06 18:10:00+01:00,0.11101,0.0,0.0,0.0
2017-01-06 18:11:00+01:00,0.11657,0.0,0.0,0.0
2017-01-06 18:12:00+01:00,0.11781,0.0,0.0,0.0
2017-01-06 18:13:00+01:00,0.11147,0.0,0.0,0.0
2017-01-06 18:14:00+01:00,0.11155,0.0,0.0,0.0
2017-01-06 18:15:00+01:00,0.11133,0.0,0.0,0.0
2017-01-06 18:16:00+01:00,0.11766,0.0,0.0,0.0
2017-01-06 18:17:00+01:00,0.12146,0.0,0.0,0.0
2017-01-06 18:18:00+01:00,0.10804,0.0,0.0,0.0
2017-01-06 18:19:00+01:00,0.10221,0.0,0.0,0.0
2017-01-06 18:20:00+01:00,0.10247,0.0,0.0,0.0
2017-01-06 18:21:00+01:00,0.09623,0.0,0.0,0.0
2017-01-06 18:22:00+01:00,0.09364,0.0,0.0,0.0
2017-01-06 18:23:00+01:00,0.10131,0.0,0.0,0.0
2017-01-06 18:24:00+01:00,0.09817,0.0,0.0,0.0
2017-01-06 18:25:00+01:00,0.10794,0.0,0.0,0.0
2017-01-06 18:26:00+01:00,0.11471,0.0,0.0,0.0
2017-01-06 18:27:00+01:00,0.11657,0.0,0.0,0.0
2017-01-06 18:28:00+01:00,0.11628,0.0,0.0,0.0
2017-01-06 18:29:00+01:00,0.12077,0.0,0.0,0.0
2017-01-06 18:30:00+01:00,0.12718,0.0,0.0,0.0
2017-01-06 18:31:00+01:00,0.13441,0.0,0.0,0.0
2017-01-06 18:32:00+01:00,0.13186,0.0,0.0,0.0
2017-01-06 18:33:00+01:00,0.11041,0.0,0.0,0.0
2017-01-06 18:34:00+01:00,0.10851,0.0,0.0,0.0
2017-01-06 18:35:00+01:00,0.10635,0.0,0.0,0.0
2017-01-06 18:36:00+01:00,0.10587,0.0,0.0,0.0
2017-01-06 18:37:00+01:00,0.108,0.0,0.0,0.0
2017-01-06 18:38:00+01:00,0.10212,0.0,0.0,0.0
2017-01-06 18:39:00+01:00,0.10691,0.0,0.0,0.0
2017-01-06 18:40:00+01:00,0.11734,0.0,0.0,0.0
2017-01-06 18:41:00+01:00,0.11671,0.0,0.0,0.0
2017-01-06 18:42:00+01:00,0.11689,0.0,0.0,0.0
2017-01-06 18:43:00+01:00,0.11128,0.0,0.0,0.0
2017-01-06 18:44:00+01:00,0.11046,0.0,0.0,0.0
2017-01-06 18:45:00+01:00,0.10846,0.0,0.0,0.0
2017-01-06 18:46:00+01:00,0.11759,0.0,0.0,0.0
2017-01-06 18:47:00+01:00,0.12398,0.0,0.0,0.0
2017-01-06 18:48:00+01:00,0.12761,0.0,0.0,0.0
2017-01-06 18:49:00+01:00,0.12904,0.0,0.0,0.0
2017-01-06 18:50:00+01:00,0.12208,0.0,0.0,0.0
2017-01-06 18:51:00+01:00,0.12326,0.0,0.0,0.0
2017-01-06 18:52:00+01:00,0.12818,0.0,0.0,0.0
2017-01-06 18:53:00+01:00,0.12739,0.0,0.0,0.0
2017-01-06 18:54:00+01:00,0.1177,0.0,0.0,0.0
2017-01-06 18:55:00+01:00,0.10627,0.0,0.0,0.0
2017-01-06 18:56:00+01:00,0.1041,0.0,0.0,0.0
2017-01-06 18:57:00+01:00,0.1175,0.0,0.0,0.0
2017-01-06 18:58:00+01:00,0.12457,0.0,0.0,0.0
2017-01-06 18:59:00+01:00,0.11917,0.0,0.0,0.0
2017-01-06 19:00:00+01:00,0.10436,0.0,0.0,0.0
2017-01-06 19:01:00+01:00,0.11582,0.0,0.0,0.0
2017-01-06 19:02:00+01:00,0.11804,0.0,0.0,0.0
2017-01-06 19:03:00+01:00,0.11808,0.0,0.0,0.0
2017-01-06 19:04:00+01:00,0.11661,0.0,0.0,0.0
2017-01-06 19:05:00+01:00,0.10548,0.0,0.0,0.0
2017-01-06 19:06:00+01:00,0.10352,0.0,0.0,0.0
2017-01-06 19:07:00+01:00,0.11394,0.0,0.0,0.0
2017-01-06 19:08:00+01:00,0.12347,0.0,0.0,0.0
2017-01-06 19:09:00+01:00,0.12739,0.0,0.0,0.0
2017-01-06 19:10:00+01:00,0.12062,0.0,0.0,0.0
2017-01-06 19:11:00+01:00,0.12219,0.0,0.0,0.0
2017-01-06 19:12:00+01:00,0.13123,0.0,0.0,0.0
2017-01-06 19:13:00+01:00,0.12169,0.0,0.0,0.0
2017-01-06 19:14:00+01:00,0.12129,0.0,0.0,0.0
2017-01-06 19:15:00+01:00,0.12214,0.0,0.0,0.0
2017-01-06 19:16:00+01:00,0.11189,0.0,0.0,0.0
2017-01-06 19:17:00+01:00,0.10534,0.0,0.0,0.0
2017-01-06 19:18:00+01:00,0.09388,0.0,0.0,0.0
2017-01-06 19:19:00+01:00,0.09271,0.0,0.0,0.0
2017-01-06 19:20:00+01:00,0.09811,0.0,0.0,0.0
2017-01-06 19:21:00+01:00,0.09055,0.0,0.0,0.0
2017-01-06 19:22:00+01:00,0.10017,0.0,0.0,0.0
2017-01-06 19:23:00+01:00,0.09425,0.0,0.0,0.0
2017-01-06 19:24:00+01:00,0.10531,0.0,0.0,0.0
2017-01-06 19:25:00+01:00,0.10304,0.0,0.0,0.0
2017-01-06 19:26:00+01:00,0.11127,0.0,0.0,0.0
2017-01-06 19:27:00+01:00,0.1227,0.0,0.0,0.0
2017-01-06 19:28:00+01:00,0.11837,0.0,0.0,0.0
2017-01-06 19:29:00+01:00,0.11072,0.0,0.0,0.0
2017-01-06 19:30:00+01:00,0.10048,0.0,0.0,0.0
2017-01-06 19:31:00+01:00,0.09824,0.0,0.0,0.0
2017-01-06 19:32:00+01:00,0.10508,0.0,0.0,0.0
2017-01-06 19:33:00+01:00,0.10162,0.0,0.0,0.0
2017-01-06 19:34:00+01:00,0.10285,0.0,0.0,0.0
2017-01-06 19:35:00+01:00,0.10198,0.0,0.0,0.0
2017-01-06 19:36:00+01:00,0.1004,0.0,0.0,0.0
2017-01-06 19:37:00+01:00,0.10649,0.0,0.0,0.0
2017-01-06 19:38:00+01:00,0.10535,0.0,0.0,0.0
2017-01-06 19:39:00+01:00,0.09786,0.0,0.0,0.0
2017-01-06 19:40:00+01:00,0.08979,0.0,0.0,0.0
2017-01-06 19:41:00+01:00,0.09251,0.0,0.0,0.0
2017-01-06 19:42:00+01:00,0.09994,0.0,0.0,0.0
2017-01-06 19:43:00+01:00,0.09942,0.0,0.0,0.0
2017-01-06 19:44:00+01:00,0.10662,0.0,0.0,0.0
2017-01-06 19:45:00+01:00,0.10915,0.0,0.0,0.0
2017-01-06 19:46:00+01:00,0.11225,0.0,0.0,0.0
2017-01-06 19:47:00+01:00,0.11687,0.0,0.0,0.0
2017-01-06 19:48:00+01:00,0.11543,0.0,0.0,0.0
2017-01-06 19:49:00+01:00,0.11723,0.0,0.0,0.0
2017-01-06 19:50:00+01:00,0.11531,0.0,0.0,0.0
2017-01-06 19:51:00+01:00,0.11486,0.0,0.0,0.0
2017-01-06 19:52:00+01:00,0.11411,0.0,0.0,0.0
2017-01-06 19:53:00+01:00,0.10707,0.0,0.0,0.0
2017-01-06 19:54:00+01:00,0.11108,0.0,0.0,0.0
2017-01-06 19:55:00+01:00,0.11177,0.0,0.0,0.0
2017-01-06 19:56:00+01:00,0.11101,0.0,0.0,0.0
2017-01-06 19:57:00+01:00,0.10518,0.0,0.0,0.0
2017-01-06 19:58:00+01:00,0.10233,0.0,0.0,0.0
2017-01-06 19:59:00+01:00,0.09918,0.0,0.0,0.0
2017-01-06 20:00:00+01:00,0.0924,0.0,0.0,0.0
2017-01-06 20:01:00+01:00,0.0889,0.0,0.0,0.0
2017-01-06 20:02:00+01:00,0.09164,0.0,0.0,0.0
2017-01-06 20:03:00+01:00,0.09271,0.0,0.0,0.0
2017-01-06 20:04:00+01:00,0.09756,0.0,0.0,0.0
2017-01-06 20:05:00+01:00,0.10194,0.0,0.0,0.0
2017-01-06 20:06:00+01:00,0.09472,0.0,0.0,0.0
2017-01-06 20:07:00+01:00,0.0986,0.0,0.0,0.0
2017-01-06 20:08:00+01:00,0.09832,0.0,0.0,0.0
2017-01-06 20:09:00+01:00,0.10329,0.0,0.0,0.0
2017-01-06 20:10:00+01:00,0.10941,0.0,0.0,0.0
2017-01-06 20:11:00+01:00,0.11648,0.0,0.0,0.0
2017-01-06 20:12:00+01:00,0.11077,0.0,0.0,0.0
2017-01-06 20:13:00+01:00,0.11124,0.0,0.0,0.0
2017-01-06 20:14:00+01:00,0.11564,0.0,0.0,0.0
2017-01-06 20:15:00+01:00,0.11155,0.0,0.0,0.0
2017-01-06 20:16:00+01:00,0.11718,0.0,0.0,0.0
2017-01-06 20:17:00+01:00,0.11663,0.0,0.0,0.0
2017-01-06 20:18:00+01:00,0.11137,0.0,0.0,0.0
2017-01-06 20:19:00+01:00,0.10366,0.0,0.0,0.0
2017-01-06 20:20:00+01:00,0.10049,0.0,0.0,0.0
2017-01-06 20:21:00+01:00,0.09362,0.0,0.0,0.0
2017-01-06 20:22:00+01:00,0.10252,0.0,0.0,0.0
2017-01-06 20:23:00+01:00,0.10835,0.0,0.0,0.0
2017-01-06 20:24:00+01:00,0.10858,0.0,0.0,0.0
2017-01-06 20:25:00+01:00,0.10098,0.0,0.0,0.0
2017-01-06 20:26:00+01:00,0.09536,0.0,0.0,0.0
2017-01-06 20:27:00+01:00,0.09634,0.0,0.0,0.0
2017-01-06 20:28:00+01:00,0.09385,0.0,0.0,0.0
2017-01-06 20:29:00+01:00,0.10238,0.0,0.0,0.0
2017-01-06 20:30:00+01:00,0.10029,0.0,0.0,0.0
2017-01-06 20:31:00+01:00,0.10307,0.0,0.0,0.0
2017-01-06 20:32:00+01:00,0.11297,0.0,0.0,0.0
2017-01-06 20:33:00+01:00,0.11464,0.0,0.0,0.0
2017-01-06 20:34:00+01:00,0.11245,0.0,0.0,0.0
2017-01-06 20:35:00+01:00,0.12003,0.0,0.0,0.0
2017-01-06 20:36:00+01:00,0.13106,0.0,0.0,0.0
2017-01-06 20:37:00+01:00,0.11826,0.0,0.0,0.0
2017-01-06 20:38:00+01:00,0.10891,0.0,0.0,0.0
2017-01-06 20:39:00+01:00,0.10265,0.0,0.0,0.0
2017-01-06 20:40:00+01:00,0.1063,0.0,0.0,0.0
2017-01-06 20:41:00+01:00,0.10439,0.0,0.0,0.0
2017-01-06 20:42:00+01:00,0.10352,0.0,0.0,0.0
2017-01-06 20:43:00+01:00,0.09208,0.0,0.0,0.0
2017-01-06 20:44:00+01:00,0.09297,0.0,0.0,0.0
2017-01-06 20:45:00+01:00,0.09768,0.0,0.0,0.0
2017-01-06 20:46:00+01:00,0.09785,0.0,0.0,0.0
2017-01-06 20:47:00+01:00,0.10316,0.0,0.0,0.0
2017-01-06 20:48:00+01:00,0.09419,0.0,0.0,0.0
2017-01-06 20:49:00+01:00,0.09783,0.0,0.0,0.0
2017-01-06 20:50:00+01:00,0.09562,0.0,0.0,0.0
2017-01-06 20:51:00+01:00,0.10249,0.0,0.0,0.0
2017-01-06 20:52:00+01:00,0.10093,0.0,0.0,0.0
2017-01-06 20:53:00+01:00,0.10109,0.0,0.0,0.0
2017-01-06 20:54:00+01:00,0.09732,0.0,0.0,0.0
2017-01-06 20:55:00+01:00,0.09907,0.0,0.0,0.0
2017-01-06 20:56:00+01:00,0.10355,0.0,0.0,0.0
2017-01-06 20:57:00+01:00,0.10671,0.0,0.0,0.0
2017-01-06 20:58:00+01:00,0.10403,0.0,0.0,0.0
2017-01-06 20:59:00+01:00,0.10047,0.0,0.0,0.0
2017-01-06 21:00:00+01:00,0.09583,0.0,0.0,0.0
2017-01-06 21:01:00+01:00,0.09952,0.0,0.0,0.0
2017-01-06 21:02:00+01:00,0.09332,0.0,0.0,0.0
2017-01-06 21:03:00+01:00,0.09547,0.0,0.0,0.0
2017-01-06 21:04:00+01:00,0.09424,0.0,0.0,0.0
2017-01-06 21:05:00+01:00,0.09133,0.0,0.0,0.0
2017-01-06 21:06:00+01:00,0.09367,0.0,0.0,0.0
2017-01-06 21:07:00+01:00,0.09275,0.0,0.0,0.0
2017-01-06 21:08:00+01:00,0.09723,0.0,0.0,0.0
2017-01-06 21:09:00+01:00,0.10634,0.0,0.0,0.0
2017-01-06 21:10:00+01:00,0.11031,0.0,0.0,0.0
2017-01-06 21:11:00+01:00,0.10549,0.0,0.0,0.0
2017-01-06 21:12:00+01:00,0.11048,0.0,0.0,0.0
2017-01-06 21:13:00+01:00,0.1107,0.0,0.0,0.0
2017-01-06 21:14:00+01:00,0.10585,0.0,0.0,0.0
2017-01-06 21:15:00+01:00,0.10629,0.0,0.0,0.0
2017-01-06 21:16:00+01:00,0.11016,0.0,0.0,0.0
2017-01-06 21:17:00+01:00,0.102,0.0,0.0,0.0
2017-01-06 21:18:00+01:00,0.09985,0.0,0.0,0.0
2017-01-06 21:19:00+01:00,0.08917,0.0,0.0,0.0
2017-01-06 21:20:00+01:00,0.09484,0.0,0.0,0.0
2017-01-06 21:21:00+01:00,0.08663,0.0,0.0,0.0
2017-01-06 21:22:00+01:00,0.08984,0.0,0.0,0.0
2017-01-06 21:23:00+01:00,0.09041,0.0,0.0,0.0
2017-01-06 21:24:00+01:00,0.09548,0.0,0.0,0.0
2017-01-06 21:25:00+01:00,0.08755,0.0,0.0,0.0
2017-01-06 21:26:00+01:00,0.0941,0.0,0.0,0.0
2017-01-06 21:27:00+01:00,0.08943,0.0,0.0,0.0
2017-01-06 21:28:00+01:00,0.08125,0.0,0.0,0.0
2017-01-06 21:29:00+01:00,0.08292,0.0,0.0,0.0
2017-01-06 21:30:00+01:00,0.08224,0.0,0.0,0.0
2017-01-06 21:31:00+01:00,0.08123,0.0,0.0,0.0
2017-01-06 21:32:00+01:00,0.0832,0.0,0.0,0.0
2017-01-06 21:33:00+01:00,0.08369,0.0,0.0,0.0
2017-01-06 21:34:00+01:00,0.07927,0.0,0.0,0.0
2017-01-06 21:35:00+01:00,0.07847,0.0,0.0,0.0
2017-01-06 21:36:00+01:00,0.07923,0.0,0.0,0.0
2017-01-06 21:37:00+01:00,0.0745,0.0,0.0,0.0
2017-01-06 21:38:00+01:00,0.07293,0.0,0.0,0.0
2017-01-06 21:39:00+01:00,0.07405,0.0,0.0,0.0
2017-01-06 21:40:00+01:00,0.06904,0.0,0.0,0.0
2017-01-06 21:41:00+01:00,0.07048,0.0,0.0,0.0
2017-01-06 21:42:00+01:00,0.07113,0.0,0.0,0.0
2017-01-06 21:43:00+01:00,0.07384,0.0,0.0,0.0
2017-01-06 21:44:00+01:00,0.07639,0.0,0.0,0.0
2017-01-06 21:45:00+01:00,0.08009,0.0,0.0,0.0
2017-01-06 21:46:00+01:00,0.07689,0.0,0.0,0.0
2017-01-06 21:47:00+01:00,0.08122,0.0,0.0,0.0
2017-01-06 21:48:00+01:00,0.08537,0.0,0.0,0.0
2017-01-06 21:49:00+01:00,0.08308,0.0,0.0,0.0
2017-01-06 21:50:00+01:00,0.08096,0.0,0.0,0.0
2017-01-06 21:51:00+01:00,0.07531,0.0,0.0,0.0
2017-01-06 21:52:00+01:00,0.08527,0.0,0.0,0.0
2017-01-06 21:53:00+01:00,0.08401,0.0,0.0,0.0
2017-01-06 21:54:00+01:00,0.08014,0.0,0.0,0.0
2017-01-06 21:55:00+01:00,0.07514,0.0,0.0,0.0
2017-01-06 21:56:00+01:00,0.07203,0.0,0.0,0.0
2017-01-06 21:57:00+01:00,0.08274,0.0,0.0,0.0
2017-01-06 21:58:00+01:00,0.08158,0.0,0.0,0.0
2017-01-06 21:59:00+01:00,0.07803,0.0,0.0,0.0
2017-01-06 22:00:00+01:00,0.07675,0.0,0.0,0.0
2017-01-06 22:01:00+01:00,0.07435,0.0,0.0,0.0
2017-01-06 22:02:00+01:00,0.07589,0.0,0.0,0.0
2017-01-06 22:03:00+01:00,0.07816,0.0,0.0,0.0
2017-01-06 22:04:00+01:00,0.08393,0.0,0.0,0.0
2017-01-06 22:05:00+01:00,0.08396,0.0,0.0,0.0
2017-01-06 22:06:00+01:00,0.07815,0.0,0.0,0.0
2017-01-06 22:07:00+01:00,0.07729,0.0,0.0,0.0
2017-01-06 22:08:00+01:00,0.08313,0.0,0.0,0.0
2017-01-06 22:09:00+01:00,0.08454,0.0,0.0,0.0
2017-01-06 22:10:00+01:00,0.07613,0.0,0.0,0.0
2017-01-06 22:11:00+01:00,0.07617,0.0,0.0,0.0
2017-01-06 22:12:00+01:00,0.07535,0.0,0.0,0.0
2017-01-06 22:13:00+01:00,0.07715,0.0,0.0,0.0
2017-01-06 22:14:00+01:00,0.08032,0.0,0.0,0.0
2017-01-06 22:15:00+01:00,0.08606,0.0,0.0,0.0
2017-01-06 22:16:00+01:00,0.08781,0.0,0.0,0.0
2017-01-06 22:17:00+01:00,0.08441,0.0,0.0,0.0
2017-01-06 22:18:00+01:00,0.07797,0.0,0.0,0.0
2017-01-06 22:19:00+01:00,0.08075,0.0,0.0,0.0
2017-01-06 22:20:00+01:00,0.0821,0.0,0.0,0.0
2017-01-06 22:21:00+01:00,0.07388,0.0,0.0,0.0
2017-01-06 22:22:00+01:00,0.07802,0.0,0.0,0.0
2017-01-06 22:23:00+01:00,0.07514,0.0,0.0,0.0
2017-01-06 22:24:00+01:00,0.07596,0.0,0.0,0.0
2017-01-06 22:25:00+01:00,0.06977,0.0,0.0,0.0
2017-01-06 22:26:00+01:00,0.06466,0.0,0.0,0.0
2017-01-06 22:27:00+01:00,0.06935,0.0,0.0,0.0
2017-01-06 22:28:00+01:00,0.06781,0.0,0.0,0.0
2017-01-06 22:29:00+01:00,0.07146,0.0,0.0,0.0
2017-01-06 22:30:00+01:00,0.06638,0.0,0.0,0.0
2017-01-06 22:31:00+01:00,0.07208,0.0,0.0,0.0
2017-01-06 22:32:00+01:00,0.07933,0.0,0.0,0.0
2017-01-06 22:33:00+01:00,0.08146,0.0,0.0,0.0
2017-01-06 22:34:00+01:00,0.0785,0.0,0.0,0.0
2017-01-06 22:35:00+01:00,0.07699,0.0,0.0,0.0
2017-01-06 22:36:00+01:00,0.06796,0.0,0.0,0.0
2017-01-06 22:37:00+01:00,0.06094,0.0,0.0,0.0
2017-01-06 22:38:00+01:00,0.07036,0.0,0.0,0.0
2017-01-06 22:39:00+01:00,0.06698,0.0,0.0,0.0
2017-01-06 22:40:00+01:00,0.06155,0.0,0.0,0.0
2017-01-06 22:41:00+01:00,0.06214,0.0,0.0,0.0
2017-01-06 22:42:00+01:00,0.06061,0.0,0.0,0.0
2017-01-06 22:43:00+01:00,0.05734,0.0,0.0,0.0
2017-01-06 22:44:00+01:00,0.05362,0.0,0.0,0.0
2017-01-06 22:45:00+01:00,0.05405,0.0,0.0,0.0
2017-01-06 22:46:00+01:00,0.05792,0.0,0.0,0.0
2017-01-06 22:47:00+01:00,0.06338,0.0,0.0,0.0
2017-01-06 22:48:00+01:00,0.06452,0.0,0.0,0.0
2017-01-06 22:49:00+01:00,0.06302,0.0,0.0,0.0
2017-01-06 22:50:00+01:00,0.06904,0.0,0.0,0.0
2017-01-06 22:51:00+01:00,0.06969,0.0,0.0,0.0
2017-01-06 22:52:00+01:00,0.06637,0.0,0.0,0.0
2017-01-06 22:53:00+01:00,0.06603,0.0,0.0,0.0
2017-01-06 22:54:00+01:00,0.06519,0.0,0.0,0.0
2017-01-06 22:55:00+01:00,0.065,0.0,0.0,0.0
2017-01-06 22:56:00+01:00,0.06539,0.0,0.0,0.0
2017-01-06 22:57:00+01:00,0.0609,0.0,0.0,0.0
2017-01-06 22:58:00+01:00,0.06558,0.0,0.0,0.0
2017-01-06 22:59:00+01:00,0.06525,0.0,0.0,0.0
2017-01-06 23:00:00+01:00,0.05858,0.0,0.0,0.0
2017-01-06 23:01:00+01:00,0.07016,0.0,0.0,0.0
2017-01-06 23:02:00+01:00,0.07164,0.0,0.0,0.0
2017-01-06 23:03:00+01:00,0.06311,0.0,0.0,0.0
2017-01-06 23:04:00+01:00,0.06294,0.0,0.0,0.0
2017-01-06 23:05:00+01:00,0.06298,0.0,0.0,0.0
2017-01-06 23:06:00+01:00,0.05379,0.0,0.0,0.0
2017-01-06 23:07:00+01:00,0.0487,0.0,0.0,0.0
2017-01-06 23:08:00+01:00,0.04711,0.0,0.0,0.0
2017-01-06 23:09:00+01:00,0.05448,0.0,0.0,0.0
2017-01-06 23:10:00+01:00,0.05443,0.0,0.0,0.0
2017-01-06 23:11:00+01:00,0.04826,0.0,0.0,0.0
2017-01-06 23:12:00+01:00,0.04802,0.0,0.0,0.0
2017-01-06 23:13:00+01:00,0.05269,0.0,0.0,0.0
2017-01-06 23:14:00+01:00,0.05622,0.0,0.0,0.0
2017-01-06 23:15:00+01:00,0.05435,0.0,0.0,0.0
2017-01-06 23:16:00+01:00,0.05814,0.0,0.0,0.0
2017-01-06 23:17:00+01:00,0.05605,0.0,0.0,0.0
2017-01-06 23:18:00+01:00,0.05428,0.0,0.0,0.0
2017-01-06 23:19:00+01:00,0.05554,0.0,0.0,0.0
2017-01-06 23:20:00+01:00,0.05145,0.0,0.0,0.0
2017-01-06 23:21:00+01:00,0.05097,0.0,0.0,0.0
2017-01-06 23:22:00+01:00,0.04819,0.0,0.0,0.0
2017-01-06 23:23:00+01:00,0.05063,0.0,0.0,0.0
2017-01-06 23:24:00+01:00,0.05452,0.0,0.0,0.0
2017-01-06 23:25:00+01:00,0.05725,0.0,0.0,0.0
2017-01-06 23:26:00+01:00,0.05743,0.0,0.0,0.0
2017-01-06 23:27:00+01:00,0.05788,0.0,0.0,0.0
2017-01-06 23:28:00+01:00,0.05851,0.0,0.0,0.0
2017-01-06 23:29:00+01:00,0.06417,0.0,0.0,0.0
2017-01-06 23:30:00+01:00,0.05866,0.0,0.0,0.0
2017-01-06 23:31:00+01:00,0.05464,0.0,0.0,0.0
2017-01-06 23:32:00+01:00,0.05148,0.0,0.0,0.0
2017-01-06 23:33:00+01:00,0.04879,0.0,0.0,0.0
2017-01-06 23:34:00+01:00,0.04888,0.0,0.0,0.0
2017-01-06 23:35:00+01:00,0.05167,0.0,0.0,0.0
2017-01-06 23:36:00+01:00,0.05326,0.0,0.0,0.0
2017-01-06 23:37:00+01:00,0.05392,0.0,0.0,0.0
2017-01-06 23:38:00+01:00,0.05869,0.0,0.0,0.0
2017-01-06 23:39:00+01:00,0.05785,0.0,0.0,0.0
2017-01-06 23:40:00+01:00,0.05723,0.0,0.0,0.0
2017-01-06 23:41:00+01:00,0.05597,0.0,0.0,0.0
2017-01-06 23:42:00+01:00,0.04971,0.0,0.0,0.0
2017-01-06 23:43:00+01:00,0.04738,0.0,0.0,0.0
2017-01-06 23:44:00+01:00,0.05236,0.0,0.0,0.0
2017-01-06 23:45:00+01:00,0.05209,0.0,0.0,0.0
2017-01-06 23:46:00+01:00,0.04749,0.0,0.0,0.0
2017-01-06 23:47:00+01:00,0.04648,0.0,0.0,0.0
2017-01-06 23:48:00+01:00,0.0446,0.0,0.0,0.0
2017-01-06 23:49:00+01:00,0.04418,0.0,0.0,0.0
2017-01-06 23:50:00+01:00,0.04473,0.0,0.0,0.0
2017-01-06 23:51:00+01:00,0.04785,0.0,0.0,0.0
2017-01-06 23:52:00+01:00,0.04759,0.0,0.0,0.0
2017-01-06 23:53:00+01:00,0.05029,0.0,0.0,0.0
2017-01-06 23:54:00+01:00,0.04878,0.0,0.0,0.0
2017-01-06 23:55:00+01:00,0.04778,0.0,0.0,0.0
2017-01-06 23:56:00+01:00,0.05142,0.0,0.0,0.0
2017-01-06 23:57:00+01:00,0.05474,0.0,0.0,0.0
2017-01-06 23:58:00+01:00,0.05298,0.0,0.0,0.0
2017-01-06 23:59:00+01:00,0.05088,0.0,0.0,0.0
2017-01-07 00:00:00+01:00,0.04791,0.0,0.0,0.0
2017-01-07 00:01:00+01:00,0.05021,0.0,0.0,0.0
2017-01-07 00:02:00+01:00,0.054,0.0,0.0,0.0
2017-01-07 00:03:00+01:00,0.05053,0.0,0.0,0.0
2017-01-07 00:04:00+01:00,0.04535,0.0,0.0,0.0
2017-01-07 00:05:00+01:00,0.04305,0.0,0.0,0.0
2017-01-07 00:06:00+01:00,0.04384,0.0,0.0,0.0
2017-01-07 00:07:00+01:00,0.04579,0.0,0.0,0.0
2017-01-07 00:08:00+01:00,0.04973,0.0,0.0,0.0
2017-01-07 00:09:00+01:00,0.04799,0.0,0.0,0.0
2017-01-07 00:10:00+01:00,0.04606,0.0,0.0,0.0
2017-01-07 00:11:00+01:00,0.04618,0.0,0.0,0.0
2017-01-07 00:12:00+01:00,0.04809,0.0,0.0,0.0
2017-01-07 00:13:00+01:00,0.04921,0.0,0.0,0.0
2017-01-07 00:14:00+01:00,0.04859,0.0,0.0,0.0
2017-01-07 00:15:00+01:00,0.05134,0.0,0.0,0.0
2017-01-07 00:16:00+01:00,0.04419,0.0,0.0,0.0
2017-01-07 00:17:00+01:00,0.05685,0.0,0.0,0.0
2017-01-07 00:18:00+01:00,0.05233,0.0,0.0,0.0
2017-01-07 00:19:00+01:00,0.05165,0.0,0.0,0.0
2017-01-07 00:20:00+01:00,0.05006,0.0,0.0,0.0
2017-01-07 00:21:00+01:00,0.04461,0.0,0.0,0.0
2017-01-07 00:22:00+01:00,0.03856,0.0,0.0,0.0
2017-01-07 00:23:00+01:00,0.04554,0.0,0.0,0.0
2017-01-07 00:24:00+01:00,0.04359,0.0,0.0,0.0
2017-01-07 00:25:00+01:00,0.03714,0.0,0.0,0.0
2017-01-07 00:26:00+01:00,0.04263,0.0,0.0,0.0
2017-01-07 00:27:00+01:00,0.04131,0.0,0.0,0.0
2017-01-07 00:28:00+01:00,0.04041,0.0,0.0,0.0
2017-01-07 00:29:00+01:00,0.0395,0.0,0.0,0.0
2017-01-07 00:30:00+01:00,0.03961,0.0,0.0,0.0
2017-01-07 00:31:00+01:00,0.03968,0.0,0.0,0.0
2017-01-07 00:32:00+01:00,0.03961,0.0,0.0,0.0
2017-01-07 00:33:00+01:00,0.03597,0.0,0.0,0.0
2017-01-07 00:34:00+01:00,0.03697,0.0,0.0,0.0
2017-01-07 00:35:00+01:00,0.03603,0.0,0.0,0.0
2017-01-07 00:36:00+01:00,0.03508,0.0,0.0,0.0
2017-01-07 00:37:00+01:00,0.03812,0.0,0.0,0.0
2017-01-07 00:38:00+01:00,0.03735,0.0,0.0,0.0
2017-01-07 00:39:00+01:00,0.03795,0.0,0.0,0.0
2017-01-07 00:40:00+01:00,0.03671,0.0,0.0,0.0
2017-01-07 00:41:00+01:00,0.03818,0.0,0.0,0.0
2017-01-07 00:42:00+01:00,0.03901,0.0,0.0,0.0
2017-01-07 00:43:00+01:00,0.03981,0.0,0.0,0.0
2017-01-07 00:44:00+01:00,0.03807,0.0,0.0,0.0
2017-01-07 00:45:00+01:00,0.0375,0.0,0.0,0.0
2017-01-07 00:46:00+01:00,0.03776,0.0,0.0,0.0
2017-01-07 00:47:00+01:00,0.03784,0.0,0.0,0.0
2017-01-07 00:48:00+01:00,0.03775,0.0,0.0,0.0
2017-01-07 00:49:00+01:00,0.03631,0.0,0.0,0.0
2017-01-07 00:50:00+01:00,0.03671,0.0,0.0,0.0
2017-01-07 00:51:00+01:00,0.03907,0.0,0.0,0.0
2017-01-07 00:52:00+01:00,0.04185,0.0,0.0,0.0
2017-01-07 00:53:00+01:00,0.03899,0.0,0.0,0.0
2017-01-07 00:54:00+01:00,0.03709,0.0,0.0,0.0
2017-01-07 00:55:00+01:00,0.03634,0.0,0.0,0.0
2017-01-07 00:56:00+01:00,0.03576,0.0,0.0,0.0
2017-01-07 00:57:00+01:00,0.03578,0.0,0.0,0.0
2017-01-07 00:58:00+01:00,0.03596,0.0,0.0,0.0
2017-01-07 00:59:00+01:00,0.0352,0.0,0.0,0.0
2017-01-07 01:00:00+01:00,0.03609,0.0,0.0,0.0
2017-01-07 01:01:00+01:00,0.03449,0.0,0.0,0.0
2017-01-07 01:02:00+01:00,0.03216,0.0,0.0,0.0
2017-01-07 01:03:00+01:00,0.03359,0.0,0.0,0.0
2017-01-07 01:04:00+01:00,0.03558,0.0,0.0,0.0
2017-01-07 01:05:00+01:00,0.03504,0.0,0.0,0.0
2017-01-07 01:06:00+01:00,0.03383,0.0,0.0,0.0
2017-01-07 01:07:00+01:00,0.03572,0.0,0.0,0.0
2017-01-07 01:08:00+01:00,0.03529,0.0,0.0,0.0
2017-01-07 01:09:00+01:00,0.03536,0.0,0.0,0.0
2017-01-07 01:10:00+01:00,0.03848,0.0,0.0,0.0
2017-01-07 01:11:00+01:00,0.03589,0.0,0.0,0.0
2017-01-07 01:12:00+01:00,0.04423,0.0,0.0,0.0
2017-01-07 01:13:00+01:00,0.03987,0.0,0.0,0.0
2017-01-07 01:14:00+01:00,0.03794,0.0,0.0,0.0
2017-01-07 01:15:00+01:00,0.03658,0.0,0.0,0.0
2017-01-07 01:16:00+01:00,0.03801,0.0,0.0,0.0
2017-01-07 01:17:00+01:00,0.03913,0.0,0.0,0.0
2017-01-07 01:18:00+01:00,0.04267,0.0,0.0,0.0
2017-01-07 01:19:00+01:00,0.04234,0.0,0.0,0.0
2017-01-07 01:20:00+01:00,0.04413,0.0,0.0,0.0
2017-01-07 01:21:00+01:00,0.03901,0.0,0.0,0.0
2017-01-07 01:22:00+01:00,0.03955,0.0,0.0,0.0
2017-01-07 01:23:00+01:00,0.04075,0.0,0.0,0.0
2017-01-07 01:24:00+01:00,0.03926,0.0,0.0,0.0
2017-01-07 01:25:00+01:00,0.03864,0.0,0.0,0.0
2017-01-07 01:26:00+01:00,0.04074,0.0,0.0,0.0
2017-01-07 01:27:00+01:00,0.03657,0.0,0.0,0.0
2017-01-07 01:28:00+01:00,0.03797,0.0,0.0,0.0
2017-01-07 01:29:00+01:00,0.03672,0.0,0.0,0.0
2017-01-07 01:30:00+01:00,0.03816,0.0,0.0,0.0
2017-01-07 01:31:00+01:00,0.03864,0.0,0.0,0.0
2017-01-07 01:32:00+01:00,0.03454,0.0,0.0,0.0
2017-01-07 01:33:00+01:00,0.0377,0.0,0.0,0.0
2017-01-07 01:34:00+01:00,0.03582,0.0,0.0,0.0
2017-01-07 01:35:00+01:00,0.03369,0.0,0.0,0.0
2017-01-07 01:36:00+01:00,0.03326,0.0,0.0,0.0
2017-01-07 01:37:00+01:00,0.03544,0.0,0.0,0.0
2017-01-07 01:38:00+01:00,0.03211,0.0,0.0,0.0
2017-01-07 01:39:00+01:00,0.03445,0.0,0.0,0.0
2017-01-07 01:40:00+01:00,0.03167,0.0,0.0,0.0
2017-01-07 01:41:00+01:00,0.0336,0.0,0.0,0.0
2017-01-07 01:42:00+01:00,0.03254,0.0,0.0,0.0
2017-01-07 01:43:00+01:00,0.03093,0.0,0.0,0.0
2017-01-07 01:44:00+01:00,0.03355,0.0,0.0,0.0
2017-01-07 01:45:00+01:00,0.03416,0.0,0.0,0.0
2017-01-07 01:46:00+01:00,0.03545,0.0,0.0,0.0
2017-01-07 01:47:00+01:00,0.03559,0.0,0.0,0.0
2017-01-07 01:48:00+01:00,0.03563,0.0,0.0,0.0
2017-01-07 01:49:00+01:00,0.04043,0.0,0.0,0.0
2017-01-07 01:50:00+01:00,0.03638,0.0,0.0,0.0
2017-01-07 01:51:00+01:00,0.03617,0.0,0.0,0.0
2017-01-07 01:52:00+01:00,0.03718,0.0,0.0,0.0
2017-01-07 01:53:00+01:00,0.03724,0.0,0.0,0.0
2017-01-07 01:54:00+01:00,0.04215,0.0,0.0,0.0
2017-01-07 01:55:00+01:00,0.03803,0.0,0.0,0.0
2017-01-07 01:56:00+01:00,0.03501,0.0,0.0,0.0
2017-01-07 01:57:00+01:00,0.03482,0.0,0.0,0.0
2017-01-07 01:58:00+01:00,0.03452,0.0,0.0,0.0
2017-01-07 01:59:00+01:00,0.0342,0.0,0.0,0.0
2017-01-07 02:00:00+01:00,0.03408,0.0,0.0,0.0
2017-01-07 02:01:00+01:00,0.03362,0.0,0.0,0.0
2017-01-07 02:02:00+01:00,0.03454,0.0,0.0,0.0
2017-01-07 02:03:00+01:00,0.03738,0.0,0.0,0.0
2017-01-07 02:04:00+01:00,0.03863,0.0,0.0,0.0
2017-01-07 02:05:00+01:00,0.03693,0.0,0.0,0.0
2017-01-07 02:06:00+01:00,0.03813,0.0,0.0,0.0
2017-01-07 02:07:00+01:00,0.03874,0.0,0.0,0.0
2017-01-07 02:08:00+01:00,0.03896,0.0,0.0,0.0
2017-01-07 02:09:00+01:00,0.03804,0.0,0.0,0.0
2017-01-07 02:10:00+01:00,0.03594,0.0,0.0,0.0
2017-01-07 02:11:00+01:00,0.03568,0.0,0.0,0.0
2017-01-07 02:12:00+01:00,0.03637,0.0,0.0,0.0
2017-01-07 02:13:00+01:00,0.03647,0.0,0.0,0.0
2017-01-07 02:14:00+01:00,0.0349,0.0,0.0,0.0
2017-01-07 02:15:00+01:00,0.03417,0.0,0.0,0.0
2017-01-07 02:16:00+01:00,0.03423,0.0,0.0,0.0
2017-01-07 02:17:00+01:00,0.03368,0.0,0.0,0.0
2017-01-07 02:18:00+01:00,0.03563,0.0,0.0,0.0
2017-01-07 02:19:00+01:00,0.03737,0.0,0.0,0.0
2017-01-07 02:20:00+01:00,0.03681,0.0,0.0,0.0
2017-01-07 02:21:00+01:00,0.03827,0.0,0.0,0.0
2017-01-07 02:22:00+01:00,0.03929,0.0,0.0,0.0
2017-01-07 02:23:00+01:00,0.03943,0.0,0.0,0.0
2017-01-07 02:24:00+01:00,0.0407,0.0,0.0,0.0
2017-01-07 02:25:00+01:00,0.03934,0.0,0.0,0.0
2017-01-07 02:26:00+01:00,0.03801,0.0,0.0,0.0
2017-01-07 02:27:00+01:00,0.03672,0.0,0.0,0.0
2017-01-07 02:28:00+01:00,0.03516,0.0,0.0,0.0
2017-01-07 02:29:00+01:00,0.03504,0.0,0.0,0.0
2017-01-07 02:30:00+01:00,0.03463,0.0,0.0,0.0
2017-01-07 02:31:00+01:00,0.03718,0.0,0.0,0.0
2017-01-07 02:32:00+01:00,0.03391,0.0,0.0,0.0
2017-01-07 02:33:00+01:00,0.03191,0.0,0.0,0.0
2017-01-07 02:34:00+01:00,0.03625,0.0,0.0,0.0
2017-01-07 02:35:00+01:00,0.03578,0.0,0.0,0.0
2017-01-07 02:36:00+01:00,0.03508,0.0,0.0,0.0
2017-01-07 02:37:00+01:00,0.03523,0.0,0.0,0.0
2017-01-07 02:38:00+01:00,0.03355,0.0,0.0,0.0
2017-01-07 02:39:00+01:00,0.03225,0.0,0.0,0.0
2017-01-07 02:40:00+01:00,0.03033,0.0,0.0,0.0
2017-01-07 02:41:00+01:00,0.03098,0.0,0.0,0.0
2017-01-07 02:42:00+01:00,0.03274,0.0,0.0,0.0
2017-01-07 02:43:00+01:00,0.03068,0.0,0.0,0.0
2017-01-07 02:44:00+01:00,0.03045,0.0,0.0,0.0
2017-01-07 02:45:00+01:00,0.03179,0.0,0.0,0.0
2017-01-07 02:46:00+01:00,0.03149,0.0,0.0,0.0
2017-01-07 02:47:00+01:00,0.03439,0.0,0.0,0.0
2017-01-07 02:48:00+01:00,0.03671,0.0,0.0,0.0
2017-01-07 02:49:00+01:00,0.03135,0.0,0.0,0.0
2017-01-07 02:50:00+01:00,0.0314,0.0,0.0,0.0
2017-01-07 02:51:00+01:00,0.0345,0.0,0.0,0.0
2017-01-07 02:52:00+01:00,0.03545,0.0,0.0,0.0
2017-01-07 02:53:00+01:00,0.03235,0.0,0.0,0.0
2017-01-07 02:54:00+01:00,0.03094,0.0,0.0,0.0
2017-01-07 02:55:00+01:00,0.03418,0.0,0.0,0.0
2017-01-07 02:56:00+01:00,0.03579,0.0,0.0,0.0
2017-01-07 02:57:00+01:00,0.03345,0.0,0.0,0.0
2017-01-07 02:58:00+01:00,0.031,0.0,0.0,0.0
2017-01-07 02:59:00+01:00,0.03175,0.0,0.0,0.0
2017-01-07 03:00:00+01:00,0.03214,0.0,0.0,0.0
2017-01-07 03:01:00+01:00,0.03525,0.0,0.0,0.0
2017-01-07 03:02:00+01:00,0.03409,0.0,0.0,0.0
2017-01-07 03:03:00+01:00,0.02946,0.0,0.0,0.0
2017-01-07 03:04:00+01:00,0.02897,0.0,0.0,0.0
2017-01-07 03:05:00+01:00,0.02871,0.0,0.0,0.0
2017-01-07 03:06:00+01:00,0.02899,0.0,0.0,0.0
2017-01-07 03:07:00+01:00,0.02923,0.0,0.0,0.0
2017-01-07 03:08:00+01:00,0.02955,0.0,0.0,0.0
2017-01-07 03:09:00+01:00,0.03144,0.0,0.0,0.0
2017-01-07 03:10:00+01:00,0.0306,0.0,0.0,0.0
2017-01-07 03:11:00+01:00,0.03214,0.0,0.0,0.0
2017-01-07 03:12:00+01:00,0.03031,0.0,0.0,0.0
2017-01-07 03:13:00+01:00,0.03033,0.0,0.0,0.0
2017-01-07 03:14:00+01:00,0.03045,0.0,0.0,0.0
2017-01-07 03:15:00+01:00,0.02943,0.0,0.0,0.0
2017-01-07 03:16:00+01:00,0.02966,0.0,0.0,0.0
2017-01-07 03:17:00+01:00,0.03229,0.0,0.0,0.0
2017-01-07 03:18:00+01:00,0.03365,0.0,0.0,0.0
2017-01-07 03:19:00+01:00,0.03376,0.0,0.0,0.0
2017-01-07 03:20:00+01:00,0.03412,0.0,0.0,0.0
2017-01-07 03:21:00+01:00,0.03568,0.0,0.0,0.0
2017-01-07 03:22:00+01:00,0.03813,0.0,0.0,0.0
2017-01-07 03:23:00+01:00,0.03824,0.0,0.0,0.0
2017-01-07 03:24:00+01:00,0.03598,0.0,0.0,0.0
2017-01-07 03:25:00+01:00,0.03244,0.0,0.0,0.0
2017-01-07 03:26:00+01:00,0.03282,0.0,0.0,0.0
2017-01-07 03:27:00+01:00,0.0338,0.0,0.0,0.0
2017-01-07 03:28:00+01:00,0.03232,0.0,0.0,0.0
2017-01-07 03:29:00+01:00,0.03117,0.0,0.0,0.0
2017-01-07 03:30:00+01:00,0.03128,0.0,0.0,0.0
2017-01-07 03:31:00+01:00,0.03062,0.0,0.0,0.0
2017-01-07 03:32:00+01:00,0.03127,0.0,0.0,0.0
2017-01-07 03:33:00+01:00,0.03131,0.0,0.0,0.0
2017-01-07 03:34:00+01:00,0.03038,0.0,0.0,0.0
2017-01-07 03:35:00+01:00,0.02986,0.0,0.0,0.0
2017-01-07 03:36:00+01:00,0.03003,0.0,0.0,0.0
2017-01-07 03:37:00+01:00,0.03061,0.0,0.0,0.0
2017-01-07 03:38:00+01:00,0.03362,0.0,0.0,0.0
2017-01-07 03:39:00+01:00,0.0355,0.0,0.0,0.0
2017-01-07 03:40:00+01:00,0.03549,0.0,0.0,0.0
2017-01-07 03:41:00+01:00,0.03676,0.0,0.0,0.0
2017-01-07 03:42:00+01:00,0.03082,0.0,0.0,0.0
2017-01-07 03:43:00+01:00,0.02801,0.0,0.0,0.0
2017-01-07 03:44:00+01:00,0.0274,0.0,0.0,0.0
2017-01-07 03:45:00+01:00,0.03147,0.0,0.0,0.0
2017-01-07 03:46:00+01:00,0.0318,0.0,0.0,0.0
2017-01-07 03:47:00+01:00,0.03004,0.0,0.0,0.0
2017-01-07 03:48:00+01:00,0.02951,0.0,0.0,0.0
2017-01-07 03:49:00+01:00,0.0298,0.0,0.0,0.0
2017-01-07 03:50:00+01:00,0.03278,0.0,0.0,0.0
2017-01-07 03:51:00+01:00,0.03502,0.0,0.0,0.0
2017-01-07 03:52:00+01:00,0.02839,0.0,0.0,0.0
2017-01-07 03:53:00+01:00,0.02789,0.0,0.0,0.0
2017-01-07 03:54:00+01:00,0.0293,0.0,0.0,0.0
2017-01-07 03:55:00+01:00,0.03342,0.0,0.0,0.0
2017-01-07 03:56:00+01:00,0.03443,0.0,0.0,0.0
2017-01-07 03:57:00+01:00,0.0341,0.0,0.0,0.0
2017-01-07 03:58:00+01:00,0.036,0.0,0.0,0.0
2017-01-07 03:59:00+01:00,0.03404,0.0,0.0,0.0
2017-01-07 04:00:00+01:00,0.03405,0.0,0.0,0.0
2017-01-07 04:01:00+01:00,0.0351,0.0,0.0,0.0
2017-01-07 04:02:00+01:00,0.03496,0.0,0.0,0.0
2017-01-07 04:03:00+01:00,0.03157,0.0,0.0,0.0
2017-01-07 04:04:00+01:00,0.03473,0.0,0.0,0.0
2017-01-07 04:05:00+01:00,0.03583,0.0,0.0,0.0
2017-01-07 04:06:00+01:00,0.04201,0.0,0.0,0.0
2017-01-07 04:07:00+01:00,0.03651,0.0,0.0,0.0
2017-01-07 04:08:00+01:00,0.03371,0.0,0.0,0.0
2017-01-07 04:09:00+01:00,0.03265,0.0,0.0,0.0
2017-01-07 04:10:00+01:00,0.0329,0.0,0.0,0.0
2017-01-07 04:11:00+01:00,0.03388,0.0,0.0,0.0
2017-01-07 04:12:00+01:00,0.03378,0.0,0.0,0.0
2017-01-07 04:13:00+01:00,0.03371,0.0,0.0,0.0
2017-01-07 04:14:00+01:00,0.03499,0.0,0.0,0.0
2017-01-07 04:15:00+01:00,0.03661,0.0,0.0,0.0
2017-01-07 04:16:00+01:00,0.03256,0.0,0.0,0.0
2017-01-07 04:17:00+01:00,0.03068,0.0,0.0,0.0
2017-01-07 04:18:00+01:00,0.03189,0.0,0.0,0.0
2017-01-07 04:19:00+01:00,0.03274,0.0,0.0,0.0
2017-01-07 04:20:00+01:00,0.03287,0.0,0.0,0.0
2017-01-07 04:21:00+01:00,0.03171,0.0,0.0,0.0
2017-01-07 04:22:00+01:00,0.0322,0.0,0.0,0.0
2017-01-07 04:23:00+01:00,0.03099,0.0,0.0,0.0
2017-01-07 04:24:00+01:00,0.03099,0.0,0.0,0.0
2017-01-07 04:25:00+01:00,0.03601,0.0,0.0,0.0
2017-01-07 04:26:00+01:00,0.03705,0.0,0.0,0.0
2017-01-07 04:27:00+01:00,0.03934,0.0,0.0,0.0
2017-01-07 04:28:00+01:00,0.03543,0.0,0.0,0.0
2017-01-07 04:29:00+01:00,0.03419,0.0,0.0,0.0
2017-01-07 04:30:00+01:00,0.03463,0.0,0.0,0.0
2017-01-07 04:31:00+01:00,0.03445,0.0,0.0,0.0
2017-01-07 04:32:00+01:00,0.03525,0.0,0.0,0.0
2017-01-07 04:33:00+01:00,0.03383,0.0,0.0,0.0
2017-01-07 04:34:00+01:00,0.03699,0.0,0.0,0.0
2017-01-07 04:35:00+01:00,0.04027,0.0,0.0,0.0
2017-01-07 04:36:00+01:00,0.03605,0.0,0.0,0.0
2017-01-07 04:37:00+01:00,0.03622,0.0,0.0,0.0
2017-01-07 04:38:00+01:00,0.03754,0.0,0.0,0.0
2017-01-07 04:39:00+01:00,0.03614,0.0,0.0,0.0
2017-01-07 04:40:00+01:00,0.0395,0.0,0.0,0.0
2017-01-07 04:41:00+01:00,0.03274,0.0,0.0,0.0
2017-01-07 04:42:00+01:00,0.03082,0.0,0.0,0.0
2017-01-07 04:43:00+01:00,0.03197,0.0,0.0,0.0
2017-01-07 04:44:00+01:00,0.03222,0.0,0.0,0.0
2017-01-07 04:45:00+01:00,0.03466,0.0,0.0,0.0
2017-01-07 04:46:00+01:00,0.03403,0.0,0.0,0.0
2017-01-07 04:47:00+01:00,0.03184,0.0,0.0,0.0
2017-01-07 04:48:00+01:00,0.03326,0.0,0.0,0.0
2017-01-07 04:49:00+01:00,0.03458,0.0,0.0,0.0
2017-01-07 04:50:00+01:00,0.03467,0.0,0.0,0.0
2017-01-07 04:51:00+01:00,0.03397,0.0,0.0,0.0
2017-01-07 04:52:00+01:00,0.03323,0.0,0.0,0.0
2017-01-07 04:53:00+01:00,0.03526,0.0,0.0,0.0
2017-01-07 04:54:00+01:00,0.03632,0.0,0.0,0.0
2017-01-07 04:55:00+01:00,0.03332,0.0,0.0,0.0
2017-01-07 04:56:00+01:00,0.02907,0.0,0.0,0.0
2017-01-07 04:57:00+01:00,0.02907,0.0,0.0,0.0
2017-01-07 04:58:00+01:00,0.03403,0.0,0.0,0.0
2017-01-07 04:59:00+01:00,0.0366,0.0,0.0,0.0
2017-01-07 05:00:00+01:00,0.03555,0.0,0.0,0.0
2017-01-07 05:01:00+01:00,0.03272,0.0,0.0,0.0
2017-01-07 05:02:00+01:00,0.0338,0.0,0.0,0.0
2017-01-07 05:03:00+01:00,0.03645,0.0,0.0,0.0
2017-01-07 05:04:00+01:00,0.0338,0.0,0.0,0.0
2017-01-07 05:05:00+01:00,0.03417,0.0,0.0,0.0
2017-01-07 05:06:00+01:00,0.03496,0.0,0.0,0.0
2017-01-07 05:07:00+01:00,0.03777,0.0,0.0,0.0
2017-01-07 05:08:00+01:00,0.04032,0.0,0.0,0.0
2017-01-07 05:09:00+01:00,0.04437,0.0,0.0,0.0
2017-01-07 05:10:00+01:00,0.04522,0.0,0.0,0.0
2017-01-07 05:11:00+01:00,0.04676,0.0,0.0,0.0
2017-01-07 05:12:00+01:00,0.04385,0.0,0.0,0.0
2017-01-07 05:13:00+01:00,0.0423,0.0,0.0,0.0
2017-01-07 05:14:00+01:00,0.04258,0.0,0.0,0.0
2017-01-07 05:15:00+01:00,0.04244,0.0,0.0,0.0
2017-01-07 05:16:00+01:00,0.04116,0.0,0.0,0.0
2017-01-07 05:17:00+01:00,0.04217,0.0,0.0,0.0
2017-01-07 05:18:00+01:00,0.04008,0.0,0.0,0.0
2017-01-07 05:19:00+01:00,0.041,0.0,0.0,0.0
2017-01-07 05:20:00+01:00,0.04082,0.0,0.0,0.0
2017-01-07 05:21:00+01:00,0.04157,0.0,0.0,0.0
2017-01-07 05:22:00+01:00,0.04213,0.0,0.0,0.0
2017-01-07 05:23:00+01:00,0.04405,0.0,0.0,0.0
2017-01-07 05:24:00+01:00,0.04055,0.0,0.0,0.0
2017-01-07 05:25:00+01:00,0.03955,0.0,0.0,0.0
2017-01-07 05:26:00+01:00,0.03909,0.0,0.0,0.0
2017-01-07 05:27:00+01:00,0.036,0.0,0.0,0.0
2017-01-07 05:28:00+01:00,0.04162,0.0,0.0,0.0
2017-01-07 05:29:00+01:00,0.04027,0.0,0.0,0.0
2017-01-07 05:30:00+01:00,0.04332,0.0,0.0,0.0
2017-01-07 05:31:00+01:00,0.04584,0.0,0.0,0.0
2017-01-07 05:32:00+01:00,0.04878,0.0,0.0,0.0
2017-01-07 05:33:00+01:00,0.04338,0.0,0.0,0.0
2017-01-07 05:34:00+01:00,0.04527,0.0,0.0,0.0
2017-01-07 05:35:00+01:00,0.04265,0.0,0.0,0.0
2017-01-07 05:36:00+01:00,0.04272,0.0,0.0,0.0
2017-01-07 05:37:00+01:00,0.04563,0.0,0.0,0.0
2017-01-07 05:38:00+01:00,0.04805,0.0,0.0,0.0
2017-01-07 05:39:00+01:00,0.04262,0.0,0.0,0.0
2017-01-07 05:40:00+01:00,0.03981,0.0,0.0,0.0
2017-01-07 05:41:00+01:00,0.04087,0.0,0.0,0.0
2017-01-07 05:42:00+01:00,0.04733,0.0,0.0,0.0
2017-01-07 05:43:00+01:00,0.04535,0.0,0.0,0.0
2017-01-07 05:44:00+01:00,0.04128,0.0,0.0,0.0
2017-01-07 05:45:00+01:00,0.0424,0.0,0.0,0.0
2017-01-07 05:46:00+01:00,0.0427,0.0,0.0,0.0
2017-01-07 05:47:00+01:00,0.04403,0.0,0.0,0.0
2017-01-07 05:48:00+01:00,0.04563,0.0,0.0,0.0
2017-01-07 05:49:00+01:00,0.04453,0.0,0.0,0.0
2017-01-07 05:50:00+01:00,0.04626,0.0,0.0,0.0
2017-01-07 05:51:00+01:00,0.04718,0.0,0.0,0.0
2017-01-07 05:52:00+01:00,0.05054,0.0,0.0,0.0
2017-01-07 05:53:00+01:00,0.04878,0.0,0.0,0.0
2017-01-07 05:54:00+01:00,0.04699,0.0,0.0,0.0
2017-01-07 05:55:00+01:00,0.05072,0.0,0.0,0.0
2017-01-07 05:56:00+01:00,0.0494,0.0,0.0,0.0
2017-01-07 05:57:00+01:00,0.05186,0.0,0.0,0.0
2017-01-07 05:58:00+01:00,0.05359,0.0,0.0,0.0
2017-01-07 05:59:00+01:00,0.04903,0.0,0.0,0.0
2017-01-07 06:00:00+01:00,0.05031,0.0,0.0,0.0
2017-01-07 06:01:00+01:00,0.06172,0.0,0.0,0.0
2017-01-07 06:02:00+01:00,0.05829,0.0,0.0,0.0
2017-01-07 06:03:00+01:00,0.05119,0.0,0.0,0.0
2017-01-07 06:04:00+01:00,0.05207,0.0,0.0,0.0
2017-01-07 06:05:00+01:00,0.05727,0.0,0.0,0.0
2017-01-07 06:06:00+01:00,0.05347,0.0,0.0,0.0
2017-01-07 06:07:00+01:00,0.05695,0.0,0.0,0.0
2017-01-07 06:08:00+01:00,0.05524,0.0,0.0,0.0
2017-01-07 06:09:00+01:00,0.05066,0.0,0.0,0.0
2017-01-07 06:10:00+01:00,0.04899,0.0,0.0,0.0
2017-01-07 06:11:00+01:00,0.05638,0.0,0.0,0.0
2017-01-07 06:12:00+01:00,0.07382,0.0,0.0,0.0
2017-01-07 06:13:00+01:00,0.07265,0.0,0.0,0.0
2017-01-07 06:14:00+01:00,0.06825,0.0,0.0,0.0
2017-01-07 06:15:00+01:00,0.06615,0.0,0.0,0.0
2017-01-07 06:16:00+01:00,0.05986,0.0,0.0,0.0
2017-01-07 06:17:00+01:00,0.06995,0.0,0.0,0.0
2017-01-07 06:18:00+01:00,0.08112,0.0,0.0,0.0
2017-01-07 06:19:00+01:00,0.06924,0.0,0.0,0.0
2017-01-07 06:20:00+01:00,0.07021,0.0,0.0,0.0
2017-01-07 06:21:00+01:00,0.06398,0.0,0.0,0.0
2017-01-07 06:22:00+01:00,0.05986,0.0,0.0,0.0
2017-01-07 06:23:00+01:00,0.05765,0.0,0.0,0.0
2017-01-07 06:24:00+01:00,0.05913,0.0,0.0,0.0
2017-01-07 06:25:00+01:00,0.05925,0.0,0.0,0.0
2017-01-07 06:26:00+01:00,0.06021,0.0,0.0,0.0
2017-01-07 06:27:00+01:00,0.07411,0.0,0.0,0.0
2017-01-07 06:28:00+01:00,0.08428,0.0,0.0,0.0
2017-01-07 06:29:00+01:00,0.08211,0.0,0.0,0.0
2017-01-07 06:30:00+01:00,0.09221,0.0,0.0,0.0
2017-01-07 06:31:00+01:00,0.08816,0.0,0.0,0.0
2017-01-07 06:32:00+01:00,0.08655,0.0,0.0,0.0
2017-01-07 06:33:00+01:00,0.08299,0.0,0.0,0.0
2017-01-07 06:34:00+01:00,0.08243,0.0,0.0,0.0
2017-01-07 06:35:00+01:00,0.08588,0.0,0.0,0.0
2017-01-07 06:36:00+01:00,0.08246,0.0,0.0,0.0
2017-01-07 06:37:00+01:00,0.08077,0.0,0.0,0.0
2017-01-07 06:38:00+01:00,0.08284,0.0,0.0,0.0
2017-01-07 06:39:00+01:00,0.08245,0.0,0.0,0.0
2017-01-07 06:40:00+01:00,0.08123,0.0,0.0,0.0
2017-01-07 06:41:00+01:00,0.08338,0.0,0.0,0.0
2017-01-07 06:42:00+01:00,0.07208,0.0,0.0,0.0
2017-01-07 06:43:00+01:00,0.06646,0.0,0.0,0.0
2017-01-07 06:44:00+01:00,0.06893,0.0,0.0,0.0
2017-01-07 06:45:00+01:00,0.06653,0.0,0.0,0.0
2017-01-07 06:46:00+01:00,0.07594,0.0,0.0,0.0
2017-01-07 06:47:00+01:00,0.07922,0.0,0.0,0.0
2017-01-07 06:48:00+01:00,0.07314,0.0,0.0,0.0
2017-01-07 06:49:00+01:00,0.06284,0.0,0.0,0.0
2017-01-07 06:50:00+01:00,0.0609,0.0,0.0,0.0
2017-01-07 06:51:00+01:00,0.05596,0.0,0.0,0.0
2017-01-07 06:52:00+01:00,0.06064,0.0,0.0,0.0
2017-01-07 06:53:00+01:00,0.06129,0.0,0.0,0.0
2017-01-07 06:54:00+01:00,0.06021,0.0,0.0,0.0
2017-01-07 06:55:00+01:00,0.06418,0.0,0.0,0.0
2017-01-07 06:56:00+01:00,0.06948,0.0,0.0,0.0
2017-01-07 06:57:00+01:00,0.07697,0.0,0.0,0.0
2017-01-07 06:58:00+01:00,0.0804,0.0,0.0,0.0
2017-01-07 06:59:00+01:00,0.07331,0.0,0.0,0.0
2017-01-07 07:00:00+01:00,0.0749,0.0,0.0,0.0
2017-01-07 07:01:00+01:00,0.06908,0.0,0.0,0.0
2017-01-07 07:02:00+01:00,0.06358,0.0,0.0,0.0
2017-01-07 07:03:00+01:00,0.05904,0.0,0.0,0.0
2017-01-07 07:04:00+01:00,0.05829,0.0,0.0,0.0
2017-01-07 07:05:00+01:00,0.05998,0.0,0.0,0.0
2017-01-07 07:06:00+01:00,0.06565,0.0,0.0,0.0
2017-01-07 07:07:00+01:00,0.07014,0.0,0.0,0.0
2017-01-07 07:08:00+01:00,0.07314,0.0,0.0,0.0
2017-01-07 07:09:00+01:00,0.06536,0.0,0.0,0.0
2017-01-07 07:10:00+01:00,0.07252,0.0,0.0,0.0
2017-01-07 07:11:00+01:00,0.07622,0.0,0.0,0.0
2017-01-07 07:12:00+01:00,0.07255,0.0,0.0,0.0
2017-01-07 07:13:00+01:00,0.06614,0.0,0.0,0.0
2017-01-07 07:14:00+01:00,0.06077,0.0,0.0,0.0
2017-01-07 07:15:00+01:00,0.0682,0.0,0.0,0.0
2017-01-07 07:16:00+01:00,0.08511,0.0,0.0,0.0
2017-01-07 07:17:00+01:00,0.07706,0.0,0.0,0.0
2017-01-07 07:18:00+01:00,0.07667,0.0,0.0,0.0
2017-01-07 07:19:00+01:00,0.08308,0.0,0.0,0.0
2017-01-07 07:20:00+01:00,0.08001,0.0,0.0,0.0
2017-01-07 07:21:00+01:00,0.08441,0.0,0.0,0.0
2017-01-07 07:22:00+01:00,0.08119,0.0,0.0,0.0
2017-01-07 07:23:00+01:00,0.07601,0.0,0.0,0.0
2017-01-07 07:24:00+01:00,0.0799,0.0,0.0,0.0
2017-01-07 07:25:00+01:00,0.0816,0.0,0.0,0.0
2017-01-07 07:26:00+01:00,0.08333,0.0,0.0,0.0
2017-01-07 07:27:00+01:00,0.09386,0.0,0.0,0.0
2017-01-07 07:28:00+01:00,0.09827,0.0,0.0,0.0
2017-01-07 07:29:00+01:00,0.10404,0.0,0.0,0.0
2017-01-07 07:30:00+01:00,0.10059,0.0,0.0,0.0
2017-01-07 07:31:00+01:00,0.08448,0.0,0.0,0.0
2017-01-07 07:32:00+01:00,0.08997,0.0,0.0,0.0
2017-01-07 07:33:00+01:00,0.0922,0.0,0.0,0.0
2017-01-07 07:34:00+01:00,0.08901,0.0,0.0,0.0
2017-01-07 07:35:00+01:00,0.08731,0.0,0.0,0.0
2017-01-07 07:36:00+01:00,0.0782,0.0,0.0,0.0
2017-01-07 07:37:00+01:00,0.07606,0.0,0.0,0.0
2017-01-07 07:38:00+01:00,0.0792,0.0,0.0,0.0
2017-01-07 07:39:00+01:00,0.08148,0.0,0.0,0.0
2017-01-07 07:40:00+01:00,0.07939,0.0,0.0,0.0
2017-01-07 07:41:00+01:00,0.08008,0.0,0.0,0.0
2017-01-07 07:42:00+01:00,0.08391,0.0,0.0,0.0
2017-01-07 07:43:00+01:00,0.08047,0.0,0.0,0.0
2017-01-07 07:44:00+01:00,0.06814,0.0,0.0,0.0
2017-01-07 07:45:00+01:00,0.06468,0.0,0.0,0.0
2017-01-07 07:46:00+01:00,0.06453,0.0,0.0,0.0
2017-01-07 07:47:00+01:00,0.06368,0.0,0.0,0.0
2017-01-07 07:48:00+01:00,0.06761,0.0,0.0,0.0
2017-01-07 07:49:00+01:00,0.06935,0.0,0.0,0.0
2017-01-07 07:50:00+01:00,0.05873,0.0,0.0,0.0
2017-01-07 07:51:00+01:00,0.06074,0.0,0.0,0.0
2017-01-07 07:52:00+01:00,0.07612,0.0,0.0,0.0
2017-01-07 07:53:00+01:00,0.07747,0.0,0.0,0.0
2017-01-07 07:54:00+01:00,0.07892,0.0,0.0,0.0
2017-01-07 07:55:00+01:00,0.0764,0.0,0.0,0.0
2017-01-07 07:56:00+01:00,0.06676,0.0,0.0,0.0
2017-01-07 07:57:00+01:00,0.05989,0.0,0.0,0.0
2017-01-07 07:58:00+01:00,0.05788,0.0,0.0,0.0
2017-01-07 07:59:00+01:00,0.05579,0.0,0.0,0.0
2017-01-07 08:00:00+01:00,0.05754,0.0,0.0,0.0
2017-01-07 08:01:00+01:00,0.05706,0.0,0.0,0.0
2017-01-07 08:02:00+01:00,0.05948,0.0,0.0,0.0
2017-01-07 08:03:00+01:00,0.05986,0.0,0.0,0.0
2017-01-07 08:04:00+01:00,0.05944,0.0,0.0,0.0
2017-01-07 08:05:00+01:00,0.06208,0.0,0.0,0.0
2017-01-07 08:06:00+01:00,0.06458,0.0,0.0,0.0
2017-01-07 08:07:00+01:00,0.06168,0.0,0.0,0.0
2017-01-07 08:08:00+01:00,0.06274,0.0,0.0,0.0
2017-01-07 08:09:00+01:00,0.06365,0.0,0.0,0.0
2017-01-07 08:10:00+01:00,0.06608,0.0,0.0,0.0
2017-01-07 08:11:00+01:00,0.0639,0.0,0.0,0.0
2017-01-07 08:12:00+01:00,0.06233,0.0,0.0,0.0
2017-01-07 08:13:00+01:00,0.06552,0.0,0.0,0.0
2017-01-07 08:14:00+01:00,0.06748,0.0,0.0,0.0
2017-01-07 08:15:00+01:00,0.06906,0.0,0.0,0.0
2017-01-07 08:16:00+01:00,0.07383,0.0,0.0,0.0
2017-01-07 08:17:00+01:00,0.07159,0.0,0.0,0.0
2017-01-07 08:18:00+01:00,0.06916,0.0,0.0,0.0
2017-01-07 08:19:00+01:00,0.06972,0.0,0.0,0.0
2017-01-07 08:20:00+01:00,0.06995,0.0,0.0,0.0
2017-01-07 08:21:00+01:00,0.06596,0.0,0.0,0.0
2017-01-07 08:22:00+01:00,0.0688,0.0,0.0,0.0
2017-01-07 08:23:00+01:00,0.06956,0.0,0.0,0.0
2017-01-07 08:24:00+01:00,0.06996,0.0,0.0,0.0
2017-01-07 08:25:00+01:00,0.07196,0.0,0.0,0.0
2017-01-07 08:26:00+01:00,0.07413,0.0,0.0,0.0
2017-01-07 08:27:00+01:00,0.07433,0.0,0.0,0.0
2017-01-07 08:28:00+01:00,0.07154,0.0,0.0,0.0
2017-01-07 08:29:00+01:00,0.0694,0.0,0.0,0.0
2017-01-07 08:30:00+01:00,0.0731,0.0,0.0,0.0
2017-01-07 08:31:00+01:00,0.07526,0.0,0.0,0.0
2017-01-07 08:32:00+01:00,0.07461,0.0,0.0,0.0
2017-01-07 08:33:00+01:00,0.07548,0.0,0.0,0.0
2017-01-07 08:34:00+01:00,0.07483,0.0,0.0,0.0
2017-01-07 08:35:00+01:00,0.07209,0.0,0.0,0.0
2017-01-07 08:36:00+01:00,0.06567,0.0,0.0,0.0
2017-01-07 08:37:00+01:00,0.05721,0.0,0.0,0.0
2017-01-07 08:38:00+01:00,0.06261,0.0,0.0,0.0
2017-01-07 08:39:00+01:00,0.05924,0.0,0.0,0.0
2017-01-07 08:40:00+01:00,0.05126,0.0,0.0,0.0
2017-01-07 08:41:00+01:00,0.05837,0.0,0.0,0.0
2017-01-07 08:42:00+01:00,0.05785,0.0,0.0,0.0
2017-01-07 08:43:00+01:00,0.05963,0.0,0.0,0.0
2017-01-07 08:44:00+01:00,0.05791,0.0,0.0,0.0
2017-01-07 08:45:00+01:00,0.05996,0.0,0.0,0.0
2017-01-07 08:46:00+01:00,0.05999,0.0,0.0,0.0
2017-01-07 08:47:00+01:00,0.06057,0.0,0.0,0.0
2017-01-07 08:48:00+01:00,0.057,0.0,0.0,0.0
2017-01-07 08:49:00+01:00,0.06026,0.0,0.0,0.0
2017-01-07 08:50:00+01:00,0.06184,0.0,0.0,0.0
2017-01-07 08:51:00+01:00,0.06253,0.0,0.0,0.0
2017-01-07 08:52:00+01:00,0.06789,0.0,0.0,0.0
2017-01-07 08:53:00+01:00,0.06495,0.0,0.0,0.0
2017-01-07 08:54:00+01:00,0.06203,0.0,0.0,0.0
2017-01-07 08:55:00+01:00,0.0641,0.0,0.0,0.0
2017-01-07 08:56:00+01:00,0.06243,0.0,0.0,0.0
2017-01-07 08:57:00+01:00,0.06507,0.017722,0.0,0.0
2017-01-07 08:58:00+01:00,0.06398,0.020805,0.0,0.0
2017-01-07 08:59:00+01:00,0.06197,0.021144,0.0,0.0
2017-01-07 09:00:00+01:00,0.06704,0.023482,0.0,0.0
2017-01-07 09:01:00+01:00,0.06518,0.022379,0.0,0.0
2017-01-07 09:02:00+01:00,0.0598,0.022777,0.0,0.0
2017-01-07 09:03:00+01:00,0.06005,0.026076,0.0,0.0
2017-01-07 09:04:00+01:00,0.0599,0.027205,0.0,0.0
2017-01-07 09:05:00+01:00,0.06644,0.025772,0.0,0.0
2017-01-07 09:06:00+01:00,0.06352,0.029104,0.0,0.0
2017-01-07 09:07:00+01:00,0.06201,0.030167,0.0,0.0
2017-01-07 09:08:00+01:00,0.05928,0.03129,0.0,0.0
2017-01-07 09:09:00+01:00,0.05953,0.029166,0.0,0.0
2017-01-07 09:10:00+01:00,0.0663,0.030638,0.0,0.0
2017-01-07 09:11:00+01:00,0.06831,0.032494,0.0,0.0
2017-01-07 09:12:00+01:00,0.06247,0.034394,0.0,0.0
2017-01-07 09:13:00+01:00,0.05952,0.037003,0.0,0.0
2017-01-07 09:14:00+01:00,0.05731,0.036553,0.0,0.0
2017-01-07 09:15:00+01:00,0.053,0.040483,0.0,0.0
2017-01-07 09:16:00+01:00,0.05813,0.042988,0.0,0.0
2017-01-07 09:17:00+01:00,0.06059,0.039526,0.0,0.0
2017-01-07 09:18:00+01:00,0.06236,0.040754,0.0,0.0
2017-01-07 09:19:00+01:00,0.05988,0.043843,0.0,0.0
2017-01-07 09:20:00+01:00,0.05686,0.044351,0.0,0.0
2017-01-07 09:21:00+01:00,0.05717,0.042673,0.0,0.0
2017-01-07 09:22:00+01:00,0.0583,0.043631,0.0,0.0
2017-01-07 09:23:00+01:00,0.0589,0.04585,0.0,0.0
2017-01-07 09:24:00+01:00,0.05638,0.045833,0.0,0.0
2017-01-07 09:25:00+01:00,0.05785,0.046866,0.0,0.0
2017-01-07 09:26:00+01:00,0.05735,0.047476,0.0,0.0
2017-01-07 09:27:00+01:00,0.0645,0.047402,0.0,0.0
2017-01-07 09:28:00+01:00,0.06639,0.046739,0.0,0.0
2017-01-07 09:29:00+01:00,0.06486,0.047768,0.0,0.0
2017-01-07 09:30:00+01:00,0.06671,0.050656,0.0,0.0
2017-01-07 09:31:00+01:00,0.06963,0.0506,0.0,0.0
2017-01-07 09:32:00+01:00,0.07484,0.050771,0.0,0.0
2017-01-07 09:33:00+01:00,0.07449,0.05032,0.0,0.0
2017-01-07 09:34:00+01:00,0.06845,0.051823,0.0,0.0
2017-01-07 09:35:00+01:00,0.05855,0.057302,0.0,0.0
2017-01-07 09:36:00+01:00,0.06001,0.058601,0.0,0.0
2017-01-07 09:37:00+01:00,0.05795,0.057319,0.0,0.0
2017-01-07 09:38:00+01:00,0.05877,0.058972,0.0,0.0
2017-01-07 09:39:00+01:00,0.05826,0.060021,0.0,0.0
2017-01-07 09:40:00+01:00,0.06083,0.060052,0.0,0.0
2017-01-07 09:41:00+01:00,0.06233,0.063181,0.0,0.0
2017-01-07 09:42:00+01:00,0.05767,0.065731,0.0,0.0
2017-01-07 09:43:00+01:00,0.05255,0.066193,0.0,0.0
2017-01-07 09:44:00+01:00,0.05141,0.065786,0.0,0.0
2017-01-07 09:45:00+01:00,0.05,0.067484,0.0,0.0
2017-01-07 09:46:00+01:00,0.0503,0.067126,0.0,0.0
2017-01-07 09:47:00+01:00,0.04848,0.067493,0.0,0.0
2017-01-07 09:48:00+01:00,0.04835,0.071835,0.0,0.0
2017-01-07 09:49:00+01:00,0.05255,0.069624,0.0,0.0
2017-01-07 09:50:00+01:00,0.05796,0.07168,0.0,0.0
2017-01-07 09:51:00+01:00,0.05546,0.076351,0.0,0.0
2017-01-07 09:52:00+01:00,0.05842,0.081511,0.0,0.0
2017-01-07 09:53:00+01:00,0.05556,0.077327,0.0,0.0
2017-01-07 09:54:00+01:00,0.05037,0.073117,0.0,0.0
2017-01-07 09:55:00+01:00,0.05306,0.076944,0.0,0.0
2017-01-07 09:56:00+01:00,0.05418,0.081377,0.0,0.0
2017-01-07 09:57:00+01:00,0.05611,0.081942,0.0,0.0
2017-01-07 09:58:00+01:00,0.05666,0.083076,0.0,0.0
2017-01-07 09:59:00+01:00,0.05475,0.086157,0.0,0.0
2017-01-07 10:00:00+01:00,0.05747,0.089363,0.0,0.0
2017-01-07 10:01:00+01:00,0.05605,0.093531,0.0,0.0
2017-01-07 10:02:00+01:00,0.05621,0.094599,0.0,0.0
2017-01-07 10:03:00+01:00,0.05648,0.095035,0.0,0.0
2017-01-07 10:04:00+01:00,0.05952,0.092664,0.0,0.0
2017-01-07 10:05:00+01:00,0.06452,0.088274,0.0,0.0
2017-01-07 10:06:00+01:00,0.06663,0.084453,0.0,0.0
2017-01-07 10:07:00+01:00,0.06867,0.080332,0.0,0.0
2017-01-07 10:08:00+01:00,0.06524,0.081319,0.0,0.0
2017-01-07 10:09:00+01:00,0.06286,0.08355,0.0,0.0
2017-01-07 10:10:00+01:00,0.06345,0.083158,0.0,0.0
2017-01-07 10:11:00+01:00,0.06243,0.085408,0.0,0.0
2017-01-07 10:12:00+01:00,0.06034,0.084128,0.0,0.0
2017-01-07 10:13:00+01:00,0.05436,0.085186,0.0,0.0
2017-01-07 10:14:00+01:00,0.05159,0.085396,0.0,0.0
2017-01-07 10:15:00+01:00,0.05573,0.086005,0.0,0.0
2017-01-07 10:16:00+01:00,0.06295,0.090705,0.0,0.0
2017-01-07 10:17:00+01:00,0.06479,0.092039,0.0,0.0
2017-01-07 10:18:00+01:00,0.06143,0.093729,0.0,0.0
2017-01-07 10:19:00+01:00,0.06273,0.097666,0.0,0.0
2017-01-07 10:20:00+01:00,0.06696,0.100139,0.0,0.0
2017-01-07 10:21:00+01:00,0.06577,0.101263,0.0,0.0
2017-01-07 10:22:00+01:00,0.06673,0.105181,0.0,0.0
2017-01-07 10:23:00+01:00,0.06559,0.107,0.0,0.0
2017-01-07 10:24:00+01:00,0.06432,0.106964,0.0,0.0
2017-01-07 10:25:00+01:00,0.06462,0.107611,0.0,0.0
2017-01-07 10:26:00+01:00,0.06742,0.108039,0.0,0.0
2017-01-07 10:27:00+01:00,0.07128,0.111384,0.0,0.0
2017-01-07 10:28:00+01:00,0.07377,0.111601,0.0,0.0
2017-01-07 10:29:00+01:00,0.06577,0.112996,0.0,0.0
2017-01-07 10:30:00+01:00,0.06627,0.117166,0.0,0.0
2017-01-07 10:31:00+01:00,0.06718,0.118923,0.0,0.0
2017-01-07 10:32:00+01:00,0.06671,0.119551,0.0,0.0
2017-01-07 10:33:00+01:00,0.05864,0.11871,0.0,0.0
2017-01-07 10:34:00+01:00,0.05486,0.121143,0.0,0.0
2017-01-07 10:35:00+01:00,0.05649,0.120547,0.0,0.0
2017-01-07 10:36:00+01:00,0.05403,0.11906,0.0,0.0
2017-01-07 10:37:00+01:00,0.0545,0.12555,0.0,0.0
2017-01-07 10:38:00+01:00,0.05445,0.133096,0.0,0.0
2017-01-07 10:39:00+01:00,0.05639,0.139032,0.0,0.0
2017-01-07 10:40:00+01:00,0.05924,0.138999,0.0,0.0
2017-01-07 10:41:00+01:00,0.05719,0.138306,0.0,0.0
2017-01-07 10:42:00+01:00,0.06027,0.140481,0.0,0.0
2017-01-07 10:43:00+01:00,0.05592,0.144267,0.0,0.0
2017-01-07 10:44:00+01:00,0.05347,0.143455,0.0,0.0
2017-01-07 10:45:00+01:00,0.05239,0.143475,0.0,0.0
2017-01-07 10:46:00+01:00,0.05297,0.138953,0.0,0.0
2017-01-07 10:47:00+01:00,0.05653,0.133436,0.0,0.0
2017-01-07 10:48:00+01:00,0.05647,0.124504,0.0,0.0
2017-01-07 10:49:00+01:00,0.05547,0.120559,0.0,0.0
2017-01-07 10:50:00+01:00,0.05404,0.117808,0.0,0.0
2017-01-07 10:51:00+01:00,0.05245,0.114954,0.0,0.0
2017-01-07 10:52:00+01:00,0.05776,0.114533,0.0,0.0
2017-01-07 10:53:00+01:00,0.05805,0.114132,0.0,0.0
2017-01-07 10:54:00+01:00,0.05816,0.114908,0.0,0.0
2017-01-07 10:55:00+01:00,0.05624,0.115059,0.0,0.0
2017-01-07 10:56:00+01:00,0.05745,0.116762,0.0,0.0
2017-01-07 10:57:00+01:00,0.05417,0.115386,0.0,0.0
2017-01-07 10:58:00+01:00,0.05818,0.116111,0.0,0.0
2017-01-07 10:59:00+01:00,0.05447,0.117776,0.0,0.0
2017-01-07 11:00:00+01:00,0.04753,0.119721,0.0,0.0
2017-01-07 11:01:00+01:00,0.04913,0.124055,0.0,0.0
2017-01-07 11:02:00+01:00,0.05276,0.124688,0.0,0.0
2017-01-07 11:03:00+01:00,0.05293,0.127551,0.0,0.0
2017-01-07 11:04:00+01:00,0.05802,0.128565,0.0,0.0
2017-01-07 11:05:00+01:00,0.06028,0.128869,0.0,0.0
2017-01-07 11:06:00+01:00,0.05866,0.124904,0.0,0.0
2017-01-07 11:07:00+01:00,0.05767,0.118716,0.0,0.0
2017-01-07 11:08:00+01:00,0.0564,0.114035,0.0,0.0
2017-01-07 11:09:00+01:00,0.05688,0.112692,0.0,0.0
2017-01-07 11:10:00+01:00,0.05593,0.111739,0.0,0.0
2017-01-07 11:11:00+01:00,0.06056,0.109502,0.0,0.0
2017-01-07 11:12:00+01:00,0.06279,0.105733,0.0,0.0
2017-01-07 11:13:00+01:00,0.06272,0.105729,0.0,0.0
2017-01-07 11:14:00+01:00,0.06338,0.108578,0.0,0.0
2017-01-07 11:15:00+01:00,0.06436,0.109816,0.0,0.0
2017-01-07 11:16:00+01:00,0.06297,0.114231,0.0,0.0
2017-01-07 11:17:00+01:00,0.05675,0.118149,0.0,0.0
2017-01-07 11:18:00+01:00,0.05896,0.120016,0.0,0.0
2017-01-07 11:19:00+01:00,0.0584,0.124071,0.0,0.0
2017-01-07 11:20:00+01:00,0.058,0.130959,0.0,0.0
2017-01-07 11:21:00+01:00,0.06237,0.138604,0.0,0.0
2017-01-07 11:22:00+01:00,0.05918,0.143507,0.0,0.0
2017-01-07 11:23:00+01:00,0.05557,0.154258,0.0,0.0
2017-01-07 11:24:00+01:00,0.06061,0.160646,0.0,0.0
2017-01-07 11:25:00+01:00,0.06173,0.168273,0.0,0.0
2017-01-07 11:26:00+01:00,0.06274,0.171845,0.0,0.0
2017-01-07 11:27:00+01:00,0.06459,0.174802,0.0,0.0
2017-01-07 11:28:00+01:00,0.06196,0.177255,0.0,0.0
2017-01-07 11:29:00+01:00,0.05835,0.179389,0.0,0.0
2017-01-07 11:30:00+01:00,0.06392,0.17645,0.0,0.0
2017-01-07 11:31:00+01:00,0.06048,0.175795,0.0,0.0
2017-01-07 11:32:00+01:00,0.06453,0.173447,0.0,0.0
2017-01-07 11:33:00+01:00,0.05995,0.168807,0.0,0.0
2017-01-07 11:34:00+01:00,0.05769,0.164201,0.0,0.0
2017-01-07 11:35:00+01:00,0.05926,0.158073,0.0,0.0
2017-01-07 11:36:00+01:00,0.05792,0.154796,0.0,0.0
2017-01-07 11:37:00+01:00,0.05119,0.150381,0.0,0.0
2017-01-07 11:38:00+01:00,0.04844,0.14673,0.0,0.0
2017-01-07 11:39:00+01:00,0.05031,0.14391,0.0,0.0
2017-01-07 11:40:00+01:00,0.05689,0.142416,0.0,0.0
2017-01-07 11:41:00+01:00,0.0606,0.143975,0.0,0.0
2017-01-07 11:42:00+01:00,0.05796,0.140698,0.0,0.0
2017-01-07 11:43:00+01:00,0.06407,0.140948,0.0,0.0
2017-01-07 11:44:00+01:00,0.06077,0.1426,0.0,0.0
2017-01-07 11:45:00+01:00,0.06323,0.143877,0.0,0.0
2017-01-07 11:46:00+01:00,0.06317,0.141058,0.0,0.0
2017-01-07 11:47:00+01:00,0.06084,0.136642,0.0,0.0
2017-01-07 11:48:00+01:00,0.05589,0.130916,0.0,0.0
2017-01-07 11:49:00+01:00,0.05562,0.126642,0.0,0.0
2017-01-07 11:50:00+01:00,0.05506,0.12349,0.0,0.0
2017-01-07 11:51:00+01:00,0.05436,0.122701,0.0,0.0
2017-01-07 11:52:00+01:00,0.05723,0.121809,0.0,0.0
2017-01-07 11:53:00+01:00,0.06218,0.120744,0.0,0.0
2017-01-07 11:54:00+01:00,0.06174,0.123076,0.0,0.0
2017-01-07 11:55:00+01:00,0.06143,0.125495,0.0,0.0
2017-01-07 11:56:00+01:00,0.066,0.122075,0.0,0.0
2017-01-07 11:57:00+01:00,0.05955,0.118305,0.0,0.0
2017-01-07 11:58:00+01:00,0.05788,0.117848,0.0,0.0
2017-01-07 11:59:00+01:00,0.06167,0.117112,0.0,0.0
2017-01-07 12:00:00+01:00,0.06333,0.11348,0.0,0.0
2017-01-07 12:01:00+01:00,0.05533,0.112581,0.0,0.0
2017-01-07 12:02:00+01:00,0.05333,0.107801,0.0,0.0
2017-01-07 12:03:00+01:00,0.05783,0.106125,0.0,0.0
2017-01-07 12:04:00+01:00,0.05691,0.10464,0.0,0.0
2017-01-07 12:05:00+01:00,0.05457,0.101855,0.0,0.0
2017-01-07 12:06:00+01:00,0.05214,0.098963,0.0,0.0
2017-01-07 12:07:00+01:00,0.05409,0.096801,0.0,0.0
2017-01-07 12:08:00+01:00,0.05918,0.098395,0.0,0.0
2017-01-07 12:09:00+01:00,0.0678,0.103815,0.0,0.0
2017-01-07 12:10:00+01:00,0.0593,0.107916,0.0,0.0
2017-01-07 12:11:00+01:00,0.05905,0.112188,0.0,0.0
2017-01-07 12:12:00+01:00,0.05913,0.110832,0.0,0.0
2017-01-07 12:13:00+01:00,0.06168,0.110354,0.0,0.0
2017-01-07 12:14:00+01:00,0.07003,0.110444,0.0,0.0
2017-01-07 12:15:00+01:00,0.07084,0.110757,0.0,0.0
2017-01-07 12:16:00+01:00,0.06543,0.10873,0.0,0.0
2017-01-07 12:17:00+01:00,0.06253,0.109053,0.0,0.0
2017-01-07 12:18:00+01:00,0.06083,0.109589,0.0,0.0
2017-01-07 12:19:00+01:00,0.06064,0.109858,0.0,0.0
2017-01-07 12:20:00+01:00,0.05575,0.110897,0.0,0.0
2017-01-07 12:21:00+01:00,0.05539,0.110894,0.0,0.0
2017-01-07 12:22:00+01:00,0.05506,0.108038,0.0,0.0
2017-01-07 12:23:00+01:00,0.05429,0.110221,0.0,0.0
2017-01-07 12:24:00+01:00,0.05297,0.112636,0.0,0.0
2017-01-07 12:25:00+01:00,0.0554,0.112065,0.0,0.0
2017-01-07 12:26:00+01:00,0.06075,0.108835,0.0,0.0
2017-01-07 12:27:00+01:00,0.05635,0.104151,0.0,0.0
2017-01-07 12:28:00+01:00,0.05322,0.100383,0.0,0.0
2017-01-07 12:29:00+01:00,0.05668,0.098503,0.0,0.0
2017-01-07 12:30:00+01:00,0.0591,0.097933,0.0,0.0
2017-01-07 12:31:00+01:00,0.0557,0.095924,0.0,0.0
2017-01-07 12:32:00+01:00,0.0573,0.097056,0.0,0.0
2017-01-07 12:33:00+01:00,0.05677,0.093278,0.0,0.0
2017-01-07 12:34:00+01:00,0.0563,0.091147,0.0,0.0
2017-01-07 12:35:00+01:00,0.05376,0.096478,0.0,0.0
2017-01-07 12:36:00+01:00,0.05325,0.101495,0.0,0.0
2017-01-07 12:37:00+01:00,0.04917,0.104677,0.0,0.0
2017-01-07 12:38:00+01:00,0.05183,0.105876,0.0,0.0
2017-01-07 12:39:00+01:00,0.05497,0.105318,0.0,0.0
2017-01-07 12:40:00+01:00,0.0522,0.107643,0.0,0.0
2017-01-07 12:41:00+01:00,0.05925,0.106846,0.0,0.0
2017-01-07 12:42:00+01:00,0.06187,0.114258,0.0,0.0
2017-01-07 12:43:00+01:00,0.0583,0.117697,0.0,0.0
2017-01-07 12:44:00+01:00,0.05391,0.118085,0.0,0.0
2017-01-07 12:45:00+01:00,0.05469,0.116687,0.0,0.0
2017-01-07 12:46:00+01:00,0.05553,0.118357,0.0,0.0
2017-01-07 12:47:00+01:00,0.05704,0.115446,0.0,0.0
2017-01-07 12:48:00+01:00,0.05465,0.115933,0.0,0.0
2017-01-07 12:49:00+01:00,0.05633,0.120697,0.0,0.0
2017-01-07 12:50:00+01:00,0.05847,0.122429,0.0,0.0
2017-01-07 12:51:00+01:00,0.05672,0.120953,0.0,0.0
2017-01-07 12:52:00+01:00,0.05846,0.121791,0.0,0.0
2017-01-07 12:53:00+01:00,0.05792,0.120121,0.0,0.0
2017-01-07 12:54:00+01:00,0.05132,0.118291,0.0,0.0
2017-01-07 12:55:00+01:00,0.05316,0.116959,0.0,0.0
2017-01-07 12:56:00+01:00,0.05515,0.116038,0.0,0.0
2017-01-07 12:57:00+01:00,0.05163,0.116128,0.0,0.0
2017-01-07 12:58:00+01:00,0.0561,0.115759,0.0,0.0
2017-01-07 12:59:00+01:00,0.05811,0.115297,0.0,0.0
2017-01-07 13:00:00+01:00,0.059,0.113113,0.0,0.0
2017-01-07 13:01:00+01:00,0.05322,0.109084,0.0,0.0
2017-01-07 13:02:00+01:00,0.05325,0.111194,0.0,0.0
2017-01-07 13:03:00+01:00,0.05428,0.108715,0.0,0.0
2017-01-07 13:04:00+01:00,0.05911,0.107286,0.0,0.0
2017-01-07 13:05:00+01:00,0.06001,0.108257,0.0,0.0
2017-01-07 13:06:00+01:00,0.0652,0.107576,0.0,0.0
2017-01-07 13:07:00+01:00,0.05823,0.104103,0.0,0.0
2017-01-07 13:08:00+01:00,0.05607,0.103357,0.0,0.0
2017-01-07 13:09:00+01:00,0.06897,0.102393,0.0,0.0
2017-01-07 13:10:00+01:00,0.0697,0.103304,0.0,0.0
2017-01-07 13:11:00+01:00,0.0633,0.101418,0.0,0.0
2017-01-07 13:12:00+01:00,0.0625,0.099254,0.0,0.0
2017-01-07 13:13:00+01:00,0.0578,0.097309,0.0,0.0
2017-01-07 13:14:00+01:00,0.05596,0.095974,0.0,0.0
2017-01-07 13:15:00+01:00,0.06476,0.091857,0.0,0.0
2017-01-07 13:16:00+01:00,0.06068,0.089358,0.0,0.0
2017-01-07 13:17:00+01:00,0.06163,0.089706,0.0,0.0
2017-01-07 13:18:00+01:00,0.06481,0.087354,0.0,0.0
2017-01-07 13:19:00+01:00,0.06252,0.087665,0.0,0.0
2017-01-07 13:20:00+01:00,0.06114,0.089279,0.0,0.0
2017-01-07 13:21:00+01:00,0.06373,0.087897,0.0,0.0
2017-01-07 13:22:00+01:00,0.06055,0.086943,0.0,0.0
2017-01-07 13:23:00+01:00,0.05724,0.084598,0.0,0.0
2017-01-07 13:24:00+01:00,0.05908,0.081676,0.0,0.0
2017-01-07 13:25:00+01:00,0.0586,0.079762,0.0,0.0
2017-01-07 13:26:00+01:00,0.05763,0.076876,0.0,0.0
2017-01-07 13:27:00+01:00,0.0631,0.077096,0.0,0.0
2017-01-07 13:28:00+01:00,0.06502,0.079846,0.0,0.0
2017-01-07 13:29:00+01:00,0.06337,0.082502,0.0,0.0
2017-01-07 13:30:00+01:00,0.06159,0.083012,0.0,0.0
2017-01-07 13:31:00+01:00,0.06926,0.080999,0.0,0.0
2017-01-07 13:32:00+01:00,0.06732,0.077459,0.0,0.0
2017-01-07 13:33:00+01:00,0.06605,0.076125,0.0,0.0
2017-01-07 13:34:00+01:00,0.06467,0.074855,0.0,0.0
2017-01-07 13:35:00+01:00,0.06483,0.074759,0.0,0.0
2017-01-07 13:36:00+01:00,0.07026,0.069484,0.0,0.0
2017-01-07 13:37:00+01:00,0.07136,0.06754,0.0,0.0
2017-01-07 13:38:00+01:00,0.06704,0.070554,0.0,0.0
2017-01-07 13:39:00+01:00,0.06642,0.071946,0.0,0.0
2017-01-07 13:40:00+01:00,0.06324,0.069634,0.0,0.0
2017-01-07 13:41:00+01:00,0.0666,0.068395,0.0,0.0
2017-01-07 13:42:00+01:00,0.07456,0.067743,0.0,0.0
2017-01-07 13:43:00+01:00,0.07101,0.06497,0.0,0.0
2017-01-07 13:44:00+01:00,0.07254,0.066313,0.0,0.0
2017-01-07 13:45:00+01:00,0.07271,0.069269,0.0,0.0
2017-01-07 13:46:00+01:00,0.06647,0.06828,0.0,0.0
2017-01-07 13:47:00+01:00,0.0688,0.069983,0.0,0.0
2017-01-07 13:48:00+01:00,0.06925,0.070204,0.0,0.0
2017-01-07 13:49:00+01:00,0.06389,0.070518,0.0,0.0
2017-01-07 13:50:00+01:00,0.06469,0.074067,0.0,0.0
2017-01-07 13:51:00+01:00,0.06637,0.076117,0.0,0.0
2017-01-07 13:52:00+01:00,0.06504,0.076721,0.0,0.0
2017-01-07 13:53:00+01:00,0.05578,0.074034,0.0,0.0
2017-01-07 13:54:00+01:00,0.05169,0.072523,0.0,0.0
2017-01-07 13:55:00+01:00,0.05004,0.067312,0.0,0.0
2017-01-07 13:56:00+01:00,0.05975,0.065955,0.0,0.0
2017-01-07 13:57:00+01:00,0.06336,0.064379,0.0,0.0
2017-01-07 13:58:00+01:00,0.07646,0.067348,0.0,0.0
2017-01-07 13:59:00+01:00,0.07334,0.073025,0.0,0.0
2017-01-07 14:00:00+01:00,0.06321,0.072735,0.0,0.0
2017-01-07 14:01:00+01:00,0.05789,0.0725,0.0,0.0
2017-01-07 14:02:00+01:00,0.0564,0.075231,0.0,0.0
2017-01-07 14:03:00+01:00,0.05851,0.075822,0.0,0.0
2017-01-07 14:04:00+01:00,0.05698,0.078433,0.0,0.0
2017-01-07 14:05:00+01:00,0.06086,0.082199,0.0,0.0
2017-01-07 14:06:00+01:00,0.05711,0.081437,0.0,0.0
2017-01-07 14:07:00+01:00,0.05613,0.084909,0.0,0.0
2017-01-07 14:08:00+01:00,0.05389,0.086992,0.0,0.0
2017-01-07 14:09:00+01:00,0.0554,0.081089,0.0,0.0
2017-01-07 14:10:00+01:00,0.05356,0.077295,0.0,0.0
2017-01-07 14:11:00+01:00,0.05445,0.078316,0.0,0.0
2017-01-07 14:12:00+01:00,0.06342,0.079352,0.0,0.0
2017-01-07 14:13:00+01:00,0.07671,0.076453,0.0,0.0
2017-01-07 14:14:00+01:00,0.07827,0.075783,0.0,0.0
2017-01-07 14:15:00+01:00,0.06589,0.073868,0.0,0.0
2017-01-07 14:16:00+01:00,0.05981,0.072429,0.0,0.0
2017-01-07 14:17:00+01:00,0.06301,0.068947,0.0,0.0
2017-01-07 14:18:00+01:00,0.0612,0.062047,0.0,0.0
2017-01-07 14:19:00+01:00,0.05891,0.051231,0.0,0.0
2017-01-07 14:20:00+01:00,0.06049,0.046218,0.0,0.0
2017-01-07 14:21:00+01:00,0.05905,0.043396,0.0,0.0
2017-01-07 14:22:00+01:00,0.05672,0.037292,0.0,0.0
2017-01-07 14:23:00+01:00,0.05274,0.032347,0.0,0.0
2017-01-07 14:24:00+01:00,0.05007,0.036369,0.0,0.0
2017-01-07 14:25:00+01:00,0.05616,0.037763,0.0,0.0
2017-01-07 14:26:00+01:00,0.05873,0.037007,0.0,0.0
2017-01-07 14:27:00+01:00,0.06444,0.037988,0.0,0.0
2017-01-07 14:28:00+01:00,0.06877,0.038764,0.0,0.0
2017-01-07 14:29:00+01:00,0.06907,0.03529,0.0,0.0
2017-01-07 14:30:00+01:00,0.07334,0.031004,0.0,0.0
2017-01-07 14:31:00+01:00,0.06944,0.030563,0.0,0.0
2017-01-07 14:32:00+01:00,0.06303,0.034991,0.0,0.0
2017-01-07 14:33:00+01:00,0.06833,0.035269,0.0,0.0
2017-01-07 14:34:00+01:00,0.06431,0.033471,0.0,0.0
2017-01-07 14:35:00+01:00,0.06187,0.027476,0.0,0.0
2017-01-07 14:36:00+01:00,0.06523,0.02534,0.0,0.0
2017-01-07 14:37:00+01:00,0.06982,0.022083,0.0,0.0
2017-01-07 14:38:00+01:00,0.06737,0.022847,0.0,0.0
2017-01-07 14:39:00+01:00,0.06085,0.021883,0.0,0.0
2017-01-07 14:40:00+01:00,0.05956,0.021339,0.0,0.0
2017-01-07 14:41:00+01:00,0.06441,0.016953,0.0,0.0
2017-01-07 14:42:00+01:00,0.06479,0.01605,0.0,0.0
2017-01-07 14:43:00+01:00,0.06124,0.013414,0.0,0.0
2017-01-07 14:44:00+01:00,0.06386,0.015285,0.0,0.0
2017-01-07 14:45:00+01:00,0.05504,0.019602,0.0,0.0
2017-01-07 14:46:00+01:00,0.05577,0.022456,0.0,0.0
2017-01-07 14:47:00+01:00,0.0564,0.024876,0.0,0.0
2017-01-07 14:48:00+01:00,0.0566,0.025581,0.0,0.0
2017-01-07 14:49:00+01:00,0.05708,0.028921,0.0,0.0
2017-01-07 14:50:00+01:00,0.06245,0.030839,0.0,0.0
2017-01-07 14:51:00+01:00,0.06585,0.034275,0.0,0.0
2017-01-07 14:52:00+01:00,0.06827,0.038909,0.0,0.0
2017-01-07 14:53:00+01:00,0.06862,0.041956,0.0,0.0
2017-01-07 14:54:00+01:00,0.0654,0.048032,0.0,0.0
2017-01-07 14:55:00+01:00,0.06465,0.055417,0.0,0.0
2017-01-07 14:56:00+01:00,0.05841,0.057599,0.0,0.0
2017-01-07 14:57:00+01:00,0.05876,0.058966,0.0,0.0
2017-01-07 14:58:00+01:00,0.06278,0.058673,0.0,0.0
2017-01-07 14:59:00+01:00,0.0572,0.057657,0.0,0.0
2017-01-07 15:00:00+01:00,0.06485,0.058074,0.0,0.0
2017-01-07 15:01:00+01:00,0.06861,0.063653,0.0,0.0
2017-01-07 15:02:00+01:00,0.06992,0.062538,0.0,0.0
2017-01-07 15:03:00+01:00,0.06543,0.061254,0.0,0.0
2017-01-07 15:04:00+01:00,0.06668,0.058586,0.0,0.0
2017-01-07 15:05:00+01:00,0.07055,0.060618,0.0,0.0
2017-01-07 15:06:00+01:00,0.06074,0.057581,0.0,0.0
2017-01-07 15:07:00+01:00,0.06139,0.051307,0.0,0.0
2017-01-07 15:08:00+01:00,0.05818,0.048998,0.0,0.0
2017-01-07 15:09:00+01:00,0.05676,0.049141,0.0,0.0
2017-01-07 15:10:00+01:00,0.0571,0.048391,0.0,0.0
2017-01-07 15:11:00+01:00,0.06154,0.045931,0.0,0.0
2017-01-07 15:12:00+01:00,0.06569,0.048167,0.0,0.0
2017-01-07 15:13:00+01:00,0.07103,0.042586,0.0,0.0
2017-01-07 15:14:00+01:00,0.06766,0.040168,0.0,0.0
2017-01-07 15:15:00+01:00,0.06515,0.044266,0.0,0.0
2017-01-07 15:16:00+01:00,0.06295,0.045336,0.0,0.0
2017-01-07 15:17:00+01:00,0.06922,0.044347,0.0,0.0
2017-01-07 15:18:00+01:00,0.07441,0.040707,0.0,0.0
2017-01-07 15:19:00+01:00,0.07155,0.040512,0.0,0.0
2017-01-07 15:20:00+01:00,0.06792,0.039156,0.0,0.0
2017-01-07 15:21:00+01:00,0.06582,0.036141,0.0,0.0
2017-01-07 15:22:00+01:00,0.06654,0.03054,0.0,0.0
2017-01-07 15:23:00+01:00,0.06357,0.025025,0.0,0.0
2017-01-07 15:24:00+01:00,0.06479,0.020566,0.0,0.0
2017-01-07 15:25:00+01:00,0.06956,0.016525,0.0,0.0
2017-01-07 15:26:00+01:00,0.06628,0.014306,0.0,0.0
2017-01-07 15:27:00+01:00,0.06879,0.013253,0.0,0.0
2017-01-07 15:28:00+01:00,0.0684,0.012765,0.0,0.0
2017-01-07 15:29:00+01:00,0.06138,0.012841,0.0,0.0
2017-01-07 15:30:00+01:00,0.0616,0.01248,0.0,0.0
2017-01-07 15:31:00+01:00,0.0635,0.0,0.0,0.0
2017-01-07 15:32:00+01:00,0.06426,0.0,0.0,0.0
2017-01-07 15:33:00+01:00,0.0618,0.0,0.0,0.0
2017-01-07 15:34:00+01:00,0.05706,0.0,0.0,0.0
2017-01-07 15:35:00+01:00,0.05511,0.0,0.0,0.0
2017-01-07 15:36:00+01:00,0.05766,0.0,0.0,0.0
2017-01-07 15:37:00+01:00,0.05821,0.0,0.0,0.0
2017-01-07 15:38:00+01:00,0.06111,0.0,0.0,0.0
2017-01-07 15:39:00+01:00,0.05981,0.0,0.0,0.0
2017-01-07 15:40:00+01:00,0.06015,0.0,0.0,0.0
2017-01-07 15:41:00+01:00,0.05956,0.0,0.0,0.0
2017-01-07 15:42:00+01:00,0.07151,0.0,0.0,0.0
2017-01-07 15:43:00+01:00,0.0585,0.0,0.0,0.0
2017-01-07 15:44:00+01:00,0.06005,0.0,0.0,0.0
2017-01-07 15:45:00+01:00,0.06199,0.0,0.0,0.0
2017-01-07 15:46:00+01:00,0.06334,0.0,0.0,0.0
2017-01-07 15:47:00+01:00,0.06357,0.0,0.0,0.0
2017-01-07 15:48:00+01:00,0.06142,0.0,0.0,0.0
2017-01-07 15:49:00+01:00,0.05885,0.0,0.0,0.0
2017-01-07 15:50:00+01:00,0.05414,0.0,0.0,0.0
2017-01-07 15:51:00+01:00,0.05084,0.0,0.0,0.0
2017-01-07 15:52:00+01:00,0.05301,0.0,0.0,0.0
2017-01-07 15:53:00+01:00,0.05842,0.0,0.0,0.0
2017-01-07 15:54:00+01:00,0.05821,0.0,0.0,0.0
2017-01-07 15:55:00+01:00,0.05944,0.0,0.0,0.0
2017-01-07 15:56:00+01:00,0.05939,0.0,0.0,0.0
2017-01-07 15:57:00+01:00,0.05741,0.0,0.0,0.0
2017-01-07 15:58:00+01:00,0.06347,0.0,0.0,0.0
2017-01-07 15:59:00+01:00,0.06772,0.0,0.0,0.0
2017-01-07 16:00:00+01:00,0.06408,0.0,0.0,0.0
2017-01-07 16:01:00+01:00,0.05777,0.0,0.0,0.0
2017-01-07 16:02:00+01:00,0.06707,0.0,0.0,0.0
2017-01-07 16:03:00+01:00,0.07226,0.0,0.0,0.0
2017-01-07 16:04:00+01:00,0.05771,0.0,0.0,0.0
2017-01-07 16:05:00+01:00,0.06055,0.0,0.0,0.0
2017-01-07 16:06:00+01:00,0.07012,0.0,0.0,0.0
2017-01-07 16:07:00+01:00,0.07103,0.0,0.0,0.0
2017-01-07 16:08:00+01:00,0.07487,0.0,0.0,0.0
2017-01-07 16:09:00+01:00,0.06907,0.0,0.0,0.0
2017-01-07 16:10:00+01:00,0.06652,0.0,0.0,0.0
2017-01-07 16:11:00+01:00,0.06532,0.0,0.0,0.0
2017-01-07 16:12:00+01:00,0.06256,0.0,0.0,0.0
2017-01-07 16:13:00+01:00,0.06175,0.0,0.0,0.0
2017-01-07 16:14:00+01:00,0.06092,0.0,0.0,0.0
2017-01-07 16:15:00+01:00,0.06021,0.0,0.0,0.0
2017-01-07 16:16:00+01:00,0.06353,0.0,0.0,0.0
2017-01-07 16:17:00+01:00,0.05632,0.0,0.0,0.0
2017-01-07 16:18:00+01:00,0.06002,0.0,0.0,0.0
2017-01-07 16:19:00+01:00,0.0659,0.0,0.0,0.0
2017-01-07 16:20:00+01:00,0.06572,0.0,0.0,0.0
2017-01-07 16:21:00+01:00,0.06588,0.0,0.0,0.0
2017-01-07 16:22:00+01:00,0.06176,0.0,0.0,0.0
2017-01-07 16:23:00+01:00,0.05319,0.0,0.0,0.0
2017-01-07 16:24:00+01:00,0.0559,0.0,0.0,0.0
2017-01-07 16:25:00+01:00,0.05689,0.0,0.0,0.0
2017-01-07 16:26:00+01:00,0.05425,0.0,0.0,0.0
2017-01-07 16:27:00+01:00,0.05561,0.0,0.0,0.0
2017-01-07 16:28:00+01:00,0.05742,0.0,0.0,0.0
2017-01-07 16:29:00+01:00,0.05813,0.0,0.0,0.0
2017-01-07 16:30:00+01:00,0.0611,0.0,0.0,0.0
2017-01-07 16:31:00+01:00,0.06862,0.0,0.0,0.0
2017-01-07 16:32:00+01:00,0.06882,0.0,0.0,0.0
2017-01-07 16:33:00+01:00,0.07156,0.0,0.0,0.0
2017-01-07 16:34:00+01:00,0.07198,0.0,0.0,0.0
2017-01-07 16:35:00+01:00,0.0669,0.0,0.0,0.0
2017-01-07 16:36:00+01:00,0.06508,0.0,0.0,0.0
2017-01-07 16:37:00+01:00,0.07265,0.0,0.0,0.0
2017-01-07 16:38:00+01:00,0.08238,0.0,0.0,0.0
2017-01-07 16:39:00+01:00,0.08039,0.0,0.0,0.0
2017-01-07 16:40:00+01:00,0.08445,0.0,0.0,0.0
2017-01-07 16:41:00+01:00,0.07854,0.0,0.0,0.0
2017-01-07 16:42:00+01:00,0.07143,0.0,0.0,0.0
2017-01-07 16:43:00+01:00,0.06653,0.0,0.0,0.0
2017-01-07 16:44:00+01:00,0.06467,0.0,0.0,0.0
2017-01-07 16:45:00+01:00,0.07745,0.0,0.0,0.0
2017-01-07 16:46:00+01:00,0.07841,0.0,0.0,0.0
2017-01-07 16:47:00+01:00,0.07945,0.0,0.0,0.0
2017-01-07 16:48:00+01:00,0.08445,0.0,0.0,0.0
2017-01-07 16:49:00+01:00,0.08936,0.0,0.0,0.0
2017-01-07 16:50:00+01:00,0.08874,0.0,0.0,0.0
2017-01-07 16:51:00+01:00,0.08878,0.0,0.0,0.0
2017-01-07 16:52:00+01:00,0.08581,0.0,0.0,0.0
2017-01-07 16:53:00+01:00,0.07695,0.0,0.0,0.0
2017-01-07 16:54:00+01:00,0.07363,0.0,0.0,0.0
2017-01-07 16:55:00+01:00,0.07198,0.0,0.0,0.0
2017-01-07 16:56:00+01:00,0.08047,0.0,0.0,0.0
2017-01-07 16:57:00+01:00,0.08301,0.0,0.0,0.0
2017-01-07 16:58:00+01:00,0.08363,0.0,0.0,0.0
2017-01-07 16:59:00+01:00,0.08474,0.0,0.0,0.0
2017-01-07 17:00:00+01:00,0.08666,0.0,0.0,0.0
2017-01-07 17:01:00+01:00,0.08711,0.0,0.0,0.0
2017-01-07 17:02:00+01:00,0.08757,0.0,0.0,0.0
2017-01-07 17:03:00+01:00,0.08877,0.0,0.0,0.0
2017-01-07 17:04:00+01:00,0.09217,0.0,0.0,0.0
2017-01-07 17:05:00+01:00,0.10365,0.0,0.0,0.0
2017-01-07 17:06:00+01:00,0.10011,0.0,0.0,0.0
2017-01-07 17:07:00+01:00,0.10145,0.0,0.0,0.0
2017-01-07 17:08:00+01:00,0.09813,0.0,0.0,0.0
2017-01-07 17:09:00+01:00,0.09793,0.0,0.0,0.0
2017-01-07 17:10:00+01:00,0.09412,0.0,0.0,0.0
2017-01-07 17:11:00+01:00,0.09453,0.0,0.0,0.0
2017-01-07 17:12:00+01:00,0.104,0.0,0.0,0.0
2017-01-07 17:13:00+01:00,0.10319,0.0,0.0,0.0
2017-01-07 17:14:00+01:00,0.09536,0.0,0.0,0.0
2017-01-07 17:15:00+01:00,0.10153,0.0,0.0,0.0
2017-01-07 17:16:00+01:00,0.09513,0.0,0.0,0.0
2017-01-07 17:17:00+01:00,0.09267,0.0,0.0,0.0
2017-01-07 17:18:00+01:00,0.09066,0.0,0.0,0.0
2017-01-07 17:19:00+01:00,0.09453,0.0,0.0,0.0
2017-01-07 17:20:00+01:00,0.10232,0.0,0.0,0.0
2017-01-07 17:21:00+01:00,0.09491,0.0,0.0,0.0
2017-01-07 17:22:00+01:00,0.09602,0.0,0.0,0.0
2017-01-07 17:23:00+01:00,0.10324,0.0,0.0,0.0
2017-01-07 17:24:00+01:00,0.10134,0.0,0.0,0.0
2017-01-07 17:25:00+01:00,0.10708,0.0,0.0,0.0
2017-01-07 17:26:00+01:00,0.10418,0.0,0.0,0.0
2017-01-07 17:27:00+01:00,0.10582,0.0,0.0,0.0
2017-01-07 17:28:00+01:00,0.10828,0.0,0.0,0.0
2017-01-07 17:29:00+01:00,0.12047,0.0,0.0,0.0
2017-01-07 17:30:00+01:00,0.11624,0.0,0.0,0.0
2017-01-07 17:31:00+01:00,0.11717,0.0,0.0,0.0
2017-01-07 17:32:00+01:00,0.10789,0.0,0.0,0.0
2017-01-07 17:33:00+01:00,0.10573,0.0,0.0,0.0
2017-01-07 17:34:00+01:00,0.10286,0.0,0.0,0.0
2017-01-07 17:35:00+01:00,0.10741,0.0,0.0,0.0
2017-01-07 17:36:00+01:00,0.10583,0.0,0.0,0.0
2017-01-07 17:37:00+01:00,0.10392,0.0,0.0,0.0
2017-01-07 17:38:00+01:00,0.10353,0.0,0.0,0.0
2017-01-07 17:39:00+01:00,0.09063,0.0,0.0,0.0
2017-01-07 17:40:00+01:00,0.09059,0.0,0.0,0.0
2017-01-07 17:41:00+01:00,0.10309,0.0,0.0,0.0
2017-01-07 17:42:00+01:00,0.10372,0.0,0.0,0.0
2017-01-07 17:43:00+01:00,0.09589,0.0,0.0,0.0
2017-01-07 17:44:00+01:00,0.09995,0.0,0.0,0.0
2017-01-07 17:45:00+01:00,0.10471,0.0,0.0,0.0
2017-01-07 17:46:00+01:00,0.11184,0.0,0.0,0.0
2017-01-07 17:47:00+01:00,0.10906,0.0,0.0,0.0
2017-01-07 17:48:00+01:00,0.10833,0.0,0.0,0.0
2017-01-07 17:49:00+01:00,0.10354,0.0,0.0,0.0
2017-01-07 17:50:00+01:00,0.09849,0.0,0.0,0.0
2017-01-07 17:51:00+01:00,0.09402,0.0,0.0,0.0
2017-01-07 17:52:00+01:00,0.09613,0.0,0.0,0.0
2017-01-07 17:53:00+01:00,0.09082,0.0,0.0,0.0
2017-01-07 17:54:00+01:00,0.10038,0.0,0.0,0.0
2017-01-07 17:55:00+01:00,0.10785,0.0,0.0,0.0
2017-01-07 17:56:00+01:00,0.11529,0.0,0.0,0.0
2017-01-07 17:57:00+01:00,0.12527,0.0,0.0,0.0
2017-01-07 17:58:00+01:00,0.13229,0.0,0.0,0.0
2017-01-07 17:59:00+01:00,0.14197,0.0,0.0,0.0
2017-01-07 18:00:00+01:00,0.14647,0.0,0.0,0.0
2017-01-07 18:01:00+01:00,0.13733,0.0,0.0,0.0
2017-01-07 18:02:00+01:00,0.12958,0.0,0.0,0.0
2017-01-07 18:03:00+01:00,0.12216,0.0,0.0,0.0
2017-01-07 18:04:00+01:00,0.10851,0.0,0.0,0.0
2017-01-07 18:05:00+01:00,0.1134,0.0,0.0,0.0
2017-01-07 18:06:00+01:00,0.12687,0.0,0.0,0.0
2017-01-07 18:07:00+01:00,0.1187,0.0,0.0,0.0
2017-01-07 18:08:00+01:00,0.1063,0.0,0.0,0.0
2017-01-07 18:09:00+01:00,0.10942,0.0,0.0,0.0
2017-01-07 18:10:00+01:00,0.11625,0.0,0.0,0.0
2017-01-07 18:11:00+01:00,0.1235,0.0,0.0,0.0
2017-01-07 18:12:00+01:00,0.12174,0.0,0.0,0.0
2017-01-07 18:13:00+01:00,0.11536,0.0,0.0,0.0
2017-01-07 18:14:00+01:00,0.11777,0.0,0.0,0.0
2017-01-07 18:15:00+01:00,0.11745,0.0,0.0,0.0
2017-01-07 18:16:00+01:00,0.1171,0.0,0.0,0.0
2017-01-07 18:17:00+01:00,0.11412,0.0,0.0,0.0
2017-01-07 18:18:00+01:00,0.12001,0.0,0.0,0.0
2017-01-07 18:19:00+01:00,0.12128,0.0,0.0,0.0
2017-01-07 18:20:00+01:00,0.12248,0.0,0.0,0.0
2017-01-07 18:21:00+01:00,0.10787,0.0,0.0,0.0
2017-01-07 18:22:00+01:00,0.11398,0.0,0.0,0.0
2017-01-07 18:23:00+01:00,0.11248,0.0,0.0,0.0
2017-01-07 18:24:00+01:00,0.10564,0.0,0.0,0.0
2017-01-07 18:25:00+01:00,0.11229,0.0,0.0,0.0
2017-01-07 18:26:00+01:00,0.1098,0.0,0.0,0.0
2017-01-07 18:27:00+01:00,0.1036,0.0,0.0,0.0
2017-01-07 18:28:00+01:00,0.10476,0.0,0.0,0.0
2017-01-07 18:29:00+01:00,0.1062,0.0,0.0,0.0
2017-01-07 18:30:00+01:00,0.10266,0.0,0.0,0.0
2017-01-07 18:31:00+01:00,0.10628,0.0,0.0,0.0
2017-01-07 18:32:00+01:00,0.10073,0.0,0.0,0.0
2017-01-07 18:33:00+01:00,0.1049,0.0,0.0,0.0
2017-01-07 18:34:00+01:00,0.10658,0.0,0.0,0.0
2017-01-07 18:35:00+01:00,0.10929,0.0,0.0,0.0
2017-01-07 18:36:00+01:00,0.11628,0.0,0.0,0.0
2017-01-07 18:37:00+01:00,0.11595,0.0,0.0,0.0
2017-01-07 18:38:00+01:00,0.11645,0.0,0.0,0.0
2017-01-07 18:39:00+01:00,0.11466,0.0,0.0,0.0
2017-01-07 18:40:00+01:00,0.11645,0.0,0.0,0.0
2017-01-07 18:41:00+01:00,0.11745,0.0,0.0,0.0
2017-01-07 18:42:00+01:00,0.12429,0.0,0.0,0.0
2017-01-07 18:43:00+01:00,0.11992,0.0,0.0,0.0
2017-01-07 18:44:00+01:00,0.12166,0.0,0.0,0.0
2017-01-07 18:45:00+01:00,0.11585,0.0,0.0,0.0
2017-01-07 18:46:00+01:00,0.1091,0.0,0.0,0.0
2017-01-07 18:47:00+01:00,0.11151,0.0,0.0,0.0
2017-01-07 18:48:00+01:00,0.10701,0.0,0.0,0.0
2017-01-07 18:49:00+01:00,0.09938,0.0,0.0,0.0
2017-01-07 18:50:00+01:00,0.10266,0.0,0.0,0.0
2017-01-07 18:51:00+01:00,0.10913,0.0,0.0,0.0
2017-01-07 18:52:00+01:00,0.10756,0.0,0.0,0.0
2017-01-07 18:53:00+01:00,0.10452,0.0,0.0,0.0
2017-01-07 18:54:00+01:00,0.10247,0.0,0.0,0.0
2017-01-07 18:55:00+01:00,0.09853,0.0,0.0,0.0
2017-01-07 18:56:00+01:00,0.10136,0.0,0.0,0.0
2017-01-07 18:57:00+01:00,0.09557,0.0,0.0,0.0
2017-01-07 18:58:00+01:00,0.10947,0.0,0.0,0.0
2017-01-07 18:59:00+01:00,0.11311,0.0,0.0,0.0
2017-01-07 19:00:00+01:00,0.12407,0.0,0.0,0.0
2017-01-07 19:01:00+01:00,0.12752,0.0,0.0,0.0
2017-01-07 19:02:00+01:00,0.12412,0.0,0.0,0.0
2017-01-07 19:03:00+01:00,0.12127,0.0,0.0,0.0
2017-01-07 19:04:00+01:00,0.11546,0.0,0.0,0.0
2017-01-07 19:05:00+01:00,0.12289,0.0,0.0,0.0
2017-01-07 19:06:00+01:00,0.1202,0.0,0.0,0.0
2017-01-07 19:07:00+01:00,0.12042,0.0,0.0,0.0
2017-01-07 19:08:00+01:00,0.12756,0.0,0.0,0.0
2017-01-07 19:09:00+01:00,0.13224,0.0,0.0,0.0
2017-01-07 19:10:00+01:00,0.12457,0.0,0.0,0.0
2017-01-07 19:11:00+01:00,0.12722,0.0,0.0,0.0
2017-01-07 19:12:00+01:00,0.12267,0.0,0.0,0.0
2017-01-07 19:13:00+01:00,0.12023,0.0,0.0,0.0
2017-01-07 19:14:00+01:00,0.11664,0.0,0.0,0.0
2017-01-07 19:15:00+01:00,0.12156,0.0,0.0,0.0
2017-01-07 19:16:00+01:00,0.12442,0.0,0.0,0.0
2017-01-07 19:17:00+01:00,0.12009,0.0,0.0,0.0
2017-01-07 19:18:00+01:00,0.11933,0.0,0.0,0.0
2017-01-07 19:19:00+01:00,0.11427,0.0,0.0,0.0
2017-01-07 19:20:00+01:00,0.1133,0.0,0.0,0.0
2017-01-07 19:21:00+01:00,0.11549,0.0,0.0,0.0
2017-01-07 19:22:00+01:00,0.12844,0.0,0.0,0.0
2017-01-07 19:23:00+01:00,0.1145,0.0,0.0,0.0
2017-01-07 19:24:00+01:00,0.1058,0.0,0.0,0.0
2017-01-07 19:25:00+01:00,0.09772,0.0,0.0,0.0
2017-01-07 19:26:00+01:00,0.10542,0.0,0.0,0.0
2017-01-07 19:27:00+01:00,0.10602,0.0,0.0,0.0
2017-01-07 19:28:00+01:00,0.1112,0.0,0.0,0.0
2017-01-07 19:29:00+01:00,0.09794,0.0,0.0,0.0
2017-01-07 19:30:00+01:00,0.0968,0.0,0.0,0.0
2017-01-07 19:31:00+01:00,0.09832,0.0,0.0,0.0
2017-01-07 19:32:00+01:00,0.09636,0.0,0.0,0.0
2017-01-07 19:33:00+01:00,0.09232,0.0,0.0,0.0
2017-01-07 19:34:00+01:00,0.09995,0.0,0.0,0.0
2017-01-07 19:35:00+01:00,0.10808,0.0,0.0,0.0
2017-01-07 19:36:00+01:00,0.11781,0.0,0.0,0.0
2017-01-07 19:37:00+01:00,0.10315,0.0,0.0,0.0
2017-01-07 19:38:00+01:00,0.10537,0.0,0.0,0.0
2017-01-07 19:39:00+01:00,0.11121,0.0,0.0,0.0
2017-01-07 19:40:00+01:00,0.10771,0.0,0.0,0.0
2017-01-07 19:41:00+01:00,0.10481,0.0,0.0,0.0
2017-01-07 19:42:00+01:00,0.11117,0.0,0.0,0.0
2017-01-07 19:43:00+01:00,0.1061,0.0,0.0,0.0
2017-01-07 19:44:00+01:00,0.10614,0.0,0.0,0.0
2017-01-07 19:45:00+01:00,0.10621,0.0,0.0,0.0
2017-01-07 19:46:00+01:00,0.11207,0.0,0.0,0.0
2017-01-07 19:47:00+01:00,0.12902,0.0,0.0,0.0
2017-01-07 19:48:00+01:00,0.12916,0.0,0.0,0.0
2017-01-07 19:49:00+01:00,0.12656,0.0,0.0,0.0
2017-01-07 19:50:00+01:00,0.11214,0.0,0.0,0.0
2017-01-07 19:51:00+01:00,0.10056,0.0,0.0,0.0
2017-01-07 19:52:00+01:00,0.10325,0.0,0.0,0.0
2017-01-07 19:53:00+01:00,0.09855,0.0,0.0,0.0
2017-01-07 19:54:00+01:00,0.10046,0.0,0.0,0.0
2017-01-07 19:55:00+01:00,0.10116,0.0,0.0,0.0
2017-01-07 19:56:00+01:00,0.10074,0.0,0.0,0.0
2017-01-07 19:57:00+01:00,0.09552,0.0,0.0,0.0
2017-01-07 19:58:00+01:00,0.09605,0.0,0.0,0.0
2017-01-07 19:59:00+01:00,0.0955,0.0,0.0,0.0
2017-01-07 20:00:00+01:00,0.09246,0.0,0.0,0.0
2017-01-07 20:01:00+01:00,0.09182,0.0,0.0,0.0
2017-01-07 20:02:00+01:00,0.08682,0.0,0.0,0.0
2017-01-07 20:03:00+01:00,0.08683,0.0,0.0,0.0
2017-01-07 20:04:00+01:00,0.09337,0.0,0.0,0.0
2017-01-07 20:05:00+01:00,0.09176,0.0,0.0,0.0
2017-01-07 20:06:00+01:00,0.09301,0.0,0.0,0.0
2017-01-07 20:07:00+01:00,0.09676,0.0,0.0,0.0
2017-01-07 20:08:00+01:00,0.10226,0.0,0.0,0.0
2017-01-07 20:09:00+01:00,0.10945,0.0,0.0,0.0
2017-01-07 20:10:00+01:00,0.09761,0.0,0.0,0.0
2017-01-07 20:11:00+01:00,0.11336,0.0,0.0,0.0
2017-01-07 20:12:00+01:00,0.11952,0.0,0.0,0.0
2017-01-07 20:13:00+01:00,0.12887,0.0,0.0,0.0
2017-01-07 20:14:00+01:00,0.1252,0.0,0.0,0.0
2017-01-07 20:15:00+01:00,0.11495,0.0,0.0,0.0
2017-01-07 20:16:00+01:00,0.10754,0.0,0.0,0.0
2017-01-07 20:17:00+01:00,0.1024,0.0,0.0,0.0
2017-01-07 20:18:00+01:00,0.10475,0.0,0.0,0.0
2017-01-07 20:19:00+01:00,0.1024,0.0,0.0,0.0
2017-01-07 20:20:00+01:00,0.10254,0.0,0.0,0.0
2017-01-07 20:21:00+01:00,0.09784,0.0,0.0,0.0
2017-01-07 20:22:00+01:00,0.09783,0.0,0.0,0.0
2017-01-07 20:23:00+01:00,0.09492,0.0,0.0,0.0
2017-01-07 20:24:00+01:00,0.08817,0.0,0.0,0.0
2017-01-07 20:25:00+01:00,0.09164,0.0,0.0,0.0
2017-01-07 20:26:00+01:00,0.09149,0.0,0.0,0.0
2017-01-07 20:27:00+01:00,0.09581,0.0,0.0,0.0
2017-01-07 20:28:00+01:00,0.10228,0.0,0.0,0.0
2017-01-07 20:29:00+01:00,0.10851,0.0,0.0,0.0
2017-01-07 20:30:00+01:00,0.10564,0.0,0.0,0.0
2017-01-07 20:31:00+01:00,0.09789,0.0,0.0,0.0
2017-01-07 20:32:00+01:00,0.09611,0.0,0.0,0.0
2017-01-07 20:33:00+01:00,0.09609,0.0,0.0,0.0
2017-01-07 20:34:00+01:00,0.09499,0.0,0.0,0.0
2017-01-07 20:35:00+01:00,0.10124,0.0,0.0,0.0
2017-01-07 20:36:00+01:00,0.10573,0.0,0.0,0.0
2017-01-07 20:37:00+01:00,0.09611,0.0,0.0,0.0
2017-01-07 20:38:00+01:00,0.09436,0.0,0.0,0.0
2017-01-07 20:39:00+01:00,0.09171,0.0,0.0,0.0
2017-01-07 20:40:00+01:00,0.09542,0.0,0.0,0.0
2017-01-07 20:41:00+01:00,0.10268,0.0,0.0,0.0
2017-01-07 20:42:00+01:00,0.10943,0.0,0.0,0.0
2017-01-07 20:43:00+01:00,0.10655,0.0,0.0,0.0
2017-01-07 20:44:00+01:00,0.10812,0.0,0.0,0.0
2017-01-07 20:45:00+01:00,0.09787,0.0,0.0,0.0
2017-01-07 20:46:00+01:00,0.0956,0.0,0.0,0.0
2017-01-07 20:47:00+01:00,0.10324,0.0,0.0,0.0
2017-01-07 20:48:00+01:00,0.11728,0.0,0.0,0.0
2017-01-07 20:49:00+01:00,0.12525,0.0,0.0,0.0
2017-01-07 20:50:00+01:00,0.1099,0.0,0.0,0.0
2017-01-07 20:51:00+01:00,0.10207,0.0,0.0,0.0
2017-01-07 20:52:00+01:00,0.10152,0.0,0.0,0.0
2017-01-07 20:53:00+01:00,0.11059,0.0,0.0,0.0
2017-01-07 20:54:00+01:00,0.09619,0.0,0.0,0.0
2017-01-07 20:55:00+01:00,0.09052,0.0,0.0,0.0
2017-01-07 20:56:00+01:00,0.09663,0.0,0.0,0.0
2017-01-07 20:57:00+01:00,0.09461,0.0,0.0,0.0
2017-01-07 20:58:00+01:00,0.09097,0.0,0.0,0.0
2017-01-07 20:59:00+01:00,0.0911,0.0,0.0,0.0
2017-01-07 21:00:00+01:00,0.09456,0.0,0.0,0.0
2017-01-07 21:01:00+01:00,0.09248,0.0,0.0,0.0
2017-01-07 21:02:00+01:00,0.0962,0.0,0.0,0.0
2017-01-07 21:03:00+01:00,0.09543,0.0,0.0,0.0
2017-01-07 21:04:00+01:00,0.09093,0.0,0.0,0.0
2017-01-07 21:05:00+01:00,0.09656,0.0,0.0,0.0
2017-01-07 21:06:00+01:00,0.09831,0.0,0.0,0.0
2017-01-07 21:07:00+01:00,0.08993,0.0,0.0,0.0
2017-01-07 21:08:00+01:00,0.08205,0.0,0.0,0.0
2017-01-07 21:09:00+01:00,0.09144,0.0,0.0,0.0
2017-01-07 21:10:00+01:00,0.09372,0.0,0.0,0.0
2017-01-07 21:11:00+01:00,0.09113,0.0,0.0,0.0
2017-01-07 21:12:00+01:00,0.08949,0.0,0.0,0.0
2017-01-07 21:13:00+01:00,0.09092,0.0,0.0,0.0
2017-01-07 21:14:00+01:00,0.09569,0.0,0.0,0.0
2017-01-07 21:15:00+01:00,0.10201,0.0,0.0,0.0
2017-01-07 21:16:00+01:00,0.1005,0.0,0.0,0.0
2017-01-07 21:17:00+01:00,0.09201,0.0,0.0,0.0
2017-01-07 21:18:00+01:00,0.0912,0.0,0.0,0.0
2017-01-07 21:19:00+01:00,0.0906,0.0,0.0,0.0
2017-01-07 21:20:00+01:00,0.09237,0.0,0.0,0.0
2017-01-07 21:21:00+01:00,0.09574,0.0,0.0,0.0
2017-01-07 21:22:00+01:00,0.09268,0.0,0.0,0.0
2017-01-07 21:23:00+01:00,0.07703,0.0,0.0,0.0
2017-01-07 21:24:00+01:00,0.08154,0.0,0.0,0.0
2017-01-07 21:25:00+01:00,0.08016,0.0,0.0,0.0
2017-01-07 21:26:00+01:00,0.0841,0.0,0.0,0.0
2017-01-07 21:27:00+01:00,0.08527,0.0,0.0,0.0
2017-01-07 21:28:00+01:00,0.08625,0.0,0.0,0.0
2017-01-07 21:29:00+01:00,0.08649,0.0,0.0,0.0
2017-01-07 21:30:00+01:00,0.09675,0.0,0.0,0.0
2017-01-07 21:31:00+01:00,0.10721,0.0,0.0,0.0
2017-01-07 21:32:00+01:00,0.0974,0.0,0.0,0.0
2017-01-07 21:33:00+01:00,0.09568,0.0,0.0,0.0
2017-01-07 21:34:00+01:00,0.09256,0.0,0.0,0.0
2017-01-07 21:35:00+01:00,0.09169,0.0,0.0,0.0
2017-01-07 21:36:00+01:00,0.09177,0.0,0.0,0.0
2017-01-07 21:37:00+01:00,0.09055,0.0,0.0,0.0
2017-01-07 21:38:00+01:00,0.09047,0.0,0.0,0.0
2017-01-07 21:39:00+01:00,0.09282,0.0,0.0,0.0
2017-01-07 21:40:00+01:00,0.08976,0.0,0.0,0.0
2017-01-07 21:41:00+01:00,0.08203,0.0,0.0,0.0
2017-01-07 21:42:00+01:00,0.08082,0.0,0.0,0.0
2017-01-07 21:43:00+01:00,0.08261,0.0,0.0,0.0
2017-01-07 21:44:00+01:00,0.07957,0.0,0.0,0.0
2017-01-07 21:45:00+01:00,0.07926,0.0,0.0,0.0
2017-01-07 21:46:00+01:00,0.09324,0.0,0.0,0.0
2017-01-07 21:47:00+01:00,0.08342,0.0,0.0,0.0
2017-01-07 21:48:00+01:00,0.07675,0.0,0.0,0.0
2017-01-07 21:49:00+01:00,0.07743,0.0,0.0,0.0
2017-01-07 21:50:00+01:00,0.07764,0.0,0.0,0.0
2017-01-07 21:51:00+01:00,0.07588,0.0,0.0,0.0
2017-01-07 21:52:00+01:00,0.07362,0.0,0.0,0.0
2017-01-07 21:53:00+01:00,0.07758,0.0,0.0,0.0
2017-01-07 21:54:00+01:00,0.07388,0.0,0.0,0.0
2017-01-07 21:55:00+01:00,0.07381,0.0,0.0,0.0
2017-01-07 21:56:00+01:00,0.08234,0.0,0.0,0.0
2017-01-07 21:57:00+01:00,0.07917,0.0,0.0,0.0
2017-01-07 21:58:00+01:00,0.07856,0.0,0.0,0.0
2017-01-07 21:59:00+01:00,0.07714,0.0,0.0,0.0
2017-01-07 22:00:00+01:00,0.0729,0.0,0.0,0.0
2017-01-07 22:01:00+01:00,0.07423,0.0,0.0,0.0
2017-01-07 22:02:00+01:00,0.07329,0.0,0.0,0.0
2017-01-07 22:03:00+01:00,0.07997,0.0,0.0,0.0
2017-01-07 22:04:00+01:00,0.08451,0.0,0.0,0.0
2017-01-07 22:05:00+01:00,0.08732,0.0,0.0,0.0
2017-01-07 22:06:00+01:00,0.07801,0.0,0.0,0.0
2017-01-07 22:07:00+01:00,0.07505,0.0,0.0,0.0
2017-01-07 22:08:00+01:00,0.08124,0.0,0.0,0.0
2017-01-07 22:09:00+01:00,0.08445,0.0,0.0,0.0
2017-01-07 22:10:00+01:00,0.08182,0.0,0.0,0.0
2017-01-07 22:11:00+01:00,0.0878,0.0,0.0,0.0
2017-01-07 22:12:00+01:00,0.07871,0.0,0.0,0.0
2017-01-07 22:13:00+01:00,0.07778,0.0,0.0,0.0
2017-01-07 22:14:00+01:00,0.08012,0.0,0.0,0.0
2017-01-07 22:15:00+01:00,0.07832,0.0,0.0,0.0
2017-01-07 22:16:00+01:00,0.07779,0.0,0.0,0.0
2017-01-07 22:17:00+01:00,0.07332,0.0,0.0,0.0
2017-01-07 22:18:00+01:00,0.06996,0.0,0.0,0.0
2017-01-07 22:19:00+01:00,0.06697,0.0,0.0,0.0
2017-01-07 22:20:00+01:00,0.06042,0.0,0.0,0.0
2017-01-07 22:21:00+01:00,0.06484,0.0,0.0,0.0
2017-01-07 22:22:00+01:00,0.06317,0.0,0.0,0.0
2017-01-07 22:23:00+01:00,0.06598,0.0,0.0,0.0
2017-01-07 22:24:00+01:00,0.06458,0.0,0.0,0.0
2017-01-07 22:25:00+01:00,0.06533,0.0,0.0,0.0
2017-01-07 22:26:00+01:00,0.06933,0.0,0.0,0.0
2017-01-07 22:27:00+01:00,0.06952,0.0,0.0,0.0
2017-01-07 22:28:00+01:00,0.06833,0.0,0.0,0.0
2017-01-07 22:29:00+01:00,0.06726,0.0,0.0,0.0
2017-01-07 22:30:00+01:00,0.07409,0.0,0.0,0.0
2017-01-07 22:31:00+01:00,0.07223,0.0,0.0,0.0
2017-01-07 22:32:00+01:00,0.07147,0.0,0.0,0.0
2017-01-07 22:33:00+01:00,0.07598,0.0,0.0,0.0
2017-01-07 22:34:00+01:00,0.07478,0.0,0.0,0.0
2017-01-07 22:35:00+01:00,0.08066,0.0,0.0,0.0
2017-01-07 22:36:00+01:00,0.07495,0.0,0.0,0.0
2017-01-07 22:37:00+01:00,0.07267,0.0,0.0,0.0
2017-01-07 22:38:00+01:00,0.06563,0.0,0.0,0.0
2017-01-07 22:39:00+01:00,0.06731,0.0,0.0,0.0
2017-01-07 22:40:00+01:00,0.06118,0.0,0.0,0.0
2017-01-07 22:41:00+01:00,0.05711,0.0,0.0,0.0
2017-01-07 22:42:00+01:00,0.05783,0.0,0.0,0.0
2017-01-07 22:43:00+01:00,0.06051,0.0,0.0,0.0
2017-01-07 22:44:00+01:00,0.06235,0.0,0.0,0.0
2017-01-07 22:45:00+01:00,0.06381,0.0,0.0,0.0
2017-01-07 22:46:00+01:00,0.06223,0.0,0.0,0.0
2017-01-07 22:47:00+01:00,0.06131,0.0,0.0,0.0
2017-01-07 22:48:00+01:00,0.06296,0.0,0.0,0.0
2017-01-07 22:49:00+01:00,0.06556,0.0,0.0,0.0
2017-01-07 22:50:00+01:00,0.06758,0.0,0.0,0.0
2017-01-07 22:51:00+01:00,0.07023,0.0,0.0,0.0
2017-01-07 22:52:00+01:00,0.06541,0.0,0.0,0.0
2017-01-07 22:53:00+01:00,0.06358,0.0,0.0,0.0
2017-01-07 22:54:00+01:00,0.05729,0.0,0.0,0.0
2017-01-07 22:55:00+01:00,0.05871,0.0,0.0,0.0
2017-01-07 22:56:00+01:00,0.05626,0.0,0.0,0.0
2017-01-07 22:57:00+01:00,0.06371,0.0,0.0,0.0
2017-01-07 22:58:00+01:00,0.06844,0.0,0.0,0.0
2017-01-07 22:59:00+01:00,0.06263,0.0,0.0,0.0
2017-01-07 23:00:00+01:00,0.06287,0.0,0.0,0.0
2017-01-07 23:01:00+01:00,0.06723,0.0,0.0,0.0
2017-01-07 23:02:00+01:00,0.06377,0.0,0.0,0.0
2017-01-07 23:03:00+01:00,0.06437,0.0,0.0,0.0
2017-01-07 23:04:00+01:00,0.05848,0.0,0.0,0.0
2017-01-07 23:05:00+01:00,0.05702,0.0,0.0,0.0
2017-01-07 23:06:00+01:00,0.06279,0.0,0.0,0.0
2017-01-07 23:07:00+01:00,0.06065,0.0,0.0,0.0
2017-01-07 23:08:00+01:00,0.06216,0.0,0.0,0.0
2017-01-07 23:09:00+01:00,0.05893,0.0,0.0,0.0
2017-01-07 23:10:00+01:00,0.0565,0.0,0.0,0.0
2017-01-07 23:11:00+01:00,0.05477,0.0,0.0,0.0
2017-01-07 23:12:00+01:00,0.0561,0.0,0.0,0.0
2017-01-07 23:13:00+01:00,0.06416,0.0,0.0,0.0
2017-01-07 23:14:00+01:00,0.0646,0.0,0.0,0.0
2017-01-07 23:15:00+01:00,0.06676,0.0,0.0,0.0
2017-01-07 23:16:00+01:00,0.06931,0.0,0.0,0.0
2017-01-07 23:17:00+01:00,0.05986,0.0,0.0,0.0
2017-01-07 23:18:00+01:00,0.06001,0.0,0.0,0.0
2017-01-07 23:19:00+01:00,0.05808,0.0,0.0,0.0
2017-01-07 23:20:00+01:00,0.05998,0.0,0.0,0.0
2017-01-07 23:21:00+01:00,0.05761,0.0,0.0,0.0
2017-01-07 23:22:00+01:00,0.05607,0.0,0.0,0.0
2017-01-07 23:23:00+01:00,0.05296,0.0,0.0,0.0
2017-01-07 23:24:00+01:00,0.05453,0.0,0.0,0.0
2017-01-07 23:25:00+01:00,0.05409,0.0,0.0,0.0
2017-01-07 23:26:00+01:00,0.05033,0.0,0.0,0.0
2017-01-07 23:27:00+01:00,0.04804,0.0,0.0,0.0
2017-01-07 23:28:00+01:00,0.05011,0.0,0.0,0.0
2017-01-07 23:29:00+01:00,0.05129,0.0,0.0,0.0
2017-01-07 23:30:00+01:00,0.05455,0.0,0.0,0.0
2017-01-07 23:31:00+01:00,0.05557,0.0,0.0,0.0
2017-01-07 23:32:00+01:00,0.05239,0.0,0.0,0.0
2017-01-07 23:33:00+01:00,0.05185,0.0,0.0,0.0
2017-01-07 23:34:00+01:00,0.05525,0.0,0.0,0.0
2017-01-07 23:35:00+01:00,0.05301,0.0,0.0,0.0
2017-01-07 23:36:00+01:00,0.05478,0.0,0.0,0.0
2017-01-07 23:37:00+01:00,0.05631,0.0,0.0,0.0
2017-01-07 23:38:00+01:00,0.0584,0.0,0.0,0.0
2017-01-07 23:39:00+01:00,0.06065,0.0,0.0,0.0
2017-01-07 23:40:00+01:00,0.06458,0.0,0.0,0.0
2017-01-07 23:41:00+01:00,0.05696,0.0,0.0,0.0
2017-01-07 23:42:00+01:00,0.05292,0.0,0.0,0.0
2017-01-07 23:43:00+01:00,0.05442,0.0,0.0,0.0
2017-01-07 23:44:00+01:00,0.05513,0.0,0.0,0.0
2017-01-07 23:45:00+01:00,0.05931,0.0,0.0,0.0
2017-01-07 23:46:00+01:00,0.05633,0.0,0.0,0.0
2017-01-07 23:47:00+01:00,0.05323,0.0,0.0,0.0
2017-01-07 23:48:00+01:00,0.05911,0.0,0.0,0.0
2017-01-07 23:49:00+01:00,0.0555,0.0,0.0,0.0
2017-01-07 23:50:00+01:00,0.05463,0.0,0.0,0.0
2017-01-07 23:51:00+01:00,0.05552,0.0,0.0,0.0
2017-01-07 23:52:00+01:00,0.05015,0.0,0.0,0.0
2017-01-07 23:53:00+01:00,0.05056,0.0,0.0,0.0
2017-01-07 23:54:00+01:00,0.05461,0.0,0.0,0.0
2017-01-07 23:55:00+01:00,0.05939,0.0,0.0,0.0
2017-01-07 23:56:00+01:00,0.05597,0.0,0.0,0.0
2017-01-07 23:57:00+01:00,0.05653,0.0,0.0,0.0
2017-01-07 23:58:00+01:00,0.0544,0.0,0.0,0.0
2017-01-07 23:59:00+01:00,0.05317,0.0,0.0,0.0
2017-01-08 00:00:00+01:00,0.05033,0.0,0.0,0.0
2017-01-08 00:01:00+01:00,0.05291,0.0,0.0,0.0
2017-01-08 00:02:00+01:00,0.05835,0.0,0.0,0.0
2017-01-08 00:03:00+01:00,0.05148,0.0,0.0,0.0
2017-01-08 00:04:00+01:00,0.05682,0.0,0.0,0.0
2017-01-08 00:05:00+01:00,0.04691,0.0,0.0,0.0
2017-01-08 00:06:00+01:00,0.04448,0.0,0.0,0.0
2017-01-08 00:07:00+01:00,0.04377,0.0,0.0,0.0
2017-01-08 00:08:00+01:00,0.04778,0.0,0.0,0.0
2017-01-08 00:09:00+01:00,0.04693,0.0,0.0,0.0
2017-01-08 00:10:00+01:00,0.05182,0.0,0.0,0.0
2017-01-08 00:11:00+01:00,0.04476,0.0,0.0,0.0
2017-01-08 00:12:00+01:00,0.04536,0.0,0.0,0.0
2017-01-08 00:13:00+01:00,0.04546,0.0,0.0,0.0
2017-01-08 00:14:00+01:00,0.04856,0.0,0.0,0.0
2017-01-08 00:15:00+01:00,0.05284,0.0,0.0,0.0
2017-01-08 00:16:00+01:00,0.04676,0.0,0.0,0.0
2017-01-08 00:17:00+01:00,0.04665,0.0,0.0,0.0
2017-01-08 00:18:00+01:00,0.04634,0.0,0.0,0.0
2017-01-08 00:19:00+01:00,0.04836,0.0,0.0,0.0
2017-01-08 00:20:00+01:00,0.04994,0.0,0.0,0.0
2017-01-08 00:21:00+01:00,0.04961,0.0,0.0,0.0
2017-01-08 00:22:00+01:00,0.0532,0.0,0.0,0.0
2017-01-08 00:23:00+01:00,0.04972,0.0,0.0,0.0
2017-01-08 00:24:00+01:00,0.05383,0.0,0.0,0.0
2017-01-08 00:25:00+01:00,0.05047,0.0,0.0,0.0
2017-01-08 00:26:00+01:00,0.04568,0.0,0.0,0.0
2017-01-08 00:27:00+01:00,0.04667,0.0,0.0,0.0
2017-01-08 00:28:00+01:00,0.04382,0.0,0.0,0.0
2017-01-08 00:29:00+01:00,0.04026,0.0,0.0,0.0
2017-01-08 00:30:00+01:00,0.04775,0.0,0.0,0.0
2017-01-08 00:31:00+01:00,0.04703,0.0,0.0,0.0
2017-01-08 00:32:00+01:00,0.04342,0.0,0.0,0.0
2017-01-08 00:33:00+01:00,0.04214,0.0,0.0,0.0
2017-01-08 00:34:00+01:00,0.04293,0.0,0.0,0.0
2017-01-08 00:35:00+01:00,0.04858,0.0,0.0,0.0
2017-01-08 00:36:00+01:00,0.05691,0.0,0.0,0.0
2017-01-08 00:37:00+01:00,0.0444,0.0,0.0,0.0
2017-01-08 00:38:00+01:00,0.04603,0.0,0.0,0.0
2017-01-08 00:39:00+01:00,0.04516,0.0,0.0,0.0
2017-01-08 00:40:00+01:00,0.04314,0.0,0.0,0.0
2017-01-08 00:41:00+01:00,0.04402,0.0,0.0,0.0
2017-01-08 00:42:00+01:00,0.04058,0.0,0.0,0.0
2017-01-08 00:43:00+01:00,0.04137,0.0,0.0,0.0
2017-01-08 00:44:00+01:00,0.04369,0.0,0.0,0.0
2017-01-08 00:45:00+01:00,0.0476,0.0,0.0,0.0
2017-01-08 00:46:00+01:00,0.04856,0.0,0.0,0.0
2017-01-08 00:47:00+01:00,0.0445,0.0,0.0,0.0
2017-01-08 00:48:00+01:00,0.04437,0.0,0.0,0.0
2017-01-08 00:49:00+01:00,0.04076,0.0,0.0,0.0
2017-01-08 00:50:00+01:00,0.03698,0.0,0.0,0.0
2017-01-08 00:51:00+01:00,0.03372,0.0,0.0,0.0
2017-01-08 00:52:00+01:00,0.03598,0.0,0.0,0.0
2017-01-08 00:53:00+01:00,0.03713,0.0,0.0,0.0
2017-01-08 00:54:00+01:00,0.03998,0.0,0.0,0.0
2017-01-08 00:55:00+01:00,0.04062,0.0,0.0,0.0
2017-01-08 00:56:00+01:00,0.04271,0.0,0.0,0.0
2017-01-08 00:57:00+01:00,0.03767,0.0,0.0,0.0
2017-01-08 00:58:00+01:00,0.03893,0.0,0.0,0.0
2017-01-08 00:59:00+01:00,0.03898,0.0,0.0,0.0
2017-01-08 01:00:00+01:00,0.03872,0.0,0.0,0.0
2017-01-08 01:01:00+01:00,0.04033,0.0,0.0,0.0
2017-01-08 01:02:00+01:00,0.04364,0.0,0.0,0.0
2017-01-08 01:03:00+01:00,0.04271,0.0,0.0,0.0
2017-01-08 01:04:00+01:00,0.04124,0.0,0.0,0.0
2017-01-08 01:05:00+01:00,0.03809,0.0,0.0,0.0
2017-01-08 01:06:00+01:00,0.03653,0.0,0.0,0.0
2017-01-08 01:07:00+01:00,0.03557,0.0,0.0,0.0
2017-01-08 01:08:00+01:00,0.03602,0.0,0.0,0.0
2017-01-08 01:09:00+01:00,0.04049,0.0,0.0,0.0
2017-01-08 01:10:00+01:00,0.04136,0.0,0.0,0.0
2017-01-08 01:11:00+01:00,0.04157,0.0,0.0,0.0
2017-01-08 01:12:00+01:00,0.04037,0.0,0.0,0.0
2017-01-08 01:13:00+01:00,0.03712,0.0,0.0,0.0
2017-01-08 01:14:00+01:00,0.03995,0.0,0.0,0.0
2017-01-08 01:15:00+01:00,0.03664,0.0,0.0,0.0
2017-01-08 01:16:00+01:00,0.03914,0.0,0.0,0.0
2017-01-08 01:17:00+01:00,0.03833,0.0,0.0,0.0
2017-01-08 01:18:00+01:00,0.03799,0.0,0.0,0.0
2017-01-08 01:19:00+01:00,0.03709,0.0,0.0,0.0
2017-01-08 01:20:00+01:00,0.04016,0.0,0.0,0.0
2017-01-08 01:21:00+01:00,0.03946,0.0,0.0,0.0
2017-01-08 01:22:00+01:00,0.03821,0.0,0.0,0.0
2017-01-08 01:23:00+01:00,0.04011,0.0,0.0,0.0
2017-01-08 01:24:00+01:00,0.0393,0.0,0.0,0.0
2017-01-08 01:25:00+01:00,0.03808,0.0,0.0,0.0
2017-01-08 01:26:00+01:00,0.0437,0.0,0.0,0.0
2017-01-08 01:27:00+01:00,0.03766,0.0,0.0,0.0
2017-01-08 01:28:00+01:00,0.03653,0.0,0.0,0.0
2017-01-08 01:29:00+01:00,0.03801,0.0,0.0,0.0
2017-01-08 01:30:00+01:00,0.03494,0.0,0.0,0.0
2017-01-08 01:31:00+01:00,0.03681,0.0,0.0,0.0
2017-01-08 01:32:00+01:00,0.03488,0.0,0.0,0.0
2017-01-08 01:33:00+01:00,0.03569,0.0,0.0,0.0
2017-01-08 01:34:00+01:00,0.03508,0.0,0.0,0.0
2017-01-08 01:35:00+01:00,0.03345,0.0,0.0,0.0
2017-01-08 01:36:00+01:00,0.03436,0.0,0.0,0.0
2017-01-08 01:37:00+01:00,0.03342,0.0,0.0,0.0
2017-01-08 01:38:00+01:00,0.03446,0.0,0.0,0.0
2017-01-08 01:39:00+01:00,0.0413,0.0,0.0,0.0
2017-01-08 01:40:00+01:00,0.04156,0.0,0.0,0.0
2017-01-08 01:41:00+01:00,0.03706,0.0,0.0,0.0
2017-01-08 01:42:00+01:00,0.03835,0.0,0.0,0.0
2017-01-08 01:43:00+01:00,0.03595,0.0,0.0,0.0
2017-01-08 01:44:00+01:00,0.03478,0.0,0.0,0.0
2017-01-08 01:45:00+01:00,0.03395,0.0,0.0,0.0
2017-01-08 01:46:00+01:00,0.03345,0.0,0.0,0.0
2017-01-08 01:47:00+01:00,0.03315,0.0,0.0,0.0
2017-01-08 01:48:00+01:00,0.03151,0.0,0.0,0.0
2017-01-08 01:49:00+01:00,0.03521,0.0,0.0,0.0
2017-01-08 01:50:00+01:00,0.03565,0.0,0.0,0.0
2017-01-08 01:51:00+01:00,0.03791,0.0,0.0,0.0
2017-01-08 01:52:00+01:00,0.03627,0.0,0.0,0.0
2017-01-08 01:53:00+01:00,0.04097,0.0,0.0,0.0
2017-01-08 01:54:00+01:00,0.04914,0.0,0.0,0.0
2017-01-08 01:55:00+01:00,0.04475,0.0,0.0,0.0
2017-01-08 01:56:00+01:00,0.04019,0.0,0.0,0.0
2017-01-08 01:57:00+01:00,0.03781,0.0,0.0,0.0
2017-01-08 01:58:00+01:00,0.03611,0.0,0.0,0.0
2017-01-08 01:59:00+01:00,0.03601,0.0,0.0,0.0
2017-01-08 02:00:00+01:00,0.03636,0.0,0.0,0.0
2017-01-08 02:01:00+01:00,0.03777,0.0,0.0,0.0
2017-01-08 02:02:00+01:00,0.0376,0.0,0.0,0.0
2017-01-08 02:03:00+01:00,0.0395,0.0,0.0,0.0
2017-01-08 02:04:00+01:00,0.03669,0.0,0.0,0.0
2017-01-08 02:05:00+01:00,0.03438,0.0,0.0,0.0
2017-01-08 02:06:00+01:00,0.03697,0.0,0.0,0.0
2017-01-08 02:07:00+01:00,0.04063,0.0,0.0,0.0
2017-01-08 02:08:00+01:00,0.03881,0.0,0.0,0.0
2017-01-08 02:09:00+01:00,0.03244,0.0,0.0,0.0
2017-01-08 02:10:00+01:00,0.0317,0.0,0.0,0.0
2017-01-08 02:11:00+01:00,0.03394,0.0,0.0,0.0
2017-01-08 02:12:00+01:00,0.03692,0.0,0.0,0.0
2017-01-08 02:13:00+01:00,0.03941,0.0,0.0,0.0
2017-01-08 02:14:00+01:00,0.04103,0.0,0.0,0.0
2017-01-08 02:15:00+01:00,0.04031,0.0,0.0,0.0
2017-01-08 02:16:00+01:00,0.03776,0.0,0.0,0.0
2017-01-08 02:17:00+01:00,0.03753,0.0,0.0,0.0
2017-01-08 02:18:00+01:00,0.0421,0.0,0.0,0.0
2017-01-08 02:19:00+01:00,0.04647,0.0,0.0,0.0
2017-01-08 02:20:00+01:00,0.04746,0.0,0.0,0.0
2017-01-08 02:21:00+01:00,0.04549,0.0,0.0,0.0
2017-01-08 02:22:00+01:00,0.04344,0.0,0.0,0.0
2017-01-08 02:23:00+01:00,0.04388,0.0,0.0,0.0
2017-01-08 02:24:00+01:00,0.04859,0.0,0.0,0.0
2017-01-08 02:25:00+01:00,0.04479,0.0,0.0,0.0
2017-01-08 02:26:00+01:00,0.03599,0.0,0.0,0.0
2017-01-08 02:27:00+01:00,0.03512,0.0,0.0,0.0
2017-01-08 02:28:00+01:00,0.03373,0.0,0.0,0.0
2017-01-08 02:29:00+01:00,0.03024,0.0,0.0,0.0
2017-01-08 02:30:00+01:00,0.02983,0.0,0.0,0.0
2017-01-08 02:31:00+01:00,0.03172,0.0,0.0,0.0
2017-01-08 02:32:00+01:00,0.03138,0.0,0.0,0.0
2017-01-08 02:33:00+01:00,0.03325,0.0,0.0,0.0
2017-01-08 02:34:00+01:00,0.03253,0.0,0.0,0.0
2017-01-08 02:35:00+01:00,0.03215,0.0,0.0,0.0
2017-01-08 02:36:00+01:00,0.03696,0.0,0.0,0.0
2017-01-08 02:37:00+01:00,0.03907,0.0,0.0,0.0
2017-01-08 02:38:00+01:00,0.03569,0.0,0.0,0.0
2017-01-08 02:39:00+01:00,0.03454,0.0,0.0,0.0
2017-01-08 02:40:00+01:00,0.03282,0.0,0.0,0.0
2017-01-08 02:41:00+01:00,0.03091,0.0,0.0,0.0
2017-01-08 02:42:00+01:00,0.03312,0.0,0.0,0.0
2017-01-08 02:43:00+01:00,0.03228,0.0,0.0,0.0
2017-01-08 02:44:00+01:00,0.03094,0.0,0.0,0.0
2017-01-08 02:45:00+01:00,0.03001,0.0,0.0,0.0
2017-01-08 02:46:00+01:00,0.03658,0.0,0.0,0.0
2017-01-08 02:47:00+01:00,0.03404,0.0,0.0,0.0
2017-01-08 02:48:00+01:00,0.02987,0.0,0.0,0.0
2017-01-08 02:49:00+01:00,0.03302,0.0,0.0,0.0
2017-01-08 02:50:00+01:00,0.03321,0.0,0.0,0.0
2017-01-08 02:51:00+01:00,0.03329,0.0,0.0,0.0
2017-01-08 02:52:00+01:00,0.03268,0.0,0.0,0.0
2017-01-08 02:53:00+01:00,0.03356,0.0,0.0,0.0
2017-01-08 02:54:00+01:00,0.03595,0.0,0.0,0.0
2017-01-08 02:55:00+01:00,0.03557,0.0,0.0,0.0
2017-01-08 02:56:00+01:00,0.0328,0.0,0.0,0.0
2017-01-08 02:57:00+01:00,0.0306,0.0,0.0,0.0
2017-01-08 02:58:00+01:00,0.0317,0.0,0.0,0.0
2017-01-08 02:59:00+01:00,0.03124,0.0,0.0,0.0
2017-01-08 03:00:00+01:00,0.03193,0.0,0.0,0.0
2017-01-08 03:01:00+01:00,0.03315,0.0,0.0,0.0
2017-01-08 03:02:00+01:00,0.03369,0.0,0.0,0.0
2017-01-08 03:03:00+01:00,0.03424,0.0,0.0,0.0
2017-01-08 03:04:00+01:00,0.03449,0.0,0.0,0.0
2017-01-08 03:05:00+01:00,0.03545,0.0,0.0,0.0
2017-01-08 03:06:00+01:00,0.03428,0.0,0.0,0.0
2017-01-08 03:07:00+01:00,0.03431,0.0,0.0,0.0
2017-01-08 03:08:00+01:00,0.03397,0.0,0.0,0.0
2017-01-08 03:09:00+01:00,0.0384,0.0,0.0,0.0
2017-01-08 03:10:00+01:00,0.03538,0.0,0.0,0.0
2017-01-08 03:11:00+01:00,0.03061,0.0,0.0,0.0
2017-01-08 03:12:00+01:00,0.03158,0.0,0.0,0.0
2017-01-08 03:13:00+01:00,0.0304,0.0,0.0,0.0
2017-01-08 03:14:00+01:00,0.03055,0.0,0.0,0.0
2017-01-08 03:15:00+01:00,0.03054,0.0,0.0,0.0
2017-01-08 03:16:00+01:00,0.03259,0.0,0.0,0.0
2017-01-08 03:17:00+01:00,0.03432,0.0,0.0,0.0
2017-01-08 03:18:00+01:00,0.03037,0.0,0.0,0.0
2017-01-08 03:19:00+01:00,0.03278,0.0,0.0,0.0
2017-01-08 03:20:00+01:00,0.03241,0.0,0.0,0.0
2017-01-08 03:21:00+01:00,0.03207,0.0,0.0,0.0
2017-01-08 03:22:00+01:00,0.03173,0.0,0.0,0.0
2017-01-08 03:23:00+01:00,0.03096,0.0,0.0,0.0
2017-01-08 03:24:00+01:00,0.03232,0.0,0.0,0.0
2017-01-08 03:25:00+01:00,0.03094,0.0,0.0,0.0
2017-01-08 03:26:00+01:00,0.03095,0.0,0.0,0.0
2017-01-08 03:27:00+01:00,0.03408,0.0,0.0,0.0
2017-01-08 03:28:00+01:00,0.03661,0.0,0.0,0.0
2017-01-08 03:29:00+01:00,0.0337,0.0,0.0,0.0
2017-01-08 03:30:00+01:00,0.03263,0.0,0.0,0.0
2017-01-08 03:31:00+01:00,0.03172,0.0,0.0,0.0
2017-01-08 03:32:00+01:00,0.03128,0.0,0.0,0.0
2017-01-08 03:33:00+01:00,0.03148,0.0,0.0,0.0
2017-01-08 03:34:00+01:00,0.0293,0.0,0.0,0.0
2017-01-08 03:35:00+01:00,0.02654,0.0,0.0,0.0
2017-01-08 03:36:00+01:00,0.02765,0.0,0.0,0.0
2017-01-08 03:37:00+01:00,0.03157,0.0,0.0,0.0
2017-01-08 03:38:00+01:00,0.02684,0.0,0.0,0.0
2017-01-08 03:39:00+01:00,0.02839,0.0,0.0,0.0
2017-01-08 03:40:00+01:00,0.03186,0.0,0.0,0.0
2017-01-08 03:41:00+01:00,0.02995,0.0,0.0,0.0
2017-01-08 03:42:00+01:00,0.02988,0.0,0.0,0.0
2017-01-08 03:43:00+01:00,0.02996,0.0,0.0,0.0
2017-01-08 03:44:00+01:00,0.03688,0.0,0.0,0.0
2017-01-08 03:45:00+01:00,0.03737,0.0,0.0,0.0
2017-01-08 03:46:00+01:00,0.03404,0.0,0.0,0.0
2017-01-08 03:47:00+01:00,0.03629,0.0,0.0,0.0
2017-01-08 03:48:00+01:00,0.0357,0.0,0.0,0.0
2017-01-08 03:49:00+01:00,0.03744,0.0,0.0,0.0
2017-01-08 03:50:00+01:00,0.03842,0.0,0.0,0.0
2017-01-08 03:51:00+01:00,0.03873,0.0,0.0,0.0
2017-01-08 03:52:00+01:00,0.0376,0.0,0.0,0.0
2017-01-08 03:53:00+01:00,0.03523,0.0,0.0,0.0
2017-01-08 03:54:00+01:00,0.03425,0.0,0.0,0.0
2017-01-08 03:55:00+01:00,0.03431,0.0,0.0,0.0
2017-01-08 03:56:00+01:00,0.03489,0.0,0.0,0.0
2017-01-08 03:57:00+01:00,0.03711,0.0,0.0,0.0
2017-01-08 03:58:00+01:00,0.03845,0.0,0.0,0.0
2017-01-08 03:59:00+01:00,0.03814,0.0,0.0,0.0
2017-01-08 04:00:00+01:00,0.03821,0.0,0.0,0.0
2017-01-08 04:01:00+01:00,0.03853,0.0,0.0,0.0
2017-01-08 04:02:00+01:00,0.0366,0.0,0.0,0.0
2017-01-08 04:03:00+01:00,0.03667,0.0,0.0,0.0
2017-01-08 04:04:00+01:00,0.03498,0.0,0.0,0.0
2017-01-08 04:05:00+01:00,0.03417,0.0,0.0,0.0
2017-01-08 04:06:00+01:00,0.03585,0.0,0.0,0.0
2017-01-08 04:07:00+01:00,0.03445,0.0,0.0,0.0
2017-01-08 04:08:00+01:00,0.03518,0.0,0.0,0.0
2017-01-08 04:09:00+01:00,0.03718,0.0,0.0,0.0
2017-01-08 04:10:00+01:00,0.03664,0.0,0.0,0.0
2017-01-08 04:11:00+01:00,0.0403,0.0,0.0,0.0
2017-01-08 04:12:00+01:00,0.0409,0.0,0.0,0.0
2017-01-08 04:13:00+01:00,0.04177,0.0,0.0,0.0
2017-01-08 04:14:00+01:00,0.03582,0.0,0.0,0.0
2017-01-08 04:15:00+01:00,0.03272,0.0,0.0,0.0
2017-01-08 04:16:00+01:00,0.03812,0.0,0.0,0.0
2017-01-08 04:17:00+01:00,0.03767,0.0,0.0,0.0
2017-01-08 04:18:00+01:00,0.03773,0.0,0.0,0.0
2017-01-08 04:19:00+01:00,0.03669,0.0,0.0,0.0
2017-01-08 04:20:00+01:00,0.03157,0.0,0.0,0.0
2017-01-08 04:21:00+01:00,0.02978,0.0,0.0,0.0
2017-01-08 04:22:00+01:00,0.03051,0.0,0.0,0.0
2017-01-08 04:23:00+01:00,0.03057,0.0,0.0,0.0
2017-01-08 04:24:00+01:00,0.03183,0.0,0.0,0.0
2017-01-08 04:25:00+01:00,0.03417,0.0,0.0,0.0
2017-01-08 04:26:00+01:00,0.03569,0.0,0.0,0.0
2017-01-08 04:27:00+01:00,0.0362,0.0,0.0,0.0
2017-01-08 04:28:00+01:00,0.03733,0.0,0.0,0.0
2017-01-08 04:29:00+01:00,0.03332,0.0,0.0,0.0
2017-01-08 04:30:00+01:00,0.03464,0.0,0.0,0.0
2017-01-08 04:31:00+01:00,0.0366,0.0,0.0,0.0
2017-01-08 04:32:00+01:00,0.03694,0.0,0.0,0.0
2017-01-08 04:33:00+01:00,0.03622,0.0,0.0,0.0
2017-01-08 04:34:00+01:00,0.03309,0.0,0.0,0.0
2017-01-08 04:35:00+01:00,0.03054,0.0,0.0,0.0
2017-01-08 04:36:00+01:00,0.03224,0.0,0.0,0.0
2017-01-08 04:37:00+01:00,0.03173,0.0,0.0,0.0
2017-01-08 04:38:00+01:00,0.03613,0.0,0.0,0.0
2017-01-08 04:39:00+01:00,0.03708,0.0,0.0,0.0
2017-01-08 04:40:00+01:00,0.03615,0.0,0.0,0.0
2017-01-08 04:41:00+01:00,0.03935,0.0,0.0,0.0
2017-01-08 04:42:00+01:00,0.03624,0.0,0.0,0.0
2017-01-08 04:43:00+01:00,0.03624,0.0,0.0,0.0
2017-01-08 04:44:00+01:00,0.04007,0.0,0.0,0.0
2017-01-08 04:45:00+01:00,0.04029,0.0,0.0,0.0
2017-01-08 04:46:00+01:00,0.03751,0.0,0.0,0.0
2017-01-08 04:47:00+01:00,0.03554,0.0,0.0,0.0
2017-01-08 04:48:00+01:00,0.03492,0.0,0.0,0.0
2017-01-08 04:49:00+01:00,0.03428,0.0,0.0,0.0
2017-01-08 04:50:00+01:00,0.03166,0.0,0.0,0.0
2017-01-08 04:51:00+01:00,0.03124,0.0,0.0,0.0
2017-01-08 04:52:00+01:00,0.03127,0.0,0.0,0.0
2017-01-08 04:53:00+01:00,0.03091,0.0,0.0,0.0
2017-01-08 04:54:00+01:00,0.03071,0.0,0.0,0.0
2017-01-08 04:55:00+01:00,0.03204,0.0,0.0,0.0
2017-01-08 04:56:00+01:00,0.03387,0.0,0.0,0.0
2017-01-08 04:57:00+01:00,0.03502,0.0,0.0,0.0
2017-01-08 04:58:00+01:00,0.03618,0.0,0.0,0.0
2017-01-08 04:59:00+01:00,0.03445,0.0,0.0,0.0
2017-01-08 05:00:00+01:00,0.03537,0.0,0.0,0.0
2017-01-08 05:01:00+01:00,0.03701,0.0,0.0,0.0
2017-01-08 05:02:00+01:00,0.0373,0.0,0.0,0.0
2017-01-08 05:03:00+01:00,0.03755,0.0,0.0,0.0
2017-01-08 05:04:00+01:00,0.03852,0.0,0.0,0.0
2017-01-08 05:05:00+01:00,0.0397,0.0,0.0,0.0
2017-01-08 05:06:00+01:00,0.03776,0.0,0.0,0.0
2017-01-08 05:07:00+01:00,0.03713,0.0,0.0,0.0
2017-01-08 05:08:00+01:00,0.03698,0.0,0.0,0.0
2017-01-08 05:09:00+01:00,0.03732,0.0,0.0,0.0
2017-01-08 05:10:00+01:00,0.03877,0.0,0.0,0.0
2017-01-08 05:11:00+01:00,0.0345,0.0,0.0,0.0
2017-01-08 05:12:00+01:00,0.03291,0.0,0.0,0.0
2017-01-08 05:13:00+01:00,0.03562,0.0,0.0,0.0
2017-01-08 05:14:00+01:00,0.04364,0.0,0.0,0.0
2017-01-08 05:15:00+01:00,0.04271,0.0,0.0,0.0
2017-01-08 05:16:00+01:00,0.04215,0.0,0.0,0.0
2017-01-08 05:17:00+01:00,0.03964,0.0,0.0,0.0
2017-01-08 05:18:00+01:00,0.04194,0.0,0.0,0.0
2017-01-08 05:19:00+01:00,0.04455,0.0,0.0,0.0
2017-01-08 05:20:00+01:00,0.04631,0.0,0.0,0.0
2017-01-08 05:21:00+01:00,0.05135,0.0,0.0,0.0
2017-01-08 05:22:00+01:00,0.04693,0.0,0.0,0.0
2017-01-08 05:23:00+01:00,0.04401,0.0,0.0,0.0
2017-01-08 05:24:00+01:00,0.04047,0.0,0.0,0.0
2017-01-08 05:25:00+01:00,0.03954,0.0,0.0,0.0
2017-01-08 05:26:00+01:00,0.04023,0.0,0.0,0.0
2017-01-08 05:27:00+01:00,0.04077,0.0,0.0,0.0
2017-01-08 05:28:00+01:00,0.04238,0.0,0.0,0.0
2017-01-08 05:29:00+01:00,0.04365,0.0,0.0,0.0
2017-01-08 05:30:00+01:00,0.04194,0.0,0.0,0.0
2017-01-08 05:31:00+01:00,0.04242,0.0,0.0,0.0
2017-01-08 05:32:00+01:00,0.04319,0.0,0.0,0.0
2017-01-08 05:33:00+01:00,0.04624,0.0,0.0,0.0
2017-01-08 05:34:00+01:00,0.04177,0.0,0.0,0.0
2017-01-08 05:35:00+01:00,0.03859,0.0,0.0,0.0
2017-01-08 05:36:00+01:00,0.04241,0.0,0.0,0.0
2017-01-08 05:37:00+01:00,0.05106,0.0,0.0,0.0
2017-01-08 05:38:00+01:00,0.05927,0.0,0.0,0.0
2017-01-08 05:39:00+01:00,0.05808,0.0,0.0,0.0
2017-01-08 05:40:00+01:00,0.05706,0.0,0.0,0.0
2017-01-08 05:41:00+01:00,0.05861,0.0,0.0,0.0
2017-01-08 05:42:00+01:00,0.05709,0.0,0.0,0.0
2017-01-08 05:43:00+01:00,0.0599,0.0,0.0,0.0
2017-01-08 05:44:00+01:00,0.05773,0.0,0.0,0.0
2017-01-08 05:45:00+01:00,0.05479,0.0,0.0,0.0
2017-01-08 05:46:00+01:00,0.05704,0.0,0.0,0.0
2017-01-08 05:47:00+01:00,0.05728,0.0,0.0,0.0
2017-01-08 05:48:00+01:00,0.06216,0.0,0.0,0.0
2017-01-08 05:49:00+01:00,0.05593,0.0,0.0,0.0
2017-01-08 05:50:00+01:00,0.05653,0.0,0.0,0.0
2017-01-08 05:51:00+01:00,0.05615,0.0,0.0,0.0
2017-01-08 05:52:00+01:00,0.04799,0.0,0.0,0.0
2017-01-08 05:53:00+01:00,0.04944,0.0,0.0,0.0
2017-01-08 05:54:00+01:00,0.04948,0.0,0.0,0.0
2017-01-08 05:55:00+01:00,0.05211,0.0,0.0,0.0
2017-01-08 05:56:00+01:00,0.05317,0.0,0.0,0.0
2017-01-08 05:57:00+01:00,0.05756,0.0,0.0,0.0
2017-01-08 05:58:00+01:00,0.05839,0.0,0.0,0.0
2017-01-08 05:59:00+01:00,0.05782,0.0,0.0,0.0
2017-01-08 06:00:00+01:00,0.05926,0.0,0.0,0.0
2017-01-08 06:01:00+01:00,0.05734,0.0,0.0,0.0
2017-01-08 06:02:00+01:00,0.05531,0.0,0.0,0.0
2017-01-08 06:03:00+01:00,0.05785,0.0,0.0,0.0
2017-01-08 06:04:00+01:00,0.06112,0.0,0.0,0.0
2017-01-08 06:05:00+01:00,0.05921,0.0,0.0,0.0
2017-01-08 06:06:00+01:00,0.06266,0.0,0.0,0.0
2017-01-08 06:07:00+01:00,0.06724,0.0,0.0,0.0
2017-01-08 06:08:00+01:00,0.06265,0.0,0.0,0.0
2017-01-08 06:09:00+01:00,0.0663,0.0,0.0,0.0
2017-01-08 06:10:00+01:00,0.06982,0.0,0.0,0.0
2017-01-08 06:11:00+01:00,0.07583,0.0,0.0,0.0
2017-01-08 06:12:00+01:00,0.07587,0.0,0.0,0.0
2017-01-08 06:13:00+01:00,0.0789,0.0,0.0,0.0
2017-01-08 06:14:00+01:00,0.07755,0.0,0.0,0.0
2017-01-08 06:15:00+01:00,0.07631,0.0,0.0,0.0
2017-01-08 06:16:00+01:00,0.07227,0.0,0.0,0.0
2017-01-08 06:17:00+01:00,0.06718,0.0,0.0,0.0
2017-01-08 06:18:00+01:00,0.0646,0.0,0.0,0.0
2017-01-08 06:19:00+01:00,0.06939,0.0,0.0,0.0
2017-01-08 06:20:00+01:00,0.06637,0.0,0.0,0.0
2017-01-08 06:21:00+01:00,0.07334,0.0,0.0,0.0
2017-01-08 06:22:00+01:00,0.07128,0.0,0.0,0.0
2017-01-08 06:23:00+01:00,0.07531,0.0,0.0,0.0
2017-01-08 06:24:00+01:00,0.07214,0.0,0.0,0.0
2017-01-08 06:25:00+01:00,0.07615,0.0,0.0,0.0
2017-01-08 06:26:00+01:00,0.08362,0.0,0.0,0.0
2017-01-08 06:27:00+01:00,0.08527,0.0,0.0,0.0
2017-01-08 06:28:00+01:00,0.09158,0.0,0.0,0.0
2017-01-08 06:29:00+01:00,0.09199,0.0,0.0,0.0
2017-01-08 06:30:00+01:00,0.09375,0.0,0.0,0.0
2017-01-08 06:31:00+01:00,0.09253,0.0,0.0,0.0
2017-01-08 06:32:00+01:00,0.0913,0.0,0.0,0.0
2017-01-08 06:33:00+01:00,0.09153,0.0,0.0,0.0
2017-01-08 06:34:00+01:00,0.08903,0.0,0.0,0.0
2017-01-08 06:35:00+01:00,0.08307,0.0,0.0,0.0
2017-01-08 06:36:00+01:00,0.08068,0.0,0.0,0.0
2017-01-08 06:37:00+01:00,0.08123,0.0,0.0,0.0
2017-01-08 06:38:00+01:00,0.08203,0.0,0.0,0.0
2017-01-08 06:39:00+01:00,0.07756,0.0,0.0,0.0
2017-01-08 06:40:00+01:00,0.07831,0.0,0.0,0.0
2017-01-08 06:41:00+01:00,0.09113,0.0,0.0,0.0
2017-01-08 06:42:00+01:00,0.09205,0.0,0.0,0.0
2017-01-08 06:43:00+01:00,0.08394,0.0,0.0,0.0
2017-01-08 06:44:00+01:00,0.07637,0.0,0.0,0.0
2017-01-08 06:45:00+01:00,0.07667,0.0,0.0,0.0
2017-01-08 06:46:00+01:00,0.07651,0.0,0.0,0.0
2017-01-08 06:47:00+01:00,0.07577,0.0,0.0,0.0
2017-01-08 06:48:00+01:00,0.07572,0.0,0.0,0.0
2017-01-08 06:49:00+01:00,0.07286,0.0,0.0,0.0
2017-01-08 06:50:00+01:00,0.07379,0.0,0.0,0.0
2017-01-08 06:51:00+01:00,0.07314,0.0,0.0,0.0
2017-01-08 06:52:00+01:00,0.07964,0.0,0.0,0.0
2017-01-08 06:53:00+01:00,0.07999,0.0,0.0,0.0
2017-01-08 06:54:00+01:00,0.07802,0.0,0.0,0.0
2017-01-08 06:55:00+01:00,0.07587,0.0,0.0,0.0
2017-01-08 06:56:00+01:00,0.07075,0.0,0.0,0.0
2017-01-08 06:57:00+01:00,0.07322,0.0,0.0,0.0
2017-01-08 06:58:00+01:00,0.07918,0.0,0.0,0.0
2017-01-08 06:59:00+01:00,0.08096,0.0,0.0,0.0
2017-01-08 07:00:00+01:00,0.0844,0.0,0.0,0.0
2017-01-08 07:01:00+01:00,0.08488,0.0,0.0,0.0
2017-01-08 07:02:00+01:00,0.08756,0.0,0.0,0.0
2017-01-08 07:03:00+01:00,0.08838,0.0,0.0,0.0
2017-01-08 07:04:00+01:00,0.08515,0.0,0.0,0.0
2017-01-08 07:05:00+01:00,0.08305,0.0,0.0,0.0
2017-01-08 07:06:00+01:00,0.08425,0.0,0.0,0.0
2017-01-08 07:07:00+01:00,0.08374,0.0,0.0,0.0
2017-01-08 07:08:00+01:00,0.08316,0.0,0.0,0.0
2017-01-08 07:09:00+01:00,0.08246,0.0,0.0,0.0
2017-01-08 07:10:00+01:00,0.08644,0.0,0.0,0.0
2017-01-08 07:11:00+01:00,0.08361,0.0,0.0,0.0
2017-01-08 07:12:00+01:00,0.08621,0.0,0.0,0.0
2017-01-08 07:13:00+01:00,0.06806,0.0,0.0,0.0
2017-01-08 07:14:00+01:00,0.06466,0.0,0.0,0.0
2017-01-08 07:15:00+01:00,0.0691,0.0,0.0,0.0
2017-01-08 07:16:00+01:00,0.07014,0.0,0.0,0.0
2017-01-08 07:17:00+01:00,0.08426,0.0,0.0,0.0
2017-01-08 07:18:00+01:00,0.08786,0.0,0.0,0.0
2017-01-08 07:19:00+01:00,0.07648,0.0,0.0,0.0
2017-01-08 07:20:00+01:00,0.07259,0.0,0.0,0.0
2017-01-08 07:21:00+01:00,0.07058,0.0,0.0,0.0
2017-01-08 07:22:00+01:00,0.07038,0.0,0.0,0.0
2017-01-08 07:23:00+01:00,0.06635,0.0,0.0,0.0
2017-01-08 07:24:00+01:00,0.07537,0.0,0.0,0.0
2017-01-08 07:25:00+01:00,0.07427,0.0,0.0,0.0
2017-01-08 07:26:00+01:00,0.08112,0.0,0.0,0.0
2017-01-08 07:27:00+01:00,0.08041,0.0,0.0,0.0
2017-01-08 07:28:00+01:00,0.07961,0.0,0.0,0.0
2017-01-08 07:29:00+01:00,0.07518,0.0,0.0,0.0
2017-01-08 07:30:00+01:00,0.07523,0.0,0.0,0.0
2017-01-08 07:31:00+01:00,0.09222,0.0,0.0,0.0
2017-01-08 07:32:00+01:00,0.09289,0.0,0.0,0.0
2017-01-08 07:33:00+01:00,0.08837,0.0,0.0,0.0
2017-01-08 07:34:00+01:00,0.09266,0.0,0.0,0.0
2017-01-08 07:35:00+01:00,0.09294,0.0,0.0,0.0
2017-01-08 07:36:00+01:00,0.08255,0.0,0.0,0.0
2017-01-08 07:37:00+01:00,0.07643,0.0,0.0,0.0
2017-01-08 07:38:00+01:00,0.07257,0.0,0.0,0.0
2017-01-08 07:39:00+01:00,0.0684,0.0,0.0,0.0
2017-01-08 07:40:00+01:00,0.06733,0.0,0.0,0.0
2017-01-08 07:41:00+01:00,0.06048,0.0,0.0,0.0
2017-01-08 07:42:00+01:00,0.06092,0.0,0.0,0.0
2017-01-08 07:43:00+01:00,0.0603,0.0,0.0,0.0
2017-01-08 07:44:00+01:00,0.06824,0.0,0.0,0.0
2017-01-08 07:45:00+01:00,0.07077,0.0,0.0,0.0
2017-01-08 07:46:00+01:00,0.07042,0.0,0.0,0.0
2017-01-08 07:47:00+01:00,0.06775,0.0,0.0,0.0
2017-01-08 07:48:00+01:00,0.06936,0.0,0.0,0.0
2017-01-08 07:49:00+01:00,0.06078,0.0,0.0,0.0
2017-01-08 07:50:00+01:00,0.06058,0.0,0.0,0.0
2017-01-08 07:51:00+01:00,0.05838,0.0,0.0,0.0
2017-01-08 07:52:00+01:00,0.05824,0.0,0.0,0.0
2017-01-08 07:53:00+01:00,0.05485,0.0,0.0,0.0
2017-01-08 07:54:00+01:00,0.06271,0.0,0.0,0.0
2017-01-08 07:55:00+01:00,0.06472,0.0,0.0,0.0
2017-01-08 07:56:00+01:00,0.05848,0.0,0.0,0.0
2017-01-08 07:57:00+01:00,0.06049,0.0,0.0,0.0
2017-01-08 07:58:00+01:00,0.06048,0.0,0.0,0.0
2017-01-08 07:59:00+01:00,0.05904,0.0,0.0,0.0
2017-01-08 08:00:00+01:00,0.06107,0.0,0.0,0.0
2017-01-08 08:01:00+01:00,0.06595,0.0,0.0,0.0
2017-01-08 08:02:00+01:00,0.06724,0.0,0.0,0.0
2017-01-08 08:03:00+01:00,0.05675,0.0,0.0,0.0
2017-01-08 08:04:00+01:00,0.05644,0.0,0.0,0.0
2017-01-08 08:05:00+01:00,0.05932,0.0,0.0,0.0
2017-01-08 08:06:00+01:00,0.06051,0.0,0.0,0.0
2017-01-08 08:07:00+01:00,0.06357,0.0,0.0,0.0
2017-01-08 08:08:00+01:00,0.05811,0.0,0.0,0.0
2017-01-08 08:09:00+01:00,0.06158,0.0,0.0,0.0
2017-01-08 08:10:00+01:00,0.06352,0.0,0.0,0.0
2017-01-08 08:11:00+01:00,0.06555,0.0,0.0,0.0
2017-01-08 08:12:00+01:00,0.0699,0.0,0.0,0.0
2017-01-08 08:13:00+01:00,0.07405,0.0,0.0,0.0
2017-01-08 08:14:00+01:00,0.07465,0.0,0.0,0.0
2017-01-08 08:15:00+01:00,0.07675,0.0,0.0,0.0
2017-01-08 08:16:00+01:00,0.07629,0.0,0.0,0.0
2017-01-08 08:17:00+01:00,0.08086,0.0,0.0,0.0
2017-01-08 08:18:00+01:00,0.08431,0.0,0.0,0.0
2017-01-08 08:19:00+01:00,0.09051,0.0,0.0,0.0
2017-01-08 08:20:00+01:00,0.08679,0.0,0.0,0.0
2017-01-08 08:21:00+01:00,0.07574,0.0,0.0,0.0
2017-01-08 08:22:00+01:00,0.06908,0.0,0.0,0.0
2017-01-08 08:23:00+01:00,0.06891,0.0,0.0,0.0
2017-01-08 08:24:00+01:00,0.07511,0.0,0.0,0.0
2017-01-08 08:25:00+01:00,0.0584,0.0,0.0,0.0
2017-01-08 08:26:00+01:00,0.05289,0.0,0.0,0.0
2017-01-08 08:27:00+01:00,0.05485,0.0,0.0,0.0
2017-01-08 08:28:00+01:00,0.05568,0.0,0.0,0.0
2017-01-08 08:29:00+01:00,0.05234,0.0,0.0,0.0
2017-01-08 08:30:00+01:00,0.05826,0.0,0.0,0.0
2017-01-08 08:31:00+01:00,0.05828,0.0,0.0,0.0
2017-01-08 08:32:00+01:00,0.05843,0.0,0.0,0.0
2017-01-08 08:33:00+01:00,0.06012,0.0,0.0,0.0
2017-01-08 08:34:00+01:00,0.06248,0.0,0.0,0.0
2017-01-08 08:35:00+01:00,0.0606,0.0,0.0,0.0
2017-01-08 08:36:00+01:00,0.06024,0.0,0.0,0.0
2017-01-08 08:37:00+01:00,0.05984,0.0,0.0,0.0
2017-01-08 08:38:00+01:00,0.05781,0.0,0.0,0.0
2017-01-08 08:39:00+01:00,0.05778,0.0,0.0,0.0
2017-01-08 08:40:00+01:00,0.06342,0.0,0.0,0.0
2017-01-08 08:41:00+01:00,0.06422,0.0,0.0,0.0
2017-01-08 08:42:00+01:00,0.06461,0.0,0.0,0.0
2017-01-08 08:43:00+01:00,0.06841,0.0,0.0,0.0
2017-01-08 08:44:00+01:00,0.06638,0.0,0.0,0.0
2017-01-08 08:45:00+01:00,0.06206,0.0,0.0,0.0
2017-01-08 08:46:00+01:00,0.06356,0.0,0.0,0.0
2017-01-08 08:47:00+01:00,0.06178,0.0,0.0,0.0
2017-01-08 08:48:00+01:00,0.05969,0.0,0.0,0.0
2017-01-08 08:49:00+01:00,0.07362,0.0,0.0,0.0
2017-01-08 08:50:00+01:00,0.07518,0.0,0.0,0.0
2017-01-08 08:51:00+01:00,0.06883,0.0,0.0,0.0
2017-01-08 08:52:00+01:00,0.07306,0.0,0.0,0.0
2017-01-08 08:53:00+01:00,0.07269,0.0,0.0,0.0
2017-01-08 08:54:00+01:00,0.06889,0.0,0.0,0.0
2017-01-08 08:55:00+01:00,0.06033,0.0,0.0,0.0
2017-01-08 08:56:00+01:00,0.06129,0.008477,0.0,0.0
2017-01-08 08:57:00+01:00,0.06736,0.009359,0.0,0.0
2017-01-08 08:58:00+01:00,0.07725,0.008035,0.0,0.0
2017-01-08 08:59:00+01:00,0.0752,0.009194,0.0,0.0
2017-01-08 09:00:00+01:00,0.0586,0.01012,0.0,0.0
2017-01-08 09:01:00+01:00,0.05541,0.010369,0.0,0.0
2017-01-08 09:02:00+01:00,0.05198,0.01105,0.0,0.0
2017-01-08 09:03:00+01:00,0.06983,0.011073,0.0,0.0
2017-01-08 09:04:00+01:00,0.05952,0.012932,0.0,0.0
2017-01-08 09:05:00+01:00,0.05816,0.013051,0.0,0.0
2017-01-08 09:06:00+01:00,0.05828,0.0151,0.0,0.0
2017-01-08 09:07:00+01:00,0.06732,0.013134,0.0,0.0
2017-01-08 09:08:00+01:00,0.07151,0.015437,0.0,0.0
2017-01-08 09:09:00+01:00,0.06822,0.014179,0.0,0.0
2017-01-08 09:10:00+01:00,0.06873,0.014733,0.0,0.0
2017-01-08 09:11:00+01:00,0.06824,0.016936,0.0,0.0
2017-01-08 09:12:00+01:00,0.0656,0.015753,0.0,0.0
2017-01-08 09:13:00+01:00,0.06125,0.0151,0.0,0.0
2017-01-08 09:14:00+01:00,0.05791,0.015595,0.0,0.0
2017-01-08 09:15:00+01:00,0.05678,0.014673,0.0,0.0
2017-01-08 09:16:00+01:00,0.05943,0.018468,0.0,0.0
2017-01-08 09:17:00+01:00,0.06215,0.019341,0.0,0.0
2017-01-08 09:18:00+01:00,0.05755,0.015668,0.0,0.0
2017-01-08 09:19:00+01:00,0.05273,0.015735,0.0,0.0
2017-01-08 09:20:00+01:00,0.051,0.015908,0.0,0.0
2017-01-08 09:21:00+01:00,0.05159,0.017681,0.0,0.0
2017-01-08 09:22:00+01:00,0.05116,0.018089,0.0,0.0
2017-01-08 09:23:00+01:00,0.0485,0.017793,0.0,0.0
2017-01-08 09:24:00+01:00,0.05077,0.019575,0.0,0.0
2017-01-08 09:25:00+01:00,0.06508,0.01975,0.0,0.0
2017-01-08 09:26:00+01:00,0.0668,0.020123,0.0,0.0
2017-01-08 09:27:00+01:00,0.06237,0.023459,0.0,0.0
2017-01-08 09:28:00+01:00,0.06218,0.024807,0.0,0.0
2017-01-08 09:29:00+01:00,0.05891,0.020635,0.0,0.0
2017-01-08 09:30:00+01:00,0.05627,0.018521,0.0,0.0
2017-01-08 09:31:00+01:00,0.05482,0.015926,0.0,0.0
2017-01-08 09:32:00+01:00,0.05341,0.018668,0.0,0.0
2017-01-08 09:33:00+01:00,0.05315,0.019293,0.0,0.0
2017-01-08 09:34:00+01:00,0.05587,0.02035,0.0,0.0
2017-01-08 09:35:00+01:00,0.05884,0.022244,0.0,0.0
2017-01-08 09:36:00+01:00,0.06037,0.026186,0.0,0.0
2017-01-08 09:37:00+01:00,0.06291,0.028135,0.0,0.0
2017-01-08 09:38:00+01:00,0.06499,0.02858,0.0,0.0
2017-01-08 09:39:00+01:00,0.06302,0.027062,0.0,0.0
2017-01-08 09:40:00+01:00,0.06294,0.026034,0.0,0.0
2017-01-08 09:41:00+01:00,0.06235,0.028023,0.0,0.0
2017-01-08 09:42:00+01:00,0.06338,0.029759,0.0,0.0
2017-01-08 09:43:00+01:00,0.06046,0.032545,0.0,0.0
2017-01-08 09:44:00+01:00,0.05883,0.037394,0.0,0.0
2017-01-08 09:45:00+01:00,0.06022,0.043557,0.0,0.0
2017-01-08 09:46:00+01:00,0.06501,0.04271,0.0,0.0
2017-01-08 09:47:00+01:00,0.06395,0.042767,0.0,0.0
2017-01-08 09:48:00+01:00,0.06223,0.046511,0.0,0.0
2017-01-08 09:49:00+01:00,0.05995,0.050559,0.0,0.0
2017-01-08 09:50:00+01:00,0.05792,0.052034,0.0,0.0
2017-01-08 09:51:00+01:00,0.06126,0.056223,0.0,0.0
2017-01-08 09:52:00+01:00,0.06299,0.063474,0.0,0.0
2017-01-08 09:53:00+01:00,0.06058,0.067351,0.0,0.0
2017-01-08 09:54:00+01:00,0.05846,0.071125,0.0,0.0
2017-01-08 09:55:00+01:00,0.05505,0.076734,0.0,0.0
2017-01-08 09:56:00+01:00,0.06098,0.082826,0.0,0.0
2017-01-08 09:57:00+01:00,0.06419,0.085791,0.0,0.0
2017-01-08 09:58:00+01:00,0.06661,0.090387,0.0,0.0
2017-01-08 09:59:00+01:00,0.06651,0.091391,0.0,0.0
2017-01-08 10:00:00+01:00,0.07195,0.094236,0.0,0.0
2017-01-08 10:01:00+01:00,0.07779,0.097025,0.0,0.0
2017-01-08 10:02:00+01:00,0.07306,0.104792,0.0,0.0
2017-01-08 10:03:00+01:00,0.06455,0.108083,0.0,0.0
2017-01-08 10:04:00+01:00,0.06484,0.103765,0.0,0.0
2017-01-08 10:05:00+01:00,0.06489,0.099504,0.0,0.0
2017-01-08 10:06:00+01:00,0.06468,0.094836,0.0,0.0
2017-01-08 10:07:00+01:00,0.06505,0.089361,0.0,0.0
2017-01-08 10:08:00+01:00,0.06824,0.086479,0.0,0.0
2017-01-08 10:09:00+01:00,0.07093,0.087695,0.0,0.0
2017-01-08 10:10:00+01:00,0.06586,0.090364,0.0,0.0
2017-01-08 10:11:00+01:00,0.06005,0.092178,0.0,0.0
2017-01-08 10:12:00+01:00,0.06308,0.094274,0.0,0.0
2017-01-08 10:13:00+01:00,0.06089,0.093435,0.0,0.0
2017-01-08 10:14:00+01:00,0.05837,0.094915,0.0,0.0
2017-01-08 10:15:00+01:00,0.05925,0.097348,0.0,0.0
2017-01-08 10:16:00+01:00,0.05797,0.101811,0.0,0.0
2017-01-08 10:17:00+01:00,0.05619,0.102629,0.0,0.0
2017-01-08 10:18:00+01:00,0.05494,0.103132,0.0,0.0
2017-01-08 10:19:00+01:00,0.05593,0.103839,0.0,0.0
2017-01-08 10:20:00+01:00,0.05478,0.106693,0.0,0.0
2017-01-08 10:21:00+01:00,0.05479,0.106469,0.0,0.0
2017-01-08 10:22:00+01:00,0.05545,0.105845,0.0,0.0
2017-01-08 10:23:00+01:00,0.05817,0.10528,0.0,0.0
2017-01-08 10:24:00+01:00,0.06387,0.107776,0.0,0.0
2017-01-08 10:25:00+01:00,0.06346,0.107359,0.0,0.0
2017-01-08 10:26:00+01:00,0.06233,0.113014,0.0,0.0
2017-01-08 10:27:00+01:00,0.06335,0.117898,0.0,0.0
2017-01-08 10:28:00+01:00,0.06203,0.120829,0.0,0.0
2017-01-08 10:29:00+01:00,0.06426,0.120579,0.0,0.0
2017-01-08 10:30:00+01:00,0.0659,0.118435,0.0,0.0
2017-01-08 10:31:00+01:00,0.06956,0.117593,0.0,0.0
2017-01-08 10:32:00+01:00,0.06917,0.113818,0.0,0.0
2017-01-08 10:33:00+01:00,0.06119,0.109398,0.0,0.0
2017-01-08 10:34:00+01:00,0.06293,0.102626,0.0,0.0
2017-01-08 10:35:00+01:00,0.06259,0.094226,0.0,0.0
2017-01-08 10:36:00+01:00,0.05626,0.09199,0.0,0.0
2017-01-08 10:37:00+01:00,0.05861,0.096778,0.0,0.0
2017-01-08 10:38:00+01:00,0.0617,0.097641,0.0,0.0
2017-01-08 10:39:00+01:00,0.06482,0.097105,0.0,0.0
2017-01-08 10:40:00+01:00,0.0696,0.095627,0.0,0.0
2017-01-08 10:41:00+01:00,0.06961,0.09382,0.0,0.0
2017-01-08 10:42:00+01:00,0.06406,0.09567,0.0,0.0
2017-01-08 10:43:00+01:00,0.06321,0.095436,0.0,0.0
2017-01-08 10:44:00+01:00,0.05868,0.089695,0.0,0.0
2017-01-08 10:45:00+01:00,0.05696,0.082539,0.0,0.0
2017-01-08 10:46:00+01:00,0.054,0.082348,0.0,0.0
2017-01-08 10:47:00+01:00,0.05217,0.080432,0.0,0.0
2017-01-08 10:48:00+01:00,0.05214,0.075712,0.0,0.0
2017-01-08 10:49:00+01:00,0.05619,0.071408,0.0,0.0
2017-01-08 10:50:00+01:00,0.05896,0.066353,0.0,0.0
2017-01-08 10:51:00+01:00,0.05861,0.061182,0.0,0.0
2017-01-08 10:52:00+01:00,0.06014,0.056849,0.0,0.0
2017-01-08 10:53:00+01:00,0.06301,0.050515,0.0,0.0
2017-01-08 10:54:00+01:00,0.05985,0.050545,0.0,0.0
2017-01-08 10:55:00+01:00,0.06018,0.049784,0.0,0.0
2017-01-08 10:56:00+01:00,0.05567,0.049109,0.0,0.0
2017-01-08 10:57:00+01:00,0.05242,0.049462,0.0,0.0
2017-01-08 10:58:00+01:00,0.05249,0.047568,0.0,0.0
2017-01-08 10:59:00+01:00,0.05266,0.047104,0.0,0.0
2017-01-08 11:00:00+01:00,0.05343,0.049591,0.0,0.0
2017-01-08 11:01:00+01:00,0.05192,0.052474,0.0,0.0
2017-01-08 11:02:00+01:00,0.05368,0.054395,0.0,0.0
2017-01-08 11:03:00+01:00,0.05352,0.056059,0.0,0.0
2017-01-08 11:04:00+01:00,0.05061,0.057999,0.0,0.0
2017-01-08 11:05:00+01:00,0.05031,0.060733,0.0,0.0
2017-01-08 11:06:00+01:00,0.05268,0.061037,0.0,0.0
2017-01-08 11:07:00+01:00,0.05276,0.060851,0.0,0.0
2017-01-08 11:08:00+01:00,0.05144,0.064235,0.0,0.0
2017-01-08 11:09:00+01:00,0.05295,0.065893,0.0,0.0
2017-01-08 11:10:00+01:00,0.0575,0.0671,0.0,0.0
2017-01-08 11:11:00+01:00,0.05476,0.065615,0.0,0.0
2017-01-08 11:12:00+01:00,0.05626,0.064481,0.0,0.0
2017-01-08 11:13:00+01:00,0.05223,0.063626,0.0,0.0
2017-01-08 11:14:00+01:00,0.05839,0.061664,0.0,0.0
2017-01-08 11:15:00+01:00,0.06062,0.059544,0.0,0.0
2017-01-08 11:16:00+01:00,0.06421,0.061002,0.0,0.0
2017-01-08 11:17:00+01:00,0.06459,0.063755,0.0,0.0
2017-01-08 11:18:00+01:00,0.06651,0.072797,0.0,0.0
2017-01-08 11:19:00+01:00,0.06239,0.078291,0.0,0.0
2017-01-08 11:20:00+01:00,0.05958,0.079937,0.0,0.0
2017-01-08 11:21:00+01:00,0.05912,0.07633,0.0,0.0
2017-01-08 11:22:00+01:00,0.05999,0.073929,0.0,0.0
2017-01-08 11:23:00+01:00,0.06027,0.072205,0.0,0.0
2017-01-08 11:24:00+01:00,0.06324,0.077134,0.0,0.0
2017-01-08 11:25:00+01:00,0.06555,0.085106,0.0,0.0
2017-01-08 11:26:00+01:00,0.07039,0.089956,0.0,0.0
2017-01-08 11:27:00+01:00,0.06848,0.090664,0.0,0.0
2017-01-08 11:28:00+01:00,0.06754,0.085944,0.0,0.0
2017-01-08 11:29:00+01:00,0.06809,0.085985,0.0,0.0
2017-01-08 11:30:00+01:00,0.0663,0.084702,0.0,0.0
2017-01-08 11:31:00+01:00,0.06695,0.083768,0.0,0.0
2017-01-08 11:32:00+01:00,0.06631,0.085917,0.0,0.0
2017-01-08 11:33:00+01:00,0.06859,0.085516,0.0,0.0
2017-01-08 11:34:00+01:00,0.06486,0.083348,0.0,0.0
2017-01-08 11:35:00+01:00,0.06151,0.076479,0.0,0.0
2017-01-08 11:36:00+01:00,0.05908,0.072596,0.0,0.0
2017-01-08 11:37:00+01:00,0.06809,0.070326,0.0,0.0
2017-01-08 11:38:00+01:00,0.06413,0.072075,0.0,0.0
2017-01-08 11:39:00+01:00,0.06339,0.076495,0.0,0.0
2017-01-08 11:40:00+01:00,0.06036,0.077558,0.0,0.0
2017-01-08 11:41:00+01:00,0.05935,0.074794,0.0,0.0
2017-01-08 11:42:00+01:00,0.06305,0.07027,0.0,0.0
2017-01-08 11:43:00+01:00,0.07031,0.067709,0.0,0.0
2017-01-08 11:44:00+01:00,0.07368,0.067329,0.0,0.0
2017-01-08 11:45:00+01:00,0.0691,0.066732,0.0,0.0
2017-01-08 11:46:00+01:00,0.05466,0.070201,0.0,0.0
2017-01-08 11:47:00+01:00,0.05692,0.071555,0.0,0.0
2017-01-08 11:48:00+01:00,0.05799,0.07432,0.0,0.0
2017-01-08 11:49:00+01:00,0.06146,0.076364,0.0,0.0
2017-01-08 11:50:00+01:00,0.06011,0.077295,0.0,0.0
2017-01-08 11:51:00+01:00,0.05758,0.077755,0.0,0.0
2017-01-08 11:52:00+01:00,0.06283,0.080356,0.0,0.0
2017-01-08 11:53:00+01:00,0.06288,0.081555,0.0,0.0
2017-01-08 11:54:00+01:00,0.06947,0.085136,0.0,0.0
2017-01-08 11:55:00+01:00,0.06742,0.08719,0.0,0.0
2017-01-08 11:56:00+01:00,0.06555,0.08877,0.0,0.0
2017-01-08 11:57:00+01:00,0.06267,0.090976,0.0,0.0
2017-01-08 11:58:00+01:00,0.06591,0.095497,0.0,0.0
2017-01-08 11:59:00+01:00,0.06376,0.096765,0.0,0.0
2017-01-08 12:00:00+01:00,0.05975,0.100461,0.0,0.0
2017-01-08 12:01:00+01:00,0.06078,0.103746,0.0,0.0
2017-01-08 12:02:00+01:00,0.05641,0.103479,0.0,0.0
2017-01-08 12:03:00+01:00,0.05678,0.112077,0.0,0.0
2017-01-08 12:04:00+01:00,0.05865,0.121874,0.0,0.0
2017-01-08 12:05:00+01:00,0.05712,0.127044,0.0,0.0
2017-01-08 12:06:00+01:00,0.05515,0.128122,0.0,0.0
2017-01-08 12:07:00+01:00,0.05539,0.124408,0.0,0.0
2017-01-08 12:08:00+01:00,0.05786,0.122151,0.0,0.0
2017-01-08 12:09:00+01:00,0.04747,0.122943,0.0,0.0
2017-01-08 12:10:00+01:00,0.05071,0.120287,0.0,0.0
2017-01-08 12:11:00+01:00,0.05579,0.120055,0.0,0.0
2017-01-08 12:12:00+01:00,0.06365,0.119475,0.0,0.0
2017-01-08 12:13:00+01:00,0.05657,0.119772,0.0,0.0
2017-01-08 12:14:00+01:00,0.05613,0.117665,0.0,0.0
2017-01-08 12:15:00+01:00,0.05687,0.116522,0.0,0.0
2017-01-08 12:16:00+01:00,0.05544,0.114415,0.0,0.0
2017-01-08 12:17:00+01:00,0.05353,0.114493,0.0,0.0
2017-01-08 12:18:00+01:00,0.05426,0.113207,0.0,0.0
2017-01-08 12:19:00+01:00,0.05485,0.112238,0.0,0.0
2017-01-08 12:20:00+01:00,0.05843,0.11135,0.0,0.0
2017-01-08 12:21:00+01:00,0.05657,0.106998,0.0,0.0
2017-01-08 12:22:00+01:00,0.05557,0.104786,0.0,0.0
2017-01-08 12:23:00+01:00,0.05334,0.1036,0.0,0.0
2017-01-08 12:24:00+01:00,0.05905,0.099867,0.0,0.0
2017-01-08 12:25:00+01:00,0.06879,0.091342,0.0,0.0
2017-01-08 12:26:00+01:00,0.07801,0.083112,0.0,0.0
2017-01-08 12:27:00+01:00,0.0651,0.07663,0.0,0.0
2017-01-08 12:28:00+01:00,0.06116,0.072966,0.0,0.0
2017-01-08 12:29:00+01:00,0.06106,0.070468,0.0,0.0
2017-01-08 12:30:00+01:00,0.05997,0.070868,0.0,0.0
2017-01-08 12:31:00+01:00,0.06243,0.071792,0.0,0.0
2017-01-08 12:32:00+01:00,0.06,0.076365,0.0,0.0
2017-01-08 12:33:00+01:00,0.06952,0.079118,0.0,0.0
2017-01-08 12:34:00+01:00,0.0605,0.080069,0.0,0.0
2017-01-08 12:35:00+01:00,0.05679,0.08163,0.0,0.0
2017-01-08 12:36:00+01:00,0.05712,0.085255,0.0,0.0
2017-01-08 12:37:00+01:00,0.05696,0.092131,0.0,0.0
2017-01-08 12:38:00+01:00,0.05451,0.098199,0.0,0.0
2017-01-08 12:39:00+01:00,0.05653,0.101849,0.0,0.0
2017-01-08 12:40:00+01:00,0.06509,0.10674,0.0,0.0
2017-01-08 12:41:00+01:00,0.06388,0.108722,0.0,0.0
2017-01-08 12:42:00+01:00,0.06451,0.106431,0.0,0.0
2017-01-08 12:43:00+01:00,0.06275,0.10521,0.0,0.0
2017-01-08 12:44:00+01:00,0.06326,0.101711,0.0,0.0
2017-01-08 12:45:00+01:00,0.06549,0.099071,0.0,0.0
2017-01-08 12:46:00+01:00,0.06771,0.099047,0.0,0.0
2017-01-08 12:47:00+01:00,0.06521,0.099354,0.0,0.0
2017-01-08 12:48:00+01:00,0.06158,0.100392,0.0,0.0
2017-01-08 12:49:00+01:00,0.06449,0.099806,0.0,0.0
2017-01-08 12:50:00+01:00,0.07241,0.098228,0.0,0.0
2017-01-08 12:51:00+01:00,0.07004,0.095567,0.0,0.0
2017-01-08 12:52:00+01:00,0.06485,0.095706,0.0,0.0
2017-01-08 12:53:00+01:00,0.0588,0.094003,0.0,0.0
2017-01-08 12:54:00+01:00,0.06005,0.094897,0.0,0.0
2017-01-08 12:55:00+01:00,0.06216,0.096768,0.0,0.0
2017-01-08 12:56:00+01:00,0.06192,0.096111,0.0,0.0
2017-01-08 12:57:00+01:00,0.06011,0.094395,0.0,0.0
2017-01-08 12:58:00+01:00,0.05613,0.094309,0.0,0.0
2017-01-08 12:59:00+01:00,0.05541,0.093653,0.0,0.0
2017-01-08 13:00:00+01:00,0.06056,0.094418,0.0,0.0
2017-01-08 13:01:00+01:00,0.06599,0.093907,0.0,0.0
2017-01-08 13:02:00+01:00,0.06991,0.093016,0.0,0.0
2017-01-08 13:03:00+01:00,0.06901,0.089268,0.0,0.0
2017-01-08 13:04:00+01:00,0.06825,0.087408,0.0,0.0
2017-01-08 13:05:00+01:00,0.06919,0.086372,0.0,0.0
2017-01-08 13:06:00+01:00,0.06749,0.085874,0.0,0.0
2017-01-08 13:07:00+01:00,0.06865,0.082447,0.0,0.0
2017-01-08 13:08:00+01:00,0.06057,0.084955,0.0,0.0
2017-01-08 13:09:00+01:00,0.05605,0.088883,0.0,0.0
2017-01-08 13:10:00+01:00,0.06157,0.091516,0.0,0.0
2017-01-08 13:11:00+01:00,0.06615,0.086958,0.0,0.0
2017-01-08 13:12:00+01:00,0.06058,0.080046,0.0,0.0
2017-01-08 13:13:00+01:00,0.06388,0.073115,0.0,0.0
2017-01-08 13:14:00+01:00,0.07215,0.069622,0.0,0.0
2017-01-08 13:15:00+01:00,0.08007,0.066847,0.0,0.0
2017-01-08 13:16:00+01:00,0.07058,0.065382,0.0,0.0
2017-01-08 13:17:00+01:00,0.06776,0.065446,0.0,0.0
2017-01-08 13:18:00+01:00,0.06481,0.065144,0.0,0.0
2017-01-08 13:19:00+01:00,0.06292,0.063333,0.0,0.0
2017-01-08 13:20:00+01:00,0.06437,0.064417,0.0,0.0
2017-01-08 13:21:00+01:00,0.06187,0.063203,0.0,0.0
2017-01-08 13:22:00+01:00,0.06118,0.063327,0.0,0.0
2017-01-08 13:23:00+01:00,0.0671,0.062681,0.0,0.0
2017-01-08 13:24:00+01:00,0.06567,0.063656,0.0,0.0
2017-01-08 13:25:00+01:00,0.06593,0.06188,0.0,0.0
2017-01-08 13:26:00+01:00,0.05794,0.061275,0.0,0.0
2017-01-08 13:27:00+01:00,0.06408,0.05955,0.0,0.0
2017-01-08 13:28:00+01:00,0.06254,0.058585,0.0,0.0
2017-01-08 13:29:00+01:00,0.07128,0.059405,0.0,0.0
2017-01-08 13:30:00+01:00,0.08447,0.060422,0.0,0.0
2017-01-08 13:31:00+01:00,0.08559,0.061546,0.0,0.0
2017-01-08 13:32:00+01:00,0.08191,0.061311,0.0,0.0
2017-01-08 13:33:00+01:00,0.08252,0.060061,0.0,0.0
2017-01-08 13:34:00+01:00,0.08067,0.060288,0.0,0.0
2017-01-08 13:35:00+01:00,0.07522,0.061195,0.0,0.0
2017-01-08 13:36:00+01:00,0.07034,0.061264,0.0,0.0
2017-01-08 13:37:00+01:00,0.07545,0.060878,0.0,0.0
2017-01-08 13:38:00+01:00,0.07779,0.061101,0.0,0.0
2017-01-08 13:39:00+01:00,0.07317,0.065577,0.0,0.0
2017-01-08 13:40:00+01:00,0.07517,0.07202,0.0,0.0
2017-01-08 13:41:00+01:00,0.07239,0.073437,0.0,0.0
2017-01-08 13:42:00+01:00,0.06407,0.073444,0.0,0.0
2017-01-08 13:43:00+01:00,0.06639,0.077944,0.0,0.0
2017-01-08 13:44:00+01:00,0.07297,0.080654,0.0,0.0
2017-01-08 13:45:00+01:00,0.07377,0.080937,0.0,0.0
2017-01-08 13:46:00+01:00,0.077,0.081865,0.0,0.0
2017-01-08 13:47:00+01:00,0.07408,0.078264,0.0,0.0
2017-01-08 13:48:00+01:00,0.0732,0.073805,0.0,0.0
2017-01-08 13:49:00+01:00,0.08439,0.069899,0.0,0.0
2017-01-08 13:50:00+01:00,0.08036,0.070079,0.0,0.0
2017-01-08 13:51:00+01:00,0.07652,0.069178,0.0,0.0
2017-01-08 13:52:00+01:00,0.07695,0.070639,0.0,0.0
2017-01-08 13:53:00+01:00,0.06931,0.070298,0.0,0.0
2017-01-08 13:54:00+01:00,0.07095,0.071983,0.0,0.0
2017-01-08 13:55:00+01:00,0.07276,0.072796,0.0,0.0
2017-01-08 13:56:00+01:00,0.0673,0.073151,0.0,0.0
2017-01-08 13:57:00+01:00,0.0663,0.072166,0.0,0.0
2017-01-08 13:58:00+01:00,0.0644,0.071877,0.0,0.0
2017-01-08 13:59:00+01:00,0.06125,0.071965,0.0,0.0
2017-01-08 14:00:00+01:00,0.06745,0.070724,0.0,0.0
2017-01-08 14:01:00+01:00,0.07463,0.070693,0.0,0.0
2017-01-08 14:02:00+01:00,0.0748,0.069475,0.0,0.0
2017-01-08 14:03:00+01:00,0.06971,0.067299,0.0,0.0
2017-01-08 14:04:00+01:00,0.08087,0.068325,0.0,0.0
2017-01-08 14:05:00+01:00,0.08503,0.068259,0.0,0.0
2017-01-08 14:06:00+01:00,0.08595,0.06602,0.0,0.0
2017-01-08 14:07:00+01:00,0.08768,0.066378,0.0,0.0
2017-01-08 14:08:00+01:00,0.08724,0.066067,0.0,0.0
2017-01-08 14:09:00+01:00,0.08083,0.064256,0.0,0.0
2017-01-08 14:10:00+01:00,0.07778,0.062231,0.0,0.0
2017-01-08 14:11:00+01:00,0.07648,0.062068,0.0,0.0
2017-01-08 14:12:00+01:00,0.08125,0.060221,0.0,0.0
2017-01-08 14:13:00+01:00,0.08264,0.06097,0.0,0.0
2017-01-08 14:14:00+01:00,0.08571,0.060806,0.0,0.0
2017-01-08 14:15:00+01:00,0.0907,0.056115,0.0,0.0
2017-01-08 14:16:00+01:00,0.0891,0.051845,0.0,0.0
2017-01-08 14:17:00+01:00,0.08469,0.048154,0.0,0.0
2017-01-08 14:18:00+01:00,0.08154,0.04175,0.0,0.0
2017-01-08 14:19:00+01:00,0.08646,0.034254,0.0,0.0
2017-01-08 14:20:00+01:00,0.07988,0.030147,0.0,0.0
2017-01-08 14:21:00+01:00,0.07918,0.031264,0.0,0.0
2017-01-08 14:22:00+01:00,0.07309,0.035248,0.0,0.0
2017-01-08 14:23:00+01:00,0.08515,0.033613,0.0,0.0
2017-01-08 14:24:00+01:00,0.07751,0.032129,0.0,0.0
2017-01-08 14:25:00+01:00,0.07682,0.034547,0.0,0.0
2017-01-08 14:26:00+01:00,0.06681,0.032452,0.0,0.0
2017-01-08 14:27:00+01:00,0.07113,0.037621,0.0,0.0
2017-01-08 14:28:00+01:00,0.06618,0.03334,0.0,0.0
2017-01-08 14:29:00+01:00,0.06595,0.033308,0.0,0.0
2017-01-08 14:30:00+01:00,0.07347,0.031344,0.0,0.0
2017-01-08 14:31:00+01:00,0.07301,0.03011,0.0,0.0
2017-01-08 14:32:00+01:00,0.07287,0.03038,0.0,0.0
2017-01-08 14:33:00+01:00,0.06805,0.029322,0.0,0.0
2017-01-08 14:34:00+01:00,0.07312,0.029909,0.0,0.0
2017-01-08 14:35:00+01:00,0.07318,0.029521,0.0,0.0
2017-01-08 14:36:00+01:00,0.07455,0.030965,0.0,0.0
2017-01-08 14:37:00+01:00,0.07621,0.029168,0.0,0.0
2017-01-08 14:38:00+01:00,0.07546,0.026855,0.0,0.0
2017-01-08 14:39:00+01:00,0.07793,0.024447,0.0,0.0
2017-01-08 14:40:00+01:00,0.07507,0.021421,0.0,0.0
2017-01-08 14:41:00+01:00,0.07447,0.016988,0.0,0.0
2017-01-08 14:42:00+01:00,0.0753,0.01654,0.0,0.0
2017-01-08 14:43:00+01:00,0.06526,0.017908,0.0,0.0
2017-01-08 14:44:00+01:00,0.06615,0.018023,0.0,0.0
2017-01-08 14:45:00+01:00,0.06816,0.018007,0.0,0.0
2017-01-08 14:46:00+01:00,0.07132,0.017207,0.0,0.0
2017-01-08 14:47:00+01:00,0.08162,0.018357,0.0,0.0
2017-01-08 14:48:00+01:00,0.07762,0.019562,0.0,0.0
2017-01-08 14:49:00+01:00,0.07629,0.022859,0.0,0.0
2017-01-08 14:50:00+01:00,0.07708,0.023383,0.0,0.0
2017-01-08 14:51:00+01:00,0.07879,0.025157,0.0,0.0
2017-01-08 14:52:00+01:00,0.0826,0.029392,0.0,0.0
2017-01-08 14:53:00+01:00,0.07945,0.030387,0.0,0.0
2017-01-08 14:54:00+01:00,0.08341,0.033029,0.0,0.0
2017-01-08 14:55:00+01:00,0.07493,0.032581,0.0,0.0
2017-01-08 14:56:00+01:00,0.07504,0.032978,0.0,0.0
2017-01-08 14:57:00+01:00,0.07104,0.032087,0.0,0.0
2017-01-08 14:58:00+01:00,0.07995,0.031364,0.0,0.0
2017-01-08 14:59:00+01:00,0.0839,0.030362,0.0,0.0
2017-01-08 15:00:00+01:00,0.07909,0.031071,0.0,0.0
2017-01-08 15:01:00+01:00,0.06645,0.030656,0.0,0.0
2017-01-08 15:02:00+01:00,0.06681,0.029599,0.0,0.0
2017-01-08 15:03:00+01:00,0.07189,0.02748,0.0,0.0
2017-01-08 15:04:00+01:00,0.09144,0.025677,0.0,0.0
2017-01-08 15:05:00+01:00,0.0853,0.022884,0.0,0.0
2017-01-08 15:06:00+01:00,0.07689,0.022496,0.0,0.0
2017-01-08 15:07:00+01:00,0.09178,0.022907,0.0,0.0
2017-01-08 15:08:00+01:00,0.07419,0.021599,0.0,0.0
2017-01-08 15:09:00+01:00,0.08356,0.019276,0.0,0.0
2017-01-08 15:10:00+01:00,0.08925,0.019152,0.0,0.0
2017-01-08 15:11:00+01:00,0.08741,0.018021,0.0,0.0
2017-01-08 15:12:00+01:00,0.08143,0.016529,0.0,0.0
2017-01-08 15:13:00+01:00,0.07513,0.014401,0.0,0.0
2017-01-08 15:14:00+01:00,0.08128,0.012941,0.0,0.0
2017-01-08 15:15:00+01:00,0.07924,0.011412,0.0,0.0
2017-01-08 15:16:00+01:00,0.08329,0.008012,0.0,0.0
2017-01-08 15:17:00+01:00,0.07614,0.00596,0.0,0.0
2017-01-08 15:18:00+01:00,0.07227,0.006923,0.0,0.0
2017-01-08 15:19:00+01:00,0.07903,0.007178,0.0,0.0
2017-01-08 15:20:00+01:00,0.07546,0.00515,0.0,0.0
2017-01-08 15:21:00+01:00,0.07829,0.006209,0.0,0.0
2017-01-08 15:22:00+01:00,0.08173,0.005004,0.0,0.0
2017-01-08 15:23:00+01:00,0.07632,0.005953,0.0,0.0
2017-01-08 15:24:00+01:00,0.07977,0.005352,0.0,0.0
2017-01-08 15:25:00+01:00,0.08299,0.00604,0.0,0.0
2017-01-08 15:26:00+01:00,0.08159,0.006493,0.0,0.0
2017-01-08 15:27:00+01:00,0.08546,0.004272,0.0,0.0
2017-01-08 15:28:00+01:00,0.08434,0.005629,0.0,0.0
2017-01-08 15:29:00+01:00,0.08464,0.003336,0.0,0.0
2017-01-08 15:30:00+01:00,0.09605,0.004075,0.0,0.0
2017-01-08 15:31:00+01:00,0.09914,0.001853,0.0,0.0
2017-01-08 15:32:00+01:00,0.10585,0.0,0.0,0.0
2017-01-08 15:33:00+01:00,0.10209,0.0,0.0,0.0
2017-01-08 15:34:00+01:00,0.09393,0.0,0.0,0.0
2017-01-08 15:35:00+01:00,0.08793,0.0,0.0,0.0
2017-01-08 15:36:00+01:00,0.09452,0.0,0.0,0.0
2017-01-08 15:37:00+01:00,0.08832,0.0,0.0,0.0
2017-01-08 15:38:00+01:00,0.08232,0.0,0.0,0.0
2017-01-08 15:39:00+01:00,0.06965,0.0,0.0,0.0
2017-01-08 15:40:00+01:00,0.07319,0.0,0.0,0.0
2017-01-08 15:41:00+01:00,0.0776,0.0,0.0,0.0
2017-01-08 15:42:00+01:00,0.07113,0.0,0.0,0.0
2017-01-08 15:43:00+01:00,0.07376,0.0,0.0,0.0
2017-01-08 15:44:00+01:00,0.07677,0.0,0.0,0.0
2017-01-08 15:45:00+01:00,0.07894,0.0,0.0,0.0
2017-01-08 15:46:00+01:00,0.07806,0.0,0.0,0.0
2017-01-08 15:47:00+01:00,0.08298,0.0,0.0,0.0
2017-01-08 15:48:00+01:00,0.08276,0.0,0.0,0.0
2017-01-08 15:49:00+01:00,0.08883,0.0,0.0,0.0
2017-01-08 15:50:00+01:00,0.08525,0.0,0.0,0.0
2017-01-08 15:51:00+01:00,0.08717,0.0,0.0,0.0
2017-01-08 15:52:00+01:00,0.08311,0.0,0.0,0.0
2017-01-08 15:53:00+01:00,0.07644,0.0,0.0,0.0
2017-01-08 15:54:00+01:00,0.07613,0.0,0.0,0.0
2017-01-08 15:55:00+01:00,0.08311,0.0,0.0,0.0
2017-01-08 15:56:00+01:00,0.08583,0.0,0.0,0.0
2017-01-08 15:57:00+01:00,0.08459,0.0,0.0,0.0
2017-01-08 15:58:00+01:00,0.08203,0.0,0.0,0.0
2017-01-08 15:59:00+01:00,0.07862,0.0,0.0,0.0
2017-01-08 16:00:00+01:00,0.08045,0.0,0.0,0.0
2017-01-08 16:01:00+01:00,0.08021,0.0,0.0,0.0
2017-01-08 16:02:00+01:00,0.07633,0.0,0.0,0.0
2017-01-08 16:03:00+01:00,0.07623,0.0,0.0,0.0
2017-01-08 16:04:00+01:00,0.07582,0.0,0.0,0.0
2017-01-08 16:05:00+01:00,0.08021,0.0,0.0,0.0
2017-01-08 16:06:00+01:00,0.08223,0.0,0.0,0.0
2017-01-08 16:07:00+01:00,0.08259,0.0,0.0,0.0
2017-01-08 16:08:00+01:00,0.08239,0.0,0.0,0.0
2017-01-08 16:09:00+01:00,0.0791,0.0,0.0,0.0
2017-01-08 16:10:00+01:00,0.09322,0.0,0.0,0.0
2017-01-08 16:11:00+01:00,0.09166,0.0,0.0,0.0
2017-01-08 16:12:00+01:00,0.07346,0.0,0.0,0.0
2017-01-08 16:13:00+01:00,0.07045,0.0,0.0,0.0
2017-01-08 16:14:00+01:00,0.07987,0.0,0.0,0.0
2017-01-08 16:15:00+01:00,0.08481,0.0,0.0,0.0
2017-01-08 16:16:00+01:00,0.07564,0.0,0.0,0.0
2017-01-08 16:17:00+01:00,0.07654,0.0,0.0,0.0
2017-01-08 16:18:00+01:00,0.07825,0.0,0.0,0.0
2017-01-08 16:19:00+01:00,0.07966,0.0,0.0,0.0
2017-01-08 16:20:00+01:00,0.08366,0.0,0.0,0.0
2017-01-08 16:21:00+01:00,0.08623,0.0,0.0,0.0
2017-01-08 16:22:00+01:00,0.08269,0.0,0.0,0.0
2017-01-08 16:23:00+01:00,0.08247,0.0,0.0,0.0
2017-01-08 16:24:00+01:00,0.08902,0.0,0.0,0.0
2017-01-08 16:25:00+01:00,0.08648,0.0,0.0,0.0
2017-01-08 16:26:00+01:00,0.08216,0.0,0.0,0.0
2017-01-08 16:27:00+01:00,0.09727,0.0,0.0,0.0
2017-01-08 16:28:00+01:00,0.08801,0.0,0.0,0.0
2017-01-08 16:29:00+01:00,0.07777,0.0,0.0,0.0
2017-01-08 16:30:00+01:00,0.07482,0.0,0.0,0.0
2017-01-08 16:31:00+01:00,0.07688,0.0,0.0,0.0
2017-01-08 16:32:00+01:00,0.07309,0.0,0.0,0.0
2017-01-08 16:33:00+01:00,0.0756,0.0,0.0,0.0
2017-01-08 16:34:00+01:00,0.08337,0.0,0.0,0.0
2017-01-08 16:35:00+01:00,0.08241,0.0,0.0,0.0
2017-01-08 16:36:00+01:00,0.07934,0.0,0.0,0.0
2017-01-08 16:37:00+01:00,0.07666,0.0,0.0,0.0
2017-01-08 16:38:00+01:00,0.07528,0.0,0.0,0.0
2017-01-08 16:39:00+01:00,0.09323,0.0,0.0,0.0
2017-01-08 16:40:00+01:00,0.09585,0.0,0.0,0.0
2017-01-08 16:41:00+01:00,0.09428,0.0,0.0,0.0
2017-01-08 16:42:00+01:00,0.09436,0.0,0.0,0.0
2017-01-08 16:43:00+01:00,0.08604,0.0,0.0,0.0
2017-01-08 16:44:00+01:00,0.08218,0.0,0.0,0.0
2017-01-08 16:45:00+01:00,0.08479,0.0,0.0,0.0
2017-01-08 16:46:00+01:00,0.08166,0.0,0.0,0.0
2017-01-08 16:47:00+01:00,0.08075,0.0,0.0,0.0
2017-01-08 16:48:00+01:00,0.07578,0.0,0.0,0.0
2017-01-08 16:49:00+01:00,0.07667,0.0,0.0,0.0
2017-01-08 16:50:00+01:00,0.08019,0.0,0.0,0.0
2017-01-08 16:51:00+01:00,0.07829,0.0,0.0,0.0
2017-01-08 16:52:00+01:00,0.08651,0.0,0.0,0.0
2017-01-08 16:53:00+01:00,0.09257,0.0,0.0,0.0
2017-01-08 16:54:00+01:00,0.09205,0.0,0.0,0.0
2017-01-08 16:55:00+01:00,0.09793,0.0,0.0,0.0
2017-01-08 16:56:00+01:00,0.09329,0.0,0.0,0.0
2017-01-08 16:57:00+01:00,0.09367,0.0,0.0,0.0
2017-01-08 16:58:00+01:00,0.10757,0.0,0.0,0.0
2017-01-08 16:59:00+01:00,0.10171,0.0,0.0,0.0
2017-01-08 17:00:00+01:00,0.09936,0.0,0.0,0.0
2017-01-08 17:01:00+01:00,0.10098,0.0,0.0,0.0
2017-01-08 17:02:00+01:00,0.09876,0.0,0.0,0.0
2017-01-08 17:03:00+01:00,0.09505,0.0,0.0,0.0
2017-01-08 17:04:00+01:00,0.09014,0.0,0.0,0.0
2017-01-08 17:05:00+01:00,0.09513,0.0,0.0,0.0
2017-01-08 17:06:00+01:00,0.10066,0.0,0.0,0.0
2017-01-08 17:07:00+01:00,0.10122,0.0,0.0,0.0
2017-01-08 17:08:00+01:00,0.10326,0.0,0.0,0.0
2017-01-08 17:09:00+01:00,0.09367,0.0,0.0,0.0
2017-01-08 17:10:00+01:00,0.09019,0.0,0.0,0.0
2017-01-08 17:11:00+01:00,0.09356,0.0,0.0,0.0
2017-01-08 17:12:00+01:00,0.09315,0.0,0.0,0.0
2017-01-08 17:13:00+01:00,0.09081,0.0,0.0,0.0
2017-01-08 17:14:00+01:00,0.1011,0.0,0.0,0.0
2017-01-08 17:15:00+01:00,0.10447,0.0,0.0,0.0
2017-01-08 17:16:00+01:00,0.09516,0.0,0.0,0.0
2017-01-08 17:17:00+01:00,0.09065,0.0,0.0,0.0
2017-01-08 17:18:00+01:00,0.08043,0.0,0.0,0.0
2017-01-08 17:19:00+01:00,0.07963,0.0,0.0,0.0
2017-01-08 17:20:00+01:00,0.08844,0.0,0.0,0.0
2017-01-08 17:21:00+01:00,0.10424,0.0,0.0,0.0
2017-01-08 17:22:00+01:00,0.12387,0.0,0.0,0.0
2017-01-08 17:23:00+01:00,0.11885,0.0,0.0,0.0
2017-01-08 17:24:00+01:00,0.10151,0.0,0.0,0.0
2017-01-08 17:25:00+01:00,0.10221,0.0,0.0,0.0
2017-01-08 17:26:00+01:00,0.09802,0.0,0.0,0.0
2017-01-08 17:27:00+01:00,0.10015,0.0,0.0,0.0
2017-01-08 17:28:00+01:00,0.09808,0.0,0.0,0.0
2017-01-08 17:29:00+01:00,0.09812,0.0,0.0,0.0
2017-01-08 17:30:00+01:00,0.09448,0.0,0.0,0.0
2017-01-08 17:31:00+01:00,0.1022,0.0,0.0,0.0
2017-01-08 17:32:00+01:00,0.11062,0.0,0.0,0.0
2017-01-08 17:33:00+01:00,0.09705,0.0,0.0,0.0
2017-01-08 17:34:00+01:00,0.09211,0.0,0.0,0.0
2017-01-08 17:35:00+01:00,0.09645,0.0,0.0,0.0
2017-01-08 17:36:00+01:00,0.09399,0.0,0.0,0.0
2017-01-08 17:37:00+01:00,0.10511,0.0,0.0,0.0
2017-01-08 17:38:00+01:00,0.10856,0.0,0.0,0.0
2017-01-08 17:39:00+01:00,0.11067,0.0,0.0,0.0
2017-01-08 17:40:00+01:00,0.10237,0.0,0.0,0.0
2017-01-08 17:41:00+01:00,0.09757,0.0,0.0,0.0
2017-01-08 17:42:00+01:00,0.08811,0.0,0.0,0.0
2017-01-08 17:43:00+01:00,0.09636,0.0,0.0,0.0
2017-01-08 17:44:00+01:00,0.10162,0.0,0.0,0.0
2017-01-08 17:45:00+01:00,0.1041,0.0,0.0,0.0
2017-01-08 17:46:00+01:00,0.10846,0.0,0.0,0.0
2017-01-08 17:47:00+01:00,0.09921,0.0,0.0,0.0
2017-01-08 17:48:00+01:00,0.10733,0.0,0.0,0.0
2017-01-08 17:49:00+01:00,0.10476,0.0,0.0,0.0
2017-01-08 17:50:00+01:00,0.10268,0.0,0.0,0.0
2017-01-08 17:51:00+01:00,0.10739,0.0,0.0,0.0
2017-01-08 17:52:00+01:00,0.11077,0.0,0.0,0.0
2017-01-08 17:53:00+01:00,0.11088,0.0,0.0,0.0
2017-01-08 17:54:00+01:00,0.11376,0.0,0.0,0.0
2017-01-08 17:55:00+01:00,0.11268,0.0,0.0,0.0
2017-01-08 17:56:00+01:00,0.11411,0.0,0.0,0.0
2017-01-08 17:57:00+01:00,0.10861,0.0,0.0,0.0
2017-01-08 17:58:00+01:00,0.10618,0.0,0.0,0.0
2017-01-08 17:59:00+01:00,0.1145,0.0,0.0,0.0
2017-01-08 18:00:00+01:00,0.11778,0.0,0.0,0.0
2017-01-08 18:01:00+01:00,0.10758,0.0,0.0,0.0
2017-01-08 18:02:00+01:00,0.10869,0.0,0.0,0.0
2017-01-08 18:03:00+01:00,0.1038,0.0,0.0,0.0
2017-01-08 18:04:00+01:00,0.11308,0.0,0.0,0.0
2017-01-08 18:05:00+01:00,0.12094,0.0,0.0,0.0
2017-01-08 18:06:00+01:00,0.11912,0.0,0.0,0.0
2017-01-08 18:07:00+01:00,0.11676,0.0,0.0,0.0
2017-01-08 18:08:00+01:00,0.11365,0.0,0.0,0.0
2017-01-08 18:09:00+01:00,0.11194,0.0,0.0,0.0
2017-01-08 18:10:00+01:00,0.10956,0.0,0.0,0.0
2017-01-08 18:11:00+01:00,0.11497,0.0,0.0,0.0
2017-01-08 18:12:00+01:00,0.11422,0.0,0.0,0.0
2017-01-08 18:13:00+01:00,0.11404,0.0,0.0,0.0
2017-01-08 18:14:00+01:00,0.10739,0.0,0.0,0.0
2017-01-08 18:15:00+01:00,0.10836,0.0,0.0,0.0
2017-01-08 18:16:00+01:00,0.11248,0.0,0.0,0.0
2017-01-08 18:17:00+01:00,0.12057,0.0,0.0,0.0
2017-01-08 18:18:00+01:00,0.11519,0.0,0.0,0.0
2017-01-08 18:19:00+01:00,0.12298,0.0,0.0,0.0
2017-01-08 18:20:00+01:00,0.12642,0.0,0.0,0.0
2017-01-08 18:21:00+01:00,0.11675,0.0,0.0,0.0
2017-01-08 18:22:00+01:00,0.1131,0.0,0.0,0.0
2017-01-08 18:23:00+01:00,0.11408,0.0,0.0,0.0
2017-01-08 18:24:00+01:00,0.11539,0.0,0.0,0.0
2017-01-08 18:25:00+01:00,0.11452,0.0,0.0,0.0
2017-01-08 18:26:00+01:00,0.12786,0.0,0.0,0.0
2017-01-08 18:27:00+01:00,0.12456,0.0,0.0,0.0
2017-01-08 18:28:00+01:00,0.11917,0.0,0.0,0.0
2017-01-08 18:29:00+01:00,0.11269,0.0,0.0,0.0
2017-01-08 18:30:00+01:00,0.11447,0.0,0.0,0.0
2017-01-08 18:31:00+01:00,0.11906,0.0,0.0,0.0
2017-01-08 18:32:00+01:00,0.11613,0.0,0.0,0.0
2017-01-08 18:33:00+01:00,0.11957,0.0,0.0,0.0
2017-01-08 18:34:00+01:00,0.11587,0.0,0.0,0.0
2017-01-08 18:35:00+01:00,0.11401,0.0,0.0,0.0
2017-01-08 18:36:00+01:00,0.1122,0.0,0.0,0.0
2017-01-08 18:37:00+01:00,0.10986,0.0,0.0,0.0
2017-01-08 18:38:00+01:00,0.10692,0.0,0.0,0.0
2017-01-08 18:39:00+01:00,0.10556,0.0,0.0,0.0
2017-01-08 18:40:00+01:00,0.11122,0.0,0.0,0.0
2017-01-08 18:41:00+01:00,0.11716,0.0,0.0,0.0
2017-01-08 18:42:00+01:00,0.11255,0.0,0.0,0.0
2017-01-08 18:43:00+01:00,0.11132,0.0,0.0,0.0
2017-01-08 18:44:00+01:00,0.12227,0.0,0.0,0.0
2017-01-08 18:45:00+01:00,0.11366,0.0,0.0,0.0
2017-01-08 18:46:00+01:00,0.11587,0.0,0.0,0.0
2017-01-08 18:47:00+01:00,0.10597,0.0,0.0,0.0
2017-01-08 18:48:00+01:00,0.10752,0.0,0.0,0.0
2017-01-08 18:49:00+01:00,0.10865,0.0,0.0,0.0
2017-01-08 18:50:00+01:00,0.11855,0.0,0.0,0.0
2017-01-08 18:51:00+01:00,0.11817,0.0,0.0,0.0
2017-01-08 18:52:00+01:00,0.11146,0.0,0.0,0.0
2017-01-08 18:53:00+01:00,0.10695,0.0,0.0,0.0
2017-01-08 18:54:00+01:00,0.11309,0.0,0.0,0.0
2017-01-08 18:55:00+01:00,0.11529,0.0,0.0,0.0
2017-01-08 18:56:00+01:00,0.11478,0.0,0.0,0.0
2017-01-08 18:57:00+01:00,0.12483,0.0,0.0,0.0
2017-01-08 18:58:00+01:00,0.13322,0.0,0.0,0.0
2017-01-08 18:59:00+01:00,0.11808,0.0,0.0,0.0
2017-01-08 19:00:00+01:00,0.12003,0.0,0.0,0.0
2017-01-08 19:01:00+01:00,0.10784,0.0,0.0,0.0
2017-01-08 19:02:00+01:00,0.10701,0.0,0.0,0.0
2017-01-08 19:03:00+01:00,0.10316,0.0,0.0,0.0
2017-01-08 19:04:00+01:00,0.10544,0.0,0.0,0.0
2017-01-08 19:05:00+01:00,0.11436,0.0,0.0,0.0
2017-01-08 19:06:00+01:00,0.11064,0.0,0.0,0.0
2017-01-08 19:07:00+01:00,0.12937,0.0,0.0,0.0
2017-01-08 19:08:00+01:00,0.12497,0.0,0.0,0.0
2017-01-08 19:09:00+01:00,0.11446,0.0,0.0,0.0
2017-01-08 19:10:00+01:00,0.12157,0.0,0.0,0.0
2017-01-08 19:11:00+01:00,0.12669,0.0,0.0,0.0
2017-01-08 19:12:00+01:00,0.11028,0.0,0.0,0.0
2017-01-08 19:13:00+01:00,0.11482,0.0,0.0,0.0
2017-01-08 19:14:00+01:00,0.11542,0.0,0.0,0.0
2017-01-08 19:15:00+01:00,0.11976,0.0,0.0,0.0
2017-01-08 19:16:00+01:00,0.11769,0.0,0.0,0.0
2017-01-08 19:17:00+01:00,0.12967,0.0,0.0,0.0
2017-01-08 19:18:00+01:00,0.11716,0.0,0.0,0.0
2017-01-08 19:19:00+01:00,0.112,0.0,0.0,0.0
2017-01-08 19:20:00+01:00,0.10607,0.0,0.0,0.0
2017-01-08 19:21:00+01:00,0.0991,0.0,0.0,0.0
2017-01-08 19:22:00+01:00,0.11421,0.0,0.0,0.0
2017-01-08 19:23:00+01:00,0.12131,0.0,0.0,0.0
2017-01-08 19:24:00+01:00,0.12693,0.0,0.0,0.0
2017-01-08 19:25:00+01:00,0.12348,0.0,0.0,0.0
2017-01-08 19:26:00+01:00,0.11162,0.0,0.0,0.0
2017-01-08 19:27:00+01:00,0.11,0.0,0.0,0.0
2017-01-08 19:28:00+01:00,0.11293,0.0,0.0,0.0
2017-01-08 19:29:00+01:00,0.11394,0.0,0.0,0.0
2017-01-08 19:30:00+01:00,0.12172,0.0,0.0,0.0
2017-01-08 19:31:00+01:00,0.10474,0.0,0.0,0.0
2017-01-08 19:32:00+01:00,0.11049,0.0,0.0,0.0
2017-01-08 19:33:00+01:00,0.11453,0.0,0.0,0.0
2017-01-08 19:34:00+01:00,0.11551,0.0,0.0,0.0
2017-01-08 19:35:00+01:00,0.1037,0.0,0.0,0.0
2017-01-08 19:36:00+01:00,0.09734,0.0,0.0,0.0
2017-01-08 19:37:00+01:00,0.09749,0.0,0.0,0.0
2017-01-08 19:38:00+01:00,0.1046,0.0,0.0,0.0
2017-01-08 19:39:00+01:00,0.10736,0.0,0.0,0.0
2017-01-08 19:40:00+01:00,0.10766,0.0,0.0,0.0
2017-01-08 19:41:00+01:00,0.10553,0.0,0.0,0.0
2017-01-08 19:42:00+01:00,0.10488,0.0,0.0,0.0
2017-01-08 19:43:00+01:00,0.1067,0.0,0.0,0.0
2017-01-08 19:44:00+01:00,0.10497,0.0,0.0,0.0
2017-01-08 19:45:00+01:00,0.11453,0.0,0.0,0.0
2017-01-08 19:46:00+01:00,0.12482,0.0,0.0,0.0
2017-01-08 19:47:00+01:00,0.12199,0.0,0.0,0.0
2017-01-08 19:48:00+01:00,0.14161,0.0,0.0,0.0
2017-01-08 19:49:00+01:00,0.12509,0.0,0.0,0.0
2017-01-08 19:50:00+01:00,0.12034,0.0,0.0,0.0
2017-01-08 19:51:00+01:00,0.11093,0.0,0.0,0.0
2017-01-08 19:52:00+01:00,0.10832,0.0,0.0,0.0
2017-01-08 19:53:00+01:00,0.11023,0.0,0.0,0.0
2017-01-08 19:54:00+01:00,0.11139,0.0,0.0,0.0
2017-01-08 19:55:00+01:00,0.10811,0.0,0.0,0.0
2017-01-08 19:56:00+01:00,0.11308,0.0,0.0,0.0
2017-01-08 19:57:00+01:00,0.11545,0.0,0.0,0.0
2017-01-08 19:58:00+01:00,0.1063,0.0,0.0,0.0
2017-01-08 19:59:00+01:00,0.10777,0.0,0.0,0.0
2017-01-08 20:00:00+01:00,0.11023,0.0,0.0,0.0
2017-01-08 20:01:00+01:00,0.11329,0.0,0.0,0.0
2017-01-08 20:02:00+01:00,0.10527,0.0,0.0,0.0
2017-01-08 20:03:00+01:00,0.11215,0.0,0.0,0.0
2017-01-08 20:04:00+01:00,0.11907,0.0,0.0,0.0
2017-01-08 20:05:00+01:00,0.12398,0.0,0.0,0.0
2017-01-08 20:06:00+01:00,0.11871,0.0,0.0,0.0
2017-01-08 20:07:00+01:00,0.13007,0.0,0.0,0.0
2017-01-08 20:08:00+01:00,0.11709,0.0,0.0,0.0
2017-01-08 20:09:00+01:00,0.11313,0.0,0.0,0.0
2017-01-08 20:10:00+01:00,0.12208,0.0,0.0,0.0
2017-01-08 20:11:00+01:00,0.11741,0.0,0.0,0.0
2017-01-08 20:12:00+01:00,0.12508,0.0,0.0,0.0
2017-01-08 20:13:00+01:00,0.1252,0.0,0.0,0.0
2017-01-08 20:14:00+01:00,0.12136,0.0,0.0,0.0
2017-01-08 20:15:00+01:00,0.11934,0.0,0.0,0.0
2017-01-08 20:16:00+01:00,0.12718,0.0,0.0,0.0
2017-01-08 20:17:00+01:00,0.12651,0.0,0.0,0.0
2017-01-08 20:18:00+01:00,0.11094,0.0,0.0,0.0
2017-01-08 20:19:00+01:00,0.10439,0.0,0.0,0.0
2017-01-08 20:20:00+01:00,0.09579,0.0,0.0,0.0
2017-01-08 20:21:00+01:00,0.10095,0.0,0.0,0.0
2017-01-08 20:22:00+01:00,0.09012,0.0,0.0,0.0
2017-01-08 20:23:00+01:00,0.08947,0.0,0.0,0.0
2017-01-08 20:24:00+01:00,0.09141,0.0,0.0,0.0
2017-01-08 20:25:00+01:00,0.11093,0.0,0.0,0.0
2017-01-08 20:26:00+01:00,0.11953,0.0,0.0,0.0
2017-01-08 20:27:00+01:00,0.10133,0.0,0.0,0.0
2017-01-08 20:28:00+01:00,0.09676,0.0,0.0,0.0
2017-01-08 20:29:00+01:00,0.09947,0.0,0.0,0.0
2017-01-08 20:30:00+01:00,0.10599,0.0,0.0,0.0
2017-01-08 20:31:00+01:00,0.10738,0.0,0.0,0.0
2017-01-08 20:32:00+01:00,0.09869,0.0,0.0,0.0
2017-01-08 20:33:00+01:00,0.09629,0.0,0.0,0.0
2017-01-08 20:34:00+01:00,0.09667,0.0,0.0,0.0
2017-01-08 20:35:00+01:00,0.10069,0.0,0.0,0.0
2017-01-08 20:36:00+01:00,0.09949,0.0,0.0,0.0
2017-01-08 20:37:00+01:00,0.1048,0.0,0.0,0.0
2017-01-08 20:38:00+01:00,0.1066,0.0,0.0,0.0
2017-01-08 20:39:00+01:00,0.10198,0.0,0.0,0.0
2017-01-08 20:40:00+01:00,0.09354,0.0,0.0,0.0
2017-01-08 20:41:00+01:00,0.09095,0.0,0.0,0.0
2017-01-08 20:42:00+01:00,0.09002,0.0,0.0,0.0
2017-01-08 20:43:00+01:00,0.0894,0.0,0.0,0.0
2017-01-08 20:44:00+01:00,0.08731,0.0,0.0,0.0
2017-01-08 20:45:00+01:00,0.08714,0.0,0.0,0.0
2017-01-08 20:46:00+01:00,0.0878,0.0,0.0,0.0
2017-01-08 20:47:00+01:00,0.09329,0.0,0.0,0.0
2017-01-08 20:48:00+01:00,0.09729,0.0,0.0,0.0
2017-01-08 20:49:00+01:00,0.09252,0.0,0.0,0.0
2017-01-08 20:50:00+01:00,0.09682,0.0,0.0,0.0
2017-01-08 20:51:00+01:00,0.09812,0.0,0.0,0.0
2017-01-08 20:52:00+01:00,0.09664,0.0,0.0,0.0
2017-01-08 20:53:00+01:00,0.09953,0.0,0.0,0.0
2017-01-08 20:54:00+01:00,0.10101,0.0,0.0,0.0
2017-01-08 20:55:00+01:00,0.09592,0.0,0.0,0.0
2017-01-08 20:56:00+01:00,0.09824,0.0,0.0,0.0
2017-01-08 20:57:00+01:00,0.10252,0.0,0.0,0.0
2017-01-08 20:58:00+01:00,0.09582,0.0,0.0,0.0
2017-01-08 20:59:00+01:00,0.0937,0.0,0.0,0.0
2017-01-08 21:00:00+01:00,0.09468,0.0,0.0,0.0
2017-01-08 21:01:00+01:00,0.0998,0.0,0.0,0.0
2017-01-08 21:02:00+01:00,0.10711,0.0,0.0,0.0
2017-01-08 21:03:00+01:00,0.10387,0.0,0.0,0.0
2017-01-08 21:04:00+01:00,0.09698,0.0,0.0,0.0
2017-01-08 21:05:00+01:00,0.0944,0.0,0.0,0.0
2017-01-08 21:06:00+01:00,0.09324,0.0,0.0,0.0
2017-01-08 21:07:00+01:00,0.09545,0.0,0.0,0.0
2017-01-08 21:08:00+01:00,0.10238,0.0,0.0,0.0
2017-01-08 21:09:00+01:00,0.09174,0.0,0.0,0.0
2017-01-08 21:10:00+01:00,0.08571,0.0,0.0,0.0
2017-01-08 21:11:00+01:00,0.08541,0.0,0.0,0.0
2017-01-08 21:12:00+01:00,0.0897,0.0,0.0,0.0
2017-01-08 21:13:00+01:00,0.09615,0.0,0.0,0.0
2017-01-08 21:14:00+01:00,0.09999,0.0,0.0,0.0
2017-01-08 21:15:00+01:00,0.09894,0.0,0.0,0.0
2017-01-08 21:16:00+01:00,0.09512,0.0,0.0,0.0
2017-01-08 21:17:00+01:00,0.09371,0.0,0.0,0.0
2017-01-08 21:18:00+01:00,0.08492,0.0,0.0,0.0
2017-01-08 21:19:00+01:00,0.08361,0.0,0.0,0.0
2017-01-08 21:20:00+01:00,0.08948,0.0,0.0,0.0
2017-01-08 21:21:00+01:00,0.08475,0.0,0.0,0.0
2017-01-08 21:22:00+01:00,0.08616,0.0,0.0,0.0
2017-01-08 21:23:00+01:00,0.08451,0.0,0.0,0.0
2017-01-08 21:24:00+01:00,0.07732,0.0,0.0,0.0
2017-01-08 21:25:00+01:00,0.0799,0.0,0.0,0.0
2017-01-08 21:26:00+01:00,0.08033,0.0,0.0,0.0
2017-01-08 21:27:00+01:00,0.08628,0.0,0.0,0.0
2017-01-08 21:28:00+01:00,0.09835,0.0,0.0,0.0
2017-01-08 21:29:00+01:00,0.10934,0.0,0.0,0.0
2017-01-08 21:30:00+01:00,0.09612,0.0,0.0,0.0
2017-01-08 21:31:00+01:00,0.09371,0.0,0.0,0.0
2017-01-08 21:32:00+01:00,0.0906,0.0,0.0,0.0
2017-01-08 21:33:00+01:00,0.10047,0.0,0.0,0.0
2017-01-08 21:34:00+01:00,0.08884,0.0,0.0,0.0
2017-01-08 21:35:00+01:00,0.0806,0.0,0.0,0.0
2017-01-08 21:36:00+01:00,0.08235,0.0,0.0,0.0
2017-01-08 21:37:00+01:00,0.08834,0.0,0.0,0.0
2017-01-08 21:38:00+01:00,0.08379,0.0,0.0,0.0
2017-01-08 21:39:00+01:00,0.08075,0.0,0.0,0.0
2017-01-08 21:40:00+01:00,0.07664,0.0,0.0,0.0
2017-01-08 21:41:00+01:00,0.07907,0.0,0.0,0.0
2017-01-08 21:42:00+01:00,0.07463,0.0,0.0,0.0
2017-01-08 21:43:00+01:00,0.07289,0.0,0.0,0.0
2017-01-08 21:44:00+01:00,0.07917,0.0,0.0,0.0
2017-01-08 21:45:00+01:00,0.08434,0.0,0.0,0.0
2017-01-08 21:46:00+01:00,0.07775,0.0,0.0,0.0
2017-01-08 21:47:00+01:00,0.07033,0.0,0.0,0.0
2017-01-08 21:48:00+01:00,0.07001,0.0,0.0,0.0
2017-01-08 21:49:00+01:00,0.07412,0.0,0.0,0.0
2017-01-08 21:50:00+01:00,0.07891,0.0,0.0,0.0
2017-01-08 21:51:00+01:00,0.07624,0.0,0.0,0.0
2017-01-08 21:52:00+01:00,0.07832,0.0,0.0,0.0
2017-01-08 21:53:00+01:00,0.08255,0.0,0.0,0.0
2017-01-08 21:54:00+01:00,0.08686,0.0,0.0,0.0
2017-01-08 21:55:00+01:00,0.08524,0.0,0.0,0.0
2017-01-08 21:56:00+01:00,0.08509,0.0,0.0,0.0
2017-01-08 21:57:00+01:00,0.08502,0.0,0.0,0.0
2017-01-08 21:58:00+01:00,0.09232,0.0,0.0,0.0
2017-01-08 21:59:00+01:00,0.08484,0.0,0.0,0.0
2017-01-08 22:00:00+01:00,0.09118,0.0,0.0,0.0
2017-01-08 22:01:00+01:00,0.08886,0.0,0.0,0.0
2017-01-08 22:02:00+01:00,0.09056,0.0,0.0,0.0
2017-01-08 22:03:00+01:00,0.09158,0.0,0.0,0.0
2017-01-08 22:04:00+01:00,0.09024,0.0,0.0,0.0
2017-01-08 22:05:00+01:00,0.09415,0.0,0.0,0.0
2017-01-08 22:06:00+01:00,0.08548,0.0,0.0,0.0
2017-01-08 22:07:00+01:00,0.08017,0.0,0.0,0.0
2017-01-08 22:08:00+01:00,0.08038,0.0,0.0,0.0
2017-01-08 22:09:00+01:00,0.08493,0.0,0.0,0.0
2017-01-08 22:10:00+01:00,0.08258,0.0,0.0,0.0
2017-01-08 22:11:00+01:00,0.08092,0.0,0.0,0.0
2017-01-08 22:12:00+01:00,0.08175,0.0,0.0,0.0
2017-01-08 22:13:00+01:00,0.07732,0.0,0.0,0.0
2017-01-08 22:14:00+01:00,0.07523,0.0,0.0,0.0
2017-01-08 22:15:00+01:00,0.07744,0.0,0.0,0.0
2017-01-08 22:16:00+01:00,0.07704,0.0,0.0,0.0
2017-01-08 22:17:00+01:00,0.0743,0.0,0.0,0.0
2017-01-08 22:18:00+01:00,0.07401,0.0,0.0,0.0
2017-01-08 22:19:00+01:00,0.07467,0.0,0.0,0.0
2017-01-08 22:20:00+01:00,0.07487,0.0,0.0,0.0
2017-01-08 22:21:00+01:00,0.07474,0.0,0.0,0.0
2017-01-08 22:22:00+01:00,0.06563,0.0,0.0,0.0
2017-01-08 22:23:00+01:00,0.06507,0.0,0.0,0.0
2017-01-08 22:24:00+01:00,0.06541,0.0,0.0,0.0
2017-01-08 22:25:00+01:00,0.06568,0.0,0.0,0.0
2017-01-08 22:26:00+01:00,0.0651,0.0,0.0,0.0
2017-01-08 22:27:00+01:00,0.07685,0.0,0.0,0.0
2017-01-08 22:28:00+01:00,0.07556,0.0,0.0,0.0
2017-01-08 22:29:00+01:00,0.07861,0.0,0.0,0.0
2017-01-08 22:30:00+01:00,0.08149,0.0,0.0,0.0
2017-01-08 22:31:00+01:00,0.07687,0.0,0.0,0.0
2017-01-08 22:32:00+01:00,0.0742,0.0,0.0,0.0
2017-01-08 22:33:00+01:00,0.08162,0.0,0.0,0.0
2017-01-08 22:34:00+01:00,0.08176,0.0,0.0,0.0
2017-01-08 22:35:00+01:00,0.08145,0.0,0.0,0.0
2017-01-08 22:36:00+01:00,0.08154,0.0,0.0,0.0
2017-01-08 22:37:00+01:00,0.08092,0.0,0.0,0.0
2017-01-08 22:38:00+01:00,0.07878,0.0,0.0,0.0
2017-01-08 22:39:00+01:00,0.07183,0.0,0.0,0.0
2017-01-08 22:40:00+01:00,0.07597,0.0,0.0,0.0
2017-01-08 22:41:00+01:00,0.07889,0.0,0.0,0.0
2017-01-08 22:42:00+01:00,0.07222,0.0,0.0,0.0
2017-01-08 22:43:00+01:00,0.06934,0.0,0.0,0.0
2017-01-08 22:44:00+01:00,0.06687,0.0,0.0,0.0
2017-01-08 22:45:00+01:00,0.06596,0.0,0.0,0.0
2017-01-08 22:46:00+01:00,0.06894,0.0,0.0,0.0
2017-01-08 22:47:00+01:00,0.07323,0.0,0.0,0.0
2017-01-08 22:48:00+01:00,0.0702,0.0,0.0,0.0
2017-01-08 22:49:00+01:00,0.06719,0.0,0.0,0.0
2017-01-08 22:50:00+01:00,0.06967,0.0,0.0,0.0
2017-01-08 22:51:00+01:00,0.07657,0.0,0.0,0.0
2017-01-08 22:52:00+01:00,0.07159,0.0,0.0,0.0
2017-01-08 22:53:00+01:00,0.0693,0.0,0.0,0.0
2017-01-08 22:54:00+01:00,0.07506,0.0,0.0,0.0
2017-01-08 22:55:00+01:00,0.07417,0.0,0.0,0.0
2017-01-08 22:56:00+01:00,0.06861,0.0,0.0,0.0
2017-01-08 22:57:00+01:00,0.06952,0.0,0.0,0.0
2017-01-08 22:58:00+01:00,0.07064,0.0,0.0,0.0
2017-01-08 22:59:00+01:00,0.07248,0.0,0.0,0.0
2017-01-08 23:00:00+01:00,0.06706,0.0,0.0,0.0
2017-01-08 23:01:00+01:00,0.07085,0.0,0.0,0.0
2017-01-08 23:02:00+01:00,0.07194,0.0,0.0,0.0
2017-01-08 23:03:00+01:00,0.07263,0.0,0.0,0.0
2017-01-08 23:04:00+01:00,0.0711,0.0,0.0,0.0
2017-01-08 23:05:00+01:00,0.06528,0.0,0.0,0.0
2017-01-08 23:06:00+01:00,0.0629,0.0,0.0,0.0
2017-01-08 23:07:00+01:00,0.06126,0.0,0.0,0.0
2017-01-08 23:08:00+01:00,0.05867,0.0,0.0,0.0
2017-01-08 23:09:00+01:00,0.06012,0.0,0.0,0.0
2017-01-08 23:10:00+01:00,0.05879,0.0,0.0,0.0
2017-01-08 23:11:00+01:00,0.05983,0.0,0.0,0.0
2017-01-08 23:12:00+01:00,0.06312,0.0,0.0,0.0
2017-01-08 23:13:00+01:00,0.06394,0.0,0.0,0.0
2017-01-08 23:14:00+01:00,0.06282,0.0,0.0,0.0
2017-01-08 23:15:00+01:00,0.06606,0.0,0.0,0.0
2017-01-08 23:16:00+01:00,0.06346,0.0,0.0,0.0
2017-01-08 23:17:00+01:00,0.06461,0.0,0.0,0.0
2017-01-08 23:18:00+01:00,0.0657,0.0,0.0,0.0
2017-01-08 23:19:00+01:00,0.05612,0.0,0.0,0.0
2017-01-08 23:20:00+01:00,0.06418,0.0,0.0,0.0
2017-01-08 23:21:00+01:00,0.06397,0.0,0.0,0.0
2017-01-08 23:22:00+01:00,0.06287,0.0,0.0,0.0
2017-01-08 23:23:00+01:00,0.06175,0.0,0.0,0.0
2017-01-08 23:24:00+01:00,0.05513,0.0,0.0,0.0
2017-01-08 23:25:00+01:00,0.05549,0.0,0.0,0.0
2017-01-08 23:26:00+01:00,0.05903,0.0,0.0,0.0
2017-01-08 23:27:00+01:00,0.05788,0.0,0.0,0.0
2017-01-08 23:28:00+01:00,0.05644,0.0,0.0,0.0
2017-01-08 23:29:00+01:00,0.05852,0.0,0.0,0.0
2017-01-08 23:30:00+01:00,0.05764,0.0,0.0,0.0
2017-01-08 23:31:00+01:00,0.05957,0.0,0.0,0.0
2017-01-08 23:32:00+01:00,0.0562,0.0,0.0,0.0
2017-01-08 23:33:00+01:00,0.05604,0.0,0.0,0.0
2017-01-08 23:34:00+01:00,0.05646,0.0,0.0,0.0
2017-01-08 23:35:00+01:00,0.05716,0.0,0.0,0.0
2017-01-08 23:36:00+01:00,0.05938,0.0,0.0,0.0
2017-01-08 23:37:00+01:00,0.05902,0.0,0.0,0.0
2017-01-08 23:38:00+01:00,0.05691,0.0,0.0,0.0
2017-01-08 23:39:00+01:00,0.05418,0.0,0.0,0.0
2017-01-08 23:40:00+01:00,0.05731,0.0,0.0,0.0
2017-01-08 23:41:00+01:00,0.05638,0.0,0.0,0.0
2017-01-08 23:42:00+01:00,0.06121,0.0,0.0,0.0
2017-01-08 23:43:00+01:00,0.0524,0.0,0.0,0.0
2017-01-08 23:44:00+01:00,0.0508,0.0,0.0,0.0
2017-01-08 23:45:00+01:00,0.05019,0.0,0.0,0.0
2017-01-08 23:46:00+01:00,0.05119,0.0,0.0,0.0
2017-01-08 23:47:00+01:00,0.05165,0.0,0.0,0.0
2017-01-08 23:48:00+01:00,0.05606,0.0,0.0,0.0
2017-01-08 23:49:00+01:00,0.05364,0.0,0.0,0.0
2017-01-08 23:50:00+01:00,0.06362,0.0,0.0,0.0
2017-01-08 23:51:00+01:00,0.06686,0.0,0.0,0.0
2017-01-08 23:52:00+01:00,0.06265,0.0,0.0,0.0
2017-01-08 23:53:00+01:00,0.06278,0.0,0.0,0.0
2017-01-08 23:54:00+01:00,0.05899,0.0,0.0,0.0
2017-01-08 23:55:00+01:00,0.05356,0.0,0.0,0.0
2017-01-08 23:56:00+01:00,0.05814,0.0,0.0,0.0
2017-01-08 23:57:00+01:00,0.05791,0.0,0.0,0.0
2017-01-08 23:58:00+01:00,0.05455,0.0,0.0,0.0
2017-01-08 23:59:00+01:00,0.05641,0.0,0.0,0.0
2017-01-09 00:00:00+01:00,0.05811,0.0,0.0,0.0
2017-01-09 00:01:00+01:00,0.05339,0.0,0.0,0.0
2017-01-09 00:02:00+01:00,0.05343,0.0,0.0,0.0
2017-01-09 00:03:00+01:00,0.05337,0.0,0.0,0.0
2017-01-09 00:04:00+01:00,0.0535,0.0,0.0,0.0
2017-01-09 00:05:00+01:00,0.05146,0.0,0.0,0.0
2017-01-09 00:06:00+01:00,0.05128,0.0,0.0,0.0
2017-01-09 00:07:00+01:00,0.05056,0.0,0.0,0.0
2017-01-09 00:08:00+01:00,0.05637,0.0,0.0,0.0
2017-01-09 00:09:00+01:00,0.05393,0.0,0.0,0.0
2017-01-09 00:10:00+01:00,0.0565,0.0,0.0,0.0
2017-01-09 00:11:00+01:00,0.05956,0.0,0.0,0.0
2017-01-09 00:12:00+01:00,0.05896,0.0,0.0,0.0
2017-01-09 00:13:00+01:00,0.05579,0.0,0.0,0.0
2017-01-09 00:14:00+01:00,0.05494,0.0,0.0,0.0
2017-01-09 00:15:00+01:00,0.05845,0.0,0.0,0.0
2017-01-09 00:16:00+01:00,0.05333,0.0,0.0,0.0
2017-01-09 00:17:00+01:00,0.04876,0.0,0.0,0.0
2017-01-09 00:18:00+01:00,0.04786,0.0,0.0,0.0
2017-01-09 00:19:00+01:00,0.05162,0.0,0.0,0.0
2017-01-09 00:20:00+01:00,0.05139,0.0,0.0,0.0
2017-01-09 00:21:00+01:00,0.04671,0.0,0.0,0.0
2017-01-09 00:22:00+01:00,0.05031,0.0,0.0,0.0
2017-01-09 00:23:00+01:00,0.05084,0.0,0.0,0.0
2017-01-09 00:24:00+01:00,0.05456,0.0,0.0,0.0
2017-01-09 00:25:00+01:00,0.05047,0.0,0.0,0.0
2017-01-09 00:26:00+01:00,0.04949,0.0,0.0,0.0
2017-01-09 00:27:00+01:00,0.04889,0.0,0.0,0.0
2017-01-09 00:28:00+01:00,0.04583,0.0,0.0,0.0
2017-01-09 00:29:00+01:00,0.04665,0.0,0.0,0.0
2017-01-09 00:30:00+01:00,0.04628,0.0,0.0,0.0
2017-01-09 00:31:00+01:00,0.05663,0.0,0.0,0.0
2017-01-09 00:32:00+01:00,0.05203,0.0,0.0,0.0
2017-01-09 00:33:00+01:00,0.0521,0.0,0.0,0.0
2017-01-09 00:34:00+01:00,0.05224,0.0,0.0,0.0
2017-01-09 00:35:00+01:00,0.05155,0.0,0.0,0.0
2017-01-09 00:36:00+01:00,0.05045,0.0,0.0,0.0
2017-01-09 00:37:00+01:00,0.0489,0.0,0.0,0.0
2017-01-09 00:38:00+01:00,0.04658,0.0,0.0,0.0
2017-01-09 00:39:00+01:00,0.04582,0.0,0.0,0.0
2017-01-09 00:40:00+01:00,0.04592,0.0,0.0,0.0
2017-01-09 00:41:00+01:00,0.04468,0.0,0.0,0.0
2017-01-09 00:42:00+01:00,0.04391,0.0,0.0,0.0
2017-01-09 00:43:00+01:00,0.04365,0.0,0.0,0.0
2017-01-09 00:44:00+01:00,0.03999,0.0,0.0,0.0
2017-01-09 00:45:00+01:00,0.0403,0.0,0.0,0.0
2017-01-09 00:46:00+01:00,0.03842,0.0,0.0,0.0
2017-01-09 00:47:00+01:00,0.03894,0.0,0.0,0.0
2017-01-09 00:48:00+01:00,0.04399,0.0,0.0,0.0
2017-01-09 00:49:00+01:00,0.04506,0.0,0.0,0.0
2017-01-09 00:50:00+01:00,0.04571,0.0,0.0,0.0
2017-01-09 00:51:00+01:00,0.04392,0.0,0.0,0.0
2017-01-09 00:52:00+01:00,0.04245,0.0,0.0,0.0
2017-01-09 00:53:00+01:00,0.03979,0.0,0.0,0.0
2017-01-09 00:54:00+01:00,0.04086,0.0,0.0,0.0
2017-01-09 00:55:00+01:00,0.04141,0.0,0.0,0.0
2017-01-09 00:56:00+01:00,0.04159,0.0,0.0,0.0
2017-01-09 00:57:00+01:00,0.04521,0.0,0.0,0.0
2017-01-09 00:58:00+01:00,0.04532,0.0,0.0,0.0
2017-01-09 00:59:00+01:00,0.04429,0.0,0.0,0.0
2017-01-09 01:00:00+01:00,0.05024,0.0,0.0,0.0
2017-01-09 01:01:00+01:00,0.04537,0.0,0.0,0.0
2017-01-09 01:02:00+01:00,0.04289,0.0,0.0,0.0
2017-01-09 01:03:00+01:00,0.04288,0.0,0.0,0.0
2017-01-09 01:04:00+01:00,0.04622,0.0,0.0,0.0
2017-01-09 01:05:00+01:00,0.04901,0.0,0.0,0.0
2017-01-09 01:06:00+01:00,0.05095,0.0,0.0,0.0
2017-01-09 01:07:00+01:00,0.04918,0.0,0.0,0.0
2017-01-09 01:08:00+01:00,0.04685,0.0,0.0,0.0
2017-01-09 01:09:00+01:00,0.04537,0.0,0.0,0.0
2017-01-09 01:10:00+01:00,0.04493,0.0,0.0,0.0
2017-01-09 01:11:00+01:00,0.03963,0.0,0.0,0.0
2017-01-09 01:12:00+01:00,0.03773,0.0,0.0,0.0
2017-01-09 01:13:00+01:00,0.03877,0.0,0.0,0.0
2017-01-09 01:14:00+01:00,0.04086,0.0,0.0,0.0
2017-01-09 01:15:00+01:00,0.04301,0.0,0.0,0.0
2017-01-09 01:16:00+01:00,0.03751,0.0,0.0,0.0
2017-01-09 01:17:00+01:00,0.03701,0.0,0.0,0.0
2017-01-09 01:18:00+01:00,0.03637,0.0,0.0,0.0
2017-01-09 01:19:00+01:00,0.04019,0.0,0.0,0.0
2017-01-09 01:20:00+01:00,0.0392,0.0,0.0,0.0
2017-01-09 01:21:00+01:00,0.03953,0.0,0.0,0.0
2017-01-09 01:22:00+01:00,0.03604,0.0,0.0,0.0
2017-01-09 01:23:00+01:00,0.03626,0.0,0.0,0.0
2017-01-09 01:24:00+01:00,0.03677,0.0,0.0,0.0
2017-01-09 01:25:00+01:00,0.03804,0.0,0.0,0.0
2017-01-09 01:26:00+01:00,0.03796,0.0,0.0,0.0
2017-01-09 01:27:00+01:00,0.03639,0.0,0.0,0.0
2017-01-09 01:28:00+01:00,0.03515,0.0,0.0,0.0
2017-01-09 01:29:00+01:00,0.03507,0.0,0.0,0.0
2017-01-09 01:30:00+01:00,0.03462,0.0,0.0,0.0
2017-01-09 01:31:00+01:00,0.03407,0.0,0.0,0.0
2017-01-09 01:32:00+01:00,0.03578,0.0,0.0,0.0
2017-01-09 01:33:00+01:00,0.03801,0.0,0.0,0.0
2017-01-09 01:34:00+01:00,0.03792,0.0,0.0,0.0
2017-01-09 01:35:00+01:00,0.03785,0.0,0.0,0.0
2017-01-09 01:36:00+01:00,0.03893,0.0,0.0,0.0
2017-01-09 01:37:00+01:00,0.03694,0.0,0.0,0.0
2017-01-09 01:38:00+01:00,0.03787,0.0,0.0,0.0
2017-01-09 01:39:00+01:00,0.03645,0.0,0.0,0.0
2017-01-09 01:40:00+01:00,0.03601,0.0,0.0,0.0
2017-01-09 01:41:00+01:00,0.03511,0.0,0.0,0.0
2017-01-09 01:42:00+01:00,0.03623,0.0,0.0,0.0
2017-01-09 01:43:00+01:00,0.03601,0.0,0.0,0.0
2017-01-09 01:44:00+01:00,0.03652,0.0,0.0,0.0
2017-01-09 01:45:00+01:00,0.03553,0.0,0.0,0.0
2017-01-09 01:46:00+01:00,0.03776,0.0,0.0,0.0
2017-01-09 01:47:00+01:00,0.03598,0.0,0.0,0.0
2017-01-09 01:48:00+01:00,0.03249,0.0,0.0,0.0
2017-01-09 01:49:00+01:00,0.032,0.0,0.0,0.0
2017-01-09 01:50:00+01:00,0.03669,0.0,0.0,0.0
2017-01-09 01:51:00+01:00,0.03586,0.0,0.0,0.0
2017-01-09 01:52:00+01:00,0.03332,0.0,0.0,0.0
2017-01-09 01:53:00+01:00,0.03721,0.0,0.0,0.0
2017-01-09 01:54:00+01:00,0.0356,0.0,0.0,0.0
2017-01-09 01:55:00+01:00,0.0367,0.0,0.0,0.0
2017-01-09 01:56:00+01:00,0.03805,0.0,0.0,0.0
2017-01-09 01:57:00+01:00,0.0346,0.0,0.0,0.0
2017-01-09 01:58:00+01:00,0.03301,0.0,0.0,0.0
2017-01-09 01:59:00+01:00,0.03355,0.0,0.0,0.0
2017-01-09 02:00:00+01:00,0.03539,0.0,0.0,0.0
2017-01-09 02:01:00+01:00,0.0356,0.0,0.0,0.0
2017-01-09 02:02:00+01:00,0.03191,0.0,0.0,0.0
2017-01-09 02:03:00+01:00,0.0323,0.0,0.0,0.0
2017-01-09 02:04:00+01:00,0.03712,0.0,0.0,0.0
2017-01-09 02:05:00+01:00,0.03843,0.0,0.0,0.0
2017-01-09 02:06:00+01:00,0.03631,0.0,0.0,0.0
2017-01-09 02:07:00+01:00,0.03977,0.0,0.0,0.0
2017-01-09 02:08:00+01:00,0.04241,0.0,0.0,0.0
2017-01-09 02:09:00+01:00,0.0418,0.0,0.0,0.0
2017-01-09 02:10:00+01:00,0.03772,0.0,0.0,0.0
2017-01-09 02:11:00+01:00,0.03952,0.0,0.0,0.0
2017-01-09 02:12:00+01:00,0.0384,0.0,0.0,0.0
2017-01-09 02:13:00+01:00,0.03657,0.0,0.0,0.0
2017-01-09 02:14:00+01:00,0.03329,0.0,0.0,0.0
2017-01-09 02:15:00+01:00,0.03349,0.0,0.0,0.0
2017-01-09 02:16:00+01:00,0.03276,0.0,0.0,0.0
2017-01-09 02:17:00+01:00,0.03157,0.0,0.0,0.0
2017-01-09 02:18:00+01:00,0.03177,0.0,0.0,0.0
2017-01-09 02:19:00+01:00,0.03195,0.0,0.0,0.0
2017-01-09 02:20:00+01:00,0.03374,0.0,0.0,0.0
2017-01-09 02:21:00+01:00,0.03574,0.0,0.0,0.0
2017-01-09 02:22:00+01:00,0.03854,0.0,0.0,0.0
2017-01-09 02:23:00+01:00,0.03759,0.0,0.0,0.0
2017-01-09 02:24:00+01:00,0.03793,0.0,0.0,0.0
2017-01-09 02:25:00+01:00,0.0374,0.0,0.0,0.0
2017-01-09 02:26:00+01:00,0.03476,0.0,0.0,0.0
2017-01-09 02:27:00+01:00,0.03372,0.0,0.0,0.0
2017-01-09 02:28:00+01:00,0.0332,0.0,0.0,0.0
2017-01-09 02:29:00+01:00,0.03235,0.0,0.0,0.0
2017-01-09 02:30:00+01:00,0.03326,0.0,0.0,0.0
2017-01-09 02:31:00+01:00,0.03289,0.0,0.0,0.0
2017-01-09 02:32:00+01:00,0.03107,0.0,0.0,0.0
2017-01-09 02:33:00+01:00,0.03023,0.0,0.0,0.0
2017-01-09 02:34:00+01:00,0.03087,0.0,0.0,0.0
2017-01-09 02:35:00+01:00,0.03076,0.0,0.0,0.0
2017-01-09 02:36:00+01:00,0.03162,0.0,0.0,0.0
2017-01-09 02:37:00+01:00,0.03206,0.0,0.0,0.0
2017-01-09 02:38:00+01:00,0.03338,0.0,0.0,0.0
2017-01-09 02:39:00+01:00,0.03374,0.0,0.0,0.0
2017-01-09 02:40:00+01:00,0.03278,0.0,0.0,0.0
2017-01-09 02:41:00+01:00,0.03364,0.0,0.0,0.0
2017-01-09 02:42:00+01:00,0.03303,0.0,0.0,0.0
2017-01-09 02:43:00+01:00,0.03329,0.0,0.0,0.0
2017-01-09 02:44:00+01:00,0.03303,0.0,0.0,0.0
2017-01-09 02:45:00+01:00,0.03394,0.0,0.0,0.0
2017-01-09 02:46:00+01:00,0.03715,0.0,0.0,0.0
2017-01-09 02:47:00+01:00,0.03715,0.0,0.0,0.0
2017-01-09 02:48:00+01:00,0.03574,0.0,0.0,0.0
2017-01-09 02:49:00+01:00,0.03396,0.0,0.0,0.0
2017-01-09 02:50:00+01:00,0.03333,0.0,0.0,0.0
2017-01-09 02:51:00+01:00,0.03345,0.0,0.0,0.0
2017-01-09 02:52:00+01:00,0.03337,0.0,0.0,0.0
2017-01-09 02:53:00+01:00,0.03222,0.0,0.0,0.0
2017-01-09 02:54:00+01:00,0.03315,0.0,0.0,0.0
2017-01-09 02:55:00+01:00,0.0375,0.0,0.0,0.0
2017-01-09 02:56:00+01:00,0.03404,0.0,0.0,0.0
2017-01-09 02:57:00+01:00,0.03512,0.0,0.0,0.0
2017-01-09 02:58:00+01:00,0.03506,0.0,0.0,0.0
2017-01-09 02:59:00+01:00,0.03624,0.0,0.0,0.0
2017-01-09 03:00:00+01:00,0.03673,0.0,0.0,0.0
2017-01-09 03:01:00+01:00,0.03698,0.0,0.0,0.0
2017-01-09 03:02:00+01:00,0.0376,0.0,0.0,0.0
2017-01-09 03:03:00+01:00,0.03713,0.0,0.0,0.0
2017-01-09 03:04:00+01:00,0.03685,0.0,0.0,0.0
2017-01-09 03:05:00+01:00,0.03546,0.0,0.0,0.0
2017-01-09 03:06:00+01:00,0.03485,0.0,0.0,0.0
2017-01-09 03:07:00+01:00,0.03288,0.0,0.0,0.0
2017-01-09 03:08:00+01:00,0.03404,0.0,0.0,0.0
2017-01-09 03:09:00+01:00,0.03563,0.0,0.0,0.0
2017-01-09 03:10:00+01:00,0.03358,0.0,0.0,0.0
2017-01-09 03:11:00+01:00,0.03183,0.0,0.0,0.0
2017-01-09 03:12:00+01:00,0.03164,0.0,0.0,0.0
2017-01-09 03:13:00+01:00,0.03171,0.0,0.0,0.0
2017-01-09 03:14:00+01:00,0.03185,0.0,0.0,0.0
2017-01-09 03:15:00+01:00,0.03133,0.0,0.0,0.0
2017-01-09 03:16:00+01:00,0.03289,0.0,0.0,0.0
2017-01-09 03:17:00+01:00,0.03217,0.0,0.0,0.0
2017-01-09 03:18:00+01:00,0.03383,0.0,0.0,0.0
2017-01-09 03:19:00+01:00,0.03617,0.0,0.0,0.0
2017-01-09 03:20:00+01:00,0.03525,0.0,0.0,0.0
2017-01-09 03:21:00+01:00,0.03625,0.0,0.0,0.0
2017-01-09 03:22:00+01:00,0.03109,0.0,0.0,0.0
2017-01-09 03:23:00+01:00,0.03151,0.0,0.0,0.0
2017-01-09 03:24:00+01:00,0.03457,0.0,0.0,0.0
2017-01-09 03:25:00+01:00,0.0346,0.0,0.0,0.0
2017-01-09 03:26:00+01:00,0.03175,0.0,0.0,0.0
2017-01-09 03:27:00+01:00,0.03161,0.0,0.0,0.0
2017-01-09 03:28:00+01:00,0.03339,0.0,0.0,0.0
2017-01-09 03:29:00+01:00,0.03792,0.0,0.0,0.0
2017-01-09 03:30:00+01:00,0.03779,0.0,0.0,0.0
2017-01-09 03:31:00+01:00,0.03384,0.0,0.0,0.0
2017-01-09 03:32:00+01:00,0.03735,0.0,0.0,0.0
2017-01-09 03:33:00+01:00,0.03537,0.0,0.0,0.0
2017-01-09 03:34:00+01:00,0.03467,0.0,0.0,0.0
2017-01-09 03:35:00+01:00,0.03991,0.0,0.0,0.0
2017-01-09 03:36:00+01:00,0.04012,0.0,0.0,0.0
2017-01-09 03:37:00+01:00,0.0346,0.0,0.0,0.0
2017-01-09 03:38:00+01:00,0.03312,0.0,0.0,0.0
2017-01-09 03:39:00+01:00,0.03184,0.0,0.0,0.0
2017-01-09 03:40:00+01:00,0.03611,0.0,0.0,0.0
2017-01-09 03:41:00+01:00,0.03347,0.0,0.0,0.0
2017-01-09 03:42:00+01:00,0.03401,0.0,0.0,0.0
2017-01-09 03:43:00+01:00,0.04011,0.0,0.0,0.0
2017-01-09 03:44:00+01:00,0.04526,0.0,0.0,0.0
2017-01-09 03:45:00+01:00,0.0409,0.0,0.0,0.0
2017-01-09 03:46:00+01:00,0.03338,0.0,0.0,0.0
2017-01-09 03:47:00+01:00,0.0355,0.0,0.0,0.0
2017-01-09 03:48:00+01:00,0.0379,0.0,0.0,0.0
2017-01-09 03:49:00+01:00,0.03764,0.0,0.0,0.0
2017-01-09 03:50:00+01:00,0.03723,0.0,0.0,0.0
2017-01-09 03:51:00+01:00,0.03648,0.0,0.0,0.0
2017-01-09 03:52:00+01:00,0.03541,0.0,0.0,0.0
2017-01-09 03:53:00+01:00,0.02974,0.0,0.0,0.0
2017-01-09 03:54:00+01:00,0.02898,0.0,0.0,0.0
2017-01-09 03:55:00+01:00,0.02907,0.0,0.0,0.0
2017-01-09 03:56:00+01:00,0.02965,0.0,0.0,0.0
2017-01-09 03:57:00+01:00,0.03627,0.0,0.0,0.0
2017-01-09 03:58:00+01:00,0.0381,0.0,0.0,0.0
2017-01-09 03:59:00+01:00,0.03277,0.0,0.0,0.0
2017-01-09 04:00:00+01:00,0.03048,0.0,0.0,0.0
2017-01-09 04:01:00+01:00,0.02968,0.0,0.0,0.0
2017-01-09 04:02:00+01:00,0.02991,0.0,0.0,0.0
2017-01-09 04:03:00+01:00,0.02992,0.0,0.0,0.0
2017-01-09 04:04:00+01:00,0.03282,0.0,0.0,0.0
2017-01-09 04:05:00+01:00,0.0409,0.0,0.0,0.0
2017-01-09 04:06:00+01:00,0.03972,0.0,0.0,0.0
2017-01-09 04:07:00+01:00,0.03518,0.0,0.0,0.0
2017-01-09 04:08:00+01:00,0.03533,0.0,0.0,0.0
2017-01-09 04:09:00+01:00,0.03653,0.0,0.0,0.0
2017-01-09 04:10:00+01:00,0.03789,0.0,0.0,0.0
2017-01-09 04:11:00+01:00,0.03688,0.0,0.0,0.0
2017-01-09 04:12:00+01:00,0.03572,0.0,0.0,0.0
2017-01-09 04:13:00+01:00,0.03489,0.0,0.0,0.0
2017-01-09 04:14:00+01:00,0.03396,0.0,0.0,0.0
2017-01-09 04:15:00+01:00,0.03296,0.0,0.0,0.0
2017-01-09 04:16:00+01:00,0.03036,0.0,0.0,0.0
2017-01-09 04:17:00+01:00,0.03173,0.0,0.0,0.0
2017-01-09 04:18:00+01:00,0.02697,0.0,0.0,0.0
2017-01-09 04:19:00+01:00,0.02742,0.0,0.0,0.0
2017-01-09 04:20:00+01:00,0.02655,0.0,0.0,0.0
2017-01-09 04:21:00+01:00,0.02683,0.0,0.0,0.0
2017-01-09 04:22:00+01:00,0.02823,0.0,0.0,0.0
2017-01-09 04:23:00+01:00,0.02858,0.0,0.0,0.0
2017-01-09 04:24:00+01:00,0.0269,0.0,0.0,0.0
2017-01-09 04:25:00+01:00,0.02884,0.0,0.0,0.0
2017-01-09 04:26:00+01:00,0.02931,0.0,0.0,0.0
2017-01-09 04:27:00+01:00,0.02943,0.0,0.0,0.0
2017-01-09 04:28:00+01:00,0.02846,0.0,0.0,0.0
2017-01-09 04:29:00+01:00,0.02769,0.0,0.0,0.0
2017-01-09 04:30:00+01:00,0.02938,0.0,0.0,0.0
2017-01-09 04:31:00+01:00,0.03311,0.0,0.0,0.0
2017-01-09 04:32:00+01:00,0.03384,0.0,0.0,0.0
2017-01-09 04:33:00+01:00,0.0342,0.0,0.0,0.0
2017-01-09 04:34:00+01:00,0.03643,0.0,0.0,0.0
2017-01-09 04:35:00+01:00,0.03525,0.0,0.0,0.0
2017-01-09 04:36:00+01:00,0.03456,0.0,0.0,0.0
2017-01-09 04:37:00+01:00,0.03182,0.0,0.0,0.0
2017-01-09 04:38:00+01:00,0.03181,0.0,0.0,0.0
2017-01-09 04:39:00+01:00,0.03286,0.0,0.0,0.0
2017-01-09 04:40:00+01:00,0.03253,0.0,0.0,0.0
2017-01-09 04:41:00+01:00,0.0318,0.0,0.0,0.0
2017-01-09 04:42:00+01:00,0.03203,0.0,0.0,0.0
2017-01-09 04:43:00+01:00,0.03354,0.0,0.0,0.0
2017-01-09 04:44:00+01:00,0.03161,0.0,0.0,0.0
2017-01-09 04:45:00+01:00,0.03093,0.0,0.0,0.0
2017-01-09 04:46:00+01:00,0.03171,0.0,0.0,0.0
2017-01-09 04:47:00+01:00,0.03,0.0,0.0,0.0
2017-01-09 04:48:00+01:00,0.02902,0.0,0.0,0.0
2017-01-09 04:49:00+01:00,0.0293,0.0,0.0,0.0
2017-01-09 04:50:00+01:00,0.03021,0.0,0.0,0.0
2017-01-09 04:51:00+01:00,0.03046,0.0,0.0,0.0
2017-01-09 04:52:00+01:00,0.03202,0.0,0.0,0.0
2017-01-09 04:53:00+01:00,0.03176,0.0,0.0,0.0
2017-01-09 04:54:00+01:00,0.03179,0.0,0.0,0.0
2017-01-09 04:55:00+01:00,0.03304,0.0,0.0,0.0
2017-01-09 04:56:00+01:00,0.03223,0.0,0.0,0.0
2017-01-09 04:57:00+01:00,0.03313,0.0,0.0,0.0
2017-01-09 04:58:00+01:00,0.03384,0.0,0.0,0.0
2017-01-09 04:59:00+01:00,0.0343,0.0,0.0,0.0
2017-01-09 05:00:00+01:00,0.0333,0.0,0.0,0.0
2017-01-09 05:01:00+01:00,0.03367,0.0,0.0,0.0
2017-01-09 05:02:00+01:00,0.0345,0.0,0.0,0.0
2017-01-09 05:03:00+01:00,0.03393,0.0,0.0,0.0
2017-01-09 05:04:00+01:00,0.03262,0.0,0.0,0.0
2017-01-09 05:05:00+01:00,0.03112,0.0,0.0,0.0
2017-01-09 05:06:00+01:00,0.02939,0.0,0.0,0.0
2017-01-09 05:07:00+01:00,0.03503,0.0,0.0,0.0
2017-01-09 05:08:00+01:00,0.0385,0.0,0.0,0.0
2017-01-09 05:09:00+01:00,0.0411,0.0,0.0,0.0
2017-01-09 05:10:00+01:00,0.03708,0.0,0.0,0.0
2017-01-09 05:11:00+01:00,0.04126,0.0,0.0,0.0
2017-01-09 05:12:00+01:00,0.03866,0.0,0.0,0.0
2017-01-09 05:13:00+01:00,0.04087,0.0,0.0,0.0
2017-01-09 05:14:00+01:00,0.03627,0.0,0.0,0.0
2017-01-09 05:15:00+01:00,0.03623,0.0,0.0,0.0
2017-01-09 05:16:00+01:00,0.03788,0.0,0.0,0.0
2017-01-09 05:17:00+01:00,0.03201,0.0,0.0,0.0
2017-01-09 05:18:00+01:00,0.03274,0.0,0.0,0.0
2017-01-09 05:19:00+01:00,0.03659,0.0,0.0,0.0
2017-01-09 05:20:00+01:00,0.03406,0.0,0.0,0.0
2017-01-09 05:21:00+01:00,0.03057,0.0,0.0,0.0
2017-01-09 05:22:00+01:00,0.03392,0.0,0.0,0.0
2017-01-09 05:23:00+01:00,0.03493,0.0,0.0,0.0
2017-01-09 05:24:00+01:00,0.03444,0.0,0.0,0.0
2017-01-09 05:25:00+01:00,0.03618,0.0,0.0,0.0
2017-01-09 05:26:00+01:00,0.03484,0.0,0.0,0.0
2017-01-09 05:27:00+01:00,0.03398,0.0,0.0,0.0
2017-01-09 05:28:00+01:00,0.03535,0.0,0.0,0.0
2017-01-09 05:29:00+01:00,0.03525,0.0,0.0,0.0
2017-01-09 05:30:00+01:00,0.03588,0.0,0.0,0.0
2017-01-09 05:31:00+01:00,0.03538,0.0,0.0,0.0
2017-01-09 05:32:00+01:00,0.03839,0.0,0.0,0.0
2017-01-09 05:33:00+01:00,0.03628,0.0,0.0,0.0
2017-01-09 05:34:00+01:00,0.03698,0.0,0.0,0.0
2017-01-09 05:35:00+01:00,0.03624,0.0,0.0,0.0
2017-01-09 05:36:00+01:00,0.03782,0.0,0.0,0.0
2017-01-09 05:37:00+01:00,0.0417,0.0,0.0,0.0
2017-01-09 05:38:00+01:00,0.037,0.0,0.0,0.0
2017-01-09 05:39:00+01:00,0.03764,0.0,0.0,0.0
2017-01-09 05:40:00+01:00,0.03691,0.0,0.0,0.0
2017-01-09 05:41:00+01:00,0.03631,0.0,0.0,0.0
2017-01-09 05:42:00+01:00,0.03556,0.0,0.0,0.0
2017-01-09 05:43:00+01:00,0.03562,0.0,0.0,0.0
2017-01-09 05:44:00+01:00,0.03494,0.0,0.0,0.0
2017-01-09 05:45:00+01:00,0.03469,0.0,0.0,0.0
2017-01-09 05:46:00+01:00,0.03705,0.0,0.0,0.0
2017-01-09 05:47:00+01:00,0.03749,0.0,0.0,0.0
2017-01-09 05:48:00+01:00,0.03728,0.0,0.0,0.0
2017-01-09 05:49:00+01:00,0.04066,0.0,0.0,0.0
2017-01-09 05:50:00+01:00,0.04426,0.0,0.0,0.0
2017-01-09 05:51:00+01:00,0.04301,0.0,0.0,0.0
2017-01-09 05:52:00+01:00,0.04143,0.0,0.0,0.0
2017-01-09 05:53:00+01:00,0.04153,0.0,0.0,0.0
2017-01-09 05:54:00+01:00,0.03916,0.0,0.0,0.0
2017-01-09 05:55:00+01:00,0.03874,0.0,0.0,0.0
2017-01-09 05:56:00+01:00,0.03893,0.0,0.0,0.0
2017-01-09 05:57:00+01:00,0.03835,0.0,0.0,0.0
2017-01-09 05:58:00+01:00,0.03752,0.0,0.0,0.0
2017-01-09 05:59:00+01:00,0.04201,0.0,0.0,0.0
2017-01-09 06:00:00+01:00,0.04085,0.0,0.0,0.0
2017-01-09 06:01:00+01:00,0.04174,0.0,0.0,0.0
2017-01-09 06:02:00+01:00,0.04345,0.0,0.0,0.0
2017-01-09 06:03:00+01:00,0.04308,0.0,0.0,0.0
2017-01-09 06:04:00+01:00,0.04755,0.0,0.0,0.0
2017-01-09 06:05:00+01:00,0.04337,0.0,0.0,0.0
2017-01-09 06:06:00+01:00,0.03841,0.0,0.0,0.0
2017-01-09 06:07:00+01:00,0.03671,0.0,0.0,0.0
2017-01-09 06:08:00+01:00,0.03626,0.0,0.0,0.0
2017-01-09 06:09:00+01:00,0.04006,0.0,0.0,0.0
2017-01-09 06:10:00+01:00,0.0437,0.0,0.0,0.0
2017-01-09 06:11:00+01:00,0.04209,0.0,0.0,0.0
2017-01-09 06:12:00+01:00,0.03784,0.0,0.0,0.0
2017-01-09 06:13:00+01:00,0.03844,0.0,0.0,0.0
2017-01-09 06:14:00+01:00,0.03958,0.0,0.0,0.0
2017-01-09 06:15:00+01:00,0.03997,0.0,0.0,0.0
2017-01-09 06:16:00+01:00,0.03976,0.0,0.0,0.0
2017-01-09 06:17:00+01:00,0.04155,0.0,0.0,0.0
2017-01-09 06:18:00+01:00,0.04294,0.0,0.0,0.0
2017-01-09 06:19:00+01:00,0.04207,0.0,0.0,0.0
2017-01-09 06:20:00+01:00,0.044,0.0,0.0,0.0
2017-01-09 06:21:00+01:00,0.04295,0.0,0.0,0.0
2017-01-09 06:22:00+01:00,0.0401,0.0,0.0,0.0
2017-01-09 06:23:00+01:00,0.03897,0.0,0.0,0.0
2017-01-09 06:24:00+01:00,0.03996,0.0,0.0,0.0
2017-01-09 06:25:00+01:00,0.03835,0.0,0.0,0.0
2017-01-09 06:26:00+01:00,0.04261,0.0,0.0,0.0
2017-01-09 06:27:00+01:00,0.04177,0.0,0.0,0.0
2017-01-09 06:28:00+01:00,0.04066,0.0,0.0,0.0
2017-01-09 06:29:00+01:00,0.04159,0.0,0.0,0.0
2017-01-09 06:30:00+01:00,0.03991,0.0,0.0,0.0
2017-01-09 06:31:00+01:00,0.03797,0.0,0.0,0.0
2017-01-09 06:32:00+01:00,0.03948,0.0,0.0,0.0
2017-01-09 06:33:00+01:00,0.04561,0.0,0.0,0.0
2017-01-09 06:34:00+01:00,0.04722,0.0,0.0,0.0
2017-01-09 06:35:00+01:00,0.04561,0.0,0.0,0.0
2017-01-09 06:36:00+01:00,0.04564,0.0,0.0,0.0
2017-01-09 06:37:00+01:00,0.03898,0.0,0.0,0.0
2017-01-09 06:38:00+01:00,0.03657,0.0,0.0,0.0
2017-01-09 06:39:00+01:00,0.03573,0.0,0.0,0.0
2017-01-09 06:40:00+01:00,0.03911,0.0,0.0,0.0
2017-01-09 06:41:00+01:00,0.03794,0.0,0.0,0.0
2017-01-09 06:42:00+01:00,0.03834,0.0,0.0,0.0
2017-01-09 06:43:00+01:00,0.03793,0.0,0.0,0.0
2017-01-09 06:44:00+01:00,0.04167,0.0,0.0,0.0
2017-01-09 06:45:00+01:00,0.04056,0.0,0.0,0.0
2017-01-09 06:46:00+01:00,0.0414,0.0,0.0,0.0
2017-01-09 06:47:00+01:00,0.04561,0.0,0.0,0.0
2017-01-09 06:48:00+01:00,0.04505,0.0,0.0,0.0
2017-01-09 06:49:00+01:00,0.04478,0.0,0.0,0.0
2017-01-09 06:50:00+01:00,0.0434,0.0,0.0,0.0
2017-01-09 06:51:00+01:00,0.04142,0.0,0.0,0.0
2017-01-09 06:52:00+01:00,0.04046,0.0,0.0,0.0
2017-01-09 06:53:00+01:00,0.03587,0.0,0.0,0.0
2017-01-09 06:54:00+01:00,0.03754,0.0,0.0,0.0
2017-01-09 06:55:00+01:00,0.04007,0.0,0.0,0.0
2017-01-09 06:56:00+01:00,0.04234,0.0,0.0,0.0
2017-01-09 06:57:00+01:00,0.04157,0.0,0.0,0.0
2017-01-09 06:58:00+01:00,0.03853,0.0,0.0,0.0
2017-01-09 06:59:00+01:00,0.03755,0.0,0.0,0.0
2017-01-09 07:00:00+01:00,0.03973,0.0,0.0,0.0
2017-01-09 07:01:00+01:00,0.03917,0.0,0.0,0.0
2017-01-09 07:02:00+01:00,0.03849,0.0,0.0,0.0
2017-01-09 07:03:00+01:00,0.0436,0.0,0.0,0.0
2017-01-09 07:04:00+01:00,0.04913,0.0,0.0,0.0
2017-01-09 07:05:00+01:00,0.04807,0.0,0.0,0.0
2017-01-09 07:06:00+01:00,0.04388,0.0,0.0,0.0
2017-01-09 07:07:00+01:00,0.04909,0.0,0.0,0.0
2017-01-09 07:08:00+01:00,0.04796,0.0,0.0,0.0
2017-01-09 07:09:00+01:00,0.0444,0.0,0.0,0.0
2017-01-09 07:10:00+01:00,0.04457,0.0,0.0,0.0
2017-01-09 07:11:00+01:00,0.04572,0.0,0.0,0.0
2017-01-09 07:12:00+01:00,0.04226,0.0,0.0,0.0
2017-01-09 07:13:00+01:00,0.04132,0.0,0.0,0.0
2017-01-09 07:14:00+01:00,0.04372,0.0,0.0,0.0
2017-01-09 07:15:00+01:00,0.04263,0.0,0.0,0.0
2017-01-09 07:16:00+01:00,0.04533,0.0,0.0,0.0
2017-01-09 07:17:00+01:00,0.04662,0.0,0.0,0.0
2017-01-09 07:18:00+01:00,0.04561,0.0,0.0,0.0
2017-01-09 07:19:00+01:00,0.04495,0.0,0.0,0.0
2017-01-09 07:20:00+01:00,0.04504,0.0,0.0,0.0
2017-01-09 07:21:00+01:00,0.04664,0.0,0.0,0.0
2017-01-09 07:22:00+01:00,0.04818,0.0,0.0,0.0
2017-01-09 07:23:00+01:00,0.04532,0.0,0.0,0.0
2017-01-09 07:24:00+01:00,0.0468,0.0,0.0,0.0
2017-01-09 07:25:00+01:00,0.04878,0.0,0.0,0.0
2017-01-09 07:26:00+01:00,0.0487,0.0,0.0,0.0
2017-01-09 07:27:00+01:00,0.05266,0.0,0.0,0.0
2017-01-09 07:28:00+01:00,0.04619,0.0,0.0,0.0
2017-01-09 07:29:00+01:00,0.04469,0.0,0.0,0.0
2017-01-09 07:30:00+01:00,0.04413,0.0,0.0,0.0
2017-01-09 07:31:00+01:00,0.04574,0.0,0.0,0.0
2017-01-09 07:32:00+01:00,0.04849,0.0,0.0,0.0
2017-01-09 07:33:00+01:00,0.04867,0.0,0.0,0.0
2017-01-09 07:34:00+01:00,0.04644,0.0,0.0,0.0
2017-01-09 07:35:00+01:00,0.05215,0.0,0.0,0.0
2017-01-09 07:36:00+01:00,0.0529,0.0,0.0,0.0
2017-01-09 07:37:00+01:00,0.04797,0.0,0.0,0.0
2017-01-09 07:38:00+01:00,0.04784,0.0,0.0,0.0
2017-01-09 07:39:00+01:00,0.04859,0.0,0.0,0.0
2017-01-09 07:40:00+01:00,0.04716,0.0,0.0,0.0
2017-01-09 07:41:00+01:00,0.04721,0.0,0.0,0.0
2017-01-09 07:42:00+01:00,0.04778,0.0,0.0,0.0
2017-01-09 07:43:00+01:00,0.0471,0.0,0.0,0.0
2017-01-09 07:44:00+01:00,0.04794,0.0,0.0,0.0
2017-01-09 07:45:00+01:00,0.04937,0.0,0.0,0.0
2017-01-09 07:46:00+01:00,0.04686,0.0,0.0,0.0
2017-01-09 07:47:00+01:00,0.04827,0.0,0.0,0.0
2017-01-09 07:48:00+01:00,0.05026,0.0,0.0,0.0
2017-01-09 07:49:00+01:00,0.05089,0.0,0.0,0.0
2017-01-09 07:50:00+01:00,0.04688,0.0,0.0,0.0
2017-01-09 07:51:00+01:00,0.04582,0.0,0.0,0.0
2017-01-09 07:52:00+01:00,0.05469,0.0,0.0,0.0
2017-01-09 07:53:00+01:00,0.05449,0.0,0.0,0.0
2017-01-09 07:54:00+01:00,0.04999,0.0,0.0,0.0
2017-01-09 07:55:00+01:00,0.05128,0.0,0.0,0.0
2017-01-09 07:56:00+01:00,0.05244,0.0,0.0,0.0
2017-01-09 07:57:00+01:00,0.05339,0.0,0.0,0.0
2017-01-09 07:58:00+01:00,0.05649,0.0,0.0,0.0
2017-01-09 07:59:00+01:00,0.05539,0.0,0.0,0.0
2017-01-09 08:00:00+01:00,0.05346,0.0,0.0,0.0
2017-01-09 08:01:00+01:00,0.05158,0.0,0.0,0.0
2017-01-09 08:02:00+01:00,0.05016,0.0,0.0,0.0
2017-01-09 08:03:00+01:00,0.04957,0.0,0.0,0.0
2017-01-09 08:04:00+01:00,0.04956,0.0,0.0,0.0
2017-01-09 08:05:00+01:00,0.05232,0.0,0.0,0.0
2017-01-09 08:06:00+01:00,0.05405,0.0,0.0,0.0
2017-01-09 08:07:00+01:00,0.05188,0.0,0.0,0.0
2017-01-09 08:08:00+01:00,0.05014,0.0,0.0,0.0
2017-01-09 08:09:00+01:00,0.04965,0.0,0.0,0.0
2017-01-09 08:10:00+01:00,0.05169,0.0,0.0,0.0
2017-01-09 08:11:00+01:00,0.05051,0.0,0.0,0.0
2017-01-09 08:12:00+01:00,0.05247,0.0,0.0,0.0
2017-01-09 08:13:00+01:00,0.0537,0.0,0.0,0.0
2017-01-09 08:14:00+01:00,0.05744,0.0,0.0,0.0
2017-01-09 08:15:00+01:00,0.06167,0.0,0.0,0.0
2017-01-09 08:16:00+01:00,0.06187,0.0,0.0,0.0
2017-01-09 08:17:00+01:00,0.06576,0.0,0.0,0.0
2017-01-09 08:18:00+01:00,0.06366,0.0,0.0,0.0
2017-01-09 08:19:00+01:00,0.06855,0.0,0.0,0.0
2017-01-09 08:20:00+01:00,0.06673,0.0,0.0,0.0
2017-01-09 08:21:00+01:00,0.06358,0.0,0.0,0.0
2017-01-09 08:22:00+01:00,0.06747,0.0,0.0,0.0
2017-01-09 08:23:00+01:00,0.0736,0.0,0.0,0.0
2017-01-09 08:24:00+01:00,0.07656,0.0,0.0,0.0
2017-01-09 08:25:00+01:00,0.07616,0.0,0.0,0.0
2017-01-09 08:26:00+01:00,0.08028,0.0,0.0,0.0
2017-01-09 08:27:00+01:00,0.07636,0.0,0.0,0.0
2017-01-09 08:28:00+01:00,0.06645,0.0,0.0,0.0
2017-01-09 08:29:00+01:00,0.06652,0.0,0.0,0.0
2017-01-09 08:30:00+01:00,0.06568,0.0,0.0,0.0
2017-01-09 08:31:00+01:00,0.06958,0.0,0.0,0.0
2017-01-09 08:32:00+01:00,0.07276,0.0,0.0,0.0
2017-01-09 08:33:00+01:00,0.0719,0.0,0.0,0.0
2017-01-09 08:34:00+01:00,0.07706,0.0,0.0,0.0
2017-01-09 08:35:00+01:00,0.07778,0.0,0.0,0.0
2017-01-09 08:36:00+01:00,0.0797,0.0,0.0,0.0
2017-01-09 08:37:00+01:00,0.08174,0.0,0.0,0.0
2017-01-09 08:38:00+01:00,0.0758,0.0,0.0,0.0
2017-01-09 08:39:00+01:00,0.07834,0.0,0.0,0.0
2017-01-09 08:40:00+01:00,0.08019,0.0,0.0,0.0
2017-01-09 08:41:00+01:00,0.07712,0.0,0.0,0.0
2017-01-09 08:42:00+01:00,0.07464,0.0,0.0,0.0
2017-01-09 08:43:00+01:00,0.0686,0.0,0.0,0.0
2017-01-09 08:44:00+01:00,0.06938,0.0,0.0,0.0
2017-01-09 08:45:00+01:00,0.07268,0.0,0.0,0.0
2017-01-09 08:46:00+01:00,0.07385,0.0,0.0,0.0
2017-01-09 08:47:00+01:00,0.07233,0.0,0.0,0.0
2017-01-09 08:48:00+01:00,0.07308,0.0,0.0,0.0
2017-01-09 08:49:00+01:00,0.08002,0.0,0.0,0.0
2017-01-09 08:50:00+01:00,0.07944,0.0,0.0,0.0
2017-01-09 08:51:00+01:00,0.07263,0.0,0.0,0.0
2017-01-09 08:52:00+01:00,0.0662,0.0,0.0,0.0
2017-01-09 08:53:00+01:00,0.06206,0.0,0.0,0.0
2017-01-09 08:54:00+01:00,0.0655,0.0,0.0,0.0
2017-01-09 08:55:00+01:00,0.06393,0.006718,0.0,0.0
2017-01-09 08:56:00+01:00,0.06297,0.00616,0.0,0.0
2017-01-09 08:57:00+01:00,0.06579,0.005578,0.0,0.0
2017-01-09 08:58:00+01:00,0.0707,0.005359,0.0,0.0
2017-01-09 08:59:00+01:00,0.0713,0.00541,0.0,0.0
2017-01-09 09:00:00+01:00,0.07165,0.005658,0.0,0.0
2017-01-09 09:01:00+01:00,0.07025,0.007923,0.0,0.0
2017-01-09 09:02:00+01:00,0.08048,0.005903,0.0,0.0
2017-01-09 09:03:00+01:00,0.07576,0.006496,0.0,0.0
2017-01-09 09:04:00+01:00,0.07101,0.008137,0.0,0.0
2017-01-09 09:05:00+01:00,0.07743,0.007561,0.0,0.0
2017-01-09 09:06:00+01:00,0.07286,0.006156,0.0,0.0
2017-01-09 09:07:00+01:00,0.07033,0.005723,0.0,0.0
2017-01-09 09:08:00+01:00,0.07301,0.006675,0.0,0.0
2017-01-09 09:09:00+01:00,0.07039,0.007777,0.0,0.0
2017-01-09 09:10:00+01:00,0.07783,0.009048,0.0,0.0
2017-01-09 09:11:00+01:00,0.07946,0.0102,0.0,0.0
2017-01-09 09:12:00+01:00,0.07513,0.011345,0.0,0.0
2017-01-09 09:13:00+01:00,0.07299,0.012879,0.0,0.0
2017-01-09 09:14:00+01:00,0.07415,0.014347,0.0,0.0
2017-01-09 09:15:00+01:00,0.08295,0.016375,0.0,0.0
2017-01-09 09:16:00+01:00,0.08808,0.017378,0.0,0.0
2017-01-09 09:17:00+01:00,0.08487,0.015969,0.0,0.0
2017-01-09 09:18:00+01:00,0.07917,0.016568,0.0,0.0
2017-01-09 09:19:00+01:00,0.07771,0.01796,0.0,0.0
2017-01-09 09:20:00+01:00,0.07983,0.019576,0.0,0.0
2017-01-09 09:21:00+01:00,0.07621,0.021943,0.0,0.0
2017-01-09 09:22:00+01:00,0.08035,0.021473,0.0,0.0
2017-01-09 09:23:00+01:00,0.08122,0.023256,0.0,0.0
2017-01-09 09:24:00+01:00,0.07929,0.025035,0.0,0.0
2017-01-09 09:25:00+01:00,0.07637,0.024394,0.0,0.0
2017-01-09 09:26:00+01:00,0.0788,0.025203,0.0,0.0
2017-01-09 09:27:00+01:00,0.07521,0.026798,0.0,0.0
2017-01-09 09:28:00+01:00,0.07991,0.027086,0.0,0.0
2017-01-09 09:29:00+01:00,0.08377,0.028299,0.0,0.0
2017-01-09 09:30:00+01:00,0.08551,0.030571,0.0,0.0
2017-01-09 09:31:00+01:00,0.09052,0.030201,0.0,0.0
2017-01-09 09:32:00+01:00,0.08916,0.031591,0.0,0.0
2017-01-09 09:33:00+01:00,0.0951,0.035046,0.0,0.0
2017-01-09 09:34:00+01:00,0.08412,0.035892,0.0,0.0
2017-01-09 09:35:00+01:00,0.0808,0.039544,0.0,0.0
2017-01-09 09:36:00+01:00,0.08249,0.042883,0.0,0.0
2017-01-09 09:37:00+01:00,0.08141,0.047378,0.0,0.0
2017-01-09 09:38:00+01:00,0.08434,0.0491,0.0,0.0
2017-01-09 09:39:00+01:00,0.09077,0.046586,0.0,0.0
2017-01-09 09:40:00+01:00,0.08074,0.041649,0.0,0.0
2017-01-09 09:41:00+01:00,0.08008,0.041855,0.0,0.0
2017-01-09 09:42:00+01:00,0.07544,0.043659,0.0,0.0
2017-01-09 09:43:00+01:00,0.07874,0.043783,0.0,0.0
2017-01-09 09:44:00+01:00,0.08758,0.044879,0.0,0.0
2017-01-09 09:45:00+01:00,0.0882,0.042049,0.0,0.0
2017-01-09 09:46:00+01:00,0.09318,0.042695,0.0,0.0
2017-01-09 09:47:00+01:00,0.09775,0.045637,0.0,0.0
2017-01-09 09:48:00+01:00,0.09716,0.046936,0.0,0.0
2017-01-09 09:49:00+01:00,0.09683,0.049032,0.0,0.0
2017-01-09 09:50:00+01:00,0.09417,0.048653,0.0,0.0
2017-01-09 09:51:00+01:00,0.09363,0.049242,0.0,0.0
2017-01-09 09:52:00+01:00,0.10657,0.044994,0.0,0.0
2017-01-09 09:53:00+01:00,0.1001,0.042983,0.0,0.0
2017-01-09 09:54:00+01:00,0.09851,0.045022,0.0,0.0
2017-01-09 09:55:00+01:00,0.10175,0.045378,0.0,0.0
2017-01-09 09:56:00+01:00,0.1009,0.047265,0.0,0.0
2017-01-09 09:57:00+01:00,0.09406,0.048901,0.0,0.0
2017-01-09 09:58:00+01:00,0.10674,0.04774,0.0,0.0
2017-01-09 09:59:00+01:00,0.11263,0.044933,0.0,0.0
2017-01-09 10:00:00+01:00,0.10242,0.041199,0.0,0.0
2017-01-09 10:01:00+01:00,0.09114,0.040859,0.0,0.0
2017-01-09 10:02:00+01:00,0.08591,0.041034,0.0,0.0
2017-01-09 10:03:00+01:00,0.08639,0.041206,0.0,0.0
2017-01-09 10:04:00+01:00,0.08032,0.044543,0.0,0.0
2017-01-09 10:05:00+01:00,0.07525,0.044112,0.0,0.0
2017-01-09 10:06:00+01:00,0.07181,0.043834,0.0,0.0
2017-01-09 10:07:00+01:00,0.08031,0.044135,0.0,0.0
2017-01-09 10:08:00+01:00,0.08624,0.043571,0.0,0.0
2017-01-09 10:09:00+01:00,0.08215,0.043194,0.0,0.0
2017-01-09 10:10:00+01:00,0.08197,0.046009,0.0,0.0
2017-01-09 10:11:00+01:00,0.09066,0.046239,0.0,0.0
2017-01-09 10:12:00+01:00,0.09833,0.046285,0.0,0.0
2017-01-09 10:13:00+01:00,0.103,0.047957,0.0,0.0
2017-01-09 10:14:00+01:00,0.10726,0.051077,0.0,0.0
2017-01-09 10:15:00+01:00,0.1034,0.051105,0.0,0.0
2017-01-09 10:16:00+01:00,0.09993,0.052897,0.0,0.0
2017-01-09 10:17:00+01:00,0.10766,0.051664,0.0,0.0
2017-01-09 10:18:00+01:00,0.09947,0.052504,0.0,0.0
2017-01-09 10:19:00+01:00,0.09594,0.050636,0.0,0.0
2017-01-09 10:20:00+01:00,0.08788,0.051068,0.0,0.0
2017-01-09 10:21:00+01:00,0.09004,0.050944,0.0,0.0
2017-01-09 10:22:00+01:00,0.09226,0.052482,0.0,0.0
2017-01-09 10:23:00+01:00,0.08447,0.054442,0.0,0.0
2017-01-09 10:24:00+01:00,0.09033,0.054942,0.0,0.0
2017-01-09 10:25:00+01:00,0.08742,0.057296,0.0,0.0
2017-01-09 10:26:00+01:00,0.08638,0.055391,0.0,0.0
2017-01-09 10:27:00+01:00,0.09498,0.056388,0.0,0.0
2017-01-09 10:28:00+01:00,0.09954,0.057724,0.0,0.0
2017-01-09 10:29:00+01:00,0.101,0.058907,0.0,0.0
2017-01-09 10:30:00+01:00,0.10301,0.057142,0.0,0.0
2017-01-09 10:31:00+01:00,0.10341,0.0574,0.0,0.0
2017-01-09 10:32:00+01:00,0.09541,0.060514,0.0,0.0
2017-01-09 10:33:00+01:00,0.09544,0.058741,0.0,0.0
2017-01-09 10:34:00+01:00,0.09787,0.057775,0.0,0.0
2017-01-09 10:35:00+01:00,0.09084,0.057594,0.0,0.0
2017-01-09 10:36:00+01:00,0.1026,0.059125,0.0,0.0
2017-01-09 10:37:00+01:00,0.08845,0.0605,0.0,0.0
2017-01-09 10:38:00+01:00,0.08987,0.060805,0.0,0.0
2017-01-09 10:39:00+01:00,0.08896,0.05919,0.0,0.0
2017-01-09 10:40:00+01:00,0.09138,0.059082,0.0,0.0
2017-01-09 10:41:00+01:00,0.10218,0.063497,0.0,0.0
2017-01-09 10:42:00+01:00,0.10283,0.065717,0.0,0.0
2017-01-09 10:43:00+01:00,0.09105,0.06743,0.0,0.0
2017-01-09 10:44:00+01:00,0.08876,0.06615,0.0,0.0
2017-01-09 10:45:00+01:00,0.08394,0.06427,0.0,0.0
2017-01-09 10:46:00+01:00,0.08895,0.062034,0.0,0.0
2017-01-09 10:47:00+01:00,0.08886,0.062178,0.0,0.0
2017-01-09 10:48:00+01:00,0.08921,0.060213,0.0,0.0
2017-01-09 10:49:00+01:00,0.08877,0.060293,0.0,0.0
2017-01-09 10:50:00+01:00,0.09154,0.064759,0.0,0.0
2017-01-09 10:51:00+01:00,0.09591,0.066352,0.0,0.0
2017-01-09 10:52:00+01:00,0.10258,0.068497,0.0,0.0
2017-01-09 10:53:00+01:00,0.10503,0.069665,0.0,0.0
2017-01-09 10:54:00+01:00,0.11382,0.067224,0.0,0.0
2017-01-09 10:55:00+01:00,0.11011,0.065722,0.0,0.0
2017-01-09 10:56:00+01:00,0.11166,0.063712,0.0,0.0
2017-01-09 10:57:00+01:00,0.1134,0.062777,0.0,0.0
2017-01-09 10:58:00+01:00,0.10667,0.064207,0.0,0.0
2017-01-09 10:59:00+01:00,0.08566,0.064812,0.0,0.0
2017-01-09 11:00:00+01:00,0.09031,0.065142,0.0,0.0
2017-01-09 11:01:00+01:00,0.09822,0.065872,0.0,0.0
2017-01-09 11:02:00+01:00,0.11586,0.066579,0.0,0.0
2017-01-09 11:03:00+01:00,0.11412,0.067243,0.0,0.0
2017-01-09 11:04:00+01:00,0.11808,0.067245,0.0,0.0
2017-01-09 11:05:00+01:00,0.12386,0.067982,0.0,0.0
2017-01-09 11:06:00+01:00,0.12315,0.066964,0.0,0.0
2017-01-09 11:07:00+01:00,0.13197,0.065499,0.0,0.0
2017-01-09 11:08:00+01:00,0.11484,0.063327,0.0,0.0
2017-01-09 11:09:00+01:00,0.1086,0.064248,0.0,0.0
2017-01-09 11:10:00+01:00,0.10794,0.061975,0.0,0.0
2017-01-09 11:11:00+01:00,0.10784,0.061482,0.0,0.0
2017-01-09 11:12:00+01:00,0.10646,0.062703,0.0,0.0
2017-01-09 11:13:00+01:00,0.11785,0.065821,0.0,0.0
2017-01-09 11:14:00+01:00,0.12327,0.068345,0.0,0.0
2017-01-09 11:15:00+01:00,0.12529,0.067921,0.0,0.0
2017-01-09 11:16:00+01:00,0.12012,0.069506,0.0,0.0
2017-01-09 11:17:00+01:00,0.1192,0.068116,0.0,0.0
2017-01-09 11:18:00+01:00,0.10873,0.067562,0.0,0.0
2017-01-09 11:19:00+01:00,0.11252,0.069356,0.0,0.0
2017-01-09 11:20:00+01:00,0.1292,0.068185,0.0,0.0
2017-01-09 11:21:00+01:00,0.13878,0.068587,0.0,0.0
2017-01-09 11:22:00+01:00,0.13291,0.073372,0.0,0.0
2017-01-09 11:23:00+01:00,0.1262,0.076413,0.0,0.0
2017-01-09 11:24:00+01:00,0.12328,0.077775,0.0,0.0
2017-01-09 11:25:00+01:00,0.11394,0.078706,0.0,0.0
2017-01-09 11:26:00+01:00,0.1134,0.075441,0.0,0.0
2017-01-09 11:27:00+01:00,0.10785,0.075037,0.0,0.0
2017-01-09 11:28:00+01:00,0.10843,0.074916,0.0,0.0
2017-01-09 11:29:00+01:00,0.09765,0.074583,0.0,0.0
2017-01-09 11:30:00+01:00,0.09879,0.073182,0.0,0.0
2017-01-09 11:31:00+01:00,0.09307,0.070583,0.0,0.0
2017-01-09 11:32:00+01:00,0.0893,0.066314,0.0,0.0
2017-01-09 11:33:00+01:00,0.08105,0.067882,0.0,0.0
2017-01-09 11:34:00+01:00,0.08702,0.068616,0.0,0.0
2017-01-09 11:35:00+01:00,0.0946,0.065331,0.0,0.0
2017-01-09 11:36:00+01:00,0.10504,0.064494,0.0,0.0
2017-01-09 11:37:00+01:00,0.11098,0.064019,0.0,0.0
2017-01-09 11:38:00+01:00,0.11472,0.064528,0.0,0.0
2017-01-09 11:39:00+01:00,0.10959,0.069329,0.0,0.0
2017-01-09 11:40:00+01:00,0.11829,0.072291,0.0,0.0
2017-01-09 11:41:00+01:00,0.13088,0.077862,0.0,0.0
2017-01-09 11:42:00+01:00,0.12142,0.082321,0.0,0.0
2017-01-09 11:43:00+01:00,0.11088,0.085457,0.0,0.0
2017-01-09 11:44:00+01:00,0.10412,0.091697,0.0,0.0
2017-01-09 11:45:00+01:00,0.10671,0.095584,0.0,0.0
2017-01-09 11:46:00+01:00,0.10575,0.097503,0.0,0.0
2017-01-09 11:47:00+01:00,0.10114,0.099581,0.0,0.0
2017-01-09 11:48:00+01:00,0.09156,0.099912,0.0,0.0
2017-01-09 11:49:00+01:00,0.10635,0.099733,0.0,0.0
2017-01-09 11:50:00+01:00,0.1008,0.099463,0.0,0.0
2017-01-09 11:51:00+01:00,0.11086,0.097917,0.0,0.0
2017-01-09 11:52:00+01:00,0.10458,0.097387,0.0,0.0
2017-01-09 11:53:00+01:00,0.1111,0.098632,0.0,0.0
2017-01-09 11:54:00+01:00,0.11843,0.102633,0.0,0.0
2017-01-09 11:55:00+01:00,0.10929,0.106877,0.0,0.0
2017-01-09 11:56:00+01:00,0.10369,0.107857,0.0,0.0
2017-01-09 11:57:00+01:00,0.10578,0.105402,0.0,0.0
2017-01-09 11:58:00+01:00,0.09748,0.101236,0.0,0.0
2017-01-09 11:59:00+01:00,0.10013,0.096957,0.0,0.0
2017-01-09 12:00:00+01:00,0.09507,0.095601,0.0,0.0
2017-01-09 12:01:00+01:00,0.09277,0.097213,0.0,0.0
2017-01-09 12:02:00+01:00,0.09546,0.097278,0.0,0.0
2017-01-09 12:03:00+01:00,0.09607,0.098715,0.0,0.0
2017-01-09 12:04:00+01:00,0.10624,0.095982,0.0,0.0
2017-01-09 12:05:00+01:00,0.11041,0.093303,0.0,0.0
2017-01-09 12:06:00+01:00,0.11207,0.090095,0.0,0.0
2017-01-09 12:07:00+01:00,0.11913,0.088457,0.0,0.0
2017-01-09 12:08:00+01:00,0.11959,0.090094,0.0,0.0
2017-01-09 12:09:00+01:00,0.11295,0.095094,0.0,0.0
2017-01-09 12:10:00+01:00,0.11245,0.097519,0.0,0.0
2017-01-09 12:11:00+01:00,0.10859,0.09952,0.0,0.0
2017-01-09 12:12:00+01:00,0.11262,0.098394,0.0,0.0
2017-01-09 12:13:00+01:00,0.11101,0.09607,0.0,0.0
2017-01-09 12:14:00+01:00,0.10439,0.094139,0.0,0.0
2017-01-09 12:15:00+01:00,0.10683,0.092722,0.0,0.0
2017-01-09 12:16:00+01:00,0.11192,0.094263,0.0,0.0
2017-01-09 12:17:00+01:00,0.10693,0.09601,0.0,0.0
2017-01-09 12:18:00+01:00,0.11095,0.097249,0.0,0.0
2017-01-09 12:19:00+01:00,0.11092,0.089507,0.0,0.0
2017-01-09 12:20:00+01:00,0.12098,0.085432,0.0,0.0
2017-01-09 12:21:00+01:00,0.12457,0.085021,0.0,0.0
2017-01-09 12:22:00+01:00,0.12176,0.086748,0.0,0.0
2017-01-09 12:23:00+01:00,0.12266,0.087681,0.0,0.0
2017-01-09 12:24:00+01:00,0.12038,0.087681,0.0,0.0
2017-01-09 12:25:00+01:00,0.11462,0.084687,0.0,0.0
2017-01-09 12:26:00+01:00,0.12372,0.08424,0.0,0.0
2017-01-09 12:27:00+01:00,0.1161,0.084186,0.0,0.0
2017-01-09 12:28:00+01:00,0.11156,0.084028,0.0,0.0
2017-01-09 12:29:00+01:00,0.11896,0.08148,0.0,0.0
2017-01-09 12:30:00+01:00,0.11847,0.077431,0.0,0.0
2017-01-09 12:31:00+01:00,0.11196,0.075765,0.0,0.0
2017-01-09 12:32:00+01:00,0.11576,0.075582,0.0,0.0
2017-01-09 12:33:00+01:00,0.11287,0.080967,0.0,0.0
2017-01-09 12:34:00+01:00,0.11056,0.077439,0.0,0.0
2017-01-09 12:35:00+01:00,0.1149,0.076437,0.0,0.0
2017-01-09 12:36:00+01:00,0.11395,0.079849,0.0,0.0
2017-01-09 12:37:00+01:00,0.11685,0.077953,0.0,0.0
2017-01-09 12:38:00+01:00,0.12043,0.069559,0.0,0.0
2017-01-09 12:39:00+01:00,0.12166,0.06084,0.0,0.0
2017-01-09 12:40:00+01:00,0.10444,0.061459,0.0,0.0
2017-01-09 12:41:00+01:00,0.0975,0.064836,0.0,0.0
2017-01-09 12:42:00+01:00,0.10262,0.064124,0.0,0.0
2017-01-09 12:43:00+01:00,0.11856,0.065269,0.0,0.0
2017-01-09 12:44:00+01:00,0.1169,0.064711,0.0,0.0
2017-01-09 12:45:00+01:00,0.11058,0.062061,0.0,0.0
2017-01-09 12:46:00+01:00,0.10854,0.059073,0.0,0.0
2017-01-09 12:47:00+01:00,0.09996,0.055209,0.0,0.0
2017-01-09 12:48:00+01:00,0.09783,0.055541,0.0,0.0
2017-01-09 12:49:00+01:00,0.09992,0.056921,0.0,0.0
2017-01-09 12:50:00+01:00,0.10163,0.057795,0.0,0.0
2017-01-09 12:51:00+01:00,0.10174,0.056483,0.0,0.0
2017-01-09 12:52:00+01:00,0.10038,0.059023,0.0,0.0
2017-01-09 12:53:00+01:00,0.10235,0.063558,0.0,0.0
2017-01-09 12:54:00+01:00,0.10287,0.06234,0.0,0.0
2017-01-09 12:55:00+01:00,0.10726,0.059037,0.0,0.0
2017-01-09 12:56:00+01:00,0.11144,0.059515,0.0,0.0
2017-01-09 12:57:00+01:00,0.09575,0.060207,0.0,0.0
2017-01-09 12:58:00+01:00,0.10047,0.063262,0.0,0.0
2017-01-09 12:59:00+01:00,0.10361,0.066738,0.0,0.0
2017-01-09 13:00:00+01:00,0.09744,0.064744,0.0,0.0
2017-01-09 13:01:00+01:00,0.10738,0.059797,0.0,0.0
2017-01-09 13:02:00+01:00,0.1035,0.057182,0.0,0.0
2017-01-09 13:03:00+01:00,0.10901,0.055462,0.0,0.0
2017-01-09 13:04:00+01:00,0.11054,0.054675,0.0,0.0
2017-01-09 13:05:00+01:00,0.10309,0.055455,0.0,0.0
2017-01-09 13:06:00+01:00,0.11159,0.056196,0.0,0.0
2017-01-09 13:07:00+01:00,0.10357,0.058133,0.0,0.0
2017-01-09 13:08:00+01:00,0.09487,0.06011,0.0,0.0
2017-01-09 13:09:00+01:00,0.09755,0.062856,0.0,0.0
2017-01-09 13:10:00+01:00,0.12249,0.069677,0.0,0.0
2017-01-09 13:11:00+01:00,0.12807,0.074629,0.0,0.0
2017-01-09 13:12:00+01:00,0.11101,0.073331,0.0,0.0
2017-01-09 13:13:00+01:00,0.10887,0.068655,0.0,0.0
2017-01-09 13:14:00+01:00,0.11289,0.068411,0.0,0.0
2017-01-09 13:15:00+01:00,0.11987,0.066212,0.0,0.0
2017-01-09 13:16:00+01:00,0.11781,0.066599,0.0,0.0
2017-01-09 13:17:00+01:00,0.12723,0.065206,0.0,0.0
2017-01-09 13:18:00+01:00,0.12555,0.063918,0.0,0.0
2017-01-09 13:19:00+01:00,0.11759,0.063009,0.0,0.0
2017-01-09 13:20:00+01:00,0.10672,0.062893,0.0,0.0
2017-01-09 13:21:00+01:00,0.10165,0.065525,0.0,0.0
2017-01-09 13:22:00+01:00,0.10841,0.067618,0.0,0.0
2017-01-09 13:23:00+01:00,0.114,0.066579,0.0,0.0
2017-01-09 13:24:00+01:00,0.10776,0.066077,0.0,0.0
2017-01-09 13:25:00+01:00,0.11196,0.068936,0.0,0.0
2017-01-09 13:26:00+01:00,0.11566,0.069317,0.0,0.0
2017-01-09 13:27:00+01:00,0.12769,0.066984,0.0,0.0
2017-01-09 13:28:00+01:00,0.12095,0.067064,0.0,0.0
2017-01-09 13:29:00+01:00,0.1157,0.065859,0.0,0.0
2017-01-09 13:30:00+01:00,0.1149,0.061399,0.0,0.0
2017-01-09 13:31:00+01:00,0.11333,0.057945,0.0,0.0
2017-01-09 13:32:00+01:00,0.11924,0.061605,0.0,0.0
2017-01-09 13:33:00+01:00,0.11099,0.067663,0.0,0.0
2017-01-09 13:34:00+01:00,0.11659,0.071896,0.0,0.0
2017-01-09 13:35:00+01:00,0.12163,0.076864,0.0,0.0
2017-01-09 13:36:00+01:00,0.11386,0.0806,0.0,0.0
2017-01-09 13:37:00+01:00,0.11729,0.074151,0.0,0.0
2017-01-09 13:38:00+01:00,0.12828,0.068228,0.0,0.0
2017-01-09 13:39:00+01:00,0.13634,0.070145,0.0,0.0
2017-01-09 13:40:00+01:00,0.13133,0.07158,0.0,0.0
2017-01-09 13:41:00+01:00,0.11823,0.06923,0.0,0.0
2017-01-09 13:42:00+01:00,0.1206,0.07124,0.0,0.0
2017-01-09 13:43:00+01:00,0.10765,0.071102,0.0,0.0
2017-01-09 13:44:00+01:00,0.11291,0.070786,0.0,0.0
2017-01-09 13:45:00+01:00,0.12429,0.070303,0.0,0.0
2017-01-09 13:46:00+01:00,0.12566,0.068522,0.0,0.0
2017-01-09 13:47:00+01:00,0.12337,0.068374,0.0,0.0
2017-01-09 13:48:00+01:00,0.12362,0.068917,0.0,0.0
2017-01-09 13:49:00+01:00,0.11481,0.068839,0.0,0.0
2017-01-09 13:50:00+01:00,0.10641,0.068892,0.0,0.0
2017-01-09 13:51:00+01:00,0.10003,0.061883,0.0,0.0
2017-01-09 13:52:00+01:00,0.10066,0.056678,0.0,0.0
2017-01-09 13:53:00+01:00,0.11092,0.052648,0.0,0.0
2017-01-09 13:54:00+01:00,0.10915,0.051839,0.0,0.0
2017-01-09 13:55:00+01:00,0.10595,0.051024,0.0,0.0
2017-01-09 13:56:00+01:00,0.11276,0.049542,0.0,0.0
2017-01-09 13:57:00+01:00,0.11538,0.055282,0.0,0.0
2017-01-09 13:58:00+01:00,0.11748,0.057599,0.0,0.0
2017-01-09 13:59:00+01:00,0.11079,0.059638,0.0,0.0
2017-01-09 14:00:00+01:00,0.11169,0.057993,0.0,0.0
2017-01-09 14:01:00+01:00,0.11839,0.060878,0.0,0.0
2017-01-09 14:02:00+01:00,0.1287,0.062263,0.0,0.0
2017-01-09 14:03:00+01:00,0.13329,0.060975,0.0,0.0
2017-01-09 14:04:00+01:00,0.12293,0.053075,0.0,0.0
2017-01-09 14:05:00+01:00,0.10783,0.046296,0.0,0.0
2017-01-09 14:06:00+01:00,0.1076,0.048357,0.0,0.0
2017-01-09 14:07:00+01:00,0.12141,0.051199,0.0,0.0
2017-01-09 14:08:00+01:00,0.12307,0.054572,0.0,0.0
2017-01-09 14:09:00+01:00,0.11972,0.053357,0.0,0.0
2017-01-09 14:10:00+01:00,0.11317,0.048286,0.0,0.0
2017-01-09 14:11:00+01:00,0.11697,0.051494,0.0,0.0
2017-01-09 14:12:00+01:00,0.11654,0.054106,0.0,0.0
2017-01-09 14:13:00+01:00,0.12123,0.050574,0.0,0.0
2017-01-09 14:14:00+01:00,0.11067,0.046562,0.0,0.0
2017-01-09 14:15:00+01:00,0.10225,0.045196,0.0,0.0
2017-01-09 14:16:00+01:00,0.10153,0.047644,0.0,0.0
2017-01-09 14:17:00+01:00,0.10197,0.046294,0.0,0.0
2017-01-09 14:18:00+01:00,0.10308,0.047595,0.0,0.0
2017-01-09 14:19:00+01:00,0.09641,0.04846,0.0,0.0
2017-01-09 14:20:00+01:00,0.09669,0.048462,0.0,0.0
2017-01-09 14:21:00+01:00,0.10298,0.051053,0.0,0.0
2017-01-09 14:22:00+01:00,0.10898,0.051278,0.0,0.0
2017-01-09 14:23:00+01:00,0.11291,0.047351,0.0,0.0
2017-01-09 14:24:00+01:00,0.10883,0.044493,0.0,0.0
2017-01-09 14:25:00+01:00,0.10262,0.043468,0.0,0.0
2017-01-09 14:26:00+01:00,0.10313,0.043346,0.0,0.0
2017-01-09 14:27:00+01:00,0.09934,0.040361,0.0,0.0
2017-01-09 14:28:00+01:00,0.09485,0.041906,0.0,0.0
2017-01-09 14:29:00+01:00,0.09467,0.044067,0.0,0.0
2017-01-09 14:30:00+01:00,0.09672,0.042611,0.0,0.0
2017-01-09 14:31:00+01:00,0.09678,0.040499,0.0,0.0
2017-01-09 14:32:00+01:00,0.10585,0.037737,0.0,0.0
2017-01-09 14:33:00+01:00,0.10824,0.034855,0.0,0.0
2017-01-09 14:34:00+01:00,0.11152,0.033884,0.0,0.0
2017-01-09 14:35:00+01:00,0.08972,0.032029,0.0,0.0
2017-01-09 14:36:00+01:00,0.08645,0.0344,0.0,0.0
2017-01-09 14:37:00+01:00,0.09332,0.03523,0.0,0.0
2017-01-09 14:38:00+01:00,0.10044,0.031394,0.0,0.0
2017-01-09 14:39:00+01:00,0.10308,0.029893,0.0,0.0
2017-01-09 14:40:00+01:00,0.11198,0.032512,0.0,0.0
2017-01-09 14:41:00+01:00,0.10919,0.0359,0.0,0.0
2017-01-09 14:42:00+01:00,0.09954,0.035128,0.0,0.0
2017-01-09 14:43:00+01:00,0.10255,0.030703,0.0,0.0
2017-01-09 14:44:00+01:00,0.10337,0.024855,0.0,0.0
2017-01-09 14:45:00+01:00,0.11059,0.025419,0.0,0.0
2017-01-09 14:46:00+01:00,0.11418,0.023301,0.0,0.0
2017-01-09 14:47:00+01:00,0.11634,0.019076,0.0,0.0
2017-01-09 14:48:00+01:00,0.12681,0.018615,0.0,0.0
2017-01-09 14:49:00+01:00,0.10455,0.015472,0.0,0.0
2017-01-09 14:50:00+01:00,0.10578,0.013528,0.0,0.0
2017-01-09 14:51:00+01:00,0.10276,0.01594,0.0,0.0
2017-01-09 14:52:00+01:00,0.10994,0.018109,0.0,0.0
2017-01-09 14:53:00+01:00,0.10153,0.016735,0.0,0.0
2017-01-09 14:54:00+01:00,0.10338,0.014074,0.0,0.0
2017-01-09 14:55:00+01:00,0.09986,0.015875,0.0,0.0
2017-01-09 14:56:00+01:00,0.0996,0.019612,0.0,0.0
2017-01-09 14:57:00+01:00,0.09819,0.022271,0.0,0.0
2017-01-09 14:58:00+01:00,0.09581,0.021653,0.0,0.0
2017-01-09 14:59:00+01:00,0.09329,0.023406,0.0,0.0
2017-01-09 15:00:00+01:00,0.09693,0.024676,0.0,0.0
2017-01-09 15:01:00+01:00,0.10135,0.020931,0.0,0.0
2017-01-09 15:02:00+01:00,0.08984,0.021749,0.0,0.0
2017-01-09 15:03:00+01:00,0.08605,0.022639,0.0,0.0
2017-01-09 15:04:00+01:00,0.09256,0.017645,0.0,0.0
2017-01-09 15:05:00+01:00,0.09361,0.014987,0.0,0.0
2017-01-09 15:06:00+01:00,0.09177,0.014724,0.0,0.0
2017-01-09 15:07:00+01:00,0.09423,0.013435,0.0,0.0
2017-01-09 15:08:00+01:00,0.09228,0.012666,0.0,0.0
2017-01-09 15:09:00+01:00,0.09117,0.014404,0.0,0.0
2017-01-09 15:10:00+01:00,0.08913,0.014988,0.0,0.0
2017-01-09 15:11:00+01:00,0.09172,0.013427,0.0,0.0
2017-01-09 15:12:00+01:00,0.09074,0.012711,0.0,0.0
2017-01-09 15:13:00+01:00,0.09387,0.011121,0.0,0.0
2017-01-09 15:14:00+01:00,0.09346,0.009358,0.0,0.0
2017-01-09 15:15:00+01:00,0.09807,0.008505,0.0,0.0
2017-01-09 15:16:00+01:00,0.10294,0.011636,0.0,0.0
2017-01-09 15:17:00+01:00,0.11166,0.013611,0.0,0.0
2017-01-09 15:18:00+01:00,0.11365,0.012333,0.0,0.0
2017-01-09 15:19:00+01:00,0.1206,0.013812,0.0,0.0
2017-01-09 15:20:00+01:00,0.12198,0.011957,0.0,0.0
2017-01-09 15:21:00+01:00,0.12495,0.009029,0.0,0.0
2017-01-09 15:22:00+01:00,0.12786,0.011363,0.0,0.0
2017-01-09 15:23:00+01:00,0.12218,0.010875,0.0,0.0
2017-01-09 15:24:00+01:00,0.11651,0.010577,0.0,0.0
2017-01-09 15:25:00+01:00,0.12245,0.011484,0.0,0.0
2017-01-09 15:26:00+01:00,0.12715,0.010157,0.0,0.0
2017-01-09 15:27:00+01:00,0.12413,0.008355,0.0,0.0
2017-01-09 15:28:00+01:00,0.11981,0.009833,0.0,0.0
2017-01-09 15:29:00+01:00,0.10121,0.009637,0.0,0.0
2017-01-09 15:30:00+01:00,0.09603,0.011854,0.0,0.0
2017-01-09 15:31:00+01:00,0.09976,0.009767,0.0,0.0
2017-01-09 15:32:00+01:00,0.08765,0.005633,0.0,0.0
2017-01-09 15:33:00+01:00,0.08472,0.002758,0.0,0.0
2017-01-09 15:34:00+01:00,0.0886,0.0,0.0,0.0
2017-01-09 15:35:00+01:00,0.09524,0.0,0.0,0.0
2017-01-09 15:36:00+01:00,0.10066,0.0,0.0,0.0
2017-01-09 15:37:00+01:00,0.11318,0.0,0.0,0.0
2017-01-09 15:38:00+01:00,0.11666,0.0,0.0,0.0
2017-01-09 15:39:00+01:00,0.10626,0.0,0.0,0.0
2017-01-09 15:40:00+01:00,0.10529,0.0,0.0,0.0
2017-01-09 15:41:00+01:00,0.10238,0.0,0.0,0.0
2017-01-09 15:42:00+01:00,0.11894,0.0,0.0,0.0
2017-01-09 15:43:00+01:00,0.11812,0.0,0.0,0.0
2017-01-09 15:44:00+01:00,0.11897,0.0,0.0,0.0
2017-01-09 15:45:00+01:00,0.11348,0.0,0.0,0.0
2017-01-09 15:46:00+01:00,0.10941,0.0,0.0,0.0
2017-01-09 15:47:00+01:00,0.11009,0.0,0.0,0.0
2017-01-09 15:48:00+01:00,0.11304,0.0,0.0,0.0
2017-01-09 15:49:00+01:00,0.1104,0.0,0.0,0.0
2017-01-09 15:50:00+01:00,0.10585,0.0,0.0,0.0
2017-01-09 15:51:00+01:00,0.11294,0.0,0.0,0.0
2017-01-09 15:52:00+01:00,0.10872,0.0,0.0,0.0
2017-01-09 15:53:00+01:00,0.10576,0.0,0.0,0.0
2017-01-09 15:54:00+01:00,0.09364,0.0,0.0,0.0
2017-01-09 15:55:00+01:00,0.09394,0.0,0.0,0.0
2017-01-09 15:56:00+01:00,0.10146,0.0,0.0,0.0
2017-01-09 15:57:00+01:00,0.10249,0.0,0.0,0.0
2017-01-09 15:58:00+01:00,0.09379,0.0,0.0,0.0
2017-01-09 15:59:00+01:00,0.09509,0.0,0.0,0.0
2017-01-09 16:00:00+01:00,0.10524,0.0,0.0,0.0
2017-01-09 16:01:00+01:00,0.10959,0.0,0.0,0.0
2017-01-09 16:02:00+01:00,0.11515,0.0,0.0,0.0
2017-01-09 16:03:00+01:00,0.11643,0.0,0.0,0.0
2017-01-09 16:04:00+01:00,0.11276,0.0,0.0,0.0
2017-01-09 16:05:00+01:00,0.1069,0.0,0.0,0.0
2017-01-09 16:06:00+01:00,0.1115,0.0,0.0,0.0
2017-01-09 16:07:00+01:00,0.10377,0.0,0.0,0.0
2017-01-09 16:08:00+01:00,0.10704,0.0,0.0,0.0
2017-01-09 16:09:00+01:00,0.1133,0.0,0.0,0.0
2017-01-09 16:10:00+01:00,0.11331,0.0,0.0,0.0
2017-01-09 16:11:00+01:00,0.10797,0.0,0.0,0.0
2017-01-09 16:12:00+01:00,0.10539,0.0,0.0,0.0
2017-01-09 16:13:00+01:00,0.1035,0.0,0.0,0.0
2017-01-09 16:14:00+01:00,0.09245,0.0,0.0,0.0
2017-01-09 16:15:00+01:00,0.09339,0.0,0.0,0.0
2017-01-09 16:16:00+01:00,0.09551,0.0,0.0,0.0
2017-01-09 16:17:00+01:00,0.09777,0.0,0.0,0.0
2017-01-09 16:18:00+01:00,0.09713,0.0,0.0,0.0
2017-01-09 16:19:00+01:00,0.09759,0.0,0.0,0.0
2017-01-09 16:20:00+01:00,0.09952,0.0,0.0,0.0
2017-01-09 16:21:00+01:00,0.09418,0.0,0.0,0.0
2017-01-09 16:22:00+01:00,0.10483,0.0,0.0,0.0
2017-01-09 16:23:00+01:00,0.1008,0.0,0.0,0.0
2017-01-09 16:24:00+01:00,0.09958,0.0,0.0,0.0
2017-01-09 16:25:00+01:00,0.09907,0.0,0.0,0.0
2017-01-09 16:26:00+01:00,0.0946,0.0,0.0,0.0
2017-01-09 16:27:00+01:00,0.09121,0.0,0.0,0.0
2017-01-09 16:28:00+01:00,0.09973,0.0,0.0,0.0
2017-01-09 16:29:00+01:00,0.09901,0.0,0.0,0.0
2017-01-09 16:30:00+01:00,0.09268,0.0,0.0,0.0
2017-01-09 16:31:00+01:00,0.09345,0.0,0.0,0.0
2017-01-09 16:32:00+01:00,0.09496,0.0,0.0,0.0
2017-01-09 16:33:00+01:00,0.10016,0.0,0.0,0.0
2017-01-09 16:34:00+01:00,0.09972,0.0,0.0,0.0
2017-01-09 16:35:00+01:00,0.09306,0.0,0.0,0.0
2017-01-09 16:36:00+01:00,0.09083,0.0,0.0,0.0
2017-01-09 16:37:00+01:00,0.09001,0.0,0.0,0.0
2017-01-09 16:38:00+01:00,0.08736,0.0,0.0,0.0
2017-01-09 16:39:00+01:00,0.09071,0.0,0.0,0.0
2017-01-09 16:40:00+01:00,0.08324,0.0,0.0,0.0
2017-01-09 16:41:00+01:00,0.09096,0.0,0.0,0.0
2017-01-09 16:42:00+01:00,0.09753,0.0,0.0,0.0
2017-01-09 16:43:00+01:00,0.11272,0.0,0.0,0.0
2017-01-09 16:44:00+01:00,0.10952,0.0,0.0,0.0
2017-01-09 16:45:00+01:00,0.10196,0.0,0.0,0.0
2017-01-09 16:46:00+01:00,0.09661,0.0,0.0,0.0
2017-01-09 16:47:00+01:00,0.09581,0.0,0.0,0.0
2017-01-09 16:48:00+01:00,0.10506,0.0,0.0,0.0
2017-01-09 16:49:00+01:00,0.11335,0.0,0.0,0.0
2017-01-09 16:50:00+01:00,0.11148,0.0,0.0,0.0
2017-01-09 16:51:00+01:00,0.10314,0.0,0.0,0.0
2017-01-09 16:52:00+01:00,0.11771,0.0,0.0,0.0
2017-01-09 16:53:00+01:00,0.12361,0.0,0.0,0.0
2017-01-09 16:54:00+01:00,0.11912,0.0,0.0,0.0
2017-01-09 16:55:00+01:00,0.10609,0.0,0.0,0.0
2017-01-09 16:56:00+01:00,0.09723,0.0,0.0,0.0
2017-01-09 16:57:00+01:00,0.10146,0.0,0.0,0.0
2017-01-09 16:58:00+01:00,0.11488,0.0,0.0,0.0
2017-01-09 16:59:00+01:00,0.1158,0.0,0.0,0.0
2017-01-09 17:00:00+01:00,0.11752,0.0,0.0,0.0
2017-01-09 17:01:00+01:00,0.12475,0.0,0.0,0.0
2017-01-09 17:02:00+01:00,0.12922,0.0,0.0,0.0
2017-01-09 17:03:00+01:00,0.12932,0.0,0.0,0.0
2017-01-09 17:04:00+01:00,0.12428,0.0,0.0,0.0
2017-01-09 17:05:00+01:00,0.12121,0.0,0.0,0.0
2017-01-09 17:06:00+01:00,0.11037,0.0,0.0,0.0
2017-01-09 17:07:00+01:00,0.1153,0.0,0.0,0.0
2017-01-09 17:08:00+01:00,0.11762,0.0,0.0,0.0
2017-01-09 17:09:00+01:00,0.11532,0.0,0.0,0.0
2017-01-09 17:10:00+01:00,0.11027,0.0,0.0,0.0
2017-01-09 17:11:00+01:00,0.12037,0.0,0.0,0.0
2017-01-09 17:12:00+01:00,0.11638,0.0,0.0,0.0
2017-01-09 17:13:00+01:00,0.11266,0.0,0.0,0.0
2017-01-09 17:14:00+01:00,0.11928,0.0,0.0,0.0
2017-01-09 17:15:00+01:00,0.12929,0.0,0.0,0.0
2017-01-09 17:16:00+01:00,0.12266,0.0,0.0,0.0
2017-01-09 17:17:00+01:00,0.12754,0.0,0.0,0.0
2017-01-09 17:18:00+01:00,0.12085,0.0,0.0,0.0
2017-01-09 17:19:00+01:00,0.11946,0.0,0.0,0.0
2017-01-09 17:20:00+01:00,0.11963,0.0,0.0,0.0
2017-01-09 17:21:00+01:00,0.1155,0.0,0.0,0.0
2017-01-09 17:22:00+01:00,0.1118,0.0,0.0,0.0
2017-01-09 17:23:00+01:00,0.1242,0.0,0.0,0.0
2017-01-09 17:24:00+01:00,0.12546,0.0,0.0,0.0
2017-01-09 17:25:00+01:00,0.1183,0.0,0.0,0.0
2017-01-09 17:26:00+01:00,0.13094,0.0,0.0,0.0
2017-01-09 17:27:00+01:00,0.13437,0.0,0.0,0.0
2017-01-09 17:28:00+01:00,0.13497,0.0,0.0,0.0
2017-01-09 17:29:00+01:00,0.13304,0.0,0.0,0.0
2017-01-09 17:30:00+01:00,0.13554,0.0,0.0,0.0
2017-01-09 17:31:00+01:00,0.1299,0.0,0.0,0.0
2017-01-09 17:32:00+01:00,0.13503,0.0,0.0,0.0
2017-01-09 17:33:00+01:00,0.14016,0.0,0.0,0.0
2017-01-09 17:34:00+01:00,0.1333,0.0,0.0,0.0
2017-01-09 17:35:00+01:00,0.12819,0.0,0.0,0.0
2017-01-09 17:36:00+01:00,0.13043,0.0,0.0,0.0
2017-01-09 17:37:00+01:00,0.13335,0.0,0.0,0.0
2017-01-09 17:38:00+01:00,0.13409,0.0,0.0,0.0
2017-01-09 17:39:00+01:00,0.12565,0.0,0.0,0.0
2017-01-09 17:40:00+01:00,0.11926,0.0,0.0,0.0
2017-01-09 17:41:00+01:00,0.12058,0.0,0.0,0.0
2017-01-09 17:42:00+01:00,0.12435,0.0,0.0,0.0
2017-01-09 17:43:00+01:00,0.12805,0.0,0.0,0.0
2017-01-09 17:44:00+01:00,0.121,0.0,0.0,0.0
2017-01-09 17:45:00+01:00,0.12469,0.0,0.0,0.0
2017-01-09 17:46:00+01:00,0.13483,0.0,0.0,0.0
2017-01-09 17:47:00+01:00,0.1424,0.0,0.0,0.0
2017-01-09 17:48:00+01:00,0.14155,0.0,0.0,0.0
2017-01-09 17:49:00+01:00,0.13946,0.0,0.0,0.0
2017-01-09 17:50:00+01:00,0.13871,0.0,0.0,0.0
2017-01-09 17:51:00+01:00,0.12659,0.0,0.0,0.0
2017-01-09 17:52:00+01:00,0.11852,0.0,0.0,0.0
2017-01-09 17:53:00+01:00,0.11204,0.0,0.0,0.0
2017-01-09 17:54:00+01:00,0.11491,0.0,0.0,0.0
2017-01-09 17:55:00+01:00,0.11879,0.0,0.0,0.0
2017-01-09 17:56:00+01:00,0.11953,0.0,0.0,0.0
2017-01-09 17:57:00+01:00,0.12688,0.0,0.0,0.0
2017-01-09 17:58:00+01:00,0.13116,0.0,0.0,0.0
2017-01-09 17:59:00+01:00,0.13032,0.0,0.0,0.0
2017-01-09 18:00:00+01:00,0.13607,0.0,0.0,0.0
2017-01-09 18:01:00+01:00,0.13024,0.0,0.0,0.0
2017-01-09 18:02:00+01:00,0.132,0.0,0.0,0.0
2017-01-09 18:03:00+01:00,0.13602,0.0,0.0,0.0
2017-01-09 18:04:00+01:00,0.14057,0.0,0.0,0.0
2017-01-09 18:05:00+01:00,0.13892,0.0,0.0,0.0
2017-01-09 18:06:00+01:00,0.13557,0.0,0.0,0.0
2017-01-09 18:07:00+01:00,0.13052,0.0,0.0,0.0
2017-01-09 18:08:00+01:00,0.11398,0.0,0.0,0.0
2017-01-09 18:09:00+01:00,0.10617,0.0,0.0,0.0
2017-01-09 18:10:00+01:00,0.12342,0.0,0.0,0.0
2017-01-09 18:11:00+01:00,0.1262,0.0,0.0,0.0
2017-01-09 18:12:00+01:00,0.12908,0.0,0.0,0.0
2017-01-09 18:13:00+01:00,0.11679,0.0,0.0,0.0
2017-01-09 18:14:00+01:00,0.11715,0.0,0.0,0.0
2017-01-09 18:15:00+01:00,0.12335,0.0,0.0,0.0
2017-01-09 18:16:00+01:00,0.11949,0.0,0.0,0.0
2017-01-09 18:17:00+01:00,0.11795,0.0,0.0,0.0
2017-01-09 18:18:00+01:00,0.12613,0.0,0.0,0.0
2017-01-09 18:19:00+01:00,0.11648,0.0,0.0,0.0
2017-01-09 18:20:00+01:00,0.12363,0.0,0.0,0.0
2017-01-09 18:21:00+01:00,0.11651,0.0,0.0,0.0
2017-01-09 18:22:00+01:00,0.11064,0.0,0.0,0.0
2017-01-09 18:23:00+01:00,0.10615,0.0,0.0,0.0
2017-01-09 18:24:00+01:00,0.11187,0.0,0.0,0.0
2017-01-09 18:25:00+01:00,0.11528,0.0,0.0,0.0
2017-01-09 18:26:00+01:00,0.10807,0.0,0.0,0.0
2017-01-09 18:27:00+01:00,0.1155,0.0,0.0,0.0
2017-01-09 18:28:00+01:00,0.12288,0.0,0.0,0.0
2017-01-09 18:29:00+01:00,0.1274,0.0,0.0,0.0
2017-01-09 18:30:00+01:00,0.12547,0.0,0.0,0.0
2017-01-09 18:31:00+01:00,0.13125,0.0,0.0,0.0
2017-01-09 18:32:00+01:00,0.13809,0.0,0.0,0.0
2017-01-09 18:33:00+01:00,0.14884,0.0,0.0,0.0
2017-01-09 18:34:00+01:00,0.15775,0.0,0.0,0.0
2017-01-09 18:35:00+01:00,0.15399,0.0,0.0,0.0
2017-01-09 18:36:00+01:00,0.16431,0.0,0.0,0.0
2017-01-09 18:37:00+01:00,0.17216,0.0,0.0,0.0
2017-01-09 18:38:00+01:00,0.16339,0.0,0.0,0.0
2017-01-09 18:39:00+01:00,0.13693,0.0,0.0,0.0
2017-01-09 18:40:00+01:00,0.1315,0.0,0.0,0.0
2017-01-09 18:41:00+01:00,0.13793,0.0,0.0,0.0
2017-01-09 18:42:00+01:00,0.12293,0.0,0.0,0.0
2017-01-09 18:43:00+01:00,0.12625,0.0,0.0,0.0
2017-01-09 18:44:00+01:00,0.12219,0.0,0.0,0.0
2017-01-09 18:45:00+01:00,0.12796,0.0,0.0,0.0
2017-01-09 18:46:00+01:00,0.12588,0.0,0.0,0.0
2017-01-09 18:47:00+01:00,0.12264,0.0,0.0,0.0
2017-01-09 18:48:00+01:00,0.12833,0.0,0.0,0.0
2017-01-09 18:49:00+01:00,0.12648,0.0,0.0,0.0
2017-01-09 18:50:00+01:00,0.12953,0.0,0.0,0.0
2017-01-09 18:51:00+01:00,0.13216,0.0,0.0,0.0
2017-01-09 18:52:00+01:00,0.12271,0.0,0.0,0.0
2017-01-09 18:53:00+01:00,0.13272,0.0,0.0,0.0
2017-01-09 18:54:00+01:00,0.13672,0.0,0.0,0.0
2017-01-09 18:55:00+01:00,0.14048,0.0,0.0,0.0
2017-01-09 18:56:00+01:00,0.14266,0.0,0.0,0.0
2017-01-09 18:57:00+01:00,0.13787,0.0,0.0,0.0
2017-01-09 18:58:00+01:00,0.13234,0.0,0.0,0.0
2017-01-09 18:59:00+01:00,0.12954,0.0,0.0,0.0
2017-01-09 19:00:00+01:00,0.13503,0.0,0.0,0.0
2017-01-09 19:01:00+01:00,0.13888,0.0,0.0,0.0
2017-01-09 19:02:00+01:00,0.1383,0.0,0.0,0.0
2017-01-09 19:03:00+01:00,0.1327,0.0,0.0,0.0
2017-01-09 19:04:00+01:00,0.12915,0.0,0.0,0.0
2017-01-09 19:05:00+01:00,0.13065,0.0,0.0,0.0
2017-01-09 19:06:00+01:00,0.14419,0.0,0.0,0.0
2017-01-09 19:07:00+01:00,0.13501,0.0,0.0,0.0
2017-01-09 19:08:00+01:00,0.13234,0.0,0.0,0.0
2017-01-09 19:09:00+01:00,0.13386,0.0,0.0,0.0
2017-01-09 19:10:00+01:00,0.1242,0.0,0.0,0.0
2017-01-09 19:11:00+01:00,0.13569,0.0,0.0,0.0
2017-01-09 19:12:00+01:00,0.136,0.0,0.0,0.0
2017-01-09 19:13:00+01:00,0.13731,0.0,0.0,0.0
2017-01-09 19:14:00+01:00,0.13996,0.0,0.0,0.0
2017-01-09 19:15:00+01:00,0.15133,0.0,0.0,0.0
2017-01-09 19:16:00+01:00,0.15526,0.0,0.0,0.0
2017-01-09 19:17:00+01:00,0.16339,0.0,0.0,0.0
2017-01-09 19:18:00+01:00,0.16126,0.0,0.0,0.0
2017-01-09 19:19:00+01:00,0.15857,0.0,0.0,0.0
2017-01-09 19:20:00+01:00,0.15143,0.0,0.0,0.0
2017-01-09 19:21:00+01:00,0.13786,0.0,0.0,0.0
2017-01-09 19:22:00+01:00,0.14005,0.0,0.0,0.0
2017-01-09 19:23:00+01:00,0.14236,0.0,0.0,0.0
2017-01-09 19:24:00+01:00,0.15273,0.0,0.0,0.0
2017-01-09 19:25:00+01:00,0.14648,0.0,0.0,0.0
2017-01-09 19:26:00+01:00,0.14925,0.0,0.0,0.0
2017-01-09 19:27:00+01:00,0.14531,0.0,0.0,0.0
2017-01-09 19:28:00+01:00,0.13978,0.0,0.0,0.0
2017-01-09 19:29:00+01:00,0.14448,0.0,0.0,0.0
2017-01-09 19:30:00+01:00,0.16761,0.0,0.0,0.0
2017-01-09 19:31:00+01:00,0.17241,0.0,0.0,0.0
2017-01-09 19:32:00+01:00,0.16095,0.0,0.0,0.0
2017-01-09 19:33:00+01:00,0.13639,0.0,0.0,0.0
2017-01-09 19:34:00+01:00,0.13162,0.0,0.0,0.0
2017-01-09 19:35:00+01:00,0.12665,0.0,0.0,0.0
2017-01-09 19:36:00+01:00,0.12258,0.0,0.0,0.0
2017-01-09 19:37:00+01:00,0.1292,0.0,0.0,0.0
2017-01-09 19:38:00+01:00,0.12126,0.0,0.0,0.0
2017-01-09 19:39:00+01:00,0.12247,0.0,0.0,0.0
2017-01-09 19:40:00+01:00,0.12256,0.0,0.0,0.0
2017-01-09 19:41:00+01:00,0.12539,0.0,0.0,0.0
2017-01-09 19:42:00+01:00,0.1302,0.0,0.0,0.0
2017-01-09 19:43:00+01:00,0.12566,0.0,0.0,0.0
2017-01-09 19:44:00+01:00,0.12736,0.0,0.0,0.0
2017-01-09 19:45:00+01:00,0.1372,0.0,0.0,0.0
2017-01-09 19:46:00+01:00,0.13596,0.0,0.0,0.0
2017-01-09 19:47:00+01:00,0.12999,0.0,0.0,0.0
2017-01-09 19:48:00+01:00,0.11834,0.0,0.0,0.0
2017-01-09 19:49:00+01:00,0.11751,0.0,0.0,0.0
2017-01-09 19:50:00+01:00,0.11662,0.0,0.0,0.0
2017-01-09 19:51:00+01:00,0.12075,0.0,0.0,0.0
2017-01-09 19:52:00+01:00,0.1166,0.0,0.0,0.0
2017-01-09 19:53:00+01:00,0.11173,0.0,0.0,0.0
2017-01-09 19:54:00+01:00,0.11083,0.0,0.0,0.0
2017-01-09 19:55:00+01:00,0.10365,0.0,0.0,0.0
2017-01-09 19:56:00+01:00,0.10768,0.0,0.0,0.0
2017-01-09 19:57:00+01:00,0.12859,0.0,0.0,0.0
2017-01-09 19:58:00+01:00,0.12372,0.0,0.0,0.0
2017-01-09 19:59:00+01:00,0.11651,0.0,0.0,0.0
2017-01-09 20:00:00+01:00,0.09921,0.0,0.0,0.0
2017-01-09 20:01:00+01:00,0.10375,0.0,0.0,0.0
2017-01-09 20:02:00+01:00,0.11335,0.0,0.0,0.0
2017-01-09 20:03:00+01:00,0.11051,0.0,0.0,0.0
2017-01-09 20:04:00+01:00,0.12422,0.0,0.0,0.0
2017-01-09 20:05:00+01:00,0.11609,0.0,0.0,0.0
2017-01-09 20:06:00+01:00,0.10513,0.0,0.0,0.0
2017-01-09 20:07:00+01:00,0.10517,0.0,0.0,0.0
2017-01-09 20:08:00+01:00,0.11115,0.0,0.0,0.0
2017-01-09 20:09:00+01:00,0.10963,0.0,0.0,0.0
2017-01-09 20:10:00+01:00,0.10873,0.0,0.0,0.0
2017-01-09 20:11:00+01:00,0.11482,0.0,0.0,0.0
2017-01-09 20:12:00+01:00,0.11148,0.0,0.0,0.0
2017-01-09 20:13:00+01:00,0.11942,0.0,0.0,0.0
2017-01-09 20:14:00+01:00,0.11024,0.0,0.0,0.0
2017-01-09 20:15:00+01:00,0.11436,0.0,0.0,0.0
2017-01-09 20:16:00+01:00,0.1206,0.0,0.0,0.0
2017-01-09 20:17:00+01:00,0.12256,0.0,0.0,0.0
2017-01-09 20:18:00+01:00,0.13453,0.0,0.0,0.0
2017-01-09 20:19:00+01:00,0.12987,0.0,0.0,0.0
2017-01-09 20:20:00+01:00,0.13102,0.0,0.0,0.0
2017-01-09 20:21:00+01:00,0.11842,0.0,0.0,0.0
2017-01-09 20:22:00+01:00,0.1332,0.0,0.0,0.0
2017-01-09 20:23:00+01:00,0.13087,0.0,0.0,0.0
2017-01-09 20:24:00+01:00,0.14257,0.0,0.0,0.0
2017-01-09 20:25:00+01:00,0.12775,0.0,0.0,0.0
2017-01-09 20:26:00+01:00,0.14656,0.0,0.0,0.0
2017-01-09 20:27:00+01:00,0.13015,0.0,0.0,0.0
2017-01-09 20:28:00+01:00,0.14026,0.0,0.0,0.0
2017-01-09 20:29:00+01:00,0.14352,0.0,0.0,0.0
2017-01-09 20:30:00+01:00,0.12529,0.0,0.0,0.0
2017-01-09 20:31:00+01:00,0.12362,0.0,0.0,0.0
2017-01-09 20:32:00+01:00,0.1137,0.0,0.0,0.0
2017-01-09 20:33:00+01:00,0.12255,0.0,0.0,0.0
2017-01-09 20:34:00+01:00,0.13081,0.0,0.0,0.0
2017-01-09 20:35:00+01:00,0.13812,0.0,0.0,0.0
2017-01-09 20:36:00+01:00,0.13014,0.0,0.0,0.0
2017-01-09 20:37:00+01:00,0.12869,0.0,0.0,0.0
2017-01-09 20:38:00+01:00,0.12593,0.0,0.0,0.0
2017-01-09 20:39:00+01:00,0.12413,0.0,0.0,0.0
2017-01-09 20:40:00+01:00,0.11517,0.0,0.0,0.0
2017-01-09 20:41:00+01:00,0.10915,0.0,0.0,0.0
2017-01-09 20:42:00+01:00,0.1129,0.0,0.0,0.0
2017-01-09 20:43:00+01:00,0.12199,0.0,0.0,0.0
2017-01-09 20:44:00+01:00,0.11692,0.0,0.0,0.0
2017-01-09 20:45:00+01:00,0.11718,0.0,0.0,0.0
2017-01-09 20:46:00+01:00,0.12181,0.0,0.0,0.0
2017-01-09 20:47:00+01:00,0.11817,0.0,0.0,0.0
2017-01-09 20:48:00+01:00,0.11238,0.0,0.0,0.0
2017-01-09 20:49:00+01:00,0.11027,0.0,0.0,0.0
2017-01-09 20:50:00+01:00,0.11211,0.0,0.0,0.0
2017-01-09 20:51:00+01:00,0.10663,0.0,0.0,0.0
2017-01-09 20:52:00+01:00,0.11423,0.0,0.0,0.0
2017-01-09 20:53:00+01:00,0.11561,0.0,0.0,0.0
2017-01-09 20:54:00+01:00,0.11189,0.0,0.0,0.0
2017-01-09 20:55:00+01:00,0.11683,0.0,0.0,0.0
2017-01-09 20:56:00+01:00,0.11387,0.0,0.0,0.0
2017-01-09 20:57:00+01:00,0.10734,0.0,0.0,0.0
2017-01-09 20:58:00+01:00,0.10272,0.0,0.0,0.0
2017-01-09 20:59:00+01:00,0.10918,0.0,0.0,0.0
2017-01-09 21:00:00+01:00,0.11497,0.0,0.0,0.0
2017-01-09 21:01:00+01:00,0.1246,0.0,0.0,0.0
2017-01-09 21:02:00+01:00,0.10989,0.0,0.0,0.0
2017-01-09 21:03:00+01:00,0.10974,0.0,0.0,0.0
2017-01-09 21:04:00+01:00,0.11199,0.0,0.0,0.0
2017-01-09 21:05:00+01:00,0.11175,0.0,0.0,0.0
2017-01-09 21:06:00+01:00,0.10527,0.0,0.0,0.0
2017-01-09 21:07:00+01:00,0.09631,0.0,0.0,0.0
2017-01-09 21:08:00+01:00,0.09554,0.0,0.0,0.0
2017-01-09 21:09:00+01:00,0.09596,0.0,0.0,0.0
2017-01-09 21:10:00+01:00,0.09653,0.0,0.0,0.0
2017-01-09 21:11:00+01:00,0.09824,0.0,0.0,0.0
2017-01-09 21:12:00+01:00,0.11017,0.0,0.0,0.0
2017-01-09 21:13:00+01:00,0.10093,0.0,0.0,0.0
2017-01-09 21:14:00+01:00,0.09808,0.0,0.0,0.0
2017-01-09 21:15:00+01:00,0.09929,0.0,0.0,0.0
2017-01-09 21:16:00+01:00,0.09651,0.0,0.0,0.0
2017-01-09 21:17:00+01:00,0.10136,0.0,0.0,0.0
2017-01-09 21:18:00+01:00,0.09804,0.0,0.0,0.0
2017-01-09 21:19:00+01:00,0.0894,0.0,0.0,0.0
2017-01-09 21:20:00+01:00,0.08756,0.0,0.0,0.0
2017-01-09 21:21:00+01:00,0.09035,0.0,0.0,0.0
2017-01-09 21:22:00+01:00,0.09974,0.0,0.0,0.0
2017-01-09 21:23:00+01:00,0.10842,0.0,0.0,0.0
2017-01-09 21:24:00+01:00,0.09867,0.0,0.0,0.0
2017-01-09 21:25:00+01:00,0.09542,0.0,0.0,0.0
2017-01-09 21:26:00+01:00,0.09761,0.0,0.0,0.0
2017-01-09 21:27:00+01:00,0.09309,0.0,0.0,0.0
2017-01-09 21:28:00+01:00,0.09221,0.0,0.0,0.0
2017-01-09 21:29:00+01:00,0.08766,0.0,0.0,0.0
2017-01-09 21:30:00+01:00,0.08464,0.0,0.0,0.0
2017-01-09 21:31:00+01:00,0.08095,0.0,0.0,0.0
2017-01-09 21:32:00+01:00,0.07828,0.0,0.0,0.0
2017-01-09 21:33:00+01:00,0.08064,0.0,0.0,0.0
2017-01-09 21:34:00+01:00,0.08923,0.0,0.0,0.0
2017-01-09 21:35:00+01:00,0.08664,0.0,0.0,0.0
2017-01-09 21:36:00+01:00,0.09011,0.0,0.0,0.0
2017-01-09 21:37:00+01:00,0.08895,0.0,0.0,0.0
2017-01-09 21:38:00+01:00,0.08595,0.0,0.0,0.0
2017-01-09 21:39:00+01:00,0.08749,0.0,0.0,0.0
2017-01-09 21:40:00+01:00,0.0766,0.0,0.0,0.0
2017-01-09 21:41:00+01:00,0.07297,0.0,0.0,0.0
2017-01-09 21:42:00+01:00,0.06975,0.0,0.0,0.0
2017-01-09 21:43:00+01:00,0.0692,0.0,0.0,0.0
2017-01-09 21:44:00+01:00,0.07654,0.0,0.0,0.0
2017-01-09 21:45:00+01:00,0.08542,0.0,0.0,0.0
2017-01-09 21:46:00+01:00,0.0829,0.0,0.0,0.0
2017-01-09 21:47:00+01:00,0.0878,0.0,0.0,0.0
2017-01-09 21:48:00+01:00,0.08694,0.0,0.0,0.0
2017-01-09 21:49:00+01:00,0.07781,0.0,0.0,0.0
2017-01-09 21:50:00+01:00,0.07638,0.0,0.0,0.0
2017-01-09 21:51:00+01:00,0.08028,0.0,0.0,0.0
2017-01-09 21:52:00+01:00,0.0877,0.0,0.0,0.0
2017-01-09 21:53:00+01:00,0.08519,0.0,0.0,0.0
2017-01-09 21:54:00+01:00,0.08138,0.0,0.0,0.0
2017-01-09 21:55:00+01:00,0.075,0.0,0.0,0.0
2017-01-09 21:56:00+01:00,0.07132,0.0,0.0,0.0
2017-01-09 21:57:00+01:00,0.07382,0.0,0.0,0.0
2017-01-09 21:58:00+01:00,0.07639,0.0,0.0,0.0
2017-01-09 21:59:00+01:00,0.07858,0.0,0.0,0.0
2017-01-09 22:00:00+01:00,0.07582,0.0,0.0,0.0
2017-01-09 22:01:00+01:00,0.07654,0.0,0.0,0.0
2017-01-09 22:02:00+01:00,0.0761,0.0,0.0,0.0
2017-01-09 22:03:00+01:00,0.07682,0.0,0.0,0.0
2017-01-09 22:04:00+01:00,0.06928,0.0,0.0,0.0
2017-01-09 22:05:00+01:00,0.06998,0.0,0.0,0.0
2017-01-09 22:06:00+01:00,0.07533,0.0,0.0,0.0
2017-01-09 22:07:00+01:00,0.07843,0.0,0.0,0.0
2017-01-09 22:08:00+01:00,0.07519,0.0,0.0,0.0
2017-01-09 22:09:00+01:00,0.07677,0.0,0.0,0.0
2017-01-09 22:10:00+01:00,0.07705,0.0,0.0,0.0
2017-01-09 22:11:00+01:00,0.07366,0.0,0.0,0.0
2017-01-09 22:12:00+01:00,0.07458,0.0,0.0,0.0
2017-01-09 22:13:00+01:00,0.07551,0.0,0.0,0.0
2017-01-09 22:14:00+01:00,0.07525,0.0,0.0,0.0
2017-01-09 22:15:00+01:00,0.07732,0.0,0.0,0.0
2017-01-09 22:16:00+01:00,0.07458,0.0,0.0,0.0
2017-01-09 22:17:00+01:00,0.07853,0.0,0.0,0.0
2017-01-09 22:18:00+01:00,0.08734,0.0,0.0,0.0
2017-01-09 22:19:00+01:00,0.08736,0.0,0.0,0.0
2017-01-09 22:20:00+01:00,0.08907,0.0,0.0,0.0
2017-01-09 22:21:00+01:00,0.08609,0.0,0.0,0.0
2017-01-09 22:22:00+01:00,0.08942,0.0,0.0,0.0
2017-01-09 22:23:00+01:00,0.09127,0.0,0.0,0.0
2017-01-09 22:24:00+01:00,0.07582,0.0,0.0,0.0
2017-01-09 22:25:00+01:00,0.07359,0.0,0.0,0.0
2017-01-09 22:26:00+01:00,0.0751,0.0,0.0,0.0
2017-01-09 22:27:00+01:00,0.07633,0.0,0.0,0.0
2017-01-09 22:28:00+01:00,0.07756,0.0,0.0,0.0
2017-01-09 22:29:00+01:00,0.07696,0.0,0.0,0.0
2017-01-09 22:30:00+01:00,0.07973,0.0,0.0,0.0
2017-01-09 22:31:00+01:00,0.07839,0.0,0.0,0.0
2017-01-09 22:32:00+01:00,0.07575,0.0,0.0,0.0
2017-01-09 22:33:00+01:00,0.07279,0.0,0.0,0.0
2017-01-09 22:34:00+01:00,0.0692,0.0,0.0,0.0
2017-01-09 22:35:00+01:00,0.06539,0.0,0.0,0.0
2017-01-09 22:36:00+01:00,0.06413,0.0,0.0,0.0
2017-01-09 22:37:00+01:00,0.06613,0.0,0.0,0.0
2017-01-09 22:38:00+01:00,0.06365,0.0,0.0,0.0
2017-01-09 22:39:00+01:00,0.06301,0.0,0.0,0.0
2017-01-09 22:40:00+01:00,0.06581,0.0,0.0,0.0
2017-01-09 22:41:00+01:00,0.06924,0.0,0.0,0.0
2017-01-09 22:42:00+01:00,0.0686,0.0,0.0,0.0
2017-01-09 22:43:00+01:00,0.06788,0.0,0.0,0.0
2017-01-09 22:44:00+01:00,0.06562,0.0,0.0,0.0
2017-01-09 22:45:00+01:00,0.06506,0.0,0.0,0.0
2017-01-09 22:46:00+01:00,0.06822,0.0,0.0,0.0
2017-01-09 22:47:00+01:00,0.06665,0.0,0.0,0.0
2017-01-09 22:48:00+01:00,0.07141,0.0,0.0,0.0
2017-01-09 22:49:00+01:00,0.07503,0.0,0.0,0.0
2017-01-09 22:50:00+01:00,0.07312,0.0,0.0,0.0
2017-01-09 22:51:00+01:00,0.06886,0.0,0.0,0.0
2017-01-09 22:52:00+01:00,0.0703,0.0,0.0,0.0
2017-01-09 22:53:00+01:00,0.07278,0.0,0.0,0.0
2017-01-09 22:54:00+01:00,0.06762,0.0,0.0,0.0
2017-01-09 22:55:00+01:00,0.06857,0.0,0.0,0.0
2017-01-09 22:56:00+01:00,0.07125,0.0,0.0,0.0
2017-01-09 22:57:00+01:00,0.06671,0.0,0.0,0.0
2017-01-09 22:58:00+01:00,0.06736,0.0,0.0,0.0
2017-01-09 22:59:00+01:00,0.07268,0.0,0.0,0.0
2017-01-09 23:00:00+01:00,0.07288,0.0,0.0,0.0
2017-01-09 23:01:00+01:00,0.06875,0.0,0.0,0.0
2017-01-09 23:02:00+01:00,0.06676,0.0,0.0,0.0
2017-01-09 23:03:00+01:00,0.06986,0.0,0.0,0.0
2017-01-09 23:04:00+01:00,0.06682,0.0,0.0,0.0
2017-01-09 23:05:00+01:00,0.06439,0.0,0.0,0.0
2017-01-09 23:06:00+01:00,0.06271,0.0,0.0,0.0
2017-01-09 23:07:00+01:00,0.06008,0.0,0.0,0.0
2017-01-09 23:08:00+01:00,0.05807,0.0,0.0,0.0
2017-01-09 23:09:00+01:00,0.05322,0.0,0.0,0.0
2017-01-09 23:10:00+01:00,0.05976,0.0,0.0,0.0
2017-01-09 23:11:00+01:00,0.0604,0.0,0.0,0.0
2017-01-09 23:12:00+01:00,0.06044,0.0,0.0,0.0
2017-01-09 23:13:00+01:00,0.05831,0.0,0.0,0.0
2017-01-09 23:14:00+01:00,0.06581,0.0,0.0,0.0
2017-01-09 23:15:00+01:00,0.06423,0.0,0.0,0.0
2017-01-09 23:16:00+01:00,0.06145,0.0,0.0,0.0
2017-01-09 23:17:00+01:00,0.06433,0.0,0.0,0.0
2017-01-09 23:18:00+01:00,0.06512,0.0,0.0,0.0
2017-01-09 23:19:00+01:00,0.06734,0.0,0.0,0.0
2017-01-09 23:20:00+01:00,0.07328,0.0,0.0,0.0
2017-01-09 23:21:00+01:00,0.07042,0.0,0.0,0.0
2017-01-09 23:22:00+01:00,0.06598,0.0,0.0,0.0
2017-01-09 23:23:00+01:00,0.06332,0.0,0.0,0.0
2017-01-09 23:24:00+01:00,0.06409,0.0,0.0,0.0
2017-01-09 23:25:00+01:00,0.05922,0.0,0.0,0.0
2017-01-09 23:26:00+01:00,0.06065,0.0,0.0,0.0
2017-01-09 23:27:00+01:00,0.06584,0.0,0.0,0.0
2017-01-09 23:28:00+01:00,0.06185,0.0,0.0,0.0
2017-01-09 23:29:00+01:00,0.0617,0.0,0.0,0.0
2017-01-09 23:30:00+01:00,0.06244,0.0,0.0,0.0
2017-01-09 23:31:00+01:00,0.06541,0.0,0.0,0.0
2017-01-09 23:32:00+01:00,0.06694,0.0,0.0,0.0
2017-01-09 23:33:00+01:00,0.05988,0.0,0.0,0.0
2017-01-09 23:34:00+01:00,0.0575,0.0,0.0,0.0
2017-01-09 23:35:00+01:00,0.05878,0.0,0.0,0.0
2017-01-09 23:36:00+01:00,0.06717,0.0,0.0,0.0
2017-01-09 23:37:00+01:00,0.05994,0.0,0.0,0.0
2017-01-09 23:38:00+01:00,0.06011,0.0,0.0,0.0
2017-01-09 23:39:00+01:00,0.05653,0.0,0.0,0.0
2017-01-09 23:40:00+01:00,0.05246,0.0,0.0,0.0
2017-01-09 23:41:00+01:00,0.05337,0.0,0.0,0.0
2017-01-09 23:42:00+01:00,0.05106,0.0,0.0,0.0
2017-01-09 23:43:00+01:00,0.05866,0.0,0.0,0.0
2017-01-09 23:44:00+01:00,0.05866,0.0,0.0,0.0
2017-01-09 23:45:00+01:00,0.05503,0.0,0.0,0.0
2017-01-09 23:46:00+01:00,0.05299,0.0,0.0,0.0
2017-01-09 23:47:00+01:00,0.05419,0.0,0.0,0.0
2017-01-09 23:48:00+01:00,0.05301,0.0,0.0,0.0
2017-01-09 23:49:00+01:00,0.05692,0.0,0.0,0.0
2017-01-09 23:50:00+01:00,0.05489,0.0,0.0,0.0
2017-01-09 23:51:00+01:00,0.05143,0.0,0.0,0.0
2017-01-09 23:52:00+01:00,0.05064,0.0,0.0,0.0
2017-01-09 23:53:00+01:00,0.05503,0.0,0.0,0.0
2017-01-09 23:54:00+01:00,0.06144,0.0,0.0,0.0
2017-01-09 23:55:00+01:00,0.06246,0.0,0.0,0.0
2017-01-09 23:56:00+01:00,0.06425,0.0,0.0,0.0
2017-01-09 23:57:00+01:00,0.05928,0.0,0.0,0.0
2017-01-09 23:58:00+01:00,0.05483,0.0,0.0,0.0
2017-01-09 23:59:00+01:00,0.0571,0.0,0.0,0.0
2017-01-10 00:00:00+01:00,0.0564,0.0,0.0,0.0
2017-01-10 00:01:00+01:00,0.04745,0.0,0.0,0.0
2017-01-10 00:02:00+01:00,0.04633,0.0,0.0,0.0
2017-01-10 00:03:00+01:00,0.05313,0.0,0.0,0.0
2017-01-10 00:04:00+01:00,0.05847,0.0,0.0,0.0
2017-01-10 00:05:00+01:00,0.06133,0.0,0.0,0.0
2017-01-10 00:06:00+01:00,0.05392,0.0,0.0,0.0
2017-01-10 00:07:00+01:00,0.05248,0.0,0.0,0.0
2017-01-10 00:08:00+01:00,0.054,0.0,0.0,0.0
2017-01-10 00:09:00+01:00,0.05761,0.0,0.0,0.0
2017-01-10 00:10:00+01:00,0.04898,0.0,0.0,0.0
2017-01-10 00:11:00+01:00,0.0474,0.0,0.0,0.0
2017-01-10 00:12:00+01:00,0.04825,0.0,0.0,0.0
2017-01-10 00:13:00+01:00,0.04992,0.0,0.0,0.0
2017-01-10 00:14:00+01:00,0.05073,0.0,0.0,0.0
2017-01-10 00:15:00+01:00,0.04717,0.0,0.0,0.0
2017-01-10 00:16:00+01:00,0.04633,0.0,0.0,0.0
2017-01-10 00:17:00+01:00,0.04981,0.0,0.0,0.0
2017-01-10 00:18:00+01:00,0.04797,0.0,0.0,0.0
2017-01-10 00:19:00+01:00,0.04412,0.0,0.0,0.0
2017-01-10 00:20:00+01:00,0.04599,0.0,0.0,0.0
2017-01-10 00:21:00+01:00,0.04666,0.0,0.0,0.0
2017-01-10 00:22:00+01:00,0.04631,0.0,0.0,0.0
2017-01-10 00:23:00+01:00,0.04093,0.0,0.0,0.0
2017-01-10 00:24:00+01:00,0.04293,0.0,0.0,0.0
2017-01-10 00:25:00+01:00,0.04481,0.0,0.0,0.0
2017-01-10 00:26:00+01:00,0.04392,0.0,0.0,0.0
2017-01-10 00:27:00+01:00,0.04288,0.0,0.0,0.0
2017-01-10 00:28:00+01:00,0.04165,0.0,0.0,0.0
2017-01-10 00:29:00+01:00,0.04723,0.0,0.0,0.0
2017-01-10 00:30:00+01:00,0.0455,0.0,0.0,0.0
2017-01-10 00:31:00+01:00,0.04668,0.0,0.0,0.0
2017-01-10 00:32:00+01:00,0.04671,0.0,0.0,0.0
2017-01-10 00:33:00+01:00,0.05106,0.0,0.0,0.0
2017-01-10 00:34:00+01:00,0.04743,0.0,0.0,0.0
2017-01-10 00:35:00+01:00,0.05057,0.0,0.0,0.0
2017-01-10 00:36:00+01:00,0.05067,0.0,0.0,0.0
2017-01-10 00:37:00+01:00,0.05032,0.0,0.0,0.0
2017-01-10 00:38:00+01:00,0.05002,0.0,0.0,0.0
2017-01-10 00:39:00+01:00,0.04526,0.0,0.0,0.0
2017-01-10 00:40:00+01:00,0.04763,0.0,0.0,0.0
2017-01-10 00:41:00+01:00,0.04909,0.0,0.0,0.0
2017-01-10 00:42:00+01:00,0.04752,0.0,0.0,0.0
2017-01-10 00:43:00+01:00,0.04571,0.0,0.0,0.0
2017-01-10 00:44:00+01:00,0.05087,0.0,0.0,0.0
2017-01-10 00:45:00+01:00,0.04562,0.0,0.0,0.0
2017-01-10 00:46:00+01:00,0.04464,0.0,0.0,0.0
2017-01-10 00:47:00+01:00,0.03884,0.0,0.0,0.0
2017-01-10 00:48:00+01:00,0.03936,0.0,0.0,0.0
2017-01-10 00:49:00+01:00,0.04183,0.0,0.0,0.0
2017-01-10 00:50:00+01:00,0.03739,0.0,0.0,0.0
2017-01-10 00:51:00+01:00,0.03919,0.0,0.0,0.0
2017-01-10 00:52:00+01:00,0.03644,0.0,0.0,0.0
2017-01-10 00:53:00+01:00,0.0374,0.0,0.0,0.0
2017-01-10 00:54:00+01:00,0.03649,0.0,0.0,0.0
2017-01-10 00:55:00+01:00,0.03577,0.0,0.0,0.0
2017-01-10 00:56:00+01:00,0.03873,0.0,0.0,0.0
2017-01-10 00:57:00+01:00,0.04251,0.0,0.0,0.0
2017-01-10 00:58:00+01:00,0.04097,0.0,0.0,0.0
2017-01-10 00:59:00+01:00,0.04103,0.0,0.0,0.0
2017-01-10 01:00:00+01:00,0.03911,0.0,0.0,0.0
2017-01-10 01:01:00+01:00,0.04252,0.0,0.0,0.0
2017-01-10 01:02:00+01:00,0.0426,0.0,0.0,0.0
2017-01-10 01:03:00+01:00,0.04487,0.0,0.0,0.0
2017-01-10 01:04:00+01:00,0.04677,0.0,0.0,0.0
2017-01-10 01:05:00+01:00,0.04765,0.0,0.0,0.0
2017-01-10 01:06:00+01:00,0.04772,0.0,0.0,0.0
2017-01-10 01:07:00+01:00,0.04401,0.0,0.0,0.0
2017-01-10 01:08:00+01:00,0.04477,0.0,0.0,0.0
2017-01-10 01:09:00+01:00,0.04661,0.0,0.0,0.0
2017-01-10 01:10:00+01:00,0.04555,0.0,0.0,0.0
2017-01-10 01:11:00+01:00,0.04386,0.0,0.0,0.0
2017-01-10 01:12:00+01:00,0.04404,0.0,0.0,0.0
2017-01-10 01:13:00+01:00,0.04625,0.0,0.0,0.0
2017-01-10 01:14:00+01:00,0.04576,0.0,0.0,0.0
2017-01-10 01:15:00+01:00,0.04848,0.0,0.0,0.0
2017-01-10 01:16:00+01:00,0.05013,0.0,0.0,0.0
2017-01-10 01:17:00+01:00,0.04682,0.0,0.0,0.0
2017-01-10 01:18:00+01:00,0.04452,0.0,0.0,0.0
2017-01-10 01:19:00+01:00,0.04678,0.0,0.0,0.0
2017-01-10 01:20:00+01:00,0.04412,0.0,0.0,0.0
2017-01-10 01:21:00+01:00,0.04501,0.0,0.0,0.0
2017-01-10 01:22:00+01:00,0.0438,0.0,0.0,0.0
2017-01-10 01:23:00+01:00,0.04609,0.0,0.0,0.0
2017-01-10 01:24:00+01:00,0.04213,0.0,0.0,0.0
2017-01-10 01:25:00+01:00,0.04425,0.0,0.0,0.0
2017-01-10 01:26:00+01:00,0.0431,0.0,0.0,0.0
2017-01-10 01:27:00+01:00,0.04171,0.0,0.0,0.0
2017-01-10 01:28:00+01:00,0.04067,0.0,0.0,0.0
2017-01-10 01:29:00+01:00,0.042,0.0,0.0,0.0
2017-01-10 01:30:00+01:00,0.0434,0.0,0.0,0.0
2017-01-10 01:31:00+01:00,0.04107,0.0,0.0,0.0
2017-01-10 01:32:00+01:00,0.0381,0.0,0.0,0.0
2017-01-10 01:33:00+01:00,0.04007,0.0,0.0,0.0
2017-01-10 01:34:00+01:00,0.03791,0.0,0.0,0.0
2017-01-10 01:35:00+01:00,0.03833,0.0,0.0,0.0
2017-01-10 01:36:00+01:00,0.04083,0.0,0.0,0.0
2017-01-10 01:37:00+01:00,0.03901,0.0,0.0,0.0
2017-01-10 01:38:00+01:00,0.0394,0.0,0.0,0.0
2017-01-10 01:39:00+01:00,0.04046,0.0,0.0,0.0
2017-01-10 01:40:00+01:00,0.04426,0.0,0.0,0.0
2017-01-10 01:41:00+01:00,0.04593,0.0,0.0,0.0
2017-01-10 01:42:00+01:00,0.04106,0.0,0.0,0.0
2017-01-10 01:43:00+01:00,0.03855,0.0,0.0,0.0
2017-01-10 01:44:00+01:00,0.03542,0.0,0.0,0.0
2017-01-10 01:45:00+01:00,0.03362,0.0,0.0,0.0
2017-01-10 01:46:00+01:00,0.0373,0.0,0.0,0.0
2017-01-10 01:47:00+01:00,0.03226,0.0,0.0,0.0
2017-01-10 01:48:00+01:00,0.03256,0.0,0.0,0.0
2017-01-10 01:49:00+01:00,0.03423,0.0,0.0,0.0
2017-01-10 01:50:00+01:00,0.02933,0.0,0.0,0.0
2017-01-10 01:51:00+01:00,0.03321,0.0,0.0,0.0
2017-01-10 01:52:00+01:00,0.03654,0.0,0.0,0.0
2017-01-10 01:53:00+01:00,0.03538,0.0,0.0,0.0
2017-01-10 01:54:00+01:00,0.03611,0.0,0.0,0.0
2017-01-10 01:55:00+01:00,0.03635,0.0,0.0,0.0
2017-01-10 01:56:00+01:00,0.03877,0.0,0.0,0.0
2017-01-10 01:57:00+01:00,0.03776,0.0,0.0,0.0
2017-01-10 01:58:00+01:00,0.04204,0.0,0.0,0.0
2017-01-10 01:59:00+01:00,0.03784,0.0,0.0,0.0
2017-01-10 02:00:00+01:00,0.03668,0.0,0.0,0.0
2017-01-10 02:01:00+01:00,0.03412,0.0,0.0,0.0
2017-01-10 02:02:00+01:00,0.03297,0.0,0.0,0.0
2017-01-10 02:03:00+01:00,0.03208,0.0,0.0,0.0
2017-01-10 02:04:00+01:00,0.03315,0.0,0.0,0.0
2017-01-10 02:05:00+01:00,0.03642,0.0,0.0,0.0
2017-01-10 02:06:00+01:00,0.03633,0.0,0.0,0.0
2017-01-10 02:07:00+01:00,0.03534,0.0,0.0,0.0
2017-01-10 02:08:00+01:00,0.03454,0.0,0.0,0.0
2017-01-10 02:09:00+01:00,0.0353,0.0,0.0,0.0
2017-01-10 02:10:00+01:00,0.03749,0.0,0.0,0.0
2017-01-10 02:11:00+01:00,0.03671,0.0,0.0,0.0
2017-01-10 02:12:00+01:00,0.03674,0.0,0.0,0.0
2017-01-10 02:13:00+01:00,0.03853,0.0,0.0,0.0
2017-01-10 02:14:00+01:00,0.03922,0.0,0.0,0.0
2017-01-10 02:15:00+01:00,0.03982,0.0,0.0,0.0
2017-01-10 02:16:00+01:00,0.04186,0.0,0.0,0.0
2017-01-10 02:17:00+01:00,0.03821,0.0,0.0,0.0
2017-01-10 02:18:00+01:00,0.04217,0.0,0.0,0.0
2017-01-10 02:19:00+01:00,0.04014,0.0,0.0,0.0
2017-01-10 02:20:00+01:00,0.03763,0.0,0.0,0.0
2017-01-10 02:21:00+01:00,0.03663,0.0,0.0,0.0
2017-01-10 02:22:00+01:00,0.0335,0.0,0.0,0.0
2017-01-10 02:23:00+01:00,0.03716,0.0,0.0,0.0
2017-01-10 02:24:00+01:00,0.03545,0.0,0.0,0.0
2017-01-10 02:25:00+01:00,0.03845,0.0,0.0,0.0
2017-01-10 02:26:00+01:00,0.038,0.0,0.0,0.0
2017-01-10 02:27:00+01:00,0.0373,0.0,0.0,0.0
2017-01-10 02:28:00+01:00,0.0358,0.0,0.0,0.0
2017-01-10 02:29:00+01:00,0.03461,0.0,0.0,0.0
2017-01-10 02:30:00+01:00,0.03532,0.0,0.0,0.0
2017-01-10 02:31:00+01:00,0.03563,0.0,0.0,0.0
2017-01-10 02:32:00+01:00,0.0327,0.0,0.0,0.0
2017-01-10 02:33:00+01:00,0.02956,0.0,0.0,0.0
2017-01-10 02:34:00+01:00,0.03328,0.0,0.0,0.0
2017-01-10 02:35:00+01:00,0.03243,0.0,0.0,0.0
2017-01-10 02:36:00+01:00,0.0323,0.0,0.0,0.0
2017-01-10 02:37:00+01:00,0.0327,0.0,0.0,0.0
2017-01-10 02:38:00+01:00,0.032,0.0,0.0,0.0
2017-01-10 02:39:00+01:00,0.0331,0.0,0.0,0.0
2017-01-10 02:40:00+01:00,0.03392,0.0,0.0,0.0
2017-01-10 02:41:00+01:00,0.0294,0.0,0.0,0.0
2017-01-10 02:42:00+01:00,0.02979,0.0,0.0,0.0
2017-01-10 02:43:00+01:00,0.03333,0.0,0.0,0.0
2017-01-10 02:44:00+01:00,0.0373,0.0,0.0,0.0
2017-01-10 02:45:00+01:00,0.04555,0.0,0.0,0.0
2017-01-10 02:46:00+01:00,0.04701,0.0,0.0,0.0
2017-01-10 02:47:00+01:00,0.04524,0.0,0.0,0.0
2017-01-10 02:48:00+01:00,0.04104,0.0,0.0,0.0
2017-01-10 02:49:00+01:00,0.0312,0.0,0.0,0.0
2017-01-10 02:50:00+01:00,0.03088,0.0,0.0,0.0
2017-01-10 02:51:00+01:00,0.03094,0.0,0.0,0.0
2017-01-10 02:52:00+01:00,0.03219,0.0,0.0,0.0
2017-01-10 02:53:00+01:00,0.03112,0.0,0.0,0.0
2017-01-10 02:54:00+01:00,0.0311,0.0,0.0,0.0
2017-01-10 02:55:00+01:00,0.03245,0.0,0.0,0.0
2017-01-10 02:56:00+01:00,0.03197,0.0,0.0,0.0
2017-01-10 02:57:00+01:00,0.03266,0.0,0.0,0.0
2017-01-10 02:58:00+01:00,0.03398,0.0,0.0,0.0
2017-01-10 02:59:00+01:00,0.03645,0.0,0.0,0.0
2017-01-10 03:00:00+01:00,0.03977,0.0,0.0,0.0
2017-01-10 03:01:00+01:00,0.03974,0.0,0.0,0.0
2017-01-10 03:02:00+01:00,0.03788,0.0,0.0,0.0
2017-01-10 03:03:00+01:00,0.03683,0.0,0.0,0.0
2017-01-10 03:04:00+01:00,0.03306,0.0,0.0,0.0
2017-01-10 03:05:00+01:00,0.03195,0.0,0.0,0.0
2017-01-10 03:06:00+01:00,0.03166,0.0,0.0,0.0
2017-01-10 03:07:00+01:00,0.03227,0.0,0.0,0.0
2017-01-10 03:08:00+01:00,0.03346,0.0,0.0,0.0
2017-01-10 03:09:00+01:00,0.03278,0.0,0.0,0.0
2017-01-10 03:10:00+01:00,0.03631,0.0,0.0,0.0
2017-01-10 03:11:00+01:00,0.03772,0.0,0.0,0.0
2017-01-10 03:12:00+01:00,0.03701,0.0,0.0,0.0
2017-01-10 03:13:00+01:00,0.03671,0.0,0.0,0.0
2017-01-10 03:14:00+01:00,0.03458,0.0,0.0,0.0
2017-01-10 03:15:00+01:00,0.03041,0.0,0.0,0.0
2017-01-10 03:16:00+01:00,0.02887,0.0,0.0,0.0
2017-01-10 03:17:00+01:00,0.02773,0.0,0.0,0.0
2017-01-10 03:18:00+01:00,0.02893,0.0,0.0,0.0
2017-01-10 03:19:00+01:00,0.03301,0.0,0.0,0.0
2017-01-10 03:20:00+01:00,0.03197,0.0,0.0,0.0
2017-01-10 03:21:00+01:00,0.03306,0.0,0.0,0.0
2017-01-10 03:22:00+01:00,0.03104,0.0,0.0,0.0
2017-01-10 03:23:00+01:00,0.02788,0.0,0.0,0.0
2017-01-10 03:24:00+01:00,0.0309,0.0,0.0,0.0
2017-01-10 03:25:00+01:00,0.02629,0.0,0.0,0.0
2017-01-10 03:26:00+01:00,0.02689,0.0,0.0,0.0
2017-01-10 03:27:00+01:00,0.0337,0.0,0.0,0.0
2017-01-10 03:28:00+01:00,0.03693,0.0,0.0,0.0
2017-01-10 03:29:00+01:00,0.03988,0.0,0.0,0.0
2017-01-10 03:30:00+01:00,0.04032,0.0,0.0,0.0
2017-01-10 03:31:00+01:00,0.03924,0.0,0.0,0.0
2017-01-10 03:32:00+01:00,0.0372,0.0,0.0,0.0
2017-01-10 03:33:00+01:00,0.03325,0.0,0.0,0.0
2017-01-10 03:34:00+01:00,0.03279,0.0,0.0,0.0
2017-01-10 03:35:00+01:00,0.03096,0.0,0.0,0.0
2017-01-10 03:36:00+01:00,0.03175,0.0,0.0,0.0
2017-01-10 03:37:00+01:00,0.03284,0.0,0.0,0.0
2017-01-10 03:38:00+01:00,0.03212,0.0,0.0,0.0
2017-01-10 03:39:00+01:00,0.03183,0.0,0.0,0.0
2017-01-10 03:40:00+01:00,0.03039,0.0,0.0,0.0
2017-01-10 03:41:00+01:00,0.02979,0.0,0.0,0.0
2017-01-10 03:42:00+01:00,0.0309,0.0,0.0,0.0
2017-01-10 03:43:00+01:00,0.03114,0.0,0.0,0.0
2017-01-10 03:44:00+01:00,0.03333,0.0,0.0,0.0
2017-01-10 03:45:00+01:00,0.03259,0.0,0.0,0.0
2017-01-10 03:46:00+01:00,0.03935,0.0,0.0,0.0
2017-01-10 03:47:00+01:00,0.04207,0.0,0.0,0.0
2017-01-10 03:48:00+01:00,0.03521,0.0,0.0,0.0
2017-01-10 03:49:00+01:00,0.03336,0.0,0.0,0.0
2017-01-10 03:50:00+01:00,0.03278,0.0,0.0,0.0
2017-01-10 03:51:00+01:00,0.03224,0.0,0.0,0.0
2017-01-10 03:52:00+01:00,0.03324,0.0,0.0,0.0
2017-01-10 03:53:00+01:00,0.03303,0.0,0.0,0.0
2017-01-10 03:54:00+01:00,0.03416,0.0,0.0,0.0
2017-01-10 03:55:00+01:00,0.03373,0.0,0.0,0.0
2017-01-10 03:56:00+01:00,0.03826,0.0,0.0,0.0
2017-01-10 03:57:00+01:00,0.03836,0.0,0.0,0.0
2017-01-10 03:58:00+01:00,0.03365,0.0,0.0,0.0
2017-01-10 03:59:00+01:00,0.03526,0.0,0.0,0.0
2017-01-10 04:00:00+01:00,0.03425,0.0,0.0,0.0
2017-01-10 04:01:00+01:00,0.03483,0.0,0.0,0.0
2017-01-10 04:02:00+01:00,0.03561,0.0,0.0,0.0
2017-01-10 04:03:00+01:00,0.04082,0.0,0.0,0.0
2017-01-10 04:04:00+01:00,0.04146,0.0,0.0,0.0
2017-01-10 04:05:00+01:00,0.03639,0.0,0.0,0.0
2017-01-10 04:06:00+01:00,0.03789,0.0,0.0,0.0
2017-01-10 04:07:00+01:00,0.04049,0.0,0.0,0.0
2017-01-10 04:08:00+01:00,0.03772,0.0,0.0,0.0
2017-01-10 04:09:00+01:00,0.03774,0.0,0.0,0.0
2017-01-10 04:10:00+01:00,0.03651,0.0,0.0,0.0
2017-01-10 04:11:00+01:00,0.03894,0.0,0.0,0.0
2017-01-10 04:12:00+01:00,0.03734,0.0,0.0,0.0
2017-01-10 04:13:00+01:00,0.0414,0.0,0.0,0.0
2017-01-10 04:14:00+01:00,0.04385,0.0,0.0,0.0
2017-01-10 04:15:00+01:00,0.03532,0.0,0.0,0.0
2017-01-10 04:16:00+01:00,0.03302,0.0,0.0,0.0
2017-01-10 04:17:00+01:00,0.03351,0.0,0.0,0.0
2017-01-10 04:18:00+01:00,0.03429,0.0,0.0,0.0
2017-01-10 04:19:00+01:00,0.03326,0.0,0.0,0.0
2017-01-10 04:20:00+01:00,0.03475,0.0,0.0,0.0
2017-01-10 04:21:00+01:00,0.03844,0.0,0.0,0.0
2017-01-10 04:22:00+01:00,0.03649,0.0,0.0,0.0
2017-01-10 04:23:00+01:00,0.03597,0.0,0.0,0.0
2017-01-10 04:24:00+01:00,0.03496,0.0,0.0,0.0
2017-01-10 04:25:00+01:00,0.03556,0.0,0.0,0.0
2017-01-10 04:26:00+01:00,0.03751,0.0,0.0,0.0
2017-01-10 04:27:00+01:00,0.03628,0.0,0.0,0.0
2017-01-10 04:28:00+01:00,0.03341,0.0,0.0,0.0
2017-01-10 04:29:00+01:00,0.03269,0.0,0.0,0.0
2017-01-10 04:30:00+01:00,0.0317,0.0,0.0,0.0
2017-01-10 04:31:00+01:00,0.03127,0.0,0.0,0.0
2017-01-10 04:32:00+01:00,0.03324,0.0,0.0,0.0
2017-01-10 04:33:00+01:00,0.03311,0.0,0.0,0.0
2017-01-10 04:34:00+01:00,0.03203,0.0,0.0,0.0
2017-01-10 04:35:00+01:00,0.0309,0.0,0.0,0.0
2017-01-10 04:36:00+01:00,0.03135,0.0,0.0,0.0
2017-01-10 04:37:00+01:00,0.03045,0.0,0.0,0.0
2017-01-10 04:38:00+01:00,0.03058,0.0,0.0,0.0
2017-01-10 04:39:00+01:00,0.03206,0.0,0.0,0.0
2017-01-10 04:40:00+01:00,0.02877,0.0,0.0,0.0
2017-01-10 04:41:00+01:00,0.02732,0.0,0.0,0.0
2017-01-10 04:42:00+01:00,0.02823,0.0,0.0,0.0
2017-01-10 04:43:00+01:00,0.02831,0.0,0.0,0.0
2017-01-10 04:44:00+01:00,0.03159,0.0,0.0,0.0
2017-01-10 04:45:00+01:00,0.03439,0.0,0.0,0.0
2017-01-10 04:46:00+01:00,0.03881,0.0,0.0,0.0
2017-01-10 04:47:00+01:00,0.03817,0.0,0.0,0.0
2017-01-10 04:48:00+01:00,0.02879,0.0,0.0,0.0
2017-01-10 04:49:00+01:00,0.0294,0.0,0.0,0.0
2017-01-10 04:50:00+01:00,0.03575,0.0,0.0,0.0
2017-01-10 04:51:00+01:00,0.03017,0.0,0.0,0.0
2017-01-10 04:52:00+01:00,0.02854,0.0,0.0,0.0
2017-01-10 04:53:00+01:00,0.02921,0.0,0.0,0.0
2017-01-10 04:54:00+01:00,0.02943,0.0,0.0,0.0
2017-01-10 04:55:00+01:00,0.0297,0.0,0.0,0.0
2017-01-10 04:56:00+01:00,0.02938,0.0,0.0,0.0
2017-01-10 04:57:00+01:00,0.03081,0.0,0.0,0.0
2017-01-10 04:58:00+01:00,0.03292,0.0,0.0,0.0
2017-01-10 04:59:00+01:00,0.03842,0.0,0.0,0.0
2017-01-10 05:00:00+01:00,0.04007,0.0,0.0,0.0
2017-01-10 05:01:00+01:00,0.03359,0.0,0.0,0.0
2017-01-10 05:02:00+01:00,0.03433,0.0,0.0,0.0
2017-01-10 05:03:00+01:00,0.03701,0.0,0.0,0.0
2017-01-10 05:04:00+01:00,0.03697,0.0,0.0,0.0
2017-01-10 05:05:00+01:00,0.0374,0.0,0.0,0.0
2017-01-10 05:06:00+01:00,0.03264,0.0,0.0,0.0
2017-01-10 05:07:00+01:00,0.03368,0.0,0.0,0.0
2017-01-10 05:08:00+01:00,0.03878,0.0,0.0,0.0
2017-01-10 05:09:00+01:00,0.03409,0.0,0.0,0.0
2017-01-10 05:10:00+01:00,0.03293,0.0,0.0,0.0
2017-01-10 05:11:00+01:00,0.03428,0.0,0.0,0.0
2017-01-10 05:12:00+01:00,0.03475,0.0,0.0,0.0
2017-01-10 05:13:00+01:00,0.03508,0.0,0.0,0.0
2017-01-10 05:14:00+01:00,0.03389,0.0,0.0,0.0
2017-01-10 05:15:00+01:00,0.02986,0.0,0.0,0.0
2017-01-10 05:16:00+01:00,0.03267,0.0,0.0,0.0
2017-01-10 05:17:00+01:00,0.03158,0.0,0.0,0.0
2017-01-10 05:18:00+01:00,0.02888,0.0,0.0,0.0
2017-01-10 05:19:00+01:00,0.02902,0.0,0.0,0.0
2017-01-10 05:20:00+01:00,0.02966,0.0,0.0,0.0
2017-01-10 05:21:00+01:00,0.02819,0.0,0.0,0.0
2017-01-10 05:22:00+01:00,0.02955,0.0,0.0,0.0
2017-01-10 05:23:00+01:00,0.02898,0.0,0.0,0.0
2017-01-10 05:24:00+01:00,0.02809,0.0,0.0,0.0
2017-01-10 05:25:00+01:00,0.0291,0.0,0.0,0.0
2017-01-10 05:26:00+01:00,0.03301,0.0,0.0,0.0
2017-01-10 05:27:00+01:00,0.03822,0.0,0.0,0.0
2017-01-10 05:28:00+01:00,0.04,0.0,0.0,0.0
2017-01-10 05:29:00+01:00,0.03763,0.0,0.0,0.0
2017-01-10 05:30:00+01:00,0.03099,0.0,0.0,0.0
2017-01-10 05:31:00+01:00,0.03091,0.0,0.0,0.0
2017-01-10 05:32:00+01:00,0.03076,0.0,0.0,0.0
2017-01-10 05:33:00+01:00,0.03448,0.0,0.0,0.0
2017-01-10 05:34:00+01:00,0.0377,0.0,0.0,0.0
2017-01-10 05:35:00+01:00,0.03741,0.0,0.0,0.0
2017-01-10 05:36:00+01:00,0.034,0.0,0.0,0.0
2017-01-10 05:37:00+01:00,0.03317,0.0,0.0,0.0
2017-01-10 05:38:00+01:00,0.03296,0.0,0.0,0.0
2017-01-10 05:39:00+01:00,0.0352,0.0,0.0,0.0
2017-01-10 05:40:00+01:00,0.03344,0.0,0.0,0.0
2017-01-10 05:41:00+01:00,0.03046,0.0,0.0,0.0
2017-01-10 05:42:00+01:00,0.02944,0.0,0.0,0.0
2017-01-10 05:43:00+01:00,0.03079,0.0,0.0,0.0
2017-01-10 05:44:00+01:00,0.03101,0.0,0.0,0.0
2017-01-10 05:45:00+01:00,0.03124,0.0,0.0,0.0
2017-01-10 05:46:00+01:00,0.03133,0.0,0.0,0.0
2017-01-10 05:47:00+01:00,0.0334,0.0,0.0,0.0
2017-01-10 05:48:00+01:00,0.03989,0.0,0.0,0.0
2017-01-10 05:49:00+01:00,0.0396,0.0,0.0,0.0
2017-01-10 05:50:00+01:00,0.03971,0.0,0.0,0.0
2017-01-10 05:51:00+01:00,0.03601,0.0,0.0,0.0
2017-01-10 05:52:00+01:00,0.03515,0.0,0.0,0.0
2017-01-10 05:53:00+01:00,0.035,0.0,0.0,0.0
2017-01-10 05:54:00+01:00,0.03691,0.0,0.0,0.0
2017-01-10 05:55:00+01:00,0.03801,0.0,0.0,0.0
2017-01-10 05:56:00+01:00,0.0364,0.0,0.0,0.0
2017-01-10 05:57:00+01:00,0.0368,0.0,0.0,0.0
2017-01-10 05:58:00+01:00,0.03761,0.0,0.0,0.0
2017-01-10 05:59:00+01:00,0.03921,0.0,0.0,0.0
2017-01-10 06:00:00+01:00,0.04088,0.0,0.0,0.0
2017-01-10 06:01:00+01:00,0.04002,0.0,0.0,0.0
2017-01-10 06:02:00+01:00,0.03928,0.0,0.0,0.0
2017-01-10 06:03:00+01:00,0.03934,0.0,0.0,0.0
2017-01-10 06:04:00+01:00,0.0394,0.0,0.0,0.0
2017-01-10 06:05:00+01:00,0.03929,0.0,0.0,0.0
2017-01-10 06:06:00+01:00,0.04039,0.0,0.0,0.0
2017-01-10 06:07:00+01:00,0.04328,0.0,0.0,0.0
2017-01-10 06:08:00+01:00,0.04312,0.0,0.0,0.0
2017-01-10 06:09:00+01:00,0.03907,0.0,0.0,0.0
2017-01-10 06:10:00+01:00,0.03825,0.0,0.0,0.0
2017-01-10 06:11:00+01:00,0.03535,0.0,0.0,0.0
2017-01-10 06:12:00+01:00,0.03404,0.0,0.0,0.0
2017-01-10 06:13:00+01:00,0.03492,0.0,0.0,0.0
2017-01-10 06:14:00+01:00,0.03482,0.0,0.0,0.0
2017-01-10 06:15:00+01:00,0.03636,0.0,0.0,0.0
2017-01-10 06:16:00+01:00,0.03848,0.0,0.0,0.0
2017-01-10 06:17:00+01:00,0.03771,0.0,0.0,0.0
2017-01-10 06:18:00+01:00,0.03804,0.0,0.0,0.0
2017-01-10 06:19:00+01:00,0.03819,0.0,0.0,0.0
2017-01-10 06:20:00+01:00,0.03886,0.0,0.0,0.0
2017-01-10 06:21:00+01:00,0.04084,0.0,0.0,0.0
2017-01-10 06:22:00+01:00,0.0403,0.0,0.0,0.0
2017-01-10 06:23:00+01:00,0.04195,0.0,0.0,0.0
2017-01-10 06:24:00+01:00,0.04447,0.0,0.0,0.0
2017-01-10 06:25:00+01:00,0.04067,0.0,0.0,0.0
2017-01-10 06:26:00+01:00,0.04021,0.0,0.0,0.0
2017-01-10 06:27:00+01:00,0.03938,0.0,0.0,0.0
2017-01-10 06:28:00+01:00,0.04065,0.0,0.0,0.0
2017-01-10 06:29:00+01:00,0.04326,0.0,0.0,0.0
2017-01-10 06:30:00+01:00,0.04304,0.0,0.0,0.0
2017-01-10 06:31:00+01:00,0.04227,0.0,0.0,0.0
2017-01-10 06:32:00+01:00,0.03914,0.0,0.0,0.0
2017-01-10 06:33:00+01:00,0.0426,0.0,0.0,0.0
2017-01-10 06:34:00+01:00,0.04398,0.0,0.0,0.0
2017-01-10 06:35:00+01:00,0.04512,0.0,0.0,0.0
2017-01-10 06:36:00+01:00,0.04238,0.0,0.0,0.0
2017-01-10 06:37:00+01:00,0.04087,0.0,0.0,0.0
2017-01-10 06:38:00+01:00,0.03681,0.0,0.0,0.0
2017-01-10 06:39:00+01:00,0.03734,0.0,0.0,0.0
2017-01-10 06:40:00+01:00,0.03549,0.0,0.0,0.0
2017-01-10 06:41:00+01:00,0.037,0.0,0.0,0.0
2017-01-10 06:42:00+01:00,0.03997,0.0,0.0,0.0
2017-01-10 06:43:00+01:00,0.03601,0.0,0.0,0.0
2017-01-10 06:44:00+01:00,0.03625,0.0,0.0,0.0
2017-01-10 06:45:00+01:00,0.04228,0.0,0.0,0.0
2017-01-10 06:46:00+01:00,0.0353,0.0,0.0,0.0
2017-01-10 06:47:00+01:00,0.0363,0.0,0.0,0.0
2017-01-10 06:48:00+01:00,0.03683,0.0,0.0,0.0
2017-01-10 06:49:00+01:00,0.0528,0.0,0.0,0.0
2017-01-10 06:50:00+01:00,0.05289,0.0,0.0,0.0
2017-01-10 06:51:00+01:00,0.04702,0.0,0.0,0.0
2017-01-10 06:52:00+01:00,0.04477,0.0,0.0,0.0
2017-01-10 06:53:00+01:00,0.03395,0.0,0.0,0.0
2017-01-10 06:54:00+01:00,0.0354,0.0,0.0,0.0
2017-01-10 06:55:00+01:00,0.03655,0.0,0.0,0.0
2017-01-10 06:56:00+01:00,0.03948,0.0,0.0,0.0
2017-01-10 06:57:00+01:00,0.04388,0.0,0.0,0.0
2017-01-10 06:58:00+01:00,0.04525,0.0,0.0,0.0
2017-01-10 06:59:00+01:00,0.04195,0.0,0.0,0.0
2017-01-10 07:00:00+01:00,0.03925,0.0,0.0,0.0
2017-01-10 07:01:00+01:00,0.0433,0.0,0.0,0.0
2017-01-10 07:02:00+01:00,0.04645,0.0,0.0,0.0
2017-01-10 07:03:00+01:00,0.04876,0.0,0.0,0.0
2017-01-10 07:04:00+01:00,0.0476,0.0,0.0,0.0
2017-01-10 07:05:00+01:00,0.04892,0.0,0.0,0.0
2017-01-10 07:06:00+01:00,0.05019,0.0,0.0,0.0
2017-01-10 07:07:00+01:00,0.04743,0.0,0.0,0.0
2017-01-10 07:08:00+01:00,0.04678,0.0,0.0,0.0
2017-01-10 07:09:00+01:00,0.0528,0.0,0.0,0.0
2017-01-10 07:10:00+01:00,0.04797,0.0,0.0,0.0
2017-01-10 07:11:00+01:00,0.04595,0.0,0.0,0.0
2017-01-10 07:12:00+01:00,0.04573,0.0,0.0,0.0
2017-01-10 07:13:00+01:00,0.05294,0.0,0.0,0.0
2017-01-10 07:14:00+01:00,0.05161,0.0,0.0,0.0
2017-01-10 07:15:00+01:00,0.05738,0.0,0.0,0.0
2017-01-10 07:16:00+01:00,0.05514,0.0,0.0,0.0
2017-01-10 07:17:00+01:00,0.05146,0.0,0.0,0.0
2017-01-10 07:18:00+01:00,0.04756,0.0,0.0,0.0
2017-01-10 07:19:00+01:00,0.04512,0.0,0.0,0.0
2017-01-10 07:20:00+01:00,0.04264,0.0,0.0,0.0
2017-01-10 07:21:00+01:00,0.04046,0.0,0.0,0.0
2017-01-10 07:22:00+01:00,0.04262,0.0,0.0,0.0
2017-01-10 07:23:00+01:00,0.04551,0.0,0.0,0.0
2017-01-10 07:24:00+01:00,0.0557,0.0,0.0,0.0
2017-01-10 07:25:00+01:00,0.0571,0.0,0.0,0.0
2017-01-10 07:26:00+01:00,0.05856,0.0,0.0,0.0
2017-01-10 07:27:00+01:00,0.05594,0.0,0.0,0.0
2017-01-10 07:28:00+01:00,0.044,0.0,0.0,0.0
2017-01-10 07:29:00+01:00,0.04042,0.0,0.0,0.0
2017-01-10 07:30:00+01:00,0.04163,0.0,0.0,0.0
2017-01-10 07:31:00+01:00,0.04224,0.0,0.0,0.0
2017-01-10 07:32:00+01:00,0.04411,0.0,0.0,0.0
2017-01-10 07:33:00+01:00,0.04379,0.0,0.0,0.0
2017-01-10 07:34:00+01:00,0.04583,0.0,0.0,0.0
2017-01-10 07:35:00+01:00,0.04925,0.0,0.0,0.0
2017-01-10 07:36:00+01:00,0.04824,0.0,0.0,0.0
2017-01-10 07:37:00+01:00,0.04695,0.0,0.0,0.0
2017-01-10 07:38:00+01:00,0.04692,0.0,0.0,0.0
2017-01-10 07:39:00+01:00,0.04293,0.0,0.0,0.0
2017-01-10 07:40:00+01:00,0.0448,0.0,0.0,0.0
2017-01-10 07:41:00+01:00,0.04421,0.0,0.0,0.0
2017-01-10 07:42:00+01:00,0.04619,0.0,0.0,0.0
2017-01-10 07:43:00+01:00,0.04748,0.0,0.0,0.0
2017-01-10 07:44:00+01:00,0.04946,0.0,0.0,0.0
2017-01-10 07:45:00+01:00,0.04894,0.0,0.0,0.0
2017-01-10 07:46:00+01:00,0.04972,0.0,0.0,0.0
2017-01-10 07:47:00+01:00,0.04552,0.0,0.0,0.0
2017-01-10 07:48:00+01:00,0.04983,0.0,0.0,0.0
2017-01-10 07:49:00+01:00,0.04837,0.0,0.0,0.0
2017-01-10 07:50:00+01:00,0.04704,0.0,0.0,0.0
2017-01-10 07:51:00+01:00,0.04461,0.0,0.0,0.0
2017-01-10 07:52:00+01:00,0.04646,0.0,0.0,0.0
2017-01-10 07:53:00+01:00,0.04553,0.0,0.0,0.0
2017-01-10 07:54:00+01:00,0.05066,0.0,0.0,0.0
2017-01-10 07:55:00+01:00,0.04816,0.0,0.0,0.0
2017-01-10 07:56:00+01:00,0.05092,0.0,0.0,0.0
2017-01-10 07:57:00+01:00,0.05374,0.0,0.0,0.0
2017-01-10 07:58:00+01:00,0.05331,0.0,0.0,0.0
2017-01-10 07:59:00+01:00,0.05681,0.0,0.0,0.0
2017-01-10 08:00:00+01:00,0.05425,0.0,0.0,0.0
2017-01-10 08:01:00+01:00,0.05111,0.0,0.0,0.0
2017-01-10 08:02:00+01:00,0.05253,0.0,0.0,0.0
2017-01-10 08:03:00+01:00,0.05555,0.0,0.0,0.0
2017-01-10 08:04:00+01:00,0.05861,0.0,0.0,0.0
2017-01-10 08:05:00+01:00,0.0569,0.0,0.0,0.0
2017-01-10 08:06:00+01:00,0.05536,0.0,0.0,0.0
2017-01-10 08:07:00+01:00,0.05133,0.0,0.0,0.0
2017-01-10 08:08:00+01:00,0.04834,0.0,0.0,0.0
2017-01-10 08:09:00+01:00,0.04784,0.0,0.0,0.0
2017-01-10 08:10:00+01:00,0.04965,0.0,0.0,0.0
2017-01-10 08:11:00+01:00,0.04928,0.0,0.0,0.0
2017-01-10 08:12:00+01:00,0.04666,0.0,0.0,0.0
2017-01-10 08:13:00+01:00,0.05571,0.0,0.0,0.0
2017-01-10 08:14:00+01:00,0.05604,0.0,0.0,0.0
2017-01-10 08:15:00+01:00,0.05464,0.0,0.0,0.0
2017-01-10 08:16:00+01:00,0.05707,0.0,0.0,0.0
2017-01-10 08:17:00+01:00,0.05819,0.0,0.0,0.0
2017-01-10 08:18:00+01:00,0.06273,0.0,0.0,0.0
2017-01-10 08:19:00+01:00,0.0633,0.0,0.0,0.0
2017-01-10 08:20:00+01:00,0.06366,0.0,0.0,0.0
2017-01-10 08:21:00+01:00,0.06982,0.0,0.0,0.0
2017-01-10 08:22:00+01:00,0.07118,0.0,0.0,0.0
2017-01-10 08:23:00+01:00,0.07369,0.0,0.0,0.0
2017-01-10 08:24:00+01:00,0.07526,0.0,0.0,0.0
2017-01-10 08:25:00+01:00,0.07381,0.0,0.0,0.0
2017-01-10 08:26:00+01:00,0.0723,0.0,0.0,0.0
2017-01-10 08:27:00+01:00,0.06492,0.0,0.0,0.0
2017-01-10 08:28:00+01:00,0.07219,0.0,0.0,0.0
2017-01-10 08:29:00+01:00,0.07659,0.0,0.0,0.0
2017-01-10 08:30:00+01:00,0.07441,0.0,0.0,0.0
2017-01-10 08:31:00+01:00,0.07435,0.0,0.0,0.0
2017-01-10 08:32:00+01:00,0.0712,0.0,0.0,0.0
2017-01-10 08:33:00+01:00,0.06759,0.0,0.0,0.0
2017-01-10 08:34:00+01:00,0.06939,0.0,0.0,0.0
2017-01-10 08:35:00+01:00,0.06282,0.0,0.0,0.0
2017-01-10 08:36:00+01:00,0.0601,0.0,0.0,0.0
2017-01-10 08:37:00+01:00,0.06365,0.0,0.0,0.0
2017-01-10 08:38:00+01:00,0.06909,0.0,0.0,0.0
2017-01-10 08:39:00+01:00,0.06993,0.0,0.0,0.0
2017-01-10 08:40:00+01:00,0.06356,0.0,0.0,0.0
2017-01-10 08:41:00+01:00,0.06691,0.0,0.0,0.0
2017-01-10 08:42:00+01:00,0.06836,0.0,0.0,0.0
2017-01-10 08:43:00+01:00,0.06336,0.0,0.0,0.0
2017-01-10 08:44:00+01:00,0.06227,0.0,0.0,0.0
2017-01-10 08:45:00+01:00,0.05757,0.0,0.0,0.0
2017-01-10 08:46:00+01:00,0.05704,0.000644,0.0,0.0
2017-01-10 08:47:00+01:00,0.06055,0.003952,0.0,0.0
2017-01-10 08:48:00+01:00,0.06398,0.006487,0.0,0.0
2017-01-10 08:49:00+01:00,0.06544,0.008691,0.0,0.0
2017-01-10 08:50:00+01:00,0.06475,0.011365,0.0,0.0
2017-01-10 08:51:00+01:00,0.06438,0.013404,0.0,0.0
2017-01-10 08:52:00+01:00,0.0609,0.017656,0.0,0.0
2017-01-10 08:53:00+01:00,0.06329,0.020747,0.0,0.0
2017-01-10 08:54:00+01:00,0.07433,0.098316,0.0,0.0
2017-01-10 08:55:00+01:00,0.07709,0.105495,0.0,0.0
2017-01-10 08:56:00+01:00,0.077,0.109941,0.0,0.0
2017-01-10 08:57:00+01:00,0.07794,0.113668,0.0,0.0
2017-01-10 08:58:00+01:00,0.07458,0.11867,0.0,0.0
2017-01-10 08:59:00+01:00,0.07449,0.124669,0.0,0.0
2017-01-10 09:00:00+01:00,0.07351,0.130998,0.0,0.0
2017-01-10 09:01:00+01:00,0.07644,0.135512,0.0,0.0
2017-01-10 09:02:00+01:00,0.07942,0.142586,0.0,0.0
2017-01-10 09:03:00+01:00,0.07936,0.148472,0.0,0.0
2017-01-10 09:04:00+01:00,0.08056,0.151431,0.0,0.0
2017-01-10 09:05:00+01:00,0.07928,0.157613,0.0,0.0
2017-01-10 09:06:00+01:00,0.08062,0.164254,0.0,0.0
2017-01-10 09:07:00+01:00,0.08074,0.171295,0.0,0.0
2017-01-10 09:08:00+01:00,0.08507,0.177518,0.0,0.0
2017-01-10 09:09:00+01:00,0.09036,0.184377,0.0,0.0
2017-01-10 09:10:00+01:00,0.09187,0.191814,0.0,0.0
2017-01-10 09:11:00+01:00,0.09613,0.201965,0.0,0.0
2017-01-10 09:12:00+01:00,0.09525,0.214765,0.0,0.0
2017-01-10 09:13:00+01:00,0.09671,0.228898,0.0,0.0
2017-01-10 09:14:00+01:00,0.08652,0.239327,0.0,0.0
2017-01-10 09:15:00+01:00,0.08998,0.249789,0.0,0.0
2017-01-10 09:16:00+01:00,0.09442,0.259382,0.0,0.0
2017-01-10 09:17:00+01:00,0.08557,0.266454,0.0,0.0
2017-01-10 09:18:00+01:00,0.08785,0.271501,0.0,0.0
2017-01-10 09:19:00+01:00,0.09381,0.278816,0.0,0.0
2017-01-10 09:20:00+01:00,0.09334,0.28741,0.0,0.0
2017-01-10 09:21:00+01:00,0.08824,0.291679,0.0,0.0
2017-01-10 09:22:00+01:00,0.09544,0.301599,0.0,0.0
2017-01-10 09:23:00+01:00,0.09983,0.307704,0.0,0.0
2017-01-10 09:24:00+01:00,0.09195,0.310436,0.0,0.0
2017-01-10 09:25:00+01:00,0.09957,0.314939,0.0,0.0
2017-01-10 09:26:00+01:00,0.09849,0.325786,0.0,0.0
2017-01-10 09:27:00+01:00,0.09278,0.328805,0.0,0.0
2017-01-10 09:28:00+01:00,0.09315,0.333775,0.0,0.0
2017-01-10 09:29:00+01:00,0.08932,0.339018,0.0,0.0
2017-01-10 09:30:00+01:00,0.1039,0.34533,0.0,0.0
2017-01-10 09:31:00+01:00,0.10027,0.356517,0.0,0.0
2017-01-10 09:32:00+01:00,0.09981,0.364783,0.0,0.0
2017-01-10 09:33:00+01:00,0.10794,0.366364,0.0,0.0
2017-01-10 09:34:00+01:00,0.10396,0.366414,0.0,0.0
2017-01-10 09:35:00+01:00,0.09774,0.365617,0.0,0.0
2017-01-10 09:36:00+01:00,0.10161,0.364116,0.0,0.0
2017-01-10 09:37:00+01:00,0.10118,0.361958,0.0,0.0
2017-01-10 09:38:00+01:00,0.10733,0.365803,0.0,0.0
2017-01-10 09:39:00+01:00,0.11074,0.367757,0.0,0.0
2017-01-10 09:40:00+01:00,0.09806,0.374229,0.0,0.0
2017-01-10 09:41:00+01:00,0.09652,0.376884,0.0,0.0
2017-01-10 09:42:00+01:00,0.10322,0.381547,0.0,0.0
2017-01-10 09:43:00+01:00,0.10516,0.388148,0.0,0.0
2017-01-10 09:44:00+01:00,0.10579,0.391203,0.0,0.0
2017-01-10 09:45:00+01:00,0.09522,0.399804,0.0,0.0
2017-01-10 09:46:00+01:00,0.09068,0.409377,0.0,0.0
2017-01-10 09:47:00+01:00,0.08904,0.414488,0.0,0.0
2017-01-10 09:48:00+01:00,0.08169,0.414794,0.0,0.0
2017-01-10 09:49:00+01:00,0.08672,0.41045,0.0,0.0
2017-01-10 09:50:00+01:00,0.0914,0.403885,0.0,0.0
2017-01-10 09:51:00+01:00,0.08465,0.397889,0.0,0.0
2017-01-10 09:52:00+01:00,0.08454,0.40449,0.0,0.0
2017-01-10 09:53:00+01:00,0.08361,0.413525,0.0,0.0
2017-01-10 09:54:00+01:00,0.07953,0.428498,0.0,0.0
2017-01-10 09:55:00+01:00,0.07816,0.441197,0.0,0.0
2017-01-10 09:56:00+01:00,0.07365,0.454643,0.0,0.0
2017-01-10 09:57:00+01:00,0.0772,0.465691,0.0,0.0
2017-01-10 09:58:00+01:00,0.08155,0.478178,0.0,0.0
2017-01-10 09:59:00+01:00,0.08699,0.493094,0.0,0.0
2017-01-10 10:00:00+01:00,0.08829,0.492319,0.0,0.0
2017-01-10 10:01:00+01:00,0.09353,0.485753,0.0,0.0
2017-01-10 10:02:00+01:00,0.09232,0.469926,0.0,0.0
2017-01-10 10:03:00+01:00,0.08986,0.485791,0.0,0.0
2017-01-10 10:04:00+01:00,0.09149,0.494472,0.0,0.0
2017-01-10 10:05:00+01:00,0.08862,0.497548,0.0,0.0
2017-01-10 10:06:00+01:00,0.09542,0.478848,0.0,0.0
2017-01-10 10:07:00+01:00,0.09742,0.421285,0.0,0.0
2017-01-10 10:08:00+01:00,0.09685,0.476667,0.0,0.0
2017-01-10 10:09:00+01:00,0.09549,0.546452,0.0,0.0
2017-01-10 10:10:00+01:00,0.08987,0.571827,0.0,0.0
2017-01-10 10:11:00+01:00,0.0915,0.582094,0.0,0.0
2017-01-10 10:12:00+01:00,0.09536,0.581111,0.0,0.0
2017-01-10 10:13:00+01:00,0.0926,0.578711,0.0,0.0
2017-01-10 10:14:00+01:00,0.08994,0.584474,0.0,0.0
2017-01-10 10:15:00+01:00,0.08398,0.584253,0.0,0.0
2017-01-10 10:16:00+01:00,0.08291,0.575899,0.0,0.0
2017-01-10 10:17:00+01:00,0.08463,0.592744,0.0,0.0
2017-01-10 10:18:00+01:00,0.09171,0.601416,0.0,0.0
2017-01-10 10:19:00+01:00,0.08353,0.578817,0.0,0.0
2017-01-10 10:20:00+01:00,0.08759,0.595427,0.0,0.0
2017-01-10 10:21:00+01:00,0.08965,0.579406,0.0,0.0
2017-01-10 10:22:00+01:00,0.08386,0.573178,0.0,0.0
2017-01-10 10:23:00+01:00,0.08877,0.605385,0.0,0.0
2017-01-10 10:24:00+01:00,0.09923,0.622746,0.0,0.0
2017-01-10 10:25:00+01:00,0.0997,0.622574,0.0,0.0
2017-01-10 10:26:00+01:00,0.10196,0.614152,0.0,0.0
2017-01-10 10:27:00+01:00,0.101,0.601083,0.0,0.0
2017-01-10 10:28:00+01:00,0.09721,0.593395,0.0,0.0
2017-01-10 10:29:00+01:00,0.09066,0.577857,0.0,0.0
2017-01-10 10:30:00+01:00,0.08824,0.570754,0.0,0.0
2017-01-10 10:31:00+01:00,0.09012,0.564118,0.0,0.0
2017-01-10 10:32:00+01:00,0.09283,0.555051,0.0,0.0
2017-01-10 10:33:00+01:00,0.09431,0.543991,0.0,0.0
2017-01-10 10:34:00+01:00,0.08772,0.542221,0.0,0.0
2017-01-10 10:35:00+01:00,0.08072,0.542689,0.0,0.0
2017-01-10 10:36:00+01:00,0.08433,0.542355,0.0,0.0
2017-01-10 10:37:00+01:00,0.0921,0.542597,0.0,0.0
2017-01-10 10:38:00+01:00,0.09184,0.540022,0.0,0.0
2017-01-10 10:39:00+01:00,0.10146,0.539881,0.0,0.0
2017-01-10 10:40:00+01:00,0.09485,0.538803,0.0,0.0
2017-01-10 10:41:00+01:00,0.08851,0.540089,0.0,0.0
2017-01-10 10:42:00+01:00,0.08601,0.541635,0.0,0.0
2017-01-10 10:43:00+01:00,0.07539,0.542795,0.0,0.0
2017-01-10 10:44:00+01:00,0.07862,0.543709,0.0,0.0
2017-01-10 10:45:00+01:00,0.08709,0.546185,0.0,0.0
2017-01-10 10:46:00+01:00,0.09163,0.545278,0.0,0.0
2017-01-10 10:47:00+01:00,0.08964,0.548087,0.0,0.0
2017-01-10 10:48:00+01:00,0.08882,0.546296,0.0,0.0
2017-01-10 10:49:00+01:00,0.09395,0.54548,0.0,0.0
2017-01-10 10:50:00+01:00,0.09852,0.550292,0.0,0.0
2017-01-10 10:51:00+01:00,0.09714,0.550777,0.0,0.0
2017-01-10 10:52:00+01:00,0.0928,0.551829,0.0,0.0
2017-01-10 10:53:00+01:00,0.0913,0.553554,0.0,0.0
2017-01-10 10:54:00+01:00,0.0914,0.555975,0.0,0.0
2017-01-10 10:55:00+01:00,0.08836,0.557648,0.0,0.0
2017-01-10 10:56:00+01:00,0.09431,0.555893,0.0,0.0
2017-01-10 10:57:00+01:00,0.0868,0.557609,0.0,0.0
2017-01-10 10:58:00+01:00,0.08909,0.562341,0.0,0.0
2017-01-10 10:59:00+01:00,0.08604,0.564202,0.0,0.0
2017-01-10 11:00:00+01:00,0.08864,0.564775,0.0,0.0
2017-01-10 11:01:00+01:00,0.10189,0.564016,0.0,0.0
2017-01-10 11:02:00+01:00,0.11394,0.56513,0.0,0.0
2017-01-10 11:03:00+01:00,0.11152,0.572505,0.0,0.0
2017-01-10 11:04:00+01:00,0.10901,0.572861,0.0,0.0
2017-01-10 11:05:00+01:00,0.1002,0.570805,0.0,0.0
2017-01-10 11:06:00+01:00,0.09721,0.572143,0.0,0.0
2017-01-10 11:07:00+01:00,0.09334,0.574148,0.0,0.0
2017-01-10 11:08:00+01:00,0.10674,0.575254,0.0,0.0
2017-01-10 11:09:00+01:00,0.12316,0.576704,0.0,0.0
2017-01-10 11:10:00+01:00,0.11016,0.575655,0.0,0.0
2017-01-10 11:11:00+01:00,0.11386,0.577204,0.0,0.0
2017-01-10 11:12:00+01:00,0.11363,0.580413,0.0,0.0
2017-01-10 11:13:00+01:00,0.11924,0.579219,0.0,0.0
2017-01-10 11:14:00+01:00,0.11378,0.584192,0.0,0.0
2017-01-10 11:15:00+01:00,0.11967,0.583497,0.0,0.0
2017-01-10 11:16:00+01:00,0.1155,0.585553,0.0,0.0
2017-01-10 11:17:00+01:00,0.10289,0.58854,0.0,0.0
2017-01-10 11:18:00+01:00,0.12451,0.589944,0.0,0.0
2017-01-10 11:19:00+01:00,0.12708,0.590401,0.0,0.0
2017-01-10 11:20:00+01:00,0.13954,0.595297,0.0,0.0
2017-01-10 11:21:00+01:00,0.12621,0.598864,0.0,0.0
2017-01-10 11:22:00+01:00,0.12601,0.600053,0.0,0.0
2017-01-10 11:23:00+01:00,0.12029,0.600613,0.0,0.0
2017-01-10 11:24:00+01:00,0.12438,0.600501,0.0,0.0
2017-01-10 11:25:00+01:00,0.1264,0.595428,0.0,0.0
2017-01-10 11:26:00+01:00,0.12536,0.592834,0.0,0.0
2017-01-10 11:27:00+01:00,0.1241,0.590015,0.0,0.0
2017-01-10 11:28:00+01:00,0.12276,0.592558,0.0,0.0
2017-01-10 11:29:00+01:00,0.12852,0.592766,0.0,0.0
2017-01-10 11:30:00+01:00,0.12822,0.594035,0.0,0.0
2017-01-10 11:31:00+01:00,0.13758,0.593888,0.0,0.0
2017-01-10 11:32:00+01:00,0.13521,0.588453,0.0,0.0
2017-01-10 11:33:00+01:00,0.13384,0.598497,0.0,0.0
2017-01-10 11:34:00+01:00,0.14446,0.582638,0.0,0.0
2017-01-10 11:35:00+01:00,0.14292,0.514061,0.0,0.0
2017-01-10 11:36:00+01:00,0.14465,0.317498,0.0,0.0
2017-01-10 11:37:00+01:00,0.12109,0.276861,0.0,0.0
2017-01-10 11:38:00+01:00,0.12293,0.424725,0.0,0.0
2017-01-10 11:39:00+01:00,0.10995,0.340671,0.0,0.0
2017-01-10 11:40:00+01:00,0.14484,0.441296,0.0,0.0
2017-01-10 11:41:00+01:00,0.15043,0.351538,0.0,0.0
2017-01-10 11:42:00+01:00,0.15714,0.285286,0.0,0.0
2017-01-10 11:43:00+01:00,0.16853,0.363991,0.0,0.0
2017-01-10 11:44:00+01:00,0.17973,0.447454,0.0,0.0
2017-01-10 11:45:00+01:00,0.18003,0.432358,0.0,0.0
2017-01-10 11:46:00+01:00,0.17106,0.576204,0.0,0.0
2017-01-10 11:47:00+01:00,0.1711,0.567115,0.0,0.0
2017-01-10 11:48:00+01:00,0.16247,0.542428,0.0,0.0
2017-01-10 11:49:00+01:00,0.15802,0.561947,0.0,0.0
2017-01-10 11:50:00+01:00,0.15343,0.483037,0.0,0.0
2017-01-10 11:51:00+01:00,0.13363,0.483348,0.0,0.0
2017-01-10 11:52:00+01:00,0.12327,0.411217,0.0,0.0
2017-01-10 11:53:00+01:00,0.12664,0.429473,0.0,0.0
2017-01-10 11:54:00+01:00,0.12482,0.451419,0.0,0.0
2017-01-10 11:55:00+01:00,0.13724,0.384288,0.0,0.0
2017-01-10 11:56:00+01:00,0.14464,0.47561,0.0,0.0
2017-01-10 11:57:00+01:00,0.13591,0.354484,0.0,0.0
2017-01-10 11:58:00+01:00,0.1369,0.390103,0.0,0.0
2017-01-10 11:59:00+01:00,0.1435,0.347125,0.0,0.0
2017-01-10 12:00:00+01:00,0.13945,0.334861,0.0,0.0
2017-01-10 12:01:00+01:00,0.13078,0.38534,0.0,0.0
2017-01-10 12:02:00+01:00,0.1209,0.379856,0.0,0.0
2017-01-10 12:03:00+01:00,0.11616,0.326112,0.0,0.0
2017-01-10 12:04:00+01:00,0.12184,0.411624,0.0,0.0
2017-01-10 12:05:00+01:00,0.13421,0.441309,0.0,0.0
2017-01-10 12:06:00+01:00,0.13186,0.375176,0.0,0.0
2017-01-10 12:07:00+01:00,0.11606,0.394721,0.0,0.0
2017-01-10 12:08:00+01:00,0.12927,0.492558,0.0,0.0
2017-01-10 12:09:00+01:00,0.13378,0.607667,0.0,0.0
2017-01-10 12:10:00+01:00,0.14163,0.479407,0.0,0.0
2017-01-10 12:11:00+01:00,0.1413,0.509648,0.0,0.0
2017-01-10 12:12:00+01:00,0.14221,0.627137,0.0,0.0
2017-01-10 12:13:00+01:00,0.15382,0.691974,0.0,0.0
2017-01-10 12:14:00+01:00,0.14672,0.688404,0.0,0.0
2017-01-10 12:15:00+01:00,0.15065,0.679629,0.0,0.0
2017-01-10 12:16:00+01:00,0.1373,0.670994,0.0,0.0
2017-01-10 12:17:00+01:00,0.13164,0.663559,0.0,0.0
2017-01-10 12:18:00+01:00,0.13093,0.66072,0.0,0.0
2017-01-10 12:19:00+01:00,0.13623,0.658319,0.0,0.0
2017-01-10 12:20:00+01:00,0.14035,0.657965,0.0,0.0
2017-01-10 12:21:00+01:00,0.14298,0.65945,0.0,0.0
2017-01-10 12:22:00+01:00,0.13761,0.62205,0.0,0.0
2017-01-10 12:23:00+01:00,0.1383,0.623885,0.0,0.0
2017-01-10 12:24:00+01:00,0.13163,0.583554,0.0,0.0
2017-01-10 12:25:00+01:00,0.13152,0.612545,0.0,0.0
2017-01-10 12:26:00+01:00,0.12292,0.628823,0.0,0.0
2017-01-10 12:27:00+01:00,0.12352,0.632848,0.0,0.0
2017-01-10 12:28:00+01:00,0.13654,0.640064,0.0,0.0
2017-01-10 12:29:00+01:00,0.14554,0.622105,0.0,0.0
2017-01-10 12:30:00+01:00,0.13851,0.618317,0.0,0.0
2017-01-10 12:31:00+01:00,0.13315,0.632793,0.0,0.0
2017-01-10 12:32:00+01:00,0.13273,0.605628,0.0,0.0
2017-01-10 12:33:00+01:00,0.14563,0.645617,0.0,0.0
2017-01-10 12:34:00+01:00,0.1568,0.623679,0.0,0.0
2017-01-10 12:35:00+01:00,0.16141,0.644537,0.0,0.0
2017-01-10 12:36:00+01:00,0.15413,0.659481,0.0,0.0
2017-01-10 12:37:00+01:00,0.15517,0.655822,0.0,0.0
2017-01-10 12:38:00+01:00,0.14652,0.645447,0.0,0.0
2017-01-10 12:39:00+01:00,0.13157,0.632557,0.0,0.0
2017-01-10 12:40:00+01:00,0.11972,0.62292,0.0,0.0
2017-01-10 12:41:00+01:00,0.11846,0.643928,0.0,0.0
2017-01-10 12:42:00+01:00,0.1156,0.636553,0.0,0.0
2017-01-10 12:43:00+01:00,0.11489,0.64913,0.0,0.0
2017-01-10 12:44:00+01:00,0.10877,0.628259,0.0,0.0
2017-01-10 12:45:00+01:00,0.11548,0.587574,0.0,0.0
2017-01-10 12:46:00+01:00,0.12204,0.613873,0.0,0.0
2017-01-10 12:47:00+01:00,0.12918,0.616129,0.0,0.0
2017-01-10 12:48:00+01:00,0.12857,0.675219,0.0,0.0
2017-01-10 12:49:00+01:00,0.13687,0.704351,0.0,0.0
2017-01-10 12:50:00+01:00,0.14033,0.699787,0.0,0.0
2017-01-10 12:51:00+01:00,0.1456,0.639459,0.0,0.0
2017-01-10 12:52:00+01:00,0.13698,0.649071,0.0,0.0
2017-01-10 12:53:00+01:00,0.12429,0.660046,0.0,0.0
2017-01-10 12:54:00+01:00,0.11928,0.66033,0.0,0.0
2017-01-10 12:55:00+01:00,0.12808,0.664034,0.0,0.0
2017-01-10 12:56:00+01:00,0.12624,0.664057,0.0,0.0
2017-01-10 12:57:00+01:00,0.12494,0.648591,0.0,0.0
2017-01-10 12:58:00+01:00,0.1198,0.592567,0.0,0.0
2017-01-10 12:59:00+01:00,0.12118,0.62348,0.0,0.0
2017-01-10 13:00:00+01:00,0.12435,0.651233,0.0,0.0
2017-01-10 13:01:00+01:00,0.11916,0.649598,0.0,0.0
2017-01-10 13:02:00+01:00,0.10971,0.650608,0.0,0.0
2017-01-10 13:03:00+01:00,0.10551,0.657018,0.0,0.0
2017-01-10 13:04:00+01:00,0.11973,0.637671,0.0,0.0
2017-01-10 13:05:00+01:00,0.11204,0.618409,0.0,0.0
2017-01-10 13:06:00+01:00,0.11223,0.613604,0.0,0.0
2017-01-10 13:07:00+01:00,0.11777,0.605204,0.0,0.0
2017-01-10 13:08:00+01:00,0.11786,0.599697,0.0,0.0
2017-01-10 13:09:00+01:00,0.12294,0.594655,0.0,0.0
2017-01-10 13:10:00+01:00,0.12117,0.593288,0.0,0.0
2017-01-10 13:11:00+01:00,0.10941,0.590819,0.0,0.0
2017-01-10 13:12:00+01:00,0.10772,0.592715,0.0,0.0
2017-01-10 13:13:00+01:00,0.11288,0.598228,0.0,0.0
2017-01-10 13:14:00+01:00,0.11319,0.599022,0.0,0.0
2017-01-10 13:15:00+01:00,0.11389,0.596485,0.0,0.0
2017-01-10 13:16:00+01:00,0.11664,0.598047,0.0,0.0
2017-01-10 13:17:00+01:00,0.12445,0.594037,0.0,0.0
2017-01-10 13:18:00+01:00,0.12169,0.592457,0.0,0.0
2017-01-10 13:19:00+01:00,0.112,0.591906,0.0,0.0
2017-01-10 13:20:00+01:00,0.09576,0.593421,0.0,0.0
2017-01-10 13:21:00+01:00,0.10479,0.591037,0.0,0.0
2017-01-10 13:22:00+01:00,0.1036,0.589659,0.0,0.0
2017-01-10 13:23:00+01:00,0.09049,0.587419,0.0,0.0
2017-01-10 13:24:00+01:00,0.07657,0.585452,0.0,0.0
2017-01-10 13:25:00+01:00,0.08393,0.583299,0.0,0.0
2017-01-10 13:26:00+01:00,0.08905,0.583313,0.0,0.0
2017-01-10 13:27:00+01:00,0.10969,0.584045,0.0,0.0
2017-01-10 13:28:00+01:00,0.11637,0.583475,0.0,0.0
2017-01-10 13:29:00+01:00,0.12454,0.576881,0.0,0.0
2017-01-10 13:30:00+01:00,0.12144,0.574609,0.0,0.0
2017-01-10 13:31:00+01:00,0.11849,0.574083,0.0,0.0
2017-01-10 13:32:00+01:00,0.11863,0.572748,0.0,0.0
2017-01-10 13:33:00+01:00,0.11738,0.574091,0.0,0.0
2017-01-10 13:34:00+01:00,0.1151,0.571494,0.0,0.0
2017-01-10 13:35:00+01:00,0.11782,0.569804,0.0,0.0
2017-01-10 13:36:00+01:00,0.11134,0.568915,0.0,0.0
2017-01-10 13:37:00+01:00,0.10942,0.566397,0.0,0.0
2017-01-10 13:38:00+01:00,0.10405,0.564272,0.0,0.0
2017-01-10 13:39:00+01:00,0.098,0.562645,0.0,0.0
2017-01-10 13:40:00+01:00,0.10113,0.559938,0.0,0.0
2017-01-10 13:41:00+01:00,0.09522,0.559112,0.0,0.0
2017-01-10 13:42:00+01:00,0.11664,0.557938,0.0,0.0
2017-01-10 13:43:00+01:00,0.111,0.557026,0.0,0.0
2017-01-10 13:44:00+01:00,0.11267,0.555043,0.0,0.0
2017-01-10 13:45:00+01:00,0.1112,0.552665,0.0,0.0
2017-01-10 13:46:00+01:00,0.11628,0.549972,0.0,0.0
2017-01-10 13:47:00+01:00,0.1173,0.549047,0.0,0.0
2017-01-10 13:48:00+01:00,0.13222,0.547554,0.0,0.0
2017-01-10 13:49:00+01:00,0.12411,0.548057,0.0,0.0
2017-01-10 13:50:00+01:00,0.12317,0.547737,0.0,0.0
2017-01-10 13:51:00+01:00,0.12203,0.546461,0.0,0.0
2017-01-10 13:52:00+01:00,0.13918,0.543467,0.0,0.0
2017-01-10 13:53:00+01:00,0.12333,0.541138,0.0,0.0
2017-01-10 13:54:00+01:00,0.10798,0.539729,0.0,0.0
2017-01-10 13:55:00+01:00,0.10564,0.53875,0.0,0.0
2017-01-10 13:56:00+01:00,0.10421,0.535205,0.0,0.0
2017-01-10 13:57:00+01:00,0.09451,0.532889,0.0,0.0
2017-01-10 13:58:00+01:00,0.09124,0.531444,0.0,0.0
2017-01-10 13:59:00+01:00,0.09657,0.528757,0.0,0.0
2017-01-10 14:00:00+01:00,0.09865,0.525154,0.0,0.0
2017-01-10 14:01:00+01:00,0.10313,0.523861,0.0,0.0
2017-01-10 14:02:00+01:00,0.1026,0.521023,0.0,0.0
2017-01-10 14:03:00+01:00,0.1011,0.519454,0.0,0.0
2017-01-10 14:04:00+01:00,0.09762,0.513732,0.0,0.0
2017-01-10 14:05:00+01:00,0.09345,0.510393,0.0,0.0
2017-01-10 14:06:00+01:00,0.0917,0.509981,0.0,0.0
2017-01-10 14:07:00+01:00,0.09067,0.505953,0.0,0.0
2017-01-10 14:08:00+01:00,0.09829,0.504085,0.0,0.0
2017-01-10 14:09:00+01:00,0.09389,0.500098,0.0,0.0
2017-01-10 14:10:00+01:00,0.09011,0.496951,0.0,0.0
2017-01-10 14:11:00+01:00,0.08956,0.491337,0.0,0.0
2017-01-10 14:12:00+01:00,0.09068,0.488836,0.0,0.0
2017-01-10 14:13:00+01:00,0.09389,0.485285,0.0,0.0
2017-01-10 14:14:00+01:00,0.095,0.481284,0.0,0.0
2017-01-10 14:15:00+01:00,0.09385,0.474475,0.0,0.0
2017-01-10 14:16:00+01:00,0.0972,0.471753,0.0,0.0
2017-01-10 14:17:00+01:00,0.09604,0.469429,0.0,0.0
2017-01-10 14:18:00+01:00,0.09108,0.467543,0.0,0.0
2017-01-10 14:19:00+01:00,0.08916,0.463811,0.0,0.0
2017-01-10 14:20:00+01:00,0.09199,0.458898,0.0,0.0
2017-01-10 14:21:00+01:00,0.08928,0.452647,0.0,0.0
2017-01-10 14:22:00+01:00,0.08749,0.449552,0.0,0.0
2017-01-10 14:23:00+01:00,0.08653,0.44814,0.0,0.0
2017-01-10 14:24:00+01:00,0.08777,0.444881,0.0,0.0
2017-01-10 14:25:00+01:00,0.08459,0.441437,0.0,0.0
2017-01-10 14:26:00+01:00,0.08775,0.43898,0.0,0.0
2017-01-10 14:27:00+01:00,0.08159,0.436259,0.0,0.0
2017-01-10 14:28:00+01:00,0.08025,0.432,0.0,0.0
2017-01-10 14:29:00+01:00,0.07862,0.429284,0.0,0.0
2017-01-10 14:30:00+01:00,0.08797,0.423763,0.0,0.0
2017-01-10 14:31:00+01:00,0.08154,0.419751,0.0,0.0
2017-01-10 14:32:00+01:00,0.08578,0.416927,0.0,0.0
2017-01-10 14:33:00+01:00,0.08175,0.415883,0.0,0.0
2017-01-10 14:34:00+01:00,0.07388,0.410936,0.0,0.0
2017-01-10 14:35:00+01:00,0.08083,0.407561,0.0,0.0
2017-01-10 14:36:00+01:00,0.08531,0.403888,0.0,0.0
2017-01-10 14:37:00+01:00,0.08332,0.398815,0.0,0.0
2017-01-10 14:38:00+01:00,0.0878,0.394833,0.0,0.0
2017-01-10 14:39:00+01:00,0.09391,0.392435,0.0,0.0
2017-01-10 14:40:00+01:00,0.09003,0.387475,0.0,0.0
2017-01-10 14:41:00+01:00,0.08366,0.383222,0.0,0.0
2017-01-10 14:42:00+01:00,0.08092,0.380881,0.0,0.0
2017-01-10 14:43:00+01:00,0.0731,0.38022,0.0,0.0
2017-01-10 14:44:00+01:00,0.07357,0.376075,0.0,0.0
2017-01-10 14:45:00+01:00,0.08036,0.37312,0.0,0.0
2017-01-10 14:46:00+01:00,0.08818,0.368576,0.0,0.0
2017-01-10 14:47:00+01:00,0.09595,0.363579,0.0,0.0
2017-01-10 14:48:00+01:00,0.09072,0.357238,0.0,0.0
2017-01-10 14:49:00+01:00,0.08596,0.352496,0.0,0.0
2017-01-10 14:50:00+01:00,0.08165,0.347368,0.0,0.0
2017-01-10 14:51:00+01:00,0.0855,0.34045,0.0,0.0
2017-01-10 14:52:00+01:00,0.09619,0.335938,0.0,0.0
2017-01-10 14:53:00+01:00,0.09345,0.329999,0.0,0.0
2017-01-10 14:54:00+01:00,0.08702,0.326212,0.0,0.0
2017-01-10 14:55:00+01:00,0.09015,0.321605,0.0,0.0
2017-01-10 14:56:00+01:00,0.10096,0.315018,0.0,0.0
2017-01-10 14:57:00+01:00,0.1156,0.30919,0.0,0.0
2017-01-10 14:58:00+01:00,0.11233,0.304071,0.0,0.0
2017-01-10 14:59:00+01:00,0.11345,0.299772,0.0,0.0
2017-01-10 15:00:00+01:00,0.1057,0.29544,0.0,0.0
2017-01-10 15:01:00+01:00,0.10972,0.288268,0.0,0.0
2017-01-10 15:02:00+01:00,0.11041,0.280083,0.0,0.0
2017-01-10 15:03:00+01:00,0.11181,0.274581,0.0,0.0
2017-01-10 15:04:00+01:00,0.11146,0.270683,0.0,0.0
2017-01-10 15:05:00+01:00,0.11374,0.265474,0.0,0.0
2017-01-10 15:06:00+01:00,0.11622,0.260592,0.0,0.0
2017-01-10 15:07:00+01:00,0.12011,0.254837,0.0,0.0
2017-01-10 15:08:00+01:00,0.12069,0.247043,0.0,0.0
2017-01-10 15:09:00+01:00,0.11082,0.240386,0.0,0.0
2017-01-10 15:10:00+01:00,0.10884,0.236234,0.0,0.0
2017-01-10 15:11:00+01:00,0.11368,0.228565,0.0,0.0
2017-01-10 15:12:00+01:00,0.10767,0.223163,0.0,0.0
2017-01-10 15:13:00+01:00,0.10102,0.217573,0.0,0.0
2017-01-10 15:14:00+01:00,0.10025,0.211499,0.0,0.0
2017-01-10 15:15:00+01:00,0.11108,0.207246,0.0,0.0
2017-01-10 15:16:00+01:00,0.10913,0.200982,0.0,0.0
2017-01-10 15:17:00+01:00,0.09878,0.197319,0.0,0.0
2017-01-10 15:18:00+01:00,0.09217,0.190643,0.0,0.0
2017-01-10 15:19:00+01:00,0.09641,0.185137,0.0,0.0
2017-01-10 15:20:00+01:00,0.09186,0.181827,0.0,0.0
2017-01-10 15:21:00+01:00,0.09015,0.176198,0.0,0.0
2017-01-10 15:22:00+01:00,0.09138,0.173304,0.0,0.0
2017-01-10 15:23:00+01:00,0.08728,0.166192,0.0,0.0
2017-01-10 15:24:00+01:00,0.09491,0.159024,0.0,0.0
2017-01-10 15:25:00+01:00,0.09805,0.153661,0.0,0.0
2017-01-10 15:26:00+01:00,0.09555,0.14785,0.0,0.0
2017-01-10 15:27:00+01:00,0.10898,0.141425,0.0,0.0
2017-01-10 15:28:00+01:00,0.10579,0.135693,0.0,0.0
2017-01-10 15:29:00+01:00,0.10625,0.128898,0.0,0.0
2017-01-10 15:30:00+01:00,0.12038,0.12032,0.0,0.0
2017-01-10 15:31:00+01:00,0.11851,0.115856,0.0,0.0
2017-01-10 15:32:00+01:00,0.11469,0.108987,0.0,0.0
2017-01-10 15:33:00+01:00,0.10971,0.102476,0.0,0.0
2017-01-10 15:34:00+01:00,0.10628,0.096311,0.0,0.0
2017-01-10 15:35:00+01:00,0.10444,0.015972,0.0,0.0
2017-01-10 15:36:00+01:00,0.10636,0.013542,0.0,0.0
2017-01-10 15:37:00+01:00,0.10708,0.013784,0.0,0.0
2017-01-10 15:38:00+01:00,0.09933,0.009941,0.0,0.0
2017-01-10 15:39:00+01:00,0.0962,0.00799,0.0,0.0
2017-01-10 15:40:00+01:00,0.09599,0.007345,0.0,0.0
2017-01-10 15:41:00+01:00,0.10067,0.004863,0.0,0.0
2017-01-10 15:42:00+01:00,0.0962,0.001557,0.0,0.0
2017-01-10 15:43:00+01:00,0.10116,0.000365,0.0,0.0
2017-01-10 15:44:00+01:00,0.10037,0.0,0.0,0.0
2017-01-10 15:45:00+01:00,0.09999,0.0,0.0,0.0
2017-01-10 15:46:00+01:00,0.09399,0.0,0.0,0.0
2017-01-10 15:47:00+01:00,0.09634,0.0,0.0,0.0
2017-01-10 15:48:00+01:00,0.09036,0.0,0.0,0.0
2017-01-10 15:49:00+01:00,0.09422,0.0,0.0,0.0
2017-01-10 15:50:00+01:00,0.09806,0.0,0.0,0.0
2017-01-10 15:51:00+01:00,0.09969,0.0,0.0,0.0
2017-01-10 15:52:00+01:00,0.09664,0.0,0.0,0.0
2017-01-10 15:53:00+01:00,0.09496,0.0,0.0,0.0
2017-01-10 15:54:00+01:00,0.10102,0.0,0.0,0.0
2017-01-10 15:55:00+01:00,0.10289,0.0,0.0,0.0
2017-01-10 15:56:00+01:00,0.11224,0.0,0.0,0.0
2017-01-10 15:57:00+01:00,0.11144,0.0,0.0,0.0
2017-01-10 15:58:00+01:00,0.10885,0.0,0.0,0.0
2017-01-10 15:59:00+01:00,0.10662,0.0,0.0,0.0
2017-01-10 16:00:00+01:00,0.09953,0.0,0.0,0.0
2017-01-10 16:01:00+01:00,0.09566,0.0,0.0,0.0
2017-01-10 16:02:00+01:00,0.08858,0.0,0.0,0.0
2017-01-10 16:03:00+01:00,0.08894,0.0,0.0,0.0
2017-01-10 16:04:00+01:00,0.09101,0.0,0.0,0.0
2017-01-10 16:05:00+01:00,0.08859,0.0,0.0,0.0
2017-01-10 16:06:00+01:00,0.09045,0.0,0.0,0.0
2017-01-10 16:07:00+01:00,0.08411,0.0,0.0,0.0
2017-01-10 16:08:00+01:00,0.08846,0.0,0.0,0.0
2017-01-10 16:09:00+01:00,0.0941,0.0,0.0,0.0
2017-01-10 16:10:00+01:00,0.1022,0.0,0.0,0.0
2017-01-10 16:11:00+01:00,0.09533,0.0,0.0,0.0
2017-01-10 16:12:00+01:00,0.11023,0.0,0.0,0.0
2017-01-10 16:13:00+01:00,0.09589,0.0,0.0,0.0
2017-01-10 16:14:00+01:00,0.10148,0.0,0.0,0.0
2017-01-10 16:15:00+01:00,0.10509,0.0,0.0,0.0
2017-01-10 16:16:00+01:00,0.10572,0.0,0.0,0.0
2017-01-10 16:17:00+01:00,0.1072,0.0,0.0,0.0
2017-01-10 16:18:00+01:00,0.11147,0.0,0.0,0.0
2017-01-10 16:19:00+01:00,0.10617,0.0,0.0,0.0
2017-01-10 16:20:00+01:00,0.10924,0.0,0.0,0.0
2017-01-10 16:21:00+01:00,0.1097,0.0,0.0,0.0
2017-01-10 16:22:00+01:00,0.10589,0.0,0.0,0.0
2017-01-10 16:23:00+01:00,0.1098,0.0,0.0,0.0
2017-01-10 16:24:00+01:00,0.11055,0.0,0.0,0.0
2017-01-10 16:25:00+01:00,0.10918,0.0,0.0,0.0
2017-01-10 16:26:00+01:00,0.0994,0.0,0.0,0.0
2017-01-10 16:27:00+01:00,0.09989,0.0,0.0,0.0
2017-01-10 16:28:00+01:00,0.10108,0.0,0.0,0.0
2017-01-10 16:29:00+01:00,0.09124,0.0,0.0,0.0
2017-01-10 16:30:00+01:00,0.09082,0.0,0.0,0.0
2017-01-10 16:31:00+01:00,0.09937,0.0,0.0,0.0
2017-01-10 16:32:00+01:00,0.10598,0.0,0.0,0.0
2017-01-10 16:33:00+01:00,0.10362,0.0,0.0,0.0
2017-01-10 16:34:00+01:00,0.10634,0.0,0.0,0.0
2017-01-10 16:35:00+01:00,0.10964,0.0,0.0,0.0
2017-01-10 16:36:00+01:00,0.10403,0.0,0.0,0.0
2017-01-10 16:37:00+01:00,0.10603,0.0,0.0,0.0
2017-01-10 16:38:00+01:00,0.11292,0.0,0.0,0.0
2017-01-10 16:39:00+01:00,0.1222,0.0,0.0,0.0
2017-01-10 16:40:00+01:00,0.11836,0.0,0.0,0.0
2017-01-10 16:41:00+01:00,0.11473,0.0,0.0,0.0
2017-01-10 16:42:00+01:00,0.11408,0.0,0.0,0.0
2017-01-10 16:43:00+01:00,0.11014,0.0,0.0,0.0
2017-01-10 16:44:00+01:00,0.10367,0.0,0.0,0.0
2017-01-10 16:45:00+01:00,0.10147,0.0,0.0,0.0
2017-01-10 16:46:00+01:00,0.09744,0.0,0.0,0.0
2017-01-10 16:47:00+01:00,0.10359,0.0,0.0,0.0
2017-01-10 16:48:00+01:00,0.10427,0.0,0.0,0.0
2017-01-10 16:49:00+01:00,0.10792,0.0,0.0,0.0
2017-01-10 16:50:00+01:00,0.12273,0.0,0.0,0.0
2017-01-10 16:51:00+01:00,0.12697,0.0,0.0,0.0
2017-01-10 16:52:00+01:00,0.12291,0.0,0.0,0.0
2017-01-10 16:53:00+01:00,0.12029,0.0,0.0,0.0
2017-01-10 16:54:00+01:00,0.1263,0.0,0.0,0.0
2017-01-10 16:55:00+01:00,0.12372,0.0,0.0,0.0
2017-01-10 16:56:00+01:00,0.12515,0.0,0.0,0.0
2017-01-10 16:57:00+01:00,0.1123,0.0,0.0,0.0
2017-01-10 16:58:00+01:00,0.11452,0.0,0.0,0.0
2017-01-10 16:59:00+01:00,0.10765,0.0,0.0,0.0
2017-01-10 17:00:00+01:00,0.111,0.0,0.0,0.0
2017-01-10 17:01:00+01:00,0.10856,0.0,0.0,0.0
2017-01-10 17:02:00+01:00,0.09591,0.0,0.0,0.0
2017-01-10 17:03:00+01:00,0.10059,0.0,0.0,0.0
2017-01-10 17:04:00+01:00,0.10003,0.0,0.0,0.0
2017-01-10 17:05:00+01:00,0.10715,0.0,0.0,0.0
2017-01-10 17:06:00+01:00,0.09988,0.0,0.0,0.0
2017-01-10 17:07:00+01:00,0.09212,0.0,0.0,0.0
2017-01-10 17:08:00+01:00,0.1013,0.0,0.0,0.0
2017-01-10 17:09:00+01:00,0.10834,0.0,0.0,0.0
2017-01-10 17:10:00+01:00,0.11731,0.0,0.0,0.0
2017-01-10 17:11:00+01:00,0.11781,0.0,0.0,0.0
2017-01-10 17:12:00+01:00,0.10648,0.0,0.0,0.0
2017-01-10 17:13:00+01:00,0.1055,0.0,0.0,0.0
2017-01-10 17:14:00+01:00,0.108,0.0,0.0,0.0
2017-01-10 17:15:00+01:00,0.10787,0.0,0.0,0.0
2017-01-10 17:16:00+01:00,0.1022,0.0,0.0,0.0
2017-01-10 17:17:00+01:00,0.10053,0.0,0.0,0.0
2017-01-10 17:18:00+01:00,0.10617,0.0,0.0,0.0
2017-01-10 17:19:00+01:00,0.10242,0.0,0.0,0.0
2017-01-10 17:20:00+01:00,0.10392,0.0,0.0,0.0
2017-01-10 17:21:00+01:00,0.10983,0.0,0.0,0.0
2017-01-10 17:22:00+01:00,0.107,0.0,0.0,0.0
2017-01-10 17:23:00+01:00,0.10346,0.0,0.0,0.0
2017-01-10 17:24:00+01:00,0.1026,0.0,0.0,0.0
2017-01-10 17:25:00+01:00,0.09928,0.0,0.0,0.0
2017-01-10 17:26:00+01:00,0.10377,0.0,0.0,0.0
2017-01-10 17:27:00+01:00,0.0968,0.0,0.0,0.0
2017-01-10 17:28:00+01:00,0.09213,0.0,0.0,0.0
2017-01-10 17:29:00+01:00,0.1,0.0,0.0,0.0
2017-01-10 17:30:00+01:00,0.10129,0.0,0.0,0.0
2017-01-10 17:31:00+01:00,0.11023,0.0,0.0,0.0
2017-01-10 17:32:00+01:00,0.11061,0.0,0.0,0.0
2017-01-10 17:33:00+01:00,0.1165,0.0,0.0,0.0
2017-01-10 17:34:00+01:00,0.11012,0.0,0.0,0.0
2017-01-10 17:35:00+01:00,0.10228,0.0,0.0,0.0
2017-01-10 17:36:00+01:00,0.10742,0.0,0.0,0.0
2017-01-10 17:37:00+01:00,0.10202,0.0,0.0,0.0
2017-01-10 17:38:00+01:00,0.10399,0.0,0.0,0.0
2017-01-10 17:39:00+01:00,0.10962,0.0,0.0,0.0
2017-01-10 17:40:00+01:00,0.1156,0.0,0.0,0.0
2017-01-10 17:41:00+01:00,0.11788,0.0,0.0,0.0
2017-01-10 17:42:00+01:00,0.11873,0.0,0.0,0.0
2017-01-10 17:43:00+01:00,0.13484,0.0,0.0,0.0
2017-01-10 17:44:00+01:00,0.12433,0.0,0.0,0.0
2017-01-10 17:45:00+01:00,0.11989,0.0,0.0,0.0
2017-01-10 17:46:00+01:00,0.11862,0.0,0.0,0.0
2017-01-10 17:47:00+01:00,0.11644,0.0,0.0,0.0
2017-01-10 17:48:00+01:00,0.11972,0.0,0.0,0.0
2017-01-10 17:49:00+01:00,0.11716,0.0,0.0,0.0
2017-01-10 17:50:00+01:00,0.1238,0.0,0.0,0.0
2017-01-10 17:51:00+01:00,0.12461,0.0,0.0,0.0
2017-01-10 17:52:00+01:00,0.12265,0.0,0.0,0.0
2017-01-10 17:53:00+01:00,0.11732,0.0,0.0,0.0
2017-01-10 17:54:00+01:00,0.11982,0.0,0.0,0.0
2017-01-10 17:55:00+01:00,0.11863,0.0,0.0,0.0
2017-01-10 17:56:00+01:00,0.11643,0.0,0.0,0.0
2017-01-10 17:57:00+01:00,0.11804,0.0,0.0,0.0
2017-01-10 17:58:00+01:00,0.11808,0.0,0.0,0.0
2017-01-10 17:59:00+01:00,0.11934,0.0,0.0,0.0
2017-01-10 18:00:00+01:00,0.10807,0.0,0.0,0.0
2017-01-10 18:01:00+01:00,0.10381,0.0,0.0,0.0
2017-01-10 18:02:00+01:00,0.10135,0.0,0.0,0.0
2017-01-10 18:03:00+01:00,0.11211,0.0,0.0,0.0
2017-01-10 18:04:00+01:00,0.1102,0.0,0.0,0.0
2017-01-10 18:05:00+01:00,0.10934,0.0,0.0,0.0
2017-01-10 18:06:00+01:00,0.11059,0.0,0.0,0.0
2017-01-10 18:07:00+01:00,0.10784,0.0,0.0,0.0
2017-01-10 18:08:00+01:00,0.11472,0.0,0.0,0.0
2017-01-10 18:09:00+01:00,0.11418,0.0,0.0,0.0
2017-01-10 18:10:00+01:00,0.11441,0.0,0.0,0.0
2017-01-10 18:11:00+01:00,0.12609,0.0,0.0,0.0
2017-01-10 18:12:00+01:00,0.12516,0.0,0.0,0.0
2017-01-10 18:13:00+01:00,0.11739,0.0,0.0,0.0
2017-01-10 18:14:00+01:00,0.1102,0.0,0.0,0.0
2017-01-10 18:15:00+01:00,0.1081,0.0,0.0,0.0
2017-01-10 18:16:00+01:00,0.10192,0.0,0.0,0.0
2017-01-10 18:17:00+01:00,0.11569,0.0,0.0,0.0
2017-01-10 18:18:00+01:00,0.12559,0.0,0.0,0.0
2017-01-10 18:19:00+01:00,0.12171,0.0,0.0,0.0
2017-01-10 18:20:00+01:00,0.12756,0.0,0.0,0.0
2017-01-10 18:21:00+01:00,0.12838,0.0,0.0,0.0
2017-01-10 18:22:00+01:00,0.1341,0.0,0.0,0.0
2017-01-10 18:23:00+01:00,0.13293,0.0,0.0,0.0
2017-01-10 18:24:00+01:00,0.13616,0.0,0.0,0.0
2017-01-10 18:25:00+01:00,0.1222,0.0,0.0,0.0
2017-01-10 18:26:00+01:00,0.11756,0.0,0.0,0.0
2017-01-10 18:27:00+01:00,0.10787,0.0,0.0,0.0
2017-01-10 18:28:00+01:00,0.11498,0.0,0.0,0.0
2017-01-10 18:29:00+01:00,0.12527,0.0,0.0,0.0
2017-01-10 18:30:00+01:00,0.13548,0.0,0.0,0.0
2017-01-10 18:31:00+01:00,0.1288,0.0,0.0,0.0
2017-01-10 18:32:00+01:00,0.12447,0.0,0.0,0.0
2017-01-10 18:33:00+01:00,0.1236,0.0,0.0,0.0
2017-01-10 18:34:00+01:00,0.11856,0.0,0.0,0.0
2017-01-10 18:35:00+01:00,0.11895,0.0,0.0,0.0
2017-01-10 18:36:00+01:00,0.1117,0.0,0.0,0.0
2017-01-10 18:37:00+01:00,0.11229,0.0,0.0,0.0
2017-01-10 18:38:00+01:00,0.11393,0.0,0.0,0.0
2017-01-10 18:39:00+01:00,0.10429,0.0,0.0,0.0
2017-01-10 18:40:00+01:00,0.10527,0.0,0.0,0.0
2017-01-10 18:41:00+01:00,0.11173,0.0,0.0,0.0
2017-01-10 18:42:00+01:00,0.11648,0.0,0.0,0.0
2017-01-10 18:43:00+01:00,0.11326,0.0,0.0,0.0
2017-01-10 18:44:00+01:00,0.11118,0.0,0.0,0.0
2017-01-10 18:45:00+01:00,0.11501,0.0,0.0,0.0
2017-01-10 18:46:00+01:00,0.11956,0.0,0.0,0.0
2017-01-10 18:47:00+01:00,0.12301,0.0,0.0,0.0
2017-01-10 18:48:00+01:00,0.11806,0.0,0.0,0.0
2017-01-10 18:49:00+01:00,0.11079,0.0,0.0,0.0
2017-01-10 18:50:00+01:00,0.1065,0.0,0.0,0.0
2017-01-10 18:51:00+01:00,0.10903,0.0,0.0,0.0
2017-01-10 18:52:00+01:00,0.12408,0.0,0.0,0.0
2017-01-10 18:53:00+01:00,0.11993,0.0,0.0,0.0
2017-01-10 18:54:00+01:00,0.11991,0.0,0.0,0.0
2017-01-10 18:55:00+01:00,0.14867,0.0,0.0,0.0
2017-01-10 18:56:00+01:00,0.15021,0.0,0.0,0.0
2017-01-10 18:57:00+01:00,0.14948,0.0,0.0,0.0
2017-01-10 18:58:00+01:00,0.1524,0.0,0.0,0.0
2017-01-10 18:59:00+01:00,0.14929,0.0,0.0,0.0
2017-01-10 19:00:00+01:00,0.1521,0.0,0.0,0.0
2017-01-10 19:01:00+01:00,0.13448,0.0,0.0,0.0
2017-01-10 19:02:00+01:00,0.1268,0.0,0.0,0.0
2017-01-10 19:03:00+01:00,0.12258,0.0,0.0,0.0
2017-01-10 19:04:00+01:00,0.11933,0.0,0.0,0.0
2017-01-10 19:05:00+01:00,0.12086,0.0,0.0,0.0
2017-01-10 19:06:00+01:00,0.11478,0.0,0.0,0.0
2017-01-10 19:07:00+01:00,0.12582,0.0,0.0,0.0
2017-01-10 19:08:00+01:00,0.12056,0.0,0.0,0.0
2017-01-10 19:09:00+01:00,0.12037,0.0,0.0,0.0
2017-01-10 19:10:00+01:00,0.12144,0.0,0.0,0.0
2017-01-10 19:11:00+01:00,0.12322,0.0,0.0,0.0
2017-01-10 19:12:00+01:00,0.12262,0.0,0.0,0.0
2017-01-10 19:13:00+01:00,0.12253,0.0,0.0,0.0
2017-01-10 19:14:00+01:00,0.12316,0.0,0.0,0.0
2017-01-10 19:15:00+01:00,0.13409,0.0,0.0,0.0
2017-01-10 19:16:00+01:00,0.14975,0.0,0.0,0.0
2017-01-10 19:17:00+01:00,0.14844,0.0,0.0,0.0
2017-01-10 19:18:00+01:00,0.1308,0.0,0.0,0.0
2017-01-10 19:19:00+01:00,0.12493,0.0,0.0,0.0
2017-01-10 19:20:00+01:00,0.13204,0.0,0.0,0.0
2017-01-10 19:21:00+01:00,0.14322,0.0,0.0,0.0
2017-01-10 19:22:00+01:00,0.14036,0.0,0.0,0.0
2017-01-10 19:23:00+01:00,0.14297,0.0,0.0,0.0
2017-01-10 19:24:00+01:00,0.14152,0.0,0.0,0.0
2017-01-10 19:25:00+01:00,0.13283,0.0,0.0,0.0
2017-01-10 19:26:00+01:00,0.1261,0.0,0.0,0.0
2017-01-10 19:27:00+01:00,0.12226,0.0,0.0,0.0
2017-01-10 19:28:00+01:00,0.13015,0.0,0.0,0.0
2017-01-10 19:29:00+01:00,0.12508,0.0,0.0,0.0
2017-01-10 19:30:00+01:00,0.12307,0.0,0.0,0.0
2017-01-10 19:31:00+01:00,0.12542,0.0,0.0,0.0
2017-01-10 19:32:00+01:00,0.12764,0.0,0.0,0.0
2017-01-10 19:33:00+01:00,0.12242,0.0,0.0,0.0
2017-01-10 19:34:00+01:00,0.11585,0.0,0.0,0.0
2017-01-10 19:35:00+01:00,0.11429,0.0,0.0,0.0
2017-01-10 19:36:00+01:00,0.11861,0.0,0.0,0.0
2017-01-10 19:37:00+01:00,0.12688,0.0,0.0,0.0
2017-01-10 19:38:00+01:00,0.11686,0.0,0.0,0.0
2017-01-10 19:39:00+01:00,0.1216,0.0,0.0,0.0
2017-01-10 19:40:00+01:00,0.11759,0.0,0.0,0.0
2017-01-10 19:41:00+01:00,0.12028,0.0,0.0,0.0
2017-01-10 19:42:00+01:00,0.12344,0.0,0.0,0.0
2017-01-10 19:43:00+01:00,0.13614,0.0,0.0,0.0
2017-01-10 19:44:00+01:00,0.13712,0.0,0.0,0.0
2017-01-10 19:45:00+01:00,0.14317,0.0,0.0,0.0
2017-01-10 19:46:00+01:00,0.14461,0.0,0.0,0.0
2017-01-10 19:47:00+01:00,0.14058,0.0,0.0,0.0
2017-01-10 19:48:00+01:00,0.14341,0.0,0.0,0.0
2017-01-10 19:49:00+01:00,0.13634,0.0,0.0,0.0
2017-01-10 19:50:00+01:00,0.13665,0.0,0.0,0.0
2017-01-10 19:51:00+01:00,0.14816,0.0,0.0,0.0
2017-01-10 19:52:00+01:00,0.14926,0.0,0.0,0.0
2017-01-10 19:53:00+01:00,0.14983,0.0,0.0,0.0
2017-01-10 19:54:00+01:00,0.14379,0.0,0.0,0.0
2017-01-10 19:55:00+01:00,0.12566,0.0,0.0,0.0
2017-01-10 19:56:00+01:00,0.13151,0.0,0.0,0.0
2017-01-10 19:57:00+01:00,0.12148,0.0,0.0,0.0
2017-01-10 19:58:00+01:00,0.11777,0.0,0.0,0.0
2017-01-10 19:59:00+01:00,0.12263,0.0,0.0,0.0
2017-01-10 20:00:00+01:00,0.11041,0.0,0.0,0.0
2017-01-10 20:01:00+01:00,0.10609,0.0,0.0,0.0
2017-01-10 20:02:00+01:00,0.106,0.0,0.0,0.0
2017-01-10 20:03:00+01:00,0.11647,0.0,0.0,0.0
2017-01-10 20:04:00+01:00,0.12116,0.0,0.0,0.0
2017-01-10 20:05:00+01:00,0.11793,0.0,0.0,0.0
2017-01-10 20:06:00+01:00,0.11298,0.0,0.0,0.0
2017-01-10 20:07:00+01:00,0.11439,0.0,0.0,0.0
2017-01-10 20:08:00+01:00,0.11293,0.0,0.0,0.0
2017-01-10 20:09:00+01:00,0.10625,0.0,0.0,0.0
2017-01-10 20:10:00+01:00,0.10928,0.0,0.0,0.0
2017-01-10 20:11:00+01:00,0.11564,0.0,0.0,0.0
2017-01-10 20:12:00+01:00,0.10732,0.0,0.0,0.0
2017-01-10 20:13:00+01:00,0.10503,0.0,0.0,0.0
2017-01-10 20:14:00+01:00,0.10792,0.0,0.0,0.0
2017-01-10 20:15:00+01:00,0.11968,0.0,0.0,0.0
2017-01-10 20:16:00+01:00,0.10772,0.0,0.0,0.0
2017-01-10 20:17:00+01:00,0.09884,0.0,0.0,0.0
2017-01-10 20:18:00+01:00,0.10228,0.0,0.0,0.0
2017-01-10 20:19:00+01:00,0.09453,0.0,0.0,0.0
2017-01-10 20:20:00+01:00,0.10551,0.0,0.0,0.0
2017-01-10 20:21:00+01:00,0.09931,0.0,0.0,0.0
2017-01-10 20:22:00+01:00,0.10114,0.0,0.0,0.0
2017-01-10 20:23:00+01:00,0.10633,0.0,0.0,0.0
2017-01-10 20:24:00+01:00,0.1009,0.0,0.0,0.0
2017-01-10 20:25:00+01:00,0.11339,0.0,0.0,0.0
2017-01-10 20:26:00+01:00,0.10326,0.0,0.0,0.0
2017-01-10 20:27:00+01:00,0.09978,0.0,0.0,0.0
2017-01-10 20:28:00+01:00,0.09745,0.0,0.0,0.0
2017-01-10 20:29:00+01:00,0.10599,0.0,0.0,0.0
2017-01-10 20:30:00+01:00,0.10874,0.0,0.0,0.0
2017-01-10 20:31:00+01:00,0.11674,0.0,0.0,0.0
2017-01-10 20:32:00+01:00,0.10869,0.0,0.0,0.0
2017-01-10 20:33:00+01:00,0.10719,0.0,0.0,0.0
2017-01-10 20:34:00+01:00,0.10592,0.0,0.0,0.0
2017-01-10 20:35:00+01:00,0.10369,0.0,0.0,0.0
2017-01-10 20:36:00+01:00,0.10549,0.0,0.0,0.0
2017-01-10 20:37:00+01:00,0.1085,0.0,0.0,0.0
2017-01-10 20:38:00+01:00,0.11116,0.0,0.0,0.0
2017-01-10 20:39:00+01:00,0.12074,0.0,0.0,0.0
2017-01-10 20:40:00+01:00,0.12128,0.0,0.0,0.0
2017-01-10 20:41:00+01:00,0.1271,0.0,0.0,0.0
2017-01-10 20:42:00+01:00,0.12299,0.0,0.0,0.0
2017-01-10 20:43:00+01:00,0.10287,0.0,0.0,0.0
2017-01-10 20:44:00+01:00,0.10647,0.0,0.0,0.0
2017-01-10 20:45:00+01:00,0.10189,0.0,0.0,0.0
2017-01-10 20:46:00+01:00,0.09391,0.0,0.0,0.0
2017-01-10 20:47:00+01:00,0.08996,0.0,0.0,0.0
2017-01-10 20:48:00+01:00,0.08477,0.0,0.0,0.0
2017-01-10 20:49:00+01:00,0.0922,0.0,0.0,0.0
2017-01-10 20:50:00+01:00,0.09048,0.0,0.0,0.0
2017-01-10 20:51:00+01:00,0.09535,0.0,0.0,0.0
2017-01-10 20:52:00+01:00,0.09937,0.0,0.0,0.0
2017-01-10 20:53:00+01:00,0.10317,0.0,0.0,0.0
2017-01-10 20:54:00+01:00,0.11184,0.0,0.0,0.0
2017-01-10 20:55:00+01:00,0.10121,0.0,0.0,0.0
2017-01-10 20:56:00+01:00,0.10184,0.0,0.0,0.0
2017-01-10 20:57:00+01:00,0.10667,0.0,0.0,0.0
2017-01-10 20:58:00+01:00,0.10969,0.0,0.0,0.0
2017-01-10 20:59:00+01:00,0.10302,0.0,0.0,0.0
2017-01-10 21:00:00+01:00,0.09343,0.0,0.0,0.0
2017-01-10 21:01:00+01:00,0.08911,0.0,0.0,0.0
2017-01-10 21:02:00+01:00,0.09034,0.0,0.0,0.0
2017-01-10 21:03:00+01:00,0.09309,0.0,0.0,0.0
2017-01-10 21:04:00+01:00,0.09326,0.0,0.0,0.0
2017-01-10 21:05:00+01:00,0.0937,0.0,0.0,0.0
2017-01-10 21:06:00+01:00,0.09792,0.0,0.0,0.0
2017-01-10 21:07:00+01:00,0.10189,0.0,0.0,0.0
2017-01-10 21:08:00+01:00,0.09713,0.0,0.0,0.0
2017-01-10 21:09:00+01:00,0.09466,0.0,0.0,0.0
2017-01-10 21:10:00+01:00,0.09008,0.0,0.0,0.0
2017-01-10 21:11:00+01:00,0.08996,0.0,0.0,0.0
2017-01-10 21:12:00+01:00,0.09342,0.0,0.0,0.0
2017-01-10 21:13:00+01:00,0.09908,0.0,0.0,0.0
2017-01-10 21:14:00+01:00,0.09612,0.0,0.0,0.0
2017-01-10 21:15:00+01:00,0.09886,0.0,0.0,0.0
2017-01-10 21:16:00+01:00,0.10276,0.0,0.0,0.0
2017-01-10 21:17:00+01:00,0.10537,0.0,0.0,0.0
2017-01-10 21:18:00+01:00,0.10667,0.0,0.0,0.0
2017-01-10 21:19:00+01:00,0.10111,0.0,0.0,0.0
2017-01-10 21:20:00+01:00,0.09649,0.0,0.0,0.0
2017-01-10 21:21:00+01:00,0.09754,0.0,0.0,0.0
2017-01-10 21:22:00+01:00,0.09669,0.0,0.0,0.0
2017-01-10 21:23:00+01:00,0.09698,0.0,0.0,0.0
2017-01-10 21:24:00+01:00,0.10396,0.0,0.0,0.0
2017-01-10 21:25:00+01:00,0.09871,0.0,0.0,0.0
2017-01-10 21:26:00+01:00,0.09502,0.0,0.0,0.0
2017-01-10 21:27:00+01:00,0.09959,0.0,0.0,0.0
2017-01-10 21:28:00+01:00,0.10556,0.0,0.0,0.0
2017-01-10 21:29:00+01:00,0.10189,0.0,0.0,0.0
2017-01-10 21:30:00+01:00,0.09775,0.0,0.0,0.0
2017-01-10 21:31:00+01:00,0.10811,0.0,0.0,0.0
2017-01-10 21:32:00+01:00,0.10265,0.0,0.0,0.0
2017-01-10 21:33:00+01:00,0.09831,0.0,0.0,0.0
2017-01-10 21:34:00+01:00,0.09525,0.0,0.0,0.0
2017-01-10 21:35:00+01:00,0.09533,0.0,0.0,0.0
2017-01-10 21:36:00+01:00,0.09846,0.0,0.0,0.0
2017-01-10 21:37:00+01:00,0.10031,0.0,0.0,0.0
2017-01-10 21:38:00+01:00,0.10551,0.0,0.0,0.0
2017-01-10 21:39:00+01:00,0.0884,0.0,0.0,0.0
2017-01-10 21:40:00+01:00,0.09082,0.0,0.0,0.0
2017-01-10 21:41:00+01:00,0.0904,0.0,0.0,0.0
2017-01-10 21:42:00+01:00,0.08618,0.0,0.0,0.0
2017-01-10 21:43:00+01:00,0.09568,0.0,0.0,0.0
2017-01-10 21:44:00+01:00,0.12303,0.0,0.0,0.0
2017-01-10 21:45:00+01:00,0.11468,0.0,0.0,0.0
2017-01-10 21:46:00+01:00,0.0898,0.0,0.0,0.0
2017-01-10 21:47:00+01:00,0.09036,0.0,0.0,0.0
2017-01-10 21:48:00+01:00,0.09008,0.0,0.0,0.0
2017-01-10 21:49:00+01:00,0.085,0.0,0.0,0.0
2017-01-10 21:50:00+01:00,0.09377,0.0,0.0,0.0
2017-01-10 21:51:00+01:00,0.08879,0.0,0.0,0.0
2017-01-10 21:52:00+01:00,0.09355,0.0,0.0,0.0
2017-01-10 21:53:00+01:00,0.08703,0.0,0.0,0.0
2017-01-10 21:54:00+01:00,0.09494,0.0,0.0,0.0
2017-01-10 21:55:00+01:00,0.08939,0.0,0.0,0.0
2017-01-10 21:56:00+01:00,0.08444,0.0,0.0,0.0
2017-01-10 21:57:00+01:00,0.08385,0.0,0.0,0.0
2017-01-10 21:58:00+01:00,0.08478,0.0,0.0,0.0
2017-01-10 21:59:00+01:00,0.0863,0.0,0.0,0.0
2017-01-10 22:00:00+01:00,0.09504,0.0,0.0,0.0
2017-01-10 22:01:00+01:00,0.0929,0.0,0.0,0.0
2017-01-10 22:02:00+01:00,0.07939,0.0,0.0,0.0
2017-01-10 22:03:00+01:00,0.08318,0.0,0.0,0.0
2017-01-10 22:04:00+01:00,0.08367,0.0,0.0,0.0
2017-01-10 22:05:00+01:00,0.08348,0.0,0.0,0.0
2017-01-10 22:06:00+01:00,0.08031,0.0,0.0,0.0
2017-01-10 22:07:00+01:00,0.07393,0.0,0.0,0.0
2017-01-10 22:08:00+01:00,0.0668,0.0,0.0,0.0
2017-01-10 22:09:00+01:00,0.06564,0.0,0.0,0.0
2017-01-10 22:10:00+01:00,0.06743,0.0,0.0,0.0
2017-01-10 22:11:00+01:00,0.07228,0.0,0.0,0.0
2017-01-10 22:12:00+01:00,0.08361,0.0,0.0,0.0
2017-01-10 22:13:00+01:00,0.08362,0.0,0.0,0.0
2017-01-10 22:14:00+01:00,0.08114,0.0,0.0,0.0
2017-01-10 22:15:00+01:00,0.07197,0.0,0.0,0.0
2017-01-10 22:16:00+01:00,0.07081,0.0,0.0,0.0
2017-01-10 22:17:00+01:00,0.08174,0.0,0.0,0.0
2017-01-10 22:18:00+01:00,0.082,0.0,0.0,0.0
2017-01-10 22:19:00+01:00,0.086,0.0,0.0,0.0
2017-01-10 22:20:00+01:00,0.08606,0.0,0.0,0.0
2017-01-10 22:21:00+01:00,0.08471,0.0,0.0,0.0
2017-01-10 22:22:00+01:00,0.08859,0.0,0.0,0.0
2017-01-10 22:23:00+01:00,0.08453,0.0,0.0,0.0
2017-01-10 22:24:00+01:00,0.08315,0.0,0.0,0.0
2017-01-10 22:25:00+01:00,0.08338,0.0,0.0,0.0
2017-01-10 22:26:00+01:00,0.08076,0.0,0.0,0.0
2017-01-10 22:27:00+01:00,0.07639,0.0,0.0,0.0
2017-01-10 22:28:00+01:00,0.07944,0.0,0.0,0.0
2017-01-10 22:29:00+01:00,0.07666,0.0,0.0,0.0
2017-01-10 22:30:00+01:00,0.07266,0.0,0.0,0.0
2017-01-10 22:31:00+01:00,0.07452,0.0,0.0,0.0
2017-01-10 22:32:00+01:00,0.0757,0.0,0.0,0.0
2017-01-10 22:33:00+01:00,0.07154,0.0,0.0,0.0
2017-01-10 22:34:00+01:00,0.07565,0.0,0.0,0.0
2017-01-10 22:35:00+01:00,0.0669,0.0,0.0,0.0
2017-01-10 22:36:00+01:00,0.06161,0.0,0.0,0.0
2017-01-10 22:37:00+01:00,0.06891,0.0,0.0,0.0
2017-01-10 22:38:00+01:00,0.07845,0.0,0.0,0.0
2017-01-10 22:39:00+01:00,0.08095,0.0,0.0,0.0
2017-01-10 22:40:00+01:00,0.07905,0.0,0.0,0.0
2017-01-10 22:41:00+01:00,0.07506,0.0,0.0,0.0
2017-01-10 22:42:00+01:00,0.07673,0.0,0.0,0.0
2017-01-10 22:43:00+01:00,0.0819,0.0,0.0,0.0
2017-01-10 22:44:00+01:00,0.07255,0.0,0.0,0.0
2017-01-10 22:45:00+01:00,0.06617,0.0,0.0,0.0
2017-01-10 22:46:00+01:00,0.06703,0.0,0.0,0.0
2017-01-10 22:47:00+01:00,0.06499,0.0,0.0,0.0
2017-01-10 22:48:00+01:00,0.06545,0.0,0.0,0.0
2017-01-10 22:49:00+01:00,0.06346,0.0,0.0,0.0
2017-01-10 22:50:00+01:00,0.05937,0.0,0.0,0.0
2017-01-10 22:51:00+01:00,0.05495,0.0,0.0,0.0
2017-01-10 22:52:00+01:00,0.06154,0.0,0.0,0.0
2017-01-10 22:53:00+01:00,0.06375,0.0,0.0,0.0
2017-01-10 22:54:00+01:00,0.05869,0.0,0.0,0.0
2017-01-10 22:55:00+01:00,0.05645,0.0,0.0,0.0
2017-01-10 22:56:00+01:00,0.0612,0.0,0.0,0.0
2017-01-10 22:57:00+01:00,0.06127,0.0,0.0,0.0
2017-01-10 22:58:00+01:00,0.06072,0.0,0.0,0.0
2017-01-10 22:59:00+01:00,0.06059,0.0,0.0,0.0
2017-01-10 23:00:00+01:00,0.06316,0.0,0.0,0.0
2017-01-10 23:01:00+01:00,0.06814,0.0,0.0,0.0
2017-01-10 23:02:00+01:00,0.07193,0.0,0.0,0.0
2017-01-10 23:03:00+01:00,0.07876,0.0,0.0,0.0
2017-01-10 23:04:00+01:00,0.07903,0.0,0.0,0.0
2017-01-10 23:05:00+01:00,0.08038,0.0,0.0,0.0
2017-01-10 23:06:00+01:00,0.07521,0.0,0.0,0.0
2017-01-10 23:07:00+01:00,0.0762,0.0,0.0,0.0
2017-01-10 23:08:00+01:00,0.08189,0.0,0.0,0.0
2017-01-10 23:09:00+01:00,0.08053,0.0,0.0,0.0
2017-01-10 23:10:00+01:00,0.07648,0.0,0.0,0.0
2017-01-10 23:11:00+01:00,0.07147,0.0,0.0,0.0
2017-01-10 23:12:00+01:00,0.06997,0.0,0.0,0.0
2017-01-10 23:13:00+01:00,0.06238,0.0,0.0,0.0
2017-01-10 23:14:00+01:00,0.05218,0.0,0.0,0.0
2017-01-10 23:15:00+01:00,0.05955,0.0,0.0,0.0
2017-01-10 23:16:00+01:00,0.06445,0.0,0.0,0.0
2017-01-10 23:17:00+01:00,0.06591,0.0,0.0,0.0
2017-01-10 23:18:00+01:00,0.06706,0.0,0.0,0.0
2017-01-10 23:19:00+01:00,0.06486,0.0,0.0,0.0
2017-01-10 23:20:00+01:00,0.06494,0.0,0.0,0.0
2017-01-10 23:21:00+01:00,0.06562,0.0,0.0,0.0
2017-01-10 23:22:00+01:00,0.06532,0.0,0.0,0.0
2017-01-10 23:23:00+01:00,0.05724,0.0,0.0,0.0
2017-01-10 23:24:00+01:00,0.05763,0.0,0.0,0.0
2017-01-10 23:25:00+01:00,0.05594,0.0,0.0,0.0
2017-01-10 23:26:00+01:00,0.05605,0.0,0.0,0.0
2017-01-10 23:27:00+01:00,0.0557,0.0,0.0,0.0
2017-01-10 23:28:00+01:00,0.05253,0.0,0.0,0.0
2017-01-10 23:29:00+01:00,0.05067,0.0,0.0,0.0
2017-01-10 23:30:00+01:00,0.05269,0.0,0.0,0.0
2017-01-10 23:31:00+01:00,0.05411,0.0,0.0,0.0
2017-01-10 23:32:00+01:00,0.05603,0.0,0.0,0.0
2017-01-10 23:33:00+01:00,0.05723,0.0,0.0,0.0
2017-01-10 23:34:00+01:00,0.05503,0.0,0.0,0.0
2017-01-10 23:35:00+01:00,0.05258,0.0,0.0,0.0
2017-01-10 23:36:00+01:00,0.05364,0.0,0.0,0.0
2017-01-10 23:37:00+01:00,0.05539,0.0,0.0,0.0
2017-01-10 23:38:00+01:00,0.05463,0.0,0.0,0.0
2017-01-10 23:39:00+01:00,0.05496,0.0,0.0,0.0
2017-01-10 23:40:00+01:00,0.05631,0.0,0.0,0.0
2017-01-10 23:41:00+01:00,0.05351,0.0,0.0,0.0
2017-01-10 23:42:00+01:00,0.05077,0.0,0.0,0.0
2017-01-10 23:43:00+01:00,0.04868,0.0,0.0,0.0
2017-01-10 23:44:00+01:00,0.04865,0.0,0.0,0.0
2017-01-10 23:45:00+01:00,0.05062,0.0,0.0,0.0
2017-01-10 23:46:00+01:00,0.05077,0.0,0.0,0.0
2017-01-10 23:47:00+01:00,0.05193,0.0,0.0,0.0
2017-01-10 23:48:00+01:00,0.05051,0.0,0.0,0.0
2017-01-10 23:49:00+01:00,0.05002,0.0,0.0,0.0
2017-01-10 23:50:00+01:00,0.04331,0.0,0.0,0.0
2017-01-10 23:51:00+01:00,0.04235,0.0,0.0,0.0
2017-01-10 23:52:00+01:00,0.0481,0.0,0.0,0.0
2017-01-10 23:53:00+01:00,0.05027,0.0,0.0,0.0
2017-01-10 23:54:00+01:00,0.05005,0.0,0.0,0.0
2017-01-10 23:55:00+01:00,0.05136,0.0,0.0,0.0
2017-01-10 23:56:00+01:00,0.04934,0.0,0.0,0.0
2017-01-10 23:57:00+01:00,0.05663,0.0,0.0,0.0
2017-01-10 23:58:00+01:00,0.0521,0.0,0.0,0.0
2017-01-10 23:59:00+01:00,0.05291,0.0,0.0,0.0
2017-01-11 00:00:00+01:00,0.05294,0.0,0.0,0.0
