timestamp,0
2017-05-26 00:00:00+02:00,0.021563
2017-05-26 00:01:00+02:00,0.022065
2017-05-26 00:02:00+02:00,0.020509
2017-05-26 00:03:00+02:00,0.018109
2017-05-26 00:04:00+02:00,0.01875
2017-05-26 00:05:00+02:00,0.019622
2017-05-26 00:06:00+02:00,0.019833
2017-05-26 00:07:00+02:00,0.020445
2017-05-26 00:08:00+02:00,0.021209
2017-05-26 00:09:00+02:00,0.019882
2017-05-26 00:10:00+02:00,0.023903
2017-05-26 00:11:00+02:00,0.022459
2017-05-26 00:12:00+02:00,0.021246
2017-05-26 00:13:00+02:00,0.01855
2017-05-26 00:14:00+02:00,0.016939
2017-05-26 00:15:00+02:00,0.017851
2017-05-26 00:16:00+02:00,0.01837
2017-05-26 00:17:00+02:00,0.017931
2017-05-26 00:18:00+02:00,0.017418
2017-05-26 00:19:00+02:00,0.014752
2017-05-26 00:20:00+02:00,0.015193
2017-05-26 00:21:00+02:00,0.017598
2017-05-26 00:22:00+02:00,0.016797
2017-05-26 00:23:00+02:00,0.015534
2017-05-26 00:24:00+02:00,0.01829
2017-05-26 00:25:00+02:00,0.020765
2017-05-26 00:26:00+02:00,0.020807
2017-05-26 00:27:00+02:00,0.023027
2017-05-26 00:28:00+02:00,0.025158
2017-05-26 00:29:00+02:00,0.025389
2017-05-26 00:30:00+02:00,0.025488
2017-05-26 00:31:00+02:00,0.024869
2017-05-26 00:32:00+02:00,0.023955
2017-05-26 00:33:00+02:00,0.020768
2017-05-26 00:34:00+02:00,0.021712
2017-05-26 00:35:00+02:00,0.017198
2017-05-26 00:36:00+02:00,0.01873
2017-05-26 00:37:00+02:00,0.01835
2017-05-26 00:38:00+02:00,0.01845
2017-05-26 00:39:00+02:00,0.022765
2017-05-26 00:40:00+02:00,0.022569
2017-05-26 00:41:00+02:00,0.021287
2017-05-26 00:42:00+02:00,0.018675
2017-05-26 00:43:00+02:00,0.018795
2017-05-26 00:44:00+02:00,0.017971
2017-05-26 00:45:00+02:00,0.014772
2017-05-26 00:46:00+02:00,0.014071
2017-05-26 00:47:00+02:00,0.016627
2017-05-26 00:48:00+02:00,0.017371
2017-05-26 00:49:00+02:00,0.015012
2017-05-26 00:50:00+02:00,0.017177
2017-05-26 00:51:00+02:00,0.015883
2017-05-26 00:52:00+02:00,0.016626
2017-05-26 00:53:00+02:00,0.016044
2017-05-26 00:54:00+02:00,0.016033
2017-05-26 00:55:00+02:00,0.019108
2017-05-26 00:56:00+02:00,0.021042
2017-05-26 00:57:00+02:00,0.017125
2017-05-26 00:58:00+02:00,0.015362
2017-05-26 00:59:00+02:00,0.014031
2017-05-26 01:00:00+02:00,0.014581
2017-05-26 01:01:00+02:00,0.016133
2017-05-26 01:02:00+02:00,0.018496
2017-05-26 01:03:00+02:00,0.017707
2017-05-26 01:04:00+02:00,0.017938
2017-05-26 01:05:00+02:00,0.017286
2017-05-26 01:06:00+02:00,0.016925
2017-05-26 01:07:00+02:00,0.015803
2017-05-26 01:08:00+02:00,0.016153
2017-05-26 01:09:00+02:00,0.016374
2017-05-26 01:10:00+02:00,0.016756
2017-05-26 01:11:00+02:00,0.016314
2017-05-26 01:12:00+02:00,0.015993
2017-05-26 01:13:00+02:00,0.016595
2017-05-26 01:14:00+02:00,0.014981
2017-05-26 01:15:00+02:00,0.013698
2017-05-26 01:16:00+02:00,0.013359
2017-05-26 01:17:00+02:00,0.015145
2017-05-26 01:18:00+02:00,0.014011
2017-05-26 01:19:00+02:00,0.014603
2017-05-26 01:20:00+02:00,0.014133
2017-05-26 01:21:00+02:00,0.01314
2017-05-26 01:22:00+02:00,0.012438
2017-05-26 01:23:00+02:00,0.012598
2017-05-26 01:24:00+02:00,0.012678
2017-05-26 01:25:00+02:00,0.013259
2017-05-26 01:26:00+02:00,0.013119
2017-05-26 01:27:00+02:00,0.012238
2017-05-26 01:28:00+02:00,0.012088
2017-05-26 01:29:00+02:00,0.012419
2017-05-26 01:30:00+02:00,0.011947
2017-05-26 01:31:00+02:00,0.011136
2017-05-26 01:32:00+02:00,0.010786
2017-05-26 01:33:00+02:00,0.010886
2017-05-26 01:34:00+02:00,0.010486
2017-05-26 01:35:00+02:00,0.010416
2017-05-26 01:36:00+02:00,0.011228
2017-05-26 01:37:00+02:00,0.011428
2017-05-26 01:38:00+02:00,0.010636
2017-05-26 01:39:00+02:00,0.010436
2017-05-26 01:40:00+02:00,0.011347
2017-05-26 01:41:00+02:00,0.011698
2017-05-26 01:42:00+02:00,0.011929
2017-05-26 01:43:00+02:00,0.011899
2017-05-26 01:44:00+02:00,0.011527
2017-05-26 01:45:00+02:00,0.011467
2017-05-26 01:46:00+02:00,0.010856
2017-05-26 01:47:00+02:00,0.010576
2017-05-26 01:48:00+02:00,0.010486
2017-05-26 01:49:00+02:00,0.010456
2017-05-26 01:50:00+02:00,0.010386
2017-05-26 01:51:00+02:00,0.010406
2017-05-26 01:52:00+02:00,0.010326
2017-05-26 01:53:00+02:00,0.010236
2017-05-26 01:54:00+02:00,0.010536
2017-05-26 01:55:00+02:00,0.011156
2017-05-26 01:56:00+02:00,0.010946
2017-05-26 01:57:00+02:00,0.010946
2017-05-26 01:58:00+02:00,0.011066
2017-05-26 01:59:00+02:00,0.010946
2017-05-26 02:00:00+02:00,0.011366
2017-05-26 02:01:00+02:00,0.011556
2017-05-26 02:02:00+02:00,0.011677
2017-05-26 02:03:00+02:00,0.010996
2017-05-26 02:04:00+02:00,0.012108
2017-05-26 02:05:00+02:00,0.010886
2017-05-26 02:06:00+02:00,0.010856
2017-05-26 02:07:00+02:00,0.010896
2017-05-26 02:08:00+02:00,0.010655
2017-05-26 02:09:00+02:00,0.010005
2017-05-26 02:10:00+02:00,0.010066
2017-05-26 02:11:00+02:00,0.010777
2017-05-26 02:12:00+02:00,0.011527
2017-05-26 02:13:00+02:00,0.011017
2017-05-26 02:14:00+02:00,0.009865
2017-05-26 02:15:00+02:00,0.009845
2017-05-26 02:16:00+02:00,0.009494
2017-05-26 02:17:00+02:00,0.010645
2017-05-26 02:18:00+02:00,0.009063
2017-05-26 02:19:00+02:00,0.009224
2017-05-26 02:20:00+02:00,0.009505
2017-05-26 02:21:00+02:00,0.009244
2017-05-26 02:22:00+02:00,0.009134
2017-05-26 02:23:00+02:00,0.009444
2017-05-26 02:24:00+02:00,0.009615
2017-05-26 02:25:00+02:00,0.009314
2017-05-26 02:26:00+02:00,0.009585
2017-05-26 02:27:00+02:00,0.009474
2017-05-26 02:28:00+02:00,0.009755
2017-05-26 02:29:00+02:00,0.009314
2017-05-26 02:30:00+02:00,0.009224
2017-05-26 02:31:00+02:00,0.008984
2017-05-26 02:32:00+02:00,0.008854
2017-05-26 02:33:00+02:00,0.008493
2017-05-26 02:34:00+02:00,0.008683
2017-05-26 02:35:00+02:00,0.008754
2017-05-26 02:36:00+02:00,0.008954
2017-05-26 02:37:00+02:00,0.009074
2017-05-26 02:38:00+02:00,0.009074
2017-05-26 02:39:00+02:00,0.009004
2017-05-26 02:40:00+02:00,0.008994
2017-05-26 02:41:00+02:00,0.009294
2017-05-26 02:42:00+02:00,0.009875
2017-05-26 02:43:00+02:00,0.009665
2017-05-26 02:44:00+02:00,0.009605
2017-05-26 02:45:00+02:00,0.009074
2017-05-26 02:46:00+02:00,0.009294
2017-05-26 02:47:00+02:00,0.008984
2017-05-26 02:48:00+02:00,0.008944
2017-05-26 02:49:00+02:00,0.008864
2017-05-26 02:50:00+02:00,0.008673
2017-05-26 02:51:00+02:00,0.008723
2017-05-26 02:52:00+02:00,0.009184
2017-05-26 02:53:00+02:00,0.009474
2017-05-26 02:54:00+02:00,0.009404
2017-05-26 02:55:00+02:00,0.01171
2017-05-26 02:56:00+02:00,0.011459
2017-05-26 02:57:00+02:00,0.01137
2017-05-26 02:58:00+02:00,0.009234
2017-05-26 02:59:00+02:00,0.008763
2017-05-26 03:00:00+02:00,0.009134
2017-05-26 03:01:00+02:00,0.009094
2017-05-26 03:02:00+02:00,0.009134
2017-05-26 03:03:00+02:00,0.009494
2017-05-26 03:04:00+02:00,0.009775
2017-05-26 03:05:00+02:00,0.010035
2017-05-26 03:06:00+02:00,0.009725
2017-05-26 03:07:00+02:00,0.009715
2017-05-26 03:08:00+02:00,0.009665
2017-05-26 03:09:00+02:00,0.009235
2017-05-26 03:10:00+02:00,0.009174
2017-05-26 03:11:00+02:00,0.009334
2017-05-26 03:12:00+02:00,0.009374
2017-05-26 03:13:00+02:00,0.009284
2017-05-26 03:14:00+02:00,0.009264
2017-05-26 03:15:00+02:00,0.008833
2017-05-26 03:16:00+02:00,0.009274
2017-05-26 03:17:00+02:00,0.010995
2017-05-26 03:18:00+02:00,0.011287
2017-05-26 03:19:00+02:00,0.009624
2017-05-26 03:20:00+02:00,0.009845
2017-05-26 03:21:00+02:00,0.009624
2017-05-26 03:22:00+02:00,0.009904
2017-05-26 03:23:00+02:00,0.010045
2017-05-26 03:24:00+02:00,0.010205
2017-05-26 03:25:00+02:00,0.010365
2017-05-26 03:26:00+02:00,0.010285
2017-05-26 03:27:00+02:00,0.010525
2017-05-26 03:28:00+02:00,0.010746
2017-05-26 03:29:00+02:00,0.010816
2017-05-26 03:30:00+02:00,0.010736
2017-05-26 03:31:00+02:00,0.010295
2017-05-26 03:32:00+02:00,0.010295
2017-05-26 03:33:00+02:00,0.009995
2017-05-26 03:34:00+02:00,0.009704
2017-05-26 03:35:00+02:00,0.009544
2017-05-26 03:36:00+02:00,0.009524
2017-05-26 03:37:00+02:00,0.009955
2017-05-26 03:38:00+02:00,0.009574
2017-05-26 03:39:00+02:00,0.009174
2017-05-26 03:40:00+02:00,0.009204
2017-05-26 03:41:00+02:00,0.009424
2017-05-26 03:42:00+02:00,0.009404
2017-05-26 03:43:00+02:00,0.009154
2017-05-26 03:44:00+02:00,0.009614
2017-05-26 03:45:00+02:00,0.009874
2017-05-26 03:46:00+02:00,0.010044
2017-05-26 03:47:00+02:00,0.009774
2017-05-26 03:48:00+02:00,0.009754
2017-05-26 03:49:00+02:00,0.009794
2017-05-26 03:50:00+02:00,0.009514
2017-05-26 03:51:00+02:00,0.009364
2017-05-26 03:52:00+02:00,0.009254
2017-05-26 03:53:00+02:00,0.009124
2017-05-26 03:54:00+02:00,0.009113
2017-05-26 03:55:00+02:00,0.009434
2017-05-26 03:56:00+02:00,0.009864
2017-05-26 03:57:00+02:00,0.009684
2017-05-26 03:58:00+02:00,0.009343
2017-05-26 03:59:00+02:00,0.009243
2017-05-26 04:00:00+02:00,0.009644
2017-05-26 04:01:00+02:00,0.009514
2017-05-26 04:02:00+02:00,0.009103
2017-05-26 04:03:00+02:00,0.008913
2017-05-26 04:04:00+02:00,0.008973
2017-05-26 04:05:00+02:00,0.008713
2017-05-26 04:06:00+02:00,0.008603
2017-05-26 04:07:00+02:00,0.008443
2017-05-26 04:08:00+02:00,0.008783
2017-05-26 04:09:00+02:00,0.008563
2017-05-26 04:10:00+02:00,0.008163
2017-05-26 04:11:00+02:00,0.008083
2017-05-26 04:12:00+02:00,0.008243
2017-05-26 04:13:00+02:00,0.008303
2017-05-26 04:14:00+02:00,0.008163
2017-05-26 04:15:00+02:00,0.008343
2017-05-26 04:16:00+02:00,0.008303
2017-05-26 04:17:00+02:00,0.008613
2017-05-26 04:18:00+02:00,0.008553
2017-05-26 04:19:00+02:00,0.008683
2017-05-26 04:20:00+02:00,0.008763
2017-05-26 04:21:00+02:00,0.008543
2017-05-26 04:22:00+02:00,0.008493
2017-05-26 04:23:00+02:00,0.008323
2017-05-26 04:24:00+02:00,0.008203
2017-05-26 04:25:00+02:00,0.008363
2017-05-26 04:26:00+02:00,0.008923
2017-05-26 04:27:00+02:00,0.008973
2017-05-26 04:28:00+02:00,0.009324
2017-05-26 04:29:00+02:00,0.009084
2017-05-26 04:30:00+02:00,0.009194
2017-05-26 04:31:00+02:00,0.009234
2017-05-26 04:32:00+02:00,0.009564
2017-05-26 04:33:00+02:00,0.009294
2017-05-26 04:34:00+02:00,0.009244
2017-05-26 04:35:00+02:00,0.009144
2017-05-26 04:36:00+02:00,0.009244
2017-05-26 04:37:00+02:00,0.008793
2017-05-26 04:38:00+02:00,0.008653
2017-05-26 04:39:00+02:00,0.008863
2017-05-26 04:40:00+02:00,0.009004
2017-05-26 04:41:00+02:00,0.008863
2017-05-26 04:42:00+02:00,0.008513
2017-05-26 04:43:00+02:00,0.008363
2017-05-26 04:44:00+02:00,0.008553
2017-05-26 04:45:00+02:00,0.008513
2017-05-26 04:46:00+02:00,0.010357
2017-05-26 04:47:00+02:00,0.010937
2017-05-26 04:48:00+02:00,0.009092
2017-05-26 04:49:00+02:00,0.008823
2017-05-26 04:50:00+02:00,0.008933
2017-05-26 04:51:00+02:00,0.008963
2017-05-26 04:52:00+02:00,0.009213
2017-05-26 04:53:00+02:00,0.009514
2017-05-26 04:54:00+02:00,0.009524
2017-05-26 04:55:00+02:00,0.009504
2017-05-26 04:56:00+02:00,0.009604
2017-05-26 04:57:00+02:00,0.009474
2017-05-26 04:58:00+02:00,0.009624
2017-05-26 04:59:00+02:00,0.009464
2017-05-26 05:00:00+02:00,0.009413
2017-05-26 05:01:00+02:00,0.009604
2017-05-26 05:02:00+02:00,0.009913
2017-05-26 05:03:00+02:00,0.009153
2017-05-26 05:04:00+02:00,0.009594
2017-05-26 05:05:00+02:00,0.009644
2017-05-26 05:06:00+02:00,0.009533
2017-05-26 05:07:00+02:00,0.009323
2017-05-26 05:08:00+02:00,0.010154
2017-05-26 05:09:00+02:00,0.010895
2017-05-26 05:10:00+02:00,0.011548
2017-05-26 05:11:00+02:00,0.010246
2017-05-26 05:12:00+02:00,0.009033
2017-05-26 05:13:00+02:00,0.009975
2017-05-26 05:14:00+02:00,0.010186
2017-05-26 05:15:00+02:00,0.010747
2017-05-26 05:16:00+02:00,0.009665
2017-05-26 05:17:00+02:00,0.008843
2017-05-26 05:18:00+02:00,0.009264
2017-05-26 05:19:00+02:00,0.009695
2017-05-26 05:20:00+02:00,0.009625
2017-05-26 05:21:00+02:00,0.009484
2017-05-26 05:22:00+02:00,0.009434
2017-05-26 05:23:00+02:00,0.010065
2017-05-26 05:24:00+02:00,0.010055
2017-05-26 05:25:00+02:00,0.009634
2017-05-26 05:26:00+02:00,0.009764
2017-05-26 05:27:00+02:00,0.009644
2017-05-26 05:28:00+02:00,0.009664
2017-05-26 05:29:00+02:00,0.009474
2017-05-26 05:30:00+02:00,0.009994
2017-05-26 05:31:00+02:00,0.009604
2017-05-26 05:32:00+02:00,0.009424
2017-05-26 05:33:00+02:00,0.009645
2017-05-26 05:34:00+02:00,0.009825
2017-05-26 05:35:00+02:00,0.009745
2017-05-26 05:36:00+02:00,0.009504
2017-05-26 05:37:00+02:00,0.009594
2017-05-26 05:38:00+02:00,0.009444
2017-05-26 05:39:00+02:00,0.009615
2017-05-26 05:40:00+02:00,0.010075
2017-05-26 05:41:00+02:00,0.009725
2017-05-26 05:42:00+02:00,0.010105
2017-05-26 05:43:00+02:00,0.010286
2017-05-26 05:44:00+02:00,0.009775
2017-05-26 05:45:00+02:00,0.010185
2017-05-26 05:46:00+02:00,0.011767
2017-05-26 05:47:00+02:00,0.01304
2017-05-26 05:48:00+02:00,0.01331
2017-05-26 05:49:00+02:00,0.010964
2017-05-26 05:50:00+02:00,0.010435
2017-05-26 05:51:00+02:00,0.010375
2017-05-26 05:52:00+02:00,0.010425
2017-05-26 05:53:00+02:00,0.010555
2017-05-26 05:54:00+02:00,0.010635
2017-05-26 05:55:00+02:00,0.010745
2017-05-26 05:56:00+02:00,0.010936
2017-05-26 05:57:00+02:00,0.011186
2017-05-26 05:58:00+02:00,0.011406
2017-05-26 05:59:00+02:00,0.011687
2017-05-26 06:00:00+02:00,0.012548
2017-05-26 06:01:00+02:00,0.012308
2017-05-26 06:02:00+02:00,0.012127
2017-05-26 06:03:00+02:00,0.011957
2017-05-26 06:04:00+02:00,0.011907
2017-05-26 06:05:00+02:00,0.011897
2017-05-26 06:06:00+02:00,0.011766
2017-05-26 06:07:00+02:00,0.011346
2017-05-26 06:08:00+02:00,0.011246
2017-05-26 06:09:00+02:00,0.012076
2017-05-26 06:10:00+02:00,0.012307
2017-05-26 06:11:00+02:00,0.011566
2017-05-26 06:12:00+02:00,0.011766
2017-05-26 06:13:00+02:00,0.012527
2017-05-26 06:14:00+02:00,0.013589
2017-05-26 06:15:00+02:00,0.011685
2017-05-26 06:16:00+02:00,0.011556
2017-05-26 06:17:00+02:00,0.010765
2017-05-26 06:18:00+02:00,0.011196
2017-05-26 06:19:00+02:00,0.011086
2017-05-26 06:20:00+02:00,0.011456
2017-05-26 06:21:00+02:00,0.011356
2017-05-26 06:22:00+02:00,0.010955
2017-05-26 06:23:00+02:00,0.011155
2017-05-26 06:24:00+02:00,0.011396
2017-05-26 06:25:00+02:00,0.012447
2017-05-26 06:26:00+02:00,0.012958
2017-05-26 06:27:00+02:00,0.013429
2017-05-26 06:28:00+02:00,0.013198
2017-05-26 06:29:00+02:00,0.013418
2017-05-26 06:30:00+02:00,0.013558
2017-05-26 06:31:00+02:00,0.013178
2017-05-26 06:32:00+02:00,0.013778
2017-05-26 06:33:00+02:00,0.01473
2017-05-26 06:34:00+02:00,0.013989
2017-05-26 06:35:00+02:00,0.013909
2017-05-26 06:36:00+02:00,0.015582
2017-05-26 06:37:00+02:00,0.013487
2017-05-26 06:38:00+02:00,0.013108
2017-05-26 06:39:00+02:00,0.012848
2017-05-26 06:40:00+02:00,0.012667
2017-05-26 06:41:00+02:00,0.012427
2017-05-26 06:42:00+02:00,0.012857
2017-05-26 06:43:00+02:00,0.012617
2017-05-26 06:44:00+02:00,0.013108
2017-05-26 06:45:00+02:00,0.0142
2017-05-26 06:46:00+02:00,0.015802
2017-05-26 06:47:00+02:00,0.016603
2017-05-26 06:48:00+02:00,0.016693
2017-05-26 06:49:00+02:00,0.014198
2017-05-26 06:50:00+02:00,0.013539
2017-05-26 06:51:00+02:00,0.013779
2017-05-26 06:52:00+02:00,0.01392
2017-05-26 06:53:00+02:00,0.01385
2017-05-26 06:54:00+02:00,0.014191
2017-05-26 06:55:00+02:00,0.014841
2017-05-26 06:56:00+02:00,0.014471
2017-05-26 06:57:00+02:00,0.014751
2017-05-26 06:58:00+02:00,0.015171
2017-05-26 06:59:00+02:00,0.015312
2017-05-26 07:00:00+02:00,0.015483
2017-05-26 07:01:00+02:00,0.019909
2017-05-26 07:02:00+02:00,0.025256
2017-05-26 07:03:00+02:00,0.025193
2017-05-26 07:04:00+02:00,0.024061
2017-05-26 07:05:00+02:00,0.024002
2017-05-26 07:06:00+02:00,0.024051
2017-05-26 07:07:00+02:00,0.019756
2017-05-26 07:08:00+02:00,0.021207
2017-05-26 07:09:00+02:00,0.021107
2017-05-26 07:10:00+02:00,0.019133
2017-05-26 07:11:00+02:00,0.019203
2017-05-26 07:12:00+02:00,0.020436
2017-05-26 07:13:00+02:00,0.023819
2017-05-26 07:14:00+02:00,0.025025
2017-05-26 07:15:00+02:00,0.021083
2017-05-26 07:16:00+02:00,0.022658
2017-05-26 07:17:00+02:00,0.023398
2017-05-26 07:18:00+02:00,0.023733
2017-05-26 07:19:00+02:00,0.024267
2017-05-26 07:20:00+02:00,0.026775
2017-05-26 07:21:00+02:00,0.029464
2017-05-26 07:22:00+02:00,0.029933
2017-05-26 07:23:00+02:00,0.028694
2017-05-26 07:24:00+02:00,0.029057
2017-05-26 07:25:00+02:00,0.029467
2017-05-26 07:26:00+02:00,0.030147
2017-05-26 07:27:00+02:00,0.032975
2017-05-26 07:28:00+02:00,0.033343
2017-05-26 07:29:00+02:00,0.033672
2017-05-26 07:30:00+02:00,0.033591
2017-05-26 07:31:00+02:00,0.03002
2017-05-26 07:32:00+02:00,0.023933
2017-05-26 07:33:00+02:00,0.023676
2017-05-26 07:34:00+02:00,0.025908
2017-05-26 07:35:00+02:00,0.031008
2017-05-26 07:36:00+02:00,0.035311
2017-05-26 07:37:00+02:00,0.034404
2017-05-26 07:38:00+02:00,0.030581
2017-05-26 07:39:00+02:00,0.028993
2017-05-26 07:40:00+02:00,0.028094
2017-05-26 07:41:00+02:00,0.027064
2017-05-26 07:42:00+02:00,0.029394
2017-05-26 07:43:00+02:00,0.028901
2017-05-26 07:44:00+02:00,0.030452
2017-05-26 07:45:00+02:00,0.03006
2017-05-26 07:46:00+02:00,0.028972
2017-05-26 07:47:00+02:00,0.029855
2017-05-26 07:48:00+02:00,0.028849
2017-05-26 07:49:00+02:00,0.025708
2017-05-26 07:50:00+02:00,0.024792
2017-05-26 07:51:00+02:00,0.028152
2017-05-26 07:52:00+02:00,0.02784
2017-05-26 07:53:00+02:00,0.023197
2017-05-26 07:54:00+02:00,0.021604
2017-05-26 07:55:00+02:00,0.024244
2017-05-26 07:56:00+02:00,0.025078
2017-05-26 07:57:00+02:00,0.02748
2017-05-26 07:58:00+02:00,0.030328
2017-05-26 07:59:00+02:00,0.029545
2017-05-26 08:00:00+02:00,0.029214
2017-05-26 08:01:00+02:00,0.027722
2017-05-26 08:02:00+02:00,0.023235
2017-05-26 08:03:00+02:00,0.022558
2017-05-26 08:04:00+02:00,0.023379
2017-05-26 08:05:00+02:00,0.024728
2017-05-26 08:06:00+02:00,0.024586
2017-05-26 08:07:00+02:00,0.02958
2017-05-26 08:08:00+02:00,0.026547
2017-05-26 08:09:00+02:00,0.025875
2017-05-26 08:10:00+02:00,0.025802
2017-05-26 08:11:00+02:00,0.025983
2017-05-26 08:12:00+02:00,0.025713
2017-05-26 08:13:00+02:00,0.023826
2017-05-26 08:14:00+02:00,0.027015
2017-05-26 08:15:00+02:00,0.025718
2017-05-26 08:16:00+02:00,0.022849
2017-05-26 08:17:00+02:00,0.021205
2017-05-26 08:18:00+02:00,0.021508
2017-05-26 08:19:00+02:00,0.02173
2017-05-26 08:20:00+02:00,0.020696
2017-05-26 08:21:00+02:00,0.020234
2017-05-26 08:22:00+02:00,0.018058
2017-05-26 08:23:00+02:00,0.019311
2017-05-26 08:24:00+02:00,0.018638
2017-05-26 08:25:00+02:00,0.020381
2017-05-26 08:26:00+02:00,0.020631
2017-05-26 08:27:00+02:00,0.014611
2017-05-26 08:28:00+02:00,0.014951
2017-05-26 08:29:00+02:00,0.014871
2017-05-26 08:30:00+02:00,0.014019
2017-05-26 08:31:00+02:00,0.016092
2017-05-26 08:32:00+02:00,0.016182
2017-05-26 08:33:00+02:00,0.017084
2017-05-26 08:34:00+02:00,0.016213
2017-05-26 08:35:00+02:00,0.015681
2017-05-26 08:36:00+02:00,0.015821
2017-05-26 08:37:00+02:00,0.017043
2017-05-26 08:38:00+02:00,0.019247
2017-05-26 08:39:00+02:00,0.019228
2017-05-26 08:40:00+02:00,0.017864
2017-05-26 08:41:00+02:00,0.017555
2017-05-26 08:42:00+02:00,0.016785
2017-05-26 08:43:00+02:00,0.017155
2017-05-26 08:44:00+02:00,0.018708
2017-05-26 08:45:00+02:00,0.016353
2017-05-26 08:46:00+02:00,0.017816
2017-05-26 08:47:00+02:00,0.018819
2017-05-26 08:48:00+02:00,0.020822
2017-05-26 08:49:00+02:00,0.018911
2017-05-26 08:50:00+02:00,0.019903
2017-05-26 08:51:00+02:00,0.019723
2017-05-26 08:52:00+02:00,0.017134
2017-05-26 08:53:00+02:00,0.016765
2017-05-26 08:54:00+02:00,0.016855
2017-05-26 08:55:00+02:00,0.016543
2017-05-26 08:56:00+02:00,0.016263
2017-05-26 08:57:00+02:00,0.017384
2017-05-26 08:58:00+02:00,0.018036
2017-05-26 08:59:00+02:00,0.017244
2017-05-26 09:00:00+02:00,0.017174
2017-05-26 09:01:00+02:00,0.018086
2017-05-26 09:02:00+02:00,0.014881
2017-05-26 09:03:00+02:00,0.015131
2017-05-26 09:04:00+02:00,0.015562
2017-05-26 09:05:00+02:00,0.015412
2017-05-26 09:06:00+02:00,0.014952
2017-05-26 09:07:00+02:00,0.01417
2017-05-26 09:08:00+02:00,0.015061
2017-05-26 09:09:00+02:00,0.016324
2017-05-26 09:10:00+02:00,0.015994
2017-05-26 09:11:00+02:00,0.015723
2017-05-26 09:12:00+02:00,0.016023
2017-05-26 09:13:00+02:00,0.016133
2017-05-26 09:14:00+02:00,0.015762
2017-05-26 09:15:00+02:00,0.017425
2017-05-26 09:16:00+02:00,0.018456
2017-05-26 09:17:00+02:00,0.017966
2017-05-26 09:18:00+02:00,0.020251
2017-05-26 09:19:00+02:00,0.021562
2017-05-26 09:20:00+02:00,0.022613
2017-05-26 09:21:00+02:00,0.021844
2017-05-26 09:22:00+02:00,0.018971
2017-05-26 09:23:00+02:00,0.019852
2017-05-26 09:24:00+02:00,0.018921
2017-05-26 09:25:00+02:00,0.01927
2017-05-26 09:26:00+02:00,0.01979
2017-05-26 09:27:00+02:00,0.022044
2017-05-26 09:28:00+02:00,0.021415
2017-05-26 09:29:00+02:00,0.021315
2017-05-26 09:30:00+02:00,0.020685
2017-05-26 09:31:00+02:00,0.019984
2017-05-26 09:32:00+02:00,0.01911
2017-05-26 09:33:00+02:00,0.020111
2017-05-26 09:34:00+02:00,0.018851
2017-05-26 09:35:00+02:00,0.01853
2017-05-26 09:36:00+02:00,0.018711
2017-05-26 09:37:00+02:00,0.017949
2017-05-26 09:38:00+02:00,0.017426
2017-05-26 09:39:00+02:00,0.016925
2017-05-26 09:40:00+02:00,0.015823
2017-05-26 09:41:00+02:00,0.01955
2017-05-26 09:42:00+02:00,0.025825
2017-05-26 09:43:00+02:00,0.026167
2017-05-26 09:44:00+02:00,0.027862
2017-05-26 09:45:00+02:00,0.026196
2017-05-26 09:46:00+02:00,0.025152
2017-05-26 09:47:00+02:00,0.022555
2017-05-26 09:48:00+02:00,0.017818
2017-05-26 09:49:00+02:00,0.015994
2017-05-26 09:50:00+02:00,0.017218
2017-05-26 09:51:00+02:00,0.019184
2017-05-26 09:52:00+02:00,0.017831
2017-05-26 09:53:00+02:00,0.019955
2017-05-26 09:54:00+02:00,0.021209
2017-05-26 09:55:00+02:00,0.021982
2017-05-26 09:56:00+02:00,0.02169
2017-05-26 09:57:00+02:00,0.021848
2017-05-26 09:58:00+02:00,0.022118
2017-05-26 09:59:00+02:00,0.021806
2017-05-26 10:00:00+02:00,0.020522
2017-05-26 10:01:00+02:00,0.020071
2017-05-26 10:02:00+02:00,0.016383
2017-05-26 10:03:00+02:00,0.016483
2017-05-26 10:04:00+02:00,0.017073
2017-05-26 10:05:00+02:00,0.016693
2017-05-26 10:06:00+02:00,0.017574
2017-05-26 10:07:00+02:00,0.019037
2017-05-26 10:08:00+02:00,0.018798
2017-05-26 10:09:00+02:00,0.018878
2017-05-26 10:10:00+02:00,0.021872
2017-05-26 10:11:00+02:00,0.020353
2017-05-26 10:12:00+02:00,0.020086
2017-05-26 10:13:00+02:00,0.019171
2017-05-26 10:14:00+02:00,0.018127
2017-05-26 10:15:00+02:00,0.018468
2017-05-26 10:16:00+02:00,0.018227
2017-05-26 10:17:00+02:00,0.019419
2017-05-26 10:18:00+02:00,0.019219
2017-05-26 10:19:00+02:00,0.017917
2017-05-26 10:20:00+02:00,0.01886
2017-05-26 10:21:00+02:00,0.018058
2017-05-26 10:22:00+02:00,0.016124
2017-05-26 10:23:00+02:00,0.016154
2017-05-26 10:24:00+02:00,0.01858
2017-05-26 10:25:00+02:00,0.019292
2017-05-26 10:26:00+02:00,0.01753
2017-05-26 10:27:00+02:00,0.016995
2017-05-26 10:28:00+02:00,0.017235
2017-05-26 10:29:00+02:00,0.017367
2017-05-26 10:30:00+02:00,0.021613
2017-05-26 10:31:00+02:00,0.022698
2017-05-26 10:32:00+02:00,0.023631
2017-05-26 10:33:00+02:00,0.02118
2017-05-26 10:34:00+02:00,0.019316
2017-05-26 10:35:00+02:00,0.018998
2017-05-26 10:36:00+02:00,0.018525
2017-05-26 10:37:00+02:00,0.018787
2017-05-26 10:38:00+02:00,0.018084
2017-05-26 10:39:00+02:00,0.019527
2017-05-26 10:40:00+02:00,0.022401
2017-05-26 10:41:00+02:00,0.026742
2017-05-26 10:42:00+02:00,0.025027
2017-05-26 10:43:00+02:00,0.024849
2017-05-26 10:44:00+02:00,0.02602
2017-05-26 10:45:00+02:00,0.02332
2017-05-26 10:46:00+02:00,0.022268
2017-05-26 10:47:00+02:00,0.020404
2017-05-26 10:48:00+02:00,0.025102
2017-05-26 10:49:00+02:00,0.023169
2017-05-26 10:50:00+02:00,0.02116
2017-05-26 10:51:00+02:00,0.020609
2017-05-26 10:52:00+02:00,0.021021
2017-05-26 10:53:00+02:00,0.019564
2017-05-26 10:54:00+02:00,0.019716
2017-05-26 10:55:00+02:00,0.016986
2017-05-26 10:56:00+02:00,0.018619
2017-05-26 10:57:00+02:00,0.019131
2017-05-26 10:58:00+02:00,0.019182
2017-05-26 10:59:00+02:00,0.019442
2017-05-26 11:00:00+02:00,0.021847
2017-05-26 11:01:00+02:00,0.021035
2017-05-26 11:02:00+02:00,0.01812
2017-05-26 11:03:00+02:00,0.019384
2017-05-26 11:04:00+02:00,0.020148
2017-05-26 11:05:00+02:00,0.01741
2017-05-26 11:06:00+02:00,0.016396
2017-05-26 11:07:00+02:00,0.017239
2017-05-26 11:08:00+02:00,0.017548
2017-05-26 11:09:00+02:00,0.0177
2017-05-26 11:10:00+02:00,0.0173
2017-05-26 11:11:00+02:00,0.016397
2017-05-26 11:12:00+02:00,0.01753
2017-05-26 11:13:00+02:00,0.016687
2017-05-26 11:14:00+02:00,0.016667
2017-05-26 11:15:00+02:00,0.017738
2017-05-26 11:16:00+02:00,0.01764
2017-05-26 11:17:00+02:00,0.01733
2017-05-26 11:18:00+02:00,0.018324
2017-05-26 11:19:00+02:00,0.018566
2017-05-26 11:20:00+02:00,0.019027
2017-05-26 11:21:00+02:00,0.017
2017-05-26 11:22:00+02:00,0.019931
2017-05-26 11:23:00+02:00,0.020544
2017-05-26 11:24:00+02:00,0.020356
2017-05-26 11:25:00+02:00,0.020901
2017-05-26 11:26:00+02:00,0.020236
2017-05-26 11:27:00+02:00,0.021037
2017-05-26 11:28:00+02:00,0.021006
2017-05-26 11:29:00+02:00,0.022995
2017-05-26 11:30:00+02:00,0.018298
2017-05-26 11:31:00+02:00,0.018757
2017-05-26 11:32:00+02:00,0.018437
2017-05-26 11:33:00+02:00,0.018466
2017-05-26 11:34:00+02:00,0.018987
2017-05-26 11:35:00+02:00,0.018084
2017-05-26 11:36:00+02:00,0.018716
2017-05-26 11:37:00+02:00,0.016206
2017-05-26 11:38:00+02:00,0.014904
2017-05-26 11:39:00+02:00,0.015325
2017-05-26 11:40:00+02:00,0.016137
2017-05-26 11:41:00+02:00,0.015926
2017-05-26 11:42:00+02:00,0.016017
2017-05-26 11:43:00+02:00,0.016308
2017-05-26 11:44:00+02:00,0.016257
2017-05-26 11:45:00+02:00,0.01972
2017-05-26 11:46:00+02:00,0.020283
2017-05-26 11:47:00+02:00,0.01673
2017-05-26 11:48:00+02:00,0.016941
2017-05-26 11:49:00+02:00,0.017867
2017-05-26 11:50:00+02:00,0.020136
2017-05-26 11:51:00+02:00,0.021141
2017-05-26 11:52:00+02:00,0.01932
2017-05-26 11:53:00+02:00,0.017834
2017-05-26 11:54:00+02:00,0.019007
2017-05-26 11:55:00+02:00,0.021754
2017-05-26 11:56:00+02:00,0.020358
2017-05-26 11:57:00+02:00,0.019679
2017-05-26 11:58:00+02:00,0.017991
2017-05-26 11:59:00+02:00,0.016468
2017-05-26 12:00:00+02:00,0.016339
2017-05-26 12:01:00+02:00,0.015976
2017-05-26 12:02:00+02:00,0.016918
2017-05-26 12:03:00+02:00,0.017348
2017-05-26 12:04:00+02:00,0.0183
2017-05-26 12:05:00+02:00,0.016767
2017-05-26 12:06:00+02:00,0.014743
2017-05-26 12:07:00+02:00,0.015306
2017-05-26 12:08:00+02:00,0.014574
2017-05-26 12:09:00+02:00,0.014604
2017-05-26 12:10:00+02:00,0.015065
2017-05-26 12:11:00+02:00,0.014824
2017-05-26 12:12:00+02:00,0.015484
2017-05-26 12:13:00+02:00,0.019203
2017-05-26 12:14:00+02:00,0.019824
2017-05-26 12:15:00+02:00,0.018651
2017-05-26 12:16:00+02:00,0.01954
2017-05-26 12:17:00+02:00,0.019171
2017-05-26 12:18:00+02:00,0.01874
2017-05-26 12:19:00+02:00,0.020656
2017-05-26 12:20:00+02:00,0.02162
2017-05-26 12:21:00+02:00,0.020567
2017-05-26 12:22:00+02:00,0.01866
2017-05-26 12:23:00+02:00,0.018941
2017-05-26 12:24:00+02:00,0.019644
2017-05-26 12:25:00+02:00,0.017035
2017-05-26 12:26:00+02:00,0.016264
2017-05-26 12:27:00+02:00,0.018096
2017-05-26 12:28:00+02:00,0.019089
2017-05-26 12:29:00+02:00,0.018458
2017-05-26 12:30:00+02:00,0.017606
2017-05-26 12:31:00+02:00,0.017816
2017-05-26 12:32:00+02:00,0.018046
2017-05-26 12:33:00+02:00,0.017034
2017-05-26 12:34:00+02:00,0.019067
2017-05-26 12:35:00+02:00,0.01965
2017-05-26 12:36:00+02:00,0.018679
2017-05-26 12:37:00+02:00,0.017936
2017-05-26 12:38:00+02:00,0.019048
2017-05-26 12:39:00+02:00,0.018377
2017-05-26 12:40:00+02:00,0.017816
2017-05-26 12:41:00+02:00,0.017996
2017-05-26 12:42:00+02:00,0.020091
2017-05-26 12:43:00+02:00,0.018047
2017-05-26 12:44:00+02:00,0.017195
2017-05-26 12:45:00+02:00,0.020616
2017-05-26 12:46:00+02:00,0.021511
2017-05-26 12:47:00+02:00,0.022635
2017-05-26 12:48:00+02:00,0.024081
2017-05-26 12:49:00+02:00,0.023801
2017-05-26 12:50:00+02:00,0.019114
2017-05-26 12:51:00+02:00,0.019385
2017-05-26 12:52:00+02:00,0.019867
2017-05-26 12:53:00+02:00,0.019715
2017-05-26 12:54:00+02:00,0.01839
2017-05-26 12:55:00+02:00,0.015833
2017-05-26 12:56:00+02:00,0.017919
2017-05-26 12:57:00+02:00,0.016187
2017-05-26 12:58:00+02:00,0.015403
2017-05-26 12:59:00+02:00,0.014952
2017-05-26 13:00:00+02:00,0.020114
2017-05-26 13:01:00+02:00,0.025028
2017-05-26 13:02:00+02:00,0.022993
2017-05-26 13:03:00+02:00,0.023315
2017-05-26 13:04:00+02:00,0.022682
2017-05-26 13:05:00+02:00,0.022432
2017-05-26 13:06:00+02:00,0.019412
2017-05-26 13:07:00+02:00,0.017849
2017-05-26 13:08:00+02:00,0.019112
2017-05-26 13:09:00+02:00,0.022329
2017-05-26 13:10:00+02:00,0.023891
2017-05-26 13:11:00+02:00,0.026546
2017-05-26 13:12:00+02:00,0.025662
2017-05-26 13:13:00+02:00,0.022963
2017-05-26 13:14:00+02:00,0.021738
2017-05-26 13:15:00+02:00,0.02199
2017-05-26 13:16:00+02:00,0.020535
2017-05-26 13:17:00+02:00,0.022961
2017-05-26 13:18:00+02:00,0.021207
2017-05-26 13:19:00+02:00,0.018739
2017-05-26 13:20:00+02:00,0.018921
2017-05-26 13:21:00+02:00,0.017829
2017-05-26 13:22:00+02:00,0.015884
2017-05-26 13:23:00+02:00,0.016325
2017-05-26 13:24:00+02:00,0.017448
2017-05-26 13:25:00+02:00,0.016615
2017-05-26 13:26:00+02:00,0.016916
2017-05-26 13:27:00+02:00,0.016697
2017-05-26 13:28:00+02:00,0.016005
2017-05-26 13:29:00+02:00,0.017309
2017-05-26 13:30:00+02:00,0.017149
2017-05-26 13:31:00+02:00,0.021426
2017-05-26 13:32:00+02:00,0.020945
2017-05-26 13:33:00+02:00,0.020764
2017-05-26 13:34:00+02:00,0.019031
2017-05-26 13:35:00+02:00,0.01661
2017-05-26 13:36:00+02:00,0.016682
2017-05-26 13:37:00+02:00,0.017012
2017-05-26 13:38:00+02:00,0.017394
2017-05-26 13:39:00+02:00,0.017604
2017-05-26 13:40:00+02:00,0.018425
2017-05-26 13:41:00+02:00,0.021547
2017-05-26 13:42:00+02:00,0.019467
2017-05-26 13:43:00+02:00,0.017068
2017-05-26 13:44:00+02:00,0.015141
2017-05-26 13:45:00+02:00,0.016005
2017-05-26 13:46:00+02:00,0.016746
2017-05-26 13:47:00+02:00,0.018497
2017-05-26 13:48:00+02:00,0.019461
2017-05-26 13:49:00+02:00,0.01917
2017-05-26 13:50:00+02:00,0.018137
2017-05-26 13:51:00+02:00,0.017528
2017-05-26 13:52:00+02:00,0.018823
2017-05-26 13:53:00+02:00,0.018507
2017-05-26 13:54:00+02:00,0.019699
2017-05-26 13:55:00+02:00,0.019297
2017-05-26 13:56:00+02:00,0.019539
2017-05-26 13:57:00+02:00,0.01961
2017-05-26 13:58:00+02:00,0.021204
2017-05-26 13:59:00+02:00,0.018524
2017-05-26 14:00:00+02:00,0.015924
2017-05-26 14:01:00+02:00,0.014952
2017-05-26 14:02:00+02:00,0.015403
2017-05-26 14:03:00+02:00,0.015905
2017-05-26 14:04:00+02:00,0.016046
2017-05-26 14:05:00+02:00,0.015444
2017-05-26 14:06:00+02:00,0.015655
2017-05-26 14:07:00+02:00,0.017863
2017-05-26 14:08:00+02:00,0.019672
2017-05-26 14:09:00+02:00,0.020333
2017-05-26 14:10:00+02:00,0.019378
2017-05-26 14:11:00+02:00,0.017158
2017-05-26 14:12:00+02:00,0.018973
2017-05-26 14:13:00+02:00,0.020091
2017-05-26 14:14:00+02:00,0.016948
2017-05-26 14:15:00+02:00,0.017501
2017-05-26 14:16:00+02:00,0.017763
2017-05-26 14:17:00+02:00,0.017642
2017-05-26 14:18:00+02:00,0.017552
2017-05-26 14:19:00+02:00,0.017202
2017-05-26 14:20:00+02:00,0.01683
2017-05-26 14:21:00+02:00,0.01719
2017-05-26 14:22:00+02:00,0.017652
2017-05-26 14:23:00+02:00,0.017361
2017-05-26 14:24:00+02:00,0.017671
2017-05-26 14:25:00+02:00,0.018032
2017-05-26 14:26:00+02:00,0.018263
2017-05-26 14:27:00+02:00,0.018233
2017-05-26 14:28:00+02:00,0.020362
2017-05-26 14:29:00+02:00,0.020172
2017-05-26 14:30:00+02:00,0.019176
2017-05-26 14:31:00+02:00,0.019499
2017-05-26 14:32:00+02:00,0.018242
2017-05-26 14:33:00+02:00,0.017891
2017-05-26 14:34:00+02:00,0.017982
2017-05-26 14:35:00+02:00,0.020624
2017-05-26 14:36:00+02:00,0.021204
2017-05-26 14:37:00+02:00,0.021504
2017-05-26 14:38:00+02:00,0.019977
2017-05-26 14:39:00+02:00,0.018109
2017-05-26 14:40:00+02:00,0.017679
2017-05-26 14:41:00+02:00,0.019621
2017-05-26 14:42:00+02:00,0.01886
2017-05-26 14:43:00+02:00,0.017479
2017-05-26 14:44:00+02:00,0.017801
2017-05-26 14:45:00+02:00,0.019458
2017-05-26 14:46:00+02:00,0.02234
2017-05-26 14:47:00+02:00,0.022677
2017-05-26 14:48:00+02:00,0.021898
2017-05-26 14:49:00+02:00,0.020111
2017-05-26 14:50:00+02:00,0.020947
2017-05-26 14:51:00+02:00,0.02177
2017-05-26 14:52:00+02:00,0.02297
2017-05-26 14:53:00+02:00,0.022821
2017-05-26 14:54:00+02:00,0.023432
2017-05-26 14:55:00+02:00,0.024492
2017-05-26 14:56:00+02:00,0.018917
2017-05-26 14:57:00+02:00,0.017481
2017-05-26 14:58:00+02:00,0.018305
2017-05-26 14:59:00+02:00,0.023947
2017-05-26 15:00:00+02:00,0.020574
2017-05-26 15:01:00+02:00,0.018023
2017-05-26 15:02:00+02:00,0.018263
2017-05-26 15:03:00+02:00,0.018586
2017-05-26 15:04:00+02:00,0.018984
2017-05-26 15:05:00+02:00,0.019275
2017-05-26 15:06:00+02:00,0.018493
2017-05-26 15:07:00+02:00,0.018171
2017-05-26 15:08:00+02:00,0.017371
2017-05-26 15:09:00+02:00,0.017881
2017-05-26 15:10:00+02:00,0.017591
2017-05-26 15:11:00+02:00,0.017552
2017-05-26 15:12:00+02:00,0.017291
2017-05-26 15:13:00+02:00,0.017151
2017-05-26 15:14:00+02:00,0.017673
2017-05-26 15:15:00+02:00,0.017319
2017-05-26 15:16:00+02:00,0.017106
2017-05-26 15:17:00+02:00,0.021711
2017-05-26 15:18:00+02:00,0.024527
2017-05-26 15:19:00+02:00,0.026107
2017-05-26 15:20:00+02:00,0.027311
2017-05-26 15:21:00+02:00,0.027161
2017-05-26 15:22:00+02:00,0.026629
2017-05-26 15:23:00+02:00,0.027216
2017-05-26 15:24:00+02:00,0.024695
2017-05-26 15:25:00+02:00,0.023341
2017-05-26 15:26:00+02:00,0.023553
2017-05-26 15:27:00+02:00,0.025422
2017-05-26 15:28:00+02:00,0.016688
2017-05-26 15:29:00+02:00,0.016806
2017-05-26 15:30:00+02:00,0.019957
2017-05-26 15:31:00+02:00,0.018885
2017-05-26 15:32:00+02:00,0.018593
2017-05-26 15:33:00+02:00,0.018563
2017-05-26 15:34:00+02:00,0.018502
2017-05-26 15:35:00+02:00,0.018451
2017-05-26 15:36:00+02:00,0.017909
2017-05-26 15:37:00+02:00,0.01769
2017-05-26 15:38:00+02:00,0.018091
2017-05-26 15:39:00+02:00,0.018853
2017-05-26 15:40:00+02:00,0.018952
2017-05-26 15:41:00+02:00,0.018181
2017-05-26 15:42:00+02:00,0.019074
2017-05-26 15:43:00+02:00,0.019505
2017-05-26 15:44:00+02:00,0.0181
2017-05-26 15:45:00+02:00,0.021358
2017-05-26 15:46:00+02:00,0.017451
2017-05-26 15:47:00+02:00,0.017011
2017-05-26 15:48:00+02:00,0.01662
2017-05-26 15:49:00+02:00,0.016459
2017-05-26 15:50:00+02:00,0.016638
2017-05-26 15:51:00+02:00,0.019543
2017-05-26 15:52:00+02:00,0.020916
2017-05-26 15:53:00+02:00,0.020007
2017-05-26 15:54:00+02:00,0.018143
2017-05-26 15:55:00+02:00,0.018253
2017-05-26 15:56:00+02:00,0.019504
2017-05-26 15:57:00+02:00,0.018291
2017-05-26 15:58:00+02:00,0.01785
2017-05-26 15:59:00+02:00,0.019268
2017-05-26 16:00:00+02:00,0.01933
2017-05-26 16:01:00+02:00,0.019474
2017-05-26 16:02:00+02:00,0.01896
2017-05-26 16:03:00+02:00,0.018359
2017-05-26 16:04:00+02:00,0.019921
2017-05-26 16:05:00+02:00,0.021377
2017-05-26 16:06:00+02:00,0.018169
2017-05-26 16:07:00+02:00,0.017878
2017-05-26 16:08:00+02:00,0.018379
2017-05-26 16:09:00+02:00,0.01858
2017-05-26 16:10:00+02:00,0.020231
2017-05-26 16:11:00+02:00,0.020412
2017-05-26 16:12:00+02:00,0.018708
2017-05-26 16:13:00+02:00,0.01921
2017-05-26 16:14:00+02:00,0.018709
2017-05-26 16:15:00+02:00,0.0189
2017-05-26 16:16:00+02:00,0.017786
2017-05-26 16:17:00+02:00,0.020295
2017-05-26 16:18:00+02:00,0.018207
2017-05-26 16:19:00+02:00,0.018747
2017-05-26 16:20:00+02:00,0.020863
2017-05-26 16:21:00+02:00,0.021134
2017-05-26 16:22:00+02:00,0.021186
2017-05-26 16:23:00+02:00,0.021486
2017-05-26 16:24:00+02:00,0.021385
2017-05-26 16:25:00+02:00,0.021446
2017-05-26 16:26:00+02:00,0.021146
2017-05-26 16:27:00+02:00,0.021125
2017-05-26 16:28:00+02:00,0.021035
2017-05-26 16:29:00+02:00,0.021798
2017-05-26 16:30:00+02:00,0.02202
2017-05-26 16:31:00+02:00,0.024167
2017-05-26 16:32:00+02:00,0.021609
2017-05-26 16:33:00+02:00,0.021819
2017-05-26 16:34:00+02:00,0.020277
2017-05-26 16:35:00+02:00,0.022131
2017-05-26 16:36:00+02:00,0.021689
2017-05-26 16:37:00+02:00,0.019324
2017-05-26 16:38:00+02:00,0.019493
2017-05-26 16:39:00+02:00,0.019313
2017-05-26 16:40:00+02:00,0.021677
2017-05-26 16:41:00+02:00,0.023977
2017-05-26 16:42:00+02:00,0.020877
2017-05-26 16:43:00+02:00,0.021801
2017-05-26 16:44:00+02:00,0.01942
2017-05-26 16:45:00+02:00,0.019603
2017-05-26 16:46:00+02:00,0.019963
2017-05-26 16:47:00+02:00,0.022767
2017-05-26 16:48:00+02:00,0.025776
2017-05-26 16:49:00+02:00,0.026258
2017-05-26 16:50:00+02:00,0.021686
2017-05-26 16:51:00+02:00,0.024992
2017-05-26 16:52:00+02:00,0.024182
2017-05-26 16:53:00+02:00,0.023049
2017-05-26 16:54:00+02:00,0.023522
2017-05-26 16:55:00+02:00,0.024704
2017-05-26 16:56:00+02:00,0.025495
2017-05-26 16:57:00+02:00,0.029139
2017-05-26 16:58:00+02:00,0.026945
2017-05-26 16:59:00+02:00,0.026832
2017-05-26 17:00:00+02:00,0.028572
2017-05-26 17:01:00+02:00,0.021724
2017-05-26 17:02:00+02:00,0.021304
2017-05-26 17:03:00+02:00,0.024366
2017-05-26 17:04:00+02:00,0.025722
2017-05-26 17:05:00+02:00,0.024577
2017-05-26 17:06:00+02:00,0.024383
2017-05-26 17:07:00+02:00,0.029221
2017-05-26 17:08:00+02:00,0.028728
2017-05-26 17:09:00+02:00,0.029141
2017-05-26 17:10:00+02:00,0.029656
2017-05-26 17:11:00+02:00,0.027212
2017-05-26 17:12:00+02:00,0.026536
2017-05-26 17:13:00+02:00,0.034219
2017-05-26 17:14:00+02:00,0.033074
2017-05-26 17:15:00+02:00,0.034805
2017-05-26 17:16:00+02:00,0.031105
2017-05-26 17:17:00+02:00,0.024704
2017-05-26 17:18:00+02:00,0.024014
2017-05-26 17:19:00+02:00,0.02483
2017-05-26 17:20:00+02:00,0.028776
2017-05-26 17:21:00+02:00,0.032352
2017-05-26 17:22:00+02:00,0.03151
2017-05-26 17:23:00+02:00,0.030376
2017-05-26 17:24:00+02:00,0.02654
2017-05-26 17:25:00+02:00,0.029549
2017-05-26 17:26:00+02:00,0.028725
2017-05-26 17:27:00+02:00,0.028135
2017-05-26 17:28:00+02:00,0.031571
2017-05-26 17:29:00+02:00,0.034003
2017-05-26 17:30:00+02:00,0.043407
2017-05-26 17:31:00+02:00,0.042266
2017-05-26 17:32:00+02:00,0.044733
2017-05-26 17:33:00+02:00,0.046021
2017-05-26 17:34:00+02:00,0.047721
2017-05-26 17:35:00+02:00,0.043676
2017-05-26 17:36:00+02:00,0.031772
2017-05-26 17:37:00+02:00,0.024884
2017-05-26 17:38:00+02:00,0.026539
2017-05-26 17:39:00+02:00,0.028768
2017-05-26 17:40:00+02:00,0.025916
2017-05-26 17:41:00+02:00,0.025815
2017-05-26 17:42:00+02:00,0.024681
2017-05-26 17:43:00+02:00,0.025845
2017-05-26 17:44:00+02:00,0.025114
2017-05-26 17:45:00+02:00,0.024541
2017-05-26 17:46:00+02:00,0.022927
2017-05-26 17:47:00+02:00,0.026284
2017-05-26 17:48:00+02:00,0.029023
2017-05-26 17:49:00+02:00,0.032022
2017-05-26 17:50:00+02:00,0.029998
2017-05-26 17:51:00+02:00,0.031669
2017-05-26 17:52:00+02:00,0.033918
2017-05-26 17:53:00+02:00,0.034457
2017-05-26 17:54:00+02:00,0.033144
2017-05-26 17:55:00+02:00,0.034174
2017-05-26 17:56:00+02:00,0.035005
2017-05-26 17:57:00+02:00,0.033337
2017-05-26 17:58:00+02:00,0.036787
2017-05-26 17:59:00+02:00,0.033528
2017-05-26 18:00:00+02:00,0.031923
2017-05-26 18:01:00+02:00,0.032142
2017-05-26 18:02:00+02:00,0.031359
2017-05-26 18:03:00+02:00,0.030049
2017-05-26 18:04:00+02:00,0.029476
2017-05-26 18:05:00+02:00,0.030856
2017-05-26 18:06:00+02:00,0.029942
2017-05-26 18:07:00+02:00,0.032542
2017-05-26 18:08:00+02:00,0.031891
2017-05-26 18:09:00+02:00,0.028661
2017-05-26 18:10:00+02:00,0.029812
2017-05-26 18:11:00+02:00,0.031174
2017-05-26 18:12:00+02:00,0.030538
2017-05-26 18:13:00+02:00,0.025733
2017-05-26 18:14:00+02:00,0.025266
2017-05-26 18:15:00+02:00,0.028784
2017-05-26 18:16:00+02:00,0.027731
2017-05-26 18:17:00+02:00,0.028236
2017-05-26 18:18:00+02:00,0.027481
2017-05-26 18:19:00+02:00,0.024885
2017-05-26 18:20:00+02:00,0.025529
2017-05-26 18:21:00+02:00,0.025836
2017-05-26 18:22:00+02:00,0.028306
2017-05-26 18:23:00+02:00,0.028487
2017-05-26 18:24:00+02:00,0.031678
2017-05-26 18:25:00+02:00,0.029342
2017-05-26 18:26:00+02:00,0.028225
2017-05-26 18:27:00+02:00,0.029843
2017-05-26 18:28:00+02:00,0.029788
2017-05-26 18:29:00+02:00,0.027983
2017-05-26 18:30:00+02:00,0.027793
2017-05-26 18:31:00+02:00,0.025877
2017-05-26 18:32:00+02:00,0.028022
2017-05-26 18:33:00+02:00,0.029144
2017-05-26 18:34:00+02:00,0.028582
2017-05-26 18:35:00+02:00,0.027467
2017-05-26 18:36:00+02:00,0.026463
2017-05-26 18:37:00+02:00,0.02761
2017-05-26 18:38:00+02:00,0.027882
2017-05-26 18:39:00+02:00,0.025104
2017-05-26 18:40:00+02:00,0.024814
2017-05-26 18:41:00+02:00,0.030798
2017-05-26 18:42:00+02:00,0.030238
2017-05-26 18:43:00+02:00,0.027667
2017-05-26 18:44:00+02:00,0.024633
2017-05-26 18:45:00+02:00,0.022977
2017-05-26 18:46:00+02:00,0.021576
2017-05-26 18:47:00+02:00,0.021647
2017-05-26 18:48:00+02:00,0.025722
2017-05-26 18:49:00+02:00,0.026651
2017-05-26 18:50:00+02:00,0.025195
2017-05-26 18:51:00+02:00,0.023498
2017-05-26 18:52:00+02:00,0.02438
2017-05-26 18:53:00+02:00,0.026611
2017-05-26 18:54:00+02:00,0.026622
2017-05-26 18:55:00+02:00,0.02544
2017-05-26 18:56:00+02:00,0.020455
2017-05-26 18:57:00+02:00,0.023614
2017-05-26 18:58:00+02:00,0.02933
2017-05-26 18:59:00+02:00,0.026613
2017-05-26 19:00:00+02:00,0.026242
2017-05-26 19:01:00+02:00,0.026118
2017-05-26 19:02:00+02:00,0.026659
2017-05-26 19:03:00+02:00,0.028269
2017-05-26 19:04:00+02:00,0.027649
2017-05-26 19:05:00+02:00,0.023836
2017-05-26 19:06:00+02:00,0.024875
2017-05-26 19:07:00+02:00,0.028426
2017-05-26 19:08:00+02:00,0.024607
2017-05-26 19:09:00+02:00,0.023334
2017-05-26 19:10:00+02:00,0.02734
2017-05-26 19:11:00+02:00,0.029293
2017-05-26 19:12:00+02:00,0.029687
2017-05-26 19:13:00+02:00,0.031444
2017-05-26 19:14:00+02:00,0.030388
2017-05-26 19:15:00+02:00,0.029253
2017-05-26 19:16:00+02:00,0.030887
2017-05-26 19:17:00+02:00,0.031669
2017-05-26 19:18:00+02:00,0.028447
2017-05-26 19:19:00+02:00,0.027834
2017-05-26 19:20:00+02:00,0.02665
2017-05-26 19:21:00+02:00,0.027431
2017-05-26 19:22:00+02:00,0.027602
2017-05-26 19:23:00+02:00,0.027884
2017-05-26 19:24:00+02:00,0.026901
2017-05-26 19:25:00+02:00,0.029822
2017-05-26 19:26:00+02:00,0.030443
2017-05-26 19:27:00+02:00,0.030859
2017-05-26 19:28:00+02:00,0.029074
2017-05-26 19:29:00+02:00,0.028989
2017-05-26 19:30:00+02:00,0.028674
2017-05-26 19:31:00+02:00,0.02872
2017-05-26 19:32:00+02:00,0.022753
2017-05-26 19:33:00+02:00,0.024288
2017-05-26 19:34:00+02:00,0.02533
2017-05-26 19:35:00+02:00,0.026767
2017-05-26 19:36:00+02:00,0.027666
2017-05-26 19:37:00+02:00,0.031528
2017-05-26 19:38:00+02:00,0.032817
2017-05-26 19:39:00+02:00,0.036418
2017-05-26 19:40:00+02:00,0.033808
2017-05-26 19:41:00+02:00,0.035328
2017-05-26 19:42:00+02:00,0.033338
2017-05-26 19:43:00+02:00,0.035813
2017-05-26 19:44:00+02:00,0.030617
2017-05-26 19:45:00+02:00,0.025974
2017-05-26 19:46:00+02:00,0.024771
2017-05-26 19:47:00+02:00,0.024578
2017-05-26 19:48:00+02:00,0.02623
2017-05-26 19:49:00+02:00,0.030714
2017-05-26 19:50:00+02:00,0.032062
2017-05-26 19:51:00+02:00,0.027553
2017-05-26 19:52:00+02:00,0.029346
2017-05-26 19:53:00+02:00,0.029708
2017-05-26 19:54:00+02:00,0.026179
2017-05-26 19:55:00+02:00,0.025324
2017-05-26 19:56:00+02:00,0.024343
2017-05-26 19:57:00+02:00,0.024113
2017-05-26 19:58:00+02:00,0.025735
2017-05-26 19:59:00+02:00,0.026348
2017-05-26 20:00:00+02:00,0.026413
2017-05-26 20:01:00+02:00,0.030194
2017-05-26 20:02:00+02:00,0.031468
2017-05-26 20:03:00+02:00,0.03247
2017-05-26 20:04:00+02:00,0.033234
2017-05-26 20:05:00+02:00,0.03718
2017-05-26 20:06:00+02:00,0.035824
2017-05-26 20:07:00+02:00,0.029558
2017-05-26 20:08:00+02:00,0.030052
2017-05-26 20:09:00+02:00,0.028636
2017-05-26 20:10:00+02:00,0.026101
2017-05-26 20:11:00+02:00,0.029493
2017-05-26 20:12:00+02:00,0.029077
2017-05-26 20:13:00+02:00,0.028907
2017-05-26 20:14:00+02:00,0.029448
2017-05-26 20:15:00+02:00,0.028805
2017-05-26 20:16:00+02:00,0.030068
2017-05-26 20:17:00+02:00,0.026937
2017-05-26 20:18:00+02:00,0.02675
2017-05-26 20:19:00+02:00,0.025425
2017-05-26 20:20:00+02:00,0.025614
2017-05-26 20:21:00+02:00,0.025998
2017-05-26 20:22:00+02:00,0.030095
2017-05-26 20:23:00+02:00,0.028147
2017-05-26 20:24:00+02:00,0.031474
2017-05-26 20:25:00+02:00,0.028156
2017-05-26 20:26:00+02:00,0.023666
2017-05-26 20:27:00+02:00,0.023906
2017-05-26 20:28:00+02:00,0.026972
2017-05-26 20:29:00+02:00,0.024918
2017-05-26 20:30:00+02:00,0.024628
2017-05-26 20:31:00+02:00,0.024891
2017-05-26 20:32:00+02:00,0.025384
2017-05-26 20:33:00+02:00,0.026807
2017-05-26 20:34:00+02:00,0.027549
2017-05-26 20:35:00+02:00,0.028422
2017-05-26 20:36:00+02:00,0.027761
2017-05-26 20:37:00+02:00,0.027331
2017-05-26 20:38:00+02:00,0.02673
2017-05-26 20:39:00+02:00,0.025545
2017-05-26 20:40:00+02:00,0.02499
2017-05-26 20:41:00+02:00,0.025202
2017-05-26 20:42:00+02:00,0.027877
2017-05-26 20:43:00+02:00,0.026732
2017-05-26 20:44:00+02:00,0.02688
2017-05-26 20:45:00+02:00,0.027493
2017-05-26 20:46:00+02:00,0.02626
2017-05-26 20:47:00+02:00,0.024867
2017-05-26 20:48:00+02:00,0.026343
2017-05-26 20:49:00+02:00,0.026803
2017-05-26 20:50:00+02:00,0.030231
2017-05-26 20:51:00+02:00,0.032088
2017-05-26 20:52:00+02:00,0.028478
2017-05-26 20:53:00+02:00,0.028884
2017-05-26 20:54:00+02:00,0.029567
2017-05-26 20:55:00+02:00,0.027869
2017-05-26 20:56:00+02:00,0.030351
2017-05-26 20:57:00+02:00,0.029517
2017-05-26 20:58:00+02:00,0.028694
2017-05-26 20:59:00+02:00,0.028643
2017-05-26 21:00:00+02:00,0.030062
2017-05-26 21:01:00+02:00,0.031449
2017-05-26 21:02:00+02:00,0.031551
2017-05-26 21:03:00+02:00,0.034633
2017-05-26 21:04:00+02:00,0.031844
2017-05-26 21:05:00+02:00,0.029283
2017-05-26 21:06:00+02:00,0.030035
2017-05-26 21:07:00+02:00,0.02894
2017-05-26 21:08:00+02:00,0.030032
2017-05-26 21:09:00+02:00,0.031011
2017-05-26 21:10:00+02:00,0.028953
2017-05-26 21:11:00+02:00,0.02908
2017-05-26 21:12:00+02:00,0.028005
2017-05-26 21:13:00+02:00,0.02922
2017-05-26 21:14:00+02:00,0.033559
2017-05-26 21:15:00+02:00,0.036441
2017-05-26 21:16:00+02:00,0.04008
2017-05-26 21:17:00+02:00,0.039687
2017-05-26 21:18:00+02:00,0.040401
2017-05-26 21:19:00+02:00,0.036261
2017-05-26 21:20:00+02:00,0.036193
2017-05-26 21:21:00+02:00,0.034224
2017-05-26 21:22:00+02:00,0.031681
2017-05-26 21:23:00+02:00,0.033809
2017-05-26 21:24:00+02:00,0.032136
2017-05-26 21:25:00+02:00,0.030148
2017-05-26 21:26:00+02:00,0.032507
2017-05-26 21:27:00+02:00,0.030754
2017-05-26 21:28:00+02:00,0.028957
2017-05-26 21:29:00+02:00,0.029091
2017-05-26 21:30:00+02:00,0.032742
2017-05-26 21:31:00+02:00,0.03169
2017-05-26 21:32:00+02:00,0.030115
2017-05-26 21:33:00+02:00,0.030278
2017-05-26 21:34:00+02:00,0.034458
2017-05-26 21:35:00+02:00,0.040524
2017-05-26 21:36:00+02:00,0.037694
2017-05-26 21:37:00+02:00,0.032976
2017-05-26 21:38:00+02:00,0.033196
2017-05-26 21:39:00+02:00,0.035419
2017-05-26 21:40:00+02:00,0.030534
2017-05-26 21:41:00+02:00,0.028215
2017-05-26 21:42:00+02:00,0.028496
2017-05-26 21:43:00+02:00,0.029341
2017-05-26 21:44:00+02:00,0.02906
2017-05-26 21:45:00+02:00,0.030377
2017-05-26 21:46:00+02:00,0.034005
2017-05-26 21:47:00+02:00,0.031012
2017-05-26 21:48:00+02:00,0.030518
2017-05-26 21:49:00+02:00,0.031574
2017-05-26 21:50:00+02:00,0.031951
2017-05-26 21:51:00+02:00,0.031053
2017-05-26 21:52:00+02:00,0.02799
2017-05-26 21:53:00+02:00,0.027148
2017-05-26 21:54:00+02:00,0.032226
2017-05-26 21:55:00+02:00,0.032937
2017-05-26 21:56:00+02:00,0.033976
2017-05-26 21:57:00+02:00,0.031109
2017-05-26 21:58:00+02:00,0.030824
2017-05-26 21:59:00+02:00,0.030403
2017-05-26 22:00:00+02:00,0.030234
2017-05-26 22:01:00+02:00,0.031406
2017-05-26 22:02:00+02:00,0.035161
2017-05-26 22:03:00+02:00,0.037661
2017-05-26 22:04:00+02:00,0.035381
2017-05-26 22:05:00+02:00,0.034249
2017-05-26 22:06:00+02:00,0.034759
2017-05-26 22:07:00+02:00,0.03164
2017-05-26 22:08:00+02:00,0.028377
2017-05-26 22:09:00+02:00,0.027856
2017-05-26 22:10:00+02:00,0.027342
2017-05-26 22:11:00+02:00,0.024828
2017-05-26 22:12:00+02:00,0.02565
2017-05-26 22:13:00+02:00,0.027182
2017-05-26 22:14:00+02:00,0.024336
2017-05-26 22:15:00+02:00,0.02485
2017-05-26 22:16:00+02:00,0.027909
2017-05-26 22:17:00+02:00,0.032357
2017-05-26 22:18:00+02:00,0.031461
2017-05-26 22:19:00+02:00,0.031959
2017-05-26 22:20:00+02:00,0.031859
2017-05-26 22:21:00+02:00,0.02936
2017-05-26 22:22:00+02:00,0.028249
2017-05-26 22:23:00+02:00,0.028961
2017-05-26 22:24:00+02:00,0.029382
2017-05-26 22:25:00+02:00,0.030065
2017-05-26 22:26:00+02:00,0.029674
2017-05-26 22:27:00+02:00,0.029064
2017-05-26 22:28:00+02:00,0.028
2017-05-26 22:29:00+02:00,0.027368
2017-05-26 22:30:00+02:00,0.028802
2017-05-26 22:31:00+02:00,0.02889
2017-05-26 22:32:00+02:00,0.028247
2017-05-26 22:33:00+02:00,0.030578
2017-05-26 22:34:00+02:00,0.028028
2017-05-26 22:35:00+02:00,0.02636
2017-05-26 22:36:00+02:00,0.027416
2017-05-26 22:37:00+02:00,0.025607
2017-05-26 22:38:00+02:00,0.028362
2017-05-26 22:39:00+02:00,0.026835
2017-05-26 22:40:00+02:00,0.027027
2017-05-26 22:41:00+02:00,0.025299
2017-05-26 22:42:00+02:00,0.025293
2017-05-26 22:43:00+02:00,0.023165
2017-05-26 22:44:00+02:00,0.02452
2017-05-26 22:45:00+02:00,0.025416
2017-05-26 22:46:00+02:00,0.028333
2017-05-26 22:47:00+02:00,0.028209
2017-05-26 22:48:00+02:00,0.031082
2017-05-26 22:49:00+02:00,0.02796
2017-05-26 22:50:00+02:00,0.025299
2017-05-26 22:51:00+02:00,0.027388
2017-05-26 22:52:00+02:00,0.026725
2017-05-26 22:53:00+02:00,0.025721
2017-05-26 22:54:00+02:00,0.024766
2017-05-26 22:55:00+02:00,0.024977
2017-05-26 22:56:00+02:00,0.026029
2017-05-26 22:57:00+02:00,0.026069
2017-05-26 22:58:00+02:00,0.024677
2017-05-26 22:59:00+02:00,0.024306
2017-05-26 23:00:00+02:00,0.030328
2017-05-26 23:01:00+02:00,0.029926
2017-05-26 23:02:00+02:00,0.026061
2017-05-26 23:03:00+02:00,0.027706
2017-05-26 23:04:00+02:00,0.027318
2017-05-26 23:05:00+02:00,0.026631
2017-05-26 23:06:00+02:00,0.02898
2017-05-26 23:07:00+02:00,0.025428
2017-05-26 23:08:00+02:00,0.023511
2017-05-26 23:09:00+02:00,0.026702
2017-05-26 23:10:00+02:00,0.029594
2017-05-26 23:11:00+02:00,0.024755
2017-05-26 23:12:00+02:00,0.027214
2017-05-26 23:13:00+02:00,0.025417
2017-05-26 23:14:00+02:00,0.028587
2017-05-26 23:15:00+02:00,0.027529
2017-05-26 23:16:00+02:00,0.023535
2017-05-26 23:17:00+02:00,0.021901
2017-05-26 23:18:00+02:00,0.023687
2017-05-26 23:19:00+02:00,0.023135
2017-05-26 23:20:00+02:00,0.021842
2017-05-26 23:21:00+02:00,0.02473
2017-05-26 23:22:00+02:00,0.024719
2017-05-26 23:23:00+02:00,0.023887
2017-05-26 23:24:00+02:00,0.022703
2017-05-26 23:25:00+02:00,0.021629
2017-05-26 23:26:00+02:00,0.022912
2017-05-26 23:27:00+02:00,0.023373
2017-05-26 23:28:00+02:00,0.025129
2017-05-26 23:29:00+02:00,0.025069
2017-05-26 23:30:00+02:00,0.023794
2017-05-26 23:31:00+02:00,0.026175
2017-05-26 23:32:00+02:00,0.027722
2017-05-26 23:33:00+02:00,0.029437
2017-05-26 23:34:00+02:00,0.025588
2017-05-26 23:35:00+02:00,0.02439
2017-05-26 23:36:00+02:00,0.020753
2017-05-26 23:37:00+02:00,0.01968
2017-05-26 23:38:00+02:00,0.021484
2017-05-26 23:39:00+02:00,0.021354
2017-05-26 23:40:00+02:00,0.022398
2017-05-26 23:41:00+02:00,0.023477
2017-05-26 23:42:00+02:00,0.024222
2017-05-26 23:43:00+02:00,0.023476
2017-05-26 23:44:00+02:00,0.021469
2017-05-26 23:45:00+02:00,0.021138
2017-05-26 23:46:00+02:00,0.021822
2017-05-26 23:47:00+02:00,0.021451
2017-05-26 23:48:00+02:00,0.021091
2017-05-26 23:49:00+02:00,0.023819
2017-05-26 23:50:00+02:00,0.022085
2017-05-26 23:51:00+02:00,0.020748
2017-05-26 23:52:00+02:00,0.021533
2017-05-26 23:53:00+02:00,0.024768
2017-05-26 23:54:00+02:00,0.023109
2017-05-26 23:55:00+02:00,0.02109
2017-05-26 23:56:00+02:00,0.021661
2017-05-26 23:57:00+02:00,0.024715
2017-05-26 23:58:00+02:00,0.023808
2017-05-26 23:59:00+02:00,0.021887
2017-05-27 00:00:00+02:00,0.021066
2017-05-27 00:01:00+02:00,0.019454
2017-05-27 00:02:00+02:00,0.018212
2017-05-27 00:03:00+02:00,0.020278
2017-05-27 00:04:00+02:00,0.02019
2017-05-27 00:05:00+02:00,0.019085
2017-05-27 00:06:00+02:00,0.018132
2017-05-27 00:07:00+02:00,0.019104
2017-05-27 00:08:00+02:00,0.020206
2017-05-27 00:09:00+02:00,0.019644
2017-05-27 00:10:00+02:00,0.018452
2017-05-27 00:11:00+02:00,0.018271
2017-05-27 00:12:00+02:00,0.018431
2017-05-27 00:13:00+02:00,0.017981
2017-05-27 00:14:00+02:00,0.01786
2017-05-27 00:15:00+02:00,0.018091
2017-05-27 00:16:00+02:00,0.01792
2017-05-27 00:17:00+02:00,0.0181
2017-05-27 00:18:00+02:00,0.019534
2017-05-27 00:19:00+02:00,0.021512
2017-05-27 00:20:00+02:00,0.020136
2017-05-27 00:21:00+02:00,0.020026
2017-05-27 00:22:00+02:00,0.018339
2017-05-27 00:23:00+02:00,0.018139
2017-05-27 00:24:00+02:00,0.017518
2017-05-27 00:25:00+02:00,0.017628
2017-05-27 00:26:00+02:00,0.01867
2017-05-27 00:27:00+02:00,0.019902
2017-05-27 00:28:00+02:00,0.019161
2017-05-27 00:29:00+02:00,0.018831
2017-05-27 00:30:00+02:00,0.0218
2017-05-27 00:31:00+02:00,0.021507
2017-05-27 00:32:00+02:00,0.01875
2017-05-27 00:33:00+02:00,0.018451
2017-05-27 00:34:00+02:00,0.01799
2017-05-27 00:35:00+02:00,0.01789
2017-05-27 00:36:00+02:00,0.018051
2017-05-27 00:37:00+02:00,0.016164
2017-05-27 00:38:00+02:00,0.016426
2017-05-27 00:39:00+02:00,0.016395
2017-05-27 00:40:00+02:00,0.017948
2017-05-27 00:41:00+02:00,0.017757
2017-05-27 00:42:00+02:00,0.017564
2017-05-27 00:43:00+02:00,0.017034
2017-05-27 00:44:00+02:00,0.020955
2017-05-27 00:45:00+02:00,0.0186
2017-05-27 00:46:00+02:00,0.016718
2017-05-27 00:47:00+02:00,0.016278
2017-05-27 00:48:00+02:00,0.016148
2017-05-27 00:49:00+02:00,0.018284
2017-05-27 00:50:00+02:00,0.017953
2017-05-27 00:51:00+02:00,0.016226
2017-05-27 00:52:00+02:00,0.015576
2017-05-27 00:53:00+02:00,0.014985
2017-05-27 00:54:00+02:00,0.014915
2017-05-27 00:55:00+02:00,0.018164
2017-05-27 00:56:00+02:00,0.017864
2017-05-27 00:57:00+02:00,0.016099
2017-05-27 00:58:00+02:00,0.016081
2017-05-27 00:59:00+02:00,0.014283
2017-05-27 01:00:00+02:00,0.014212
2017-05-27 01:01:00+02:00,0.016064
2017-05-27 01:02:00+02:00,0.01855
2017-05-27 01:03:00+02:00,0.017518
2017-05-27 01:04:00+02:00,0.01805
2017-05-27 01:05:00+02:00,0.017198
2017-05-27 01:06:00+02:00,0.015996
2017-05-27 01:07:00+02:00,0.016047
2017-05-27 01:08:00+02:00,0.015257
2017-05-27 01:09:00+02:00,0.014864
2017-05-27 01:10:00+02:00,0.015436
2017-05-27 01:11:00+02:00,0.015355
2017-05-27 01:12:00+02:00,0.015876
2017-05-27 01:13:00+02:00,0.018264
2017-05-27 01:14:00+02:00,0.015485
2017-05-27 01:15:00+02:00,0.01399
2017-05-27 01:16:00+02:00,0.015534
2017-05-27 01:17:00+02:00,0.016358
2017-05-27 01:18:00+02:00,0.014001
2017-05-27 01:19:00+02:00,0.013529
2017-05-27 01:20:00+02:00,0.013679
2017-05-27 01:21:00+02:00,0.013379
2017-05-27 01:22:00+02:00,0.013179
2017-05-27 01:23:00+02:00,0.013629
2017-05-27 01:24:00+02:00,0.012417
2017-05-27 01:25:00+02:00,0.012949
2017-05-27 01:26:00+02:00,0.012889
2017-05-27 01:27:00+02:00,0.01481
2017-05-27 01:28:00+02:00,0.014921
2017-05-27 01:29:00+02:00,0.01451
2017-05-27 01:30:00+02:00,0.014581
2017-05-27 01:31:00+02:00,0.014511
2017-05-27 01:32:00+02:00,0.01434
2017-05-27 01:33:00+02:00,0.014271
2017-05-27 01:34:00+02:00,0.014741
2017-05-27 01:35:00+02:00,0.014841
2017-05-27 01:36:00+02:00,0.013759
2017-05-27 01:37:00+02:00,0.011967
2017-05-27 01:38:00+02:00,0.013359
2017-05-27 01:39:00+02:00,0.012928
2017-05-27 01:40:00+02:00,0.011857
2017-05-27 01:41:00+02:00,0.011607
2017-05-27 01:42:00+02:00,0.011447
2017-05-27 01:43:00+02:00,0.011266
2017-05-27 01:44:00+02:00,0.011076
2017-05-27 01:45:00+02:00,0.012267
2017-05-27 01:46:00+02:00,0.011396
2017-05-27 01:47:00+02:00,0.012197
2017-05-27 01:48:00+02:00,0.012078
2017-05-27 01:49:00+02:00,0.013632
2017-05-27 01:50:00+02:00,0.010916
2017-05-27 01:51:00+02:00,0.010966
2017-05-27 01:52:00+02:00,0.010816
2017-05-27 01:53:00+02:00,0.010625
2017-05-27 01:54:00+02:00,0.010234
2017-05-27 01:55:00+02:00,0.011136
2017-05-27 01:56:00+02:00,0.011858
2017-05-27 01:57:00+02:00,0.010775
2017-05-27 01:58:00+02:00,0.010134
2017-05-27 01:59:00+02:00,0.009764
2017-05-27 02:00:00+02:00,0.009855
2017-05-27 02:01:00+02:00,0.009534
2017-05-27 02:02:00+02:00,0.009234
2017-05-27 02:03:00+02:00,0.009564
2017-05-27 02:04:00+02:00,0.009364
2017-05-27 02:05:00+02:00,0.009504
2017-05-27 02:06:00+02:00,0.009254
2017-05-27 02:07:00+02:00,0.009274
2017-05-27 02:08:00+02:00,0.009534
2017-05-27 02:09:00+02:00,0.009054
2017-05-27 02:10:00+02:00,0.009234
2017-05-27 02:11:00+02:00,0.009154
2017-05-27 02:12:00+02:00,0.009614
2017-05-27 02:13:00+02:00,0.009534
2017-05-27 02:14:00+02:00,0.010115
2017-05-27 02:15:00+02:00,0.009985
2017-05-27 02:16:00+02:00,0.010536
2017-05-27 02:17:00+02:00,0.010716
2017-05-27 02:18:00+02:00,0.009544
2017-05-27 02:19:00+02:00,0.009655
2017-05-27 02:20:00+02:00,0.009895
2017-05-27 02:21:00+02:00,0.009674
2017-05-27 02:22:00+02:00,0.009604
2017-05-27 02:23:00+02:00,0.009664
2017-05-27 02:24:00+02:00,0.009644
2017-05-27 02:25:00+02:00,0.010275
2017-05-27 02:26:00+02:00,0.010525
2017-05-27 02:27:00+02:00,0.010225
2017-05-27 02:28:00+02:00,0.009814
2017-05-27 02:29:00+02:00,0.009574
2017-05-27 02:30:00+02:00,0.009744
2017-05-27 02:31:00+02:00,0.009915
2017-05-27 02:32:00+02:00,0.009925
2017-05-27 02:33:00+02:00,0.009785
2017-05-27 02:34:00+02:00,0.009294
2017-05-27 02:35:00+02:00,0.009474
2017-05-27 02:36:00+02:00,0.009694
2017-05-27 02:37:00+02:00,0.009774
2017-05-27 02:38:00+02:00,0.009844
2017-05-27 02:39:00+02:00,0.009163
2017-05-27 02:40:00+02:00,0.009324
2017-05-27 02:41:00+02:00,0.009314
2017-05-27 02:42:00+02:00,0.009514
2017-05-27 02:43:00+02:00,0.009834
2017-05-27 02:44:00+02:00,0.009864
2017-05-27 02:45:00+02:00,0.009824
2017-05-27 02:46:00+02:00,0.010044
2017-05-27 02:47:00+02:00,0.011636
2017-05-27 02:48:00+02:00,0.011096
2017-05-27 02:49:00+02:00,0.010414
2017-05-27 02:50:00+02:00,0.010124
2017-05-27 02:51:00+02:00,0.009844
2017-05-27 02:52:00+02:00,0.009453
2017-05-27 02:53:00+02:00,0.008873
2017-05-27 02:54:00+02:00,0.009273
2017-05-27 02:55:00+02:00,0.009123
2017-05-27 02:56:00+02:00,0.009023
2017-05-27 02:57:00+02:00,0.009043
2017-05-27 02:58:00+02:00,0.010385
2017-05-27 02:59:00+02:00,0.010075
2017-05-27 03:00:00+02:00,0.008302
2017-05-27 03:01:00+02:00,0.008443
2017-05-27 03:02:00+02:00,0.008303
2017-05-27 03:03:00+02:00,0.008513
2017-05-27 03:04:00+02:00,0.008783
2017-05-27 03:05:00+02:00,0.008864
2017-05-27 03:06:00+02:00,0.009054
2017-05-27 03:07:00+02:00,0.009224
2017-05-27 03:08:00+02:00,0.009003
2017-05-27 03:09:00+02:00,0.009134
2017-05-27 03:10:00+02:00,0.009294
2017-05-27 03:11:00+02:00,0.008884
2017-05-27 03:12:00+02:00,0.009194
2017-05-27 03:13:00+02:00,0.009164
2017-05-27 03:14:00+02:00,0.009164
2017-05-27 03:15:00+02:00,0.009014
2017-05-27 03:16:00+02:00,0.009434
2017-05-27 03:17:00+02:00,0.009625
2017-05-27 03:18:00+02:00,0.008964
2017-05-27 03:19:00+02:00,0.009274
2017-05-27 03:20:00+02:00,0.009294
2017-05-27 03:21:00+02:00,0.009364
2017-05-27 03:22:00+02:00,0.009424
2017-05-27 03:23:00+02:00,0.009554
2017-05-27 03:24:00+02:00,0.009584
2017-05-27 03:25:00+02:00,0.010205
2017-05-27 03:26:00+02:00,0.010706
2017-05-27 03:27:00+02:00,0.010546
2017-05-27 03:28:00+02:00,0.010085
2017-05-27 03:29:00+02:00,0.009624
2017-05-27 03:30:00+02:00,0.010325
2017-05-27 03:31:00+02:00,0.009644
2017-05-27 03:32:00+02:00,0.009735
2017-05-27 03:33:00+02:00,0.010426
2017-05-27 03:34:00+02:00,0.010366
2017-05-27 03:35:00+02:00,0.009935
2017-05-27 03:36:00+02:00,0.009735
2017-05-27 03:37:00+02:00,0.009725
2017-05-27 03:38:00+02:00,0.009665
2017-05-27 03:39:00+02:00,0.009404
2017-05-27 03:40:00+02:00,0.009495
2017-05-27 03:41:00+02:00,0.009605
2017-05-27 03:42:00+02:00,0.009925
2017-05-27 03:43:00+02:00,0.008963
2017-05-27 03:44:00+02:00,0.009184
2017-05-27 03:45:00+02:00,0.009905
2017-05-27 03:46:00+02:00,0.009955
2017-05-27 03:47:00+02:00,0.010396
2017-05-27 03:48:00+02:00,0.010225
2017-05-27 03:49:00+02:00,0.010225
2017-05-27 03:50:00+02:00,0.010075
2017-05-27 03:51:00+02:00,0.009254
2017-05-27 03:52:00+02:00,0.008873
2017-05-27 03:53:00+02:00,0.008763
2017-05-27 03:54:00+02:00,0.009024
2017-05-27 03:55:00+02:00,0.009224
2017-05-27 03:56:00+02:00,0.009454
2017-05-27 03:57:00+02:00,0.009594
2017-05-27 03:58:00+02:00,0.009514
2017-05-27 03:59:00+02:00,0.009674
2017-05-27 04:00:00+02:00,0.009674
2017-05-27 04:01:00+02:00,0.010015
2017-05-27 04:02:00+02:00,0.010215
2017-05-27 04:03:00+02:00,0.010305
2017-05-27 04:04:00+02:00,0.009744
2017-05-27 04:05:00+02:00,0.009814
2017-05-27 04:06:00+02:00,0.009854
2017-05-27 04:07:00+02:00,0.010065
2017-05-27 04:08:00+02:00,0.010165
2017-05-27 04:09:00+02:00,0.009574
2017-05-27 04:10:00+02:00,0.009684
2017-05-27 04:11:00+02:00,0.009684
2017-05-27 04:12:00+02:00,0.009965
2017-05-27 04:13:00+02:00,0.009905
2017-05-27 04:14:00+02:00,0.009684
2017-05-27 04:15:00+02:00,0.009414
2017-05-27 04:16:00+02:00,0.009274
2017-05-27 04:17:00+02:00,0.009124
2017-05-27 04:18:00+02:00,0.009024
2017-05-27 04:19:00+02:00,0.008733
2017-05-27 04:20:00+02:00,0.008593
2017-05-27 04:21:00+02:00,0.008643
2017-05-27 04:22:00+02:00,0.009434
2017-05-27 04:23:00+02:00,0.009604
2017-05-27 04:24:00+02:00,0.009844
2017-05-27 04:25:00+02:00,0.009674
2017-05-27 04:26:00+02:00,0.009975
2017-05-27 04:27:00+02:00,0.009654
2017-05-27 04:28:00+02:00,0.009454
2017-05-27 04:29:00+02:00,0.009104
2017-05-27 04:30:00+02:00,0.009174
2017-05-27 04:31:00+02:00,0.009174
2017-05-27 04:32:00+02:00,0.009244
2017-05-27 04:33:00+02:00,0.009134
2017-05-27 04:34:00+02:00,0.009284
2017-05-27 04:35:00+02:00,0.008903
2017-05-27 04:36:00+02:00,0.009414
2017-05-27 04:37:00+02:00,0.010315
2017-05-27 04:38:00+02:00,0.009483
2017-05-27 04:39:00+02:00,0.009724
2017-05-27 04:40:00+02:00,0.009574
2017-05-27 04:41:00+02:00,0.009634
2017-05-27 04:42:00+02:00,0.009484
2017-05-27 04:43:00+02:00,0.009354
2017-05-27 04:44:00+02:00,0.009103
2017-05-27 04:45:00+02:00,0.008904
2017-05-27 04:46:00+02:00,0.009104
2017-05-27 04:47:00+02:00,0.009044
2017-05-27 04:48:00+02:00,0.009364
2017-05-27 04:49:00+02:00,0.009424
2017-05-27 04:50:00+02:00,0.009994
2017-05-27 04:51:00+02:00,0.009734
2017-05-27 04:52:00+02:00,0.010074
2017-05-27 04:53:00+02:00,0.009664
2017-05-27 04:54:00+02:00,0.010334
2017-05-27 04:55:00+02:00,0.010474
2017-05-27 04:56:00+02:00,0.013433
2017-05-27 04:57:00+02:00,0.010204
2017-05-27 04:58:00+02:00,0.009894
2017-05-27 04:59:00+02:00,0.011705
2017-05-27 05:00:00+02:00,0.010364
2017-05-27 05:01:00+02:00,0.009674
2017-05-27 05:02:00+02:00,0.009784
2017-05-27 05:03:00+02:00,0.009504
2017-05-27 05:04:00+02:00,0.009324
2017-05-27 05:05:00+02:00,0.009504
2017-05-27 05:06:00+02:00,0.009864
2017-05-27 05:07:00+02:00,0.009684
2017-05-27 05:08:00+02:00,0.009133
2017-05-27 05:09:00+02:00,0.008983
2017-05-27 05:10:00+02:00,0.008283
2017-05-27 05:11:00+02:00,0.008283
2017-05-27 05:12:00+02:00,0.008373
2017-05-27 05:13:00+02:00,0.008493
2017-05-27 05:14:00+02:00,0.008623
2017-05-27 05:15:00+02:00,0.008763
2017-05-27 05:16:00+02:00,0.008994
2017-05-27 05:17:00+02:00,0.009154
2017-05-27 05:18:00+02:00,0.008953
2017-05-27 05:19:00+02:00,0.008873
2017-05-27 05:20:00+02:00,0.008353
2017-05-27 05:21:00+02:00,0.008563
2017-05-27 05:22:00+02:00,0.008523
2017-05-27 05:23:00+02:00,0.008603
2017-05-27 05:24:00+02:00,0.008653
2017-05-27 05:25:00+02:00,0.008773
2017-05-27 05:26:00+02:00,0.010858
2017-05-27 05:27:00+02:00,0.009745
2017-05-27 05:28:00+02:00,0.008934
2017-05-27 05:29:00+02:00,0.008914
2017-05-27 05:30:00+02:00,0.009094
2017-05-27 05:31:00+02:00,0.009294
2017-05-27 05:32:00+02:00,0.009124
2017-05-27 05:33:00+02:00,0.008903
2017-05-27 05:34:00+02:00,0.008843
2017-05-27 05:35:00+02:00,0.009374
2017-05-27 05:36:00+02:00,0.008943
2017-05-27 05:37:00+02:00,0.008373
2017-05-27 05:38:00+02:00,0.008443
2017-05-27 05:39:00+02:00,0.008653
2017-05-27 05:40:00+02:00,0.009784
2017-05-27 05:41:00+02:00,0.009784
2017-05-27 05:42:00+02:00,0.009874
2017-05-27 05:43:00+02:00,0.010024
2017-05-27 05:44:00+02:00,0.010125
2017-05-27 05:45:00+02:00,0.009974
2017-05-27 05:46:00+02:00,0.010165
2017-05-27 05:47:00+02:00,0.010255
2017-05-27 05:48:00+02:00,0.010475
2017-05-27 05:49:00+02:00,0.010315
2017-05-27 05:50:00+02:00,0.010085
2017-05-27 05:51:00+02:00,0.012176
2017-05-27 05:52:00+02:00,0.011536
2017-05-27 05:53:00+02:00,0.010905
2017-05-27 05:54:00+02:00,0.010265
2017-05-27 05:55:00+02:00,0.009774
2017-05-27 05:56:00+02:00,0.009754
2017-05-27 05:57:00+02:00,0.009314
2017-05-27 05:58:00+02:00,0.009184
2017-05-27 05:59:00+02:00,0.009674
2017-05-27 06:00:00+02:00,0.010264
2017-05-27 06:01:00+02:00,0.010495
2017-05-27 06:02:00+02:00,0.010515
2017-05-27 06:03:00+02:00,0.010104
2017-05-27 06:04:00+02:00,0.010245
2017-05-27 06:05:00+02:00,0.010615
2017-05-27 06:06:00+02:00,0.011066
2017-05-27 06:07:00+02:00,0.011126
2017-05-27 06:08:00+02:00,0.011156
2017-05-27 06:09:00+02:00,0.012727
2017-05-27 06:10:00+02:00,0.017437
2017-05-27 06:11:00+02:00,0.017217
2017-05-27 06:12:00+02:00,0.016094
2017-05-27 06:13:00+02:00,0.013909
2017-05-27 06:14:00+02:00,0.014641
2017-05-27 06:15:00+02:00,0.014051
2017-05-27 06:16:00+02:00,0.012888
2017-05-27 06:17:00+02:00,0.01392
2017-05-27 06:18:00+02:00,0.01381
2017-05-27 06:19:00+02:00,0.01395
2017-05-27 06:20:00+02:00,0.015311
2017-05-27 06:21:00+02:00,0.015382
2017-05-27 06:22:00+02:00,0.015602
2017-05-27 06:23:00+02:00,0.015853
2017-05-27 06:24:00+02:00,0.015161
2017-05-27 06:25:00+02:00,0.013197
2017-05-27 06:26:00+02:00,0.013889
2017-05-27 06:27:00+02:00,0.017817
2017-05-27 06:28:00+02:00,0.018058
2017-05-27 06:29:00+02:00,0.017397
2017-05-27 06:30:00+02:00,0.017148
2017-05-27 06:31:00+02:00,0.016867
2017-05-27 06:32:00+02:00,0.01781
2017-05-27 06:33:00+02:00,0.018451
2017-05-27 06:34:00+02:00,0.019824
2017-05-27 06:35:00+02:00,0.019023
2017-05-27 06:36:00+02:00,0.016085
2017-05-27 06:37:00+02:00,0.015774
2017-05-27 06:38:00+02:00,0.017798
2017-05-27 06:39:00+02:00,0.019092
2017-05-27 06:40:00+02:00,0.015814
2017-05-27 06:41:00+02:00,0.015193
2017-05-27 06:42:00+02:00,0.016386
2017-05-27 06:43:00+02:00,0.015144
2017-05-27 06:44:00+02:00,0.014711
2017-05-27 06:45:00+02:00,0.014511
2017-05-27 06:46:00+02:00,0.014882
2017-05-27 06:47:00+02:00,0.015413
2017-05-27 06:48:00+02:00,0.014942
2017-05-27 06:49:00+02:00,0.013799
2017-05-27 06:50:00+02:00,0.013209
2017-05-27 06:51:00+02:00,0.01422
2017-05-27 06:52:00+02:00,0.014471
2017-05-27 06:53:00+02:00,0.014112
2017-05-27 06:54:00+02:00,0.016695
2017-05-27 06:55:00+02:00,0.016044
2017-05-27 06:56:00+02:00,0.015453
2017-05-27 06:57:00+02:00,0.016013
2017-05-27 06:58:00+02:00,0.016755
2017-05-27 06:59:00+02:00,0.017256
2017-05-27 07:00:00+02:00,0.016935
2017-05-27 07:01:00+02:00,0.016945
2017-05-27 07:02:00+02:00,0.017657
2017-05-27 07:03:00+02:00,0.019132
2017-05-27 07:04:00+02:00,0.018652
2017-05-27 07:05:00+02:00,0.019703
2017-05-27 07:06:00+02:00,0.020094
2017-05-27 07:07:00+02:00,0.020255
2017-05-27 07:08:00+02:00,0.021714
2017-05-27 07:09:00+02:00,0.021234
2017-05-27 07:10:00+02:00,0.020914
2017-05-27 07:11:00+02:00,0.020883
2017-05-27 07:12:00+02:00,0.01962
2017-05-27 07:13:00+02:00,0.01932
2017-05-27 07:14:00+02:00,0.019171
2017-05-27 07:15:00+02:00,0.019611
2017-05-27 07:16:00+02:00,0.020302
2017-05-27 07:17:00+02:00,0.020774
2017-05-27 07:18:00+02:00,0.022505
2017-05-27 07:19:00+02:00,0.023692
2017-05-27 07:20:00+02:00,0.023803
2017-05-27 07:21:00+02:00,0.023008
2017-05-27 07:22:00+02:00,0.02381
2017-05-27 07:23:00+02:00,0.025036
2017-05-27 07:24:00+02:00,0.027025
2017-05-27 07:25:00+02:00,0.025831
2017-05-27 07:26:00+02:00,0.024642
2017-05-27 07:27:00+02:00,0.027073
2017-05-27 07:28:00+02:00,0.027631
2017-05-27 07:29:00+02:00,0.024395
2017-05-27 07:30:00+02:00,0.025302
2017-05-27 07:31:00+02:00,0.029055
2017-05-27 07:32:00+02:00,0.030798
2017-05-27 07:33:00+02:00,0.02716
2017-05-27 07:34:00+02:00,0.027144
2017-05-27 07:35:00+02:00,0.029749
2017-05-27 07:36:00+02:00,0.027683
2017-05-27 07:37:00+02:00,0.030057
2017-05-27 07:38:00+02:00,0.026177
2017-05-27 07:39:00+02:00,0.025014
2017-05-27 07:40:00+02:00,0.026418
2017-05-27 07:41:00+02:00,0.02392
2017-05-27 07:42:00+02:00,0.024734
2017-05-27 07:43:00+02:00,0.025631
2017-05-27 07:44:00+02:00,0.02381
2017-05-27 07:45:00+02:00,0.025866
2017-05-27 07:46:00+02:00,0.029125
2017-05-27 07:47:00+02:00,0.031145
2017-05-27 07:48:00+02:00,0.027751
2017-05-27 07:49:00+02:00,0.023433
2017-05-27 07:50:00+02:00,0.024255
2017-05-27 07:51:00+02:00,0.027252
2017-05-27 07:52:00+02:00,0.030256
2017-05-27 07:53:00+02:00,0.028588
2017-05-27 07:54:00+02:00,0.029229
2017-05-27 07:55:00+02:00,0.033814
2017-05-27 07:56:00+02:00,0.032289
2017-05-27 07:57:00+02:00,0.036417
2017-05-27 07:58:00+02:00,0.036445
2017-05-27 07:59:00+02:00,0.033754
2017-05-27 08:00:00+02:00,0.031913
2017-05-27 08:01:00+02:00,0.028721
2017-05-27 08:02:00+02:00,0.025854
2017-05-27 08:03:00+02:00,0.023256
2017-05-27 08:04:00+02:00,0.022231
2017-05-27 08:05:00+02:00,0.021849
2017-05-27 08:06:00+02:00,0.028025
2017-05-27 08:07:00+02:00,0.032026
2017-05-27 08:08:00+02:00,0.019382
2017-05-27 08:09:00+02:00,0.019432
2017-05-27 08:10:00+02:00,0.019292
2017-05-27 08:11:00+02:00,0.018731
2017-05-27 08:12:00+02:00,0.017858
2017-05-27 08:13:00+02:00,0.017978
2017-05-27 08:14:00+02:00,0.018219
2017-05-27 08:15:00+02:00,0.017799
2017-05-27 08:16:00+02:00,0.017529
2017-05-27 08:17:00+02:00,0.017218
2017-05-27 08:18:00+02:00,0.01763
2017-05-27 08:19:00+02:00,0.016858
2017-05-27 08:20:00+02:00,0.018559
2017-05-27 08:21:00+02:00,0.0189
2017-05-27 08:22:00+02:00,0.0196
2017-05-27 08:23:00+02:00,0.01929
2017-05-27 08:24:00+02:00,0.019039
2017-05-27 08:25:00+02:00,0.017386
2017-05-27 08:26:00+02:00,0.018097
2017-05-27 08:27:00+02:00,0.021582
2017-05-27 08:28:00+02:00,0.01975
2017-05-27 08:29:00+02:00,0.018918
2017-05-27 08:30:00+02:00,0.019229
2017-05-27 08:31:00+02:00,0.017807
2017-05-27 08:32:00+02:00,0.017548
2017-05-27 08:33:00+02:00,0.016393
2017-05-27 08:34:00+02:00,0.017895
2017-05-27 08:35:00+02:00,0.017935
2017-05-27 08:36:00+02:00,0.021993
2017-05-27 08:37:00+02:00,0.023337
2017-05-27 08:38:00+02:00,0.020298
2017-05-27 08:39:00+02:00,0.018976
2017-05-27 08:40:00+02:00,0.017524
2017-05-27 08:41:00+02:00,0.017384
2017-05-27 08:42:00+02:00,0.016943
2017-05-27 08:43:00+02:00,0.018106
2017-05-27 08:44:00+02:00,0.01865
2017-05-27 08:45:00+02:00,0.017911
2017-05-27 08:46:00+02:00,0.017907
2017-05-27 08:47:00+02:00,0.018461
2017-05-27 08:48:00+02:00,0.018241
2017-05-27 08:49:00+02:00,0.019552
2017-05-27 08:50:00+02:00,0.016865
2017-05-27 08:51:00+02:00,0.017686
2017-05-27 08:52:00+02:00,0.022765
2017-05-27 08:53:00+02:00,0.022665
2017-05-27 08:54:00+02:00,0.022893
2017-05-27 08:55:00+02:00,0.026251
2017-05-27 08:56:00+02:00,0.024015
2017-05-27 08:57:00+02:00,0.025669
2017-05-27 08:58:00+02:00,0.024514
2017-05-27 08:59:00+02:00,0.024545
2017-05-27 09:00:00+02:00,0.025036
2017-05-27 09:01:00+02:00,0.024904
2017-05-27 09:02:00+02:00,0.026829
2017-05-27 09:03:00+02:00,0.028185
2017-05-27 09:04:00+02:00,0.025256
2017-05-27 09:05:00+02:00,0.027092
2017-05-27 09:06:00+02:00,0.028698
2017-05-27 09:07:00+02:00,0.028461
2017-05-27 09:08:00+02:00,0.035323
2017-05-27 09:09:00+02:00,0.033344
2017-05-27 09:10:00+02:00,0.029421
2017-05-27 09:11:00+02:00,0.028446
2017-05-27 09:12:00+02:00,0.031455
2017-05-27 09:13:00+02:00,0.032304
2017-05-27 09:14:00+02:00,0.026254
2017-05-27 09:15:00+02:00,0.026168
2017-05-27 09:16:00+02:00,0.020366
2017-05-27 09:17:00+02:00,0.023722
2017-05-27 09:18:00+02:00,0.022998
2017-05-27 09:19:00+02:00,0.02482
2017-05-27 09:20:00+02:00,0.027068
2017-05-27 09:21:00+02:00,0.025742
2017-05-27 09:22:00+02:00,0.027197
2017-05-27 09:23:00+02:00,0.022368
2017-05-27 09:24:00+02:00,0.022178
2017-05-27 09:25:00+02:00,0.022036
2017-05-27 09:26:00+02:00,0.020762
2017-05-27 09:27:00+02:00,0.020644
2017-05-27 09:28:00+02:00,0.019238
2017-05-27 09:29:00+02:00,0.018817
2017-05-27 09:30:00+02:00,0.020481
2017-05-27 09:31:00+02:00,0.022914
2017-05-27 09:32:00+02:00,0.020671
2017-05-27 09:33:00+02:00,0.018817
2017-05-27 09:34:00+02:00,0.017916
2017-05-27 09:35:00+02:00,0.017885
2017-05-27 09:36:00+02:00,0.018015
2017-05-27 09:37:00+02:00,0.019869
2017-05-27 09:38:00+02:00,0.0203
2017-05-27 09:39:00+02:00,0.02004
2017-05-27 09:40:00+02:00,0.020042
2017-05-27 09:41:00+02:00,0.020333
2017-05-27 09:42:00+02:00,0.022126
2017-05-27 09:43:00+02:00,0.022708
2017-05-27 09:44:00+02:00,0.022878
2017-05-27 09:45:00+02:00,0.021033
2017-05-27 09:46:00+02:00,0.019851
2017-05-27 09:47:00+02:00,0.017106
2017-05-27 09:48:00+02:00,0.018478
2017-05-27 09:49:00+02:00,0.018589
2017-05-27 09:50:00+02:00,0.017806
2017-05-27 09:51:00+02:00,0.018698
2017-05-27 09:52:00+02:00,0.018565
2017-05-27 09:53:00+02:00,0.018305
2017-05-27 09:54:00+02:00,0.017985
2017-05-27 09:55:00+02:00,0.018526
2017-05-27 09:56:00+02:00,0.018988
2017-05-27 09:57:00+02:00,0.020582
2017-05-27 09:58:00+02:00,0.020192
2017-05-27 09:59:00+02:00,0.019982
2017-05-27 10:00:00+02:00,0.018517
2017-05-27 10:01:00+02:00,0.018899
2017-05-27 10:02:00+02:00,0.019049
2017-05-27 10:03:00+02:00,0.017755
2017-05-27 10:04:00+02:00,0.017525
2017-05-27 10:05:00+02:00,0.017404
2017-05-27 10:06:00+02:00,0.017064
2017-05-27 10:07:00+02:00,0.017845
2017-05-27 10:08:00+02:00,0.018676
2017-05-27 10:09:00+02:00,0.018716
2017-05-27 10:10:00+02:00,0.018386
2017-05-27 10:11:00+02:00,0.018808
2017-05-27 10:12:00+02:00,0.018487
2017-05-27 10:13:00+02:00,0.018979
2017-05-27 10:14:00+02:00,0.018769
2017-05-27 10:15:00+02:00,0.01939
2017-05-27 10:16:00+02:00,0.020443
2017-05-27 10:17:00+02:00,0.020463
2017-05-27 10:18:00+02:00,0.02218
2017-05-27 10:19:00+02:00,0.024394
2017-05-27 10:20:00+02:00,0.024305
2017-05-27 10:21:00+02:00,0.022338
2017-05-27 10:22:00+02:00,0.024003
2017-05-27 10:23:00+02:00,0.023923
2017-05-27 10:24:00+02:00,0.021567
2017-05-27 10:25:00+02:00,0.022259
2017-05-27 10:26:00+02:00,0.022287
2017-05-27 10:27:00+02:00,0.024561
2017-05-27 10:28:00+02:00,0.026216
2017-05-27 10:29:00+02:00,0.020913
2017-05-27 10:30:00+02:00,0.021514
2017-05-27 10:31:00+02:00,0.023828
2017-05-27 10:32:00+02:00,0.025241
2017-05-27 10:33:00+02:00,0.021662
2017-05-27 10:34:00+02:00,0.021307
2017-05-27 10:35:00+02:00,0.025231
2017-05-27 10:36:00+02:00,0.023422
2017-05-27 10:37:00+02:00,0.023846
2017-05-27 10:38:00+02:00,0.024757
2017-05-27 10:39:00+02:00,0.025329
2017-05-27 10:40:00+02:00,0.023034
2017-05-27 10:41:00+02:00,0.022874
2017-05-27 10:42:00+02:00,0.022572
2017-05-27 10:43:00+02:00,0.023403
2017-05-27 10:44:00+02:00,0.024224
2017-05-27 10:45:00+02:00,0.024946
2017-05-27 10:46:00+02:00,0.025785
2017-05-27 10:47:00+02:00,0.024933
2017-05-27 10:48:00+02:00,0.021361
2017-05-27 10:49:00+02:00,0.02065
2017-05-27 10:50:00+02:00,0.020208
2017-05-27 10:51:00+02:00,0.020298
2017-05-27 10:52:00+02:00,0.019797
2017-05-27 10:53:00+02:00,0.020878
2017-05-27 10:54:00+02:00,0.019837
2017-05-27 10:55:00+02:00,0.018476
2017-05-27 10:56:00+02:00,0.017986
2017-05-27 10:57:00+02:00,0.017334
2017-05-27 10:58:00+02:00,0.017314
2017-05-27 10:59:00+02:00,0.018457
2017-05-27 11:00:00+02:00,0.019612
2017-05-27 11:01:00+02:00,0.019051
2017-05-27 11:02:00+02:00,0.02165
2017-05-27 11:03:00+02:00,0.020395
2017-05-27 11:04:00+02:00,0.019432
2017-05-27 11:05:00+02:00,0.017708
2017-05-27 11:06:00+02:00,0.016244
2017-05-27 11:07:00+02:00,0.016685
2017-05-27 11:08:00+02:00,0.016174
2017-05-27 11:09:00+02:00,0.01487
2017-05-27 11:10:00+02:00,0.01471
2017-05-27 11:11:00+02:00,0.015131
2017-05-27 11:12:00+02:00,0.015982
2017-05-27 11:13:00+02:00,0.015952
2017-05-27 11:14:00+02:00,0.016103
2017-05-27 11:15:00+02:00,0.016266
2017-05-27 11:16:00+02:00,0.015764
2017-05-27 11:17:00+02:00,0.015111
2017-05-27 11:18:00+02:00,0.025081
2017-05-27 11:19:00+02:00,0.01433
2017-05-27 11:20:00+02:00,0.018226
2017-05-27 11:21:00+02:00,0.016341
2017-05-27 11:22:00+02:00,0.01503
2017-05-27 11:23:00+02:00,0.01486
2017-05-27 11:24:00+02:00,0.016115
2017-05-27 11:25:00+02:00,0.016495
2017-05-27 11:26:00+02:00,0.014959
2017-05-27 11:27:00+02:00,0.015692
2017-05-27 11:28:00+02:00,0.01495
2017-05-27 11:29:00+02:00,0.015982
2017-05-27 11:30:00+02:00,0.017603
2017-05-27 11:31:00+02:00,0.017463
2017-05-27 11:32:00+02:00,0.017864
2017-05-27 11:33:00+02:00,0.019129
2017-05-27 11:34:00+02:00,0.019009
2017-05-27 11:35:00+02:00,0.017768
2017-05-27 11:36:00+02:00,0.017668
2017-05-27 11:37:00+02:00,0.017859
2017-05-27 11:38:00+02:00,0.018401
2017-05-27 11:39:00+02:00,0.01824
2017-05-27 11:40:00+02:00,0.018231
2017-05-27 11:41:00+02:00,0.01813
2017-05-27 11:42:00+02:00,0.017406
2017-05-27 11:43:00+02:00,0.016272
2017-05-27 11:44:00+02:00,0.016534
2017-05-27 11:45:00+02:00,0.017025
2017-05-27 11:46:00+02:00,0.017205
2017-05-27 11:47:00+02:00,0.016604
2017-05-27 11:48:00+02:00,0.016344
2017-05-27 11:49:00+02:00,0.018681
2017-05-27 11:50:00+02:00,0.018833
2017-05-27 11:51:00+02:00,0.017297
2017-05-27 11:52:00+02:00,0.016574
2017-05-27 11:53:00+02:00,0.017016
2017-05-27 11:54:00+02:00,0.016465
2017-05-27 11:55:00+02:00,0.017176
2017-05-27 11:56:00+02:00,0.018269
2017-05-27 11:57:00+02:00,0.017246
2017-05-27 11:58:00+02:00,0.017928
2017-05-27 11:59:00+02:00,0.018961
2017-05-27 12:00:00+02:00,0.021176
2017-05-27 12:01:00+02:00,0.021348
2017-05-27 12:02:00+02:00,0.019038
2017-05-27 12:03:00+02:00,0.018726
2017-05-27 12:04:00+02:00,0.021633
2017-05-27 12:05:00+02:00,0.020781
2017-05-27 12:06:00+02:00,0.018517
2017-05-27 12:07:00+02:00,0.018609
2017-05-27 12:08:00+02:00,0.018218
2017-05-27 12:09:00+02:00,0.018269
2017-05-27 12:10:00+02:00,0.018179
2017-05-27 12:11:00+02:00,0.017759
2017-05-27 12:12:00+02:00,0.016625
2017-05-27 12:13:00+02:00,0.015683
2017-05-27 12:14:00+02:00,0.018822
2017-05-27 12:15:00+02:00,0.018449
2017-05-27 12:16:00+02:00,0.016723
2017-05-27 12:17:00+02:00,0.017204
2017-05-27 12:18:00+02:00,0.017234
2017-05-27 12:19:00+02:00,0.016022
2017-05-27 12:20:00+02:00,0.015472
2017-05-27 12:21:00+02:00,0.015732
2017-05-27 12:22:00+02:00,0.015733
2017-05-27 12:23:00+02:00,0.015962
2017-05-27 12:24:00+02:00,0.016814
2017-05-27 12:25:00+02:00,0.016683
2017-05-27 12:26:00+02:00,0.016062
2017-05-27 12:27:00+02:00,0.016604
2017-05-27 12:28:00+02:00,0.016063
2017-05-27 12:29:00+02:00,0.015763
2017-05-27 12:30:00+02:00,0.016664
2017-05-27 12:31:00+02:00,0.016474
2017-05-27 12:32:00+02:00,0.016565
2017-05-27 12:33:00+02:00,0.015964
2017-05-27 12:34:00+02:00,0.016394
2017-05-27 12:35:00+02:00,0.019126
2017-05-27 12:36:00+02:00,0.017445
2017-05-27 12:37:00+02:00,0.015382
2017-05-27 12:38:00+02:00,0.015934
2017-05-27 12:39:00+02:00,0.018327
2017-05-27 12:40:00+02:00,0.020932
2017-05-27 12:41:00+02:00,0.017246
2017-05-27 12:42:00+02:00,0.016273
2017-05-27 12:43:00+02:00,0.017264
2017-05-27 12:44:00+02:00,0.018255
2017-05-27 12:45:00+02:00,0.016493
2017-05-27 12:46:00+02:00,0.015842
2017-05-27 12:47:00+02:00,0.016042
2017-05-27 12:48:00+02:00,0.018054
2017-05-27 12:49:00+02:00,0.020327
2017-05-27 12:50:00+02:00,0.018155
2017-05-27 12:51:00+02:00,0.016923
2017-05-27 12:52:00+02:00,0.017384
2017-05-27 12:53:00+02:00,0.017624
2017-05-27 12:54:00+02:00,0.016603
2017-05-27 12:55:00+02:00,0.016694
2017-05-27 12:56:00+02:00,0.016854
2017-05-27 12:57:00+02:00,0.018769
2017-05-27 12:58:00+02:00,0.018548
2017-05-27 12:59:00+02:00,0.021663
2017-05-27 13:00:00+02:00,0.020044
2017-05-27 13:01:00+02:00,0.0211
2017-05-27 13:02:00+02:00,0.017566
2017-05-27 13:03:00+02:00,0.017997
2017-05-27 13:04:00+02:00,0.018229
2017-05-27 13:05:00+02:00,0.017606
2017-05-27 13:06:00+02:00,0.017686
2017-05-27 13:07:00+02:00,0.017727
2017-05-27 13:08:00+02:00,0.017486
2017-05-27 13:09:00+02:00,0.017156
2017-05-27 13:10:00+02:00,0.016225
2017-05-27 13:11:00+02:00,0.016065
2017-05-27 13:12:00+02:00,0.016305
2017-05-27 13:13:00+02:00,0.016305
2017-05-27 13:14:00+02:00,0.017264
2017-05-27 13:15:00+02:00,0.015443
2017-05-27 13:16:00+02:00,0.015492
2017-05-27 13:17:00+02:00,0.017454
2017-05-27 13:18:00+02:00,0.014651
2017-05-27 13:19:00+02:00,0.014591
2017-05-27 13:20:00+02:00,0.017456
2017-05-27 13:21:00+02:00,0.018118
2017-05-27 13:22:00+02:00,0.016173
2017-05-27 13:23:00+02:00,0.016333
2017-05-27 13:24:00+02:00,0.015682
2017-05-27 13:25:00+02:00,0.015542
2017-05-27 13:26:00+02:00,0.015853
2017-05-27 13:27:00+02:00,0.018091
2017-05-27 13:28:00+02:00,0.016015
2017-05-27 13:29:00+02:00,0.016746
2017-05-27 13:30:00+02:00,0.017067
2017-05-27 13:31:00+02:00,0.018443
2017-05-27 13:32:00+02:00,0.019405
2017-05-27 13:33:00+02:00,0.017227
2017-05-27 13:34:00+02:00,0.016366
2017-05-27 13:35:00+02:00,0.021162
2017-05-27 13:36:00+02:00,0.020039
2017-05-27 13:37:00+02:00,0.017433
2017-05-27 13:38:00+02:00,0.017544
2017-05-27 13:39:00+02:00,0.017384
2017-05-27 13:40:00+02:00,0.017605
2017-05-27 13:41:00+02:00,0.017444
2017-05-27 13:42:00+02:00,0.018436
2017-05-27 13:43:00+02:00,0.017845
2017-05-27 13:44:00+02:00,0.016063
2017-05-27 13:45:00+02:00,0.017396
2017-05-27 13:46:00+02:00,0.020242
2017-05-27 13:47:00+02:00,0.022045
2017-05-27 13:48:00+02:00,0.019698
2017-05-27 13:49:00+02:00,0.019209
2017-05-27 13:50:00+02:00,0.019214
2017-05-27 13:51:00+02:00,0.019756
2017-05-27 13:52:00+02:00,0.021301
2017-05-27 13:53:00+02:00,0.019606
2017-05-27 13:54:00+02:00,0.019394
2017-05-27 13:55:00+02:00,0.017718
2017-05-27 13:56:00+02:00,0.020011
2017-05-27 13:57:00+02:00,0.020454
2017-05-27 13:58:00+02:00,0.021195
2017-05-27 13:59:00+02:00,0.01934
2017-05-27 14:00:00+02:00,0.018909
2017-05-27 14:01:00+02:00,0.019139
2017-05-27 14:02:00+02:00,0.018267
2017-05-27 14:03:00+02:00,0.021256
2017-05-27 14:04:00+02:00,0.021436
2017-05-27 14:05:00+02:00,0.018592
2017-05-27 14:06:00+02:00,0.018854
2017-05-27 14:07:00+02:00,0.022015
2017-05-27 14:08:00+02:00,0.020932
2017-05-27 14:09:00+02:00,0.019147
2017-05-27 14:10:00+02:00,0.018873
2017-05-27 14:11:00+02:00,0.021082
2017-05-27 14:12:00+02:00,0.020138
2017-05-27 14:13:00+02:00,0.02071
2017-05-27 14:14:00+02:00,0.022221
2017-05-27 14:15:00+02:00,0.021432
2017-05-27 14:16:00+02:00,0.019845
2017-05-27 14:17:00+02:00,0.020655
2017-05-27 14:18:00+02:00,0.019472
2017-05-27 14:19:00+02:00,0.020004
2017-05-27 14:20:00+02:00,0.018939
2017-05-27 14:21:00+02:00,0.019751
2017-05-27 14:22:00+02:00,0.020292
2017-05-27 14:23:00+02:00,0.020183
2017-05-27 14:24:00+02:00,0.019953
2017-05-27 14:25:00+02:00,0.021134
2017-05-27 14:26:00+02:00,0.023026
2017-05-27 14:27:00+02:00,0.023441
2017-05-27 14:28:00+02:00,0.022723
2017-05-27 14:29:00+02:00,0.020718
2017-05-27 14:30:00+02:00,0.020516
2017-05-27 14:31:00+02:00,0.018882
2017-05-27 14:32:00+02:00,0.019774
2017-05-27 14:33:00+02:00,0.019844
2017-05-27 14:34:00+02:00,0.019093
2017-05-27 14:35:00+02:00,0.017827
2017-05-27 14:36:00+02:00,0.018137
2017-05-27 14:37:00+02:00,0.018538
2017-05-27 14:38:00+02:00,0.017375
2017-05-27 14:39:00+02:00,0.017596
2017-05-27 14:40:00+02:00,0.016595
2017-05-27 14:41:00+02:00,0.016305
2017-05-27 14:42:00+02:00,0.017606
2017-05-27 14:43:00+02:00,0.019139
2017-05-27 14:44:00+02:00,0.018557
2017-05-27 14:45:00+02:00,0.016845
2017-05-27 14:46:00+02:00,0.018443
2017-05-27 14:47:00+02:00,0.017681
2017-05-27 14:48:00+02:00,0.015844
2017-05-27 14:49:00+02:00,0.016186
2017-05-27 14:50:00+02:00,0.017609
2017-05-27 14:51:00+02:00,0.017638
2017-05-27 14:52:00+02:00,0.018351
2017-05-27 14:53:00+02:00,0.017098
2017-05-27 14:54:00+02:00,0.016908
2017-05-27 14:55:00+02:00,0.021526
2017-05-27 14:56:00+02:00,0.021565
2017-05-27 14:57:00+02:00,0.016075
2017-05-27 14:58:00+02:00,0.015844
2017-05-27 14:59:00+02:00,0.015333
2017-05-27 15:00:00+02:00,0.015534
2017-05-27 15:01:00+02:00,0.016095
2017-05-27 15:02:00+02:00,0.017189
2017-05-27 15:03:00+02:00,0.016788
2017-05-27 15:04:00+02:00,0.019224
2017-05-27 15:05:00+02:00,0.021495
2017-05-27 15:06:00+02:00,0.020852
2017-05-27 15:07:00+02:00,0.019695
2017-05-27 15:08:00+02:00,0.019415
2017-05-27 15:09:00+02:00,0.019315
2017-05-27 15:10:00+02:00,0.018562
2017-05-27 15:11:00+02:00,0.018652
2017-05-27 15:12:00+02:00,0.018191
2017-05-27 15:13:00+02:00,0.017962
2017-05-27 15:14:00+02:00,0.018001
2017-05-27 15:15:00+02:00,0.018322
2017-05-27 15:16:00+02:00,0.016917
2017-05-27 15:17:00+02:00,0.015131
2017-05-27 15:18:00+02:00,0.014401
2017-05-27 15:19:00+02:00,0.013609
2017-05-27 15:20:00+02:00,0.014592
2017-05-27 15:21:00+02:00,0.014141
2017-05-27 15:22:00+02:00,0.014932
2017-05-27 15:23:00+02:00,0.014953
2017-05-27 15:24:00+02:00,0.015612
2017-05-27 15:25:00+02:00,0.01919
2017-05-27 15:26:00+02:00,0.020996
2017-05-27 15:27:00+02:00,0.023643
2017-05-27 15:28:00+02:00,0.024801
2017-05-27 15:29:00+02:00,0.02406
2017-05-27 15:30:00+02:00,0.022418
2017-05-27 15:31:00+02:00,0.021774
2017-05-27 15:32:00+02:00,0.021854
2017-05-27 15:33:00+02:00,0.025391
2017-05-27 15:34:00+02:00,0.023313
2017-05-27 15:35:00+02:00,0.023364
2017-05-27 15:36:00+02:00,0.021512
2017-05-27 15:37:00+02:00,0.020961
2017-05-27 15:38:00+02:00,0.021192
2017-05-27 15:39:00+02:00,0.020811
2017-05-27 15:40:00+02:00,0.021382
2017-05-27 15:41:00+02:00,0.021684
2017-05-27 15:42:00+02:00,0.021452
2017-05-27 15:43:00+02:00,0.021642
2017-05-27 15:44:00+02:00,0.021302
2017-05-27 15:45:00+02:00,0.020129
2017-05-27 15:46:00+02:00,0.020009
2017-05-27 15:47:00+02:00,0.019598
2017-05-27 15:48:00+02:00,0.019507
2017-05-27 15:49:00+02:00,0.017399
2017-05-27 15:50:00+02:00,0.020883
2017-05-27 15:51:00+02:00,0.021693
2017-05-27 15:52:00+02:00,0.02018
2017-05-27 15:53:00+02:00,0.019589
2017-05-27 15:54:00+02:00,0.020492
2017-05-27 15:55:00+02:00,0.020482
2017-05-27 15:56:00+02:00,0.02027
2017-05-27 15:57:00+02:00,0.022968
2017-05-27 15:58:00+02:00,0.021995
2017-05-27 15:59:00+02:00,0.021383
2017-05-27 16:00:00+02:00,0.022745
2017-05-27 16:01:00+02:00,0.023708
2017-05-27 16:02:00+02:00,0.024612
2017-05-27 16:03:00+02:00,0.022443
2017-05-27 16:04:00+02:00,0.024152
2017-05-27 16:05:00+02:00,0.022255
2017-05-27 16:06:00+02:00,0.021751
2017-05-27 16:07:00+02:00,0.02374
2017-05-27 16:08:00+02:00,0.022285
2017-05-27 16:09:00+02:00,0.023971
2017-05-27 16:10:00+02:00,0.022668
2017-05-27 16:11:00+02:00,0.020025
2017-05-27 16:12:00+02:00,0.019624
2017-05-27 16:13:00+02:00,0.019554
2017-05-27 16:14:00+02:00,0.019293
2017-05-27 16:15:00+02:00,0.019953
2017-05-27 16:16:00+02:00,0.020104
2017-05-27 16:17:00+02:00,0.019756
2017-05-27 16:18:00+02:00,0.021332
2017-05-27 16:19:00+02:00,0.022386
2017-05-27 16:20:00+02:00,0.019661
2017-05-27 16:21:00+02:00,0.018557
2017-05-27 16:22:00+02:00,0.020052
2017-05-27 16:23:00+02:00,0.021697
2017-05-27 16:24:00+02:00,0.024453
2017-05-27 16:25:00+02:00,0.024773
2017-05-27 16:26:00+02:00,0.022279
2017-05-27 16:27:00+02:00,0.02246
2017-05-27 16:28:00+02:00,0.021325
2017-05-27 16:29:00+02:00,0.022984
2017-05-27 16:30:00+02:00,0.024043
2017-05-27 16:31:00+02:00,0.02174
2017-05-27 16:32:00+02:00,0.019803
2017-05-27 16:33:00+02:00,0.018822
2017-05-27 16:34:00+02:00,0.019352
2017-05-27 16:35:00+02:00,0.018822
2017-05-27 16:36:00+02:00,0.018401
2017-05-27 16:37:00+02:00,0.018823
2017-05-27 16:38:00+02:00,0.01806
2017-05-27 16:39:00+02:00,0.017647
2017-05-27 16:40:00+02:00,0.019543
2017-05-27 16:41:00+02:00,0.020241
2017-05-27 16:42:00+02:00,0.02481
2017-05-27 16:43:00+02:00,0.024433
2017-05-27 16:44:00+02:00,0.022266
2017-05-27 16:45:00+02:00,0.024255
2017-05-27 16:46:00+02:00,0.021784
2017-05-27 16:47:00+02:00,0.023719
2017-05-27 16:48:00+02:00,0.024919
2017-05-27 16:49:00+02:00,0.024519
2017-05-27 16:50:00+02:00,0.02021
2017-05-27 16:51:00+02:00,0.018521
2017-05-27 16:52:00+02:00,0.017657
2017-05-27 16:53:00+02:00,0.019554
2017-05-27 16:54:00+02:00,0.022249
2017-05-27 16:55:00+02:00,0.024094
2017-05-27 16:56:00+02:00,0.027319
2017-05-27 16:57:00+02:00,0.022881
2017-05-27 16:58:00+02:00,0.01955
2017-05-27 16:59:00+02:00,0.019349
2017-05-27 17:00:00+02:00,0.021658
2017-05-27 17:01:00+02:00,0.020022
2017-05-27 17:02:00+02:00,0.019189
2017-05-27 17:03:00+02:00,0.020564
2017-05-27 17:04:00+02:00,0.0191
2017-05-27 17:05:00+02:00,0.018228
2017-05-27 17:06:00+02:00,0.018829
2017-05-27 17:07:00+02:00,0.018809
2017-05-27 17:08:00+02:00,0.01931
2017-05-27 17:09:00+02:00,0.020252
2017-05-27 17:10:00+02:00,0.021153
2017-05-27 17:11:00+02:00,0.021264
2017-05-27 17:12:00+02:00,0.01973
2017-05-27 17:13:00+02:00,0.019031
2017-05-27 17:14:00+02:00,0.020913
2017-05-27 17:15:00+02:00,0.019169
2017-05-27 17:16:00+02:00,0.019063
2017-05-27 17:17:00+02:00,0.019756
2017-05-27 17:18:00+02:00,0.018854
2017-05-27 17:19:00+02:00,0.016525
2017-05-27 17:20:00+02:00,0.018558
2017-05-27 17:21:00+02:00,0.018429
2017-05-27 17:22:00+02:00,0.016816
2017-05-27 17:23:00+02:00,0.016687
2017-05-27 17:24:00+02:00,0.017088
2017-05-27 17:25:00+02:00,0.017718
2017-05-27 17:26:00+02:00,0.017989
2017-05-27 17:27:00+02:00,0.025295
2017-05-27 17:28:00+02:00,0.019313
2017-05-27 17:29:00+02:00,0.022757
2017-05-27 17:30:00+02:00,0.021562
2017-05-27 17:31:00+02:00,0.020798
2017-05-27 17:32:00+02:00,0.020459
2017-05-27 17:33:00+02:00,0.018903
2017-05-27 17:34:00+02:00,0.020549
2017-05-27 17:35:00+02:00,0.022835
2017-05-27 17:36:00+02:00,0.023141
2017-05-27 17:37:00+02:00,0.023193
2017-05-27 17:38:00+02:00,0.021417
2017-05-27 17:39:00+02:00,0.021727
2017-05-27 17:40:00+02:00,0.024596
2017-05-27 17:41:00+02:00,0.022671
2017-05-27 17:42:00+02:00,0.02209
2017-05-27 17:43:00+02:00,0.022009
2017-05-27 17:44:00+02:00,0.022691
2017-05-27 17:45:00+02:00,0.022782
2017-05-27 17:46:00+02:00,0.021589
2017-05-27 17:47:00+02:00,0.02154
2017-05-27 17:48:00+02:00,0.01896
2017-05-27 17:49:00+02:00,0.01903
2017-05-27 17:50:00+02:00,0.020537
2017-05-27 17:51:00+02:00,0.020148
2017-05-27 17:52:00+02:00,0.019615
2017-05-27 17:53:00+02:00,0.020215
2017-05-27 17:54:00+02:00,0.019866
2017-05-27 17:55:00+02:00,0.020578
2017-05-27 17:56:00+02:00,0.021099
2017-05-27 17:57:00+02:00,0.022416
2017-05-27 17:58:00+02:00,0.023939
2017-05-27 17:59:00+02:00,0.02482
2017-05-27 18:00:00+02:00,0.023889
2017-05-27 18:01:00+02:00,0.025932
2017-05-27 18:02:00+02:00,0.021067
2017-05-27 18:03:00+02:00,0.022502
2017-05-27 18:04:00+02:00,0.023978
2017-05-27 18:05:00+02:00,0.023414
2017-05-27 18:06:00+02:00,0.021422
2017-05-27 18:07:00+02:00,0.022377
2017-05-27 18:08:00+02:00,0.022195
2017-05-27 18:09:00+02:00,0.020635
2017-05-27 18:10:00+02:00,0.02198
2017-05-27 18:11:00+02:00,0.020484
2017-05-27 18:12:00+02:00,0.019804
2017-05-27 18:13:00+02:00,0.022055
2017-05-27 18:14:00+02:00,0.023773
2017-05-27 18:15:00+02:00,0.022748
2017-05-27 18:16:00+02:00,0.024384
2017-05-27 18:17:00+02:00,0.024835
2017-05-27 18:18:00+02:00,0.021974
2017-05-27 18:19:00+02:00,0.021089
2017-05-27 18:20:00+02:00,0.02123
2017-05-27 18:21:00+02:00,0.021951
2017-05-27 18:22:00+02:00,0.020255
2017-05-27 18:23:00+02:00,0.019574
2017-05-27 18:24:00+02:00,0.019374
2017-05-27 18:25:00+02:00,0.021887
2017-05-27 18:26:00+02:00,0.022659
2017-05-27 18:27:00+02:00,0.021927
2017-05-27 18:28:00+02:00,0.021996
2017-05-27 18:29:00+02:00,0.021926
2017-05-27 18:30:00+02:00,0.020002
2017-05-27 18:31:00+02:00,0.022427
2017-05-27 18:32:00+02:00,0.01884
2017-05-27 18:33:00+02:00,0.018378
2017-05-27 18:34:00+02:00,0.018359
2017-05-27 18:35:00+02:00,0.018629
2017-05-27 18:36:00+02:00,0.019882
2017-05-27 18:37:00+02:00,0.022218
2017-05-27 18:38:00+02:00,0.023639
2017-05-27 18:39:00+02:00,0.022656
2017-05-27 18:40:00+02:00,0.024509
2017-05-27 18:41:00+02:00,0.027749
2017-05-27 18:42:00+02:00,0.029833
2017-05-27 18:43:00+02:00,0.029102
2017-05-27 18:44:00+02:00,0.030629
2017-05-27 18:45:00+02:00,0.026902
2017-05-27 18:46:00+02:00,0.026481
2017-05-27 18:47:00+02:00,0.025474
2017-05-27 18:48:00+02:00,0.023601
2017-05-27 18:49:00+02:00,0.023301
2017-05-27 18:50:00+02:00,0.023882
2017-05-27 18:51:00+02:00,0.022509
2017-05-27 18:52:00+02:00,0.02226
2017-05-27 18:53:00+02:00,0.024391
2017-05-27 18:54:00+02:00,0.02344
2017-05-27 18:55:00+02:00,0.022027
2017-05-27 18:56:00+02:00,0.02346
2017-05-27 18:57:00+02:00,0.02296
2017-05-27 18:58:00+02:00,0.022478
2017-05-27 18:59:00+02:00,0.023472
2017-05-27 19:00:00+02:00,0.024601
2017-05-27 19:01:00+02:00,0.025058
2017-05-27 19:02:00+02:00,0.024786
2017-05-27 19:03:00+02:00,0.025953
2017-05-27 19:04:00+02:00,0.02526
2017-05-27 19:05:00+02:00,0.02567
2017-05-27 19:06:00+02:00,0.026785
2017-05-27 19:07:00+02:00,0.031884
2017-05-27 19:08:00+02:00,0.030481
2017-05-27 19:09:00+02:00,0.029619
2017-05-27 19:10:00+02:00,0.02809
2017-05-27 19:11:00+02:00,0.028168
2017-05-27 19:12:00+02:00,0.028258
2017-05-27 19:13:00+02:00,0.027055
2017-05-27 19:14:00+02:00,0.027276
2017-05-27 19:15:00+02:00,0.026613
2017-05-27 19:16:00+02:00,0.027053
2017-05-27 19:17:00+02:00,0.027865
2017-05-27 19:18:00+02:00,0.028377
2017-05-27 19:19:00+02:00,0.02883
2017-05-27 19:20:00+02:00,0.028269
2017-05-27 19:21:00+02:00,0.02948
2017-05-27 19:22:00+02:00,0.033354
2017-05-27 19:23:00+02:00,0.033446
2017-05-27 19:24:00+02:00,0.034904
2017-05-27 19:25:00+02:00,0.034795
2017-05-27 19:26:00+02:00,0.037862
2017-05-27 19:27:00+02:00,0.03438
2017-05-27 19:28:00+02:00,0.032004
2017-05-27 19:29:00+02:00,0.031044
2017-05-27 19:30:00+02:00,0.032467
2017-05-27 19:31:00+02:00,0.034379
2017-05-27 19:32:00+02:00,0.031421
2017-05-27 19:33:00+02:00,0.029797
2017-05-27 19:34:00+02:00,0.029981
2017-05-27 19:35:00+02:00,0.029161
2017-05-27 19:36:00+02:00,0.028291
2017-05-27 19:37:00+02:00,0.031003
2017-05-27 19:38:00+02:00,0.031108
2017-05-27 19:39:00+02:00,0.02598
2017-05-27 19:40:00+02:00,0.028824
2017-05-27 19:41:00+02:00,0.029832
2017-05-27 19:42:00+02:00,0.030646
2017-05-27 19:43:00+02:00,0.030082
2017-05-27 19:44:00+02:00,0.027215
2017-05-27 19:45:00+02:00,0.027273
2017-05-27 19:46:00+02:00,0.027171
2017-05-27 19:47:00+02:00,0.02651
2017-05-27 19:48:00+02:00,0.026076
2017-05-27 19:49:00+02:00,0.028715
2017-05-27 19:50:00+02:00,0.029223
2017-05-27 19:51:00+02:00,0.027012
2017-05-27 19:52:00+02:00,0.029989
2017-05-27 19:53:00+02:00,0.034762
2017-05-27 19:54:00+02:00,0.031968
2017-05-27 19:55:00+02:00,0.036307
2017-05-27 19:56:00+02:00,0.036938
2017-05-27 19:57:00+02:00,0.034889
2017-05-27 19:58:00+02:00,0.033206
2017-05-27 19:59:00+02:00,0.030547
2017-05-27 20:00:00+02:00,0.025551
2017-05-27 20:01:00+02:00,0.02802
2017-05-27 20:02:00+02:00,0.028159
2017-05-27 20:03:00+02:00,0.025091
2017-05-27 20:04:00+02:00,0.025353
2017-05-27 20:05:00+02:00,0.027112
2017-05-27 20:06:00+02:00,0.025097
2017-05-27 20:07:00+02:00,0.024567
2017-05-27 20:08:00+02:00,0.024623
2017-05-27 20:09:00+02:00,0.024903
2017-05-27 20:10:00+02:00,0.02312
2017-05-27 20:11:00+02:00,0.022048
2017-05-27 20:12:00+02:00,0.024433
2017-05-27 20:13:00+02:00,0.030748
2017-05-27 20:14:00+02:00,0.028885
2017-05-27 20:15:00+02:00,0.029588
2017-05-27 20:16:00+02:00,0.026486
2017-05-27 20:17:00+02:00,0.025149
2017-05-27 20:18:00+02:00,0.026854
2017-05-27 20:19:00+02:00,0.027498
2017-05-27 20:20:00+02:00,0.028501
2017-05-27 20:21:00+02:00,0.025574
2017-05-27 20:22:00+02:00,0.024578
2017-05-27 20:23:00+02:00,0.027915
2017-05-27 20:24:00+02:00,0.028034
2017-05-27 20:25:00+02:00,0.024096
2017-05-27 20:26:00+02:00,0.025249
2017-05-27 20:27:00+02:00,0.026926
2017-05-27 20:28:00+02:00,0.028245
2017-05-27 20:29:00+02:00,0.032178
2017-05-27 20:30:00+02:00,0.03411
2017-05-27 20:31:00+02:00,0.033313
2017-05-27 20:32:00+02:00,0.033343
2017-05-27 20:33:00+02:00,0.033909
2017-05-27 20:34:00+02:00,0.033957
2017-05-27 20:35:00+02:00,0.028854
2017-05-27 20:36:00+02:00,0.029084
2017-05-27 20:37:00+02:00,0.030304
2017-05-27 20:38:00+02:00,0.029118
2017-05-27 20:39:00+02:00,0.027983
2017-05-27 20:40:00+02:00,0.028497
2017-05-27 20:41:00+02:00,0.02891
2017-05-27 20:42:00+02:00,0.028486
2017-05-27 20:43:00+02:00,0.027232
2017-05-27 20:44:00+02:00,0.02702
2017-05-27 20:45:00+02:00,0.026672
2017-05-27 20:46:00+02:00,0.025141
2017-05-27 20:47:00+02:00,0.025943
2017-05-27 20:48:00+02:00,0.025875
2017-05-27 20:49:00+02:00,0.026604
2017-05-27 20:50:00+02:00,0.030966
2017-05-27 20:51:00+02:00,0.034129
2017-05-27 20:52:00+02:00,0.033016
2017-05-27 20:53:00+02:00,0.036438
2017-05-27 20:54:00+02:00,0.036576
2017-05-27 20:55:00+02:00,0.033572
2017-05-27 20:56:00+02:00,0.030897
2017-05-27 20:57:00+02:00,0.029793
2017-05-27 20:58:00+02:00,0.030557
2017-05-27 20:59:00+02:00,0.027789
2017-05-27 21:00:00+02:00,0.027055
2017-05-27 21:01:00+02:00,0.027176
2017-05-27 21:02:00+02:00,0.029495
2017-05-27 21:03:00+02:00,0.034231
2017-05-27 21:04:00+02:00,0.038361
2017-05-27 21:05:00+02:00,0.037405
2017-05-27 21:06:00+02:00,0.038362
2017-05-27 21:07:00+02:00,0.036046
2017-05-27 21:08:00+02:00,0.033959
2017-05-27 21:09:00+02:00,0.034268
2017-05-27 21:10:00+02:00,0.036453
2017-05-27 21:11:00+02:00,0.036402
2017-05-27 21:12:00+02:00,0.03613
2017-05-27 21:13:00+02:00,0.03544
2017-05-27 21:14:00+02:00,0.034465
2017-05-27 21:15:00+02:00,0.035446
2017-05-27 21:16:00+02:00,0.032408
2017-05-27 21:17:00+02:00,0.03058
2017-05-27 21:18:00+02:00,0.035437
2017-05-27 21:19:00+02:00,0.029478
2017-05-27 21:20:00+02:00,0.028846
2017-05-27 21:21:00+02:00,0.027599
2017-05-27 21:22:00+02:00,0.027178
2017-05-27 21:23:00+02:00,0.027152
2017-05-27 21:24:00+02:00,0.026008
2017-05-27 21:25:00+02:00,0.025864
2017-05-27 21:26:00+02:00,0.02462
2017-05-27 21:27:00+02:00,0.023265
2017-05-27 21:28:00+02:00,0.023776
2017-05-27 21:29:00+02:00,0.023745
2017-05-27 21:30:00+02:00,0.023073
2017-05-27 21:31:00+02:00,0.024409
2017-05-27 21:32:00+02:00,0.024415
2017-05-27 21:33:00+02:00,0.026668
2017-05-27 21:34:00+02:00,0.027008
2017-05-27 21:35:00+02:00,0.027221
2017-05-27 21:36:00+02:00,0.027277
2017-05-27 21:37:00+02:00,0.026505
2017-05-27 21:38:00+02:00,0.02514
2017-05-27 21:39:00+02:00,0.026294
2017-05-27 21:40:00+02:00,0.029325
2017-05-27 21:41:00+02:00,0.027447
2017-05-27 21:42:00+02:00,0.026454
2017-05-27 21:43:00+02:00,0.026485
2017-05-27 21:44:00+02:00,0.02746
2017-05-27 21:45:00+02:00,0.027845
2017-05-27 21:46:00+02:00,0.028801
2017-05-27 21:47:00+02:00,0.031938
2017-05-27 21:48:00+02:00,0.031319
2017-05-27 21:49:00+02:00,0.027571
2017-05-27 21:50:00+02:00,0.029642
2017-05-27 21:51:00+02:00,0.027384
2017-05-27 21:52:00+02:00,0.028389
2017-05-27 21:53:00+02:00,0.028789
2017-05-27 21:54:00+02:00,0.02673
2017-05-27 21:55:00+02:00,0.028625
2017-05-27 21:56:00+02:00,0.027476
2017-05-27 21:57:00+02:00,0.027827
2017-05-27 21:58:00+02:00,0.028282
2017-05-27 21:59:00+02:00,0.029259
2017-05-27 22:00:00+02:00,0.030449
2017-05-27 22:01:00+02:00,0.030652
2017-05-27 22:02:00+02:00,0.030141
2017-05-27 22:03:00+02:00,0.02312
2017-05-27 22:04:00+02:00,0.022983
2017-05-27 22:05:00+02:00,0.025352
2017-05-27 22:06:00+02:00,0.026525
2017-05-27 22:07:00+02:00,0.025712
2017-05-27 22:08:00+02:00,0.027036
2017-05-27 22:09:00+02:00,0.029357
2017-05-27 22:10:00+02:00,0.030133
2017-05-27 22:11:00+02:00,0.029066
2017-05-27 22:12:00+02:00,0.029669
2017-05-27 22:13:00+02:00,0.031996
2017-05-27 22:14:00+02:00,0.028959
2017-05-27 22:15:00+02:00,0.027424
2017-05-27 22:16:00+02:00,0.029062
2017-05-27 22:17:00+02:00,0.032896
2017-05-27 22:18:00+02:00,0.03018
2017-05-27 22:19:00+02:00,0.022894
2017-05-27 22:20:00+02:00,0.023415
2017-05-27 22:21:00+02:00,0.023926
2017-05-27 22:22:00+02:00,0.024247
2017-05-27 22:23:00+02:00,0.023727
2017-05-27 22:24:00+02:00,0.026105
2017-05-27 22:25:00+02:00,0.026694
2017-05-27 22:26:00+02:00,0.026684
2017-05-27 22:27:00+02:00,0.02502
2017-05-27 22:28:00+02:00,0.026125
2017-05-27 22:29:00+02:00,0.028905
2017-05-27 22:30:00+02:00,0.027632
2017-05-27 22:31:00+02:00,0.028246
2017-05-27 22:32:00+02:00,0.028118
2017-05-27 22:33:00+02:00,0.027976
2017-05-27 22:34:00+02:00,0.028289
2017-05-27 22:35:00+02:00,0.023827
2017-05-27 22:36:00+02:00,0.027516
2017-05-27 22:37:00+02:00,0.029783
2017-05-27 22:38:00+02:00,0.031463
2017-05-27 22:39:00+02:00,0.030081
2017-05-27 22:40:00+02:00,0.026856
2017-05-27 22:41:00+02:00,0.026727
2017-05-27 22:42:00+02:00,0.027596
2017-05-27 22:43:00+02:00,0.025329
2017-05-27 22:44:00+02:00,0.030848
2017-05-27 22:45:00+02:00,0.028941
2017-05-27 22:46:00+02:00,0.02829
2017-05-27 22:47:00+02:00,0.027378
2017-05-27 22:48:00+02:00,0.027547
2017-05-27 22:49:00+02:00,0.028291
2017-05-27 22:50:00+02:00,0.025392
2017-05-27 22:51:00+02:00,0.026616
2017-05-27 22:52:00+02:00,0.027098
2017-05-27 22:53:00+02:00,0.025958
2017-05-27 22:54:00+02:00,0.0266
2017-05-27 22:55:00+02:00,0.024931
2017-05-27 22:56:00+02:00,0.025283
2017-05-27 22:57:00+02:00,0.024791
2017-05-27 22:58:00+02:00,0.026699
2017-05-27 22:59:00+02:00,0.032722
2017-05-27 23:00:00+02:00,0.027392
2017-05-27 23:01:00+02:00,0.025042
2017-05-27 23:02:00+02:00,0.022391
2017-05-27 23:03:00+02:00,0.023284
2017-05-27 23:04:00+02:00,0.02502
2017-05-27 23:05:00+02:00,0.023064
2017-05-27 23:06:00+02:00,0.024984
2017-05-27 23:07:00+02:00,0.026278
2017-05-27 23:08:00+02:00,0.02722
2017-05-27 23:09:00+02:00,0.029393
2017-05-27 23:10:00+02:00,0.028821
2017-05-27 23:11:00+02:00,0.026611
2017-05-27 23:12:00+02:00,0.030232
2017-05-27 23:13:00+02:00,0.033306
2017-05-27 23:14:00+02:00,0.026993
2017-05-27 23:15:00+02:00,0.025748
2017-05-27 23:16:00+02:00,0.025758
2017-05-27 23:17:00+02:00,0.027209
2017-05-27 23:18:00+02:00,0.028577
2017-05-27 23:19:00+02:00,0.023913
2017-05-27 23:20:00+02:00,0.022114
2017-05-27 23:21:00+02:00,0.021542
2017-05-27 23:22:00+02:00,0.02219
2017-05-27 23:23:00+02:00,0.023275
2017-05-27 23:24:00+02:00,0.025756
2017-05-27 23:25:00+02:00,0.025455
2017-05-27 23:26:00+02:00,0.026377
2017-05-27 23:27:00+02:00,0.025514
2017-05-27 23:28:00+02:00,0.027704
2017-05-27 23:29:00+02:00,0.025534
2017-05-27 23:30:00+02:00,0.027462
2017-05-27 23:31:00+02:00,0.027282
2017-05-27 23:32:00+02:00,0.026848
2017-05-27 23:33:00+02:00,0.026186
2017-05-27 23:34:00+02:00,0.026297
2017-05-27 23:35:00+02:00,0.022794
2017-05-27 23:36:00+02:00,0.020112
2017-05-27 23:37:00+02:00,0.020314
2017-05-27 23:38:00+02:00,0.021408
2017-05-27 23:39:00+02:00,0.022121
2017-05-27 23:40:00+02:00,0.02427
2017-05-27 23:41:00+02:00,0.029226
2017-05-27 23:42:00+02:00,0.024935
2017-05-27 23:43:00+02:00,0.021209
2017-05-27 23:44:00+02:00,0.022915
2017-05-27 23:45:00+02:00,0.023536
2017-05-27 23:46:00+02:00,0.023075
2017-05-27 23:47:00+02:00,0.023678
2017-05-27 23:48:00+02:00,0.023959
2017-05-27 23:49:00+02:00,0.023899
2017-05-27 23:50:00+02:00,0.024299
2017-05-27 23:51:00+02:00,0.022131
2017-05-27 23:52:00+02:00,0.021709
2017-05-27 23:53:00+02:00,0.023244
2017-05-27 23:54:00+02:00,0.022151
2017-05-27 23:55:00+02:00,0.022222
2017-05-27 23:56:00+02:00,0.02408
2017-05-27 23:57:00+02:00,0.024511
2017-05-27 23:58:00+02:00,0.022974
2017-05-27 23:59:00+02:00,0.022755
2017-05-28 00:00:00+02:00,0.021212
2017-05-28 00:01:00+02:00,0.019857
2017-05-28 00:02:00+02:00,0.019515
2017-05-28 00:03:00+02:00,0.020227
2017-05-28 00:04:00+02:00,0.019254
2017-05-28 00:05:00+02:00,0.019214
2017-05-28 00:06:00+02:00,0.019134
2017-05-28 00:07:00+02:00,0.01819
2017-05-28 00:08:00+02:00,0.018251
2017-05-28 00:09:00+02:00,0.018923
2017-05-28 00:10:00+02:00,0.019594
2017-05-28 00:11:00+02:00,0.019694
2017-05-28 00:12:00+02:00,0.018884
2017-05-28 00:13:00+02:00,0.018
2017-05-28 00:14:00+02:00,0.018292
2017-05-28 00:15:00+02:00,0.019464
2017-05-28 00:16:00+02:00,0.018893
2017-05-28 00:17:00+02:00,0.017811
2017-05-28 00:18:00+02:00,0.018864
2017-05-28 00:19:00+02:00,0.01818
2017-05-28 00:20:00+02:00,0.01773
2017-05-28 00:21:00+02:00,0.01755
2017-05-28 00:22:00+02:00,0.01732
2017-05-28 00:23:00+02:00,0.017079
2017-05-28 00:24:00+02:00,0.015945
2017-05-28 00:25:00+02:00,0.01929
2017-05-28 00:26:00+02:00,0.020172
2017-05-28 00:27:00+02:00,0.021204
2017-05-28 00:28:00+02:00,0.018731
2017-05-28 00:29:00+02:00,0.020805
2017-05-28 00:30:00+02:00,0.020466
2017-05-28 00:31:00+02:00,0.020898
2017-05-28 00:32:00+02:00,0.019464
2017-05-28 00:33:00+02:00,0.019254
2017-05-28 00:34:00+02:00,0.018782
2017-05-28 00:35:00+02:00,0.01782
2017-05-28 00:36:00+02:00,0.020406
2017-05-28 00:37:00+02:00,0.021196
2017-05-28 00:38:00+02:00,0.019651
2017-05-28 00:39:00+02:00,0.017345
2017-05-28 00:40:00+02:00,0.015993
2017-05-28 00:41:00+02:00,0.015292
2017-05-28 00:42:00+02:00,0.015462
2017-05-28 00:43:00+02:00,0.018088
2017-05-28 00:44:00+02:00,0.017416
2017-05-28 00:45:00+02:00,0.016815
2017-05-28 00:46:00+02:00,0.015141
2017-05-28 00:47:00+02:00,0.014971
2017-05-28 00:48:00+02:00,0.015081
2017-05-28 00:49:00+02:00,0.017204
2017-05-28 00:50:00+02:00,0.017746
2017-05-28 00:51:00+02:00,0.016575
2017-05-28 00:52:00+02:00,0.015021
2017-05-28 00:53:00+02:00,0.015332
2017-05-28 00:54:00+02:00,0.014852
2017-05-28 00:55:00+02:00,0.01367
2017-05-28 00:56:00+02:00,0.0133
2017-05-28 00:57:00+02:00,0.013681
2017-05-28 00:58:00+02:00,0.015074
2017-05-28 00:59:00+02:00,0.016537
2017-05-28 01:00:00+02:00,0.014954
2017-05-28 01:01:00+02:00,0.016889
2017-05-28 01:02:00+02:00,0.015586
2017-05-28 01:03:00+02:00,0.015453
2017-05-28 01:04:00+02:00,0.015712
2017-05-28 01:05:00+02:00,0.015412
2017-05-28 01:06:00+02:00,0.014259
2017-05-28 01:07:00+02:00,0.01458
2017-05-28 01:08:00+02:00,0.013999
2017-05-28 01:09:00+02:00,0.01427
2017-05-28 01:10:00+02:00,0.013859
2017-05-28 01:11:00+02:00,0.01439
2017-05-28 01:12:00+02:00,0.015563
2017-05-28 01:13:00+02:00,0.015101
2017-05-28 01:14:00+02:00,0.016813
2017-05-28 01:15:00+02:00,0.020155
2017-05-28 01:16:00+02:00,0.021039
2017-05-28 01:17:00+02:00,0.02031
2017-05-28 01:18:00+02:00,0.01944
2017-05-28 01:19:00+02:00,0.017771
2017-05-28 01:20:00+02:00,0.016526
2017-05-28 01:21:00+02:00,0.014371
2017-05-28 01:22:00+02:00,0.014642
2017-05-28 01:23:00+02:00,0.014752
2017-05-28 01:24:00+02:00,0.014211
2017-05-28 01:25:00+02:00,0.01393
2017-05-28 01:26:00+02:00,0.0138
2017-05-28 01:27:00+02:00,0.013579
2017-05-28 01:28:00+02:00,0.01361
2017-05-28 01:29:00+02:00,0.014172
2017-05-28 01:30:00+02:00,0.014352
2017-05-28 01:31:00+02:00,0.014243
2017-05-28 01:32:00+02:00,0.014223
2017-05-28 01:33:00+02:00,0.016595
2017-05-28 01:34:00+02:00,0.016374
2017-05-28 01:35:00+02:00,0.016304
2017-05-28 01:36:00+02:00,0.016985
2017-05-28 01:37:00+02:00,0.017705
2017-05-28 01:38:00+02:00,0.017335
2017-05-28 01:39:00+02:00,0.016954
2017-05-28 01:40:00+02:00,0.016593
2017-05-28 01:41:00+02:00,0.016253
2017-05-28 01:42:00+02:00,0.015512
2017-05-28 01:43:00+02:00,0.01376
2017-05-28 01:44:00+02:00,0.014353
2017-05-28 01:45:00+02:00,0.014383
2017-05-28 01:46:00+02:00,0.014543
2017-05-28 01:47:00+02:00,0.013058
2017-05-28 01:48:00+02:00,0.012398
2017-05-28 01:49:00+02:00,0.012849
2017-05-28 01:50:00+02:00,0.012559
2017-05-28 01:51:00+02:00,0.012798
2017-05-28 01:52:00+02:00,0.014669
2017-05-28 01:53:00+02:00,0.013828
2017-05-28 01:54:00+02:00,0.01493
2017-05-28 01:55:00+02:00,0.01465
2017-05-28 01:56:00+02:00,0.012819
2017-05-28 01:57:00+02:00,0.015958
2017-05-28 01:58:00+02:00,0.015205
2017-05-28 01:59:00+02:00,0.012917
2017-05-28 02:00:00+02:00,0.012567
2017-05-28 02:01:00+02:00,0.012758
2017-05-28 02:02:00+02:00,0.011445
2017-05-28 02:03:00+02:00,0.012687
2017-05-28 02:04:00+02:00,0.011045
2017-05-28 02:05:00+02:00,0.011696
2017-05-28 02:06:00+02:00,0.011587
2017-05-28 02:07:00+02:00,0.010455
2017-05-28 02:08:00+02:00,0.010706
2017-05-28 02:09:00+02:00,0.010967
2017-05-28 02:10:00+02:00,0.011027
2017-05-28 02:11:00+02:00,0.010807
2017-05-28 02:12:00+02:00,0.010656
2017-05-28 02:13:00+02:00,0.010557
2017-05-28 02:14:00+02:00,0.010456
2017-05-28 02:15:00+02:00,0.010255
2017-05-28 02:16:00+02:00,0.010195
2017-05-28 02:17:00+02:00,0.010936
2017-05-28 02:18:00+02:00,0.010515
2017-05-28 02:19:00+02:00,0.010345
2017-05-28 02:20:00+02:00,0.010205
2017-05-28 02:21:00+02:00,0.010435
2017-05-28 02:22:00+02:00,0.010105
2017-05-28 02:23:00+02:00,0.009644
2017-05-28 02:24:00+02:00,0.009464
2017-05-28 02:25:00+02:00,0.009654
2017-05-28 02:26:00+02:00,0.010035
2017-05-28 02:27:00+02:00,0.009955
2017-05-28 02:28:00+02:00,0.010065
2017-05-28 02:29:00+02:00,0.010255
2017-05-28 02:30:00+02:00,0.010235
2017-05-28 02:31:00+02:00,0.010335
2017-05-28 02:32:00+02:00,0.010365
2017-05-28 02:33:00+02:00,0.009624
2017-05-28 02:34:00+02:00,0.009695
2017-05-28 02:35:00+02:00,0.010005
2017-05-28 02:36:00+02:00,0.010015
2017-05-28 02:37:00+02:00,0.009584
2017-05-28 02:38:00+02:00,0.009474
2017-05-28 02:39:00+02:00,0.009504
2017-05-28 02:40:00+02:00,0.009544
2017-05-28 02:41:00+02:00,0.009504
2017-05-28 02:42:00+02:00,0.009434
2017-05-28 02:43:00+02:00,0.009374
2017-05-28 02:44:00+02:00,0.010035
2017-05-28 02:45:00+02:00,0.010907
2017-05-28 02:46:00+02:00,0.009254
2017-05-28 02:47:00+02:00,0.009103
2017-05-28 02:48:00+02:00,0.009143
2017-05-28 02:49:00+02:00,0.009224
2017-05-28 02:50:00+02:00,0.009214
2017-05-28 02:51:00+02:00,0.008824
2017-05-28 02:52:00+02:00,0.008964
2017-05-28 02:53:00+02:00,0.009114
2017-05-28 02:54:00+02:00,0.008944
2017-05-28 02:55:00+02:00,0.008823
2017-05-28 02:56:00+02:00,0.008933
2017-05-28 02:57:00+02:00,0.008943
2017-05-28 02:58:00+02:00,0.009173
2017-05-28 02:59:00+02:00,0.009173
2017-05-28 03:00:00+02:00,0.008773
2017-05-28 03:01:00+02:00,0.008603
2017-05-28 03:02:00+02:00,0.008473
2017-05-28 03:03:00+02:00,0.007962
2017-05-28 03:04:00+02:00,0.008002
2017-05-28 03:05:00+02:00,0.008012
2017-05-28 03:06:00+02:00,0.007982
2017-05-28 03:07:00+02:00,0.009824
2017-05-28 03:08:00+02:00,0.008132
2017-05-28 03:09:00+02:00,0.007922
2017-05-28 03:10:00+02:00,0.008733
2017-05-28 03:11:00+02:00,0.008603
2017-05-28 03:12:00+02:00,0.008573
2017-05-28 03:13:00+02:00,0.009295
2017-05-28 03:14:00+02:00,0.008613
2017-05-28 03:15:00+02:00,0.009275
2017-05-28 03:16:00+02:00,0.007972
2017-05-28 03:17:00+02:00,0.008183
2017-05-28 03:18:00+02:00,0.008453
2017-05-28 03:19:00+02:00,0.008653
2017-05-28 03:20:00+02:00,0.008923
2017-05-28 03:21:00+02:00,0.008793
2017-05-28 03:22:00+02:00,0.008583
2017-05-28 03:23:00+02:00,0.008913
2017-05-28 03:24:00+02:00,0.009303
2017-05-28 03:25:00+02:00,0.008873
2017-05-28 03:26:00+02:00,0.008673
2017-05-28 03:27:00+02:00,0.008673
2017-05-28 03:28:00+02:00,0.008603
2017-05-28 03:29:00+02:00,0.008573
2017-05-28 03:30:00+02:00,0.008313
2017-05-28 03:31:00+02:00,0.009074
2017-05-28 03:32:00+02:00,0.009746
2017-05-28 03:33:00+02:00,0.007753
2017-05-28 03:34:00+02:00,0.008163
2017-05-28 03:35:00+02:00,0.008023
2017-05-28 03:36:00+02:00,0.008263
2017-05-28 03:37:00+02:00,0.008423
2017-05-28 03:38:00+02:00,0.009094
2017-05-28 03:39:00+02:00,0.008714
2017-05-28 03:40:00+02:00,0.009044
2017-05-28 03:41:00+02:00,0.008923
2017-05-28 03:42:00+02:00,0.010654
2017-05-28 03:43:00+02:00,0.010765
2017-05-28 03:44:00+02:00,0.010485
2017-05-28 03:45:00+02:00,0.009524
2017-05-28 03:46:00+02:00,0.009484
2017-05-28 03:47:00+02:00,0.009394
2017-05-28 03:48:00+02:00,0.009374
2017-05-28 03:49:00+02:00,0.009494
2017-05-28 03:50:00+02:00,0.009484
2017-05-28 03:51:00+02:00,0.009354
2017-05-28 03:52:00+02:00,0.009464
2017-05-28 03:53:00+02:00,0.009594
2017-05-28 03:54:00+02:00,0.009644
2017-05-28 03:55:00+02:00,0.009624
2017-05-28 03:56:00+02:00,0.009595
2017-05-28 03:57:00+02:00,0.009575
2017-05-28 03:58:00+02:00,0.009405
2017-05-28 03:59:00+02:00,0.010997
2017-05-28 04:00:00+02:00,0.01191
2017-05-28 04:01:00+02:00,0.010085
2017-05-28 04:02:00+02:00,0.009384
2017-05-28 04:03:00+02:00,0.009795
2017-05-28 04:04:00+02:00,0.010627
2017-05-28 04:05:00+02:00,0.009054
2017-05-28 04:06:00+02:00,0.009334
2017-05-28 04:07:00+02:00,0.009304
2017-05-28 04:08:00+02:00,0.009964
2017-05-28 04:09:00+02:00,0.010474
2017-05-28 04:10:00+02:00,0.011295
2017-05-28 04:11:00+02:00,0.011186
2017-05-28 04:12:00+02:00,0.010264
2017-05-28 04:13:00+02:00,0.010474
2017-05-28 04:14:00+02:00,0.010965
2017-05-28 04:15:00+02:00,0.011075
2017-05-28 04:16:00+02:00,0.010714
2017-05-28 04:17:00+02:00,0.009513
2017-05-28 04:18:00+02:00,0.009804
2017-05-28 04:19:00+02:00,0.010024
2017-05-28 04:20:00+02:00,0.009704
2017-05-28 04:21:00+02:00,0.009884
2017-05-28 04:22:00+02:00,0.010265
2017-05-28 04:23:00+02:00,0.009804
2017-05-28 04:24:00+02:00,0.009494
2017-05-28 04:25:00+02:00,0.009094
2017-05-28 04:26:00+02:00,0.008893
2017-05-28 04:27:00+02:00,0.008973
2017-05-28 04:28:00+02:00,0.008813
2017-05-28 04:29:00+02:00,0.009013
2017-05-28 04:30:00+02:00,0.009544
2017-05-28 04:31:00+02:00,0.009774
2017-05-28 04:32:00+02:00,0.009033
2017-05-28 04:33:00+02:00,0.009023
2017-05-28 04:34:00+02:00,0.008933
2017-05-28 04:35:00+02:00,0.008763
2017-05-28 04:36:00+02:00,0.009994
2017-05-28 04:37:00+02:00,0.009183
2017-05-28 04:38:00+02:00,0.008332
2017-05-28 04:39:00+02:00,0.008413
2017-05-28 04:40:00+02:00,0.009093
2017-05-28 04:41:00+02:00,0.009204
2017-05-28 04:42:00+02:00,0.009074
2017-05-28 04:43:00+02:00,0.010305
2017-05-28 04:44:00+02:00,0.009073
2017-05-28 04:45:00+02:00,0.009174
2017-05-28 04:46:00+02:00,0.008893
2017-05-28 04:47:00+02:00,0.008943
2017-05-28 04:48:00+02:00,0.009955
2017-05-28 04:49:00+02:00,0.008723
2017-05-28 04:50:00+02:00,0.009104
2017-05-28 04:51:00+02:00,0.009084
2017-05-28 04:52:00+02:00,0.009014
2017-05-28 04:53:00+02:00,0.009404
2017-05-28 04:54:00+02:00,0.009144
2017-05-28 04:55:00+02:00,0.009164
2017-05-28 04:56:00+02:00,0.009484
2017-05-28 04:57:00+02:00,0.009164
2017-05-28 04:58:00+02:00,0.009204
2017-05-28 04:59:00+02:00,0.009053
2017-05-28 05:00:00+02:00,0.008833
2017-05-28 05:01:00+02:00,0.008833
2017-05-28 05:02:00+02:00,0.008853
2017-05-28 05:03:00+02:00,0.008603
2017-05-28 05:04:00+02:00,0.008663
2017-05-28 05:05:00+02:00,0.008973
2017-05-28 05:06:00+02:00,0.009263
2017-05-28 05:07:00+02:00,0.009864
2017-05-28 05:08:00+02:00,0.009444
2017-05-28 05:09:00+02:00,0.010184
2017-05-28 05:10:00+02:00,0.009424
2017-05-28 05:11:00+02:00,0.008653
2017-05-28 05:12:00+02:00,0.008853
2017-05-28 05:13:00+02:00,0.009023
2017-05-28 05:14:00+02:00,0.009444
2017-05-28 05:15:00+02:00,0.010264
2017-05-28 05:16:00+02:00,0.009454
2017-05-28 05:17:00+02:00,0.009344
2017-05-28 05:18:00+02:00,0.009174
2017-05-28 05:19:00+02:00,0.009884
2017-05-28 05:20:00+02:00,0.009394
2017-05-28 05:21:00+02:00,0.009223
2017-05-28 05:22:00+02:00,0.009163
2017-05-28 05:23:00+02:00,0.008803
2017-05-28 05:24:00+02:00,0.008683
2017-05-28 05:25:00+02:00,0.008583
2017-05-28 05:26:00+02:00,0.008213
2017-05-28 05:27:00+02:00,0.008053
2017-05-28 05:28:00+02:00,0.008433
2017-05-28 05:29:00+02:00,0.009334
2017-05-28 05:30:00+02:00,0.008142
2017-05-28 05:31:00+02:00,0.008653
2017-05-28 05:32:00+02:00,0.008433
2017-05-28 05:33:00+02:00,0.008363
2017-05-28 05:34:00+02:00,0.008573
2017-05-28 05:35:00+02:00,0.008683
2017-05-28 05:36:00+02:00,0.008583
2017-05-28 05:37:00+02:00,0.009073
2017-05-28 05:38:00+02:00,0.008813
2017-05-28 05:39:00+02:00,0.008793
2017-05-28 05:40:00+02:00,0.009033
2017-05-28 05:41:00+02:00,0.009083
2017-05-28 05:42:00+02:00,0.008933
2017-05-28 05:43:00+02:00,0.008933
2017-05-28 05:44:00+02:00,0.008803
2017-05-28 05:45:00+02:00,0.008843
2017-05-28 05:46:00+02:00,0.008913
2017-05-28 05:47:00+02:00,0.009284
2017-05-28 05:48:00+02:00,0.009814
2017-05-28 05:49:00+02:00,0.009133
2017-05-28 05:50:00+02:00,0.009134
2017-05-28 05:51:00+02:00,0.009464
2017-05-28 05:52:00+02:00,0.009484
2017-05-28 05:53:00+02:00,0.009494
2017-05-28 05:54:00+02:00,0.009604
2017-05-28 05:55:00+02:00,0.009634
2017-05-28 05:56:00+02:00,0.009954
2017-05-28 05:57:00+02:00,0.009954
2017-05-28 05:58:00+02:00,0.009554
2017-05-28 05:59:00+02:00,0.009764
2017-05-28 06:00:00+02:00,0.009944
2017-05-28 06:01:00+02:00,0.010014
2017-05-28 06:02:00+02:00,0.010394
2017-05-28 06:03:00+02:00,0.010074
2017-05-28 06:04:00+02:00,0.010405
2017-05-28 06:05:00+02:00,0.009864
2017-05-28 06:06:00+02:00,0.010144
2017-05-28 06:07:00+02:00,0.011235
2017-05-28 06:08:00+02:00,0.011785
2017-05-28 06:09:00+02:00,0.011215
2017-05-28 06:10:00+02:00,0.014407
2017-05-28 06:11:00+02:00,0.011166
2017-05-28 06:12:00+02:00,0.010886
2017-05-28 06:13:00+02:00,0.011457
2017-05-28 06:14:00+02:00,0.010976
2017-05-28 06:15:00+02:00,0.010555
2017-05-28 06:16:00+02:00,0.010365
2017-05-28 06:17:00+02:00,0.010285
2017-05-28 06:18:00+02:00,0.009975
2017-05-28 06:19:00+02:00,0.009875
2017-05-28 06:20:00+02:00,0.010325
2017-05-28 06:21:00+02:00,0.010576
2017-05-28 06:22:00+02:00,0.009895
2017-05-28 06:23:00+02:00,0.009985
2017-05-28 06:24:00+02:00,0.010425
2017-05-28 06:25:00+02:00,0.010805
2017-05-28 06:26:00+02:00,0.011476
2017-05-28 06:27:00+02:00,0.011636
2017-05-28 06:28:00+02:00,0.011707
2017-05-28 06:29:00+02:00,0.011546
2017-05-28 06:30:00+02:00,0.013841
2017-05-28 06:31:00+02:00,0.012338
2017-05-28 06:32:00+02:00,0.011847
2017-05-28 06:33:00+02:00,0.015016
2017-05-28 06:34:00+02:00,0.015025
2017-05-28 06:35:00+02:00,0.012969
2017-05-28 06:36:00+02:00,0.013089
2017-05-28 06:37:00+02:00,0.01365
2017-05-28 06:38:00+02:00,0.014081
2017-05-28 06:39:00+02:00,0.014091
2017-05-28 06:40:00+02:00,0.01402
2017-05-28 06:41:00+02:00,0.01401
2017-05-28 06:42:00+02:00,0.01371
2017-05-28 06:43:00+02:00,0.01358
2017-05-28 06:44:00+02:00,0.01398
2017-05-28 06:45:00+02:00,0.013178
2017-05-28 06:46:00+02:00,0.013179
2017-05-28 06:47:00+02:00,0.012588
2017-05-28 06:48:00+02:00,0.012868
2017-05-28 06:49:00+02:00,0.01417
2017-05-28 06:50:00+02:00,0.013189
2017-05-28 06:51:00+02:00,0.013349
2017-05-28 06:52:00+02:00,0.013901
2017-05-28 06:53:00+02:00,0.013841
2017-05-28 06:54:00+02:00,0.012568
2017-05-28 06:55:00+02:00,0.013428
2017-05-28 06:56:00+02:00,0.014871
2017-05-28 06:57:00+02:00,0.014451
2017-05-28 06:58:00+02:00,0.017407
2017-05-28 06:59:00+02:00,0.014341
2017-05-28 07:00:00+02:00,0.01345
2017-05-28 07:01:00+02:00,0.01371
2017-05-28 07:02:00+02:00,0.013629
2017-05-28 07:03:00+02:00,0.016834
2017-05-28 07:04:00+02:00,0.014128
2017-05-28 07:05:00+02:00,0.015531
2017-05-28 07:06:00+02:00,0.01485
2017-05-28 07:07:00+02:00,0.015621
2017-05-28 07:08:00+02:00,0.018686
2017-05-28 07:09:00+02:00,0.022336
2017-05-28 07:10:00+02:00,0.022988
2017-05-28 07:11:00+02:00,0.023107
2017-05-28 07:12:00+02:00,0.024384
2017-05-28 07:13:00+02:00,0.023425
2017-05-28 07:14:00+02:00,0.022475
2017-05-28 07:15:00+02:00,0.022054
2017-05-28 07:16:00+02:00,0.020808
2017-05-28 07:17:00+02:00,0.021929
2017-05-28 07:18:00+02:00,0.027114
2017-05-28 07:19:00+02:00,0.029217
2017-05-28 07:20:00+02:00,0.029965
2017-05-28 07:21:00+02:00,0.029548
2017-05-28 07:22:00+02:00,0.031509
2017-05-28 07:23:00+02:00,0.031173
2017-05-28 07:24:00+02:00,0.032474
2017-05-28 07:25:00+02:00,0.030701
2017-05-28 07:26:00+02:00,0.028044
2017-05-28 07:27:00+02:00,0.030858
2017-05-28 07:28:00+02:00,0.031997
2017-05-28 07:29:00+02:00,0.032914
2017-05-28 07:30:00+02:00,0.032692
2017-05-28 07:31:00+02:00,0.03286
2017-05-28 07:32:00+02:00,0.031008
2017-05-28 07:33:00+02:00,0.031595
2017-05-28 07:34:00+02:00,0.03272
2017-05-28 07:35:00+02:00,0.030707
2017-05-28 07:36:00+02:00,0.028608
2017-05-28 07:37:00+02:00,0.031909
2017-05-28 07:38:00+02:00,0.034697
2017-05-28 07:39:00+02:00,0.028532
2017-05-28 07:40:00+02:00,0.022808
2017-05-28 07:41:00+02:00,0.022334
2017-05-28 07:42:00+02:00,0.023146
2017-05-28 07:43:00+02:00,0.025542
2017-05-28 07:44:00+02:00,0.024136
2017-05-28 07:45:00+02:00,0.02467
2017-05-28 07:46:00+02:00,0.023536
2017-05-28 07:47:00+02:00,0.02428
2017-05-28 07:48:00+02:00,0.028955
2017-05-28 07:49:00+02:00,0.034396
2017-05-28 07:50:00+02:00,0.029224
2017-05-28 07:51:00+02:00,0.030367
2017-05-28 07:52:00+02:00,0.025165
2017-05-28 07:53:00+02:00,0.024683
2017-05-28 07:54:00+02:00,0.024783
2017-05-28 07:55:00+02:00,0.021117
2017-05-28 07:56:00+02:00,0.021433
2017-05-28 07:57:00+02:00,0.019683
2017-05-28 07:58:00+02:00,0.020394
2017-05-28 07:59:00+02:00,0.020015
2017-05-28 08:00:00+02:00,0.021761
2017-05-28 08:01:00+02:00,0.021068
2017-05-28 08:02:00+02:00,0.021868
2017-05-28 08:03:00+02:00,0.020235
2017-05-28 08:04:00+02:00,0.022792
2017-05-28 08:05:00+02:00,0.024717
2017-05-28 08:06:00+02:00,0.022852
2017-05-28 08:07:00+02:00,0.020072
2017-05-28 08:08:00+02:00,0.018701
2017-05-28 08:09:00+02:00,0.017628
2017-05-28 08:10:00+02:00,0.022076
2017-05-28 08:11:00+02:00,0.018
2017-05-28 08:12:00+02:00,0.017427
2017-05-28 08:13:00+02:00,0.017556
2017-05-28 08:14:00+02:00,0.016274
2017-05-28 08:15:00+02:00,0.020302
2017-05-28 08:16:00+02:00,0.01893
2017-05-28 08:17:00+02:00,0.018227
2017-05-28 08:18:00+02:00,0.020301
2017-05-28 08:19:00+02:00,0.020414
2017-05-28 08:20:00+02:00,0.021577
2017-05-28 08:21:00+02:00,0.021034
2017-05-28 08:22:00+02:00,0.021767
2017-05-28 08:23:00+02:00,0.024908
2017-05-28 08:24:00+02:00,0.024357
2017-05-28 08:25:00+02:00,0.022511
2017-05-28 08:26:00+02:00,0.023063
2017-05-28 08:27:00+02:00,0.024059
2017-05-28 08:28:00+02:00,0.023909
2017-05-28 08:29:00+02:00,0.023056
2017-05-28 08:30:00+02:00,0.025822
2017-05-28 08:31:00+02:00,0.025509
2017-05-28 08:32:00+02:00,0.022844
2017-05-28 08:33:00+02:00,0.02154
2017-05-28 08:34:00+02:00,0.023607
2017-05-28 08:35:00+02:00,0.023938
2017-05-28 08:36:00+02:00,0.022809
2017-05-28 08:37:00+02:00,0.02305
2017-05-28 08:38:00+02:00,0.021594
2017-05-28 08:39:00+02:00,0.021394
2017-05-28 08:40:00+02:00,0.020932
2017-05-28 08:41:00+02:00,0.021382
2017-05-28 08:42:00+02:00,0.021091
2017-05-28 08:43:00+02:00,0.022553
2017-05-28 08:44:00+02:00,0.021771
2017-05-28 08:45:00+02:00,0.025049
2017-05-28 08:46:00+02:00,0.02595
2017-05-28 08:47:00+02:00,0.025028
2017-05-28 08:48:00+02:00,0.021231
2017-05-28 08:49:00+02:00,0.019907
2017-05-28 08:50:00+02:00,0.018736
2017-05-28 08:51:00+02:00,0.019427
2017-05-28 08:52:00+02:00,0.018465
2017-05-28 08:53:00+02:00,0.018345
2017-05-28 08:54:00+02:00,0.019436
2017-05-28 08:55:00+02:00,0.024451
2017-05-28 08:56:00+02:00,0.027649
2017-05-28 08:57:00+02:00,0.026652
2017-05-28 08:58:00+02:00,0.024364
2017-05-28 08:59:00+02:00,0.025418
2017-05-28 09:00:00+02:00,0.029172
2017-05-28 09:01:00+02:00,0.031527
2017-05-28 09:02:00+02:00,0.033778
2017-05-28 09:03:00+02:00,0.031275
2017-05-28 09:04:00+02:00,0.030713
2017-05-28 09:05:00+02:00,0.031504
2017-05-28 09:06:00+02:00,0.031044
2017-05-28 09:07:00+02:00,0.031577
2017-05-28 09:08:00+02:00,0.029784
2017-05-28 09:09:00+02:00,0.026172
2017-05-28 09:10:00+02:00,0.024257
2017-05-28 09:11:00+02:00,0.024021
2017-05-28 09:12:00+02:00,0.026811
2017-05-28 09:13:00+02:00,0.02656
2017-05-28 09:14:00+02:00,0.026398
2017-05-28 09:15:00+02:00,0.0268
2017-05-28 09:16:00+02:00,0.028343
2017-05-28 09:17:00+02:00,0.024832
2017-05-28 09:18:00+02:00,0.024149
2017-05-28 09:19:00+02:00,0.02475
2017-05-28 09:20:00+02:00,0.027052
2017-05-28 09:21:00+02:00,0.026891
2017-05-28 09:22:00+02:00,0.027354
2017-05-28 09:23:00+02:00,0.025617
2017-05-28 09:24:00+02:00,0.02795
2017-05-28 09:25:00+02:00,0.026782
2017-05-28 09:26:00+02:00,0.023508
2017-05-28 09:27:00+02:00,0.023037
2017-05-28 09:28:00+02:00,0.023639
2017-05-28 09:29:00+02:00,0.024544
2017-05-28 09:30:00+02:00,0.023418
2017-05-28 09:31:00+02:00,0.023276
2017-05-28 09:32:00+02:00,0.023147
2017-05-28 09:33:00+02:00,0.025802
2017-05-28 09:34:00+02:00,0.025131
2017-05-28 09:35:00+02:00,0.02372
2017-05-28 09:36:00+02:00,0.026922
2017-05-28 09:37:00+02:00,0.025675
2017-05-28 09:38:00+02:00,0.022603
2017-05-28 09:39:00+02:00,0.025224
2017-05-28 09:40:00+02:00,0.023216
2017-05-28 09:41:00+02:00,0.02278
2017-05-28 09:42:00+02:00,0.026958
2017-05-28 09:43:00+02:00,0.029512
2017-05-28 09:44:00+02:00,0.03156
2017-05-28 09:45:00+02:00,0.030955
2017-05-28 09:46:00+02:00,0.031013
2017-05-28 09:47:00+02:00,0.031209
2017-05-28 09:48:00+02:00,0.03615
2017-05-28 09:49:00+02:00,0.03724
2017-05-28 09:50:00+02:00,0.04001
2017-05-28 09:51:00+02:00,0.041217
2017-05-28 09:52:00+02:00,0.039914
2017-05-28 09:53:00+02:00,0.037846
2017-05-28 09:54:00+02:00,0.028359
2017-05-28 09:55:00+02:00,0.028217
2017-05-28 09:56:00+02:00,0.027125
2017-05-28 09:57:00+02:00,0.028922
2017-05-28 09:58:00+02:00,0.028662
2017-05-28 09:59:00+02:00,0.028141
2017-05-28 10:00:00+02:00,0.029316
2017-05-28 10:01:00+02:00,0.031449
2017-05-28 10:02:00+02:00,0.030053
2017-05-28 10:03:00+02:00,0.029497
2017-05-28 10:04:00+02:00,0.033332
2017-05-28 10:05:00+02:00,0.03557
2017-05-28 10:06:00+02:00,0.037182
2017-05-28 10:07:00+02:00,0.035232
2017-05-28 10:08:00+02:00,0.034638
2017-05-28 10:09:00+02:00,0.03937
2017-05-28 10:10:00+02:00,0.039925
2017-05-28 10:11:00+02:00,0.040687
2017-05-28 10:12:00+02:00,0.03807
2017-05-28 10:13:00+02:00,0.03838
2017-05-28 10:14:00+02:00,0.036574
2017-05-28 10:15:00+02:00,0.036216
2017-05-28 10:16:00+02:00,0.034409
2017-05-28 10:17:00+02:00,0.032833
2017-05-28 10:18:00+02:00,0.030093
2017-05-28 10:19:00+02:00,0.026182
2017-05-28 10:20:00+02:00,0.025048
2017-05-28 10:21:00+02:00,0.023265
2017-05-28 10:22:00+02:00,0.024931
2017-05-28 10:23:00+02:00,0.02392
2017-05-28 10:24:00+02:00,0.022786
2017-05-28 10:25:00+02:00,0.020137
2017-05-28 10:26:00+02:00,0.022319
2017-05-28 10:27:00+02:00,0.024185
2017-05-28 10:28:00+02:00,0.024789
2017-05-28 10:29:00+02:00,0.028047
2017-05-28 10:30:00+02:00,0.025466
2017-05-28 10:31:00+02:00,0.025081
2017-05-28 10:32:00+02:00,0.022278
2017-05-28 10:33:00+02:00,0.022532
2017-05-28 10:34:00+02:00,0.025077
2017-05-28 10:35:00+02:00,0.020173
2017-05-28 10:36:00+02:00,0.020943
2017-05-28 10:37:00+02:00,0.020052
2017-05-28 10:38:00+02:00,0.021545
2017-05-28 10:39:00+02:00,0.024909
2017-05-28 10:40:00+02:00,0.023495
2017-05-28 10:41:00+02:00,0.02635
2017-05-28 10:42:00+02:00,0.028572
2017-05-28 10:43:00+02:00,0.025502
2017-05-28 10:44:00+02:00,0.025623
2017-05-28 10:45:00+02:00,0.0265
2017-05-28 10:46:00+02:00,0.029218
2017-05-28 10:47:00+02:00,0.028448
2017-05-28 10:48:00+02:00,0.031583
2017-05-28 10:49:00+02:00,0.029932
2017-05-28 10:50:00+02:00,0.02731
2017-05-28 10:51:00+02:00,0.025043
2017-05-28 10:52:00+02:00,0.02725
2017-05-28 10:53:00+02:00,0.028042
2017-05-28 10:54:00+02:00,0.026637
2017-05-28 10:55:00+02:00,0.025806
2017-05-28 10:56:00+02:00,0.023668
2017-05-28 10:57:00+02:00,0.02801
2017-05-28 10:58:00+02:00,0.030326
2017-05-28 10:59:00+02:00,0.028505
2017-05-28 11:00:00+02:00,0.03078
2017-05-28 11:01:00+02:00,0.035041
2017-05-28 11:02:00+02:00,0.031487
2017-05-28 11:03:00+02:00,0.029884
2017-05-28 11:04:00+02:00,0.030996
2017-05-28 11:05:00+02:00,0.029603
2017-05-28 11:06:00+02:00,0.029053
2017-05-28 11:07:00+02:00,0.029415
2017-05-28 11:08:00+02:00,0.028721
2017-05-28 11:09:00+02:00,0.027925
2017-05-28 11:10:00+02:00,0.029628
2017-05-28 11:11:00+02:00,0.02964
2017-05-28 11:12:00+02:00,0.029302
2017-05-28 11:13:00+02:00,0.029242
2017-05-28 11:14:00+02:00,0.025909
2017-05-28 11:15:00+02:00,0.022558
2017-05-28 11:16:00+02:00,0.01803
2017-05-28 11:17:00+02:00,0.018911
2017-05-28 11:18:00+02:00,0.016875
2017-05-28 11:19:00+02:00,0.016413
2017-05-28 11:20:00+02:00,0.018654
2017-05-28 11:21:00+02:00,0.018495
2017-05-28 11:22:00+02:00,0.019246
2017-05-28 11:23:00+02:00,0.019267
2017-05-28 11:24:00+02:00,0.020738
2017-05-28 11:25:00+02:00,0.020681
2017-05-28 11:26:00+02:00,0.021302
2017-05-28 11:27:00+02:00,0.022582
2017-05-28 11:28:00+02:00,0.023376
2017-05-28 11:29:00+02:00,0.022382
2017-05-28 11:30:00+02:00,0.023164
2017-05-28 11:31:00+02:00,0.022744
2017-05-28 11:32:00+02:00,0.021833
2017-05-28 11:33:00+02:00,0.022472
2017-05-28 11:34:00+02:00,0.019289
2017-05-28 11:35:00+02:00,0.01997
2017-05-28 11:36:00+02:00,0.023566
2017-05-28 11:37:00+02:00,0.024579
2017-05-28 11:38:00+02:00,0.021133
2017-05-28 11:39:00+02:00,0.021013
2017-05-28 11:40:00+02:00,0.019449
2017-05-28 11:41:00+02:00,0.01912
2017-05-28 11:42:00+02:00,0.018809
2017-05-28 11:43:00+02:00,0.016874
2017-05-28 11:44:00+02:00,0.014002
2017-05-28 11:45:00+02:00,0.014092
2017-05-28 11:46:00+02:00,0.016235
2017-05-28 11:47:00+02:00,0.017706
2017-05-28 11:48:00+02:00,0.01947
2017-05-28 11:49:00+02:00,0.020012
2017-05-28 11:50:00+02:00,0.025272
2017-05-28 11:51:00+02:00,0.025334
2017-05-28 11:52:00+02:00,0.024569
2017-05-28 11:53:00+02:00,0.025794
2017-05-28 11:54:00+02:00,0.02692
2017-05-28 11:55:00+02:00,0.02907
2017-05-28 11:56:00+02:00,0.030036
2017-05-28 11:57:00+02:00,0.029505
2017-05-28 11:58:00+02:00,0.029122
2017-05-28 11:59:00+02:00,0.02874
2017-05-28 12:00:00+02:00,0.02909
2017-05-28 12:01:00+02:00,0.028789
2017-05-28 12:02:00+02:00,0.027514
2017-05-28 12:03:00+02:00,0.02292
2017-05-28 12:04:00+02:00,0.019746
2017-05-28 12:05:00+02:00,0.024204
2017-05-28 12:06:00+02:00,0.025897
2017-05-28 12:07:00+02:00,0.02643
2017-05-28 12:08:00+02:00,0.029687
2017-05-28 12:09:00+02:00,0.024881
2017-05-28 12:10:00+02:00,0.020867
2017-05-28 12:11:00+02:00,0.021156
2017-05-28 12:12:00+02:00,0.021537
2017-05-28 12:13:00+02:00,0.021296
2017-05-28 12:14:00+02:00,0.021867
2017-05-28 12:15:00+02:00,0.018557
2017-05-28 12:16:00+02:00,0.021626
2017-05-28 12:17:00+02:00,0.019902
2017-05-28 12:18:00+02:00,0.02061
2017-05-28 12:19:00+02:00,0.02057
2017-05-28 12:20:00+02:00,0.017376
2017-05-28 12:21:00+02:00,0.016093
2017-05-28 12:22:00+02:00,0.017674
2017-05-28 12:23:00+02:00,0.016721
2017-05-28 12:24:00+02:00,0.017383
2017-05-28 12:25:00+02:00,0.016663
2017-05-28 12:26:00+02:00,0.016974
2017-05-28 12:27:00+02:00,0.021067
2017-05-28 12:28:00+02:00,0.020232
2017-05-28 12:29:00+02:00,0.018068
2017-05-28 12:30:00+02:00,0.017867
2017-05-28 12:31:00+02:00,0.017847
2017-05-28 12:32:00+02:00,0.017006
2017-05-28 12:33:00+02:00,0.015772
2017-05-28 12:34:00+02:00,0.017575
2017-05-28 12:35:00+02:00,0.017867
2017-05-28 12:36:00+02:00,0.017807
2017-05-28 12:37:00+02:00,0.018057
2017-05-28 12:38:00+02:00,0.019809
2017-05-28 12:39:00+02:00,0.019529
2017-05-28 12:40:00+02:00,0.019469
2017-05-28 12:41:00+02:00,0.01985
2017-05-28 12:42:00+02:00,0.017426
2017-05-28 12:43:00+02:00,0.018119
2017-05-28 12:44:00+02:00,0.018972
2017-05-28 12:45:00+02:00,0.019764
2017-05-28 12:46:00+02:00,0.01908
2017-05-28 12:47:00+02:00,0.019621
2017-05-28 12:48:00+02:00,0.020625
2017-05-28 12:49:00+02:00,0.020626
2017-05-28 12:50:00+02:00,0.01839
2017-05-28 12:51:00+02:00,0.02168
2017-05-28 12:52:00+02:00,0.024435
2017-05-28 12:53:00+02:00,0.024635
2017-05-28 12:54:00+02:00,0.025907
2017-05-28 12:55:00+02:00,0.026148
2017-05-28 12:56:00+02:00,0.030337
2017-05-28 12:57:00+02:00,0.032771
2017-05-28 12:58:00+02:00,0.034365
2017-05-28 12:59:00+02:00,0.030996
2017-05-28 13:00:00+02:00,0.027485
2017-05-28 13:01:00+02:00,0.027168
2017-05-28 13:02:00+02:00,0.025641
2017-05-28 13:03:00+02:00,0.021962
2017-05-28 13:04:00+02:00,0.021732
2017-05-28 13:05:00+02:00,0.020733
2017-05-28 13:06:00+02:00,0.01932
2017-05-28 13:07:00+02:00,0.018598
2017-05-28 13:08:00+02:00,0.017726
2017-05-28 13:09:00+02:00,0.017466
2017-05-28 13:10:00+02:00,0.017798
2017-05-28 13:11:00+02:00,0.020437
2017-05-28 13:12:00+02:00,0.019814
2017-05-28 13:13:00+02:00,0.017265
2017-05-28 13:14:00+02:00,0.017828
2017-05-28 13:15:00+02:00,0.020891
2017-05-28 13:16:00+02:00,0.020065
2017-05-28 13:17:00+02:00,0.019083
2017-05-28 13:18:00+02:00,0.021179
2017-05-28 13:19:00+02:00,0.020135
2017-05-28 13:20:00+02:00,0.023256
2017-05-28 13:21:00+02:00,0.02499
2017-05-28 13:22:00+02:00,0.026815
2017-05-28 13:23:00+02:00,0.024264
2017-05-28 13:24:00+02:00,0.023746
2017-05-28 13:25:00+02:00,0.022569
2017-05-28 13:26:00+02:00,0.023816
2017-05-28 13:27:00+02:00,0.024646
2017-05-28 13:28:00+02:00,0.02561
2017-05-28 13:29:00+02:00,0.022249
2017-05-28 13:30:00+02:00,0.02263
2017-05-28 13:31:00+02:00,0.022992
2017-05-28 13:32:00+02:00,0.022009
2017-05-28 13:33:00+02:00,0.022535
2017-05-28 13:34:00+02:00,0.023229
2017-05-28 13:35:00+02:00,0.024165
2017-05-28 13:36:00+02:00,0.023229
2017-05-28 13:37:00+02:00,0.023379
2017-05-28 13:38:00+02:00,0.023159
2017-05-28 13:39:00+02:00,0.024282
2017-05-28 13:40:00+02:00,0.023522
2017-05-28 13:41:00+02:00,0.021617
2017-05-28 13:42:00+02:00,0.022069
2017-05-28 13:43:00+02:00,0.021979
2017-05-28 13:44:00+02:00,0.019245
2017-05-28 13:45:00+02:00,0.019986
2017-05-28 13:46:00+02:00,0.023084
2017-05-28 13:47:00+02:00,0.022792
2017-05-28 13:48:00+02:00,0.022491
2017-05-28 13:49:00+02:00,0.023687
2017-05-28 13:50:00+02:00,0.023155
2017-05-28 13:51:00+02:00,0.026197
2017-05-28 13:52:00+02:00,0.020757
2017-05-28 13:53:00+02:00,0.023648
2017-05-28 13:54:00+02:00,0.022886
2017-05-28 13:55:00+02:00,0.022427
2017-05-28 13:56:00+02:00,0.026916
2017-05-28 13:57:00+02:00,0.027335
2017-05-28 13:58:00+02:00,0.02825
2017-05-28 13:59:00+02:00,0.030183
2017-05-28 14:00:00+02:00,0.029367
2017-05-28 14:01:00+02:00,0.029858
2017-05-28 14:02:00+02:00,0.031299
2017-05-28 14:03:00+02:00,0.032052
2017-05-28 14:04:00+02:00,0.027183
2017-05-28 14:05:00+02:00,0.030107
2017-05-28 14:06:00+02:00,0.027671
2017-05-28 14:07:00+02:00,0.022762
2017-05-28 14:08:00+02:00,0.022742
2017-05-28 14:09:00+02:00,0.023122
2017-05-28 14:10:00+02:00,0.024752
2017-05-28 14:11:00+02:00,0.027732
2017-05-28 14:12:00+02:00,0.029744
2017-05-28 14:13:00+02:00,0.024217
2017-05-28 14:14:00+02:00,0.024317
2017-05-28 14:15:00+02:00,0.02479
2017-05-28 14:16:00+02:00,0.021737
2017-05-28 14:17:00+02:00,0.019437
2017-05-28 14:18:00+02:00,0.020521
2017-05-28 14:19:00+02:00,0.021972
2017-05-28 14:20:00+02:00,0.023147
2017-05-28 14:21:00+02:00,0.02337
2017-05-28 14:22:00+02:00,0.020538
2017-05-28 14:23:00+02:00,0.021883
2017-05-28 14:24:00+02:00,0.022558
2017-05-28 14:25:00+02:00,0.026586
2017-05-28 14:26:00+02:00,0.027122
2017-05-28 14:27:00+02:00,0.024056
2017-05-28 14:28:00+02:00,0.026711
2017-05-28 14:29:00+02:00,0.025764
2017-05-28 14:30:00+02:00,0.024638
2017-05-28 14:31:00+02:00,0.024567
2017-05-28 14:32:00+02:00,0.02347
2017-05-28 14:33:00+02:00,0.022756
2017-05-28 14:34:00+02:00,0.025256
2017-05-28 14:35:00+02:00,0.024895
2017-05-28 14:36:00+02:00,0.024966
2017-05-28 14:37:00+02:00,0.025007
2017-05-28 14:38:00+02:00,0.023502
2017-05-28 14:39:00+02:00,0.024695
2017-05-28 14:40:00+02:00,0.022959
2017-05-28 14:41:00+02:00,0.022389
2017-05-28 14:42:00+02:00,0.023905
2017-05-28 14:43:00+02:00,0.029662
2017-05-28 14:44:00+02:00,0.028767
2017-05-28 14:45:00+02:00,0.03011
2017-05-28 14:46:00+02:00,0.028583
2017-05-28 14:47:00+02:00,0.029599
2017-05-28 14:48:00+02:00,0.023848
2017-05-28 14:49:00+02:00,0.024774
2017-05-28 14:50:00+02:00,0.024977
2017-05-28 14:51:00+02:00,0.0303
2017-05-28 14:52:00+02:00,0.02525
2017-05-28 14:53:00+02:00,0.029639
2017-05-28 14:54:00+02:00,0.031318
2017-05-28 14:55:00+02:00,0.036007
2017-05-28 14:56:00+02:00,0.035911
2017-05-28 14:57:00+02:00,0.033559
2017-05-28 14:58:00+02:00,0.029253
2017-05-28 14:59:00+02:00,0.027905
2017-05-28 15:00:00+02:00,0.027173
2017-05-28 15:01:00+02:00,0.021209
2017-05-28 15:02:00+02:00,0.021098
2017-05-28 15:03:00+02:00,0.020825
2017-05-28 15:04:00+02:00,0.021731
2017-05-28 15:05:00+02:00,0.021369
2017-05-28 15:06:00+02:00,0.022176
2017-05-28 15:07:00+02:00,0.023581
2017-05-28 15:08:00+02:00,0.027853
2017-05-28 15:09:00+02:00,0.029778
2017-05-28 15:10:00+02:00,0.02932
2017-05-28 15:11:00+02:00,0.03463
2017-05-28 15:12:00+02:00,0.031597
2017-05-28 15:13:00+02:00,0.032814
2017-05-28 15:14:00+02:00,0.030824
2017-05-28 15:15:00+02:00,0.031028
2017-05-28 15:16:00+02:00,0.029936
2017-05-28 15:17:00+02:00,0.029528
2017-05-28 15:18:00+02:00,0.031625
2017-05-28 15:19:00+02:00,0.029241
2017-05-28 15:20:00+02:00,0.022163
2017-05-28 15:21:00+02:00,0.026428
2017-05-28 15:22:00+02:00,0.024407
2017-05-28 15:23:00+02:00,0.026968
2017-05-28 15:24:00+02:00,0.024539
2017-05-28 15:25:00+02:00,0.026995
2017-05-28 15:26:00+02:00,0.026787
2017-05-28 15:27:00+02:00,0.029039
2017-05-28 15:28:00+02:00,0.030735
2017-05-28 15:29:00+02:00,0.035911
2017-05-28 15:30:00+02:00,0.037125
2017-05-28 15:31:00+02:00,0.041221
2017-05-28 15:32:00+02:00,0.040549
2017-05-28 15:33:00+02:00,0.037798
2017-05-28 15:34:00+02:00,0.038031
2017-05-28 15:35:00+02:00,0.038331
2017-05-28 15:36:00+02:00,0.035231
2017-05-28 15:37:00+02:00,0.032591
2017-05-28 15:38:00+02:00,0.030329
2017-05-28 15:39:00+02:00,0.027988
2017-05-28 15:40:00+02:00,0.027929
2017-05-28 15:41:00+02:00,0.025381
2017-05-28 15:42:00+02:00,0.027387
2017-05-28 15:43:00+02:00,0.027046
2017-05-28 15:44:00+02:00,0.026044
2017-05-28 15:45:00+02:00,0.025112
2017-05-28 15:46:00+02:00,0.023987
2017-05-28 15:47:00+02:00,0.024219
2017-05-28 15:48:00+02:00,0.022716
2017-05-28 15:49:00+02:00,0.021746
2017-05-28 15:50:00+02:00,0.022799
2017-05-28 15:51:00+02:00,0.02411
2017-05-28 15:52:00+02:00,0.024954
2017-05-28 15:53:00+02:00,0.021714
2017-05-28 15:54:00+02:00,0.021284
2017-05-28 15:55:00+02:00,0.022435
2017-05-28 15:56:00+02:00,0.023778
2017-05-28 15:57:00+02:00,0.022225
2017-05-28 15:58:00+02:00,0.022657
2017-05-28 15:59:00+02:00,0.023057
2017-05-28 16:00:00+02:00,0.023368
2017-05-28 16:01:00+02:00,0.021874
2017-05-28 16:02:00+02:00,0.023318
2017-05-28 16:03:00+02:00,0.022377
2017-05-28 16:04:00+02:00,0.023974
2017-05-28 16:05:00+02:00,0.025276
2017-05-28 16:06:00+02:00,0.025379
2017-05-28 16:07:00+02:00,0.025287
2017-05-28 16:08:00+02:00,0.026017
2017-05-28 16:09:00+02:00,0.026854
2017-05-28 16:10:00+02:00,0.025547
2017-05-28 16:11:00+02:00,0.025095
2017-05-28 16:12:00+02:00,0.025283
2017-05-28 16:13:00+02:00,0.025443
2017-05-28 16:14:00+02:00,0.026476
2017-05-28 16:15:00+02:00,0.030452
2017-05-28 16:16:00+02:00,0.026434
2017-05-28 16:17:00+02:00,0.025132
2017-05-28 16:18:00+02:00,0.023999
2017-05-28 16:19:00+02:00,0.02415
2017-05-28 16:20:00+02:00,0.024091
2017-05-28 16:21:00+02:00,0.026194
2017-05-28 16:22:00+02:00,0.027055
2017-05-28 16:23:00+02:00,0.025513
2017-05-28 16:24:00+02:00,0.025143
2017-05-28 16:25:00+02:00,0.027887
2017-05-28 16:26:00+02:00,0.026135
2017-05-28 16:27:00+02:00,0.02792
2017-05-28 16:28:00+02:00,0.028705
2017-05-28 16:29:00+02:00,0.028031
2017-05-28 16:30:00+02:00,0.029297
2017-05-28 16:31:00+02:00,0.026849
2017-05-28 16:32:00+02:00,0.02677
2017-05-28 16:33:00+02:00,0.027708
2017-05-28 16:34:00+02:00,0.031587
2017-05-28 16:35:00+02:00,0.030486
2017-05-28 16:36:00+02:00,0.030359
2017-05-28 16:37:00+02:00,0.030485
2017-05-28 16:38:00+02:00,0.028725
2017-05-28 16:39:00+02:00,0.028495
2017-05-28 16:40:00+02:00,0.026742
2017-05-28 16:41:00+02:00,0.024931
2017-05-28 16:42:00+02:00,0.026345
2017-05-28 16:43:00+02:00,0.026345
2017-05-28 16:44:00+02:00,0.02425
2017-05-28 16:45:00+02:00,0.024773
2017-05-28 16:46:00+02:00,0.023861
2017-05-28 16:47:00+02:00,0.024052
2017-05-28 16:48:00+02:00,0.022206
2017-05-28 16:49:00+02:00,0.024159
2017-05-28 16:50:00+02:00,0.02414
2017-05-28 16:51:00+02:00,0.02523
2017-05-28 16:52:00+02:00,0.026673
2017-05-28 16:53:00+02:00,0.029027
2017-05-28 16:54:00+02:00,0.027228
2017-05-28 16:55:00+02:00,0.025951
2017-05-28 16:56:00+02:00,0.026086
2017-05-28 16:57:00+02:00,0.027888
2017-05-28 16:58:00+02:00,0.027086
2017-05-28 16:59:00+02:00,0.024649
2017-05-28 17:00:00+02:00,0.025863
2017-05-28 17:01:00+02:00,0.026746
2017-05-28 17:02:00+02:00,0.028633
2017-05-28 17:03:00+02:00,0.02673
2017-05-28 17:04:00+02:00,0.024482
2017-05-28 17:05:00+02:00,0.026789
2017-05-28 17:06:00+02:00,0.028694
2017-05-28 17:07:00+02:00,0.025445
2017-05-28 17:08:00+02:00,0.024331
2017-05-28 17:09:00+02:00,0.026365
2017-05-28 17:10:00+02:00,0.02479
2017-05-28 17:11:00+02:00,0.023316
2017-05-28 17:12:00+02:00,0.023056
2017-05-28 17:13:00+02:00,0.023427
2017-05-28 17:14:00+02:00,0.023627
2017-05-28 17:15:00+02:00,0.023035
2017-05-28 17:16:00+02:00,0.027277
2017-05-28 17:17:00+02:00,0.025925
2017-05-28 17:18:00+02:00,0.024071
2017-05-28 17:19:00+02:00,0.024434
2017-05-28 17:20:00+02:00,0.025039
2017-05-28 17:21:00+02:00,0.026011
2017-05-28 17:22:00+02:00,0.027737
2017-05-28 17:23:00+02:00,0.026504
2017-05-28 17:24:00+02:00,0.02577
2017-05-28 17:25:00+02:00,0.024984
2017-05-28 17:26:00+02:00,0.024923
2017-05-28 17:27:00+02:00,0.025365
2017-05-28 17:28:00+02:00,0.024816
2017-05-28 17:29:00+02:00,0.025175
2017-05-28 17:30:00+02:00,0.026502
2017-05-28 17:31:00+02:00,0.027833
2017-05-28 17:32:00+02:00,0.023215
2017-05-28 17:33:00+02:00,0.023104
2017-05-28 17:34:00+02:00,0.025914
2017-05-28 17:35:00+02:00,0.02765
2017-05-28 17:36:00+02:00,0.027454
2017-05-28 17:37:00+02:00,0.028046
2017-05-28 17:38:00+02:00,0.02715
2017-05-28 17:39:00+02:00,0.027983
2017-05-28 17:40:00+02:00,0.026984
2017-05-28 17:41:00+02:00,0.027296
2017-05-28 17:42:00+02:00,0.027154
2017-05-28 17:43:00+02:00,0.029555
2017-05-28 17:44:00+02:00,0.02849
2017-05-28 17:45:00+02:00,0.026263
2017-05-28 17:46:00+02:00,0.027499
2017-05-28 17:47:00+02:00,0.028461
2017-05-28 17:48:00+02:00,0.028381
2017-05-28 17:49:00+02:00,0.027397
2017-05-28 17:50:00+02:00,0.026856
2017-05-28 17:51:00+02:00,0.026836
2017-05-28 17:52:00+02:00,0.029691
2017-05-28 17:53:00+02:00,0.025919
2017-05-28 17:54:00+02:00,0.023283
2017-05-28 17:55:00+02:00,0.022338
2017-05-28 17:56:00+02:00,0.024399
2017-05-28 17:57:00+02:00,0.034634
2017-05-28 17:58:00+02:00,0.032526
2017-05-28 17:59:00+02:00,0.027558
2017-05-28 18:00:00+02:00,0.02632
2017-05-28 18:01:00+02:00,0.024893
2017-05-28 18:02:00+02:00,0.024312
2017-05-28 18:03:00+02:00,0.022837
2017-05-28 18:04:00+02:00,0.021421
2017-05-28 18:05:00+02:00,0.021282
2017-05-28 18:06:00+02:00,0.020781
2017-05-28 18:07:00+02:00,0.021083
2017-05-28 18:08:00+02:00,0.026862
2017-05-28 18:09:00+02:00,0.027926
2017-05-28 18:10:00+02:00,0.027805
2017-05-28 18:11:00+02:00,0.022745
2017-05-28 18:12:00+02:00,0.021804
2017-05-28 18:13:00+02:00,0.026052
2017-05-28 18:14:00+02:00,0.024175
2017-05-28 18:15:00+02:00,0.024763
2017-05-28 18:16:00+02:00,0.026368
2017-05-28 18:17:00+02:00,0.027583
2017-05-28 18:18:00+02:00,0.025913
2017-05-28 18:19:00+02:00,0.025161
2017-05-28 18:20:00+02:00,0.026274
2017-05-28 18:21:00+02:00,0.024247
2017-05-28 18:22:00+02:00,0.025806
2017-05-28 18:23:00+02:00,0.026924
2017-05-28 18:24:00+02:00,0.027265
2017-05-28 18:25:00+02:00,0.026866
2017-05-28 18:26:00+02:00,0.024694
2017-05-28 18:27:00+02:00,0.023391
2017-05-28 18:28:00+02:00,0.023472
2017-05-28 18:29:00+02:00,0.026153
2017-05-28 18:30:00+02:00,0.023734
2017-05-28 18:31:00+02:00,0.021812
2017-05-28 18:32:00+02:00,0.02336
2017-05-28 18:33:00+02:00,0.025105
2017-05-28 18:34:00+02:00,0.024108
2017-05-28 18:35:00+02:00,0.027406
2017-05-28 18:36:00+02:00,0.025428
2017-05-28 18:37:00+02:00,0.025301
2017-05-28 18:38:00+02:00,0.022882
2017-05-28 18:39:00+02:00,0.023575
2017-05-28 18:40:00+02:00,0.024589
2017-05-28 18:41:00+02:00,0.022355
2017-05-28 18:42:00+02:00,0.021343
2017-05-28 18:43:00+02:00,0.021895
2017-05-28 18:44:00+02:00,0.024674
2017-05-28 18:45:00+02:00,0.023951
2017-05-28 18:46:00+02:00,0.026276
2017-05-28 18:47:00+02:00,0.025131
2017-05-28 18:48:00+02:00,0.025583
2017-05-28 18:49:00+02:00,0.026133
2017-05-28 18:50:00+02:00,0.027839
2017-05-28 18:51:00+02:00,0.028381
2017-05-28 18:52:00+02:00,0.025872
2017-05-28 18:53:00+02:00,0.026987
2017-05-28 18:54:00+02:00,0.028164
2017-05-28 18:55:00+02:00,0.028216
2017-05-28 18:56:00+02:00,0.026098
2017-05-28 18:57:00+02:00,0.025678
2017-05-28 18:58:00+02:00,0.026239
2017-05-28 18:59:00+02:00,0.026672
2017-05-28 19:00:00+02:00,0.027043
2017-05-28 19:01:00+02:00,0.025836
2017-05-28 19:02:00+02:00,0.02588
2017-05-28 19:03:00+02:00,0.028471
2017-05-28 19:04:00+02:00,0.028479
2017-05-28 19:05:00+02:00,0.026634
2017-05-28 19:06:00+02:00,0.027445
2017-05-28 19:07:00+02:00,0.025013
2017-05-28 19:08:00+02:00,0.025427
2017-05-28 19:09:00+02:00,0.02709
2017-05-28 19:10:00+02:00,0.025562
2017-05-28 19:11:00+02:00,0.023934
2017-05-28 19:12:00+02:00,0.0274
2017-05-28 19:13:00+02:00,0.029648
2017-05-28 19:14:00+02:00,0.028262
2017-05-28 19:15:00+02:00,0.027223
2017-05-28 19:16:00+02:00,0.029728
2017-05-28 19:17:00+02:00,0.032821
2017-05-28 19:18:00+02:00,0.035655
2017-05-28 19:19:00+02:00,0.035873
2017-05-28 19:20:00+02:00,0.03751
2017-05-28 19:21:00+02:00,0.034336
2017-05-28 19:22:00+02:00,0.032718
2017-05-28 19:23:00+02:00,0.031626
2017-05-28 19:24:00+02:00,0.03245
2017-05-28 19:25:00+02:00,0.03497
2017-05-28 19:26:00+02:00,0.030523
2017-05-28 19:27:00+02:00,0.032824
2017-05-28 19:28:00+02:00,0.027376
2017-05-28 19:29:00+02:00,0.025908
2017-05-28 19:30:00+02:00,0.03095
2017-05-28 19:31:00+02:00,0.031125
2017-05-28 19:32:00+02:00,0.030964
2017-05-28 19:33:00+02:00,0.034424
2017-05-28 19:34:00+02:00,0.034552
2017-05-28 19:35:00+02:00,0.035832
2017-05-28 19:36:00+02:00,0.035067
2017-05-28 19:37:00+02:00,0.030771
2017-05-28 19:38:00+02:00,0.030535
2017-05-28 19:39:00+02:00,0.03386
2017-05-28 19:40:00+02:00,0.034282
2017-05-28 19:41:00+02:00,0.038253
2017-05-28 19:42:00+02:00,0.036984
2017-05-28 19:43:00+02:00,0.037142
2017-05-28 19:44:00+02:00,0.03258
2017-05-28 19:45:00+02:00,0.037168
2017-05-28 19:46:00+02:00,0.040403
2017-05-28 19:47:00+02:00,0.032415
2017-05-28 19:48:00+02:00,0.026728
2017-05-28 19:49:00+02:00,0.026585
2017-05-28 19:50:00+02:00,0.027408
2017-05-28 19:51:00+02:00,0.027517
2017-05-28 19:52:00+02:00,0.027025
2017-05-28 19:53:00+02:00,0.028097
2017-05-28 19:54:00+02:00,0.028915
2017-05-28 19:55:00+02:00,0.028246
2017-05-28 19:56:00+02:00,0.028391
2017-05-28 19:57:00+02:00,0.026806
2017-05-28 19:58:00+02:00,0.026986
2017-05-28 19:59:00+02:00,0.027477
2017-05-28 20:00:00+02:00,0.025329
2017-05-28 20:01:00+02:00,0.029298
2017-05-28 20:02:00+02:00,0.030609
2017-05-28 20:03:00+02:00,0.027828
2017-05-28 20:04:00+02:00,0.026141
2017-05-28 20:05:00+02:00,0.024856
2017-05-28 20:06:00+02:00,0.024274
2017-05-28 20:07:00+02:00,0.025709
2017-05-28 20:08:00+02:00,0.02567
2017-05-28 20:09:00+02:00,0.025741
2017-05-28 20:10:00+02:00,0.026796
2017-05-28 20:11:00+02:00,0.023743
2017-05-28 20:12:00+02:00,0.023764
2017-05-28 20:13:00+02:00,0.027234
2017-05-28 20:14:00+02:00,0.021379
2017-05-28 20:15:00+02:00,0.022754
2017-05-28 20:16:00+02:00,0.024855
2017-05-28 20:17:00+02:00,0.025628
2017-05-28 20:18:00+02:00,0.024019
2017-05-28 20:19:00+02:00,0.026087
2017-05-28 20:20:00+02:00,0.025527
2017-05-28 20:21:00+02:00,0.025425
2017-05-28 20:22:00+02:00,0.027451
2017-05-28 20:23:00+02:00,0.026098
2017-05-28 20:24:00+02:00,0.02475
2017-05-28 20:25:00+02:00,0.027779
2017-05-28 20:26:00+02:00,0.026285
2017-05-28 20:27:00+02:00,0.024506
2017-05-28 20:28:00+02:00,0.022811
2017-05-28 20:29:00+02:00,0.022269
2017-05-28 20:30:00+02:00,0.023181
2017-05-28 20:31:00+02:00,0.025107
2017-05-28 20:32:00+02:00,0.025007
2017-05-28 20:33:00+02:00,0.024836
2017-05-28 20:34:00+02:00,0.028178
2017-05-28 20:35:00+02:00,0.028128
2017-05-28 20:36:00+02:00,0.028599
2017-05-28 20:37:00+02:00,0.02334
2017-05-28 20:38:00+02:00,0.02631
2017-05-28 20:39:00+02:00,0.027093
2017-05-28 20:40:00+02:00,0.030085
2017-05-28 20:41:00+02:00,0.029595
2017-05-28 20:42:00+02:00,0.030819
2017-05-28 20:43:00+02:00,0.029942
2017-05-28 20:44:00+02:00,0.029292
2017-05-28 20:45:00+02:00,0.028197
2017-05-28 20:46:00+02:00,0.025207
2017-05-28 20:47:00+02:00,0.024756
2017-05-28 20:48:00+02:00,0.027852
2017-05-28 20:49:00+02:00,0.030843
2017-05-28 20:50:00+02:00,0.035245
2017-05-28 20:51:00+02:00,0.028153
2017-05-28 20:52:00+02:00,0.025946
2017-05-28 20:53:00+02:00,0.024553
2017-05-28 20:54:00+02:00,0.02395
2017-05-28 20:55:00+02:00,0.026261
2017-05-28 20:56:00+02:00,0.026983
2017-05-28 20:57:00+02:00,0.027034
2017-05-28 20:58:00+02:00,0.02923
2017-05-28 20:59:00+02:00,0.027258
2017-05-28 21:00:00+02:00,0.032726
2017-05-28 21:01:00+02:00,0.028069
2017-05-28 21:02:00+02:00,0.028056
2017-05-28 21:03:00+02:00,0.024134
2017-05-28 21:04:00+02:00,0.023441
2017-05-28 21:05:00+02:00,0.024806
2017-05-28 21:06:00+02:00,0.026773
2017-05-28 21:07:00+02:00,0.032096
2017-05-28 21:08:00+02:00,0.031784
2017-05-28 21:09:00+02:00,0.039774
2017-05-28 21:10:00+02:00,0.037587
2017-05-28 21:11:00+02:00,0.028243
2017-05-28 21:12:00+02:00,0.028247
2017-05-28 21:13:00+02:00,0.026474
2017-05-28 21:14:00+02:00,0.027249
2017-05-28 21:15:00+02:00,0.030254
2017-05-28 21:16:00+02:00,0.02953
2017-05-28 21:17:00+02:00,0.027561
2017-05-28 21:18:00+02:00,0.030723
2017-05-28 21:19:00+02:00,0.032409
2017-05-28 21:20:00+02:00,0.033304
2017-05-28 21:21:00+02:00,0.037767
2017-05-28 21:22:00+02:00,0.038019
2017-05-28 21:23:00+02:00,0.033416
2017-05-28 21:24:00+02:00,0.033126
2017-05-28 21:25:00+02:00,0.032433
2017-05-28 21:26:00+02:00,0.037553
2017-05-28 21:27:00+02:00,0.038285
2017-05-28 21:28:00+02:00,0.038578
2017-05-28 21:29:00+02:00,0.038183
2017-05-28 21:30:00+02:00,0.038184
2017-05-28 21:31:00+02:00,0.039274
2017-05-28 21:32:00+02:00,0.042128
2017-05-28 21:33:00+02:00,0.036226
2017-05-28 21:34:00+02:00,0.033102
2017-05-28 21:35:00+02:00,0.030791
2017-05-28 21:36:00+02:00,0.031738
2017-05-28 21:37:00+02:00,0.03664
2017-05-28 21:38:00+02:00,0.038569
2017-05-28 21:39:00+02:00,0.038967
2017-05-28 21:40:00+02:00,0.042381
2017-05-28 21:41:00+02:00,0.048805
2017-05-28 21:42:00+02:00,0.039199
2017-05-28 21:43:00+02:00,0.038782
2017-05-28 21:44:00+02:00,0.039939
2017-05-28 21:45:00+02:00,0.04396
2017-05-28 21:46:00+02:00,0.048649
2017-05-28 21:47:00+02:00,0.047544
2017-05-28 21:48:00+02:00,0.044268
2017-05-28 21:49:00+02:00,0.043724
2017-05-28 21:50:00+02:00,0.041382
2017-05-28 21:51:00+02:00,0.040329
2017-05-28 21:52:00+02:00,0.033726
2017-05-28 21:53:00+02:00,0.033229
2017-05-28 21:54:00+02:00,0.032645
2017-05-28 21:55:00+02:00,0.032702
2017-05-28 21:56:00+02:00,0.032202
2017-05-28 21:57:00+02:00,0.030054
2017-05-28 21:58:00+02:00,0.028826
2017-05-28 21:59:00+02:00,0.028677
2017-05-28 22:00:00+02:00,0.029851
2017-05-28 22:01:00+02:00,0.029189
2017-05-28 22:02:00+02:00,0.031503
2017-05-28 22:03:00+02:00,0.031848
2017-05-28 22:04:00+02:00,0.035732
2017-05-28 22:05:00+02:00,0.036443
2017-05-28 22:06:00+02:00,0.037617
2017-05-28 22:07:00+02:00,0.036773
2017-05-28 22:08:00+02:00,0.034118
2017-05-28 22:09:00+02:00,0.032081
2017-05-28 22:10:00+02:00,0.02891
2017-05-28 22:11:00+02:00,0.029349
2017-05-28 22:12:00+02:00,0.03247
2017-05-28 22:13:00+02:00,0.026931
2017-05-28 22:14:00+02:00,0.027284
2017-05-28 22:15:00+02:00,0.027717
2017-05-28 22:16:00+02:00,0.027154
2017-05-28 22:17:00+02:00,0.029621
2017-05-28 22:18:00+02:00,0.02709
2017-05-28 22:19:00+02:00,0.029658
2017-05-28 22:20:00+02:00,0.026481
2017-05-28 22:21:00+02:00,0.025911
2017-05-28 22:22:00+02:00,0.027496
2017-05-28 22:23:00+02:00,0.024195
2017-05-28 22:24:00+02:00,0.024546
2017-05-28 22:25:00+02:00,0.023755
2017-05-28 22:26:00+02:00,0.024223
2017-05-28 22:27:00+02:00,0.023689
2017-05-28 22:28:00+02:00,0.026476
2017-05-28 22:29:00+02:00,0.028564
2017-05-28 22:30:00+02:00,0.026619
2017-05-28 22:31:00+02:00,0.026778
2017-05-28 22:32:00+02:00,0.026858
2017-05-28 22:33:00+02:00,0.026617
2017-05-28 22:34:00+02:00,0.026919
2017-05-28 22:35:00+02:00,0.028728
2017-05-28 22:36:00+02:00,0.030039
2017-05-28 22:37:00+02:00,0.03035
2017-05-28 22:38:00+02:00,0.025228
2017-05-28 22:39:00+02:00,0.02538
2017-05-28 22:40:00+02:00,0.028041
2017-05-28 22:41:00+02:00,0.030774
2017-05-28 22:42:00+02:00,0.03132
2017-05-28 22:43:00+02:00,0.033422
2017-05-28 22:44:00+02:00,0.031913
2017-05-28 22:45:00+02:00,0.030553
2017-05-28 22:46:00+02:00,0.031379
2017-05-28 22:47:00+02:00,0.033833
2017-05-28 22:48:00+02:00,0.034023
2017-05-28 22:49:00+02:00,0.032747
2017-05-28 22:50:00+02:00,0.03193
2017-05-28 22:51:00+02:00,0.029962
2017-05-28 22:52:00+02:00,0.028012
2017-05-28 22:53:00+02:00,0.026742
2017-05-28 22:54:00+02:00,0.028127
2017-05-28 22:55:00+02:00,0.027065
2017-05-28 22:56:00+02:00,0.025582
2017-05-28 22:57:00+02:00,0.02603
2017-05-28 22:58:00+02:00,0.026864
2017-05-28 22:59:00+02:00,0.02683
2017-05-28 23:00:00+02:00,0.026537
2017-05-28 23:01:00+02:00,0.029885
2017-05-28 23:02:00+02:00,0.02746
2017-05-28 23:03:00+02:00,0.028
2017-05-28 23:04:00+02:00,0.027288
2017-05-28 23:05:00+02:00,0.027013
2017-05-28 23:06:00+02:00,0.031838
2017-05-28 23:07:00+02:00,0.031274
2017-05-28 23:08:00+02:00,0.03268
2017-05-28 23:09:00+02:00,0.033813
2017-05-28 23:10:00+02:00,0.029759
2017-05-28 23:11:00+02:00,0.032457
2017-05-28 23:12:00+02:00,0.026243
2017-05-28 23:13:00+02:00,0.02549
2017-05-28 23:14:00+02:00,0.024657
2017-05-28 23:15:00+02:00,0.027968
2017-05-28 23:16:00+02:00,0.025907
2017-05-28 23:17:00+02:00,0.024603
2017-05-28 23:18:00+02:00,0.025827
2017-05-28 23:19:00+02:00,0.026059
2017-05-28 23:20:00+02:00,0.02613
2017-05-28 23:21:00+02:00,0.026397
2017-05-28 23:22:00+02:00,0.027021
2017-05-28 23:23:00+02:00,0.03048
2017-05-28 23:24:00+02:00,0.028165
2017-05-28 23:25:00+02:00,0.026127
2017-05-28 23:26:00+02:00,0.023671
2017-05-28 23:27:00+02:00,0.02182
2017-05-28 23:28:00+02:00,0.020003
2017-05-28 23:29:00+02:00,0.019581
2017-05-28 23:30:00+02:00,0.019832
2017-05-28 23:31:00+02:00,0.020945
2017-05-28 23:32:00+02:00,0.023573
2017-05-28 23:33:00+02:00,0.026512
2017-05-28 23:34:00+02:00,0.025808
2017-05-28 23:35:00+02:00,0.024904
2017-05-28 23:36:00+02:00,0.025207
2017-05-28 23:37:00+02:00,0.02595
2017-05-28 23:38:00+02:00,0.024051
2017-05-28 23:39:00+02:00,0.025448
2017-05-28 23:40:00+02:00,0.028089
2017-05-28 23:41:00+02:00,0.029062
2017-05-28 23:42:00+02:00,0.025813
2017-05-28 23:43:00+02:00,0.023782
2017-05-28 23:44:00+02:00,0.022469
2017-05-28 23:45:00+02:00,0.023753
2017-05-28 23:46:00+02:00,0.02276
2017-05-28 23:47:00+02:00,0.021496
2017-05-28 23:48:00+02:00,0.021718
2017-05-28 23:49:00+02:00,0.022131
2017-05-28 23:50:00+02:00,0.02151
2017-05-28 23:51:00+02:00,0.020466
2017-05-28 23:52:00+02:00,0.023951
2017-05-28 23:53:00+02:00,0.024002
2017-05-28 23:54:00+02:00,0.022609
2017-05-28 23:55:00+02:00,0.023772
2017-05-28 23:56:00+02:00,0.0235
2017-05-28 23:57:00+02:00,0.024292
2017-05-28 23:58:00+02:00,0.021387
2017-05-28 23:59:00+02:00,0.020735
2017-05-29 00:00:00+02:00,0.021096
2017-05-29 00:01:00+02:00,0.021966
2017-05-29 00:02:00+02:00,0.021997
2017-05-29 00:03:00+02:00,0.024687
2017-05-29 00:04:00+02:00,0.024276
2017-05-29 00:05:00+02:00,0.022932
2017-05-29 00:06:00+02:00,0.023463
2017-05-29 00:07:00+02:00,0.023815
2017-05-29 00:08:00+02:00,0.022643
2017-05-29 00:09:00+02:00,0.02212
2017-05-29 00:10:00+02:00,0.020697
2017-05-29 00:11:00+02:00,0.01831
2017-05-29 00:12:00+02:00,0.018128
2017-05-29 00:13:00+02:00,0.020022
2017-05-29 00:14:00+02:00,0.020143
2017-05-29 00:15:00+02:00,0.017997
2017-05-29 00:16:00+02:00,0.018679
2017-05-29 00:17:00+02:00,0.019331
2017-05-29 00:18:00+02:00,0.018028
2017-05-29 00:19:00+02:00,0.01836
2017-05-29 00:20:00+02:00,0.019182
2017-05-29 00:21:00+02:00,0.018951
2017-05-29 00:22:00+02:00,0.02129
2017-05-29 00:23:00+02:00,0.021586
2017-05-29 00:24:00+02:00,0.019279
2017-05-29 00:25:00+02:00,0.018108
2017-05-29 00:26:00+02:00,0.018038
2017-05-29 00:27:00+02:00,0.019321
2017-05-29 00:28:00+02:00,0.020695
2017-05-29 00:29:00+02:00,0.020114
2017-05-29 00:30:00+02:00,0.019784
2017-05-29 00:31:00+02:00,0.021027
2017-05-29 00:32:00+02:00,0.020777
2017-05-29 00:33:00+02:00,0.019464
2017-05-29 00:34:00+02:00,0.021206
2017-05-29 00:35:00+02:00,0.017487
2017-05-29 00:36:00+02:00,0.017437
2017-05-29 00:37:00+02:00,0.017907
2017-05-29 00:38:00+02:00,0.016344
2017-05-29 00:39:00+02:00,0.016516
2017-05-29 00:40:00+02:00,0.016997
2017-05-29 00:41:00+02:00,0.015834
2017-05-29 00:42:00+02:00,0.016225
2017-05-29 00:43:00+02:00,0.016766
2017-05-29 00:44:00+02:00,0.020073
2017-05-29 00:45:00+02:00,0.021567
2017-05-29 00:46:00+02:00,0.019252
2017-05-29 00:47:00+02:00,0.019113
2017-05-29 00:48:00+02:00,0.018091
2017-05-29 00:49:00+02:00,0.018061
2017-05-29 00:50:00+02:00,0.020057
2017-05-29 00:51:00+02:00,0.019114
2017-05-29 00:52:00+02:00,0.019014
2017-05-29 00:53:00+02:00,0.01773
2017-05-29 00:54:00+02:00,0.016978
2017-05-29 00:55:00+02:00,0.016868
2017-05-29 00:56:00+02:00,0.020707
2017-05-29 00:57:00+02:00,0.018672
2017-05-29 00:58:00+02:00,0.016085
2017-05-29 00:59:00+02:00,0.014801
2017-05-29 01:00:00+02:00,0.016305
2017-05-29 01:01:00+02:00,0.016283
2017-05-29 01:02:00+02:00,0.016814
2017-05-29 01:03:00+02:00,0.016844
2017-05-29 01:04:00+02:00,0.017626
2017-05-29 01:05:00+02:00,0.017646
2017-05-29 01:06:00+02:00,0.017065
2017-05-29 01:07:00+02:00,0.017206
2017-05-29 01:08:00+02:00,0.017727
2017-05-29 01:09:00+02:00,0.016353
2017-05-29 01:10:00+02:00,0.01805
2017-05-29 01:11:00+02:00,0.019246
2017-05-29 01:12:00+02:00,0.020309
2017-05-29 01:13:00+02:00,0.020189
2017-05-29 01:14:00+02:00,0.019978
2017-05-29 01:15:00+02:00,0.02187
2017-05-29 01:16:00+02:00,0.021097
2017-05-29 01:17:00+02:00,0.019191
2017-05-29 01:18:00+02:00,0.019993
2017-05-29 01:19:00+02:00,0.023165
2017-05-29 01:20:00+02:00,0.020526
2017-05-29 01:21:00+02:00,0.016743
2017-05-29 01:22:00+02:00,0.017415
2017-05-29 01:23:00+02:00,0.017044
2017-05-29 01:24:00+02:00,0.020067
2017-05-29 01:25:00+02:00,0.019957
2017-05-29 01:26:00+02:00,0.018019
2017-05-29 01:27:00+02:00,0.01848
2017-05-29 01:28:00+02:00,0.018
2017-05-29 01:29:00+02:00,0.015712
2017-05-29 01:30:00+02:00,0.015302
2017-05-29 01:31:00+02:00,0.014951
2017-05-29 01:32:00+02:00,0.01414
2017-05-29 01:33:00+02:00,0.012708
2017-05-29 01:34:00+02:00,0.012838
2017-05-29 01:35:00+02:00,0.013069
2017-05-29 01:36:00+02:00,0.015145
2017-05-29 01:37:00+02:00,0.012999
2017-05-29 01:38:00+02:00,0.012789
2017-05-29 01:39:00+02:00,0.012869
2017-05-29 01:40:00+02:00,0.012298
2017-05-29 01:41:00+02:00,0.012598
2017-05-29 01:42:00+02:00,0.012498
2017-05-29 01:43:00+02:00,0.013349
2017-05-29 01:44:00+02:00,0.016297
2017-05-29 01:45:00+02:00,0.014641
2017-05-29 01:46:00+02:00,0.013711
2017-05-29 01:47:00+02:00,0.013439
2017-05-29 01:48:00+02:00,0.012347
2017-05-29 01:49:00+02:00,0.011987
2017-05-29 01:50:00+02:00,0.011837
2017-05-29 01:51:00+02:00,0.011957
2017-05-29 01:52:00+02:00,0.012428
2017-05-29 01:53:00+02:00,0.012768
2017-05-29 01:54:00+02:00,0.012358
2017-05-29 01:55:00+02:00,0.012368
2017-05-29 01:56:00+02:00,0.012739
2017-05-29 01:57:00+02:00,0.011747
2017-05-29 01:58:00+02:00,0.011526
2017-05-29 01:59:00+02:00,0.011777
2017-05-29 02:00:00+02:00,0.012147
2017-05-29 02:01:00+02:00,0.012407
2017-05-29 02:02:00+02:00,0.012457
2017-05-29 02:03:00+02:00,0.014089
2017-05-29 02:04:00+02:00,0.011996
2017-05-29 02:05:00+02:00,0.011957
2017-05-29 02:06:00+02:00,0.011957
2017-05-29 02:07:00+02:00,0.011677
2017-05-29 02:08:00+02:00,0.011827
2017-05-29 02:09:00+02:00,0.011627
2017-05-29 02:10:00+02:00,0.011307
2017-05-29 02:11:00+02:00,0.011417
2017-05-29 02:12:00+02:00,0.011557
2017-05-29 02:13:00+02:00,0.011627
2017-05-29 02:14:00+02:00,0.011567
2017-05-29 02:15:00+02:00,0.013068
2017-05-29 02:16:00+02:00,0.012308
2017-05-29 02:17:00+02:00,0.012278
2017-05-29 02:18:00+02:00,0.011968
2017-05-29 02:19:00+02:00,0.011667
2017-05-29 02:20:00+02:00,0.01297
2017-05-29 02:21:00+02:00,0.011617
2017-05-29 02:22:00+02:00,0.011887
2017-05-29 02:23:00+02:00,0.011978
2017-05-29 02:24:00+02:00,0.011877
2017-05-29 02:25:00+02:00,0.011917
2017-05-29 02:26:00+02:00,0.012699
2017-05-29 02:27:00+02:00,0.012128
2017-05-29 02:28:00+02:00,0.012188
2017-05-29 02:29:00+02:00,0.012709
2017-05-29 02:30:00+02:00,0.012168
2017-05-29 02:31:00+02:00,0.011907
2017-05-29 02:32:00+02:00,0.013209
2017-05-29 02:33:00+02:00,0.01347
2017-05-29 02:34:00+02:00,0.01343
2017-05-29 02:35:00+02:00,0.013199
2017-05-29 02:36:00+02:00,0.013319
2017-05-29 02:37:00+02:00,0.013279
2017-05-29 02:38:00+02:00,0.01398
2017-05-29 02:39:00+02:00,0.014
2017-05-29 02:40:00+02:00,0.01348
2017-05-29 02:41:00+02:00,0.011717
2017-05-29 02:42:00+02:00,0.011657
2017-05-29 02:43:00+02:00,0.011927
2017-05-29 02:44:00+02:00,0.012278
2017-05-29 02:45:00+02:00,0.011487
2017-05-29 02:46:00+02:00,0.011306
2017-05-29 02:47:00+02:00,0.011106
2017-05-29 02:48:00+02:00,0.010906
2017-05-29 02:49:00+02:00,0.011176
2017-05-29 02:50:00+02:00,0.011096
2017-05-29 02:51:00+02:00,0.011086
2017-05-29 02:52:00+02:00,0.010996
2017-05-29 02:53:00+02:00,0.011086
2017-05-29 02:54:00+02:00,0.011206
2017-05-29 02:55:00+02:00,0.011386
2017-05-29 02:56:00+02:00,0.010745
2017-05-29 02:57:00+02:00,0.010665
2017-05-29 02:58:00+02:00,0.010886
2017-05-29 02:59:00+02:00,0.010956
2017-05-29 03:00:00+02:00,0.011066
2017-05-29 03:01:00+02:00,0.010916
2017-05-29 03:02:00+02:00,0.010685
2017-05-29 03:03:00+02:00,0.010665
2017-05-29 03:04:00+02:00,0.009864
2017-05-29 03:05:00+02:00,0.009544
2017-05-29 03:06:00+02:00,0.009154
2017-05-29 03:07:00+02:00,0.009374
2017-05-29 03:08:00+02:00,0.009384
2017-05-29 03:09:00+02:00,0.009934
2017-05-29 03:10:00+02:00,0.009474
2017-05-29 03:11:00+02:00,0.009745
2017-05-29 03:12:00+02:00,0.010055
2017-05-29 03:13:00+02:00,0.010005
2017-05-29 03:14:00+02:00,0.010335
2017-05-29 03:15:00+02:00,0.010175
2017-05-29 03:16:00+02:00,0.010526
2017-05-29 03:17:00+02:00,0.009684
2017-05-29 03:18:00+02:00,0.009234
2017-05-29 03:19:00+02:00,0.009464
2017-05-29 03:20:00+02:00,0.009534
2017-05-29 03:21:00+02:00,0.009344
2017-05-29 03:22:00+02:00,0.010044
2017-05-29 03:23:00+02:00,0.010064
2017-05-29 03:24:00+02:00,0.010705
2017-05-29 03:25:00+02:00,0.009974
2017-05-29 03:26:00+02:00,0.009634
2017-05-29 03:27:00+02:00,0.009254
2017-05-29 03:28:00+02:00,0.009284
2017-05-29 03:29:00+02:00,0.009204
2017-05-29 03:30:00+02:00,0.009324
2017-05-29 03:31:00+02:00,0.009554
2017-05-29 03:32:00+02:00,0.009654
2017-05-29 03:33:00+02:00,0.010124
2017-05-29 03:34:00+02:00,0.010115
2017-05-29 03:35:00+02:00,0.010185
2017-05-29 03:36:00+02:00,0.010846
2017-05-29 03:37:00+02:00,0.010916
2017-05-29 03:38:00+02:00,0.011026
2017-05-29 03:39:00+02:00,0.010436
2017-05-29 03:40:00+02:00,0.010285
2017-05-29 03:41:00+02:00,0.010366
2017-05-29 03:42:00+02:00,0.010396
2017-05-29 03:43:00+02:00,0.010205
2017-05-29 03:44:00+02:00,0.010065
2017-05-29 03:45:00+02:00,0.010325
2017-05-29 03:46:00+02:00,0.010195
2017-05-29 03:47:00+02:00,0.010195
2017-05-29 03:48:00+02:00,0.010145
2017-05-29 03:49:00+02:00,0.009875
2017-05-29 03:50:00+02:00,0.009854
2017-05-29 03:51:00+02:00,0.009954
2017-05-29 03:52:00+02:00,0.009894
2017-05-29 03:53:00+02:00,0.009644
2017-05-29 03:54:00+02:00,0.009534
2017-05-29 03:55:00+02:00,0.009564
2017-05-29 03:56:00+02:00,0.009374
2017-05-29 03:57:00+02:00,0.010075
2017-05-29 03:58:00+02:00,0.009874
2017-05-29 03:59:00+02:00,0.010195
2017-05-29 04:00:00+02:00,0.010185
2017-05-29 04:01:00+02:00,0.010696
2017-05-29 04:02:00+02:00,0.011056
2017-05-29 04:03:00+02:00,0.010325
2017-05-29 04:04:00+02:00,0.010255
2017-05-29 04:05:00+02:00,0.010625
2017-05-29 04:06:00+02:00,0.010355
2017-05-29 04:07:00+02:00,0.009994
2017-05-29 04:08:00+02:00,0.009824
2017-05-29 04:09:00+02:00,0.010035
2017-05-29 04:10:00+02:00,0.010125
2017-05-29 04:11:00+02:00,0.009714
2017-05-29 04:12:00+02:00,0.009434
2017-05-29 04:13:00+02:00,0.010255
2017-05-29 04:14:00+02:00,0.009864
2017-05-29 04:15:00+02:00,0.009835
2017-05-29 04:16:00+02:00,0.008713
2017-05-29 04:17:00+02:00,0.008623
2017-05-29 04:18:00+02:00,0.009674
2017-05-29 04:19:00+02:00,0.009955
2017-05-29 04:20:00+02:00,0.009713
2017-05-29 04:21:00+02:00,0.009443
2017-05-29 04:22:00+02:00,0.009483
2017-05-29 04:23:00+02:00,0.009073
2017-05-29 04:24:00+02:00,0.009053
2017-05-29 04:25:00+02:00,0.009063
2017-05-29 04:26:00+02:00,0.009293
2017-05-29 04:27:00+02:00,0.009444
2017-05-29 04:28:00+02:00,0.009925
2017-05-29 04:29:00+02:00,0.011157
2017-05-29 04:30:00+02:00,0.010365
2017-05-29 04:31:00+02:00,0.009494
2017-05-29 04:32:00+02:00,0.009504
2017-05-29 04:33:00+02:00,0.009143
2017-05-29 04:34:00+02:00,0.008963
2017-05-29 04:35:00+02:00,0.008993
2017-05-29 04:36:00+02:00,0.009043
2017-05-29 04:37:00+02:00,0.008823
2017-05-29 04:38:00+02:00,0.008773
2017-05-29 04:39:00+02:00,0.008853
2017-05-29 04:40:00+02:00,0.009144
2017-05-29 04:41:00+02:00,0.009714
2017-05-29 04:42:00+02:00,0.009484
2017-05-29 04:43:00+02:00,0.010084
2017-05-29 04:44:00+02:00,0.009884
2017-05-29 04:45:00+02:00,0.009874
2017-05-29 04:46:00+02:00,0.009604
2017-05-29 04:47:00+02:00,0.009494
2017-05-29 04:48:00+02:00,0.009454
2017-05-29 04:49:00+02:00,0.009214
2017-05-29 04:50:00+02:00,0.009064
2017-05-29 04:51:00+02:00,0.008753
2017-05-29 04:52:00+02:00,0.008974
2017-05-29 04:53:00+02:00,0.009174
2017-05-29 04:54:00+02:00,0.009294
2017-05-29 04:55:00+02:00,0.009354
2017-05-29 04:56:00+02:00,0.009454
2017-05-29 04:57:00+02:00,0.009464
2017-05-29 04:58:00+02:00,0.009474
2017-05-29 04:59:00+02:00,0.009334
2017-05-29 05:00:00+02:00,0.009174
2017-05-29 05:01:00+02:00,0.009254
2017-05-29 05:02:00+02:00,0.009344
2017-05-29 05:03:00+02:00,0.009384
2017-05-29 05:04:00+02:00,0.009264
2017-05-29 05:05:00+02:00,0.009134
2017-05-29 05:06:00+02:00,0.009844
2017-05-29 05:07:00+02:00,0.009254
2017-05-29 05:08:00+02:00,0.009064
2017-05-29 05:09:00+02:00,0.008653
2017-05-29 05:10:00+02:00,0.009074
2017-05-29 05:11:00+02:00,0.009875
2017-05-29 05:12:00+02:00,0.009414
2017-05-29 05:13:00+02:00,0.009825
2017-05-29 05:14:00+02:00,0.009144
2017-05-29 05:15:00+02:00,0.009004
2017-05-29 05:16:00+02:00,0.008573
2017-05-29 05:17:00+02:00,0.008593
2017-05-29 05:18:00+02:00,0.008513
2017-05-29 05:19:00+02:00,0.008723
2017-05-29 05:20:00+02:00,0.008593
2017-05-29 05:21:00+02:00,0.008613
2017-05-29 05:22:00+02:00,0.008803
2017-05-29 05:23:00+02:00,0.008783
2017-05-29 05:24:00+02:00,0.008913
2017-05-29 05:25:00+02:00,0.008853
2017-05-29 05:26:00+02:00,0.009124
2017-05-29 05:27:00+02:00,0.008983
2017-05-29 05:28:00+02:00,0.008863
2017-05-29 05:29:00+02:00,0.008823
2017-05-29 05:30:00+02:00,0.009014
2017-05-29 05:31:00+02:00,0.008573
2017-05-29 05:32:00+02:00,0.008723
2017-05-29 05:33:00+02:00,0.008723
2017-05-29 05:34:00+02:00,0.008543
2017-05-29 05:35:00+02:00,0.008573
2017-05-29 05:36:00+02:00,0.009434
2017-05-29 05:37:00+02:00,0.010535
2017-05-29 05:38:00+02:00,0.010846
2017-05-29 05:39:00+02:00,0.010916
2017-05-29 05:40:00+02:00,0.010696
2017-05-29 05:41:00+02:00,0.009724
2017-05-29 05:42:00+02:00,0.009564
2017-05-29 05:43:00+02:00,0.009494
2017-05-29 05:44:00+02:00,0.009534
2017-05-29 05:45:00+02:00,0.009484
2017-05-29 05:46:00+02:00,0.009484
2017-05-29 05:47:00+02:00,0.010035
2017-05-29 05:48:00+02:00,0.009193
2017-05-29 05:49:00+02:00,0.009704
2017-05-29 05:50:00+02:00,0.009855
2017-05-29 05:51:00+02:00,0.009804
2017-05-29 05:52:00+02:00,0.009684
2017-05-29 05:53:00+02:00,0.009804
2017-05-29 05:54:00+02:00,0.009894
2017-05-29 05:55:00+02:00,0.010115
2017-05-29 05:56:00+02:00,0.010235
2017-05-29 05:57:00+02:00,0.010024
2017-05-29 05:58:00+02:00,0.009964
2017-05-29 05:59:00+02:00,0.009734
2017-05-29 06:00:00+02:00,0.009264
2017-05-29 06:01:00+02:00,0.009684
2017-05-29 06:02:00+02:00,0.009804
2017-05-29 06:03:00+02:00,0.010024
2017-05-29 06:04:00+02:00,0.009984
2017-05-29 06:05:00+02:00,0.009774
2017-05-29 06:06:00+02:00,0.009805
2017-05-29 06:07:00+02:00,0.010135
2017-05-29 06:08:00+02:00,0.010375
2017-05-29 06:09:00+02:00,0.010145
2017-05-29 06:10:00+02:00,0.010065
2017-05-29 06:11:00+02:00,0.009905
2017-05-29 06:12:00+02:00,0.009684
2017-05-29 06:13:00+02:00,0.009814
2017-05-29 06:14:00+02:00,0.009964
2017-05-29 06:15:00+02:00,0.010215
2017-05-29 06:16:00+02:00,0.009224
2017-05-29 06:17:00+02:00,0.009104
2017-05-29 06:18:00+02:00,0.009274
2017-05-29 06:19:00+02:00,0.009224
2017-05-29 06:20:00+02:00,0.009524
2017-05-29 06:21:00+02:00,0.009164
2017-05-29 06:22:00+02:00,0.009754
2017-05-29 06:23:00+02:00,0.009624
2017-05-29 06:24:00+02:00,0.009644
2017-05-29 06:25:00+02:00,0.009824
2017-05-29 06:26:00+02:00,0.010305
2017-05-29 06:27:00+02:00,0.009624
2017-05-29 06:28:00+02:00,0.009654
2017-05-29 06:29:00+02:00,0.009604
2017-05-29 06:30:00+02:00,0.009273
2017-05-29 06:31:00+02:00,0.009444
2017-05-29 06:32:00+02:00,0.009474
2017-05-29 06:33:00+02:00,0.009645
2017-05-29 06:34:00+02:00,0.009695
2017-05-29 06:35:00+02:00,0.009575
2017-05-29 06:36:00+02:00,0.009785
2017-05-29 06:37:00+02:00,0.010175
2017-05-29 06:38:00+02:00,0.009814
2017-05-29 06:39:00+02:00,0.009794
2017-05-29 06:40:00+02:00,0.010005
2017-05-29 06:41:00+02:00,0.009975
2017-05-29 06:42:00+02:00,0.009685
2017-05-29 06:43:00+02:00,0.009574
2017-05-29 06:44:00+02:00,0.009414
2017-05-29 06:45:00+02:00,0.009274
2017-05-29 06:46:00+02:00,0.009545
2017-05-29 06:47:00+02:00,0.010235
2017-05-29 06:48:00+02:00,0.010034
2017-05-29 06:49:00+02:00,0.010656
2017-05-29 06:50:00+02:00,0.009584
2017-05-29 06:51:00+02:00,0.009784
2017-05-29 06:52:00+02:00,0.009875
2017-05-29 06:53:00+02:00,0.009985
2017-05-29 06:54:00+02:00,0.010945
2017-05-29 06:55:00+02:00,0.010675
2017-05-29 06:56:00+02:00,0.011157
2017-05-29 06:57:00+02:00,0.012098
2017-05-29 06:58:00+02:00,0.010415
2017-05-29 06:59:00+02:00,0.013398
2017-05-29 07:00:00+02:00,0.010865
2017-05-29 07:01:00+02:00,0.011146
2017-05-29 07:02:00+02:00,0.011156
2017-05-29 07:03:00+02:00,0.011196
2017-05-29 07:04:00+02:00,0.010555
2017-05-29 07:05:00+02:00,0.010545
2017-05-29 07:06:00+02:00,0.010755
2017-05-29 07:07:00+02:00,0.011066
2017-05-29 07:08:00+02:00,0.011056
2017-05-29 07:09:00+02:00,0.011276
2017-05-29 07:10:00+02:00,0.011797
2017-05-29 07:11:00+02:00,0.012759
2017-05-29 07:12:00+02:00,0.012238
2017-05-29 07:13:00+02:00,0.011246
2017-05-29 07:14:00+02:00,0.010876
2017-05-29 07:15:00+02:00,0.010395
2017-05-29 07:16:00+02:00,0.012116
2017-05-29 07:17:00+02:00,0.012106
2017-05-29 07:18:00+02:00,0.010935
2017-05-29 07:19:00+02:00,0.011636
2017-05-29 07:20:00+02:00,0.011466
2017-05-29 07:21:00+02:00,0.010815
2017-05-29 07:22:00+02:00,0.011005
2017-05-29 07:23:00+02:00,0.010715
2017-05-29 07:24:00+02:00,0.010464
2017-05-29 07:25:00+02:00,0.010624
2017-05-29 07:26:00+02:00,0.010975
2017-05-29 07:27:00+02:00,0.011156
2017-05-29 07:28:00+02:00,0.010274
2017-05-29 07:29:00+02:00,0.010234
2017-05-29 07:30:00+02:00,0.011096
2017-05-29 07:31:00+02:00,0.012987
2017-05-29 07:32:00+02:00,0.010785
2017-05-29 07:33:00+02:00,0.010976
2017-05-29 07:34:00+02:00,0.010325
2017-05-29 07:35:00+02:00,0.011406
2017-05-29 07:36:00+02:00,0.012127
2017-05-29 07:37:00+02:00,0.010514
2017-05-29 07:38:00+02:00,0.010495
2017-05-29 07:39:00+02:00,0.010535
2017-05-29 07:40:00+02:00,0.010955
2017-05-29 07:41:00+02:00,0.011546
2017-05-29 07:42:00+02:00,0.011516
2017-05-29 07:43:00+02:00,0.011476
2017-05-29 07:44:00+02:00,0.011506
2017-05-29 07:45:00+02:00,0.011876
2017-05-29 07:46:00+02:00,0.011846
2017-05-29 07:47:00+02:00,0.012156
2017-05-29 07:48:00+02:00,0.011616
2017-05-29 07:49:00+02:00,0.012056
2017-05-29 07:50:00+02:00,0.012596
2017-05-29 07:51:00+02:00,0.013467
2017-05-29 07:52:00+02:00,0.013447
2017-05-29 07:53:00+02:00,0.012947
2017-05-29 07:54:00+02:00,0.012847
2017-05-29 07:55:00+02:00,0.013558
2017-05-29 07:56:00+02:00,0.013647
2017-05-29 07:57:00+02:00,0.012826
2017-05-29 07:58:00+02:00,0.014017
2017-05-29 07:59:00+02:00,0.015028
2017-05-29 08:00:00+02:00,0.014717
2017-05-29 08:01:00+02:00,0.015158
2017-05-29 08:02:00+02:00,0.015168
2017-05-29 08:03:00+02:00,0.015279
2017-05-29 08:04:00+02:00,0.015439
2017-05-29 08:05:00+02:00,0.014828
2017-05-29 08:06:00+02:00,0.014398
2017-05-29 08:07:00+02:00,0.017201
2017-05-29 08:08:00+02:00,0.017081
2017-05-29 08:09:00+02:00,0.016972
2017-05-29 08:10:00+02:00,0.016343
2017-05-29 08:11:00+02:00,0.013227
2017-05-29 08:12:00+02:00,0.014569
2017-05-29 08:13:00+02:00,0.014337
2017-05-29 08:14:00+02:00,0.013547
2017-05-29 08:15:00+02:00,0.013837
2017-05-29 08:16:00+02:00,0.014488
2017-05-29 08:17:00+02:00,0.014118
2017-05-29 08:18:00+02:00,0.014099
2017-05-29 08:19:00+02:00,0.015041
2017-05-29 08:20:00+02:00,0.016623
2017-05-29 08:21:00+02:00,0.017105
2017-05-29 08:22:00+02:00,0.017235
2017-05-29 08:23:00+02:00,0.016724
2017-05-29 08:24:00+02:00,0.017665
2017-05-29 08:25:00+02:00,0.018167
2017-05-29 08:26:00+02:00,0.016785
2017-05-29 08:27:00+02:00,0.016565
2017-05-29 08:28:00+02:00,0.016195
2017-05-29 08:29:00+02:00,0.015984
2017-05-29 08:30:00+02:00,0.017628
2017-05-29 08:31:00+02:00,0.019707
2017-05-29 08:32:00+02:00,0.019656
2017-05-29 08:33:00+02:00,0.019736
2017-05-29 08:34:00+02:00,0.020507
2017-05-29 08:35:00+02:00,0.021483
2017-05-29 08:36:00+02:00,0.020722
2017-05-29 08:37:00+02:00,0.018508
2017-05-29 08:38:00+02:00,0.015941
2017-05-29 08:39:00+02:00,0.01548
2017-05-29 08:40:00+02:00,0.018486
2017-05-29 08:41:00+02:00,0.019056
2017-05-29 08:42:00+02:00,0.018717
2017-05-29 08:43:00+02:00,0.019839
2017-05-29 08:44:00+02:00,0.023027
2017-05-29 08:45:00+02:00,0.022085
2017-05-29 08:46:00+02:00,0.018
2017-05-29 08:47:00+02:00,0.018042
2017-05-29 08:48:00+02:00,0.018805
2017-05-29 08:49:00+02:00,0.018863
2017-05-29 08:50:00+02:00,0.019204
2017-05-29 08:51:00+02:00,0.018098
2017-05-29 08:52:00+02:00,0.020268
2017-05-29 08:53:00+02:00,0.01907
2017-05-29 08:54:00+02:00,0.0187
2017-05-29 08:55:00+02:00,0.021495
2017-05-29 08:56:00+02:00,0.02006
2017-05-29 08:57:00+02:00,0.019872
2017-05-29 08:58:00+02:00,0.020183
2017-05-29 08:59:00+02:00,0.021524
2017-05-29 09:00:00+02:00,0.021824
2017-05-29 09:01:00+02:00,0.020975
2017-05-29 09:02:00+02:00,0.020283
2017-05-29 09:03:00+02:00,0.020463
2017-05-29 09:04:00+02:00,0.020674
2017-05-29 09:05:00+02:00,0.021766
2017-05-29 09:06:00+02:00,0.022198
2017-05-29 09:07:00+02:00,0.02227
2017-05-29 09:08:00+02:00,0.021807
2017-05-29 09:09:00+02:00,0.021196
2017-05-29 09:10:00+02:00,0.021225
2017-05-29 09:11:00+02:00,0.022578
2017-05-29 09:12:00+02:00,0.022921
2017-05-29 09:13:00+02:00,0.022249
2017-05-29 09:14:00+02:00,0.02261
2017-05-29 09:15:00+02:00,0.02243
2017-05-29 09:16:00+02:00,0.023002
2017-05-29 09:17:00+02:00,0.024475
2017-05-29 09:18:00+02:00,0.025427
2017-05-29 09:19:00+02:00,0.024725
2017-05-29 09:20:00+02:00,0.024447
2017-05-29 09:21:00+02:00,0.019801
2017-05-29 09:22:00+02:00,0.018657
2017-05-29 09:23:00+02:00,0.023917
2017-05-29 09:24:00+02:00,0.025161
2017-05-29 09:25:00+02:00,0.025933
2017-05-29 09:26:00+02:00,0.0257
2017-05-29 09:27:00+02:00,0.02577
2017-05-29 09:28:00+02:00,0.025961
2017-05-29 09:29:00+02:00,0.025089
2017-05-29 09:30:00+02:00,0.024548
2017-05-29 09:31:00+02:00,0.025768
2017-05-29 09:32:00+02:00,0.0252
2017-05-29 09:33:00+02:00,0.024036
2017-05-29 09:34:00+02:00,0.022631
2017-05-29 09:35:00+02:00,0.021209
2017-05-29 09:36:00+02:00,0.019742
2017-05-29 09:37:00+02:00,0.021433
2017-05-29 09:38:00+02:00,0.020893
2017-05-29 09:39:00+02:00,0.021374
2017-05-29 09:40:00+02:00,0.021634
2017-05-29 09:41:00+02:00,0.020942
2017-05-29 09:42:00+02:00,0.020482
2017-05-29 09:43:00+02:00,0.020051
2017-05-29 09:44:00+02:00,0.020623
2017-05-29 09:45:00+02:00,0.022115
2017-05-29 09:46:00+02:00,0.020621
2017-05-29 09:47:00+02:00,0.024275
2017-05-29 09:48:00+02:00,0.026731
2017-05-29 09:49:00+02:00,0.029304
2017-05-29 09:50:00+02:00,0.032083
2017-05-29 09:51:00+02:00,0.029593
2017-05-29 09:52:00+02:00,0.026238
2017-05-29 09:53:00+02:00,0.026067
2017-05-29 09:54:00+02:00,0.028372
2017-05-29 09:55:00+02:00,0.028671
2017-05-29 09:56:00+02:00,0.031137
2017-05-29 09:57:00+02:00,0.03171
2017-05-29 09:58:00+02:00,0.02787
2017-05-29 09:59:00+02:00,0.027179
2017-05-29 10:00:00+02:00,0.027761
2017-05-29 10:01:00+02:00,0.032003
2017-05-29 10:02:00+02:00,0.028148
2017-05-29 10:03:00+02:00,0.026796
2017-05-29 10:04:00+02:00,0.025389
2017-05-29 10:05:00+02:00,0.026803
2017-05-29 10:06:00+02:00,0.02546
2017-05-29 10:07:00+02:00,0.029831
2017-05-29 10:08:00+02:00,0.034743
2017-05-29 10:09:00+02:00,0.034059
2017-05-29 10:10:00+02:00,0.034881
2017-05-29 10:11:00+02:00,0.036825
2017-05-29 10:12:00+02:00,0.040991
2017-05-29 10:13:00+02:00,0.03572
2017-05-29 10:14:00+02:00,0.035202
2017-05-29 10:15:00+02:00,0.034915
2017-05-29 10:16:00+02:00,0.036117
2017-05-29 10:17:00+02:00,0.027789
2017-05-29 10:18:00+02:00,0.026179
2017-05-29 10:19:00+02:00,0.029539
2017-05-29 10:20:00+02:00,0.023474
2017-05-29 10:21:00+02:00,0.024507
2017-05-29 10:22:00+02:00,0.023805
2017-05-29 10:23:00+02:00,0.023054
2017-05-29 10:24:00+02:00,0.021812
2017-05-29 10:25:00+02:00,0.021291
2017-05-29 10:26:00+02:00,0.020721
2017-05-29 10:27:00+02:00,0.023114
2017-05-29 10:28:00+02:00,0.023897
2017-05-29 10:29:00+02:00,0.029789
2017-05-29 10:30:00+02:00,0.028877
2017-05-29 10:31:00+02:00,0.031072
2017-05-29 10:32:00+02:00,0.031062
2017-05-29 10:33:00+02:00,0.033915
2017-05-29 10:34:00+02:00,0.032059
2017-05-29 10:35:00+02:00,0.035382
2017-05-29 10:36:00+02:00,0.037762
2017-05-29 10:37:00+02:00,0.037572
2017-05-29 10:38:00+02:00,0.035592
2017-05-29 10:39:00+02:00,0.034106
2017-05-29 10:40:00+02:00,0.033015
2017-05-29 10:41:00+02:00,0.030107
2017-05-29 10:42:00+02:00,0.029597
2017-05-29 10:43:00+02:00,0.028344
2017-05-29 10:44:00+02:00,0.030733
2017-05-29 10:45:00+02:00,0.028104
2017-05-29 10:46:00+02:00,0.025135
2017-05-29 10:47:00+02:00,0.025874
2017-05-29 10:48:00+02:00,0.027818
2017-05-29 10:49:00+02:00,0.028999
2017-05-29 10:50:00+02:00,0.029231
2017-05-29 10:51:00+02:00,0.026503
2017-05-29 10:52:00+02:00,0.024906
2017-05-29 10:53:00+02:00,0.025799
2017-05-29 10:54:00+02:00,0.024337
2017-05-29 10:55:00+02:00,0.024248
2017-05-29 10:56:00+02:00,0.023096
2017-05-29 10:57:00+02:00,0.025445
2017-05-29 10:58:00+02:00,0.029581
2017-05-29 10:59:00+02:00,0.028031
2017-05-29 11:00:00+02:00,0.027419
2017-05-29 11:01:00+02:00,0.026385
2017-05-29 11:02:00+02:00,0.027888
2017-05-29 11:03:00+02:00,0.030652
2017-05-29 11:04:00+02:00,0.027616
2017-05-29 11:05:00+02:00,0.027499
2017-05-29 11:06:00+02:00,0.025107
2017-05-29 11:07:00+02:00,0.024795
2017-05-29 11:08:00+02:00,0.024213
2017-05-29 11:09:00+02:00,0.023158
2017-05-29 11:10:00+02:00,0.022959
2017-05-29 11:11:00+02:00,0.024521
2017-05-29 11:12:00+02:00,0.022716
2017-05-29 11:13:00+02:00,0.021415
2017-05-29 11:14:00+02:00,0.020934
2017-05-29 11:15:00+02:00,0.0216
2017-05-29 11:16:00+02:00,0.022575
2017-05-29 11:17:00+02:00,0.02193
2017-05-29 11:18:00+02:00,0.020529
2017-05-29 11:19:00+02:00,0.0205
2017-05-29 11:20:00+02:00,0.022583
2017-05-29 11:21:00+02:00,0.021769
2017-05-29 11:22:00+02:00,0.021982
2017-05-29 11:23:00+02:00,0.022333
2017-05-29 11:24:00+02:00,0.018563
2017-05-29 11:25:00+02:00,0.018782
2017-05-29 11:26:00+02:00,0.017638
2017-05-29 11:27:00+02:00,0.016875
2017-05-29 11:28:00+02:00,0.016855
2017-05-29 11:29:00+02:00,0.017016
2017-05-29 11:30:00+02:00,0.017929
2017-05-29 11:31:00+02:00,0.017528
2017-05-29 11:32:00+02:00,0.018412
2017-05-29 11:33:00+02:00,0.015793
2017-05-29 11:34:00+02:00,0.019272
2017-05-29 11:35:00+02:00,0.021315
2017-05-29 11:36:00+02:00,0.021337
2017-05-29 11:37:00+02:00,0.018259
2017-05-29 11:38:00+02:00,0.020617
2017-05-29 11:39:00+02:00,0.01965
2017-05-29 11:40:00+02:00,0.02209
2017-05-29 11:41:00+02:00,0.020112
2017-05-29 11:42:00+02:00,0.022741
2017-05-29 11:43:00+02:00,0.022668
2017-05-29 11:44:00+02:00,0.022793
2017-05-29 11:45:00+02:00,0.022236
2017-05-29 11:46:00+02:00,0.026908
2017-05-29 11:47:00+02:00,0.027403
2017-05-29 11:48:00+02:00,0.025685
2017-05-29 11:49:00+02:00,0.022378
2017-05-29 11:50:00+02:00,0.022459
2017-05-29 11:51:00+02:00,0.023391
2017-05-29 11:52:00+02:00,0.023772
2017-05-29 11:53:00+02:00,0.024593
2017-05-29 11:54:00+02:00,0.026059
2017-05-29 11:55:00+02:00,0.022352
2017-05-29 11:56:00+02:00,0.022462
2017-05-29 11:57:00+02:00,0.021357
2017-05-29 11:58:00+02:00,0.0227
2017-05-29 11:59:00+02:00,0.022921
2017-05-29 12:00:00+02:00,0.026136
2017-05-29 12:01:00+02:00,0.023783
2017-05-29 12:02:00+02:00,0.026698
2017-05-29 12:03:00+02:00,0.022312
2017-05-29 12:04:00+02:00,0.022479
2017-05-29 12:05:00+02:00,0.024414
2017-05-29 12:06:00+02:00,0.023326
2017-05-29 12:07:00+02:00,0.021079
2017-05-29 12:08:00+02:00,0.021861
2017-05-29 12:09:00+02:00,0.023916
2017-05-29 12:10:00+02:00,0.024929
2017-05-29 12:11:00+02:00,0.030153
2017-05-29 12:12:00+02:00,0.032606
2017-05-29 12:13:00+02:00,0.028374
2017-05-29 12:14:00+02:00,0.026426
2017-05-29 12:15:00+02:00,0.026968
2017-05-29 12:16:00+02:00,0.028394
2017-05-29 12:17:00+02:00,0.026597
2017-05-29 12:18:00+02:00,0.024706
2017-05-29 12:19:00+02:00,0.029155
2017-05-29 12:20:00+02:00,0.0304
2017-05-29 12:21:00+02:00,0.032918
2017-05-29 12:22:00+02:00,0.0317
2017-05-29 12:23:00+02:00,0.030776
2017-05-29 12:24:00+02:00,0.033426
2017-05-29 12:25:00+02:00,0.027435
2017-05-29 12:26:00+02:00,0.02625
2017-05-29 12:27:00+02:00,0.027022
2017-05-29 12:28:00+02:00,0.030658
2017-05-29 12:29:00+02:00,0.033716
2017-05-29 12:30:00+02:00,0.031493
2017-05-29 12:31:00+02:00,0.033949
2017-05-29 12:32:00+02:00,0.033192
2017-05-29 12:33:00+02:00,0.035938
2017-05-29 12:34:00+02:00,0.037054
2017-05-29 12:35:00+02:00,0.037026
2017-05-29 12:36:00+02:00,0.038142
2017-05-29 12:37:00+02:00,0.038922
2017-05-29 12:38:00+02:00,0.039082
2017-05-29 12:39:00+02:00,0.036382
2017-05-29 12:40:00+02:00,0.033998
2017-05-29 12:41:00+02:00,0.032943
2017-05-29 12:42:00+02:00,0.034062
2017-05-29 12:43:00+02:00,0.033485
2017-05-29 12:44:00+02:00,0.033045
2017-05-29 12:45:00+02:00,0.035223
2017-05-29 12:46:00+02:00,0.033206
2017-05-29 12:47:00+02:00,0.034066
2017-05-29 12:48:00+02:00,0.033403
2017-05-29 12:49:00+02:00,0.033432
2017-05-29 12:50:00+02:00,0.036107
2017-05-29 12:51:00+02:00,0.034476
2017-05-29 12:52:00+02:00,0.033526
2017-05-29 12:53:00+02:00,0.032762
2017-05-29 12:54:00+02:00,0.036841
2017-05-29 12:55:00+02:00,0.037755
2017-05-29 12:56:00+02:00,0.036504
2017-05-29 12:57:00+02:00,0.037584
2017-05-29 12:58:00+02:00,0.032075
2017-05-29 12:59:00+02:00,0.03144
2017-05-29 13:00:00+02:00,0.028492
2017-05-29 13:01:00+02:00,0.026079
2017-05-29 13:02:00+02:00,0.02628
2017-05-29 13:03:00+02:00,0.026817
2017-05-29 13:04:00+02:00,0.026375
2017-05-29 13:05:00+02:00,0.026743
2017-05-29 13:06:00+02:00,0.026393
2017-05-29 13:07:00+02:00,0.028626
2017-05-29 13:08:00+02:00,0.028031
2017-05-29 13:09:00+02:00,0.028097
2017-05-29 13:10:00+02:00,0.029361
2017-05-29 13:11:00+02:00,0.028175
2017-05-29 13:12:00+02:00,0.02837
2017-05-29 13:13:00+02:00,0.028731
2017-05-29 13:14:00+02:00,0.027818
2017-05-29 13:15:00+02:00,0.032411
2017-05-29 13:16:00+02:00,0.035724
2017-05-29 13:17:00+02:00,0.032048
2017-05-29 13:18:00+02:00,0.028675
2017-05-29 13:19:00+02:00,0.029503
2017-05-29 13:20:00+02:00,0.028375
2017-05-29 13:21:00+02:00,0.027272
2017-05-29 13:22:00+02:00,0.027768
2017-05-29 13:23:00+02:00,0.033681
2017-05-29 13:24:00+02:00,0.035943
2017-05-29 13:25:00+02:00,0.030876
2017-05-29 13:26:00+02:00,0.028475
2017-05-29 13:27:00+02:00,0.029729
2017-05-29 13:28:00+02:00,0.030355
2017-05-29 13:29:00+02:00,0.030889
2017-05-29 13:30:00+02:00,0.029705
2017-05-29 13:31:00+02:00,0.028337
2017-05-29 13:32:00+02:00,0.027696
2017-05-29 13:33:00+02:00,0.023615
2017-05-29 13:34:00+02:00,0.025258
2017-05-29 13:35:00+02:00,0.026411
2017-05-29 13:36:00+02:00,0.026461
2017-05-29 13:37:00+02:00,0.026905
2017-05-29 13:38:00+02:00,0.02531
2017-05-29 13:39:00+02:00,0.023823
2017-05-29 13:40:00+02:00,0.024081
2017-05-29 13:41:00+02:00,0.023672
2017-05-29 13:42:00+02:00,0.02315
2017-05-29 13:43:00+02:00,0.029453
2017-05-29 13:44:00+02:00,0.028258
2017-05-29 13:45:00+02:00,0.032604
2017-05-29 13:46:00+02:00,0.027773
2017-05-29 13:47:00+02:00,0.027775
2017-05-29 13:48:00+02:00,0.029086
2017-05-29 13:49:00+02:00,0.031662
2017-05-29 13:50:00+02:00,0.033942
2017-05-29 13:51:00+02:00,0.036446
2017-05-29 13:52:00+02:00,0.034981
2017-05-29 13:53:00+02:00,0.030492
2017-05-29 13:54:00+02:00,0.028888
2017-05-29 13:55:00+02:00,0.029288
2017-05-29 13:56:00+02:00,0.028655
2017-05-29 13:57:00+02:00,0.025744
2017-05-29 13:58:00+02:00,0.024463
2017-05-29 13:59:00+02:00,0.025799
2017-05-29 14:00:00+02:00,0.029044
2017-05-29 14:01:00+02:00,0.028181
2017-05-29 14:02:00+02:00,0.02565
2017-05-29 14:03:00+02:00,0.0251
2017-05-29 14:04:00+02:00,0.031979
2017-05-29 14:05:00+02:00,0.033358
2017-05-29 14:06:00+02:00,0.03452
2017-05-29 14:07:00+02:00,0.03061
2017-05-29 14:08:00+02:00,0.031346
2017-05-29 14:09:00+02:00,0.031603
2017-05-29 14:10:00+02:00,0.034761
2017-05-29 14:11:00+02:00,0.032712
2017-05-29 14:12:00+02:00,0.029053
2017-05-29 14:13:00+02:00,0.027873
2017-05-29 14:14:00+02:00,0.024618
2017-05-29 14:15:00+02:00,0.02755
2017-05-29 14:16:00+02:00,0.03166
2017-05-29 14:17:00+02:00,0.031869
2017-05-29 14:18:00+02:00,0.029827
2017-05-29 14:19:00+02:00,0.02826
2017-05-29 14:20:00+02:00,0.028361
2017-05-29 14:21:00+02:00,0.030193
2017-05-29 14:22:00+02:00,0.03122
2017-05-29 14:23:00+02:00,0.028545
2017-05-29 14:24:00+02:00,0.026665
2017-05-29 14:25:00+02:00,0.027259
2017-05-29 14:26:00+02:00,0.024036
2017-05-29 14:27:00+02:00,0.026303
2017-05-29 14:28:00+02:00,0.023142
2017-05-29 14:29:00+02:00,0.027177
2017-05-29 14:30:00+02:00,0.026021
2017-05-29 14:31:00+02:00,0.025864
2017-05-29 14:32:00+02:00,0.023291
2017-05-29 14:33:00+02:00,0.019769
2017-05-29 14:34:00+02:00,0.022459
2017-05-29 14:35:00+02:00,0.024025
2017-05-29 14:36:00+02:00,0.023766
2017-05-29 14:37:00+02:00,0.02462
2017-05-29 14:38:00+02:00,0.024972
2017-05-29 14:39:00+02:00,0.026151
2017-05-29 14:40:00+02:00,0.026894
2017-05-29 14:41:00+02:00,0.027422
2017-05-29 14:42:00+02:00,0.030262
2017-05-29 14:43:00+02:00,0.028663
2017-05-29 14:44:00+02:00,0.032946
2017-05-29 14:45:00+02:00,0.036111
2017-05-29 14:46:00+02:00,0.035913
2017-05-29 14:47:00+02:00,0.031747
2017-05-29 14:48:00+02:00,0.027115
2017-05-29 14:49:00+02:00,0.022534
2017-05-29 14:50:00+02:00,0.022506
2017-05-29 14:51:00+02:00,0.021997
2017-05-29 14:52:00+02:00,0.024323
2017-05-29 14:53:00+02:00,0.026902
2017-05-29 14:54:00+02:00,0.027931
2017-05-29 14:55:00+02:00,0.025824
2017-05-29 14:56:00+02:00,0.024241
2017-05-29 14:57:00+02:00,0.027508
2017-05-29 14:58:00+02:00,0.026546
2017-05-29 14:59:00+02:00,0.028311
2017-05-29 15:00:00+02:00,0.030574
2017-05-29 15:01:00+02:00,0.028108
2017-05-29 15:02:00+02:00,0.025279
2017-05-29 15:03:00+02:00,0.023945
2017-05-29 15:04:00+02:00,0.023795
2017-05-29 15:05:00+02:00,0.024764
2017-05-29 15:06:00+02:00,0.025386
2017-05-29 15:07:00+02:00,0.025135
2017-05-29 15:08:00+02:00,0.022878
2017-05-29 15:09:00+02:00,0.024383
2017-05-29 15:10:00+02:00,0.023963
2017-05-29 15:11:00+02:00,0.024163
2017-05-29 15:12:00+02:00,0.022668
2017-05-29 15:13:00+02:00,0.024922
2017-05-29 15:14:00+02:00,0.026809
2017-05-29 15:15:00+02:00,0.026038
2017-05-29 15:16:00+02:00,0.029275
2017-05-29 15:17:00+02:00,0.029482
2017-05-29 15:18:00+02:00,0.02848
2017-05-29 15:19:00+02:00,0.022218
2017-05-29 15:20:00+02:00,0.021085
2017-05-29 15:21:00+02:00,0.022097
2017-05-29 15:22:00+02:00,0.022711
2017-05-29 15:23:00+02:00,0.024022
2017-05-29 15:24:00+02:00,0.027399
2017-05-29 15:25:00+02:00,0.027763
2017-05-29 15:26:00+02:00,0.027842
2017-05-29 15:27:00+02:00,0.027403
2017-05-29 15:28:00+02:00,0.027622
2017-05-29 15:29:00+02:00,0.025493
2017-05-29 15:30:00+02:00,0.029763
2017-05-29 15:31:00+02:00,0.032512
2017-05-29 15:32:00+02:00,0.031612
2017-05-29 15:33:00+02:00,0.029874
2017-05-29 15:34:00+02:00,0.032228
2017-05-29 15:35:00+02:00,0.031659
2017-05-29 15:36:00+02:00,0.029068
2017-05-29 15:37:00+02:00,0.027347
2017-05-29 15:38:00+02:00,0.031146
2017-05-29 15:39:00+02:00,0.031664
2017-05-29 15:40:00+02:00,0.029618
2017-05-29 15:41:00+02:00,0.030754
2017-05-29 15:42:00+02:00,0.029569
2017-05-29 15:43:00+02:00,0.028427
2017-05-29 15:44:00+02:00,0.030306
2017-05-29 15:45:00+02:00,0.027805
2017-05-29 15:46:00+02:00,0.024858
2017-05-29 15:47:00+02:00,0.022753
2017-05-29 15:48:00+02:00,0.022127
2017-05-29 15:49:00+02:00,0.022756
2017-05-29 15:50:00+02:00,0.020613
2017-05-29 15:51:00+02:00,0.020574
2017-05-29 15:52:00+02:00,0.021085
2017-05-29 15:53:00+02:00,0.022077
2017-05-29 15:54:00+02:00,0.020023
2017-05-29 15:55:00+02:00,0.019665
2017-05-29 15:56:00+02:00,0.023668
2017-05-29 15:57:00+02:00,0.0217
2017-05-29 15:58:00+02:00,0.02267
2017-05-29 15:59:00+02:00,0.02482
2017-05-29 16:00:00+02:00,0.025775
2017-05-29 16:01:00+02:00,0.028546
2017-05-29 16:02:00+02:00,0.027922
2017-05-29 16:03:00+02:00,0.026014
2017-05-29 16:04:00+02:00,0.023963
2017-05-29 16:05:00+02:00,0.023301
2017-05-29 16:06:00+02:00,0.022377
2017-05-29 16:07:00+02:00,0.027673
2017-05-29 16:08:00+02:00,0.027727
2017-05-29 16:09:00+02:00,0.025392
2017-05-29 16:10:00+02:00,0.027119
2017-05-29 16:11:00+02:00,0.029939
2017-05-29 16:12:00+02:00,0.030003
2017-05-29 16:13:00+02:00,0.029347
2017-05-29 16:14:00+02:00,0.027802
2017-05-29 16:15:00+02:00,0.028224
2017-05-29 16:16:00+02:00,0.029605
2017-05-29 16:17:00+02:00,0.030454
2017-05-29 16:18:00+02:00,0.028387
2017-05-29 16:19:00+02:00,0.027633
2017-05-29 16:20:00+02:00,0.028286
2017-05-29 16:21:00+02:00,0.027944
2017-05-29 16:22:00+02:00,0.020397
2017-05-29 16:23:00+02:00,0.019794
2017-05-29 16:24:00+02:00,0.018511
2017-05-29 16:25:00+02:00,0.018431
2017-05-29 16:26:00+02:00,0.018742
2017-05-29 16:27:00+02:00,0.018933
2017-05-29 16:28:00+02:00,0.019173
2017-05-29 16:29:00+02:00,0.026392
2017-05-29 16:30:00+02:00,0.028831
2017-05-29 16:31:00+02:00,0.019594
2017-05-29 16:32:00+02:00,0.019493
2017-05-29 16:33:00+02:00,0.019774
2017-05-29 16:34:00+02:00,0.021056
2017-05-29 16:35:00+02:00,0.018639
2017-05-29 16:36:00+02:00,0.020732
2017-05-29 16:37:00+02:00,0.02033
2017-05-29 16:38:00+02:00,0.022043
2017-05-29 16:39:00+02:00,0.024296
2017-05-29 16:40:00+02:00,0.024065
2017-05-29 16:41:00+02:00,0.023054
2017-05-29 16:42:00+02:00,0.022924
2017-05-29 16:43:00+02:00,0.022614
2017-05-29 16:44:00+02:00,0.023075
2017-05-29 16:45:00+02:00,0.023658
2017-05-29 16:46:00+02:00,0.021994
2017-05-29 16:47:00+02:00,0.0225
2017-05-29 16:48:00+02:00,0.022341
2017-05-29 16:49:00+02:00,0.023667
2017-05-29 16:50:00+02:00,0.020693
2017-05-29 16:51:00+02:00,0.020843
2017-05-29 16:52:00+02:00,0.022781
2017-05-29 16:53:00+02:00,0.023033
2017-05-29 16:54:00+02:00,0.021774
2017-05-29 16:55:00+02:00,0.0196
2017-05-29 16:56:00+02:00,0.019752
2017-05-29 16:57:00+02:00,0.018537
2017-05-29 16:58:00+02:00,0.018256
2017-05-29 16:59:00+02:00,0.020384
2017-05-29 17:00:00+02:00,0.022377
2017-05-29 17:01:00+02:00,0.021746
2017-05-29 17:02:00+02:00,0.02237
2017-05-29 17:03:00+02:00,0.022131
2017-05-29 17:04:00+02:00,0.020153
2017-05-29 17:05:00+02:00,0.019932
2017-05-29 17:06:00+02:00,0.022255
2017-05-29 17:07:00+02:00,0.020693
2017-05-29 17:08:00+02:00,0.019983
2017-05-29 17:09:00+02:00,0.020012
2017-05-29 17:10:00+02:00,0.020113
2017-05-29 17:11:00+02:00,0.019341
2017-05-29 17:12:00+02:00,0.018498
2017-05-29 17:13:00+02:00,0.018087
2017-05-29 17:14:00+02:00,0.018268
2017-05-29 17:15:00+02:00,0.018849
2017-05-29 17:16:00+02:00,0.020803
2017-05-29 17:17:00+02:00,0.021606
2017-05-29 17:18:00+02:00,0.023029
2017-05-29 17:19:00+02:00,0.02266
2017-05-29 17:20:00+02:00,0.02544
2017-05-29 17:21:00+02:00,0.025609
2017-05-29 17:22:00+02:00,0.023078
2017-05-29 17:23:00+02:00,0.022225
2017-05-29 17:24:00+02:00,0.02357
2017-05-29 17:25:00+02:00,0.023633
2017-05-29 17:26:00+02:00,0.021034
2017-05-29 17:27:00+02:00,0.020382
2017-05-29 17:28:00+02:00,0.020692
2017-05-29 17:29:00+02:00,0.020722
2017-05-29 17:30:00+02:00,0.02341
2017-05-29 17:31:00+02:00,0.019068
2017-05-29 17:32:00+02:00,0.017335
2017-05-29 17:33:00+02:00,0.017978
2017-05-29 17:34:00+02:00,0.020043
2017-05-29 17:35:00+02:00,0.020277
2017-05-29 17:36:00+02:00,0.019624
2017-05-29 17:37:00+02:00,0.019584
2017-05-29 17:38:00+02:00,0.019824
2017-05-29 17:39:00+02:00,0.019733
2017-05-29 17:40:00+02:00,0.019402
2017-05-29 17:41:00+02:00,0.021266
2017-05-29 17:42:00+02:00,0.021257
2017-05-29 17:43:00+02:00,0.021138
2017-05-29 17:44:00+02:00,0.022878
2017-05-29 17:45:00+02:00,0.022636
2017-05-29 17:46:00+02:00,0.021228
2017-05-29 17:47:00+02:00,0.020587
2017-05-29 17:48:00+02:00,0.018752
2017-05-29 17:49:00+02:00,0.017879
2017-05-29 17:50:00+02:00,0.01825
2017-05-29 17:51:00+02:00,0.017585
2017-05-29 17:52:00+02:00,0.016504
2017-05-29 17:53:00+02:00,0.016263
2017-05-29 17:54:00+02:00,0.016413
2017-05-29 17:55:00+02:00,0.016733
2017-05-29 17:56:00+02:00,0.016603
2017-05-29 17:57:00+02:00,0.017745
2017-05-29 17:58:00+02:00,0.019508
2017-05-29 17:59:00+02:00,0.02171
2017-05-29 18:00:00+02:00,0.021681
2017-05-29 18:01:00+02:00,0.019607
2017-05-29 18:02:00+02:00,0.018257
2017-05-29 18:03:00+02:00,0.018176
2017-05-29 18:04:00+02:00,0.018576
2017-05-29 18:05:00+02:00,0.018877
2017-05-29 18:06:00+02:00,0.018075
2017-05-29 18:07:00+02:00,0.017425
2017-05-29 18:08:00+02:00,0.018819
2017-05-29 18:09:00+02:00,0.018107
2017-05-29 18:10:00+02:00,0.019179
2017-05-29 18:11:00+02:00,0.017404
2017-05-29 18:12:00+02:00,0.014678
2017-05-29 18:13:00+02:00,0.016732
2017-05-29 18:14:00+02:00,0.027541
2017-05-29 18:15:00+02:00,0.023334
2017-05-29 18:16:00+02:00,0.016043
2017-05-29 18:17:00+02:00,0.019141
2017-05-29 18:18:00+02:00,0.018408
2017-05-29 18:19:00+02:00,0.020691
2017-05-29 18:20:00+02:00,0.020599
2017-05-29 18:21:00+02:00,0.018994
2017-05-29 18:22:00+02:00,0.018485
2017-05-29 18:23:00+02:00,0.018285
2017-05-29 18:24:00+02:00,0.018667
2017-05-29 18:25:00+02:00,0.020581
2017-05-29 18:26:00+02:00,0.021364
2017-05-29 18:27:00+02:00,0.021425
2017-05-29 18:28:00+02:00,0.021425
2017-05-29 18:29:00+02:00,0.020763
2017-05-29 18:30:00+02:00,0.020934
2017-05-29 18:31:00+02:00,0.017715
2017-05-29 18:32:00+02:00,0.017474
2017-05-29 18:33:00+02:00,0.017484
2017-05-29 18:34:00+02:00,0.019827
2017-05-29 18:35:00+02:00,0.019969
2017-05-29 18:36:00+02:00,0.020751
2017-05-29 18:37:00+02:00,0.021794
2017-05-29 18:38:00+02:00,0.022917
2017-05-29 18:39:00+02:00,0.022877
2017-05-29 18:40:00+02:00,0.022696
2017-05-29 18:41:00+02:00,0.02022
2017-05-29 18:42:00+02:00,0.01975
2017-05-29 18:43:00+02:00,0.020352
2017-05-29 18:44:00+02:00,0.019791
2017-05-29 18:45:00+02:00,0.020352
2017-05-29 18:46:00+02:00,0.020774
2017-05-29 18:47:00+02:00,0.019421
2017-05-29 18:48:00+02:00,0.019231
2017-05-29 18:49:00+02:00,0.020883
2017-05-29 18:50:00+02:00,0.019381
2017-05-29 18:51:00+02:00,0.018168
2017-05-29 18:52:00+02:00,0.018148
2017-05-29 18:53:00+02:00,0.018478
2017-05-29 18:54:00+02:00,0.020202
2017-05-29 18:55:00+02:00,0.021828
2017-05-29 18:56:00+02:00,0.020513
2017-05-29 18:57:00+02:00,0.021133
2017-05-29 18:58:00+02:00,0.021645
2017-05-29 18:59:00+02:00,0.022006
2017-05-29 19:00:00+02:00,0.021845
2017-05-29 19:01:00+02:00,0.021213
2017-05-29 19:02:00+02:00,0.020832
2017-05-29 19:03:00+02:00,0.020842
2017-05-29 19:04:00+02:00,0.020732
2017-05-29 19:05:00+02:00,0.01923
2017-05-29 19:06:00+02:00,0.019922
2017-05-29 19:07:00+02:00,0.019662
2017-05-29 19:08:00+02:00,0.020954
2017-05-29 19:09:00+02:00,0.021212
2017-05-29 19:10:00+02:00,0.0202
2017-05-29 19:11:00+02:00,0.021132
2017-05-29 19:12:00+02:00,0.020651
2017-05-29 19:13:00+02:00,0.020831
2017-05-29 19:14:00+02:00,0.023457
2017-05-29 19:15:00+02:00,0.022245
2017-05-29 19:16:00+02:00,0.02037
2017-05-29 19:17:00+02:00,0.020982
2017-05-29 19:18:00+02:00,0.023843
2017-05-29 19:19:00+02:00,0.027087
2017-05-29 19:20:00+02:00,0.026968
2017-05-29 19:21:00+02:00,0.025845
2017-05-29 19:22:00+02:00,0.031115
2017-05-29 19:23:00+02:00,0.029106
2017-05-29 19:24:00+02:00,0.031274
2017-05-29 19:25:00+02:00,0.033163
2017-05-29 19:26:00+02:00,0.032064
2017-05-29 19:27:00+02:00,0.030997
2017-05-29 19:28:00+02:00,0.03161
2017-05-29 19:29:00+02:00,0.035009
2017-05-29 19:30:00+02:00,0.030442
2017-05-29 19:31:00+02:00,0.030182
2017-05-29 19:32:00+02:00,0.029191
2017-05-29 19:33:00+02:00,0.042096
2017-05-29 19:34:00+02:00,0.031532
2017-05-29 19:35:00+02:00,0.029504
2017-05-29 19:36:00+02:00,0.029008
2017-05-29 19:37:00+02:00,0.029339
2017-05-29 19:38:00+02:00,0.031458
2017-05-29 19:39:00+02:00,0.028875
2017-05-29 19:40:00+02:00,0.028842
2017-05-29 19:41:00+02:00,0.029899
2017-05-29 19:42:00+02:00,0.031086
2017-05-29 19:43:00+02:00,0.025981
2017-05-29 19:44:00+02:00,0.029905
2017-05-29 19:45:00+02:00,0.029954
2017-05-29 19:46:00+02:00,0.032716
2017-05-29 19:47:00+02:00,0.030861
2017-05-29 19:48:00+02:00,0.027837
2017-05-29 19:49:00+02:00,0.027769
2017-05-29 19:50:00+02:00,0.026787
2017-05-29 19:51:00+02:00,0.026547
2017-05-29 19:52:00+02:00,0.025239
2017-05-29 19:53:00+02:00,0.024989
2017-05-29 19:54:00+02:00,0.029712
2017-05-29 19:55:00+02:00,0.03252
2017-05-29 19:56:00+02:00,0.030929
2017-05-29 19:57:00+02:00,0.027127
2017-05-29 19:58:00+02:00,0.025114
2017-05-29 19:59:00+02:00,0.026202
2017-05-29 20:00:00+02:00,0.023863
2017-05-29 20:01:00+02:00,0.023273
2017-05-29 20:02:00+02:00,0.021857
2017-05-29 20:03:00+02:00,0.020956
2017-05-29 20:04:00+02:00,0.028184
2017-05-29 20:05:00+02:00,0.028203
2017-05-29 20:06:00+02:00,0.03495
2017-05-29 20:07:00+02:00,0.026656
2017-05-29 20:08:00+02:00,0.025711
2017-05-29 20:09:00+02:00,0.022853
2017-05-29 20:10:00+02:00,0.0221
2017-05-29 20:11:00+02:00,0.021714
2017-05-29 20:12:00+02:00,0.017716
2017-05-29 20:13:00+02:00,0.019208
2017-05-29 20:14:00+02:00,0.018508
2017-05-29 20:15:00+02:00,0.016634
2017-05-29 20:16:00+02:00,0.017586
2017-05-29 20:17:00+02:00,0.01928
2017-05-29 20:18:00+02:00,0.020272
2017-05-29 20:19:00+02:00,0.020643
2017-05-29 20:20:00+02:00,0.021546
2017-05-29 20:21:00+02:00,0.022348
2017-05-29 20:22:00+02:00,0.022297
2017-05-29 20:23:00+02:00,0.024428
2017-05-29 20:24:00+02:00,0.020273
2017-05-29 20:25:00+02:00,0.019156
2017-05-29 20:26:00+02:00,0.018986
2017-05-29 20:27:00+02:00,0.022452
2017-05-29 20:28:00+02:00,0.020529
2017-05-29 20:29:00+02:00,0.016193
2017-05-29 20:30:00+02:00,0.017355
2017-05-29 20:31:00+02:00,0.017958
2017-05-29 20:32:00+02:00,0.019132
2017-05-29 20:33:00+02:00,0.017447
2017-05-29 20:34:00+02:00,0.021574
2017-05-29 20:35:00+02:00,0.022868
2017-05-29 20:36:00+02:00,0.021666
2017-05-29 20:37:00+02:00,0.021546
2017-05-29 20:38:00+02:00,0.023328
2017-05-29 20:39:00+02:00,0.022074
2017-05-29 20:40:00+02:00,0.021893
2017-05-29 20:41:00+02:00,0.020451
2017-05-29 20:42:00+02:00,0.021897
2017-05-29 20:43:00+02:00,0.023433
2017-05-29 20:44:00+02:00,0.021985
2017-05-29 20:45:00+02:00,0.022456
2017-05-29 20:46:00+02:00,0.022698
2017-05-29 20:47:00+02:00,0.023862
2017-05-29 20:48:00+02:00,0.025117
2017-05-29 20:49:00+02:00,0.025871
2017-05-29 20:50:00+02:00,0.024624
2017-05-29 20:51:00+02:00,0.021817
2017-05-29 20:52:00+02:00,0.021767
2017-05-29 20:53:00+02:00,0.022629
2017-05-29 20:54:00+02:00,0.022609
2017-05-29 20:55:00+02:00,0.021435
2017-05-29 20:56:00+02:00,0.023715
2017-05-29 20:57:00+02:00,0.022572
2017-05-29 20:58:00+02:00,0.022629
2017-05-29 20:59:00+02:00,0.022769
2017-05-29 21:00:00+02:00,0.019841
2017-05-29 21:01:00+02:00,0.02298
2017-05-29 21:02:00+02:00,0.022419
2017-05-29 21:03:00+02:00,0.024907
2017-05-29 21:04:00+02:00,0.026245
2017-05-29 21:05:00+02:00,0.026427
2017-05-29 21:06:00+02:00,0.023614
2017-05-29 21:07:00+02:00,0.023272
2017-05-29 21:08:00+02:00,0.022661
2017-05-29 21:09:00+02:00,0.021347
2017-05-29 21:10:00+02:00,0.022399
2017-05-29 21:11:00+02:00,0.02232
2017-05-29 21:12:00+02:00,0.021677
2017-05-29 21:13:00+02:00,0.021056
2017-05-29 21:14:00+02:00,0.021836
2017-05-29 21:15:00+02:00,0.022781
2017-05-29 21:16:00+02:00,0.026146
2017-05-29 21:17:00+02:00,0.027068
2017-05-29 21:18:00+02:00,0.027329
2017-05-29 21:19:00+02:00,0.026846
2017-05-29 21:20:00+02:00,0.026084
2017-05-29 21:21:00+02:00,0.025783
2017-05-29 21:22:00+02:00,0.025712
2017-05-29 21:23:00+02:00,0.023493
2017-05-29 21:24:00+02:00,0.02251
2017-05-29 21:25:00+02:00,0.02269
2017-05-29 21:26:00+02:00,0.025852
2017-05-29 21:27:00+02:00,0.026073
2017-05-29 21:28:00+02:00,0.024006
2017-05-29 21:29:00+02:00,0.02227
2017-05-29 21:30:00+02:00,0.021065
2017-05-29 21:31:00+02:00,0.021556
2017-05-29 21:32:00+02:00,0.021807
2017-05-29 21:33:00+02:00,0.025824
2017-05-29 21:34:00+02:00,0.02487
2017-05-29 21:35:00+02:00,0.024546
2017-05-29 21:36:00+02:00,0.024728
2017-05-29 21:37:00+02:00,0.024939
2017-05-29 21:38:00+02:00,0.026815
2017-05-29 21:39:00+02:00,0.024438
2017-05-29 21:40:00+02:00,0.022492
2017-05-29 21:41:00+02:00,0.023004
2017-05-29 21:42:00+02:00,0.024839
2017-05-29 21:43:00+02:00,0.02465
2017-05-29 21:44:00+02:00,0.026914
2017-05-29 21:45:00+02:00,0.027856
2017-05-29 21:46:00+02:00,0.025426
2017-05-29 21:47:00+02:00,0.02586
2017-05-29 21:48:00+02:00,0.029022
2017-05-29 21:49:00+02:00,0.028116
2017-05-29 21:50:00+02:00,0.024836
2017-05-29 21:51:00+02:00,0.029988
2017-05-29 21:52:00+02:00,0.030142
2017-05-29 21:53:00+02:00,0.029188
2017-05-29 21:54:00+02:00,0.026263
2017-05-29 21:55:00+02:00,0.026834
2017-05-29 21:56:00+02:00,0.026667
2017-05-29 21:57:00+02:00,0.027942
2017-05-29 21:58:00+02:00,0.031291
2017-05-29 21:59:00+02:00,0.035753
2017-05-29 22:00:00+02:00,0.035346
2017-05-29 22:01:00+02:00,0.031104
2017-05-29 22:02:00+02:00,0.031727
2017-05-29 22:03:00+02:00,0.038324
2017-05-29 22:04:00+02:00,0.033861
2017-05-29 22:05:00+02:00,0.026851
2017-05-29 22:06:00+02:00,0.028301
2017-05-29 22:07:00+02:00,0.028963
2017-05-29 22:08:00+02:00,0.026416
2017-05-29 22:09:00+02:00,0.027542
2017-05-29 22:10:00+02:00,0.030969
2017-05-29 22:11:00+02:00,0.031538
2017-05-29 22:12:00+02:00,0.028121
2017-05-29 22:13:00+02:00,0.02889
2017-05-29 22:14:00+02:00,0.025086
2017-05-29 22:15:00+02:00,0.02249
2017-05-29 22:16:00+02:00,0.019743
2017-05-29 22:17:00+02:00,0.018498
2017-05-29 22:18:00+02:00,0.020986
2017-05-29 22:19:00+02:00,0.020384
2017-05-29 22:20:00+02:00,0.022231
2017-05-29 22:21:00+02:00,0.023769
2017-05-29 22:22:00+02:00,0.025916
2017-05-29 22:23:00+02:00,0.030156
2017-05-29 22:24:00+02:00,0.027227
2017-05-29 22:25:00+02:00,0.024454
2017-05-29 22:26:00+02:00,0.026161
2017-05-29 22:27:00+02:00,0.028666
2017-05-29 22:28:00+02:00,0.035809
2017-05-29 22:29:00+02:00,0.037013
2017-05-29 22:30:00+02:00,0.02626
2017-05-29 22:31:00+02:00,0.022508
2017-05-29 22:32:00+02:00,0.019549
2017-05-29 22:33:00+02:00,0.020092
2017-05-29 22:34:00+02:00,0.023274
2017-05-29 22:35:00+02:00,0.023101
2017-05-29 22:36:00+02:00,0.023795
2017-05-29 22:37:00+02:00,0.024943
2017-05-29 22:38:00+02:00,0.025716
2017-05-29 22:39:00+02:00,0.028409
2017-05-29 22:40:00+02:00,0.029673
2017-05-29 22:41:00+02:00,0.026828
2017-05-29 22:42:00+02:00,0.025357
2017-05-29 22:43:00+02:00,0.025177
2017-05-29 22:44:00+02:00,0.025087
2017-05-29 22:45:00+02:00,0.02295
2017-05-29 22:46:00+02:00,0.022321
2017-05-29 22:47:00+02:00,0.025081
2017-05-29 22:48:00+02:00,0.023986
2017-05-29 22:49:00+02:00,0.025631
2017-05-29 22:50:00+02:00,0.02516
2017-05-29 22:51:00+02:00,0.024627
2017-05-29 22:52:00+02:00,0.026262
2017-05-29 22:53:00+02:00,0.025299
2017-05-29 22:54:00+02:00,0.024596
2017-05-29 22:55:00+02:00,0.028078
2017-05-29 22:56:00+02:00,0.026243
2017-05-29 22:57:00+02:00,0.026876
2017-05-29 22:58:00+02:00,0.028352
2017-05-29 22:59:00+02:00,0.030365
2017-05-29 23:00:00+02:00,0.027108
2017-05-29 23:01:00+02:00,0.026752
2017-05-29 23:02:00+02:00,0.026603
2017-05-29 23:03:00+02:00,0.025478
2017-05-29 23:04:00+02:00,0.027057
2017-05-29 23:05:00+02:00,0.025247
2017-05-29 23:06:00+02:00,0.02584
2017-05-29 23:07:00+02:00,0.02558
2017-05-29 23:08:00+02:00,0.024114
2017-05-29 23:09:00+02:00,0.022468
2017-05-29 23:10:00+02:00,0.022799
2017-05-29 23:11:00+02:00,0.024204
2017-05-29 23:12:00+02:00,0.030883
2017-05-29 23:13:00+02:00,0.025834
2017-05-29 23:14:00+02:00,0.025131
2017-05-29 23:15:00+02:00,0.02516
2017-05-29 23:16:00+02:00,0.023613
2017-05-29 23:17:00+02:00,0.022903
2017-05-29 23:18:00+02:00,0.023445
2017-05-29 23:19:00+02:00,0.022572
2017-05-29 23:20:00+02:00,0.022914
2017-05-29 23:21:00+02:00,0.023244
2017-05-29 23:22:00+02:00,0.022198
2017-05-29 23:23:00+02:00,0.024555
2017-05-29 23:24:00+02:00,0.023675
2017-05-29 23:25:00+02:00,0.023656
2017-05-29 23:26:00+02:00,0.021657
2017-05-29 23:27:00+02:00,0.021589
2017-05-29 23:28:00+02:00,0.022202
2017-05-29 23:29:00+02:00,0.021899
2017-05-29 23:30:00+02:00,0.024523
2017-05-29 23:31:00+02:00,0.023074
2017-05-29 23:32:00+02:00,0.023442
2017-05-29 23:33:00+02:00,0.02378
2017-05-29 23:34:00+02:00,0.022108
2017-05-29 23:35:00+02:00,0.020373
2017-05-29 23:36:00+02:00,0.019641
2017-05-29 23:37:00+02:00,0.019962
2017-05-29 23:38:00+02:00,0.020121
2017-05-29 23:39:00+02:00,0.021655
2017-05-29 23:40:00+02:00,0.023903
2017-05-29 23:41:00+02:00,0.028365
2017-05-29 23:42:00+02:00,0.02408
2017-05-29 23:43:00+02:00,0.022161
2017-05-29 23:44:00+02:00,0.021516
2017-05-29 23:45:00+02:00,0.023682
2017-05-29 23:46:00+02:00,0.025021
2017-05-29 23:47:00+02:00,0.022171
2017-05-29 23:48:00+02:00,0.021258
2017-05-29 23:49:00+02:00,0.019841
2017-05-29 23:50:00+02:00,0.020294
2017-05-29 23:51:00+02:00,0.020325
2017-05-29 23:52:00+02:00,0.019994
2017-05-29 23:53:00+02:00,0.019343
2017-05-29 23:54:00+02:00,0.019122
2017-05-29 23:55:00+02:00,0.018621
2017-05-29 23:56:00+02:00,0.018801
2017-05-29 23:57:00+02:00,0.020694
2017-05-29 23:58:00+02:00,0.022307
2017-05-29 23:59:00+02:00,0.021665
2017-05-30 00:00:00+02:00,0.022992
2017-05-30 00:01:00+02:00,0.020193
2017-05-30 00:02:00+02:00,0.022261
2017-05-30 00:03:00+02:00,0.023866
2017-05-30 00:04:00+02:00,0.021909
2017-05-30 00:05:00+02:00,0.021417
2017-05-30 00:06:00+02:00,0.021709
2017-05-30 00:07:00+02:00,0.022401
2017-05-30 00:08:00+02:00,0.023203
2017-05-30 00:09:00+02:00,0.021991
2017-05-30 00:10:00+02:00,0.022373
2017-05-30 00:11:00+02:00,0.022
2017-05-30 00:12:00+02:00,0.021859
2017-05-30 00:13:00+02:00,0.023906
2017-05-30 00:14:00+02:00,0.024678
2017-05-30 00:15:00+02:00,0.025389
2017-05-30 00:16:00+02:00,0.026342
2017-05-30 00:17:00+02:00,0.025559
2017-05-30 00:18:00+02:00,0.024446
2017-05-30 00:19:00+02:00,0.023515
2017-05-30 00:20:00+02:00,0.023484
2017-05-30 00:21:00+02:00,0.022782
2017-05-30 00:22:00+02:00,0.024065
2017-05-30 00:23:00+02:00,0.023914
2017-05-30 00:24:00+02:00,0.022711
2017-05-30 00:25:00+02:00,0.022862
2017-05-30 00:26:00+02:00,0.021816
2017-05-30 00:27:00+02:00,0.022387
2017-05-30 00:28:00+02:00,0.022738
2017-05-30 00:29:00+02:00,0.022628
2017-05-30 00:30:00+02:00,0.022599
2017-05-30 00:31:00+02:00,0.025168
2017-05-30 00:32:00+02:00,0.024225
2017-05-30 00:33:00+02:00,0.020002
2017-05-30 00:34:00+02:00,0.019262
2017-05-30 00:35:00+02:00,0.019975
2017-05-30 00:36:00+02:00,0.019954
2017-05-30 00:37:00+02:00,0.01866
2017-05-30 00:38:00+02:00,0.020003
2017-05-30 00:39:00+02:00,0.019823
2017-05-30 00:40:00+02:00,0.020895
2017-05-30 00:41:00+02:00,0.021386
2017-05-30 00:42:00+02:00,0.018688
2017-05-30 00:43:00+02:00,0.017536
2017-05-30 00:44:00+02:00,0.019248
2017-05-30 00:45:00+02:00,0.018357
2017-05-30 00:46:00+02:00,0.01888
2017-05-30 00:47:00+02:00,0.01827
2017-05-30 00:48:00+02:00,0.01903
2017-05-30 00:49:00+02:00,0.017979
2017-05-30 00:50:00+02:00,0.017498
2017-05-30 00:51:00+02:00,0.018311
2017-05-30 00:52:00+02:00,0.019405
2017-05-30 00:53:00+02:00,0.020078
2017-05-30 00:54:00+02:00,0.022113
2017-05-30 00:55:00+02:00,0.024041
2017-05-30 00:56:00+02:00,0.017539
2017-05-30 00:57:00+02:00,0.017227
2017-05-30 00:58:00+02:00,0.016175
2017-05-30 00:59:00+02:00,0.017147
2017-05-30 01:00:00+02:00,0.017978
2017-05-30 01:01:00+02:00,0.019957
2017-05-30 01:02:00+02:00,0.018862
2017-05-30 01:03:00+02:00,0.019253
2017-05-30 01:04:00+02:00,0.020878
2017-05-30 01:05:00+02:00,0.021582
2017-05-30 01:06:00+02:00,0.022865
2017-05-30 01:07:00+02:00,0.023226
2017-05-30 01:08:00+02:00,0.02145
2017-05-30 01:09:00+02:00,0.017106
2017-05-30 01:10:00+02:00,0.017007
2017-05-30 01:11:00+02:00,0.019103
2017-05-30 01:12:00+02:00,0.021431
2017-05-30 01:13:00+02:00,0.025027
2017-05-30 01:14:00+02:00,0.026894
2017-05-30 01:15:00+02:00,0.022315
2017-05-30 01:16:00+02:00,0.02089
2017-05-30 01:17:00+02:00,0.023015
2017-05-30 01:18:00+02:00,0.023657
2017-05-30 01:19:00+02:00,0.024237
2017-05-30 01:20:00+02:00,0.025511
2017-05-30 01:21:00+02:00,0.024889
2017-05-30 01:22:00+02:00,0.024247
2017-05-30 01:23:00+02:00,0.024949
2017-05-30 01:24:00+02:00,0.021609
2017-05-30 01:25:00+02:00,0.023165
2017-05-30 01:26:00+02:00,0.021767
2017-05-30 01:27:00+02:00,0.019965
2017-05-30 01:28:00+02:00,0.021704
2017-05-30 01:29:00+02:00,0.024422
2017-05-30 01:30:00+02:00,0.021831
2017-05-30 01:31:00+02:00,0.02088
2017-05-30 01:32:00+02:00,0.018422
2017-05-30 01:33:00+02:00,0.018571
2017-05-30 01:34:00+02:00,0.01738
2017-05-30 01:35:00+02:00,0.01738
2017-05-30 01:36:00+02:00,0.016097
2017-05-30 01:37:00+02:00,0.014953
2017-05-30 01:38:00+02:00,0.014191
2017-05-30 01:39:00+02:00,0.014272
2017-05-30 01:40:00+02:00,0.013791
2017-05-30 01:41:00+02:00,0.013982
2017-05-30 01:42:00+02:00,0.01741
2017-05-30 01:43:00+02:00,0.018373
2017-05-30 01:44:00+02:00,0.018463
2017-05-30 01:45:00+02:00,0.015835
2017-05-30 01:46:00+02:00,0.015926
2017-05-30 01:47:00+02:00,0.015394
2017-05-30 01:48:00+02:00,0.014512
2017-05-30 01:49:00+02:00,0.014031
2017-05-30 01:50:00+02:00,0.014221
2017-05-30 01:51:00+02:00,0.014351
2017-05-30 01:52:00+02:00,0.014161
2017-05-30 01:53:00+02:00,0.014251
2017-05-30 01:54:00+02:00,0.014281
2017-05-30 01:55:00+02:00,0.014231
2017-05-30 01:56:00+02:00,0.014111
2017-05-30 01:57:00+02:00,0.012949
2017-05-30 01:58:00+02:00,0.012048
2017-05-30 01:59:00+02:00,0.011767
2017-05-30 02:00:00+02:00,0.011597
2017-05-30 02:01:00+02:00,0.011948
2017-05-30 02:02:00+02:00,0.01323
2017-05-30 02:03:00+02:00,0.013711
2017-05-30 02:04:00+02:00,0.013701
2017-05-30 02:05:00+02:00,0.013981
2017-05-30 02:06:00+02:00,0.013871
2017-05-30 02:07:00+02:00,0.013851
2017-05-30 02:08:00+02:00,0.014062
2017-05-30 02:09:00+02:00,0.013901
2017-05-30 02:10:00+02:00,0.015024
2017-05-30 02:11:00+02:00,0.015426
2017-05-30 02:12:00+02:00,0.015516
2017-05-30 02:13:00+02:00,0.013931
2017-05-30 02:14:00+02:00,0.013911
2017-05-30 02:15:00+02:00,0.015365
2017-05-30 02:16:00+02:00,0.015215
2017-05-30 02:17:00+02:00,0.012408
2017-05-30 02:18:00+02:00,0.011266
2017-05-30 02:19:00+02:00,0.011437
2017-05-30 02:20:00+02:00,0.013779
2017-05-30 02:21:00+02:00,0.017047
2017-05-30 02:22:00+02:00,0.0134
2017-05-30 02:23:00+02:00,0.012348
2017-05-30 02:24:00+02:00,0.012388
2017-05-30 02:25:00+02:00,0.012478
2017-05-30 02:26:00+02:00,0.012158
2017-05-30 02:27:00+02:00,0.014512
2017-05-30 02:28:00+02:00,0.012568
2017-05-30 02:29:00+02:00,0.012077
2017-05-30 02:30:00+02:00,0.012448
2017-05-30 02:31:00+02:00,0.012638
2017-05-30 02:32:00+02:00,0.012768
2017-05-30 02:33:00+02:00,0.015193
2017-05-30 02:34:00+02:00,0.014712
2017-05-30 02:35:00+02:00,0.013149
2017-05-30 02:36:00+02:00,0.012679
2017-05-30 02:37:00+02:00,0.012919
2017-05-30 02:38:00+02:00,0.01364
2017-05-30 02:39:00+02:00,0.012879
2017-05-30 02:40:00+02:00,0.012438
2017-05-30 02:41:00+02:00,0.012878
2017-05-30 02:42:00+02:00,0.012698
2017-05-30 02:43:00+02:00,0.012367
2017-05-30 02:44:00+02:00,0.014082
2017-05-30 02:45:00+02:00,0.01359
2017-05-30 02:46:00+02:00,0.012377
2017-05-30 02:47:00+02:00,0.012318
2017-05-30 02:48:00+02:00,0.012478
2017-05-30 02:49:00+02:00,0.011977
2017-05-30 02:50:00+02:00,0.011136
2017-05-30 02:51:00+02:00,0.012439
2017-05-30 02:52:00+02:00,0.012429
2017-05-30 02:53:00+02:00,0.012028
2017-05-30 02:54:00+02:00,0.012159
2017-05-30 02:55:00+02:00,0.012208
2017-05-30 02:56:00+02:00,0.011998
2017-05-30 02:57:00+02:00,0.010996
2017-05-30 02:58:00+02:00,0.010526
2017-05-30 02:59:00+02:00,0.010826
2017-05-30 03:00:00+02:00,0.010706
2017-05-30 03:01:00+02:00,0.012728
2017-05-30 03:02:00+02:00,0.01332
2017-05-30 03:03:00+02:00,0.012989
2017-05-30 03:04:00+02:00,0.012999
2017-05-30 03:05:00+02:00,0.01331
2017-05-30 03:06:00+02:00,0.013621
2017-05-30 03:07:00+02:00,0.013581
2017-05-30 03:08:00+02:00,0.011657
2017-05-30 03:09:00+02:00,0.011417
2017-05-30 03:10:00+02:00,0.010907
2017-05-30 03:11:00+02:00,0.011087
2017-05-30 03:12:00+02:00,0.011707
2017-05-30 03:13:00+02:00,0.013911
2017-05-30 03:14:00+02:00,0.013611
2017-05-30 03:15:00+02:00,0.01282
2017-05-30 03:16:00+02:00,0.012118
2017-05-30 03:17:00+02:00,0.012498
2017-05-30 03:18:00+02:00,0.01346
2017-05-30 03:19:00+02:00,0.011386
2017-05-30 03:20:00+02:00,0.011518
2017-05-30 03:21:00+02:00,0.010496
2017-05-30 03:22:00+02:00,0.009935
2017-05-30 03:23:00+02:00,0.009715
2017-05-30 03:24:00+02:00,0.010005
2017-05-30 03:25:00+02:00,0.009173
2017-05-30 03:26:00+02:00,0.009324
2017-05-30 03:27:00+02:00,0.009224
2017-05-30 03:28:00+02:00,0.009724
2017-05-30 03:29:00+02:00,0.009925
2017-05-30 03:30:00+02:00,0.009785
2017-05-30 03:31:00+02:00,0.010355
2017-05-30 03:32:00+02:00,0.010235
2017-05-30 03:33:00+02:00,0.010045
2017-05-30 03:34:00+02:00,0.009924
2017-05-30 03:35:00+02:00,0.010935
2017-05-30 03:36:00+02:00,0.009764
2017-05-30 03:37:00+02:00,0.010205
2017-05-30 03:38:00+02:00,0.010225
2017-05-30 03:39:00+02:00,0.009794
2017-05-30 03:40:00+02:00,0.009865
2017-05-30 03:41:00+02:00,0.010956
2017-05-30 03:42:00+02:00,0.010556
2017-05-30 03:43:00+02:00,0.009905
2017-05-30 03:44:00+02:00,0.010316
2017-05-30 03:45:00+02:00,0.010426
2017-05-30 03:46:00+02:00,0.011578
2017-05-30 03:47:00+02:00,0.011578
2017-05-30 03:48:00+02:00,0.010575
2017-05-30 03:49:00+02:00,0.010285
2017-05-30 03:50:00+02:00,0.010035
2017-05-30 03:51:00+02:00,0.009985
2017-05-30 03:52:00+02:00,0.009714
2017-05-30 03:53:00+02:00,0.009855
2017-05-30 03:54:00+02:00,0.009615
2017-05-30 03:55:00+02:00,0.009745
2017-05-30 03:56:00+02:00,0.009635
2017-05-30 03:57:00+02:00,0.010575
2017-05-30 03:58:00+02:00,0.010856
2017-05-30 03:59:00+02:00,0.010886
2017-05-30 04:00:00+02:00,0.010726
2017-05-30 04:01:00+02:00,0.011386
2017-05-30 04:02:00+02:00,0.011867
2017-05-30 04:03:00+02:00,0.010825
2017-05-30 04:04:00+02:00,0.010956
2017-05-30 04:05:00+02:00,0.010776
2017-05-30 04:06:00+02:00,0.010806
2017-05-30 04:07:00+02:00,0.010365
2017-05-30 04:08:00+02:00,0.009784
2017-05-30 04:09:00+02:00,0.009564
2017-05-30 04:10:00+02:00,0.010355
2017-05-30 04:11:00+02:00,0.010115
2017-05-30 04:12:00+02:00,0.009744
2017-05-30 04:13:00+02:00,0.011966
2017-05-30 04:14:00+02:00,0.011216
2017-05-30 04:15:00+02:00,0.010094
2017-05-30 04:16:00+02:00,0.010355
2017-05-30 04:17:00+02:00,0.010576
2017-05-30 04:18:00+02:00,0.010676
2017-05-30 04:19:00+02:00,0.010455
2017-05-30 04:20:00+02:00,0.010425
2017-05-30 04:21:00+02:00,0.010255
2017-05-30 04:22:00+02:00,0.010285
2017-05-30 04:23:00+02:00,0.009915
2017-05-30 04:24:00+02:00,0.009625
2017-05-30 04:25:00+02:00,0.009244
2017-05-30 04:26:00+02:00,0.009174
2017-05-30 04:27:00+02:00,0.009284
2017-05-30 04:28:00+02:00,0.009635
2017-05-30 04:29:00+02:00,0.009524
2017-05-30 04:30:00+02:00,0.009574
2017-05-30 04:31:00+02:00,0.009474
2017-05-30 04:32:00+02:00,0.009354
2017-05-30 04:33:00+02:00,0.009264
2017-05-30 04:34:00+02:00,0.009374
2017-05-30 04:35:00+02:00,0.009264
2017-05-30 04:36:00+02:00,0.009514
2017-05-30 04:37:00+02:00,0.009585
2017-05-30 04:38:00+02:00,0.009474
2017-05-30 04:39:00+02:00,0.010106
2017-05-30 04:40:00+02:00,0.011308
2017-05-30 04:41:00+02:00,0.010506
2017-05-30 04:42:00+02:00,0.009514
2017-05-30 04:43:00+02:00,0.009745
2017-05-30 04:44:00+02:00,0.009735
2017-05-30 04:45:00+02:00,0.009675
2017-05-30 04:46:00+02:00,0.009695
2017-05-30 04:47:00+02:00,0.009615
2017-05-30 04:48:00+02:00,0.009435
2017-05-30 04:49:00+02:00,0.009545
2017-05-30 04:50:00+02:00,0.009374
2017-05-30 04:51:00+02:00,0.008783
2017-05-30 04:52:00+02:00,0.008723
2017-05-30 04:53:00+02:00,0.008733
2017-05-30 04:54:00+02:00,0.008894
2017-05-30 04:55:00+02:00,0.009024
2017-05-30 04:56:00+02:00,0.008943
2017-05-30 04:57:00+02:00,0.008913
2017-05-30 04:58:00+02:00,0.009414
2017-05-30 04:59:00+02:00,0.009374
2017-05-30 05:00:00+02:00,0.009394
2017-05-30 05:01:00+02:00,0.009104
2017-05-30 05:02:00+02:00,0.009244
2017-05-30 05:03:00+02:00,0.009604
2017-05-30 05:04:00+02:00,0.009795
2017-05-30 05:05:00+02:00,0.009885
2017-05-30 05:06:00+02:00,0.009945
2017-05-30 05:07:00+02:00,0.010005
2017-05-30 05:08:00+02:00,0.009684
2017-05-30 05:09:00+02:00,0.009374
2017-05-30 05:10:00+02:00,0.009154
2017-05-30 05:11:00+02:00,0.009314
2017-05-30 05:12:00+02:00,0.009214
2017-05-30 05:13:00+02:00,0.009164
2017-05-30 05:14:00+02:00,0.009034
2017-05-30 05:15:00+02:00,0.009044
2017-05-30 05:16:00+02:00,0.011289
2017-05-30 05:17:00+02:00,0.013351
2017-05-30 05:18:00+02:00,0.010275
2017-05-30 05:19:00+02:00,0.009133
2017-05-30 05:20:00+02:00,0.008693
2017-05-30 05:21:00+02:00,0.008573
2017-05-30 05:22:00+02:00,0.008613
2017-05-30 05:23:00+02:00,0.008603
2017-05-30 05:24:00+02:00,0.008783
2017-05-30 05:25:00+02:00,0.009154
2017-05-30 05:26:00+02:00,0.009194
2017-05-30 05:27:00+02:00,0.009504
2017-05-30 05:28:00+02:00,0.009814
2017-05-30 05:29:00+02:00,0.010085
2017-05-30 05:30:00+02:00,0.011759
2017-05-30 05:31:00+02:00,0.01244
2017-05-30 05:32:00+02:00,0.011448
2017-05-30 05:33:00+02:00,0.009544
2017-05-30 05:34:00+02:00,0.009144
2017-05-30 05:35:00+02:00,0.008463
2017-05-30 05:36:00+02:00,0.008383
2017-05-30 05:37:00+02:00,0.008623
2017-05-30 05:38:00+02:00,0.008793
2017-05-30 05:39:00+02:00,0.008814
2017-05-30 05:40:00+02:00,0.009084
2017-05-30 05:41:00+02:00,0.009124
2017-05-30 05:42:00+02:00,0.008994
2017-05-30 05:43:00+02:00,0.009515
2017-05-30 05:44:00+02:00,0.009184
2017-05-30 05:45:00+02:00,0.009434
2017-05-30 05:46:00+02:00,0.009424
2017-05-30 05:47:00+02:00,0.009915
2017-05-30 05:48:00+02:00,0.010145
2017-05-30 05:49:00+02:00,0.010435
2017-05-30 05:50:00+02:00,0.009864
2017-05-30 05:51:00+02:00,0.009784
2017-05-30 05:52:00+02:00,0.009133
2017-05-30 05:53:00+02:00,0.008993
2017-05-30 05:54:00+02:00,0.009023
2017-05-30 05:55:00+02:00,0.008533
2017-05-30 05:56:00+02:00,0.008363
2017-05-30 05:57:00+02:00,0.008963
2017-05-30 05:58:00+02:00,0.009874
2017-05-30 05:59:00+02:00,0.009023
2017-05-30 06:00:00+02:00,0.008823
2017-05-30 06:01:00+02:00,0.008933
2017-05-30 06:02:00+02:00,0.008473
2017-05-30 06:03:00+02:00,0.008473
2017-05-30 06:04:00+02:00,0.008573
2017-05-30 06:05:00+02:00,0.008473
2017-05-30 06:06:00+02:00,0.008813
2017-05-30 06:07:00+02:00,0.009363
2017-05-30 06:08:00+02:00,0.009674
2017-05-30 06:09:00+02:00,0.010395
2017-05-30 06:10:00+02:00,0.009513
2017-05-30 06:11:00+02:00,0.008963
2017-05-30 06:12:00+02:00,0.008903
2017-05-30 06:13:00+02:00,0.009044
2017-05-30 06:14:00+02:00,0.008823
2017-05-30 06:15:00+02:00,0.008813
2017-05-30 06:16:00+02:00,0.008893
2017-05-30 06:17:00+02:00,0.008753
2017-05-30 06:18:00+02:00,0.008764
2017-05-30 06:19:00+02:00,0.009054
2017-05-30 06:20:00+02:00,0.009134
2017-05-30 06:21:00+02:00,0.009344
2017-05-30 06:22:00+02:00,0.009224
2017-05-30 06:23:00+02:00,0.009934
2017-05-30 06:24:00+02:00,0.009594
2017-05-30 06:25:00+02:00,0.009784
2017-05-30 06:26:00+02:00,0.009434
2017-05-30 06:27:00+02:00,0.009414
2017-05-30 06:28:00+02:00,0.009544
2017-05-30 06:29:00+02:00,0.009404
2017-05-30 06:30:00+02:00,0.009304
2017-05-30 06:31:00+02:00,0.009724
2017-05-30 06:32:00+02:00,0.009744
2017-05-30 06:33:00+02:00,0.009474
2017-05-30 06:34:00+02:00,0.009824
2017-05-30 06:35:00+02:00,0.009894
2017-05-30 06:36:00+02:00,0.009894
2017-05-30 06:37:00+02:00,0.009533
2017-05-30 06:38:00+02:00,0.010864
2017-05-30 06:39:00+02:00,0.010444
2017-05-30 06:40:00+02:00,0.008773
2017-05-30 06:41:00+02:00,0.008723
2017-05-30 06:42:00+02:00,0.009363
2017-05-30 06:43:00+02:00,0.009223
2017-05-30 06:44:00+02:00,0.009033
2017-05-30 06:45:00+02:00,0.009284
2017-05-30 06:46:00+02:00,0.009374
2017-05-30 06:47:00+02:00,0.009033
2017-05-30 06:48:00+02:00,0.009153
2017-05-30 06:49:00+02:00,0.010714
2017-05-30 06:50:00+02:00,0.011446
2017-05-30 06:51:00+02:00,0.011366
2017-05-30 06:52:00+02:00,0.011726
2017-05-30 06:53:00+02:00,0.011567
2017-05-30 06:54:00+02:00,0.011867
2017-05-30 06:55:00+02:00,0.011867
2017-05-30 06:56:00+02:00,0.011216
2017-05-30 06:57:00+02:00,0.011126
2017-05-30 06:58:00+02:00,0.010636
2017-05-30 06:59:00+02:00,0.010686
2017-05-30 07:00:00+02:00,0.010645
2017-05-30 07:01:00+02:00,0.010885
2017-05-30 07:02:00+02:00,0.011186
2017-05-30 07:03:00+02:00,0.011286
2017-05-30 07:04:00+02:00,0.010274
2017-05-30 07:05:00+02:00,0.009894
2017-05-30 07:06:00+02:00,0.009924
2017-05-30 07:07:00+02:00,0.010025
2017-05-30 07:08:00+02:00,0.009704
2017-05-30 07:09:00+02:00,0.009754
2017-05-30 07:10:00+02:00,0.010055
2017-05-30 07:11:00+02:00,0.009824
2017-05-30 07:12:00+02:00,0.010835
2017-05-30 07:13:00+02:00,0.012007
2017-05-30 07:14:00+02:00,0.011786
2017-05-30 07:15:00+02:00,0.011847
2017-05-30 07:16:00+02:00,0.010875
2017-05-30 07:17:00+02:00,0.010575
2017-05-30 07:18:00+02:00,0.010245
2017-05-30 07:19:00+02:00,0.009954
2017-05-30 07:20:00+02:00,0.009734
2017-05-30 07:21:00+02:00,0.010375
2017-05-30 07:22:00+02:00,0.010265
2017-05-30 07:23:00+02:00,0.010675
2017-05-30 07:24:00+02:00,0.010695
2017-05-30 07:25:00+02:00,0.011216
2017-05-30 07:26:00+02:00,0.011146
2017-05-30 07:27:00+02:00,0.010615
2017-05-30 07:28:00+02:00,0.010856
2017-05-30 07:29:00+02:00,0.010535
2017-05-30 07:30:00+02:00,0.010916
2017-05-30 07:31:00+02:00,0.010555
2017-05-30 07:32:00+02:00,0.010034
2017-05-30 07:33:00+02:00,0.010165
2017-05-30 07:34:00+02:00,0.009945
2017-05-30 07:35:00+02:00,0.010286
2017-05-30 07:36:00+02:00,0.010105
2017-05-30 07:37:00+02:00,0.010075
2017-05-30 07:38:00+02:00,0.009965
2017-05-30 07:39:00+02:00,0.010255
2017-05-30 07:40:00+02:00,0.010776
2017-05-30 07:41:00+02:00,0.011537
2017-05-30 07:42:00+02:00,0.012247
2017-05-30 07:43:00+02:00,0.012067
2017-05-30 07:44:00+02:00,0.011606
2017-05-30 07:45:00+02:00,0.011106
2017-05-30 07:46:00+02:00,0.012716
2017-05-30 07:47:00+02:00,0.012948
2017-05-30 07:48:00+02:00,0.012287
2017-05-30 07:49:00+02:00,0.014221
2017-05-30 07:50:00+02:00,0.016877
2017-05-30 07:51:00+02:00,0.01759
2017-05-30 07:52:00+02:00,0.023219
2017-05-30 07:53:00+02:00,0.023528
2017-05-30 07:54:00+02:00,0.023608
2017-05-30 07:55:00+02:00,0.02191
2017-05-30 07:56:00+02:00,0.022361
2017-05-30 07:57:00+02:00,0.023394
2017-05-30 07:58:00+02:00,0.023325
2017-05-30 07:59:00+02:00,0.022773
2017-05-30 08:00:00+02:00,0.025107
2017-05-30 08:01:00+02:00,0.026715
2017-05-30 08:02:00+02:00,0.025642
2017-05-30 08:03:00+02:00,0.02512
2017-05-30 08:04:00+02:00,0.023323
2017-05-30 08:05:00+02:00,0.022733
2017-05-30 08:06:00+02:00,0.022313
2017-05-30 08:07:00+02:00,0.020633
2017-05-30 08:08:00+02:00,0.019125
2017-05-30 08:09:00+02:00,0.020387
2017-05-30 08:10:00+02:00,0.019144
2017-05-30 08:11:00+02:00,0.019634
2017-05-30 08:12:00+02:00,0.018622
2017-05-30 08:13:00+02:00,0.018565
2017-05-30 08:14:00+02:00,0.018423
2017-05-30 08:15:00+02:00,0.018915
2017-05-30 08:16:00+02:00,0.019316
2017-05-30 08:17:00+02:00,0.021068
2017-05-30 08:18:00+02:00,0.022753
2017-05-30 08:19:00+02:00,0.020177
2017-05-30 08:20:00+02:00,0.018052
2017-05-30 08:21:00+02:00,0.016442
2017-05-30 08:22:00+02:00,0.013529
2017-05-30 08:23:00+02:00,0.013469
2017-05-30 08:24:00+02:00,0.011856
2017-05-30 08:25:00+02:00,0.013278
2017-05-30 08:26:00+02:00,0.014721
2017-05-30 08:27:00+02:00,0.014801
2017-05-30 08:28:00+02:00,0.014621
2017-05-30 08:29:00+02:00,0.014561
2017-05-30 08:30:00+02:00,0.014171
2017-05-30 08:31:00+02:00,0.013529
2017-05-30 08:32:00+02:00,0.014832
2017-05-30 08:33:00+02:00,0.015654
2017-05-30 08:34:00+02:00,0.017218
2017-05-30 08:35:00+02:00,0.01806
2017-05-30 08:36:00+02:00,0.017185
2017-05-30 08:37:00+02:00,0.020191
2017-05-30 08:38:00+02:00,0.019439
2017-05-30 08:39:00+02:00,0.019298
2017-05-30 08:40:00+02:00,0.017124
2017-05-30 08:41:00+02:00,0.015261
2017-05-30 08:42:00+02:00,0.015251
2017-05-30 08:43:00+02:00,0.014981
2017-05-30 08:44:00+02:00,0.015502
2017-05-30 08:45:00+02:00,0.016773
2017-05-30 08:46:00+02:00,0.016173
2017-05-30 08:47:00+02:00,0.015472
2017-05-30 08:48:00+02:00,0.015762
2017-05-30 08:49:00+02:00,0.015722
2017-05-30 08:50:00+02:00,0.016304
2017-05-30 08:51:00+02:00,0.016996
2017-05-30 08:52:00+02:00,0.016677
2017-05-30 08:53:00+02:00,0.016246
2017-05-30 08:54:00+02:00,0.018971
2017-05-30 08:55:00+02:00,0.018136
2017-05-30 08:56:00+02:00,0.01559
2017-05-30 08:57:00+02:00,0.01449
2017-05-30 08:58:00+02:00,0.015362
2017-05-30 08:59:00+02:00,0.015041
2017-05-30 09:00:00+02:00,0.015182
2017-05-30 09:01:00+02:00,0.017334
2017-05-30 09:02:00+02:00,0.016092
2017-05-30 09:03:00+02:00,0.017976
2017-05-30 09:04:00+02:00,0.018028
2017-05-30 09:05:00+02:00,0.019361
2017-05-30 09:06:00+02:00,0.018982
2017-05-30 09:07:00+02:00,0.01925
2017-05-30 09:08:00+02:00,0.018069
2017-05-30 09:09:00+02:00,0.017789
2017-05-30 09:10:00+02:00,0.018359
2017-05-30 09:11:00+02:00,0.016725
2017-05-30 09:12:00+02:00,0.016224
2017-05-30 09:13:00+02:00,0.015292
2017-05-30 09:14:00+02:00,0.015422
2017-05-30 09:15:00+02:00,0.015663
2017-05-30 09:16:00+02:00,0.017525
2017-05-30 09:17:00+02:00,0.016754
2017-05-30 09:18:00+02:00,0.015322
2017-05-30 09:19:00+02:00,0.015142
2017-05-30 09:20:00+02:00,0.015152
2017-05-30 09:21:00+02:00,0.015172
2017-05-30 09:22:00+02:00,0.015593
2017-05-30 09:23:00+02:00,0.017805
2017-05-30 09:24:00+02:00,0.017375
2017-05-30 09:25:00+02:00,0.016283
2017-05-30 09:26:00+02:00,0.016754
2017-05-30 09:27:00+02:00,0.017285
2017-05-30 09:28:00+02:00,0.016884
2017-05-30 09:29:00+02:00,0.018036
2017-05-30 09:30:00+02:00,0.019209
2017-05-30 09:31:00+02:00,0.01982
2017-05-30 09:32:00+02:00,0.022142
2017-05-30 09:33:00+02:00,0.022413
2017-05-30 09:34:00+02:00,0.022852
2017-05-30 09:35:00+02:00,0.0213
2017-05-30 09:36:00+02:00,0.020228
2017-05-30 09:37:00+02:00,0.019787
2017-05-30 09:38:00+02:00,0.020187
2017-05-30 09:39:00+02:00,0.021518
2017-05-30 09:40:00+02:00,0.019497
2017-05-30 09:41:00+02:00,0.019808
2017-05-30 09:42:00+02:00,0.019528
2017-05-30 09:43:00+02:00,0.018687
2017-05-30 09:44:00+02:00,0.019007
2017-05-30 09:45:00+02:00,0.01993
2017-05-30 09:46:00+02:00,0.023235
2017-05-30 09:47:00+02:00,0.025804
2017-05-30 09:48:00+02:00,0.02772
2017-05-30 09:49:00+02:00,0.026707
2017-05-30 09:50:00+02:00,0.02432
2017-05-30 09:51:00+02:00,0.021824
2017-05-30 09:52:00+02:00,0.022486
2017-05-30 09:53:00+02:00,0.022467
2017-05-30 09:54:00+02:00,0.027168
2017-05-30 09:55:00+02:00,0.028505
2017-05-30 09:56:00+02:00,0.033139
2017-05-30 09:57:00+02:00,0.034382
2017-05-30 09:58:00+02:00,0.034023
2017-05-30 09:59:00+02:00,0.032807
2017-05-30 10:00:00+02:00,0.034694
2017-05-30 10:01:00+02:00,0.031159
2017-05-30 10:02:00+02:00,0.028896
2017-05-30 10:03:00+02:00,0.030763
2017-05-30 10:04:00+02:00,0.027888
2017-05-30 10:05:00+02:00,0.025751
2017-05-30 10:06:00+02:00,0.023896
2017-05-30 10:07:00+02:00,0.020911
2017-05-30 10:08:00+02:00,0.020661
2017-05-30 10:09:00+02:00,0.021276
2017-05-30 10:10:00+02:00,0.021873
2017-05-30 10:11:00+02:00,0.021893
2017-05-30 10:12:00+02:00,0.022645
2017-05-30 10:13:00+02:00,0.024924
2017-05-30 10:14:00+02:00,0.025131
2017-05-30 10:15:00+02:00,0.023878
2017-05-30 10:16:00+02:00,0.021673
2017-05-30 10:17:00+02:00,0.023749
2017-05-30 10:18:00+02:00,0.024771
2017-05-30 10:19:00+02:00,0.025114
2017-05-30 10:20:00+02:00,0.03007
2017-05-30 10:21:00+02:00,0.02724
2017-05-30 10:22:00+02:00,0.025704
2017-05-30 10:23:00+02:00,0.023858
2017-05-30 10:24:00+02:00,0.021617
2017-05-30 10:25:00+02:00,0.021368
2017-05-30 10:26:00+02:00,0.023322
2017-05-30 10:27:00+02:00,0.024413
2017-05-30 10:28:00+02:00,0.026925
2017-05-30 10:29:00+02:00,0.025879
2017-05-30 10:30:00+02:00,0.026141
2017-05-30 10:31:00+02:00,0.023716
2017-05-30 10:32:00+02:00,0.023905
2017-05-30 10:33:00+02:00,0.028384
2017-05-30 10:34:00+02:00,0.029373
2017-05-30 10:35:00+02:00,0.028488
2017-05-30 10:36:00+02:00,0.031956
2017-05-30 10:37:00+02:00,0.02906
2017-05-30 10:38:00+02:00,0.026245
2017-05-30 10:39:00+02:00,0.026457
2017-05-30 10:40:00+02:00,0.025305
2017-05-30 10:41:00+02:00,0.026955
2017-05-30 10:42:00+02:00,0.028757
2017-05-30 10:43:00+02:00,0.030325
2017-05-30 10:44:00+02:00,0.039513
2017-05-30 10:45:00+02:00,0.038709
2017-05-30 10:46:00+02:00,0.040471
2017-05-30 10:47:00+02:00,0.047831
2017-05-30 10:48:00+02:00,0.043286
2017-05-30 10:49:00+02:00,0.035674
2017-05-30 10:50:00+02:00,0.037976
2017-05-30 10:51:00+02:00,0.035888
2017-05-30 10:52:00+02:00,0.038578
2017-05-30 10:53:00+02:00,0.039295
2017-05-30 10:54:00+02:00,0.038771
2017-05-30 10:55:00+02:00,0.038253
2017-05-30 10:56:00+02:00,0.038387
2017-05-30 10:57:00+02:00,0.04234
2017-05-30 10:58:00+02:00,0.04488
2017-05-30 10:59:00+02:00,0.041201
2017-05-30 11:00:00+02:00,0.035572
2017-05-30 11:01:00+02:00,0.032558
2017-05-30 11:02:00+02:00,0.036897
2017-05-30 11:03:00+02:00,0.037358
2017-05-30 11:04:00+02:00,0.03745
2017-05-30 11:05:00+02:00,0.041852
2017-05-30 11:06:00+02:00,0.045069
2017-05-30 11:07:00+02:00,0.046439
2017-05-30 11:08:00+02:00,0.043386
2017-05-30 11:09:00+02:00,0.039366
2017-05-30 11:10:00+02:00,0.038529
2017-05-30 11:11:00+02:00,0.043175
2017-05-30 11:12:00+02:00,0.039872
2017-05-30 11:13:00+02:00,0.037371
2017-05-30 11:14:00+02:00,0.03818
2017-05-30 11:15:00+02:00,0.039423
2017-05-30 11:16:00+02:00,0.038817
2017-05-30 11:17:00+02:00,0.042275
2017-05-30 11:18:00+02:00,0.041308
2017-05-30 11:19:00+02:00,0.032763
2017-05-30 11:20:00+02:00,0.035705
2017-05-30 11:21:00+02:00,0.033473
2017-05-30 11:22:00+02:00,0.03277
2017-05-30 11:23:00+02:00,0.032682
2017-05-30 11:24:00+02:00,0.03151
2017-05-30 11:25:00+02:00,0.029709
2017-05-30 11:26:00+02:00,0.03245
2017-05-30 11:27:00+02:00,0.034352
2017-05-30 11:28:00+02:00,0.034416
2017-05-30 11:29:00+02:00,0.028571
2017-05-30 11:30:00+02:00,0.028006
2017-05-30 11:31:00+02:00,0.028226
2017-05-30 11:32:00+02:00,0.031787
2017-05-30 11:33:00+02:00,0.038206
2017-05-30 11:34:00+02:00,0.041981
2017-05-30 11:35:00+02:00,0.045136
2017-05-30 11:36:00+02:00,0.042709
2017-05-30 11:37:00+02:00,0.04035
2017-05-30 11:38:00+02:00,0.036736
2017-05-30 11:39:00+02:00,0.035621
2017-05-30 11:40:00+02:00,0.031916
2017-05-30 11:41:00+02:00,0.033984
2017-05-30 11:42:00+02:00,0.034226
2017-05-30 11:43:00+02:00,0.032383
2017-05-30 11:44:00+02:00,0.031822
2017-05-30 11:45:00+02:00,0.032429
2017-05-30 11:46:00+02:00,0.03182
2017-05-30 11:47:00+02:00,0.029297
2017-05-30 11:48:00+02:00,0.028652
2017-05-30 11:49:00+02:00,0.030245
2017-05-30 11:50:00+02:00,0.030789
2017-05-30 11:51:00+02:00,0.031236
2017-05-30 11:52:00+02:00,0.030944
2017-05-30 11:53:00+02:00,0.031506
2017-05-30 11:54:00+02:00,0.035208
2017-05-30 11:55:00+02:00,0.033244
2017-05-30 11:56:00+02:00,0.032244
2017-05-30 11:57:00+02:00,0.030845
2017-05-30 11:58:00+02:00,0.031858
2017-05-30 11:59:00+02:00,0.032432
2017-05-30 12:00:00+02:00,0.031883
2017-05-30 12:01:00+02:00,0.028514
2017-05-30 12:02:00+02:00,0.025049
2017-05-30 12:03:00+02:00,0.025956
2017-05-30 12:04:00+02:00,0.025203
2017-05-30 12:05:00+02:00,0.028611
2017-05-30 12:06:00+02:00,0.029713
2017-05-30 12:07:00+02:00,0.023551
2017-05-30 12:08:00+02:00,0.02309
2017-05-30 12:09:00+02:00,0.0231
2017-05-30 12:10:00+02:00,0.024221
2017-05-30 12:11:00+02:00,0.028742
2017-05-30 12:12:00+02:00,0.029306
2017-05-30 12:13:00+02:00,0.030184
2017-05-30 12:14:00+02:00,0.032284
2017-05-30 12:15:00+02:00,0.034116
2017-05-30 12:16:00+02:00,0.037521
2017-05-30 12:17:00+02:00,0.037115
2017-05-30 12:18:00+02:00,0.037509
2017-05-30 12:19:00+02:00,0.036805
2017-05-30 12:20:00+02:00,0.037911
2017-05-30 12:21:00+02:00,0.036672
2017-05-30 12:22:00+02:00,0.031647
2017-05-30 12:23:00+02:00,0.033892
2017-05-30 12:24:00+02:00,0.032835
2017-05-30 12:25:00+02:00,0.034702
2017-05-30 12:26:00+02:00,0.040083
2017-05-30 12:27:00+02:00,0.038588
2017-05-30 12:28:00+02:00,0.039228
2017-05-30 12:29:00+02:00,0.040116
2017-05-30 12:30:00+02:00,0.04059
2017-05-30 12:31:00+02:00,0.041782
2017-05-30 12:32:00+02:00,0.04458
2017-05-30 12:33:00+02:00,0.042621
2017-05-30 12:34:00+02:00,0.042432
2017-05-30 12:35:00+02:00,0.045412
2017-05-30 12:36:00+02:00,0.042871
2017-05-30 12:37:00+02:00,0.042087
2017-05-30 12:38:00+02:00,0.038492
2017-05-30 12:39:00+02:00,0.042147
2017-05-30 12:40:00+02:00,0.043524
2017-05-30 12:41:00+02:00,0.049448
2017-05-30 12:42:00+02:00,0.043784
2017-05-30 12:43:00+02:00,0.054692
2017-05-30 12:44:00+02:00,0.049596
2017-05-30 12:45:00+02:00,0.045716
2017-05-30 12:46:00+02:00,0.04468
2017-05-30 12:47:00+02:00,0.043495
2017-05-30 12:48:00+02:00,0.041809
2017-05-30 12:49:00+02:00,0.038703
2017-05-30 12:50:00+02:00,0.037454
2017-05-30 12:51:00+02:00,0.03814
2017-05-30 12:52:00+02:00,0.035701
2017-05-30 12:53:00+02:00,0.033088
2017-05-30 12:54:00+02:00,0.037192
2017-05-30 12:55:00+02:00,0.042306
2017-05-30 12:56:00+02:00,0.041468
2017-05-30 12:57:00+02:00,0.042701
2017-05-30 12:58:00+02:00,0.042071
2017-05-30 12:59:00+02:00,0.046779
2017-05-30 13:00:00+02:00,0.046842
2017-05-30 13:01:00+02:00,0.049486
2017-05-30 13:02:00+02:00,0.044402
2017-05-30 13:03:00+02:00,0.039755
2017-05-30 13:04:00+02:00,0.043649
2017-05-30 13:05:00+02:00,0.048208
2017-05-30 13:06:00+02:00,0.040914
2017-05-30 13:07:00+02:00,0.039836
2017-05-30 13:08:00+02:00,0.039168
2017-05-30 13:09:00+02:00,0.042084
2017-05-30 13:10:00+02:00,0.043336
2017-05-30 13:11:00+02:00,0.043938
2017-05-30 13:12:00+02:00,0.04128
2017-05-30 13:13:00+02:00,0.042065
2017-05-30 13:14:00+02:00,0.041674
2017-05-30 13:15:00+02:00,0.040516
2017-05-30 13:16:00+02:00,0.04126
2017-05-30 13:17:00+02:00,0.038734
2017-05-30 13:18:00+02:00,0.035132
2017-05-30 13:19:00+02:00,0.031322
2017-05-30 13:20:00+02:00,0.037563
2017-05-30 13:21:00+02:00,0.036202
2017-05-30 13:22:00+02:00,0.039125
2017-05-30 13:23:00+02:00,0.041694
2017-05-30 13:24:00+02:00,0.038439
2017-05-30 13:25:00+02:00,0.037812
2017-05-30 13:26:00+02:00,0.040502
2017-05-30 13:27:00+02:00,0.03996
2017-05-30 13:28:00+02:00,0.040693
2017-05-30 13:29:00+02:00,0.043557
2017-05-30 13:30:00+02:00,0.043478
2017-05-30 13:31:00+02:00,0.043875
2017-05-30 13:32:00+02:00,0.03788
2017-05-30 13:33:00+02:00,0.037851
2017-05-30 13:34:00+02:00,0.042015
2017-05-30 13:35:00+02:00,0.043346
2017-05-30 13:36:00+02:00,0.039464
2017-05-30 13:37:00+02:00,0.035826
2017-05-30 13:38:00+02:00,0.030844
2017-05-30 13:39:00+02:00,0.032411
2017-05-30 13:40:00+02:00,0.034914
2017-05-30 13:41:00+02:00,0.035177
2017-05-30 13:42:00+02:00,0.038499
2017-05-30 13:43:00+02:00,0.034201
2017-05-30 13:44:00+02:00,0.032923
2017-05-30 13:45:00+02:00,0.032043
2017-05-30 13:46:00+02:00,0.036168
2017-05-30 13:47:00+02:00,0.034904
2017-05-30 13:48:00+02:00,0.027035
2017-05-30 13:49:00+02:00,0.027628
2017-05-30 13:50:00+02:00,0.029978
2017-05-30 13:51:00+02:00,0.03012
2017-05-30 13:52:00+02:00,0.031572
2017-05-30 13:53:00+02:00,0.033786
2017-05-30 13:54:00+02:00,0.037467
2017-05-30 13:55:00+02:00,0.028351
2017-05-30 13:56:00+02:00,0.033526
2017-05-30 13:57:00+02:00,0.030686
2017-05-30 13:58:00+02:00,0.033734
2017-05-30 13:59:00+02:00,0.034881
2017-05-30 14:00:00+02:00,0.034208
2017-05-30 14:01:00+02:00,0.03134
2017-05-30 14:02:00+02:00,0.029399
2017-05-30 14:03:00+02:00,0.036557
2017-05-30 14:04:00+02:00,0.04319
2017-05-30 14:05:00+02:00,0.041139
2017-05-30 14:06:00+02:00,0.038624
2017-05-30 14:07:00+02:00,0.035212
2017-05-30 14:08:00+02:00,0.034511
2017-05-30 14:09:00+02:00,0.034369
2017-05-30 14:10:00+02:00,0.034679
2017-05-30 14:11:00+02:00,0.035033
2017-05-30 14:12:00+02:00,0.038788
2017-05-30 14:13:00+02:00,0.034815
2017-05-30 14:14:00+02:00,0.03223
2017-05-30 14:15:00+02:00,0.031199
2017-05-30 14:16:00+02:00,0.031275
2017-05-30 14:17:00+02:00,0.029191
2017-05-30 14:18:00+02:00,0.030992
2017-05-30 14:19:00+02:00,0.032766
2017-05-30 14:20:00+02:00,0.034204
2017-05-30 14:21:00+02:00,0.036798
2017-05-30 14:22:00+02:00,0.034331
2017-05-30 14:23:00+02:00,0.034818
2017-05-30 14:24:00+02:00,0.036307
2017-05-30 14:25:00+02:00,0.040892
2017-05-30 14:26:00+02:00,0.040772
2017-05-30 14:27:00+02:00,0.042027
2017-05-30 14:28:00+02:00,0.047376
2017-05-30 14:29:00+02:00,0.052552
2017-05-30 14:30:00+02:00,0.050861
2017-05-30 14:31:00+02:00,0.048262
2017-05-30 14:32:00+02:00,0.043846
2017-05-30 14:33:00+02:00,0.047593
2017-05-30 14:34:00+02:00,0.041977
2017-05-30 14:35:00+02:00,0.040844
2017-05-30 14:36:00+02:00,0.042327
2017-05-30 14:37:00+02:00,0.039579
2017-05-30 14:38:00+02:00,0.035093
2017-05-30 14:39:00+02:00,0.036633
2017-05-30 14:40:00+02:00,0.034253
2017-05-30 14:41:00+02:00,0.033106
2017-05-30 14:42:00+02:00,0.034866
2017-05-30 14:43:00+02:00,0.034904
2017-05-30 14:44:00+02:00,0.030749
2017-05-30 14:45:00+02:00,0.033778
2017-05-30 14:46:00+02:00,0.03337
2017-05-30 14:47:00+02:00,0.035468
2017-05-30 14:48:00+02:00,0.036793
2017-05-30 14:49:00+02:00,0.035879
2017-05-30 14:50:00+02:00,0.037033
2017-05-30 14:51:00+02:00,0.033695
2017-05-30 14:52:00+02:00,0.031525
2017-05-30 14:53:00+02:00,0.033544
2017-05-30 14:54:00+02:00,0.030563
2017-05-30 14:55:00+02:00,0.035061
2017-05-30 14:56:00+02:00,0.037272
2017-05-30 14:57:00+02:00,0.035074
2017-05-30 14:58:00+02:00,0.032866
2017-05-30 14:59:00+02:00,0.028337
2017-05-30 15:00:00+02:00,0.02996
2017-05-30 15:01:00+02:00,0.027583
2017-05-30 15:02:00+02:00,0.027535
2017-05-30 15:03:00+02:00,0.028227
2017-05-30 15:04:00+02:00,0.030454
2017-05-30 15:05:00+02:00,0.03281
2017-05-30 15:06:00+02:00,0.033204
2017-05-30 15:07:00+02:00,0.03073
2017-05-30 15:08:00+02:00,0.031402
2017-05-30 15:09:00+02:00,0.033493
2017-05-30 15:10:00+02:00,0.031934
2017-05-30 15:11:00+02:00,0.03014
2017-05-30 15:12:00+02:00,0.032767
2017-05-30 15:13:00+02:00,0.031766
2017-05-30 15:14:00+02:00,0.03092
2017-05-30 15:15:00+02:00,0.027375
2017-05-30 15:16:00+02:00,0.027821
2017-05-30 15:17:00+02:00,0.025986
2017-05-30 15:18:00+02:00,0.028382
2017-05-30 15:19:00+02:00,0.028177
2017-05-30 15:20:00+02:00,0.029105
2017-05-30 15:21:00+02:00,0.029295
2017-05-30 15:22:00+02:00,0.029954
2017-05-30 15:23:00+02:00,0.029867
2017-05-30 15:24:00+02:00,0.031409
2017-05-30 15:25:00+02:00,0.031349
2017-05-30 15:26:00+02:00,0.029007
2017-05-30 15:27:00+02:00,0.025282
2017-05-30 15:28:00+02:00,0.026691
2017-05-30 15:29:00+02:00,0.029733
2017-05-30 15:30:00+02:00,0.028844
2017-05-30 15:31:00+02:00,0.03054
2017-05-30 15:32:00+02:00,0.030269
2017-05-30 15:33:00+02:00,0.030575
2017-05-30 15:34:00+02:00,0.034134
2017-05-30 15:35:00+02:00,0.036478
2017-05-30 15:36:00+02:00,0.037302
2017-05-30 15:37:00+02:00,0.040064
2017-05-30 15:38:00+02:00,0.033528
2017-05-30 15:39:00+02:00,0.032378
2017-05-30 15:40:00+02:00,0.035037
2017-05-30 15:41:00+02:00,0.038053
2017-05-30 15:42:00+02:00,0.035875
2017-05-30 15:43:00+02:00,0.03858
2017-05-30 15:44:00+02:00,0.037847
2017-05-30 15:45:00+02:00,0.033687
2017-05-30 15:46:00+02:00,0.03455
2017-05-30 15:47:00+02:00,0.034821
2017-05-30 15:48:00+02:00,0.035538
2017-05-30 15:49:00+02:00,0.037363
2017-05-30 15:50:00+02:00,0.03484
2017-05-30 15:51:00+02:00,0.033664
2017-05-30 15:52:00+02:00,0.033968
2017-05-30 15:53:00+02:00,0.033782
2017-05-30 15:54:00+02:00,0.031575
2017-05-30 15:55:00+02:00,0.031723
2017-05-30 15:56:00+02:00,0.029567
2017-05-30 15:57:00+02:00,0.031322
2017-05-30 15:58:00+02:00,0.031099
2017-05-30 15:59:00+02:00,0.031597
2017-05-30 16:00:00+02:00,0.03349
2017-05-30 16:01:00+02:00,0.035043
2017-05-30 16:02:00+02:00,0.034074
2017-05-30 16:03:00+02:00,0.030703
2017-05-30 16:04:00+02:00,0.025971
2017-05-30 16:05:00+02:00,0.028643
2017-05-30 16:06:00+02:00,0.029901
2017-05-30 16:07:00+02:00,0.030205
2017-05-30 16:08:00+02:00,0.034582
2017-05-30 16:09:00+02:00,0.035345
2017-05-30 16:10:00+02:00,0.032929
2017-05-30 16:11:00+02:00,0.034908
2017-05-30 16:12:00+02:00,0.031919
2017-05-30 16:13:00+02:00,0.033627
2017-05-30 16:14:00+02:00,0.035079
2017-05-30 16:15:00+02:00,0.033255
2017-05-30 16:16:00+02:00,0.033375
2017-05-30 16:17:00+02:00,0.033469
2017-05-30 16:18:00+02:00,0.031277
2017-05-30 16:19:00+02:00,0.030524
2017-05-30 16:20:00+02:00,0.030885
2017-05-30 16:21:00+02:00,0.030885
2017-05-30 16:22:00+02:00,0.026423
2017-05-30 16:23:00+02:00,0.028808
2017-05-30 16:24:00+02:00,0.027525
2017-05-30 16:25:00+02:00,0.027064
2017-05-30 16:26:00+02:00,0.028649
2017-05-30 16:27:00+02:00,0.032075
2017-05-30 16:28:00+02:00,0.031751
2017-05-30 16:29:00+02:00,0.032784
2017-05-30 16:30:00+02:00,0.031438
2017-05-30 16:31:00+02:00,0.033312
2017-05-30 16:32:00+02:00,0.033057
2017-05-30 16:33:00+02:00,0.02684
2017-05-30 16:34:00+02:00,0.02669
2017-05-30 16:35:00+02:00,0.025806
2017-05-30 16:36:00+02:00,0.027628
2017-05-30 16:37:00+02:00,0.027973
2017-05-30 16:38:00+02:00,0.027631
2017-05-30 16:39:00+02:00,0.025001
2017-05-30 16:40:00+02:00,0.027919
2017-05-30 16:41:00+02:00,0.031391
2017-05-30 16:42:00+02:00,0.030511
2017-05-30 16:43:00+02:00,0.030394
2017-05-30 16:44:00+02:00,0.031823
2017-05-30 16:45:00+02:00,0.031721
2017-05-30 16:46:00+02:00,0.029757
2017-05-30 16:47:00+02:00,0.027194
2017-05-30 16:48:00+02:00,0.024111
2017-05-30 16:49:00+02:00,0.023359
2017-05-30 16:50:00+02:00,0.022537
2017-05-30 16:51:00+02:00,0.022807
2017-05-30 16:52:00+02:00,0.022437
2017-05-30 16:53:00+02:00,0.021907
2017-05-30 16:54:00+02:00,0.023742
2017-05-30 16:55:00+02:00,0.022739
2017-05-30 16:56:00+02:00,0.023049
2017-05-30 16:57:00+02:00,0.022517
2017-05-30 16:58:00+02:00,0.021205
2017-05-30 16:59:00+02:00,0.021877
2017-05-30 17:00:00+02:00,0.022038
2017-05-30 17:01:00+02:00,0.026483
2017-05-30 17:02:00+02:00,0.026501
2017-05-30 17:03:00+02:00,0.024127
2017-05-30 17:04:00+02:00,0.025898
2017-05-30 17:05:00+02:00,0.025388
2017-05-30 17:06:00+02:00,0.020743
2017-05-30 17:07:00+02:00,0.019791
2017-05-30 17:08:00+02:00,0.021735
2017-05-30 17:09:00+02:00,0.024287
2017-05-30 17:10:00+02:00,0.022397
2017-05-30 17:11:00+02:00,0.019601
2017-05-30 17:12:00+02:00,0.020665
2017-05-30 17:13:00+02:00,0.021217
2017-05-30 17:14:00+02:00,0.021957
2017-05-30 17:15:00+02:00,0.019795
2017-05-30 17:16:00+02:00,0.019043
2017-05-30 17:17:00+02:00,0.026306
2017-05-30 17:18:00+02:00,0.023993
2017-05-30 17:19:00+02:00,0.022764
2017-05-30 17:20:00+02:00,0.020195
2017-05-30 17:21:00+02:00,0.019444
2017-05-30 17:22:00+02:00,0.020374
2017-05-30 17:23:00+02:00,0.021725
2017-05-30 17:24:00+02:00,0.021194
2017-05-30 17:25:00+02:00,0.019049
2017-05-30 17:26:00+02:00,0.018239
2017-05-30 17:27:00+02:00,0.018529
2017-05-30 17:28:00+02:00,0.018549
2017-05-30 17:29:00+02:00,0.01919
2017-05-30 17:30:00+02:00,0.019421
2017-05-30 17:31:00+02:00,0.022093
2017-05-30 17:32:00+02:00,0.024434
2017-05-30 17:33:00+02:00,0.025109
2017-05-30 17:34:00+02:00,0.025613
2017-05-30 17:35:00+02:00,0.023452
2017-05-30 17:36:00+02:00,0.02313
2017-05-30 17:37:00+02:00,0.021819
2017-05-30 17:38:00+02:00,0.022367
2017-05-30 17:39:00+02:00,0.022969
2017-05-30 17:40:00+02:00,0.020834
2017-05-30 17:41:00+02:00,0.01924
2017-05-30 17:42:00+02:00,0.01992
2017-05-30 17:43:00+02:00,0.021193
2017-05-30 17:44:00+02:00,0.021795
2017-05-30 17:45:00+02:00,0.019833
2017-05-30 17:46:00+02:00,0.023592
2017-05-30 17:47:00+02:00,0.024397
2017-05-30 17:48:00+02:00,0.029607
2017-05-30 17:49:00+02:00,0.034229
2017-05-30 17:50:00+02:00,0.036435
2017-05-30 17:51:00+02:00,0.040214
2017-05-30 17:52:00+02:00,0.03799
2017-05-30 17:53:00+02:00,0.030495
2017-05-30 17:54:00+02:00,0.027289
2017-05-30 17:55:00+02:00,0.027269
2017-05-30 17:56:00+02:00,0.026224
2017-05-30 17:57:00+02:00,0.027577
2017-05-30 17:58:00+02:00,0.028371
2017-05-30 17:59:00+02:00,0.028622
2017-05-30 18:00:00+02:00,0.02647
2017-05-30 18:01:00+02:00,0.024908
2017-05-30 18:02:00+02:00,0.021979
2017-05-30 18:03:00+02:00,0.02413
2017-05-30 18:04:00+02:00,0.02774
2017-05-30 18:05:00+02:00,0.029256
2017-05-30 18:06:00+02:00,0.025971
2017-05-30 18:07:00+02:00,0.024776
2017-05-30 18:08:00+02:00,0.026578
2017-05-30 18:09:00+02:00,0.026399
2017-05-30 18:10:00+02:00,0.027403
2017-05-30 18:11:00+02:00,0.027671
2017-05-30 18:12:00+02:00,0.027282
2017-05-30 18:13:00+02:00,0.023911
2017-05-30 18:14:00+02:00,0.025014
2017-05-30 18:15:00+02:00,0.025358
2017-05-30 18:16:00+02:00,0.022838
2017-05-30 18:17:00+02:00,0.021526
2017-05-30 18:18:00+02:00,0.024948
2017-05-30 18:19:00+02:00,0.026501
2017-05-30 18:20:00+02:00,0.030392
2017-05-30 18:21:00+02:00,0.03015
2017-05-30 18:22:00+02:00,0.027664
2017-05-30 18:23:00+02:00,0.029956
2017-05-30 18:24:00+02:00,0.028002
2017-05-30 18:25:00+02:00,0.027172
2017-05-30 18:26:00+02:00,0.027516
2017-05-30 18:27:00+02:00,0.034854
2017-05-30 18:28:00+02:00,0.034986
2017-05-30 18:29:00+02:00,0.031093
2017-05-30 18:30:00+02:00,0.029289
2017-05-30 18:31:00+02:00,0.030486
2017-05-30 18:32:00+02:00,0.032153
2017-05-30 18:33:00+02:00,0.03804
2017-05-30 18:34:00+02:00,0.033859
2017-05-30 18:35:00+02:00,0.030696
2017-05-30 18:36:00+02:00,0.030888
2017-05-30 18:37:00+02:00,0.030943
2017-05-30 18:38:00+02:00,0.032578
2017-05-30 18:39:00+02:00,0.035742
2017-05-30 18:40:00+02:00,0.03632
2017-05-30 18:41:00+02:00,0.030661
2017-05-30 18:42:00+02:00,0.028438
2017-05-30 18:43:00+02:00,0.027788
2017-05-30 18:44:00+02:00,0.030941
2017-05-30 18:45:00+02:00,0.027323
2017-05-30 18:46:00+02:00,0.030478
2017-05-30 18:47:00+02:00,0.02985
2017-05-30 18:48:00+02:00,0.034876
2017-05-30 18:49:00+02:00,0.033516
2017-05-30 18:50:00+02:00,0.030988
2017-05-30 18:51:00+02:00,0.027709
2017-05-30 18:52:00+02:00,0.027357
2017-05-30 18:53:00+02:00,0.026159
2017-05-30 18:54:00+02:00,0.026359
2017-05-30 18:55:00+02:00,0.027293
2017-05-30 18:56:00+02:00,0.030424
2017-05-30 18:57:00+02:00,0.028427
2017-05-30 18:58:00+02:00,0.027556
2017-05-30 18:59:00+02:00,0.025946
2017-05-30 19:00:00+02:00,0.0284
2017-05-30 19:01:00+02:00,0.031851
2017-05-30 19:02:00+02:00,0.027216
2017-05-30 19:03:00+02:00,0.034128
2017-05-30 19:04:00+02:00,0.03759
2017-05-30 19:05:00+02:00,0.038733
2017-05-30 19:06:00+02:00,0.03658
2017-05-30 19:07:00+02:00,0.036994
2017-05-30 19:08:00+02:00,0.03609
2017-05-30 19:09:00+02:00,0.034078
2017-05-30 19:10:00+02:00,0.027066
2017-05-30 19:11:00+02:00,0.026266
2017-05-30 19:12:00+02:00,0.027422
2017-05-30 19:13:00+02:00,0.027721
2017-05-30 19:14:00+02:00,0.028907
2017-05-30 19:15:00+02:00,0.030587
2017-05-30 19:16:00+02:00,0.032585
2017-05-30 19:17:00+02:00,0.034478
2017-05-30 19:18:00+02:00,0.034082
2017-05-30 19:19:00+02:00,0.034744
2017-05-30 19:20:00+02:00,0.034748
2017-05-30 19:21:00+02:00,0.032633
2017-05-30 19:22:00+02:00,0.030933
2017-05-30 19:23:00+02:00,0.034468
2017-05-30 19:24:00+02:00,0.036453
2017-05-30 19:25:00+02:00,0.037589
2017-05-30 19:26:00+02:00,0.035554
2017-05-30 19:27:00+02:00,0.034077
2017-05-30 19:28:00+02:00,0.034795
2017-05-30 19:29:00+02:00,0.037255
2017-05-30 19:30:00+02:00,0.032316
2017-05-30 19:31:00+02:00,0.039788
2017-05-30 19:32:00+02:00,0.038977
2017-05-30 19:33:00+02:00,0.0355
2017-05-30 19:34:00+02:00,0.035156
2017-05-30 19:35:00+02:00,0.033378
2017-05-30 19:36:00+02:00,0.034224
2017-05-30 19:37:00+02:00,0.035444
2017-05-30 19:38:00+02:00,0.034984
2017-05-30 19:39:00+02:00,0.037345
2017-05-30 19:40:00+02:00,0.042025
2017-05-30 19:41:00+02:00,0.042827
2017-05-30 19:42:00+02:00,0.040653
2017-05-30 19:43:00+02:00,0.041638
2017-05-30 19:44:00+02:00,0.045025
2017-05-30 19:45:00+02:00,0.043491
2017-05-30 19:46:00+02:00,0.039713
2017-05-30 19:47:00+02:00,0.037474
2017-05-30 19:48:00+02:00,0.03641
2017-05-30 19:49:00+02:00,0.034661
2017-05-30 19:50:00+02:00,0.035929
2017-05-30 19:51:00+02:00,0.035789
2017-05-30 19:52:00+02:00,0.033868
2017-05-30 19:53:00+02:00,0.033532
2017-05-30 19:54:00+02:00,0.030603
2017-05-30 19:55:00+02:00,0.037112
2017-05-30 19:56:00+02:00,0.039931
2017-05-30 19:57:00+02:00,0.034096
2017-05-30 19:58:00+02:00,0.036839
2017-05-30 19:59:00+02:00,0.037339
2017-05-30 20:00:00+02:00,0.040446
2017-05-30 20:01:00+02:00,0.04117
2017-05-30 20:02:00+02:00,0.036875
2017-05-30 20:03:00+02:00,0.035945
2017-05-30 20:04:00+02:00,0.039437
2017-05-30 20:05:00+02:00,0.036111
2017-05-30 20:06:00+02:00,0.036695
2017-05-30 20:07:00+02:00,0.035785
2017-05-30 20:08:00+02:00,0.035663
2017-05-30 20:09:00+02:00,0.033925
2017-05-30 20:10:00+02:00,0.036286
2017-05-30 20:11:00+02:00,0.039171
2017-05-30 20:12:00+02:00,0.037928
2017-05-30 20:13:00+02:00,0.042572
2017-05-30 20:14:00+02:00,0.041466
2017-05-30 20:15:00+02:00,0.043893
2017-05-30 20:16:00+02:00,0.039261
2017-05-30 20:17:00+02:00,0.035677
2017-05-30 20:18:00+02:00,0.036531
2017-05-30 20:19:00+02:00,0.03911
2017-05-30 20:20:00+02:00,0.036284
2017-05-30 20:21:00+02:00,0.038279
2017-05-30 20:22:00+02:00,0.03528
2017-05-30 20:23:00+02:00,0.033938
2017-05-30 20:24:00+02:00,0.033026
2017-05-30 20:25:00+02:00,0.03358
2017-05-30 20:26:00+02:00,0.034133
2017-05-30 20:27:00+02:00,0.036217
2017-05-30 20:28:00+02:00,0.036547
2017-05-30 20:29:00+02:00,0.035016
2017-05-30 20:30:00+02:00,0.034608
2017-05-30 20:31:00+02:00,0.03124
2017-05-30 20:32:00+02:00,0.028898
2017-05-30 20:33:00+02:00,0.032814
2017-05-30 20:34:00+02:00,0.036421
2017-05-30 20:35:00+02:00,0.035189
2017-05-30 20:36:00+02:00,0.03215
2017-05-30 20:37:00+02:00,0.033174
2017-05-30 20:38:00+02:00,0.031944
2017-05-30 20:39:00+02:00,0.033138
2017-05-30 20:40:00+02:00,0.034187
2017-05-30 20:41:00+02:00,0.029802
2017-05-30 20:42:00+02:00,0.026658
2017-05-30 20:43:00+02:00,0.028223
2017-05-30 20:44:00+02:00,0.029933
2017-05-30 20:45:00+02:00,0.028585
2017-05-30 20:46:00+02:00,0.026232
2017-05-30 20:47:00+02:00,0.026371
2017-05-30 20:48:00+02:00,0.029095
2017-05-30 20:49:00+02:00,0.031307
2017-05-30 20:50:00+02:00,0.032606
2017-05-30 20:51:00+02:00,0.033041
2017-05-30 20:52:00+02:00,0.034703
2017-05-30 20:53:00+02:00,0.033673
2017-05-30 20:54:00+02:00,0.030648
2017-05-30 20:55:00+02:00,0.031721
2017-05-30 20:56:00+02:00,0.032866
2017-05-30 20:57:00+02:00,0.03195
2017-05-30 20:58:00+02:00,0.029181
2017-05-30 20:59:00+02:00,0.03171
2017-05-30 21:00:00+02:00,0.033113
2017-05-30 21:01:00+02:00,0.032421
2017-05-30 21:02:00+02:00,0.030525
2017-05-30 21:03:00+02:00,0.030535
2017-05-30 21:04:00+02:00,0.032162
2017-05-30 21:05:00+02:00,0.039131
2017-05-30 21:06:00+02:00,0.038584
2017-05-30 21:07:00+02:00,0.041328
2017-05-30 21:08:00+02:00,0.039115
2017-05-30 21:09:00+02:00,0.040819
2017-05-30 21:10:00+02:00,0.040861
2017-05-30 21:11:00+02:00,0.039918
2017-05-30 21:12:00+02:00,0.038584
2017-05-30 21:13:00+02:00,0.038548
2017-05-30 21:14:00+02:00,0.03608
2017-05-30 21:15:00+02:00,0.039315
2017-05-30 21:16:00+02:00,0.03797
2017-05-30 21:17:00+02:00,0.037041
2017-05-30 21:18:00+02:00,0.035647
2017-05-30 21:19:00+02:00,0.03607
2017-05-30 21:20:00+02:00,0.036966
2017-05-30 21:21:00+02:00,0.036654
2017-05-30 21:22:00+02:00,0.034165
2017-05-30 21:23:00+02:00,0.030791
2017-05-30 21:24:00+02:00,0.028027
2017-05-30 21:25:00+02:00,0.028065
2017-05-30 21:26:00+02:00,0.027443
2017-05-30 21:27:00+02:00,0.026342
2017-05-30 21:28:00+02:00,0.027958
2017-05-30 21:29:00+02:00,0.029655
2017-05-30 21:30:00+02:00,0.030763
2017-05-30 21:31:00+02:00,0.028715
2017-05-30 21:32:00+02:00,0.027207
2017-05-30 21:33:00+02:00,0.027135
2017-05-30 21:34:00+02:00,0.027969
2017-05-30 21:35:00+02:00,0.031872
2017-05-30 21:36:00+02:00,0.03067
2017-05-30 21:37:00+02:00,0.027925
2017-05-30 21:38:00+02:00,0.028078
2017-05-30 21:39:00+02:00,0.031041
2017-05-30 21:40:00+02:00,0.029889
2017-05-30 21:41:00+02:00,0.026413
2017-05-30 21:42:00+02:00,0.029036
2017-05-30 21:43:00+02:00,0.028101
2017-05-30 21:44:00+02:00,0.026883
2017-05-30 21:45:00+02:00,0.024976
2017-05-30 21:46:00+02:00,0.029678
2017-05-30 21:47:00+02:00,0.032904
2017-05-30 21:48:00+02:00,0.033015
2017-05-30 21:49:00+02:00,0.029857
2017-05-30 21:50:00+02:00,0.027486
2017-05-30 21:51:00+02:00,0.028823
2017-05-30 21:52:00+02:00,0.028007
2017-05-30 21:53:00+02:00,0.03017
2017-05-30 21:54:00+02:00,0.029948
2017-05-30 21:55:00+02:00,0.030265
2017-05-30 21:56:00+02:00,0.027625
2017-05-30 21:57:00+02:00,0.028989
2017-05-30 21:58:00+02:00,0.026509
2017-05-30 21:59:00+02:00,0.025647
2017-05-30 22:00:00+02:00,0.028062
2017-05-30 22:01:00+02:00,0.027998
2017-05-30 22:02:00+02:00,0.028202
2017-05-30 22:03:00+02:00,0.026456
2017-05-30 22:04:00+02:00,0.027208
2017-05-30 22:05:00+02:00,0.027645
2017-05-30 22:06:00+02:00,0.029729
2017-05-30 22:07:00+02:00,0.027292
2017-05-30 22:08:00+02:00,0.028637
2017-05-30 22:09:00+02:00,0.029159
2017-05-30 22:10:00+02:00,0.032409
2017-05-30 22:11:00+02:00,0.029579
2017-05-30 22:12:00+02:00,0.029358
2017-05-30 22:13:00+02:00,0.034339
2017-05-30 22:14:00+02:00,0.030836
2017-05-30 22:15:00+02:00,0.028246
2017-05-30 22:16:00+02:00,0.029177
2017-05-30 22:17:00+02:00,0.02969
2017-05-30 22:18:00+02:00,0.028617
2017-05-30 22:19:00+02:00,0.027904
2017-05-30 22:20:00+02:00,0.028473
2017-05-30 22:21:00+02:00,0.030484
2017-05-30 22:22:00+02:00,0.031993
2017-05-30 22:23:00+02:00,0.032443
2017-05-30 22:24:00+02:00,0.030173
2017-05-30 22:25:00+02:00,0.031256
2017-05-30 22:26:00+02:00,0.031937
2017-05-30 22:27:00+02:00,0.028174
2017-05-30 22:28:00+02:00,0.025125
2017-05-30 22:29:00+02:00,0.025647
2017-05-30 22:30:00+02:00,0.027612
2017-05-30 22:31:00+02:00,0.030061
2017-05-30 22:32:00+02:00,0.032217
2017-05-30 22:33:00+02:00,0.030905
2017-05-30 22:34:00+02:00,0.027725
2017-05-30 22:35:00+02:00,0.028046
2017-05-30 22:36:00+02:00,0.02895
2017-05-30 22:37:00+02:00,0.034773
2017-05-30 22:38:00+02:00,0.03395
2017-05-30 22:39:00+02:00,0.03382
2017-05-30 22:40:00+02:00,0.034834
2017-05-30 22:41:00+02:00,0.037958
2017-05-30 22:42:00+02:00,0.03931
2017-05-30 22:43:00+02:00,0.040005
2017-05-30 22:44:00+02:00,0.034076
2017-05-30 22:45:00+02:00,0.031134
2017-05-30 22:46:00+02:00,0.028889
2017-05-30 22:47:00+02:00,0.029703
2017-05-30 22:48:00+02:00,0.027898
2017-05-30 22:49:00+02:00,0.025773
2017-05-30 22:50:00+02:00,0.025936
2017-05-30 22:51:00+02:00,0.027802
2017-05-30 22:52:00+02:00,0.028954
2017-05-30 22:53:00+02:00,0.030346
2017-05-30 22:54:00+02:00,0.02826
2017-05-30 22:55:00+02:00,0.02612
2017-05-30 22:56:00+02:00,0.025275
2017-05-30 22:57:00+02:00,0.026399
2017-05-30 22:58:00+02:00,0.026388
2017-05-30 22:59:00+02:00,0.02336
2017-05-30 23:00:00+02:00,0.025666
2017-05-30 23:01:00+02:00,0.024995
2017-05-30 23:02:00+02:00,0.026428
2017-05-30 23:03:00+02:00,0.025495
2017-05-30 23:04:00+02:00,0.027995
2017-05-30 23:05:00+02:00,0.02408
2017-05-30 23:06:00+02:00,0.024352
2017-05-30 23:07:00+02:00,0.023572
2017-05-30 23:08:00+02:00,0.023675
2017-05-30 23:09:00+02:00,0.024506
2017-05-30 23:10:00+02:00,0.026213
2017-05-30 23:11:00+02:00,0.023696
2017-05-30 23:12:00+02:00,0.021106
2017-05-30 23:13:00+02:00,0.020335
2017-05-30 23:14:00+02:00,0.019542
2017-05-30 23:15:00+02:00,0.020004
2017-05-30 23:16:00+02:00,0.019351
2017-05-30 23:17:00+02:00,0.022582
2017-05-30 23:18:00+02:00,0.026538
2017-05-30 23:19:00+02:00,0.025408
2017-05-30 23:20:00+02:00,0.023716
2017-05-30 23:21:00+02:00,0.022853
2017-05-30 23:22:00+02:00,0.02464
2017-05-30 23:23:00+02:00,0.025074
2017-05-30 23:24:00+02:00,0.025536
2017-05-30 23:25:00+02:00,0.023316
2017-05-30 23:26:00+02:00,0.025633
2017-05-30 23:27:00+02:00,0.025984
2017-05-30 23:28:00+02:00,0.026132
2017-05-30 23:29:00+02:00,0.027344
2017-05-30 23:30:00+02:00,0.02579
2017-05-30 23:31:00+02:00,0.024589
2017-05-30 23:32:00+02:00,0.021277
2017-05-30 23:33:00+02:00,0.020706
2017-05-30 23:34:00+02:00,0.020646
2017-05-30 23:35:00+02:00,0.021807
2017-05-30 23:36:00+02:00,0.022771
2017-05-30 23:37:00+02:00,0.02279
2017-05-30 23:38:00+02:00,0.021577
2017-05-30 23:39:00+02:00,0.022963
2017-05-30 23:40:00+02:00,0.02174
2017-05-30 23:41:00+02:00,0.019231
2017-05-30 23:42:00+02:00,0.021017
2017-05-30 23:43:00+02:00,0.025538
2017-05-30 23:44:00+02:00,0.025687
2017-05-30 23:45:00+02:00,0.025868
2017-05-30 23:46:00+02:00,0.022806
2017-05-30 23:47:00+02:00,0.021075
2017-05-30 23:48:00+02:00,0.02705
2017-05-30 23:49:00+02:00,0.029139
2017-05-30 23:50:00+02:00,0.026246
2017-05-30 23:51:00+02:00,0.022489
2017-05-30 23:52:00+02:00,0.020523
2017-05-30 23:53:00+02:00,0.020655
2017-05-30 23:54:00+02:00,0.02166
2017-05-30 23:55:00+02:00,0.02131
2017-05-30 23:56:00+02:00,0.018792
2017-05-30 23:57:00+02:00,0.023157
2017-05-30 23:58:00+02:00,0.019397
2017-05-30 23:59:00+02:00,0.020307
2017-05-31 00:00:00+02:00,0.017107
2017-05-31 00:01:00+02:00,0.019183
2017-05-31 00:02:00+02:00,0.019769
2017-05-31 00:03:00+02:00,0.019638
2017-05-31 00:04:00+02:00,0.01995
2017-05-31 00:05:00+02:00,0.020373
2017-05-31 00:06:00+02:00,0.021646
2017-05-31 00:07:00+02:00,0.018043
2017-05-31 00:08:00+02:00,0.016758
2017-05-31 00:09:00+02:00,0.019554
2017-05-31 00:10:00+02:00,0.020526
2017-05-31 00:11:00+02:00,0.016345
2017-05-31 00:12:00+02:00,0.017688
2017-05-31 00:13:00+02:00,0.01834
2017-05-31 00:14:00+02:00,0.018009
2017-05-31 00:15:00+02:00,0.018311
2017-05-31 00:16:00+02:00,0.020244
2017-05-31 00:17:00+02:00,0.018491
2017-05-31 00:18:00+02:00,0.01766
2017-05-31 00:19:00+02:00,0.01809
2017-05-31 00:20:00+02:00,0.018353
2017-05-31 00:21:00+02:00,0.017471
2017-05-31 00:22:00+02:00,0.018762
2017-05-31 00:23:00+02:00,0.018241
2017-05-31 00:24:00+02:00,0.017761
2017-05-31 00:25:00+02:00,0.017911
2017-05-31 00:26:00+02:00,0.018392
2017-05-31 00:27:00+02:00,0.019204
2017-05-31 00:28:00+02:00,0.017768
2017-05-31 00:29:00+02:00,0.017037
2017-05-31 00:30:00+02:00,0.016786
2017-05-31 00:31:00+02:00,0.017126
2017-05-31 00:32:00+02:00,0.017347
2017-05-31 00:33:00+02:00,0.017197
2017-05-31 00:34:00+02:00,0.018472
2017-05-31 00:35:00+02:00,0.021328
2017-05-31 00:36:00+02:00,0.019499
2017-05-31 00:37:00+02:00,0.016286
2017-05-31 00:38:00+02:00,0.016627
2017-05-31 00:39:00+02:00,0.018131
2017-05-31 00:40:00+02:00,0.018593
2017-05-31 00:41:00+02:00,0.016927
2017-05-31 00:42:00+02:00,0.017458
2017-05-31 00:43:00+02:00,0.016335
2017-05-31 00:44:00+02:00,0.019687
2017-05-31 00:45:00+02:00,0.019306
2017-05-31 00:46:00+02:00,0.017599
2017-05-31 00:47:00+02:00,0.016838
2017-05-31 00:48:00+02:00,0.016266
2017-05-31 00:49:00+02:00,0.017581
2017-05-31 00:50:00+02:00,0.016538
2017-05-31 00:51:00+02:00,0.01707
2017-05-31 00:52:00+02:00,0.016107
2017-05-31 00:53:00+02:00,0.015885
2017-05-31 00:54:00+02:00,0.018419
2017-05-31 00:55:00+02:00,0.020547
2017-05-31 00:56:00+02:00,0.021171
2017-05-31 00:57:00+02:00,0.020966
2017-05-31 00:58:00+02:00,0.0217
2017-05-31 00:59:00+02:00,0.019605
2017-05-31 01:00:00+02:00,0.021087
2017-05-31 01:01:00+02:00,0.018112
2017-05-31 01:02:00+02:00,0.018542
2017-05-31 01:03:00+02:00,0.01773
2017-05-31 01:04:00+02:00,0.016217
2017-05-31 01:05:00+02:00,0.016478
2017-05-31 01:06:00+02:00,0.017922
2017-05-31 01:07:00+02:00,0.0171
2017-05-31 01:08:00+02:00,0.01724
2017-05-31 01:09:00+02:00,0.016819
2017-05-31 01:10:00+02:00,0.015725
2017-05-31 01:11:00+02:00,0.016387
2017-05-31 01:12:00+02:00,0.016368
2017-05-31 01:13:00+02:00,0.014894
2017-05-31 01:14:00+02:00,0.014333
2017-05-31 01:15:00+02:00,0.013581
2017-05-31 01:16:00+02:00,0.012067
2017-05-31 01:17:00+02:00,0.012108
2017-05-31 01:18:00+02:00,0.012769
2017-05-31 01:19:00+02:00,0.012709
2017-05-31 01:20:00+02:00,0.01301
2017-05-31 01:21:00+02:00,0.014091
2017-05-31 01:22:00+02:00,0.014491
2017-05-31 01:23:00+02:00,0.015612
2017-05-31 01:24:00+02:00,0.015522
2017-05-31 01:25:00+02:00,0.012658
2017-05-31 01:26:00+02:00,0.012478
2017-05-31 01:27:00+02:00,0.012078
2017-05-31 01:28:00+02:00,0.012498
2017-05-31 01:29:00+02:00,0.015416
2017-05-31 01:30:00+02:00,0.01333
2017-05-31 01:31:00+02:00,0.012388
2017-05-31 01:32:00+02:00,0.012589
2017-05-31 01:33:00+02:00,0.012929
2017-05-31 01:34:00+02:00,0.012489
2017-05-31 01:35:00+02:00,0.012359
2017-05-31 01:36:00+02:00,0.012739
2017-05-31 01:37:00+02:00,0.01272
2017-05-31 01:38:00+02:00,0.01279
2017-05-31 01:39:00+02:00,0.012359
2017-05-31 01:40:00+02:00,0.012379
2017-05-31 01:41:00+02:00,0.01283
2017-05-31 01:42:00+02:00,0.013301
2017-05-31 01:43:00+02:00,0.013291
2017-05-31 01:44:00+02:00,0.014083
2017-05-31 01:45:00+02:00,0.016803
2017-05-31 01:46:00+02:00,0.015596
2017-05-31 01:47:00+02:00,0.016429
2017-05-31 01:48:00+02:00,0.014645
2017-05-31 01:49:00+02:00,0.014264
2017-05-31 01:50:00+02:00,0.015519
2017-05-31 01:51:00+02:00,0.010856
2017-05-31 01:52:00+02:00,0.011847
2017-05-31 01:53:00+02:00,0.011847
2017-05-31 01:54:00+02:00,0.010876
2017-05-31 01:55:00+02:00,0.013211
2017-05-31 01:56:00+02:00,0.010726
2017-05-31 01:57:00+02:00,0.010636
2017-05-31 01:58:00+02:00,0.010275
2017-05-31 01:59:00+02:00,0.010615
2017-05-31 02:00:00+02:00,0.011126
2017-05-31 02:01:00+02:00,0.011206
2017-05-31 02:02:00+02:00,0.010916
2017-05-31 02:03:00+02:00,0.010275
2017-05-31 02:04:00+02:00,0.010586
2017-05-31 02:05:00+02:00,0.011667
2017-05-31 02:06:00+02:00,0.011286
2017-05-31 02:07:00+02:00,0.010856
2017-05-31 02:08:00+02:00,0.010285
2017-05-31 02:09:00+02:00,0.010485
2017-05-31 02:10:00+02:00,0.010575
2017-05-31 02:11:00+02:00,0.011136
2017-05-31 02:12:00+02:00,0.010736
2017-05-31 02:13:00+02:00,0.011327
2017-05-31 02:14:00+02:00,0.011116
2017-05-31 02:15:00+02:00,0.010986
2017-05-31 02:16:00+02:00,0.010536
2017-05-31 02:17:00+02:00,0.010896
2017-05-31 02:18:00+02:00,0.010185
2017-05-31 02:19:00+02:00,0.010835
2017-05-31 02:20:00+02:00,0.012076
2017-05-31 02:21:00+02:00,0.010265
2017-05-31 02:22:00+02:00,0.009685
2017-05-31 02:23:00+02:00,0.009955
2017-05-31 02:24:00+02:00,0.009625
2017-05-31 02:25:00+02:00,0.010014
2017-05-31 02:26:00+02:00,0.009855
2017-05-31 02:27:00+02:00,0.010015
2017-05-31 02:28:00+02:00,0.010535
2017-05-31 02:29:00+02:00,0.010656
2017-05-31 02:30:00+02:00,0.010605
2017-05-31 02:31:00+02:00,0.010515
2017-05-31 02:32:00+02:00,0.010405
2017-05-31 02:33:00+02:00,0.010465
2017-05-31 02:34:00+02:00,0.010435
2017-05-31 02:35:00+02:00,0.010645
2017-05-31 02:36:00+02:00,0.011296
2017-05-31 02:37:00+02:00,0.011196
2017-05-31 02:38:00+02:00,0.010695
2017-05-31 02:39:00+02:00,0.010905
2017-05-31 02:40:00+02:00,0.010415
2017-05-31 02:41:00+02:00,0.010536
2017-05-31 02:42:00+02:00,0.010566
2017-05-31 02:43:00+02:00,0.010456
2017-05-31 02:44:00+02:00,0.009715
2017-05-31 02:45:00+02:00,0.009725
2017-05-31 02:46:00+02:00,0.009855
2017-05-31 02:47:00+02:00,0.010255
2017-05-31 02:48:00+02:00,0.009414
2017-05-31 02:49:00+02:00,0.010896
2017-05-31 02:50:00+02:00,0.010055
2017-05-31 02:51:00+02:00,0.010105
2017-05-31 02:52:00+02:00,0.010145
2017-05-31 02:53:00+02:00,0.010035
2017-05-31 02:54:00+02:00,0.010195
2017-05-31 02:55:00+02:00,0.010115
2017-05-31 02:56:00+02:00,0.010165
2017-05-31 02:57:00+02:00,0.010185
2017-05-31 02:58:00+02:00,0.010476
2017-05-31 02:59:00+02:00,0.010586
2017-05-31 03:00:00+02:00,0.010815
2017-05-31 03:01:00+02:00,0.010876
2017-05-31 03:02:00+02:00,0.011096
2017-05-31 03:03:00+02:00,0.011096
2017-05-31 03:04:00+02:00,0.010956
2017-05-31 03:05:00+02:00,0.010245
2017-05-31 03:06:00+02:00,0.009825
2017-05-31 03:07:00+02:00,0.009294
2017-05-31 03:08:00+02:00,0.009394
2017-05-31 03:09:00+02:00,0.009354
2017-05-31 03:10:00+02:00,0.010085
2017-05-31 03:11:00+02:00,0.009914
2017-05-31 03:12:00+02:00,0.010055
2017-05-31 03:13:00+02:00,0.010295
2017-05-31 03:14:00+02:00,0.010665
2017-05-31 03:15:00+02:00,0.010975
2017-05-31 03:16:00+02:00,0.010705
2017-05-31 03:17:00+02:00,0.010435
2017-05-31 03:18:00+02:00,0.010245
2017-05-31 03:19:00+02:00,0.010024
2017-05-31 03:20:00+02:00,0.010505
2017-05-31 03:21:00+02:00,0.010405
2017-05-31 03:22:00+02:00,0.010345
2017-05-31 03:23:00+02:00,0.009664
2017-05-31 03:24:00+02:00,0.009524
2017-05-31 03:25:00+02:00,0.009164
2017-05-31 03:26:00+02:00,0.009053
2017-05-31 03:27:00+02:00,0.009624
2017-05-31 03:28:00+02:00,0.009524
2017-05-31 03:29:00+02:00,0.009694
2017-05-31 03:30:00+02:00,0.009244
2017-05-31 03:31:00+02:00,0.009264
2017-05-31 03:32:00+02:00,0.008823
2017-05-31 03:33:00+02:00,0.008913
2017-05-31 03:34:00+02:00,0.008553
2017-05-31 03:35:00+02:00,0.008533
2017-05-31 03:36:00+02:00,0.008763
2017-05-31 03:37:00+02:00,0.009974
2017-05-31 03:38:00+02:00,0.010225
2017-05-31 03:39:00+02:00,0.010635
2017-05-31 03:40:00+02:00,0.010335
2017-05-31 03:41:00+02:00,0.010766
2017-05-31 03:42:00+02:00,0.009975
2017-05-31 03:43:00+02:00,0.010195
2017-05-31 03:44:00+02:00,0.011086
2017-05-31 03:45:00+02:00,0.011236
2017-05-31 03:46:00+02:00,0.010305
2017-05-31 03:47:00+02:00,0.010134
2017-05-31 03:48:00+02:00,0.010295
2017-05-31 03:49:00+02:00,0.010205
2017-05-31 03:50:00+02:00,0.010215
2017-05-31 03:51:00+02:00,0.010205
2017-05-31 03:52:00+02:00,0.009934
2017-05-31 03:53:00+02:00,0.009604
2017-05-31 03:54:00+02:00,0.009534
2017-05-31 03:55:00+02:00,0.010104
2017-05-31 03:56:00+02:00,0.009183
2017-05-31 03:57:00+02:00,0.009113
2017-05-31 03:58:00+02:00,0.010395
2017-05-31 03:59:00+02:00,0.010917
2017-05-31 04:00:00+02:00,0.009554
2017-05-31 04:01:00+02:00,0.009703
2017-05-31 04:02:00+02:00,0.009864
2017-05-31 04:03:00+02:00,0.010774
2017-05-31 04:04:00+02:00,0.009774
2017-05-31 04:05:00+02:00,0.009745
2017-05-31 04:06:00+02:00,0.009414
2017-05-31 04:07:00+02:00,0.009234
2017-05-31 04:08:00+02:00,0.009324
2017-05-31 04:09:00+02:00,0.008924
2017-05-31 04:10:00+02:00,0.008723
2017-05-31 04:11:00+02:00,0.008813
2017-05-31 04:12:00+02:00,0.008783
2017-05-31 04:13:00+02:00,0.009224
2017-05-31 04:14:00+02:00,0.009224
2017-05-31 04:15:00+02:00,0.009174
2017-05-31 04:16:00+02:00,0.009935
2017-05-31 04:17:00+02:00,0.009775
2017-05-31 04:18:00+02:00,0.009734
2017-05-31 04:19:00+02:00,0.009755
2017-05-31 04:20:00+02:00,0.009864
2017-05-31 04:21:00+02:00,0.010195
2017-05-31 04:22:00+02:00,0.010225
2017-05-31 04:23:00+02:00,0.010155
2017-05-31 04:24:00+02:00,0.009944
2017-05-31 04:25:00+02:00,0.008833
2017-05-31 04:26:00+02:00,0.009033
2017-05-31 04:27:00+02:00,0.009393
2017-05-31 04:28:00+02:00,0.009444
2017-05-31 04:29:00+02:00,0.009484
2017-05-31 04:30:00+02:00,0.009354
2017-05-31 04:31:00+02:00,0.010034
2017-05-31 04:32:00+02:00,0.009164
2017-05-31 04:33:00+02:00,0.009234
2017-05-31 04:34:00+02:00,0.009044
2017-05-31 04:35:00+02:00,0.008794
2017-05-31 04:36:00+02:00,0.008864
2017-05-31 04:37:00+02:00,0.008884
2017-05-31 04:38:00+02:00,0.008733
2017-05-31 04:39:00+02:00,0.008994
2017-05-31 04:40:00+02:00,0.009434
2017-05-31 04:41:00+02:00,0.012
2017-05-31 04:42:00+02:00,0.010496
2017-05-31 04:43:00+02:00,0.010105
2017-05-31 04:44:00+02:00,0.010065
2017-05-31 04:45:00+02:00,0.009934
2017-05-31 04:46:00+02:00,0.009644
2017-05-31 04:47:00+02:00,0.009935
2017-05-31 04:48:00+02:00,0.009685
2017-05-31 04:49:00+02:00,0.009825
2017-05-31 04:50:00+02:00,0.010126
2017-05-31 04:51:00+02:00,0.010095
2017-05-31 04:52:00+02:00,0.009975
2017-05-31 04:53:00+02:00,0.010206
2017-05-31 04:54:00+02:00,0.010466
2017-05-31 04:55:00+02:00,0.010316
2017-05-31 04:56:00+02:00,0.009945
2017-05-31 04:57:00+02:00,0.009755
2017-05-31 04:58:00+02:00,0.009544
2017-05-31 04:59:00+02:00,0.009474
2017-05-31 05:00:00+02:00,0.009575
2017-05-31 05:01:00+02:00,0.009795
2017-05-31 05:02:00+02:00,0.009955
2017-05-31 05:03:00+02:00,0.010125
2017-05-31 05:04:00+02:00,0.010305
2017-05-31 05:05:00+02:00,0.010265
2017-05-31 05:06:00+02:00,0.010466
2017-05-31 05:07:00+02:00,0.010556
2017-05-31 05:08:00+02:00,0.010256
2017-05-31 05:09:00+02:00,0.010156
2017-05-31 05:10:00+02:00,0.010045
2017-05-31 05:11:00+02:00,0.009855
2017-05-31 05:12:00+02:00,0.010096
2017-05-31 05:13:00+02:00,0.010316
2017-05-31 05:14:00+02:00,0.010126
2017-05-31 05:15:00+02:00,0.010266
2017-05-31 05:16:00+02:00,0.010346
2017-05-31 05:17:00+02:00,0.009674
2017-05-31 05:18:00+02:00,0.009464
2017-05-31 05:19:00+02:00,0.009965
2017-05-31 05:20:00+02:00,0.010816
2017-05-31 05:21:00+02:00,0.011067
2017-05-31 05:22:00+02:00,0.010755
2017-05-31 05:23:00+02:00,0.010785
2017-05-31 05:24:00+02:00,0.009744
2017-05-31 05:25:00+02:00,0.009384
2017-05-31 05:26:00+02:00,0.009454
2017-05-31 05:27:00+02:00,0.009544
2017-05-31 05:28:00+02:00,0.009694
2017-05-31 05:29:00+02:00,0.009794
2017-05-31 05:30:00+02:00,0.009744
2017-05-31 05:31:00+02:00,0.009855
2017-05-31 05:32:00+02:00,0.009845
2017-05-31 05:33:00+02:00,0.009885
2017-05-31 05:34:00+02:00,0.009945
2017-05-31 05:35:00+02:00,0.010856
2017-05-31 05:36:00+02:00,0.009964
2017-05-31 05:37:00+02:00,0.009764
2017-05-31 05:38:00+02:00,0.009985
2017-05-31 05:39:00+02:00,0.010475
2017-05-31 05:40:00+02:00,0.011066
2017-05-31 05:41:00+02:00,0.012117
2017-05-31 05:42:00+02:00,0.011456
2017-05-31 05:43:00+02:00,0.010705
2017-05-31 05:44:00+02:00,0.010635
2017-05-31 05:45:00+02:00,0.011516
2017-05-31 05:46:00+02:00,0.011506
2017-05-31 05:47:00+02:00,0.011216
2017-05-31 05:48:00+02:00,0.010715
2017-05-31 05:49:00+02:00,0.010315
2017-05-31 05:50:00+02:00,0.010856
2017-05-31 05:51:00+02:00,0.011296
2017-05-31 05:52:00+02:00,0.010866
2017-05-31 05:53:00+02:00,0.011576
2017-05-31 05:54:00+02:00,0.012427
2017-05-31 05:55:00+02:00,0.011917
2017-05-31 05:56:00+02:00,0.011716
2017-05-31 05:57:00+02:00,0.011556
2017-05-31 05:58:00+02:00,0.011536
2017-05-31 05:59:00+02:00,0.011656
2017-05-31 06:00:00+02:00,0.011096
2017-05-31 06:01:00+02:00,0.010905
2017-05-31 06:02:00+02:00,0.011046
2017-05-31 06:03:00+02:00,0.011136
2017-05-31 06:04:00+02:00,0.012147
2017-05-31 06:05:00+02:00,0.011126
2017-05-31 06:06:00+02:00,0.010756
2017-05-31 06:07:00+02:00,0.011147
2017-05-31 06:08:00+02:00,0.010886
2017-05-31 06:09:00+02:00,0.0134
2017-05-31 06:10:00+02:00,0.010716
2017-05-31 06:11:00+02:00,0.010845
2017-05-31 06:12:00+02:00,0.010875
2017-05-31 06:13:00+02:00,0.011025
2017-05-31 06:14:00+02:00,0.011616
2017-05-31 06:15:00+02:00,0.011486
2017-05-31 06:16:00+02:00,0.011166
2017-05-31 06:17:00+02:00,0.011125
2017-05-31 06:18:00+02:00,0.011806
2017-05-31 06:19:00+02:00,0.012187
2017-05-31 06:20:00+02:00,0.011926
2017-05-31 06:21:00+02:00,0.012137
2017-05-31 06:22:00+02:00,0.011766
2017-05-31 06:23:00+02:00,0.012406
2017-05-31 06:24:00+02:00,0.012577
2017-05-31 06:25:00+02:00,0.012727
2017-05-31 06:26:00+02:00,0.011516
2017-05-31 06:27:00+02:00,0.011677
2017-05-31 06:28:00+02:00,0.011697
2017-05-31 06:29:00+02:00,0.011737
2017-05-31 06:30:00+02:00,0.011537
2017-05-31 06:31:00+02:00,0.011687
2017-05-31 06:32:00+02:00,0.011586
2017-05-31 06:33:00+02:00,0.011045
2017-05-31 06:34:00+02:00,0.010875
2017-05-31 06:35:00+02:00,0.010796
2017-05-31 06:36:00+02:00,0.011266
2017-05-31 06:37:00+02:00,0.013867
2017-05-31 06:38:00+02:00,0.011636
2017-05-31 06:39:00+02:00,0.012689
2017-05-31 06:40:00+02:00,0.014162
2017-05-31 06:41:00+02:00,0.012206
2017-05-31 06:42:00+02:00,0.011496
2017-05-31 06:43:00+02:00,0.012216
2017-05-31 06:44:00+02:00,0.013067
2017-05-31 06:45:00+02:00,0.013047
2017-05-31 06:46:00+02:00,0.013077
2017-05-31 06:47:00+02:00,0.014438
2017-05-31 06:48:00+02:00,0.014619
2017-05-31 06:49:00+02:00,0.013807
2017-05-31 06:50:00+02:00,0.014548
2017-05-31 06:51:00+02:00,0.014728
2017-05-31 06:52:00+02:00,0.01598
2017-05-31 06:53:00+02:00,0.015019
2017-05-31 06:54:00+02:00,0.015761
2017-05-31 06:55:00+02:00,0.016503
2017-05-31 06:56:00+02:00,0.016232
2017-05-31 06:57:00+02:00,0.016873
2017-05-31 06:58:00+02:00,0.016022
2017-05-31 06:59:00+02:00,0.016274
2017-05-31 07:00:00+02:00,0.016645
2017-05-31 07:01:00+02:00,0.016143
2017-05-31 07:02:00+02:00,0.015742
2017-05-31 07:03:00+02:00,0.018395
2017-05-31 07:04:00+02:00,0.018236
2017-05-31 07:05:00+02:00,0.017605
2017-05-31 07:06:00+02:00,0.016443
2017-05-31 07:07:00+02:00,0.019229
2017-05-31 07:08:00+02:00,0.018488
2017-05-31 07:09:00+02:00,0.016292
2017-05-31 07:10:00+02:00,0.020079
2017-05-31 07:11:00+02:00,0.020969
2017-05-31 07:12:00+02:00,0.019205
2017-05-31 07:13:00+02:00,0.019084
2017-05-31 07:14:00+02:00,0.019215
2017-05-31 07:15:00+02:00,0.016362
2017-05-31 07:16:00+02:00,0.014599
2017-05-31 07:17:00+02:00,0.01465
2017-05-31 07:18:00+02:00,0.015662
2017-05-31 07:19:00+02:00,0.015102
2017-05-31 07:20:00+02:00,0.016214
2017-05-31 07:21:00+02:00,0.015863
2017-05-31 07:22:00+02:00,0.014309
2017-05-31 07:23:00+02:00,0.01423
2017-05-31 07:24:00+02:00,0.016694
2017-05-31 07:25:00+02:00,0.018106
2017-05-31 07:26:00+02:00,0.019618
2017-05-31 07:27:00+02:00,0.019197
2017-05-31 07:28:00+02:00,0.018756
2017-05-31 07:29:00+02:00,0.02041
2017-05-31 07:30:00+02:00,0.021855
2017-05-31 07:31:00+02:00,0.022328
2017-05-31 07:32:00+02:00,0.02131
2017-05-31 07:33:00+02:00,0.02197
2017-05-31 07:34:00+02:00,0.019963
2017-05-31 07:35:00+02:00,0.020657
2017-05-31 07:36:00+02:00,0.026798
2017-05-31 07:37:00+02:00,0.026155
2017-05-31 07:38:00+02:00,0.025731
2017-05-31 07:39:00+02:00,0.028356
2017-05-31 07:40:00+02:00,0.028433
2017-05-31 07:41:00+02:00,0.027317
2017-05-31 07:42:00+02:00,0.028897
2017-05-31 07:43:00+02:00,0.024652
2017-05-31 07:44:00+02:00,0.028162
2017-05-31 07:45:00+02:00,0.029942
2017-05-31 07:46:00+02:00,0.030779
2017-05-31 07:47:00+02:00,0.028186
2017-05-31 07:48:00+02:00,0.026818
2017-05-31 07:49:00+02:00,0.022753
2017-05-31 07:50:00+02:00,0.02212
2017-05-31 07:51:00+02:00,0.024004
2017-05-31 07:52:00+02:00,0.023543
2017-05-31 07:53:00+02:00,0.023011
2017-05-31 07:54:00+02:00,0.024415
2017-05-31 07:55:00+02:00,0.024587
2017-05-31 07:56:00+02:00,0.025318
2017-05-31 07:57:00+02:00,0.02579
2017-05-31 07:58:00+02:00,0.023624
2017-05-31 07:59:00+02:00,0.023323
2017-05-31 08:00:00+02:00,0.023243
2017-05-31 08:01:00+02:00,0.023062
2017-05-31 08:02:00+02:00,0.024347
2017-05-31 08:03:00+02:00,0.028348
2017-05-31 08:04:00+02:00,0.02565
2017-05-31 08:05:00+02:00,0.024376
2017-05-31 08:06:00+02:00,0.023414
2017-05-31 08:07:00+02:00,0.023746
2017-05-31 08:08:00+02:00,0.023656
2017-05-31 08:09:00+02:00,0.023906
2017-05-31 08:10:00+02:00,0.0218
2017-05-31 08:11:00+02:00,0.020437
2017-05-31 08:12:00+02:00,0.018974
2017-05-31 08:13:00+02:00,0.018251
2017-05-31 08:14:00+02:00,0.018594
2017-05-31 08:15:00+02:00,0.018403
2017-05-31 08:16:00+02:00,0.018473
2017-05-31 08:17:00+02:00,0.018312
2017-05-31 08:18:00+02:00,0.017307
2017-05-31 08:19:00+02:00,0.017298
2017-05-31 08:20:00+02:00,0.019927
2017-05-31 08:21:00+02:00,0.019385
2017-05-31 08:22:00+02:00,0.019706
2017-05-31 08:23:00+02:00,0.019786
2017-05-31 08:24:00+02:00,0.016977
2017-05-31 08:25:00+02:00,0.017358
2017-05-31 08:26:00+02:00,0.016566
2017-05-31 08:27:00+02:00,0.016626
2017-05-31 08:28:00+02:00,0.019281
2017-05-31 08:29:00+02:00,0.0189
2017-05-31 08:30:00+02:00,0.01885
2017-05-31 08:31:00+02:00,0.018339
2017-05-31 08:32:00+02:00,0.018298
2017-05-31 08:33:00+02:00,0.017696
2017-05-31 08:34:00+02:00,0.016653
2017-05-31 08:35:00+02:00,0.016473
2017-05-31 08:36:00+02:00,0.016763
2017-05-31 08:37:00+02:00,0.018666
2017-05-31 08:38:00+02:00,0.016792
2017-05-31 08:39:00+02:00,0.01507
2017-05-31 08:40:00+02:00,0.01512
2017-05-31 08:41:00+02:00,0.01454
2017-05-31 08:42:00+02:00,0.013979
2017-05-31 08:43:00+02:00,0.020753
2017-05-31 08:44:00+02:00,0.022367
2017-05-31 08:45:00+02:00,0.020183
2017-05-31 08:46:00+02:00,0.019232
2017-05-31 08:47:00+02:00,0.019774
2017-05-31 08:48:00+02:00,0.020234
2017-05-31 08:49:00+02:00,0.019792
2017-05-31 08:50:00+02:00,0.019211
2017-05-31 08:51:00+02:00,0.022441
2017-05-31 08:52:00+02:00,0.019492
2017-05-31 08:53:00+02:00,0.01886
2017-05-31 08:54:00+02:00,0.020142
2017-05-31 08:55:00+02:00,0.023412
2017-05-31 08:56:00+02:00,0.021605
2017-05-31 08:57:00+02:00,0.021154
2017-05-31 08:58:00+02:00,0.022642
2017-05-31 08:59:00+02:00,0.020727
2017-05-31 09:00:00+02:00,0.020345
2017-05-31 09:01:00+02:00,0.020555
2017-05-31 09:02:00+02:00,0.021097
2017-05-31 09:03:00+02:00,0.026541
2017-05-31 09:04:00+02:00,0.027746
2017-05-31 09:05:00+02:00,0.027462
2017-05-31 09:06:00+02:00,0.025862
2017-05-31 09:07:00+02:00,0.027664
2017-05-31 09:08:00+02:00,0.026499
2017-05-31 09:09:00+02:00,0.02735
2017-05-31 09:10:00+02:00,0.025985
2017-05-31 09:11:00+02:00,0.020222
2017-05-31 09:12:00+02:00,0.019429
2017-05-31 09:13:00+02:00,0.019907
2017-05-31 09:14:00+02:00,0.02252
2017-05-31 09:15:00+02:00,0.018855
2017-05-31 09:16:00+02:00,0.016192
2017-05-31 09:17:00+02:00,0.016754
2017-05-31 09:18:00+02:00,0.021372
2017-05-31 09:19:00+02:00,0.018155
2017-05-31 09:20:00+02:00,0.017465
2017-05-31 09:21:00+02:00,0.017375
2017-05-31 09:22:00+02:00,0.019041
2017-05-31 09:23:00+02:00,0.021658
2017-05-31 09:24:00+02:00,0.025502
2017-05-31 09:25:00+02:00,0.023919
2017-05-31 09:26:00+02:00,0.022042
2017-05-31 09:27:00+02:00,0.022262
2017-05-31 09:28:00+02:00,0.018681
2017-05-31 09:29:00+02:00,0.016933
2017-05-31 09:30:00+02:00,0.017184
2017-05-31 09:31:00+02:00,0.017355
2017-05-31 09:32:00+02:00,0.017205
2017-05-31 09:33:00+02:00,0.018256
2017-05-31 09:34:00+02:00,0.020629
2017-05-31 09:35:00+02:00,0.019967
2017-05-31 09:36:00+02:00,0.019138
2017-05-31 09:37:00+02:00,0.018058
2017-05-31 09:38:00+02:00,0.018699
2017-05-31 09:39:00+02:00,0.020415
2017-05-31 09:40:00+02:00,0.021352
2017-05-31 09:41:00+02:00,0.020449
2017-05-31 09:42:00+02:00,0.018973
2017-05-31 09:43:00+02:00,0.016473
2017-05-31 09:44:00+02:00,0.016955
2017-05-31 09:45:00+02:00,0.017204
2017-05-31 09:46:00+02:00,0.016343
2017-05-31 09:47:00+02:00,0.016183
2017-05-31 09:48:00+02:00,0.019853
2017-05-31 09:49:00+02:00,0.019763
2017-05-31 09:50:00+02:00,0.017225
2017-05-31 09:51:00+02:00,0.022111
2017-05-31 09:52:00+02:00,0.018929
2017-05-31 09:53:00+02:00,0.01885
2017-05-31 09:54:00+02:00,0.019012
2017-05-31 09:55:00+02:00,0.017376
2017-05-31 09:56:00+02:00,0.019043
2017-05-31 09:57:00+02:00,0.01895
2017-05-31 09:58:00+02:00,0.019052
2017-05-31 09:59:00+02:00,0.022938
2017-05-31 10:00:00+02:00,0.018829
2017-05-31 10:01:00+02:00,0.018178
2017-05-31 10:02:00+02:00,0.019001
2017-05-31 10:03:00+02:00,0.025928
2017-05-31 10:04:00+02:00,0.024321
2017-05-31 10:05:00+02:00,0.022183
2017-05-31 10:06:00+02:00,0.025548
2017-05-31 10:07:00+02:00,0.025696
2017-05-31 10:08:00+02:00,0.027883
2017-05-31 10:09:00+02:00,0.028497
2017-05-31 10:10:00+02:00,0.021268
2017-05-31 10:11:00+02:00,0.020798
2017-05-31 10:12:00+02:00,0.017235
2017-05-31 10:13:00+02:00,0.018176
2017-05-31 10:14:00+02:00,0.016633
2017-05-31 10:15:00+02:00,0.016603
2017-05-31 10:16:00+02:00,0.016763
2017-05-31 10:17:00+02:00,0.015792
2017-05-31 10:18:00+02:00,0.016864
2017-05-31 10:19:00+02:00,0.016643
2017-05-31 10:20:00+02:00,0.016182
2017-05-31 10:21:00+02:00,0.015811
2017-05-31 10:22:00+02:00,0.016162
2017-05-31 10:23:00+02:00,0.01523
2017-05-31 10:24:00+02:00,0.015261
2017-05-31 10:25:00+02:00,0.015871
2017-05-31 10:26:00+02:00,0.01482
2017-05-31 10:27:00+02:00,0.015751
2017-05-31 10:28:00+02:00,0.016953
2017-05-31 10:29:00+02:00,0.018305
2017-05-31 10:30:00+02:00,0.018435
2017-05-31 10:31:00+02:00,0.017183
2017-05-31 10:32:00+02:00,0.016672
2017-05-31 10:33:00+02:00,0.01437
2017-05-31 10:34:00+02:00,0.015221
2017-05-31 10:35:00+02:00,0.014701
2017-05-31 10:36:00+02:00,0.020264
2017-05-31 10:37:00+02:00,0.019037
2017-05-31 10:38:00+02:00,0.016607
2017-05-31 10:39:00+02:00,0.01832
2017-05-31 10:40:00+02:00,0.016624
2017-05-31 10:41:00+02:00,0.017188
2017-05-31 10:42:00+02:00,0.018463
2017-05-31 10:43:00+02:00,0.019516
2017-05-31 10:44:00+02:00,0.02001
2017-05-31 10:45:00+02:00,0.019215
2017-05-31 10:46:00+02:00,0.018521
2017-05-31 10:47:00+02:00,0.017396
2017-05-31 10:48:00+02:00,0.016184
2017-05-31 10:49:00+02:00,0.016896
2017-05-31 10:50:00+02:00,0.020612
2017-05-31 10:51:00+02:00,0.022632
2017-05-31 10:52:00+02:00,0.024885
2017-05-31 10:53:00+02:00,0.025707
2017-05-31 10:54:00+02:00,0.024245
2017-05-31 10:55:00+02:00,0.024983
2017-05-31 10:56:00+02:00,0.019488
2017-05-31 10:57:00+02:00,0.017729
2017-05-31 10:58:00+02:00,0.017869
2017-05-31 10:59:00+02:00,0.018192
2017-05-31 11:00:00+02:00,0.018805
2017-05-31 11:01:00+02:00,0.018863
2017-05-31 11:02:00+02:00,0.020104
2017-05-31 11:03:00+02:00,0.022783
2017-05-31 11:04:00+02:00,0.019622
2017-05-31 11:05:00+02:00,0.016916
2017-05-31 11:06:00+02:00,0.017518
2017-05-31 11:07:00+02:00,0.017618
2017-05-31 11:08:00+02:00,0.017338
2017-05-31 11:09:00+02:00,0.01857
2017-05-31 11:10:00+02:00,0.021306
2017-05-31 11:11:00+02:00,0.021854
2017-05-31 11:12:00+02:00,0.021275
2017-05-31 11:13:00+02:00,0.021414
2017-05-31 11:14:00+02:00,0.020762
2017-05-31 11:15:00+02:00,0.021385
2017-05-31 11:16:00+02:00,0.022577
2017-05-31 11:17:00+02:00,0.021313
2017-05-31 11:18:00+02:00,0.018017
2017-05-31 11:19:00+02:00,0.017917
2017-05-31 11:20:00+02:00,0.016563
2017-05-31 11:21:00+02:00,0.017483
2017-05-31 11:22:00+02:00,0.018253
2017-05-31 11:23:00+02:00,0.021341
2017-05-31 11:24:00+02:00,0.022765
2017-05-31 11:25:00+02:00,0.019768
2017-05-31 11:26:00+02:00,0.019459
2017-05-31 11:27:00+02:00,0.017654
2017-05-31 11:28:00+02:00,0.016502
2017-05-31 11:29:00+02:00,0.016622
2017-05-31 11:30:00+02:00,0.017313
2017-05-31 11:31:00+02:00,0.017264
2017-05-31 11:32:00+02:00,0.017014
2017-05-31 11:33:00+02:00,0.017074
2017-05-31 11:34:00+02:00,0.016744
2017-05-31 11:35:00+02:00,0.016303
2017-05-31 11:36:00+02:00,0.017284
2017-05-31 11:37:00+02:00,0.017084
2017-05-31 11:38:00+02:00,0.016513
2017-05-31 11:39:00+02:00,0.016072
2017-05-31 11:40:00+02:00,0.01476
2017-05-31 11:41:00+02:00,0.014179
2017-05-31 11:42:00+02:00,0.014259
2017-05-31 11:43:00+02:00,0.01429
2017-05-31 11:44:00+02:00,0.01433
2017-05-31 11:45:00+02:00,0.01432
2017-05-31 11:46:00+02:00,0.016934
2017-05-31 11:47:00+02:00,0.018258
2017-05-31 11:48:00+02:00,0.01977
2017-05-31 11:49:00+02:00,0.016694
2017-05-31 11:50:00+02:00,0.016904
2017-05-31 11:51:00+02:00,0.017104
2017-05-31 11:52:00+02:00,0.016483
2017-05-31 11:53:00+02:00,0.014439
2017-05-31 11:54:00+02:00,0.016801
2017-05-31 11:55:00+02:00,0.016311
2017-05-31 11:56:00+02:00,0.015761
2017-05-31 11:57:00+02:00,0.014179
2017-05-31 11:58:00+02:00,0.015852
2017-05-31 11:59:00+02:00,0.015222
2017-05-31 12:00:00+02:00,0.017075
2017-05-31 12:01:00+02:00,0.015692
2017-05-31 12:02:00+02:00,0.017013
2017-05-31 12:03:00+02:00,0.017294
2017-05-31 12:04:00+02:00,0.018548
2017-05-31 12:05:00+02:00,0.018146
2017-05-31 12:06:00+02:00,0.01921
2017-05-31 12:07:00+02:00,0.01915
2017-05-31 12:08:00+02:00,0.018608
2017-05-31 12:09:00+02:00,0.018457
2017-05-31 12:10:00+02:00,0.018277
2017-05-31 12:11:00+02:00,0.017876
2017-05-31 12:12:00+02:00,0.017926
2017-05-31 12:13:00+02:00,0.018227
2017-05-31 12:14:00+02:00,0.019839
2017-05-31 12:15:00+02:00,0.0203
2017-05-31 12:16:00+02:00,0.018486
2017-05-31 12:17:00+02:00,0.017886
2017-05-31 12:18:00+02:00,0.015922
2017-05-31 12:19:00+02:00,0.016364
2017-05-31 12:20:00+02:00,0.016394
2017-05-31 12:21:00+02:00,0.015902
2017-05-31 12:22:00+02:00,0.015872
2017-05-31 12:23:00+02:00,0.015732
2017-05-31 12:24:00+02:00,0.016143
2017-05-31 12:25:00+02:00,0.016143
2017-05-31 12:26:00+02:00,0.016222
2017-05-31 12:27:00+02:00,0.016122
2017-05-31 12:28:00+02:00,0.016082
2017-05-31 12:29:00+02:00,0.016022
2017-05-31 12:30:00+02:00,0.017363
2017-05-31 12:31:00+02:00,0.019047
2017-05-31 12:32:00+02:00,0.018166
2017-05-31 12:33:00+02:00,0.018329
2017-05-31 12:34:00+02:00,0.017357
2017-05-31 12:35:00+02:00,0.015882
2017-05-31 12:36:00+02:00,0.015532
2017-05-31 12:37:00+02:00,0.015562
2017-05-31 12:38:00+02:00,0.015943
2017-05-31 12:39:00+02:00,0.015181
2017-05-31 12:40:00+02:00,0.014882
2017-05-31 12:41:00+02:00,0.014892
2017-05-31 12:42:00+02:00,0.014903
2017-05-31 12:43:00+02:00,0.014613
2017-05-31 12:44:00+02:00,0.014713
2017-05-31 12:45:00+02:00,0.014993
2017-05-31 12:46:00+02:00,0.015313
2017-05-31 12:47:00+02:00,0.018653
2017-05-31 12:48:00+02:00,0.019737
2017-05-31 12:49:00+02:00,0.017802
2017-05-31 12:50:00+02:00,0.019001
2017-05-31 12:51:00+02:00,0.01896
2017-05-31 12:52:00+02:00,0.017804
2017-05-31 12:53:00+02:00,0.015174
2017-05-31 12:54:00+02:00,0.015886
2017-05-31 12:55:00+02:00,0.01892
2017-05-31 12:56:00+02:00,0.020422
2017-05-31 12:57:00+02:00,0.020915
2017-05-31 12:58:00+02:00,0.021636
2017-05-31 12:59:00+02:00,0.022248
2017-05-31 13:00:00+02:00,0.021916
2017-05-31 13:01:00+02:00,0.022026
2017-05-31 13:02:00+02:00,0.019949
2017-05-31 13:03:00+02:00,0.018847
2017-05-31 13:04:00+02:00,0.018596
2017-05-31 13:05:00+02:00,0.018907
2017-05-31 13:06:00+02:00,0.020753
2017-05-31 13:07:00+02:00,0.022076
2017-05-31 13:08:00+02:00,0.026451
2017-05-31 13:09:00+02:00,0.032508
2017-05-31 13:10:00+02:00,0.032335
2017-05-31 13:11:00+02:00,0.029781
2017-05-31 13:12:00+02:00,0.028241
2017-05-31 13:13:00+02:00,0.028359
2017-05-31 13:14:00+02:00,0.024823
2017-05-31 13:15:00+02:00,0.022997
2017-05-31 13:16:00+02:00,0.023469
2017-05-31 13:17:00+02:00,0.022416
2017-05-31 13:18:00+02:00,0.022003
2017-05-31 13:19:00+02:00,0.022996
2017-05-31 13:20:00+02:00,0.024639
2017-05-31 13:21:00+02:00,0.024028
2017-05-31 13:22:00+02:00,0.022896
2017-05-31 13:23:00+02:00,0.023481
2017-05-31 13:24:00+02:00,0.024231
2017-05-31 13:25:00+02:00,0.028029
2017-05-31 13:26:00+02:00,0.02686
2017-05-31 13:27:00+02:00,0.026848
2017-05-31 13:28:00+02:00,0.026315
2017-05-31 13:29:00+02:00,0.026997
2017-05-31 13:30:00+02:00,0.027335
2017-05-31 13:31:00+02:00,0.029638
2017-05-31 13:32:00+02:00,0.027003
2017-05-31 13:33:00+02:00,0.025579
2017-05-31 13:34:00+02:00,0.025961
2017-05-31 13:35:00+02:00,0.027206
2017-05-31 13:36:00+02:00,0.023042
2017-05-31 13:37:00+02:00,0.02253
2017-05-31 13:38:00+02:00,0.023133
2017-05-31 13:39:00+02:00,0.023887
2017-05-31 13:40:00+02:00,0.025776
2017-05-31 13:41:00+02:00,0.028102
2017-05-31 13:42:00+02:00,0.027391
2017-05-31 13:43:00+02:00,0.026415
2017-05-31 13:44:00+02:00,0.024174
2017-05-31 13:45:00+02:00,0.023481
2017-05-31 13:46:00+02:00,0.021924
2017-05-31 13:47:00+02:00,0.019856
2017-05-31 13:48:00+02:00,0.018128
2017-05-31 13:49:00+02:00,0.01866
2017-05-31 13:50:00+02:00,0.018088
2017-05-31 13:51:00+02:00,0.017145
2017-05-31 13:52:00+02:00,0.017717
2017-05-31 13:53:00+02:00,0.019174
2017-05-31 13:54:00+02:00,0.020025
2017-05-31 13:55:00+02:00,0.0182
2017-05-31 13:56:00+02:00,0.016745
2017-05-31 13:57:00+02:00,0.017878
2017-05-31 13:58:00+02:00,0.016314
2017-05-31 13:59:00+02:00,0.015843
2017-05-31 14:00:00+02:00,0.016043
2017-05-31 14:01:00+02:00,0.017116
2017-05-31 14:02:00+02:00,0.016785
2017-05-31 14:03:00+02:00,0.01844
2017-05-31 14:04:00+02:00,0.01867
2017-05-31 14:05:00+02:00,0.01868
2017-05-31 14:06:00+02:00,0.017347
2017-05-31 14:07:00+02:00,0.01988
2017-05-31 14:08:00+02:00,0.017865
2017-05-31 14:09:00+02:00,0.017184
2017-05-31 14:10:00+02:00,0.015513
2017-05-31 14:11:00+02:00,0.015093
2017-05-31 14:12:00+02:00,0.014882
2017-05-31 14:13:00+02:00,0.015254
2017-05-31 14:14:00+02:00,0.015555
2017-05-31 14:15:00+02:00,0.016026
2017-05-31 14:16:00+02:00,0.016948
2017-05-31 14:17:00+02:00,0.016777
2017-05-31 14:18:00+02:00,0.015975
2017-05-31 14:19:00+02:00,0.015615
2017-05-31 14:20:00+02:00,0.015022
2017-05-31 14:21:00+02:00,0.016336
2017-05-31 14:22:00+02:00,0.016467
2017-05-31 14:23:00+02:00,0.016357
2017-05-31 14:24:00+02:00,0.017649
2017-05-31 14:25:00+02:00,0.020975
2017-05-31 14:26:00+02:00,0.021948
2017-05-31 14:27:00+02:00,0.023499
2017-05-31 14:28:00+02:00,0.021206
2017-05-31 14:29:00+02:00,0.020632
2017-05-31 14:30:00+02:00,0.021435
2017-05-31 14:31:00+02:00,0.021236
2017-05-31 14:32:00+02:00,0.020315
2017-05-31 14:33:00+02:00,0.022767
2017-05-31 14:34:00+02:00,0.023258
2017-05-31 14:35:00+02:00,0.025086
2017-05-31 14:36:00+02:00,0.02201
2017-05-31 14:37:00+02:00,0.026758
2017-05-31 14:38:00+02:00,0.02399
2017-05-31 14:39:00+02:00,0.031268
2017-05-31 14:40:00+02:00,0.025311
2017-05-31 14:41:00+02:00,0.022205
2017-05-31 14:42:00+02:00,0.022387
2017-05-31 14:43:00+02:00,0.024789
2017-05-31 14:44:00+02:00,0.021924
2017-05-31 14:45:00+02:00,0.020971
2017-05-31 14:46:00+02:00,0.024177
2017-05-31 14:47:00+02:00,0.022758
2017-05-31 14:48:00+02:00,0.019585
2017-05-31 14:49:00+02:00,0.018109
2017-05-31 14:50:00+02:00,0.021033
2017-05-31 14:51:00+02:00,0.017144
2017-05-31 14:52:00+02:00,0.016472
2017-05-31 14:53:00+02:00,0.016161
2017-05-31 14:54:00+02:00,0.017785
2017-05-31 14:55:00+02:00,0.016426
2017-05-31 14:56:00+02:00,0.016406
2017-05-31 14:57:00+02:00,0.016876
2017-05-31 14:58:00+02:00,0.016284
2017-05-31 14:59:00+02:00,0.016603
2017-05-31 15:00:00+02:00,0.017104
2017-05-31 15:01:00+02:00,0.017658
2017-05-31 15:02:00+02:00,0.015644
2017-05-31 15:03:00+02:00,0.015424
2017-05-31 15:04:00+02:00,0.015324
2017-05-31 15:05:00+02:00,0.014873
2017-05-31 15:06:00+02:00,0.015024
2017-05-31 15:07:00+02:00,0.017359
2017-05-31 15:08:00+02:00,0.015285
2017-05-31 15:09:00+02:00,0.016248
2017-05-31 15:10:00+02:00,0.017161
2017-05-31 15:11:00+02:00,0.016004
2017-05-31 15:12:00+02:00,0.015043
2017-05-31 15:13:00+02:00,0.015444
2017-05-31 15:14:00+02:00,0.015284
2017-05-31 15:15:00+02:00,0.017348
2017-05-31 15:16:00+02:00,0.018021
2017-05-31 15:17:00+02:00,0.018021
2017-05-31 15:18:00+02:00,0.018813
2017-05-31 15:19:00+02:00,0.020055
2017-05-31 15:20:00+02:00,0.020916
2017-05-31 15:21:00+02:00,0.020542
2017-05-31 15:22:00+02:00,0.019541
2017-05-31 15:23:00+02:00,0.018608
2017-05-31 15:24:00+02:00,0.017866
2017-05-31 15:25:00+02:00,0.018579
2017-05-31 15:26:00+02:00,0.020113
2017-05-31 15:27:00+02:00,0.021809
2017-05-31 15:28:00+02:00,0.021401
2017-05-31 15:29:00+02:00,0.020769
2017-05-31 15:30:00+02:00,0.019273
2017-05-31 15:31:00+02:00,0.018218
2017-05-31 15:32:00+02:00,0.01929
2017-05-31 15:33:00+02:00,0.021273
2017-05-31 15:34:00+02:00,0.021054
2017-05-31 15:35:00+02:00,0.021868
2017-05-31 15:36:00+02:00,0.019834
2017-05-31 15:37:00+02:00,0.020736
2017-05-31 15:38:00+02:00,0.020794
2017-05-31 15:39:00+02:00,0.019181
2017-05-31 15:40:00+02:00,0.018189
2017-05-31 15:41:00+02:00,0.01811
2017-05-31 15:42:00+02:00,0.018521
2017-05-31 15:43:00+02:00,0.017456
2017-05-31 15:44:00+02:00,0.016564
2017-05-31 15:45:00+02:00,0.015522
2017-05-31 15:46:00+02:00,0.015432
2017-05-31 15:47:00+02:00,0.016664
2017-05-31 15:48:00+02:00,0.018267
2017-05-31 15:49:00+02:00,0.023178
2017-05-31 15:50:00+02:00,0.022788
2017-05-31 15:51:00+02:00,0.021858
2017-05-31 15:52:00+02:00,0.020324
2017-05-31 15:53:00+02:00,0.016173
2017-05-31 15:54:00+02:00,0.015041
2017-05-31 15:55:00+02:00,0.015372
2017-05-31 15:56:00+02:00,0.015622
2017-05-31 15:57:00+02:00,0.015372
2017-05-31 15:58:00+02:00,0.015563
2017-05-31 15:59:00+02:00,0.016114
2017-05-31 16:00:00+02:00,0.016244
2017-05-31 16:01:00+02:00,0.020125
2017-05-31 16:02:00+02:00,0.021518
2017-05-31 16:03:00+02:00,0.02149
2017-05-31 16:04:00+02:00,0.022492
2017-05-31 16:05:00+02:00,0.022881
2017-05-31 16:06:00+02:00,0.023002
2017-05-31 16:07:00+02:00,0.026698
2017-05-31 16:08:00+02:00,0.024638
2017-05-31 16:09:00+02:00,0.024046
2017-05-31 16:10:00+02:00,0.021782
2017-05-31 16:11:00+02:00,0.020619
2017-05-31 16:12:00+02:00,0.022051
2017-05-31 16:13:00+02:00,0.023545
2017-05-31 16:14:00+02:00,0.023325
2017-05-31 16:15:00+02:00,0.022223
2017-05-31 16:16:00+02:00,0.022274
2017-05-31 16:17:00+02:00,0.023755
2017-05-31 16:18:00+02:00,0.024517
2017-05-31 16:19:00+02:00,0.024588
2017-05-31 16:20:00+02:00,0.024567
2017-05-31 16:21:00+02:00,0.023775
2017-05-31 16:22:00+02:00,0.021832
2017-05-31 16:23:00+02:00,0.021772
2017-05-31 16:24:00+02:00,0.02089
2017-05-31 16:25:00+02:00,0.021864
2017-05-31 16:26:00+02:00,0.021903
2017-05-31 16:27:00+02:00,0.019997
2017-05-31 16:28:00+02:00,0.019598
2017-05-31 16:29:00+02:00,0.020178
2017-05-31 16:30:00+02:00,0.021791
2017-05-31 16:31:00+02:00,0.022515
2017-05-31 16:32:00+02:00,0.02421
2017-05-31 16:33:00+02:00,0.022977
2017-05-31 16:34:00+02:00,0.022163
2017-05-31 16:35:00+02:00,0.02124
2017-05-31 16:36:00+02:00,0.021122
2017-05-31 16:37:00+02:00,0.022417
2017-05-31 16:38:00+02:00,0.022148
2017-05-31 16:39:00+02:00,0.023951
2017-05-31 16:40:00+02:00,0.026041
2017-05-31 16:41:00+02:00,0.027397
2017-05-31 16:42:00+02:00,0.025983
2017-05-31 16:43:00+02:00,0.027559
2017-05-31 16:44:00+02:00,0.0312
2017-05-31 16:45:00+02:00,0.03143
2017-05-31 16:46:00+02:00,0.028027
2017-05-31 16:47:00+02:00,0.030062
2017-05-31 16:48:00+02:00,0.031459
2017-05-31 16:49:00+02:00,0.032797
2017-05-31 16:50:00+02:00,0.03347
2017-05-31 16:51:00+02:00,0.032678
2017-05-31 16:52:00+02:00,0.032838
2017-05-31 16:53:00+02:00,0.033098
2017-05-31 16:54:00+02:00,0.031462
2017-05-31 16:55:00+02:00,0.031023
2017-05-31 16:56:00+02:00,0.022438
2017-05-31 16:57:00+02:00,0.021833
2017-05-31 16:58:00+02:00,0.020722
2017-05-31 16:59:00+02:00,0.019518
2017-05-31 17:00:00+02:00,0.018968
2017-05-31 17:01:00+02:00,0.021424
2017-05-31 17:02:00+02:00,0.025028
2017-05-31 17:03:00+02:00,0.025932
2017-05-31 17:04:00+02:00,0.028395
2017-05-31 17:05:00+02:00,0.029073
2017-05-31 17:06:00+02:00,0.028367
2017-05-31 17:07:00+02:00,0.027782
2017-05-31 17:08:00+02:00,0.027167
2017-05-31 17:09:00+02:00,0.024351
2017-05-31 17:10:00+02:00,0.024601
2017-05-31 17:11:00+02:00,0.024882
2017-05-31 17:12:00+02:00,0.025444
2017-05-31 17:13:00+02:00,0.025156
2017-05-31 17:14:00+02:00,0.026797
2017-05-31 17:15:00+02:00,0.025291
2017-05-31 17:16:00+02:00,0.024094
2017-05-31 17:17:00+02:00,0.024355
2017-05-31 17:18:00+02:00,0.02636
2017-05-31 17:19:00+02:00,0.028359
2017-05-31 17:20:00+02:00,0.026251
2017-05-31 17:21:00+02:00,0.020675
2017-05-31 17:22:00+02:00,0.019943
2017-05-31 17:23:00+02:00,0.021796
2017-05-31 17:24:00+02:00,0.024184
2017-05-31 17:25:00+02:00,0.025901
2017-05-31 17:26:00+02:00,0.026012
2017-05-31 17:27:00+02:00,0.025762
2017-05-31 17:28:00+02:00,0.028234
2017-05-31 17:29:00+02:00,0.027712
2017-05-31 17:30:00+02:00,0.029176
2017-05-31 17:31:00+02:00,0.028376
2017-05-31 17:32:00+02:00,0.032506
2017-05-31 17:33:00+02:00,0.028696
2017-05-31 17:34:00+02:00,0.026708
2017-05-31 17:35:00+02:00,0.02709
2017-05-31 17:36:00+02:00,0.029474
2017-05-31 17:37:00+02:00,0.027459
2017-05-31 17:38:00+02:00,0.028664
2017-05-31 17:39:00+02:00,0.026925
2017-05-31 17:40:00+02:00,0.02583
2017-05-31 17:41:00+02:00,0.025113
2017-05-31 17:42:00+02:00,0.02471
2017-05-31 17:43:00+02:00,0.025381
2017-05-31 17:44:00+02:00,0.025791
2017-05-31 17:45:00+02:00,0.028516
2017-05-31 17:46:00+02:00,0.030535
2017-05-31 17:47:00+02:00,0.027079
2017-05-31 17:48:00+02:00,0.028157
2017-05-31 17:49:00+02:00,0.027922
2017-05-31 17:50:00+02:00,0.02746
2017-05-31 17:51:00+02:00,0.027452
2017-05-31 17:52:00+02:00,0.028214
2017-05-31 17:53:00+02:00,0.028063
2017-05-31 17:54:00+02:00,0.025014
2017-05-31 17:55:00+02:00,0.024508
2017-05-31 17:56:00+02:00,0.026685
2017-05-31 17:57:00+02:00,0.024297
2017-05-31 17:58:00+02:00,0.022723
2017-05-31 17:59:00+02:00,0.02173
2017-05-31 18:00:00+02:00,0.023155
2017-05-31 18:01:00+02:00,0.024871
2017-05-31 18:02:00+02:00,0.023445
2017-05-31 18:03:00+02:00,0.024409
2017-05-31 18:04:00+02:00,0.026279
2017-05-31 18:05:00+02:00,0.023494
2017-05-31 18:06:00+02:00,0.019842
2017-05-31 18:07:00+02:00,0.019481
2017-05-31 18:08:00+02:00,0.021133
2017-05-31 18:09:00+02:00,0.022925
2017-05-31 18:10:00+02:00,0.026983
2017-05-31 18:11:00+02:00,0.026905
2017-05-31 18:12:00+02:00,0.029825
2017-05-31 18:13:00+02:00,0.029277
2017-05-31 18:14:00+02:00,0.028359
2017-05-31 18:15:00+02:00,0.030615
2017-05-31 18:16:00+02:00,0.032381
2017-05-31 18:17:00+02:00,0.031446
2017-05-31 18:18:00+02:00,0.032384
2017-05-31 18:19:00+02:00,0.034341
2017-05-31 18:20:00+02:00,0.034153
2017-05-31 18:21:00+02:00,0.033042
2017-05-31 18:22:00+02:00,0.030458
2017-05-31 18:23:00+02:00,0.032134
2017-05-31 18:24:00+02:00,0.030659
2017-05-31 18:25:00+02:00,0.030559
2017-05-31 18:26:00+02:00,0.030731
2017-05-31 18:27:00+02:00,0.030932
2017-05-31 18:28:00+02:00,0.034289
2017-05-31 18:29:00+02:00,0.033184
2017-05-31 18:30:00+02:00,0.034555
2017-05-31 18:31:00+02:00,0.033095
2017-05-31 18:32:00+02:00,0.032131
2017-05-31 18:33:00+02:00,0.033706
2017-05-31 18:34:00+02:00,0.034998
2017-05-31 18:35:00+02:00,0.032573
2017-05-31 18:36:00+02:00,0.033433
2017-05-31 18:37:00+02:00,0.034741
2017-05-31 18:38:00+02:00,0.035995
2017-05-31 18:39:00+02:00,0.032069
2017-05-31 18:40:00+02:00,0.032296
2017-05-31 18:41:00+02:00,0.033792
2017-05-31 18:42:00+02:00,0.034233
2017-05-31 18:43:00+02:00,0.033027
2017-05-31 18:44:00+02:00,0.032609
2017-05-31 18:45:00+02:00,0.034738
2017-05-31 18:46:00+02:00,0.035347
2017-05-31 18:47:00+02:00,0.036472
2017-05-31 18:48:00+02:00,0.033771
2017-05-31 18:49:00+02:00,0.032768
2017-05-31 18:50:00+02:00,0.034201
2017-05-31 18:51:00+02:00,0.031998
2017-05-31 18:52:00+02:00,0.033509
2017-05-31 18:53:00+02:00,0.03136
2017-05-31 18:54:00+02:00,0.03132
2017-05-31 18:55:00+02:00,0.031442
2017-05-31 18:56:00+02:00,0.033497
2017-05-31 18:57:00+02:00,0.033542
2017-05-31 18:58:00+02:00,0.03364
2017-05-31 18:59:00+02:00,0.032193
2017-05-31 19:00:00+02:00,0.031219
2017-05-31 19:01:00+02:00,0.03153
2017-05-31 19:02:00+02:00,0.034077
2017-05-31 19:03:00+02:00,0.032602
2017-05-31 19:04:00+02:00,0.032879
2017-05-31 19:05:00+02:00,0.032022
2017-05-31 19:06:00+02:00,0.028138
2017-05-31 19:07:00+02:00,0.032239
2017-05-31 19:08:00+02:00,0.0351
2017-05-31 19:09:00+02:00,0.035322
2017-05-31 19:10:00+02:00,0.033759
2017-05-31 19:11:00+02:00,0.03319
2017-05-31 19:12:00+02:00,0.034979
2017-05-31 19:13:00+02:00,0.034939
2017-05-31 19:14:00+02:00,0.035421
2017-05-31 19:15:00+02:00,0.034763
2017-05-31 19:16:00+02:00,0.032769
2017-05-31 19:17:00+02:00,0.034488
2017-05-31 19:18:00+02:00,0.032591
2017-05-31 19:19:00+02:00,0.031895
2017-05-31 19:20:00+02:00,0.035716
2017-05-31 19:21:00+02:00,0.039829
2017-05-31 19:22:00+02:00,0.039015
2017-05-31 19:23:00+02:00,0.039475
2017-05-31 19:24:00+02:00,0.042386
2017-05-31 19:25:00+02:00,0.044785
2017-05-31 19:26:00+02:00,0.042783
2017-05-31 19:27:00+02:00,0.042254
2017-05-31 19:28:00+02:00,0.040106
2017-05-31 19:29:00+02:00,0.035266
2017-05-31 19:30:00+02:00,0.028985
2017-05-31 19:31:00+02:00,0.032084
2017-05-31 19:32:00+02:00,0.033381
2017-05-31 19:33:00+02:00,0.037473
2017-05-31 19:34:00+02:00,0.040261
2017-05-31 19:35:00+02:00,0.037699
2017-05-31 19:36:00+02:00,0.039653
2017-05-31 19:37:00+02:00,0.036911
2017-05-31 19:38:00+02:00,0.037156
2017-05-31 19:39:00+02:00,0.037024
2017-05-31 19:40:00+02:00,0.038314
2017-05-31 19:41:00+02:00,0.043113
2017-05-31 19:42:00+02:00,0.040996
2017-05-31 19:43:00+02:00,0.034024
2017-05-31 19:44:00+02:00,0.033913
2017-05-31 19:45:00+02:00,0.034097
2017-05-31 19:46:00+02:00,0.036799
2017-05-31 19:47:00+02:00,0.033789
2017-05-31 19:48:00+02:00,0.037772
2017-05-31 19:49:00+02:00,0.03997
2017-05-31 19:50:00+02:00,0.036402
2017-05-31 19:51:00+02:00,0.034113
2017-05-31 19:52:00+02:00,0.034995
2017-05-31 19:53:00+02:00,0.034657
2017-05-31 19:54:00+02:00,0.032627
2017-05-31 19:55:00+02:00,0.033521
2017-05-31 19:56:00+02:00,0.034169
2017-05-31 19:57:00+02:00,0.038867
2017-05-31 19:58:00+02:00,0.0421
2017-05-31 19:59:00+02:00,0.043917
2017-05-31 20:00:00+02:00,0.042286
2017-05-31 20:01:00+02:00,0.042159
2017-05-31 20:02:00+02:00,0.04276
2017-05-31 20:03:00+02:00,0.037253
2017-05-31 20:04:00+02:00,0.038735
2017-05-31 20:05:00+02:00,0.036476
2017-05-31 20:06:00+02:00,0.032933
2017-05-31 20:07:00+02:00,0.033149
2017-05-31 20:08:00+02:00,0.031908
2017-05-31 20:09:00+02:00,0.029714
2017-05-31 20:10:00+02:00,0.031926
2017-05-31 20:11:00+02:00,0.031944
2017-05-31 20:12:00+02:00,0.029207
2017-05-31 20:13:00+02:00,0.031863
2017-05-31 20:14:00+02:00,0.036133
2017-05-31 20:15:00+02:00,0.034148
2017-05-31 20:16:00+02:00,0.035197
2017-05-31 20:17:00+02:00,0.03601
2017-05-31 20:18:00+02:00,0.034764
2017-05-31 20:19:00+02:00,0.033777
2017-05-31 20:20:00+02:00,0.036706
2017-05-31 20:21:00+02:00,0.03371
2017-05-31 20:22:00+02:00,0.032917
2017-05-31 20:23:00+02:00,0.037828
2017-05-31 20:24:00+02:00,0.040604
2017-05-31 20:25:00+02:00,0.040539
2017-05-31 20:26:00+02:00,0.0351
2017-05-31 20:27:00+02:00,0.037204
2017-05-31 20:28:00+02:00,0.048609
2017-05-31 20:29:00+02:00,0.042441
2017-05-31 20:30:00+02:00,0.04312
2017-05-31 20:31:00+02:00,0.040559
2017-05-31 20:32:00+02:00,0.036167
2017-05-31 20:33:00+02:00,0.040438
2017-05-31 20:34:00+02:00,0.036138
2017-05-31 20:35:00+02:00,0.034038
2017-05-31 20:36:00+02:00,0.037391
2017-05-31 20:37:00+02:00,0.040768
2017-05-31 20:38:00+02:00,0.039334
2017-05-31 20:39:00+02:00,0.036786
2017-05-31 20:40:00+02:00,0.037599
2017-05-31 20:41:00+02:00,0.038912
2017-05-31 20:42:00+02:00,0.035292
2017-05-31 20:43:00+02:00,0.036484
2017-05-31 20:44:00+02:00,0.037648
2017-05-31 20:45:00+02:00,0.037212
2017-05-31 20:46:00+02:00,0.03754
2017-05-31 20:47:00+02:00,0.03541
2017-05-31 20:48:00+02:00,0.039598
2017-05-31 20:49:00+02:00,0.044552
2017-05-31 20:50:00+02:00,0.041609
2017-05-31 20:51:00+02:00,0.043139
2017-05-31 20:52:00+02:00,0.04646
2017-05-31 20:53:00+02:00,0.040437
2017-05-31 20:54:00+02:00,0.036404
2017-05-31 20:55:00+02:00,0.038015
2017-05-31 20:56:00+02:00,0.038045
2017-05-31 20:57:00+02:00,0.039774
2017-05-31 20:58:00+02:00,0.039318
2017-05-31 20:59:00+02:00,0.035869
2017-05-31 21:00:00+02:00,0.033315
2017-05-31 21:01:00+02:00,0.035205
2017-05-31 21:02:00+02:00,0.036144
2017-05-31 21:03:00+02:00,0.033394
2017-05-31 21:04:00+02:00,0.034768
2017-05-31 21:05:00+02:00,0.034339
2017-05-31 21:06:00+02:00,0.036705
2017-05-31 21:07:00+02:00,0.032232
2017-05-31 21:08:00+02:00,0.028366
2017-05-31 21:09:00+02:00,0.03039
2017-05-31 21:10:00+02:00,0.033677
2017-05-31 21:11:00+02:00,0.036979
2017-05-31 21:12:00+02:00,0.038962
2017-05-31 21:13:00+02:00,0.034125
2017-05-31 21:14:00+02:00,0.035295
2017-05-31 21:15:00+02:00,0.037031
2017-05-31 21:16:00+02:00,0.033962
2017-05-31 21:17:00+02:00,0.03354
2017-05-31 21:18:00+02:00,0.033492
2017-05-31 21:19:00+02:00,0.032783
2017-05-31 21:20:00+02:00,0.035229
2017-05-31 21:21:00+02:00,0.031873
2017-05-31 21:22:00+02:00,0.032027
2017-05-31 21:23:00+02:00,0.030037
2017-05-31 21:24:00+02:00,0.032745
2017-05-31 21:25:00+02:00,0.031646
2017-05-31 21:26:00+02:00,0.031564
2017-05-31 21:27:00+02:00,0.033434
2017-05-31 21:28:00+02:00,0.034018
2017-05-31 21:29:00+02:00,0.033845
2017-05-31 21:30:00+02:00,0.035644
2017-05-31 21:31:00+02:00,0.038531
2017-05-31 21:32:00+02:00,0.038478
2017-05-31 21:33:00+02:00,0.039209
2017-05-31 21:34:00+02:00,0.036922
2017-05-31 21:35:00+02:00,0.034731
2017-05-31 21:36:00+02:00,0.033982
2017-05-31 21:37:00+02:00,0.03491
2017-05-31 21:38:00+02:00,0.035442
2017-05-31 21:39:00+02:00,0.031072
2017-05-31 21:40:00+02:00,0.028324
2017-05-31 21:41:00+02:00,0.029295
2017-05-31 21:42:00+02:00,0.028272
2017-05-31 21:43:00+02:00,0.02557
2017-05-31 21:44:00+02:00,0.026282
2017-05-31 21:45:00+02:00,0.027063
2017-05-31 21:46:00+02:00,0.027988
2017-05-31 21:47:00+02:00,0.027516
2017-05-31 21:48:00+02:00,0.03002
2017-05-31 21:49:00+02:00,0.027841
2017-05-31 21:50:00+02:00,0.028329
2017-05-31 21:51:00+02:00,0.029622
2017-05-31 21:52:00+02:00,0.028794
2017-05-31 21:53:00+02:00,0.026384
2017-05-31 21:54:00+02:00,0.029021
2017-05-31 21:55:00+02:00,0.029584
2017-05-31 21:56:00+02:00,0.029855
2017-05-31 21:57:00+02:00,0.030859
2017-05-31 21:58:00+02:00,0.032907
2017-05-31 21:59:00+02:00,0.031637
2017-05-31 22:00:00+02:00,0.029921
2017-05-31 22:01:00+02:00,0.029165
2017-05-31 22:02:00+02:00,0.030845
2017-05-31 22:03:00+02:00,0.033443
2017-05-31 22:04:00+02:00,0.034602
2017-05-31 22:05:00+02:00,0.032426
2017-05-31 22:06:00+02:00,0.028708
2017-05-31 22:07:00+02:00,0.027985
2017-05-31 22:08:00+02:00,0.026632
2017-05-31 22:09:00+02:00,0.027496
2017-05-31 22:10:00+02:00,0.030255
2017-05-31 22:11:00+02:00,0.030532
2017-05-31 22:12:00+02:00,0.030427
2017-05-31 22:13:00+02:00,0.030546
2017-05-31 22:14:00+02:00,0.029684
2017-05-31 22:15:00+02:00,0.029935
2017-05-31 22:16:00+02:00,0.028628
2017-05-31 22:17:00+02:00,0.027425
2017-05-31 22:18:00+02:00,0.028177
2017-05-31 22:19:00+02:00,0.027704
2017-05-31 22:20:00+02:00,0.028448
2017-05-31 22:21:00+02:00,0.035451
2017-05-31 22:22:00+02:00,0.03739
2017-05-31 22:23:00+02:00,0.037837
2017-05-31 22:24:00+02:00,0.031081
2017-05-31 22:25:00+02:00,0.030666
2017-05-31 22:26:00+02:00,0.033682
2017-05-31 22:27:00+02:00,0.031789
2017-05-31 22:28:00+02:00,0.028844
2017-05-31 22:29:00+02:00,0.02827
2017-05-31 22:30:00+02:00,0.02816
2017-05-31 22:31:00+02:00,0.027917
2017-05-31 22:32:00+02:00,0.028411
2017-05-31 22:33:00+02:00,0.026997
2017-05-31 22:34:00+02:00,0.026706
2017-05-31 22:35:00+02:00,0.026325
2017-05-31 22:36:00+02:00,0.026897
2017-05-31 22:37:00+02:00,0.026927
2017-05-31 22:38:00+02:00,0.026112
2017-05-31 22:39:00+02:00,0.030337
2017-05-31 22:40:00+02:00,0.032295
2017-05-31 22:41:00+02:00,0.028635
2017-05-31 22:42:00+02:00,0.028525
2017-05-31 22:43:00+02:00,0.028265
2017-05-31 22:44:00+02:00,0.02734
2017-05-31 22:45:00+02:00,0.02734
2017-05-31 22:46:00+02:00,0.028043
2017-05-31 22:47:00+02:00,0.026416
2017-05-31 22:48:00+02:00,0.027843
2017-05-31 22:49:00+02:00,0.029892
2017-05-31 22:50:00+02:00,0.028857
2017-05-31 22:51:00+02:00,0.027358
2017-05-31 22:52:00+02:00,0.027005
2017-05-31 22:53:00+02:00,0.027326
2017-05-31 22:54:00+02:00,0.029017
2017-05-31 22:55:00+02:00,0.02575
2017-05-31 22:56:00+02:00,0.025432
2017-05-31 22:57:00+02:00,0.025331
2017-05-31 22:58:00+02:00,0.027298
2017-05-31 22:59:00+02:00,0.028061
2017-05-31 23:00:00+02:00,0.028121
2017-05-31 23:01:00+02:00,0.027498
2017-05-31 23:02:00+02:00,0.028071
2017-05-31 23:03:00+02:00,0.025532
2017-05-31 23:04:00+02:00,0.028103
2017-05-31 23:05:00+02:00,0.027751
2017-05-31 23:06:00+02:00,0.027008
2017-05-31 23:07:00+02:00,0.027049
2017-05-31 23:08:00+02:00,0.027761
2017-05-31 23:09:00+02:00,0.026677
2017-05-31 23:10:00+02:00,0.02223
2017-05-31 23:11:00+02:00,0.021908
2017-05-31 23:12:00+02:00,0.02313
2017-05-31 23:13:00+02:00,0.024086
2017-05-31 23:14:00+02:00,0.02381
2017-05-31 23:15:00+02:00,0.022153
2017-05-31 23:16:00+02:00,0.022033
2017-05-31 23:17:00+02:00,0.021933
2017-05-31 23:18:00+02:00,0.024241
2017-05-31 23:19:00+02:00,0.022392
2017-05-31 23:20:00+02:00,0.020406
2017-05-31 23:21:00+02:00,0.022042
2017-05-31 23:22:00+02:00,0.023616
2017-05-31 23:23:00+02:00,0.024
2017-05-31 23:24:00+02:00,0.023387
2017-05-31 23:25:00+02:00,0.024356
2017-05-31 23:26:00+02:00,0.026432
2017-05-31 23:27:00+02:00,0.027344
2017-05-31 23:28:00+02:00,0.025116
2017-05-31 23:29:00+02:00,0.023511
2017-05-31 23:30:00+02:00,0.024919
2017-05-31 23:31:00+02:00,0.026183
2017-05-31 23:32:00+02:00,0.027186
2017-05-31 23:33:00+02:00,0.024527
2017-05-31 23:34:00+02:00,0.023417
2017-05-31 23:35:00+02:00,0.024341
2017-05-31 23:36:00+02:00,0.024995
2017-05-31 23:37:00+02:00,0.02395
2017-05-31 23:38:00+02:00,0.022966
2017-05-31 23:39:00+02:00,0.02156
2017-05-31 23:40:00+02:00,0.021589
2017-05-31 23:41:00+02:00,0.022903
2017-05-31 23:42:00+02:00,0.0225
2017-05-31 23:43:00+02:00,0.020142
2017-05-31 23:44:00+02:00,0.020492
2017-05-31 23:45:00+02:00,0.020743
2017-05-31 23:46:00+02:00,0.021224
2017-05-31 23:47:00+02:00,0.020282
2017-05-31 23:48:00+02:00,0.020061
2017-05-31 23:49:00+02:00,0.019849
2017-05-31 23:50:00+02:00,0.01932
2017-05-31 23:51:00+02:00,0.020233
2017-05-31 23:52:00+02:00,0.022756
2017-05-31 23:53:00+02:00,0.024651
2017-05-31 23:54:00+02:00,0.022421
2017-05-31 23:55:00+02:00,0.020797
2017-05-31 23:56:00+02:00,0.018681
2017-05-31 23:57:00+02:00,0.020648
2017-05-31 23:58:00+02:00,0.021652
2017-05-31 23:59:00+02:00,0.025881
2017-06-01 00:00:00+02:00,0.024636
2017-06-01 00:01:00+02:00,0.023596
2017-06-01 00:02:00+02:00,0.023403
2017-06-01 00:03:00+02:00,0.021738
2017-06-01 00:04:00+02:00,0.023917
2017-06-01 00:05:00+02:00,0.025441
2017-06-01 00:06:00+02:00,0.025199
2017-06-01 00:07:00+02:00,0.026901
2017-06-01 00:08:00+02:00,0.024299
2017-06-01 00:09:00+02:00,0.023525
2017-06-01 00:10:00+02:00,0.026796
2017-06-01 00:11:00+02:00,0.027811
2017-06-01 00:12:00+02:00,0.022962
2017-06-01 00:13:00+02:00,0.015945
2017-06-01 00:14:00+02:00,0.016236
2017-06-01 00:15:00+02:00,0.015905
2017-06-01 00:16:00+02:00,0.016186
2017-06-01 00:17:00+02:00,0.016326
2017-06-01 00:18:00+02:00,0.016426
2017-06-01 00:19:00+02:00,0.018461
2017-06-01 00:20:00+02:00,0.019565
2017-06-01 00:21:00+02:00,0.01877
2017-06-01 00:22:00+02:00,0.016756
2017-06-01 00:23:00+02:00,0.016966
2017-06-01 00:24:00+02:00,0.017188
2017-06-01 00:25:00+02:00,0.018532
2017-06-01 00:26:00+02:00,0.018832
2017-06-01 00:27:00+02:00,0.016125
2017-06-01 00:28:00+02:00,0.015824
2017-06-01 00:29:00+02:00,0.016045
2017-06-01 00:30:00+02:00,0.017838
2017-06-01 00:31:00+02:00,0.018962
2017-06-01 00:32:00+02:00,0.017469
2017-06-01 00:33:00+02:00,0.016858
2017-06-01 00:34:00+02:00,0.018444
2017-06-01 00:35:00+02:00,0.018634
2017-06-01 00:36:00+02:00,0.016146
2017-06-01 00:37:00+02:00,0.015825
2017-06-01 00:38:00+02:00,0.015725
2017-06-01 00:39:00+02:00,0.015835
2017-06-01 00:40:00+02:00,0.016618
2017-06-01 00:41:00+02:00,0.016957
2017-06-01 00:42:00+02:00,0.015905
2017-06-01 00:43:00+02:00,0.015274
2017-06-01 00:44:00+02:00,0.014732
2017-06-01 00:45:00+02:00,0.015103
2017-06-01 00:46:00+02:00,0.014351
2017-06-01 00:47:00+02:00,0.014753
2017-06-01 00:48:00+02:00,0.015133
2017-06-01 00:49:00+02:00,0.016095
2017-06-01 00:50:00+02:00,0.016165
2017-06-01 00:51:00+02:00,0.016255
2017-06-01 00:52:00+02:00,0.015754
2017-06-01 00:53:00+02:00,0.018533
2017-06-01 00:54:00+02:00,0.018272
2017-06-01 00:55:00+02:00,0.019281
2017-06-01 00:56:00+02:00,0.019591
2017-06-01 00:57:00+02:00,0.017598
2017-06-01 00:58:00+02:00,0.016877
2017-06-01 00:59:00+02:00,0.016867
2017-06-01 01:00:00+02:00,0.017098
2017-06-01 01:01:00+02:00,0.015483
2017-06-01 01:02:00+02:00,0.015374
2017-06-01 01:03:00+02:00,0.016466
2017-06-01 01:04:00+02:00,0.01822
2017-06-01 01:05:00+02:00,0.016054
2017-06-01 01:06:00+02:00,0.015243
2017-06-01 01:07:00+02:00,0.015444
2017-06-01 01:08:00+02:00,0.014723
2017-06-01 01:09:00+02:00,0.014402
2017-06-01 01:10:00+02:00,0.015063
2017-06-01 01:11:00+02:00,0.013791
2017-06-01 01:12:00+02:00,0.014172
2017-06-01 01:13:00+02:00,0.013701
2017-06-01 01:14:00+02:00,0.013972
2017-06-01 01:15:00+02:00,0.012869
2017-06-01 01:16:00+02:00,0.013702
2017-06-01 01:17:00+02:00,0.016026
2017-06-01 01:18:00+02:00,0.015877
2017-06-01 01:19:00+02:00,0.016488
2017-06-01 01:20:00+02:00,0.014665
2017-06-01 01:21:00+02:00,0.014032
2017-06-01 01:22:00+02:00,0.014091
2017-06-01 01:23:00+02:00,0.015194
2017-06-01 01:24:00+02:00,0.014705
2017-06-01 01:25:00+02:00,0.014656
2017-06-01 01:26:00+02:00,0.013472
2017-06-01 01:27:00+02:00,0.012911
2017-06-01 01:28:00+02:00,0.013262
2017-06-01 01:29:00+02:00,0.013221
2017-06-01 01:30:00+02:00,0.011778
2017-06-01 01:31:00+02:00,0.011798
2017-06-01 01:32:00+02:00,0.011798
2017-06-01 01:33:00+02:00,0.011818
2017-06-01 01:34:00+02:00,0.012319
2017-06-01 01:35:00+02:00,0.011929
2017-06-01 01:36:00+02:00,0.013422
2017-06-01 01:37:00+02:00,0.014114
2017-06-01 01:38:00+02:00,0.012649
2017-06-01 01:39:00+02:00,0.012569
2017-06-01 01:40:00+02:00,0.01304
2017-06-01 01:41:00+02:00,0.012359
2017-06-01 01:42:00+02:00,0.011838
2017-06-01 01:43:00+02:00,0.012459
2017-06-01 01:44:00+02:00,0.01276
2017-06-01 01:45:00+02:00,0.012268
2017-06-01 01:46:00+02:00,0.012238
2017-06-01 01:47:00+02:00,0.011837
2017-06-01 01:48:00+02:00,0.012448
2017-06-01 01:49:00+02:00,0.012538
2017-06-01 01:50:00+02:00,0.012839
2017-06-01 01:51:00+02:00,0.012138
2017-06-01 01:52:00+02:00,0.011136
2017-06-01 01:53:00+02:00,0.011427
2017-06-01 01:54:00+02:00,0.011957
2017-06-01 01:55:00+02:00,0.011828
2017-06-01 01:56:00+02:00,0.011106
2017-06-01 01:57:00+02:00,0.010806
2017-06-01 01:58:00+02:00,0.011077
2017-06-01 01:59:00+02:00,0.010906
2017-06-01 02:00:00+02:00,0.010545
2017-06-01 02:01:00+02:00,0.010936
2017-06-01 02:02:00+02:00,0.010876
2017-06-01 02:03:00+02:00,0.011327
2017-06-01 02:04:00+02:00,0.011187
2017-06-01 02:05:00+02:00,0.011026
2017-06-01 02:06:00+02:00,0.011577
2017-06-01 02:07:00+02:00,0.011876
2017-06-01 02:08:00+02:00,0.011967
2017-06-01 02:09:00+02:00,0.012348
2017-06-01 02:10:00+02:00,0.010975
2017-06-01 02:11:00+02:00,0.010295
2017-06-01 02:12:00+02:00,0.010015
2017-06-01 02:13:00+02:00,0.010546
2017-06-01 02:14:00+02:00,0.010616
2017-06-01 02:15:00+02:00,0.010456
2017-06-01 02:16:00+02:00,0.010145
2017-06-01 02:17:00+02:00,0.009785
2017-06-01 02:18:00+02:00,0.009905
2017-06-01 02:19:00+02:00,0.009965
2017-06-01 02:20:00+02:00,0.010085
2017-06-01 02:21:00+02:00,0.011165
2017-06-01 02:22:00+02:00,0.010956
2017-06-01 02:23:00+02:00,0.009494
2017-06-01 02:24:00+02:00,0.009514
2017-06-01 02:25:00+02:00,0.009935
2017-06-01 02:26:00+02:00,0.010045
2017-06-01 02:27:00+02:00,0.010245
2017-06-01 02:28:00+02:00,0.009674
2017-06-01 02:29:00+02:00,0.009194
2017-06-01 02:30:00+02:00,0.008783
2017-06-01 02:31:00+02:00,0.008713
2017-06-01 02:32:00+02:00,0.009644
2017-06-01 02:33:00+02:00,0.009424
2017-06-01 02:34:00+02:00,0.009544
2017-06-01 02:35:00+02:00,0.009524
2017-06-01 02:36:00+02:00,0.009744
2017-06-01 02:37:00+02:00,0.009414
2017-06-01 02:38:00+02:00,0.009504
2017-06-01 02:39:00+02:00,0.009184
2017-06-01 02:40:00+02:00,0.008873
2017-06-01 02:41:00+02:00,0.008723
2017-06-01 02:42:00+02:00,0.008984
2017-06-01 02:43:00+02:00,0.009094
2017-06-01 02:44:00+02:00,0.008964
2017-06-01 02:45:00+02:00,0.009104
2017-06-01 02:46:00+02:00,0.009364
2017-06-01 02:47:00+02:00,0.009224
2017-06-01 02:48:00+02:00,0.009144
2017-06-01 02:49:00+02:00,0.009114
2017-06-01 02:50:00+02:00,0.009094
2017-06-01 02:51:00+02:00,0.009384
2017-06-01 02:52:00+02:00,0.009294
2017-06-01 02:53:00+02:00,0.010295
2017-06-01 02:54:00+02:00,0.009974
2017-06-01 02:55:00+02:00,0.010045
2017-06-01 02:56:00+02:00,0.009834
2017-06-01 02:57:00+02:00,0.009624
2017-06-01 02:58:00+02:00,0.009644
2017-06-01 02:59:00+02:00,0.009634
2017-06-01 03:00:00+02:00,0.009654
2017-06-01 03:01:00+02:00,0.009634
2017-06-01 03:02:00+02:00,0.009584
2017-06-01 03:03:00+02:00,0.009754
2017-06-01 03:04:00+02:00,0.009684
2017-06-01 03:05:00+02:00,0.009594
2017-06-01 03:06:00+02:00,0.009074
2017-06-01 03:07:00+02:00,0.009414
2017-06-01 03:08:00+02:00,0.009334
2017-06-01 03:09:00+02:00,0.009344
2017-06-01 03:10:00+02:00,0.009123
2017-06-01 03:11:00+02:00,0.008973
2017-06-01 03:12:00+02:00,0.008433
2017-06-01 03:13:00+02:00,0.008343
2017-06-01 03:14:00+02:00,0.008523
2017-06-01 03:15:00+02:00,0.010457
2017-06-01 03:16:00+02:00,0.010025
2017-06-01 03:17:00+02:00,0.009243
2017-06-01 03:18:00+02:00,0.009264
2017-06-01 03:19:00+02:00,0.009254
2017-06-01 03:20:00+02:00,0.009594
2017-06-01 03:21:00+02:00,0.009324
2017-06-01 03:22:00+02:00,0.009243
2017-06-01 03:23:00+02:00,0.009364
2017-06-01 03:24:00+02:00,0.009714
2017-06-01 03:25:00+02:00,0.009654
2017-06-01 03:26:00+02:00,0.009544
2017-06-01 03:27:00+02:00,0.009594
2017-06-01 03:28:00+02:00,0.009494
2017-06-01 03:29:00+02:00,0.009694
2017-06-01 03:30:00+02:00,0.010084
2017-06-01 03:31:00+02:00,0.008953
2017-06-01 03:32:00+02:00,0.008913
2017-06-01 03:33:00+02:00,0.008893
2017-06-01 03:34:00+02:00,0.009253
2017-06-01 03:35:00+02:00,0.009354
2017-06-01 03:36:00+02:00,0.009384
2017-06-01 03:37:00+02:00,0.009534
2017-06-01 03:38:00+02:00,0.009324
2017-06-01 03:39:00+02:00,0.010185
2017-06-01 03:40:00+02:00,0.009824
2017-06-01 03:41:00+02:00,0.009584
2017-06-01 03:42:00+02:00,0.009234
2017-06-01 03:43:00+02:00,0.009304
2017-06-01 03:44:00+02:00,0.009514
2017-06-01 03:45:00+02:00,0.009414
2017-06-01 03:46:00+02:00,0.009144
2017-06-01 03:47:00+02:00,0.009444
2017-06-01 03:48:00+02:00,0.009834
2017-06-01 03:49:00+02:00,0.009944
2017-06-01 03:50:00+02:00,0.009874
2017-06-01 03:51:00+02:00,0.010275
2017-06-01 03:52:00+02:00,0.009975
2017-06-01 03:53:00+02:00,0.009865
2017-06-01 03:54:00+02:00,0.009614
2017-06-01 03:55:00+02:00,0.009144
2017-06-01 03:56:00+02:00,0.008984
2017-06-01 03:57:00+02:00,0.008973
2017-06-01 03:58:00+02:00,0.009484
2017-06-01 03:59:00+02:00,0.009504
2017-06-01 04:00:00+02:00,0.009314
2017-06-01 04:01:00+02:00,0.009254
2017-06-01 04:02:00+02:00,0.009274
2017-06-01 04:03:00+02:00,0.009414
2017-06-01 04:04:00+02:00,0.009464
2017-06-01 04:05:00+02:00,0.009224
2017-06-01 04:06:00+02:00,0.009734
2017-06-01 04:07:00+02:00,0.009884
2017-06-01 04:08:00+02:00,0.009754
2017-06-01 04:09:00+02:00,0.009284
2017-06-01 04:10:00+02:00,0.009494
2017-06-01 04:11:00+02:00,0.009544
2017-06-01 04:12:00+02:00,0.009594
2017-06-01 04:13:00+02:00,0.009575
2017-06-01 04:14:00+02:00,0.009615
2017-06-01 04:15:00+02:00,0.009244
2017-06-01 04:16:00+02:00,0.008984
2017-06-01 04:17:00+02:00,0.008813
2017-06-01 04:18:00+02:00,0.008693
2017-06-01 04:19:00+02:00,0.008753
2017-06-01 04:20:00+02:00,0.008583
2017-06-01 04:21:00+02:00,0.008874
2017-06-01 04:22:00+02:00,0.009114
2017-06-01 04:23:00+02:00,0.009204
2017-06-01 04:24:00+02:00,0.009284
2017-06-01 04:25:00+02:00,0.009304
2017-06-01 04:26:00+02:00,0.008854
2017-06-01 04:27:00+02:00,0.008763
2017-06-01 04:28:00+02:00,0.008904
2017-06-01 04:29:00+02:00,0.008734
2017-06-01 04:30:00+02:00,0.008814
2017-06-01 04:31:00+02:00,0.008904
2017-06-01 04:32:00+02:00,0.009975
2017-06-01 04:33:00+02:00,0.011077
2017-06-01 04:34:00+02:00,0.009534
2017-06-01 04:35:00+02:00,0.009304
2017-06-01 04:36:00+02:00,0.009504
2017-06-01 04:37:00+02:00,0.009434
2017-06-01 04:38:00+02:00,0.009154
2017-06-01 04:39:00+02:00,0.009014
2017-06-01 04:40:00+02:00,0.008714
2017-06-01 04:41:00+02:00,0.008724
2017-06-01 04:42:00+02:00,0.008844
2017-06-01 04:43:00+02:00,0.008694
2017-06-01 04:44:00+02:00,0.008804
2017-06-01 04:45:00+02:00,0.008894
2017-06-01 04:46:00+02:00,0.009234
2017-06-01 04:47:00+02:00,0.009434
2017-06-01 04:48:00+02:00,0.009955
2017-06-01 04:49:00+02:00,0.009494
2017-06-01 04:50:00+02:00,0.009655
2017-06-01 04:51:00+02:00,0.009515
2017-06-01 04:52:00+02:00,0.009194
2017-06-01 04:53:00+02:00,0.008573
2017-06-01 04:54:00+02:00,0.008263
2017-06-01 04:55:00+02:00,0.008503
2017-06-01 04:56:00+02:00,0.009204
2017-06-01 04:57:00+02:00,0.009144
2017-06-01 04:58:00+02:00,0.008543
2017-06-01 04:59:00+02:00,0.008523
2017-06-01 05:00:00+02:00,0.008263
2017-06-01 05:01:00+02:00,0.008153
2017-06-01 05:02:00+02:00,0.008473
2017-06-01 05:03:00+02:00,0.009305
2017-06-01 05:04:00+02:00,0.008403
2017-06-01 05:05:00+02:00,0.008634
2017-06-01 05:06:00+02:00,0.008664
2017-06-01 05:07:00+02:00,0.009024
2017-06-01 05:08:00+02:00,0.009174
2017-06-01 05:09:00+02:00,0.009264
2017-06-01 05:10:00+02:00,0.009003
2017-06-01 05:11:00+02:00,0.009063
2017-06-01 05:12:00+02:00,0.009003
2017-06-01 05:13:00+02:00,0.009254
2017-06-01 05:14:00+02:00,0.009323
2017-06-01 05:15:00+02:00,0.009063
2017-06-01 05:16:00+02:00,0.009284
2017-06-01 05:17:00+02:00,0.009444
2017-06-01 05:18:00+02:00,0.009974
2017-06-01 05:19:00+02:00,0.010285
2017-06-01 05:20:00+02:00,0.010435
2017-06-01 05:21:00+02:00,0.010676
2017-06-01 05:22:00+02:00,0.010957
2017-06-01 05:23:00+02:00,0.010025
2017-06-01 05:24:00+02:00,0.010035
2017-06-01 05:25:00+02:00,0.010576
2017-06-01 05:26:00+02:00,0.009424
2017-06-01 05:27:00+02:00,0.009404
2017-06-01 05:28:00+02:00,0.009604
2017-06-01 05:29:00+02:00,0.009524
2017-06-01 05:30:00+02:00,0.009614
2017-06-01 05:31:00+02:00,0.009504
2017-06-01 05:32:00+02:00,0.009804
2017-06-01 05:33:00+02:00,0.009765
2017-06-01 05:34:00+02:00,0.009885
2017-06-01 05:35:00+02:00,0.009805
2017-06-01 05:36:00+02:00,0.010005
2017-06-01 05:37:00+02:00,0.009775
2017-06-01 05:38:00+02:00,0.010005
2017-06-01 05:39:00+02:00,0.010265
2017-06-01 05:40:00+02:00,0.010015
2017-06-01 05:41:00+02:00,0.009755
2017-06-01 05:42:00+02:00,0.009645
2017-06-01 05:43:00+02:00,0.009424
2017-06-01 05:44:00+02:00,0.009194
2017-06-01 05:45:00+02:00,0.008934
2017-06-01 05:46:00+02:00,0.008573
2017-06-01 05:47:00+02:00,0.008363
2017-06-01 05:48:00+02:00,0.008303
2017-06-01 05:49:00+02:00,0.009084
2017-06-01 05:50:00+02:00,0.010316
2017-06-01 05:51:00+02:00,0.009043
2017-06-01 05:52:00+02:00,0.008473
2017-06-01 05:53:00+02:00,0.008913
2017-06-01 05:54:00+02:00,0.009213
2017-06-01 05:55:00+02:00,0.009344
2017-06-01 05:56:00+02:00,0.009644
2017-06-01 05:57:00+02:00,0.010054
2017-06-01 05:58:00+02:00,0.010344
2017-06-01 05:59:00+02:00,0.009854
2017-06-01 06:00:00+02:00,0.009294
2017-06-01 06:01:00+02:00,0.009414
2017-06-01 06:02:00+02:00,0.009514
2017-06-01 06:03:00+02:00,0.009684
2017-06-01 06:04:00+02:00,0.010105
2017-06-01 06:05:00+02:00,0.009504
2017-06-01 06:06:00+02:00,0.009824
2017-06-01 06:07:00+02:00,0.010415
2017-06-01 06:08:00+02:00,0.015004
2017-06-01 06:09:00+02:00,0.010785
2017-06-01 06:10:00+02:00,0.012436
2017-06-01 06:11:00+02:00,0.012327
2017-06-01 06:12:00+02:00,0.011956
2017-06-01 06:13:00+02:00,0.011376
2017-06-01 06:14:00+02:00,0.010845
2017-06-01 06:15:00+02:00,0.011676
2017-06-01 06:16:00+02:00,0.011135
2017-06-01 06:17:00+02:00,0.012707
2017-06-01 06:18:00+02:00,0.012347
2017-06-01 06:19:00+02:00,0.013208
2017-06-01 06:20:00+02:00,0.012607
2017-06-01 06:21:00+02:00,0.011936
2017-06-01 06:22:00+02:00,0.011035
2017-06-01 06:23:00+02:00,0.010965
2017-06-01 06:24:00+02:00,0.011356
2017-06-01 06:25:00+02:00,0.011476
2017-06-01 06:26:00+02:00,0.012537
2017-06-01 06:27:00+02:00,0.012117
2017-06-01 06:28:00+02:00,0.011717
2017-06-01 06:29:00+02:00,0.011617
2017-06-01 06:30:00+02:00,0.011547
2017-06-01 06:31:00+02:00,0.011757
2017-06-01 06:32:00+02:00,0.012338
2017-06-01 06:33:00+02:00,0.012748
2017-06-01 06:34:00+02:00,0.012658
2017-06-01 06:35:00+02:00,0.012308
2017-06-01 06:36:00+02:00,0.011937
2017-06-01 06:37:00+02:00,0.01419
2017-06-01 06:38:00+02:00,0.015844
2017-06-01 06:39:00+02:00,0.012228
2017-06-01 06:40:00+02:00,0.011627
2017-06-01 06:41:00+02:00,0.012107
2017-06-01 06:42:00+02:00,0.012557
2017-06-01 06:43:00+02:00,0.013239
2017-06-01 06:44:00+02:00,0.013239
2017-06-01 06:45:00+02:00,0.015711
2017-06-01 06:46:00+02:00,0.015532
2017-06-01 06:47:00+02:00,0.015512
2017-06-01 06:48:00+02:00,0.014501
2017-06-01 06:49:00+02:00,0.015202
2017-06-01 06:50:00+02:00,0.016113
2017-06-01 06:51:00+02:00,0.01442
2017-06-01 06:52:00+02:00,0.015651
2017-06-01 06:53:00+02:00,0.015069
2017-06-01 06:54:00+02:00,0.014908
2017-06-01 06:55:00+02:00,0.015439
2017-06-01 06:56:00+02:00,0.01606
2017-06-01 06:57:00+02:00,0.014188
2017-06-01 06:58:00+02:00,0.015511
2017-06-01 06:59:00+02:00,0.016184
2017-06-01 07:00:00+02:00,0.016681
2017-06-01 07:01:00+02:00,0.018174
2017-06-01 07:02:00+02:00,0.016631
2017-06-01 07:03:00+02:00,0.014628
2017-06-01 07:04:00+02:00,0.01661
2017-06-01 07:05:00+02:00,0.016611
2017-06-01 07:06:00+02:00,0.0158
2017-06-01 07:07:00+02:00,0.01535
2017-06-01 07:08:00+02:00,0.017934
2017-06-01 07:09:00+02:00,0.019116
2017-06-01 07:10:00+02:00,0.017684
2017-06-01 07:11:00+02:00,0.015381
2017-06-01 07:12:00+02:00,0.016903
2017-06-01 07:13:00+02:00,0.021161
2017-06-01 07:14:00+02:00,0.021566
2017-06-01 07:15:00+02:00,0.033987
2017-06-01 07:16:00+02:00,0.034903
2017-06-01 07:17:00+02:00,0.035076
2017-06-01 07:18:00+02:00,0.038906
2017-06-01 07:19:00+02:00,0.039518
2017-06-01 07:20:00+02:00,0.040918
2017-06-01 07:21:00+02:00,0.039816
2017-06-01 07:22:00+02:00,0.035734
2017-06-01 07:23:00+02:00,0.035654
2017-06-01 07:24:00+02:00,0.031035
2017-06-01 07:25:00+02:00,0.028991
2017-06-01 07:26:00+02:00,0.027357
2017-06-01 07:27:00+02:00,0.028374
2017-06-01 07:28:00+02:00,0.027327
2017-06-01 07:29:00+02:00,0.029658
2017-06-01 07:30:00+02:00,0.023149
2017-06-01 07:31:00+02:00,0.022723
2017-06-01 07:32:00+02:00,0.021089
2017-06-01 07:33:00+02:00,0.022275
2017-06-01 07:34:00+02:00,0.023635
2017-06-01 07:35:00+02:00,0.025177
2017-06-01 07:36:00+02:00,0.024424
2017-06-01 07:37:00+02:00,0.023799
2017-06-01 07:38:00+02:00,0.022265
2017-06-01 07:39:00+02:00,0.021993
2017-06-01 07:40:00+02:00,0.023008
2017-06-01 07:41:00+02:00,0.022506
2017-06-01 07:42:00+02:00,0.024653
2017-06-01 07:43:00+02:00,0.024605
2017-06-01 07:44:00+02:00,0.024098
2017-06-01 07:45:00+02:00,0.01893
2017-06-01 07:46:00+02:00,0.019813
2017-06-01 07:47:00+02:00,0.020105
2017-06-01 07:48:00+02:00,0.018368
2017-06-01 07:49:00+02:00,0.019482
2017-06-01 07:50:00+02:00,0.021175
2017-06-01 07:51:00+02:00,0.030174
2017-06-01 07:52:00+02:00,0.02793
2017-06-01 07:53:00+02:00,0.024067
2017-06-01 07:54:00+02:00,0.023817
2017-06-01 07:55:00+02:00,0.024169
2017-06-01 07:56:00+02:00,0.025292
2017-06-01 07:57:00+02:00,0.019726
2017-06-01 07:58:00+02:00,0.022092
2017-06-01 07:59:00+02:00,0.025083
2017-06-01 08:00:00+02:00,0.023989
2017-06-01 08:01:00+02:00,0.02118
2017-06-01 08:02:00+02:00,0.021612
2017-06-01 08:03:00+02:00,0.019314
2017-06-01 08:04:00+02:00,0.019134
2017-06-01 08:05:00+02:00,0.019014
2017-06-01 08:06:00+02:00,0.020118
2017-06-01 08:07:00+02:00,0.02108
2017-06-01 08:08:00+02:00,0.022193
2017-06-01 08:09:00+02:00,0.019134
2017-06-01 08:10:00+02:00,0.018954
2017-06-01 08:11:00+02:00,0.020805
2017-06-01 08:12:00+02:00,0.023398
2017-06-01 08:13:00+02:00,0.020308
2017-06-01 08:14:00+02:00,0.025297
2017-06-01 08:15:00+02:00,0.025449
2017-06-01 08:16:00+02:00,0.026313
2017-06-01 08:17:00+02:00,0.027516
2017-06-01 08:18:00+02:00,0.027455
2017-06-01 08:19:00+02:00,0.0263
2017-06-01 08:20:00+02:00,0.026009
2017-06-01 08:21:00+02:00,0.026131
2017-06-01 08:22:00+02:00,0.02659
2017-06-01 08:23:00+02:00,0.028384
2017-06-01 08:24:00+02:00,0.023313
2017-06-01 08:25:00+02:00,0.021217
2017-06-01 08:26:00+02:00,0.020948
2017-06-01 08:27:00+02:00,0.023659
2017-06-01 08:28:00+02:00,0.021067
2017-06-01 08:29:00+02:00,0.01871
2017-06-01 08:30:00+02:00,0.020055
2017-06-01 08:31:00+02:00,0.022875
2017-06-01 08:32:00+02:00,0.023953
2017-06-01 08:33:00+02:00,0.020758
2017-06-01 08:34:00+02:00,0.019893
2017-06-01 08:35:00+02:00,0.020847
2017-06-01 08:36:00+02:00,0.021338
2017-06-01 08:37:00+02:00,0.020626
2017-06-01 08:38:00+02:00,0.023273
2017-06-01 08:39:00+02:00,0.022518
2017-06-01 08:40:00+02:00,0.022868
2017-06-01 08:41:00+02:00,0.023713
2017-06-01 08:42:00+02:00,0.023734
2017-06-01 08:43:00+02:00,0.021653
2017-06-01 08:44:00+02:00,0.021834
2017-06-01 08:45:00+02:00,0.022698
2017-06-01 08:46:00+02:00,0.022547
2017-06-01 08:47:00+02:00,0.022436
2017-06-01 08:48:00+02:00,0.023689
2017-06-01 08:49:00+02:00,0.023297
2017-06-01 08:50:00+02:00,0.024411
2017-06-01 08:51:00+02:00,0.023067
2017-06-01 08:52:00+02:00,0.026474
2017-06-01 08:53:00+02:00,0.024761
2017-06-01 08:54:00+02:00,0.022715
2017-06-01 08:55:00+02:00,0.02071
2017-06-01 08:56:00+02:00,0.02118
2017-06-01 08:57:00+02:00,0.023207
2017-06-01 08:58:00+02:00,0.02429
2017-06-01 08:59:00+02:00,0.023187
2017-06-01 09:00:00+02:00,0.021061
2017-06-01 09:01:00+02:00,0.021895
2017-06-01 09:02:00+02:00,0.021193
2017-06-01 09:03:00+02:00,0.020281
2017-06-01 09:04:00+02:00,0.020501
2017-06-01 09:05:00+02:00,0.022035
2017-06-01 09:06:00+02:00,0.022889
2017-06-01 09:07:00+02:00,0.021386
2017-06-01 09:08:00+02:00,0.019182
2017-06-01 09:09:00+02:00,0.019794
2017-06-01 09:10:00+02:00,0.019944
2017-06-01 09:11:00+02:00,0.018358
2017-06-01 09:12:00+02:00,0.019081
2017-06-01 09:13:00+02:00,0.017977
2017-06-01 09:14:00+02:00,0.017678
2017-06-01 09:15:00+02:00,0.018891
2017-06-01 09:16:00+02:00,0.020105
2017-06-01 09:17:00+02:00,0.019774
2017-06-01 09:18:00+02:00,0.018972
2017-06-01 09:19:00+02:00,0.018782
2017-06-01 09:20:00+02:00,0.021701
2017-06-01 09:21:00+02:00,0.02175
2017-06-01 09:22:00+02:00,0.021478
2017-06-01 09:23:00+02:00,0.02185
2017-06-01 09:24:00+02:00,0.021449
2017-06-01 09:25:00+02:00,0.017598
2017-06-01 09:26:00+02:00,0.01426
2017-06-01 09:27:00+02:00,0.014531
2017-06-01 09:28:00+02:00,0.017378
2017-06-01 09:29:00+02:00,0.015433
2017-06-01 09:30:00+02:00,0.01468
2017-06-01 09:31:00+02:00,0.015
2017-06-01 09:32:00+02:00,0.016774
2017-06-01 09:33:00+02:00,0.018198
2017-06-01 09:34:00+02:00,0.018259
2017-06-01 09:35:00+02:00,0.01862
2017-06-01 09:36:00+02:00,0.01853
2017-06-01 09:37:00+02:00,0.021588
2017-06-01 09:38:00+02:00,0.026931
2017-06-01 09:39:00+02:00,0.026591
2017-06-01 09:40:00+02:00,0.026231
2017-06-01 09:41:00+02:00,0.025089
2017-06-01 09:42:00+02:00,0.026082
2017-06-01 09:43:00+02:00,0.019446
2017-06-01 09:44:00+02:00,0.017369
2017-06-01 09:45:00+02:00,0.019363
2017-06-01 09:46:00+02:00,0.020065
2017-06-01 09:47:00+02:00,0.022067
2017-06-01 09:48:00+02:00,0.021616
2017-06-01 09:49:00+02:00,0.019622
2017-06-01 09:50:00+02:00,0.019632
2017-06-01 09:51:00+02:00,0.019342
2017-06-01 09:52:00+02:00,0.020892
2017-06-01 09:53:00+02:00,0.021275
2017-06-01 09:54:00+02:00,0.018849
2017-06-01 09:55:00+02:00,0.01911
2017-06-01 09:56:00+02:00,0.017796
2017-06-01 09:57:00+02:00,0.019888
2017-06-01 09:58:00+02:00,0.020131
2017-06-01 09:59:00+02:00,0.019481
2017-06-01 10:00:00+02:00,0.021195
2017-06-01 10:01:00+02:00,0.021526
2017-06-01 10:02:00+02:00,0.021456
2017-06-01 10:03:00+02:00,0.01964
2017-06-01 10:04:00+02:00,0.020764
2017-06-01 10:05:00+02:00,0.022028
2017-06-01 10:06:00+02:00,0.021387
2017-06-01 10:07:00+02:00,0.02223
2017-06-01 10:08:00+02:00,0.021577
2017-06-01 10:09:00+02:00,0.01946
2017-06-01 10:10:00+02:00,0.018048
2017-06-01 10:11:00+02:00,0.019331
2017-06-01 10:12:00+02:00,0.018327
2017-06-01 10:13:00+02:00,0.019119
2017-06-01 10:14:00+02:00,0.017156
2017-06-01 10:15:00+02:00,0.016835
2017-06-01 10:16:00+02:00,0.016534
2017-06-01 10:17:00+02:00,0.016254
2017-06-01 10:18:00+02:00,0.015973
2017-06-01 10:19:00+02:00,0.015712
2017-06-01 10:20:00+02:00,0.015291
2017-06-01 10:21:00+02:00,0.015342
2017-06-01 10:22:00+02:00,0.015121
2017-06-01 10:23:00+02:00,0.017447
2017-06-01 10:24:00+02:00,0.018192
2017-06-01 10:25:00+02:00,0.017562
2017-06-01 10:26:00+02:00,0.017732
2017-06-01 10:27:00+02:00,0.017943
2017-06-01 10:28:00+02:00,0.016136
2017-06-01 10:29:00+02:00,0.014762
2017-06-01 10:30:00+02:00,0.01368
2017-06-01 10:31:00+02:00,0.014121
2017-06-01 10:32:00+02:00,0.014121
2017-06-01 10:33:00+02:00,0.014932
2017-06-01 10:34:00+02:00,0.013238
2017-06-01 10:35:00+02:00,0.012928
2017-06-01 10:36:00+02:00,0.012718
2017-06-01 10:37:00+02:00,0.012809
2017-06-01 10:38:00+02:00,0.013919
2017-06-01 10:39:00+02:00,0.01555
2017-06-01 10:40:00+02:00,0.015411
2017-06-01 10:41:00+02:00,0.015871
2017-06-01 10:42:00+02:00,0.015842
2017-06-01 10:43:00+02:00,0.015572
2017-06-01 10:44:00+02:00,0.018089
2017-06-01 10:45:00+02:00,0.019744
2017-06-01 10:46:00+02:00,0.018952
2017-06-01 10:47:00+02:00,0.019323
2017-06-01 10:48:00+02:00,0.016374
2017-06-01 10:49:00+02:00,0.015722
2017-06-01 10:50:00+02:00,0.016404
2017-06-01 10:51:00+02:00,0.016936
2017-06-01 10:52:00+02:00,0.016875
2017-06-01 10:53:00+02:00,0.014019
2017-06-01 10:54:00+02:00,0.016557
2017-06-01 10:55:00+02:00,0.016466
2017-06-01 10:56:00+02:00,0.016526
2017-06-01 10:57:00+02:00,0.014059
2017-06-01 10:58:00+02:00,0.01543
2017-06-01 10:59:00+02:00,0.014539
2017-06-01 11:00:00+02:00,0.01493
2017-06-01 11:01:00+02:00,0.014721
2017-06-01 11:02:00+02:00,0.015131
2017-06-01 11:03:00+02:00,0.015191
2017-06-01 11:04:00+02:00,0.015212
2017-06-01 11:05:00+02:00,0.015472
2017-06-01 11:06:00+02:00,0.016293
2017-06-01 11:07:00+02:00,0.016976
2017-06-01 11:08:00+02:00,0.016244
2017-06-01 11:09:00+02:00,0.015833
2017-06-01 11:10:00+02:00,0.016524
2017-06-01 11:11:00+02:00,0.016745
2017-06-01 11:12:00+02:00,0.01472
2017-06-01 11:13:00+02:00,0.016183
2017-06-01 11:14:00+02:00,0.016325
2017-06-01 11:15:00+02:00,0.019091
2017-06-01 11:16:00+02:00,0.019814
2017-06-01 11:17:00+02:00,0.023868
2017-06-01 11:18:00+02:00,0.021769
2017-06-01 11:19:00+02:00,0.019522
2017-06-01 11:20:00+02:00,0.018138
2017-06-01 11:21:00+02:00,0.017717
2017-06-01 11:22:00+02:00,0.018086
2017-06-01 11:23:00+02:00,0.019899
2017-06-01 11:24:00+02:00,0.02024
2017-06-01 11:25:00+02:00,0.018236
2017-06-01 11:26:00+02:00,0.018337
2017-06-01 11:27:00+02:00,0.018808
2017-06-01 11:28:00+02:00,0.020381
2017-06-01 11:29:00+02:00,0.020521
2017-06-01 11:30:00+02:00,0.019077
2017-06-01 11:31:00+02:00,0.018867
2017-06-01 11:32:00+02:00,0.018055
2017-06-01 11:33:00+02:00,0.018957
2017-06-01 11:34:00+02:00,0.019657
2017-06-01 11:35:00+02:00,0.019278
2017-06-01 11:36:00+02:00,0.017886
2017-06-01 11:37:00+02:00,0.021432
2017-06-01 11:38:00+02:00,0.021779
2017-06-01 11:39:00+02:00,0.022241
2017-06-01 11:40:00+02:00,0.022031
2017-06-01 11:41:00+02:00,0.022784
2017-06-01 11:42:00+02:00,0.023074
2017-06-01 11:43:00+02:00,0.023575
2017-06-01 11:44:00+02:00,0.024276
2017-06-01 11:45:00+02:00,0.02155
2017-06-01 11:46:00+02:00,0.020832
2017-06-01 11:47:00+02:00,0.01959
2017-06-01 11:48:00+02:00,0.019039
2017-06-01 11:49:00+02:00,0.018139
2017-06-01 11:50:00+02:00,0.017899
2017-06-01 11:51:00+02:00,0.025245
2017-06-01 11:52:00+02:00,0.025518
2017-06-01 11:53:00+02:00,0.022726
2017-06-01 11:54:00+02:00,0.019543
2017-06-01 11:55:00+02:00,0.021198
2017-06-01 11:56:00+02:00,0.019764
2017-06-01 11:57:00+02:00,0.019504
2017-06-01 11:58:00+02:00,0.020063
2017-06-01 11:59:00+02:00,0.021326
2017-06-01 12:00:00+02:00,0.019194
2017-06-01 12:01:00+02:00,0.018272
2017-06-01 12:02:00+02:00,0.017871
2017-06-01 12:03:00+02:00,0.017149
2017-06-01 12:04:00+02:00,0.018091
2017-06-01 12:05:00+02:00,0.018032
2017-06-01 12:06:00+02:00,0.017649
2017-06-01 12:07:00+02:00,0.01868
2017-06-01 12:08:00+02:00,0.018068
2017-06-01 12:09:00+02:00,0.017205
2017-06-01 12:10:00+02:00,0.017356
2017-06-01 12:11:00+02:00,0.018008
2017-06-01 12:12:00+02:00,0.019
2017-06-01 12:13:00+02:00,0.019252
2017-06-01 12:14:00+02:00,0.020977
2017-06-01 12:15:00+02:00,0.031206
2017-06-01 12:16:00+02:00,0.030857
2017-06-01 12:17:00+02:00,0.031207
2017-06-01 12:18:00+02:00,0.031247
2017-06-01 12:19:00+02:00,0.031337
2017-06-01 12:20:00+02:00,0.031779
2017-06-01 12:21:00+02:00,0.029214
2017-06-01 12:22:00+02:00,0.028301
2017-06-01 12:23:00+02:00,0.027676
2017-06-01 12:24:00+02:00,0.025897
2017-06-01 12:25:00+02:00,0.025283
2017-06-01 12:26:00+02:00,0.023215
2017-06-01 12:27:00+02:00,0.023526
2017-06-01 12:28:00+02:00,0.025286
2017-06-01 12:29:00+02:00,0.025639
2017-06-01 12:30:00+02:00,0.02114
2017-06-01 12:31:00+02:00,0.020136
2017-06-01 12:32:00+02:00,0.022331
2017-06-01 12:33:00+02:00,0.019664
2017-06-01 12:34:00+02:00,0.018682
2017-06-01 12:35:00+02:00,0.019787
2017-06-01 12:36:00+02:00,0.019764
2017-06-01 12:37:00+02:00,0.022275
2017-06-01 12:38:00+02:00,0.021946
2017-06-01 12:39:00+02:00,0.021815
2017-06-01 12:40:00+02:00,0.020923
2017-06-01 12:41:00+02:00,0.021104
2017-06-01 12:42:00+02:00,0.020523
2017-06-01 12:43:00+02:00,0.020202
2017-06-01 12:44:00+02:00,0.020721
2017-06-01 12:45:00+02:00,0.019037
2017-06-01 12:46:00+02:00,0.019387
2017-06-01 12:47:00+02:00,0.020459
2017-06-01 12:48:00+02:00,0.02157
2017-06-01 12:49:00+02:00,0.018706
2017-06-01 12:50:00+02:00,0.018106
2017-06-01 12:51:00+02:00,0.020757
2017-06-01 12:52:00+02:00,0.019311
2017-06-01 12:53:00+02:00,0.020445
2017-06-01 12:54:00+02:00,0.020003
2017-06-01 12:55:00+02:00,0.021597
2017-06-01 12:56:00+02:00,0.018568
2017-06-01 12:57:00+02:00,0.019701
2017-06-01 12:58:00+02:00,0.01925
2017-06-01 12:59:00+02:00,0.022476
2017-06-01 13:00:00+02:00,0.019279
2017-06-01 13:01:00+02:00,0.01923
2017-06-01 13:02:00+02:00,0.018107
2017-06-01 13:03:00+02:00,0.020244
2017-06-01 13:04:00+02:00,0.020636
2017-06-01 13:05:00+02:00,0.023074
2017-06-01 13:06:00+02:00,0.021548
2017-06-01 13:07:00+02:00,0.02178
2017-06-01 13:08:00+02:00,0.022652
2017-06-01 13:09:00+02:00,0.025521
2017-06-01 13:10:00+02:00,0.022668
2017-06-01 13:11:00+02:00,0.024255
2017-06-01 13:12:00+02:00,0.024268
2017-06-01 13:13:00+02:00,0.023518
2017-06-01 13:14:00+02:00,0.023508
2017-06-01 13:15:00+02:00,0.022293
2017-06-01 13:16:00+02:00,0.025055
2017-06-01 13:17:00+02:00,0.02344
2017-06-01 13:18:00+02:00,0.022335
2017-06-01 13:19:00+02:00,0.023903
2017-06-01 13:20:00+02:00,0.02515
2017-06-01 13:21:00+02:00,0.022308
2017-06-01 13:22:00+02:00,0.020127
2017-06-01 13:23:00+02:00,0.019427
2017-06-01 13:24:00+02:00,0.020471
2017-06-01 13:25:00+02:00,0.021606
2017-06-01 13:26:00+02:00,0.021187
2017-06-01 13:27:00+02:00,0.020636
2017-06-01 13:28:00+02:00,0.020787
2017-06-01 13:29:00+02:00,0.02195
2017-06-01 13:30:00+02:00,0.021961
2017-06-01 13:31:00+02:00,0.021099
2017-06-01 13:32:00+02:00,0.02138
2017-06-01 13:33:00+02:00,0.022321
2017-06-01 13:34:00+02:00,0.02143
2017-06-01 13:35:00+02:00,0.022044
2017-06-01 13:36:00+02:00,0.018843
2017-06-01 13:37:00+02:00,0.015873
2017-06-01 13:38:00+02:00,0.015372
2017-06-01 13:39:00+02:00,0.015372
2017-06-01 13:40:00+02:00,0.015732
2017-06-01 13:41:00+02:00,0.016886
2017-06-01 13:42:00+02:00,0.019855
2017-06-01 13:43:00+02:00,0.023705
2017-06-01 13:44:00+02:00,0.019825
2017-06-01 13:45:00+02:00,0.021481
2017-06-01 13:46:00+02:00,0.019223
2017-06-01 13:47:00+02:00,0.02197
2017-06-01 13:48:00+02:00,0.024617
2017-06-01 13:49:00+02:00,0.023854
2017-06-01 13:50:00+02:00,0.023257
2017-06-01 13:51:00+02:00,0.021522
2017-06-01 13:52:00+02:00,0.024296
2017-06-01 13:53:00+02:00,0.025742
2017-06-01 13:54:00+02:00,0.024725
2017-06-01 13:55:00+02:00,0.024909
2017-06-01 13:56:00+02:00,0.020316
2017-06-01 13:57:00+02:00,0.021548
2017-06-01 13:58:00+02:00,0.02534
2017-06-01 13:59:00+02:00,0.02511
2017-06-01 14:00:00+02:00,0.030974
2017-06-01 14:01:00+02:00,0.031021
2017-06-01 14:02:00+02:00,0.030857
2017-06-01 14:03:00+02:00,0.030086
2017-06-01 14:04:00+02:00,0.030117
2017-06-01 14:05:00+02:00,0.028442
2017-06-01 14:06:00+02:00,0.018317
2017-06-01 14:07:00+02:00,0.018518
2017-06-01 14:08:00+02:00,0.018338
2017-06-01 14:09:00+02:00,0.017818
2017-06-01 14:10:00+02:00,0.018219
2017-06-01 14:11:00+02:00,0.0184
2017-06-01 14:12:00+02:00,0.01883
2017-06-01 14:13:00+02:00,0.022424
2017-06-01 14:14:00+02:00,0.027295
2017-06-01 14:15:00+02:00,0.028286
2017-06-01 14:16:00+02:00,0.028948
2017-06-01 14:17:00+02:00,0.023852
2017-06-01 14:18:00+02:00,0.022397
2017-06-01 14:19:00+02:00,0.023523
2017-06-01 14:20:00+02:00,0.023735
2017-06-01 14:21:00+02:00,0.02268
2017-06-01 14:22:00+02:00,0.021443
2017-06-01 14:23:00+02:00,0.021745
2017-06-01 14:24:00+02:00,0.020609
2017-06-01 14:25:00+02:00,0.020739
2017-06-01 14:26:00+02:00,0.021905
2017-06-01 14:27:00+02:00,0.020843
2017-06-01 14:28:00+02:00,0.019707
2017-06-01 14:29:00+02:00,0.023711
2017-06-01 14:30:00+02:00,0.026128
2017-06-01 14:31:00+02:00,0.024522
2017-06-01 14:32:00+02:00,0.022283
2017-06-01 14:33:00+02:00,0.021753
2017-06-01 14:34:00+02:00,0.022779
2017-06-01 14:35:00+02:00,0.025049
2017-06-01 14:36:00+02:00,0.023231
2017-06-01 14:37:00+02:00,0.022661
2017-06-01 14:38:00+02:00,0.023334
2017-06-01 14:39:00+02:00,0.022939
2017-06-01 14:40:00+02:00,0.020919
2017-06-01 14:41:00+02:00,0.021414
2017-06-01 14:42:00+02:00,0.023309
2017-06-01 14:43:00+02:00,0.02043
2017-06-01 14:44:00+02:00,0.016597
2017-06-01 14:45:00+02:00,0.016807
2017-06-01 14:46:00+02:00,0.017108
2017-06-01 14:47:00+02:00,0.017932
2017-06-01 14:48:00+02:00,0.02052
2017-06-01 14:49:00+02:00,0.019065
2017-06-01 14:50:00+02:00,0.018685
2017-06-01 14:51:00+02:00,0.017501
2017-06-01 14:52:00+02:00,0.017591
2017-06-01 14:53:00+02:00,0.017189
2017-06-01 14:54:00+02:00,0.017301
2017-06-01 14:55:00+02:00,0.017111
2017-06-01 14:56:00+02:00,0.015855
2017-06-01 14:57:00+02:00,0.017068
2017-06-01 14:58:00+02:00,0.016255
2017-06-01 14:59:00+02:00,0.016536
2017-06-01 15:00:00+02:00,0.015205
2017-06-01 15:01:00+02:00,0.015124
2017-06-01 15:02:00+02:00,0.015354
2017-06-01 15:03:00+02:00,0.015965
2017-06-01 15:04:00+02:00,0.015043
2017-06-01 15:05:00+02:00,0.016165
2017-06-01 15:06:00+02:00,0.01784
2017-06-01 15:07:00+02:00,0.019202
2017-06-01 15:08:00+02:00,0.018663
2017-06-01 15:09:00+02:00,0.022683
2017-06-01 15:10:00+02:00,0.019382
2017-06-01 15:11:00+02:00,0.018275
2017-06-01 15:12:00+02:00,0.017095
2017-06-01 15:13:00+02:00,0.017526
2017-06-01 15:14:00+02:00,0.017747
2017-06-01 15:15:00+02:00,0.018209
2017-06-01 15:16:00+02:00,0.018929
2017-06-01 15:17:00+02:00,0.021064
2017-06-01 15:18:00+02:00,0.022417
2017-06-01 15:19:00+02:00,0.019849
2017-06-01 15:20:00+02:00,0.022711
2017-06-01 15:21:00+02:00,0.026741
2017-06-01 15:22:00+02:00,0.027184
2017-06-01 15:23:00+02:00,0.02664
2017-06-01 15:24:00+02:00,0.028312
2017-06-01 15:25:00+02:00,0.0273
2017-06-01 15:26:00+02:00,0.023353
2017-06-01 15:27:00+02:00,0.019449
2017-06-01 15:28:00+02:00,0.019938
2017-06-01 15:29:00+02:00,0.021073
2017-06-01 15:30:00+02:00,0.020764
2017-06-01 15:31:00+02:00,0.020684
2017-06-01 15:32:00+02:00,0.020484
2017-06-01 15:33:00+02:00,0.021546
2017-06-01 15:34:00+02:00,0.02341
2017-06-01 15:35:00+02:00,0.021215
2017-06-01 15:36:00+02:00,0.022662
2017-06-01 15:37:00+02:00,0.02503
2017-06-01 15:38:00+02:00,0.02386
2017-06-01 15:39:00+02:00,0.023309
2017-06-01 15:40:00+02:00,0.022695
2017-06-01 15:41:00+02:00,0.023127
2017-06-01 15:42:00+02:00,0.023413
2017-06-01 15:43:00+02:00,0.02536
2017-06-01 15:44:00+02:00,0.027065
2017-06-01 15:45:00+02:00,0.027578
2017-06-01 15:46:00+02:00,0.026823
2017-06-01 15:47:00+02:00,0.026049
2017-06-01 15:48:00+02:00,0.025718
2017-06-01 15:49:00+02:00,0.021757
2017-06-01 15:50:00+02:00,0.019708
2017-06-01 15:51:00+02:00,0.01947
2017-06-01 15:52:00+02:00,0.020553
2017-06-01 15:53:00+02:00,0.021566
2017-06-01 15:54:00+02:00,0.022685
2017-06-01 15:55:00+02:00,0.021622
2017-06-01 15:56:00+02:00,0.021111
2017-06-01 15:57:00+02:00,0.017972
2017-06-01 15:58:00+02:00,0.023361
2017-06-01 15:59:00+02:00,0.026009
2017-06-01 16:00:00+02:00,0.0259
2017-06-01 16:01:00+02:00,0.02559
2017-06-01 16:02:00+02:00,0.025825
2017-06-01 16:03:00+02:00,0.024942
2017-06-01 16:04:00+02:00,0.022128
2017-06-01 16:05:00+02:00,0.02271
2017-06-01 16:06:00+02:00,0.021384
2017-06-01 16:07:00+02:00,0.02329
2017-06-01 16:08:00+02:00,0.020932
2017-06-01 16:09:00+02:00,0.020142
2017-06-01 16:10:00+02:00,0.022297
2017-06-01 16:11:00+02:00,0.022949
2017-06-01 16:12:00+02:00,0.024255
2017-06-01 16:13:00+02:00,0.022094
2017-06-01 16:14:00+02:00,0.021472
2017-06-01 16:15:00+02:00,0.020028
2017-06-01 16:16:00+02:00,0.02151
2017-06-01 16:17:00+02:00,0.022453
2017-06-01 16:18:00+02:00,0.020569
2017-06-01 16:19:00+02:00,0.020398
2017-06-01 16:20:00+02:00,0.020579
2017-06-01 16:21:00+02:00,0.019464
2017-06-01 16:22:00+02:00,0.019152
2017-06-01 16:23:00+02:00,0.019093
2017-06-01 16:24:00+02:00,0.019967
2017-06-01 16:25:00+02:00,0.018925
2017-06-01 16:26:00+02:00,0.017128
2017-06-01 16:27:00+02:00,0.018911
2017-06-01 16:28:00+02:00,0.019013
2017-06-01 16:29:00+02:00,0.023307
2017-06-01 16:30:00+02:00,0.024834
2017-06-01 16:31:00+02:00,0.021508
2017-06-01 16:32:00+02:00,0.021688
2017-06-01 16:33:00+02:00,0.021878
2017-06-01 16:34:00+02:00,0.019595
2017-06-01 16:35:00+02:00,0.020046
2017-06-01 16:36:00+02:00,0.017067
2017-06-01 16:37:00+02:00,0.017388
2017-06-01 16:38:00+02:00,0.016875
2017-06-01 16:39:00+02:00,0.018018
2017-06-01 16:40:00+02:00,0.018558
2017-06-01 16:41:00+02:00,0.021629
2017-06-01 16:42:00+02:00,0.020843
2017-06-01 16:43:00+02:00,0.022062
2017-06-01 16:44:00+02:00,0.024511
2017-06-01 16:45:00+02:00,0.024857
2017-06-01 16:46:00+02:00,0.023731
2017-06-01 16:47:00+02:00,0.024474
2017-06-01 16:48:00+02:00,0.027952
2017-06-01 16:49:00+02:00,0.026707
2017-06-01 16:50:00+02:00,0.025883
2017-06-01 16:51:00+02:00,0.024313
2017-06-01 16:52:00+02:00,0.023902
2017-06-01 16:53:00+02:00,0.025636
2017-06-01 16:54:00+02:00,0.026452
2017-06-01 16:55:00+02:00,0.025017
2017-06-01 16:56:00+02:00,0.024336
2017-06-01 16:57:00+02:00,0.023093
2017-06-01 16:58:00+02:00,0.026149
2017-06-01 16:59:00+02:00,0.026573
2017-06-01 17:00:00+02:00,0.027383
2017-06-01 17:01:00+02:00,0.026802
2017-06-01 17:02:00+02:00,0.028281
2017-06-01 17:03:00+02:00,0.030675
2017-06-01 17:04:00+02:00,0.030533
2017-06-01 17:05:00+02:00,0.02794
2017-06-01 17:06:00+02:00,0.026195
2017-06-01 17:07:00+02:00,0.028257
2017-06-01 17:08:00+02:00,0.028561
2017-06-01 17:09:00+02:00,0.028576
2017-06-01 17:10:00+02:00,0.028004
2017-06-01 17:11:00+02:00,0.0272
2017-06-01 17:12:00+02:00,0.026522
2017-06-01 17:13:00+02:00,0.024538
2017-06-01 17:14:00+02:00,0.024354
2017-06-01 17:15:00+02:00,0.026441
2017-06-01 17:16:00+02:00,0.02778
2017-06-01 17:17:00+02:00,0.025797
2017-06-01 17:18:00+02:00,0.025351
2017-06-01 17:19:00+02:00,0.024023
2017-06-01 17:20:00+02:00,0.022846
2017-06-01 17:21:00+02:00,0.025003
2017-06-01 17:22:00+02:00,0.026158
2017-06-01 17:23:00+02:00,0.026579
2017-06-01 17:24:00+02:00,0.029068
2017-06-01 17:25:00+02:00,0.029332
2017-06-01 17:26:00+02:00,0.030619
2017-06-01 17:27:00+02:00,0.030991
2017-06-01 17:28:00+02:00,0.02613
2017-06-01 17:29:00+02:00,0.026588
2017-06-01 17:30:00+02:00,0.023774
2017-06-01 17:31:00+02:00,0.027338
2017-06-01 17:32:00+02:00,0.027624
2017-06-01 17:33:00+02:00,0.028329
2017-06-01 17:34:00+02:00,0.026786
2017-06-01 17:35:00+02:00,0.027793
2017-06-01 17:36:00+02:00,0.026615
2017-06-01 17:37:00+02:00,0.035241
2017-06-01 17:38:00+02:00,0.034374
2017-06-01 17:39:00+02:00,0.034448
2017-06-01 17:40:00+02:00,0.034539
2017-06-01 17:41:00+02:00,0.035777
2017-06-01 17:42:00+02:00,0.037706
2017-06-01 17:43:00+02:00,0.03797
2017-06-01 17:44:00+02:00,0.042621
2017-06-01 17:45:00+02:00,0.04071
2017-06-01 17:46:00+02:00,0.030859
2017-06-01 17:47:00+02:00,0.030892
2017-06-01 17:48:00+02:00,0.031067
2017-06-01 17:49:00+02:00,0.035574
2017-06-01 17:50:00+02:00,0.036453
2017-06-01 17:51:00+02:00,0.034595
2017-06-01 17:52:00+02:00,0.029733
2017-06-01 17:53:00+02:00,0.02923
2017-06-01 17:54:00+02:00,0.030196
2017-06-01 17:55:00+02:00,0.031437
2017-06-01 17:56:00+02:00,0.031198
2017-06-01 17:57:00+02:00,0.032134
2017-06-01 17:58:00+02:00,0.02806
2017-06-01 17:59:00+02:00,0.025025
2017-06-01 18:00:00+02:00,0.024392
2017-06-01 18:01:00+02:00,0.025371
2017-06-01 18:02:00+02:00,0.025035
2017-06-01 18:03:00+02:00,0.025927
2017-06-01 18:04:00+02:00,0.02901
2017-06-01 18:05:00+02:00,0.029907
2017-06-01 18:06:00+02:00,0.029908
2017-06-01 18:07:00+02:00,0.030544
2017-06-01 18:08:00+02:00,0.030028
2017-06-01 18:09:00+02:00,0.032232
2017-06-01 18:10:00+02:00,0.031689
2017-06-01 18:11:00+02:00,0.032112
2017-06-01 18:12:00+02:00,0.033793
2017-06-01 18:13:00+02:00,0.033739
2017-06-01 18:14:00+02:00,0.033914
2017-06-01 18:15:00+02:00,0.029958
2017-06-01 18:16:00+02:00,0.030489
2017-06-01 18:17:00+02:00,0.031814
2017-06-01 18:18:00+02:00,0.03297
2017-06-01 18:19:00+02:00,0.032047
2017-06-01 18:20:00+02:00,0.02961
2017-06-01 18:21:00+02:00,0.032088
2017-06-01 18:22:00+02:00,0.035164
2017-06-01 18:23:00+02:00,0.03755
2017-06-01 18:24:00+02:00,0.041082
2017-06-01 18:25:00+02:00,0.033758
2017-06-01 18:26:00+02:00,0.036304
2017-06-01 18:27:00+02:00,0.031886
2017-06-01 18:28:00+02:00,0.032027
2017-06-01 18:29:00+02:00,0.028733
2017-06-01 18:30:00+02:00,0.024729
2017-06-01 18:31:00+02:00,0.029036
2017-06-01 18:32:00+02:00,0.03129
2017-06-01 18:33:00+02:00,0.030191
2017-06-01 18:34:00+02:00,0.033973
2017-06-01 18:35:00+02:00,0.036452
2017-06-01 18:36:00+02:00,0.034503
2017-06-01 18:37:00+02:00,0.03528
2017-06-01 18:38:00+02:00,0.031233
2017-06-01 18:39:00+02:00,0.028366
2017-06-01 18:40:00+02:00,0.034095
2017-06-01 18:41:00+02:00,0.036041
2017-06-01 18:42:00+02:00,0.035852
2017-06-01 18:43:00+02:00,0.034359
2017-06-01 18:44:00+02:00,0.036653
2017-06-01 18:45:00+02:00,0.03124
2017-06-01 18:46:00+02:00,0.030735
2017-06-01 18:47:00+02:00,0.02951
2017-06-01 18:48:00+02:00,0.030152
2017-06-01 18:49:00+02:00,0.030493
2017-06-01 18:50:00+02:00,0.029188
2017-06-01 18:51:00+02:00,0.029048
2017-06-01 18:52:00+02:00,0.032868
2017-06-01 18:53:00+02:00,0.031545
2017-06-01 18:54:00+02:00,0.03342
2017-06-01 18:55:00+02:00,0.036411
2017-06-01 18:56:00+02:00,0.03597
2017-06-01 18:57:00+02:00,0.036558
2017-06-01 18:58:00+02:00,0.034537
2017-06-01 18:59:00+02:00,0.035276
2017-06-01 19:00:00+02:00,0.032552
2017-06-01 19:01:00+02:00,0.035909
2017-06-01 19:02:00+02:00,0.032227
2017-06-01 19:03:00+02:00,0.035939
2017-06-01 19:04:00+02:00,0.041218
2017-06-01 19:05:00+02:00,0.03387
2017-06-01 19:06:00+02:00,0.036889
2017-06-01 19:07:00+02:00,0.038309
2017-06-01 19:08:00+02:00,0.039109
2017-06-01 19:09:00+02:00,0.041822
2017-06-01 19:10:00+02:00,0.035488
2017-06-01 19:11:00+02:00,0.034718
2017-06-01 19:12:00+02:00,0.035352
2017-06-01 19:13:00+02:00,0.039259
2017-06-01 19:14:00+02:00,0.039137
2017-06-01 19:15:00+02:00,0.037936
2017-06-01 19:16:00+02:00,0.039352
2017-06-01 19:17:00+02:00,0.035358
2017-06-01 19:18:00+02:00,0.032904
2017-06-01 19:19:00+02:00,0.036446
2017-06-01 19:20:00+02:00,0.037021
2017-06-01 19:21:00+02:00,0.031522
2017-06-01 19:22:00+02:00,0.031254
2017-06-01 19:23:00+02:00,0.029594
2017-06-01 19:24:00+02:00,0.030467
2017-06-01 19:25:00+02:00,0.031884
2017-06-01 19:26:00+02:00,0.03534
2017-06-01 19:27:00+02:00,0.036863
2017-06-01 19:28:00+02:00,0.036426
2017-06-01 19:29:00+02:00,0.039608
2017-06-01 19:30:00+02:00,0.039701
2017-06-01 19:31:00+02:00,0.032119
2017-06-01 19:32:00+02:00,0.027932
2017-06-01 19:33:00+02:00,0.02737
2017-06-01 19:34:00+02:00,0.028186
2017-06-01 19:35:00+02:00,0.025942
2017-06-01 19:36:00+02:00,0.031761
2017-06-01 19:37:00+02:00,0.031727
2017-06-01 19:38:00+02:00,0.031718
2017-06-01 19:39:00+02:00,0.032919
2017-06-01 19:40:00+02:00,0.032525
2017-06-01 19:41:00+02:00,0.03175
2017-06-01 19:42:00+02:00,0.031068
2017-06-01 19:43:00+02:00,0.034206
2017-06-01 19:44:00+02:00,0.035251
2017-06-01 19:45:00+02:00,0.033894
2017-06-01 19:46:00+02:00,0.032896
2017-06-01 19:47:00+02:00,0.033467
2017-06-01 19:48:00+02:00,0.037037
2017-06-01 19:49:00+02:00,0.04076
2017-06-01 19:50:00+02:00,0.042319
2017-06-01 19:51:00+02:00,0.040802
2017-06-01 19:52:00+02:00,0.036363
2017-06-01 19:53:00+02:00,0.033204
2017-06-01 19:54:00+02:00,0.03491
2017-06-01 19:55:00+02:00,0.034536
2017-06-01 19:56:00+02:00,0.033481
2017-06-01 19:57:00+02:00,0.033462
2017-06-01 19:58:00+02:00,0.033792
2017-06-01 19:59:00+02:00,0.030072
2017-06-01 20:00:00+02:00,0.028599
2017-06-01 20:01:00+02:00,0.030283
2017-06-01 20:02:00+02:00,0.030565
2017-06-01 20:03:00+02:00,0.027462
2017-06-01 20:04:00+02:00,0.030241
2017-06-01 20:05:00+02:00,0.033744
2017-06-01 20:06:00+02:00,0.027182
2017-06-01 20:07:00+02:00,0.027012
2017-06-01 20:08:00+02:00,0.02611
2017-06-01 20:09:00+02:00,0.026952
2017-06-01 20:10:00+02:00,0.028375
2017-06-01 20:11:00+02:00,0.029904
2017-06-01 20:12:00+02:00,0.030789
2017-06-01 20:13:00+02:00,0.033142
2017-06-01 20:14:00+02:00,0.034982
2017-06-01 20:15:00+02:00,0.034074
2017-06-01 20:16:00+02:00,0.030812
2017-06-01 20:17:00+02:00,0.030321
2017-06-01 20:18:00+02:00,0.027715
2017-06-01 20:19:00+02:00,0.028478
2017-06-01 20:20:00+02:00,0.025124
2017-06-01 20:21:00+02:00,0.027795
2017-06-01 20:22:00+02:00,0.028613
2017-06-01 20:23:00+02:00,0.028293
2017-06-01 20:24:00+02:00,0.031881
2017-06-01 20:25:00+02:00,0.032408
2017-06-01 20:26:00+02:00,0.029074
2017-06-01 20:27:00+02:00,0.029917
2017-06-01 20:28:00+02:00,0.031909
2017-06-01 20:29:00+02:00,0.033318
2017-06-01 20:30:00+02:00,0.033192
2017-06-01 20:31:00+02:00,0.03226
2017-06-01 20:32:00+02:00,0.034828
2017-06-01 20:33:00+02:00,0.03079
2017-06-01 20:34:00+02:00,0.028955
2017-06-01 20:35:00+02:00,0.029388
2017-06-01 20:36:00+02:00,0.029472
2017-06-01 20:37:00+02:00,0.029284
2017-06-01 20:38:00+02:00,0.03057
2017-06-01 20:39:00+02:00,0.037108
2017-06-01 20:40:00+02:00,0.038745
2017-06-01 20:41:00+02:00,0.039318
2017-06-01 20:42:00+02:00,0.036296
2017-06-01 20:43:00+02:00,0.034653
2017-06-01 20:44:00+02:00,0.033929
2017-06-01 20:45:00+02:00,0.029795
2017-06-01 20:46:00+02:00,0.033915
2017-06-01 20:47:00+02:00,0.03145
2017-06-01 20:48:00+02:00,0.034974
2017-06-01 20:49:00+02:00,0.034052
2017-06-01 20:50:00+02:00,0.034132
2017-06-01 20:51:00+02:00,0.031443
2017-06-01 20:52:00+02:00,0.034885
2017-06-01 20:53:00+02:00,0.033555
2017-06-01 20:54:00+02:00,0.035254
2017-06-01 20:55:00+02:00,0.034119
2017-06-01 20:56:00+02:00,0.035497
2017-06-01 20:57:00+02:00,0.03639
2017-06-01 20:58:00+02:00,0.035627
2017-06-01 20:59:00+02:00,0.031009
2017-06-01 21:00:00+02:00,0.033916
2017-06-01 21:01:00+02:00,0.031152
2017-06-01 21:02:00+02:00,0.033469
2017-06-01 21:03:00+02:00,0.029992
2017-06-01 21:04:00+02:00,0.028659
2017-06-01 21:05:00+02:00,0.029191
2017-06-01 21:06:00+02:00,0.031799
2017-06-01 21:07:00+02:00,0.02744
2017-06-01 21:08:00+02:00,0.028289
2017-06-01 21:09:00+02:00,0.031018
2017-06-01 21:10:00+02:00,0.029054
2017-06-01 21:11:00+02:00,0.030687
2017-06-01 21:12:00+02:00,0.03372
2017-06-01 21:13:00+02:00,0.031766
2017-06-01 21:14:00+02:00,0.038193
2017-06-01 21:15:00+02:00,0.034608
2017-06-01 21:16:00+02:00,0.033017
2017-06-01 21:17:00+02:00,0.034405
2017-06-01 21:18:00+02:00,0.035463
2017-06-01 21:19:00+02:00,0.033961
2017-06-01 21:20:00+02:00,0.033244
2017-06-01 21:21:00+02:00,0.036973
2017-06-01 21:22:00+02:00,0.032869
2017-06-01 21:23:00+02:00,0.030911
2017-06-01 21:24:00+02:00,0.02972
2017-06-01 21:25:00+02:00,0.030254
2017-06-01 21:26:00+02:00,0.030125
2017-06-01 21:27:00+02:00,0.030858
2017-06-01 21:28:00+02:00,0.031769
2017-06-01 21:29:00+02:00,0.034738
2017-06-01 21:30:00+02:00,0.035736
2017-06-01 21:31:00+02:00,0.037661
2017-06-01 21:32:00+02:00,0.037062
2017-06-01 21:33:00+02:00,0.03722
2017-06-01 21:34:00+02:00,0.032196
2017-06-01 21:35:00+02:00,0.03037
2017-06-01 21:36:00+02:00,0.029156
2017-06-01 21:37:00+02:00,0.030021
2017-06-01 21:38:00+02:00,0.033099
2017-06-01 21:39:00+02:00,0.034379
2017-06-01 21:40:00+02:00,0.031499
2017-06-01 21:41:00+02:00,0.029761
2017-06-01 21:42:00+02:00,0.026306
2017-06-01 21:43:00+02:00,0.026556
2017-06-01 21:44:00+02:00,0.028432
2017-06-01 21:45:00+02:00,0.032847
2017-06-01 21:46:00+02:00,0.032856
2017-06-01 21:47:00+02:00,0.034742
2017-06-01 21:48:00+02:00,0.035703
2017-06-01 21:49:00+02:00,0.037454
2017-06-01 21:50:00+02:00,0.036956
2017-06-01 21:51:00+02:00,0.032174
2017-06-01 21:52:00+02:00,0.029596
2017-06-01 21:53:00+02:00,0.030521
2017-06-01 21:54:00+02:00,0.028683
2017-06-01 21:55:00+02:00,0.027851
2017-06-01 21:56:00+02:00,0.033968
2017-06-01 21:57:00+02:00,0.030264
2017-06-01 21:58:00+02:00,0.030513
2017-06-01 21:59:00+02:00,0.031489
2017-06-01 22:00:00+02:00,0.033461
2017-06-01 22:01:00+02:00,0.032723
2017-06-01 22:02:00+02:00,0.033103
2017-06-01 22:03:00+02:00,0.031
2017-06-01 22:04:00+02:00,0.031265
2017-06-01 22:05:00+02:00,0.032027
2017-06-01 22:06:00+02:00,0.030917
2017-06-01 22:07:00+02:00,0.027163
2017-06-01 22:08:00+02:00,0.029827
2017-06-01 22:09:00+02:00,0.024663
2017-06-01 22:10:00+02:00,0.02307
2017-06-01 22:11:00+02:00,0.023421
2017-06-01 22:12:00+02:00,0.022448
2017-06-01 22:13:00+02:00,0.023932
2017-06-01 22:14:00+02:00,0.022991
2017-06-01 22:15:00+02:00,0.026929
2017-06-01 22:16:00+02:00,0.027904
2017-06-01 22:17:00+02:00,0.026698
2017-06-01 22:18:00+02:00,0.024087
2017-06-01 22:19:00+02:00,0.024369
2017-06-01 22:20:00+02:00,0.02473
2017-06-01 22:21:00+02:00,0.027179
2017-06-01 22:22:00+02:00,0.028072
2017-06-01 22:23:00+02:00,0.029178
2017-06-01 22:24:00+02:00,0.029457
2017-06-01 22:25:00+02:00,0.030229
2017-06-01 22:26:00+02:00,0.031766
2017-06-01 22:27:00+02:00,0.034038
2017-06-01 22:28:00+02:00,0.034034
2017-06-01 22:29:00+02:00,0.035732
2017-06-01 22:30:00+02:00,0.032982
2017-06-01 22:31:00+02:00,0.033092
2017-06-01 22:32:00+02:00,0.031312
2017-06-01 22:33:00+02:00,0.03068
2017-06-01 22:34:00+02:00,0.030229
2017-06-01 22:35:00+02:00,0.030805
2017-06-01 22:36:00+02:00,0.030511
2017-06-01 22:37:00+02:00,0.027564
2017-06-01 22:38:00+02:00,0.029668
2017-06-01 22:39:00+02:00,0.031342
2017-06-01 22:40:00+02:00,0.03793
2017-06-01 22:41:00+02:00,0.039239
2017-06-01 22:42:00+02:00,0.038792
2017-06-01 22:43:00+02:00,0.03505
2017-06-01 22:44:00+02:00,0.036344
2017-06-01 22:45:00+02:00,0.036684
2017-06-01 22:46:00+02:00,0.032918
2017-06-01 22:47:00+02:00,0.030071
2017-06-01 22:48:00+02:00,0.031783
2017-06-01 22:49:00+02:00,0.03148
2017-06-01 22:50:00+02:00,0.027268
2017-06-01 22:51:00+02:00,0.025801
2017-06-01 22:52:00+02:00,0.026867
2017-06-01 22:53:00+02:00,0.026737
2017-06-01 22:54:00+02:00,0.025874
2017-06-01 22:55:00+02:00,0.026899
2017-06-01 22:56:00+02:00,0.026758
2017-06-01 22:57:00+02:00,0.027342
2017-06-01 22:58:00+02:00,0.026549
2017-06-01 22:59:00+02:00,0.026107
2017-06-01 23:00:00+02:00,0.031294
2017-06-01 23:01:00+02:00,0.031003
2017-06-01 23:02:00+02:00,0.026694
2017-06-01 23:03:00+02:00,0.026411
2017-06-01 23:04:00+02:00,0.027486
2017-06-01 23:05:00+02:00,0.026518
2017-06-01 23:06:00+02:00,0.025817
2017-06-01 23:07:00+02:00,0.022743
2017-06-01 23:08:00+02:00,0.024789
2017-06-01 23:09:00+02:00,0.024168
2017-06-01 23:10:00+02:00,0.022672
2017-06-01 23:11:00+02:00,0.021689
2017-06-01 23:12:00+02:00,0.025281
2017-06-01 23:13:00+02:00,0.023345
2017-06-01 23:14:00+02:00,0.023666
2017-06-01 23:15:00+02:00,0.024378
2017-06-01 23:16:00+02:00,0.028596
2017-06-01 23:17:00+02:00,0.030169
2017-06-01 23:18:00+02:00,0.029206
2017-06-01 23:19:00+02:00,0.025993
2017-06-01 23:20:00+02:00,0.023924
2017-06-01 23:21:00+02:00,0.024378
2017-06-01 23:22:00+02:00,0.024769
2017-06-01 23:23:00+02:00,0.025964
2017-06-01 23:24:00+02:00,0.026898
2017-06-01 23:25:00+02:00,0.026977
2017-06-01 23:26:00+02:00,0.026137
2017-06-01 23:27:00+02:00,0.024802
2017-06-01 23:28:00+02:00,0.02477
2017-06-01 23:29:00+02:00,0.024228
2017-06-01 23:30:00+02:00,0.025965
2017-06-01 23:31:00+02:00,0.024248
2017-06-01 23:32:00+02:00,0.023847
2017-06-01 23:33:00+02:00,0.025905
2017-06-01 23:34:00+02:00,0.027926
2017-06-01 23:35:00+02:00,0.025331
2017-06-01 23:36:00+02:00,0.025373
2017-06-01 23:37:00+02:00,0.027345
2017-06-01 23:38:00+02:00,0.030544
2017-06-01 23:39:00+02:00,0.034042
2017-06-01 23:40:00+02:00,0.030988
2017-06-01 23:41:00+02:00,0.029894
2017-06-01 23:42:00+02:00,0.027077
2017-06-01 23:43:00+02:00,0.027512
2017-06-01 23:44:00+02:00,0.027622
2017-06-01 23:45:00+02:00,0.024725
2017-06-01 23:46:00+02:00,0.022916
2017-06-01 23:47:00+02:00,0.022665
2017-06-01 23:48:00+02:00,0.022977
2017-06-01 23:49:00+02:00,0.02377
2017-06-01 23:50:00+02:00,0.023012
2017-06-01 23:51:00+02:00,0.020003
2017-06-01 23:52:00+02:00,0.018963
2017-06-01 23:53:00+02:00,0.022426
2017-06-01 23:54:00+02:00,0.023588
2017-06-01 23:55:00+02:00,0.020119
2017-06-01 23:56:00+02:00,0.021175
2017-06-01 23:57:00+02:00,0.025211
2017-06-01 23:58:00+02:00,0.024761
2017-06-01 23:59:00+02:00,0.023651
2017-06-02 00:00:00+02:00,0.025566
