timestep,time,price [EUR/kWh],grid power [kW],ext.load [kW],feed-in [kW],flex min [kW],flex base [kW],flex max [kW],schedule [kW],window,sum CS power,sum UC home,# occupied CS,CS in use,# occupied UC home,bev_luxury_00000_120kWh_home,bev_luxury_00001_120kWh_home,bev_luxury_00002_120kWh_home,bev_luxury_00003_120kWh_home,bev_luxury_00004_120kWh_home,bev_luxury_00005_120kWh_home,bev_luxury_00005_120kWh_hpc,bev_luxury_00006_120kWh_home,bev_luxury_00007_120kWh_home,bev_luxury_00008_120kWh_home,bev_luxury_00009_120kWh_home,bev_luxury_00009_120kWh_hpc,bev_luxury_00010_120kWh_home,bev_luxury_00011_120kWh_home,bev_luxury_00012_120kWh_home,bev_luxury_00013_120kWh_home,bev_luxury_00014_120kWh_home,bev_luxury_00015_120kWh_home,bev_luxury_00016_120kWh_home,bev_luxury_00017_120kWh_home,bev_medium_00000_100kWh_home,bev_medium_00001_100kWh_home,bev_medium_00001_100kWh_hpc,bev_medium_00002_100kWh_home,bev_medium_00003_100kWh_home,bev_medium_00004_100kWh_home,bev_medium_00005_100kWh_home,bev_medium_00006_100kWh_home,bev_medium_00007_100kWh_home,bev_medium_00008_100kWh_home,bev_medium_00009_100kWh_home,bev_medium_00010_100kWh_home,bev_medium_00011_100kWh_home,bev_medium_00012_100kWh_home,bev_medium_00013_100kWh_home,bev_medium_00014_100kWh_home,bev_medium_00015_100kWh_home,bev_medium_00016_100kWh_home,bev_medium_00017_100kWh_home,bev_medium_00018_100kWh_home,bev_medium_00019_100kWh_home,bev_medium_00020_100kWh_home,bev_medium_00021_100kWh_home,bev_medium_00022_100kWh_home,bev_medium_00023_100kWh_home,bev_medium_00024_100kWh_home,bev_medium_00025_100kWh_home,bev_medium_00025_100kWh_hpc,bev_medium_00026_100kWh_home,bev_medium_00027_100kWh_home,bev_medium_00028_100kWh_home,bev_medium_00029_100kWh_home,bev_medium_00030_100kWh_home,bev_medium_00031_100kWh_home,bev_medium_00032_100kWh_home,bev_medium_00033_100kWh_home,bev_medium_00034_100kWh_home,bev_medium_00035_100kWh_home,bev_medium_00036_100kWh_home,bev_medium_00037_100kWh_home,bev_medium_00038_100kWh_home,bev_medium_00038_100kWh_hpc,bev_medium_00039_100kWh_home,bev_medium_00039_100kWh_hpc,bev_medium_00040_100kWh_home,bev_medium_00041_100kWh_home,bev_medium_00042_100kWh_home,bev_medium_00043_100kWh_home,bev_medium_00044_100kWh_home,bev_medium_00045_100kWh_home,bev_medium_00046_100kWh_home,bev_medium_00047_100kWh_home,bev_medium_00048_100kWh_home,bev_medium_00049_100kWh_home,bev_medium_00050_100kWh_home,bev_medium_00051_100kWh_home,bev_medium_00052_100kWh_home,bev_medium_00053_100kWh_home,bev_medium_00054_100kWh_home,bev_medium_00055_100kWh_home,bev_medium_00056_100kWh_home,bev_medium_00057_100kWh_home,bev_medium_00058_100kWh_home,bev_medium_00058_100kWh_hpc,bev_medium_00059_100kWh_home,bev_medium_00059_100kWh_hpc,bev_medium_00060_100kWh_home,bev_mini_00000_70kWh_home,bev_mini_00001_70kWh_home,bev_mini_00002_70kWh_home,bev_mini_00002_70kWh_hpc,bev_mini_00003_70kWh_home,bev_mini_00004_70kWh_home,bev_mini_00005_70kWh_home,bev_mini_00006_70kWh_home,bev_mini_00007_70kWh_home,bev_mini_00008_70kWh_home,bev_mini_00009_70kWh_home,bev_mini_00010_70kWh_home,bev_mini_00011_70kWh_home,bev_mini_00011_70kWh_hpc,bev_mini_00012_70kWh_home,bev_mini_00013_70kWh_home,bev_mini_00014_70kWh_home,bev_mini_00015_70kWh_home,bev_mini_00016_70kWh_home,bev_mini_00017_70kWh_home,bev_mini_00018_70kWh_home,bev_mini_00020_70kWh_home,bev_mini_00021_70kWh_home,bev_mini_00022_70kWh_home,bev_mini_00023_70kWh_home,bev_mini_00024_70kWh_home,bev_mini_00025_70kWh_home,bev_mini_00025_70kWh_hpc,bev_mini_00026_70kWh_home,bev_mini_00027_70kWh_home,bev_mini_00028_70kWh_home,bev_mini_00029_70kWh_home,bev_mini_00030_70kWh_home,bev_mini_00031_70kWh_home,bev_mini_00031_70kWh_hpc,bev_mini_00032_70kWh_home,bev_mini_00033_70kWh_home,bev_mini_00034_70kWh_home,bev_mini_00035_70kWh_home,bev_mini_00036_70kWh_home,bev_mini_00036_70kWh_hpc,bev_mini_00037_70kWh_home,bev_mini_00037_70kWh_hpc,bev_mini_00038_70kWh_home,bev_mini_00039_70kWh_home,bev_mini_00040_70kWh_home,bev_mini_00041_70kWh_home,bev_mini_00042_70kWh_home,bev_mini_00043_70kWh_home,bev_mini_00044_70kWh_home,bev_mini_00044_70kWh_hpc,bev_mini_00045_70kWh_home
0,2022-08-01 00:00:00,36.02,-36.352,0,0,0,0,110.0,37.725,0,36.352,36.352,10,6,10,1.1,0,0,0,0,0,0,0,0,0,0,0,0,0,0,0.0,0,0,0,0,0,0,0,0,0,0,0,0,0,0,0,0,0,0,0,0.0,0,0,0,0,0,0,0,0,11.0,0,0,0,0.0,0,0,0,0,0,0,0,0,0,0,0,0,0,0,0,0,0,0,5.967,0,0,0,11.0,0.0,0,0,0,0,0,0,0,0,0,0,0,0,0,0,0,0,0,0,0,0,0,0,0,0,0,0,0,0,0,0,0,0,0,0,0,0,5.391,0,0,0,0,0,0,0,0,0,0,0,0,0,0,0,0,1.894,0,0,0,0,0,0,0,0,0,0,0,0
1,2022-08-01 00:15:00,36.02,-43.925,0,0,0,0,110.0,44.346,0,43.925,43.925,10,8,10,1.1,0,0,0,0,0,0,0,0,0,0,0,0,0,0,0.0,0,0,0,0,0,0,0,0,0,0,0,0,0,0,0,0,0,0,0,4.296,0,0,0,0,0,0,0,0,11.0,0,0,0,3.277,0,0,0,0,0,0,0,0,0,0,0,0,0,0,0,0,0,0,5.967,0,0,0,11.0,0.0,0,0,0,0,0,0,0,0,0,0,0,0,0,0,0,0,0,0,0,0,0,0,0,0,0,0,0,0,0,0,0,0,0,0,0,0,5.391,0,0,0,0,0,0,0,0,0,0,0,0,0,0,0,0,1.894,0,0,0,0,0,0,0,0,0,0,0,0
2,2022-08-01 00:30:00,36.02,-48.552,0,0,0,0,110.0,48.973,0,48.552,48.552,10,9,10,1.1,0,0,0,0,0,0,0,0,0,0,0,0,0,0,2.068,0,0,0,0,0,0,0,0,0,0,0,0,0,0,0,0,0,0,0,4.296,0,0,0,0,0,0,0,0,11.0,0,0,0,5.836,0,0,0,0,0,0,0,0,0,0,0,0,0,0,0,0,0,0,5.967,0,0,0,11.0,0.0,0,0,0,0,0,0,0,0,0,0,0,0,0,0,0,0,0,0,0,0,0,0,0,0,0,0,0,0,0,0,0,0,0,0,0,0,5.391,0,0,0,0,0,0,0,0,0,0,0,0,0,0,0,0,1.894,0,0,0,0,0,0,0,0,0,0,0,0
3,2022-08-01 00:45:00,36.02,-53.262,0,0,0,0,110.0,53.683,0,53.262,53.262,10,9,10,1.1,0,0,0,0,0,0,0,0,0,0,0,0,0,0,6.778,0,0,0,0,0,0,0,0,0,0,0,0,0,0,0,0,0,0,0,4.296,0,0,0,0,0,0,0,0,11.0,0,0,0,5.836,0,0,0,0,0,0,0,0,0,0,0,0,0,0,0,0,0,0,5.967,0,0,0,11.0,0.0,0,0,0,0,0,0,0,0,0,0,0,0,0,0,0,0,0,0,0,0,0,0,0,0,0,0,0,0,0,0,0,0,0,0,0,0,5.391,0,0,0,0,0,0,0,0,0,0,0,0,0,0,0,0,1.894,0,0,0,0,0,0,0,0,0,0,0,0
4,2022-08-01 01:00:00,34.98,-51.723,0,0,0,0,110.0,53.008,0,51.723,51.723,10,9,10,1.1,0,0,0,0,0,0,0,0,0,0,0,0,0,0,6.103,0,0,0,0,0,0,0,0,0,0,0,0,0,0,0,0,0,0,0,4.296,0,0,0,0,0,0,0,0,11.0,0,0,0,5.836,0,0,0,0,0,0,0,0,0,0,0,0,0,0,0,0,0,0,5.967,0,0,0,11.0,0.0,0,0,0,0,0,0,0,0,0,0,0,0,0,0,0,0,0,0,0,0,0,0,0,0,0,0,0,0,0,0,0,0,0,0,0,0,5.391,0,0,0,0,0,0,0,0,0,0,0,0,0,0,0,0,1.03,0,0,0,0,0,0,0,0,0,0,0,0
5,2022-08-01 01:15:00,34.98,-49.911,0,0,0,0,110.0,52.226,0,49.911,49.911,10,8,10,1.1,0,0,0,0,0,0,0,0,0,0,0,0,0,0,5.321,0,0,0,0,0,0,0,0,0,0,0,0,0,0,0,0,0,0,0,4.296,0,0,0,0,0,0,0,0,11.0,0,0,0,5.836,0,0,0,0,0,0,0,0,0,0,0,0,0,0,0,0,0,0,5.967,0,0,0,11.0,0.0,0,0,0,0,0,0,0,0,0,0,0,0,0,0,0,0,0,0,0,0,0,0,0,0,0,0,0,0,0,0,0,0,0,0,0,0,5.391,0,0,0,0,0,0,0,0,0,0,0,0,0,0,0,0,0.0,0,0,0,0,0,0,0,0,0,0,0,0
6,2022-08-01 01:30:00,34.98,-53.824,0,0,0,0,110.0,56.139,0,53.824,53.824,10,8,10,1.1,0,0,0,0,0,0,0,0,0,0,0,0,0,0,9.234,0,0,0,0,0,0,0,0,0,0,0,0,0,0,0,0,0,0,0,4.296,0,0,0,0,0,0,0,0,11.0,0,0,0,5.836,0,0,0,0,0,0,0,0,0,0,0,0,0,0,0,0,0,0,5.967,0,0,0,11.0,0.0,0,0,0,0,0,0,0,0,0,0,0,0,0,0,0,0,0,0,0,0,0,0,0,0,0,0,0,0,0,0,0,0,0,0,0,0,5.391,0,0,0,0,0,0,0,0,0,0,0,0,0,0,0,0,0.0,0,0,0,0,0,0,0,0,0,0,0,0
7,2022-08-01 01:45:00,34.98,-44.981,0,0,0,0,110.0,52.196,0,44.981,44.981,10,8,10,1.1,0,0,0,0,0,0,0,0,0,0,0,0,0,0,5.291,0,0,0,0,0,0,0,0,0,0,0,0,0,0,0,0,0,0,0,4.296,0,0,0,0,0,0,0,0,11.0,0,0,0,5.836,0,0,0,0,0,0,0,0,0,0,0,0,0,0,0,0,0,0,5.967,0,0,0,11.0,0.0,0,0,0,0,0,0,0,0,0,0,0,0,0,0,0,0,0,0,0,0,0,0,0,0,0,0,0,0,0,0,0,0,0,0,0,0,0.49,0,0,0,0,0,0,0,0,0,0,0,0,0,0,0,0,0.0,0,0,0,0,0,0,0,0,0,0,0,0
8,2022-08-01 02:00:00,33.64,-34.968,0,0,0,0,110.0,48.579,0,34.968,34.968,10,7,10,1.1,0,0,0,0,0,0,0,0,0,0,0,0,0,0,1.674,0,0,0,0,0,0,0,0,0,0,0,0,0,0,0,0,0,0,0,4.296,0,0,0,0,0,0,0,0,5.095,0,0,0,5.836,0,0,0,0,0,0,0,0,0,0,0,0,0,0,0,0,0,0,5.967,0,0,0,11.0,0.0,0,0,0,0,0,0,0,0,0,0,0,0,0,0,0,0,0,0,0,0,0,0,0,0,0,0,0,0,0,0,0,0,0,0,0,0,0.0,0,0,0,0,0,0,0,0,0,0,0,0,0,0,0,0,0.0,0,0,0,0,0,0,0,0,0,0,0,0
9,2022-08-01 02:15:00,33.64,-35.995,0,0,0,0,110.0,54.701,0,35.995,35.995,10,6,10,1.1,0,0,0,0,0,0,0,0,0,0,0,0,0,0,7.796,0,0,0,0,0,0,0,0,0,0,0,0,0,0,0,0,0,0,0,4.296,0,0,0,0,0,0,0,0,0.0,0,0,0,5.836,0,0,0,0,0,0,0,0,0,0,0,0,0,0,0,0,0,0,5.967,0,0,0,11.0,0.0,0,0,0,0,0,0,0,0,0,0,0,0,0,0,0,0,0,0,0,0,0,0,0,0,0,0,0,0,0,0,0,0,0,0,0,0,0.0,0,0,0,0,0,0,0,0,0,0,0,0,0,0,0,0,0.0,0,0,0,0,0,0,0,0,0,0,0,0
10,2022-08-01 02:30:00,33.64,-38.58,0,0,0,0,110.0,57.286,0,38.58,38.58,10,6,10,1.1,0,0,0,0,0,0,0,0,0,0,0,0,0,0,10.381,0,0,0,0,0,0,0,0,0,0,0,0,0,0,0,0,0,0,0,4.296,0,0,0,0,0,0,0,0,0.0,0,0,0,5.836,0,0,0,0,0,0,0,0,0,0,0,0,0,0,0,0,0,0,5.967,0,0,0,11.0,0.0,0,0,0,0,0,0,0,0,0,0,0,0,0,0,0,0,0,0,0,0,0,0,0,0,0,0,0,0,0,0,0,0,0,0,0,0,0.0,0,0,0,0,0,0,0,0,0,0,0,0,0,0,0,0,0.0,0,0,0,0,0,0,0,0,0,0,0,0
11,2022-08-01 02:45:00,33.64,-33.038,0,0,0,0,110.0,55.323,0,33.038,33.038,10,6,10,1.1,0,0,0,0,0,0,0,0,0,0,0,0,0,0,8.418,0,0,0,0,0,0,0,0,0,0,0,0,0,0,0,0,0,0,0,4.296,0,0,0,0,0,0,0,0,0.0,0,0,0,5.836,0,0,0,0,0,0,0,0,0,0,0,0,0,0,0,0,0,0,5.967,0,0,0,7.421,0.0,0,0,0,0,0,0,0,0,0,0,0,0,0,0,0,0,0,0,0,0,0,0,0,0,0,0,0,0,0,0,0,0,0,0,0,0,0.0,0,0,0,0,0,0,0,0,0,0,0,0,0,0,0,0,0.0,0,0,0,0,0,0,0,0,0,0,0,0
12,2022-08-01 03:00:00,33.89,-27.688,0,0,0,0,110.0,56.259,0,27.688,27.688,10,6,10,1.1,0,0,0,0,0,0,0,0,0,0,0,0,0,0,9.354,0,0,0,0,0,0,0,0,0,0,0,0,0,0,0,0,0,0,0,4.296,0,0,0,0,0,0,0,0,0.0,0,0,0,5.836,0,0,0,0,0,0,0,0,0,0,0,0,0,0,0,0,0,0,5.967,0,0,0,0.0,1.135,0,0,0,0,0,0,0,0,0,0,0,0,0,0,0,0,0,0,0,0,0,0,0,0,0,0,0,0,0,0,0,0,0,0,0,0,0.0,0,0,0,0,0,0,0,0,0,0,0,0,0,0,0,0,0.0,0,0,0,0,0,0,0,0,0,0,0,0
13,2022-08-01 03:15:00,33.89,-26.024,0,0,0,0,110.0,54.595,0,26.024,26.024,10,6,10,1.1,0,0,0,0,0,0,0,0,0,0,0,0,0,0,7.69,0,0,0,0,0,0,0,0,0,0,0,0,0,0,0,0,0,0,0,4.296,0,0,0,0,0,0,0,0,0.0,0,0,0,5.836,0,0,0,0,0,0,0,0,0,0,0,0,0,0,0,0,0,0,5.967,0,0,0,0.0,1.135,0,0,0,0,0,0,0,0,0,0,0,0,0,0,0,0,0,0,0,0,0,0,0,0,0,0,0,0,0,0,0,0,0,0,0,0,0.0,0,0,0,0,0,0,0,0,0,0,0,0,0,0,0,0,0.0,0,0,0,0,0,0,0,0,0,0,0,0
14,2022-08-01 03:30:00,33.89,-30.187,0,0,0,0,110.0,58.758,0,30.187,30.187,10,6,10,1.1,0,0,0,0,0,0,0,0,0,0,0,0,0,0,11.0,0,0,0,0,0,0,0,0,0,0,0,0,0,0,0,0,0,0,0,4.296,0,0,0,0,0,0,0,0,0.0,0,0,0,6.689,0,0,0,0,0,0,0,0,0,0,0,0,0,0,0,0,0,0,5.967,0,0,0,0.0,1.135,0,0,0,0,0,0,0,0,0,0,0,0,0,0,0,0,0,0,0,0,0,0,0,0,0,0,0,0,0,0,0,0,0,0,0,0,0.0,0,0,0,0,0,0,0,0,0,0,0,0,0,0,0,0,0.0,0,0,0,0,0,0,0,0,0,0,0,0
15,2022-08-01 03:45:00,33.89,-30.76,0,0,0,0,110.0,59.331,0,30.76,30.76,10,6,10,1.1,0,0,0,0,0,0,0,0,0,0,0,0,0,0,11.0,0,0,0,0,0,0,0,0,0,0,0,0,0,0,0,0,0,0,0,4.296,0,0,0,0,0,0,0,0,0.0,0,0,0,7.262,0,0,0,0,0,0,0,0,0,0,0,0,0,0,0,0,0,0,5.967,0,0,0,0.0,1.135,0,0,0,0,0,0,0,0,0,0,0,0,0,0,0,0,0,0,0,0,0,0,0,0,0,0,0,0,0,0,0,0,0,0,0,0,0.0,0,0,0,0,0,0,0,0,0,0,0,0,0,0,0,0,0.0,0,0,0,0,0,0,0,0,0,0,0,0
16,2022-08-01 04:00:00,33.5,-30.03,0,0,0,0,110.0,58.601,0,30.03,30.03,10,6,10,1.1,0,0,0,0,0,0,0,0,0,0,0,0,0,0,11.0,0,0,0,0,0,0,0,0,0,0,0,0,0,0,0,0,0,0,0,4.296,0,0,0,0,0,0,0,0,0.0,0,0,0,6.532,0,0,0,0,0,0,0,0,0,0,0,0,0,0,0,0,0,0,5.967,0,0,0,0.0,1.135,0,0,0,0,0,0,0,0,0,0,0,0,0,0,0,0,0,0,0,0,0,0,0,0,0,0,0,0,0,0,0,0,0,0,0,0,0.0,0,0,0,0,0,0,0,0,0,0,0,0,0,0,0,0,0.0,0,0,0,0,0,0,0,0,0,0,0,0
17,2022-08-01 04:15:00,33.5,-25.128,0,0,0,0,110.0,58.441,0,25.128,25.128,10,5,10,0.0,0,0,0,0,0,0,0,0,0,0,0,0,0,0,11.0,0,0,0,0,0,0,0,0,0,0,0,0,0,0,0,0,0,0,0,0.653,0,0,0,0,0,0,0,0,0.0,0,0,0,6.372,0,0,0,0,0,0,0,0,0,0,0,0,0,0,0,0,0,0,5.967,0,0,0,0.0,1.135,0,0,0,0,0,0,0,0,0,0,0,0,0,0,0,0,0,0,0,0,0,0,0,0,0,0,0,0,0,0,0,0,0,0,0,0,0.0,0,0,0,0,0,0,0,0,0,0,0,0,0,0,0,0,0.0,0,0,0,0,0,0,0,0,0,0,0,0
18,2022-08-01 04:30:00,33.5,-26.367,0,0,0,0,110.0,60.334,0,26.367,26.367,10,4,10,0.0,0,0,0,0,0,0,0,0,0,0,0,0,0,0,11.0,0,0,0,0,0,0,0,0,0,0,0,0,0,0,0,0,0,0,0,0.0,0,0,0,0,0,0,0,0,0.0,0,0,0,8.265,0,0,0,0,0,0,0,0,0,0,0,0,0,0,0,0,0,0,5.967,0,0,0,0.0,1.135,0,0,0,0,0,0,0,0,0,0,0,0,0,0,0,0,0,0,0,0,0,0,0,0,0,0,0,0,0,0,0,0,0,0,0,0,0.0,0,0,0,0,0,0,0,0,0,0,0,0,0,0,0,0,0.0,0,0,0,0,0,0,0,0,0,0,0,0
19,2022-08-01 04:45:00,33.5,-20.833,0,0,0,0,110.0,57.045,0,20.833,20.833,10,4,10,0.0,0,0,0,0,0,0,0,0,0,0,0,0,0,0,10.14,0,0,0,0,0,0,0,0,0,0,0,0,0,0,0,0,0,0,0,0.0,0,0,0,0,0,0,0,0,0.0,0,0,0,5.836,0,0,0,0,0,0,0,0,0,0,0,0,0,0,0,0,0,0,3.722,0,0,0,0.0,1.135,0,0,0,0,0,0,0,0,0,0,0,0,0,0,0,0,0,0,0,0,0,0,0,0,0,0,0,0,0,0,0,0,0,0,0,0,0.0,0,0,0,0,0,0,0,0,0,0,0,0,0,0,0,0,0.0,0,0,0,0,0,0,0,0,0,0,0,0
20,2022-08-01 05:00:00,33.91,-16.05,0,0,0,0,110.0,55.984,0,16.05,16.05,10,3,10,0.0,0,0,0,0,0,0,0,0,0,0,0,0,0,0,9.079,0,0,0,0,0,0,0,0,0,0,0,0,0,0,0,0,0,0,0,0.0,0,0,0,0,0,0,0,0,0.0,0,0,0,5.836,0,0,0,0,0,0,0,0,0,0,0,0,0,0,0,0,0,0,0.0,0,0,0,0.0,1.135,0,0,0,0,0,0,0,0,0,0,0,0,0,0,0,0,0,0,0,0,0,0,0,0,0,0,0,0,0,0,0,0,0,0,0,0,0.0,0,0,0,0,0,0,0,0,0,0,0,0,0,0,0,0,0.0,0,0,0,0,0,0,0,0,0,0,0,0
21,2022-08-01 05:15:00,33.91,-18.09,0,0,0,0,110.0,58.024,0,18.09,18.09,10,3,10,0.0,0,0,0,0,0,0,0,0,0,0,0,0,0,0,11.0,0,0,0,0,0,0,0,0,0,0,0,0,0,0,0,0,0,0,0,0.0,0,0,0,0,0,0,0,0,0.0,0,0,0,5.955,0,0,0,0,0,0,0,0,0,0,0,0,0,0,0,0,0,0,0.0,0,0,0,0.0,1.135,0,0,0,0,0,0,0,0,0,0,0,0,0,0,0,0,0,0,0,0,0,0,0,0,0,0,0,0,0,0,0,0,0,0,0,0,0.0,0,0,0,0,0,0,0,0,0,0,0,0,0,0,0,0,0.0,0,0,0,0,0,0,0,0,0,0,0,0
22,2022-08-01 05:30:00,33.91,-6.289,0,0,0,0,88.0,57.068,0,6.289,6.289,8,2,8,5.154,0,0,0,0,0,0,0,0,0,0,0,0,0,0,0,0,0,0,0,0,0,0,0,0,0,0,0,0,0,0,0,0,0,0,0.0,0,0,0,0,0,0,0,0,0.0,0,0,0,0,0,0,0,0,0,0,0,0,0,0,0,0,0,0,0,0,0,0,0.0,0,0,0,0.0,1.135,0,0,0,0,0,0,0,0,0,0,0,0,0,0,0,0,0,0,0,0,0,0,0,0,0,0,0,0,0,0,0,0,0,0,0,0,0.0,0,0,0,0,0,0,0,0,0,0,0,0,0,0,0,0,0.0,0,0,0,0,0,0,0,0,0,0,0,0
23,2022-08-01 05:45:00,33.91,-2.541,0,0,0,0,88.0,53.32,0,2.541,2.541,8,2,8,1.406,0,0,0,0,0,0,0,0,0,0,0,0,0,0,0,0,0,0,0,0,0,0,0,0,0,0,0,0,0,0,0,0,0,0,0.0,0,0,0,0,0,0,0,0,0.0,0,0,0,0,0,0,0,0,0,0,0,0,0,0,0,0,0,0,0,0,0,0,0.0,0,0,0,0.0,1.135,0,0,0,0,0,0,0,0,0,0,0,0,0,0,0,0,0,0,0,0,0,0,0,0,0,0,0,0,0,0,0,0,0,0,0,0,0.0,0,0,0,0,0,0,0,0,0,0,0,0,0,0,0,0,0.0,0,0,0,0,0,0,0,0,0,0,0,0
24,2022-08-01 06:00:00,48.13,-2.446,0,0,0,0,88.0,53.225,0,2.446,2.446,8,2,8,1.311,0,0,0,0,0,0,0,0,0,0,0,0,0,0,0,0,0,0,0,0,0,0,0,0,0,0,0,0,0,0,0,0,0,0,0.0,0,0,0,0,0,0,0,0,0.0,0,0,0,0,0,0,0,0,0,0,0,0,0,0,0,0,0,0,0,0,0,0,0.0,0,0,0,0.0,1.135,0,0,0,0,0,0,0,0,0,0,0,0,0,0,0,0,0,0,0,0,0,0,0,0,0,0,0,0,0,0,0,0,0,0,0,0,0.0,0,0,0,0,0,0,0,0,0,0,0,0,0,0,0,0,0.0,0,0,0,0,0,0,0,0,0,0,0,0
25,2022-08-01 06:15:00,48.13,-1.14,0,0,0,0,88.0,49.503,0,1.14,1.14,8,2,8,0.005,0,0,0,0,0,0,0,0,0,0,0,0,0,0,0,0,0,0,0,0,0,0,0,0,0,0,0,0,0,0,0,0,0,0,0.0,0,0,0,0,0,0,0,0,0.0,0,0,0,0,0,0,0,0,0,0,0,0,0,0,0,0,0,0,0,0,0,0,0.0,0,0,0,0.0,1.135,0,0,0,0,0,0,0,0,0,0,0,0,0,0,0,0,0,0,0,0,0,0,0,0,0,0,0,0,0,0,0,0,0,0,0,0,0.0,0,0,0,0,0,0,0,0,0,0,0,0,0,0,0,0,0.0,0,0,0,0,0,0,0,0,0,0,0,0
26,2022-08-01 06:30:00,48.13,-1.135,0,0,0,0,88.0,51.89,0,1.135,1.135,8,1,8,0.0,0,0,0,0,0,0,0,0,0,0,0,0,0,0,0,0,0,0,0,0,0,0,0,0,0,0,0,0,0,0,0,0,0,0,0.0,0,0,0,0,0,0,0,0,0.0,0,0,0,0,0,0,0,0,0,0,0,0,0,0,0,0,0,0,0,0,0,0,0.0,0,0,0,0.0,1.135,0,0,0,0,0,0,0,0,0,0,0,0,0,0,0,0,0,0,0,0,0,0,0,0,0,0,0,0,0,0,0,0,0,0,0,0,0.0,0,0,0,0,0,0,0,0,0,0,0,0,0,0,0,0,0.0,0,0,0,0,0,0,0,0,0,0,0,0
27,2022-08-01 06:45:00,48.13,-1.135,0,0,0,0,88.0,40.861,0,1.135,1.135,8,1,8,0.0,0,0,0,0,0,0,0,0,0,0,0,0,0,0,0,0,0,0,0,0,0,0,0,0,0,0,0,0,0,0,0,0,0,0,0.0,0,0,0,0,0,0,0,0,0.0,0,0,0,0,0,0,0,0,0,0,0,0,0,0,0,0,0,0,0,0,0,0,0.0,0,0,0,0.0,1.135,0,0,0,0,0,0,0,0,0,0,0,0,0,0,0,0,0,0,0,0,0,0,0,0,0,0,0,0,0,0,0,0,0,0,0,0,0.0,0,0,0,0,0,0,0,0,0,0,0,0,0,0,0,0,0.0,0,0,0,0,0,0,0,0,0,0,0,0
28,2022-08-01 07:00:00,54.61,-1.898,0,0,0,0,77.0,45.145,0,1.898,1.898,7,1,7,0,0,0,0,0,0,0,0,0,0,0,0,0,0,0,0,0,0,0,0,0,0,0,0,0,0,0,0,0,0,0,0,0,0,0,0.0,0,0,0,0,0,0,0,0,0.0,0,0,0,0,0,0,0,0,0,0,0,0,0,0,0,0,0,0,0,0,0,0,0.0,0,0,0,0.0,1.898,0,0,0,0,0,0,0,0,0,0,0,0,0,0,0,0,0,0,0,0,0,0,0,0,0,0,0,0,0,0,0,0,0,0,0,0,0.0,0,0,0,0,0,0,0,0,0,0,0,0,0,0,0,0,0.0,0,0,0,0,0,0,0,0,0,0,0,0
29,2022-08-01 07:15:00,54.61,-1.898,0,0,0,0,77.0,42.515,0,1.898,1.898,7,1,7,0,0,0,0,0,0,0,0,0,0,0,0,0,0,0,0,0,0,0,0,0,0,0,0,0,0,0,0,0,0,0,0,0,0,0,0.0,0,0,0,0,0,0,0,0,0.0,0,0,0,0,0,0,0,0,0,0,0,0,0,0,0,0,0,0,0,0,0,0,0.0,0,0,0,0.0,1.898,0,0,0,0,0,0,0,0,0,0,0,0,0,0,0,0,0,0,0,0,0,0,0,0,0,0,0,0,0,0,0,0,0,0,0,0,0.0,0,0,0,0,0,0,0,0,0,0,0,0,0,0,0,0,0.0,0,0,0,0,0,0,0,0,0,0,0,0
30,2022-08-01 07:30:00,54.61,-1.898,0,0,0,0,77.0,40.803,0,1.898,1.898,7,1,7,0,0,0,0,0,0,0,0,0,0,0,0,0,0,0,0,0,0,0,0,0,0,0,0,0,0,0,0,0,0,0,0,0,0,0,0.0,0,0,0,0,0,0,0,0,0.0,0,0,0,0,0,0,0,0,0,0,0,0,0,0,0,0,0,0,0,0,0,0,0.0,0,0,0,0.0,1.898,0,0,0,0,0,0,0,0,0,0,0,0,0,0,0,0,0,0,0,0,0,0,0,0,0,0,0,0,0,0,0,0,0,0,0,0,0.0,0,0,0,0,0,0,0,0,0,0,0,0,0,0,0,0,0.0,0,0,0,0,0,0,0,0,0,0,0,0
31,2022-08-01 07:45:00,54.61,-1.898,0,0,0,0,77.0,38.724,0,1.898,1.898,7,1,7,0,0,0,0,0,0,0,0,0,0,0,0,0,0,0,0,0,0,0,0,0,0,0,0,0,0,0,0,0,0,0,0,0,0,0,0.0,0,0,0,0,0,0,0,0,0.0,0,0,0,0,0,0,0,0,0,0,0,0,0,0,0,0,0,0,0,0,0,0,0.0,0,0,0,0.0,1.898,0,0,0,0,0,0,0,0,0,0,0,0,0,0,0,0,0,0,0,0,0,0,0,0,0,0,0,0,0,0,0,0,0,0,0,0,0.0,0,0,0,0,0,0,0,0,0,0,0,0,0,0,0,0,0.0,0,0,0,0,0,0,0,0,0,0,0,0
32,2022-08-01 08:00:00,57.93,-1.898,0,0,0,0,77.0,44.421,0,1.898,1.898,7,1,7,0,0,0,0,0,0,0,0,0,0,0,0,0,0,0,0,0,0,0,0,0,0,0,0,0,0,0,0,0,0,0,0,0,0,0,0.0,0,0,0,0,0,0,0,0,0.0,0,0,0,0,0,0,0,0,0,0,0,0,0,0,0,0,0,0,0,0,0,0,0.0,0,0,0,0.0,1.898,0,0,0,0,0,0,0,0,0,0,0,0,0,0,0,0,0,0,0,0,0,0,0,0,0,0,0,0,0,0,0,0,0,0,0,0,0.0,0,0,0,0,0,0,0,0,0,0,0,0,0,0,0,0,0.0,0,0,0,0,0,0,0,0,0,0,0,0
33,2022-08-01 08:15:00,57.93,-1.898,0,0,0,0,77.0,34.318,0,1.898,1.898,7,1,7,0,0,0,0,0,0,0,0,0,0,0,0,0,0,0,0,0,0,0,0,0,0,0,0,0,0,0,0,0,0,0,0,0,0,0,0.0,0,0,0,0,0,0,0,0,0.0,0,0,0,0,0,0,0,0,0,0,0,0,0,0,0,0,0,0,0,0,0,0,0.0,0,0,0,0.0,1.898,0,0,0,0,0,0,0,0,0,0,0,0,0,0,0,0,0,0,0,0,0,0,0,0,0,0,0,0,0,0,0,0,0,0,0,0,0.0,0,0,0,0,0,0,0,0,0,0,0,0,0,0,0,0,0.0,0,0,0,0,0,0,0,0,0,0,0,0
34,2022-08-01 08:30:00,57.93,-12.708,0,0,0,0,99.0,44.172,0,12.708,12.708,9,2,9,0,0,0,0,0,0,0,0,0,0,0,0,0,0,0,0,0,0,0,0,0,0,0,0,0,0,0,0,0,0,0,0,0.0,0,0,0.0,0,0,0,0,0,0,0,0,0.0,0,0,0,0,0,0,0,0,0,0,0,0,0,0,0,0,0,0,0,0,0,0,0.0,0,0,0,0.0,1.898,0,0,0,0,0,0,0,0,0,0,0,0,0,0,0,0,0,0,0,0,0,0,10.81,0,0,0,0,0,0,0,0,0,0,0,0,0,0.0,0,0,0,0,0,0,0,0,0,0,0,0,0,0,0,0,0.0,0,0,0,0,0,0,0,0,0,0,0,0
35,2022-08-01 08:45:00,57.93,-12.708,0,0,0,0,99.0,35.818,0,12.708,12.708,9,2,9,0,0,0,0,0,0,0,0,0,0,0,0,0,0,0,0,0,0,0,0,0,0,0,0,0,0,0,0,0,0,0,0,0.0,0,0,0.0,0,0,0,0,0,0,0,0,0.0,0,0,0,0,0,0,0,0,0,0,0,0,0,0,0,0,0,0,0,0,0,0,0.0,0,0,0,0.0,1.898,0,0,0,0,0,0,0,0,0,0,0,0,0,0,0,0,0,0,0,0,0,0,10.81,0,0,0,0,0,0,0,0,0,0,0,0,0,0.0,0,0,0,0,0,0,0,0,0,0,0,0,0,0,0,0,0.0,0,0,0,0,0,0,0,0,0,0,0,0
36,2022-08-01 09:00:00,57.18,-10.81,0,0,0,0,88.0,21.965,0,10.81,10.81,8,1,8,0,0,0,0,0,0,0,0,0,0,0,0,0,0,0,0,0,0,0,0,0,0,0,0,0,0,0,0,0,0,0,0,0.0,0,0,0.0,0,0,0,0,0,0,0,0,0.0,0,0,0,0,0,0,0,0,0,0,0,0,0,0,0,0,0,0,0,0,0,0,0.0,0,0,0,0.0,0,0,0,0,0,0,0,0,0,0,0,0,0,0,0,0,0,0,0,0,0,0,0,10.81,0,0,0,0,0,0,0,0,0,0,0,0,0,0.0,0,0,0,0,0,0,0,0,0,0,0,0,0,0,0,0,0.0,0,0,0,0,0,0,0,0,0,0,0,0
37,2022-08-01 09:15:00,57.18,-10.81,0,0,0,0,88.0,16.847,0,10.81,10.81,8,1,8,0,0,0,0,0,0,0,0,0,0,0,0,0,0,0,0,0,0,0,0,0,0,0,0,0,0,0,0,0,0,0,0,0.0,0,0,0.0,0,0,0,0,0,0,0,0,0.0,0,0,0,0,0,0,0,0,0,0,0,0,0,0,0,0,0,0,0,0,0,0,0.0,0,0,0,0.0,0,0,0,0,0,0,0,0,0,0,0,0,0,0,0,0,0,0,0,0,0,0,0,10.81,0,0,0,0,0,0,0,0,0,0,0,0,0,0.0,0,0,0,0,0,0,0,0,0,0,0,0,0,0,0,0,0.0,0,0,0,0,0,0,0,0,0,0,0,0
38,2022-08-01 09:30:00,57.18,-10.81,0,0,0,0,88.0,14.551,0,10.81,10.81,8,1,8,0,0,0,0,0,0,0,0,0,0,0,0,0,0,0,0,0,0,0,0,0,0,0,0,0,0,0,0,0,0,0,0,0.0,0,0,0.0,0,0,0,0,0,0,0,0,0.0,0,0,0,0,0,0,0,0,0,0,0,0,0,0,0,0,0,0,0,0,0,0,0.0,0,0,0,0.0,0,0,0,0,0,0,0,0,0,0,0,0,0,0,0,0,0,0,0,0,0,0,0,10.81,0,0,0,0,0,0,0,0,0,0,0,0,0,0.0,0,0,0,0,0,0,0,0,0,0,0,0,0,0,0,0,0.0,0,0,0,0,0,0,0,0,0,0,0,0
39,2022-08-01 09:45:00,57.18,-10.81,0,0,0,0,88.0,15.133,0,10.81,10.81,8,1,8,0,0,0,0,0,0,0,0,0,0,0,0,0,0,0,0,0,0,0,0,0,0,0,0,0,0,0,0,0,0,0,0,0.0,0,0,0.0,0,0,0,0,0,0,0,0,0.0,0,0,0,0,0,0,0,0,0,0,0,0,0,0,0,0,0,0,0,0,0,0,0.0,0,0,0,0.0,0,0,0,0,0,0,0,0,0,0,0,0,0,0,0,0,0,0,0,0,0,0,0,10.81,0,0,0,0,0,0,0,0,0,0,0,0,0,0.0,0,0,0,0,0,0,0,0,0,0,0,0,0,0,0,0,0.0,0,0,0,0,0,0,0,0,0,0,0,0
40,2022-08-01 10:00:00,52.27,-7.566,0,0,0,0,88.0,8.208,0,7.566,7.566,8,1,8,0,0,0,0,0,0,0,0,0,0,0,0,0,0,0,0,0,0,0,0,0,0,0,0,0,0,0,0,0,0,0,0,0.0,0,0,0.0,0,0,0,0,0,0,0,0,0.0,0,0,0,0,0,0,0,0,0,0,0,0,0,0,0,0,0,0,0,0,0,0,0.0,0,0,0,0.0,0,0,0,0,0,0,0,0,0,0,0,0,0,0,0,0,0,0,0,0,0,0,0,7.566,0,0,0,0,0,0,0,0,0,0,0,0,0,0.0,0,0,0,0,0,0,0,0,0,0,0,0,0,0,0,0,0.0,0,0,0,0,0,0,0,0,0,0,0,0
41,2022-08-01 10:15:00,52.27,-10.81,0,0,0,0,99.0,18.891,0,10.81,10.81,9,1,9,0,0,0,0,0,0,0,0,0,0,0,0,0,0,0,0,0,0,0.0,0,0,0,0,0,0,0,0,0,0,0,0,0,0.0,0,0,0.0,0,0,0,0,0,0,0,0,0.0,0,0,0,0,0,0,0,0,0,0,0,0,0,0,0,0,0,0,0,0,0,0,0.0,0,0,0,0.0,0,0,0,0,0,0,0,0,0,0,0,0,0,0,0,0,0,0,0,0,0,0,0,10.81,0,0,0,0,0,0,0,0,0,0,0,0,0,0.0,0,0,0,0,0,0,0,0,0,0,0,0,0,0,0,0,0.0,0,0,0,0,0,0,0,0,0,0,0,0
42,2022-08-01 10:30:00,52.27,-9.122,0,0,0,0,110.0,10.466,0,9.122,9.122,10,1,10,0,0,0,0,0,0,0,0,0,0,0,0,0,0,0,0,0,0,0.0,0,0,0,0,0,0,0,0,0,0,0,0,0,0.0,0,0,0.0,0,0,0,0,0,0,0,0,0.0,0,0,0,0,0,0,0,0,0,0,0,0,0,0,0,0,0,0,0,0,0,0,0.0,0,0,0,0.0,0,0,0,0,0,0,0,0,0,0,0,0,0,0,0,0,0,0,0,0,0,0,0,9.122,0,0,0,0,0,0,0,0,0,0,0,0,0,0.0,0,0,0,0,0,0.0,0,0,0,0,0,0,0,0,0,0,0.0,0,0,0,0,0,0,0,0,0,0,0,0
43,2022-08-01 10:45:00,52.27,-10.81,0,0,0,0,110.0,18.641,0,10.81,10.81,10,1,10,0,0,0,0,0,0,0,0,0,0,0,0,0,0,0,0,0,0,0.0,0,0,0,0,0,0,0,0,0,0,0,0,0,0.0,0,0,0.0,0,0,0,0,0,0,0,0,0.0,0,0,0,0,0,0,0,0,0,0,0,0,0,0,0,0,0,0,0,0,0,0,0.0,0,0,0,0.0,0,0,0,0,0,0,0,0,0,0,0,0,0,0,0,0,0,0,0,0,0,0,0,10.81,0,0,0,0,0,0,0,0,0,0,0,0,0,0.0,0,0,0,0,0,0.0,0,0,0,0,0,0,0,0,0,0,0.0,0,0,0,0,0,0,0,0,0,0,0,0
44,2022-08-01 11:00:00,49.94,-4.84,0,0,0,0,110.0,5.853,0,4.84,4.84,10,1,10,0,0,0,0,0,0,0,0,0,0,0,0,0,0,0,0,0,0,0.0,0,0,0,0,0,0,0,0,0,0,0,0,0,0.0,0,0,0.0,0,0,0,0,0,0,0,0,0.0,0,0,0,0,0,0,0,0,0,0,0,0,0,0,0,0,0,0,0,0,0,0,0.0,0,0,0,0.0,0,0,0,0,0,0,0,0,0,0,0,0,0,0,0,0,0,0,0,0,0,0,0,4.84,0,0,0,0,0,0,0,0,0,0,0,0,0,0.0,0,0,0,0,0,0.0,0,0,0,0,0,0,0,0,0,0,0.0,0,0,0,0,0,0,0,0,0,0,0,0
45,2022-08-01 11:15:00,49.94,-3.662,0,0,0,0,110.0,5.026,0,3.662,3.662,10,1,10,0,0,0,0,0,0,0,0,0,0,0,0,0,0,0,0,0,0,0.0,0,0,0,0,0,0,0,0,0,0,0,0,0,0.0,0,0,0,0,0.0,0,0,0,0,0,0,0.0,0,0,0,0,0,0,0,0,0,0,0,0,0,0,0,0,0,0,0,0,0,0,0.0,0,0,0,0.0,0,0,0,0,0,0,0,0,0,0,0,0,0,0,0,0,0,0,0,0,0,0,0,3.662,0,0,0,0,0,0,0,0,0,0,0,0,0,0.0,0,0,0,0,0,0.0,0,0,0,0,0,0,0,0,0,0,0.0,0,0,0,0,0,0,0,0,0,0,0,0
46,2022-08-01 11:30:00,49.94,-3.53,0,0,0,0,121.0,6.532,0,3.53,3.53,11,1,11,0,0,0,0,0,0,0,0,0,0,0,0,0,0,0,0,0,0,0.0,0,0,0,0,0,0,0,0,0,0,0.0,0,0,0.0,0,0,0,0,0.0,0,0,0,0,0,0,0.0,0,0,0,0,0,0,0,0,0,0,0,0,0,0,0,0,0,0,0,0,0,0,0.0,0,0,0,0.0,0,0,0,0,0,0,0,0,0,0,0,0,0,0,0,0,0,0,0,0,0,0,0,3.53,0,0,0,0,0,0,0,0,0,0,0,0,0,0.0,0,0,0,0,0,0.0,0,0,0,0,0,0,0,0,0,0,0.0,0,0,0,0,0,0,0,0,0,0,0,0
47,2022-08-01 11:45:00,49.94,-9.854,0,0,0,0,121.0,11.569,0,9.854,9.854,11,1,11,0,0,0,0,0,0,0,0,0,0,0,0,0,0,0,0,0,0,0.0,0,0,0,0,0,0,0,0,0,0,0.0,0,0,0.0,0,0,0,0,0.0,0,0,0,0,0,0,0.0,0,0,0,0,0,0,0,0,0,0,0,0,0,0,0,0,0,0,0,0,0,0,0.0,0,0,0,0.0,0,0,0,0,0,0,0,0,0,0,0,0,0,0,0,0,0,0,0,0,0,0,0,9.854,0,0,0,0,0,0,0,0,0,0,0,0,0,0.0,0,0,0,0,0,0.0,0,0,0,0,0,0,0,0,0,0,0.0,0,0,0,0,0,0,0,0,0,0,0,0
48,2022-08-01 12:00:00,46.3,-12.777,0,0,0,0,132.0,13.926,0,12.777,12.777,12,2,12,0,0,0,0,0,0,0,0,0,0,0,0,0,0,0,0,0,0,0.0,0,0,0,0,0,0,0,0,0,0,0.0,0,0,0.0,0,0,0,0,0.0,0,0,0,0,0,0,0.0,0,0,0,0,0,0,0,0,0,0,0,0,0,0,0,0,0,0,0,0,0,0,0.0,0,0,0,0.0,0,0,0,0,0,0,0,0,0,0,0,0,0,0,0,0,0,0,0,0,0,0,0,7.801,0,0,0,4.976,0,0,0,0,0,0,0,0,0,0.0,0,0,0,0,0,0.0,0,0,0,0,0,0,0,0,0,0,0.0,0,0,0,0,0,0,0,0,0,0,0,0
49,2022-08-01 12:15:00,46.3,-1.657,0,0,0,0,132.0,3.666,0,1.657,1.657,12,1,12,0,0,0,0,0,0,0,0,0,0,0,0,0,0,0,0,0,0,0.0,0,0,0,0,0,0,0,0,0,0,0.0,0,0,0.0,0,0,0,0,0.0,0,0,0,0,0,0,0.0,0,0,0,0,0,0,0,0,0,0,0,0,0,0,0,0,0,0,0,0,0,0,0.0,0,0,0,0.0,0,0,0,0,0,0,0,0,0,0,0,0,0,0,0,0,0,0,0,0,0,0,0,0.0,0,0,0,1.657,0,0,0,0,0,0,0,0,0,0.0,0,0,0,0,0,0.0,0,0,0,0,0,0,0,0,0,0,0.0,0,0,0,0,0,0,0,0,0,0,0,0
50,2022-08-01 12:30:00,46.3,-0.0,0,0,0,0,143.0,2.711,0,0.0,0.0,13,0,13,0,0,0,0,0,0,0,0,0,0,0,0,0,0,0,0,0,0,0.0,0,0,0,0,0,0,0,0,0,0,0.0,0,0,0.0,0,0,0,0,0.0,0,0,0,0,0,0,0.0,0,0,0,0,0,0,0,0,0,0,0,0,0,0,0,0,0,0,0,0,0,0,0.0,0,0,0,0.0,0,0,0,0,0,0,0,0,0,0,0,0,0,0,0,0,0,0,0,0,0,0,0,0.0,0,0,0,0.0,0,0,0,0,0,0,0,0,0,0.0,0,0,0,0.0,0,0.0,0,0,0,0,0,0,0,0,0,0,0.0,0,0,0,0,0,0,0,0,0,0,0,0
51,2022-08-01 12:45:00,46.3,-12.39,0,0,0,0,143.0,16.329,0,12.39,12.39,13,2,13,0,0,0,0,0,0,0,0,0,0,0,0,0,0,0,0,0,0,0.0,0,0,0,0,0,0,0,0,0,0,0.0,0,0,0.0,0,0,0,0,0.0,0,0,0,0,0,0,0.0,0,0,0,0,0,0,0,0,0,0,0,0,0,0,0,0,0,0,0,0,0,0,0.0,0,0,0,0.0,0,0,0,0,0,0,0,0,0,0,0,0,0,0,0,0,0,0,0,0,0,0,0,0.0,0,0,0,4.976,0,0,0,0,0,0,0,0,0,0.0,0,0,0,7.414,0,0.0,0,0,0,0,0,0,0,0,0,0,0.0,0,0,0,0,0,0,0,0,0,0,0,0
52,2022-08-01 13:00:00,41.51,-22.211,0,0,0,0,143.0,24.628,0,22.211,22.211,13,3,13,0,0,0,0,0,0,0,0,0,0,0,0,0,0,0,0,0,0,0.0,0,0,0,0,0,0,0,0,0,0,0.0,0,0,0.0,0,0,0,0,0.0,0,0,0,0,0,0,0.0,0,0,0,0,0,0,0,0,0,0,0,0,0,0,0,0,0,0,0,0,0,0,0.0,0,0,0,0.0,0,0,0,0,0,0,0,0,0,0,0,0,0,0,0,0,0,0,0,0,0,0,0,9.821,0,0,0,4.976,0,0,0,0,0,0,0,0,0,0.0,0,0,0,7.414,0,0.0,0,0,0,0,0,0,0,0,0,0,0.0,0,0,0,0,0,0,0,0,0,0,0,0
53,2022-08-01 13:15:00,41.51,-24.068,0,0,0,0,154.0,26.564,0,24.068,24.068,14,4,14,0,0,0,0,0,0,0,0,0,0,0,0,0,0,0,0,0,0,0.0,0,0,0,0,0,0,0,0,0,0,0.0,0,0,0.0,0,0,0,0,0.0,0,0,0,0,0,0,0.0,0,0,0,0,0,0,0,0,0,0,0,0,0,0,0,0,0,0,0,0,0,0,0.0,0,0,0,0.0,0,0,0,0,0,0,0,0,0,0,0,0,0,0,0,0,0,0,0,0,0,0,0,4.352,7.326,0,0,4.976,0,0,0,0,0.0,0,0,0,0,0.0,0,0,0,7.414,0,0.0,0,0,0,0,0,0,0,0,0,0,0,0,0,0,0,0,0,0,0,0,0,0,0
54,2022-08-01 13:30:00,41.51,-37.536,0,0,0,0,165.0,44.227,0,37.536,37.536,15,5,15,0,0,0,0,0,0,0,0,0,0,0,0,0,0,0,0,5.136,0,0.0,0,0,0,0,0,0,0,0,0,0,0.0,0,0,0.0,0,0,0,0,0.0,0,0,0,0,0,0,0.0,0,0,0,0,0,0,0,0,0,0,0,0,0,0,0,0,0,0,0,0,0,0,0.0,0,0,0,0.0,0,0,0,0,0,0,0,0,0,0,0,0,0,0,0,0,0,0,0,0,0,0,0,11.0,7.326,0,0,6.66,0,0,0,0,0.0,0,0,0,0,0.0,0,0,0,7.414,0,0.0,0,0,0,0,0,0,0,0,0,0,0,0,0,0,0,0,0,0,0,0,0,0,0
55,2022-08-01 13:45:00,41.51,-37.536,0,0,0,0,176.0,50.23,0,37.536,37.536,16,5,16,0,0,0,0,0,0,0,0,0,0,0,0,0,0,0.0,0,5.136,0,0.0,0,0,0,0,0,0,0,0,0,0,0.0,0,0,0.0,0,0,0,0,0.0,0,0,0,0,0,0,0.0,0,0,0,0,0,0,0,0,0,0,0,0,0,0,0,0,0,0,0,0,0,0,0.0,0,0,0,0.0,0,0,0,0,0,0,0,0,0,0,0,0,0,0,0,0,0,0,0,0,0,0,0,11.0,7.326,0,0,6.66,0,0,0,0,0.0,0,0,0,0,0.0,0,0,0,7.414,0,0.0,0,0,0,0,0,0,0,0,0,0,0,0,0,0,0,0,0,0,0,0,0,0,0
56,2022-08-01 14:00:00,37.08,-37.536,0,0,0,0,165.0,59.124,0,37.536,37.536,15,5,15,0,0,0,0,0,0,0,0,0,0,0,0,0,0,0.0,0,5.136,0,0.0,0,0,0,0,0,0,0,0,0,0,0.0,0,0,0.0,0,0,0,0,0.0,0,0,0,0,0,0,0.0,0,0,0,0,0,0,0,0,0,0,0,0,0,0,0,0,0,0,0,0,0,0,0.0,0,0,0,0,0,0,0,0,0,0,0,0,0,0,0,0,0,0,0,0,0,0,0,0,0,0,0,11.0,7.326,0,0,6.66,0,0,0,0,0.0,0,0,0,0,0.0,0,0,0,7.414,0,0.0,0,0,0,0,0,0,0,0,0,0,0,0,0,0,0,0,0,0,0,0,0,0,0
57,2022-08-01 14:15:00,37.08,-37.535,0,0,0,0,165.0,48.714,0,37.535,37.535,15,7,15,0,0,0,0,0,0,0,0,0,0,0,0,0,0,0.0,0,5.136,0,0.0,0,0.0,0,0,0,0,0,0,0,0,6.012,0,0,0.0,0,0,0,0,2.492,0,0,0,0,0,0,0.0,0,0,0,0,0,0,0,0,0,0,0,0,0,0,0,0,0,0,0,0,0,0,0.0,0,0,0,0,0,0,0,0,0,0,0,0,0,0,0,0,0,0,0,0,0,0,0,0,0,0,0,0,7.326,0,0,7.769,0,0,0,0,0.0,0,0,0,0,0.0,0,0,0,7.414,0,1.386,0,0,0,0,0,0,0,0,0,0,0,0,0,0,0,0,0,0,0,0,0,0,0
58,2022-08-01 14:30:00,37.08,-37.535,0,0,0,0,165.0,49.512,0,37.535,37.535,15,7,15,0,0,0,0,0,0,0,0,0,0,0,0,0,0,0.0,0,5.136,0,0.0,0,0.0,0,0,0,0,0,0,0,0,6.012,0,0,0.0,0,0,0,0,2.492,0,0,0,0,0,0,0.0,0,0,0,0,0,0,0,0,0,0,0,0,0,0,0,0,0,0,0,0,0,0,0.0,0,0,0,0,0,0,0,0,0,0,0,0,0,0,0,0,0,0,0,0,0,0,0,0,0,0,0,0,7.326,0,0,7.769,0,0,0,0,0.0,0,0,0,0,0.0,0,0,0,7.414,0,1.386,0,0,0,0,0,0,0,0,0,0,0,0,0,0,0,0,0,0,0,0,0,0,0
59,2022-08-01 14:45:00,37.08,-37.535,0,0,0,0,176.0,44.661,0,37.535,37.535,16,7,16,0,0,0,0,0,0,0,0,0,0,0,0,0,0,0.0,0,5.136,0,0.0,0,0.0,0,0,0,0,0,0,0,0,6.012,0,0,0.0,0,0,0,0,2.492,0,0,0,0,0,0,0.0,0,0,0,0,0,0,0,0,0,0,0,0,0,0,0,0,0,0,0,0,0,0,0.0,0,0,0,0,0,0,0,0,0,0,0,0,0,0,0,0,0,0,0,0,0,0,0,0,0,0,0,0,7.326,0,0,7.769,0,0,0,0,0.0,0,0,0,0,0.0,0,0,0,7.414,0,1.386,0,0,0,0,0,0,0,0,0,0,0,0,0,0,0,0,0,0,0,0.0,0,0,0
60,2022-08-01 15:00:00,37.03,-131.293,0,0,0,0,315.0,131.293,0,131.293,30.291,16,5,15,0,0,0,0,0,0,101.002,0,0,0,0,0,0,0,0.0,0,11.0,0,0.0,0,0.0,0,0,0,0,0,0,0,0,4.108,0,0,0.0,0,0,0,0,0.0,0,0,0,0,0,0,0.0,0,0,0,0,0,0,0,0,0,0,0,0,0,0,0,0,0,0,0,0,0,0,0.0,0,0,0,0,0,0,0,0,0,0,0,0,0,0,0,0,0,0,0,0,0,0,0,0,0,0,0,0,0,0,0,7.769,0,0,0,0,0.0,0,0,0,0,0.0,0,0,0,7.414,0,0.0,0,0,0,0,0,0,0,0,0,0,0,0,0,0,0,0,0,0,0,0.0,0,0,0
61,2022-08-01 15:15:00,37.03,-137.075,0,0,0,0,337.0,138.093,0,137.075,36.073,18,7,17,0,0,0,0,0,0,101.002,0,0,0,0,0,0,0,0.0,0,11.0,0.0,0.0,0,0.0,0,0,0,0,0,0,0,0,6.012,0,0,0.0,0,0,0,0,2.492,0,0,0,0,0,0,0.0,0,0,0,0,0,0,0,0,0,0,0,0,0,0,0,0,0,0,0,0,0,0,0.0,0,0,0,0,0,0,0,0,0,0,0,0,0,0,0,0,0,0,0,0,0,0,0,0,0,0,0,0,0,0,0,7.769,0,0,0,0,0.0,0,0,0,0,0.0,0,0,0,7.414,0,1.386,0,0,0,0,0,0,0,0,0.0,0,0,0,0,0,0,0,0,0,0,0.0,0,0,0
62,2022-08-01 15:30:00,37.03,-45.016,0,0,0,0,209.0,51.513,0,45.016,45.016,19,7,19,0,0,0,0,0,0,0,0,0,0,0,0,0,0,0.0,0,11.0,0.0,0.0,0,0.0,0,0,0,0,0,0,0,0,6.012,0,0,0.0,0,0,0,0,2.492,0,0.0,0,0,0,0,0.0,0,0,0,0,0,0,0,0,0,0,0,0,0,0,8.943,0,0,0,0,0,0,0,0.0,0,0,0,0,0,0,0,0,0,0,0,0,0,0,0,0,0,0,0,0,0,0,0,0,0,0,0,0,0,0,0,7.769,0,0,0,0,0.0,0,0,0,0,0.0,0,0,0,7.414,0,1.386,0,0,0,0,0,0,0,0,0.0,0,0,0,0,0,0,0,0,0,0,0.0,0,0,0
63,2022-08-01 15:45:00,37.03,-43.438,0,0,0,0,198.0,43.409,0,43.438,43.438,18,8,18,0,0,0,0,0,0,0,0,0,0,0,0,0,0,0.0,0,0,3.983,0.0,0,4.145,0,0,0,0,0,0,0,0,6.012,0,0,0.0,0,0,0,0,2.271,0,0.0,0,0,0,0,0.0,0,0,0,0,0,0,0,0,0,0,0,0,0,0,9.836,0,0,0,0,0,0,0,0.0,0,0,0.0,0,0,0,0,0,0,0,0,0,0,0,0,0,0,0,0,0,0,0,0,0,0,0,0,0,0,0,0,0,0,0,0,0,0.0,0,0,0,0,0.0,0,0,0,11.0,0,0.0,0,0,0,0,0,0,0,0,3.039,0,0,0,0,0,0,0,0,0,0,3.152,0,0,0
64,2022-08-01 16:00:00,39.08,-40.569,0,0,0,0,187.0,46.117,0,40.569,40.569,17,10,17,0,0,0,0,0,0,0,0,0,0,0,0,0,0,0.0,0,0,3.983,0.0,0,4.145,0,0,0,0,0,0,0,0,6.012,0,0,0.0,0,0,0,0,2.492,0,3.367,0,0,0,0,0.0,0,0,0,0,0,0,0,0,0,0,0,0,0,0,0,0,0,0,0,0,0,0,0.0,0,0,1.993,0,0,0,0,0,0,0,0,0,0,0,0,0,0,0,0,0,0,0,0,0,0,0,0,0,0,0,0,0,0,0,0,0,0.0,0,0,0,0,0.0,0,0,0,11.0,0,1.386,0,0,0,0,0,0,0,0,3.039,0,0,0,0,0,0,0,0,0,0,3.152,0,0,0
65,2022-08-01 16:15:00,39.08,-41.669,0,0,0,0,187.0,41.492,0,41.669,41.669,17,11,17,0,0,0,0,0,0,0,0,0,0,0,0,0,0,8.777,0,0,3.983,0.0,0,6.368,0,0,0,0,0,0,0,0,6.012,0,0,0.0,0,0,0,0,2.492,0,3.367,0,0,0,0,0.0,0,0,0,0,0,0,0,0,0,0,0,0,0,0,0,0,0,0,0,0,0,1.1,0.0,0,0,1.993,0,0,0,0,0,0,0,0,0,0,0,0,0,0,0,0,0,0,0,0,0,0,0,0,0,0,0,0,0,0,0,0,0,0.0,0,0,0,0,0.0,0,0,0,0,0,1.386,0,0,0,0,0,0,0,0,3.039,0,0,0,0,0,0,0,0,0,0,3.152,0,0,0
66,2022-08-01 16:30:00,39.08,-39.426,0,0,0,0,198.0,39.038,0,39.426,39.426,18,10,18,0,0,0,0,0,0,0,0,0,0,0,0,0,0,8.777,0,0,3.983,0.0,0,6.368,0,0,0,0,0,0,0,0,4.569,0,0,0.0,0,3.078,0,0,0.0,0,3.367,0,0,0,0,0.0,0,0,0,0,0,0,0,0,0,0,0,0,0,0,0,0,0,0,0,0,0,1.1,0.0,0,0,1.993,0,0,0,0,0,0,0,0,0,0,0,0,0,0,0,0,0,0,0,0,0,0,0,0,0,0,0,0,0,0,0,0,0,0.0,0,0,0,0,0.0,0,0,0,0,0,0.0,0,0,0,0,0,0,0,0,3.039,0,0,0,0,0,0,0,0,0,0,3.152,0,0,0
67,2022-08-01 16:45:00,39.08,-43.596,0,0,0,0,242.0,43.208,0,43.596,43.596,22,11,22,0,0,0,0,0,0,0,0,0.0,0,0,0,0,0,3.91,0,0,3.983,0.0,0,6.368,0,0,0,0,0,0,0,0,0.0,0,0,0.0,0,3.078,0,0,0.0,0,3.367,0,0,0,0,0.0,0,0,0,0,0,0,0,0,0,0,0,0,0,0,0,0,0,0,0,0,4.351,1.1,0.0,0,0,1.993,0,0,0,0,0,0,0,0,0.0,0,9.255,0,0,0,0,0,0,0,0,0,0,0,0,0,0,0,0,0,0,0,0,0,0,0.0,0,0,0,0,0.0,0,0,0,0,0,0.0,0,0,0,0,0,0,0,0,3.039,0,0,0,0,0,0,0,0,0,0,3.152,0,0,0
68,2022-08-01 17:00:00,42.14,-35.775,0,0,0,0,242.0,35.387,0,35.775,35.775,22,10,22,0,0,0,0,0,0,0,0,0.0,0,0,0,0,0,0.0,0,0,3.983,0.0,0,2.457,0,0,0,0,0,0,0,0,0.0,0,0,0.0,0,3.078,0,0,0.0,0,3.367,0,0,0,0,0.0,0,0,0,0,0,0,0,0,0,0,0,0,0,0,0,0,0,0,0,0,4.351,1.1,0.0,0,0,1.993,0,0,0,0,0,0,0,0,0.0,0,9.255,0,0,0,0,0,0,0,0,0,0,0,0,0,0,0,0,0,0,0,0,0,0,0.0,0,0,0,0,0.0,0,0,0,0,0,0.0,0,0,0,0,0,0,0,0,3.039,0,0,0,0,0,0,0,0,0,0,3.152,0,0,0
69,2022-08-01 17:15:00,42.14,-41.474,0,0,0,0,253.0,41.608,0,41.474,41.474,23,10,23,0,0,0,0,0,8.156,0,0,0.0,0,0,0,0,0,0.0,0,0,3.983,0.0,0,0.0,0,0,0,0,0,0,0,0,0.0,0,0,0.0,0,3.078,0,0,0.0,0,3.367,0,0,0,0,0.0,0,0,0,0,0,0,0,0,0,0,0,0,0,0,0,0,0,0,0,0,4.351,1.1,0.0,0,0,1.993,0,0,0,0,0,0,0,0,0.0,0,9.255,0,0,0,0,0,0,0,0,0,0,0,0,0,0,0,0,0,0,0,0,0,0,0.0,0,0,0,0,0.0,0,0,0,0,0,0.0,0,0,0,0,0,0,0,0,3.039,0,0,0,0,0,0,0,0,0,0,3.152,0,0,0
70,2022-08-01 17:30:00,42.14,-45.15,0,0,0,0,264.0,44.762,0,45.15,45.15,24,11,24,0,0,0,0,0,8.156,0,0,0.0,0,0,0,0,0,0.0,0,0,3.983,0.0,0,3.676,0,0,0,0,0,0,0,0,0.0,0,0,0.0,0,3.078,0,0,0.0,0,3.367,0,0,0,0,0.0,0,0,0,0,0,0,0,0,0,0,0,0,0,0,0,0,0,0,0,0,4.351,1.1,0.0,0,0,1.993,0,0,0,0,0,0,0,0,0.0,0,9.255,0,0,0,0,0,0,0,0,0,0,0,0,0,0,0,0,0,0,0,0,0,0,0.0,0,0,0,0,0.0,0,0,0,0,0,0.0,0,0,0.0,0,0,0,0,0,3.039,0,0,0,0,0,0,0,0,0,0,3.152,0,0,0
71,2022-08-01 17:45:00,42.14,-34.319,0,0,0,0,253.0,33.96,0,34.319,34.319,23,8,23,0,0,0,0,0,8.156,0,0,0.0,0,0,0,0,0,0.0,0,0,0.0,0.0,0,0.0,0,0,0,0,0,0,0,0,0.0,0,0,0.0,0,3.078,0,0,0.0,0,3.367,0,0,0,0,0,0,0,0,0,0,0,0,0,0,0,0,0,0,0,0,0,0,0,0,0,4.351,1.1,0.0,0,0,1.993,0,0,0,0,0,0,0,0,0.0,0,9.255,0,0,0,0,0,0,0,0,0,0,0,0,0,0,0,0,0,0,0,0,0,0,0.0,0,0,0,0,0.0,0,0,0,0,0,0.0,0,0,0.0,0,0,0,0,0,3.019,0,0,0,0,0,0,0,0,0,0,0.0,0,0,0
72,2022-08-01 18:00:00,36.67,-32.971,0,0,0,0,242.0,32.611,0,32.971,32.971,22,7,22,0,0,0,0,0,10.763,0,0,0.0,0,0,0,0,0,0.0,0,0,0.0,0.0,0,0.0,0,0,0,0,0,0,0,0,0.0,0,0,0.0,0,3.078,0,0,0.0,0,3.367,0,0,0,0,0,0,0,0,0,0,0,0,0,0,0,0,0,0,0,0,0,0,0,0,0,11.0,1.1,0.0,0,0,1.993,0,0,0,0,0,0,0,0,0.0,0,0,0,0,0,0,0,0,0,0,0,0,0,0,0,0,0,0,0,0,0,0,0,0,0.0,0,0,0,0,0.0,0,0,0,0,0,0.0,0,0,0.0,0,0,0,0,0,1.67,0,0,0,0,0,0,0,0,0,0,0.0,0,0,0
73,2022-08-01 18:15:00,36.67,-27.061,0,0,0,0,242.0,26.701,0,27.061,27.061,22,5,22,0,0,0,0,0,10.763,0,0,0.0,0,0,0,0,0,0.0,0,0,0.0,0.0,0,0.0,0,0,0,0,0,0,0,0,0.0,0,0,0.0,0,3.078,0,0,0.0,0,0.0,0,0,0,0,0,0,0,0,0,0,0,0,0,0,0,0,0,0,0,0,0,0,0,0,0,11.0,1.1,0.0,0,0,1.12,0,0,0,0,0,0,0,0,0.0,0,0,0,0,0.0,0,0,0,0,0,0,0,0,0,0,0,0,0,0,0,0,0,0,0,0.0,0,0,0,0,0,0,0,0,0,0,0.0,0,0,0.0,0,0,0,0,0,0.0,0,0,0,0,0,0,0,0,0,0,0.0,0,0,0
74,2022-08-01 18:30:00,36.67,-24.566,0,0,0,0,253.0,24.565,0,24.566,24.566,23,3,23,0,0,0,0,0,10.763,0,0,0.0,0,0,0,0,0,0.0,0,0,0.0,0.0,0,0.0,0,0,0,0,0,0,0,0,0.0,0,0,0.0,0,2.803,0,0,0.0,0,0.0,0,0,0,0,0,0,0,0,0,0,0,0,0,0,0,0,0,0,0.0,0,0,0,0,0,0,11.0,0.0,0.0,0,0,0.0,0,0,0,0,0,0,0,0,0.0,0,0,0,0,0.0,0,0,0,0,0,0,0,0,0,0,0,0,0,0,0,0,0,0,0,0.0,0,0,0,0,0,0,0,0,0,0,0.0,0,0,0.0,0,0,0,0,0,0.0,0,0,0,0,0,0,0,0,0,0,0.0,0,0,0
75,2022-08-01 18:45:00,36.67,-26.682,0,0,0,0,275.0,26.823,0,26.682,26.682,25,4,25,0,0,0,0,0,10.763,0,0,0.0,0,0,0,0,0,0.0,0,0,0.0,0.0,0,0.0,0,0,0,0,0,0,0,0,0.0,0,0,0.0,0,3.078,0,0,0.0,0,0.0,0,0,0,0,0,0,0,0,0,0,0,0,0,0,0,0,0,0,0.0,0,0,0,0,0,0,11.0,0.0,0.0,0,0,0.0,0,0,0,0,0,0,0,0,0.0,0,0,0,0,0.0,0,0,0,0,0,0,0,0.0,0,0,0,0,1.841,0,0,0,0,0,0,0.0,0,0,0,0,0,0,0,0,0,0,0.0,0,0,0.0,0,0,0,0,0,0.0,0,0,0,0,0,0,0,0,0,0,0.0,0,0,0
76,2022-08-01 19:00:00,36.03,-13.451,0,0,0,0,275.0,13.452,0,13.451,13.451,25,3,25,0,0,0,0,0,8.156,0,0,0.0,0,0,0,0,0,0.0,0,0,0.0,0.0,0,0.0,0,0,0,0,0,0,0,0,0.0,0,0,0.0,0,0.0,0,0,0.0,0,0.0,0,0,0,0,0,0,0,0,0,0,0,0,0,0,0,0,0,0,0.0,0,0,0,0,0,0,3.454,0.0,0.0,0,0,0.0,0,0,0,0,0,0,0,0,0.0,0,0,0,0,0.0,0,0,0,0,0,0,0,0.0,0,0,0,0,1.841,0,0,0,0,0,0,0.0,0,0,0,0,0,0,0,0,0,0,0.0,0,0,0.0,0,0,0,0,0,0.0,0,0,0,0,0,0,0,0,0,0,0.0,0,0,0
77,2022-08-01 19:15:00,36.03,-21.746,0,0,0,0,297.0,21.747,0,21.746,21.746,27,3,27,0,0,0,0,0,8.905,0,0,0.0,0,0,0,0,0,0.0,0,0,0.0,0.0,0,0.0,0,0,0,0,0,0,0,0,0.0,0,0,0.0,0,0.0,0,0,0.0,0,0.0,0,0,0.0,0,0,0,0,0,0,0,0,0,0,0,0,0,0,0,0.0,0.0,0,0,0,0,0,11.0,0.0,0.0,0,0,0.0,0,0,0,0,0,0,0,0,0.0,0,0,0,0,0.0,0,0,0,0,0,0,0,0.0,0,0,0,0,1.841,0,0,0,0,0,0,0.0,0,0,0,0,0,0,0,0,0,0,0.0,0,0,0.0,0,0,0,0,0,0.0,0,0,0,0,0,0,0,0,0,0,0.0,0,0,0
78,2022-08-01 19:30:00,36.03,-32.68,0,0,0,0,297.0,32.49,0,32.68,32.68,27,8,27,0,0,0,0,0,0,0,0,0.0,0,0,0,0,0,0.0,0,0,0.0,0.0,0,0.0,0,0,0,0,0,0,0,0,0.0,0,0,0.0,0,3.078,0,0,0.0,0,0.0,0,0,0.0,0,0,0,0,0,0,0,0,0,0,0,0,0,0,0,5.545,0.0,0,0,0,0,0,11.0,1.1,0.0,0,0,1.902,0,0,0,0,0,0,0,0,0.0,0,0,0,0,0.0,0,0,0,0,0,0,0,4.574,0,0,0,0,2.316,0,0,0,0,0,0,0.0,0,0,0,0,0,0,0,0,0,0,0.0,0,0,0.0,0,0,0,0,3.165,0.0,0,0,0,0,0,0,0,0,0,0,0.0,0,0,0
79,2022-08-01 19:45:00,36.03,-37.962,0,0,0,0,308.0,38.234,0,37.962,37.962,28,10,28,0,0,0,0,0,0,0,0,0.0,0,0,0,0,0,0.0,0,0,0.0,0.0,0,0.0,0,0,0,0,0,0,0,0,0.0,0,0,0.0,0,3.078,0,0,0.0,0,3.367,0,0,0.0,0,0,0,0,0,0,0,0,0,0,0,0,0,0,0,5.545,0.0,0,0,0,0,0,11.0,1.1,0.0,0,0,1.993,0,0,0,0,0,0,0,0,0.0,0,0,0,0,0.0,0,0,0,0,0,0,0,4.574,0,0,0,1.824,2.316,0,0,0,0,0,0,0.0,0,0,0,0,0,0,0,0,0,0,0.0,0,0,0.0,0,0,0,0,3.165,0.0,0,0,0,0,0,0,0,0,0,0,0.0,0,0,0
80,2022-08-01 20:00:00,33.55,-44.07,0,0,0,0,319.0,43.878,0,44.07,44.07,29,12,29,0,0,0,0,0,0,0,0,0.0,0,0,0,0,0,0.0,0,0,3.069,0.0,0,0.0,0,0,0,0,0,0,0,0,0.0,0,0,0.0,0,3.078,0,0,0.0,0,3.367,0,0,0.0,0,0,0,0,0,0,0,0,0,0,0,0,0,0,0,5.545,0.0,0,0,0,0,0,11.0,1.1,0.0,0,0,1.993,0,0,0,0,0,0.0,0,0,0.0,0,0,0,0,0.0,0,0,0,0,0,0,0,4.574,0,0,0,1.824,2.316,0,0,0,0,0,0,0.0,0,0,0,0,0,0,0,0,0,0,0.0,0,0,0.0,0,0,0,0,3.165,3.039,0,0,0,0,0,0,0,0,0,0,0.0,0,0,0
81,2022-08-01 20:15:00,33.55,-51.992,0,0,0,0,341.0,52.65,0,51.992,51.992,31,14,31,0,0,0,0,0,0,0,0,0.0,3.855,0,0,0,0,0.0,0,0,3.983,0.0,0,0.0,0,0,0,0,0,0,0,0,0.0,0,0,0.0,0,3.078,0,0,0.0,0,3.367,0,0,0.0,0,0,0,0,0,0,0,0,0,0,0,0,0,0,0,5.545,0.0,0,0,0,0,0,11.0,1.1,0.0,0,0,1.993,0,0,0,0,0,0.0,0,0,0.0,0,0.0,0,0,0.0,0,0,0,0,0,0,0,4.574,0,0,0,1.824,2.316,0,0,0,0,0,0,0.0,0,0,0,0,0,0,0,0,0,0,0.0,0,0,0.0,0,0,0,0,3.165,3.039,0,0,0,0,0,0,0,0,0,0,3.152,0,0,0
82,2022-08-01 20:30:00,33.55,-40.2,0,0,0,0,330.0,39.824,0,40.2,40.2,30,14,30,0,0,0,0,0,0,0,0,1.523,3.855,0,0,0,0,0.0,0,0,0.0,0.0,0,0.0,0,0,0,0,0,0,0,0,0.0,0,0,0.0,0,3.078,0,0,0.0,0,1.564,0,0,0.0,0,0,0,0,0,0,0,0,0,0,0,0,0,0,0,5.545,0.0,0,0,0,0,0,0,1.1,0.0,0,0,1.993,0,0,0,0,0,0.0,0,0,3.794,0,0.0,0,0,2.719,0,0,0,0,0,0,0,4.574,0,0,0,1.824,2.316,0,0,0,0,0,0,0.0,0,0,0,0,0,0,0,0,0,0,0.0,0,0,3.149,0,0,0,0,3.165,0.0,0,0,0,0,0,0,0,0,0,0,0.0,0,0,0
83,2022-08-01 20:45:00,33.55,-193.021,0,0,0,0,480.0,192.615,0,193.021,63.37,31,20,30,0,0,0,0,0,0,0,0,1.523,3.855,0,129.651,0,0,4.825,0,0,3.983,0.0,0,6.368,0,0,0,0,0,0,0,0,0.0,0,0,0.0,0,3.078,0,0,0.0,0,3.367,0,0,0.0,0,0,0,0,0,0,0,0,0,0,0,0,0,0,0,5.545,0.0,0,0,0,0,0,0,1.1,0.0,0,0,1.993,0,0,0,0,0,0.0,0,0,3.794,0,0.0,0,0,2.719,0,0,0,0,0,0,0,4.574,0,0,0,1.824,2.316,0,0,0,0,0,0,0.0,0,0,0,0,0,0,0,0,0,0,0.0,0,0,3.149,0,0,0,0,3.165,3.039,0,0,0,0,0,0,0,0,0,0,3.152,0,0,0
84,2022-08-01 21:00:00,24.56,-65.058,0,0,0,0,330.0,64.653,0,65.058,65.058,30,19,30,0,0,0,0,0,0,0,0,1.523,3.855,0,0,0,0,6.513,0,0,3.983,0.0,0,6.368,0,0,0,0,0,0,0,0,0.0,0,0,0.0,0,3.078,0,0,0.0,0,3.367,0,0,0.0,0,0,0,0,0,0,0,0,0,0,0,0,0,0,0,5.545,0.0,0,0,0,0,0,0,1.1,0.0,0,0,1.993,0,0,0,0,0,0.0,0,0,3.794,0,0.0,0,0,2.719,0,0,0,0,0,0,0,4.574,0,0,0,1.824,2.316,0,0,0,0,0,0,0.0,0,0,0,0,0,0,0,0,0,0,0.0,0,0,3.149,0,0,0,0,3.165,3.039,0,0,0,0,0,0,0,0,0,0,3.152,0,0,0
85,2022-08-01 21:15:00,24.56,-71.204,0,0,0,0,330.0,70.799,0,71.204,71.204,30,20,30,0,0,0,0,0,0,0,0,1.523,3.855,0,0,0,0,8.777,0,0,3.983,0.0,0,6.368,0,0,0,0,0,0,0,0,3.882,0,0,0.0,0,3.078,0,0,0.0,0,3.367,0,0,0.0,0,0,0,0,0,0,0,0,0,0,0,0,0,0,0,5.545,0.0,0,0,0,0,0,0,1.1,0.0,0,0,1.993,0,0,0,0,0,0.0,0,0,3.794,0,0.0,0,0,2.719,0,0,0,0,0,0,0,4.574,0,0,0,1.824,2.316,0,0,0,0,0,0,0.0,0,0,0,0,0,0,0,0,0,0,0.0,0,0,3.149,0,0,0,0,3.165,3.039,0,0,0,0,0,0,0,0,0,0,3.152,0,0,0
86,2022-08-01 21:30:00,24.56,-83.291,0,0,0,0,330.0,82.886,0,83.291,83.291,30,24,30,0,0,0,0,0,0,0,0,1.523,3.855,0,0,0,0,8.777,0,0,3.983,3.058,0,6.368,0,0,0,0,0,0,0,0,6.012,0,0,1.103,0,3.078,0,0,2.492,0,3.367,0,0,0.0,0,0,0,0,0,0,0,0,0,0,0,0,0,0,0,5.545,0.0,0,0,0,0,0,0,1.1,0.0,0,0,1.993,0,0,0,0,0,0.0,0,0,3.794,0,0.0,0,0,2.719,0,0,0,0,0,0,0,4.574,0,0,0,1.824,2.316,0,0,0,0,0,0,0.0,0,0,0,0,0,0,0,0,0,0,3.304,0,0,3.149,0,0,0,0,3.165,3.039,0,0,0,0,0,0,0,0,0,0,3.152,0,0,0
87,2022-08-01 21:45:00,24.56,-79.13,0,0,0,0,330.0,78.836,0,79.13,79.13,30,22,30,0,0,0,0,0,0,0,0,1.523,3.855,0,0,0,0,8.777,0,0,3.983,0.0,0,6.368,0,0,0,0,0,0,0,0,6.012,0,0,0.0,0,3.078,0,0,2.492,0,3.367,0,0,0.0,0,0,0,0,0,0,0,0,0,0,0,0,0,0,0,5.545,0.0,0,0,0,0,0,0,1.1,0.0,0,0,1.993,0,0,0,0,0,0.0,0,0,3.794,0,0.0,0,0,2.719,0,0,0,0,0,0,0,4.574,0,0,0,1.824,2.316,0,0,0,0,0,0,0.0,0,0,0,0,0,0,0,0,0,0,3.304,0,0,3.149,0,0,0,0,3.165,3.039,0,0,0,0,0,0,0,0,0,0,3.152,0,0,0
88,2022-08-01 22:00:00,17.77,-82.188,0,0,0,0,330.0,82.24,0,82.188,82.188,30,23,30,0,0,0,0,0,0,0,0,1.523,3.855,0,0,0,0,8.777,0,0,3.983,3.058,0,6.368,0,0,0,0,0,0,0,0,6.012,0,0,0.0,0,3.078,0,0,2.492,0,3.367,0,0,0.0,0,0,0,0,0,0,0,0,0,0,0,0,0,0,0,5.545,0.0,0,0,0,0,0,0,1.1,0.0,0,0,1.993,0,0,0,0,0,0.0,0,0,3.794,0,0.0,0,0,2.719,0,0,0,0,0,0,0,4.574,0,0,0,1.824,2.316,0,0,0,0,0,0,0.0,0,0,0,0,0,0,0,0,0,0,3.304,0,0,3.149,0,0,0,0,3.165,3.039,0,0,0,0,0,0,0,0,0,0,3.152,0,0,0
89,2022-08-01 22:15:00,17.77,-84.124,0,0,0,0,330.0,88.763,0,84.124,84.124,30,24,30,0,0,0,0,0,0,0,0,1.523,3.855,0,0,0,0,8.777,0,0,3.983,3.058,0,6.368,0,0,0,0,0,0,0,0,6.012,0,0,1.936,0,3.078,0,0,2.492,0,3.367,0,0,0.0,0,0,0,0,0,0,0,0,0,0,0,0,0,0,0,5.545,0.0,0,0,0,0,0,0,1.1,0.0,0,0,1.993,0,0,0,0,0,0.0,0,0,3.794,0,0.0,0,0,2.719,0,0,0,0,0,0,0,4.574,0,0,0,1.824,2.316,0,0,0,0,0,0,0.0,0,0,0,0,0,0,0,0,0,0,3.304,0,0,3.149,0,0,0,0,3.165,3.039,0,0,0,0,0,0,0,0,0,0,3.152,0,0,0
90,2022-08-01 22:30:00,17.77,-84.124,0,0,0,0,330.0,93.632,0,84.124,84.124,30,24,30,0,0,0,0,0,0,0,0,1.523,3.855,0,0,0,0,8.777,0,0,3.983,3.058,0,6.368,0,0,0,0,0,0,0,0,6.012,0,0,1.936,0,3.078,0,0,2.492,0,3.367,0,0,0.0,0,0,0,0,0,0,0,0,0,0,0,0,0,0,0,5.545,0.0,0,0,0,0,0,0,1.1,0.0,0,0,1.993,0,0,0,0,0,0.0,0,0,3.794,0,0.0,0,0,2.719,0,0,0,0,0,0,0,4.574,0,0,0,1.824,2.316,0,0,0,0,0,0,0.0,0,0,0,0,0,0,0,0,0,0,3.304,0,0,3.149,0,0,0,0,3.165,3.039,0,0,0,0,0,0,0,0,0,0,3.152,0,0,0
91,2022-08-01 22:45:00,17.77,-90.78,0,0,0,0,330.0,101.375,0,90.78,90.78,30,24,30,0,0,0,0,0,0,0,0,1.523,3.855,0,0,0,0,8.777,0,0,3.983,3.058,0,6.368,0,0,0,0,0,0,0,0,6.012,0,0,8.592,0,3.078,0,0,2.492,0,3.367,0,0,0.0,0,0,0,0,0,0,0,0,0,0,0,0,0,0,0,5.545,0.0,0,0,0,0,0,0,1.1,0.0,0,0,1.993,0,0,0,0,0,0.0,0,0,3.794,0,0.0,0,0,2.719,0,0,0,0,0,0,0,4.574,0,0,0,1.824,2.316,0,0,0,0,0,0,0.0,0,0,0,0,0,0,0,0,0,0,3.304,0,0,3.149,0,0,0,0,3.165,3.039,0,0,0,0,0,0,0,0,0,0,3.152,0,0,0
92,2022-08-01 23:00:00,9.49,-98.089,0,0,0,0,341.0,108.684,0,98.089,98.089,31,24,31,0,0,0,0,0,0,0,0,1.523,3.855,0,0,0,0,8.777,0,0,3.983,7.959,0,6.368,0,0,0,0,0,0,0,0,6.012,0,0,11.0,0,3.078,0,0,2.492,0,3.367,0.0,0,0.0,0,0,0,0,0,0,0,0,0,0,0,0,0,0,0,5.545,0.0,0,0,0,0,0,0,1.1,0.0,0,0,1.993,0,0,0,0,0,0.0,0,0,3.794,0,0.0,0,0,2.719,0,0,0,0,0,0,0,4.574,0,0,0,1.824,2.316,0,0,0,0,0,0,0.0,0,0,0,0,0,0,0,0,0,0,3.304,0,0,3.149,0,0,0,0,3.165,3.039,0,0,0,0,0,0,0,0,0,0,3.152,0,0,0
93,2022-08-01 23:15:00,9.49,-240.588,0,0,0,0,502.0,251.183,0,240.588,107.3,33,25,32,0,0,0,0,0,0,0,0,1.523,3.855,0,133.288,0,0,8.777,0,0,3.983,11.0,0,6.368,0,0,0,0,0,0,0,0,6.012,0,0,11.0,0,3.078,0,0,2.492,0,3.367,0.0,0,0.0,0,0,0,0,0,0,0,0,0,0,0,0,0,0,0,5.545,0.0,0,0,0,0,0,0,1.1,0.0,0,0,1.993,0,0,0,0,0,0.0,0,0,3.794,0,0.0,0,0,2.719,0,0,0,0,0,0,0,4.574,0,0,0,1.824,2.316,0,0,0,0,0,0,0.0,0,0,0,0,0,0,0,0,0,0,9.474,0,0,3.149,0,0,0,0,3.165,3.039,0,0,0,0,0,0.0,0,0,0,0,3.152,0,0,0
94,2022-08-01 23:30:00,9.49,-108.001,0,0,0,0,352.0,118.596,0,108.001,108.001,32,24,32,0,0,0,0,0,0,0,0,1.523,3.855,0,0,0,0,8.777,0,0,3.983,11.0,0,6.368,0,0,0,0,0,0,0,0,6.012,0,0,11.0,0,3.078,0,0,2.492,0,3.367,0.0,0,0.0,0,0,0,0,0,0,0,0,0,0,0,0,0,0,0,5.545,0.0,0,0,0,0,0,0,1.1,0.0,0,0,1.993,0,0,0,0,0,0.0,0,0,3.794,0,0.0,0,0,2.719,0,0,0,0,0,0,0,4.574,0,0,0,1.824,2.316,0,0,0,0,0,0,0.0,0,0,0,0,0,0,0,0,0,0,10.175,0,0,3.149,0,0,0,0,3.165,3.039,0,0,0,0,0,0.0,0,0,0,0,3.152,0,0,0
95,2022-08-01 23:45:00,9.49,-110.478,0,0,0,0,352.0,121.073,0,110.478,110.478,32,24,32,0,0,0,0,0,0,0,0,1.523,3.855,0,0,0,0,8.777,0,0,3.983,11.0,0,6.368,0,0,0,0,0,0,0,0,6.012,0,0,11.0,0,3.078,0,0,4.144,0,3.367,0.0,0,0.0,0,0,0,0,0,0,0,0,0,0,0,0,0,0,0,5.545,0.0,0,0,0,0,0,0,1.1,0.0,0,0,1.993,0,0,0,0,0,0.0,0,0,3.794,0,0.0,0,0,2.719,0,0,0,0,0,0,0,4.574,0,0,0,1.824,2.316,0,0,0,0,0,0,0.0,0,0,0,0,0,0,0,0,0,0,11.0,0,0,3.149,0,0,0,0,3.165,3.039,0,0,0,0,0,0.0,0,0,0,0,3.152,0,0,0
96,2022-08-02 00:00:00,8.5,-112.436,0,0,0,0,352.0,123.031,0,112.436,112.436,32,24,32,0,0,0,0,0,0,0,0,1.523,3.855,0,0,0,0,8.777,0,0,3.983,11.0,0,6.368,0,0,0,0,0,0,0,0,6.012,0,0,11.0,0,3.078,0,0,6.102,0,3.367,0.0,0,0.0,0,0,0,0,0,0,0,0,0,0,0,0,0,0,0,5.545,0.0,0,0,0,0,0,0,1.1,0.0,0,0,1.993,0,0,0,0,0,0.0,0,0,3.794,0,0.0,0,0,2.719,0,0,0,0,0,0,0,4.574,0,0,0,1.824,2.316,0,0,0,0,0,0,0.0,0,0,0,0,0,0,0,0,0,0,11.0,0,0,3.149,0,0,0,0,3.165,3.039,0,0,0,0,0,0.0,0,0,0,0,3.152,0,0,0
97,2022-08-02 00:15:00,8.5,-115.792,0,0,0,0,352.0,126.387,0,115.792,115.792,32,24,32,0,0,0,0,0,0,0,0,1.523,3.855,0,0,0,0,8.777,0,0,3.983,11.0,0,6.368,0,0,0,0,0,0,0,0,6.012,0,0,11.0,0,3.078,0,0,9.458,0,3.367,0.0,0,0.0,0,0,0,0,0,0,0,0,0,0,0,0,0,0,0,5.545,0.0,0,0,0,0,0,0,1.1,0.0,0,0,1.993,0,0,0,0,0,0.0,0,0,3.794,0,0.0,0,0,2.719,0,0,0,0,0,0,0,4.574,0,0,0,1.824,2.316,0,0,0,0,0,0,0.0,0,0,0,0,0,0,0,0,0,0,11.0,0,0,3.149,0,0,0,0,3.165,3.039,0,0,0,0,0,0.0,0,0,0,0,3.152,0,0,0
98,2022-08-02 00:30:00,8.5,-113.765,0,0,0,0,352.0,129.598,0,113.765,113.765,32,24,32,0,0,0,0,0,0,0,0,1.523,3.855,0,0,0,0,8.777,0,0,3.983,11.0,0,6.368,0,0,0,0,0,0,0,0,2.443,0,0,11.0,0,3.078,0,0,11.0,0,3.367,0.0,0,0.0,0,0,0,0,0,0,0,0,0,0,0,0,0,0,0,5.545,0.0,0,0,0,0,0,0,1.1,0.0,0,0,1.993,0,0,0,0,0,0.0,0,0,3.794,0,0.0,0,0,2.719,0,0,0,0,0,0,0,4.574,0,0,0,1.824,2.316,0,0,0,0,0,0,0.0,0,0,0,0,0,0,0,0,0,0,11.0,0,0,3.149,0,0,0,0,3.165,3.039,0,0,0,0,0,0.0,0,0,0,0,3.152,0,0,0
99,2022-08-02 00:45:00,8.5,-223.614,0,0,0,0,502.0,241.89,0,223.614,107.635,33,24,32,0,0,0,0,0,0,0,0,1.523,3.855,0,0,0,0,8.777,0,0,3.983,11.0,0,6.368,0,0,0,0,0,0,0,0,0.0,0,0,11.0,0,3.078,0,0,8.982,0,3.367,0.0,0,0.0,0,0,0,0,0,0,0,0,0,0,0,0,0,0,0,5.545,0.0,0,0,0,0,0,0,1.1,0.0,0,0,1.993,0,0,0,0,0,0.0,0,0,3.794,0,0.0,0,0,2.719,0,0,0,0,0,0,0,4.574,0,0,0,1.824,2.316,0,0,115.979,0,0,0,0.0,0,0,0,0,0,0,0,0,0,0,9.332,0,0,3.149,0,0,0,0,3.165,3.039,0,0,0,0,0,0.0,0,0,0,0,3.152,0,0,0
100,2022-08-02 01:00:00,-0.05,-100.322,0,0,0,0,352.0,131.01,0,100.322,100.322,32,22,32,0,0,0,0,0,0,0,0,1.523,3.855,0,0,0,0,8.777,0,0,3.983,11.0,0,6.368,0,0,0,0,0,0,0,0,0.0,0,0,11.0,0,3.078,0,0,11.0,0,3.367,0.0,0,0.0,0,0,0,0,0,0,0,0,0,0,0,0,0,0,0,5.545,0.0,0,0,0,0,0,0,1.1,0.0,0,0,1.993,0,0,0,0,0,0.0,0,0,3.794,0,0.0,0,0,2.719,0,0,0,0,0,0,0,4.574,0,0,0,1.824,2.316,0,0,0,0,0,0,0.0,0,0,0,0,0,0,0,0,0,0,0.0,0,0,3.149,0,0,0,0,3.165,3.039,0,0,0,0,0,0.0,0,0,0,0,3.152,0,0,0
101,2022-08-02 01:15:00,-0.05,-100.322,0,0,0,0,352.0,131.093,0,100.322,100.322,32,22,32,0,0,0,0,0,0,0,0,1.523,3.855,0,0,0,0,8.777,0,0,3.983,11.0,0,6.368,0,0,0,0,0,0,0,0,0.0,0,0,11.0,0,3.078,0,0,11.0,0,3.367,0.0,0,0.0,0,0,0,0,0,0,0,0,0,0,0,0,0,0,0,5.545,0.0,0,0,0,0,0,0,1.1,0.0,0,0,1.993,0,0,0,0,0,0.0,0,0,3.794,0,0.0,0,0,2.719,0,0,0,0,0,0,0,4.574,0,0,0,1.824,2.316,0,0,0,0,0,0,0.0,0,0,0,0,0,0,0,0,0,0,0.0,0,0,3.149,0,0,0,0,3.165,3.039,0,0,0,0,0,0.0,0,0,0,0,3.152,0,0,0
102,2022-08-02 01:30:00,-0.05,-99.044,0,0,0,0,352.0,128.315,0,99.044,99.044,32,22,32,0,0,0,0,0,0,0,0,1.523,3.855,0,0,0,0,8.777,0,0,3.983,11.0,0,6.368,0,0,0,0,0,0,0,0,0.0,0,0,11.0,0,3.078,0,0,11.0,0,3.367,0.0,0,0.0,0,0,0,0,0,0,0,0,0,0,0,0,0,0,0,5.545,0.0,0,0,0,0,0,0,1.1,0.0,0,0,1.993,0,0,0,0,0,0.0,0,0,3.794,0,0.0,0,0,2.719,0,0,0,0,0,0,0,4.574,0,0,0,1.824,2.316,0,0,0,0,0,0,0.0,0,0,0,0,0,0,0,0,0,0,0.0,0,0,3.149,0,0,0,0,3.165,3.039,0,0,0,0,0,0.0,0,0,0,0,1.875,0,0,0
103,2022-08-02 01:45:00,-0.05,-96.36,0,0,0,0,374.0,130.452,0,96.36,96.36,34,21,34,0,0,0,0,0,0,0,0,1.523,3.855,0.0,0,0,0,8.777,0,0,3.983,11.0,0,6.368,0,0,0,0,0,0,0,0,0.0,0,0,11.0,0,3.078,0,0,11.0,0,3.367,0.0,0,0.0,0,0,0,0,0,0,0,0,0,0,0,0,0,0,0,5.545,0.0,0,0,0,0,0,0,1.1,0.0,0,0,1.993,0,0,0,0,0,0.0,0,0,3.794,0,0.0,0,0,2.719,0,0,0,0,0,0,0,4.574,0,0,0,1.824,2.316,0,0.0,0,0,0,0,0.0,0,0,0,0,0,0,0,0,0,0,0.0,0,0,3.149,0,0,0,0,3.165,2.229,0,0,0,0,0,0.0,0,0,0,0,0.0,0,0,0
104,2022-08-02 02:00:00,-6.27,-94.131,0,0,0,0,374.0,129.21,0,94.131,94.131,34,20,34,0,0,0,0,0,0,0,0,1.523,3.855,0.0,0,0,0,8.777,0,0,3.983,11.0,0,6.368,0,0,0,0,0,0,0,0,0.0,0,0,11.0,0,3.078,0,0,11.0,0,3.367,0.0,0,0.0,0,0,0,0,0,0,0,0,0,0,0,0,0,0,0,5.545,0.0,0,0,0,0,0,0,1.1,0.0,0,0,1.993,0,0,0,0,0,0.0,0,0,3.794,0,0.0,0,0,2.719,0,0,0,0,0,0,0,4.574,0,0,0,1.824,2.316,0,0.0,0,0,0,0,0.0,0,0,0,0,0,0,0,0,0,0,0.0,0,0,3.149,0,0,0,0,3.165,0.0,0,0,0,0,0,0.0,0,0,0,0,0.0,0,0,0
105,2022-08-02 02:15:00,-6.27,-74.463,0,0,0,0,374.0,130.724,0,74.463,74.463,34,19,34,0,0,0,0,0,0,0,0,1.523,3.855,0.0,0,0,0,0.887,0,0,3.983,0.322,0,6.368,0,0,0,0,0,0,0,0,0.0,0,0,11.0,0,3.078,0,0,11.0,0,3.367,0.0,0,0.0,0,0,0,0,0,0,0,0,0,0,0,0,0,0,0,5.545,0.0,0,0,0,0,0,0,0.0,0.0,0,0,1.993,0,0,0,0,0,0.0,0,0,3.794,0,0.0,0,0,2.719,0,0,0,0,0,0,0,4.574,0,0,0,1.824,2.316,0,0.0,0,0,0,0,0.0,0,0,0,0,0,0,0,0,0,0,0.0,0,0,3.149,0,0,0,0,3.165,0.0,0,0,0,0,0,0.0,0,0,0,0,0.0,0,0,0
106,2022-08-02 02:30:00,-6.27,-68.025,0,0,0,0,374.0,132.939,0,68.025,68.025,34,17,34,0,0,0,0,0,0,0,0,1.523,3.855,0.0,0,0,0,0.0,0,0,3.983,0.0,0,6.368,0,0,0,0,0,0,0,0,0.0,0,0,11.0,0,3.078,0,0,5.771,0,3.367,0.0,0,0.0,0,0,0,0,0,0,0,0,0,0,0,0,0,0,0,5.545,0.0,0,0,0,0,0,0,0.0,0.0,0,0,1.993,0,0,0,0,0,0.0,0,0,3.794,0,0.0,0,0,2.719,0,0,0,0,0,0,0,4.574,0,0,0,1.824,2.316,0,0.0,0,0,0,0,0.0,0,0,0,0,0,0,0,0,0,0,0.0,0,0,3.149,0,0,0,0,3.165,0.0,0,0,0,0,0,0.0,0,0,0,0,0.0,0,0,0
107,2022-08-02 02:45:00,-6.27,-62.254,0,0,0,0,374.0,132.537,0,62.254,62.254,34,16,34,0,0,0,0,0,0,0,0,1.523,3.855,0.0,0,0,0,0.0,0,0,3.983,0.0,0,6.368,0,0,0,0,0,0,0,0,0.0,0,0,11.0,0,3.078,0,0,0.0,0,3.367,0.0,0,0.0,0,0,0,0,0,0,0,0,0,0,0,0,0,0,0,5.545,0.0,0,0,0,0,0,0,0.0,0.0,0,0,1.993,0,0,0,0,0,0.0,0,0,3.794,0,0.0,0,0,2.719,0,0,0,0,0,0,0,4.574,0,0,0,1.824,2.316,0,0.0,0,0,0,0,0.0,0,0,0,0,0,0,0,0,0,0,0.0,0,0,3.149,0,0,0,0,3.165,0.0,0,0,0,0,0,0.0,0,0,0,0,0.0,0,0,0
108,2022-08-02 03:00:00,-5.09,-73.265,0,0,0,0,363.0,135.152,0,73.265,73.265,33,17,33,0,0,0,0,0,0,0,0,1.523,3.855,0.0,0,0,0,0.0,0,0,3.983,0.0,0,7.539,0,0,0,0,0,0,0,0,0.0,0,0,11.0,0,3.078,0,0,0.0,0,3.367,0.0,0,0.0,0,0,0,0,0,0,0,0,0,0,0,0,0,0,0,5.545,0.0,0,0,0,0,0,0,0.0,0,0,0,1.993,0,0,0,0,0,0.0,0,0,3.794,0,0.0,0,0,2.719,0,0,0,0,0,0,0,4.574,0,0,0,1.824,2.316,0,0.0,0,0,0,0,9.84,0,0,0,0,0,0,0,0,0,0,0.0,0,0,3.149,0,0,0,0,3.165,0.0,0,0,0,0,0,0.0,0,0,0,0,0.0,0,0,0
109,2022-08-02 03:15:00,-5.09,-74.286,0,0,0,0,363.0,136.173,0,74.286,74.286,33,17,33,0,0,0,0,0,0,0,0,1.523,3.855,0.0,0,0,0,0.0,0,0,3.983,0.0,0,7.539,0,0,0,0,0,0,0,0,0.0,0,0,11.0,0,3.078,0,0,0.0,0,3.367,0.0,0,0.0,0,0,0,0,0,0,0,0,0,0,0,0,0,0,0,5.545,0.0,0,0,0,0,0,0,0.0,0,0,0,1.993,0,0,0,0,0,0.0,0,0,3.794,0,0.0,0,0,2.719,0,0,0,0,0,0,0,4.574,0,0,0,1.824,2.316,0,0.0,0,0,0,0,10.861,0,0,0,0,0,0,0,0,0,0,0.0,0,0,3.149,0,0,0,0,3.165,0.0,0,0,0,0,0,0.0,0,0,0,0,0.0,0,0,0
110,2022-08-02 03:30:00,-5.09,-64.731,0,0,0,0,363.0,132.554,0,64.731,64.731,33,17,33,0,0,0,0,0,0,0,0,1.523,3.855,0.0,0,0,0,0.0,0,0,3.983,0.0,0,7.539,0,0,0,0,0,0,0,0,0.0,0,0,5.065,0,3.078,0,0,0.0,0,3.367,0.0,0,0.0,0,0,0,0,0,0,0,0,0,0,0,0,0,0,0,5.545,0.0,0,0,0,0,0,0,0.0,0,0,0,1.993,0,0,0,0,0,0.0,0,0,3.794,0,0.0,0,0,2.719,0,0,0,0,0,0,0,4.574,0,0,0,1.824,2.316,0,0.0,0,0,0,0,7.242,0,0,0,0,0,0,0,0,0,0,0.0,0,0,3.149,0,0,0,0,3.165,0.0,0,0,0,0,0,0.0,0,0,0,0,0.0,0,0,0
111,2022-08-02 03:45:00,-5.09,-61.616,0,0,0,0,363.0,134.503,0,61.616,61.616,33,16,33,0,0,0,0,0,0,0,0,1.523,3.855,0.0,0,0,0,0.0,0,0,3.983,0.0,0,7.539,0,0,0,0,0,0,0,0,0.0,0,0,0.0,0,3.078,0,0,0.0,0,3.367,0.0,0,0.0,0,0,0,0,0,0,0,0,0,0,0,0,0,0,0,5.545,0.0,0,0,0,0,0,0,0.0,0,0,0,1.993,0,0,0,0,0,0.0,0,0,3.794,0,0.0,0,0,2.719,0,0,0,0,0,0,0,4.574,0,0,0,1.824,2.316,0,0.0,0,0,0,0,9.191,0,0,0,0,0,0,0,0,0,0,0.0,0,0,3.149,0,0,0,0,3.165,0.0,0,0,0,0,0,0.0,0,0,0,0,0.0,0,0,0
112,2022-08-02 04:00:00,0.06,-57.168,0,0,0,0,363.0,131.502,0,57.168,57.168,33,16,33,0,0,0,0,0,0,0,0,1.523,3.855,0.0,0,0,0,0.0,0,0,3.983,0.0,0,7.539,0,0,0,0,0,0,0,0,0.0,0,0,0.0,0,3.078,0,0,0.0,0,3.367,0.0,0,0.0,0,0,0,0,0,0,0,0,0,0,0,0,0,0,0,5.545,0.0,0,0,0,0,0,0,0.0,0,0,0,1.993,0,0,0,0,0,0.0,0,0,3.794,0,0.0,0,0,2.719,0,0,0,0,0,0,0,4.574,0,0,0,1.824,2.316,0,0.0,0,0,0,0,6.19,0,0,0,0,0,0,0,0,0,0,0.0,0,0,1.703,0,0,0,0,3.165,0.0,0,0,0,0,0,0.0,0,0,0,0,0.0,0,0,0
113,2022-08-02 04:15:00,0.06,-58.567,0,0,0,0,363.0,134.603,0,58.567,58.567,33,15,33,0,0,0,0,0,0,0,0,1.523,3.855,0.0,0,0,0,0.0,0,0,3.983,0.0,0,7.539,0,0,0,0,0,0,0,0,0.0,0,0,0.0,0,3.078,0,0,0.0,0,3.367,0.0,0,0.0,0,0,0,0,0,0,0,0,0,0,0,0,0,0,0,5.545,0.0,0,0,0,0,0,0,0.0,0,0,0,1.993,0,0,0,0,0,0.0,0,0,3.794,0,0.0,0,0,2.719,0,0,0,0,0,0,0,4.574,0,0,0,1.824,2.316,0,0.0,0,0,0,0,9.291,0,0,0,0,0,0,0,0,0,0,0.0,0,0,0.0,0,0,0,0,3.165,0.0,0,0,0,0,0,0.0,0,0,0,0,0.0,0,0,0
114,2022-08-02 04:30:00,0.06,-53.082,0,0,0,0,363.0,129.118,0,53.082,53.082,33,15,33,0,0,0,0,0,0,0,0,1.523,3.855,0.0,0,0,0,0.0,0,0,3.983,0.0,0,7.539,0,0,0,0,0,0,0,0,0.0,0,0,0.0,0,3.078,0,0,0.0,0,3.367,0.0,0,0.0,0,0,0,0,0,0,0,0,0,0,0,0,0,0,0,5.545,0.0,0,0,0,0,0,0,0.0,0,0,0,1.993,0,0,0,0,0,0.0,0,0,3.794,0,0.0,0,0,2.719,0,0,0,0,0,0,0,4.574,0,0,0,1.824,2.316,0,0.0,0,0,0,0,3.806,0,0,0,0,0,0,0,0,0,0,0.0,0,0,0.0,0,0,0,0,3.165,0.0,0,0,0,0,0,0.0,0,0,0,0,0.0,0,0,0
115,2022-08-02 04:45:00,0.06,-54.48,0,0,0,0,363.0,130.516,0,54.48,54.48,33,15,33,0,0,0,0,0,0,0,0,1.523,3.855,0.0,0,0,0,0.0,0,0,3.983,0.0,0,7.539,0,0,0,0,0,0,0,0,0.0,0,0,0.0,0,3.078,0,0,0.0,0,3.367,0.0,0,0.0,0,0,0,0,0,0,0,0,0,0,0,0,0,0,0,5.545,0.0,0,0,0,0,0,0,0.0,0,0,0,1.993,0,0,0,0,0,0.0,0,0,3.794,0,0.0,0,0,2.719,0,0,0,0,0,0,0,4.574,0,0,0,1.824,2.316,0,0.0,0,0,0,0,5.204,0,0,0,0,0,0,0,0,0,0,0.0,0,0,0.0,0,0,0,0,3.165,0.0,0,0,0,0,0,0.0,0,0,0,0,0.0,0,0,0
116,2022-08-02 05:00:00,10.55,-48.084,0,0,0,0,363.0,121.466,0,48.084,48.084,33,14,33,0,0,0,0,0,0,0,0,1.523,3.855,0.0,0,0,0,0.0,0,0,3.983,0.0,0,6.368,0,0,0,0,0,0,0,0,0.0,0,0,0.0,0,3.057,0,0,0.0,0,3.367,0.0,0,0.0,0,0,0,0,0,0,0,0,0,0,0,0,0,0,0,5.545,0.0,0,0,0,0,0,0,0.0,0,0,0,1.993,0,0,0,0,0,0.0,0,0,3.794,0,0.0,0,0,2.719,0,0,0,0,0,0,0,4.574,0,0,0,1.824,2.316,0,0.0,0,0,0,0,0.0,0,0,0,0,0,0,0,0,0,0,0.0,0,0,0.0,0,0,0,0,3.165,0.0,0,0,0,0,0,0.0,0,0,0,0,0.0,0,0,0
117,2022-08-02 05:15:00,10.55,-48.104,0,0,0,0,341.0,120.331,0,48.104,48.104,31,12,31,0,0,0,0,0,0,0,0,4.6,3.855,0.0,0,0,0,0.0,0,0,3.983,0.0,0,6.368,0,0,0,0,0,0,0,0,0.0,0,0,0.0,0,0,0,0,0.0,0,3.367,0.0,0,0.0,0,0,0,0,0,0,0,0,0,0,0,0,0,0,0,5.545,0.0,0,0,0,0,0,0,0.0,0,0,0,1.993,0,0,0,0,0,0.0,0,0,3.794,0,0.0,0,0,2.719,0,0,0,0,0,0,0,4.574,0,0,0,4.989,2.316,0,0.0,0,0,0,0,0.0,0,0,0,0,0,0,0,0,0,0,0.0,0,0,0.0,0,0,0,0,0,0.0,0,0,0,0,0,0.0,0,0,0,0,0.0,0,0,0
118,2022-08-02 05:30:00,10.55,-48.103,0,0,0,0,330.0,116.682,0,48.103,48.103,30,11,30,0,0,0,0,0,0,0,0,4.6,3.855,0.0,0,0,0,0.0,0,0,3.983,0.0,0,6.368,0,0,0,0,0,0,0,0,0.0,0,0,0.0,0,0,0,0,0.0,0,3.367,0.0,0,0.0,0,0,0,0,0,0,0,0,0,0,0,0,0,0,0,5.545,0.0,0,0,0,0,0,0,0.0,0,0,0,1.993,0,0,0,0,0,0.0,0,0,3.794,0,0.0,0,0,2.719,0,0,0,0,0,0,0,0,0,0,0,4.989,6.89,0,0.0,0,0,0,0,0.0,0,0,0,0,0,0,0,0,0,0,0.0,0,0,0.0,0,0,0,0,0,0.0,0,0,0,0,0,0.0,0,0,0,0,0.0,0,0,0
119,2022-08-02 05:45:00,10.55,-49.581,0,0,0,0,319.0,114.302,0,49.581,49.581,29,11,29,0,0,0,0,0,0,0,0,4.6,3.855,0.0,0,0,0,0.0,0,0,2.319,0.0,0,6.368,0,0,0,0,0,0,0,0,0.0,0,0,0.0,0,0,0,0,0.0,0,3.367,0.0,0,0.0,0,0,0,0,0,0,0,0,0,0,0,0,0,0,0,5.539,0.0,0,0,0,0,0,0,0.0,0,0,0,1.993,0,0,0,0,0,0.0,0,0,3.794,0,0.0,0,0,5.868,0,0,0,0,0,0,0,0,0,0,0,4.989,6.888,0,0.0,0,0,0,0,0.0,0,0,0,0,0,0,0,0,0,0,0.0,0,0,0,0,0,0,0,0,0.0,0,0,0,0,0,0.0,0,0,0,0,0.0,0,0,0
120,2022-08-02 06:00:00,10.98,-52.081,0,0,0,0,264.0,106.97,0,52.081,52.081,24,9,24,0,0,0,0,0,0,0,0,4.6,10.279,0.0,0,0,0,0.0,0,0,0,0,0,7.539,0,0,0,0,0,0,0,0,0,0,0,0.0,0,0,0,0,0.0,0,3.367,0.0,0,0.0,0,0,0,0,0,0,0,0,0,0,0,0,0,0,0,0,0.0,0,0,0,0,0,0,0.0,0,0,0,1.993,0,0,0,0,0,0.0,0,0,3.794,0,0.0,0,0,5.868,0,0,0,0,0,0,0,0,0,0,0,10.982,0,0,0.0,0,0,0,0,3.658,0,0,0,0,0,0,0,0,0,0,0.0,0,0,0,0,0,0,0,0,0.0,0,0,0,0,0,0.0,0,0,0,0,0.0,0,0,0
121,2022-08-02 06:15:00,10.98,-48.901,0,0,0,0,242.0,90.494,0,48.901,48.901,22,9,22,0,0,0,0,0,0,0,0,4.6,11.0,0.0,0,0,0,0.0,0,0,0,0,0,7.539,0,0,0,0,0,0,0,0,0,0,0,0.0,0,0,0,0,0.0,0,10.389,0.0,0,0.0,0,0,0,0,0,0,0,0,0,0,0,0,0,0,0,0,0.0,0,0,0,0,0,0,0.0,0,0,0,1.993,0,0,0,0,0,0.0,0,0,3.794,0,1.1,0,0,5.868,0,0,0,0,0,0,0,0,0,0,0,0,0,0,0.0,0,0,0,0,2.618,0,0,0,0,0,0,0,0,0,0,0.0,0,0,0,0,0,0,0,0,0,0,0,0,0,0,0.0,0,0,0,0,0.0,0,0,0
122,2022-08-02 06:30:00,10.98,-63.766,0,0,0,0,209.0,76.163,0,63.766,63.766,19,10,19,0,0,0,0,0,0,0,0,4.6,11.0,0.0,0,0,0,0,0,0,0,0,0,11.0,0,0,0,0,0,0,0,0,0,0,0,0,0,0,0,0,0.0,0,11.0,0.0,0,0.0,0,0,0,0,0,0,0,0,0,0,0,0,0,0,0,0,0.0,0,0,0,0,0,0,1.786,0,0,0,11.0,0,0,0,0,0,0.0,0,0,3.794,0,1.1,0,0,5.868,0,0,0,0,0,0,0,0,0,0,0,0,0,0,0.0,0,0,0,0,2.618,0,0,0,0,0,0,0,0,0,0,0.0,0,0,0,0,0,0,0,0,0,0,0,0,0,0,0.0,0,0,0,0,0,0,0,0
123,2022-08-02 06:45:00,10.98,-63.74,0,0,0,0,198.0,70.189,0,63.74,63.74,18,9,18,0,0,0,0,0,0,0,0,6.386,11.0,0.0,0,0,0,0,0,0,0,0,0,0,0,0,0,0,0,0,0,0,0,0,0,0,0,0,0,0,0.0,0,11.0,0.0,0,0.0,0,0,0,0,0,0,0,0,0,0,0,0,0,0,0,0,0.0,0,0,0,0,0,0,11.0,0,0,0,10.974,0,0,0,0,0,0.0,0,0,3.794,0,1.1,0,0,5.868,0,0,0,0,0,0,0,0,0,0,0,0,0,0,0.0,0,0,0,0,2.618,0,0,0,0,0,0,0,0,0,0,0.0,0,0,0,0,0,0,0,0,0,0,0,0,0,0,0.0,0,0,0,0,0,0,0,0
124,2022-08-02 07:00:00,31.63,-64.401,0,0,0,0,154.0,75.401,0,64.401,64.401,14,6,14,0,0,0,0,0,0,0,0,11.0,11.0,0.0,0,0,0,0,0,0,0,0,0,0,0,0,0,0,0,0,0,0,0,0,0,0,0,0,0,0,0.0,0,11.0,0.0,0,0.0,0,0,0,0,0,0,0,0,0,0,0,0,0,0,0,0,0.0,0,0,0,0,0,0,11.0,0,0,0,0,0,0,0,0,0,0.0,0,0,0,0,11.0,0,0,0,0,0,0,0,0,0,0,0,0,0,0,0,0,0,0.0,0,0,0,0,9.401,0,0,0,0,0,0,0,0,0,0,0,0,0,0,0,0,0,0,0,0,0,0,0,0,0,0.0,0,0,0,0,0,0,0,0
125,2022-08-02 07:15:00,31.63,-65.992,0,0,0,0,154.0,77.041,0,65.992,65.992,14,6,14,0,0,0,0,0,0,0,0,11.0,11.0,0.0,0,0,0,0,0,0,0,0,0,0,0,0,0,0,0,0,0,0,0,0,0,0,0,0,0,0,0.0,0,10.992,0.0,0,0.0,0,0,0,0,0,0,0,0,0,0,0,0,0,0,0,0,0.0,0,0,0,0,0,0,11.0,0,0,0,0,0,0,0,0,0,0.0,0,0,0,0,11.0,0,0,0,0,0,0,0,0,0,0,0,0,0,0,0,0,0,0.0,0,0,0,0,11.0,0,0,0,0,0,0,0,0,0,0,0,0,0,0,0,0,0,0,0,0,0,0,0,0,0,0.0,0,0,0,0,0,0,0,0
126,2022-08-02 07:30:00,31.63,-73.695,0,0,0,0,143.0,84.695,0,73.695,73.695,13,7,13,0,0,0,0,0,0,0,0,11.0,11.0,0.0,0,0,0,0,0,0,0,0,0,0,0,0,0,0,0,0,0,0,0,0,0,0,0,0,0,0,0.0,0,0,0.0,0,7.695,0,0,0,0,0,0,0,0,0,0,0,0,0,0,0,0,11.0,0,0,0,0,0,0,11.0,0,0,0,0,0,0,0,0,0,0.0,0,0,0,0,11.0,0,0,0,0,0,0,0,0,0,0,0,0,0,0,0,0,0,0.0,0,0,0,0,11.0,0,0,0,0,0,0,0,0,0,0,0,0,0,0,0,0,0,0,0,0,0,0,0,0,0,0.0,0,0,0,0,0,0,0,0
127,2022-08-02 07:45:00,31.63,-69.983,0,0,0,0,143.0,80.983,0,69.983,69.983,13,7,13,0,0,0,0,0,0,0,0,11.0,11.0,0.0,0,0,0,0,0,0,0,0,0,0,0,0,0,0,0,0,0,0,0,0,0,0,0,0,0,0,0.0,0,0,0.0,0,3.983,0,0,0,0,0,0,0,0,0,0,0,0,0,0,0,0,11.0,0,0,0,0,0,0,11.0,0,0,0,0,0,0,0,0,0,0.0,0,0,0,0,11.0,0,0,0,0,0,0,0,0,0,0,0,0,0,0,0,0,0,0.0,0,0,0,0,11.0,0,0,0,0,0,0,0,0,0,0,0,0,0,0,0,0,0,0,0,0,0,0,0,0,0,0.0,0,0,0,0,0,0,0,0
128,2022-08-02 08:00:00,34.94,-71.609,0,0,0,0,143.0,82.609,0,71.609,71.609,13,7,13,0,0,0,0,0,0,0,0,11.0,11.0,0.0,0,0,0,0,0,0,0,0,0,0,0,0,0,0,0,0,0,0,0,0,0,0,0,0,0,0,0.0,0,0,0.0,0,5.609,0,0,0,0,0,0,0,0,0,0,0,0,0,0,0,0,11.0,0,0,0,0,0,0,11.0,0,0,0,0,0,0,0,0,0,0.0,0,0,0,0,11.0,0,0,0,0,0,0,0,0,0,0,0,0,0,0,0,0,0,0.0,0,0,0,0,11.0,0,0,0,0,0,0,0,0,0,0,0,0,0,0,0,0,0,0,0,0,0,0,0,0,0,0.0,0,0,0,0,0,0,0,0
129,2022-08-02 08:15:00,34.94,-61.041,0,0,0,0,143.0,72.041,0,61.041,61.041,13,7,13,0,0,0,0,0,0,0,0,11.0,11.0,0.0,0,0,0,0,0,0,0,0,0,0,0,0,0,0,0,0,0,0,0,0,0,0,0,0,0,0,0.0,0,0,0.0,0,3.299,0,0,0,0,0,0,0,0,0,0,0,0,0,0,0,0,6.542,0,0,0,0,0,0,11.0,0,0,0,0,0,0,0,0,0,0.0,0,0,0,0,11.0,0,0,0,0,0,0,0,0,0,0,0,0,0,0,0,0,0,0.0,0,0,0,0,7.2,0,0,0,0,0,0,0,0,0,0,0,0,0,0,0,0,0,0,0,0,0,0,0,0,0,0.0,0,0,0,0,0,0,0,0
130,2022-08-02 08:30:00,34.94,-77.0,0,0,0,0,132.0,77.0,0,77.0,77.0,12,7,12,0,0,0,0,0,0,0,0,11.0,11.0,0.0,0,0,0,0,0,0,0,0,0,0,0,0,0,0,0,0,0,0,0,0,0,0,0,0,0,0,0,0,0,0.0,0,11.0,0,0,0,0,0,0,0,0,0,0,0,0,0,0,0,0,11.0,0,0,0,0,0,0,11.0,0,0,0,0,0,0,0,0,0,0.0,0,0,0,0,11.0,0,0,0,0,0,0,0,0,0,0,0,0,0,0,0,0,0,0.0,0,0,0,0,11.0,0,0,0,0,0,0,0,0,0,0,0,0,0,0,0,0,0,0,0,0,0,0,0,0,0,0.0,0,0,0,0,0,0,0,0
131,2022-08-02 08:45:00,34.94,-67.363,0,0,0,0,132.0,77.0,0,67.363,67.363,12,7,12,0,0,0,0,0,0,0,0,11.0,11.0,0.0,0,0,0,0,0,0,0,0,0,0,0,0,0,0,0,0,0,0,0,0,0,0,0,0,0,0,0,0,0,0.0,0,11.0,0,0,0,0,0,0,0,0,0,0,0,0,0,0,0,0,11.0,0,0,0,0,0,0,11.0,0,0,0,0,0,0,0,0,0,0.0,0,0,0,0,11.0,0,0,0,0,0,0,0,0,0,0,0,0,0,0,0,0,0,0.0,0,0,0,0,1.363,0,0,0,0,0,0,0,0,0,0,0,0,0,0,0,0,0,0,0,0,0,0,0,0,0,0.0,0,0,0,0,0,0,0,0
132,2022-08-02 09:00:00,33.27,-66.0,0,0,0,0,132.0,77.635,0,66.0,66.0,12,6,12,0,0,0,0,0,0,0,0,11.0,11.0,0.0,0,0,0,0,0,0,0,0,0,0,0,0,0,0,0,0,0,0,0,0,0,0,0,0,0,0,0,0,0,0.0,0,11.0,0,0,0,0,0,0,0,0,0,0,0,0,0,0,0,0,11.0,0,0,0,0,0,0,11.0,0,0,0,0,0,0,0,0,0,0.0,0,0,0,0,11.0,0,0,0,0,0,0,0,0,0,0,0,0,0,0,0,0,0,0.0,0,0,0,0,0.0,0,0,0,0,0,0,0,0,0,0,0,0,0,0,0,0,0,0,0,0,0,0,0,0,0,0.0,0,0,0,0,0,0,0,0
133,2022-08-02 09:15:00,33.27,-66.0,0,0,0,0,132.0,77.0,0,66.0,66.0,12,6,12,0,0,0,0,0,0,0,0,11.0,11.0,0.0,0,0,0,0,0,0,0,0,0,0,0,0,0,0,0,0,0,0,0,0,0,0,0,0,0,0,0,0,0,0.0,0,11.0,0,0,0,0,0,0,0,0,0,0,0,0,0,0,0,0,11.0,0,0,0,0,0,0,11.0,0,0,0,0,0,0,0,0,0,0.0,0,0,0,0,11.0,0,0,0,0,0,0,0,0,0,0,0,0,0,0,0,0,0,0.0,0,0,0,0,0.0,0,0,0,0,0,0,0,0,0,0,0,0,0,0,0,0,0,0,0,0,0,0,0,0,0,0.0,0,0,0,0,0,0,0,0
134,2022-08-02 09:30:00,33.27,-73.474,0,0,0,0,132.0,84.473,0,73.474,73.474,12,8,12,0,0,0,0,0,0,0,0,11.0,11.0,0.0,0,0,0,0,0,0,0,0,0,0,0,0,0,0,0,0,0,0,0,0,0,0,0,0,0,0,0,0,0,0.0,0,11.0,0,0,0,0,0,0,0,0,0,0,0,0,0,0,0,0,11.0,0,0,0,0,0,0,11.0,0,0,0,0,0,0,0,0,0,0.0,0,0,0,0,11.0,0,0,0,0,0,0,0,0,0,0,0,0,0,0,0,0,0,3.921,0,0,0,0,0.0,0,0,0,0,0,0,0,0,0,0,0,0,0,0,0,0,0,0,0,0,0,0,0,0,0,3.553,0,0,0,0,0,0,0,0
135,2022-08-02 09:45:00,33.27,-69.914,0,0,0,0,132.0,81.911,0,69.914,69.914,12,7,12,0,0,0,0,0,0,0,0,10.993,11.0,0.0,0,0,0,0,0,0,0,0,0,0,0,0,0,0,0,0,0,0,0,0,0,0,0,0,0,0,0,0,0,0.0,0,11.0,0,0,0,0,0,0,0,0,0,0,0,0,0,0,0,0,11.0,0,0,0,0,0,0,11.0,0,0,0,0,0,0,0,0,0,0.0,0,0,0,0,11.0,0,0,0,0,0,0,0,0,0,0,0,0,0,0,0,0,0,3.921,0,0,0,0,0.0,0,0,0,0,0,0,0,0,0,0,0,0,0,0,0,0,0,0,0,0,0,0,0,0,0,0.0,0,0,0,0,0,0,0,0
136,2022-08-02 10:00:00,33.52,-71.742,0,0,0,0,110.0,82.742,0,71.742,71.742,10,7,10,0,0,0,0,0,0,0,0,0,0,0.0,0,0,0,0,0,0,0,0,0,0,0,0,0,0,0,0,0,0,0,0,0,0,0,0,0,0,0,0,0,0.0,0,11.0,0,0,0,0,0,0,0,0,0,0,0,0,0,0,0,0,11.0,0,0,0,0,0,0,11.0,0,0,0,0,0,0,0,0,0,5.742,0,0,0,0,11.0,0,0,0,0,0,0,0,0,0,0,0,0,0,0,0,0,0,11.0,0,0,0,0,0.0,0,0,0,0,0,0,0,0,0,0,0,0,0,0,0,0,0,0,0,0,0,0,0,0,0,11.0,0,0,0,0,0,0,0,0
137,2022-08-02 10:15:00,33.52,-73.19,0,0,0,0,110.0,84.19,0,73.19,73.19,10,7,10,0,0,0,0,0,0,0,0,0,0,0.0,0,0,0,0,0,0,0,0,0,0,0,0,0,0,0,0,0,0,0,0,0,0,0,0,0,0,0,0,0,0.0,0,11.0,0,0,0,0,0,0,0,0,0,0,0,0,0,0,0,0,11.0,0,0,0,0,0,0,11.0,0,0,0,0,0,0,0,0,0,7.19,0,0,0,0,11.0,0,0,0,0,0,0,0,0,0,0,0,0,0,0,0,0,0,11.0,0,0,0,0,0.0,0,0,0,0,0,0,0,0,0,0,0,0,0,0,0,0,0,0,0,0,0,0,0,0,0,11.0,0,0,0,0,0,0,0,0
138,2022-08-02 10:30:00,33.52,-72.625,0,0,0,0,110.0,83.625,0,72.625,72.625,10,7,10,0,0,0,0,0,0,0,0,0,0,0.0,0,0,0,0,0,0,0,0,0,0,0,0,0,0,0,0,0,0,0,0,0,0,0,0,0,0,0,0,0,0.0,0,11.0,0,0,0,0,0,0,0,0,0,0,0,0,0,0,0,0,11.0,0,0,0,0,0,0,11.0,0,0,0,0,0,0,0,0,0,6.625,0,0,0,0,11.0,0,0,0,0,0,0,0,0,0,0,0,0,0,0,0,0,0,11.0,0,0,0,0,0.0,0,0,0,0,0,0,0,0,0,0,0,0,0,0,0,0,0,0,0,0,0,0,0,0,0,11.0,0,0,0,0,0,0,0,0
139,2022-08-02 10:45:00,33.52,-69.508,0,0,0,0,110.0,80.508,0,69.508,69.508,10,7,10,0,0,0,0,0,0,0,0,0,0,0.0,0,0,0,0,0,0,0,0,0,0,0,0,0,0,0,0,0,0,0,0,0,0,0,0,0,0,0,0,0,0.0,0,11.0,0,0,0,0,0,0,0,0,0,0,0,0,0,0,0,0,11.0,0,0,0,0,0,0,11.0,0,0,0,0,0,0,0,0,0,3.508,0,0,0,0,11.0,0,0,0,0,0,0,0,0,0,0,0,0,0,0,0,0,0,11.0,0,0,0,0,0.0,0,0,0,0,0,0,0,0,0,0,0,0,0,0,0,0,0,0,0,0,0,0,0,0,0,11.0,0,0,0,0,0,0,0,0
140,2022-08-02 11:00:00,34.81,-65.636,0,0,0,0,110.0,77.359,0,65.636,65.636,10,6,10,0,0,0,0,0,0,0,0,0,0,0.0,0,0,0,0,0,0,0,0,0,0,0,0,0,0,0,0,0,0,0,0,0,0,0,0,0,0,0,0,0,0.0,0,11.0,0,0,0,0,0,0,0,0,0,0,0,0,0,0,0,0,11.0,0,0,0,0,0,0,11.0,0,0,0,0,0,0,0,0,0,0.0,0,0,0,0,10.636,0,0,0,0,0,0,0,0,0,0,0,0,0,0,0,0,0,11.0,0,0,0,0,0.0,0,0,0,0,0,0,0,0,0,0,0,0,0,0,0,0,0,0,0,0,0,0,0,0,0,11.0,0,0,0,0,0,0,0,0
141,2022-08-02 11:15:00,34.81,-51.172,0,0,0,0,110.0,72.316,0,51.172,51.172,10,6,10,0,0,0,0,0,0,0,0,0,0,0.0,0,0,0,0,0,0,0,0,0,0,0,0,0,0,0,0,0,0,0,0,0,0,0,0,0,0,0,0,0,0.0,0,0.856,0,0,0,0,0,0,0,0,0,0,0,0,0,0,0,0,11.0,0,0,0,0,0,0,11.0,0,0,0,0,0,0,0,0,0,0.0,0,0,0,0,0,0,0,0,0,0,0,0,0,0,0,0,0,0,0,0,0,0,11.0,0,0,0,0,0.0,0,0,0,0,0,6.316,0,0,0,0,0,0,0,0,0,0,0,0,0,0,0,0,0,0,0,11.0,0,0,0,0,0,0,0,0
142,2022-08-02 11:30:00,34.81,-63.311,0,0,0,0,110.0,85.311,0,63.311,63.311,10,7,10,0,0,0,0,0,0,0,0,0,0,0.0,0,0,0,0,0,0,0,0,0,0,0,0,0,0,0,0,0,0,0,0,0,0,0,0,0,0,0,0,0,3.775,0,0.0,0,0,0,0,0,0,0,0,0,0,0,0,0,0,0,0,11.0,0,0,0,0,0,0,11.0,0,0,0,0,0,0,0,0,0,8.261,0,0,0,0,0,0,0,0,0,0,0,0,0,0,0,0,0,0,0,0,0,0,11.0,0,0,0,0,0.0,0,0,0,0,0,7.275,0,0,0,0,0,0,0,0,0,0,0,0,0,0,0,0,0,0,0,11.0,0,0,0,0,0,0,0,0
143,2022-08-02 11:45:00,34.81,-74.351,0,0,0,0,110.0,102.861,0,74.351,74.351,10,8,10,0,0,0,0,0,0,0,0,0,0,4.284,0,0,0,0,0,0,0,0,0,0,0,0,0,0,0,0,0,0,0,0,0,0,0,0,0,0,0,0,0,11.0,0,0.0,0,0,0,0,0,0,0,0,0,0,0,0,0,0,0,0,4.49,0,0,0,0,0,0,11.0,0,0,0,0,0,0,0,0,0,11.0,0,0,0,0,0,0,0,0,0,0,0,0,0,0,0,0,0,0,0,0,0,0,11.0,0,0,0,0,0.0,0,0,0,0,0,10.577,0,0,0,0,0,0,0,0,0,0,0,0,0,0,0,0,0,0,0,11.0,0,0,0,0,0,0,0,0
144,2022-08-02 12:00:00,35.08,-63.592,0,0,0,0,110.0,96.592,0,63.592,63.592,10,6,10,0,0,0,0,0,0,0,0,0,0,0.0,0,0,0,0,0,0,0,0,0,0,0,0,0,0,0,0,0,0,0,0,0,0,0,0,0,0,0,0,0,11.0,0,0.0,0,0,0,0,0,0,0,0,0,0,0,8.592,0,0,0,0,0.0,0,0,0,0,0,0,11.0,0,0,0,0,0,0,0,0,0,11.0,0,0,0,0,0,0,0,0,0,0,0,0,0,0,0,0,0,0,0,0,0,0,11.0,0,0,0,0,0.0,0,0,0,0,0,0,0,0,0,0,0,0,0,0,0,0,0,0,0,0,0,0,0,0,0,11.0,0,0,0,0,0,0,0,0
145,2022-08-02 12:15:00,35.08,-59.384,0,0,0,0,110.0,95.823,0,59.384,59.384,10,6,10,0,0,0,0,0,0,0,0,0,0,0.0,0,0,0,0,0,0,0,0,0,0,0,0,0,0,0,0,0,0,0,0,0,0,0,0,0,0,0,0,0,11.0,0,0.0,0,0,0,0,0,0,0,0,0,0,0,7.823,0,0,0,0,0.0,0,0,0,0,0,0,11.0,0,0,0,0,0,0,0,0,0,11.0,0,0,0,0,0,0,0,0,0,0,0,0,0,0,0,0,0,0,0,0,0,0,11.0,0,0,0,0,0.0,0,0,0,0,0,0,0,0,0,0,0,0,0,0,0,0,0,0,0,0,0,0,0,0,0,7.561,0,0,0,0,0,0,0,0
146,2022-08-02 12:30:00,35.08,-62.634,0,0,0,0,110.0,106.633,0,62.634,62.634,10,6,10,0,0,0,0,0,0,0,0,0,0,9.852,0,0,0,0,0,0,0,0,0,0,0,0,0,0,0,0,0,0,0,0,0,0,0,0,0,0,0,0,0,11.0,0,0.0,0,0,0,0,0,0,0,0,0,0,0,8.782,0,0,0,0,0.0,0,0,0,0,0,0,11.0,0,0,0,0,0,0,0,0,0,11.0,0,0,0,0,0,0,0,0,0,0,0,0,0,0,0,0,0,0,0,0,0,0,11.0,0,0,0,0,0.0,0,0,0,0,0,0,0,0,0,0,0,0,0,0,0,0,0,0,0,0,0,0,0,0,0,0.0,0,0,0,0,0,0,0,0
147,2022-08-02 12:45:00,35.08,-62.097,0,0,0,0,121.0,106.096,0,62.097,62.097,11,6,11,0,0,0,0,0,0,0,0,0,0,9.315,0,0,0,0,0,0,0,0,0,0,0,0,0,0,0,0,0,0,0,0,0,0,0,0,0,0,0,0,0,11.0,0,0.0,0,0,0,0,0,0,0,0,0,0,0,8.782,0,0,0,0,0.0,0,0,0,0,0,0,11.0,0,0,0,0,0,0,0,0,0,11.0,0,0,0,0.0,0,0,0,0,0,0,0,0,0,0,0,0,0,0,0,0,0,0,11.0,0,0,0,0,0.0,0,0,0,0,0,0,0,0,0,0,0,0,0,0,0,0,0,0,0,0,0,0,0,0,0,0.0,0,0,0,0,0,0,0,0
148,2022-08-02 13:00:00,35.88,-35.003,0,0,0,0,110.0,80.009,0,35.003,35.003,10,4,10,0,0,0,0,0,0,0,0,0,0,0.0,0,0,0,0,0,0,0,0,0,0,0,0,0,0,0,0,0,0,0,0,0,0,0,0,0,0,0,0,0,3.775,0,0.0,0,0,0,0,0,0,0,0,0,0,0,0,0,0,0,0,0.0,0,0,0,0,0,0,11.0,0,0,0,0,0,0,0,0,0,9.228,0,0,0,0.0,0,0,0,0,0,0,0,0,0,0,0,0,0,0,0,0,0,0,11.0,0,0,0,0,0.0,0,0,0,0,0,0,0,0,0,0,0,0,0,0,0,0,0,0,0,0,0,0,0,0,0,0.0,0,0,0,0,0,0,0,0
149,2022-08-02 13:15:00,35.88,-55.924,0,0,0,0,110.0,99.984,0,55.924,55.924,10,6,10,0,0,0,0,0,0,0,0,0,0,7.676,0,0,0,0,0,0,0,0,0,0,0,0,0,0,0,0,0,0,0,0,0,0,0,0,0,0,0,0,0,11.0,0,0.0,0,0,0,0,0,0,0,0,0,0,0,0,0,0,0,0,0.0,0,0,0,0,0,0,10.846,0,0,0,0,0,0,0,0,0,11.0,0,0,0,4.402,0,0,0,0,0,0,0,0,0,0,0,0,0,0,0,0,0,0,11.0,0,0,0,0,0.0,0,0,0,0,0,0,0,0,0,0,0,0,0,0,0,0,0,0,0,0,0,0,0,0,0,0.0,0,0,0,0,0,0,0,0
150,2022-08-02 13:30:00,35.88,-55.0,0,0,0,0,88.0,88.0,0,55.0,55.0,8,5,8,0,0,0,0,0,0,0,0,0,0,11.0,0,0,0,0,0,0,0,0,0,0,0,0,0,0,0,0,0,0,0,0,0,0,0,0,0,0,0,0,0,11.0,0,0.0,0,0,0,0,0,0,0,0,0,0,0,0,0,0,0,0,0.0,0,0,0,0,0,0,0,0,0,0,0,0,0,0,0,0,11.0,0,0,0,11.0,0,0,0,0,0,0,0,0,0,0,0,0,0,0,0,0,0,0,11.0,0,0,0,0,0,0,0,0,0,0,0,0,0,0,0,0,0,0,0,0,0,0,0,0,0,0,0,0,0,0,0.0,0,0,0,0,0,0,0,0
151,2022-08-02 13:45:00,35.88,-41.852,0,0,0,0,99.0,74.758,0,41.852,41.852,9,5,9,0,0,0,0,0,0,0,0,0,0,4.45,0,0,0,0,0,0,0,0,0,0,0,0,0,0,0,0,0,0,0,0,0,0,0,0,0,0,0,0,0,11.0,0,0.0,0,0,0,0,0,0,0,0,0,0,0,0,0,0,0,0,0.0,0,0,0,0,0,0,0,0,0,0,0,0,0,0,0,0,11.0,0,0,0,4.402,0,0,0,0,0,0,0.0,0,0,0,0,0,0,0,0,0,0,0,11.0,0,0,0,0,0,0,0,0,0,0,0,0,0,0,0,0,0,0,0,0,0,0,0,0,0,0,0,0,0,0,0.0,0,0,0,0,0,0,0,0
152,2022-08-02 14:00:00,36.03,-45.833,0,0,0,0,121.0,87.718,0,45.833,45.833,11,6,11,0,0,0,0,0,0,0,0,0,0,8.517,0,0,0,0,0,0,0,0,0,0,0,0,0,0,0,0,0,0,0,0,0.0,0,0,0,0,0,0,0,0,11.0,0,0.0,0,0,0,0,0,0,0,0,0,0,0,0,0,0,0,0,0.0,0,0,0,0,0,0,0,0,0,0,0,0,0,0,0,0,11.0,0,0,0,4.402,0,0,0,0,0,0,0.0,0,0,0,0,0,0,0,0,0,0,0,2.02,0,0,0,0,0,0,0,0,0,0,0,8.894,0,0,0,0,0,0,0,0,0,0,0,0,0,0,0,0,0,0,0.0,0,0,0,0,0,0,0,0
153,2022-08-02 14:15:00,36.03,-37.115,0,0,0,0,121.0,81.02,0,37.115,37.115,11,5,11,0,0,0,0,0,0,0,0,0,0,1.819,0,0,0,0,0,0,0,0,0,0,0,0,0,0,0,0,0,0,0,0,0.0,0,0,0,0,0,0,0,0,11.0,0,0.0,0,0,0,0,0,0,0,0,0,0,0,0,0,0,0,0,0.0,0,0,0,0,0,0,0,0,0,0,0,0,0,0,0,0,11.0,0,0,0,4.402,0,0,0,0,0,0,0.0,0,0,0,0,0,0,0,0,0,0,0,0.0,0,0,0,0,0,0,0,0,0,0,0,8.894,0,0,0,0,0,0,0,0,0,0,0,0,0,0,0,0,0,0,0.0,0,0,0,0,0,0,0,0
154,2022-08-02 14:30:00,36.03,-37.029,0,0,0,0,143.0,85.64,0,37.029,37.029,13,5,13,0,0,0,0,0,0,0,0.0,0,0,5.984,0,0,0,0,0,0,0,0,0,0,0,0,0,0,0,0,0,0,0,0,0.0,0,0,0,0,0,0,0,0,9.524,0,0.0,0,0,0,0,0,0,0,0,0,0,0,0,0,0,0,0,0.0,0,0,0,0,0,0,0,0,0,0,0,0,0,0,0,0,8.225,0,0,0,4.402,0,0,0,0,0,0,0.0,0,0.0,0,0,0,0,0,0,0,0,0,0.0,0,0,0,0,0,0,0,0,0,0,0,8.894,0,0,0,0,0,0,0,0,0,0,0,0,0,0,0,0,0,0,0.0,0,0,0,0,0,0,0,0
155,2022-08-02 14:45:00,36.03,-8.894,0,0,0,0,143.0,54.617,0,8.894,8.894,13,1,13,0,0,0,0,0,0,0,0.0,0,0,0.0,0,0,0,0,0,0,0,0,0,0,0,0,0,0,0,0,0,0,0,0,0.0,0,0,0,0,0,0,0,0,0.0,0,0.0,0,0,0,0,0,0,0,0,0,0,0,0,0,0,0,0,0.0,0,0,0,0,0,0,0,0,0,0,0,0,0,0,0,0,0.0,0,0,0,0.0,0,0,0,0,0,0,0.0,0,0.0,0,0,0,0,0,0,0,0,0,0.0,0,0,0,0,0,0,0,0,0,0,0,8.894,0,0,0,0,0,0,0,0,0,0,0,0,0,0,0,0,0,0,0.0,0,0,0,0,0,0,0,0
156,2022-08-02 15:00:00,36.17,-10.583,0,0,0,0,132.0,72.801,0,10.583,10.583,12,2,12,0,0,0,0,0,0,0,9.449,0,0,0.0,0,0,0,0,0,0,0,0,0,0,0,0,0,0,0,0,0,0,0,0,0.0,0,0,0,0,0,0,0,0,0.0,0,0.0,0,0,0,0,0,0,0,0,0,0,0,0,0,0,0,0,0.0,0,0,0,0,0,0,0,0,0,0,0,0,0,0,0,0,0.0,0,0,0,1.134,0,0,0,0,0,0,0.0,0,0.0,0,0,0,0,0,0,0,0,0,0.0,0,0,0,0,0,0,0,0,0,0,0,0,0,0,0,0,0,0,0,0,0,0,0,0,0,0,0,0,0,0,0.0,0,0,0,0,0,0,0,0
157,2022-08-02 15:15:00,36.17,-10.583,0,0,0,0,132.0,71.925,0,10.583,10.583,12,2,12,0,0,0,0,0,0,0,9.449,0,0,0.0,0,0,0,0,0,0,0,0,0,0,0,0,0,0,0,0,0,0,0,0,0.0,0,0,0,0,0,0,0,0,0.0,0,0.0,0,0,0,0,0,0,0,0,0,0,0,0,0,0,0,0,0.0,0,0,0,0,0,0,0,0,0,0,0,0,0,0,0,0,0.0,0,0,0,1.134,0,0,0,0,0,0,0.0,0,0.0,0,0,0,0,0,0,0,0,0,0.0,0,0,0,0,0,0,0,0,0,0,0,0,0,0,0,0,0,0,0,0,0,0,0,0,0,0,0,0,0,0,0.0,0,0,0,0,0,0,0,0
158,2022-08-02 15:30:00,36.17,-10.583,0,0,0,0,143.0,63.105,0,10.583,10.583,13,2,13,0,0,0,0,0,0,0,9.449,0,0,0.0,0,0,0,0,0,0.0,0,0,0,0,0,0,0,0,0,0,0,0,0,0,0.0,0,0,0,0,0,0,0,0,0.0,0,0.0,0,0,0,0,0,0,0,0,0,0,0,0,0,0,0,0,0.0,0,0,0,0,0,0,0,0,0,0,0,0,0,0,0,0,0.0,0,0,0,1.134,0,0,0,0,0,0,0.0,0,0.0,0,0,0,0,0,0,0,0,0,0.0,0,0,0,0,0,0,0,0,0,0,0,0,0,0,0,0,0,0,0,0,0,0,0,0,0,0,0,0,0,0,0.0,0,0,0,0,0,0,0,0
159,2022-08-02 15:45:00,36.17,-10.583,0,0,0,0,154.0,66.556,0,10.583,10.583,14,2,14,0,0,0,0,0,0.0,0,9.449,0,0,0.0,0,0,0,0,0,0.0,0,0,0,0,0,0,0,0,0,0,0,0,0,0,0.0,0,0,0,0,0,0,0,0,0.0,0,0.0,0,0,0,0,0,0,0,0,0,0,0,0,0,0,0,0,0.0,0,0,0,0,0,0,0,0,0,0,0,0,0,0,0,0,0.0,0,0,0,1.134,0,0,0,0,0,0,0.0,0,0.0,0,0,0,0,0,0,0,0,0,0.0,0,0,0,0,0,0,0,0,0,0,0,0,0,0,0,0,0,0,0,0,0,0,0,0,0,0,0,0,0,0,0.0,0,0,0,0,0,0,0,0
160,2022-08-02 16:00:00,36.58,-21.455,0,0,0,0,143.0,54.371,0,21.455,21.455,13,2,13,0,0,0,0,0,0.0,0,10.455,0,0,0.0,0,0,0,0,0,0.0,0,0,0,0,0,0,0,0,0,0,0,0,0,0,0.0,0,0,0,0,0,0,0,0,0.0,0,0.0,0,0,0,0,0,0,0,0,0,0,0,0,0,0,0,0,0.0,0,0,0,0,0,0,0,0,0,0,0,0,0,0,0,0,0.0,0,0,0,11.0,0,0,0,0,0,0,0.0,0,0.0,0,0,0,0,0,0,0,0,0,0,0,0,0,0,0,0,0,0,0,0,0,0,0,0,0,0,0,0,0,0,0,0,0,0,0,0,0,0,0,0,0.0,0,0,0,0,0,0,0,0
161,2022-08-02 16:15:00,36.58,-17.428,0,0,0,0,165.0,50.199,0,17.428,17.428,15,2,15,0,0,0,0,0,0.0,0,9.449,0,0,0.0,0,0,0,0,0,0.0,0,0,0,0,0,0,0,0,0,0,0,0,0,0,0.0,0,0,0,0,0,0,0,0,0.0,0,0.0,0.0,0,0,0,0,0,0,0,0.0,0,0,0,0,0,0,0,0.0,0,0,0,0,0,0,0,0,0,0,0,0,0,0,0,0,0.0,0,0,0,7.979,0,0,0,0,0,0,0.0,0,0.0,0,0,0,0,0,0,0,0,0,0,0,0,0,0,0,0,0,0,0,0,0,0,0,0,0,0,0,0,0,0,0,0,0,0,0,0,0,0,0,0,0.0,0,0,0,0,0,0,0,0
162,2022-08-02 16:30:00,36.58,-19.595,0,0,0,0,165.0,52.366,0,19.595,19.595,15,2,15,0,0,0,0,0,0.0,0,9.449,0,0,0.0,0,0,0,0,0,0.0,0,0,0,0,0,0,0,0,0,0,0,0,0,0,0.0,0,0,0,0,0,0,0,0,0.0,0,0.0,0.0,0,0,0,0,0,0,0,0.0,0,0,0,0,0,0,0,0.0,0,0,0,0,0,0,0,0,0,0,0,0,0,0,0,0,0.0,0,0,0,10.146,0,0,0,0,0,0,0.0,0,0.0,0,0,0,0,0,0,0,0,0,0,0,0,0,0,0,0,0,0,0,0,0,0,0,0,0,0,0,0,0,0,0,0,0,0,0,0,0,0,0,0,0.0,0,0,0,0,0,0,0,0
163,2022-08-02 16:45:00,36.58,-13.915,0,0,0,0,165.0,46.686,0,13.915,13.915,15,2,15,0,0,0,0,0,0.0,0,9.449,0,0,0.0,0,0,0,0,0,0.0,0,0,0,0,0,0,0,0,0,0,0,0,0,0,0.0,0,0,0,0,0,0,0,0,0.0,0,0.0,0.0,0,0,0,0,0,0,0,0.0,0,0,0,0,0,0,0,0.0,0,0,0,0,0,0,0,0,0,0,0,0,0,0,0,0,0.0,0,0,0,4.466,0,0,0,0,0,0,0.0,0,0.0,0,0,0,0,0,0,0,0,0,0,0,0,0,0,0,0,0,0,0,0,0,0,0,0,0,0,0,0,0,0,0,0,0,0,0,0,0,0,0,0,0.0,0,0,0,0,0,0,0,0
164,2022-08-02 17:00:00,46.95,-21.455,0,0,0,0,165.0,44.7,0,21.455,21.455,15,2,15,0,0,0,0,0,0.0,0,10.455,0,0,0.0,0,0,0,0,0,0.0,0,0,0,0,0,0,0,0,0,0,0,0,0,0,0.0,0,0,0,0,0,0,0,0,0.0,0,0.0,0.0,0,0,0,0,0,0,0,0.0,0,0,0,0,0,0,0,0,0,0,0,0,0.0,0,0,0,0,0,0,0,0,0,0,0,0.0,0,0,0,11.0,0,0,0,0,0,0,0.0,0,0.0,0,0,0,0,0,0,0,0,0,0,0,0,0,0,0,0,0,0,0,0,0,0,0,0,0,0,0,0,0,0,0,0,0,0,0,0,0,0,0,0,0.0,0,0,0,0,0,0,0,0
165,2022-08-02 17:15:00,46.95,-1.815,0,0,0,0,165.0,23.687,0,1.815,1.815,15,1,15,0,0,0,0,0,0.0,0,0,0,0,0.0,0,0,0,0,0,0.0,0,0,0,0,0.0,0,0,0,0,0,0,0,0,0,0.0,0,0,0,0,0,0,0,0,0.0,0,0.0,0.0,0,0,0,0,0,0,0,0.0,0,0,0,0,0,0,0,0,0,0,0,0,0.0,0,0,0,0,0,0,0,0,0,0,0,0.0,0,0,0,1.815,0,0,0,0,0,0,0.0,0,0.0,0,0,0,0,0,0,0,0,0,0,0,0,0,0,0,0,0,0,0,0,0,0,0,0,0,0,0,0,0,0,0,0,0,0,0,0,0,0,0,0,0.0,0,0,0,0,0,0,0,0
166,2022-08-02 17:30:00,46.95,-0.0,0,0,0,0,165.0,22.0,0,0.0,0.0,15,0,15,0,0,0,0,0,0.0,0,0,0,0,0.0,0,0,0,0,0,0.0,0,0,0,0,0.0,0,0,0,0,0,0,0,0,0,0.0,0,0,0,0,0,0,0,0,0.0,0,0.0,0.0,0,0,0,0,0,0,0,0.0,0,0,0,0,0,0,0,0,0,0,0,0,0.0,0,0,0,0,0,0,0,0,0,0,0,0.0,0,0,0,0.0,0,0,0,0,0,0,0.0,0,0.0,0,0,0,0,0,0,0,0,0,0,0,0,0,0,0,0,0,0,0,0,0,0,0,0,0,0,0,0,0,0,0,0,0,0,0,0,0,0,0,0,0.0,0,0,0,0,0,0,0,0
167,2022-08-02 17:45:00,46.95,-6.534,0,0,0,0,176.0,28.406,0,6.534,6.534,16,1,16,0,0,0,0,0,0.0,0,0,0,0,0.0,0,0,0,0,0,0.0,0,0,0,0,0.0,0,0,0,0,0,0,0,0,0,0.0,0,0,0,0,0,0,0,0,0.0,0,0.0,0.0,0,0,0,0,0,0,0,0.0,0,0,0,0,0,0,0,0,0,0,0,0,0.0,0,0,0,0,0,0,0,0,0,0,0,0.0,0,0,0,6.534,0,0,0,0,0,0,0.0,0,0.0,0,0,0,0,0,0,0,0,0,0,0,0,0,0,0,0,0,0,0,0,0.0,0,0,0,0,0,0,0,0,0,0,0,0,0,0,0,0,0,0,0,0.0,0,0,0,0,0,0,0,0
168,2022-08-02 18:00:00,49.45,-2.048,0,0,0,0,187.0,23.92,0,2.048,2.048,17,1,17,0,0,0,0,0,0.0,0,0,0,0,0.0,0,0,0,0,0,0.0,0,0,0,0,0.0,0,0,0,0,0,0,0,0,0,0.0,0,0,0,0,0,0,0,0,0.0,0,0.0,0.0,0,0,0,0,0,0,0,0.0,0,0,0,0,0,0,0,0,0,0,0,0,0.0,0,0,0,0,0,0,0,0,0,0,0,0.0,0,0,0,2.048,0,0,0,0,0,0,0.0,0.0,0.0,0,0,0,0,0,0,0,0,0,0,0,0,0,0,0,0,0,0,0,0,0.0,0,0,0,0,0,0,0,0,0,0,0,0,0,0,0,0,0,0,0,0.0,0,0,0,0,0,0,0,0
169,2022-08-02 18:15:00,49.45,-0.0,0,0,0,0,187.0,10.83,0,0.0,0.0,17,0,17,0,0,0,0,0,0.0,0,0,0,0,0.0,0,0,0,0,0,0.0,0,0,0,0,0.0,0,0,0,0,0,0,0,0,0,0.0,0,0,0,0,0,0,0,0,0.0,0,0,0.0,0,0,0,0,0,0,0,0.0,0,0,0,0,0,0,0,0,0,0,0,0,0.0,0,0,0,0,0,0,0,0,0,0,0,0.0,0,0,0,0.0,0,0,0,0,0,0,0.0,0.0,0.0,0,0,0,0,0,0,0,0,0,0,0,0,0,0,0,0,0,0,0,0,0.0,0.0,0,0,0,0,0,0,0,0,0,0,0,0,0,0,0,0,0,0,0.0,0,0,0,0,0,0,0,0
170,2022-08-02 18:30:00,49.45,-4.17,0,0,0,0,220.0,15.041,0,4.17,4.17,20,2,20,0,0,0,0,0.0,0.0,0,0,0,0,0.0,0,0,0,0,0,0.0,0,0,0,0,0.0,0,0,0,0,0,0,0,0,1.406,0.0,0,0,0,0,0,0,0,0,0.0,0,0,0.0,0,0,0,0,0,0,0,0.0,0,0,0,0,0,0,0,0,0,0,0,0,0.0,0,0,0,0,0,0,0,0,0,0,0,0.0,0,0,0,2.764,0,0,0,0,0,0,0.0,0.0,0.0,0,0,0,0,0,0,0,0,0,0,0,0,0,0,0,0,0,0,0,0,0.0,0.0,0.0,0,0,0,0,0,0,0,0,0,0,0,0,0,0,0,0,0,0.0,0,0,0,0,0,0,0,0
171,2022-08-02 18:45:00,49.45,-0.0,0,0,0,0,231.0,11.0,0,0.0,0.0,21,0,21,0,0,0,0,0.0,0.0,0,0,0,0,0.0,0,0,0,0,0,0.0,0,0,0,0,0.0,0,0,0,0,0,0,0,0,0.0,0.0,0,0,0,0,0,0,0,0,0.0,0,0,0.0,0,0,0,0,0,0,0,0.0,0,0,0,0,0,0,0,0,0,0,0,0,0.0,0,0,0,0,0,0,0,0,0,0,0,0.0,0,0,0,0.0,0,0,0,0,0,0,0.0,0.0,0.0,0,0,0,0,0,0,0,0,0,0,0,0,0,0,0,0,0,0,0,0,0.0,0.0,0.0,0,0,0,0,0,0,0,0,0,0,0,0,0,0,0,0,0,0.0,0,0,0.0,0,0,0,0,0
172,2022-08-02 19:00:00,48.37,-9.012,0,0,0,0,231.0,19.883,0,9.012,9.012,21,2,21,0,0,0,0,0.0,0.0,0,0,0,0,0.0,0,0,0,0,0,0.0,0,0,0,0,0.0,0,0,0,0,0,0,0,0,1.406,0.0,0,0,0,0,0,0,0,0,0.0,0,0,0.0,0,0,0,0,0,0,0,0.0,0,0,0,0,0,0,0,0,0,0,0,0,0.0,0,0,0,0,0,0,0,0,0,0,0,0.0,0,0,0,7.606,0,0,0,0,0,0,0.0,0.0,0.0,0,0,0,0,0,0,0,0,0,0,0,0,0,0,0,0,0,0,0,0,0.0,0.0,0.0,0,0,0,0,0,0,0,0,0,0,0,0,0,0,0,0,0,0.0,0,0,0.0,0,0,0,0,0
173,2022-08-02 19:15:00,48.37,-13.412,0,0,0,0,231.0,29.98,0,13.412,13.412,21,2,21,0,0,0,0,0.0,0.0,0,0,0,0,0.0,0,0,0,0,0,0.0,0,0,0,0,0.0,0,0,0,0,0,0,0,0,2.412,0.0,0,0,0,0,0,0,0,0,0.0,0,0,0.0,0,0,0,0,0,0,0,0.0,0,0,0,0,0,0,0,0,0,0,0,0,0.0,0,0,0,0,0,0,0,0,0,0,0,0.0,0,0,0,11.0,0,0,0,0,0,0,0.0,0.0,0.0,0,0,0,0,0,0,0,0,0,0,0,0,0,0,0,0,0,0,0,0,0.0,0.0,0.0,0,0,0,0,0,0,0,0,0,0,0,0,0,0,0,0,0,0.0,0,0,0.0,0,0,0,0,0
174,2022-08-02 19:30:00,48.37,-1.332,0,0,0,0,231.0,12.332,0,1.332,1.332,21,1,21,0,0,0,0,0.0,0.0,0,0,0,0,0.0,0,0,0,0,0,0.0,0,0,0,0,0.0,0,0,0,0,0,0,0,0,1.332,0.0,0,0,0,0,0,0,0,0,0.0,0,0,0.0,0,0,0,0,0,0,0,0.0,0,0,0,0,0,0,0,0,0,0,0,0,0.0,0,0,0,0,0,0,0,0,0,0,0,0.0,0,0,0,0.0,0,0,0,0,0,0,0.0,0.0,0.0,0,0,0,0,0,0,0,0,0,0,0,0,0,0,0,0,0,0,0,0,0.0,0.0,0.0,0,0,0,0,0,0,0,0,0,0,0,0,0,0,0,0,0,0.0,0,0,0.0,0,0,0,0,0
175,2022-08-02 19:45:00,48.37,-135.737,0,0,0,0,370.0,136.632,0,135.737,19.375,21,4,20,0,0,0,0,0.0,0.0,0,0,0,0,3.557,0,0,0,0,0,0.0,0,0,0,0,0.0,0,0,0,0,0,0,0,0,4.818,0.0,0,0,0,0,0,0,0,0,0.0,0,0,0.0,0,0,0,0,0,0,0,0.0,0,0,0,0,0,0,0,0,0,0,0,0,0.0,0,0,0,0,0,0,0,0,0,0,0,0.0,0,0,0,11.0,0,0,0,0,0,0,0.0,0.0,0.0,0,0,0,0,0,0,0,0,0,0,0,0,0,0,0,0,0,0,0,0,0.0,0.0,0.0,0,0,0,0,0,0,0,0,0,0,0,0,0,0,0,0,0,0,0,0,0.0,0,0,0,116.362,0
176,2022-08-02 20:00:00,38.02,-26.385,0,0,0,0,231.0,27.281,0,26.385,26.385,21,4,21,0,0,0,0,0.0,0.0,0,0,0,0,7.08,0,0,0,0,0,0.0,0,0,0,0,0.0,0,0,0,0,0,0,0,0,4.818,0.0,0,0,0,0,0,0,0,0,0.0,0,0,0.0,0,0,0,0,0,0,0,0.0,0,0,0,0,0,0,0,0,0,0,0,0,0.0,0,0,0,0,0,0,0,0,0,0,0,0.0,0,0,0,11.0,0,0,0,0,0,0,0.0,0.0,0.0,0,0,0,0,0,0,0,0,0,0,0,0,0,0,0,0,0,3.487,0,0,0.0,0.0,0.0,0,0,0,0,0,0,0,0,0,0,0,0,0,0,0,0,0,0,0,0,0.0,0,0,0,0,0
177,2022-08-02 20:15:00,38.02,-35.809,0,0,0,0,253.0,45.056,0,35.809,35.809,23,6,23,0,0,0,0,0.0,0.0,0,0,0,0,7.698,0,0,0,0,0,0.0,0,0,0,0,0.0,0,0,0,0,0,0,0,0,4.818,0.0,0,0,0,0,0,0,0,0,0.0,0,0,0.0,0,0,0,0,0,0,0,0.0,5.708,0,0,0,0,0,0,0,0,0,0,0,0.0,0,0,0,0,0,0,0,0,0,0,0,0.0,0,0,0,11.0,0,0,0,0,0,0,0.0,0.0,0.0,0,0,0,0,0,0,0,0,0,0,0,0,0,0,0,0,0,3.487,0,0,0.0,0.0,0.0,0,0,0,0,0,0,0,0,0,0,0,0,3.097,0,0,0,0,0,0,0,0.0,0,0,0,0,0
178,2022-08-02 20:30:00,38.02,-35.809,0,0,0,0,253.0,45.422,0,35.809,35.809,23,6,23,0,0,0,0,0.0,0.0,0,0,0,0,7.698,0,0,0,0,0,0.0,0,0,0,0,0.0,0,0,0,0,0,0,0,0,4.818,0.0,0,0,0,0,0,0,0,0,0.0,0,0,0.0,0,0,0,0,0,0,0,0.0,5.708,0,0,0,0,0,0,0,0,0,0,0,0.0,0,0,0,0,0,0,0,0,0,0,0,0.0,0,0,0,11.0,0,0,0,0,0,0,0.0,0.0,0.0,0,0,0,0,0,0,0,0,0,0,0,0,0,0,0,0,0,3.487,0,0,0.0,0.0,0.0,0,0,0,0,0,0,0,0,0,0,0,0,3.097,0,0,0,0,0,0,0,0.0,0,0,0,0,0
179,2022-08-02 20:45:00,38.02,-35.809,0,0,0,0,253.0,44.703,0,35.809,35.809,23,6,23,0,0,0,0,0.0,0.0,0,0,0,0,7.698,0,0,0,0,0,0.0,0,0,0,0,0.0,0,0,0,0,0,0,0,0,4.818,0.0,0,0,0,0,0,0,0,0,0.0,0,0,0.0,0,0,0,0,0,0,0,0.0,5.708,0,0,0,0,0,0,0,0,0,0,0,0.0,0,0,0,0,0,0,0,0,0,0,0,0.0,0,0,0,11.0,0,0,0,0,0,0,0.0,0.0,0.0,0,0,0,0,0,0,0,0,0,0,0,0,0,0,0,0,0,3.487,0,0,0.0,0.0,0.0,0,0,0,0,0,0,0,0,0,0,0,0,3.097,0,0,0,0,0,0,0,0.0,0,0,0,0,0
180,2022-08-02 21:00:00,34.55,-35.809,0,0,0,0,253.0,53.469,0,35.809,35.809,23,6,23,0,0,0,0,0.0,0.0,0,0,0,0,7.698,0,0,0,0,0,0.0,0,0,0,0,0.0,0,0,0,0,0,0,0,0,4.818,0.0,0,0,0,0,0,0,0,0,0.0,0,0,0.0,0,0,0,0,0,0,0,0.0,5.708,0,0,0,0,0,0,0,0,0,0,0,0.0,0,0,0,0,0,0,0,0,0,0,0,0.0,0,0,0,11.0,0,0,0,0,0,0,0.0,0.0,0.0,0,0,0,0,0,0,0,0,0,0,0,0,0,0,0,0,0,3.487,0,0,0.0,0.0,0.0,0,0,0,0,0,0,0,0,0,0,0,0,3.097,0,0,0,0,0,0,0,0.0,0,0,0,0,0
181,2022-08-02 21:15:00,34.55,-45.1,0,0,0,0,286.0,63.486,0,45.1,45.1,26,8,26,0,0,4.365,0,0.0,0.0,0,0,0,0,7.698,0,0,0,0,0,0.0,0,0,0,0,0.0,0,4.926,0,0,0,0,0,0,4.818,0.0,0,0,0,0,0,0,0,0,0.0,0,0,0.0,0,0,0,0,0,0,0,0.0,5.708,0,0,0,0,0,0,0,0,0,0,0,0.0,0,0,0,0,0,0,0,0,0,0,0,0.0,0,0,0,11.0,0,0,0,0,0,0,0.0,0.0,0.0,0,0,0,0,0,0,0,0,0,0,0,0,0,0,0,0,0,3.487,0,0,0.0,0.0,0.0,0,0,0,0,0,0,0,0,0,0,0,0,3.097,0,0,0,0,0,0,0,0.0,0.0,0,0,0,0
182,2022-08-02 21:30:00,34.55,-46.179,0,0,0,0,275.0,67.881,0,46.179,46.179,25,11,25,0,0,4.365,0,0.0,0.0,0,0,0,0,7.698,0,0,0,0,0,0.0,0,0,0,0,3.205,0,4.926,0,0,0,0,0,0,4.818,0.0,0,0,0,0,0,0,0,0,0.0,0,0,0.0,0,0,0,0,0,0,0,0.0,5.708,0,0,0,0,0,0,0,0,0,0,0,1.782,0,0,0,0,0,0,0,0,0,0,0,0.0,0,0,0,0,0,0,0,0,0,0,0.0,0.0,0.0,0,0,0,0,0,0,0,0,0,0,0,0,0,0,0,0,0,3.487,0,0,4.171,2.921,0.0,0,0,0,0,0,0,0,0,0,0,0,0,3.097,0,0,0,0,0,0,0,0.0,0.0,0,0,0,0
183,2022-08-02 21:45:00,34.55,-53.129,0,0,0,0,275.0,74.945,0,53.129,53.129,25,12,25,0,0,4.365,0,0.0,2.966,0,0,0,0,11.0,0,0,0,0,0,0.0,0,0,0,0,3.205,0,4.926,0,0,0,0,0,0,4.818,0.0,0,0,0,0,0,0,0,0,0.0,0,0,0.0,0,0,0,0,0,0,0,0.0,5.708,0,0,0,0,0,0,0,0,0,0,0,2.464,0,0,0,0,0,0,0,0,0,0,0,0.0,0,0,0,0,0,0,0,0,0,0,0.0,0.0,0.0,0,0,0,0,0,0,0,0,0,0,0,0,0,0,0,0,0,3.487,0,0,4.171,2.921,0.0,0,0,0,0,0,0,0,0,0,0,0,0,3.097,0,0,0,0,0,0,0,0.0,0.0,0,0,0,0
184,2022-08-02 22:00:00,33.33,-151.874,0,0,0,0,425.0,173.689,0,151.874,60.063,26,15,25,0,0,4.365,0,0.0,3.089,0,0,0,0,11.0,0,0,0,0,0,0.0,0,0,0,0,3.205,0,4.926,0,0,0,0,0,0,4.818,3.277,0,0,0,0,0,0,0,0,0.0,0,0,0.0,0,0,0,0,0,0,0,0.0,5.708,0,0,0,0,0,0,0,0,0,0,0,2.464,0,0,0,0,0,0,0,0,0,0,0,0.0,0,0,0,0,0,0,0,0,0,0,0.0,0.0,3.534,0,0,0,0,0,0,0,0,0,0,0,0,0,0,0,0,0,3.487,0,0,4.171,2.921,0.0,0,0,0,0,0,0,0,0,0,0,0,0,3.097,0,0,0,0,0,0,0,0.0,0.0,0,0,91.811,0
185,2022-08-02 22:15:00,33.33,-68.773,0,0,0,0,275.0,90.59,0,68.773,68.773,25,15,25,0,0,4.365,0,0.0,3.089,0,0,0,0,11.0,0,0,0,0,0,0.0,0,0,0,0,3.205,0,4.926,0,0,0,0,0,0,4.818,7.813,0,0,0,0,0,0,0,0,0.0,0,0,0.0,0,0,0,0,0,0,0,0.0,5.708,0,0,0,0,0,0,0,0,0,0,0,2.464,0,0,0,0,0,0,0,0,0,0,0,0.0,0,0,0,0,0,0,0,0,0,0,4.174,0.0,3.534,0,0,0,0,0,0,0,0,0,0,0,0,0,0,0,0,0,3.487,0,0,4.171,2.921,0.0,0,0,0,0,0,0,0,0,0,0,0,0,3.097,0,0,0,0,0,0,0,0.0,0.0,0,0,0,0
186,2022-08-02 22:30:00,33.33,-68.637,0,0,0,0,275.0,90.454,0,68.637,68.637,25,15,25,0,0,4.365,0,0.0,3.089,0,0,0,0,11.0,0,0,0,0,0,0.0,0,0,0,0,3.205,0,4.926,0,0,0,0,0,0,4.818,7.813,0,0,0,0,0,0,0,0,0.0,0,0,0.0,0,0,0,0,0,0,0,0.0,5.708,0,0,0,0,0,0,0,0,0,0,0,2.464,0,0,0,0,0,0,0,0,0,0,0,0.0,0,0,0,0,0,0,0,0,0,0,4.038,0.0,3.534,0,0,0,0,0,0,0,0,0,0,0,0,0,0,0,0,0,3.487,0,0,4.171,2.921,0.0,0,0,0,0,0,0,0,0,0,0,0,0,3.097,0,0,0,0,0,0,0,0.0,0.0,0,0,0,0
187,2022-08-02 22:45:00,33.33,-63.965,0,0,0,0,286.0,85.781,0,63.965,63.965,26,15,26,0,0,4.365,0,0.0,3.089,0,0,0,0,11.0,0,0,0,0,0,0.0,0,0,0,0,3.205,0,4.926,0,0,0,0,3.301,0,4.818,3.878,0,0,0,0,0,0,0,0,0.0,0,0,0.0,0,0,0,0,0,0,0,0.0,5.708,0,0,0,0,0,0,0,0,0,0,0,2.464,0,0,0,0,0,0,0,0,0,0,0,0.0,0,0,0,0,0,0,0,0,0,0,0.0,0.0,3.534,0,0,0,0,0,0,0,0,0,0,0,0,0,0,0,0,0,3.487,0,0,4.171,2.921,0.0,0,0,0,0,0,0,0,0,0,0,0,0,3.097,0,0,0,0,0,0,0,0.0,0.0,0,0,0,0
188,2022-08-02 23:00:00,32.05,-74.632,0,0,0,0,286.0,96.449,0,74.632,74.632,26,16,26,0,0,4.365,0,0.0,3.089,0,0,0,0,11.0,0,0,0,0,0,0.0,0,0,0,0,3.205,0,4.926,0,0,0,0,3.301,0,4.818,7.813,0,0,0,0,0,0,0,0,0.0,0,0,0.0,0,0,0,0,0,0,0,0.0,5.708,0,0,0,0,0,0,0,0,0,0,0,2.464,0,0,0,0,0,0,0,0,0,0,0,0.0,0,0,0,0,0,0,0,0,0,0,6.732,0.0,3.534,0,0,0,0,0,0,0,0,0,0,0,0,0,0,0,0,0,3.487,0,0,4.171,2.921,0.0,0,0,0,0,0,0,0,0,0,0,0,0,3.097,0,0,0,0,0,0,0,0.0,0.0,0,0,0,0
189,2022-08-02 23:15:00,32.05,-84.945,0,0,0,0,308.0,106.761,0,84.945,84.945,28,16,28,0,0,4.365,0,0.0,3.089,0,0,0,0,11.0,0,0,0,0,0,0.0,0,0,0,0,3.205,0,4.926,0,0,0,0,3.301,0,4.818,11.0,0,0,0,0,0,0,0,0,0.0,0,0,0.0,0,0,0,0,0,0.0,0,0.0,5.708,0,0.0,0,0,0,0,0,0,0,0,0,2.464,0,0,0,0,0,0,0,0,0,0,0,0.0,0,0,0,0,0,0,0,0,0,0,11.0,0.0,6.392,0,0,0,0,0,0,0,0,0,0,0,0,0,0,0,0,0,3.487,0,0,4.171,2.921,0.0,0,0,0,0,0,0,0,0,0,0,0,0,3.097,0,0,0,0,0,0,0,0.0,0.0,0,0,0,0
190,2022-08-02 23:30:00,32.05,-83.995,0,0,0,0,308.0,105.811,0,83.995,83.995,28,16,28,0,0,4.365,0,0.0,3.089,0,0,0,0,11.0,0,0,0,0,0,0.0,0,0,0,0,3.205,0,4.926,0,0,0,0,3.301,0,4.818,11.0,0,0,0,0,0,0,0,0,0.0,0,0,0.0,0,0,0,0,0,0.0,0,0.0,5.708,0,0.0,0,0,0,0,0,0,0,0,0,2.464,0,0,0,0,0,0,0,0,0,0,0,0.0,0,0,0,0,0,0,0,0,0,0,11.0,0.0,5.442,0,0,0,0,0,0,0,0,0,0,0,0,0,0,0,0,0,3.487,0,0,4.171,2.921,0.0,0,0,0,0,0,0,0,0,0,0,0,0,3.097,0,0,0,0,0,0,0,0.0,0.0,0,0,0,0
191,2022-08-02 23:45:00,32.05,-89.809,0,0,0,0,319.0,111.625,0,89.809,89.809,29,16,29,0,0,4.365,0,0.0,3.345,0,0,0,0,11.0,0,0,0,0,0,0.0,0,0,0,0,3.205,0,4.926,0,0,0,0,3.301,0,4.818,11.0,0,0,0,0,0,0,0,0,0.0,0,0,0.0,0,0,0,0,0,0.0,0,0.0,5.708,0,0.0,0,0,0,0,0,0,0,0,0,2.464,0,0,0,0,0,0,0,0,0,0,0,0.0,0,0,0,0,0,0,0,0,0,0,11.0,0.0,11.0,0,0,0,0,0,0,0,0,0,0,0,0,0,0,0,0,0,3.487,0,0,4.171,2.921,0.0,0,0,0,0,0,0,0,0,0,0,0,0,3.097,0,0,0,0,0,0,0,0.0,0.0,0,0.0,0,0
192,2022-08-03 00:00:00,36.07,-88.628,0,0,0,0,319.0,110.444,0,88.628,88.628,29,16,29,0,0,4.365,0,0.0,3.089,0,0,0,0,11.0,0,0,0,0,0,0.0,0,0,0,0,3.205,0,4.926,0,0,0,0,3.301,0,4.818,11.0,0,0,0,0,0,0,0,0,0.0,0,0,0.0,0,0,0,0,0,0.0,0,0.0,5.708,0,0.0,0,0,0,0,0,0,0,0,0,2.464,0,0,0,0,0,0,0,0,0,0,0,0.0,0,0,0,0,0,0,0,0,0,0,11.0,0.0,10.075,0,0,0,0,0,0,0,0,0,0,0,0,0,0,0,0,0,3.487,0,0,4.171,2.921,0.0,0,0,0,0,0,0,0,0,0,0,0,0,3.097,0,0,0,0,0,0,0,0.0,0.0,0,0.0,0,0
193,2022-08-03 00:15:00,36.07,-89.604,0,0,0,0,330.0,111.42,0,89.604,89.604,30,16,30,0,0,4.365,0,0.0,3.14,0,0,0,0,11.0,0,0,0,0,0,0.0,0,0,0,0,3.205,0,4.926,0,0,0,0,3.301,0,4.818,11.0,0,0,0,0,0,0,0,0,0.0,0,0,0.0,0,0,0,0,0,0.0,0,0.0,5.708,0,0.0,0,0,0,0,0,0,0,0,0,2.464,0,0,0,0,0,0,0,0,0,0,0,0.0,0,0,0,0,0,0,0,0,0,0,11.0,0.0,11.0,0,0,0,0,0,0,0,0,0,0,0,0,0.0,0,0,0,0,3.487,0,0,4.171,2.921,0.0,0,0,0,0,0,0,0,0,0,0,0,0,3.097,0,0,0,0,0,0,0,0.0,0.0,0,0.0,0,0
194,2022-08-03 00:30:00,36.07,-94.777,0,0,0,0,330.0,116.593,0,94.777,94.777,30,16,30,0,0,4.365,0,0.0,8.313,0,0,0,0,11.0,0,0,0,0,0,0.0,0,0,0,0,3.205,0,4.926,0,0,0,0,3.301,0,4.818,11.0,0,0,0,0,0,0,0,0,0.0,0,0,0.0,0,0,0,0,0,0.0,0,0.0,5.708,0,0.0,0,0,0,0,0,0,0,0,0,2.464,0,0,0,0,0,0,0,0,0,0,0,0.0,0,0,0,0,0,0,0,0,0,0,11.0,0.0,11.0,0,0,0,0,0,0,0,0,0,0,0,0,0.0,0,0,0,0,3.487,0,0,4.171,2.921,0.0,0,0,0,0,0,0,0,0,0,0,0,0,3.097,0,0,0,0,0,0,0,0.0,0.0,0,0.0,0,0
195,2022-08-03 00:45:00,36.07,-95.772,0,0,0,0,330.0,119.637,0,95.772,95.772,30,16,30,0,0,4.365,0,0.0,11.0,0,0,0,0,11.0,0,0,0,0,0,0.0,0,0,0,0,3.205,0,4.926,0,0,0,0,3.301,0,4.818,11.0,0,0,0,0,0,0,0,0,0.0,0,0,0.0,0,0,0,0,0,0.0,0,0.0,5.708,0,0.0,0,0,0,0,0,0,0,0,0,2.821,0,0,0,0,0,0,0,0,0,0,0,0.0,0,0,0,0,0,0,0,0,0,0,8.951,0.0,11.0,0,0,0,0,0,0,0,0,0,0,0,0,0.0,0,0,0,0,3.487,0,0,4.171,2.921,0.0,0,0,0,0,0,0,0,0,0,0,0,0,3.097,0,0,0,0,0,0,0,0.0,0.0,0,0.0,0,0
196,2022-08-03 01:00:00,36.32,-90.646,0,0,0,0,330.0,123.462,0,90.646,90.646,30,15,30,0,0,4.365,0,0.0,11.0,0,0,0,0,11.0,0,0,0,0,0,0.0,0,0,0,0,3.205,0,4.926,0,0,0,0,3.301,0,4.818,11.0,0,0,0,0,0,0,0,0,0.0,0,0,0.0,0,0,0,0,0,0.0,0,0.0,5.708,0,0.0,0,0,0,0,0,0,0,0,0,6.646,0,0,0,0,0,0,0,0,0,0,0,0.0,0,0,0,0,0,0,0,0,0,0,0.0,0.0,11.0,0,0,0,0,0,0,0,0,0,0,0,0,0.0,0,0,0,0,3.487,0,0,4.171,2.921,0.0,0,0,0,0,0,0,0,0,0,0,0,0,3.097,0,0,0,0,0,0,0,0.0,0.0,0,0.0,0,0
197,2022-08-03 01:15:00,36.32,-89.755,0,0,0,0,330.0,122.571,0,89.755,89.755,30,15,30,0,0,4.365,0,0.0,11.0,0,0,0,0,11.0,0,0,0,0,0,0.0,0,0,0,0,3.205,0,4.926,0,0,0,0,3.301,0,4.818,11.0,0,0,0,0,0,0,0,0,0.0,0,0,0.0,0,0,0,0,0,0.0,0,0.0,5.708,0,0.0,0,0,0,0,0,0,0,0,0,5.755,0,0,0,0,0,0,0,0,0,0,0,0.0,0,0,0,0,0,0,0,0,0,0,0.0,0.0,11.0,0,0,0,0,0,0,0,0,0,0,0,0,0.0,0,0,0,0,3.487,0,0,4.171,2.921,0.0,0,0,0,0,0,0,0,0,0,0,0,0,3.097,0,0,0,0,0,0,0,0.0,0.0,0,0.0,0,0
198,2022-08-03 01:30:00,36.32,-89.549,0,0,0,0,330.0,122.365,0,89.549,89.549,30,15,30,0,0,4.365,0,0.0,11.0,0,0,0,0,11.0,0,0,0,0,0,0.0,0,0,0,0,3.205,0,4.926,0,0,0,0,3.301,0,4.818,11.0,0,0,0,0,0,0,0,0,0.0,0,0,0.0,0,0,0,0,0,0.0,0,0.0,5.708,0,0.0,0,0,0,0,0,0,0,0,0,5.549,0,0,0,0,0,0,0,0,0,0,0,0.0,0,0,0,0,0,0,0,0,0,0,0.0,0.0,11.0,0,0,0,0,0,0,0,0,0,0,0,0,0.0,0,0,0,0,3.487,0,0,4.171,2.921,0.0,0,0,0,0,0,0,0,0,0,0,0,0,3.097,0,0,0,0,0,0,0,0.0,0.0,0,0.0,0,0
199,2022-08-03 01:45:00,36.32,-86.025,0,0,0,0,330.0,124.428,0,86.025,86.025,30,15,30,0,0,4.365,0,0.0,11.0,0,0,0,0,11.0,0,0,0,0,0,0.0,0,0,0,0,3.205,0,4.926,0,0,0,0,3.301,0,4.818,11.0,0,0,0,0,0,0,0,0,0.0,0,0,0.0,0,0,0,0,0,0.0,0,0.0,5.708,0,0.0,0,0,0,0,0,0,0,0,0,7.612,0,0,0,0,0,0,0,0,0,0,0,0.0,0,0,0,0,0,0,0,0,0,0,0.0,0.0,5.413,0,0,0,0,0,0,0,0,0,0,0,0,0.0,0,0,0,0,3.487,0,0,4.171,2.921,0.0,0,0,0,0,0,0,0,0,0,0,0,0,3.097,0,0,0,0,0,0,0,0.0,0.0,0,0.0,0,0
200,2022-08-03 02:00:00,30.99,-80.577,0,0,0,0,330.0,125.218,0,80.577,80.577,30,14,30,0,0,4.365,0,0.0,11.0,0,0,0,0,11.0,0,0,0,0,0,0.0,0,0,0,0,3.205,0,4.926,0,0,0,0,3.301,0,4.818,10.174,0,0,0,0,0,0,0,0,0.0,0,0,0.0,0,0,0,0,0,0.0,0,0.0,5.708,0,0.0,0,0,0,0,0,0,0,0,0,8.402,0,0,0,0,0,0,0,0,0,0,0,0.0,0,0,0,0,0,0,0,0,0,0,0.0,0.0,0.0,0,0,0,0,0,0,0,0,0,0,0,0,0.0,0,0,0,0,3.487,0,0,4.171,2.921,0.0,0,0,0,0,0,0,0,0,0,0,0,0,3.097,0,0,0,0,0,0,0,0.0,0.0,0,0.0,0,0
201,2022-08-03 02:15:00,30.99,-69.781,0,0,0,0,330.0,124.597,0,69.781,69.781,30,13,30,0,0,4.365,0,0.0,11.0,0,0,0,0,11.0,0,0,0,0,0,0.0,0,0,0,0,3.205,0,4.926,0,0,0,0,3.301,0,4.818,0.0,0,0,0,0,0,0,0,0,0.0,0,0,0.0,0,0,0,0,0,0.0,0,0.0,5.708,0,0.0,0,0,0,0,0,0,0,0,0,7.781,0,0,0,0,0,0,0,0,0,0,0,0.0,0,0,0,0,0,0,0,0,0,0,0.0,0.0,0.0,0,0,0,0,0,0,0,0,0,0,0,0,0.0,0,0,0,0,3.487,0,0,4.171,2.921,0.0,0,0,0,0,0,0,0,0,0,0,0,0,3.097,0,0,0,0,0,0,0,0.0,0.0,0,0.0,0,0
202,2022-08-03 02:30:00,30.99,-73.139,0,0,0,0,330.0,127.955,0,73.139,73.139,30,13,30,0,0,4.365,0,0.0,11.0,0,0,0,0,11.0,0,0,0,0,0,0.0,0,0,0,0,3.344,0,4.926,0,0,0,0,3.301,0,4.818,0.0,0,0,0,0,0,0,0,0,0.0,0,0,0.0,0,0,0,0,0,0.0,0,0.0,5.708,0,0.0,0,0,0,0,0,0,0,0,0,11.0,0,0,0,0,0,0,0,0,0,0,0,0.0,0,0,0,0,0,0,0,0,0,0,0.0,0.0,0.0,0,0,0,0,0,0,0,0,0,0,0,0,0.0,0,0,0,0,3.487,0,0,4.171,2.921,0.0,0,0,0,0,0,0,0,0,0,0,0,0,3.097,0,0,0,0,0,0,0,0.0,0.0,0,0.0,0,0
203,2022-08-03 02:45:00,30.99,-73.389,0,0,0,0,330.0,128.205,0,73.389,73.389,30,13,30,0,0,4.365,0,0.0,11.0,0,0,0,0,11.0,0,0,0,0,0,0.0,0,0,0,0,3.594,0,4.926,0,0,0,0,3.301,0,4.818,0.0,0,0,0,0,0,0,0,0,0.0,0,0,0.0,0,0,0,0,0,0.0,0,0.0,5.708,0,0.0,0,0,0,0,0,0,0,0,0,11.0,0,0,0,0,0,0,0,0,0,0,0,0.0,0,0,0,0,0,0,0,0,0,0,0.0,0.0,0.0,0,0,0,0,0,0,0,0,0,0,0,0,0.0,0,0,0,0,3.487,0,0,4.171,2.921,0.0,0,0,0,0,0,0,0,0,0,0,0,0,3.097,0,0,0,0,0,0,0,0.0,0.0,0,0.0,0,0
204,2022-08-03 03:00:00,30.97,-74.958,0,0,0,0,330.0,130.482,0,74.958,74.958,30,14,30,0,0,4.365,0,0.0,11.0,0,0,0,0,11.0,0,0,0,0,0,0.0,0,0,0,0,3.623,0,4.926,0,0,0,0,3.301,0,4.818,0.0,0,0,0,0,0,0,0,0,0.0,0,0,1.54,0,0,0,0,0,0.0,0,0.0,5.708,0,0.0,0,0,0,0,0,0,0,0,0,11.0,0,0,0,0,0,0,0,0,0,0,0,0.0,0,0,0,0,0,0,0,0,0,0,0.0,0.0,0.0,0,0,0,0,0,0,0,0,0,0,0,0,0.0,0,0,0,0,3.487,0,0,4.171,2.921,0.0,0,0,0,0,0,0,0,0,0,0,0,0,3.097,0,0,0,0,0,0,0,0.0,0.0,0,0.0,0,0
205,2022-08-03 03:15:00,30.97,-75.357,0,0,0,0,330.0,130.881,0,75.357,75.357,30,14,30,0,0,4.365,0,0.0,11.0,0,0,0,0,11.0,0,0,0,0,0,0.0,0,0,0,0,3.623,0,4.926,0,0,0,0,3.301,0,4.818,0.0,0,0,0,0,0,0,0,0,0.0,0,0,1.939,0,0,0,0,0,0.0,0,0.0,5.708,0,0.0,0,0,0,0,0,0,0,0,0,11.0,0,0,0,0,0,0,0,0,0,0,0,0.0,0,0,0,0,0,0,0,0,0,0,0.0,0.0,0.0,0,0,0,0,0,0,0,0,0,0,0,0,0.0,0,0,0,0,3.487,0,0,4.171,2.921,0.0,0,0,0,0,0,0,0,0,0,0,0,0,3.097,0,0,0,0,0,0,0,0.0,0.0,0,0.0,0,0
206,2022-08-03 03:30:00,30.97,-74.916,0,0,0,0,330.0,130.44,0,74.916,74.916,30,14,30,0,0,4.365,0,0.0,11.0,0,0,0,0,11.0,0,0,0,0,0,0.0,0,0,0,0,3.623,0,4.926,0,0,0,0,3.301,0,4.818,0.0,0,0,0,0,0,0,0,0,0.0,0,0,1.498,0,0,0,0,0,0.0,0,0.0,5.708,0,0.0,0,0,0,0,0,0,0,0,0,11.0,0,0,0,0,0,0,0,0,0,0,0,0.0,0,0,0,0,0,0,0,0,0,0,0.0,0.0,0.0,0,0,0,0,0,0,0,0,0,0,0,0,0.0,0,0,0,0,3.487,0,0,4.171,2.921,0.0,0,0,0,0,0,0,0,0,0,0,0,0,3.097,0,0,0,0,0,0,0,0.0,0.0,0,0.0,0,0
207,2022-08-03 03:45:00,30.97,-73.418,0,0,0,0,330.0,129.751,0,73.418,73.418,30,13,30,0,0,4.365,0,0.0,11.0,0,0,0,0,11.0,0,0,0,0,0,0.0,0,0,0,0,3.623,0,4.926,0,0,0,0,3.301,0,4.818,0.0,0,0,0,0,0,0,0,0,0.0,0,0,0.0,0,0,0,0,0,0.0,0,0.0,5.708,0,0.0,0,0,0,0,0,0,0,0,0,11.0,0,0,0,0,0,0,0,0,0,0,0,0.0,0,0,0,0,0,0,0,0,0,0,0.0,0.0,0.0,0,0,0,0,0,0,0,0,0,0,0,0,0.0,0,0,0,0,3.487,0,0,4.171,2.921,0.0,0,0,0,0,0,0,0,0,0,0,0,0,3.097,0,0,0,0,0,0,0,0.0,0.0,0,0.0,0,0
208,2022-08-03 04:00:00,35.64,-69.079,0,0,0,0,319.0,128.48,0,69.079,69.079,29,12,29,0,0,4.365,0,0.0,11.0,0,0,0,0,10.145,0,0,0,0,0,0.0,0,0,0,0,3.623,0,0,0,0,0,0,8.227,0,4.818,0.0,0,0,0,0,0,0,0,0,0.0,0,0,0.0,0,0,0,0,0,0.0,0,0.0,5.708,0,0.0,0,0,0,0,0,0,0,0,0,7.516,0,0,0,0,0,0,0,0,0,0,0,0.0,0,0,0,0,0,0,0,0,0,0,0.0,0.0,0.0,0,0,0,0,0,0,0,0,0,0,0,0,0.0,0,0,0,0,3.487,0,0,4.171,2.921,0.0,0,0,0,0,0,0,0,0,0,0,0,0,3.097,0,0,0,0,0,0,0,0.0,0.0,0,0.0,0,0
209,2022-08-03 04:15:00,35.64,-62.418,0,0,0,0,308.0,128.968,0,62.418,62.418,28,11,28,0,0,4.365,0,0.0,11.0,0,0,0,0,0,0,0,0,0,0,0.0,0,0,0,0,3.623,0,0,0,0,0,0,8.227,0,4.818,0.0,0,0,0,0,0,0,0,0,0.0,0,0,11.0,0,0,0,0,0,0.0,0,0.0,5.708,0,0.0,0,0,0,0,0,0,0,0,0,0.0,0,0,0,0,0,0,0,0,0,0,0,0.0,0,0,0,0,0,0,0,0,0,0,0.0,0.0,0.0,0,0,0,0,0,0,0,0,0,0,0,0,0.0,0,0,0,0,3.487,0,0,4.171,2.921,0.0,0,0,0,0,0,0,0,0,0,0,0,0,3.097,0,0,0,0,0,0,0,0.0,0.0,0,0.0,0,0
210,2022-08-03 04:30:00,35.64,-63.966,0,0,0,0,308.0,129.781,0,63.966,63.966,28,12,28,0,0,4.365,0,0.0,11.0,0,0,0,0,0,0,0,0,0,0,0.0,0,0,0,0,3.623,0,0,0,0,0,0,8.227,0,4.818,0.0,0,0,0,0,0,0,0,0,0.0,0,0,11.0,0,0,0,0,0,0.0,0,1.548,5.708,0,0.0,0,0,0,0,0,0,0,0,0,0.0,0,0,0,0,0,0,0,0,0,0,0,0.0,0,0,0,0,0,0,0,0,0,0,0.0,0.0,0.0,0,0,0,0,0,0,0,0,0,0,0,0,0.0,0,0,0,0,3.487,0,0,4.171,2.921,0.0,0,0,0,0,0,0,0,0,0,0,0,0,3.097,0,0,0,0,0,0,0,0.0,0.0,0,0.0,0,0
211,2022-08-03 04:45:00,35.64,-73.979,0,0,0,0,297.0,128.795,0,73.979,73.979,27,12,27,0,0,4.365,0,0.0,11.0,0,0,0,0,0,0,0,0,0,0,0.0,0,0,0,0,4.184,0,0,0,0,0,0,8.227,0,4.818,0,0,0,0,0,0,0,0,0,0.0,0,0,11.0,0,0,0,0,0,0.0,0,11.0,5.708,0,0.0,0,0,0,0,0,0,0,0,0,0.0,0,0,0,0,0,0,0,0,0,0,0,0.0,0,0,0,0,0,0,0,0,0,0,0.0,0.0,0.0,0,0,0,0,0,0,0,0,0,0,0,0,0.0,0,0,0,0,3.487,0,0,4.171,2.921,0.0,0,0,0,0,0,0,0,0,0,0,0,0,3.097,0,0,0,0,0,0,0,0.0,0.0,0,0.0,0,0
212,2022-08-03 05:00:00,35.73,-68.301,0,0,0,0,297.0,123.13,0,68.301,68.301,27,12,27,0,0,4.365,0,0.0,11.0,0,0,0,0,0,0,0,0,0,0,0.0,0,0,0,0,3.623,0,0,0,0,0,0,8.227,0,4.818,0,0,0,0,0,0,0,0,0,0.0,0,0,11.0,0,0,0,0,0,0.0,0,5.897,5.694,0,0.0,0,0,0,0,0,0,0,0,0,0.0,0,0,0,0,0,0,0,0,0,0,0,0.0,0,0,0,0,0,0,0,0,0,0,0.0,0.0,0.0,0,0,0,0,0,0,0,0,0,0,0,0,0.0,0,0,0,0,3.487,0,0,4.171,2.921,0.0,0,0,0,0,0,0,0,0,0,0,0,0,3.097,0,0,0,0,0,0,0,0.0,0.0,0,0.0,0,0
213,2022-08-03 05:15:00,35.73,-77.3,0,0,0,0,264.0,121.116,0,77.3,77.3,24,10,24,0,0,11.0,0,0.0,11.0,0,0,0,0,0,0,0,0,0,0,0.0,0,0,0,0,7.505,0,0,0,0,0,0,10.397,0,4.818,0,0,0,0,0,0,0,0,0,0.0,0,0,11.0,0,0,0,0,0,0.0,0,11.0,0,0,0.0,0,0,0,0,0,0,0,0,0,0.0,0,0,0,0,0,0,0,0,0,0,0,0.0,0,0,0,0,0,0,0,0,0,0,0.0,0.0,0,0,0,0,0,0,0,0,0,0,0,0,0,0.0,0,0,0,0,3.487,0,0,4.171,2.921,0.0,0,0,0,0,0,0,0,0,0,0,0,0,0,0,0,0,0,0,0,0,0.0,0.0,0,0.0,0,0
214,2022-08-03 05:30:00,35.73,-66.381,0,0,0,0,253.0,110.204,0,66.381,66.381,23,9,23,0,0,11.0,0,0.0,11.0,0,0,0,0,0,0,0,0,0,0,0.0,0,0,0,0,3.623,0,0,0,0,0,0,10.389,0,4.818,0,0,0,0,0,0,0,0,0,0.0,0,0,11.0,0,0,0,0,0,0.0,0,3.971,0,0,0.0,0,0,0,0,0,0,0,0,0,0.0,0,0,0,0,0,0,0,0,0,0,0,0.0,0,0,0,0,0,0,0,0,0,0,0.0,0.0,0,0,0,0,0,0,0,0,0,0,0,0,0,0.0,0,0,0,0,3.487,0,0,0,7.092,0.0,0,0,0,0,0,0,0,0,0,0,0,0,0,0,0,0,0,0,0,0,0.0,0.0,0,0.0,0,0
215,2022-08-03 05:45:00,35.73,-65.994,0,0,0,0,231.0,98.819,0,65.994,65.994,21,8,21,0,0,11.0,0,0.0,11.0,0,0,0,0,0,0,0,0,0,0,0.0,0,0,0,0,11.0,0,0,0,0,0,0,0,0,4.808,0,0,0,0,0,0,0,0,0,0.0,0,0,11.0,0,0,0,0,0,0.0,0,2.983,0,0,0.0,0,0,0,0,0,0,0,0,0,0,0,0,0,0,0,0,0,0,0,0,0,0.0,0,0,0,0,0,0,0,0,0,0,0.0,0.0,0,0,0,0,0,0,0,0,0,0,0,0,0,0.0,0,0,0,0,3.487,0,0,0,10.715,0.0,0,0,0,0,0,0,0,0,0,0,0,0,0,0,0,0,0,0,0,0,0.0,0.0,0,0.0,0,0
216,2022-08-03 06:00:00,39.03,-66.0,0,0,0,0,198.0,89.097,0,66.0,66.0,18,6,18,0,0,11.0,0,0.0,11.0,0,0,0,0,0,0,0,0,0,0,0.0,0,0,0,0,11.0,0,0,0,0,0,0,0,0,0,0,0,0,0,0,0,0,0,0,0.0,0,0,11.0,0,0,0,0,0,0.0,0,11.0,0,0,0.0,0,0,0,0,0,0,0,0,0,0,0,0,0,0,0,0,0,0,0,0,0,0.0,0,0,0,0,0,0,0,0,0,0,0,0.0,0,0,0,0,0,0,0,0,0,0,0,0,0,0.0,0,0,0,0,0,0,0,0,11.0,0.0,0,0,0,0,0,0,0,0,0,0,0,0,0,0,0,0,0,0,0,0,0.0,0.0,0,0.0,0,0
217,2022-08-03 06:15:00,39.03,-76.998,0,0,0,0,165.0,77.0,0,76.998,76.998,15,7,15,0,0,10.998,0,0.0,11.0,0,0,0,0,0,0,0,0,0,0,0.0,0,0,0,0,11.0,0,0,0,0,0,0,0,0,0,0,0,0,0,0,0,0,0,0,0,0,0,11.0,0,0,0,0,0,0.0,0,11.0,0,0,0.0,0,0,0,0,0,0,0,0,0,0,0,0,0,0,0,0,0,0,0,0,0,0,0,0,0,0,0,0,0,0,0,0,0,0.0,0,0,0,0,0,0,0,0,0,0,0,0,0,0.0,0,0,0,0,0,0,0,0,0,11.0,0,0,0,0,0,0,0,0,0,0,0,0,0,0,0,0,0,0,0,0,11.0,0.0,0,0.0,0,0
218,2022-08-03 06:30:00,39.03,-59.493,0,0,0,0,132.0,59.493,0,59.493,59.493,12,6,12,0,0,0,0,4.493,0,0,0,0,0,0,0,0,0,0,0,0.0,0,0,0,0,0,0,0,0,0,0,0,0,0,0,0,0,0,0,0,0,0,0,0,0,0,0,11.0,0,0,0,0,0,0.0,0,11.0,0,0,0.0,0,0,0,0,0,0,0,0,0,0,0,0,0,0,0,0,0,0,0,0,0,0,0,0,0,0,0,0,0,0,0,0,0,0.0,0,0,0,0,0,0,0,0,0,0,0,0,0,0.0,0,0,0,0,0,0,0,0,0,11.0,0,0,0,0,0,0,0,0,0,0,0,0,0,0,0,0,0,0,0,0,11.0,11.0,0,0.0,0,0
219,2022-08-03 06:45:00,39.03,-63.169,0,0,0,0,132.0,63.169,0,63.169,63.169,12,6,12,0,0,0,0,8.169,0,0,0,0,0,0,0,0,0,0,0,0.0,0,0,0,0,0,0,0,0,0,0,0,0,0,0,0,0,0,0,0,0,0,0,0,0,0,0,11.0,0,0,0,0,0,0.0,0,11.0,0,0,0.0,0,0,0,0,0,0,0,0,0,0,0,0,0,0,0,0,0,0,0,0,0,0,0,0,0,0,0,0,0,0,0,0,0,0.0,0,0,0,0,0,0,0,0,0,0,0,0,0,0.0,0,0,0,0,0,0,0,0,0,11.0,0,0,0,0,0,0,0,0,0,0,0,0,0,0,0,0,0,0,0,0,11.0,11.0,0,0.0,0,0
220,2022-08-03 07:00:00,51.7,-62.762,0,0,0,0,132.0,62.762,0,62.762,62.762,12,6,12,0,0,0,0,7.762,0,0,0,0,0,0,0,0,0,0,0,0.0,0,0,0,0,0,0,0,0,0,0,0,0,0,0,0,0,0,0,0,0,0,0,0,0,0,0,11.0,0,0,0,0,0,0.0,0,11.0,0,0,0.0,0,0,0,0,0,0,0,0,0,0,0,0,0,0,0,0,0,0,0,0,0,0,0,0,0,0,0,0,0,0,0,0,0,0.0,0,0,0,0,0,0,0,0,0,0,0,0,0,0.0,0,0,0,0,0,0,0,0,0,11.0,0,0,0,0,0,0,0,0,0,0,0,0,0,0,0,0,0,0,0,0,11.0,11.0,0,0.0,0,0
221,2022-08-03 07:15:00,51.7,-66.0,0,0,0,0,132.0,66.0,0,66.0,66.0,12,6,12,0,0,0,0,11.0,0,0,0,0,0,0,0,0,0,0,0,0.0,0,0,0,0,0,0,0,0,0,0,0,0,0,0,0,0,0,0,0,0,0,0,0,0,0,0,11.0,0,0,0,0,0,0.0,0,11.0,0,0,0.0,0,0,0,0,0,0,0,0,0,0,0,0,0,0,0,0,0,0,0,0,0,0,0,0,0,0,0,0,0,0,0,0,0,0.0,0,0,0,0,0,0,0,0,0,0,0,0,0,0.0,0,0,0,0,0,0,0,0,0,11.0,0,0,0,0,0,0,0,0,0,0,0,0,0,0,0,0,0,0,0,0,11.0,11.0,0,0.0,0,0
222,2022-08-03 07:30:00,51.7,-58.939,0,0,0,0,132.0,66.0,0,58.939,58.939,12,6,12,0,0,0,0,11.0,0,0,0,0,0,0,0,0,0,0,0,0.0,0,0,0,0,0,0,0,0,0,0,0,0,0,0,0,0,0,0,0,0,0,0,0,0,0,0,3.939,0,0,0,0,0,0.0,0,11.0,0,0,0.0,0,0,0,0,0,0,0,0,0,0,0,0,0,0,0,0,0,0,0,0,0,0,0,0,0,0,0,0,0,0,0,0,0,0.0,0,0,0,0,0,0,0,0,0,0,0,0,0,0.0,0,0,0,0,0,0,0,0,0,11.0,0,0,0,0,0,0,0,0,0,0,0,0,0,0,0,0,0,0,0,0,11.0,11.0,0,0.0,0,0
223,2022-08-03 07:45:00,51.7,-55.0,0,0,0,0,132.0,66.0,0,55.0,55.0,12,5,12,0,0,0,0,11.0,0,0,0,0,0,0,0,0,0,0,0,0.0,0,0,0,0,0,0,0,0,0,0,0,0,0,0,0,0,0,0,0,0,0,0,0,0,0,0,0.0,0,0,0,0,0,0.0,0,11.0,0,0,0.0,0,0,0,0,0,0,0,0,0,0,0,0,0,0,0,0,0,0,0,0,0,0,0,0,0,0,0,0,0,0,0,0,0,0.0,0,0,0,0,0,0,0,0,0,0,0,0,0,0.0,0,0,0,0,0,0,0,0,0,11.0,0,0,0,0,0,0,0,0,0,0,0,0,0,0,0,0,0,0,0,0,11.0,11.0,0,0.0,0,0
224,2022-08-03 08:00:00,57.98,-55.0,0,0,0,0,132.0,66.48,0,55.0,55.0,12,5,12,0,0,0,0,11.0,0,0,0,0,0,0,0,0,0,0,0,0.0,0,0,0,0,0,0,0,0,0,0,0,0,0,0,0,0,0,0,0,0,0,0,0,0,0,0,0.0,0,0,0,0,0,0.0,0,11.0,0,0,0.0,0,0,0,0,0,0,0,0,0,0,0,0,0,0,0,0,0,0,0,0,0,0,0,0,0,0,0,0,0,0,0,0,0,0.0,0,0,0,0,0,0,0,0,0,0,0,0,0,0.0,0,0,0,0,0,0,0,0,0,11.0,0,0,0,0,0,0,0,0,0,0,0,0,0,0,0,0,0,0,0,0,11.0,11.0,0,0.0,0,0
225,2022-08-03 08:15:00,57.98,-45.317,0,0,0,0,132.0,66.0,0,45.317,45.317,12,5,12,0,0,0,0,11.0,0,0,0,0,0,0,0,0,0,0,0,0.0,0,0,0,0,0,0,0,0,0,0,0,0,0,0,0,0,0,0,0,0,0,0,0,0,0,0,0.0,0,0,0,0,0,0.0,0,1.317,0,0,0.0,0,0,0,0,0,0,0,0,0,0,0,0,0,0,0,0,0,0,0,0,0,0,0,0,0,0,0,0,0,0,0,0,0,0.0,0,0,0,0,0,0,0,0,0,0,0,0,0,0.0,0,0,0,0,0,0,0,0,0,11.0,0,0,0,0,0,0,0,0,0,0,0,0,0,0,0,0,0,0,0,0,11.0,11.0,0,0.0,0,0
226,2022-08-03 08:30:00,57.98,-24.362,0,0,0,0,132.0,66.0,0,24.362,24.362,12,4,12,0,0,0,0,11.0,0,0,0,0,0,0,0,0,0,0,0,0.0,0,0,0,0,0,0,0,0,0,0,0,0,0,0,0,0,0,0,0,0,0,0,0,0,0,0,0.0,0,0,0,0,0,0.0,0,0.0,0,0,0.0,0,0,0,0,0,0,0,0,0,0,0,0,0,0,0,0,0,0,0,0,0,0,0,0,0,0,0,0,0,0,0,0,0,0.0,0,0,0,0,0,0,0,0,0,0,0,0,0,0.0,0,0,0,0,0,0,0,0,0,0.886,0,0,0,0,0,0,0,0,0,0,0,0,0,0,0,0,0,0,0,0,1.476,11.0,0,0.0,0,0
227,2022-08-03 08:45:00,57.98,-25.473,0,0,0,0,121.0,59.606,0,25.473,25.473,11,3,11,0,0,0,0,11.0,0,0,0,0,0,0,0,0,0,0,0,0.0,0,0,0,0,0,0,0,0,0,0,0,0,0,0,0,0,0,0,0,0,0,0,0,0,0,0,0.0,0,0,0,0,0,0.0,0,0.0,0,0,0.0,0,0,0,0,0,0,0,0,0,0,0,0,0,0,0,0,0,0,0,0,0,0,0,0,0,0,0,0,0,0,0,0,0,0.0,0,0,0,0,0,0,0,0,0,0,0,0,0,0.0,0,0,0,0,0,0,0,0,0,0.0,0,0,0,0,0,0,0,0,0,0,0,0,0,0,0,0,0,0,0,0,0,10.907,0,3.566,0,0
228,2022-08-03 09:00:00,54.11,-23.543,0,0,0,0,121.0,67.543,0,23.543,23.543,11,3,11,0,0,0,0,11.0,0,0,0,0,0,0,0,0,0,0,0,11.0,0,0,0,0,0,0,0,0,0,0,0,0,0,0,0,0,0,0,0,0,0,0,0,0,0,0,0.0,0,0,0,0,0,0.0,0,0.0,0,0,0.0,0,0,0,0,0,0,0,0,0,0,0,0,0,0,0,0,0,0,0,0,0,0,0,0,0,0,0,0,0,0,0,0,0,0.0,0,0,0,0,0,0,0,0,0,0,0,0,0,0.0,0,0,0,0,0,0,0,0,0,0.0,0,0,0,0,0,0,0,0,0,0,0,0,0,0,0,0,0,0,0,0,0,0.0,0,1.543,0,0
229,2022-08-03 09:15:00,54.11,-55.0,0,0,0,0,121.0,88.0,0,55.0,55.0,11,5,11,0,0,0,0,11.0,0,0,0,0,0,0,0,0,0,0,0,11.0,0,0,0,0,0,0,0,0,0,0,0,0,0,0,0,0,0,0,0,0,0,0,0,0,0,0,0.0,0,0,0,0,0,0.0,0,0.0,0,0,11.0,0,0,0,0,0,0,0,0,0,0,0,0,0,0,0,0,0,0,0,0,0,0,0,0,0,0,0,0,0,0,0,0,0,11.0,0,0,0,0,0,0,0,0,0,0,0,0,0,0.0,0,0,0,0,0,0,0,0,0,0.0,0,0,0,0,0,0,0,0,0,0,0,0,0,0,0,0,0,0,0,0,0,0.0,0,11.0,0,0
230,2022-08-03 09:30:00,54.11,-55.0,0,0,0,0,110.0,88.0,0,55.0,55.0,10,5,10,0,0,0,0,11.0,0,0,0,0,0,0,0,0,0,0,0,11.0,0,0,0,0,0,0,0,0,0,0,0,0,0,0,0,0,0,0,0,0,0,0,0,0,0,0,0,0,0,0,0,0,0.0,0,0.0,0,0,11.0,0,0,0,0,0,0,0,0,0,0,0,0,0,0,0,0,0,0,0,0,0,0,0,0,0,0,0,0,0,0,0,0,0,11.0,0,0,0,0,0,0,0,0,0,0,0,0,0,0.0,0,0,0,0,0,0,0,0,0,0.0,0,0,0,0,0,0,0,0,0,0,0,0,0,0,0,0,0,0,0,0,0,0.0,0,11.0,0,0
231,2022-08-03 09:45:00,54.11,-55.0,0,0,0,0,110.0,88.0,0,55.0,55.0,10,5,10,0,0,0,0,11.0,0,0,0,0,0,0,0,0,0,0,0,11.0,0,0,0,0,0,0,0,0,0,0,0,0,0,0,0,0,0,0,0,0,0,0,0,0,0,0,0,0,0,0,0,0,0.0,0,0.0,0,0,11.0,0,0,0,0,0,0,0,0,0,0,0,0,0,0,0,0,0,0,0,0,0,0,0,0,0,0,0,0,0,0,0,0,0,11.0,0,0,0,0,0,0,0,0,0,0,0,0,0,0.0,0,0,0,0,0,0,0,0,0,0.0,0,0,0,0,0,0,0,0,0,0,0,0,0,0,0,0,0,0,0,0,0,0.0,0,11.0,0,0
232,2022-08-03 10:00:00,53.13,-55.0,0,0,0,0,110.0,88.0,0,55.0,55.0,10,5,10,0,0,0,0,11.0,0,0,0,0,0,0,0,0,0,0,0,11.0,0,0,0,0,0,0,0,0,0,0,0,0,0,0,0,0,0,0,0,0,0,0,0,0,0,0,0,0,0,0,0,0,0.0,0,0.0,0,0,11.0,0,0,0,0,0,0,0,0,0,0,0,0,0,0,0,0,0,0,0,0,0,0,0,0,0,0,0,0,0,0,0,0,0,11.0,0,0,0,0,0,0,0,0,0,0,0,0,0,0.0,0,0,0,0,0,0,0,0,0,0.0,0,0,0,0,0,0,0,0,0,0,0,0,0,0,0,0,0,0,0,0,0,0.0,0,11.0,0,0
233,2022-08-03 10:15:00,53.13,-61.723,0,0,0,0,110.0,83.723,0,61.723,61.723,10,6,10,0,0,0,0,11.0,0,0,0,0,0,0,0,0,0,0,0,11.0,0,0,0,0,0,0,0,0,0,0,0,0,0,0,0,0,0,0,0,0,0,0,0,0,0,0,0,0,0,0,0,0,6.723,0,0,0,0,11.0,0,0,0,0,0,0,0,0,0,0,0.0,0,0,0,0,0,0,0,0,0,0,0,0,0,0,0,0,0,0,0,0,0,0,11.0,0,0,0,0,0,0,0,0,0,0,0,0,0,0.0,0,0,0,0,0,0,0,0,0,0.0,0,0,0,0,0,0,0,0,0,0,0,0,0,0,0,0,0,0,0,0,0,0.0,0,11.0,0,0
234,2022-08-03 10:30:00,53.13,-77.0,0,0,0,0,110.0,99.0,0,77.0,77.0,10,7,10,0,0,0,0,11.0,0,0,0,0,0,0,0,0,0,0,0,11.0,0,0,0,0,0,0,0,0,0,0,0,0,0,0,0,0,0,0,0,0,0,0,0,0,0,0,0,0,0,0,0,0,11.0,0,0,0,0,11.0,0,0,0,0,0,0,0,0,0,0,0.0,0,0,0,0,0,0,0,0,0,0,0,0,0,0,0,0,0,0,0,0,0,0,11.0,0,0,0,0,0,0,0,0,0,0,0,0,0,11.0,0,0,0,0,0,0,0,0,0,0.0,0,0,0,0,0,0,0,0,0,0,0,0,0,0,0,0,0,0,0,0,0,0.0,0,11.0,0,0
235,2022-08-03 10:45:00,53.13,-146.879,0,0,0,0,260.0,168.879,0,146.879,61.622,11,7,10,0,0,0,0,11.0,0,0,0,0,0,0,0,0,0,0,0,11.0,0,0,0,0,0,0,0,0,0,0,0,0,0,0,0,0,0,0,0,0,0,0,0,0,0,0,0,0,0,0,0,0,6.622,0,0,0,0,11.0,0,0,0,0,0,0,0,0,0,0,0.0,0,0,0,0,0,0,0,0,0,0,0,0,0,0,0,0,0,85.257,0,0,0,0,11.0,0,0,0,0,0,0,0,0,0,0,0,0,0,0.0,0,0,0,0,0,0,0,0,0,0.0,0,0,0,0,0,0,0,0,0,0,0,0,0,0,0,0,0,0,0,0,0,0.0,0,11.0,0,0
236,2022-08-03 11:00:00,50.06,-121.961,0,0,0,0,282.0,148.638,0,121.961,48.818,13,6,12,0,0,0,0.0,6.323,0,0,0,0,0,0,0,0,0,0,0,11.0,0,0,0,0,0,0,0,0,0,0,0,0,0,0,0,0,0,0,0,0,0,0,0,0,0,0,0,0,0,0,0,0,0.0,0,0,0,0,11.0,0,0,0,0,0,0,0,0,0,0,0.0,0,0,0,0,0,0,0,0,0,0,0,0,0,0,0,0,0,73.143,0,0,0,0,9.495,0,0,0,0,0,0,0,0,0,0,0,0,0,0.0,0,0,0,0,0,0,0,0,0,0.0,0.0,0,0,0,0,0,0,0,0,0,0,0,0,0,0,0,0,0,0,0,0,0.0,0,11.0,0,0
237,2022-08-03 11:15:00,50.06,-22.9,0,0,0,0,132.0,55.9,0,22.9,22.9,12,3,12,0,0,0,0.0,0.0,0,0,0,0,0,0,0,0,0,0,0,11.0,0,0,0,0,0,0,0,0,0,0,0,0,0,0,0,0,0,0,0,0,0,0,0,0,0,0,0,0,0,0,0,0,0.0,0,0,0,0,0.0,0,0,0,0,0,0,0,0,0,0,0.0,0,0,0,0,0,0,0,0,0,0,0,0,0,0,0,0,0,0,0,0,0,0,7.971,0,0,0,0,0,0,0,0,0,0,0,0,0,0.0,0,0,0,0,0,0,0,0,0,0.0,0.0,0,0,0,0,0,0,0,0,0,0,0,0,0,0,0,0,0,0,0,0,0.0,0,3.929,0,0
238,2022-08-03 11:30:00,50.06,-25.491,0,0,0,0,132.0,58.658,0,25.491,25.491,12,3,12,0,0,0,0.0,0.0,0,0,0,0,0,0,0,0,0,0,0,11.0,0,0,0,0,0,0,0,0,0,0,0,0,0,0,0,0,0,0,0,0,0,0,0,0,0,0,0,0,0,0,0,0,0.0,0,0,0,0,0.0,0,0,0,0,0,0,0,0,0,0,0.0,0,0,0,0,0,0,0,0,0,0,0,0,0,0,0,0,0,0,0,0,0,0,8.764,0,0,0,0,0,0,0,0,0,0,0,0,0,0.0,0,0,0,0,0,0,0,0,0,0.0,0.0,0,0,0,0,0,0,0,0,0,0,0,0,0,0,0,0,0,0,0,0,0.0,0,5.727,0,0
239,2022-08-03 11:45:00,50.06,-22.027,0,0,0,0,132.0,56.961,0,22.027,22.027,12,3,12,0,0,0,0.0,0.0,0,0,0,0,0,0,0,0,0,0,0,11.0,0,0,0,0,0,0,0,0,0,0,0,0,0,0,0,0,0,0,0,0,0,0,0,0,0,0,0,0,0,0,0,0,0.0,0,0,0,0,0.0,0,0,0,0,0,0,0,0,0,0,0.0,0,0,0,0,0,0,0,0,0,0,0,0,0,0,0,0,0,0,0,0,0,0,6.943,0,0,0,0,0,0,0,0,0,0,0,0,0,0.0,0,0,0,0,0,0,0,0,0,0.0,0.0,0,0,0,0,0,0,0,0,0,0,0,0,0,0,0,0,0,0,0,0,0.0,0,4.084,0,0
240,2022-08-03 12:00:00,49.97,-33.0,0,0,0,0,132.0,57.037,0,33.0,33.0,12,3,12,0,0,0,0.0,0.0,0,0,0,0,0,0,0,0,0,0,0,11.0,0,0,0,0,0,0,0,0,0,0,0,0,0,0,0,0,0,0,0,0,0,0,0,0,0,0,0,0,0,0,0,0,0.0,0,0,0,0,11.0,0,0,0,0,0,0,0,0,0,0,0.0,0,0,0,0,0,0,0,0,0,0,0,0,0,0,0,0,0.0,0,0,0,0,0,0.0,0,0,0,0,0,0,0,0,0,0,0,0,0,0.0,0,0,0,0,0,0,0,0,0,0.0,0.0,0,0,0,0,0,0,0,0,0,0,0,0,0,0,0,0,0,0,0,0,0,0,11.0,0,0
241,2022-08-03 12:15:00,49.97,-46.864,0,0,0,0,154.0,75.893,0,46.864,46.864,14,5,14,0,0,0,0.0,0.0,0,0,0,0,0,0,0,0,0,0,0,11.0,0,0,0,0,0,0,0,0,0,0,0,0,0,0,0,0,0,0,0,0,0,0,0,0,0,0,0,0,0,0,0,0,11.0,0,0,0,0,11.0,0,0,0,0,0,0,0,0,0,0,0.0,0,0,0,0,0,0,0,0,0,0,0,0,0,0,0,0,0.0,0,2.864,0,0,0,0.0,0,0,0,0,0,0,0,0,0,0,0,0,0,0.0,0.0,0,0,0,0,0,0,0,0,0.0,0.0,0,0,0,0,0,0,0,0,0,0,0,0,0,0,0,0,0,0,0,0,0,0,11.0,0,0
242,2022-08-03 12:30:00,49.97,-60.354,0,0,0,0,154.0,81.32,0,60.354,60.354,14,7,14,0,0,0,0.0,0.0,0,0,0,0,0,0,0,0,0,0,0,6.768,0,0,0,0,0,0,0,0,0,0,0,0,0,0,0,0,0,0,0,0,0,0,0,0,0,0,0,0,0,0,0,0,11.0,0,0,0,0,11.0,0,0,0,0,0,0,0,0,0,0,0.0,0,0,0,0,0,0,0,0,0,0,0,0,0,0,0,0,0.0,0,8.477,0,0,0,0.0,0,0,0,0,0,0,0,0,0,0,0,0,0,11.0,0.0,0,0,0,0,0,0,0,0,0.0,1.108,0,0,0,0,0,0,0,0,0,0,0,0,0,0,0,0,0,0,0,0,0,0,11.0,0,0
243,2022-08-03 12:45:00,49.97,-88.0,0,0,0,0,165.0,110.0,0,88.0,88.0,15,8,15,0,0,0,11.0,0.0,0,0,0,0,0,0,0,0,0,0,0,0.0,0,0,0,0,0,0,0,0,0,0,0,0,0,0,0,0,0,0,0,0,0,0,0,0,0,0,0,0,0,0,0,0,11.0,0.0,0,0,0,11.0,0,0,0,0,0,0,0,0,0,0,11.0,0,0,0,0,0,0,0,0,0,0,0,0,0,0,0,0,0.0,0,11.0,0,0,0,0.0,0,0,0,0,0,0,0,0,0,0,0,0,0,11.0,0.0,0,0,0,0,0,0,0,0,0.0,11.0,0,0,0,0,0,0,0,0,0,0,0,0,0,0,0,0,0,0,0,0,0,0,11.0,0,0
244,2022-08-03 13:00:00,48.84,-63.702,0,0,0,0,154.0,74.702,0,63.702,63.702,14,7,14,0,0,0,6.334,0.0,0,0,0,0,0,0,0,0,0,0,0,0.0,0,0,0,0,0,0,0,0,0,0,0,0,0,0,0,0,0,0,0,0,0,0,0,0,0,0,0,0,0,0,0,0,11.0,0.0,0,0,0,11.0,0,0,0,0,0,0,0,0,0,0,0.0,0,0,0,0,0,0,0,0,0,0,0,0,0,0,0,0,0.0,0,8.477,0,0,0,0.0,0,0,0,0,0,0,0,0,0,0,0,0,0,11.0,0.0,0,0,0,0,0,0,0,0,0,4.891,0,0,0,0,0,0,0,0,0,0,0,0,0,0,0,0,0,0,0,0,0,0,11.0,0,0
245,2022-08-03 13:15:00,48.84,-51.918,0,0,0,0,154.0,62.918,0,51.918,51.918,14,5,14,0,0,0,0.0,0.0,0,0,0,0,0,0,0,0,0,0,0,0.0,0,0,0,0,0,0,0,0,0,0,0,0,0,0,0,0,0,0,0,0,0,0,0,0,0,0,0,0,0,0,0,0,11.0,0.0,0,0,0,11.0,0,0,0,0,0,0,0,0,0,0,0.0,0,0,0,0,0,0,0,0,0,0,0,0,0,0,0,0,0.0,0,7.918,0,0,0,0.0,0,0,0,0,0,0,0,0,0,0,0,0,0,11.0,0.0,0,0,0,0,0,0,0,0,0,0.0,0,0,0,0,0,0,0,0,0,0,0,0,0,0,0,0,0,0,0,0,0,0,11.0,0,0
246,2022-08-03 13:30:00,48.84,-78.937,0,0,0,0,176.0,98.245,0,78.937,78.937,16,10,16,0,0,0,11.0,0.0,0,0,0,0,0,0,0,0,0,0,0,0.0,0,0,0,0,0,0,0,0,0,0,0,0,0,0,0,0,0,0,0,0,0,0,0,0,0.0,0,0,0,0,0,0,0,11.0,3.757,0,0,0,2.463,0,0,0,0,0,0,0,0,0,0,11.0,0,0,0,0,0,0,0,0,0,0,0,0,0,0,0,0,0.0,0,0,0,0,0,0.0,0,0,0,0,0,8.443,0,0,0,0,0,0,0,11.0,2.089,0,0,0,0,0,0,0,0,0,7.185,0,0,0,0,0,0,0,0,0,0,0,0,0,0,0,0,0,0,0.0,0,0,0,11.0,0,0
247,2022-08-03 13:45:00,48.84,-52.18,0,0,0,0,176.0,74.851,0,52.18,52.18,16,7,16,0,0,0,0.0,0.0,0,0,0,0,0,0,0,0,0,0,0,0.0,0,0,0,0,0,0,0,0,0,0,0,0,0,0,0,0,0,0,0,0,0,0,0,0,0.0,0,0,0,0,0,0,0,11.0,3.757,0,0,0,0.0,0,0,0,0,0,0,0,0,0,0,0.0,0,0,0,0,0,0,0,0,0,0,0,0,0,0,0,0,0.0,0,0,0,0,0,0.0,0,0,0,0,0,8.443,0,0,0,0,0,0,0,11.0,2.089,0,0,0,0,0,0,0,0,0,4.891,0,0,0,0,0,0,0,0,0,0,0,0,0,0,0,0,0,0,0.0,0,0,0,11.0,0,0
248,2022-08-03 14:00:00,50.99,-41.316,0,0,0,0,187.0,63.949,0,41.316,41.316,17,4,17,0,0,0,0.0,0.0,0,0,0,0,0,0,0,0,0,0,0,0.0,0,0,0,0,0,0,0,0,0,0,0,0,0,0,0,0,0,0,0,0,0,0,0,0,0.0,0,0,0,0,0,0,0,11.0,0.0,0,0,0,0.0,0,0,0,0,0,0,0,0,0,0,0.0,0,0,0,0,0,0,0,0,0,0,0,0.0,0,0,0,0,0.0,0,0,0,0,0,0.0,0,0,0,0,0,8.443,0,0,0,0,0,0,0,10.873,0.0,0,0,0,0,0,0,0,0,0,0.0,0,0,0,0,0,0,0,0,0,0,0,0,0,0,0,0,0,0,0.0,0,0,0,11.0,0,0
249,2022-08-03 14:15:00,50.99,-79.915,0,0,0,0,187.0,101.686,0,79.915,79.915,17,9,17,0,0,0,11.0,0.0,0,0,0,0,0,0,0,0,0,0,0,0.0,0,0,0,0,0,0,0,0,0,0,0,0,0,0,0,0,0,0,0,0,0,0,0,0,0.0,0,0,0,0,0,0,0,11.0,3.757,0,0,0,0.0,0,0,0,0,0,0,0,0,0,0,11.0,0,0,0,0,0,0,0,0,0,0,0,0.0,0,0,0,0,0.0,0,0,0,0,0,0.0,0,0,0,0,0,8.443,0,0,0,0,0,0,0,11.0,2.089,0,0,0,0,0,0,0,0,0,10.626,0,0,0,0,0,0,0,0,0,0,0,0,0,0,0,0,0,0,0.0,0,0,0,11.0,0,0
250,2022-08-03 14:30:00,50.99,-71.247,0,0,0,0,187.0,93.019,0,71.247,71.247,17,9,17,0,0,0,8.994,0.0,0,0,0,0,0,0,0,0,0,0,0,0.0,0,0,0,0,0,0,0,0,0,0,0,0,0,0,0,0,0,0,0,0,0,0,0,0,0.0,0,0,0,0,0,0,0,11.0,3.757,0,0,0,0.0,0,0,0,0,0,0,0,0,0,0,10.073,0,0,0,0,0,0,0,0,0,0,0,0.0,0,0,0,0,0.0,0,0,0,0,0,0.0,0,0,0,0,0,8.443,0,0,0,0,0,0,0,11.0,2.089,0,0,0,0,0,0,0,0,0,4.891,0,0,0,0,0,0,0,0,0,0,0,0,0,0,0,0,0,0,0.0,0,0,0,11.0,0,0
251,2022-08-03 14:45:00,50.99,-45.29,0,0,0,0,198.0,67.901,0,45.29,45.29,18,5,18,0,0,0,0.0,0.0,0,0,0,0,0,0,0,0,0,0,0,0.0,0,0,0,0,0,0,0,0,0,0,0,0,0,0,0,0,0,0,0,0,0,0,0,0,0.0,0,0,0,0,0,0,0,11.0,0.0,0,0,0,0.0,0,0,0,0,0,0,0,0,0,0,0.0,0,0,0,0,0,0,0,6.274,0,0,0,0.0,0,0,0,0,0.0,0,0,0,0,0,0.0,0,0,0,0,0,8.443,0,0,0,0,0,0,0,8.573,0.0,0,0,0,0,0,0,0,0,0,0.0,0,0,0,0,0,0,0,0,0,0,0,0,0,0,0,0,0,0,0.0,0,0,0,11.0,0,0
252,2022-08-03 15:00:00,57.48,-145.402,0,0,0,0,337.0,176.061,0,145.402,40.8,18,7,17,0,0,0,0.0,0.0,0,0,0,0,0,0,0,0,0,0,0,0,0,0,0,0,0,0,0,0,0,0,0,0,0,0,0,0,0,0,0,0,0,0,0,0,0.0,0,0,0,0,0,0,0,3.918,1.993,0,0,0,0.0,0,0,0,0,0,0,0,0,0,0,0.0,0,0,0,0,0,0,0,6.274,0,0,0,0.0,0,0,0,0,0.0,0,0,0,0,0,0.0,0,0,0,0,0,8.443,0,0,0,0,0,0,0,11.0,0.0,0,0,0,0,0,0,0,0,0,0.0,0,0,0,0,0,0,0,0,0,0,0,0,0,104.602,0,0,0,0,0.0,0,0,0,9.172,0,0
253,2022-08-03 15:15:00,57.48,-24.479,0,0,0,0,198.0,69.09,0,24.479,24.479,18,3,18,0,0,0,0.0,0.0,0,0,0,0,0,0,0,0,0,0,0,0,0,0,0,0,0,0,0,0,0,0,0,0,0,0,0,0,0,0,0,0,0,0,0,0,0.0,0,0,0,0,0,0,0,0.0,0.0,0,0,0,0.0,0,0,0,0,0,0,0,0,0,0,0.0,0,0,0,0,0,0.0,0,6.274,0,0,0,0.0,0,0,0,0,0.0,0,0,0,0,0,0.0,0,0,0,0,0,8.443,0,0,0,0,0,0,0,9.762,0.0,0,0,0,0,0,0,0,0,0,0.0,0,0,0,0,0,0,0,0,0,0,0,0,0,0,0,0,0,0,0.0,0,0,0,0.0,0,0
254,2022-08-03 15:30:00,57.48,-17.569,0,0,0,0,209.0,62.744,0,17.569,17.569,19,3,19,0,0,0,0.0,0.0,0,0,0,0,0,0,0,0,0,0,0,0,0,0,0,0,0,0,0,0,0,0,0,0,0,0,0,0,0,0,0,0,0.0,0,0,0,0.0,0,0,0,0,0,0,0,0.0,0.0,0,0,0,0.0,0,0,0,0,0,0,0,0,0,0,0.0,0,0,0,0,0,0.0,0,6.274,0,0,0,0.0,0,0,0,0,0.0,0,0,0,0,0,0.0,0,0,0,0,0,8.443,0,0,0,0,0,0,0,2.852,0.0,0,0,0,0,0,0,0,0,0,0.0,0,0,0,0,0,0,0,0,0,0,0,0,0,0,0,0,0,0,0.0,0,0,0,0.0,0,0
255,2022-08-03 15:45:00,57.48,-12.984,0,0,0,0,209.0,57.526,0,12.984,12.984,19,2,19,0,0,0,0.0,0.0,0,0,0,0,0,0,0,0,0,0,0,0,0,0,0,0,0,0,0,0,0,0,0,0,0,0,0,0,0,0,0,0,0.0,0,0,0,0.0,0,0,0,0,0,0,0,0.0,0.0,0,0,0,0.0,0,0,0,0,0,0,0,0,0,0,0.0,0,0,0,0,0,0.0,0,6.274,0,0,0,0.0,0,0,0,0,0.0,0,0,0,0,0,0.0,0,0,0,0,0,6.71,0,0,0,0,0,0,0,0.0,0.0,0,0,0,0,0,0,0,0,0,0.0,0,0,0,0,0,0,0,0,0,0,0,0,0,0,0,0,0,0,0.0,0,0,0,0.0,0,0
256,2022-08-03 16:00:00,69.7,-7.753,0,0,0,0,220.0,48.264,0,7.753,7.753,20,2,20,0,0,0,0.0,0.0,0,0,0,0,0,0,0,0,0,0,0,0,0,0,0,0,0,0,0,0,0,0,0,0,0,0,0,0,0,0,0,0,0.0,0,0,0,0.0,0,0,0.0,0,0,0,0,0.0,0.0,0,0,0,0.0,0,0,0,0,0,0,0,0,0,0,0.0,0,0,0,0,0,0.0,0,6.274,0,0,0,0.0,0,0,0,0,0.0,0,0,0,0,0,0.0,0,0,0,0,0,1.479,0,0,0,0,0,0,0,0.0,0.0,0,0,0,0,0,0,0,0,0,0.0,0,0,0,0,0,0,0,0,0,0,0,0,0,0,0,0,0,0,0.0,0,0,0,0.0,0,0
257,2022-08-03 16:15:00,69.7,-7.753,0,0,0,0,220.0,51.56,0,7.753,7.753,20,2,20,0,0,0,0.0,0.0,0,0,0,0,0,0,0,0,0,0,0,0,0,0,0,0,0,0,0,0,0,0,0,0,0,0,0,0,0,0,0,0,0.0,0,0,0,0.0,0,0,0.0,0,0,0,0,0.0,0.0,0,0,0,0.0,0,0,0,0,0,0,0,0,0,0,0.0,0,0,0,0,0,0.0,0,6.274,0,0,0,0.0,0,0,0,0,0.0,0,0,0,0,0,0.0,0,0,0,0,0,1.479,0,0,0,0,0,0,0,0.0,0.0,0,0,0,0,0,0,0,0,0,0.0,0,0,0,0,0,0,0,0,0,0,0,0,0,0,0,0,0,0,0.0,0,0,0,0.0,0,0
258,2022-08-03 16:30:00,69.7,-10.013,0,0,0,0,231.0,49.66,0,10.013,10.013,21,2,21,3.088,0,0,0.0,0.0,0,0,0,0,0,0,0,0,0,0,0,0,0,0,0,0,0,0,0,0,0,0,0,0,0,0,0,0,0,0,0,0,0.0,0,0,0,0.0,0,0,0.0,0,0,0,0,0.0,0.0,0,0,0,0.0,0,0,0,0,0,0,0,0,0,0,0.0,0,0,0,0,0,0.0,0,6.924,0,0,0,0.0,0,0,0,0,0.0,0,0,0,0,0,0.0,0,0,0,0,0,0,0,0,0,0,0,0,0,0.0,0.0,0,0,0,0,0,0,0,0,0,0.0,0,0.0,0,0,0,0,0,0,0,0,0,0,0,0,0,0,0,0,0.0,0,0,0,0.0,0,0
259,2022-08-03 16:45:00,69.7,-11.827,0,0,0,0,264.0,45.37,0,11.827,11.827,24,3,24,3.088,0,0,0.0,0.0,0,0,0,0,0,0,0,0,0,0,0,0,0,0,0,0,0,0,0,0,0.0,0,0,0,0,0,0,0,0,0,0,0,0.0,0,0,0,0.0,0,0,0.0,0,0,0,0.0,0.0,0.0,0,0,0,0.0,0,0,0,0,0,0,0,0,0,0,0.0,0,0,0,0,0,0.0,0,6.924,0,0,0,0.0,0,0,0,0,0.0,0,0,0,0,0,0.0,0,0,0,0,0,0,0,0,0,0,0,0,0,0.0,0.0,0,0,0,0,0,0,0,0,0,0.0,0,0.0,0,1.814,0,0,0,0,0,0,0,0,0,0,0,0,0,0,0.0,0,0,0,0.0,0,0
260,2022-08-03 17:00:00,73.92,-22.884,0,0,0,0,275.0,45.353,0,22.884,22.884,25,6,25,3.088,0,0,0.0,0.0,0,0,0,0,0,0,0,0,0,0,0,0,0,0,0,0,0,0,0,0,0.0,0,0,0,0,0,0,0,0,0,0,0,0.0,0,0,0,0.0,0,0,0.0,0,0,0,0.0,0.0,0.0,0,0,0.0,0.0,0,0,0,0,0,0,0,0,0,0,0.0,0,0,7.537,0,0,0.0,0,6.924,0,0,0,1.503,0,0,0,0,0.0,0,0,0,0,0,0.0,0,0,0,0,0,0,0,0,0,0,0,0,0,0.0,0.0,0,0,0,0,0,0,0,0,0,0.0,0,0.0,0,1.814,0,0,0,0,0,0,0,0,0,0,0,0,0,0,2.018,0,0,0,0,0,0
261,2022-08-03 17:15:00,73.92,-30.632,0,0,0,0,264.0,43.933,0,30.632,30.632,24,8,24,3.088,0,0,0.0,0.0,0,0,0,0,0,0,0,0,0,0,0,0,0,0,0,0,0,0,0,0,0.0,0,0,0,0,0,0,0,0,0,0,0,0.0,0,0,0,4.098,0,0,0.0,0,0,0,0.0,0.0,0.0,0,0,0.0,0,0,0,0,0,0,0,0,0,0,0,0.0,0,0,7.537,0,0,0.0,0,6.924,0,0,0,1.503,0,0,0,0,0.0,0,0,0,0,0,0.0,0,0,0,0,0,0,0,0,0,0,0,0,0,3.402,0.0,0,0,0,0,0,0,0,0,0,0.0,0,0.0,0,1.814,0,0,0,0,0,0,0,0,0,0,0,0,0,0,2.266,0,0,0,0,0,0
262,2022-08-03 17:30:00,73.92,-30.632,0,0,0,0,253.0,38.696,0,30.632,30.632,23,8,23,3.088,0,0,0.0,0,0,0,0,0,0,0,0,0,0,0,0,0,0,0,0,0,0,0,0,0,0.0,0,0,0,0,0,0,0,0,0,0,0,0.0,0,0,0,4.098,0,0,0.0,0,0,0,0.0,0.0,0.0,0,0,0.0,0,0,0,0,0,0,0,0,0,0,0,0.0,0,0,7.537,0,0,0.0,0,6.924,0,0,0,1.503,0,0,0,0,0.0,0,0,0,0,0,0.0,0,0,0,0,0,0,0,0,0,0,0,0,0,3.402,0.0,0,0,0,0,0,0,0,0,0,0.0,0,0.0,0,1.814,0,0,0,0,0,0,0,0,0,0,0,0,0,0,2.266,0,0,0,0,0,0
263,2022-08-03 17:45:00,73.92,-115.163,0,0,0,0,414.0,118.993,0,115.163,30.632,25,9,24,3.088,0,0,0.0,0,0,0,0,0,0,0,0,0,0,0,0,0,0,0.0,0,0,0,0,0,0,0.0,0,0,0,0,0,0,0,0,0,0,0,0.0,0,0,0,4.098,0,0,0.0,0,0,0,0.0,0.0,0.0,0,0,0.0,0,0,0,0,0,0,0,0,0,0,0,0.0,0,0,7.537,0,0,0.0,0,6.924,0,0,0,1.503,0,0,0,0,0.0,0,0,0,0,0,0.0,0,0,0,0,0,0,0,0,0,0,0,0,0,3.402,0.0,0,0,0,0,0,0,0,0,0,0.0,0,0.0,0,1.814,0,0,0,0,0,0,0,0,0,84.531,0,0,0,0,2.266,0,0,0,0,0,0
264,2022-08-03 18:00:00,73.76,-26.712,0,0,0,0,253.0,27.181,0,26.712,26.712,23,7,23,3.088,0,0,0.0,0,0,0,0,0,0,0,0,0,0,0,0,0,0,0.0,0,0,0,0,0,0,0.0,0,0,0,0,0,0,0,0,0,0,0,0.0,0,0,0,3.58,0,0,0.0,0,0,0,0.0,0.0,0.0,0,0,0.0,0,0,0,0,0,0,0,0,0,0,0,0.0,0,0,7.537,0,0,0.0,0,6.924,0,0,0,1.503,0,0,0,0,0.0,0,0,0,0,0,0,0,0,0,0,0,0,0,0,0,0,0,0,0,0.0,0.0,0,0,0,0,0,0,0,0,0,0.0,0,0.0,0,1.814,0,0,0,0,0,0,0,0,0,0,0,0,0,0,2.266,0,0,0,0,0,0
265,2022-08-03 18:15:00,73.76,-22.481,0,0,0,0,275.0,23.677,0,22.481,22.481,25,6,25,3.088,0,0,0.0,0,0,0,1.614,0,0,0,0,0,0,0,0,0,0,0.0,0,0,0,0,0,0,0.0,0,0,0,0,0,0,0,0.0,0,0,0,0.0,0,0,0,0.0,0,0,0.0,0,0,0,0.0,0.0,0.0,0,0,0.0,0,0,0,0,0,0,0,0,0,0,0,0.0,0,0,7.537,0,0,0.0,0,6.924,0,0,0,1.503,0,0,0,0,0.0,0,0,0,0,0,0,0,0,0,0,0,0,0,0,0,0,0,0,0,0.0,0.0,0,0,0,0,0,0,0,0,0,0.0,0,0.0,0,1.814,0,0,0,0,0,0,0,0,0,0,0,0,0,0,0.0,0,0,0,0,0,0
266,2022-08-03 18:30:00,73.76,-22.481,0,0,0,0,275.0,24.013,0,22.481,22.481,25,6,25,3.088,0,0,0.0,0,0,0,1.614,0,0,0,0,0,0,0,0,0,0,0.0,0,0,0,0,0,0,0.0,0,0,0,0,0,0,0,0.0,0,0,0,0.0,0,0,0,0.0,0,0,0.0,0,0,0,0.0,0.0,0.0,0,0,0.0,0,0,0,0,0,0,0,0,0,0,0,0.0,0,0,7.537,0,0,0.0,0,6.924,0,0,0,1.503,0,0,0,0,0.0,0,0,0,0,0,0,0,0,0,0,0,0,0,0,0,0,0,0,0,0.0,0.0,0,0,0,0,0,0,0,0,0,0.0,0,0.0,0,1.814,0,0,0,0,0,0,0,0,0,0,0,0,0,0,0.0,0,0,0,0,0,0
267,2022-08-03 18:45:00,73.76,-31.579,0,0,0,0,297.0,31.198,0,31.579,31.579,27,10,27,3.088,0,0,0.0,0,0,0,1.614,0,0,0,0,0,0,0,0,0,0,0.0,0,0,0,0,0,0,0.0,0,0,0,0,0,0,0,0.0,0,0,0,0.0,0,0,0,3.262,0,0,0.0,0,0,0,0.0,0.0,0.0,0,0,0.0,0,0,0,0,0,0,0,0,0,0,0,0.0,0,0,7.537,0,0,0.0,0,6.924,0,0,0,1.503,0,0,0,1.1,0.0,0,0,0,0,0,0,0,0,0,0,0,0,0,0,0,0,0,0,0,0.0,0.0,0,0,0,0,0,0,0,0,0,0.0,0,0.0,0,1.814,0,2.47,0,0,0,0,0,0,0,0,0,0,0,0,2.266,0,0,0,0,0,0
268,2022-08-03 19:00:00,65.15,-24.845,0,0,0,0,308.0,24.538,0,24.845,24.845,28,8,28,3.088,0,0,0.0,0,0,0,1.614,0,0,0,0,0,0,0,0,0,0,0.0,0,0,0,0,3.082,0,0.0,0,0,0,0,0,0,0,0.0,0,0,0,0.0,0,0,0,0.0,0,0,0.0,0,0,0,0.0,0.0,0.0,0,0,0.0,0,0,0,0,0,0,0,0,0,0,0,0.0,0,0,7.537,0,0,0.0,0,4.139,0,0,0,0.0,0,0,0,1.1,0.0,0,0,0,0,0,0,0,0,0,0,0,0,0,0,0,0,0,0,0,0.0,0.0,0,0,0,0,0,0,0,0,0,0.0,0,0.0,0,1.814,0,2.47,0,0,0,0,0,0,0,0,0,0,0,0,0.0,0,0,0,0,0,0
269,2022-08-03 19:15:00,65.15,-25.994,0,0,0,0,308.0,25.013,0,25.994,25.994,28,9,28,3.088,0,0,0.0,0,0,0,5.77,0,0,0,0,0,0,0,0,0,0,3.381,0,0,0,0,3.082,0,0.0,0,0,0,0,0,0,0,0.0,0,0,0,0.0,0,0,0,0.0,0,0,0.0,0,0,0,0.0,0.0,0.0,0,0,0.0,0,4.188,0,0,0,0,0,0,0,0,0,0.0,0,0,0,0,0,0.0,0,1.1,0,0,0,0.0,0,0,0,1.1,0.0,0,0,0,0,0,0,0,0,0,0,0,0,0,0,0,0,0,0,0,0.0,0.0,0,0,0,0,0,0,0,0,0,0.0,0,0.0,0,1.814,0,2.47,0,0,0,0,0,0,0,0,0,0,0,0,0.0,0,0,0,0,0,0
270,2022-08-03 19:30:00,65.15,-30.107,0,0,0,0,297.0,29.052,0,30.107,30.107,27,10,27,3.088,0,0,0.0,0,0,0,5.77,0,0,0,0,0,0,0,0,0,0,3.381,0,0,0,0,3.082,0,0.0,0,0,0,0,0,0,0,0.0,0,0,0,3.924,0,0,0,0.0,0,0,0.0,0,0,0,0.0,0.0,0.0,0,0,0.0,0,4.188,0,0,0,0,0,0,0,0,0,0.0,0,0,0,0,0,1.288,0,0,0,0,0,0.0,0,0,0,1.1,0.0,0,0,0,0,0,0,0,0,0,0,0,0,0,0,0,0,0,0,0,0.0,0.0,0,0,0,0,0,0,0,0,0,0.0,0,0.0,0,1.814,0,2.47,0,0,0,0,0,0,0,0,0,0,0,0,0.0,0,0,0,0,0,0
271,2022-08-03 19:45:00,65.15,-27.684,0,0,0,0,308.0,26.63,0,27.684,27.684,28,9,28,3.088,0,0,0.0,0,0,0,5.77,0,0,0,0,0,0,0,0,0,0,3.381,0,0,0,0,3.082,0,0.0,0,0,0,0,0,0,0,0.0,0,0,0,2.79,0,0,0,0.0,0,0,0.0,0,0,0,0.0,0.0,0.0,0,0,0.0,0,4.188,0,0,0,0,0,0,0,0,0,0.0,0,0,0,0,0,0.0,0,0,0,0,0,0.0,0,0,0,1.1,0.0,0,0.0,0,0,0,0,0,0,0,0,0,0,0,0,0,0,0,0,0,0.0,0.0,0,0,0,0,0,0,0,0,0,0.0,0,0.0,0,1.814,0,2.47,0,0,0,0,0,0,0,0,0,0,0,0,0.0,0,0,0,0,0,0
272,2022-08-03 20:00:00,64.24,-34.068,0,0,0,0,319.0,33.743,0,34.068,34.068,29,11,29,3.088,0,0,0.0,0,0,0,5.77,0,0,0,0,0,0,0,0,0,0,3.381,0,0,0,0,3.082,0,0.0,0,0,0,0,0,0,0,0.0,0,0,0,3.924,0,0,0,0.0,0,0,0.0,0,0,0,0.0,0.0,0.0,0,0,0.0,0,4.188,0,0,0,0,0,0,0,0,0,0.0,0,0,0,0,0,3.746,0,0,0,0,0,1.503,0,0,0,1.1,0.0,0,0.0,0,0,0,0,0,0,0,0,0,0,0,0,0,0,0,0,0,0.0,0.0,0,0.0,0,0,0,0,0,0,0,0.0,0,0.0,0,1.814,0,2.47,0,0,0,0,0,0,0,0,0,0,0,0,0.0,0,0,0,0,0,0
273,2022-08-03 20:15:00,64.24,-45.779,0,0,0,0,341.0,44.651,0,45.779,45.779,31,15,31,3.088,0,0,0.0,0,0,0,5.77,0,0,0,0,0,0,0,0,0,0,3.381,0,0,0,0,3.082,0,0.0,0,0,0,0,0,0,0,0.0,0,0,0,3.924,0,0,0,2.547,0,0,0.0,0,0,0,0.0,0.0,0.0,0,0,0.0,0,4.188,4.271,0,0,0,0,0,0,0,0,0.0,0,0,0,0,0,3.746,0,0,0,0,0,1.503,0,0,0,1.1,0.0,0,0.0,0,0,0,0,0,0,0,0,0,0,0,0,0,0,0,0,0,0.0,0.0,0,0.0,0,0,0,0,0,0,0,0.0,0,0.0,0,1.814,0,2.47,0,0,2.627,0,0,0,0,0,0,0,0,0,2.266,0,0,0,0,0,0
274,2022-08-03 20:30:00,64.24,-126.568,0,0,0,0,491.0,125.513,0,126.568,37.499,32,13,31,3.088,0,0,0.0,0,0,0,5.77,0,0,0,0,0,0,0,0,0,0,3.381,0,0,0,0,3.082,0,0.0,0,0,0,0,0,0,0,0.0,0,0,0,3.924,0,0,0,0.0,0,0,0.0,0,0,0,0.0,0.0,0.0,0,0,0.0,0,4.188,4.271,0,0,0,0,0,0,0,0,0.0,0,0,0,0,0,1.782,0,0,0,0,0,0.0,0,0,0,1.1,0.0,0,0.0,0,0,0,0,0,0,0,0,0,0,0,0,0,0,0,0,0,0.0,0.0,0,0.0,0,0,0,0,0,0,0,0.0,0,0.0,0,1.814,0,2.47,0,0,2.627,0,0,0,0,89.069,0,0,0,0,0.0,0,0,0,0,0,0
275,2022-08-03 20:45:00,64.24,-48.76,0,0,0,0,341.0,48.265,0,48.76,48.76,31,16,31,3.088,0,0,0.0,0,0,0,5.77,0,0,0,0,0,0,0,0,0,0,3.381,0,0,0,0,3.082,0,0.0,0,0,0,0,0,0,0,0.0,0,0,0,3.924,0,0,0,4.098,0,0,0.0,0,0,0,0.0,0.0,0.0,0,0,0.0,0,4.188,4.271,0,0,0,0,0,0,0,0,0.0,0,0,0,0,0,3.746,0,0,0,0,0,1.503,0,0,0,1.1,0.0,0,0.0,0,0,0,0,0,0,0,0,0,0,0,0,0,0,0,0,0,1.43,0.0,0,0.0,0,0,0,0,0,0,0,0.0,0,0.0,0,1.814,0,2.47,0,0,2.627,0,0,0,0,0,0,0,0,0,2.266,0,0,0,0,0,0
276,2022-08-03 21:00:00,43.09,-50.732,0,0,0,0,341.0,54.351,0,50.732,50.732,31,16,31,3.088,0,0,0.0,0,0,0,5.77,0,0,0,0,0,0,0,0,0,0,3.381,0,0,0,0,3.082,0,0.0,0,0,0,0,0,0,0,0.0,0,0,0,3.924,0,0,0,4.098,0,0,0.0,0,0,0,0.0,0.0,0.0,0,0,0.0,0,4.188,4.271,0,0,0,0,0,0,0,0,0.0,0,0,0,0,0,3.746,0,0,0,0,0,1.503,0,0,0,1.1,0.0,0,0.0,0,0,0,0,0,0,0,0,0,0,0,0,0,0,0,0,0,3.402,0.0,0,0.0,0,0,0,0,0,0,0,0.0,0,0.0,0,1.814,0,2.47,0,0,2.627,0,0,0,0,0,0,0,0,0,2.266,0,0,0,0,0,0
277,2022-08-03 21:15:00,43.09,-49.632,0,0,0,0,352.0,59.471,0,49.632,49.632,32,15,32,3.088,0,0,0.0,0,0,0,5.77,0,0,0,0,0,0,0,0,0,0,3.381,0,0,0,0,3.082,0,0.0,0,0,0,0,0,0,0,0.0,0,0,0,3.924,0,0,0,4.098,0,0,0.0,0.0,0,0,0.0,0.0,0.0,0,0,0.0,0,4.188,4.271,0,0,0,0,0,0,0,0,0.0,0,0,0,0,0,3.746,0,0,0,0,0,1.503,0,0,0,0.0,0.0,0,0.0,0,0,0,0,0,0,0,0,0,0,0,0,0,0,0,0,0,3.402,0.0,0,0.0,0,0,0,0,0,0,0,0.0,0,0.0,0,1.814,0,2.47,0,0,2.627,0,0,0,0,0,0,0,0,0,2.266,0,0,0,0,0,0
278,2022-08-03 21:30:00,43.09,-158.39,0,0,0,0,502.0,163.963,0,158.39,49.632,33,16,32,3.088,0,0,0.0,0,0,0,5.77,0,0,0,0,0,0,0,0,0,0,3.381,0,0,0,0,3.082,0,0.0,0,0,0,0,0,0,0,0.0,0,0,0,3.924,0,0,0,4.098,0,0,0.0,0.0,0,0,0.0,0.0,0.0,0,0,0.0,0,4.188,4.271,0,0,0,0,0,0,0,0,0.0,0,0,0,0,0,3.746,0,0,0,0,0,1.503,0,0,0,0.0,0.0,0,0.0,0,0,0,0,0,108.758,0,0,0,0,0,0,0,0,0,0,0,3.402,0.0,0,0.0,0,0,0,0,0,0,0,0.0,0,0.0,0,1.814,0,2.47,0,0,2.627,0,0,0,0,0,0,0,0,0,2.266,0,0,0,0,0,0
279,2022-08-03 21:45:00,43.09,-57.305,0,0,0,0,363.0,68.91,0,57.305,57.305,33,16,33,3.088,0,0,0.0,0,0,0,5.77,0,0,0,0,0,0,0,0,0,0,3.381,0,0,0,0,3.082,0,0.0,0,0,0,0,0,0,0,0.0,0,0,0,3.924,0,0,0,4.098,0,0,0.0,0.0,0,0,0.0,0.0,0.0,0,0,0.0,0,4.188,4.271,0,0,0,0,0,0,0,0,0.0,0,0,0,0,0,3.746,0,0,0,0,0,1.503,0,0,0,0.0,0.0,0,0.0,0,0,0,0,0,0,0,0,0,3.446,0,0,0,0,0,0,0,7.629,0.0,0,0.0,0,0,0,0,0,0,0,0.0,0,0.0,0,1.814,0,2.47,0,0,2.627,0,0,0,0,0,0,0,0,0,2.266,0,0,0,0,0,0
280,2022-08-03 22:00:00,53.11,-71.632,0,0,0,0,374.0,82.375,0,71.632,71.632,34,18,34,3.088,0,0,0.0,0,0,0,5.77,0,0,0,0,7.807,0,0,0,0,0,3.381,0,0,0,0,3.082,0,0.0,0,0,0,0,0,0,0,0.0,0,0,0,3.924,0,0,0,4.098,0,0,0.0,0.0,0,0,0.0,0.0,3.149,0,0,0.0,0,4.188,4.271,0,0,0,0,0,0,0,0,0.0,0,0,0,0,0,3.746,0,0,0,0,0,1.503,0,0,0,0.0,0.0,0,0.0,0,0,0,0,0,0,0,0,0,3.446,0,0,0,0,0,0,0,11.0,0.0,0,0.0,0,0,0,0,0,0,0,0.0,0,0.0,0,1.814,0,2.47,0,0,2.627,0,0,0,0,0,0,0,0,0,2.266,0,0,0,0,0,0
281,2022-08-03 22:15:00,53.11,-65.797,0,0,0,0,374.0,77.402,0,65.797,65.797,34,17,34,3.088,0,0,0.0,0,0,0,5.77,0,0,0,0,7.807,0,0,0,0,0,3.381,0,0,0,0,3.082,0,0.0,0,0,0,0,0,0,0,0.0,0,0,0,3.924,0,0,0,4.098,0,0,0.0,0.0,0,0,0.0,0.0,0.0,0,0,0.0,0,4.188,4.271,0,0,0,0,0,0,0,0,0.0,0,0,0,0,0,3.746,0,0,0,0,0,1.503,0,0,0,0.0,0.0,0,0.0,0,0,0,0,0,0,0,0,0,3.446,0,0,0,0,0,0,0,8.314,0.0,0,0.0,0,0,0,0,0,0,0,0.0,0,0.0,0,1.814,0,2.47,0,0,2.627,0,0,0,0,0,0,0,0,0,2.266,0,0,0,0,0,0
282,2022-08-03 22:30:00,53.11,-219.087,0,0,0,0,524.0,229.892,0,219.087,74.329,35,20,34,3.088,0,0,0.0,0,0,0,5.77,0,0,0,0,7.807,0,0,0,0,0,3.381,0,0,0,0,3.082,0,0.0,0,0,0,0,0,0,0,0.0,0,0,0,3.924,0,0,0,4.098,0,0,0.0,0.0,0,0,0.0,0.0,3.757,0,0,0.0,0,4.188,4.271,0,0,0,0,144.758,0,0,0,0.0,0,0,0,0,0,3.746,0,0,0,0,0,1.503,0,0,0,0.0,0.0,0,0.0,0,0,0,0,0,0,0,0,0,3.446,0,0,0,0,0,0,0,11.0,2.089,0,0.0,0,0,0,0,0,0,0,0.0,0,0.0,0,1.814,0,2.47,0,0,2.627,0,0,0,0,0,0,0,0,0,2.266,0,0,0,0,0,0
283,2022-08-03 22:45:00,53.11,-80.493,0,0,0,0,374.0,91.236,0,80.493,80.493,34,21,34,3.088,0,0,1.273,0,0,0,5.77,0,0,0,0,7.807,0,0,0,0,0,3.381,0,0,0,0,3.082,0,0.0,0,0,0,0,0,0,0,0.0,0,0,0,3.924,0,0,0,4.098,0,0,0.0,0.0,0,0,0.0,0.0,3.757,0,0,0.0,0,4.188,4.271,0,0,0,0,0,0,0,0,0.0,0,0,0,0,0,3.746,0,0,0,0,0,1.503,0,0,0,0.0,0.0,0,0.0,0,0,0,0,0,0,0,0,0,3.446,0,0,0,0,0,0,0,11.0,2.089,0,0.0,0,0,0,0,0,0,0,4.891,0,0.0,0,1.814,0,2.47,0,0,2.627,0,0,0,0,0,0,0,0,0,2.266,0,0,0,0,0,0
284,2022-08-03 23:00:00,37.08,-79.998,0,0,0,0,374.0,99.037,0,79.998,79.998,34,21,34,3.088,0,0,8.994,0,0,0,5.77,0,0,0,0,7.807,0,0,0,0,0,3.381,0,0,0,0,3.082,0,0.0,0,0,0,0,0,0,0,0.0,0,0,0,3.924,0,0,0,4.098,0,0,0.0,0.0,0,0,0.0,0.0,3.757,0,0,0.0,0,4.188,4.271,0,0,0,0,0,0,0,0,0.0,0,0,0,0,0,3.746,0,0,0,0,0,1.503,0,0,0,0.0,0.0,0,0.0,0,0,0,0,0,0,0,0,0,3.446,0,0,0,0,0,0,0,2.784,2.089,0,0.0,0,0,0,0,0,0,0,4.891,0,0.0,0,1.814,0,2.47,0,0,2.627,0,0,0,0,0,0,0,0,0,2.266,0,0,0,0,0,0
285,2022-08-03 23:15:00,37.08,-78.335,0,0,0,0,374.0,100.079,0,78.335,78.335,34,21,34,3.088,0,0,8.994,0,0,0,5.77,0,0,0,0,7.807,0,0,0,0,0,3.381,0,0,0,0,3.082,0,0.0,0,0,0,0,0,0,0,0.0,0,0,0,3.924,0,0,0,4.098,0,0,0.0,0.0,0,0,0.0,0.0,3.757,0,0,0.0,0,4.188,4.271,0,0,0,0,0,0,0,0,1.121,0,0,0,0,0,3.746,0,0,0,0,0,1.503,0,0,0,0.0,0.0,0,0.0,0,0,0,0,0,0,0,0,0,3.446,0,0,0,0,0,0,0,0.0,2.089,0,0.0,0,0,0,0,0,0,0,4.891,0,0.0,0,1.814,0,2.47,0,0,2.627,0,0,0,0,0,0,0,0,0,2.266,0,0,0,0,0,0
286,2022-08-03 23:30:00,37.08,-79.076,0,0,0,0,374.0,100.82,0,79.076,79.076,34,21,34,3.088,0,0,8.994,0,0,0,5.77,0,0,0,0,7.807,0,0,0,0,0,3.381,0,0,0,0,3.082,0,0.0,0,0,0,0,0,0,0,0.0,0,0,0,3.924,0,0,0,4.098,0,0,0.0,0.0,0,0,0.0,0.0,3.757,0,0,0.0,0,4.188,4.271,0,0,0,0,0,0,0,0,1.862,0,0,0,0,0,3.746,0,0,0,0,0,1.503,0,0,0,0.0,0.0,0,0.0,0,0,0,0,0,0,0,0,0,3.446,0,0,0,0,0,0,0,0.0,2.089,0,0.0,0,0,0,0,0,0,0,4.891,0,0.0,0,1.814,0,2.47,0,0,2.627,0,0,0,0,0,0,0,0,0,2.266,0,0,0,0,0,0
287,2022-08-03 23:45:00,37.08,-86.721,0,0,0,0,385.0,108.465,0,86.721,86.721,35,21,35,3.088,0,0,8.994,0,0,0,5.77,0,0,0,0,7.807,0,0,0,0,0,3.381,0,0,0,0,3.082,0,0.0,0,0,0,0,0,0,0,0.0,0,0,0,3.924,0,0,0,4.098,0,0,0.0,0.0,0,0,0.0,0.0,3.757,0,0,0.0,0,4.188,4.271,0,0,0,0,0,0,0,0,9.507,0,0,0,0,0,3.746,0,0,0,0,0,1.503,0,0,0,0.0,0.0,0,0.0,0,0,0,0,0,0,0,0,0,3.446,0,0,0.0,0,0,0,0,0.0,2.089,0,0.0,0,0,0,0,0,0,0,4.891,0,0.0,0,1.814,0,2.47,0,0,2.627,0,0,0,0,0,0,0,0,0,2.266,0,0,0,0,0,0
288,2022-08-04 00:00:00,40.84,-89.549,0,0,0,0,385.0,111.292,0,89.549,89.549,35,21,35,3.088,0,0,10.329,0,0,0,5.77,0,0,0,0,7.807,0,0,0,0,0,3.381,0,0,0,0,3.082,0,0.0,0,0,0,0,0,0,0,0.0,0,0,0,3.924,0,0,0,4.098,0,0,0.0,0.0,0,0,0.0,0.0,3.757,0,0,0.0,0,4.188,4.271,0,0,0,0,0,0,0,0,11.0,0,0,0,0,0,3.746,0,0,0,0,0,1.503,0,0,0,0.0,0.0,0,0.0,0,0,0,0,0,0,0,0,0,3.446,0,0,0.0,0,0,0,0,0.0,2.089,0,0.0,0,0,0,0,0,0,0,4.891,0,0.0,0,1.814,0,2.47,0,0,2.627,0,0,0,0,0,0,0,0,0,2.266,0,0,0,0,0,0
289,2022-08-04 00:15:00,40.84,-94.408,0,0,0,0,385.0,116.151,0,94.408,94.408,35,21,35,3.088,0,0,11.0,0,0,0,5.77,0,0,0,0,7.807,0,0,0,0,0,3.381,0,0,0,0,3.082,0,0.0,0,0,0,0,0,0,0,0.0,0,0,0,3.924,0,0,0,4.098,0,0,0.0,0.0,0,0,0.0,0.0,3.757,0,0,0.0,0,4.188,4.271,0,0,0,0,0,0,0,0,11.0,0,0,0,0,0,3.746,0,0,0,0,0,1.503,0,0,0,0.0,0.0,0,0.0,0,0,0,0,0,0,0,0,0,3.446,0,0,0.0,0,0,0,0,0.0,2.089,0,0.0,0,0,0,0,0,0,0,9.079,0,0.0,0,1.814,0,2.47,0,0,2.627,0,0,0,0,0,0,0,0,0,2.266,0,0,0,0,0,0
290,2022-08-04 00:30:00,40.84,-100.929,0,0,0,0,385.0,122.672,0,100.929,100.929,35,21,35,3.088,0,0,11.0,0,0,0,5.77,0,0,0,0,7.807,0,0,0,0,0,3.381,0,0,0,0,3.082,0,0.0,0,0,0,0,0,0,0,0.0,0,0,0,3.924,0,0,0,4.098,0,0,0.0,0.0,0,0,0.0,0.0,3.757,0,0,0.0,0,4.188,4.271,0,0,0,0,0,0,0,0,11.0,0,0,0,0,0,3.746,0,0,0,0,0,1.503,0,0,0,0.0,0.0,0,0.0,0,0,0,0,0,0,0,0,0,3.446,0,0,0.0,0,0,0,0,0.0,6.689,0,0.0,0,0,0,0,0,0,0,11.0,0,0.0,0,1.814,0,2.47,0,0,2.627,0,0,0,0,0,0,0,0,0,2.266,0,0,0,0,0,0
291,2022-08-04 00:45:00,40.84,-311.115,0,0,0,0,685.0,332.857,0,311.115,100.42,37,23,35,3.088,0,0,11.0,0,0,0,5.77,0,0,0,0,7.807,0,0,0,0,0,3.381,0,0,0,0,3.082,0,0.0,0,0,0,0,0,0,0,0.0,0,0,0,3.924,0,0,0,4.098,0,0,0.0,0.0,0,0,0.0,0.0,3.757,0,0,0.0,0,4.188,4.271,0,0,0,0,114.232,0,96.463,0,11.0,0,0,0,0,0,3.746,0,0,0,0,0,1.503,0,0,0,0.0,0.0,0,0.0,0,0,0,0,0,0,0,0,0,3.446,0,0,0.0,0,0,0,0,0.0,6.18,0,0.0,0,0,0,0,0,0,0,11.0,0,0.0,0,1.814,0,2.47,0,0,2.627,0,0,0,0,0,0,0,0,0,2.266,0,0,0,0,0,0
292,2022-08-04 01:00:00,41.15,-99.43,0,0,0,0,385.0,124.247,0,99.43,99.43,35,21,35,3.088,0,0,11.0,0,0,0,5.77,0,0,0,0,7.807,0,0,0,0,0,3.381,0,0,0,0,3.082,0,0.0,0,0,0,0,0,0,0,0.0,0,0,0,3.924,0,0,0,4.098,0,0,0.0,0.0,0,0,0.0,0.0,3.757,0,0,0.0,0,4.188,4.271,0,0,0,0,0,0,0,0,11.0,0,0,0,0,0,3.746,0,0,0,0,0,1.503,0,0,0,0.0,0.0,0,0.0,0,0,0,0,0,0,0,0,0,3.446,0,0,0.0,0,0,0,0,0.0,8.264,0,0.0,0,0,0,0,0,0,0,7.927,0,0.0,0,1.814,0,2.47,0,0,2.627,0,0,0,0,0,0,0,0,0,2.266,0,0,0,0,0,0
293,2022-08-04 01:15:00,41.15,-89.354,0,0,0,0,385.0,122.097,0,89.354,89.354,35,20,35,3.088,0,0,11.0,0,0,0,5.77,0,0,0,0,7.807,0,0,0,0,0,3.381,0,0,0,0,3.082,0,0.0,0,0,0,0,0,0,0,0.0,0,0,0,3.924,0,0,0,4.098,0,0,0.0,0.0,0,0,0.0,0.0,3.757,0,0,0.0,0,4.188,4.271,0,0,0,0,0,0,0,0,11.0,0,0,0,0,0,3.746,0,0,0,0,0,1.503,0,0,0,0.0,0.0,0,0.0,0,0,0,0,0,0,0,0,0,3.446,0,0,0.0,0,0,0,0,0.0,6.114,0,0.0,0,0,0,0,0,0,0,0.0,0,0.0,0,1.814,0,2.47,0,0,2.627,0,0,0,0,0,0,0,0,0,2.266,0,0,0,0,0,0
294,2022-08-04 01:30:00,41.15,-92.317,0,0,0,0,385.0,125.06,0,92.317,92.317,35,20,35,3.088,0,0,11.0,0,0,0,5.77,0,0,0,0,7.807,0,0,0,0,0,3.381,0,0,0,0,3.082,0,0.0,0,0,0,0,0,0,0,0.0,0,0,0,3.924,0,0,0,4.098,0,0,0.0,0.0,0,0,0.0,0.0,3.757,0,0,0.0,0,4.188,4.271,0,0,0,0,0,0,0,0,11.0,0,0,0,0,0,3.746,0,0,0,0,0,1.503,0,0,0,0.0,0.0,0,0.0,0,0,0,0,0,0,0,0,0,3.446,0,0,0.0,0,0,0,0,0.0,9.077,0,0.0,0,0,0,0,0,0,0,0.0,0,0.0,0,1.814,0,2.47,0,0,2.627,0,0,0,0,0,0,0,0,0,2.266,0,0,0,0,0,0
295,2022-08-04 01:45:00,41.15,-85.094,0,0,0,0,385.0,127.897,0,85.094,85.094,35,21,35,3.088,0,0,0.94,0,0,0,5.77,0,0,0,0,7.807,0,0,0,0,0,3.381,0,0,0,0,3.082,0,0.0,0,0,0,0,0,0,0,0.0,0,0,0,3.924,0,0,0,4.098,0,0,0.0,0.0,0,0,0.0,0.0,3.757,0,0,0.0,0,4.188,4.271,0,0,0,0,0,0,0,0,11.0,0,0,0,0,0,3.746,0,0,0,0,0,1.503,0,0,0,0.0,1.714,0,0.0,0,0,0,0,0,0,0,0,0,3.446,0,0,0.0,0,0,0,0,0.0,10.2,0,0.0,0,0,0,0,0,0,0,0.0,0,0.0,0,1.814,0,2.47,0,0,2.627,0,0,0,0,0,0,0,0,0,2.266,0,0,0,0,0,0
296,2022-08-04 02:00:00,43.77,-73.818,0,0,0,0,385.0,123.154,0,73.818,73.818,35,19,35,3.088,0,0,0.0,0,0,0,5.77,0,0,0,0,7.807,0,0,0,0,0,3.381,0,0,0,0,3.082,0,0.0,0,0,0,0,0,0,0,0.0,0,0,0,3.924,0,0,0,4.098,0,0,0.0,0.0,0,0,0.0,0.0,3.757,0,0,0.0,0,4.188,4.271,0,0,0,0,0,0,0,0,5.407,0,0,0,0,0,3.746,0,0,0,0,0,1.503,0,0,0,0.0,0.0,0,0.0,0,0,0,0,0,0,0,0,0,3.446,0,0,0.0,0,0,0,0,0.0,7.171,0,0.0,0,0,0,0,0,0,0,0.0,0,0.0,0,1.814,0,2.47,0,0,2.627,0,0,0,0,0,0,0,0,0,2.266,0,0,0,0,0,0
297,2022-08-04 02:15:00,43.77,-67.727,0,0,0,0,385.0,122.47,0,67.727,67.727,35,18,35,3.088,0,0,0.0,0,0,0,5.77,0,0,0,0,7.807,0,0,0,0,0,3.381,0,0,0,0,3.082,0,0.0,0,0,0,0,0,0,0,0.0,0,0,0,3.924,0,0,0,4.098,0,0,0.0,0.0,0,0,0.0,0.0,3.757,0,0,0.0,0,4.188,4.271,0,0,0,0,0,0,0,0,0.0,0,0,0,0,0,3.746,0,0,0,0,0,1.503,0,0,0,0.0,0.0,0,0.0,0,0,0,0,0,0,0,0,0,3.446,0,0,0.0,0,0,0,0,0.0,6.487,0,0.0,0,0,0,0,0,0,0,0.0,0,0.0,0,1.814,0,2.47,0,0,2.627,0,0,0,0,0,0,0,0,0,2.266,0,0,0,0,0,0
298,2022-08-04 02:30:00,43.77,-70.246,0,0,0,0,385.0,127.27,0,70.246,70.246,35,18,35,3.088,0,0,0.0,0,0,0,5.77,0,0,0,0,7.807,0,0,0,0,0,3.381,0,0,0,0,3.082,0,0.0,0,0,0,0,0,0,0,0.0,0,0,0,3.924,0,0,0,4.098,0,0,0.0,0.0,0,0,0.0,0.0,3.757,0,0,0.0,0,4.188,4.271,0,0,0,0,0,0,0,0,0.0,0,0,0,0,0,3.746,0,0,0,0,0,1.503,0,0,0,0.0,0.0,0,0.0,0,0,0,0,0,0,0,0,0,3.446,0,0,0.0,0,0,0,0,0.0,9.007,0,0.0,0,0,0,0,0,0,0,0.0,0,0.0,0,1.814,0,2.47,0,0,2.627,0,0,0,0,0,0,0,0,0,2.266,0,0,0,0,0,0
299,2022-08-04 02:45:00,43.77,-61.24,0,0,0,0,385.0,126.891,0,61.24,61.24,35,17,35,3.088,0,0,0.0,0,0,0,5.77,0,0,0,0,7.807,0,0,0,0,0,3.381,0,0,0,0,3.082,0,0.0,0,0,0,0,0,0,0,0.0,0,0,0,3.924,0,0,0,4.098,0,0,0.0,0.0,0,0,0.0,0.0,3.757,0,0,0.0,0,4.188,4.271,0,0,0,0,0,0,0,0,0.0,0,0,0,0,0,3.746,0,0,0,0,0,1.503,0,0,0,0.0,0.0,0,0.0,0,0,0,0,0,0,0,0,0,3.446,0,0,0.0,0,0,0,0,0.0,0.0,0,0.0,0,0,0,0,0,0,0,0.0,0,0.0,0,1.814,0,2.47,0,0,2.627,0,0,0,0,0,0,0,0,0,2.266,0,0,0,0,0,0
300,2022-08-04 03:00:00,39.97,-63.884,0,0,0,0,396.0,128.827,0,63.884,63.884,36,18,36,3.088,0,0,0.0,0,0,0,5.77,0,0,0,0,7.807,0,0,0,0,0,3.381,0,0,0,0,3.082,0,0.0,0,0,0,0,0,0,0,0.0,0,0,0,3.924,0,0,0,4.098,0,0,0.0,0.0,0,0,0.0,0.0,3.757,0,0,0.0,0,4.188,4.271,0,0,0,0,0,0,0,0,0.0,0,0.0,0,0,0,3.746,0,0,0,0,0,1.503,0,0,0,0.0,2.644,0,0.0,0,0,0,0,0,0,0,0,0,3.446,0,0,0.0,0,0,0,0,0.0,0.0,0,0.0,0,0,0,0,0,0,0,0.0,0,0.0,0,1.814,0,2.47,0,0,2.627,0,0,0,0,0,0,0,0,0,2.266,0,0,0,0,0,0
301,2022-08-04 03:15:00,39.97,-64.299,0,0,0,0,396.0,129.242,0,64.299,64.299,36,18,36,3.088,0,0,0.0,0,0,0,5.77,0,0,0,0,7.807,0,0,0,0,0,3.381,0,0,0,0,3.082,0,0.0,0,0,0,0,0,0,0,0.0,0,0,0,3.924,0,0,0,4.098,0,0,0.0,0.0,0,0,0.0,0.0,3.757,0,0,0.0,0,4.188,4.271,0,0,0,0,0,0,0,0,0.0,0,0.0,0,0,0,3.746,0,0,0,0,0,1.503,0,0,0,0.0,3.059,0,0.0,0,0,0,0,0,0,0,0,0,3.446,0,0,0.0,0,0,0,0,0.0,0.0,0,0.0,0,0,0,0,0,0,0,0.0,0,0.0,0,1.814,0,2.47,0,0,2.627,0,0,0,0,0,0,0,0,0,2.266,0,0,0,0,0,0
302,2022-08-04 03:30:00,39.97,-64.8,0,0,0,0,396.0,129.743,0,64.8,64.8,36,18,36,3.088,0,0,0.0,0,0,0,5.77,0,0,0,0,7.807,0,0,0,0,0,3.381,0,0,0,0,3.082,0,0.0,0,0,0,0,0,0,0,0.0,0,0,0,3.924,0,0,0,4.098,0,0,0.0,0.0,0,0,0.0,0.0,3.757,0,0,0.0,0,4.188,4.271,0,0,0,0,0,0,0,0,0.0,0,0.0,0,0,0,3.746,0,0,0,0,0,1.503,0,0,0,0.0,3.56,0,0.0,0,0,0,0,0,0,0,0,0,3.446,0,0,0.0,0,0,0,0,0.0,0.0,0,0.0,0,0,0,0,0,0,0,0.0,0,0.0,0,1.814,0,2.47,0,0,2.627,0,0,0,0,0,0,0,0,0,2.266,0,0,0,0,0,0
303,2022-08-04 03:45:00,39.97,-210.35,0,0,0,0,546.0,275.293,0,210.35,65.592,37,19,36,3.088,0,0,0.0,0,0,0,5.77,0,0,0,0,7.807,0,0,0,0,0,3.381,0,0,0,0,3.082,0,0.0,0,0,0,0,0,0,0,0.0,0,0,0,3.924,0,0,0,4.098,0,0,0.0,0.0,0,0,0.0,0.0,3.757,0,0,0.0,0,4.188,4.271,0,0,0,0,144.758,0,0,0,0.0,0,0.0,0,0,0,3.746,0,0,0,0,0,1.503,0,0,0,0.0,4.352,0,0.0,0,0,0,0,0,0,0,0,0,3.446,0,0,0.0,0,0,0,0,0.0,0.0,0,0.0,0,0,0,0,0,0,0,0.0,0,0.0,0,1.814,0,2.47,0,0,2.627,0,0,0,0,0,0,0,0,0,2.266,0,0,0,0,0,0
304,2022-08-04 04:00:00,40.81,-63.44,0,0,0,0,396.0,128.383,0,63.44,63.44,36,18,36,3.088,0,0,0.0,0,0,0,5.77,0,0,0,0,7.807,0,0,0,0,0,3.381,0,0,0,0,3.082,0,0.0,0,0,0,0,0,0,0,0.0,0,0,0,3.924,0,0,0,4.098,0,0,0.0,0.0,0,0,0.0,0.0,3.757,0,0,0.0,0,4.188,4.271,0,0,0,0,0,0,0,0,0.0,0,0.0,0,0,0,3.746,0,0,0,0,0,1.503,0,0,0,0.0,2.2,0,0.0,0,0,0,0,0,0,0,0,0,3.446,0,0,0.0,0,0,0,0,0.0,0.0,0,0.0,0,0,0,0,0,0,0,0.0,0,0.0,0,1.814,0,2.47,0,0,2.627,0,0,0,0,0,0,0,0,0,2.266,0,0,0,0,0,0
305,2022-08-04 04:15:00,40.81,-66.271,0,0,0,0,396.0,131.214,0,66.271,66.271,36,18,36,3.088,0,0,0.0,0,0,0,5.77,0,0,0,0,7.807,0,0,0,0,0,3.381,0,0,0,0,3.082,0,0.0,0,0,0,0,0,0,0,0.0,0,0,0,3.924,0,0,0,4.098,0,0,0.0,0.0,0,0,0.0,0.0,3.757,0,0,0.0,0,4.188,4.271,0,0,0,0,0,0,0,0,0.0,0,0.0,0,0,0,3.746,0,0,0,0,0,1.503,0,0,0,0.0,5.031,0,0.0,0,0,0,0,0,0,0,0,0,3.446,0,0,0.0,0,0,0,0,0.0,0.0,0,0.0,0,0,0,0,0,0,0,0.0,0,0.0,0,1.814,0,2.47,0,0,2.627,0,0,0,0,0,0,0,0,0,2.266,0,0,0,0,0,0
306,2022-08-04 04:30:00,40.81,-61.24,0,0,0,0,396.0,126.12,0,61.24,61.24,36,17,36,3.088,0,0,0.0,0,0,0,5.77,0,0,0,0,7.807,0,0,0,0,0,3.381,0,0,0,0,3.082,0,0.0,0,0,0,0,0,0,0,0.0,0,0,0,3.924,0,0,0,4.098,0,0,0.0,0.0,0,0,0.0,0.0,3.757,0,0,0.0,0,4.188,4.271,0,0,0,0,0,0,0,0,0.0,0,0.0,0,0,0,3.746,0,0,0,0,0,1.503,0,0,0,0.0,0.0,0,0.0,0,0,0,0,0,0,0,0,0,3.446,0,0,0.0,0,0,0,0,0.0,0.0,0,0.0,0,0,0,0,0,0,0,0.0,0,0.0,0,1.814,0,2.47,0,0,2.627,0,0,0,0,0,0,0,0,0,2.266,0,0,0,0,0,0
307,2022-08-04 04:45:00,40.81,-61.239,0,0,0,0,385.0,125.828,0,61.239,61.239,35,16,35,3.088,0,0,0.0,0,0,0,5.77,0,0,0,0,7.807,0,0,0,0,0,3.381,0,0,0,0,3.082,0,0.0,0,0,0,0,0,0,0,0.0,0,0,0,3.924,0,0,0,4.098,0,0,0.0,0.0,0,0,0.0,0.0,3.757,0,0,0.0,0,4.188,4.271,0,0,0,0,0,0,0,0,0.0,0,0.0,0,0,0,3.746,0,0,0,0,0,1.503,0,0,0,0.0,0.0,0,0.0,0,0,0,0,0,0,0,0,0,6.073,0,0,0.0,0,0,0,0,0.0,0.0,0,0.0,0,0,0,0,0,0,0,0.0,0,0.0,0,1.814,0,2.47,0,0,0,0,0,0,0,0,0,0,0,0,2.266,0,0,0,0,0,0
308,2022-08-04 05:00:00,43.04,-206.502,0,0,0,0,535.0,266.809,0,206.502,61.239,36,17,35,3.088,0,0,0.0,0,0,0,5.77,0,0,0,0,7.807,0,0,0,0,0,3.381,0,0,0,0,3.082,0,0.0,0,0,0,0,0,0,0,0.0,0,0,0,3.924,0,0,0,4.098,0,0,0.0,0.0,0,145.263,0.0,0.0,3.757,0,0,0.0,0,4.188,4.271,0,0,0,0,0,0,0,0,0.0,0,0.0,0,0,0,3.746,0,0,0,0,0,1.503,0,0,0,0.0,0.0,0,0.0,0,0,0,0,0,0,0,0,0,6.073,0,0,0.0,0,0,0,0,0.0,0.0,0,0.0,0,0,0,0,0,0,0,0.0,0,0.0,0,1.814,0,2.47,0,0,0,0,0,0,0,0,0,0,0,0,2.266,0,0,0,0,0,0
309,2022-08-04 05:15:00,43.04,-61.222,0,0,0,0,374.0,119.485,0,61.222,61.222,34,15,34,3.088,0,0,0.0,0,0,0,5.77,0,0,0,0,7.807,0,0,0,0,0,3.381,0,0,0,0,0,0,0.0,0,0,0,0,0,0,0,0.0,0,0,0,3.924,0,0,0,4.098,0,0,0.0,0.0,0,0,0.0,0.0,3.757,0,0,0.0,0,7.259,4.265,0,0,0,0,0,0,0,0,0.0,0,0.0,0,0,0,3.746,0,0,0,0,0,1.503,0,0,0,0.0,0.0,0,0.0,0,0,0,0,0,0,0,0,0,6.073,0,0,0.0,0,0,0,0,0.0,0.0,0,0.0,0,0,0,0,0,0,0,0.0,0,0.0,0,1.814,0,2.47,0,0,0,0,0,0,0,0,0,0,0,0,2.266,0,0,0,0,0,0
310,2022-08-04 05:30:00,43.04,-55.342,0,0,0,0,330.0,110.366,0,55.342,55.342,30,12,30,3.088,0,0,0.0,0,0,0,5.77,0,0,0,0,11.0,0,0,0,0,0,3.381,0,0,0,0,0,0,0.0,0,0,0,0,0,0,0,0.0,0,0,0,3.924,0,0,0,4.098,0,0,0.0,0.0,0,0,0.0,0,3.757,0,0,0.0,0,0,0,0,0,0,0,0,0,0,0,0.0,0,0.0,0,0,0,3.746,0,0,0,0,0,1.503,0,0,0,0.0,0.0,0,0.0,0,0,0,0,0,0,0,0,0,10.994,0,0,0.0,0,0,0,0,0.0,0.0,0,0.0,0,0,0,0,0,0,0,0.0,0,0.0,0,1.814,0,0,0,0,0,0,0,0,0,0,0,0,0,0,2.266,0,0,0,0,0,0
311,2022-08-04 05:45:00,43.04,-49.223,0,0,0,0,297.0,92.224,0,49.223,49.223,27,11,27,3.088,0,0,0.0,0,0,0,5.77,0,0,0,0,0,0,0,0,0,0,3.381,0,0,0,0,0,0,0.0,0,0,0,0,0,0,0,0.0,0,0,0,3.924,0,0,0,4.098,0,0,0.0,0.0,0,0,0.0,0,3.757,0,0,0.0,0,0,0,0,0,0,0,0,0,0,0,0.0,0,0.0,0,0,0,3.746,0.0,0,0,0,0,3.712,0,0,0,0.0,4.932,0,0.0,0,0,0,0,0,0,0,0,0,0,0,0,11.0,0,0,0,0,0.0,0.0,0,0.0,0,0,0,0,0,0,0,0,0,0.0,0,1.814,0,0,0,0,0,0,0,0,0,0,0,0,0,0,0,0,0,0,0,0,0
312,2022-08-04 06:00:00,45.37,-44.062,0,0,0,0,286.0,81.51,0,44.062,44.062,26,9,26,3.088,0,0,0.0,0,0,0,5.77,0,0,0,0,0,0,0,0,0,0,3.381,0,0,0,0,0,0,0.0,0,0,0,0,0,0,0,0.0,0,0,0,3.924,0,0,0,7.626,0,0,0.0,0.0,0,0,0.0,0,0,0,0,0.0,0,0,0,0,0,0,0,0,0,0,0,0.0,0,0.0,0,0,0,3.746,0.0,0,0,0,0,3.712,0,0,0,0.0,0.0,0,0.0,0,0,0,0,0,0,0,0,0,0,0,0,11.0,0,0,0,0,0.0,0.0,0,0.0,0,0,0,0,0,0,0,0,0,0.0,0,1.814,0,0,0,0,0,0,0,0,0,0,0,0,0,0,0,0,0,0,0,0,0
313,2022-08-04 06:15:00,45.37,-44.049,0,0,0,0,286.0,61.98,0,44.049,44.049,26,9,26,3.088,0,0,0.0,0,0,0,5.77,0,0,0,0,0,0,0,0,0,0,3.381,0,0,0,0,0,0,0.0,0,0,0,0,0,0,0,0.0,0,0,0,3.924,0,0,0,7.612,0,0,0.0,0.0,0,0,0.0,0,0,0,0,0.0,0,0,0,0,0,0,0,0,0,0,0,0.0,0,0.0,0,0,0,3.746,0.0,0,0,0,0,3.712,0,0,0,0.0,0.0,0,0.0,0,0,0,0,0,0,0,0,0,0,0,0,11.0,0,0,0,0,0.0,0.0,0,0.0,0,0,0,0,0,0,0,0,0,0.0,0,1.814,0,0,0,0,0,0,0,0,0,0,0,0,0,0,0,0,0,0,0,0,0
314,2022-08-04 06:30:00,45.37,-44.867,0,0,0,0,220.0,59.762,0,44.867,44.867,20,5,20,0,0,0,0,0,0,0,0,0,0,0,0,0,0,0,0,0,0,5.071,0,0,0,0,0,0,0.0,0,0,0,0,0,0,0,0.0,0,0,0,0,0,0,0,0,0,0,0.0,0.0,0,0,0.0,0,0,0,0,0.0,0,0,0,0,0,0,0,0,0,0,0,0.0,0,0.0,0,0,0,0,0.0,0,0,0,0,11.0,0,0,0,6.796,0.0,0,0.0,0,0,0,0,0,0,0,0,0,0,0,0,11.0,0,0,0,0,0.0,0.0,0,0.0,0,0,0,0,0,0,0,0,0,0.0,0,11.0,0,0,0,0,0,0,0,0,0,0,0,0,0,0,0,0,0,0,0,0,0
315,2022-08-04 06:45:00,45.37,-44.0,0,0,0,0,209.0,62.59,0,44.0,44.0,19,4,19,0,0,0,0,0,0,0,0,0,0,0,0,0,0,0,0,0,0,11.0,0,0,0,0,0,0,0.0,0,0,0,0,0,0,0,0.0,0,0,0,0,0,0,0,0,0,0,0.0,0.0,0,0,0.0,0,0,0,0,0.0,0,0,0,0,0,0,0,0,0,0,0,0.0,0,0.0,0,0,0,0,0.0,0,0,0,0,11.0,0,0,0,11.0,0.0,0,0.0,0,0,0,0,0,0,0,0,0,0,0,0,11.0,0,0,0,0,0.0,0.0,0,0.0,0,0,0,0,0,0,0,0,0,0.0,0,0,0,0,0,0,0,0,0,0,0,0,0,0,0,0,0,0,0,0,0,0,0
316,2022-08-04 07:00:00,49.49,-52.391,0,0,0,0,187.0,63.391,0,52.391,52.391,17,5,17,0,0,0,0,0,0,0,0,0,0,0,0,0,0,0,0,0,0,11.0,0,0,0,0,0,0,0.0,0,0,0,0,0,0,0,0.0,0,0,0,0,0,0,0,0,0,0,0.0,0.0,0,0,0.0,0,0,0,0,0.0,0,0,0,0,0,0,0,0,0,0,0,0.0,0,0.0,0,0,0,0,0.0,0,0,0,0,11.0,0,0,0,11.0,8.391,0,0.0,0,0,0,0,0,0,0,0,0,0,0,0,11.0,0,0,0,0,0,0,0,0.0,0,0,0,0,0,0,0,0,0,0.0,0,0,0,0,0,0,0,0,0,0,0,0,0,0,0,0,0,0,0,0,0,0,0
317,2022-08-04 07:15:00,49.49,-62.479,0,0,0,0,187.0,73.479,0,62.479,62.479,17,6,17,0,0,0,0,0,0,0,0,0,0,0,0,0,0,0,0,0,0,11.0,0,0,0,0,0,0,7.479,0,0,0,0,0,0,0,0.0,0,0,0,0,0,0,0,0,0,0,0.0,0.0,0,0,0.0,0,0,0,0,0.0,0,0,0,0,0,0,0,0,0,0,0,0.0,0,0.0,0,0,0,0,0.0,0,0,0,0,11.0,0,0,0,11.0,11.0,0,0.0,0,0,0,0,0,0,0,0,0,0,0,0,11.0,0,0,0,0,0,0,0,0.0,0,0,0,0,0,0,0,0,0,0.0,0,0,0,0,0,0,0,0,0,0,0,0,0,0,0,0,0,0,0,0,0,0,0
318,2022-08-04 07:30:00,49.49,-58.559,0,0,0,0,187.0,69.559,0,58.559,58.559,17,6,17,0,0,0,0,0,0,0,0,0,0,0,0,0,0,0,0,0,0,11.0,0,0,0,0,0,0,3.559,0,0,0,0,0,0,0,0.0,0,0,0,0,0,0,0,0,0,0,0.0,0.0,0,0,0.0,0,0,0,0,0.0,0,0,0,0,0,0,0,0,0,0,0,0.0,0,0.0,0,0,0,0,0.0,0,0,0,0,11.0,0,0,0,11.0,11.0,0,0.0,0,0,0,0,0,0,0,0,0,0,0,0,11.0,0,0,0,0,0,0,0,0.0,0,0,0,0,0,0,0,0,0,0.0,0,0,0,0,0,0,0,0,0,0,0,0,0,0,0,0,0,0,0,0,0,0,0
319,2022-08-04 07:45:00,49.49,-168.582,0,0,0,0,337.0,179.587,0,168.582,61.298,18,7,17,0,0,0,0,0,0,0,0,0,0,0,0,0,0,0,0,0,0,10.995,0,0,0,0,0,0,6.303,0,0,0,0,0,0,0,0.0,0,0,0,0,0,0,0,0,0,0,0.0,0.0,0,0,0.0,0,0,0,0,0.0,0,0,0,0,0,0,0,0,0,0,0,0.0,0,0.0,0,0,0,0,0.0,0,0,0,0,11.0,0,0,0,11.0,11.0,0,0.0,0,0,0,0,0,0,0,0,0,0,0,0,11.0,0,0,0,0,0,0,0,0.0,0,0,0,0,0,0,0,0,0,0.0,0,0,0,0,0,0,0,0,0,0,0,107.284,0,0,0,0,0,0,0,0,0,0,0
320,2022-08-04 08:00:00,59.92,-64.263,0,0,0,0,165.0,75.263,0,64.263,64.263,15,6,15,0,0,0,0,0,0,0,0,0,0,0,0,0,0,0,0,0,0,0,0,0,0,0,0,0,11.0,0,0,0,0,0,0,0,11.0,0,0,0,0,0,0,0,0,0,0,0.0,0.0,0,0,0.0,0,0,0,0,0.0,0,0,0,0,0,0,0,0,0,0,0,0.0,0,0.0,0,0,0,0,0.0,0,0,0,0,0,0,0,0,11.0,11.0,0,9.263,0,0,0,0,0,0,0,0,0,0,0,0,11.0,0,0,0,0,0,0,0,0.0,0,0,0,0,0,0,0,0,0,0.0,0,0,0,0,0,0,0,0,0,0,0,0,0,0,0,0,0,0,0,0,0,0,0
321,2022-08-04 08:15:00,59.92,-54.748,0,0,0,0,165.0,65.748,0,54.748,54.748,15,5,15,0,0,0,0,0,0,0,0,0,0,0,0,0,0,0,0,0,0,0,0,0,0,0,0,0,11.0,0,0,0,0,0,0,0,10.748,0,0,0,0,0,0,0,0,0,0,0.0,0.0,0,0,0.0,0,0,0,0,0.0,0,0,0,0,0,0,0,0,0,0,0,0.0,0,0.0,0,0,0,0,0.0,0,0,0,0,0,0,0,0,11.0,11.0,0,0.0,0,0,0,0,0,0,0,0,0,0,0,0,11.0,0,0,0,0,0,0,0,0.0,0,0,0,0,0,0,0,0,0,0.0,0,0,0,0,0,0,0,0,0,0,0,0,0,0,0,0,0,0,0,0,0,0,0
322,2022-08-04 08:30:00,59.92,-49.4,0,0,0,0,165.0,60.4,0,49.4,49.4,15,5,15,0,0,0,0,0,0,0,0,0,0,0,0,0,0,0,0,0,0,0,0,0,0,0,0,0,9.831,0,0,0,0,0,0,0,10.442,0,0,0,0,0,0,0,0,0,0,0.0,0.0,0,0,0.0,0,0,0,0,0.0,0,0,0,0,0,0,0,0,0,0,0,0.0,0,0.0,0,0,0,0,0.0,0,0,0,0,0,0,0,0,11.0,7.127,0,0.0,0,0,0,0,0,0,0,0,0,0,0,0,11.0,0,0,0,0,0,0,0,0.0,0,0,0,0,0,0,0,0,0,0.0,0,0,0,0,0,0,0,0,0,0,0,0,0,0,0,0,0,0,0,0,0,0,0
323,2022-08-04 08:45:00,59.92,-55.0,0,0,0,0,165.0,66.712,0,55.0,55.0,15,5,15,0,0,0,0,0,0,0,0,0,0,0,0,0,0,0,0,0,0,0,0,0,0,0,0,0,11.0,0,0,0,0,0,0,0,11.0,0,0,0,0,0,0,0,0,0,0,0.0,0.0,0,0,0.0,0,0,0,0,0.0,0,0,0,0,0,0,0,0,0,0,0,0.0,0,0.0,0,0,0,0,0.0,0,0,0,0,0,0,0,0,11.0,11.0,0,0.0,0,0,0,0,0,0,0,0,0,0,0,0,11.0,0,0,0,0,0,0,0,0.0,0,0,0,0,0,0,0,0,0,0.0,0,0,0,0,0,0,0,0,0,0,0,0,0,0,0,0,0,0,0,0,0,0,0
324,2022-08-04 09:00:00,60.0,-70.21,0,0,0,0,165.0,81.21,0,70.21,70.21,15,7,15,0,0,0,0,0,0,0,0,0,0,0,0,0,0,0,0,0,0,0,0,0,0,0,0,0,11.0,0,0,0,0,0,0,0,11.0,0,0,0,0,0,0,0,0,0,0,0.0,0.0,0,0,0.0,0,0,0,0,0.0,0,0,0,0,0,0,0,0,0,0,0,0.0,0,0.0,0,0,0,0,0.0,0,0,0,0,0,0,0,0,11.0,11.0,0,11.0,0,0,0,0,0,0,0,0,0,0,0,0,11.0,0,0,0,0,0,0,0,4.21,0,0,0,0,0,0,0,0,0,0.0,0,0,0,0,0,0,0,0,0,0,0,0,0,0,0,0,0,0,0,0,0,0,0
325,2022-08-04 09:15:00,60.0,-70.297,0,0,0,0,165.0,92.179,0,70.297,70.297,15,8,15,0,0,0,0,0,0,0,0,0,0,0,0,0,0,0,0,0,0,0,0,0,0,0,0,0,11.0,0,0,0,0,0,0,0,11.0,0,0,0,0,0,0,0,0,0,0,5.234,0.0,0,0,0.0,0,0,0,0,0.0,0,0,0,0,0,0,0,0,0,0,0,0.0,0,0.0,0,0,0,0,0.0,0,0,0,0,0,0,0,0,11.0,11.0,0,11.0,0,0,0,0,0,0,0,0,0,0,0,0,0.118,0,0,0,0,0,0,0,9.945,0,0,0,0,0,0,0,0,0,0.0,0,0,0,0,0,0,0,0,0,0,0,0,0,0,0,0,0,0,0,0,0,0,0
326,2022-08-04 09:30:00,60.0,-73.245,0,0,0,0,165.0,95.245,0,73.245,73.245,15,8,15,0,0,0,0,0,0,0,0,0,0,0,0,0,0,0,0,0,0,0,0,0,0,0,0,0,11.0,0,0,0,0,0,0,0,11.0,0,0,0,0,0,0,0,0,0,0,11.0,0.0,0,0,0.0,0,0,0,0,0.0,0,0,0,0,0,0,0,0,0,0,0,0.0,0,0.0,0,0,0,0,0.0,0,0,0,0,0,0,0,0,11.0,11.0,0,11.0,0,0,0,0,0,0,0,0,0,0,0,0,0.0,0,0,0,0,0,0,0,5.757,0,0,0,0,0,0,0,0,0,1.488,0,0,0,0,0,0,0,0,0,0,0,0,0,0,0,0,0,0,0,0,0,0,0
327,2022-08-04 09:45:00,60.0,-66.14,0,0,0,0,165.0,88.14,0,66.14,66.14,15,7,15,0,0,0,0,0,0,0,0,0,0,0,0,0,0,0,0,0,0,0,0,0,0,0,0,0,11.0,0,0,0,0,0,0,0,11.0,0,0,0,0,0,0,0,0,0,0,9.464,0.0,0,0,0.0,0,0,0,0,0.0,0,0,0,0,0,0,0,0,0,0,0,0.0,0,0.0,0,0,0,0,0.0,0,0,0,0,0,0,0,0,11.0,11.0,0,11.0,0,0,0,0,0,0,0,0,0,0,0,0,0.0,0,0,0,0,0,0,0,1.676,0,0,0,0,0,0,0,0,0,0.0,0,0,0,0,0,0,0,0,0,0,0,0,0,0,0,0,0,0,0,0,0,0,0
328,2022-08-04 10:00:00,60.04,-55.0,0,0,0,0,165.0,77.0,0,55.0,55.0,15,5,15,0,0,0,0,0,0,0,0,0,0,0,0,0,0,0,0,0,0,0,0,0,0,0,0,0,11.0,0,0,0,0,0,0,0,11.0,0,0,0,0,0,0,0,0,0,0,0.0,0.0,0,0,0.0,0,0,0,0,0.0,0,0,0,0,0,0,0,0,0,0,0,0.0,0,0.0,0,0,0,0,0.0,0,0,0,0,0,0,0,0,11.0,11.0,0,11.0,0,0,0,0,0,0,0,0,0,0,0,0,0.0,0,0,0,0,0,0,0,0.0,0,0,0,0,0,0,0,0,0,0.0,0,0,0,0,0,0,0,0,0,0,0,0,0,0,0,0,0,0,0,0,0,0,0
329,2022-08-04 10:15:00,60.04,-101.968,0,0,0,0,154.0,112.968,0,101.968,101.968,14,10,14,0,0,0,0,0,0,0,0,0,0,0,0,0,0,0,0,0,0,0,0,0,0,0,0,0,11.0,0,0,0,0,0,0,0,11.0,0,0,0,0,0,0,0,0,0,0,11.0,0.0,0,0,2.968,0,0,0,0,0.0,0,0,0,0,0,0,0,0,0,0,0,0.0,0,11.0,0,0,0,0,0.0,0,0,0,0,0,0,0,0,11.0,11.0,0,11.0,0,0,0,0,0,0,0,0,0,0,0,0,0,0,0,0,0,0,0,0,11.0,0,0,0,0,0,0,0,0,0,11.0,0,0,0,0,0,0,0,0,0,0,0,0,0,0,0,0,0,0,0,0,0,0,0
330,2022-08-04 10:30:00,60.04,-86.718,0,0,0,0,143.0,86.718,0,86.718,86.718,13,9,13,0,0,0,0,0,0,0,0,0,0,0,0,0,0,0,0,0,0,0,0,0,0,0,0,0,11.0,0,0,0,0,0,0,0,11.0,0,0,0,0,0,0,0,0,0,0,11.0,0.0,0,0,0.0,0,0,0,0,0.0,0,0,0,0,0,0,0,0,0,0,0,0,0,7.495,0,0,0,0,0.0,0,0,0,0,0,0,0,0,11.0,11.0,0,11.0,0,0,0,0,0,0,0,0,0,0,0,0,0,0,0,0,0,0,0,0,8.852,0,0,0,0,0,0,0,0,0,4.371,0,0,0,0,0,0,0,0,0,0,0,0,0,0,0,0,0,0,0,0,0,0,0
331,2022-08-04 10:45:00,60.04,-109.361,0,0,0,0,154.0,113.309,0,109.361,109.361,14,11,14,0,0,0,0,0,0,0,0,0,0.0,0,0,0,0,0,0,0,0,0,0,0,0,0,0,0,11.0,0,0,0,0,0,0,0,7.052,0,0,0,0,0,0,0,0,0,0,11.0,0.0,0,0,11.0,0,0,0,0,3.671,0,0,0,0,0,0,0,0,0,0,0,0,0,10.638,0,0,0,0,0.0,0,0,0,0,0,0,0,0,11.0,11.0,0,11.0,0,0,0,0,0,0,0,0,0,0,0,0,0,0,0,0,0,0,0,0,11.0,0,0,0,0,0,0,0,0,0,11.0,0,0,0,0,0,0,0,0,0,0,0,0,0,0,0,0,0,0,0,0,0,0,0
332,2022-08-04 11:00:00,57.7,-94.517,0,0,0,0,154.0,105.517,0,94.517,94.517,14,9,14,0,0,0,0,0,0,0,0,0,0.0,0,0,0,0,0,0,0,0,0,0,0,0,0,0,0,11.0,0,0,0,0,0,0,0,0.0,0,0,0,0,0,0,0,0,0,0,11.0,0.0,0,0,11.0,0,0,0,0,6.517,0,0,0,0,0,0,0,0,0,0,0,0,0,11.0,0,0,0,0,0.0,0,0,0,0,0,0,0.0,0,0,11.0,0,11.0,0,0,0,0,0,0,0,0,0,0,0,0,0,0,0,0,0,0,0,0,11.0,0,0,0,0,0,0,0,0,0,11.0,0,0,0,0,0,0,0,0,0,0,0,0,0,0,0,0,0,0,0,0,0,0,0
333,2022-08-04 11:15:00,57.7,-95.863,0,0,0,0,154.0,106.863,0,95.863,95.863,14,9,14,0,0,0,0,0,0,0,0,0,0.0,0,0,0,0,0,0,0,0,0,0,0,0,0,0,0,11.0,0,0,0,0,0,0,0,0.0,0,0,0,0,0,0,0,0,0,0,11.0,0.0,0,0,11.0,0,0,0,0,7.863,0,0,0,0,0,0,0,0,0,0,0,0,0,11.0,0,0,0,0,0.0,0,0,0,0,0,0,0.0,0,0,11.0,0,11.0,0,0,0,0,0,0,0,0,0,0,0,0,0,0,0,0,0,0,0,0,11.0,0,0,0,0,0,0,0,0,0,11.0,0,0,0,0,0,0,0,0,0,0,0,0,0,0,0,0,0,0,0,0,0,0,0
334,2022-08-04 11:30:00,57.7,-96.784,0,0,0,0,165.0,107.784,0,96.784,96.784,15,9,15,0,0,0,0,0,0,0,0,0,0.0,0,0,0,0,0,0,0,0,0,0,0,0,0,0,0,11.0,0,0,0,0,0,0,0,0.0,0,0,0,0,0,0,0,0,0,0,11.0,0.0,0,0,11.0,0,0,0,0,8.784,0,0,0,0,0,0,0,0,0,0,0,0,0,11.0,0,0,0,0,0.0,0,0,0,0,0,0.0,0.0,0,0,11.0,0,11.0,0,0,0,0,0,0,0,0,0,0,0,0,0,0,0,0,0,0,0,0,11.0,0,0,0,0,0,0,0,0,0,11.0,0,0,0,0,0,0,0,0,0,0,0,0,0,0,0,0,0,0,0,0,0,0,0
335,2022-08-04 11:45:00,57.7,-91.558,0,0,0,0,176.0,108.705,0,91.558,91.558,16,9,16,0,0,0,0,0,0,0,0,0,0.0,0,0,0,0,0,0,0,0,0,0,0,0,0,0,0,11.0,0,0,0,0,0,0,0,0.0,0,0,0,0,0,0,0,0,0,0,11.0,0.0,0,0,11.0,0,0,0,0,9.705,0,0,0,0,0,0,0,0,0,0,0,0,0,11.0,0,0,0,0,0.0,0,0,0,0,0,0.0,0.0,0,0,4.853,0,11.0,0,0,0,0,0,0,0,0.0,0,0,0,0,0,0,0,0,0,0,0,0,11.0,0,0,0,0,0,0,0,0,0,11.0,0,0,0,0,0,0,0,0,0,0,0,0,0,0,0,0,0,0,0,0,0,0,0
336,2022-08-04 12:00:00,52.86,-100.71,0,0,0,0,176.0,111.71,0,100.71,100.71,16,10,16,0,0,0,0,0,0,0,0,0,0.0,0,0,0,0,0,0,0,0,0,0,0,0,0,0,0,11.0,0,0,0,0,0,0,0,0.0,0,0,0,0,0,0,0,0,0,0,11.0,8.501,0,0,11.0,0,0,0,0,11.0,0,0,0,0,0,0,0,0,0,0,0,0,0,11.0,0,0,0,0,0.0,0,0,0,0,0,0.0,0.0,0,0,0,0,11.0,0,0,0,0,0,0,0,0.0,0,0,0,0,0,4.209,0,0,0,0,0,0,11.0,0,0,0,0,0,0,0,0,0,11.0,0,0,0,0,0,0,0,0,0,0,0,0,0,0,0,0,0,0,0,0,0,0,0
337,2022-08-04 12:15:00,52.86,-75.92,0,0,0,0,187.0,101.326,0,75.92,75.92,17,9,17,0,0,0,0,0,0,0,0,0,0.0,0,0,0,0,0,0,0,0,0,0,0,0,0,0,0,11.0,0,0,0,0,0,0,0,0.0,0,0,0,0,0,0,0,0,0,0,11.0,0.0,0,0,11.0,0,0,0,0,11.0,0,0,0,0,0,0,0,0,0,0,0,0,0,11.0,0,0,0,0,0.0,0,0,0,0,0,0.0,0.0,0,0,0,0,5.804,0,0,0,0,0,0,0,0.0,0,0,0,0,0,2.326,0,0,0,0,0,0,1.789,0,0,0,0,0,0,0,0,0,11.0,0.0,0,0,0,0,0,0,0,0,0,0,0,0,0,0,0,0,0,0,0,0,0,0
338,2022-08-04 12:30:00,52.86,-79.755,0,0,0,0,187.0,112.754,0,79.755,79.755,17,8,17,0,0,0,0,0,0,0,0,0,0.0,0,0,0,0,0,0,0,0,0,0,0,0,0,0,0,11.0,0,0,0,0,0,0,0,0.0,0,0,0,0,0,0,0,0,0,0,2.755,11.0,0,0,11.0,0,0,0,0,11.0,0,0,0,0,0,0,0,0,0,0,0,0,0,11.0,0,0,0,0,0.0,0,0,0,0,0,0.0,0.0,0,0,0,0,0.0,0,0,0,0,0,0,0,0.0,0,0,0,0,0,11.0,0,0,0,0,0,0,0.0,0,0,0,0,0,0,0,0,0,11.0,0.0,0,0,0,0,0,0,0,0,0,0,0,0,0,0,0,0,0,0,0,0,0,0
339,2022-08-04 12:45:00,52.86,-77.338,0,0,0,0,198.0,110.338,0,77.338,77.338,18,11,18,0,0,0,0,0,0,0,0,0,0.0,0,0,0,0,0,0,0,0,0,0,0,0,0,0,0,11.0,0,0,0,0,2.291,0,0,0.0,0,0,0,0,0,0,0,0,0,0,0.0,11.0,0,0,11.0,0,0,0,0,11.0,0,0,0,0,0,0,0,0,0,0,0,0,0,11.0,0,0,0,0,1.716,0,0,0,0,0,2.448,0.0,0,0,0,0,0.0,0,0,0,0,0,0,0,3.637,0,0,0,0,0,11.0,0,0,0,0,0,0,0.0,0,0,0,0,0,0,0,0,0,1.246,0.0,0,0,0,0,0,0,0,0,0,0,0,0,0,0,0,0,0,0,0,0,0,0
340,2022-08-04 13:00:00,50.05,-71.675,0,0,0,0,198.0,104.676,0,71.675,71.675,18,8,18,0,0,0,0,0,0,0,0,0,0.0,0,0,0,0,0,0,0,0,0,0,0,0,0,0,0,11.0,0,0,0,0,2.291,0,0,0.0,0,0,0,0,0,0,0,0,0,0,0.0,11.0,0,0,11.0,0,0,0,0,11.0,0,0,0,0,0,0,0,0,0,0,0,0,0,11.0,0,0,0,0,0.0,0,0,0,0,0,0.0,0.0,0,0,0,0,0.0,0,0,0,0,0,0,0,3.384,0,0,0,0,0,11.0,0,0,0,0,0,0,0.0,0,0,0,0,0,0,0,0,0,0.0,0.0,0,0,0,0,0,0,0,0,0,0,0,0,0,0,0,0,0,0,0,0,0,0
341,2022-08-04 13:15:00,50.05,-187.155,0,0,0,0,359.0,223.632,0,187.155,70.528,20,10,19,0,0,0,0,0,0,0,0,0,0.0,0,0,0,0,0,0,0,0,0,0,0,0,0,0,0,7.523,0,0,0,0,2.291,0,0,0.0,0,0,0,0,0,0,0,0,0,0,0.0,11.0,0,0,11.0,0,0,0,0,11.0,0,0,0,0.0,0,0,0,0,0,0,0,0,0,11.0,0,0,0,0,0.0,0,0,0,0,0,2.077,0.0,0,0,0,0,0.0,0,0,0,0,0,0,0,3.637,0,0,0,0,0,11.0,0,0,0,0,0,0,0.0,0,0,0,0,0,0,0,0,0,0.0,0.0,0,0,0,0,0,0,0,0,0,0,116.627,0,0,0,0,0,0,0,0,0,0,0
342,2022-08-04 13:30:00,50.05,-78.541,0,0,0,0,209.0,122.54,0,78.541,78.541,19,11,19,0,0,0,0,0,0,0,0,0,1.241,0,0,0,0,0,0,0,0,0,0,0,0,0,0,0,0.0,0,0,0,0,2.291,0,0,0.0,0,0,0,0,0,0,0,0,0,0,0.0,11.0,0,0,8.285,0,0,0,0,11.0,0,0,0,0.0,0,0,0,0,0,0,0,0,0,11.0,0,0,0,0,11.0,0,0,0,0,0,4.242,3.845,0,0,0,0,0.0,0,0,0,0,0,0,0,3.637,0,0,0,0,0,11.0,0,0,0,0,0,0,0.0,0,0,0,0,0,0,0,0,0,0.0,0.0,0,0,0,0,0,0,0,0,0,0,0,0,0,0,0,0,0,0,0,0,0,0
343,2022-08-04 13:45:00,50.05,-52.392,0,0,0,0,209.0,104.304,0,52.392,52.392,19,8,19,0,0,0,0,0,0,0,0,0,0.0,0,0,0,0,0,0,0,0,0,0,0,0,0,0,0,0.0,0,0,0,0,2.291,0,0,0.0,0,0,0,0,0,0,0,0,0,0,0.0,11.0,0,0,0.0,0,0,0,0,11.0,0,0,0,0.0,0,0,0,0,0,0,0,0,0,3.088,0,0,0,0,7.928,0,0,0,0,0,2.448,0.0,0,0,0,0,0.0,0,0,0,0,0,0,0,3.637,0,0,0,0,0,11.0,0,0,0,0,0,0,0.0,0,0,0,0,0,0,0,0,0,0.0,0.0,0,0,0,0,0,0,0,0,0,0,0,0,0,0,0,0,0,0,0,0,0,0
344,2022-08-04 14:00:00,50.94,-16.47,0,0,0,0,209.0,71.47,0,16.47,16.47,19,3,19,0,0,0,0,0,0,0,0,0,0.0,0,0,0,0,0,0,0,0,0,0,0,0,0,0,0,0.0,0,0,0,0,1.6,0,0,0.0,0,0,0,0,0,0,0,0,0,0,0.0,9.136,0,0,0.0,0,0,0,0,5.734,0,0,0,0.0,0,0,0,0,0,0,0,0,0,0.0,0,0,0,0,0.0,0,0,0,0,0,0.0,0.0,0,0,0,0,0.0,0,0,0,0,0,0,0,0.0,0,0,0,0,0,0,0,0,0,0,0,0,0.0,0,0,0,0,0.0,0,0,0,0,0.0,0.0,0,0,0,0,0,0,0,0,0,0,0,0,0,0,0,0,0,0,0,0,0,0
345,2022-08-04 14:15:00,50.94,-9.99,0,0,0,0,220.0,64.991,0,9.99,9.99,20,2,20,0,0,0,0,0,0,0,0,0,0.0,0,0,0,0,0,0,0,0,0,0,0,0,0,0,0,0.0,0,0,0,0,1.6,0,0,0.0,0,0,0,0,0,0,0,0,0,0,0.0,8.39,0,0,0.0,0,0,0,0,0.0,0,0,0,0.0,0,0,0,0,0,0,0,0,0,0.0,0,0,0,0,0.0,0,0,0,0,0,0.0,0.0,0,0,0,0,0.0,0,0,0.0,0,0,0,0,0.0,0,0,0,0,0,0,0,0,0,0,0,0,0.0,0,0,0,0,0.0,0,0,0,0,0.0,0.0,0,0,0,0,0,0,0,0,0,0,0,0,0,0,0,0,0,0,0,0,0,0
346,2022-08-04 14:30:00,50.94,-34.748,0,0,0,0,231.0,78.85,0,34.748,34.748,21,4,21,0,0,0,0,0,0,0,0,0,0.0,0,0,0,0,0,0,0,0,0,0,0,0,0,0,0,0,0,0,0,0,9.581,0,0,0.0,0,0,0,0,0,0,0,0,0,0,0.0,11.0,0,0,0.0,0,0,0,0,0.0,0,0,0,0.0,0,0,0,0,0,0,0,0,0,0.0,0,0,0,0,0.0,0,0,0,0,0,0.0,0.0,0,0,0,0,0.0,0,0,0.0,0,10.457,0,0.0,0.0,0,0,0,0,0,0,0,0,0,0,0,0,0.0,0,0,0,0,0.0,0,0,0,0,0.0,3.71,0,0,0,0,0,0,0,0,0,0,0,0,0,0,0,0,0,0,0,0,0,0
347,2022-08-04 14:45:00,50.94,-45.515,0,0,0,0,220.0,78.514,0,45.515,45.515,20,7,20,0,0,0,0,0,0,0,0,0,0.0,0,0,0,0,0,0,0,0,0,0,0,0,0,0,0,0,0,0,0,0,9.581,0,0,0.0,0,0,0,0,0,0,0,0,0,0,0.0,11.0,0,0,0.0,0,0,0,0,0.0,0,0,0,0.0,0,0,0,0,0,0,0,0,0,0.0,0,0,0,0,4.682,0,0,0,0,0,2.448,0.0,0,0,0,0,0,0,0,0.0,0,10.457,0,0.0,3.637,0,0,0,0,0,0,0,0,0,0,0,0,0.0,0,0,0,0,0.0,0,0,0,0,0.0,3.71,0,0,0,0,0,0,0,0,0,0,0,0,0,0,0,0,0,0,0,0,0,0
348,2022-08-04 15:00:00,54.04,-45.103,0,0,0,0,242.0,67.102,0,45.103,45.103,22,7,22,0,0,0,0,0,0,0,0,0,0.0,0,0,0,0,0,0,0,0,0,0.0,0,0,0,0,0,0,0,0,0,0,9.581,0,0,0,0,0,0,0,0,0,0,0,0,0,0.0,11.0,0,0,0.0,0,0,0,0,0.0,0,0,0,0.0,0,0,0,0,0,0,0,0,0,0.0,0,0,0,0,4.27,0,0,0,0,0,2.448,0.0,0,0,0,0,0,0,0,0.0,0,10.457,0,0.0,3.637,0.0,0,0,0,0,0,0,0,0.0,0,0,0,0.0,0,0,0,0,0.0,0,0,0,0,0.0,3.71,0,0,0,0,0,0,0,0,0,0,0,0,0,0,0,0,0,0,0,0,0,0
349,2022-08-04 15:15:00,54.04,-34.748,0,0,0,0,242.0,57.752,0,34.748,34.748,22,4,22,0,0,0,0,0,0,0,0,0,0.0,0,0,0,0,0,0,0,0,0,0.0,0,0,0,0,0,0,0,0,0,0,9.581,0,0,0,0,0,0,0,0,0,0,0,0,0,0.0,11.0,0,0,0.0,0,0,0,0,0.0,0,0,0,0.0,0,0,0,0,0,0,0,0,0,0.0,0,0,0,0,0.0,0,0,0,0,0,0.0,0.0,0,0,0,0,0,0,0,0.0,0,10.457,0,0.0,0.0,0.0,0,0,0,0,0,0,0,0.0,0,0,0,0.0,0,0,0,0,0.0,0,0,0,0,0.0,3.71,0,0,0,0,0,0,0,0,0,0,0,0,0,0,0,0,0,0,0,0,0,0
350,2022-08-04 15:30:00,54.04,-47.931,0,0,0,0,231.0,58.93,0,47.931,47.931,21,7,21,0,0,0,0,0,0,0,0,0,0.0,0,0,0,0,0,0,0,0,0,0.0,0,0,0,0,0,0,0,0,0,0,9.581,0,0,0,0,0,0,0,0,0,0,0,0,0,0.0,11.0,0,0,0.0,0,0,0,0,0.0,0,0,0,0.0,0,0,0,0,0,0,0,0,0,0,0,0,0,0,7.098,0,0,0,0,0,2.448,0.0,0,0,0,0,0,0,0,0.0,0,10.457,0,0.0,3.637,0.0,0,0,0,0,0,0,0,0.0,0,0,0,0.0,0,0,0,0,0.0,0,0,0,0,0.0,3.71,0,0,0,0,0,0,0,0,0,0,0,0,0,0,0,0,0,0,0,0,0,0
351,2022-08-04 15:45:00,54.04,-46.41,0,0,0,0,231.0,57.409,0,46.41,46.41,21,7,21,0,0,0,0,0,0,0,0,0,0.0,0,0,0,0,0,0,0,0,0,0.0,0,0,0,0,0,0,0,0,0,0,9.581,0,0,0,0,0,0,0,0,0,0,0,0,0,0,11.0,0,0,0.0,0,0,0,0,0.0,0,0,0,0.0,0,0,0,0,0,0,0,0,0,0,0,0.0,0,0,5.577,0,0,0,0,0,2.448,0.0,0,0,0,0,0,0,0,0.0,0,10.457,0,0.0,3.637,0.0,0,0,0,0,0,0,0,0.0,0,0,0,0.0,0,0,0,0,0.0,0,0,0,0,0.0,3.71,0,0,0,0,0,0,0,0,0,0,0,0,0,0,0,0,0,0,0,0,0,0
352,2022-08-04 16:00:00,57.52,-47.957,0,0,0,0,242.0,60.909,0,47.957,47.957,22,8,22,0,0,0,0,0,0,0,0,0,0.0,0,0,0,0,0,0,0,0,0,0.0,0,0,0,0,0,0,7.406,0,0,0,9.581,0,0,0,0,0,0,0,0,0,0,0,0,0,0,9.047,0,0,0.0,0,0,0,0,0.0,0,0,0,0.0,0,0,0,0,0,0,0,0,0,0,0,0.0,0,0,1.671,0,0,0,0,0,2.448,0.0,0,0,0,0,0,0,0,0.0,0,10.457,0,0.0,3.637,0.0,0,0,0,0,0,0,0,0.0,0,0,0,0.0,0,0,0,0,0.0,0,0,0,0,0.0,3.71,0,0,0,0,0,0,0,0,0,0,0,0,0,0,0,0,0,0,0,0,0,0
353,2022-08-04 16:15:00,57.52,-46.729,0,0,0,0,275.0,67.784,0,46.729,46.729,25,6,25,0,0,0,0,0,0,0,0,9.196,0.0,0,0,0,0,0,0,0,0,0,0.0,0,0,0,0,0,0,7.406,0,0,0,9.581,0,0,0,0,0,0,0,0,0,0,0,0,0,0,0.0,0.0,0,0.0,0,0,0,0,0,0,0,0,0.0,0,0,0,0,0,0,0,0,0,0,0,0.0,0,0,0.0,0,0,0,0,0,0.0,0.0,0,7.07,0,0,0,0,0,0.0,0,10.457,0,0.0,0.0,0.0,0,0,0,0,0,0,0,0.0,0,0,0,0.0,0,0,0,0,0.0,0,0,0,0,0.0,3.019,0,0,0.0,0,0,0,0,0,0,0,0,0,0,0,0,0,0,0,0,0,0,0
354,2022-08-04 16:30:00,57.52,-46.729,0,0,0,0,264.0,66.914,0,46.729,46.729,24,6,24,0,0,0,0,0,0,0,0,9.196,0.0,0,0,0,0,0,0,0,0,0,0.0,0,0,0,0,0,0,7.406,0,0,0,9.581,0,0,0,0,0,0,0,0,0,0,0,0,0,0,0.0,0.0,0,0.0,0,0,0,0,0,0,0,0,0.0,0,0,0,0,0,0,0,0,0,0,0,0.0,0,0,0.0,0,0,0,0,0,0.0,0.0,0,7.07,0,0,0,0,0,0.0,0,10.457,0,0.0,0.0,0.0,0,0,0,0,0,0,0,0.0,0,0,0,0.0,0,0,0,0,0.0,0,0,0,0,0,3.019,0,0,0.0,0,0,0,0,0,0,0,0,0,0,0,0,0,0,0,0,0,0,0
355,2022-08-04 16:45:00,57.52,-43.031,0,0,0,0,253.0,54.249,0,43.031,43.031,23,7,23,0,0,0,0,0,0,0,0,9.196,0.0,0,0,0,0,0,0,0,0,0,0.0,0,0,0,0,0,0,7.607,0,0,0,0,0,0,0,0,0,0,0,0,0,0,0,0,0,0,0.0,0.0,0,0.0,0,0,0,0,0,0,0,0,4.303,0,0,0,0,0,0,0,0,0,0,0,1.251,0,0,0.0,0,0,0,0,0,0.0,0.0,0,7.07,0,0,0,0,0,0.0,0,11.0,0,0.0,0.0,0.0,0,0,0,0,0,0,0,0.0,0,0,0,0.0,0,0,0,0,2.604,0,0,0,0,0,0.0,0,0,0.0,0,0,0,0,0,0,0,0,0,0,0,0,0,0,0,0,0,0,0
356,2022-08-04 17:00:00,64.91,-41.245,0,0,0,0,253.0,56.943,0,41.245,41.245,23,7,23,0,0,0,0,0,0,0,0,0,0.0,0,0,0,0,0,0,0,0,0,0.0,0,0,0,0,0,0,7.607,0,0,0,0,0,0,0,0,0,0,0,0,0,0,0,0,0,0,0.0,0.0,0,0.0,0,0,0,0,0,0,0,0,4.764,0,0,0,0,0,0,0,0,0,0,0,1.251,0,0,0.0,0,0,0,0,0,0.0,0.0,0,11.0,0,0,0,0,0,0.0,0,11.0,0,0.0,0.0,0.0,0,0,0,0,0,0,0,0.0,0,0,0,0.0,0,0,0,0,2.604,0,0,0,0,0,3.019,0,0,0.0,0,0,0,0,0,0,0.0,0,0,0,0,0,0,0,0,0,0,0,0
357,2022-08-04 17:15:00,64.91,-25.24,0,0,0,0,242.0,38.198,0,25.24,25.24,22,6,22,0,0,0,0,0,0,0,0,0,0.0,0,0,0,0,0,0,0,0,0,0.0,0,0,0,0,0,0,0,0,0,0,0,0,0,0,0,0,0,0,0,0,0,0,0,0,0,0.0,4.414,0,0.0,0,0,0,0,0,0,0,0,4.764,0,0,0,0,0,0,0,0,0,0,0,1.251,0,0,0.0,0,0,0,0,0,0.0,0.0,0,0,0,0,0,0,0,0.0,0,11.0,0,0.0,0.0,0.0,0,0,0,0,0.0,0,0,0.0,0,0,0,0.0,0,0,0,0,2.604,0,0,0,0,0,1.207,0,0,0.0,0,0,0,0,0,0,0.0,0,0,0,0,0,0,0,0,0,0,0,0
358,2022-08-04 17:30:00,64.91,-12.236,0,0,0,0,242.0,20.15,0,12.236,12.236,22,2,22,0,0,0,0,0,0,0,0,0,0.0,0,0,0,0,0,0,0,0,0,0.0,0,0,0,0,0,0,0,0,0,0,0,0,0,0,0,0,0,0,0,0,0,0,0,0,0,0.0,4.213,0,0.0,0,0,0,0,0,0,0,0,0.0,0,0,0,0,0,0,0,0,0,0,0,0.0,0,0,0.0,0,0,0,0,0,0.0,0.0,0,0,0,0,0,0,0,0.0,0,8.023,0,0.0,0.0,0.0,0,0,0,0,0.0,0,0,0.0,0,0,0,0.0,0,0,0,0,0.0,0,0,0,0,0,0.0,0,0,0.0,0,0,0,0,0,0,0.0,0,0,0,0,0,0,0,0,0,0,0,0
359,2022-08-04 17:45:00,64.91,-12.236,0,0,0,0,253.0,23.357,0,12.236,12.236,23,2,23,0,0,0,0,0,0,0,0,0,0.0,0,0,0,0,0,0,0,0,0,0.0,0,0,0,0,0,0,0,0,0,0,0,0,0,0,0,0,0,0,0,0,0,0,0,0,0,0.0,4.213,0,0.0,0,0,0,0,0,0,0,0,0.0,0,0,0,0,0,0,0,0,0,0,0,0.0,0,0,0.0,0,0,0,0,0,0.0,0.0,0,0,0,0,0,0,0,0.0,0,8.023,0,0.0,0.0,0.0,0,0,0,0,0.0,0,0,0.0,0,0,0,0.0,0,0,0.0,0,0.0,0,0,0,0,0,0.0,0,0,0.0,0,0,0,0,0,0,0.0,0,0,0,0,0,0,0,0,0,0,0,0
360,2022-08-04 18:00:00,59.92,-15.259,0,0,0,0,264.0,25.425,0,15.259,15.259,24,3,24,0,0,0,0,0,0,0,0,0,0.0,0,0,0,0,0,0,0,0,0,0.0,0,0,0,0,0,0,0,0,0,0,0,0,0,0,0,0,0,0,0,0,0,0,0,0,0,0.0,4.213,0,0.0,0,0,0,0,0,0,0,0,0.0,0,0,0,0,0,0,0,0,3.023,0,0,0.0,0,0,0.0,0,0,0,0,0,0.0,0.0,0,0,0,0,0,0,0,0.0,0,8.023,0,0.0,0.0,0.0,0,0,0,0,0.0,0,0,0.0,0,0,0,0.0,0,0,0.0,0,0.0,0,0,0,0,0,0.0,0,0,0.0,0,0,0,0,0,0,0.0,0,0,0,0,0,0,0,0,0,0,0,0
361,2022-08-04 18:15:00,59.92,-18.244,0,0,0,0,275.0,28.715,0,18.244,18.244,25,4,25,0,0,0,0,0,0,0,0,0,0.0,0,0,0,0,0,0,0,0,0,0.0,0,0,0,0,0,0,0,0,0,0,0,0,0,0,0,0,0,0,0,0,0,0,0,0,0,0.0,4.213,0,0.0,0,0,0,0,0,0,0,0,0.0,0,0,0,0,0,0,0,0,3.023,0,0,0.0,0,0,0.0,0,2.985,0,0,0,0.0,0.0,0,0,0,0,0,0,0,0.0,0,8.023,0,0.0,0.0,0.0,0,0,0,0,0.0,0,0,0.0,0,0,0,0.0,0,0,0.0,0,0.0,0,0,0,0,0,0.0,0,0,0.0,0,0,0,0,0,0,0.0,0,0,0,0,0,0,0,0,0,0,0,0
362,2022-08-04 18:30:00,59.92,-18.244,0,0,0,0,275.0,23.335,0,18.244,18.244,25,4,25,0,0,0,0,0,0,0,0,0,0.0,0,0,0,0,0,0,0,0,0,0.0,0,0,0,0,0,0,0,0,0,0,0,0,0,0,0,0,0,0,0,0,0,0,0,0,0,0.0,4.213,0,0.0,0,0,0,0,0,0,0,0,0.0,0,0,0,0,0,0,0,0,3.023,0,0,0.0,0,0,0.0,0,2.985,0,0,0,0.0,0.0,0,0,0,0,0,0,0,0.0,0,8.023,0,0.0,0.0,0.0,0,0,0,0,0.0,0,0,0.0,0,0,0,0.0,0,0,0.0,0,0.0,0,0,0,0,0,0.0,0,0,0.0,0,0,0,0,0,0,0.0,0,0,0,0,0,0,0,0,0,0,0,0
363,2022-08-04 18:45:00,59.92,-15.645,0,0,0,0,264.0,17.385,0,15.645,15.645,24,4,24,0,0,0,0,0,0,0,0,0,0.0,0,0,0,0,0,0,0,0,0,0.0,0,0,0,0,0,0,0,0,0,0,0,0,0,0,0,0,0,0,0,0,0,0,0,0,0,0.0,4.213,0,0,0,0,0,0,0,0,0,0,0.0,0,0,0,0,0,0,0,0,3.023,0,0,0.0,0,0,0.0,0,2.985,0,0,0,0.0,0.0,0,0,0,0,0,0,0,0.0,0,5.424,0,0.0,0.0,0.0,0,0,0,0,0.0,0,0,0.0,0,0,0,0.0,0,0,0.0,0,0.0,0,0,0,0,0,0.0,0,0,0.0,0,0,0,0,0,0,0.0,0,0,0,0,0,0,0,0,0,0,0,0
364,2022-08-04 19:00:00,57.99,-18.398,0,0,0,0,264.0,19.019,0,18.398,18.398,24,5,24,0,0,0,0,0,0,0,0,0,0.0,0,0,0,0,0,0,0,0,0,0.0,0,0,0,0,0,0,0,0,0,0,0,0,0,0,0,0,0,0,0,0,0,0,0,0,0,0.0,4.213,0,0,0,0,0,0,0,0,0,0,0.0,0,0,0,0,0,0,0,0,3.023,0,0,0.0,0,0,0.0,0,2.985,0,0,0,0.0,0.0,0,0,0,0,0,0,0,0.0,0,7.058,0,0.0,0.0,0.0,0,0,0,0,1.119,0,0,0.0,0,0,0,0.0,0,0,0.0,0,0.0,0,0,0,0,0,0.0,0,0,0.0,0,0,0,0,0,0,0.0,0,0,0,0,0,0,0,0,0,0,0,0
365,2022-08-04 19:15:00,57.99,-132.158,0,0,0,0,414.0,143.78,0,132.158,19.611,25,6,24,0,0,0,0,0,0,0,0,0,0.0,0,0,0,0,0,0,0,0,0,0.0,0,0,112.547,0,0,0,0,0,0,0,0,0,0,0,0,0,0,0,0,0,0,0,0,0,0,0.0,4.213,0,0,0,0,0,0,0,0,0,0,0.0,0,0,0,0,0,0,0,0,3.023,0,0,0.0,0,0,0.0,0,2.985,0,0,0,0.0,0.0,0,0,0,0,0,0,0,0.0,0,8.271,0,0.0,0.0,0.0,0,0,0,0,1.119,0,0,0.0,0,0,0,0.0,0,0,0.0,0,0.0,0,0,0,0,0,0.0,0,0,0.0,0,0,0,0,0,0,0.0,0,0,0,0,0,0,0,0,0,0,0,0
366,2022-08-04 19:30:00,57.99,-24.494,0,0,0,0,253.0,35.628,0,24.494,24.494,23,8,23,0,0,0,0,0,0,0,0,0,0.0,0,0,0,0,0,0,0,0,0,0.0,0,0,0,0,0,0,0,0,0,0,0,0,0,0,0,0,0,0,0,0,0,0,0,0,0,0.0,4.414,0,0,0,0,0,0,0,0,0,0,0.0,0,0,0,0,0,0,0,0,3.023,0,0,5.315,0,0,0.0,0,2.985,0,0,0,0.0,0.0,0,0,0,0,0,0,0,0.0,0,0,0,1.1,0.0,4.165,0,0,0,0,1.119,0,0,2.373,0,0,0,0.0,0,0,0.0,0,0.0,0,0,0,0,0,0.0,0,0,0.0,0,0,0,0,0,0,0.0,0,0,0,0,0,0,0,0,0,0,0,0
367,2022-08-04 19:45:00,57.99,-19.229,0,0,0,0,253.0,25.527,0,19.229,19.229,23,6,23,0,0,0,0,0,0,0,0,0,0.0,0,0,0,0,0,0,0,0,0,0.0,0,0,0,0,0,0,0,0,0,0,0,0,0,0,0,0,0,0,0,0,0,0,0,0,0,0.0,4.414,0,0,0,0,0,0,0,0,0,0,0.0,0,0,0,0,0,0,0,0,3.023,0,0,5.315,0,0,0.0,0,2.985,0,0,0,0.0,0.0,0,0,0,0,0,0,0,0.0,0,0,0,0.0,0.0,0.0,0,0,0,0,1.119,0,0,2.373,0,0,0,0.0,0,0,0.0,0,0.0,0,0,0,0,0,0.0,0,0,0.0,0,0,0,0,0,0,0.0,0,0,0,0,0,0,0,0,0,0,0,0
368,2022-08-04 20:00:00,43.68,-24.494,0,0,0,0,253.0,35.857,0,24.494,24.494,23,8,23,0,0,0,0,0,0,0,0,0,0.0,0,0,0,0,0,0,0,0,0,0.0,0,0,0,0,0,0,0,0,0,0,0,0,0,0,0,0,0,0,0,0,0,0,0,0,0,0.0,4.414,0,0,0,0,0,0,0,0,0,0,0.0,0,0,0,0,0,0,0,0,3.023,0,0,5.315,0,0,0.0,0,2.985,0,0,0,0.0,0.0,0,0,0,0,0,0,0,0.0,0,0,0,1.1,0.0,4.165,0,0,0,0,1.119,0,0,2.373,0,0,0,0.0,0,0,0.0,0,0.0,0,0,0,0,0,0.0,0,0,0.0,0,0,0,0,0,0,0.0,0,0,0,0,0,0,0,0,0,0,0,0
369,2022-08-04 20:15:00,43.68,-21.11,0,0,0,0,264.0,33.54,0,21.11,21.11,24,7,24,0,0,0,0,0,0,0,0,0.0,0.0,0,0,0,0,0,0,0,0,0,0.0,0,0,0,0,0,0,0,0,0,0,0,0,0,0,0,0,0,0,0,0,0,0,0,0,0,0.0,4.414,0,0,0,0,0,0,0,0,0,0,0.0,0,0,0,0,0,0,0,0,3.023,0,0,5.315,0,0,0.0,0,2.985,0,0,0,0.0,0.0,0,0,0,0,0,0,0,0.0,0,0,0,0.0,0.0,1.881,0,0,0,0,1.119,0,0,2.373,0,0,0,0.0,0,0,0.0,0,0.0,0,0,0,0,0,0.0,0,0,0.0,0,0,0,0,0,0,0.0,0,0,0,0,0,0,0,0,0,0,0,0
370,2022-08-04 20:30:00,43.68,-29.353,0,0,0,0,264.0,30.302,0,29.353,29.353,24,10,24,0,0,0,0,0,0,0,0,0.0,0.0,0,0,0,0,0,0,0,0,0,0.0,0,0.0,0,0,0,0,0,0,0,0,0,0,0,0,0,0,0,0,0,0,0,0,0,0,0,0.0,4.414,0,0,0,0,0,0,0,0,0,0,2.255,0,0,0,0,0,0,0,0,3.023,0,0,5.315,0,0,0.0,0,2.985,0,0,0,0.0,0.0,0,0,0,0,0,0,0,0.0,0,0,0,1.1,0.0,4.165,0,0,0,0,1.119,0,0,2.373,0,0,0,0,0,0,0.0,0,2.604,0,0,0,0,0,0.0,0,0,0.0,0,0,0,0,0,0,0.0,0,0,0,0,0,0,0,0,0,0,0,0
371,2022-08-04 20:45:00,43.68,-34.881,0,0,0,0,264.0,38.022,0,34.881,34.881,24,11,24,0,0,0,0,0,0,0,0,0.0,0.0,0,0,0,0,0,0,0,0,0,0.0,0,0.0,0,0,0,0,0,0,0,0,0,0,0,0,0,0,0,0,0,0,0,0,0,0,0,0.0,4.414,0,0,0,0,0,0,0,0,0,0,4.764,0,0,0,0,0,0,0,0,3.023,0,0,5.315,0,0,0.0,0,2.985,0,0,0,0.0,0.0,0,0,0,0,0,0,0,0.0,0,0,0,1.1,0.0,4.165,0,0,0,0,1.119,0,0,2.373,0,0,0,0,0,0,0.0,0,2.604,0,0,0,0,0,3.019,0,0,0.0,0,0,0,0,0,0,0.0,0,0,0,0,0,0,0,0,0,0,0,0
372,2022-08-04 21:00:00,38.46,-34.881,0,0,0,0,264.0,37.986,0,34.881,34.881,24,11,24,0,0,0,0,0,0,0,0,0.0,0.0,0,0,0,0,0,0,0,0,0,0.0,0,0.0,0,0,0,0,0,0,0,0,0,0,0,0,0,0,0,0,0,0,0,0,0,0,0,0.0,4.414,0,0,0,0,0,0,0,0,0,0,4.764,0,0,0,0,0,0,0,0,3.023,0,0,5.315,0,0,0.0,0,2.985,0,0,0,0.0,0.0,0,0,0,0,0,0,0,0.0,0,0,0,1.1,0.0,4.165,0,0,0,0,1.119,0,0,2.373,0,0,0,0,0,0,0.0,0,2.604,0,0,0,0,0,3.019,0,0,0.0,0,0,0,0,0,0,0.0,0,0,0,0,0,0,0,0,0,0,0,0
373,2022-08-04 21:15:00,38.46,-41.138,0,0,0,0,286.0,49.973,0,41.138,41.138,26,14,26,0,0,0,0,0,0,0,0,0.0,0.0,0,0,0,0,0,0,0,0,0,0.0,0,0.0,0,0,0,0,0,0,0,0,0,0,0,0,0,0,0,0,0,0,0,0,0,0,0,0.0,4.414,0,0,0,0,0,0,0,0,0,0,4.764,0,0,0,0,0,0,0,0,3.023,0,0,5.315,3.555,0,0.0,0,2.985,0,0,0,0.0,0.0,0,0,0,0,0,0,0,0.0,0,0,0,1.1,0.0,4.165,0,0,0,0,1.119,0,0,2.373,0,0,0,0,0,0,0.0,0,2.604,0,0,0,0,0,3.019,0,1.591,1.11,0,0,0,0,0,0,0.0,0,0,0,0,0,0,0,0,0,0,0,0
374,2022-08-04 21:30:00,38.46,-55.045,0,0,0,0,286.0,65.882,0,55.045,55.045,26,17,26,0,0,0,0,0,0,0,0,0.0,0.0,0,0,0,0,0,0,0,0,0,0.0,0,0.0,0,0,0,0,0,0,0,0,0,0,0,0,0,0,0,0,0,0,0,0,0,0,0,0.0,4.414,0,0,0,0,0,0,0,0,0,0,4.764,0,0,0,0,0,0,0,0,3.023,0,0,5.315,3.555,0,7.131,0,2.985,0,0,0,2.448,0.0,0,0,0,0,0,0,0,0.0,0,0,0,1.1,3.637,4.165,0,0,0,0,1.119,0,0,2.373,0,0,0,0,0,0,0.0,0,2.604,0,0,0,0,0,3.71,0,1.591,1.11,0,0,0,0,0,0,0.0,0,0,0,0,0,0,0,0,0,0,0,0
375,2022-08-04 21:45:00,38.46,-51.125,0,0,0,0,297.0,61.962,0,51.125,51.125,27,17,27,0,0,0,0,0,0,0,0,0.0,0.0,0,0,0,0,0,0,0,0,0,0.0,0,0.0,0,0,0,0,0,0,0,0,0,0,0,0,0,0,0,0,0,0,0,0,0,0,0,0.0,4.414,0,0,0,0,0,0,0,0,0,0,4.764,0,0,0,0,0,0,0,0,3.023,0,0,5.315,3.555,0,3.211,0,2.985,0,0,0,2.448,0.0,0,0,0,0,0,0,0,0.0,0,0,0,1.1,3.637,4.165,0,0,0,0,1.119,0,0,2.373,0,0,0,0,0,0,0.0,0,2.604,0,0,0,0,0,3.71,0,1.591,1.11,0,0,0,0,0,0,0.0,0,0.0,0,0,0,0,0,0,0,0,0,0
376,2022-08-04 22:00:00,40.94,-52.355,0,0,0,0,297.0,63.192,0,52.355,52.355,27,17,27,0,0,0,0,0,0,0,0,0.0,0.0,0,0,0,0,0,0,0,0,0,0.0,0,0.0,0,0,0,0,0,0,0,0,0,0,0,0,0,0,0,0,0,0,0,0,0,0,0,0.0,4.414,0,0,0,0,0,0,0,0,0,0,4.764,0,0,0,0,0,0,0,0,3.023,0,0,5.315,3.555,0,4.441,0,2.985,0,0,0,2.448,0.0,0,0,0,0,0,0,0,0.0,0,0,0,1.1,3.637,4.165,0,0,0,0,1.119,0,0,2.373,0,0,0,0,0,0,0.0,0,2.604,0,0,0,0,0,3.71,0,1.591,1.11,0,0,0,0,0,0,0.0,0,0.0,0,0,0,0,0,0,0,0,0,0
377,2022-08-04 22:15:00,40.94,-63.865,0,0,0,0,308.0,74.702,0,63.865,63.865,28,18,28,0,0,0,0,0,0,0,0,0.0,0.0,0,0,0,0,0,0,0,0,0,0.0,0,0.0,0,0,0,0,0,0,0,0,0,0,0,0,0,0,0,0,0,0,0,0,0,0,0,0.0,4.414,0,0,0,0,0,0,0,0,0,0,4.764,0,0,0,0,9.11,0,0,0,3.023,0,0,5.315,3.555,0,6.841,0,2.985,0,0,0,2.448,0.0,0,0,0,0,0,0,0,0.0,0,0,0,1.1,3.637,4.165,0,0,0,0,1.119,0,0,2.373,0,0,0,0,0,0,0.0,0,2.604,0,0,0,0,0,3.71,0,1.591,1.11,0,0,0,0,0,0,0.0,0,0.0,0,0,0,0,0,0,0,0,0,0
378,2022-08-04 22:30:00,40.94,-73.663,0,0,0,0,308.0,85.267,0,73.663,73.663,28,19,28,0,0,0,0,0,0,0,0,0.0,0.0,0,0,0,0,0,0,0,0,0,0.0,0,0.0,0,0,0,0,0,0,0,0,0,0,0,0,0,0,0,0,0,0,0,0,0,0,0,0.0,4.414,0,0,0,0,0,0,0,0,0,0,4.764,0,0,0,0,9.11,0,0,0,3.023,0,0,5.315,3.555,0,11.0,0,2.985,0,0,0,4.242,3.845,0,0,0,0,0,0,0,0.0,0,0,0,1.1,3.637,4.165,0,0,0,0,1.119,0,0,2.373,0,0,0,0,0,0,0.0,0,2.604,0,0,0,0,0,3.71,0,1.591,1.11,0,0,0,0,0,0,0.0,0,0.0,0,0,0,0,0,0,0,0,0,0
379,2022-08-04 22:45:00,40.94,-77.772,0,0,0,0,308.0,88.609,0,77.772,77.772,28,20,28,0,0,0,0,0,0,0,0,0.0,4.109,0,0,0,0,0,0,0,0,0,0.0,0,0.0,0,0,0,0,0,0,0,0,0,0,0,0,0,0,0,0,0,0,0,0,0,0,0,0.0,4.414,0,0,0,0,0,0,0,0,0,0,4.764,0,0,0,0,9.11,0,0,0,3.023,0,0,5.315,3.555,0,11.0,0,2.985,0,0,0,4.242,3.845,0,0,0,0,0,0,0,0.0,0,0,0,1.1,3.637,4.165,0,0,0,0,1.119,0,0,2.373,0,0,0,0,0,0,0.0,0,2.604,0,0,0,0,0,3.71,0,1.591,1.11,0,0,0,0,0,0,0.0,0,0.0,0,0,0,0,0,0,0,0,0,0
380,2022-08-04 23:00:00,35.89,-83.411,0,0,0,0,308.0,94.248,0,83.411,83.411,28,20,28,0,0,0,0,0,0,0,0,0.0,9.748,0,0,0,0,0,0,0,0,0,0.0,0,0.0,0,0,0,0,0,0,0,0,0,0,0,0,0,0,0,0,0,0,0,0,0,0,0,0.0,4.414,0,0,0,0,0,0,0,0,0,0,4.764,0,0,0,0,9.11,0,0,0,3.023,0,0,5.315,3.555,0,11.0,0,2.985,0,0,0,4.242,3.845,0,0,0,0,0,0,0,0.0,0,0,0,1.1,3.637,4.165,0,0,0,0,1.119,0,0,2.373,0,0,0,0,0,0,0.0,0,2.604,0,0,0,0,0,3.71,0,1.591,1.11,0,0,0,0,0,0,0.0,0,0.0,0,0,0,0,0,0,0,0,0,0
381,2022-08-04 23:15:00,35.89,-86.142,0,0,0,0,308.0,95.844,0,86.142,86.142,28,21,28,0,0,0,0,0,0,0,0,1.136,11.0,0,0,0,0,0,0,0,0,0,0.0,0,0.0,0,0,0,0,0,0,0,0,0,0,0,0,0,0,0,0,0,0,0,0,0,0,0,0.0,4.414,0,0,0,0,0,0,0,0,0,0,4.764,0,0,0,0,9.11,0,0,0,3.023,0,0,5.315,3.555,0,11.0,0,2.985,0,0,0,4.242,4.189,0,0,0,0,0,0,0,0.0,0,0,0,1.1,3.637,4.165,0,0,0,0,1.119,0,0,2.373,0,0,0,0,0,0,0.0,0,2.604,0,0,0,0,0,3.71,0,1.591,1.11,0,0,0,0,0,0,0.0,0,0.0,0,0,0,0,0,0,0,0,0,0
382,2022-08-04 23:30:00,35.89,-93.201,0,0,0,0,319.0,102.903,0,93.201,93.201,29,22,29,0,0,0,0,0,0,0,0,1.136,11.0,0,0,0,0,0,0,0,0,0,0.0,0,0.0,0,0,0,0,0,0,0,0,0,0,0,0,0,5.072,0,0,0,0,0,0,0,0,0,0.0,4.414,0,0,0,0,0,0,0,0,0,0,4.764,0,0,0,0,9.11,0,0,0,3.023,0,0,5.315,3.555,0,11.0,0,2.985,0,0,0,4.242,6.176,0,0,0,0,0,0,0,0.0,0,0,0,1.1,3.637,4.165,0,0,0,0,1.119,0,0,2.373,0,0,0,0,0,0,0.0,0,2.604,0,0,0,0,0,3.71,0,1.591,1.11,0,0,0,0,0,0,0.0,0,0.0,0,0,0,0,0,0,0,0,0,0
383,2022-08-04 23:45:00,35.89,-96.819,0,0,0,0,319.0,107.621,0,96.819,96.819,29,21,29,0,0,0,0,0,0,0,0,1.136,11.0,0,0,0,0,0,0,0,0,0,0.0,0,0.0,0,0,0,0,0,0,0,0,0,0,0,0,0,5.072,0,0,0,0,0,0,0,0,0,0.0,4.414,0,0,0,0,0,0,0,0,0,0,4.764,0,0,0,0,9.11,0,0,0,3.023,0,0,5.315,3.555,0,11.0,0,2.985,0,0,0,4.242,10.894,0,0,0,0,0,0,0,0.0,0,0,0,0.0,3.637,4.165,0,0,0,0,1.119,0,0,2.373,0,0,0,0,0,0,0.0,0,2.604,0,0,0,0,0,3.71,0,1.591,1.11,0,0,0,0,0,0,0.0,0,0.0,0,0,0,0,0,0,0,0,0,0
384,2022-08-05 00:00:00,36.83,-97.804,0,0,0,0,319.0,108.606,0,97.804,97.804,29,21,29,0,0,0,0,0,0,0,0,1.136,11.0,0,0,0,0,0,0,0,0,0,0.0,0,0.0,0,0,0,0,0,0,0,0,0,0,0,0,0,5.072,0,0,0,0,0,0,0,0,0,0.0,4.414,0,0,0,0,0,0,0,0,0,0,4.764,0,0,0,0,9.11,0,0,0,3.023,0,0,5.315,3.555,0,11.0,0,2.985,0,0,0,5.121,11.0,0,0,0,0,0,0,0,0.0,0,0,0,0.0,3.637,4.165,0,0,0,0,1.119,0,0,2.373,0,0,0,0,0,0,0.0,0,2.604,0,0,0,0,0,3.71,0,1.591,1.11,0,0,0,0,0,0,0.0,0,0.0,0,0,0,0,0,0,0,0,0,0
385,2022-08-05 00:15:00,36.83,-89.861,0,0,0,0,319.0,110.772,0,89.861,89.861,29,21,29,0,0,0,0,0,0,0,0,1.136,11.0,0,0,0,0,0,0,0,0,0,0.0,0,0.0,0,0,0,0,0,0,0,0,0,0,0,0,0,5.072,0,0,0,0,0,0,0,0,0,0.0,4.414,0,0,0,0,0,0,0,0,0,0,4.764,0,0,0,0,9.11,0,0,0,3.023,0,0,5.315,3.555,0,0.891,0,2.985,0,0,0,7.287,11.0,0,0,0,0,0,0,0,0.0,0,0,0,0.0,3.637,4.165,0,0,0,0,1.119,0,0,2.373,0,0,0,0,0,0,0.0,0,2.604,0,0,0,0,0,3.71,0,1.591,1.11,0,0,0,0,0,0,0.0,0,0.0,0,0,0,0,0,0,0,0,0,0
386,2022-08-05 00:30:00,36.83,-96.448,0,0,0,0,319.0,118.251,0,96.448,96.448,29,20,29,0,0,0,0,0,0,0,0,1.136,11.0,0,0,0,0,0,0,0,0,0,0.0,0,0.0,0,0,0,0,0,0,0,0,0,0,0,0,0,5.072,0,0,0,0,0,0,0,0,0,0.0,4.414,0,0,0,0,0,0,0,0,0,0,4.764,0,0,0,0,9.11,0,0,0,3.023,0,0,5.315,3.555,0,0.0,0,2.985,0,0,0,11.0,11.0,0,0,0,0,0,0,0,0.0,0,0,0,0.0,7.402,4.165,0,0,0,0,1.119,0,0,2.373,0,0,0,0,0,0,0.0,0,2.604,0,0,0,0,0,3.71,0,1.591,1.11,0,0,0,0,0,0,0.0,0,0.0,0,0,0,0,0,0,0,0,0,0
387,2022-08-05 00:45:00,36.83,-96.858,0,0,0,0,319.0,118.661,0,96.858,96.858,29,20,29,0,0,0,0,0,0,0,0,1.136,11.0,0,0,0,0,0,0,0,0,0,0.0,0,0.0,0,0,0,0,0,0,0,0,0,0,0,0,0,5.072,0,0,0,0,0,0,0,0,0,0.0,4.414,0,0,0,0,0,0,0,0,0,0,4.764,0,0,0,0,9.11,0,0,0,3.023,0,0,5.315,3.555,0,0.0,0,2.985,0,0,0,11.0,11.0,0,0,0,0,0,0,0,0.0,0,0,0,0.0,7.812,4.165,0,0,0,0,1.119,0,0,2.373,0,0,0,0,0,0,0.0,0,2.604,0,0,0,0,0,3.71,0,1.591,1.11,0,0,0,0,0,0,0.0,0,0.0,0,0,0,0,0,0,0,0,0,0
388,2022-08-05 01:00:00,34.37,-97.855,0,0,0,0,319.0,119.658,0,97.855,97.855,29,20,29,0,0,0,0,0,0,0,0,1.136,11.0,0,0,0,0,0,0,0,0,0,0.0,0,0.0,0,0,0,0,0,0,0,0,0,0,0,0,0,5.072,0,0,0,0,0,0,0,0,0,0.0,4.414,0,0,0,0,0,0,0,0,0,0,4.764,0,0,0,0,9.11,0,0,0,3.023,0,0,5.315,3.555,0,0.0,0,2.985,0,0,0,11.0,11.0,0,0,0,0,0,0,0,0.0,0,0,0,0.0,8.809,4.165,0,0,0,0,1.119,0,0,2.373,0,0,0,0,0,0,0.0,0,2.604,0,0,0,0,0,3.71,0,1.591,1.11,0,0,0,0,0,0,0.0,0,0.0,0,0,0,0,0,0,0,0,0,0
389,2022-08-05 01:15:00,34.37,-94.83,0,0,0,0,319.0,116.633,0,94.83,94.83,29,20,29,0,0,0,0,0,0,0,0,1.136,11.0,0,0,0,0,0,0,0,0,0,0.0,0,0.0,0,0,0,0,0,0,0,0,0,0,0,0,0,5.072,0,0,0,0,0,0,0,0,0,0.0,4.414,0,0,0,0,0,0,0,0,0,0,4.764,0,0,0,0,9.11,0,0,0,3.023,0,0,5.315,3.555,0,0.0,0,2.985,0,0,0,11.0,11.0,0,0,0,0,0,0,0,0.0,0,0,0,0.0,5.784,4.165,0,0,0,0,1.119,0,0,2.373,0,0,0,0,0,0,0.0,0,2.604,0,0,0,0,0,3.71,0,1.591,1.11,0,0,0,0,0,0,0.0,0,0.0,0,0,0,0,0,0,0,0,0,0
390,2022-08-05 01:30:00,34.37,-99.765,0,0,0,0,319.0,121.568,0,99.765,99.765,29,20,29,0,0,0,0,0,0,0,0,1.136,11.0,0,0,0,0,0,0,0,0,0,0.0,0,0.0,0,0,0,0,0,0,0,0,0,0,0,0,0,5.072,0,0,0,0,0,0,0,0,0,0.0,4.414,0,0,0,0,0,0,0,0,0,0,4.764,0,0,0,0,9.11,0,0,0,3.023,0,0,5.315,3.555,0,0.0,0,2.985,0,0,0,11.0,11.0,0,0,0,0,0,0,0,0.0,0,0,0,0.0,10.719,4.165,0,0,0,0,1.119,0,0,2.373,0,0,0,0,0,0,0.0,0,2.604,0,0,0,0,0,3.71,0,1.591,1.11,0,0,0,0,0,0,0.0,0,0.0,0,0,0,0,0,0,0,0,0,0
391,2022-08-05 01:45:00,34.37,-89.722,0,0,0,0,319.0,119.224,0,89.722,89.722,29,20,29,0,0,0,0,0,0,0,0,1.136,11.0,0,0,0,0,0,0,0,0,0,0.0,0,0.0,0,0,0,0,0,0,0,0,0,0,0,0,0,5.072,0,0,0,0,0,0,0,0,0,0.0,4.414,0,0,0,0,0,0,0,0,0,0,4.764,0,0,0,0,9.11,0,0,0,3.023,0,0,5.315,3.555,0,0.0,0,2.985,0,0,0,11.0,11.0,0,0,0,0,0,0,0,0.0,0,0,0,0.0,0.676,4.165,0,0,0,0,1.119,0,0,2.373,0,0,0,0,0,0,0.0,0,2.604,0,0,0,0,0,3.71,0,1.591,1.11,0,0,0,0,0,0,0.0,0,0.0,0,0,0,0,0,0,0,0,0,0
392,2022-08-05 02:00:00,33.84,-85.664,0,0,0,0,319.0,119.159,0,85.664,85.664,29,19,29,0,0,0,0,0,0,0,0,1.136,11.0,0,0,0,0,0,0,0,0,0,0.0,0,0.0,0,0,0,0,0,0,0,0,0,0,0,0,0,5.072,0,0,0,0,0,0,0,0,0,0.0,4.414,0,0,0,0,0,0,0,0,0,0,4.764,0,0,0,0,9.11,0,0,0,3.023,0,0,5.315,3.555,0,0.0,0,2.985,0,0,0,11.0,7.618,0,0,0,0,0,0,0,0.0,0,0,0,0.0,0.0,4.165,0,0,0,0,1.119,0,0,2.373,0,0,0,0,0,0,0.0,0,2.604,0,0,0,0,0,3.71,0,1.591,1.11,0,0,0,0,0,0,0.0,0,0.0,0,0,0,0,0,0,0,0,0,0
393,2022-08-05 02:15:00,33.84,-78.046,0,0,0,0,319.0,119.225,0,78.046,78.046,29,18,29,0,0,0,0,0,0,0,0,1.136,11.0,0,0,0,0,0,0,0,0,0,0.0,0,0.0,0,0,0,0,0,0,0,0,0,0,0,0,0,5.072,0,0,0,0,0,0,0,0,0,0.0,4.414,0,0,0,0,0,0,0,0,0,0,4.764,0,0,0,0,9.11,0,0,0,3.023,0,0,5.315,3.555,0,0.0,0,2.985,0,0,0,11.0,0.0,0,0,0,0,0,0,0,0.0,0,0,0,0.0,0.0,4.165,0,0,0,0,1.119,0,0,2.373,0,0,0,0,0,0,0.0,0,2.604,0,0,0,0,0,3.71,0,1.591,1.11,0,0,0,0,0,0,0.0,0,0.0,0,0,0,0,0,0,0,0,0,0
394,2022-08-05 02:30:00,33.84,-78.839,0,0,0,0,319.0,122.641,0,78.839,78.839,29,18,29,0,0,0,0,0,0,0,0,1.136,11.0,0,0,0,0,0,0,0,0,0,0.0,0,0.0,0,0,0,0,0,0,0,0,0,0,0,0,0,5.072,0,0,0,0,0,0,0,0,0,0.0,4.414,0,0,0,0,0,0,0,0,0,0,4.764,0,0,0,0,9.11,0,0,0,3.023,0,0,5.315,3.555,0,0.0,0,2.985,0,0,0,11.0,0.0,0,0,0,0,0,0,0,0.0,0,0,0,0.0,0.0,4.165,0,0,0,0,1.119,0,0,2.373,0,0,0,0,0,0,0.0,0,2.604,0,0,0,0,0,4.503,0,1.591,1.11,0,0,0,0,0,0,0.0,0,0.0,0,0,0,0,0,0,0,0,0,0
395,2022-08-05 02:45:00,33.84,-79.046,0,0,0,0,319.0,122.848,0,79.046,79.046,29,18,29,0,0,0,0,0,0,0,0,1.136,11.0,0,0,0,0,0,0,0,0,0,0.0,0,0.0,0,0,0,0,0,0,0,0,0,0,0,0,0,5.072,0,0,0,0,0,0,0,0,0,0.0,4.414,0,0,0,0,0,0,0,0,0,0,4.764,0,0,0,0,9.11,0,0,0,3.023,0,0,5.315,3.555,0,0.0,0,2.985,0,0,0,11.0,0.0,0,0,0,0,0,0,0,0.0,0,0,0,0.0,0.0,4.165,0,0,0,0,1.119,0,0,2.373,0,0,0,0,0,0,0.0,0,2.604,0,0,0,0,0,4.71,0,1.591,1.11,0,0,0,0,0,0,0.0,0,0.0,0,0,0,0,0,0,0,0,0,0
396,2022-08-05 03:00:00,33.83,-81.171,0,0,0,0,319.0,124.973,0,81.171,81.171,29,18,29,0,0,0,0,0,0,0,0,1.136,11.0,0,0,0,0,0,0,0,0,0,0.0,0,0.0,0,0,0,0,0,0,0,0,0,0,0,0,0,5.072,0,0,0,0,0,0,0,0,0,0.0,4.414,0,0,0,0,0,0,0,0,0,0,4.764,0,0,0,0,9.11,0,0,0,3.023,0,0,5.315,3.555,0,0.0,0,2.985,0,0,0,11.0,0.0,0,0,0,0,0,0,0,0.0,0,0,0,0.0,0.0,4.165,0,0,0,0,1.119,0,0,2.373,0,0,0,0,0,0,0.0,0,2.604,0,0,0,0,0,6.835,0,1.591,1.11,0,0,0,0,0,0,0.0,0,0.0,0,0,0,0,0,0,0,0,0,0
397,2022-08-05 03:15:00,33.83,-74.712,0,0,0,0,319.0,122.19,0,74.712,74.712,29,18,29,0,0,0,0,0,0,0,0,1.136,7.324,0,0,0,0,0,0,0,0,0,0.0,0,0.0,0,0,0,0,0,0,0,0,0,0,0,0,0,5.072,0,0,0,0,0,0,0,0,0,0.0,4.414,0,0,0,0,0,0,0,0,0,0,4.764,0,0,0,0,9.11,0,0,0,3.023,0,0,5.315,3.555,0,0.0,0,2.985,0,0,0,11.0,0.0,0,0,0,0,0,0,0,0.0,0,0,0,0.0,0.0,4.165,0,0,0,0,1.119,0,0,2.373,0,0,0,0,0,0,0.0,0,2.604,0,0,0,0,0,4.052,0,1.591,1.11,0,0,0,0,0,0,0.0,0,0.0,0,0,0,0,0,0,0,0,0,0
398,2022-08-05 03:30:00,33.83,-69.389,0,0,0,0,319.0,124.191,0,69.389,69.389,29,17,29,0,0,0,0,0,0,0,0,1.136,0.0,0,0,0,0,0,0,0,0,0,0.0,0,0.0,0,0,0,0,0,0,0,0,0,0,0,0,0,5.072,0,0,0,0,0,0,0,0,0,0.0,4.414,0,0,0,0,0,0,0,0,0,0,4.764,0,0,0,0,9.11,0,0,0,3.023,0,0,5.315,3.555,0,0.0,0,2.985,0,0,0,11.0,0.0,0,0,0,0,0,0,0,0.0,0,0,0,0.0,0.0,4.165,0,0,0,0,1.119,0,0,2.373,0,0,0,0,0,0,0.0,0,2.604,0,0,0,0,0,6.053,0,1.591,1.11,0,0,0,0,0,0,0.0,0,0.0,0,0,0,0,0,0,0,0,0,0
399,2022-08-05 03:45:00,33.83,-69.051,0,0,0,0,319.0,123.853,0,69.051,69.051,29,17,29,0,0,0,0,0,0,0,0,1.136,0.0,0,0,0,0,0,0,0,0,0,0.0,0,0.0,0,0,0,0,0,0,0,0,0,0,0,0,0,5.072,0,0,0,0,0,0,0,0,0,0.0,4.414,0,0,0,0,0,0,0,0,0,0,4.764,0,0,0,0,9.11,0,0,0,3.023,0,0,5.315,3.555,0,0.0,0,2.985,0,0,0,11.0,0.0,0,0,0,0,0,0,0,0.0,0,0,0,0.0,0.0,4.165,0,0,0,0,1.119,0,0,2.373,0,0,0,0,0,0,0.0,0,2.604,0,0,0,0,0,5.715,0,1.591,1.11,0,0,0,0,0,0,0.0,0,0.0,0,0,0,0,0,0,0,0,0,0
400,2022-08-05 04:00:00,33.62,-57.803,0,0,0,0,319.0,121.567,0,57.803,57.803,29,17,29,0,0,0,0,0,0,0,0,1.136,0.0,0,0,0,0,0,0,0,0,0,0.0,0,0.0,0,0,0,0,0,0,0,0,0,0,0,0,0,5.072,0,0,0,0,0,0,0,0,0,0.0,4.414,0,0,0,0,0,0,0,0,0,0,4.764,0,0,0,0,9.11,0,0,0,3.023,0,0,5.315,3.555,0,0.0,0,2.985,0,0,0,1.756,0.0,0,0,0,0,0,0,0,0.0,0,0,0,0.0,0.0,4.165,0,0,0,0,1.119,0,0,2.373,0,0,0,0,0,0,0.0,0,2.604,0,0,0,0,0,3.71,0,1.591,1.11,0,0,0,0,0,0,0.0,0,0.0,0,0,0,0,0,0,0,0,0,0
401,2022-08-05 04:15:00,33.62,-140.877,0,0,0,0,469.0,205.427,0,140.877,57.277,30,18,29,0,0,0,0,0,0,0,0,1.136,0.0,0,0,0,0,0,0,0,0,0,0.0,0,0.0,0,0,0,0,0,0,0,0,0,0,0,0,0,5.072,0,0,0,0,0,0,0,0,0,0.0,4.414,0,0,0,0,0,0,0,0,0,0,4.764,0,0,0,83.6,9.11,0,0,0,3.023,0,0,5.315,3.555,0,0.0,0,2.985,0,0,0,0.0,0.0,0,0,0,0,0,0,0,1.231,0,0,0,0.0,0.0,4.165,0,0,0,0,1.119,0,0,2.373,0,0,0,0,0,0,0.0,0,2.604,0,0,0,0,0,3.71,0,1.591,1.11,0,0,0,0,0,0,0.0,0,0.0,0,0,0,0,0,0,0,0,0,0
402,2022-08-05 04:30:00,33.62,-138.19,0,0,0,0,458.0,203.317,0,138.19,54.59,29,17,28,0,0,0,0,0,0,0,0,1.136,0.0,0,0,0,0,0,0,0,0,0,0.0,0,0.0,0,0,0,0,0,0,0,0,0,0,0,0,0,5.072,0,0,0,0,0,0,0,0,0,0.0,4.414,0,0,0,0,0,0,0,0,0,0,2.083,0,0,0,83.6,9.11,0,0,0,3.023,0,0,5.315,3.555,0,0.0,0,2.985,0,0,0,0.0,0.0,0,0,0,0,0,0,0,3.829,0,0,0,0.0,0.0,4.165,0,0,0,0,1.119,0,0,2.373,0,0,0,0,0,0,0.0,0,0,0,0,0,0,0,3.71,0,1.591,1.11,0,0,0,0,0,0,0.0,0,0.0,0,0,0,0,0,0,0,0,0,0
403,2022-08-05 04:45:00,33.62,-51.727,0,0,0,0,308.0,121.289,0,51.727,51.727,28,15,28,0,0,0,0,0,0,0,0,1.136,0.0,0,0,0,0,0,0,0,0,0,0.0,0,0.0,0,0,0,0,0,0,0,0,0,0,0,0,0,5.072,0,0,0,0,0,0,0,0,0,0.0,4.414,0,0,0,0,0,0,0,0,0,0,0.0,0,0,0,0,9.11,0,0,0,3.023,0,0,5.315,3.555,0,0.0,0,2.985,0,0,0,0.0,0.0,0,0,0,0,0,0,0,3.829,0,0,0,0.0,0.0,4.165,0,0,0,0,1.119,0,0,1.593,0,0,0,0,0,0,0.0,0,0,0,0,0,0,0,3.71,0,1.591,1.11,0,0,0,0,0,0,0.0,0,0.0,0,0,0,0,0,0,0,0,0,0
404,2022-08-05 05:00:00,32.96,-52.862,0,0,0,0,275.0,115.624,0,52.862,52.862,25,13,25,0,0,0,0,0,0,0,0,1.136,0.0,0,0,0,0,0,0,0,0,0,0.0,0,0.0,0,0,0,0,0,0,0,0,0,0,0,0,0,5.072,0,0,0,0,0,0,0,0,0,0.0,9.729,0,0,0,0,0,0,0,0,0,0,0.0,0,0,0,0,9.11,0,0,0,3.023,0,0,0,3.555,0,0.0,0,2.985,0,0,0,0,0.0,0,0,0,0,0,0,0,6.078,0,0,0,0.0,0,4.165,0,0,0,0,1.119,0,0,0.0,0,0,0,0,0,0,0.0,0,0,0,0,0,0,0,4.188,0,1.591,1.11,0,0,0,0,0,0,0.0,0,0.0,0,0,0,0,0,0,0,0,0,0
405,2022-08-05 05:15:00,32.96,-43.233,0,0,0,0,264.0,109.853,0,43.233,43.233,24,11,24,0,0,0,0,0,0,0,0,1.136,0.0,0,0,0,0,0,0,0,0,0,0.0,0,0.0,0,0,0,0,0,0,0,0,0,0,0,0,0,11.0,0,0,0,0,0,0,0,0,0,0.0,9.729,0,0,0,0,0,0,0,0,0,0,0.0,0,0,0,0,0,0,0,0,3.023,0,0,0,3.555,0,0.0,0,2.976,0,0,0,0,0.0,0,0,0,0,0,0,0,3.829,0,0,0,0.0,0,4.165,0,0,0,0,1.119,0,0,0.0,0,0,0,0,0,0,0.0,0,0,0,0,0,0,0,0.0,0,1.591,1.11,0,0,0,0,0,0,0.0,0,0.0,0,0,0,0,0,0,0,0,0,0
406,2022-08-05 05:30:00,32.96,-45.612,0,0,0,0,231.0,106.365,0,45.612,45.612,21,9,21,0,0,0,0,0,0,0,0,4.121,0.0,0,0,0,0,0,0,0,0,0,0.0,0,0.0,0,0,0,0,0,0,0,0,0,0,0,0,0,11.0,0,0,0,0,0,0,0,0,0,0.0,11.0,0,0,0,0,0,0,0,0,0,0,0.0,0,0,0,0,0,0,0,0,3.023,0,0,0,3.555,0,0.0,0,0,0,0,0,0,0.0,0,0,0,0,0,0,0,3.829,0,0,0,0.0,0,0,0,0,0,0,1.119,0,0,0,0,0,0,0,0,0,0.0,0,0,0,0,0,0,0,0.0,0,1.591,6.374,0,0,0,0,0,0,0.0,0,0.0,0,0,0,0,0,0,0,0,0,0
407,2022-08-05 05:45:00,32.96,-39.964,0,0,0,0,209.0,91.177,0,39.964,39.964,19,8,19,0,0,0,0,0,0,0,0,4.121,0.0,0,0,0,0,0,0,0,0,0,0.0,0,0.0,0,0,0,0,0,0,0,0,0,0,0,0,0,0,0,0,0,0,0,0,0,0,0,0.0,11.0,0,0,0,0,0,0,0,0,0,0,0.0,0,0,0,0,0,0,0,0,3.023,0,0,0,3.555,0,0.0,0,0,0,0,0,0,0.0,0,0,0,0,0,0,0,9.181,0,0,0,0.0,0,0,0,0,0,0,1.119,0,0,0,0,0,0,0,0,0,0.0,0,0,0,0,0,0,0,0,0,1.591,6.374,0,0,0,0,0,0,0.0,0,0.0,0,0,0,0,0,0,0,0,0,0
408,2022-08-05 06:00:00,30.07,-48.852,0,0,0,0,187.0,81.039,0,48.852,48.852,17,9,17,0,0,0,0,0,0,0,0,4.121,0.0,0,0,0,0,0,0,0,0,0,0.0,0,0.0,0,0,0,0,0,0,0,0,0,0,0,0,0,0,0,0,0,0,0,0,0,0,0,0,11.0,0,0,0,0,0,0,0,0,0,0,0.0,0,0,0,0,0,0,0,0,3.023,0,0,0,3.555,0,0,0,0,0,0,0,0,0.0,0,0,0,0,0,0,0,11.0,0,0,0,7.069,0,0,0,0,0,0,1.119,0,0,0,0,0,0,0,0,0,0.0,0,0,0,0,0,0,0,0,0,1.591,6.374,0,0,0,0,0,0,0.0,0,0.0,0,0,0,0,0,0,0,0,0,0
409,2022-08-05 06:15:00,30.07,-39.836,0,0,0,0,176.0,71.757,0,39.836,39.836,16,7,16,0,0,0,0,0,0,0,0,4.121,0.0,0,0,0,0,0,0,0,0,0,0.0,0,0.0,0,0,0,0,0,0,0,0,0,0,0,0,0,0,0,0,0,0,0,0,0,0,0,0,0,0,0,0,0,0,0,0,0,0,0,0.0,0,0,0,0,0,0,0,0,3.023,0,0,0,3.555,0,0,0,0,0,0,0,0,0.0,0,0,0,0,0,0,0,9.393,0,0,0,0.0,0,0,0,0,0,0,7.153,0,0,0,0,0,0,0,0,0,0.0,0,0,0,0,0,0,0,0,0,1.591,11.0,0,0,0,0,0,0,0.0,0,0.0,0,0,0,0,0,0,0,0,0,0
410,2022-08-05 06:30:00,30.07,-58.879,0,0,0,0,121.0,58.554,0,58.879,58.879,11,6,11,0,0,0,0,0,0,0,0,9.733,0,0,0,0,0,0,0,0,0,0,0.0,0,0.0,0,0,0,0,0,0,0,0,0,0,0,0,0,0,0,0,0,0,0,0,0,0,0,0,0,0,0,0,0,0,0,0,0,0,0,0,0,0,0,0,0,0,0,0,0,0,0,0,0,0,0,0,0,0,0,0,0,0,0,0,0,0,0,0,0,11.0,0,0,0,11.0,0,0,0,0,0,0,11.0,0,0,0,0,0,0,0,0,0,0.0,0,0,0,0,0,0,0,0,0,5.146,11.0,0,0,0,0,0,0,0.0,0,0.0,0,0,0,0,0,0,0,0,0,0
411,2022-08-05 06:45:00,30.07,-73.063,0,0,0,0,121.0,73.063,0,73.063,73.063,11,7,11,0,0,0,0,0,0,0,0,11.0,0,0,0,0,0,0,0,0,0,0,11.0,0,0.0,0,0,0,0,0,0,0,0,0,0,0,0,0,0,0,0,0,0,0,0,0,0,0,0,0,0,0,0,0,0,0,0,0,0,0,0,0,0,0,0,0,0,0,0,0,0,0,0,0,0,0,0,0,0,0,0,0,0,0,0,0,0,0,0,0,11.0,0,0,0,11.0,0,0,0,0,0,0,11.0,0,0,0,0,0,0,0,0,0,0.0,0,0,0,0,0,0,0,0,0,7.063,11.0,0,0,0,0,0,0,0.0,0,0.0,0,0,0,0,0,0,0,0,0,0
412,2022-08-05 07:00:00,33.58,-73.592,0,0,0,0,121.0,73.592,0,73.592,73.592,11,7,11,0,0,0,0,0,0,0,0,11.0,0,0,0,0,0,0,0,0,0,0,11.0,0,0.0,0,0,0,0,0,0,0,0,0,0,0,0,0,0,0,0,0,0,0,0,0,0,0,0,0,0,0,0,0,0,0,0,0,0,0,0,0,0,0,0,0,0,0,0,0,0,0,0,0,0,0,0,0,0,0,0,0,0,0,0,0,0,0,0,0,11.0,0,0,0,11.0,0,0,0,0,0,0,11.0,0,0,0,0,0,0,0,0,0,0.0,0,0,0,0,0,0,0,0,0,7.592,11.0,0,0,0,0,0,0,0.0,0,0.0,0,0,0,0,0,0,0,0,0,0
413,2022-08-05 07:15:00,33.58,-55.0,0,0,0,0,110.0,55.0,0,55.0,55.0,10,5,10,0,0,0,0,0,0,0,0,11.0,0,0,0,0,0,0,0,0,0,0,0.0,0,0.0,0,0,0,0,0,0,0,0,0,0,0,0,0,0,0,0,0,0,0,0,0,0,0,0,0,0,0,0,0,0,0,0,0,0,0,0,0,0,0,0,0,0,0,0,0,0,0,0,0,0,0,0,0,0,0,0,0,0,0,0,0,0,0,0,0,11.0,0,0,0,11.0,0,0,0,0,0,0,11.0,0,0,0,0,0,0,0,0,0,0.0,0,0,0,0,0,0,0,0,0,11.0,0,0,0,0,0,0,0,0.0,0,0.0,0,0,0,0,0,0,0,0,0,0
414,2022-08-05 07:30:00,33.58,-54.941,0,0,0,0,99.0,54.941,0,54.941,54.941,9,6,9,0,0,0,0,0,0,0,0,11.0,0,0,0,0,0,0,0,0,0,0,8.092,0,0.0,0,0,0,0,0,0,0,0,0,0,0,0,0,0,0,0,0,0,0,0,0,0,0,0,0,0,0,0,0,0,0,0,0,0,0,0,0,0,0,0,0,0,0,0,0,0,0,0,0,0,0,0,0,0,0,0,0,0,0,0,0,0,0,0,0,0,0,0,0,11.0,0,0,0,0,0,0,11.0,0,0,0,0,0,0,0,0,0,0.0,0,0,0,0,0,0,0,0,0,11.0,0,0,0,0,0,0,0,2.849,0,0.0,0,0,0,0,0,0,0,0,0,0
415,2022-08-05 07:45:00,33.58,-66.0,0,0,0,0,99.0,66.0,0,66.0,66.0,9,6,9,0,0,0,0,0,0,0,0,11.0,0,0,0,0,0,0,0,0,0,0,11.0,0,0.0,0,0,0,0,0,0,0,0,0,0,0,0,0,0,0,0,0,0,0,0,0,0,0,0,0,0,0,0,0,0,0,0,0,0,0,0,0,0,0,0,0,0,0,0,0,0,0,0,0,0,0,0,0,0,0,0,0,0,0,0,0,0,0,0,0,0,0,0,0,11.0,0,0,0,0,0,0,11.0,0,0,0,0,0,0,0,0,0,0.0,0,0,0,0,0,0,0,0,0,11.0,0,0,0,0,0,0,0,11.0,0,0.0,0,0,0,0,0,0,0,0,0,0
416,2022-08-05 08:00:00,36.02,-66.0,0,0,0,0,110.0,66.0,0,66.0,66.0,10,6,10,0,0,0,0,0,0,0,0,11.0,0,0,0,0,0,0,0,0,0,0,11.0,0,0.0,0,0,0,0,0,0,0,0,0,0,0,0,0,0,0,0,0,0,0,0,0,0,0,0,0,0,0,0,0,0,0,0,0,0,0,0,0,0,0,0,0,0,0,0,0,0,0,0,0,0,0,0,0,0.0,0,0,0,0,0,0,0,0,0,0,0,0,0,0,0,11.0,0,0,0,0,0,0,11.0,0,0,0,0,0,0,0,0,0,0.0,0,0,0,0,0,0,0,0,0,11.0,0,0,0,0,0,0,0,11.0,0,0.0,0,0,0,0,0,0,0,0,0,0
417,2022-08-05 08:15:00,36.02,-58.513,0,0,0,0,99.0,58.513,0,58.513,58.513,9,6,9,0,0,0,0,0,0,0,0,11.0,0,0,0,0,0,0,0,0,0,0,11.0,0,0.0,0,0,0,0,0,0,0,0,0,0,0,0,0,0,0,0,0,0,0,0,0,0,0,0,0,0,0,0,0,0,0,0,0,0,0,0,0,0,0,0,0,0,0,0,0,0,0,0,0,0,0,0,0,0.0,0,0,0,0,0,0,0,0,0,0,0,0,0,0,0,11.0,0,0,0,0,0,0,0,0,0,0,0,0,0,0,0,0,3.513,0,0,0,0,0,0,0,0,0,11.0,0,0,0,0,0,0,0,11.0,0,0.0,0,0,0,0,0,0,0,0,0,0
418,2022-08-05 08:30:00,36.02,-65.188,0,0,0,0,110.0,65.188,0,65.188,65.188,10,7,10,0,0,0,0,0,0,0,0,11.0,0,0,0,0,0,0,0,0,0,0,11.0,0,0.0,0,0,0,0,0,0,0,0,0,0,0,0,0,0,0,0,0,0,0,0,0,0,0,0,0,0,0,0,0,0,0,0,0,0,0,0,0,0,0,0,0,0,0,0,0,0,0,0,0,0,0,0,0,0.0,0,0,0,0,0,0,0,0,0,0,0,0,0,0,0,11.0,0,0,0,0,0,0,0,0,0,0,0,0,0,0,0,2.048,8.14,0,0,0,0,0,0,0,0,0,11.0,0,0,0,0,0,0,0,11.0,0,0.0,0,0,0,0,0,0,0,0,0,0
419,2022-08-05 08:45:00,36.02,-69.484,0,0,0,0,110.0,69.484,0,69.484,69.484,10,7,10,0,0,0,0,0,0,0,0,11.0,0,0,0,0,0,0,0,0,0,0,11.0,0,0.0,0,0,0,0,0,0,0,0,0,0,0,0,0,0,0,0,0,0,0,0,0,0,0,0,0,0,0,0,0,0,0,0,0,0,0,0,0,0,0,0,0,0,0,0,0,0,0,0,0,0,0,0,0,0.0,0,0,0,0,0,0,0,0,0,0,0,0,0,0,0,11.0,0,0,0,0,0,0,0,0,0,0,0,0,0,0,0,3.484,11.0,0,0,0,0,0,0,0,0,0,11.0,0,0,0,0,0,0,0,11.0,0,0.0,0,0,0,0,0,0,0,0,0,0
420,2022-08-05 09:00:00,36.86,-66.0,0,0,0,0,99.0,66.0,0,66.0,66.0,9,6,9,0,0,0,0,0,0,0,0,11.0,0,0,0,0,0,0,0,0,0,0,11.0,0,0.0,0,0,0,0,0,0,0,0,0,0,0,0,0,0,0,0,0,0,0,0,0,0,0,0,0,0,0,0,0,0,0,0,0,0,0,0,0,0,0,0,0,0,0,0,0,0,0,0,0,0,0,0,0,0.0,0,0,0,0,0,0,0,0,0,0,0,0,0,0,0,11.0,0,0,0,0,0,0,0,0,0,0,0,0,0,0,0,11.0,11.0,0,0,0,0,0,0,0,0,0,0,0,0,0,0,0,0,0,11.0,0,0.0,0,0,0,0,0,0,0,0,0,0
421,2022-08-05 09:15:00,36.86,-65.934,0,0,0,0,99.0,66.0,0,65.934,65.934,9,6,9,0,0,0,0,0,0,0,0,11.0,0,0,0,0,0,0,0,0,0,0,11.0,0,0.0,0,0,0,0,0,0,0,0,0,0,0,0,0,0,0,0,0,0,0,0,0,0,0,0,0,0,0,0,0,0,0,0,0,0,0,0,0,0,0,0,0,0,0,0,0,0,0,0,0,0,0,0,0,0.0,0,0,0,0,0,0,0,0,0,0,0,0,0,0,0,10.934,0,0,0,0,0,0,0,0,0,0,0,0,0,0,0,11.0,11.0,0,0,0,0,0,0,0,0,0,0,0,0,0,0,0,0,0,11.0,0,0.0,0,0,0,0,0,0,0,0,0,0
422,2022-08-05 09:30:00,36.86,-55.0,0,0,0,0,88.0,55.0,0,55.0,55.0,8,5,8,0,0,0,0,0,0,0,0,11.0,0,0,0,0,0,0,0,0,0,0,11.0,0,0.0,0,0,0,0,0,0,0,0,0,0,0,0,0,0,0,0,0,0,0,0,0,0,0,0,0,0,0,0,0,0,0,0,0,0,0,0,0,0,0,0,0,0,0,0,0,0,0,0,0,0,0,0,0,0.0,0,0,0,0,0,0,0,0,0,0,0,0,0,0,0,0,0,0,0,0,0,0,0,0,0,0,0,0,0,0,0,11.0,11.0,0,0,0,0,0,0,0,0,0,0,0,0,0,0,0,0,0,11.0,0,0.0,0,0,0,0,0,0,0,0,0,0
423,2022-08-05 09:45:00,36.86,-61.68,0,0,0,0,88.0,61.68,0,61.68,61.68,8,7,8,0,0,0,0,0,0,0,0,11.0,0,0,0,0,0,0,0,0,0,0,11.0,0,2.186,0,0,0,0,0,0,0,0,0,0,0,0,0,0,0,0,0,0,0,0,0,0,0,0,0,0,0,0,0,0,0,0,0,0,0,0,0,0,0,0,0,0,0,0,0,0,0,0,0,0,0,0,0,0.0,0,0,0,0,0,0,0,0,0,0,0,0,0,0,0,0,0,0,0,0,0,0,0,0,0,0,0,0,0,0,0,11.0,11.0,0,0,0,0,0,0,0,0,0,0,0,0,0,0,0,0,0,11.0,0,4.494,0,0,0,0,0,0,0,0,0,0
424,2022-08-05 10:00:00,36.43,-56.845,0,0,0,0,77.0,56.845,0,56.845,56.845,7,6,7,0,0,0,0,0,0,0,0,0,0,0,0,0,0,0,0,0,0,0,11.0,0,8.351,0,0,0,0,0,0,0,0,0,0,0,0,0,0,0,0,0,0,0,0,0,0,0,0,0,0,0,0,0,0,0,0,0,0,0,0,0,0,0,0,0,0,0,0,0,0,0,0,0,0,0,0,0,0.0,0,0,0,0,0,0,0,0,0,0,0,0,0,0,0,0,0,0,0,0,0,0,0,0,0,0,0,0,0,0,0,11.0,11.0,0,0,0,0,0,0,0,0,0,0,0,0,0,0,0,0,0,11.0,0,4.494,0,0,0,0,0,0,0,0,0,0
425,2022-08-05 10:15:00,36.43,-53.592,0,0,0,0,88.0,53.592,0,53.592,53.592,8,6,8,0,0,0,0,0,0,0,0,0,0,0,0,0,0,0,0,0,0,0,11.0,0,5.098,0,0,0,0,0,0,0,0,0,0,0,0,0,0,0,0,0,0,0,0,0,0,0,0,0,0,0,0,0,0,0,0,0,0,0,0,0,0,0,0,0,0,0,0,0,0,0,0,0,0,0,0,0,0.0,0,0,0,0,0,0,0,0,0,0,0,0,0,0.0,0,0,0,0,0,0,0,0,0,0,0,0,0,0,0,0,0,11.0,11.0,0,0,0,0,0,0,0,0,0,0,0,0,0,0,0,0,0,11.0,0,4.494,0,0,0,0,0,0,0,0,0,0
426,2022-08-05 10:30:00,36.43,-51.816,0,0,0,0,77.0,51.816,0,51.816,51.816,7,5,7,0,0,0,0,0,0,0,0,0,0,0,0,0,0,0,0,0,0,0,11.0,0,11.0,0,0,0,0,0,0,0,0,0,0,0,0,0,0,0,0,0,0,0,0,0,0,0,0,0,0,0,0,0,0,0,0,0,0,0,0,0,0,0,0,0,0,0,0,0,0,0,0,0,0,0,0,0,0.0,0,0,0,0,0,0,0,0,0,0,0,0,0,0.0,0,0,0,0,0,0,0,0,0,0,0,0,0,0,0,0,0,0,11.0,0,0,0,0,0,0,0,0,0,0,0,0,0,0,0,0,0,11.0,0,7.816,0,0,0,0,0,0,0,0,0,0
427,2022-08-05 10:45:00,36.43,-45.471,0,0,0,0,77.0,55.0,0,45.471,45.471,7,5,7,0,0,0,0,0,0,0,0,0,0,0,0,0,0,0,0,0,0,0,11.0,0,11.0,0,0,0,0,0,0,0,0,0,0,0,0,0,0,0,0,0,0,0,0,0,0,0,0,0,0,0,0,0,0,0,0,0,0,0,0,0,0,0,0,0,0,0,0,0,0,0,0,0,0,0,0,0,0.0,0,0,0,0,0,0,0,0,0,0,0,0,0,0.0,0,0,0,0,0,0,0,0,0,0,0,0,0,0,0,0,0,0,1.471,0,0,0,0,0,0,0,0,0,0,0,0,0,0,0,0,0,11.0,0,11.0,0,0,0,0,0,0,0,0,0,0
428,2022-08-05 11:00:00,39.01,-44.0,0,0,0,0,77.0,55.0,0,44.0,44.0,7,4,7,0,0,0,0,0,0,0,0,0,0,0,0,0,0,0,0,0,0,0,11.0,0,11.0,0,0,0,0,0,0,0,0,0,0,0,0,0,0,0,0,0,0,0,0,0,0,0,0,0,0,0,0,0,0,0,0,0,0,0,0,0,0,0,0,0,0,0,0,0,0,0,0,0,0,0,0,0,0.0,0,0,0,0,0,0,0,0,0,0,0,0,0,0.0,0,0,0,0,0,0,0,0,0,0,0,0,0,0,0,0,0,0,0.0,0,0,0,0,0,0,0,0,0,0,0,0,0,0,0,0,0,11.0,0,11.0,0,0,0,0,0,0,0,0,0,0
429,2022-08-05 11:15:00,39.01,-44.0,0,0,0,0,77.0,55.0,0,44.0,44.0,7,4,7,0,0,0,0,0,0,0,0,0,0,0,0,0,0,0,0,0,0,0,11.0,0,11.0,0,0,0,0,0,0,0,0,0,0,0,0,0,0,0,0,0,0,0,0,0,0,0,0,0,0,0,0,0,0,0,0,0,0,0,0,0,0,0,0,0,0,0,0,0,0,0,0,0,0,0,0,0,0.0,0,0,0,0,0,0,0,0,0,0,0,0,0,0.0,0,0,0,0,0,0,0,0,0,0,0,0,0,0,0,0,0,0,0.0,0,0,0,0,0,0,0,0,0,0,0,0,0,0,0,0,0,11.0,0,11.0,0,0,0,0,0,0,0,0,0,0
430,2022-08-05 11:30:00,39.01,-44.0,0,0,0,0,88.0,55.0,0,44.0,44.0,8,4,8,0,0,0,0,0,0,0,0,0,0,0,0,0,0,0,0,0,0,0,11.0,0,11.0,0,0,0,0,0,0,0,0,0,0,0,0,0,0,0.0,0,0,0,0,0,0,0,0,0,0,0,0,0,0,0,0,0,0,0,0,0,0,0,0,0,0,0,0,0,0,0,0,0,0,0,0,0,0,0.0,0,0,0,0,0,0,0,0,0,0,0,0,0,0.0,0,0,0,0,0,0,0,0,0,0,0,0,0,0,0,0,0,0,0.0,0,0,0,0,0,0,0,0,0,0,0,0,0,0,0,0,0,11.0,0,11.0,0,0,0,0,0,0,0,0,0,0
431,2022-08-05 11:45:00,39.01,-49.836,0,0,0,0,110.0,60.835,0,49.836,49.836,10,5,10,0,0,0,0,6.167,0,0,0,0,0,0,0,0,0,0,0,0,0,0,11.0,0,11.0,0,0,0,0,0,0,0,0.0,0,0,0,0,0,0,0.0,0,0,0,0,0,0,0,0,0,0,0,0,0,0,0,0,0,0,0,0,0,0,0,0,0,0,0,0,0,0,0,0,0,0,0,0,0,0,0.0,0,0,0,0,0,0,0,0,0,0,0,0,0,0.0,0,0,0,0,0,0,0,0,0,0,0,0,0,0,0,0,0,0,0.0,0,0,0,0,0,0,0,0,0,0,0,0,0,0,0,0,0,11.0,0,10.669,0,0,0,0,0,0,0,0,0,0
432,2022-08-05 12:00:00,39.5,-46.404,0,0,0,0,110.0,63.18,0,46.404,46.404,10,5,10,0,0,0,0,8.18,0,0,0,0,0,0,0,0,0,0,0,0,0,0,5.224,0,11.0,0,0,0,0,0,0,0,0.0,0,0,0,0,0,0,0.0,0,0,0,0,0,0,0,0,0,0,0,0,0,0,0,0,0,0,0,0,0,0,0,0,0,0,0,0,0,0,0,0,0,0,0,0,0,0,0.0,0,0,0,0,0,0,0,0,0,0,0,0,0,0.0,0,0,0,0,0,0,0,0,0,0,0,0,0,0,0,0,0,0,0.0,0,0,0,0,0,0,0,0,0,0,0,0,0,0,0,0,0,11.0,0,11.0,0,0,0,0,0,0,0,0,0,0
433,2022-08-05 12:15:00,39.5,-38.851,0,0,0,0,110.0,60.85,0,38.851,38.851,10,4,10,0,0,0,0,6.167,0,0,0,0,0,0,0,0,0,0,0,0,0,0,0.0,0,11.0,0,0,0,0,0,0,0,0.0,0,0,0,0,0,0,0.0,0,0,0,0,0,0,0,0,0,0,0,0,0,0,0,0,0,0,0,0,0,0,0,0,0,0,0,0,0,0,0,0,0,0,0,0,0,0,0.0,0,0,0,0,0,0,0,0,0,0,0,0,0,0.0,0,0,0,0,0,0,0,0,0,0,0,0,0,0,0,0,0,0,0.0,0,0,0,0,0,0,0,0,0,0,0,0,0,0,0,0,0,11.0,0,10.684,0,0,0,0,0,0,0,0,0,0
434,2022-08-05 12:30:00,39.5,-49.458,0,0,0,0,121.0,71.459,0,49.458,49.458,11,5,11,0,0,0,0,6.909,0,0,0,0,0,0,0,0,0,0,0,0,0,0,0.0,0,11.0,0,0,0,0,0,0,0,0.0,0,0,0,0,0,0,0.0,0,0,0,0,0,0,0,0,0,0,0,0,0,0,0,0,0,0,0,0,0,0,0,0,0,0,0,0,0,0,0,0,0,0,0,0,0,0,0.0,0,0,0,0,0,0,0,0,0,0,0,0,0,0.0,0,0,0,0,0,0,0,0,0,0,0,0,0,0,0,0,0,0,0.0,0,0,0,0,0,0,0,0,0,0,0,9.549,0,0,0,0,0,11.0,0,11.0,0,0,0,0,0,0,0,0,0,0
435,2022-08-05 12:45:00,39.5,-49.201,0,0,0,0,132.0,71.202,0,49.201,49.201,12,5,12,0,0,0,0,6.652,0,0,0,0,0,0,0,0,0,0,0,0,0,0,0.0,0,11.0,0,0,0,0,0,0,0,0.0,0,0,0,0,0,0,0.0,0,0,0,0,0,0,0,0,0,0,0,0,0,0,0,0,0,0,0,0,0,0,0,0,0,0,0,0,0,0,0,0,0,0,0,0,0,0,0.0,0,0,0,0,0,0,0,0,0,0,0,0,0,0.0,0,0,0,0,0,0.0,0,0,0,0,0,0,0,0,0,0,0,0,0.0,0,0,0,0,0,0,0,0,0,0,0,9.549,0,0,0,0,0,11.0,0,11.0,0,0,0,0,0,0,0,0,0,0
436,2022-08-05 13:00:00,39.02,-40.637,0,0,0,0,121.0,62.636,0,40.637,40.637,11,5,11,0,0,0,0,6.167,0,0,0,0,0,0,0,0,0,0,0,0,0,0,0.0,0,11.0,0,0,0,0,0,0,0,0.0,0,0,0,0,0,0,0.0,0,0,0,0,0,0,0,0,0,0,0,0,0,0,0,0,0,0,0,0,0,0,0,0,0,0,0,0,0,0,0,0,0,0,0,0,0,0,0.0,0,0,0,0,0,0,0,0,0,0,0,0,0,0.0,0,0,0,0,0,6.976,0,0,0,0,0,0,0,0,0,0,0,0,0.0,0,0,0,0,0,0,0,0,0,0,0,0,0,0,0,0,0,11.0,0,5.494,0,0,0,0,0,0,0,0,0,0
437,2022-08-05 13:15:00,39.02,-43.959,0,0,0,0,165.0,65.958,0,43.959,43.959,15,6,15,0,0,0,0,6.167,0,0,0,0,0,0,0,0,0.0,0,0,0,0,0,0.0,0,10.873,0,0,0,0,0,0,0,0.0,0,0,0,0,0,0,0.0,0,0,0.0,0,0,0,0,0,0,0,0,0,0,0,0,0,0,0,0,0,0,0,0,0,0,0,0,0,0,0,0,0,0,0,0,0,0,0,0.0,0,0,0,0,0,0,0,0,0,0,0,0,0,0.0,0,0,0,0,0,6.976,0,0,0,0,0,0,0,0,0,0,0,0,0.0,0,0,0,0,0,0,0,0,0,0,0,0,0,0.0,0,0,0,11.0,0,4.494,0,0,0,0,0,0,4.449,0,0,0
438,2022-08-05 13:30:00,39.02,-39.643,0,0,0,0,154.0,61.217,0,39.643,39.643,14,6,14,0,0,0,0,6.167,0,0,0,0,0,0,0,0,0.0,0,0,0,0,0,0,0,11.0,0,0,0,0,0,0,0,0.0,0,0,0,0,0,0,0.0,0,0,0.0,0,0,0,0,0,0,0,0,0,0,0,0,0,0,0,0,0,0,0,0,0,0,0,0,0,0,0,0,0,0,0,0,0,0,0,0.0,0,0,0,0,0,0,0,0,0,0,0,0,0,0.0,0,0,0,0,0,6.976,0,0,0,0,0,0,0,0,0,0,0,0,0.0,0,0,0,0,0,0,0,0,0,0,0,0,0,0.0,0,0,0,0.425,0,10.626,0,0,0,0,0,0,4.449,0,0,0
439,2022-08-05 13:45:00,39.02,-40.391,0,0,0,0,154.0,62.391,0,40.391,40.391,14,5,14,0,0,0,0,6.966,0,0,0,0,0,0,0,0,0.0,0,0,0,0,0,0,0,11.0,0,0,0,0,0,0,0,0.0,0,0,0,0,0,0,0.0,0,0,0.0,0,0,0,0,0,0,0,0,0,0,0,0,0,0,0,0,0,0,0,0,0,0,0,0,0,0,0,0,0,0,0,0,0,0,0,0.0,0,0,0,0,0,0,0,0,0,0,0,0,0,0.0,0,0,0,0,0,6.976,0,0,0,0,0,0,0,0,0,0,0,0,0.0,0,0,0,0,0,0,0,0,0,0,0,0,0,0.0,0,0,0,0.0,0,11.0,0,0,0,0,0,0,4.449,0,0,0
440,2022-08-05 14:00:00,38.6,-42.204,0,0,0,0,154.0,64.204,0,42.204,42.204,14,5,14,0,0,0,0,8.779,0,0,0,0,0,0,0,0,0.0,0,0,0,0,0,0,0,11.0,0,0,0,0,0,0,0,0.0,0,0,0,0,0,0,0.0,0,0,0.0,0,0,0,0,0,0,0,0,0,0,0,0,0,0,0,0,0,0,0,0,0,0,0,0,0,0,0,0,0,0,0,0,0,0,0,0.0,0,0,0,0,0,0,0,0,0,0,0,0,0,0.0,0,0,0,0,0,6.976,0,0,0,0,0,0,0,0,0,0,0,0,0.0,0,0,0,0,0,0,0,0,0,0,0,0,0,0.0,0,0,0,0.0,0,11.0,0,0,0,0,0,0,4.449,0,0,0
441,2022-08-05 14:15:00,38.6,-41.234,0,0,0,0,176.0,63.234,0,41.234,41.234,16,5,16,0,0,0,0,7.809,0,0,0,0,0,0,0,0,0.0,0,0,0,0,0,0,0,11.0,0,0,0,0,0,0,0,0.0,0,0,0,0,0,0,0.0,0,0,0.0,0,0,0,0,0,0,0,0,0,0,0,0,0,0,0,0,0,0,0,0,0,0,0,0,0,0,0,0,0,0,0,0,0,0,0,0.0,0,0,0,0,0,0,0,0,0,0,0,0,0,0.0,0,0,0,0,0,6.976,0,0,0,0,0,0,0,0,0,0,0.0,0.0,0.0,0,0,0,0,0,0,0,0,0,0,0,0,0,0.0,0,0,0,0.0,0,11.0,0,0,0,0,0,0,4.449,0,0,0
442,2022-08-05 14:30:00,38.6,-37.074,0,0,0,0,176.0,59.073,0,37.074,37.074,16,5,16,0,0,0,0,6.167,0,0,0,0,0,0,0,0,0.0,0,0,0,0,0,0,0,11.0,0,0,0,0,0,0,0,0.0,0,0,0,0,0,0,0.0,0,0,0.0,0,0,0,0,0,0,0,0,0,0,0,0,0,0,0,0,0,0,0,0,0,0,0,0,0,0,0,0,0,0,0,0,0,0,0,0.0,0,0,0,0,0,0,0,0,0,0,0,0,0,0.0,0,0,0,0,0,6.976,0,0,0,0,0,0,0,0,0,0,0.0,0.0,0.0,0,0,0,0,0,0,0,0,0,0,0,0,0,0.0,0,0,0,0.0,0,8.482,0,0,0,0,0,0,4.449,0,0,0
443,2022-08-05 14:45:00,38.6,-37.072,0,0,0,0,187.0,59.071,0,37.072,37.072,17,5,17,0,0,0,0,6.167,0,0,0,0,0,0,0,0,0.0,0,0,0,0,0,0,0,11.0,0,0,0.0,0,0,0,0,0.0,0,0,0,0,0,0,0.0,0,0,0.0,0,0,0,0,0,0,0,0,0,0,0,0,0,0,0,0,0,0,0,0,0,0,0,0,0,0,0,0,0,0,0,0,0,0,0,0.0,0,0,0,0,0,0,0,0,0,0,0,0,0,0.0,0,0,0,0,0,6.976,0,0,0,0,0,0,0,0,0,0,0.0,0.0,0.0,0,0,0,0,0,0,0,0,0,0,0,0,0,0.0,0,0,0,0.0,0,8.48,0,0,0,0,0,0,4.449,0,0,0
444,2022-08-05 15:00:00,39.28,-40.299,0,0,0,0,198.0,62.298,0,40.299,40.299,18,6,18,0,0,0,0,6.167,0,0,0,0,0,0,0,0,0.0,0,0,0,0,0,0,0,10.345,0,0,0.0,0,0,0,0,0.0,0,0,0,0,0,0,0.0,0,0,0.0,0,0,0,0,0,0,0,0,0,0,0,0,0,0,0,0,0,0,0,0,0,0,0,0,0,0,0,0,0,0,0,0,7.868,0,0,0.0,0,0,0,0,0,0,0,0,0,0,0,0,0,0.0,0,0,0,0,0,6.976,0,0,0,0,0,0,0,0,0,0,0.0,0.0,0.0,0,0,0,0,0,0,0,0,0,0,0,0,0,0.0,0,0,0,0.0,0,4.494,0,0,0,0,0,0,4.449,0,0,0
445,2022-08-05 15:15:00,39.28,-45.806,0,0,0,0,209.0,67.805,0,45.806,45.806,19,7,19,0,0,0,0,6.167,0,0,0,0,0,0,0,0,0.0,0,7.781,0,0,0,0,0,8.071,0,0,0.0,0,0,0,0,0.0,0,0,0,0,0,0,0.0,0,0,0.0,0,0,0,0,0,0,0,0,0,0,0,0,0,0,0,0,0,0,0,0,0,0,0,0,0,0,0,0,0,0,0,0,7.868,0,0,0.0,0,0,0,0,0,0,0,0,0,0,0,0,0,0.0,0,0,0,0,0,6.976,0,0,0,0,0,0,0,0,0,0,0.0,0.0,0.0,0,0,0,0,0,0,0,0,0,0,0,0,0,0.0,0,0,0,0.0,0,4.494,0,0,0,0,0,0,4.449,0,0,0
446,2022-08-05 15:30:00,39.28,-44.474,0,0,0,0,209.0,72.952,0,44.474,44.474,19,7,19,0,0,0,0,6.167,0,0,0,0,0,0,0,0,0.0,0,7.781,0,0,0,0,0,11.0,0,0,0.0,0,0,0,0,0.0,0,0,0,0,0,0,0.0,0,0,0.0,0,0,0,0,0,0,0,0,0,0,0,0,0,0,0,0,0,0,0,0,0,0,0,0,0,0,0,0,0,0,0,0,7.868,0,0,0.0,0,0,0,0,0,0,0,0,0,0,0,0,0,0.0,0,0,0,0,0,6.976,0,0,0,0,0,0,0,0,0,0,0.0,0.0,0.0,0,0,0,0,0,0,0,0,0,0,0,0,0,0.0,0,0,0,0.0,0,0.233,0,0,0,0,0,0,4.449,0,0,0
447,2022-08-05 15:45:00,39.28,-44.24,0,0,0,0,198.0,73.134,0,44.24,44.24,18,5,18,0,0,0,0,0,0,0,0,0,0,0,0,0,0.0,0,7.781,0,0,0,0,0,11.0,0,0,0.0,0,0,0,0,0.0,0,0,0,0,0,0,0.0,0,0,0.0,0,0,0,0,0,0,0,0,0,0,0,0,0,0,0,0,0,0,0,0,0,0,0,0,0,0,0,0,0,0,0,0,7.868,0,0,0.0,0,0,0,0,0,0,0,0,0,0,0,0,0,0.0,0,0,0,0,0,11.0,0,0,0,0,0,0,0,0,0,0,0.0,0.0,0.0,0,0,0,0,0,0,0,0,0,0,0,0,0,0.0,0,0,0,0.0,0,0.0,0,0,0,0,0,0,6.591,0,0,0
448,2022-08-05 16:00:00,46.95,-44.914,0,0,0,0,198.0,66.914,0,44.914,44.914,18,5,18,0,0,0,0,0,0,0,0,0,0,0,0,0,0.0,0,7.781,0,0,0,0,0,11.0,0,0,0.0,0,0,0,0,0.0,0,0,0,0,0,0,0.0,0,0,0.0,0,0,0,0,0,0,0,0,0,0,0,0,0,0,0,0,0,0,0,0,0,0,0,0,0,0,0,0,0,0,0,0,7.868,0,0,0.0,0,0,0,0,0,0,0,0,0,0,0,0,0,0.0,0,0,0,0,0,11.0,0,0,0,0.0,0,0,0,0,0,0,0.0,0.0,0.0,0,0,0,0,0,0,0,0,0,0,0,0,0,0.0,0,0,0,0,0,0.0,0,0,0,0,0,0,7.265,0,0,0
449,2022-08-05 16:15:00,46.95,-44.727,0,0,0,0,198.0,73.133,0,44.727,44.727,18,7,18,0,0,0,0,0,0,0,0,0,0,0,0,0,0.0,0,7.781,0,0,0,0,0,4.595,0,0,0.0,0,0,0,0,2.588,0,0,0,0,0,0,1.28,0,0,0.0,0,0,0,0,0,0,0,0,0,0,0,0,0,0,0,0,0,0,0,0,0,0,0,0,0,0,0,0,0,0,0,0,7.868,0,0,0.0,0,0,0,0,0,0,0,0,0,0,0,0,0,0.0,0,0,0,0,0,11.0,0,0,0,0.0,0,0,0,0,0,0,0.0,0.0,0.0,0,0,0,0,0,0,0,0,0,0,0,0,0,0.0,0,0,0,0,0,0.0,0,0,0,0,0,0,9.615,0,0,0
450,2022-08-05 16:30:00,46.95,-33.245,0,0,0,0,187.0,61.474,0,33.245,33.245,17,4,17,0,0,0,0,0,0,0,0,0,0,0,0,0,7.084,0,7.781,0,0,0,0,0,0.0,0,0,0.0,0,0,0,0,0.0,0,0,0,0,0,0,0.0,0,0,0.0,0,0,0,0,0,0,0,0,0,0,0,0,0,0,0,0,0,0,0,0,0,0,0,0,0,0,0,0,0,0,0,0,7.868,0,0,0.0,0,0,0,0,0,0,0,0,0,0,0,0,0,0.0,0,0,0,0,0,0,0,0,0,0.0,0,0,0,0,0,0,0.0,0.0,0.0,0,0,0,0,0,0,0,0,0,0,0,0,0,0.0,0,0,0,0,0,0.0,0,0,0,0,0,0,10.512,0,0,0
451,2022-08-05 16:45:00,46.95,-33.245,0,0,0,0,198.0,52.255,0,33.245,33.245,18,4,18,0,0,0,0,0,0,0,0,0,0,0,0,0,7.084,0,7.781,0,0,0,0,0,0.0,0,0,0.0,0,0,0,0,0.0,0,0,0,0,0,0,0.0,0,0,0.0,0,0,0,0,0,0,0,0,0,0,0,0,0,0,0,0,0,0,0,0,0,0,0,0,0,0,0,0,0,0,0,0,7.868,0,0,0.0,0,0,0,0,0,0,0,0,0,0,0,0,0,0.0,0,0,0,0,0,0,0,0,0,0.0,0,0,0,0,0,0,0.0,0.0,0.0,0,0,0,0,0,0,0,0,0,0,0,0,0,0.0,0,0,0,0,0,0.0,0,0,0,0,0,0,10.512,0,0,0.0
452,2022-08-05 17:00:00,57.01,-11.029,0,0,0,0,165.0,21.995,0,11.029,11.029,15,5,15,0,0,0,0,0,0,0,0,0,0,0,0,0,2.108,0,0,0,0,0,0,0,0.0,0,0,2.234,0,0,0,0,0.0,0,0,0,0,0,0,0.0,0,0,3.169,0,0,0,0,0,0,0,0,0,0,0,0,0,0,0,0,0,0,0,0,0,0,0,0,0,0,0,0,0,0,0,0,0,0,0,0.0,0,0,0,0,0,0,0,0,0,0,0,0,0,0.0,0,0,0,0,0,0,0,0,0,0.0,0,0,0,0,0,0,1.453,0.0,0.0,0,0,0,0,0,0,0,0,0,0,0,0,0,0.0,0,0,0,0,0,0.0,0,0,0,0,0,0,0,0,0,2.066
453,2022-08-05 17:15:00,57.01,-17.538,0,0,0,0,165.0,17.503,0,17.538,17.538,15,6,15,0,0,0,0,0,0,0,0,0,0,0,0,0,7.006,0,0,0,0,0,0,0,0.0,0,0,2.234,0,0,0,0,0.0,0,0,0,0,0,0,0.0,0,0,3.169,0,0,0,0,0,0,0,0,0,0,0,0,0,0,0,0,0,0,0,0,0,0,0,0,0,0,0,0,0,0,0,0,0,0,0,0.0,0,0,0,0,0,0,0,0,0,0,0,0,0,0.0,0,0,0,0,0,0,0,0,0,0.0,0,1.61,0,0,0,0,1.453,0.0,0,0,0,0,0,0,0,0,0,0,0,0,0,0,0.0,0,0,0,0,0,0.0,0,0,0,0,0,0,0,0,0,2.066
454,2022-08-05 17:30:00,57.01,-17.616,0,0,0,0,165.0,18.007,0,17.616,17.616,15,6,15,0,0,0,0,0,0,0,0,0,0,0,0,0,7.084,0,0,0,0,0,0,0,0.0,0,0,2.234,0,0,0,0,0.0,0,0,0,0,0,0,0.0,0,0,3.169,0,0,0,0,0,0,0,0,0,0,0,0,0,0,0,0,0,0,0,0,0,0,0,0,0,0,0,0,0,0,0,0,0,0,0,0.0,0,0,0,0,0,0,0,0,0,0,0,0,0,0.0,0,0,0,0,0,0,0,0,0,0.0,0,1.61,0,0,0,0,1.453,0.0,0,0,0,0,0,0,0,0,0,0,0,0,0,0,0.0,0,0,0,0,0,0.0,0,0,0,0,0,0,0,0,0,2.066
455,2022-08-05 17:45:00,57.01,-18.098,0,0,0,0,198.0,18.069,0,18.098,18.098,18,8,18,0,0,0,0,0,0,0,0,0,0,0,0,0,0.0,0,0,0,0,0,0,0,0.0,0,0,2.234,0,0,3.453,0,0.0,0,0,0,0,0,0,0.0,0,0,2.953,0,0,0,0,0,0,0,0,0,0,0,0,0,0,0,0,0,0,0,0,0,0,0,0,0,0,0,0,3.203,0,0,0,0,0,0,0.0,0,0,0,0,0,0,0,0,0,0,0,0,0,0.0,0,0,0,0,0,0,0,0,0,0.0,0,1.61,0,0,1.126,0,1.453,0.0,0,0,0,0,0,0,0,0,0,0,0,0,0,0,0.0,0,0,0,0,0,0.0,0,0,0,0,0,0,0,0,0,2.066
456,2022-08-05 18:00:00,54.02,-6.892,0,0,0,0,198.0,6.893,0,6.892,6.892,18,3,18,0,0,0,0,0,0,0,0,0,0,0,0,0,0.0,0,0,0,0,0,0,0,0.0,0,0,0.0,0,0,2.563,0,0.0,0,0,0,0,0,0,0.0,0,0,0.0,0,0,0,0,0,0,0,0,0,0,0,0,0,0,0,0,0,0,0,0,0,0,0,0,0,0,0,0,3.203,0,0,0,0,0,0,0.0,0,0,0,0,0,0,0,0,0,0,0,0,0,0.0,0,0,0,0,0,0,0,0,0,0.0,0,0.0,0,0,1.126,0,0.0,0.0,0,0,0,0,0,0,0,0,0,0,0,0,0,0,0.0,0,0,0,0,0,0.0,0,0,0,0,0,0,0,0,0,0.0
457,2022-08-05 18:15:00,54.02,-15.146,0,0,0,0,198.0,15.825,0,15.146,15.146,18,7,18,0,0,0,0,0,0,0,0,0,0,0,0,0,0.0,0,0,0,0,0,0,0,0.0,0,0,2.234,0,0,3.453,0,0.0,0,0,0,0,0,0,0.0,0,0,0.0,0,0,0,0,0,0,0,0,0,0,0,0,0,0,0,0,0,0,0,0,0,0,0,0,0,0,0,0,3.203,0,0,0,0,0,0,0.0,0,0,0,0,0,0,0,0,0,0,0,0,0,0.0,0,0,0,0,0,0,0,0,0,0.0,0,1.61,0,0,1.126,0,1.453,0.0,0,0,0,0,0,0,0,0,0,0,0,0,0,0,0.0,0,0,0,0,0,0.0,0,0,0,0,0,0,0,0,0,2.066
458,2022-08-05 18:30:00,54.02,-15.146,0,0,0,0,198.0,15.841,0,15.146,15.146,18,7,18,0,0,0,0,0,0,0,0,0,0,0,0,0,0.0,0,0,0,0,0,0,0,0.0,0,0,2.234,0,0,3.453,0,0.0,0,0,0,0,0,0,0.0,0,0,0.0,0,0,0,0,0,0,0,0,0,0,0,0,0,0,0,0,0,0,0,0,0,0,0,0,0,0,0,0,3.203,0,0,0,0,0,0,0.0,0,0,0,0,0,0,0,0,0,0,0,0,0,0.0,0,0,0,0,0,0,0,0,0,0.0,0,1.61,0,0,1.126,0,1.453,0.0,0,0,0,0,0,0,0,0,0,0,0,0,0,0,0.0,0,0,0,0,0,0.0,0,0,0,0,0,0,0,0,0,2.066
459,2022-08-05 18:45:00,54.02,-22.395,0,0,0,0,198.0,22.361,0,22.395,22.395,18,9,18,0,0,0,0,0,0,0,0,0,0,0,0,0,4.081,0,0,0,0,0,0,0,0.0,0,0,2.234,0,0,3.453,0,0.0,0,0,0,0,0,0,0.0,0,0,3.169,0,0,0,0,0,0,0,0,0,0,0,0,0,0,0,0,0,0,0,0,0,0,0,0,0,0,0,0,3.203,0,0,0,0,0,0,0.0,0,0,0,0,0,0,0,0,0,0,0,0,0,0.0,0,0,0,0,0,0,0,0,0,0.0,0,1.61,0,0,1.126,0,1.453,0.0,0,0,0,0,0,0,0,0,0,0,0,0,0,0,0.0,0,0,0,0,0,0.0,0,0,0,0,0,0,0,0,0,2.066
460,2022-08-05 19:00:00,46.92,-3.188,0,0,0,0,209.0,3.189,0,3.188,3.188,19,2,19,0,0,0,0,0,0,0,0,0,0,0,0,0,0.0,0.0,0,0,0,0,0,0,0.0,0,0,0.0,0,0,0.0,0,0.0,0,0,0,0,0,0,0.0,0,0,0.0,0,0,0,0,0,0,0,0,0,0,0,0,0,0,0,0,0,0,0,0,0,0,0,0,0,0,0,0,2.062,0,0,0,0,0,0,0.0,0,0,0,0,0,0,0,0,0,0,0,0,0,0.0,0,0,0,0,0,0,0,0,0,0.0,0,0.0,0,0,1.126,0,0.0,0.0,0,0,0,0,0,0,0,0,0,0,0,0,0,0,0.0,0,0,0,0,0,0.0,0,0,0,0,0,0,0,0,0,0.0
461,2022-08-05 19:15:00,46.92,-16.654,0,0,0,0,231.0,17.259,0,16.654,16.654,21,7,21,0,0,0,0,0,0,0,0,0,0,0,0,0,0.0,0.0,0,0,0,0,0,0,0.0,0,0,1.984,0,0,3.453,0,0.0,0,0,0,0,0,0,0.0,0,0,0.0,0,0,0,0,0,0,0,0,0,0,0,0,0,0,0,0,0,0,0,0,0,0,0,0,3.211,0,0,0,3.203,0,0,0,0,0,0,0.0,0,0,0,0,0,0,0,0,0,0,0,0,0,0.0,0,0,0,0,0,0,0,0,0,0.0,0,1.61,0,0,1.126,0,0.0,0.0,0,0,0,0,0,0,0,0,0,0,0,0,0,0,0.0,0,0,0.0,0,0,0.0,0,0,0,0,0,0,0,0,0,2.066
462,2022-08-05 19:30:00,46.92,-25.245,0,0,0,0,242.0,25.816,0,25.245,25.245,22,10,22,0,0,0,0,0,0,0,0,0,0,0,0,0,3.72,0.0,0,0,0,0,0,0,0.0,0,0,2.234,0,0,3.453,0,0.0,0,0,0,0,0,0,0.0,0,0,3.169,0,0,0,0,0,0,0,0,0,0,0,0,0,0,0,0,0,0,0,0,0,0,0,0,3.211,0,0,0,3.203,0,0,0,0,0,0,0.0,0,0,0,0,0,0,0,0,0,0,0.0,0,0,0.0,0,0,0,0,0,0,0,0,0,0.0,0,1.61,0,0,1.126,0,1.453,0.0,0,0,0,0,0,0,0,0,0,0,0,0,0,0,0.0,0,0,0.0,0,0,0.0,0,0,0,0,0,0,0,0,0,2.066
463,2022-08-05 19:45:00,46.92,-25.252,0,0,0,0,264.0,26.055,0,25.252,25.252,24,11,24,0,0,0,0,0,0,0,0,0,0,0,0,0,0.0,0.0,0,0,0,0,0,2.477,0.0,0,0,2.234,0,0,3.453,0,0.0,0,0,0,0,0,0,0.0,0,0,3.169,0,0,0,0,0,0,0,0,0,0,0,0,0,0,0,1.249,0,0,0,0,0,0,0,0,3.211,0,0,0,3.203,0,0,0,0,0,0,0.0,0,0,0,0,0,0,0,0,0,0,0.0,0,0,0.0,0,0,0,0,0,0,0,0,0,0.0,0,1.61,0,0,1.126,0,1.453,0.0,0,0,0,0,0,0,0,0,0,0,0,0,0,0,0.0,0,0,0.0,0,0,0.0,0,0,0,0,0,0,0,0,0,2.066
464,2022-08-05 20:00:00,38.12,-144.118,0,0,0,0,414.0,144.688,0,144.118,30.792,25,13,24,0,0,0,0,0,0,0,0,0,0,0,0,0,5.541,0.0,0,0,0,0,0,2.477,0.0,0,0,2.234,0,0,3.453,0,0.0,0,0,0,0,0,0,0.0,0,0,3.169,0,0,0,0,0,0,0,0,0,0,0,0,0,0,0,1.249,0,0,0,0,0,0,0,0,3.211,0,0,0,3.203,0,0,0,0,0,0,0.0,0,0,0,0,0,0,0,0,0,0,0.0,0,0,0.0,0,0,0,0,0,0,0,0,0,0.0,0,1.61,0,0,1.126,0,1.453,0.0,0,0,0,0,0,0,0,0,0,0,0,0,0,113.326,0.0,0,0,0.0,0,0,0.0,0,0,0,0,0,0,0,0,0,2.066
465,2022-08-05 20:15:00,38.12,-32.335,0,0,0,0,264.0,32.991,0,32.335,32.335,24,12,24,0,0,0,0,0,0,0,0,0,0,0,0,0,7.084,0.0,0,0,0,0,0,2.477,0.0,0,0,2.234,0,0,3.453,0,0.0,0,0,0,0,0,0,0.0,0,0,3.169,0,0,0,0,0,0,0,0,0,0,0,0,0,0,0,1.249,0,0,0,0,0,0,0,0,3.211,0,0,0,3.203,0,0,0,0,0,0,0.0,0,0,0,0,0,0,0,0,0,0,0.0,0,0,0.0,0,0,0,0,0,0,0,0,0,0.0,0,1.61,0,0,1.126,0,1.453,0.0,0,0,0,0,0,0,0,0,0,0,0,0,0,0,0.0,0,0,0.0,0,0,0.0,0,0,0,0,0,0,0,0,0,2.066
466,2022-08-05 20:30:00,38.12,-41.162,0,0,0,0,286.0,41.733,0,41.162,41.162,26,14,26,0,0,0,0,0,0,0,0,0,0,0,0,0,6.933,0.0,0,0,0,0,0,2.477,0.0,0,0,2.234,0,0,3.453,0,0.0,0,0,0,0,0,0,0.0,0,1.243,3.169,0,0,0,0,0,0,0,0,0,0,0,0,0,0,0,1.249,0,0,0,0,7.735,0,0,0,3.211,0,0,0,3.203,0,0,0,0,0,0,0.0,0,0,0,0,0,0,0,0,0,0,0.0,0,0,0.0,0,0,0,0,0,0,0,0,0,0.0,0,1.61,0,0,1.126,0,1.453,0.0,0,0,0,0,0,0,0,0,0,0,0,0,0,0,0.0,0,0,0.0,0,0,0.0,0,0,0,0,0,0,0,0,0,2.066
467,2022-08-05 20:45:00,38.12,-46.861,0,0,0,0,297.0,47.432,0,46.861,46.861,27,15,27,0,0,0,0,0,0,0,0,0,0,0,0,0,5.931,0.0,0,0,0,0,0,2.477,0.0,0,0,2.234,0,0,3.453,0,0.0,0,0,0,0,0,0,0.0,0,1.243,3.169,0,0,0,0,0,0,0,0,0,0,0,0,0,0,0,1.249,0,0,0,0,7.735,0,0,0,3.211,0,0,0,3.203,0,0,0,0,0,0,0.0,0,0,0,0,6.701,0,0,0,0,0,0.0,0,0,0.0,0,0,0,0,0,0,0,0,0,0.0,0,1.61,0,0,1.126,0,1.453,0.0,0,0,0,0,0,0,0,0,0,0,0,0,0,0,0.0,0,0,0.0,0,0,0.0,0,0,0,0,0,0,0,0,0,2.066
468,2022-08-05 21:00:00,35.09,-51.123,0,0,0,0,308.0,59.043,0,51.123,51.123,28,16,28,0,0,0,0,0,0,0,0,0,0,0,0,0,7.084,0.0,0,0,0,0,0,2.477,0.0,0,0,2.234,0,0,3.453,0,0.0,0,0,0,0,0,0,0.0,0,1.243,3.169,0,0,0,0,0,0,0,0,0,0,0,0,0,0,0,1.249,0,0,0,0,7.735,0,0,0,3.211,0,0,0,3.203,0,0,0,0,0,0,0.0,0,0,0,0,6.701,0,0,0,0,0,0.0,0,0,0.0,0,0,0,0,0,0,3.108,0,0,0.0,0,1.61,0,0,1.126,0,1.453,0.0,0,0,0,0,0,0,0,0,0,0,0,0,0,0,0.0,0,0,0.0,0,0,0.0,0,0,0,0,0,0,0,0,0,2.066
469,2022-08-05 21:15:00,35.09,-53.455,0,0,0,0,319.0,64.833,0,53.455,53.455,29,17,29,0,0,0,0,0,0,0,0,0,0,0,0,0,7.084,0.0,0,0,0,0,0,2.477,0.0,0,0,2.234,0,0,3.453,0,0.0,0,0,0,0,0,0,0.0,0,1.243,3.169,0,0,0,0,0,0,0,0,0,0,0,0,0,0,0,1.249,0,0,0,0,7.735,0,0,0,3.211,0,0,0,3.203,0,0,0,0,0,0,0.0,0,0,0,0,6.701,0,0,0,0,0,0.0,0,2.332,0.0,0,0,0,0,0,0,3.108,0,0,0.0,0,1.61,0,0,1.126,0,1.453,0.0,0,0,0,0,0,0,0,0,0,0,0,0,0,0,0.0,0,0,0.0,0,0,0.0,0,0,0,0,0,0,0,0,0,2.066
470,2022-08-05 21:30:00,35.09,-53.455,0,0,0,0,319.0,63.784,0,53.455,53.455,29,17,29,0,0,0,0,0,0,0,0,0,0,0,0,0,7.084,0.0,0,0,0,0,0,2.477,0.0,0,0,2.234,0,0,3.453,0,0.0,0,0,0,0,0,0,0.0,0,1.243,3.169,0,0,0,0,0,0,0,0,0,0,0,0,0,0,0,1.249,0,0,0,0,7.735,0,0,0,3.211,0,0,0,3.203,0,0,0,0,0,0,0.0,0,0,0,0,6.701,0,0,0,0,0,0.0,0,2.332,0.0,0,0,0,0,0,0,3.108,0,0,0.0,0,1.61,0,0,1.126,0,1.453,0.0,0,0,0,0,0,0,0,0,0,0,0,0,0,0,0.0,0,0,0.0,0,0,0.0,0,0,0,0,0,0,0,0,0,2.066
471,2022-08-05 21:45:00,35.09,-53.455,0,0,0,0,319.0,75.848,0,53.455,53.455,29,17,29,0,0,0,0,0,0,0,0,0,0,0,0,0,7.084,0.0,0,0,0,0,0,2.477,0.0,0,0,2.234,0,0,3.453,0,0.0,0,0,0,0,0,0,0.0,0,1.243,3.169,0,0,0,0,0,0,0,0,0,0,0,0,0,0,0,1.249,0,0,0,0,7.735,0,0,0,3.211,0,0,0,3.203,0,0,0,0,0,0,0.0,0,0,0,0,6.701,0,0,0,0,0,0.0,0,2.332,0.0,0,0,0,0,0,0,3.108,0,0,0.0,0,1.61,0,0,1.126,0,1.453,0.0,0,0,0,0,0,0,0,0,0,0,0,0,0,0,0.0,0,0,0.0,0,0,0.0,0,0,0,0,0,0,0,0,0,2.066
472,2022-08-05 22:00:00,38.1,-53.455,0,0,0,0,319.0,74.757,0,53.455,53.455,29,17,29,0,0,0,0,0,0,0,0,0,0,0,0,0,7.084,0.0,0,0,0,0,0,2.477,0.0,0,0,2.234,0,0,3.453,0,0.0,0,0,0,0,0,0,0.0,0,1.243,3.169,0,0,0,0,0,0,0,0,0,0,0,0,0,0,0,1.249,0,0,0,0,7.735,0,0,0,3.211,0,0,0,3.203,0,0,0,0,0,0,0.0,0,0,0,0,6.701,0,0,0,0,0,0.0,0,2.332,0.0,0,0,0,0,0,0,3.108,0,0,0.0,0,1.61,0,0,1.126,0,1.453,0.0,0,0,0,0,0,0,0,0,0,0,0,0,0,0,0.0,0,0,0.0,0,0,0.0,0,0,0,0,0,0,0,0,0,2.066
473,2022-08-05 22:15:00,38.1,-63.192,0,0,0,0,319.0,86.707,0,63.192,63.192,29,20,29,0,0,0,0,0,0,0,0,0,0,0,0,0,10.108,0.0,0,0,0,0,0,2.477,0.0,0,0,2.234,0,0,3.453,0,2.588,0,0,0,0,0,0,2.725,0,1.243,3.169,0,0,0,0,0,0,0,0,0,0,0,0,0,0,0,1.249,0,0,0,0,7.735,0,0,0,3.211,0,0,0,3.203,0,0,0,0,0,0,0.0,0,0,0,0,6.701,0,0,0,0,0,0.0,0,2.332,1.4,0,0,0,0,0,0,3.108,0,0,0.0,0,1.61,0,0,1.126,0,1.453,0.0,0,0,0,0,0,0,0,0,0,0,0,0,0,0,0.0,0,0,0.0,0,0,0.0,0,0,0,0,0,0,0,0,0,2.066
474,2022-08-05 22:30:00,38.1,-63.192,0,0,0,0,319.0,86.332,0,63.192,63.192,29,20,29,0,0,0,0,0,0,0,0,0,0,0,0,0,10.108,0.0,0,0,0,0,0,2.477,0.0,0,0,2.234,0,0,3.453,0,2.588,0,0,0,0,0,0,2.725,0,1.243,3.169,0,0,0,0,0,0,0,0,0,0,0,0,0,0,0,1.249,0,0,0,0,7.735,0,0,0,3.211,0,0,0,3.203,0,0,0,0,0,0,0.0,0,0,0,0,6.701,0,0,0,0,0,0.0,0,2.332,1.4,0,0,0,0,0,0,3.108,0,0,0.0,0,1.61,0,0,1.126,0,1.453,0.0,0,0,0,0,0,0,0,0,0,0,0,0,0,0,0.0,0,0,0.0,0,0,0.0,0,0,0,0,0,0,0,0,0,2.066
475,2022-08-05 22:45:00,38.1,-69.66,0,0,0,0,319.0,92.231,0,69.66,69.66,29,21,29,0,0,0,0,0,0,0,0,0,0,0,0,0,10.108,0.0,0,0,0,0,0,2.477,0.0,0,0,2.234,0,0,3.453,0,2.588,0,0,0,0,0,0,2.725,0,1.243,3.169,0,0,0,0,0,0,0,0,0,0,0,0,0,0,0,1.249,0,0,0,0,7.735,0,0,0,3.211,0,0,0,3.203,0,0,0,0,0,0,6.468,0,0,0,0,6.701,0,0,0,0,0,0.0,0,2.332,1.4,0,0,0,0,0,0,3.108,0,0,0.0,0,1.61,0,0,1.126,0,1.453,0.0,0,0,0,0,0,0,0,0,0,0,0,0,0,0,0.0,0,0,0.0,0,0,0.0,0,0,0,0,0,0,0,0,0,2.066
476,2022-08-05 23:00:00,34.53,-71.743,0,0,0,0,341.0,94.314,0,71.743,71.743,31,21,31,0,0.0,0,0,0,0,0,0,0,0,0,0,0,10.108,0.0,0,0,0,0,0,2.477,0.0,0,0,2.234,0,0,3.453,0,2.588,0,0,0,0,0,0,2.725,0,1.243,3.169,0,0,0,0,0,0,0,0,0,0,0,0,0,0,0,1.249,0,0,0,0,7.735,0,0,0,3.211,0,0,0,3.203,0,0,0,0,0,0,8.551,0,0,0,0,6.701,0,0,0,0,0,0.0,0,2.332,1.4,0,0,0,0,0,0,3.108,0,0,0.0,0,1.61,0,0,1.126,0,1.453,0.0,0,0,0,0,0,0,0,0,0,0,0,0,0,0,0.0,0,0.0,0.0,0,0,0.0,0,0,0,0,0,0,0,0,0,2.066
477,2022-08-05 23:15:00,34.53,-75.948,0,0,0,0,352.0,98.518,0,75.948,75.948,32,21,32,0,0.0,0,0,0,0,0,0,0,0,0,0,0,10.108,0.0,0,0,0,0,0,2.477,0.0,0,0,2.234,0,0,3.453,0,2.588,0,0,0,0,0,0,2.725,0,1.243,3.169,0,0,0,0,0,0,0,0,0,0,0,0,0,0,0,1.249,0,0,0,0,7.735,0,0,0,3.211,0,0,0,3.203,0,0,0,0,0,0,11.0,0,0,0,0,6.701,0,0,0,0,0,0.0,0,2.332,3.156,0,0,0,0,0,0.0,3.108,0,0,0.0,0,1.61,0,0,1.126,0,1.453,0.0,0,0,0,0,0,0,0,0,0,0,0,0,0,0,0.0,0,0.0,0.0,0,0,0.0,0,0,0,0,0,0,0,0,0,2.066
478,2022-08-05 23:30:00,34.53,-76.419,0,0,0,0,363.0,99.749,0,76.419,76.419,33,21,33,0,0.0,0,0,0,0,0,0,0,0,0,0,0,10.108,0.0,0,0,0,0,0,2.477,0.0,0,0,2.234,0,0,3.453,0,2.588,0,0,0,0,0,0,2.725,0,1.243,3.169,0,0,0,0,0,0,0,0,0,0,0,0,0,0,0,1.249,0,0,0,0,7.735,0,0,0,3.211,0,0,0,3.203,0,0,0,0,0,0,11.0,0,0,0,0,6.701,0,0,0,0,0,0.0,0,2.332,3.627,0,0,0,0,0,0.0,3.108,0,0,0.0,0,1.61,0,0,1.126,0,1.453,0.0,0,0,0,0.0,0,0,0,0,0,0,0,0,0,0,0.0,0,0.0,0.0,0,0,0.0,0,0,0,0,0,0,0,0,0,2.066
479,2022-08-05 23:45:00,34.53,-77.333,0,0,0,0,363.0,100.663,0,77.333,77.333,33,21,33,0,0.0,0,0,0,0,0,0,0,0,0,0,0,10.108,0.0,0,0,0,0,0,2.477,0.0,0,0,2.234,0,0,3.453,0,2.588,0,0,0,0,0,0,2.725,0,1.243,3.169,0,0,0,0,0,0,0,0,0,0,0,0,0,0,0,1.249,0,0,0,0,7.735,0,0,0,3.211,0,0,0,3.203,0,0,0,0,0,0,11.0,0,0,0,0,6.701,0,0,0,0,0,0.0,0,2.332,4.541,0,0,0,0,0,0.0,3.108,0,0,0.0,0,1.61,0,0,1.126,0,1.453,0.0,0,0,0,0.0,0,0,0,0,0,0,0,0,0,0,0.0,0,0.0,0.0,0,0,0.0,0,0,0,0,0,0,0,0,0,2.066
480,2022-08-06 00:00:00,33.86,-83.752,0,0,0,0,363.0,107.082,0,83.752,83.752,33,21,33,0,0.0,0,0,0,0,0,0,0,0,0,0,0,10.108,0.0,0,0,0,0,0,2.477,0.0,0,0,2.234,0,0,3.453,0,2.588,0,0,0,0,0,0,2.725,0,1.243,3.169,0,0,0,0,0,0,0,0,0,0,0,0,0,0,0,1.249,0,0,0,0,7.735,0,0,0,3.211,0,0,0,3.203,0,0,0,0,0,0,11.0,0,0,0,0,6.701,0,0,0,0,0,0.0,0,2.332,10.96,0,0,0,0,0,0.0,3.108,0,0,0.0,0,1.61,0,0,1.126,0,1.453,0.0,0,0,0,0.0,0,0,0,0,0,0,0,0,0,0,0.0,0,0.0,0.0,0,0,0.0,0,0,0,0,0,0,0,0,0,2.066
481,2022-08-06 00:15:00,33.86,-86.023,0,0,0,0,363.0,109.354,0,86.023,86.023,33,21,33,0,0.0,0,0,0,0,0,0,0,0,0,0,0,10.108,0.0,0,0,0,0,0,2.477,0.0,0,0,2.234,0,0,3.453,0,2.588,0,0,0,0,0,0,4.956,0,1.243,3.169,0,0,0,0,0,0,0,0,0,0,0,0,0,0,0,1.249,0,0,0,0,7.735,0,0,0,3.211,0,0,0,3.203,0,0,0,0,0,0,11.0,0,0,0,0,6.701,0,0,0,0,0,0.0,0,2.332,11.0,0,0,0,0,0,0.0,3.108,0,0,0.0,0,1.61,0,0,1.126,0,1.453,0.0,0,0,0,0.0,0,0,0,0,0,0,0,0,0,0,0.0,0,0.0,0.0,0,0,0.0,0,0,0,0,0,0,0,0,0,2.066
482,2022-08-06 00:30:00,33.86,-96.994,0,0,0,0,374.0,120.325,0,96.994,96.994,34,22,34,0,0.0,0,0,0,0,0,0,0,0,0,0,0,10.108,0.0,0,0,0,0,0,2.477,0.0,0,0,2.234,0,0,3.453,0,2.588,0,0,0,0,0,0,7.962,0,1.243,3.169,0,0,0,0,0,0,0,0,0,0,0,0,0,0,0,1.249,0,0,0,0,7.735,0,0,0,3.211,0,0,0,3.203,0,0,0,0,0,0,11.0,0,0,0,0,6.701,0,0,0,0,0,0.0,0,2.332,11.0,0,0,0,0,7.965,0.0,3.108,0,0,0.0,0,1.61,0,0,1.126,0,1.453,0.0,0,0,0,0.0,0,0,0,0,0,0,0,0,0,0,0.0,0,0.0,0.0,0,0,0.0,0,0,0,0,0,0,0,0,0,2.066
483,2022-08-06 00:45:00,33.86,-206.163,0,0,0,0,524.0,229.494,0,206.163,101.325,35,23,34,0,0.0,0,0,0,0,0,0,0,0,0,0,0,10.108,0.0,0,0,0,0,0,2.477,0.0,0,0,2.234,0,0,3.453,0,3.881,0,0,0,0,0,0,11.0,0,1.243,3.169,0,0,0,0,0,0,0,0,0,0,0,0,0,0,0,1.249,0,0,0,0,7.735,0,0,0,3.211,0,0,0,3.203,0,0,0,0,0,0,11.0,0,0,0,0,6.701,0,0,0,0,0,0.0,0,2.332,11.0,0,0,0,0,7.965,0.0,3.108,0,0,0.0,0,1.61,0,0,1.126,0,1.453,0.0,0,0,0,0.0,0,0,0,0,0,0,0,0,0,104.838,0.0,0,0.0,0.0,0,0,0.0,0,0,0,0,0,0,0,0,0,2.066
484,2022-08-06 01:00:00,34.14,-102.27,0,0,0,0,374.0,125.601,0,102.27,102.27,34,22,34,0,0.0,0,0,0,0,0,0,0,0,0,0,0,10.108,0.0,0,0,0,0,0,2.477,0.0,0,0,2.234,0,0,3.453,0,4.826,0,0,0,0,0,0,11.0,0,1.243,3.169,0,0,0,0,0,0,0,0,0,0,0,0,0,0,0,1.249,0,0,0,0,7.735,0,0,0,3.211,0,0,0,3.203,0,0,0,0,0,0,11.0,0,0,0,0,6.701,0,0,0,0,0,0.0,0,2.332,11.0,0,0,0,0,7.965,0.0,3.108,0,0,0.0,0,1.61,0,0,1.126,0,1.453,0.0,0,0,0,0.0,0,0,0,0,0,0,0,0,0,0,0.0,0,0.0,0.0,0,0,0.0,0,0,0,0,0,0,0,0,0,2.066
485,2022-08-06 01:15:00,34.14,-102.842,0,0,0,0,374.0,125.068,0,102.842,102.842,34,23,34,0,0.0,0,0,0,0,0,0,0,0,0,0,0,10.108,0.0,0,0,0,0,0,2.477,0.0,0,0,2.234,0,0,3.453,0,4.293,0,0,0,0,0,0,11.0,0,1.243,3.169,0,0,0,0,0,0,0,0,0,0,0,0,0,0,0,1.249,0,0,0,0,7.735,0,0,0,3.211,0,0,0,3.203,0,0,0,0,0,0,11.0,0,0,0,0,6.701,0,0,0,0,0,0.0,0,2.332,11.0,0,0,0,0,7.965,0.0,3.108,0,0,0.0,0,1.61,0,0,1.126,0,1.453,0.0,0,0,0,0.0,0,0,0,0,0,0,0,0,0,0,0.0,0,0.0,1.105,0,0,0.0,0,0,0,0,0,0,0,0,0,2.066
486,2022-08-06 01:30:00,34.14,-105.007,0,0,0,0,374.0,127.233,0,105.007,105.007,34,23,34,0,0.0,0,0,0,0,0,0,0,0,0,0,0,10.108,0.0,0,0,0,0,0,2.477,0.0,0,0,2.234,0,0,3.453,0,6.458,0,0,0,0,0,0,11.0,0,1.243,3.169,0,0,0,0,0,0,0,0,0,0,0,0,0,0,0,1.249,0,0,0,0,7.735,0,0,0,3.211,0,0,0,3.203,0,0,0,0,0,0,11.0,0,0,0,0,6.701,0,0,0,0,0,0.0,0,2.332,11.0,0,0,0,0,7.965,0.0,3.108,0,0,0.0,0,1.61,0,0,1.126,0,1.453,0.0,0,0,0,0.0,0,0,0,0,0,0,0,0,0,0,0.0,0,0.0,1.105,0,0,0.0,0,0,0,0,0,0,0,0,0,2.066
487,2022-08-06 01:45:00,34.14,-99.841,0,0,0,0,374.0,125.973,0,99.841,99.841,34,23,34,0,0.0,0,0,0,0,0,0,0,0,0,0,0,10.108,0.0,0,0,0,0,0,2.477,0.0,0,0,2.234,0,0,3.453,0,5.198,0,0,0,0,0,0,11.0,0,1.243,3.169,0,0,0,0,0,0,0,0,0,0,0,0,0,0,0,1.249,0,0,0,0,7.735,0,0,0,3.211,0,0,0,3.203,0,0,0,0,0,0,11.0,0,0,0,0,6.701,0,0,0,0,0,0.0,0,2.332,7.095,0,0,0,0,7.965,0.0,3.108,0,0,0.0,0,1.61,0,0,1.126,0,1.453,0.0,0,0,0,0.0,0,0,0,0,0,0,0,0,0,0,0.0,0,0.0,1.105,0,0,0.0,0,0,0,0,0,0,0,0,0,2.066
488,2022-08-06 02:00:00,33.96,-93.348,0,0,0,0,374.0,126.574,0,93.348,93.348,34,22,34,0,0.0,0,0,0,0,0,0,0,0,0,0,0,10.108,0.0,0,0,0,0,0,2.477,0.0,0,0,2.234,0,0,3.453,0,5.799,0,0,0,0,0,0,11.0,0,1.243,3.169,0,0,0,0,0,0,0,0,0,0,0,0,0,0,0,1.249,0,0,0,0,7.735,0,0,0,3.211,0,0,0,3.203,0,0,0,0,0,0,11.0,0,0,0,0,6.701,0,0,0,0,0,0.0,0,2.332,0.0,0,0,0,0,7.965,0.0,3.108,0,0,0.0,0,1.61,0,0,1.126,0,1.453,0.0,0,0,0,0.0,0,0,0,0,0,0,0,0,0,0,0.0,0,0.0,1.105,0,0,0.0,0,0,0,0,0,0,0,0,0,2.066
489,2022-08-06 02:15:00,33.96,-89.529,0,0,0,0,374.0,122.755,0,89.529,89.529,34,22,34,0,0.0,0,0,0,0,0,0,0,0,0,0,0,10.108,0.0,0,0,0,0,0,2.477,0.0,0,0,2.234,0,0,3.453,0,2.588,0,0,0,0,0,0,10.392,0,1.243,3.169,0,0,0,0,0,0,0,0,0,0,0,0,0,0,0,1.249,0,0,0,0,7.735,0,0,0,3.211,0,0,0,3.203,0,0,0,0,0,0,11.0,0,0,0,0,6.701,0,0,0,0,0,0.0,0,2.332,0.0,0,0,0,0,7.965,0.0,3.108,0,0,0.0,0,1.61,0,0,1.126,0,1.453,0.0,0,0,0,0.0,0,0,0,0,0,0,0,0,0,0,0.0,0,0.0,1.105,0,0,0.0,0,0,0,0,0,0,0,0,0,2.066
490,2022-08-06 02:30:00,33.96,-98.199,0,0,0,0,374.0,130.314,0,98.199,98.199,34,23,34,0,0.0,0,0,0,0,0,0,0,0,0,0,0,10.108,0.0,0,0,0,0,0,2.477,0.0,0,0,2.234,0,0,3.453,0,9.539,0,0,0,0,0,0,11.0,0,1.243,3.169,0,0,0,0,0,0,0,0,0,0,0,0,0,0,0,1.249,0,0,0,0,7.735,0,0,0,3.211,0,0,0,3.203,0,0,0,0,0,0,11.0,0,0,0,0,6.701,0,0,0,0,0,0.0,0,2.332,0.0,0,0,0,0,7.965,0.0,3.108,0,0,0.0,0,1.61,0,0,1.126,0,1.453,0.0,0,0,0,1.111,0,0,0,0,0,0,0,0,0,0,0.0,0,0.0,1.105,0,0,0.0,0,0,0,0,0,0,0,0,0,2.066
491,2022-08-06 02:45:00,33.96,-98.264,0,0,0,0,374.0,130.379,0,98.264,98.264,34,23,34,0,0.0,0,0,0,0,0,0,0,0,0,0,0,10.108,0.0,0,0,0,0,0,2.477,0.0,0,0,2.234,0,0,3.453,0,9.604,0,0,0,0,0,0,11.0,0,1.243,3.169,0,0,0,0,0,0,0,0,0,0,0,0,0,0,0,1.249,0,0,0,0,7.735,0,0,0,3.211,0,0,0,3.203,0,0,0,0,0,0,11.0,0,0,0,0,6.701,0,0,0,0,0,0.0,0,2.332,0.0,0,0,0,0,7.965,0.0,3.108,0,0,0.0,0,1.61,0,0,1.126,0,1.453,0.0,0,0,0,1.111,0,0,0,0,0,0,0,0,0,0,0.0,0,0.0,1.105,0,0,0.0,0,0,0,0,0,0,0,0,0,2.066
492,2022-08-06 03:00:00,35.01,-92.417,0,0,0,0,374.0,129.796,0,92.417,92.417,34,23,34,0,0.0,0,0,0,0,0,0,0,0,0,0,0,10.108,0.0,0,0,0,0,0,2.477,0.0,0,0,2.234,0,0,3.453,0,9.021,0,0,0,0,0,0,5.736,0,1.243,3.169,0,0,0,0,0,0,0,0,0,0,0,0,0,0,0,1.249,0,0,0,0,7.735,0,0,0,3.211,0,0,0,3.203,0,0,0,0,0,0,11.0,0,0,0,0,6.701,0,0,0,0,0,0.0,0,2.332,0.0,0,0,0,0,7.965,0.0,3.108,0,0,0.0,0,1.61,0,0,1.126,0,1.453,0.0,0,0,0,1.111,0,0,0,0,0,0,0,0,0,0,0.0,0,0.0,1.105,0,0,0.0,0,0,0,0,0,0,0,0,0,2.066
493,2022-08-06 03:15:00,35.01,-87.547,0,0,0,0,374.0,130.662,0,87.547,87.547,34,22,34,0,0.0,0,0,0,0,0,0,0,0,0,0,0,10.108,0.0,0,0,0,0,0,2.477,0.0,0,0,2.234,0,0,3.453,0,9.887,0,0,0,0,0,0,0.0,0,1.243,3.169,0,0,0,0,0,0,0,0,0,0,0,0,0,0,0,1.249,0,0,0,0,7.735,0,0,0,3.211,0,0,0,3.203,0,0,0,0,0,0,11.0,0,0,0,0,6.701,0,0,0,0,0,0.0,0,2.332,0.0,0,0,0,0,7.965,0.0,3.108,0,0,0.0,0,1.61,0,0,1.126,0,1.453,0.0,0,0,0,1.111,0,0,0,0,0,0,0,0,0,0,0.0,0,0.0,1.105,0,0,0.0,0,0,0,0,0,0,0,0,0,2.066
494,2022-08-06 03:30:00,35.01,-86.052,0,0,0,0,374.0,132.674,0,86.052,86.052,34,22,34,0,0.0,0,0,0,0,0,0,0,0,0,0,0,11.0,0.0,0,0,0,0,0,2.477,0.0,0,0,2.234,0,0,3.453,0,11.0,0,0,0,0,0,0,0.0,0,1.243,3.172,0,0,0,0,0,0,0,0,0,0,0,0,0,0,0,1.249,0,0,0,0,7.735,0,0,0,3.211,0,0,0,3.203,0,0,0,0,0,0,7.497,0,0,0,0,6.701,0,0,0,0,0,0.0,0,2.332,0.0,0,0,0,0,7.965,0.0,3.108,0,0,0.0,0,1.61,0,0,1.126,0,1.453,0.0,0,0,0,1.111,0,0,0,0,0,0,0,0,0,0,0.0,0,0.0,1.105,0,0,0.0,0,0,0,0,0,0,0,0,0,2.066
495,2022-08-06 03:45:00,35.01,-72.585,0,0,0,0,374.0,126.7,0,72.585,72.585,34,21,34,0,0.0,0,0,0,0,0,0,0,0,0,0,0,10.108,0.0,0,0,0,0,0,2.477,0.0,0,0,2.234,0,0,3.453,0,5.925,0,0,0,0,0,0,0.0,0,1.243,3.169,0,0,0,0,0,0,0,0,0,0,0,0,0,0,0,1.249,0,0,0,0,7.735,0,0,0,3.211,0,0,0,3.203,0,0,0,0,0,0,0.0,0,0,0,0,6.701,0,0,0,0,0,0.0,0,2.332,0.0,0,0,0,0,7.965,0.0,3.108,0,0,0.0,0,1.61,0,0,1.126,0,1.453,0.0,0,0,0,1.111,0,0,0,0,0,0,0,0,0,0,0.0,0,0.0,1.105,0,0,0.0,0,0,0,0,0,0,0,0,0,2.066
496,2022-08-06 04:00:00,36.07,-71.849,0,0,0,0,385.0,125.964,0,71.849,71.849,35,21,35,0,0.0,0,0,0,0,0,0,0,0,0,0,0,10.108,0.0,0,0,0,0,0,2.477,0.0,0,0,2.234,0,0,3.453,0,5.189,0,0,0,0,0,0,0.0,0,1.243,3.169,0,0,0,0,0,0,0,0,0,0,0,0,0,0,0,1.249,0,0,0,0,7.735,0,0,0,3.211,0,0,0,3.203,0,0,0,0,0,0,0.0,0,0,0,0,6.701,0,0,0,0,0,0.0,0,2.332,0.0,0,0,0,0,7.965,0.0,3.108,0,0,0.0,0,1.61,0,0,1.126,0,1.453,0.0,0,0,0,1.111,0,0,0,0,0,0,0,0,0.0,0,0.0,0,0.0,1.105,0,0,0.0,0,0,0,0,0,0,0,0,0,2.066
497,2022-08-06 04:15:00,36.07,-74.423,0,0,0,0,385.0,128.538,0,74.423,74.423,35,21,35,0,0.0,0,0,0,0,0,0,0,0,0,0,0,10.108,0.0,0,0,0,0,0,2.477,0.0,0,0,2.234,0,0,3.453,0,7.763,0,0,0,0,0,0,0.0,0,1.243,3.169,0,0,0,0,0,0,0,0,0,0,0,0,0,0,0,1.249,0,0,0,0,7.735,0,0,0,3.211,0,0,0,3.203,0,0,0,0,0,0,0.0,0,0,0,0,6.701,0,0,0,0,0,0.0,0,2.332,0.0,0,0,0,0,7.965,0.0,3.108,0,0,0.0,0,1.61,0,0,1.126,0,1.453,0.0,0,0,0,1.111,0,0,0,0,0,0,0,0,0.0,0,0.0,0,0.0,1.105,0,0,0.0,0,0,0,0,0,0,0,0,0,2.066
498,2022-08-06 04:30:00,36.07,-69.558,0,0,0,0,385.0,127.098,0,69.558,69.558,35,21,35,0,0.0,0,0,0,0,0,0,0,0,0,0,0,10.108,0.0,0,0,0,0,0,2.477,0.0,0,0,2.234,0,0,3.453,0,2.898,0,0,0,0,0,0,0.0,0,1.243,3.169,0,0,0,0,0,0,0,0,0,0,0,0,0,0,0,1.249,0,0,0,0,7.735,0,0,0,3.211,0,0,0,3.203,0,0,0,0,0,0,0.0,0,0,0,0,6.701,0,0,0,0,0,0.0,0,2.332,0.0,0,0,0,0,7.965,0.0,3.108,0,0,0.0,0,1.61,0,0,1.126,0,1.453,0.0,0,0,0,1.111,0,0,0,0,0,0,0,0,0.0,0,0.0,0,0.0,1.105,0,0,0.0,0,0,0,0,0,0,0,0,0,2.066
499,2022-08-06 04:45:00,36.07,-66.66,0,0,0,0,385.0,128.37,0,66.66,66.66,35,20,35,0,0.0,0,0,0,0,0,0,0,0,0,0,0,10.108,0.0,0,0,0,0,0,2.477,0.0,0,0,2.234,0,0,3.453,0,0.0,0,0,0,0,0,0,0.0,0,1.243,3.169,0,0,0,0,0,0,0,0,0,0,0,0,0,0,0,1.249,0,0,0,0,7.735,0,0,0,3.211,0,0,0,3.203,0,0,0,0,0,0,0.0,0,0,0,0,6.701,0,0,0,0,0,0.0,0,2.332,0.0,0,0,0,0,7.965,0.0,3.108,0,0,0.0,0,1.61,0,0,1.126,0,1.453,0.0,0,0,0,1.111,0,0,0,0,0,0,0,0,0.0,0,0.0,0,0.0,1.105,0,0,0.0,0,0,0,0,0,0,0,0,0,2.066
500,2022-08-06 05:00:00,36.07,-66.66,0,0,0,0,385.0,124.898,0,66.66,66.66,35,20,35,0,0.0,0,0,0,0,0,0,0,0,0,0,0,10.108,0.0,0,0,0,0,0,2.477,0.0,0,0,2.234,0,0,3.453,0,0.0,0,0,0,0,0,0,0.0,0,1.243,3.169,0,0,0,0,0,0,0,0,0,0,0,0,0,0,0,1.249,0,0,0,0,7.735,0,0,0,3.211,0,0,0,3.203,0,0,0,0,0,0,0.0,0,0,0,0,6.701,0,0,0,0,0,0.0,0,2.332,0.0,0,0,0,0,7.965,0.0,3.108,0,0,0.0,0,1.61,0,0,1.126,0,1.453,0.0,0,0,0,1.111,0,0,0,0,0,0,0,0,0.0,0,0.0,0,0.0,1.105,0,0,0.0,0,0,0,0,0,0,0,0,0,2.066
501,2022-08-06 05:15:00,36.07,-66.661,0,0,0,0,374.0,118.818,0,66.661,66.661,34,19,34,0,0.0,0,0,0,0,0,0,0,0,0,0,0,10.108,0.0,0,0,0,0,0,2.477,0.0,0,0,2.234,0,0,3.453,0,0.0,0,0,0,0,0,0,0.0,0,8.979,3.169,0,0,0,0,0,0,0,0,0,0,0,0,0,0,0,1.249,0,0,0,0,0,0,0,0,3.211,0,0,0,3.203,0,0,0,0,0,0,0.0,0,0,0,0,6.701,0,0,0,0,0,0.0,0,2.332,0.0,0,0,0,0,7.965,0.0,3.108,0,0,0.0,0,1.61,0,0,1.126,0,1.453,0.0,0,0,0,1.111,0,0,0,0,0,0,0,0,0.0,0,0.0,0,0.0,1.105,0,0,0.0,0,0,0,0,0,0,0,0,0,2.066
502,2022-08-06 05:30:00,36.07,-66.661,0,0,0,0,374.0,111.426,0,66.661,66.661,34,19,34,0,0.0,0,0,0,0,0,0,0,0,0,0,0,10.108,0.0,0,0,0,0,0,2.477,0.0,0,0,2.234,0,0,3.453,0,0.0,0,0,0,0,0,0,0.0,0,8.979,3.169,0,0,0,0,0,0,0,0,0,0,0,0,0,0,0,1.249,0,0,0,0,0,0,0,0,3.211,0,0,0,3.203,0,0,0,0,0,0,0.0,0,0,0,0,6.701,0,0,0,0,0,0.0,0,2.332,0.0,0,0,0,0,7.965,0.0,3.108,0,0,0.0,0,1.61,0,0,1.126,0,1.453,0.0,0,0,0,1.111,0,0,0,0,0,0,0,0,0.0,0,0.0,0,0.0,1.105,0,0,0.0,0,0,0,0,0,0,0,0,0,2.066
503,2022-08-06 05:45:00,36.07,-66.661,0,0,0,0,374.0,106.455,0,66.661,66.661,34,19,34,0,0.0,0,0,0,0,0,0,0,0,0,0,0,10.108,0.0,0,0,0,0,0,2.477,0.0,0,0,2.234,0,0,3.453,0,0.0,0,0,0,0,0,0,0.0,0,8.979,3.169,0,0,0,0,0,0,0,0,0,0,0,0,0,0,0,1.249,0,0,0,0,0,0,0,0,3.211,0,0,0,3.203,0,0,0,0,0,0,0.0,0,0,0,0,6.701,0,0,0,0,0,0.0,0,2.332,0.0,0,0,0,0,7.965,0.0,3.108,0,0,0.0,0,1.61,0,0,1.126,0,1.453,0.0,0,0,0,1.111,0,0,0,0,0,0,0,0,0.0,0,0.0,0,0.0,1.105,0,0,0.0,0,0,0,0,0,0,0,0,0,2.066
504,2022-08-06 06:00:00,36.01,-66.631,0,0,0,0,363.0,95.86,0,66.631,66.631,33,18,33,0,0.0,0,0,0,0,0,0,0,0,0,0,0,10.108,0.0,0,0,0,0,0,2.477,0.0,0,0,2.234,0,0,3.453,0,0.0,0,0,0,0,0,0,0.0,0,8.979,0,0,0,0,0,0,0,0,0,0,0,0,0,0,0,0,1.249,0,0,0,0,0,0,0,0,3.211,0,0,0,3.203,0,0,0,0,0,0,0.0,0,0,0,0,6.701,0,0,0,0,0,0.0,0,2.332,0.0,0,0,0,0,7.965,0.0,3.108,0,0,0.0,0,1.61,0,0,1.126,0,4.592,0.0,0,0,0,1.111,0,0,0,0,0,0,0,0,0.0,0,0.0,0,0.0,1.105,0,0,0.0,0,0,0,0,0,0,0,0,0,2.066
505,2022-08-06 06:15:00,36.01,-65.195,0,0,0,0,363.0,86.338,0,65.195,65.195,33,18,33,0,0.0,0,0,0,0,0,0,0,0,0,0,0,8.672,0.0,0,0,0,0,0,2.477,0.0,0,0,2.234,0,0,3.453,0,0.0,0,0,0,0,0,0,0.0,0,8.979,0,0,0,0,0,0,0,0,0,0,0,0,0,0,0,0,1.249,0,0,0,0,0,0,0,0,3.211,0,0,0,3.203,0,0,0,0,0,0,0.0,0,0,0,0,6.701,0,0,0,0,0,0.0,0,2.332,0.0,0,0,0,0,7.965,0.0,3.108,0,0,0.0,0,1.61,0,0,1.126,0,4.592,0.0,0,0,0,1.111,0,0,0,0,0,0,0,0,0.0,0,0.0,0,0.0,1.105,0,0,0.0,0,0,0,0,0,0,0,0,0,2.066
506,2022-08-06 06:30:00,36.01,-66.597,0,0,0,0,341.0,76.74,0,66.597,66.597,31,17,31,0,0.0,0,0,0,0,0,0,0,0,0,0,0,10.074,0.0,0,0,0,0,0,2.477,0,0,0,2.234,0,0,3.453,0,0.0,0,0,0,0,0,0,0.0,0,8.979,0,0,0,0,0,0,0,0,0,0,0,0,0,0,0,0,1.249,0,0,0,0,0,0,0,0,0,0,0,0,3.203,0,0,0,0,0,0,0.0,0,0,0,0,6.701,0,0,0,0,0,0.0,0,2.332,0.0,0,0,0,0,7.965,0.0,3.108,0,0,0.0,0,1.61,0,0,1.126,0,4.592,0.0,0,0,0,1.111,0,0,0,0,0,0,0,0,0.0,0,0.0,0,0.0,4.316,0,0,0.0,0,0,0,0,0,0,0,0,0,2.066
507,2022-08-06 06:45:00,36.01,-66.614,0,0,0,0,319.0,87.808,0,66.614,66.614,29,16,29,0,0.0,0,0,0,0,0,0,0,0,0,0,0,0,0.0,0,0,0,0,0,2.477,0,0,0,2.234,0,0,3.44,0,0.0,0,0,0,0,0,0,0.0,0,8.979,0,0,0,0,0,0,0,0,0,0,0,0,0,0,0,0,1.249,0,0,0,0,0,0,0,0,0,0,0,0,3.203,0,0,0,0,0,0,0.0,0,0,0,0,6.701,0,0,0,0,0,0.0,0,5.44,0.0,0,0,0,0,7.965,0.0,0,0,0,0.0,0,1.61,0,0,1.126,0,5.525,0.0,0,0,0,1.111,0,0,0,0,0,0,0,0,0.0,0,9.171,0,0.0,4.316,0,0,0.0,0,0,0,0,0,0,0,0,0,2.066
508,2022-08-06 07:00:00,35.37,-58.662,0,0,0,0,264.0,72.381,0,58.662,58.662,24,12,24,0,0.0,0,0,0,0,0,0,0,0,0,0,0,0,0.0,0,0,0,0,0,2.477,0,0,0,2.234,0,0,0,0,0.0,0,0,0,0,0,0,0.0,0,8.979,0,0,0,0,0,0,0,0,0,0,0,0,0,0,0,0,1.249,0,0,0,0,0,0,0,0,0,0,0,0,0,0,0,0,0,0,0,0.0,0,0,0,0,0,0,0,0,0,0,0.0,0,11.0,0,0,0,0,0,0,0.0,0,0,0,0.0,0,1.61,0,0,7.782,0,5.525,0.0,0,0,0,2.252,0,0,0,0,0,0,0,0,0.0,0,9.171,0,0.0,4.316,0,0,0.0,0,0,0,0,0,0,0,0,0,2.066
509,2022-08-06 07:15:00,35.37,-58.662,0,0,0,0,264.0,78.839,0,58.662,58.662,24,12,24,0,0.0,0,0,0,0,0,0,0,0,0,0,0,0,0.0,0,0,0,0,0,2.477,0,0,0,2.234,0,0,0,0,0.0,0,0,0,0,0,0,0.0,0,8.979,0,0,0,0,0,0,0,0,0,0,0,0,0,0,0,0,1.249,0,0,0,0,0,0,0,0,0,0,0,0,0,0,0,0,0,0,0,0.0,0,0,0,0,0,0,0,0,0,0,0.0,0,11.0,0,0,0,0,0,0,0.0,0,0,0,0.0,0,1.61,0,0,7.782,0,5.525,0.0,0,0,0,2.252,0,0,0,0,0,0,0,0,0.0,0,9.171,0,0.0,4.316,0,0,0.0,0,0,0,0,0,0,0,0,0,2.066
510,2022-08-06 07:30:00,35.37,-58.662,0,0,0,0,264.0,77.451,0,58.662,58.662,24,12,24,0,0.0,0,0,0,0,0,0,0,0,0,0,0,0,0.0,0,0,0,0,0,2.477,0,0,0,2.234,0,0,0,0,0.0,0,0,0,0,0,0,0.0,0,8.979,0,0,0,0,0,0,0,0,0,0,0,0,0,0,0,0,1.249,0,0,0,0,0,0,0,0,0,0,0,0,0,0,0,0,0,0,0,0.0,0,0,0,0,0,0,0,0,0,0,0.0,0,11.0,0,0,0,0,0,0,0.0,0,0,0,0.0,0,1.61,0,0,7.782,0,5.525,0.0,0,0,0,2.252,0,0,0,0,0,0,0,0,0.0,0,9.171,0,0.0,4.316,0,0,0.0,0,0,0,0,0,0,0,0,0,2.066
511,2022-08-06 07:45:00,35.37,-59.486,0,0,0,0,253.0,91.643,0,59.486,59.486,23,12,23,0,0.0,0,0,0,0,0,0,0,0,0,0,0,0,0.0,0,0,0,0,0,2.477,0,0,0,2.234,0,0,0,0,0.0,0,0,0,0,0,0,0,0,8.979,0,0,0,0,0,0,0,0,0,0,0,0,0,0,0,0,1.249,0,0,0,0,0,0,0,0,0,0,0,0,0,0,0,0,0,0,0,0.0,0,0,0,0,0,0,0,0,0,0,0.0,0,11.0,0,0,0,0,0,0,0.0,0,0,0,0.0,0,1.61,0,0,7.782,0,5.516,0.0,0,0,0,2.252,0,0,0,0,0,0,0,0,0.0,0,10.004,0,0.0,4.316,0,0,0.0,0,0,0,0,0,0,0,0,0,2.066
512,2022-08-06 08:00:00,37.29,-68.643,0,0,0,0,220.0,89.798,0,68.643,68.643,20,11,20,0,0.0,0,0,0,0,0,0,0,0,0,0,0,0,0.0,0,0,0,0,0,2.477,0,0,0,9.135,0,0,0,0,0.0,0,0,0,0,0,0,0,0,8.979,0,0,0,0,0,0,0,0,0,0,0,0,0,0,0,0,1.249,0,0,0,0,0,0,0,0,0,0,0,0,0,0,0,0,0,0,0,0,0,0,0,0,0,0,0,0,0,0,0.0,0,10.992,0,0,0,0,0,0,0.0,0,0,0,0.0,0,0,0,0,9.393,0,0,6.783,0,0,0,2.252,0,0,0,0,0,0,0,0,0.0,0,11.0,0,0.0,4.316,0,0,0.0,0,0,0,0,0,0,0,0,0,2.066
513,2022-08-06 08:15:00,37.29,-81.025,0,0,0,0,209.0,91.172,0,81.025,81.025,19,12,19,0,2.901,0,0,0,0,0,0,0,0,0,0,0,0,0.0,0,0,0,0,0,2.477,0,0,0,9.461,0,0,0,0,0.0,0,0,0,0,0,0,0,0,8.979,0,0,0,0,0,0,0,0,0,0,0,0,0,0,0,7.831,1.249,0,0,0,0,0,0,0,0,0,0,0,0,0,0,0,0,0,0,0,0,0,0,0,0,0,0,0,0,0,0,0.0,0,0,0,0,0,0,0,0,0.0,0,0,0,0.0,0,0,0,0,9.393,0,0,11.0,0,0,0,10.351,0,0,0,0,0,0,0,0,0.0,0,11.0,0,0.0,4.316,0,0,0,0,0,0,0,0,0,0,0,0,2.066
514,2022-08-06 08:30:00,37.29,-89.648,0,0,0,0,198.0,100.315,0,89.648,89.648,18,11,18,0,2.901,0,0,0,0,0,0,0,0,0,0,0,0,0.0,0,0,0,0,0,4.667,0,0,0,11.0,0,0,0,0,0.0,0,0,0,0,0,0,0,0,8.979,0,0,0,0,0,0,0,0,0,0,0,0,0,0,0,7.831,1.249,0,0,0,0,0,0,0,0,0,0,0,0,0,0,0,0,0,0,0,0,0,0,0,0,0,0,0,0,0,0,0.0,0,0,0,0,0,0,0,0,0.0,0,0,0,0.0,0,0,0,0,0,0,0,11.0,0,0,0,10.351,0,0,0,0,0,0,0,0,0.0,0,11.0,0,0.0,11.0,0,0,0,0,0,0,0,0,0,0,0,0,9.67
515,2022-08-06 08:45:00,37.29,-83.743,0,0,0,0,198.0,94.396,0,83.743,83.743,18,10,18,0,2.901,0,0,0,0,0,0,0,0,0,0,0,0,0.0,0,0,0,0,0,0,0,0,0,11.0,0,0,0,0,0.0,0,0,0,0,0,0,0,0,8.978,0,0,0,0,0,0,0,0,0,0,0,0,0,0,0,7.831,5.934,0,0,0,0,0,0,0,0,0,0,0,0,0,0,0,0,0,0,0,0,0,0,0,0,0,0,0,0,0,0,0.0,0,0,0,0,0,0,0,0,0.0,0,0,0,0.0,0,0,0,0,0,0,0,11.0,0,0,0,10.351,0,0,0,0,0,0.0,0,0,0.0,0,11.0,0,0.0,11.0,0,0,0,0,0,0,0,0,0,0,0,0,3.747
516,2022-08-06 09:00:00,39.15,-89.816,0,0,0,0,176.0,101.966,0,89.816,89.816,16,10,16,0,11.0,0,0,0,0,0,0,0,0,0,0,0,0,1.541,0,0,0,0,0,0,0,0,0,11.0,0,0,0,0,0.0,0,0,0,0,0,0,0,0,0,0,0,0,0,0,0,0,0,0,0,0,0,0,0,0,9.495,11.0,0,0,0,0,0,0,0,0,0,0,0,0,0,0,0,0,0,0,0,0,0,0,0,0,0,0,0,0,0,0,0.0,0,0,0,0,0,0,0,0,2.93,0,0,0,0.0,0,0,0,0,0,0,0,11.0,0,0,0,11.0,0,0,0,0,0,0.0,0,0,0.0,0,9.85,0,0.0,11.0,0,0,0,0,0,0,0,0,0,0,0,0,0
517,2022-08-06 09:15:00,39.15,-98.377,0,0,0,0,165.0,109.377,0,98.377,98.377,15,11,15,0,11.0,0,0,0,0,0,0,0,0,0,0,0,0,11.0,0,0,0,0,0,0,0,0,0,11.0,0,0,0,0,0,0,0,0,0,0,0,0,0,0,0,0,0,0,0,0,0,0,0,0,0,0,0,0,0,9.495,11.0,0,0,0,0,0,0,0,0,0,0,0,0,0,0,0,0,0,0,0,0,0,0,0,0,0,0,0,0,0,0,3.999,0,0,0,0,0,0,0,0,6.689,0,0,0,0.0,0,0,0,0,0,0,0,11.0,0,0,0,11.0,0,0,0,0,0,0.0,0,0,0.0,0,0.0,0,1.194,11.0,0,0,0,0,0,0,0,0,0,0,0,0,0
518,2022-08-06 09:30:00,39.15,-97.826,0,0,0,0,165.0,108.826,0,97.826,97.826,15,11,15,0,11.0,0,0,0,0,0,0,0,0,0,0,0,0,11.0,0,0,0,0,0,0,0,0,0,11.0,0,0,0,0,0,0,0,0,0,0,0,0,0,0,0,0,0,0,0,0,0,0,0,0,0,0,0,0,0,9.495,11.0,0,0,0,0,0,0,0,0,0,0,0,0,0,0,0,0,0,0,0,0,0,0,0,0,0,0,0,0,0,0,3.448,0,0,0,0,0,0,0,0,6.689,0,0,0,0.0,0,0,0,0,0,0,0,11.0,0,0,0,11.0,0,0,0,0,0,0.0,0,0,0.0,0,0.0,0,1.194,11.0,0,0,0,0,0,0,0,0,0,0,0,0,0
519,2022-08-06 09:45:00,39.15,-98.534,0,0,0,0,176.0,109.534,0,98.534,98.534,16,11,16,0,11.0,0,0,0,0,0,0,0,0,0,0,0,0,11.0,0,0,0,0,0,0,0,0,0,11.0,0,0,0,0,0,0,0,0,0,0,0,0,0,0,0,0,0,0,0,0,0,0,0,0,0,0,0,0,0,9.495,11.0,0,0,0,0,0,0,0,0,0,0,0,0,0,0,0,0,0,0,0,0,0,0,0,0,0,0,0,0,0,0,4.156,0,0,0,0,0,0,0,0,6.689,0,0,0,0.0,0,0,0,0,0,0,0,11.0,0,0,0,11.0,0,0,0,0,0,0.0,0,0,0.0,0,0.0,0,1.194,11.0,0,0,0,0,0.0,0,0,0,0,0,0,0,0
520,2022-08-06 10:00:00,41.25,-85.842,0,0,0,0,143.0,96.842,0,85.842,85.842,13,8,13,0,11.0,0,0,0,0,0,0,0,0,0,0,0,0,11.0,0,0,0,0,0,0,0,0,0,0,0,0,0,0,0,0,0,0,0,0,0,0,0,0,0,0,0,0,0,0,0,0,0,0,0,0,0,0,0,0,11.0,0,0,0,0,0,0,0,0,0,0,0,0,0,0,0,0,0,0,0,0,0,0,0,0,0,0,0,0,0,0,11.0,0,0,0,0,0,0,0,0,8.842,0,0,0,0.0,0,0,0,0,0,0,0,11.0,0,0,0,11.0,0,0,0,0,0,0.0,0,0,0.0,0,0.0,0,11.0,0,0,0,0,0,0.0,0,0,0,0,0,0,0,0
521,2022-08-06 10:15:00,41.25,-88.0,0,0,0,0,143.0,99.0,0,88.0,88.0,13,8,13,0,11.0,0,0,0,0,0,0,0,0,0,0,0,0,11.0,0,0,0,0,0,0,0,0,0,0,0,0,0,0,0,0,0,0,0,0,0,0,0,0,0,0,0,0,0,0,0,0,0,0,0,0,0,0,0,0,11.0,0,0,0,0,0,0,0,0,0,0,0,0,0,0,0,0,0,0,0,0,0,0,0,0,0,0,0,0,0,0,11.0,0,0,0,0,0,0,0,0,11.0,0,0,0,0.0,0,0,0,0,0,0,0,11.0,0,0,0,11.0,0,0,0,0,0,0.0,0,0,0.0,0,0.0,0,11.0,0,0,0,0,0,0.0,0,0,0,0,0,0,0,0
522,2022-08-06 10:30:00,41.25,-84.336,0,0,0,0,121.0,85.308,0,84.336,84.336,11,8,11,0,11.0,0,0,0,0,0,0,0,0,0,0,0,0,11.0,0,0,0,0,0,0,0,0,0,0,0,0,0,0,0,0,0,0,0,0,0,0,0,0,0,0,0,0,0,0,0,0,0,0,0,0,0,0,0,0,0,0,0,0,0,0,0,0,0,0,0,0,0,0,0,0,0,0,0,0,0,0,0,0,0,0,0,0,0,0,0,11.0,0,0,0,0,0,0,0,0,11.0,0,0,0,0.0,0,0,0,0,0,0,0,11.0,0,0,0,11.0,0,0,0,0,0,7.336,0,0,0.0,0,0,0,11.0,0,0,0,0,0,0.0,0,0,0,0,0,0,0,0
523,2022-08-06 10:45:00,41.25,-93.069,0,0,0,0,121.0,93.456,0,93.069,93.069,11,9,11,0,11.0,0,0,0,0,0,0,0,0,0,0,0,0,11.0,0,0,0,0,0,0,0,0,0,0,0,0,0,0,0,0,0,0,0,0,0,0,0,0,0,0,0,0,0,0,0,0,0,0,0,0,0,0,0,0,0,0,0,0,0,0,0,0,0,0,0,0,0,0,0,0,0,0,0,0,0,0,0,0,0,0,0,0,0,0,0,11.0,0,0,0,0,0,0,0,0,11.0,0,0,0,0.0,0,0,0,0,0,0,0,11.0,0,0,0,11.0,0,0,0,0,0,7.336,0,0,8.733,0,0,0,11.0,0,0,0,0,0,0.0,0,0,0,0,0,0,0,0
524,2022-08-06 11:00:00,51.93,-99.124,0,0,0,0,132.0,98.568,0,99.124,99.124,12,10,12,0,11.0,0,0,0,0,0,0,0,0,0,0,0.0,0,11.0,0,0,0,0,0,0,0,0,0,0,0,0,0,0,0,0,0,0,0,0,0,0,0,0,0,0,0,0,0,0,0,0,0,0,0,0,0,0,0,0,0,0,0,0,0,0,0,0,0,0,0,0,0,0,0,0,0,0,0,0,0,0,0,0,0,0,0,0,0,0,0,11.0,0,0,0,0,0,0,0,0,11.0,0,0,0,1.861,0,0,0,0,0,0,0,11.0,0,0,0,11.0,0,0,0,0,0,9.263,0,0,11.0,0,0,0,11.0,0,0,0,0,0,0.0,0,0,0,0,0,0,0,0
525,2022-08-06 11:15:00,51.93,-84.996,0,0,0,0,143.0,86.153,0,84.996,84.996,13,9,13,0,11.0,0,0,0,0,0,0,0,0,0,0,0.0,0,11.0,0,0,0,0,0,0,0,0,0,0,0,0,0,0,0,0,0,0,0,0,0,0,0,0,0,0,0,0.0,0,0,0,0,0,0,0,0,0,0,0,0,0,0,0,0,0,0,0,0,0,0,0,0,0,0,0,0,0,0,0,0,0,0,0,0,0,0,0,0,0,0,0,11.0,0,0,0,0,0,0,0,0,11.0,0,0,0,0.0,0,0,0,0,0,0,0,10.386,0,0,0,11.0,0,0,0,0,0,7.336,0,0,1.274,0,0,0,11.0,0,0,0,0,0,0.0,0,0,0,0,0,0,0,0
526,2022-08-06 11:30:00,51.93,-83.703,0,0,0,0,132.0,86.55,0,83.703,83.703,12,9,12,0,11.0,0,0,0,0,0,0,0,0,0,0,0.0,0,11.0,0,0,0,0,0,0,0,0,0,0,0,0,0,0,0,0,0,0,0,0,0,0,0,0,0,0,0,0.0,0,0,0,0,0,0,0,0,0,0,0,0,0,0,0,0,0,0,0,0,0,0,0,0,0,0,0,0,0,0,0,0,0,0,0,0,0,0,0,0,0,0,0,11.0,0,0,0,0,0,0,0,0,8.152,0,0,0,11.0,0,0,0,0,0,0,0,0,0,0,0,11.0,0,0,0,0,0,7.336,0,0,2.215,0,0,0,11.0,0,0,0,0,0,0.0,0,0,0,0,0,0,0,0
527,2022-08-06 11:45:00,51.93,-78.547,0,0,0,0,143.0,89.546,0,78.547,78.547,13,8,13,0,11.0,0,0,0,0,0,0,0,0,0,0,0.0,0,11.0,0,0,0,0,0,0,0,0,0,0,0,0,0,0,0,0,0,0,0,0,0,0,0,0,0,0,0,0.0,0,0,0,0,0,0,0,0,0,0,0,0,0,0,0,0,0,0,0,0,0,0,0,0,0,0,0,0,0,0,0,0,0,0,0,0,0,0,0,0,0,0,0,11.0,0,0,0,0,0,0,0,0,0.0,0,0,0,11.0,0,0,0,0,0,0,0,0,0,0,0,11.0,0,0,0,0,0,7.336,0,0,5.211,0,0,0,11.0,0,0,0,0,0,0.0,0,0.0,0,0,0,0,0,0
528,2022-08-06 12:00:00,45.37,-77.0,0,0,0,0,143.0,88.0,0,77.0,77.0,13,7,13,0,11.0,0,0,0,0,0,0,0,0,0,0,0.0,0,11.0,0,0,0,0,0,0,0,0,0,0,0,0,0,0,0,0,0,0,0,0,0,0,0,0,0,0,0,0.0,0,0,0,0,0,0,0,0,0,0,0,0,0,0,0,0,0,0,0,0,0,0,0,0,0,0,0,0,0,0,0,0,0,0,0,0,0,0,0,0,0,0,0,11.0,0,0,0,0,0,0,0,0,0.0,0,0,0,11.0,0,0,0,0,0,0,0,0,0,0,0,0,0,0,0,0,0,11.0,0,0,11.0,0,0,0,11.0,0,0,0,0,0,0.0,0.0,0.0,0,0,0,0,0,0
529,2022-08-06 12:15:00,45.37,-77.0,0,0,0,0,154.0,88.0,0,77.0,77.0,14,7,14,0,11.0,0,0,0,0,0,0,0,0,0,0,0.0,0,11.0,0,0,0,0,0,0,0,0,0,0,0,0,0,0,0,0.0,0,0,0,0,0,0,0,0,0,0,0,0.0,0,0,0,0,0,0,0,0,0,0,0,0,0,0,0,0,0,0,0,0,0,0,0,0,0,0,0,0,0,0,0,0,0,0,0,0,0,0,0,0,0,0,0,11.0,0,0,0,0,0,0,0,0,0.0,0,0,0,11.0,0,0,0,0,0,0,0,0,0,0,0,0,0,0,0,0,0,11.0,0,0,11.0,0,0,0,11.0,0,0,0,0,0,0.0,0.0,0.0,0,0,0,0,0,0
530,2022-08-06 12:30:00,45.37,-77.0,0,0,0,0,154.0,88.0,0,77.0,77.0,14,7,14,0,11.0,0,0,0,0,0,0,0,0,0,0,0.0,0,11.0,0,0,0,0,0,0,0,0,0,0,0,0,0,0,0,0.0,0,0,0,0,0,0,0,0,0,0,0,0.0,0,0,0,0,0,0,0,0,0,0,0,0,0,0,0,0,0,0,0,0,0,0,0,0,0,0,0,0,0,0,0,0,0,0,0,0,0,0,0,0,0,0,0,11.0,0,0,0,0,0,0,0,0,0.0,0,0,0,11.0,0,0,0,0,0,0,0,0,0,0,0,0,0,0,0,0,0,11.0,0,0,11.0,0,0,0,11.0,0,0,0,0,0,0.0,0.0,0.0,0,0,0,0,0,0
531,2022-08-06 12:45:00,45.37,-77.0,0,0,0,0,165.0,88.0,0,77.0,77.0,15,7,15,0,11.0,0,0,0,0,0,0,0,0,0,0,0.0,0,11.0,0,0,0,0,0,0,0,0,0,0,0,0.0,0,0,0,0.0,0,0,0,0,0,0,0,0,0,0,0,0.0,0,0,0,0,0,0,0,0,0,0,0,0,0,0,0,0,0,0,0,0,0,0,0,0,0,0,0,0,0,0,0,0,0,0,0,0,0,0,0,0,0,0,0,11.0,0,0,0,0,0,0,0,0,0.0,0,0,0,11.0,0,0,0,0,0,0,0,0,0,0,0,0,0,0,0,0,0,11.0,0,0,11.0,0,0,0,11.0,0,0,0,0,0,0.0,0.0,0.0,0,0,0,0,0,0
532,2022-08-06 13:00:00,40.53,-73.522,0,0,0,0,154.0,77.0,0,73.522,73.522,14,7,14,0,11.0,0,0,0,0,0,0,0,0,0,0,0.0,0,7.522,0,0,0,0,0,0,0,0,0,0,0,0.0,0,0,0,0.0,0,0,0,0,0,0,0,0,0,0,0,0.0,0,0,0,0,0,0,0,0,0,0,0,0,0,0,0,0,0,0,0,0,0,0,0,0,0,0,0,0,0,0,0,0,0,0,0,0,0,0,0,0,0,0,0,11.0,0,0,0,0,0,0,0,0,0,0,0,0,11.0,0,0,0,0,0,0,0,0,0,0,0,0,0,0,0,0,0,11.0,0,0,11.0,0,0,0,11.0,0,0,0,0,0,0.0,0.0,0.0,0,0,0,0,0,0
533,2022-08-06 13:15:00,40.53,-59.176,0,0,0,0,154.0,77.0,0,59.176,59.176,14,6,14,0,11.0,0,0,0,0,0,0,0,0,0,0,0.0,0,0.0,0,0,0,0,0,0,0,0,0,0,0,0.0,0,0,0,0.0,0,0,0,0,0,0,0,0,0,0,0,0.0,0,0,0,0,0,0,0,0,0,0,0,0,0,0,0,0,0,0,0,0,0,0,0,0,0,0,0,0,0,0,0,0,0,0,0,0,0,0,0,0,0,0,0,11.0,0,0,0,0,0,0,0,0,0,0,0,0,11.0,0,0,0,0,0,0,0,0,0,0,0,0,0,0,0,0,0,11.0,0,0,11.0,0,0,0,4.176,0,0,0,0,0,0.0,0.0,0.0,0,0,0,0,0,0
534,2022-08-06 13:30:00,40.53,-26.592,0,0,0,0,143.0,54.668,0,26.592,26.592,13,3,13,0,0,0,0,0,0,0,0,0,0,0,0,0.0,0,0.0,0,0,0,0,0,0,0,0,0,0,0,0.0,0,0,0,0.0,0,0,0,0,0,0,0,0,0,0,0,0.0,0,0,0,0,0,0,0,0,0.0,0,0,0,0,0,0,0,0,0,0,0,0,0,0,0,0,0,0,0,0,0,0,0,0,0,0,0,0,0,0,0,0,0,0,4.881,0,0,0,0,0,0,0,0,0,0,0,0,10.711,0,0,0,0,0,0,0,0,0,0,0,0,0,0,0,0,0,0,0,0,11.0,0,0,0,0.0,0,0,0,0,0,0.0,0.0,0.0,0,0,0,0,0,0
535,2022-08-06 13:45:00,40.53,-22.14,0,0,0,0,143.0,55.432,0,22.14,22.14,13,3,13,0,0,0,0,0,0,0,0,0,0,0,0,0.0,0,0.0,0,0,0,0,0,0,0,0,0,0,0,0.0,0,0,0,11.0,0,0,0,0,0,0,0,0,0,0,0,0.0,0,0,0,0,0,0,0,0,0.0,0,0,0,0,0,0,0,0,0,0,0,0,0,0,0,0,0,0,0,0,0,0,0,0,0,0,0,0,0,0,0,0,0,0,0.0,0,0,0,0,0,0,0,0,0,0,0,0,0.14,0,0,0,0,0,0,0,0,0,0,0,0,0,0,0,0,0,0,0,0,11.0,0,0,0,0.0,0,0,0,0,0,0.0,0.0,0.0,0,0,0,0,0,0
536,2022-08-06 14:00:00,39.73,-23.629,0,0,0,0,165.0,56.551,0,23.629,23.629,15,3,15,0,0,0,0,0,0,0,0,0,0,0,0,0.0,0,0.0,0.0,0,0,0,0,0,0,0,0,0,0,0.0,0,0,0,4.809,0,0,0,7.82,0,0,0,0,0,0,0,0.0,0,0,0,0,0,0,0,0,0.0,0,0,0,0,0,0,0,0,0,0,0,0,0,0,0,0,0,0,0,0,0,0,0,0,0,0,0,0,0,0,0,0,0,0,0.0,0,0,0,0,0,0,0,0,0,0,0,0,0.0,0,0,0,0,0,0,0,0,0,0,0,0,0,0,0,0,0,0,0,0,11.0,0,0,0,0.0,0,0,0,0,0,0.0,0.0,0.0,0,0,0,0,0,0
537,2022-08-06 14:15:00,39.73,-23.228,0,0,0,0,176.0,56.15,0,23.228,23.228,16,3,16,0,0,0,0,0,0,0,0,0,0,0,0,0.0,0,0.0,0.0,0,0,0,0,0,0,0,0,0,0.0,0.0,0,0,0,4.408,0,0,0,7.82,0,0,0,0,0,0,0,0.0,0,0,0,0,0,0,0,0,0.0,0,0,0,0,0,0,0,0,0,0,0,0,0,0,0,0,0,0,0,0,0,0,0,0,0,0,0,0,0,0,0,0,0,0,0.0,0,0,0,0,0,0,0,0,0,0,0,0,0.0,0,0,0,0,0,0,0,0,0,0,0,0,0,0,0,0,0,0,0,0,11.0,0,0,0,0.0,0,0,0,0,0,0.0,0.0,0.0,0,0,0,0,0,0
538,2022-08-06 14:30:00,39.73,-33.0,0,0,0,0,165.0,55.0,0,33.0,33.0,15,3,15,0,0,0,0,0,0,0,0,0,0,0,0,0.0,0,0.0,0.0,0,0,0,0,0,0,0,0,0,0.0,0.0,0,0,0,11.0,0,0,0,11.0,0,0,0,0,0,0,0,0.0,0,0,0,0,0,0,0,0,0.0,0,0,0,0,0,0,0,0,0,0,0,0,0,0,0,0,0,0,0,0,0,0,0,0,0,0,0,0,0,0,0,0,0,0,0.0,0,0,0,0,0,0,0,0,0,0,0,0,0.0,0,0,0,0,0,0,0,0,0,0,0,0,0,0,0,0,0,0,0,0,11.0,0,0,0,0,0,0,0,0,0,0.0,0.0,0.0,0,0,0,0,0,0
539,2022-08-06 14:45:00,39.73,-32.998,0,0,0,0,165.0,54.998,0,32.998,32.998,15,3,15,0,0,0,0,0,0,0,0,0,0,0,0,0.0,0,0.0,0.0,0,0,0,0,0,0,0,0,0,0.0,0.0,0,0,0,11.0,0,0,0,10.998,0,0,0,0,0,0,0,0.0,0,0,0,0,0,0,0,0,0.0,0,0,0,0,0,0,0,0,0,0,0,0,0,0,0,0,0,0,0,0,0,0,0,0,0,0,0,0,0,0,0,0,0,0,0.0,0,0,0,0,0,0,0,0,0,0,0,0,0.0,0,0,0,0,0,0,0,0,0,0,0,0,0,0,0,0,0,0,0,0,11.0,0,0,0,0,0,0,0,0,0,0.0,0.0,0.0,0,0,0,0,0,0
540,2022-08-06 15:00:00,42.75,-28.96,0,0,0,0,154.0,50.882,0,28.96,28.96,14,3,14,0,0,0,0,0,0,0,0,0,0,0,0,0.0,0,0.0,0.0,0,0,0,0,0,0,0,0,0,0.0,0.0,0,0,0,10.14,0,0,0,7.82,0,0,0,0,0,0,0,0.0,0,0,0,0,0,0,0,0,0.0,0,0,0,0,0,0,0,0,0,0,0,0,0,0,0,0,0,0,0,0,0,0,0,0,0,0,0,0,0,0,0,0,0,0,0.0,0,0,0,0,0,0,0,0,0,0,0,0,0,0,0,0,0,0,0,0,0,0,0,0,0,0,0,0,0,0,0,0,0,11.0,0,0,0,0,0,0,0,0,0,0.0,0.0,0.0,0,0,0,0,0,0
541,2022-08-06 15:15:00,42.75,-29.069,0,0,0,0,154.0,50.991,0,29.069,29.069,14,3,14,0,0,0,0,0,0,0,0,0,0,0,0,0.0,0,0.0,0.0,0,0,0,0,0,0,0,0,0,0.0,0.0,0,0,0,10.249,0,0,0,7.82,0,0,0,0,0,0,0,0.0,0,0,0,0,0,0,0,0,0.0,0,0,0,0,0,0,0,0,0,0,0,0,0,0,0,0,0,0,0,0,0,0,0,0,0,0,0,0,0,0,0,0,0,0,0.0,0,0,0,0,0,0,0,0,0,0,0,0,0,0,0,0,0,0,0,0,0,0,0,0,0,0,0,0,0,0,0,0,0,11.0,0,0,0,0,0,0,0,0,0,0.0,0.0,0.0,0,0,0,0,0,0
542,2022-08-06 15:30:00,42.75,-26.012,0,0,0,0,154.0,47.934,0,26.012,26.012,14,3,14,0,0,0,0,0,0,0,0,0,0,0,0,0.0,0,0.0,0.0,0,0,0,0,0,0,0,0,0,0.0,0.0,0,0,0,7.192,0,0,0,7.82,0,0,0,0,0,0,0,0.0,0,0,0,0,0,0,0,0,0.0,0,0,0,0,0,0,0,0,0,0,0,0,0,0,0,0,0,0,0,0,0,0,0,0,0,0,0,0,0,0,0,0,0,0,0.0,0,0,0,0,0,0,0,0,0,0,0,0,0,0,0,0,0,0,0,0,0,0,0,0,0,0,0,0,0,0,0,0,0,11.0,0,0,0,0,0,0,0,0,0,0.0,0.0,0.0,0,0,0,0,0,0
543,2022-08-06 15:45:00,42.75,-29.236,0,0,0,0,165.0,51.158,0,29.236,29.236,15,3,15,0,0,0,0,0,0,0,0,0,0,0,0,0.0,0,0.0,0.0,0,0,0,0,0,0,0,0,0,0.0,0.0,0,0,0,10.416,0,0,0,7.82,0,0,0,0,0,0,0,0.0,0,0,0,0,0,0,0,0,0.0,0,0,0,0,0,0,0,0,0,0,0,0,0,0,0,0,0,0,0,0,0,0,0,0,0,0,0,0,0,0,0,0,0,0,0.0,0,0,0,0,0,0,0,0,0,0,0,0,0,0,0,0,0,0,0,0,0,0,0,0,0,0,0,0,0,0,0,0,0,11.0,0,0,0,0,0.0,0,0,0,0,0.0,0.0,0.0,0,0,0,0,0,0
544,2022-08-06 16:00:00,53.87,-30.198,0,0,0,0,176.0,52.198,0,30.198,30.198,16,3,16,0,0,0,0,0,0,0,0,0,0,0,0,0.0,0,0.0,0.0,0,0,0,0,0,0,0,0,0,0.0,0.0,0,0,0,11.0,0,0,0,8.198,0,0,0,0,0,0,0,0.0,0,0,0,0,0,0,0,0,0.0,0,0,0,0,0,0,0,0,0,0,0,0,0,0,0,0,0,0,0,0.0,0,0,0,0,0,0,0,0,0,0,0,0,0,0,0.0,0,0,0,0,0,0,0,0,0,0,0,0,0,0,0,0,0,0,0,0,0,0,0,0,0,0,0,0,0,0,0,0,0,11.0,0,0,0,0,0.0,0,0,0,0,0.0,0.0,0.0,0,0,0,0,0,0
545,2022-08-06 16:15:00,53.87,-27.348,0,0,0,0,176.0,49.27,0,27.348,27.348,16,3,16,0,0,0,0,0,0,0,0,0,0,0,0,0.0,0,0.0,0.0,0,0,0,0,0,0,0,0,0,0.0,0.0,0,0,0,8.528,0,0,0,7.82,0,0,0,0,0,0,0,0.0,0,0,0,0,0,0,0,0,0.0,0,0,0,0,0,0,0,0,0,0,0,0,0,0,0,0,0,0,0,0.0,0,0,0,0,0,0,0,0,0,0,0,0,0,0,0.0,0,0,0,0,0,0,0,0,0,0,0,0,0,0,0,0,0,0,0,0,0,0,0,0,0,0,0,0,0,0,0,0,0,11.0,0,0,0,0,0.0,0,0,0,0,0.0,0.0,0.0,0,0,0,0,0,0
546,2022-08-06 16:30:00,53.87,-16.531,0,0,0,0,176.0,47.523,0,16.531,16.531,16,3,16,0,0,0,0,0,0,0,0,0,0,0,0,0.0,0,0.0,0.0,0,0,0,0,0,0,0,0,0,0.0,0.0,0,0,0,6.781,0,0,0,7.82,0,0,0,0,0,0,0,0.0,0,0,0,0,0,0,0,0,0.0,0,0,0,0,0,0,0,0,0,0,0,0,0,0,0,0,0,0,0,0.0,0,0,0,0,0,0,0,0,0,0,0,0,0,0,0.0,0,0,0,0,0,0,0,0,0,0,0,0,0,0,0,0,0,0,0,0,0,0,0,0,0,0,0,0,0,0,0,0,0,1.93,0,0,0,0,0.0,0,0,0,0,0.0,0.0,0.0,0,0,0,0,0,0
547,2022-08-06 16:45:00,53.87,-4.163,0,0,0,0,165.0,37.163,0,4.163,4.163,15,1,15,0,0,0,0,0,0,0,0,0,0,0,0,0.0,0,0.0,0.0,0,0,0,0,0,0,0,0,0,0.0,0.0,0,0,0,0,0,0,0,0,0,0,0,0,0,0,0,0.0,0,0,0,0,0,0,0,0,0.0,0,0,0,0,0,0,0,0,0,0,0,0,0,0,0,0,0,0,0,0.0,0,0,0,0,0,0,0,0,0,0,0,0,0,0,0.0,0,0,0,0,0,0,0,0,0,0,0,0,0,0,0,0,0,0,0,0,0,0,0,0,0,4.163,0,0,0,0,0,0,0,0.0,0,0,0,0,0.0,0,0,0,0,0.0,0.0,0.0,0,0,0,0,0,0
548,2022-08-06 17:00:00,60.95,-17.29,0,0,0,0,165.0,39.285,0,17.29,17.29,15,4,15,0,0,0,0,0,0,0,0,0,0,0,0,0.0,0,0.0,0.0,0,0,0,0,0,0,0,0,0,0.0,0.0,0,0,0,0,0,0,0,0,0,0,0,0,0,0,0,0.0,0,0,0,0,0,0,0,0,0.0,0,0,0,0,0,0,0,0,0,0,0,0,0,0,0,0,0,0,0,1.424,0,0,0,0,0,0,0,0,0,0,0,0,0,0,0,0,0,0,0,0,0,0,0,0,0,0,0,0,0,0,0,0,0,0,0,0,0,0,0,0,4.792,0,0,0,8.129,0,0,0,0.0,0,0,0,0,2.945,0,0,0,0,0.0,0.0,0.0,0,0,0,0,0,0
549,2022-08-06 17:15:00,60.95,-14.345,0,0,0,0,198.0,36.657,0,14.345,14.345,18,3,18,0,0,0,0,0,0,0,0,0,0,0,0,0.0,0,0.0,0.0,0,0,0,0,0,0,0,0,0,0.0,0.0,0,0,0,0,0,0,0,0,0,0,0,0,0,0,0,0.0,0,0,0,0,0,0,0,0,0.0,0,0,0,0,0,0,0,0.0,0,0,0,0,0,0,0,0,0,0.0,0,1.424,0,0,0,0,0,0,0,0,0,0.0,0,0,0,0,0,0,0,0,0,0,0,0,0,0,0,0,0,0,0,0,0,0,0,0,0,0,0,0,0,0,4.792,0,0,0,8.129,0,0,0,0.0,0,0,0,0,0.0,0,0,0,0,0.0,0.0,0.0,0,0,0,0,0,0
550,2022-08-06 17:30:00,60.95,-20.125,0,0,0,0,231.0,39.94,0,20.125,20.125,21,6,21,0,0,0,0,0,0,0,2.71,0,0,0,0,0.0,0,0.0,0.0,0,0,0,0,0,0,0,0,0,0.0,0.0,0,0,0,0,0,0,0,0,0,0,1.277,0,0,0,0,0.0,0,0,0,0,0,0,0,0,0.0,0,0,0,0,0,0,0,0.0,0,0,0,0,0,0,0,0,0,0.0,0,1.12,0,0,0,0,0,0,0,0,0,0.0,0,0,0,0,0,0,0,0,0,0,0,0,0,0,0,0,0,0,0,0,0,2.097,0,0,0,0,0,0,0,0,4.792,0,0,0,8.129,0,0,0,0.0,0,0,0,0,0.0,0,0,0,0,0.0,0.0,0.0,0,0,0,0,0,0
551,2022-08-06 17:45:00,60.95,-31.132,0,0,0,0,231.0,32.221,0,31.132,31.132,21,9,21,0,0,0,0,0,0,0,2.71,0,0,0,0,0.0,0,0.0,3.05,0,0,0,0,0,0,0,0,0,3.348,0.0,0,0,0,0,0,0,0,0,0,0,1.277,0,0,0,0,0.0,0,0,0,0.0,0,0,0,0,0.0,0,0,0,0,0,0,0,0.0,0,0,0,0,0,0,0,0,0,0.0,0,1.424,0,0,0,0,0,0,0,0,0,0.0,0,0,0,0,0,0,0,0,0,0,0,0,0,0,0,0,0,0,0,0,0,2.097,0,0,0,0,0,0,0,0,4.792,0,0,0,8.129,0,0,0,0,0,0,0,0,4.305,0,0,0,0,0.0,0.0,0.0,0,0,0,0,0,0
552,2022-08-06 18:00:00,64.93,-28.082,0,0,0,0,231.0,29.058,0,28.082,28.082,21,8,21,0,0,0,0,0,0,0,2.71,0,0,0,0,0.0,0,0.0,0.0,0,0,0,0,0,0,0,0,0,3.348,0.0,0,0,0,0,0,0,0,0,0,0,1.277,0,0,0,0,0.0,0,0,0,0.0,0,0,0,0,0.0,0,0,0,0,0,0,0,0.0,0,0,0,0,0,0,0,0,0,0.0,0,1.424,0,0,0,0,0,0,0,0,0,0.0,0,0,0,0,0,0,0,0,0,0,0,0,0,0,0,0,0,0,0,0,0,2.097,0,0,0,0,0,0,0,0,4.792,0,0,0,8.129,0,0,0,0,0,0,0,0,4.305,0,0,0,0,0.0,0.0,0.0,0,0,0,0,0,0
553,2022-08-06 18:15:00,64.93,-24.037,0,0,0,0,220.0,23.716,0,24.037,24.037,20,9,20,0,0,0,0,0,0,0,2.71,0,0,0,0,0.0,0,0.0,0.0,0,0,0,0,0,0,0,0,0,0.0,0.0,0,0,0,0,0,0,0,0,0,0,2.727,0,0,0,0,0.0,0,0,0,0.0,0,0,0,0,0.0,0,0,0,0,0,0,0,3.495,0,0,0,0,0,0,0,0,0,2.399,0,1.424,0,0,0,0,0,0,0,0,0,1.1,0,0,0,0,0,0,0,0,0,0,0,0,0,0,0,0,0,0,0,0,0,2.097,0,0,0,0,0,0,0,0,4.792,0,0,0,0,0,0,0,0,0,0,0,0,3.293,0,0,0,0,0.0,0.0,0.0,0,0,0,0,0,0
554,2022-08-06 18:30:00,64.93,-30.547,0,0,0,0,231.0,30.225,0,30.547,30.547,21,11,21,0,0,0,0,0,0,0,2.71,0,0,0,0,0.0,0,0.0,0.0,0,0,0,0,0,0,0,0,0,2.177,0.0,0,0,0,0,0,3.321,0,0,0,0,2.727,0,0,0,0,0.0,0,0,0,0.0,0,0,0,0,0.0,0,0,0,0,0,0,0,3.495,0,0,0,0,0,0,0,0,0,2.399,0,1.424,0,0,0,0,0,0,0,0,0,1.1,0,0,0,0,0,0,0,0,0,0,0,0,0,0,0,0,0,0,0,0,0,2.097,0,0,0,0,0,0,0,0,4.792,0,0,0,0,0,0,0,0,0,0,0,0,4.305,0,0,0,0,0.0,0.0,0.0,0,0,0,0,0,0
555,2022-08-06 18:45:00,64.93,-27.27,0,0,0,0,231.0,28.11,0,27.27,27.27,21,9,21,0,0,0,0,0,0,0,2.71,0,0,0,0,0.0,0,0.0,0.0,0,0,0,0,0,0,0,0,0,0.0,0.0,0,0,0,0,0,3.321,0,0,0,0,2.727,0,0,0,0,0.0,0,0,0,0.0,0,0,0,0,0.0,0,0,0,0,0,0,0,3.495,0,0,0,0,0,0,0,0,0,2.399,0,1.424,0,0,0,0,0,0,0,0,0,0.0,0,0,0,0,0,0,0,0,0,0,0,0,0,0,0,0,0,0,0,0,0,2.097,0,0,0,0,0,0,0,0,4.792,0,0,0,0,0,0,0,0,0,0,0,0,4.305,0,0,0,0,0.0,0.0,0.0,0,0,0,0,0,0
556,2022-08-06 19:00:00,58.91,-30.708,0,0,0,0,242.0,32.4,0,30.708,30.708,22,10,22,0,0,0,0,0,0,0,2.71,0,0,0,0,0.0,0,0.0,0.0,0,0,0,0,0,0,0,0,0,0.0,0.0,0,0,0,0,0,3.321,0,0,0,0,2.727,0,0,0,0,0.0,0,0,0,0.0,0,0,0,0,0.0,0,0,0,0,0,0,0,3.495,0,0,0,0,0,0,0,0,0,2.399,0,1.424,3.438,0,0,0,0,0,0,0,0,0.0,0,0,0,0,0,0,0,0,0,0,0,0,0,0,0,0,0,0,0,0,0,2.097,0,0,0,0,0,0,0,0,4.792,0,0,0,0,0,0,0,0,0,0,0,0,4.305,0,0,0,0,0.0,0.0,0.0,0,0,0,0,0,0
557,2022-08-06 19:15:00,58.91,-135.723,0,0,0,0,392.0,136.871,0,135.723,30.708,23,11,22,0,0,0,0,0,0,0,2.71,0,0,0,0,0.0,0,0.0,0.0,0,0,0,0,0,0,0,0,0,0.0,0.0,0,0,0,0,0,3.321,0,0,0,0,2.727,0,0,0,0,0.0,0,0,0,0.0,0,0,0,0,0.0,0,0,0,0,0,0,0,3.495,0,0,0,0,0,0,0,0,0,2.399,0,1.424,3.438,0,0,0,0,0,0,0,0,0.0,0,0,0,0,0,0,0,0,0,0,0,0,0,0,0,0,0,0,0,0,0,2.097,0,0,0,0,0,0,0,0,4.792,0,105.015,0,0,0,0,0,0,0,0,0,0,4.305,0,0,0,0,0.0,0.0,0.0,0,0,0,0,0,0
558,2022-08-06 19:30:00,58.91,-40.047,0,0,0,0,242.0,40.825,0,40.047,40.047,22,13,22,0,0,0,0,0,0,0,2.71,0,0,0,0,0.0,0,0,4.529,0,0,0,0,0,0,0,0,0,3.348,0.0,0,0,0,0,0,3.321,0,0,0,0,2.727,0,0,0,0,0.0,0.0,0,0,0.0,0,0,0,0,1.462,0,0,0,0,0,0,0,3.495,0,0,0,0,0,0,0,0,0,2.399,0,1.424,3.438,0,0,0,0,0,0,0,0,0.0,0,0,0,0,0,0,0,0,0,0,0,0,0,0,0,0,0,0,0,0,0,2.097,0,0,0,0,0,0,0,0,4.792,0,0,0,0,0,0,0,0,0,0,0,0,4.305,0,0,0,0,0.0,0.0,0.0,0,0,0,0,0,0
559,2022-08-06 19:45:00,58.91,-32.274,0,0,0,0,242.0,33.052,0,32.274,32.274,22,11,22,0,0,0,0,0,0,0,2.71,0,0,0,0,0.0,0,0,0.0,0,0,0,0,0,0,0,0,0,1.566,0.0,0,0,0,0,0,3.321,0,0,0,0,2.727,0,0,0,0,0.0,0.0,0,0,0.0,0,0,0,0,0.0,0,0,0,0,0,0,0,3.495,0,0,0,0,0,0,0,0,0,2.399,0,1.424,3.438,0,0,0,0,0,0,0,0,0.0,0,0,0,0,0,0,0,0,0,0,0,0,0,0,0,0,0,0,0,0,0,2.097,0,0,0,0,0,0,0,0,4.792,0,0,0,0,0,0,0,0,0,0,0,0,4.305,0,0,0,0,0.0,0.0,0.0,0,0,0,0,0,0
560,2022-08-06 20:00:00,50.03,-36.756,0,0,0,0,253.0,37.534,0,36.756,36.756,23,11,23,0,0,0,0,0,0,0,2.71,0,0,0,0,0.0,0,0,0.0,0,0,0,0,0,0,0,0,0,0.0,0.0,0,0,0,0,0,3.321,0,0,0,0,2.727,0,0,0,0,0.0,0.0,0,0,0.0,0,0,0,9.147,0.0,0,0,0,0,0,0,0,3.495,0,0,0,0,0,0,0,0,0,2.399,0,1.424,3.438,0,0,0,0,0,0,0,0,0.0,0,0,0,0,0,0,0,0,0,0,0,0,0,0,0,0,0,0,0,0,0,2.097,0,0,0,0,0,0,0,0,4.792,0,0,0,0,0,0,0,0,0,0,0,0,1.205,0,0,0,0,0.0,0.0,0.0,0,0,0,0,0,0
561,2022-08-06 20:15:00,50.03,-47.733,0,0,0,0,253.0,49.259,0,47.733,47.733,23,13,23,0,0,0,0,0,0,0,2.71,0,0,0,0,0.0,0,0,4.529,0,0,0,0,0,0,0,0,0,3.348,0.0,0,0,0,0,0,3.321,0,0,0,0,2.727,0,0,0,0,0.0,0.0,0,0,0.0,0,0,0,9.147,0.0,0,0,0,0,0,0,0,3.495,0,0,0,0,0,0,0,0,0,2.399,0,1.424,3.438,0,0,0,0,0,0,0,0,0.0,0,0,0,0,0,0,0,0,0,0,0,0,0,0,0,0,0,0,0,0,0,2.097,0,0,0,0,0,0,0,0,4.792,0,0,0,0,0,0,0,0,0,0,0,0,4.305,0,0,0,0,0.0,0.0,0.0,0,0,0,0,0,0
562,2022-08-06 20:30:00,50.03,-55.977,0,0,0,0,264.0,56.754,0,55.977,55.977,24,15,24,0,0,0,0,0,0,0,2.71,0,0,0,0,0.0,0,0,4.529,0,0,0,0,0,0,0,0,0,3.348,4.036,0,0,0,0,0,3.321,0,0,0,0,2.727,0,0,0,0,0.0,0.0,0,0,0.0,0,0,0,9.147,4.208,0.0,0,0,0,0,0,0,3.495,0,0,0,0,0,0,0,0,0,2.399,0,1.424,3.438,0,0,0,0,0,0,0,0,0.0,0,0,0,0,0,0,0,0,0,0,0,0,0,0,0,0,0,0,0,0,0,2.097,0,0,0,0,0,0,0,0,4.792,0,0,0,0,0,0,0,0,0,0,0,0,4.305,0,0,0,0,0.0,0.0,0.0,0,0,0,0,0,0
563,2022-08-06 20:45:00,50.03,-57.741,0,0,0,0,264.0,58.518,0,57.741,57.741,24,16,24,0,0,0,0,0,0,0,2.71,0,0,0,0,0.0,0,0,4.529,0,0,0,0,0,0,0,0,0,3.348,4.556,0,0,0,0,0,3.321,0,0,0,0,2.727,0,0,0,0,0.0,0.0,0,0,0.0,0,0,0,9.147,4.208,0.0,0,0,0,0,0,0,3.495,0,0,0,0,0,0,0,0,0,2.399,0,1.424,3.438,0,0,0,0,0,0,0,0,0.0,0,0,0,0,0,0,0,0,0,0,0,0,0,0,0,0,0,0,0,0,0,2.097,0,0,0,0,0,0,0,0,4.792,0,0,0,0,0,0,0,0,0,0,0,0,4.305,0,0,0,0,0.0,1.244,0.0,0,0,0,0,0,0
564,2022-08-06 21:00:00,39.06,-53.033,0,0,0,0,264.0,53.81,0,53.033,53.033,24,16,24,0,0,0,0,0,0,0,2.71,0,0,0,0,0.0,0,0,4.529,0,0,0,0,0,0,0,0,0,3.348,4.556,0,0,0,0,0,3.321,0,0,0,0,2.727,0,0,0,0,0.0,0.0,0,0,0.0,0,0,0,0,4.208,3.874,0,0,0,0,0.0,0,3.495,0,0,0,0,0,0,0,0,0,2.399,0,1.424,3.438,0,0,0,0,0,0,0,0,0.0,0,0,0,0,0,0,0,0,0,0,0,0,0,0,0,0,0,0,0,0,0,2.097,0,0,0,0,0,0,0,0,4.792,0,0,0,0,0,0,0,0,0,0,0,0,4.305,0,0,0,0,0.0,1.81,0.0,0,0,0,0,0,0
565,2022-08-06 21:15:00,39.06,-62.877,0,0,0,0,275.0,64.161,0,62.877,62.877,25,19,25,0,0,0,0,0,0,0,2.71,0,0,0,0,0.0,0,0,4.529,0,0,0,0,0,0,0,0,0,3.348,4.556,0,0,0,0,0,3.321,0,0,0,0,2.727,0,0,0,0,2.321,0.0,0,0,0.0,0,0,0,0,4.208,3.874,0,0,0,0,0.0,0,3.495,0,0,0,0,0,0,0,0,0,2.399,0,1.424,3.438,0,0,0,0,0,0,0,0,0.0,0,0,0,0,0,0,0,0,0,0,0,0,0,0,0,0,0,0,0,0,0,2.097,0,0,0,0,0,0,0,0,4.792,0,0,0,0,0,0,0,0,0,0,0,0,4.305,0,0,0,0,3.012,4.478,0.0,0,1.843,0,0,0,0
566,2022-08-06 21:30:00,39.06,-65.151,0,0,0,0,275.0,66.435,0,65.151,65.151,25,19,25,0,0,0,0,0,0,0,2.71,0,0,0,0,0.0,0,0,4.529,0,0,0,0,0,0,0,0,0,3.348,4.556,0,0,0,0,0,3.321,0,0,0,0,2.727,0,0,0,0,2.321,0.0,0,0,0.0,0,0,0,0,4.208,3.874,0,0,0,0,0.0,0,3.495,0,0,0,0,0,0,0,0,0,2.399,0,1.424,3.438,0,0,0,0,0,0,0,0,0.0,0,0,0,0,0,0,0,0,0,0,0,0,0,0,0,0,0,0,0,0,0,2.097,0,0,0,0,0,0,0,0,4.792,0,0,0,0,0,0,0,0,0,0,0,0,4.305,0,0,0,0,5.286,4.478,0.0,0,1.843,0,0,0,0
567,2022-08-06 21:45:00,39.06,-68.82,0,0,0,0,275.0,70.104,0,68.82,68.82,25,19,25,0,0,0,0,0,0,0,2.71,0,0,0,0,0.0,0,0,4.529,0,0,0,0,0,0,0,0,0,3.348,4.556,0,0,0,0,0,3.321,0,0,0,0,2.727,0,0,0,0,2.321,0.0,0,0,0.0,0,0,0,0,4.208,3.874,0,0,0,0,0.0,0,3.495,0,0,0,0,0,0,0,0,0,2.399,0,1.424,3.438,0,0,0,0,0,0,0,0,0.0,0,0,0,0,0,0,0,0,0,0,0,0,0,0,0,0,0,0,0,0,0,2.097,0,0,0,0,0,0,0,0,4.792,0,0,0,0,0,0,0,0,0,0,0,0,4.305,0,0,0,0,8.955,4.478,0.0,0,1.843,0,0,0,0
568,2022-08-06 22:00:00,40.06,-64.807,0,0,0,0,286.0,66.091,0,64.807,64.807,26,19,26,0,0,0.0,0,0,0,0,2.71,0,0,0,0,0.0,0,0,4.529,0,0,0,0,0,0,0,0,0,3.348,4.556,0,0,0,0,0,3.321,0,0,0,0,2.727,0,0,0,0,2.321,0.0,0,0,0.0,0,0,0,0,4.208,3.874,0,0,0,0,0.0,0,3.495,0,0,0,0,0,0,0,0,0,2.399,0,1.424,3.438,0,0,0,0,0,0,0,0,0.0,0,0,0,0,0,0,0,0,0,0,0,0,0,0,0,0,0,0,0,0,0,2.097,0,0,0,0,0,0,0,0,4.792,0,0,0,0,0,0,0,0,0,0,0,0,4.305,0,0,0,0,4.942,4.478,0.0,0,1.843,0,0,0,0
569,2022-08-06 22:15:00,40.06,-77.589,0,0,0,0,286.0,78.873,0,77.589,77.589,26,20,26,0,0,0.0,0,0,0,0,2.71,0,0,0,0,2.447,0,0,4.529,0,0,0,0,0,0,0,0,0,3.348,4.556,0,0,0,0,0,3.321,0,0,0,0,2.727,0,0,0,0,6.598,0.0,0,0,0.0,0,0,0,0,4.208,3.874,0,0,0,0,0.0,0,3.495,0,0,0,0,0,0,0,0,0,2.399,0,1.424,3.438,0,0,0,0,0,0,0,0,0.0,0,0,0,0,0,0,0,0,0,0,0,0,0,0,0,0,0,0,0,0,0,2.097,0,0,0,0,0,0,0,0,4.792,0,0,0,0,0,0,0,0,0,0,0,0,4.305,0,0,0,0,11.0,4.478,0.0,0,1.843,0,0,0,0
570,2022-08-06 22:30:00,40.06,-76.558,0,0,0,0,297.0,77.843,0,76.558,76.558,27,20,27,0,0,0.0,0,0,0,0,2.71,0,0,0,0,0.0,0,0,4.529,0,0,0,0,0,0,0,0,0,3.348,4.556,0,0,0,0,0,3.321,0,0,0,0,2.727,0,0,0,3.728,4.286,0.0,0,0,0.0,0,0,0,0,4.208,3.874,0,0,0,0,0.0,0,3.495,0,0,0,0,0,0,0,0,0,2.399,0,1.424,3.438,0,0,0,0,0,0,0,0,0.0,0,0,0,0,0,0,0,0,0,0,0,0,0,0,0,0,0,0,0,0,0,2.097,0,0,0,0,0,0,0,0,4.792,0,0,0,0,0,0,0,0,0,0,0,0,4.305,0,0,0,0,11.0,4.478,0.0,0,1.843,0,0,0,0
571,2022-08-06 22:45:00,40.06,-83.838,0,0,0,0,286.0,84.047,0,83.838,83.838,26,21,26,0,0,0.0,0,0,0,0,2.71,0,0,0,0,3.892,0,0,4.529,0,0,0,0,0,0,0,0,0,3.348,4.556,0,0,0,0,0,3.321,0,0,0,0,2.727,0,0,0,3.728,6.598,0.0,0,0,0.0,0,0,0,0,4.208,3.874,0,0,0,0,0.0,0,3.495,0,0,0,0,0,0,0,0,0,2.399,0,1.424,3.438,0,0,0,0,0,0,0,0,5.868,0,0,0,0,0,0,0,0,0,0,0,0,0,0,0,0,0,0,0,0,0,2.097,0,0,0,0,0,0,0,0,0,0,0,0,0,0,0,0,0,0,0,0,0,4.305,0,0,0,0,11.0,4.478,0.0,0,1.843,0,0,0,0
572,2022-08-06 23:00:00,37.09,-93.32,0,0,0,0,308.0,93.528,0,93.32,93.32,28,22,28,0,0,0.0,0,0,0,0,2.71,0,0,0,0,9.892,0,0,4.529,0,0,0,0,0,0,0,0,0,3.348,4.556,0,0,0,0,0.0,3.321,0,0,0,0,2.727,0,0,0,3.728,6.598,0.0,0,0,0.0,0,0,0,0,4.208,3.874,0,0,0,0,0.0,0,3.495,0,0,0,0,0,0,0,0,0,2.399,0,1.424,3.438,0,0,0,0,0,3.482,0,0,5.868,0,0,0,0,0,0,0,0,0,0,0,0,0,0,0,0,0,0,0,0,0,2.097,0,0,0,0,0,0,0,0,0,0,0,0,0,0,0,0,0,0,0,0,0,4.305,0,0,0,0,11.0,4.478,0.0,0,1.843,0,0,0,0
573,2022-08-06 23:15:00,37.09,-97.407,0,0,0,0,308.0,97.615,0,97.407,97.407,28,22,28,0,0,0.0,0,0,0,0,2.71,0,0,0,0,11.0,0,0,4.529,0,0,0,0,0,0,0,0,0,3.348,4.556,0,0,0,0,0.0,3.321,0,0,0,0,2.727,0,0,0,3.728,9.577,0.0,0,0,0.0,0,0,0,0,4.208,3.874,0,0,0,0,0.0,0,3.495,0,0,0,0,0,0,0,0,0,2.399,0,1.424,3.438,0,0,0,0,0,3.482,0,0,5.868,0,0,0,0,0,0,0,0,0,0,0,0,0,0,0,0,0,0,0,0,0,2.097,0,0,0,0,0,0,0,0,0,0,0,0,0,0,0,0,0,0,0,0,0,4.305,0,0,0,0,11.0,4.478,0.0,0,1.843,0,0,0,0
574,2022-08-06 23:30:00,37.09,-101.938,0,0,0,0,308.0,101.639,0,101.938,101.938,28,23,28,0,0,0.0,0,0,0,0,2.71,0,0,0,0,11.0,0,0,4.529,0,0,0,0,0,0,0,0,0,3.348,4.556,0,0,0,0,0.0,3.321,0,0,0,0,2.727,0,0,0,3.728,11.0,0.0,0,0,0.0,0,0,0,0,4.208,3.874,0,0,0,0,0.0,0,3.495,0,0,0,0,0,0,0,0,0,2.399,0,1.424,3.438,0,0,0,0,0,3.482,0,0,5.868,0,0,0,0,0,0,0,0,0,0,0,0,0,0,0,0,0,0,0,0,0,2.097,0,0,0,0,0,0,0,0,0,0,0,0,0,0,0,0,0,0,0,0,0,4.305,0,0,0,0,11.0,4.478,3.108,0,1.843,0,0,0,0
575,2022-08-06 23:45:00,37.09,-101.668,0,0,0,0,308.0,101.369,0,101.668,101.668,28,23,28,0,0,0.0,0,0,0,0,2.71,0,0,0,0,11.0,0,0,4.529,0,0,0,0,0,0,0,0,0,3.348,4.556,0,0,0,0,0.0,3.321,0,0,0,0,2.727,0,0,0,3.728,11.0,0.0,0,0,0.0,0,0,0,0,4.208,3.874,0,0,0,0,0.0,0,3.495,0,0,0,0,0,0,0,0,0,2.399,0,1.424,3.438,0,0,0,0,0,3.482,0,0,5.868,0,0,0,0,0,0,0,0,0,0,0,0,0,0,0,0,0,0,0,0,0,2.097,0,0,0,0,0,0,0,0,0,0,0,0,0,0,0,0,0,0,0,0,0,4.305,0,0,0,0,11.0,4.478,2.838,0,1.843,0,0,0,0
576,2022-08-07 00:00:00,40.0,-103.801,0,0,0,0,308.0,103.502,0,103.801,103.801,28,23,28,0,0,0.0,0,0,0,0,2.71,0,0,0,0,11.0,0,0,4.529,0,0,0,0,0,0,0,0,0,3.348,4.556,0,0,0,0,0.0,3.321,0,0,0,0,2.727,0,0,0,3.728,11.0,0.0,0,0,0.0,0,0,0,0,4.208,3.874,0,0,0,0,0.0,0,3.495,0,0,0,0,0,0,0,0,0,2.399,0,1.424,3.438,0,0,0,0,0,3.482,0,0,5.868,0,0,0,0,0,0,0,0,0,0,0,0,0,0,0,0,0,0,0,0,0,2.097,0,0,0,0,0,0,0,0,0,0,0,0,0,0,0,0,0,0,0,0,0,4.305,0,0,0,0,11.0,4.478,4.971,0,1.843,0,0,0,0
577,2022-08-07 00:15:00,40.0,-108.416,0,0,0,0,308.0,108.117,0,108.416,108.416,28,23,28,0,0,0.0,0,0,0,0,2.71,0,0,0,0,11.0,0,0,4.529,0,0,0,0,0,0,0,0,0,3.348,4.556,0,0,0,0,0.0,3.321,0,0,0,0,2.727,0,0,0,3.728,11.0,0.0,0,0,0.0,0,0,0,0,4.208,3.874,0,0,0,0,0.0,0,3.495,0,0,0,0,0,0,0,0,0,2.399,0,1.424,3.438,0,0,0,0,0,3.482,0,0,5.868,0,0,0,0,0,0,0,0,0,0,0,0,0,0,0,0,0,0,0,0,0,2.097,0,0,0,0,0,0,0,0,0,0,0,0,0,0,0,0,0,0,0,0,0,4.305,0,0,0,0,11.0,4.478,9.586,0,1.843,0,0,0,0
578,2022-08-07 00:30:00,40.0,-108.089,0,0,0,0,308.0,109.829,0,108.089,108.089,28,23,28,0,0,0.0,0,0,0,0,2.71,0,0,0,0,11.0,0,0,4.529,0,0,0,0,0,0,0,0,0,3.348,4.556,0,0,0,0,0.0,3.321,0,0,0,0,2.727,0,0,0,3.728,11.0,0.0,0,0,0.0,0,0,0,0,4.208,3.874,0,0,0,0,0.0,0,3.495,0,0,0,0,0,0,0,0,0,2.399,0,1.424,3.438,0,0,0,0,0,3.482,0,0,5.868,0,0,0,0,0,0,0,0,0,0,0,0,0,0,0,0,0,0,0,0,0,2.097,0,0,0,0,0,0,0,0,0,0,0,0,0,0,0,0,0,0,0,0,0,4.305,0,0,0,0,8.961,4.776,11.0,0,1.843,0,0,0,0
579,2022-08-07 00:45:00,40.0,-104.531,0,0,0,0,308.0,115.232,0,104.531,104.531,28,22,28,0,0,0.0,0,0,0,0,2.71,0,0,0,0,11.0,0,0,4.529,0,0,0,0,0,0,0,0,0,3.348,4.556,0,0,0,0,0.0,3.321,0,0,0,0,2.727,0,0,0,3.728,11.0,0.0,0,0,0.0,0,0,0,0,4.208,3.874,0,0,0,0,0.0,0,3.495,0,0,0,0,0,0,0,0,0,2.399,0,1.424,3.438,0,0,0,0,0,3.482,0,0,5.868,0,0,0,0,0,0,0,0,0,0,0,0,0,0,0,0,0,0,0,0,0,2.097,0,0,0,0,0,0,0,0,0,0,0,0,0,0,0,0,0,0,0,0,0,4.305,0,0,0,0,0.0,10.179,11.0,0,1.843,0,0,0,0
580,2022-08-07 01:00:00,39.05,-102.436,0,0,0,0,308.0,113.137,0,102.436,102.436,28,22,28,0,0,0.0,0,0,0,0,2.71,0,0,0,0,11.0,0,0,4.529,0,0,0,0,0,0,0,0,0,3.348,4.556,0,0,0,0,0.0,3.321,0,0,0,0,2.727,0,0,0,3.728,11.0,0.0,0,0,0.0,0,0,0,0,4.208,3.874,0,0,0,0,0.0,0,3.495,0,0,0,0,0,0,0,0,0,2.399,0,1.424,3.438,0,0,0,0,0,3.482,0,0,5.868,0,0,0,0,0,0,0,0,0,0,0,0,0,0,0,0,0,0,0,0,0,2.097,0,0,0,0,0,0,0,0,0,0,0,0,0,0,0,0,0,0,0,0,0,4.305,0,0,0,0,0.0,8.084,11.0,0,1.843,0,0,0,0
581,2022-08-07 01:15:00,39.05,-109.392,0,0,0,0,308.0,120.093,0,109.392,109.392,28,22,28,0,0,0.0,0,0,0,0,2.71,0,0,0,0,11.0,0,0,4.529,0,0,0,0,0,0,0,0,0,3.348,8.596,0,0,0,0,0.0,3.321,0,0,0,0,2.727,0,0,0,3.728,11.0,0.0,0,0,0.0,0,0,0,0,4.208,3.874,0,0,0,0,0.0,0,3.495,0,0,0,0,0,0,0,0,0,2.399,0,1.424,3.438,0,0,0,0,0,3.482,0,0,5.868,0,0,0,0,0,0,0,0,0,0,0,0,0,0,0,0,0,0,0,0,0,2.097,0,0,0,0,0,0,0,0,0,0,0,0,0,0,0,0,0,0,0,0,0,4.305,0,0,0,0,0.0,11.0,11.0,0,1.843,0,0,0,0
582,2022-08-07 01:30:00,39.05,-110.293,0,0,0,0,308.0,120.994,0,110.293,110.293,28,22,28,0,0,0.0,0,0,0,0,2.71,0,0,0,0,11.0,0,0,4.529,0,0,0,0,0,0,0,0,0,3.348,9.497,0,0,0,0,0.0,3.321,0,0,0,0,2.727,0,0,0,3.728,11.0,0.0,0,0,0.0,0,0,0,0,4.208,3.874,0,0,0,0,0.0,0,3.495,0,0,0,0,0,0,0,0,0,2.399,0,1.424,3.438,0,0,0,0,0,3.482,0,0,5.868,0,0,0,0,0,0,0,0,0,0,0,0,0,0,0,0,0,0,0,0,0,2.097,0,0,0,0,0,0,0,0,0,0,0,0,0,0,0,0,0,0,0,0,0,4.305,0,0,0,0,0.0,11.0,11.0,0,1.843,0,0,0,0
583,2022-08-07 01:45:00,39.05,-111.858,0,0,0,0,308.0,122.559,0,111.858,111.858,28,22,28,0,0,0.0,0,0,0,0,2.71,0,0,0,0,11.0,0,0,4.529,0,0,0,0,0,0,0,0,0,3.348,11.0,0,0,0,0,0.0,3.321,0,0,0,0,2.727,0,0,0,3.728,11.0,0.0,0,0,0.0,0,0,0,0,4.27,3.874,0,0,0,0,0.0,0,3.495,0,0,0,0,0,0,0,0,0,2.399,0,1.424,3.438,0,0,0,0,0,3.482,0,0,5.868,0,0,0,0,0,0,0,0,0,0,0,0,0,0,0,0,0,0,0,0,0,2.097,0,0,0,0,0,0,0,0,0,0,0,0,0,0,0,0,0,0,0,0,0,4.305,0,0,0,0,0.0,11.0,11.0,0,1.843,0,0,0,0
584,2022-08-07 02:00:00,39.21,-107.432,0,0,0,0,308.0,120.609,0,107.432,107.432,28,22,28,0,0,0.0,0,0,0,0,2.71,0,0,0,0,11.0,0,0,4.529,0,0,0,0,0,0,0,0,0,3.348,9.112,0,0,0,0,0.0,3.321,0,0,0,0,2.727,0,0,0,3.728,11.0,0.0,0,0,0.0,0,0,0,0,4.208,3.874,0,0,0,0,0.0,0,3.495,0,0,0,0,0,0,0,0,0,2.399,0,1.424,3.438,0,0,0,0,0,3.482,0,0,5.868,0,0,0,0,0,0,0,0,0,0,0,0,0,0,0,0,0,0,0,0,0,2.097,0,0,0,0,0,0,0,0,0,0,0,0,0,0,0,0,0,0,0,0,0,4.305,0,0,0,0,0.0,11.0,8.523,0,1.843,0,0,0,0
585,2022-08-07 02:15:00,39.21,-88.487,0,0,0,0,308.0,123.33,0,88.487,88.487,28,21,28,0,0,0.0,0,0,0,0,2.71,0,0,0,0,6.273,0,0,4.529,0,0,0,0,0,0,0,0,0,3.348,11.0,0,0,0,0,0.0,3.321,0,0,0,0,2.727,0,0,0,3.728,2.585,0.0,0,0,0.0,0,0,0,0,5.041,3.874,0,0,0,0,0.0,0,3.495,0,0,0,0,0,0,0,0,0,2.399,0,1.424,3.438,0,0,0,0,0,3.482,0,0,5.868,0,0,0,0,0,0,0,0,0,0,0,0,0,0,0,0,0,0,0,0,0,2.097,0,0,0,0,0,0,0,0,0,0,0,0,0,0,0,0,0,0,0,0,0,4.305,0,0,0,0,0.0,11.0,0.0,0,1.843,0,0,0,0
586,2022-08-07 02:30:00,39.21,-81.916,0,0,0,0,308.0,125.617,0,81.916,81.916,28,19,28,0,0,0.0,0,0,0,0,2.71,0,0,0,0,0.0,0,0,4.529,0,0,0,0,0,0,0,0,0,3.348,11.0,0,0,0,0,0.0,3.321,0,0,0,0,2.727,0,0,0,3.728,0.0,0.0,0,0,0.0,0,0,0,0,7.328,3.874,0,0,0,0,0.0,0,3.495,0,0,0,0,0,0,0,0,0,2.399,0,1.424,3.438,0,0,0,0,0,3.482,0,0,5.868,0,0,0,0,0,0,0,0,0,0,0,0,0,0,0,0,0,0,0,0,0,2.097,0,0,0,0,0,0,0,0,0,0,0,0,0,0,0,0,0,0,0,0,0,4.305,0,0,0,0,0.0,11.0,0.0,0,1.843,0,0,0,0
587,2022-08-07 02:45:00,39.21,-79.39,0,0,0,0,308.0,123.091,0,79.39,79.39,28,19,28,0,0,0.0,0,0,0,0,2.71,0,0,0,0,0.0,0,0,4.529,0,0,0,0,0,0,0,0,0,3.348,11.0,0,0,0,0,0.0,3.321,0,0,0,0,2.727,0,0,0,3.728,0.0,0.0,0,0,0.0,0,0,0,0,4.802,3.874,0,0,0,0,0.0,0,3.495,0,0,0,0,0,0,0,0,0,2.399,0,1.424,3.438,0,0,0,0,0,3.482,0,0,5.868,0,0,0,0,0,0,0,0,0,0,0,0,0,0,0,0,0,0,0,0,0,2.097,0,0,0,0,0,0,0,0,0,0,0,0,0,0,0,0,0,0,0,0,0,4.305,0,0,0,0,0.0,11.0,0.0,0,1.843,0,0,0,0
588,2022-08-07 03:00:00,39.24,-79.234,0,0,0,0,319.0,122.935,0,79.234,79.234,29,19,29,0,0,0.0,0,0,0,0,2.71,0,0,0,0,0.0,0,0,4.529,0,0,0,0,0,0,0,0,0,3.348,11.0,0,0,0,0,0.0,3.321,0,0,0,0,2.727,0,0,0,3.728,0.0,0.0,0,0,0.0,0,0,0,0.0,4.646,3.874,0,0,0,0,0.0,0,3.495,0,0,0,0,0,0,0,0,0,2.399,0,1.424,3.438,0,0,0,0,0,3.482,0,0,5.868,0,0,0,0,0,0,0,0,0,0,0,0,0,0,0,0,0,0,0,0,0,2.097,0,0,0,0,0,0,0,0,0,0,0,0,0,0,0,0,0,0,0,0,0,4.305,0,0,0,0,0.0,11.0,0.0,0,1.843,0,0,0,0
589,2022-08-07 03:15:00,39.24,-59.848,0,0,0,0,319.0,123.861,0,59.848,59.848,29,19,29,0,0,0.0,0,0,0,0,2.71,0,0,0,0,0.0,0,0,4.529,0,0,0,0,0,0,0,0,0,3.348,0.424,0,0,0,0,0.0,3.321,0,0,0,0,2.727,0,0,0,3.728,0.0,0.0,0,0,0.0,0,0,0,0.0,5.572,3.874,0,0,0,0,0.0,0,3.495,0,0,0,0,0,0,0,0,0,2.399,0,1.424,3.438,0,0,0,0,0,3.482,0,0,5.868,0,0,0,0,0,0,0,0,0,0,0,0,0,0,0,0,0,0,0,0,0,2.097,0,0,0,0,0,0,0,0,0,0,0,0,0,0,0,0,0,0,0,0,0,4.305,0,0,0,0,0.0,1.264,0.0,0,1.843,0,0,0,0
590,2022-08-07 03:30:00,39.24,-56.796,0,0,0,0,319.0,120.814,0,56.796,56.796,29,17,29,0,0,0.0,0,0,0,0,2.71,0,0,0,0,0.0,0,0,4.529,0,0,0,0,0,0,0,0,0,3.348,0.0,0,0,0,0,0.0,3.321,0,0,0,0,2.727,0,0,0,3.728,0.0,0.0,0,0,0.0,0,0,0,0.0,4.208,3.874,0,0,0,0,0.0,0,3.495,0,0,0,0,0,0,0,0,0,2.399,0,1.424,3.438,0,0,0,0,0,3.482,0,0,5.868,0,0,0,0,0,0,0,0,0,0,0,0,0,0,0,0,0,0,0,0,0,2.097,0,0,0,0,0,0,0,0,0,0,0,0,0,0,0,0,0,0,0,0,0,4.305,0,0,0,0,0.0,0.0,0.0,0,1.843,0,0,0,0
591,2022-08-07 03:45:00,39.24,-55.526,0,0,0,0,319.0,122.928,0,55.526,55.526,29,17,29,0,0,0.0,0,0,0,0,2.71,0,0,0,0,0.0,0,0,4.529,0,0,0,0,0,0,0,0,0,3.348,0.0,0,0,0,0,0.0,3.321,0,0,0,0,2.727,0,0,0,3.728,0.0,0.0,0,0,0.0,0,0,0,0.0,2.937,3.874,0,0,0,0,0.0,0,3.495,0,0,0,0,0,0,0,0,0,2.399,0,1.424,3.438,0,0,0,0,0,3.482,0,0,5.868,0,0,0,0,0,0,0,0,0,0,0,0,0,0,0,0,0,0,0,0,0,2.097,0,0,0,0,0,0,0,0,0,0,0,0,0,0,0,0,0,0,0,0,0,4.305,0,0,0,0,0.0,0.0,0.0,0,1.843,0,0,0,0
592,2022-08-07 04:00:00,40.26,-52.588,0,0,0,0,319.0,122.573,0,52.588,52.588,29,16,29,0,0,0.0,0,0,0,0,2.71,0,0,0,0,0.0,0,0,4.529,0,0,0,0,0,0,0,0,0,3.348,0.0,0,0,0,0,0.0,3.321,0,0,0,0,2.727,0,0,0,3.728,0.0,0.0,0,0,0.0,0,0,0,0.0,0.0,3.874,0,0,0,0,0.0,0,3.495,0,0,0,0,0,0,0,0,0,2.399,0,1.424,3.438,0,0,0,0,0,3.482,0,0,5.868,0,0,0,0,0,0,0,0,0,0,0,0,0,0,0,0,0,0,0,0,0,2.097,0,0,0,0,0,0,0,0,0,0,0,0,0,0,0,0,0,0,0,0,0,4.305,0,0,0,0,0.0,0.0,0.0,0,1.843,0,0,0,0
593,2022-08-07 04:15:00,40.26,-52.589,0,0,0,0,319.0,127.799,0,52.589,52.589,29,16,29,0,0,0.0,0,0,0,0,2.71,0,0,0,0,0.0,0,0,4.529,0,0,0,0,0,0,0,0,0,3.348,0.0,0,0,0,0,0.0,3.321,0,0,0,0,2.727,0,0,0,3.728,0.0,0.0,0,0,0.0,0,0,0,0.0,0.0,3.874,0,0,0,0,0.0,0,3.495,0,0,0,0,0,0,0,0,0,2.399,0,1.424,3.438,0,0,0,0,0,3.482,0,0,5.868,0,0,0,0,0,0,0,0,0,0,0,0,0,0,0,0,0,0,0,0,0,2.097,0,0,0,0,0,0,0,0,0,0,0,0,0,0,0,0,0,0,0,0,0,4.305,0,0,0,0,0.0,0.0,0.0,0,1.843,0,0,0,0
594,2022-08-07 04:30:00,40.26,-52.588,0,0,0,0,319.0,123.531,0,52.588,52.588,29,16,29,0,0,0.0,0,0,0,0,2.71,0,0,0,0,0.0,0,0,4.529,0,0,0,0,0,0,0,0,0,3.348,0.0,0,0,0,0,0.0,3.321,0,0,0,0,2.727,0,0,0,3.728,0.0,0.0,0,0,0.0,0,0,0,0.0,0.0,3.874,0,0,0,0,0.0,0,3.495,0,0,0,0,0,0,0,0,0,2.399,0,1.424,3.438,0,0,0,0,0,3.482,0,0,5.868,0,0,0,0,0,0,0,0,0,0,0,0,0,0,0,0,0,0,0,0,0,2.097,0,0,0,0,0,0,0,0,0,0,0,0,0,0,0,0,0,0,0,0,0,4.305,0,0,0,0,0.0,0.0,0.0,0,1.843,0,0,0,0
595,2022-08-07 04:45:00,40.26,-52.589,0,0,0,0,319.0,125.377,0,52.589,52.589,29,16,29,0,0,0.0,0,0,0,0,2.71,0,0,0,0,0.0,0,0,4.529,0,0,0,0,0,0,0,0,0,3.348,0.0,0,0,0,0,0.0,3.321,0,0,0,0,2.727,0,0,0,3.728,0.0,0.0,0,0,0.0,0,0,0,0.0,0.0,3.874,0,0,0,0,0.0,0,3.495,0,0,0,0,0,0,0,0,0,2.399,0,1.424,3.438,0,0,0,0,0,3.482,0,0,5.868,0,0,0,0,0,0,0,0,0,0,0,0,0,0,0,0,0,0,0,0,0,2.097,0,0,0,0,0,0,0,0,0,0,0,0,0,0,0,0,0,0,0,0,0,4.305,0,0,0,0,0.0,0.0,0.0,0,1.843,0,0,0,0
596,2022-08-07 05:00:00,43.84,-52.588,0,0,0,0,319.0,121.029,0,52.588,52.588,29,16,29,0,0,0.0,0,0,0,0,2.71,0,0,0,0,0.0,0,0,4.529,0,0,0,0,0,0,0,0,0,3.348,0.0,0,0,0,0,0.0,3.321,0,0,0,0,2.727,0,0,0,3.728,0.0,0.0,0,0,0.0,0,0,0,0.0,0.0,3.874,0,0,0,0,0.0,0,3.495,0,0,0,0,0,0,0,0,0,2.399,0,1.424,3.438,0,0,0,0,0,3.482,0,0,5.868,0,0,0,0,0,0,0,0,0,0,0,0,0,0,0,0,0,0,0,0,0,2.097,0,0,0,0,0,0,0,0,0,0,0,0,0,0,0,0,0,0,0,0,0,4.305,0,0,0,0,0.0,0.0,0.0,0,1.843,0,0,0,0
597,2022-08-07 05:15:00,43.84,-52.589,0,0,0,0,319.0,122.007,0,52.589,52.589,29,16,29,0,0,0.0,0,0,0,0,2.71,0,0,0,0,0.0,0,0,4.529,0,0,0,0,0,0,0,0,0,3.348,0.0,0,0,0,0,0.0,3.321,0,0,0,0,2.727,0,0,0,3.728,0.0,0.0,0,0,0.0,0,0,0,0.0,0.0,3.874,0,0,0,0,0.0,0,3.495,0,0,0,0,0,0,0,0,0,2.399,0,1.424,3.438,0,0,0,0,0,3.482,0,0,5.868,0,0,0,0,0,0,0,0,0,0,0,0,0,0,0,0,0,0,0,0,0,2.097,0,0,0,0,0,0,0,0,0,0,0,0,0,0,0,0,0,0,0,0,0,4.305,0,0,0,0,0.0,0.0,0.0,0,1.843,0,0,0,0
598,2022-08-07 05:30:00,43.84,-52.588,0,0,0,0,319.0,119.354,0,52.588,52.588,29,16,29,0,0,0.0,0,0,0,0,2.71,0,0,0,0,0.0,0,0,4.529,0,0,0,0,0,0,0,0,0,3.348,0.0,0,0,0,0,0.0,3.321,0,0,0,0,2.727,0,0,0,3.728,0.0,0.0,0,0,0.0,0,0,0,0.0,0.0,3.874,0,0,0,0,0.0,0,3.495,0,0,0,0,0,0,0,0,0,2.399,0,1.424,3.438,0,0,0,0,0,3.482,0,0,5.868,0,0,0,0,0,0,0,0,0,0,0,0,0,0,0,0,0,0,0,0,0,2.097,0,0,0,0,0,0,0,0,0,0,0,0,0,0,0,0,0,0,0,0,0,4.305,0,0,0,0,0.0,0.0,0.0,0,1.843,0,0,0,0
599,2022-08-07 05:45:00,43.84,-52.589,0,0,0,0,319.0,116.547,0,52.589,52.589,29,16,29,0,0,0.0,0,0,0,0,2.71,0,0,0,0,0.0,0,0,4.529,0,0,0,0,0,0,0,0,0,3.348,0.0,0,0,0,0,0.0,3.321,0,0,0,0,2.727,0,0,0,3.728,0.0,0.0,0,0,0.0,0,0,0,0.0,0.0,3.874,0,0,0,0,0.0,0,3.495,0,0,0,0,0,0,0,0,0,2.399,0,1.424,3.438,0,0,0,0,0,3.482,0,0,5.868,0,0,0,0,0,0,0,0,0,0,0,0,0,0,0,0,0,0,0,0,0,2.097,0,0,0,0,0,0,0,0,0,0,0,0,0,0,0,0,0,0,0,0,0,4.305,0,0,0,0,0.0,0.0,0.0,0,1.843,0,0,0,0
600,2022-08-07 06:00:00,58.99,-52.588,0,0,0,0,308.0,114.926,0,52.588,52.588,28,16,28,0,0,0.0,0,0,0,0,2.71,0,0,0,0,0.0,0,0,4.529,0,0,0,0,0,0,0,0,0,3.348,0.0,0,0,0,0,0.0,3.321,0,0,0,0,2.727,0,0,0,3.728,0.0,0.0,0,0,0.0,0,0,0,0.0,0.0,3.874,0,0,0,0,0.0,0,3.495,0,0,0,0,0,0,0,0,0,2.399,0,1.424,3.438,0,0,0,0,0,3.482,0,0,5.868,0,0,0,0,0,0,0,0,0,0,0,0,0,0,0,0,0,0,0,0,0,2.097,0,0,0,0,0,0,0,0,0,0,0,0,0,0,0,0,0,0,0,0,0,4.305,0,0,0,0,0,0.0,0.0,0,1.843,0,0,0,0
601,2022-08-07 06:15:00,58.99,-50.002,0,0,0,0,308.0,114.778,0,50.002,50.002,28,16,28,0,0,0.0,0,0,0,0,2.71,0,0,0,0,0.0,0,0,1.943,0,0,0,0,0,0,0,0,0,3.348,0.0,0,0,0,0,0.0,3.321,0,0,0,0,2.727,0,0,0,3.728,0.0,0.0,0,0,0.0,0,0,0,0.0,0.0,3.874,0,0,0,0,0.0,0,3.495,0,0,0,0,0,0,0,0,0,2.399,0,1.424,3.438,0,0,0,0,0,3.482,0,0,5.868,0,0,0,0,0,0,0,0,0,0,0,0,0,0,0,0,0,0,0,0,0,2.097,0,0,0,0,0,0,0,0,0,0,0,0,0,0,0,0,0,0,0,0,0,4.305,0,0,0,0,0,0.0,0.0,0,1.843,0,0,0,0
602,2022-08-07 06:30:00,58.99,-48.047,0,0,0,0,308.0,115.629,0,48.047,48.047,28,15,28,0,0,0.0,0,0,0,0,2.71,0,0,0,0,0.0,0,0,0.0,0,0,0,0,0,0,0,0,0,3.348,0.0,0,0,0,0,0.0,3.321,0,0,0,0,2.727,0,0,0,3.728,0.0,0.0,0,0,0.0,0,0,0,0.0,0.0,3.862,0,0,0,0,0.0,0,3.495,0,0,0,0,0,0,0,0,0,2.399,0,1.424,3.438,0,0,0,0,0,3.482,0,0,5.868,0,0,0,0,0,0,0,0,0,0,0,0,0,0,0,0,0,0,0,0,0,2.097,0,0,0,0,0,0,0,0,0,0,0,0,0,0,0,0,0,0,0,0,0,4.305,0,0,0,0,0,0.0,0.0,0,1.843,0,0,0,0
603,2022-08-07 06:45:00,58.99,-48.048,0,0,0,0,297.0,115.149,0,48.048,48.048,27,15,27,0,0,0.0,0,0,0,0,2.71,0,0,0,0,0.0,0,0,0.0,0,0,0,0,0,0,0,0,0,3.348,0.0,0,0,0,0,0.0,3.321,0,0,0,0,2.727,0,0,0,3.728,0.0,0.0,0,0,0.0,0,0,0,0.0,0.0,0,0,0,0,0,3.208,0,3.495,0,0,0,0,0,0,0,0,0,2.399,0,1.424,3.428,0,0,0,0,0,3.482,0,0,5.868,0,0,0,0,0,0,0,0,0,0,0,0,0,0,0,0,0,0,0,0,0,2.097,0,0,0,0,0,0,0,0,0,0,0,0,0,0,0,0,0,0,0,0,0,4.305,0,0,0,0,0,0.0,0.0,0,2.508,0,0,0,0
604,2022-08-07 07:00:00,74.04,-45.649,0,0,0,0,264.0,112.101,0,45.649,45.649,24,13,24,0,0,0.0,0,0,0,0,2.71,0,0,0,0,0.0,0,0,0.0,0,0,0,0,0,0,0,0,0,0.944,0.0,0,0,0,0,0.0,3.321,0,0,0,0,2.727,0,0,0,3.728,0,0.0,0,0,0.0,0,0,0,0.0,0.0,0,0,0,0,0,6.646,0,3.495,0,0,0,0,0,0,0,0,0,2.399,0,5.723,0,0,0,0,0,0,3.482,0,0,5.868,0,0,0,0,0,0,0,0,0,0,0,0,0,0,0,0,0,0,0,0,0,2.097,0,0,0,0,0,0,0,0,0,0,0,0,0,0,0,0,0,0,0,0,0,0,0,0,0,0,0,0.0,0.0,0,2.508,0,0,0,0
605,2022-08-07 07:15:00,74.04,-44.705,0,0,0,0,264.0,109.444,0,44.705,44.705,24,12,24,0,0,0.0,0,0,0,0,2.71,0,0,0,0,0.0,0,0,0.0,0,0,0,0,0,0,0,0,0,0.0,0.0,0,0,0,0,0.0,3.321,0,0,0,0,2.727,0,0,0,3.728,0,0.0,0,0,0.0,0,0,0,0.0,0.0,0,0,0,0,0,6.646,0,3.495,0,0,0,0,0,0,0,0,0,2.399,0,5.723,0,0,0,0,0,0,3.482,0,0,5.868,0,0,0,0,0,0,0,0,0,0,0,0,0,0,0,0,0,0,0,0,0,2.097,0,0,0,0,0,0,0,0,0,0,0,0,0,0,0,0,0,0,0,0,0,0,0,0,0,0,0,0.0,0.0,0,2.508,0,0,0,0
606,2022-08-07 07:30:00,74.04,-44.705,0,0,0,0,253.0,108.535,0,44.705,44.705,23,11,23,0,0,0.0,0,0,0,0,2.71,0,0,0,0,0.0,0,0,0.0,0,0,0,0,0,0,0,0,0,0.0,0.0,0,0,0,0,0.0,3.321,0,0,0,0,5.126,0,0,0,3.728,0,0.0,0,0,0.0,0,0,0,0.0,0.0,0,0,0,0,0,6.646,0,3.495,0,0,0,0,0,0,0,0,0,0,0,5.723,0,0,0,0,0,0,3.482,0,0,5.868,0,0,0,0,0,0,0,0,0,0,0,0,0,0,0,0,0,0,0,0,0,2.097,0,0,0,0,0,0,0,0,0,0,0,0,0,0,0,0,0,0,0,0,0,0,0,0,0,0,0,0.0,0.0,0,2.508,0,0,0,0
607,2022-08-07 07:45:00,74.04,-44.705,0,0,0,0,253.0,105.854,0,44.705,44.705,23,11,23,0,0,0.0,0,0,0,0,2.71,0,0,0,0,0.0,0,0,0.0,0,0,0,0,0,0,0,0,0,0.0,0.0,0,0,0,0,0.0,3.321,0,0,0,0,5.126,0,0,0,3.728,0,0.0,0,0,0.0,0,0,0,0.0,0.0,0,0,0,0,0,6.646,0,3.495,0,0,0,0,0,0,0,0,0,0,0,5.723,0,0,0,0,0,0,3.482,0,0,5.868,0,0,0,0,0,0,0,0,0,0,0,0,0,0,0,0,0,0,0,0,0,2.097,0,0,0,0,0,0,0,0,0,0,0,0,0,0,0,0,0,0,0,0,0,0,0,0,0,0,0,0.0,0.0,0,2.508,0,0,0,0
608,2022-08-07 08:00:00,75.49,-48.052,0,0,0,0,242.0,104.964,0,48.052,48.052,22,11,22,0,0,0.0,0,0,0,0,2.71,0,0,0,0,0.0,0,0,0.0,0,0,0,0,0,0,0,0,0,0,0.0,0,0,0,0,0.0,3.321,0,0,0,0,5.126,0,0,0,3.728,0,0.0,0,0,0.0,0,0,0,0.0,0.0,0,0,0,0,0,6.646,0,3.495,0,0,0,0,0,0,0,0,0,0,0,9.07,0,0,0,0,0,0,3.482,0,0,5.868,0,0,0,0,0,0,0,0,0,0,0,0,0,0,0,0,0,0,0,0,0,2.097,0,0,0,0,0,0,0,0,0,0,0,0,0,0,0,0,0,0,0,0,0,0,0,0,0,0,0,0.0,0.0,0,2.508,0,0,0,0
609,2022-08-07 08:15:00,75.49,-48.052,0,0,0,0,253.0,88.401,0,48.052,48.052,23,11,23,0,0,0.0,0,0,0,0,2.71,0,0,0,0,0.0,0,0,0.0,0,0,0,0,0,0,0,0,0,0,0.0,0,0,0,0,0.0,3.321,0,0,0,0,5.126,0,0,0,3.728,0,0.0,0,0,0.0,0,0,0,0.0,0.0,0,0,0,0,0,6.646,0,3.495,0,0,0,0,0,0,0,0,0,0,0,9.07,0,0,0,0,0,0,3.482,0,0,5.868,0,0,0,0,0,0,0,0,0,0,0,0,0,0,0,0,0,0,0,0,0,2.097,0,0,0,0,0,0,0,0,0,0,0,0,0,0,0,0,0,0,0,0,0,0,0,0,0,0,0,0.0,0.0,0.0,2.508,0,0,0,0
610,2022-08-07 08:30:00,75.49,-48.043,0,0,0,0,253.0,82.699,0,48.043,48.043,23,11,23,0,0,0.0,0,0,0,0,2.71,0,0,0,0,0.0,0,0,0.0,0,0,0,0,0,0,0,0,0,0,0.0,0,0,0,0,0.0,3.321,0,0,0,0,5.126,0,0,0,3.728,0,0.0,0,0,0.0,0,0,0,0.0,0.0,0,0,0,0,0,6.646,0,3.495,0,0,0,0,0,0,0,0,0,0,0,9.07,0,0,0,0,0,0,3.473,0,0,5.868,0,0,0,0,0,0,0,0,0,0,0,0,0,0,0,0,0,0,0,0,0,2.097,0,0,0,0,0,0,0,0,0,0,0,0,0,0,0,0,0,0,0,0,0,0,0,0,0,0,0,0.0,0.0,0.0,2.508,0,0,0,0
611,2022-08-07 08:45:00,75.49,-44.57,0,0,0,0,242.0,84.561,0,44.57,44.57,22,10,22,0,0,0.0,0,0,0,0,2.71,0,0,0,0,0.0,0,0,0.0,0,0,0,0,0,0,0,0,0,0,0.0,0,0,0,0,0.0,3.321,0,0,0,0,5.126,0,0,0,3.728,0,0.0,0,0,0.0,0,0,0,0.0,0.0,0,0,0,0,0,6.646,0,3.495,0,0,0,0,0,0,0,0,0,0,0,9.07,0,0,0,0,0,0,0,0,0,5.868,0,0,0,0,0,0,0,0,0,0,0,0,0,0,0,0,0,0,0,0,0,2.097,0,0,0,0,0,0,0,0,0,0,0,0,0,0,0,0,0,0,0,0,0,0,0,0,0,0,0,0.0,0.0,0.0,2.508,0,0,0,0
612,2022-08-07 09:00:00,74.63,-44.255,0,0,0,0,220.0,80.176,0,44.255,44.255,20,9,20,0,0,0.0,0,0,0,0,2.71,0,0,0,0,0,0,0,0.0,0,0,0,0,0,0,0,0,0,0,0.0,0,0,0,0,0.0,3.298,0,0,0,0,5.126,0,0,0,3.728,0,0.0,0,0,0.0,0,0,0,0.0,0.0,0,0,0,0,0,6.646,0,7.142,0,0,0,0,0,0,0,0,0,0,0,0,0,0,0,0,0,0,0,0,0,11.0,0,0,0,0,0,0,0,0,0,0,0,0,0,0,0,0,0,0,0,0,0,2.097,0,0,0,0,0,0,0,0,0,0,0,0,0,0,0,0,0,0,0,0,0,0,0,0,0,0,0,0.0,0.0,0.0,2.508,0,0,0,0
613,2022-08-07 09:15:00,74.63,-44.233,0,0,0,0,220.0,76.72,0,44.233,44.233,20,8,20,0,0,0.0,0,0,0,0,2.71,0,0,0,0,0,0,0,0.0,0,0,0,0,0,0,0,0,0,0,0.0,0,0,0,0,0.0,0,0,0,0,0,5.126,0,0,0,3.728,0,0.0,0,0,0.0,0,0,0,0.0,0.0,0,0,0,0,0,9.967,0,7.116,0,0,0,0,0,0,0,0,0,0,0,0,0,0,0.0,0,0,0,0,0,0,11.0,0,0,0,0,0,0,0,0,0,0,0,0,0,0,0,0,0,0,0,0,0,2.083,0,0,0,0,0,0,0,0,0,0,0,0,0,0,0,0,0,0,0,0,0,0,0,0,0,0,0,0.0,0.0,0.0,2.503,0,0,0,0
614,2022-08-07 09:30:00,74.63,-40.795,0,0,0,0,132.0,65.163,0,40.795,40.795,12,5,12,0,0,0.0,0,0,0,0,0,0,0,0,0,0,0,0,0,0,0,0,0,0,0,0,0,0,0,0.0,0,0,0,0,0.0,0,0,0,0,0,11.0,0,0,0,0,0,3.967,0,0,11.0,0,0,0,0.0,0.0,0,0,0,0,0,11.0,0,0,0,0,0,0,0,0,0,0,0,0,0,0,0,0,3.828,0,0,0,0,0,0,0,0,0,0,0,0,0,0,0,0,0,0,0,0,0,0,0,0,0,0,0,0,0,0,0,0,0,0,0,0,0,0,0,0,0,0,0,0,0,0,0,0,0,0,0,0,0,0,0,0,0,0.0,0.0,0,0,0,0,0
615,2022-08-07 09:45:00,74.63,-40.795,0,0,0,0,132.0,57.544,0,40.795,40.795,12,5,12,0,0,0.0,0,0,0,0,0,0,0,0,0,0,0,0,0,0,0,0,0,0,0,0,0,0,0,0.0,0,0,0,0,0.0,0,0,0,0,0,11.0,0,0,0,0,0,3.967,0,0,11.0,0,0,0,0.0,0.0,0,0,0,0,0,11.0,0,0,0,0,0,0,0,0,0,0,0,0,0,0,0,0,3.828,0,0,0,0,0,0,0,0,0,0,0,0,0,0,0,0,0,0,0,0,0,0,0,0,0,0,0,0,0,0,0,0,0,0,0,0,0,0,0,0,0,0,0,0,0,0,0,0,0,0,0,0,0,0,0,0,0,0.0,0.0,0,0,0,0,0
616,2022-08-07 10:00:00,73.97,-47.112,0,0,0,0,121.0,69.186,0,47.112,47.112,11,5,11,0,0,0.0,0,0,0,0,0,0,0,0,0,0,0,0,0,0,0,0,0,0,0,0,0,0,0,0.0,0,0,0,0,0.0,0,0,0,0,0,0,0,0,0,0,0,11.0,0,0,11.0,0,0,0,0.0,0,0,0,0,0,0,11.0,0,0,0,0,3.598,0,0,0,0,0,0,0,0,0,0,0,10.514,0,0,0,0,0,0,0,0,0,0,0,0,0,0,0,0,0,0,0,0,0,0,0,0,0,0,0,0,0,0,0,0,0,0,0,0,0,0,0,0,0,0,0,0,0,0,0,0,0,0,0,0,0,0,0,0,0,0.0,0.0,0,0,0,0,0
617,2022-08-07 10:15:00,73.97,-47.112,0,0,0,0,121.0,62.294,0,47.112,47.112,11,5,11,0,0,0.0,0,0,0,0,0,0,0,0,0,0,0,0,0,0,0,0,0,0,0,0,0,0,0,0.0,0,0,0,0,0.0,0,0,0,0,0,0,0,0,0,0,0,11.0,0,0,11.0,0,0,0,0.0,0,0,0,0,0,0,11.0,0,0,0,0,3.598,0,0,0,0,0,0,0,0,0,0,0,10.514,0,0,0,0,0,0,0,0,0,0,0,0,0,0,0,0,0,0,0,0,0,0,0,0,0,0,0,0,0,0,0,0,0,0,0,0,0,0,0,0,0,0,0,0,0,0,0,0,0,0,0,0,0,0,0,0,0,0.0,0.0,0,0,0,0,0
618,2022-08-07 10:30:00,73.97,-56.033,0,0,0,0,110.0,62.361,0,56.033,56.033,10,7,10,0,0,2.761,0,0,0,0,0,0,0,0,0,0,0,0,0,0,0,0,0,0,0,0,0,0,0,0,0,0,0,0,6.16,0,0,0,0,0,0,0,0,0,0,0,11.0,0,0,11.0,0,0,0,0.0,0,0,0,0,0,0,11.0,0,0,0,0,3.598,0,0,0,0,0,0,0,0,0,0,0,10.514,0,0,0,0,0,0,0,0,0,0,0,0,0,0,0,0,0,0,0,0,0,0,0,0,0,0,0,0,0,0,0,0,0,0,0,0,0,0,0,0,0,0,0,0,0,0,0,0,0,0,0,0,0,0,0,0,0,0.0,0.0,0,0,0,0,0
619,2022-08-07 10:45:00,73.97,-60.198,0,0,0,0,99.0,61.027,0,60.198,60.198,9,7,9,0,0,6.926,0,0,0,0,0,0,0,0,0,0,0,0,0,0,0,0,0,0,0,0,0,0,0,0,0,0,0,0,6.16,0,0,0,0,0,0,0,0,0,0,0,11.0,0,0,11.0,0,0,0,0.0,0,0,0,0,0,0,11.0,0,0,0,0,3.598,0,0,0,0,0,0,0,0,0,0,0,10.514,0,0,0,0,0,0,0,0,0,0,0,0,0,0,0,0,0,0,0,0,0,0,0,0,0,0,0,0,0,0,0,0,0,0,0,0,0,0,0,0,0,0,0,0,0,0,0,0,0,0,0,0,0,0,0,0,0,0,0.0,0,0,0,0,0
620,2022-08-07 11:00:00,72.0,-50.675,0,0,0,0,88.0,51.504,0,50.675,50.675,8,6,8,0,0,8.403,0,0,0,0,0,0,0,0,0,0,0,0,0,0,0,0,0,0,0,0,0,0,0,0,0,0,0,0,6.16,0,0,0,0,0,0,0,0,0,0,0,11.0,0,0,11.0,0,0,0,0.0,0,0,0,0,0,0,0,0,0,0,0,3.598,0,0,0,0,0,0,0,0,0,0,0,10.514,0,0,0,0,0,0,0,0,0,0,0,0,0,0,0,0,0,0,0,0,0,0,0,0,0,0,0,0,0,0,0,0,0,0,0,0,0,0,0,0,0,0,0,0,0,0,0,0,0,0,0,0,0,0,0,0,0,0,0.0,0,0,0,0,0
621,2022-08-07 11:15:00,72.0,-61.489,0,0,0,0,99.0,62.317,0,61.489,61.489,9,7,9,0,0,11.0,0,0,0,0,0,0,0,0,0,0,0,0,0,0,0,0,0,0,0,0,0,0,0,0,0,0,0,0,8.573,0,0,0,0,0,0,0,0,5.804,0,0,11.0,0,0,11.0,0,0,0,0.0,0,0,0,0,0,0,0,0,0,0,0,3.598,0,0,0,0,0,0,0,0,0,0,0,10.514,0,0,0,0,0,0,0,0,0,0,0,0,0,0,0,0,0,0,0,0,0,0,0,0,0,0,0,0,0,0,0,0,0,0,0,0,0,0,0,0,0,0,0,0,0,0,0,0,0,0,0,0,0,0,0,0,0,0,0.0,0,0,0,0,0
622,2022-08-07 11:30:00,72.0,-74.993,0,0,0,0,88.0,74.993,0,74.993,74.993,8,7,8,0,0,11.0,0,0,0,0,0,0,0,0,0,0,0,0,0,0,0,0,0,0,0,0,0,0,0,0,0,0,0,0,11.0,0,0,0,0,0,0,0,0,8.993,0,0,11.0,0,0,11.0,0,0,0,11.0,0,0,0,0,0,0,0,0,0,0,0,11.0,0,0,0,0,0,0,0,0,0,0,0,0,0,0,0,0,0,0,0,0,0,0,0,0,0,0,0,0,0,0,0,0,0,0,0,0,0,0,0,0,0,0,0,0,0,0,0,0,0,0,0,0,0,0,0,0,0,0,0,0,0,0,0,0,0,0,0,0,0,0,0.0,0,0,0,0,0
623,2022-08-07 11:45:00,72.0,-75.953,0,0,0,0,88.0,75.953,0,75.953,75.953,8,7,8,0,0,11.0,0,0,0,0,0,0,0,0,0,0,0,0,0,0,0,0,0,0,0,0,0,0,0,0,0,0,0,0,11.0,0,0,0,0,0,0,0,0,9.953,0,0,11.0,0,0,11.0,0,0,0,11.0,0,0,0,0,0,0,0,0,0,0,0,11.0,0,0,0,0,0,0,0,0,0,0,0,0,0,0,0,0,0,0,0,0,0,0,0,0,0,0,0,0,0,0,0,0,0,0,0,0,0,0,0,0,0,0,0,0,0,0,0,0,0,0,0,0,0,0,0,0,0,0,0,0,0,0,0,0,0,0,0,0,0,0,0.0,0,0,0,0,0
624,2022-08-07 12:00:00,72.12,-70.551,0,0,0,0,88.0,70.551,0,70.551,70.551,8,7,8,0,0,11.0,0,0,0,0,0,0,0,0,0,0,0,0,0,0,0,0,0,0,0,0,0,0,0,0,0,0,0,0,11.0,0,0,0,0,0,0,0,0,8.915,0,0,11.0,0,0,11.0,0,0,0,6.636,0,0,0,0,0,0,0,0,0,0,0,11.0,0,0,0,0,0,0,0,0,0,0,0,0,0,0,0,0,0,0,0,0,0,0,0,0,0,0,0,0,0,0,0,0,0,0,0,0,0,0,0,0,0,0,0,0,0,0,0,0,0,0,0,0,0,0,0,0,0,0,0,0,0,0,0,0,0,0,0,0,0,0,0.0,0,0,0,0,0
625,2022-08-07 12:15:00,72.12,-58.011,0,0,0,0,88.0,58.84,0,58.011,58.011,8,6,8,0,0,9.936,0,0,0,0,0,0,0,0,0,0,0,0,0,0,0,0,0,0,0,0,0,0,0,0,0,0,0,0,6.16,0,0,0,0,0,0,0,0,8.915,0,0,11.0,0,0,11.0,0,0,0,0.0,0,0,0,0,0,0,0,0,0,0,0,11.0,0,0,0,0,0,0,0,0,0,0,0,0,0,0,0,0,0,0,0,0,0,0,0,0,0,0,0,0,0,0,0,0,0,0,0,0,0,0,0,0,0,0,0,0,0,0,0,0,0,0,0,0,0,0,0,0,0,0,0,0,0,0,0,0,0,0,0,0,0,0,0.0,0,0,0,0,0
626,2022-08-07 12:30:00,72.12,-57.155,0,0,0,0,99.0,57.984,0,57.155,57.155,9,6,9,0,0,9.08,0,0,0,0,0,0,0,0,0,0,0,0,0,0,0,0,0,0,0,0,0,0,0,0,0,0,0,0,6.16,0,0,0,0,0,0,0,0,8.915,0,0,11.0,0,0,11.0,0,0,0,0.0,0,0,0,0,0,0,0,0,0,0,0,11.0,0,0,0,0,0,0,0,0,0,0,0,0,0,0,0,0,0,0,0,0,0,0,0,0,0,0,0,0,0,0,0,0,0,0,0,0,0,0,0,0,0,0,0,0,0,0,0,0,0,0,0,0,0,0,0,0,0.0,0,0,0,0,0,0,0,0,0,0,0,0,0,0.0,0,0,0,0,0
627,2022-08-07 12:45:00,72.12,-66.566,0,0,0,0,99.0,67.425,0,66.566,66.566,9,7,9,0,0,11.0,0,0,0,0,0,0,0,0,0,0,0,0,0,0,0,0,0,0,0,0,0,0,0,0,0,0,0,0,11.0,0,0,0,0,0,0,0,0,8.915,0,0,11.0,0,0,10.141,0,0,0,3.51,0,0,0,0,0,0,0,0,0,0,0,11.0,0,0,0,0,0,0,0,0,0,0,0,0,0,0,0,0,0,0,0,0,0,0,0,0,0,0,0,0,0,0,0,0,0,0,0,0,0,0,0,0,0,0,0,0,0,0,0,0,0,0,0,0,0,0,0,0,0.0,0,0,0,0,0,0,0,0,0,0,0,0,0,0.0,0,0,0,0,0
628,2022-08-07 13:00:00,70.09,-43.978,0,0,0,0,110.0,62.741,0,43.978,43.978,10,5,10,0,0,11.0,0,0,0,0,0,0,0,0,0,0,0,0,0,0,0,0,0,0,0,0,0,0,0,0,0,0,0,0,8.997,0,0,0,0,0,0,0,0,8.915,0,0,4.066,0,0,0.0,0,0,0,0.0,0,0,0,0,0,0,0,0,0,0,0,11.0,0,0,0,0,0,0,0,0,0,0,0,0,0,0,0,0,0,0,0,0,0,0,0,0,0,0,0,0,0,0,0,0,0,0,0,0,0,0,0,0,0,0,0,0,0,0,0,0,0,0,0,0,0,0,0,0,0.0,0,0,0,0.0,0,0,0,0,0,0,0,0,0,0.0,0,0,0,0,0
629,2022-08-07 13:15:00,70.09,-28.232,0,0,0,0,110.0,51.061,0,28.232,28.232,10,4,10,0,0,2.157,0,0,0,0,0,0,0,0,0,0,0,0,0,0,0,0,0,0,0,0,0,0,0,0,0,0,0,0,6.16,0,0,0,0,0,0,0,0,8.915,0,0,0.0,0,0,0.0,0,0,0,0.0,0,0,0,0,0,0,0,0,0,0,0,11.0,0,0,0,0,0,0,0,0,0,0,0,0,0,0,0,0,0,0,0,0,0,0,0,0,0,0,0,0,0,0,0,0,0,0,0,0,0,0,0,0,0,0,0,0,0,0,0,0,0,0,0,0,0,0,0,0,0.0,0,0,0,0.0,0,0,0,0,0,0,0,0,0,0.0,0,0,0,0,0
630,2022-08-07 13:30:00,70.09,-25.059,0,0,0,0,110.0,47.888,0,25.059,25.059,10,3,10,0,0,0.0,0,0,0,0,0,0,0,0,0,0,0,0,0,0,0,0,0,0,0,0,0,0,0,0,0,0,0,0,5.144,0,0,0,0,0,0,0,0,8.915,0,0,0.0,0,0,0.0,0,0,0,0.0,0,0,0,0,0,0,0,0,0,0,0,11.0,0,0,0,0,0,0,0,0,0,0,0,0,0,0,0,0,0,0,0,0,0,0,0,0,0,0,0,0,0,0,0,0,0,0,0,0,0,0,0,0,0,0,0,0,0,0,0,0,0,0,0,0,0,0,0,0,0.0,0,0,0,0.0,0,0,0,0,0,0,0,0,0,0.0,0,0,0,0,0
631,2022-08-07 13:45:00,70.09,-12.111,0,0,0,0,88.0,35.015,0,12.111,12.111,8,3,8,0,0,4.806,0,0,0,0,0,0,0,0,0,0,0,0,0,0,0,0,0,0,0,0,0,0,0,0,0,0,0,0,6.16,0,0,0,0,0,0,0,0,0,0,0,0.0,0,0,0.0,0,0,0,0.0,0,0,0,0,0,0,0,0,0,0,0,0,0,0,0,0,0,0,0,0,0,0,0,0,0,0,0,0,0,0,0,0,0,0,0,0,0,0,0,0,0,0,0,0,0,0,0,0,0,0,0,0,0,0,0,0,0,0,0,0,0,0,0,0,0,0,0,0,0.0,0,0,0,1.145,0,0,0,0,0,0,0,0,0,0.0,0,0,0,0,0
632,2022-08-07 14:00:00,67.41,-7.305,0,0,0,0,88.0,30.919,0,7.305,7.305,8,2,8,0,0,0.0,0,0,0,0,0,0,0,0,0,0,0,0,0,0,0,0,0,0,0,0,0,0,0,0,0,0,0,0,6.16,0,0,0,0,0,0,0,0,0,0,0,0.0,0,0,0.0,0,0,0,0.0,0,0,0,0,0,0,0,0,0,0,0,0,0,0,0,0,0,0,0,0,0,0,0,0,0,0,0,0,0,0,0,0,0,0,0,0,0,0,0,0,0,0,0,0,0,0,0,0,0,0,0,0,0,0,0,0,0,0,0,0,0,0,0,0,0,0,0,0,0.0,0,0,0,1.145,0,0,0,0,0,0,0,0,0,0.0,0,0,0,0,0
633,2022-08-07 14:15:00,67.41,-20.067,0,0,0,0,99.0,42.972,0,20.067,20.067,9,4,9,0,0,10.455,0,0,0,0,0,0,0,0,0,0,0,0,0,0,0,0,0,0,0,0,0,0,0,0,0,0,0,0,6.16,0,0,0,0,0,0,0,0,0,0,0,0.0,0,0,0.0,0,0,0,0.0,0,0,0,0,0,0,0,0,0,0,0,0,0,0,0,0,0,0,0,0,0,0,0,0,0,0,0,0,0,0,0,0,0,0,0,0,0,0,0,0,0,0,0,0,0,0,0,0,0,0,0,0,0,0,0,0,0,0,0,0,0,0,0,0,0,0,0,0,0.0,0,0,0,1.145,0,0,0,0,0,0,0,0,0,0.0,0,2.307,0,0,0
634,2022-08-07 14:30:00,67.41,-27.902,0,0,0,0,110.0,50.806,0,27.902,27.902,10,5,10,0,0,11.0,0,0,0,0,0,0,0,0,0,0,0,0,0,0,0,0,0,0,0,0,0,0,0,0,0,0,0,0,6.932,0,0,0,0,6.518,0,0,0,0,0,0,0.0,0,0,0.0,0,0,0,0.0,0,0,0,0,0,0,0,0,0,0,0,0,0,0,0,0,0,0,0,0,0,0,0,0,0,0,0,0,0,0,0,0,0,0,0,0,0,0,0,0,0,0,0,0,0,0,0,0,0,0,0,0,0,0,0,0,0,0,0,0,0,0,0,0,0,0,0,0,0.0,0,0,0,1.145,0,0,0,0,0,0,0,0,0,0.0,0,2.307,0,0,0
635,2022-08-07 14:45:00,67.41,-22.142,0,0,0,0,110.0,45.046,0,22.142,22.142,10,5,10,0,0,6.012,0,0,0,0,0,0,0,0,0,0,0,0,0,0,0,0,0,0,0,0,0,0,0,0,0,0,0,0,6.16,0,0,0,0,6.518,0,0,0,0,0,0,0.0,0,0,0.0,0,0,0,0.0,0,0,0,0,0,0,0,0,0,0,0,0,0,0,0,0,0,0,0,0,0,0,0,0,0,0,0,0,0,0,0,0,0,0,0,0,0,0,0,0,0,0,0,0,0,0,0,0,0,0,0,0,0,0,0,0,0,0,0,0,0,0,0,0,0,0,0,0,0.0,0,0,0,1.145,0,0,0,0,0,0,0,0,0,0.0,0,2.307,0,0,0
636,2022-08-07 15:00:00,65.21,-33.216,0,0,0,0,110.0,55.291,0,33.216,33.216,10,6,10,0,0,11.0,0,0,0,0,0,0,0,0,0,0,0,0,0,0,0,0,0,0,0,0,0,0,0,0,0,0,0,0,11.0,0,0,0,0,6.518,0,0,0,0,0,0,0.0,0,0,0.0,0,0,0,1.246,0,0,0,0,0,0,0,0,0,0,0,0,0,0,0,0,0,0,0,0,0,0,0,0,0,0,0,0,0,0,0,0,0,0,0,0,0,0,0,0,0,0,0,0,0,0,0,0,0,0,0,0,0,0,0,0,0,0,0,0,0,0,0,0,0,0,0,0,0.0,0,0,0,1.145,0,0,0,0,0,0,0,0,0,0.0,0,2.307,0,0,0
637,2022-08-07 15:15:00,65.21,-21.167,0,0,0,0,121.0,40.286,0,21.167,21.167,11,5,11,0,0,0.0,0,0,0,0,0,0,0,0,0,0,0,0,0,0,7.712,0,0,0,0,0,0,0,0,0,0,0,0,0,3.485,0,0,0,0,6.518,0,0,0,0,0,0,0.0,0,0,0.0,0,0,0,0.0,0,0,0,0,0,0,0,0,0,0,0,0,0,0,0,0,0,0,0,0,0,0,0,0,0,0,0,0,0,0,0,0,0,0,0,0,0,0,0,0,0,0,0,0,0,0,0,0,0,0,0,0,0,0,0,0,0,0,0,0,0,0,0,0,0,0,0,0,0.0,0,0,0,1.145,0,0,0,0,0,0,0,0,0,0.0,0,2.307,0,0,0
638,2022-08-07 15:30:00,65.21,-28.64,0,0,0,0,121.0,51.545,0,28.64,28.64,11,6,11,0,0,4.798,0,0,0,0,0,0,0,0,0,0,0,0,0,0,7.712,0,0,0,0,0,0,0,0,0,0,0,0,0,6.16,0,0,0,0,6.518,0,0,0,0,0,0,0.0,0,0,0.0,0,0,0,0.0,0,0,0,0,0,0,0,0,0,0,0,0,0,0,0,0,0,0,0,0,0,0,0,0,0,0,0,0,0,0,0,0,0,0,0,0,0,0,0,0,0,0,0,0,0,0,0,0,0,0,0,0,0,0,0,0,0,0,0,0,0,0,0,0,0,0,0,0,0.0,0,0,0,1.145,0,0,0,0,0,0,0,0,0,0.0,0,2.307,0,0,0
639,2022-08-07 15:45:00,65.21,-33.426,0,0,0,0,132.0,56.33,0,33.426,33.426,12,7,12,0,0,6.243,0,0,0,0,0,0,0,0,0,0,0,0,0,0,7.712,0,0,0,0,0,0,0,0,0,0,0,0,0,6.16,0,0,0,0,6.518,0,0,0,0,0,0,0.0,0,0,0.0,0,0,0,0.0,0,0,0,0,0,0,0,0,0,0,0,0,0,0,0,0,0,0,0,0,0,0,0,0,0,0,0,0,0,0,0,0,0,0,0,0,0,0,0,0,0,0,0,0,0,0,0,0,0,0,0,0,0,0,0,3.34,0,0,0,0,0,0,0,0,0,0,0,0,0.0,0,0,0,1.145,0,0,0,0,0,0,0,0,0,0.0,0,2.307,0,0,0
640,2022-08-07 16:00:00,65.09,-40.404,0,0,0,0,132.0,57.375,0,40.404,40.404,12,8,12,0,0,11.0,0,0,0,0,0,0,0,0,0,0,0,0,0,0,7.712,0,0,0,0,0,0,0,0,0,0,0,0,0,2.16,0,0,0,0,6.518,0,0,0,0,0,0,0.0,0,0,0,0,0,0,0.0,0,0,0,0,0,0,0,0,0,0,0,0,0,0,0,0,0,0,0,0,0,0,6.222,0,0,0,0,0,0,0,0,0,0,0,0,0,0,0,0,0,0,0,0,0,0,0,0,0,0,0,0,0,0,0,0,3.34,0,0,0,0,0,0,0,0,0,0,0,0,0.0,0,0,0,1.145,0,0,0,0,0,0,0,0,0,0.0,0,2.307,0,0,0
641,2022-08-07 16:15:00,65.09,-45.222,0,0,0,0,132.0,67.297,0,45.222,45.222,12,8,12,0,0,11.0,0,0,0,0,0,0,0,0,0,0,0,0,0,0,7.712,0,0,0,0,0,0,0,0,0,0,0,0,0,0.0,0,0,0,0,6.518,0,0,0,0,0,0,0.0,0,0,0,0,0,0,6.977,0,0,0,0,0,0,0,0,0,0,0,0,0,0,0,0,0,0,0,0,0,0,6.222,0,0,0,0,0,0,0,0,0,0,0,0,0,0,0,0,0,0,0,0,0,0,0,0,0,0,0,0,0,0,0,0,3.34,0,0,0,0,0,0,0,0,0,0,0,0,0.0,0,0,0,1.145,0,0,0,0,0,0,0,0,0,0.0,0,2.307,0,0,0
642,2022-08-07 16:30:00,65.09,-54.043,0,0,0,0,143.0,79.114,0,54.043,54.043,13,10,13,0,0,6.937,0,0,0,0,0,0,0,0,0,0,0,0,0,0,7.712,0,0,0,0,0,0,0,0,0,0,0,0,0,0.0,0,0,0,0,6.518,0,0,0,0,0,0,0.0,0,0,0,0,0,0,11.0,0,0,0,0,0,0,0,0,0,0,0,0,0,0,0,0,0,0,0,0,0,7.762,6.222,0,0,0,0,0,0,0,0,0,0,0,0,0,0,0,0,0,0,0,0,0,0,0,0,0,0,0,0,0,0,0,0,3.34,0,0,0,0,0,0,0,0,0,0,0,0,1.1,0,0,0,1.145,0,0,0,0,0,0,0,0,0,0.0,0,2.307,0,0,0
643,2022-08-07 16:45:00,65.09,-35.007,0,0,0,0,143.0,66.455,0,35.007,35.007,13,7,13,0,0,0.0,0,0,0,0,0,0,0,0,0,0,0,0,0,0,7.712,0,0,0,0,0,0,0,0,0,0,0,0,0,0.0,0,0,0,0,6.518,0,0,0,0,0,0,0.0,0,0,0,0,0,0,0.0,0,0,0,0,0,0,0,0,0,0,0,0,0,0,0,0,0,0,0,0,0,7.762,6.222,0,0,0,0,0,0,0,0,0,0,0,0,0,0,0,0,0,0,0,0,0,0,0,0,0,0,0,0,0,0,0,0,3.34,0,0,0,0,0,0,0,0,0,0,0,0,0.0,0,0,0,1.145,0,0,0,0,0,0,0,0,0,0.0,0,2.307,0,0,0
644,2022-08-07 17:00:00,74.72,-45.51,0,0,0,0,165.0,65.306,0,45.51,45.51,15,9,15,0,0,0.0,0,0,0,0,0,5.847,0,0,0,0,0,0,0,0,7.712,0,0,0,0,0,0,0,0,0,0,0,0,0,0.0,0,0,0,0,6.518,0,0,0,0,0,0,0.0,0,0,0,0,0,0,0.0,0,0,0,0,0,0,0,0,0,0,0,0,0,0,0,0,4.656,0,0,0,0,7.762,6.222,0,0,0,0,0,0,0,0,0,0,0,0,0,0,0,0,0,0,0,0,0,0,0,0,0,0,0,0,0,0,0,0,3.34,0,0,0,0,0,0,0,0,0,0,0,0,0.0,0,0,0,1.145,0,0,0,0,0,0,0,0,0,0.0,0,2.307,0,0,0
645,2022-08-07 17:15:00,74.72,-45.51,0,0,0,0,165.0,62.387,0,45.51,45.51,15,9,15,0,0,0.0,0,0,0,0,0,5.847,0,0,0,0,0,0,0,0,7.712,0,0,0,0,0,0,0,0,0,0,0,0,0,0.0,0,0,0,0,6.518,0,0,0,0,0,0,0.0,0,0,0,0,0,0,0.0,0,0,0,0,0,0,0,0,0,0,0,0,0,0,0,0,4.656,0,0,0,0,7.762,6.222,0,0,0,0,0,0,0,0,0,0,0,0,0,0,0,0,0,0,0,0,0,0,0,0,0,0,0,0,0,0,0,0,3.34,0,0,0,0,0,0,0,0,0,0,0,0,0.0,0,0,0,1.145,0,0,0,0,0,0,0,0,0,0.0,0,2.307,0,0,0
646,2022-08-07 17:30:00,74.72,-49.654,0,0,0,0,176.0,63.057,0,49.654,49.654,16,10,16,0,0,0.0,0,0,0,0,0,5.847,0,0,0,0,0,0,0,0,7.712,0,0,0,0,0,0,0,0,0,0,0,0,0,0.0,0,0,0,0,6.518,0,0,0,0,0,0,0.0,0,0,0,0,0,0,0.0,0,0,0,0,0,0,0,0,0,0,0,0,0,0,0,0,4.656,0,0,0,0,7.762,6.222,0,0,0,0,0,0,0,0,0,0,0,0,0,0,0,0,0,0,0,4.144,0,0,0,0,0,0,0,0,0,0,0,0,3.34,0,0,0,0,0,0,0,0,0,0,0,0,0.0,0,0,0,1.145,0,0,0,0,0,0,0,0,0,0.0,0,2.307,0,0,0
647,2022-08-07 17:45:00,74.72,-131.507,0,0,0,0,337.0,144.836,0,131.507,49.654,18,11,17,0,0,0.0,0,0,0,0,0,5.847,0,0,0,0,0,0,0,0,7.712,0,0,0,0,0,0,0,0,0,0,0,0,0,0.0,0,0,0.0,0,6.518,0,0,0,0,0,0,0.0,0,0,0,0,0,0,0.0,0,0,0,0,0,0,0,0,0,0,0,0,0,0,0,0,4.656,0,0,0,0,7.762,6.222,0,0,0,0,0,0,0,0,0,0,0,81.853,0,0,0,0,0,0,0,4.144,0,0,0,0,0,0,0,0,0,0,0,0,3.34,0,0,0,0,0,0,0,0,0,0,0,0,0.0,0,0,0,1.145,0,0,0,0,0,0,0,0,0,0.0,0,2.307,0,0,0
648,2022-08-07 18:00:00,59.94,-131.507,0,0,0,0,326.0,143.141,0,131.507,49.654,17,11,16,0,0,0.0,0,0,0,0,0,5.847,0,0,0,0,0,0,0,0,7.712,0,0,0,0,0,0,0,0,0,0,0,0,0,0.0,0,0,0.0,0,6.518,0,0,0,0,0,0,0,0,0,0,0,0,0,0.0,0,0,0,0,0,0,0,0,0,0,0,0,0,0,0,0,4.656,0,0,0,0,7.762,6.222,0,0,0,0,0,0,0,0,0,0,0,81.853,0,0,0,0,0,0,0,4.144,0,0,0,0,0,0,0,0,0,0,0,0,3.34,0,0,0,0,0,0,0,0,0,0,0,0,0.0,0,0,0,1.145,0,0,0,0,0,0,0,0,0,0.0,0,2.307,0,0,0
649,2022-08-07 18:15:00,59.94,-72.195,0,0,0,0,198.0,95.039,0,72.195,72.195,18,13,18,0,0,0.0,0,0,0,0,0,5.847,0,0,0,0,0,0,0,0,7.712,0,0,0,8.886,0,0,0,0,0,0,0,0,0,0.0,0,0,6.548,0,6.518,0,0,0,0,0,0,0,0,0,0,0,0,0,0.0,0,0,0,7.107,0,0,0,0,0,0,0,0,0,0,0,0,4.656,0,0,0,0,7.762,6.222,0,0,0,0,0,0,0,0,0,0,0,0,0,0,0,0,0,0,0,4.144,0,0,0,0,0,0,0,0,0,0,0,0,3.34,0,0,0,0,0,0,0,0,0,0,0,0,0.0,0,0,0,1.145,0,0,0,0,0,0,0,0,0,0.0,0,2.307,0,0,0
650,2022-08-07 18:30:00,59.94,-72.195,0,0,0,0,198.0,75.878,0,72.195,72.195,18,13,18,0,0,0.0,0,0,0,0,0,5.847,0,0,0,0,0,0,0,0,7.712,0,0,0,8.886,0,0,0,0,0,0,0,0,0,0.0,0,0,6.548,0,6.518,0,0,0,0,0,0,0,0,0,0,0,0,0,0.0,0,0,0,7.107,0,0,0,0,0,0,0,0,0,0,0,0,4.656,0,0,0,0,7.762,6.222,0,0,0,0,0,0,0,0,0,0,0,0,0,0,0,0,0,0,0,4.144,0,0,0,0,0,0,0,0,0,0,0,0,3.34,0,0,0,0,0,0,0,0,0,0,0,0,0.0,0,0,0,1.145,0,0,0,0,0,0,0,0,0,0.0,0,2.307,0,0,0
651,2022-08-07 18:45:00,59.94,-72.195,0,0,0,0,198.0,84.904,0,72.195,72.195,18,13,18,0,0,0.0,0,0,0,0,0,5.847,0,0,0,0,0,0,0,0,7.712,0,0,0,8.886,0,0,0,0,0,0,0,0,0,0.0,0,0,6.548,0,6.518,0,0,0,0,0,0,0,0,0,0,0,0,0,0.0,0,0,0,7.107,0,0,0,0,0,0,0,0,0,0,0,0,4.656,0,0,0,0,7.762,6.222,0,0,0,0,0,0,0,0,0,0,0,0,0,0,0,0,0,0,0,4.144,0,0,0,0,0,0,0,0,0,0,0,0,3.34,0,0,0,0,0,0,0,0,0,0,0,0,0.0,0,0,0,1.145,0,0,0,0,0,0,0,0,0,0.0,0,2.307,0,0,0
652,2022-08-07 19:00:00,52.2,-167.483,0,0,0,0,348.0,179.729,0,167.483,72.195,19,14,18,0,0,0.0,0,0,0,0,0,5.847,0,0,0,0,0,0,0,0,7.712,0,0,0,8.886,0,0,0,0,0,0,0,0,0,0.0,0,0,6.548,0,6.518,0,0,0,0,0,0,0,0,0,0,0,0,0,0.0,0,0,0,7.107,0,0,0,0,0,0,0,0,0,0,0,0,4.656,0,0,0,0,7.762,6.222,0,0,0,0,0,0,0,0,0,0,0,0,0,0,0,0,0,0,0,4.144,0,0,0,0,0,0,0,0,0,0,0,0,3.34,0,0,0,0,0,0,0,0,0,0,0,0,0.0,0,0,0,1.145,0,0,0,0,0,95.288,0,0,0,0.0,0,2.307,0,0,0
653,2022-08-07 19:15:00,52.2,-82.173,0,0,0,0,209.0,83.198,0,82.173,82.173,19,14,19,0,0,0.0,0,0,0,0,9.978,5.847,0,0,0,0,0,0,0,0,7.712,0,0,0,8.886,0,0,0,0,0,0,0,0,0,0.0,0,0,6.548,0,6.518,0,0,0,0,0,0,0,0,0,0,0,0,0,0.0,0,0,0,7.107,0,0,0,0,0,0,0,0,0,0,0,0,4.656,0,0,0,0,7.762,6.222,0,0,0,0,0,0,0,0,0,0,0,0,0,0,0,0,0,0,0,4.144,0,0,0,0,0,0,0,0,0,0,0,0,3.34,0,0,0,0,0,0,0,0,0,0,0,0,0.0,0,0,0,1.145,0,0,0,0,0,0,0,0,0,0.0,0,2.307,0,0,0
654,2022-08-07 19:30:00,52.2,-88.213,0,0,0,0,220.0,98.528,0,88.213,88.213,20,15,20,0,0,0.0,0,0,0,0,9.978,5.847,0,0,0,0,0,0,0,0,7.712,0,0,0,8.886,0,0,0,0,0,0,0,0,0,0.0,0,0,6.548,0,6.518,0,0,0,0,0,0,0,0,0,0,0,0,6.04,0.0,0,0,0,7.107,0,0,0,0,0,0,0,0,0,0,0,0,4.656,0,0,0,0,7.762,6.222,0,0,0,0,0,0,0,0,0,0,0,0,0,0,0,0,0,0,0,4.144,0,0,0,0,0,0,0,0,0,0,0,0,3.34,0,0,0,0,0,0,0,0,0,0,0,0,0.0,0,0,0,1.145,0,0,0,0,0,0,0,0,0,0.0,0,2.307,0,0,0
655,2022-08-07 19:45:00,52.2,-88.213,0,0,0,0,220.0,111.129,0,88.213,88.213,20,15,20,0,0,0.0,0,0,0,0,9.978,5.847,0,0,0,0,0,0,0,0,7.712,0,0,0,8.886,0,0,0,0,0,0,0,0,0,0.0,0,0,6.548,0,6.518,0,0,0,0,0,0,0,0,0,0,0,0,6.04,0.0,0,0,0,7.107,0,0,0,0,0,0,0,0,0,0,0,0,4.656,0,0,0,0,7.762,6.222,0,0,0,0,0,0,0,0,0,0,0,0,0,0,0,0,0,0,0,4.144,0,0,0,0,0,0,0,0,0,0,0,0,3.34,0,0,0,0,0,0,0,0,0,0,0,0,0.0,0,0,0,1.145,0,0,0,0,0,0,0,0,0,0.0,0,2.307,0,0,0
656,2022-08-07 20:00:00,39.1,-92.498,0,0,0,0,220.0,114.573,0,92.498,92.498,20,16,20,0,0,0.0,0,0,0,0,9.978,5.847,0,0,0,0,0,0,0,0,7.712,0,0,0,8.886,0,0,0,0,0,0,0,0,0,0.0,0,0,6.548,0,6.518,0,0,0,0,0,0,0,0,0,0,0,0,6.04,4.285,0,0,0,7.107,0,0,0,0,0,0,0,0,0,0,0,0,4.656,0,0,0,0,7.762,6.222,0,0,0,0,0,0,0,0,0,0,0,0,0,0,0,0,0,0,0,4.144,0,0,0,0,0,0,0,0,0,0,0,0,3.34,0,0,0,0,0,0,0,0,0,0,0,0,0.0,0,0,0,1.145,0,0,0,0,0,0,0,0,0,0.0,0,2.307,0,0,0
657,2022-08-07 20:15:00,39.1,-112.587,0,0,0,0,253.0,120.771,0,112.587,112.587,23,18,23,0,0,0.0,0,0,0,0,9.978,5.847,0,0,0,0,0,0,0,0,7.712,0,0,0,8.886,0,0,0,0,0,0,0,0,0,0.0,0,0,6.548,0,6.518,0,0,0,0,0,0,0,0,0,0,0,0,6.04,0.0,0,0,0,7.107,0,6.571,0,0,0,0,0,0,0,0,9.258,0,4.656,0,0,0,0,7.762,6.222,0,0,0,0,0,0,0,0,0,0,0,0,0,0,0,0,0,0,0,4.144,0,0,8.545,0,0,0,0,0,0,0,0,0,3.34,0,0,0,0,0,0,0,0,0,0,0,0,0.0,0,0,0,1.145,0,0,0,0,0,0,0,0,0,0.0,0,2.307,0,0,0
658,2022-08-07 20:30:00,39.1,-203.749,0,0,0,0,392.0,219.757,0,203.749,112.587,23,18,22,0,0,0.0,0,0,0,0,9.978,8.831,0,0,0,0,0,0,0,0,7.712,0,0,0,8.886,0,0,0,0,0,0,0,0,0,0.0,0,0,6.548,0,6.518,0,0,0,0,0,0,0,0,0,0,0,0,6.04,0.0,0,0,0,7.107,0,6.571,0,0,0,0,0,0,0,0,9.258,0,4.656,0,0,0,0,11.0,0,0,0,0,0,0,0,0,0,0,0,0,0,0,0,0,0,0,0,0,4.144,0,0,8.545,0,0,0,0,0,0,0,0,0,3.34,0,0,0,0,0,0,0,0,0,0,0,0,0.0,0,0,0,1.145,0,0,0,0,0,91.162,0,0,0,0.0,0,2.307,0,0,0
659,2022-08-07 20:45:00,39.1,-117.251,0,0,0,0,242.0,139.326,0,117.251,117.251,22,18,22,0,0,0.0,0,0,0,0,9.978,8.831,0,0,0,0,0,0,0,0,7.712,0,0,0,8.886,0,0,0,0,0,0,0,0,0,0.0,0,0,6.548,0,6.518,0,0,0,0,0,0,0,0,0,0,0,0,6.04,4.664,0,0,0,7.107,0,6.571,0,0,0,0,0,0,0,0,9.258,0,4.656,0,0,0,0,11.0,0,0,0,0,0,0,0,0,0,0,0,0,0,0,0,0,0,0,0,0,4.144,0,0,8.545,0,0,0,0,0,0,0,0,0,3.34,0,0,0,0,0,0,0,0,0,0,0,0,0.0,0,0,0,1.145,0,0,0,0,0,0,0,0,0,0.0,0,2.307,0,0,0
660,2022-08-07 21:00:00,36.62,-125.949,0,0,0,0,242.0,147.384,0,125.949,125.949,22,19,22,0,0,0.0,0,0,0,0,9.978,8.831,0,0,0,0,0,0,0,0,7.712,0,0,0,8.886,0,0,0,0,0,0,0,0,0,0.0,0,0,6.548,0,6.518,0,0,0,0,0,0,0,0,0,0,0,0,6.04,11.0,0,0,0,7.107,0,6.571,0,0,0,0,0,0,0,0,9.258,0,4.656,0,0,0,0,11.0,0,0,0,0,0,0,0,0,0,0,0,0,0,0,0,0,0,0,0,0,4.144,0,0,8.545,0,0,0,0,0,0,0,0,0,3.34,0,0,0,0,0,0,0,0,0,0,0,0,2.362,0,0,0,1.145,0,0,0,0,0,0,0,0,0,0.0,0,2.307,0,0,0
661,2022-08-07 21:15:00,36.62,-134.283,0,0,0,0,242.0,155.718,0,134.283,134.283,22,20,22,0,0,0.0,0,0,0,0,9.978,8.831,0,0,0,0,0,0,0,0,7.712,0,0,0,8.886,0,0,0,0,0,0,0,0,0,0.0,0,0,6.548,0,6.518,0,0,0,0,0,0,0,0,0,0,0,0,6.04,11.0,0,0,0,7.107,0,6.571,0,0,0,0,0,0,0,0,9.258,0,4.656,0,0,0,0,11.0,0,0,0,0,0,0,0,0,0,0,0,0,0,0,0,0,0,0,0,0,4.144,0,0,8.545,0,0,0,0,0,0,0,0,0,3.34,0,0,0,0,0,0,0,0,0,0,0,0,4.462,0,0,0,1.145,0,0,0,0,0,0,0,0,0,6.234,0,2.307,0,0,0
662,2022-08-07 21:30:00,36.62,-146.757,0,0,0,0,242.0,168.757,0,146.757,146.757,22,20,22,0,0,0.0,0,0,0,0,9.978,8.831,0,0,0,0,0,0,0,0,7.712,0,0,0,8.886,0,0,0,0,0,0,0,0,0,0.0,0,0,6.548,0,6.518,0,0,0,0,0,0,0,0,0,0,0,0,6.04,11.0,0,0,0,7.107,0,6.571,0,0,0,0,0,0,0,0,9.258,0,4.656,0,0,0,0,11.0,0,0,0,0,0,0,0,0,0,0,0,0,0,0,0,0,0,0,0,0,4.144,0,0,8.545,0,0,0,0,0,0,0,0,0,3.34,0,0,0,0,0,0,0,0,0,0,0,0,11.0,0,0,0,2.315,0,0,0,0,0,0,0,0,0,11.0,0,2.307,0,0,0
663,2022-08-07 21:45:00,36.62,-154.88,0,0,0,0,253.0,176.879,0,154.88,154.88,23,21,23,0,0,0.0,0,7.018,0,0,9.978,8.831,0,0,0,0,0,0,0,0,7.712,0,0,0,8.886,0,0,0,0,0,0,0,0,0,0.0,0,0,6.548,0,6.518,0,0,0,0,0,0,0,0,0,0,0,0,6.04,11.0,0,0,0,7.107,0,6.571,0,0,0,0,0,0,0,0,9.258,0,4.656,0,0,0,0,11.0,0,0,0,0,0,0,0,0,0,0,0,0,0,0,0,0,0,0,0,0,4.144,0,0,8.545,0,0,0,0,0,0,0,0,0,3.34,0,0,0,0,0,0,0,0,0,0,0,0,11.0,0,0,0,3.42,0,0,0,0,0,0,0,0,0,11.0,0,2.307,0,0,0
664,2022-08-07 22:00:00,36.08,-159.735,0,0,0,0,253.0,181.734,0,159.735,159.735,23,21,23,0,0,0.0,0,7.018,0,0,9.978,8.831,0,0,0,0,0,0,0,0,7.712,0,0,0,8.886,0,0,0,0,0,0,0,0,0,0.0,0,0,6.548,0,6.518,0,0,0,0,0,0,0,0,0,0,0,0,6.04,11.0,0,0,0,7.107,0,6.571,0,0,0,0,0,0,0,0,9.258,0,4.656,0,0,0,0,11.0,0,0,0,0,0,0,0,0,0,0,0,0,0,0,0,0,0,0,0,0,4.144,0,0,8.545,0,0,0,0,0,0,0,0,0,3.34,0,0,0,0,0,0,0,0,0,0,0,0,11.0,0,0,0,8.275,0,0,0,0,0,0,0,0,0,11.0,0,2.307,0,0,0
665,2022-08-07 22:15:00,36.08,-161.807,0,0,0,0,264.0,183.806,0,161.807,161.807,24,22,24,0,0,0.0,0,7.018,0,0,9.978,8.831,0,0,0,0,0,0,0,0,7.712,0,0,0,8.886,0,0,0,0,0,0,0,0,0,0.0,0,0,6.548,0,6.518,0,0,0,0,0,0,0,0,0,0,0,0,6.04,11.0,0,0,0,7.107,0,6.571,0,0,0,0,0,0,0,0,9.258,0,4.656,0,0,0,0,11.0,0,0,0,0,7.711,0,0,0,0,0,0,0,0,0,0,0,0,0,0,0,4.144,0,0,8.545,0,0,0,0,0,0,0,0,0,3.34,0,0,0,0,0,0,0,0,0,0,0,0,11.0,0,0,0,2.635,0,0,0,0,0,0,0,0,0,11.0,0,2.307,0,0,0
666,2022-08-07 22:30:00,36.08,-190.985,0,0,0,0,286.0,212.982,0,190.985,190.985,26,24,26,0,0,0.0,0,7.018,0,0,9.978,8.831,0,0,0,0,0,0,0,0,7.712,0,0,0,8.886,0,9.467,0,0,0,0,0,0,0,0.0,0,0,6.548,0,6.518,0,0,0,0,0,0,0,0,0,0,0,0,6.04,11.0,0,0,0,7.107,0,6.571,0,0,0,0,0,0,0,0,9.258,0,4.656,0,0,0,0,11.0,0,0,0,0,7.711,0,0,0,0,0,0,0,0,0,0,0,0,0,0,0,4.144,0,0,8.545,0,0,0,0,0,0,0,0,0,3.34,0,0,0,0,0,0,0,0,8.091,0,0,0,11.0,0,0,0,11.0,0,0,0,0,0,0,0,0,0,11.0,0,5.562,0,0,0
667,2022-08-07 22:45:00,36.08,-190.51,0,0,0,0,286.0,212.507,0,190.51,190.51,26,24,26,0,0,0.0,0,7.018,0,0,9.978,8.831,0,0,0,0,0,0,0,0,7.712,0,0,0,8.886,0,9.467,0,0,0,0,0,0,0,0.0,0,0,6.548,0,6.518,0,0,0,0,0,0,0,0,0,0,0,0,6.04,11.0,0,0,0,7.107,0,6.571,0,0,0,0,0,0,0,0,9.258,0,4.656,0,0,0,0,11.0,0,0,0,0,7.711,0,0,0,0,0,0,0,0,0,0,0,0,0,0,0,4.144,0,0,8.545,0,0,0,0,0,0,0,0,0,3.34,0,0,0,0,0,0,0,0,8.091,0,0,0,11.0,0,0,0,11.0,0,0,0,0,0,0,0,0,0,11.0,0,5.087,0,0,0
668,2022-08-07 23:00:00,32.76,-207.01,0,0,0,0,297.0,229.008,0,207.01,207.01,27,25,27,0,0,0.0,0,7.018,0,0,9.978,8.831,0,0,0,0,0,0,0,0,7.712,0,0,0,8.886,0,9.467,0,0,0,0,0,0,0,0.0,0,0,6.548,0,6.701,0,0,0,0,0,0,0,0,0,0,0,0,6.04,11.0,0,0,0,7.107,0,6.571,0,0,0,0,0,0,0,0,9.258,0,4.656,0,0,0,0,11.0,0,0,0,0,7.711,0,0,0,0,0,0,0,0,0,0,0,0,0,0,0,4.144,0,0,8.545,0,0,0,0,0,0,0,0,0,3.34,0,0,0,0,0,0,0,0,8.091,0,0,0,11.0,0,0,0,11.0,0,0,0,0,0,0,0,0,0,11.0,0,11.0,0,0,10.404
669,2022-08-07 23:15:00,32.76,-195.111,0,0,0,0,297.0,227.492,0,195.111,195.111,27,25,27,0,0,0.0,0,7.018,0,0,9.978,8.831,0,0,0,0,0,0,0,0,7.712,0,0,0,8.886,0,9.467,0,0,0,0,0,0,0,0.0,0,0,6.548,0,6.518,0,0,0,0,0,0,0,0,0,0,0,0,6.04,3.718,0,0,0,7.107,0,6.571,0,0,0,0,0,0,0,0,9.258,0,4.656,0,0,0,0,11.0,0,0,0,0,7.711,0,0,0,0,0,0,0,0,0,0,0,0,0,0,0,4.144,0,0,8.545,0,0,0,0,0,0,0,0,0,3.34,0,0,0,0,0,0,0,0,8.091,0,0,0,11.0,0,0,0,11.0,0,0,0,0,0,0,0,0,0,7.899,0,9.668,0,0,10.404
670,2022-08-07 23:30:00,32.76,-187.835,0,0,0,0,297.0,232.603,0,187.835,187.835,27,23,27,0,0,0.0,0,7.018,0,0,9.978,8.831,0,0,0,0,0,0,0,0,7.712,0,0,0,8.886,0,9.467,0,0,0,0,0,0,0,0.0,0,0,5.778,0,10.296,0,0,0,0,0,0,0,0,0,0,0,0,6.04,0.0,0,0,0,7.107,0,6.571,0,0,0,0,0,0,0,0,9.258,0,4.656,0,0,0,0,11.0,0,0,0,0,7.711,0,0,0,0,0,0,0,0,0,0,0,0,0,0,0,4.144,0,0,8.545,0,0,0,0,0,0,0,0,0,3.34,0,0,0,0,0,0,0,0,8.091,0,0,0,11.0,0,0,0,11.0,0,0,0,0,0,0,0,0,0,0.0,0,11.0,0,0,10.404
671,2022-08-07 23:45:00,32.76,-185.242,0,0,0,0,297.0,235.81,0,185.242,185.242,27,22,27,0,0,0.0,0,7.018,0,0,9.978,8.831,0,0,0,0,0,0,0,0,10.216,0,0,0,8.886,0,9.467,0,0,0,0,0,0,0,0.0,0,0,0.0,0,11.0,0,0,0,0,0,0,0,0,0,0,0,0,6.04,0.0,0,0,0,7.107,0,6.571,0,0,0,0,0,0,0,0,9.258,0,4.646,0,0,0,0,11.0,0,0,0,0,7.711,0,0,0,0,0,0,0,0,0,0,0,0,0,0,0,4.144,0,0,8.545,0,0,0,0,0,0,0,0,0,3.34,0,0,0,0,0,0,0,0,8.091,0,0,0,11.0,0,0,0,10.991,0,0,0,0,0,0,0,0,0,0.0,0,10.996,0,0,10.404
672,2022-08-08 00:00:00,32.76,0,0,0,0,0,0,0.0,0,0,0,0,0,0,0,0,0,0,0,0,0,0,0,0,0,0,0,0,0,0,0,0,0,0,0,0,0,0,0,0,0,0,0,0,0,0,0,0,0,0,0,0,0,0,0,0,0,0,0,0,0,0,0,0,0,0,0,0,0,0,0,0,0,0,0,0,0,0,0,0,0,0,0,0,0,0,0,0,0,0,0,0,0,0,0,0,0,0,0,0,0,0,0,0,0,0,0,0,0,0,0,0,0,0,0,0,0,0,0,0,0,0,0,0,0,0,0,0,0,0,0,0,0,0,0,0,0,0,0,0,0,0,0,0,0,0,0,0,0,0,0,0,0