timestamp,load,pv,hp,ev
2017-10-21 00:00:00+02:00,0.05225,0.0,0.009438,0.0
2017-10-21 00:01:00+02:00,0.04971,0.0,0.009334,0.0
2017-10-21 00:02:00+02:00,0.04682,0.0,0.009334,0.0
2017-10-21 00:03:00+02:00,0.04673,0.0,0.009334,0.0
2017-10-21 00:04:00+02:00,0.04167,0.0,0.009386,0.0
2017-10-21 00:05:00+02:00,0.04291,0.0,0.009412,0.0
2017-10-21 00:06:00+02:00,0.0424,0.0,0.009438,0.0
2017-10-21 00:07:00+02:00,0.0432,0.0,0.009438,0.0
2017-10-21 00:08:00+02:00,0.04133,0.0,0.00949,0.0
2017-10-21 00:09:00+02:00,0.04175,0.0,0.00949,0.0
2017-10-21 00:10:00+02:00,0.04106,0.0,0.00949,0.0
2017-10-21 00:11:00+02:00,0.0458,0.0,0.009542,0.0
2017-10-21 00:12:00+02:00,0.04297,0.0,0.009542,0.0
2017-10-21 00:13:00+02:00,0.04296,0.0,0.009594,0.0
2017-10-21 00:14:00+02:00,0.04326,0.0,0.009594,0.0
2017-10-21 00:15:00+02:00,0.04026,0.0,0.00962,0.0
2017-10-21 00:16:00+02:00,0.04188,0.0,0.009646,0.0
2017-10-21 00:17:00+02:00,0.04042,0.0,0.009646,0.0
2017-10-21 00:18:00+02:00,0.04166,0.0,0.009672,0.0
2017-10-21 00:19:00+02:00,0.04233,0.0,0.009698,0.0
2017-10-21 00:20:00+02:00,0.04386,0.0,0.009724,0.0
2017-10-21 00:21:00+02:00,0.04829,0.0,0.00975,0.0
2017-10-21 00:22:00+02:00,0.04989,0.0,0.009776,0.0
2017-10-21 00:23:00+02:00,0.04535,0.0,0.009802,0.0
2017-10-21 00:24:00+02:00,0.04442,0.0,0.009802,0.0
2017-10-21 00:25:00+02:00,0.04268,0.0,0.009802,0.0
2017-10-21 00:26:00+02:00,0.04185,0.0,0.009828,0.0
2017-10-21 00:27:00+02:00,0.04166,0.0,0.00988,0.0
2017-10-21 00:28:00+02:00,0.03873,0.0,0.009906,0.0
2017-10-21 00:29:00+02:00,0.03862,0.0,0.009906,0.0
2017-10-21 00:30:00+02:00,0.04086,0.0,0.009932,0.022
2017-10-21 00:31:00+02:00,0.04042,0.0,0.009932,0.022
2017-10-21 00:32:00+02:00,0.04501,0.0,0.009958,0.022
2017-10-21 00:33:00+02:00,0.0444,0.0,0.01001,0.022
2017-10-21 00:34:00+02:00,0.04342,0.0,0.01001,0.022
2017-10-21 00:35:00+02:00,0.04417,0.0,0.010036,0.022
2017-10-21 00:36:00+02:00,0.04146,0.0,0.010036,0.022
2017-10-21 00:37:00+02:00,0.03946,0.0,0.010088,0.022
2017-10-21 00:38:00+02:00,0.03934,0.0,0.010114,0.022
2017-10-21 00:39:00+02:00,0.04013,0.0,0.010114,0.022
2017-10-21 00:40:00+02:00,0.03827,0.0,0.010114,0.022
2017-10-21 00:41:00+02:00,0.03749,0.0,0.01014,0.022
2017-10-21 00:42:00+02:00,0.04074,0.0,0.010192,0.022
2017-10-21 00:43:00+02:00,0.03917,0.0,0.010218,0.022
2017-10-21 00:44:00+02:00,0.03871,0.0,0.010244,0.022
2017-10-21 00:45:00+02:00,0.04437,0.0,0.010244,0.033
2017-10-21 00:46:00+02:00,0.04869,0.0,0.010244,0.033
2017-10-21 00:47:00+02:00,0.04289,0.0,0.01027,0.033
2017-10-21 00:48:00+02:00,0.03647,0.0,0.010322,0.033
2017-10-21 00:49:00+02:00,0.03662,0.0,0.010348,0.033
2017-10-21 00:50:00+02:00,0.03748,0.0,0.010348,0.033
2017-10-21 00:51:00+02:00,0.03854,0.0,0.010348,0.033
2017-10-21 00:52:00+02:00,0.03797,0.0,0.0104,0.033
2017-10-21 00:53:00+02:00,0.0374,0.0,0.0104,0.024653
2017-10-21 00:54:00+02:00,0.03622,0.0,0.010426,0.022
2017-10-21 00:55:00+02:00,0.03618,0.0,0.010452,0.022
2017-10-21 00:56:00+02:00,0.03692,0.0,0.010478,0.022
2017-10-21 00:57:00+02:00,0.03825,0.0,0.010504,0.022
2017-10-21 00:58:00+02:00,0.0407,0.0,0.010504,0.022
2017-10-21 00:59:00+02:00,0.04011,0.0,0.010556,0.022
2017-10-21 01:00:00+02:00,0.03972,0.0,0.010556,0.044
2017-10-21 01:01:00+02:00,0.04093,0.0,0.010556,0.044
2017-10-21 01:02:00+02:00,0.04249,0.0,0.010582,0.044
2017-10-21 01:03:00+02:00,0.03945,0.0,0.010634,0.044
2017-10-21 01:04:00+02:00,0.04412,0.0,0.01066,0.044
2017-10-21 01:05:00+02:00,0.03885,0.0,0.01066,0.044
2017-10-21 01:06:00+02:00,0.04076,0.0,0.01066,0.044
2017-10-21 01:07:00+02:00,0.03698,0.0,0.01066,0.044
2017-10-21 01:08:00+02:00,0.03478,0.0,0.010686,0.038473
2017-10-21 01:09:00+02:00,0.03274,0.0,0.010764,0.033
2017-10-21 01:10:00+02:00,0.03234,0.0,0.010764,0.033
2017-10-21 01:11:00+02:00,0.03357,0.0,0.010764,0.033
2017-10-21 01:12:00+02:00,0.03777,0.0,0.010764,0.033
2017-10-21 01:13:00+02:00,0.04131,0.0,0.010816,0.033
2017-10-21 01:14:00+02:00,0.04133,0.0,0.010816,0.033
2017-10-21 01:15:00+02:00,0.04236,0.0,0.010868,0.033
2017-10-21 01:16:00+02:00,0.04117,0.0,0.010868,0.025667
2017-10-21 01:17:00+02:00,0.04099,0.0,0.010868,0.011
2017-10-21 01:18:00+02:00,0.04184,0.0,0.01092,0.011
2017-10-21 01:19:00+02:00,0.04011,0.0,0.01092,0.011
2017-10-21 01:20:00+02:00,0.03854,0.0,0.01092,0.0
2017-10-21 01:21:00+02:00,0.0385,0.0,0.010946,0.0
2017-10-21 01:22:00+02:00,0.04213,0.0,0.010998,0.0
2017-10-21 01:23:00+02:00,0.04205,0.0,0.011024,0.0
2017-10-21 01:24:00+02:00,0.04029,0.0,0.011024,0.0
2017-10-21 01:25:00+02:00,0.03597,0.0,0.011024,0.0
2017-10-21 01:26:00+02:00,0.03713,0.0,0.011024,0.0
2017-10-21 01:27:00+02:00,0.03434,0.0,0.011076,0.0
2017-10-21 01:28:00+02:00,0.03136,0.0,0.011128,0.0
2017-10-21 01:29:00+02:00,0.03292,0.0,0.011128,0.0
2017-10-21 01:30:00+02:00,0.03671,0.0,0.011128,0.0
2017-10-21 01:31:00+02:00,0.03616,0.0,0.011128,0.0
2017-10-21 01:32:00+02:00,0.03551,0.0,0.011154,0.0
2017-10-21 01:33:00+02:00,0.0368,0.0,0.01118,0.0
2017-10-21 01:34:00+02:00,0.03565,0.0,0.011206,0.0
2017-10-21 01:35:00+02:00,0.03415,0.0,0.011232,0.0
2017-10-21 01:36:00+02:00,0.03255,0.0,0.011258,0.0
2017-10-21 01:37:00+02:00,0.03163,0.0,0.011284,0.0
2017-10-21 01:38:00+02:00,0.03155,0.0,0.011284,0.0
2017-10-21 01:39:00+02:00,0.03073,0.0,0.011284,0.0
2017-10-21 01:40:00+02:00,0.03303,0.0,0.01131,0.0
2017-10-21 01:41:00+02:00,0.03232,0.0,0.011362,0.0
2017-10-21 01:42:00+02:00,0.03418,0.0,0.011388,0.0
2017-10-21 01:43:00+02:00,0.03579,0.0,0.011388,0.0
2017-10-21 01:44:00+02:00,0.03494,0.0,0.011388,0.0
2017-10-21 01:45:00+02:00,0.03052,0.0,0.011414,0.0
2017-10-21 01:46:00+02:00,0.03062,0.0,0.01144,0.0
2017-10-21 01:47:00+02:00,0.03182,0.0,0.011466,0.0
2017-10-21 01:48:00+02:00,0.0305,0.0,0.011492,0.0
2017-10-21 01:49:00+02:00,0.03024,0.0,0.011492,0.0
2017-10-21 01:50:00+02:00,0.0297,0.0,0.011518,0.0
2017-10-21 01:51:00+02:00,0.0321,0.0,0.011518,0.0
2017-10-21 01:52:00+02:00,0.03228,0.0,0.01157,0.0
2017-10-21 01:53:00+02:00,0.03587,0.0,0.01157,0.0
2017-10-21 01:54:00+02:00,0.03326,0.0,0.011596,0.0
2017-10-21 01:55:00+02:00,0.03267,0.0,0.011622,0.0
2017-10-21 01:56:00+02:00,0.03979,0.0,0.011622,0.0
2017-10-21 01:57:00+02:00,0.03393,0.0,0.011648,0.0
2017-10-21 01:58:00+02:00,0.03608,0.0,0.011674,0.0
2017-10-21 01:59:00+02:00,0.03254,0.0,0.0117,0.0
2017-10-21 02:00:00+02:00,0.03262,0.0,0.0117,0.0
2017-10-21 02:01:00+02:00,0.03374,0.0,0.011726,0.0
2017-10-21 02:02:00+02:00,0.03208,0.0,0.011752,0.0
2017-10-21 02:03:00+02:00,0.03265,0.0,0.011752,0.0
2017-10-21 02:04:00+02:00,0.03328,0.0,0.011778,0.0
2017-10-21 02:05:00+02:00,0.03344,0.0,0.011804,0.0
2017-10-21 02:06:00+02:00,0.03415,0.0,0.011804,0.0
2017-10-21 02:07:00+02:00,0.03356,0.0,0.011804,0.0
2017-10-21 02:08:00+02:00,0.03123,0.0,0.01183,0.0
2017-10-21 02:09:00+02:00,0.03132,0.0,0.011856,0.0
2017-10-21 02:10:00+02:00,0.03119,0.0,0.011882,0.0
2017-10-21 02:11:00+02:00,0.03292,0.0,0.011882,0.0
2017-10-21 02:12:00+02:00,0.03564,0.0,0.011908,0.0
2017-10-21 02:13:00+02:00,0.03439,0.0,0.011908,0.0
2017-10-21 02:14:00+02:00,0.0341,0.0,0.011934,0.0
2017-10-21 02:15:00+02:00,0.03392,0.0,0.01196,0.022
2017-10-21 02:16:00+02:00,0.03318,0.0,0.011986,0.022
2017-10-21 02:17:00+02:00,0.03343,0.0,0.011986,0.022
2017-10-21 02:18:00+02:00,0.0312,0.0,0.011986,0.022
2017-10-21 02:19:00+02:00,0.03012,0.0,0.012012,0.022
2017-10-21 02:20:00+02:00,0.0289,0.0,0.012064,0.022
2017-10-21 02:21:00+02:00,0.03042,0.0,0.012064,0.022
2017-10-21 02:22:00+02:00,0.03016,0.0,0.012064,0.022
2017-10-21 02:23:00+02:00,0.02768,0.0,0.012064,0.022
2017-10-21 02:24:00+02:00,0.02709,0.0,0.01209,0.022
2017-10-21 02:25:00+02:00,0.02759,0.0,0.012116,0.022
2017-10-21 02:26:00+02:00,0.0285,0.0,0.012168,0.022
2017-10-21 02:27:00+02:00,0.03124,0.0,0.012168,0.022
2017-10-21 02:28:00+02:00,0.0333,0.0,0.012168,0.022
2017-10-21 02:29:00+02:00,0.03282,0.0,0.012168,0.022
2017-10-21 02:30:00+02:00,0.03188,0.0,0.012168,0.022
2017-10-21 02:31:00+02:00,0.03294,0.0,0.01222,0.022
2017-10-21 02:32:00+02:00,0.03292,0.0,0.012246,0.022
2017-10-21 02:33:00+02:00,0.03224,0.0,0.012246,0.022
2017-10-21 02:34:00+02:00,0.03177,0.0,0.012272,0.022
2017-10-21 02:35:00+02:00,0.03223,0.0,0.012272,0.022
2017-10-21 02:36:00+02:00,0.03122,0.0,0.012272,0.022
2017-10-21 02:37:00+02:00,0.03037,0.0,0.012324,0.022
2017-10-21 02:38:00+02:00,0.02878,0.0,0.012324,0.022
2017-10-21 02:39:00+02:00,0.02854,0.0,0.012324,0.022
2017-10-21 02:40:00+02:00,0.03258,0.0,0.01235,0.022
2017-10-21 02:41:00+02:00,0.03321,0.0,0.012376,0.022
2017-10-21 02:42:00+02:00,0.03316,0.0,0.012402,0.022
2017-10-21 02:43:00+02:00,0.03142,0.0,0.012428,0.022
2017-10-21 02:44:00+02:00,0.03201,0.0,0.012428,0.022
2017-10-21 02:45:00+02:00,0.03013,0.0,0.012428,0.022
2017-10-21 02:46:00+02:00,0.03117,0.0,0.012428,0.022
2017-10-21 02:47:00+02:00,0.0308,0.0,0.012454,0.022
2017-10-21 02:48:00+02:00,0.02806,0.0,0.012506,0.022
2017-10-21 02:49:00+02:00,0.02918,0.0,0.012532,0.022
2017-10-21 02:50:00+02:00,0.02815,0.0,0.012532,0.022
2017-10-21 02:51:00+02:00,0.0285,0.0,0.012532,0.022
2017-10-21 02:52:00+02:00,0.02779,0.0,0.012532,0.022
2017-10-21 02:53:00+02:00,0.02667,0.0,0.012558,0.022
2017-10-21 02:54:00+02:00,0.02757,0.0,0.012558,0.022
2017-10-21 02:55:00+02:00,0.03102,0.0,0.012636,0.022
2017-10-21 02:56:00+02:00,0.03153,0.0,0.012636,0.022
2017-10-21 02:57:00+02:00,0.03333,0.0,0.012636,0.022
2017-10-21 02:58:00+02:00,0.03031,0.0,0.012636,0.022
2017-10-21 02:59:00+02:00,0.03208,0.0,0.012662,0.022
2017-10-21 03:00:00+02:00,0.0308,0.0,0.012688,0.022
2017-10-21 03:01:00+02:00,0.03082,0.0,0.012688,0.022
2017-10-21 03:02:00+02:00,0.0306,0.0,0.012766,0.022
2017-10-21 03:03:00+02:00,0.02964,0.0,0.012792,0.022
2017-10-21 03:04:00+02:00,0.03155,0.0,0.012792,0.022
2017-10-21 03:05:00+02:00,0.02872,0.0,0.01287,0.012707
2017-10-21 03:06:00+02:00,0.02744,0.0,0.012896,0.011
2017-10-21 03:07:00+02:00,0.02659,0.0,0.012948,0.011
2017-10-21 03:08:00+02:00,0.02872,0.0,0.013,0.011
2017-10-21 03:09:00+02:00,0.02903,0.0,0.013026,0.011
2017-10-21 03:10:00+02:00,0.02975,0.0,0.013078,0.011
2017-10-21 03:11:00+02:00,0.02904,0.0,0.01313,0.011
2017-10-21 03:12:00+02:00,0.02861,0.0,0.013156,0.011
2017-10-21 03:13:00+02:00,0.02907,0.0,0.013208,0.011
2017-10-21 03:14:00+02:00,0.03057,0.0,0.013234,0.011
2017-10-21 03:15:00+02:00,0.03129,0.0,0.013286,0.011
2017-10-21 03:16:00+02:00,0.02973,0.0,0.013312,0.011
2017-10-21 03:17:00+02:00,0.02905,0.0,0.01339,0.011
2017-10-21 03:18:00+02:00,0.0278,0.0,0.01339,0.011
2017-10-21 03:19:00+02:00,0.02847,0.0,0.013468,0.011
2017-10-21 03:20:00+02:00,0.03104,0.0,0.013494,0.011
2017-10-21 03:21:00+02:00,0.02814,0.0,0.013572,0.011
2017-10-21 03:22:00+02:00,0.02743,0.0,0.013572,0.011
2017-10-21 03:23:00+02:00,0.03156,0.0,0.013624,0.011
2017-10-21 03:24:00+02:00,0.02777,0.0,0.013676,0.011
2017-10-21 03:25:00+02:00,0.02479,0.0,0.013676,0.011
2017-10-21 03:26:00+02:00,0.02441,0.0,0.013754,0.011
2017-10-21 03:27:00+02:00,0.02722,0.0,0.01378,0.011
2017-10-21 03:28:00+02:00,0.02787,0.0,0.013832,0.011
2017-10-21 03:29:00+02:00,0.02569,0.0,0.013858,0.011
2017-10-21 03:30:00+02:00,0.02402,0.0,0.013936,0.022
2017-10-21 03:31:00+02:00,0.02607,0.0,0.013936,0.022
2017-10-21 03:32:00+02:00,0.02677,0.0,0.013988,0.022
2017-10-21 03:33:00+02:00,0.0257,0.0,0.01404,0.022
2017-10-21 03:34:00+02:00,0.0221,0.0,0.014066,0.022
2017-10-21 03:35:00+02:00,0.02388,0.0,0.014144,0.022
2017-10-21 03:36:00+02:00,0.02869,0.0,0.01417,0.022
2017-10-21 03:37:00+02:00,0.02845,0.0,0.014196,0.022
2017-10-21 03:38:00+02:00,0.02664,0.0,0.014274,0.022
2017-10-21 03:39:00+02:00,0.02819,0.0,0.0143,0.022
2017-10-21 03:40:00+02:00,0.02696,0.0,0.014326,0.022
2017-10-21 03:41:00+02:00,0.02623,0.0,0.014378,0.022
2017-10-21 03:42:00+02:00,0.02605,0.0,0.01443,0.022
2017-10-21 03:43:00+02:00,0.02636,0.0,0.01443,0.022
2017-10-21 03:44:00+02:00,0.02625,0.0,0.014508,0.022
2017-10-21 03:45:00+02:00,0.02701,0.0,0.014534,0.022
2017-10-21 03:46:00+02:00,0.02594,0.0,0.01456,0.022
2017-10-21 03:47:00+02:00,0.02724,0.0,0.014638,0.022
2017-10-21 03:48:00+02:00,0.02727,0.0,0.014664,0.022
2017-10-21 03:49:00+02:00,0.02617,0.0,0.014716,0.022
2017-10-21 03:50:00+02:00,0.02863,0.0,0.014742,0.022
2017-10-21 03:51:00+02:00,0.02872,0.0,0.014794,0.022
2017-10-21 03:52:00+02:00,0.02901,0.0,0.01482,0.022
2017-10-21 03:53:00+02:00,0.02765,0.0,0.014898,0.022
2017-10-21 03:54:00+02:00,0.02936,0.0,0.014898,0.022
2017-10-21 03:55:00+02:00,0.02796,0.0,0.014976,0.022
2017-10-21 03:56:00+02:00,0.02432,0.0,0.015002,0.016933
2017-10-21 03:57:00+02:00,0.02367,0.0,0.015054,0.011
2017-10-21 03:58:00+02:00,0.02621,0.0,0.01508,0.011
2017-10-21 03:59:00+02:00,0.02704,0.0,0.015158,0.011
2017-10-21 04:00:00+02:00,0.02633,0.0,0.015158,0.011
2017-10-21 04:01:00+02:00,0.02799,0.0,0.01521,0.011
2017-10-21 04:02:00+02:00,0.02985,0.0,0.01534,0.011
2017-10-21 04:03:00+02:00,0.02783,0.0,0.015444,0.011
2017-10-21 04:04:00+02:00,0.02858,0.0,0.015574,0.011
2017-10-21 04:05:00+02:00,0.02844,0.0,0.015704,0.011
2017-10-21 04:06:00+02:00,0.02515,0.0,0.015834,0.011
2017-10-21 04:07:00+02:00,0.0261,0.0,0.01599,0.011
2017-10-21 04:08:00+02:00,0.0232,0.0,0.01612,0.011
2017-10-21 04:09:00+02:00,0.02304,0.0,0.01625,0.011
2017-10-21 04:10:00+02:00,0.02354,0.0,0.016406,0.011
2017-10-21 04:11:00+02:00,0.02316,0.0,0.01651,0.011
2017-10-21 04:12:00+02:00,0.02476,0.0,0.01664,0.011
2017-10-21 04:13:00+02:00,0.02328,0.0,0.01677,0.011
2017-10-21 04:14:00+02:00,0.02375,0.0,0.016874,0.011
2017-10-21 04:15:00+02:00,0.02378,0.0,0.017004,0.033
2017-10-21 04:16:00+02:00,0.02423,0.0,0.017134,0.033
2017-10-21 04:17:00+02:00,0.02283,0.0,0.017264,0.033
2017-10-21 04:18:00+02:00,0.03036,0.0,0.017368,0.033
2017-10-21 04:19:00+02:00,0.03365,0.0,0.017524,0.033
2017-10-21 04:20:00+02:00,0.03348,0.0,0.017654,0.033
2017-10-21 04:21:00+02:00,0.033,0.0,0.017784,0.033
2017-10-21 04:22:00+02:00,0.03309,0.0,0.017914,0.033
2017-10-21 04:23:00+02:00,0.02966,0.0,0.018018,0.033
2017-10-21 04:24:00+02:00,0.02845,0.0,0.018174,0.033
2017-10-21 04:25:00+02:00,0.02816,0.0,0.018278,0.033
2017-10-21 04:26:00+02:00,0.02684,0.0,0.018408,0.033
2017-10-21 04:27:00+02:00,0.0268,0.0,0.018538,0.033
2017-10-21 04:28:00+02:00,0.02671,0.0,0.018668,0.033
2017-10-21 04:29:00+02:00,0.02757,0.0,0.018772,0.033
2017-10-21 04:30:00+02:00,0.02709,0.0,0.018928,0.033
2017-10-21 04:31:00+02:00,0.02758,0.0,0.019032,0.033
2017-10-21 04:32:00+02:00,0.02735,0.0,0.019162,0.033
2017-10-21 04:33:00+02:00,0.02612,0.0,0.019318,0.033
2017-10-21 04:34:00+02:00,0.02487,0.0,0.019422,0.033
2017-10-21 04:35:00+02:00,0.02414,0.0,0.019552,0.033
2017-10-21 04:36:00+02:00,0.02417,0.0,0.019682,0.033
2017-10-21 04:37:00+02:00,0.0242,0.0,0.019812,0.033
2017-10-21 04:38:00+02:00,0.0246,0.0,0.019916,0.033
2017-10-21 04:39:00+02:00,0.0258,0.0,0.020072,0.033
2017-10-21 04:40:00+02:00,0.02458,0.0,0.020176,0.033
2017-10-21 04:41:00+02:00,0.02439,0.0,0.020306,0.033
2017-10-21 04:42:00+02:00,0.0254,0.0,0.020436,0.033
2017-10-21 04:43:00+02:00,0.02796,0.0,0.020566,0.033
2017-10-21 04:44:00+02:00,0.03016,0.0,0.020722,0.033
2017-10-21 04:45:00+02:00,0.03256,0.0,0.020826,0.033
2017-10-21 04:46:00+02:00,0.03158,0.0,0.020956,0.033
2017-10-21 04:47:00+02:00,0.02956,0.0,0.021086,0.033
2017-10-21 04:48:00+02:00,0.03273,0.0,0.021216,0.033
2017-10-21 04:49:00+02:00,0.02996,0.0,0.02132,0.033
2017-10-21 04:50:00+02:00,0.0307,0.0,0.021476,0.033
2017-10-21 04:51:00+02:00,0.0297,0.0,0.02158,0.033
2017-10-21 04:52:00+02:00,0.02988,0.0,0.021684,0.033
2017-10-21 04:53:00+02:00,0.03088,0.0,0.02184,0.033
2017-10-21 04:54:00+02:00,0.02868,0.0,0.02197,0.033
2017-10-21 04:55:00+02:00,0.02318,0.0,0.0221,0.033
2017-10-21 04:56:00+02:00,0.02775,0.0,0.02223,0.033
2017-10-21 04:57:00+02:00,0.02256,0.0,0.02236,0.033
2017-10-21 04:58:00+02:00,0.0244,0.0,0.02249,0.033
2017-10-21 04:59:00+02:00,0.02635,0.0,0.02262,0.033
2017-10-21 05:00:00+02:00,0.02854,0.0,0.022724,0.033
2017-10-21 05:01:00+02:00,0.02969,0.0,0.022854,0.033
2017-10-21 05:02:00+02:00,0.0299,0.0,0.023192,0.033
2017-10-21 05:03:00+02:00,0.02844,0.0,0.02353,0.033
2017-10-21 05:04:00+02:00,0.02967,0.0,0.023816,0.033
2017-10-21 05:05:00+02:00,0.03017,0.0,0.024154,0.022
2017-10-21 05:06:00+02:00,0.03178,0.0,0.02444,0.022
2017-10-21 05:07:00+02:00,0.03224,0.0,0.024778,0.022
2017-10-21 05:08:00+02:00,0.02858,0.0,0.02509,0.022
2017-10-21 05:09:00+02:00,0.02736,0.0,0.025402,0.022
2017-10-21 05:10:00+02:00,0.02781,0.0,0.025714,0.022
2017-10-21 05:11:00+02:00,0.02813,0.0,0.026026,0.022
2017-10-21 05:12:00+02:00,0.02842,0.0,0.026364,0.022
2017-10-21 05:13:00+02:00,0.03126,0.0,0.026676,0.022
2017-10-21 05:14:00+02:00,0.03033,0.0,0.026962,0.022
2017-10-21 05:15:00+02:00,0.02694,0.0,0.027326,0.022
2017-10-21 05:16:00+02:00,0.0261,0.0,0.027612,0.022
2017-10-21 05:17:00+02:00,0.0263,0.0,0.027924,0.022
2017-10-21 05:18:00+02:00,0.02674,0.0,0.028236,0.022
2017-10-21 05:19:00+02:00,0.02571,0.0,0.028574,0.022
2017-10-21 05:20:00+02:00,0.02407,0.0,0.02886,0.022
2017-10-21 05:21:00+02:00,0.02396,0.0,0.029198,0.017667
2017-10-21 05:22:00+02:00,0.02391,0.0,0.02951,0.00068
2017-10-21 05:23:00+02:00,0.02458,0.0,0.029822,0.0
2017-10-21 05:24:00+02:00,0.03106,0.0,0.03016,0.0
2017-10-21 05:25:00+02:00,0.02795,0.0,0.030472,0.0
2017-10-21 05:26:00+02:00,0.02762,0.0,0.03081,0.0
2017-10-21 05:27:00+02:00,0.02862,0.0,0.031096,0.0
2017-10-21 05:28:00+02:00,0.0275,0.0,0.031408,0.0
2017-10-21 05:29:00+02:00,0.02817,0.0,0.031746,0.0
2017-10-21 05:30:00+02:00,0.02808,0.0,0.032058,0.0
2017-10-21 05:31:00+02:00,0.02758,0.0,0.032344,0.0
2017-10-21 05:32:00+02:00,0.02799,0.0,0.032708,0.0
2017-10-21 05:33:00+02:00,0.02625,0.0,0.032968,0.0
2017-10-21 05:34:00+02:00,0.02482,0.0,0.033306,0.0
2017-10-21 05:35:00+02:00,0.02512,0.0,0.033618,0.0
2017-10-21 05:36:00+02:00,0.02486,0.0,0.033956,0.0
2017-10-21 05:37:00+02:00,0.02449,0.0,0.034242,0.0
2017-10-21 05:38:00+02:00,0.02945,0.0,0.03458,0.0
2017-10-21 05:39:00+02:00,0.02883,0.0,0.034892,0.0
2017-10-21 05:40:00+02:00,0.0307,0.0,0.035178,0.0
2017-10-21 05:41:00+02:00,0.03143,0.0,0.035516,0.0
2017-10-21 05:42:00+02:00,0.02803,0.0,0.035854,0.0
2017-10-21 05:43:00+02:00,0.02535,0.0,0.03614,0.0
2017-10-21 05:44:00+02:00,0.0253,0.0,0.036478,0.0
2017-10-21 05:45:00+02:00,0.02581,0.0,0.03679,0.0
2017-10-21 05:46:00+02:00,0.02754,0.0,0.037128,0.0
2017-10-21 05:47:00+02:00,0.03208,0.0,0.03744,0.0
2017-10-21 05:48:00+02:00,0.02793,0.0,0.037726,0.0
2017-10-21 05:49:00+02:00,0.02676,0.0,0.03809,0.0
2017-10-21 05:50:00+02:00,0.02711,0.0,0.03835,0.0
2017-10-21 05:51:00+02:00,0.0295,0.0,0.038688,0.0
2017-10-21 05:52:00+02:00,0.02937,0.0,0.039,0.0
2017-10-21 05:53:00+02:00,0.02856,0.0,0.039312,0.0
2017-10-21 05:54:00+02:00,0.02988,0.0,0.039624,0.0
2017-10-21 05:55:00+02:00,0.02804,0.0,0.039962,0.0
2017-10-21 05:56:00+02:00,0.02707,0.0,0.040274,0.0
2017-10-21 05:57:00+02:00,0.02558,0.0,0.040586,0.0
2017-10-21 05:58:00+02:00,0.02529,0.0,0.040898,0.0
2017-10-21 05:59:00+02:00,0.0258,0.0,0.041236,0.0
2017-10-21 06:00:00+02:00,0.02566,0.0,0.041522,0.0
2017-10-21 06:01:00+02:00,0.0253,0.0,0.04186,0.0
2017-10-21 06:02:00+02:00,0.02369,0.0,0.042042,0.0
2017-10-21 06:03:00+02:00,0.03266,0.0,0.042224,0.0
2017-10-21 06:04:00+02:00,0.03306,0.0,0.042406,0.0
2017-10-21 06:05:00+02:00,0.03723,0.0,0.042588,0.0
2017-10-21 06:06:00+02:00,0.03978,0.0,0.04277,0.0
2017-10-21 06:07:00+02:00,0.04005,0.0,0.042978,0.0
2017-10-21 06:08:00+02:00,0.03563,0.0,0.04316,0.0
2017-10-21 06:09:00+02:00,0.03103,0.0,0.043368,0.0
2017-10-21 06:10:00+02:00,0.02952,0.0,0.043524,0.0
2017-10-21 06:11:00+02:00,0.02851,0.0,0.043732,0.0
2017-10-21 06:12:00+02:00,0.02789,0.0,0.043914,0.0
2017-10-21 06:13:00+02:00,0.02844,0.0,0.044096,0.0
2017-10-21 06:14:00+02:00,0.02962,0.0,0.044278,0.0
2017-10-21 06:15:00+02:00,0.02905,0.0,0.04446,0.0
2017-10-21 06:16:00+02:00,0.02772,0.0,0.044642,0.0
2017-10-21 06:17:00+02:00,0.02809,0.0,0.04485,0.0
2017-10-21 06:18:00+02:00,0.03184,0.0,0.045032,0.0
2017-10-21 06:19:00+02:00,0.03448,0.0,0.04524,0.0
2017-10-21 06:20:00+02:00,0.03109,0.0,0.045396,0.0
2017-10-21 06:21:00+02:00,0.03112,0.0,0.045578,0.0
2017-10-21 06:22:00+02:00,0.0312,0.0,0.045734,0.0
2017-10-21 06:23:00+02:00,0.03215,0.0,0.045942,0.0
2017-10-21 06:24:00+02:00,0.03271,0.0,0.046124,0.0
2017-10-21 06:25:00+02:00,0.03314,0.0,0.046306,0.0
2017-10-21 06:26:00+02:00,0.037,0.0,0.046514,0.0
2017-10-21 06:27:00+02:00,0.04731,0.0,0.046696,0.0
2017-10-21 06:28:00+02:00,0.04838,0.0,0.046878,0.0
2017-10-21 06:29:00+02:00,0.04445,0.0,0.047086,0.0
2017-10-21 06:30:00+02:00,0.04834,0.0,0.047242,0.0
2017-10-21 06:31:00+02:00,0.04882,0.0,0.047424,0.0
2017-10-21 06:32:00+02:00,0.04669,0.0,0.047606,0.0
2017-10-21 06:33:00+02:00,0.04438,0.0,0.047788,0.0
2017-10-21 06:34:00+02:00,0.04575,0.0,0.04797,0.0
2017-10-21 06:35:00+02:00,0.04512,0.0,0.048178,0.0
2017-10-21 06:36:00+02:00,0.04482,0.0,0.048386,0.0
2017-10-21 06:37:00+02:00,0.0463,0.0,0.048542,0.0
2017-10-21 06:38:00+02:00,0.05019,0.0,0.04875,0.0
2017-10-21 06:39:00+02:00,0.0466,0.0,0.048906,0.0
2017-10-21 06:40:00+02:00,0.04737,0.0,0.049114,0.0
2017-10-21 06:41:00+02:00,0.04185,0.0,0.049296,0.0
2017-10-21 06:42:00+02:00,0.04201,0.0,0.049478,0.0
2017-10-21 06:43:00+02:00,0.0499,0.0,0.04966,0.0
2017-10-21 06:44:00+02:00,0.04559,0.0,0.049868,0.0
2017-10-21 06:45:00+02:00,0.04272,0.0,0.05005,0.0
2017-10-21 06:46:00+02:00,0.04249,0.0,0.050258,0.0
2017-10-21 06:47:00+02:00,0.04195,0.0,0.050414,0.0
2017-10-21 06:48:00+02:00,0.04267,0.0,0.050622,0.0
2017-10-21 06:49:00+02:00,0.04427,0.0,0.050778,0.0
2017-10-21 06:50:00+02:00,0.04612,0.0,0.050986,0.0
2017-10-21 06:51:00+02:00,0.04534,0.0,0.051168,0.0
2017-10-21 06:52:00+02:00,0.04661,0.0,0.05135,0.0
2017-10-21 06:53:00+02:00,0.04435,0.0,0.051558,0.0
2017-10-21 06:54:00+02:00,0.04669,0.0,0.05174,0.0
2017-10-21 06:55:00+02:00,0.04451,0.0,0.051922,0.0
2017-10-21 06:56:00+02:00,0.04556,0.0,0.052104,0.0
2017-10-21 06:57:00+02:00,0.04688,0.0,0.052286,0.0
2017-10-21 06:58:00+02:00,0.04562,0.0,0.052494,0.0
2017-10-21 06:59:00+02:00,0.04591,0.0,0.05265,0.0
2017-10-21 07:00:00+02:00,0.04479,0.0,0.052858,0.0
2017-10-21 07:01:00+02:00,0.04772,0.0,0.05304,0.0
2017-10-21 07:02:00+02:00,0.04854,0.0,0.05304,0.0
2017-10-21 07:03:00+02:00,0.04857,0.0,0.05304,0.0
2017-10-21 07:04:00+02:00,0.04413,0.0,0.05304,0.0
2017-10-21 07:05:00+02:00,0.04777,0.0,0.05304,0.0
2017-10-21 07:06:00+02:00,0.04456,0.0,0.05304,0.0
2017-10-21 07:07:00+02:00,0.04438,0.0,0.05304,0.0
2017-10-21 07:08:00+02:00,0.0455,0.0,0.05304,0.0
2017-10-21 07:09:00+02:00,0.04769,0.0,0.05304,0.0
2017-10-21 07:10:00+02:00,0.04951,0.0,0.05304,0.0
2017-10-21 07:11:00+02:00,0.04523,0.0,0.05304,0.0
2017-10-21 07:12:00+02:00,0.0454,0.0,0.05304,0.0
2017-10-21 07:13:00+02:00,0.04609,0.0,0.05304,0.0
2017-10-21 07:14:00+02:00,0.04731,0.0,0.05304,0.0
2017-10-21 07:15:00+02:00,0.0516,0.0,0.05304,0.0
2017-10-21 07:16:00+02:00,0.05216,0.0,0.05304,0.0
2017-10-21 07:17:00+02:00,0.05238,0.0,0.05304,0.0
2017-10-21 07:18:00+02:00,0.04977,0.0,0.05304,0.0
2017-10-21 07:19:00+02:00,0.05513,0.0,0.05304,0.0
2017-10-21 07:20:00+02:00,0.05292,0.0,0.05304,0.0
2017-10-21 07:21:00+02:00,0.0516,0.0,0.05304,0.0
2017-10-21 07:22:00+02:00,0.04883,0.0,0.05304,0.0
2017-10-21 07:23:00+02:00,0.04824,0.0,0.05304,0.0
2017-10-21 07:24:00+02:00,0.05021,0.0,0.05304,0.0
2017-10-21 07:25:00+02:00,0.05311,0.0,0.05304,0.0
2017-10-21 07:26:00+02:00,0.0522,0.0,0.05304,0.0
2017-10-21 07:27:00+02:00,0.05122,0.0,0.05304,0.0
2017-10-21 07:28:00+02:00,0.04932,0.0,0.05304,0.0
2017-10-21 07:29:00+02:00,0.04707,0.0,0.053014,0.0
2017-10-21 07:30:00+02:00,0.04386,0.0,0.053014,0.0
2017-10-21 07:31:00+02:00,0.04412,0.0,0.053014,0.0
2017-10-21 07:32:00+02:00,0.04918,0.0,0.053014,0.0
2017-10-21 07:33:00+02:00,0.05628,0.0,0.053014,0.0
2017-10-21 07:34:00+02:00,0.05857,0.0,0.053014,0.0
2017-10-21 07:35:00+02:00,0.05872,0.0,0.053014,0.0
2017-10-21 07:36:00+02:00,0.06387,0.0,0.053014,0.0
2017-10-21 07:37:00+02:00,0.063,0.0,0.053014,0.0
2017-10-21 07:38:00+02:00,0.06357,0.0,0.053014,0.0
2017-10-21 07:39:00+02:00,0.05637,0.0,0.053014,0.0
2017-10-21 07:40:00+02:00,0.05221,0.0,0.053014,0.0
2017-10-21 07:41:00+02:00,0.0532,0.0,0.053014,0.0
2017-10-21 07:42:00+02:00,0.05414,0.0,0.053014,0.0
2017-10-21 07:43:00+02:00,0.05727,0.0,0.053014,0.0
2017-10-21 07:44:00+02:00,0.05736,0.0,0.053014,0.0
2017-10-21 07:45:00+02:00,0.06158,0.0,0.053014,0.0
2017-10-21 07:46:00+02:00,0.06408,0.0,0.053014,0.0
2017-10-21 07:47:00+02:00,0.06747,0.0,0.053014,0.0
2017-10-21 07:48:00+02:00,0.06457,0.0,0.053014,0.0
2017-10-21 07:49:00+02:00,0.06419,0.0,0.053014,0.0
2017-10-21 07:50:00+02:00,0.06068,0.0,0.053014,0.0
2017-10-21 07:51:00+02:00,0.05359,0.0,0.053014,0.0
2017-10-21 07:52:00+02:00,0.05095,0.0,0.053014,0.0
2017-10-21 07:53:00+02:00,0.05144,0.0,0.053014,0.0
2017-10-21 07:54:00+02:00,0.04879,0.0,0.053014,0.0
2017-10-21 07:55:00+02:00,0.04788,0.0,0.053014,0.0
2017-10-21 07:56:00+02:00,0.04766,0.0,0.053014,0.0
2017-10-21 07:57:00+02:00,0.04783,0.0,0.053014,0.0
2017-10-21 07:58:00+02:00,0.05419,0.0,0.053014,0.0
2017-10-21 07:59:00+02:00,0.05331,0.0,0.053014,0.0
2017-10-21 08:00:00+02:00,0.05051,0.0,0.053014,0.0
2017-10-21 08:01:00+02:00,0.04957,0.0,0.053014,0.0
2017-10-21 08:02:00+02:00,0.05118,0.0,0.052884,0.0
2017-10-21 08:03:00+02:00,0.05809,0.0,0.052754,0.0
2017-10-21 08:04:00+02:00,0.05864,0.0,0.052624,0.0
2017-10-21 08:05:00+02:00,0.05696,0.0,0.052494,0.0
2017-10-21 08:06:00+02:00,0.0536,0.0,0.052338,0.0
2017-10-21 08:07:00+02:00,0.05358,0.0,0.052182,0.0
2017-10-21 08:08:00+02:00,0.05505,0.0,0.052052,0.0
2017-10-21 08:09:00+02:00,0.05267,0.0,0.051922,0.0
2017-10-21 08:10:00+02:00,0.05788,0.0,0.051766,0.0
2017-10-21 08:11:00+02:00,0.05396,0.0,0.051662,0.0
2017-10-21 08:12:00+02:00,0.0506,0.0,0.05148,0.0
2017-10-21 08:13:00+02:00,0.05021,0.0,0.051376,0.0
2017-10-21 08:14:00+02:00,0.05438,0.000909,0.05122,0.0
2017-10-21 08:15:00+02:00,0.05311,0.003191,0.051116,0.0
2017-10-21 08:16:00+02:00,0.05139,0.014879,0.050986,0.0
2017-10-21 08:17:00+02:00,0.05057,0.019256,0.050804,0.0
2017-10-21 08:18:00+02:00,0.04984,0.02235,0.050674,0.0
2017-10-21 08:19:00+02:00,0.04942,0.026382,0.050518,0.0
2017-10-21 08:20:00+02:00,0.04759,0.029906,0.050414,0.0
2017-10-21 08:21:00+02:00,0.04521,0.035632,0.050258,0.0
2017-10-21 08:22:00+02:00,0.04553,0.039214,0.050154,0.0
2017-10-21 08:23:00+02:00,0.05135,0.039829,0.049972,0.0
2017-10-21 08:24:00+02:00,0.04425,0.036459,0.049842,0.0
2017-10-21 08:25:00+02:00,0.04872,0.04291,0.049712,0.0
2017-10-21 08:26:00+02:00,0.05274,0.042889,0.049582,0.0
2017-10-21 08:27:00+02:00,0.05588,0.046112,0.049426,0.0
2017-10-21 08:28:00+02:00,0.0624,0.039551,0.049296,0.0
2017-10-21 08:29:00+02:00,0.06242,0.035178,0.04914,0.0
2017-10-21 08:30:00+02:00,0.05828,0.035767,0.04901,0.0
2017-10-21 08:31:00+02:00,0.05556,0.038473,0.04888,0.0
2017-10-21 08:32:00+02:00,0.05775,0.041069,0.04875,0.0
2017-10-21 08:33:00+02:00,0.0591,0.044036,0.04862,0.0
2017-10-21 08:34:00+02:00,0.05788,0.04544,0.048464,0.0
2017-10-21 08:35:00+02:00,0.05494,0.045168,0.048334,0.0
2017-10-21 08:36:00+02:00,0.05451,0.045535,0.048178,0.0
2017-10-21 08:37:00+02:00,0.05104,0.046833,0.048048,0.0
2017-10-21 08:38:00+02:00,0.05073,0.047122,0.047918,0.0
2017-10-21 08:39:00+02:00,0.05016,0.048623,0.047788,0.0
2017-10-21 08:40:00+02:00,0.04314,0.047972,0.047606,0.0
2017-10-21 08:41:00+02:00,0.04413,0.045834,0.047502,0.0
2017-10-21 08:42:00+02:00,0.04606,0.043527,0.047346,0.0
2017-10-21 08:43:00+02:00,0.05305,0.041598,0.047242,0.0
2017-10-21 08:44:00+02:00,0.05725,0.042272,0.047086,0.0
2017-10-21 08:45:00+02:00,0.06241,0.043172,0.046982,0.0
2017-10-21 08:46:00+02:00,0.06105,0.043461,0.0468,0.0
2017-10-21 08:47:00+02:00,0.05514,0.044099,0.046644,0.0
2017-10-21 08:48:00+02:00,0.0487,0.045865,0.04654,0.0
2017-10-21 08:49:00+02:00,0.04721,0.047612,0.046384,0.0
2017-10-21 08:50:00+02:00,0.04748,0.047083,0.04628,0.0
2017-10-21 08:51:00+02:00,0.04774,0.049883,0.046098,0.0
2017-10-21 08:52:00+02:00,0.04604,0.050934,0.045994,0.0
2017-10-21 08:53:00+02:00,0.04691,0.05404,0.045838,0.0
2017-10-21 08:54:00+02:00,0.04464,0.056569,0.045708,0.0
2017-10-21 08:55:00+02:00,0.04318,0.059006,0.045578,0.0
2017-10-21 08:56:00+02:00,0.0512,0.059694,0.045422,0.0
2017-10-21 08:57:00+02:00,0.05435,0.061718,0.045266,0.0
2017-10-21 08:58:00+02:00,0.05649,0.061722,0.045136,0.0
2017-10-21 08:59:00+02:00,0.05529,0.063072,0.045032,0.0
2017-10-21 09:00:00+02:00,0.05556,0.062451,0.044876,0.0
2017-10-21 09:01:00+02:00,0.0579,0.062168,0.044746,0.0
2017-10-21 09:02:00+02:00,0.05971,0.060977,0.044668,0.0
2017-10-21 09:03:00+02:00,0.06154,0.059201,0.04459,0.0
2017-10-21 09:04:00+02:00,0.06254,0.058035,0.044512,0.0
2017-10-21 09:05:00+02:00,0.06101,0.057763,0.04446,0.0
2017-10-21 09:06:00+02:00,0.0615,0.056776,0.044382,0.0
2017-10-21 09:07:00+02:00,0.05616,0.055037,0.04433,0.0
2017-10-21 09:08:00+02:00,0.04909,0.056722,0.044226,0.0
2017-10-21 09:09:00+02:00,0.04371,0.056318,0.044148,0.0
2017-10-21 09:10:00+02:00,0.04342,0.057564,0.044096,0.0
2017-10-21 09:11:00+02:00,0.04193,0.058709,0.044018,0.0
2017-10-21 09:12:00+02:00,0.04342,0.062496,0.043966,0.0
2017-10-21 09:13:00+02:00,0.04467,0.072102,0.043862,0.0
2017-10-21 09:14:00+02:00,0.04296,0.087998,0.043836,0.0
2017-10-21 09:15:00+02:00,0.04483,0.115789,0.043732,0.0
2017-10-21 09:16:00+02:00,0.04423,0.147368,0.043654,0.0
2017-10-21 09:17:00+02:00,0.04136,0.179298,0.043576,0.0
2017-10-21 09:18:00+02:00,0.04466,0.216946,0.043524,0.0
2017-10-21 09:19:00+02:00,0.04499,0.246552,0.043472,0.0
2017-10-21 09:20:00+02:00,0.04485,0.246488,0.043368,0.0
2017-10-21 09:21:00+02:00,0.0479,0.225186,0.043264,0.0
2017-10-21 09:22:00+02:00,0.04912,0.235013,0.043238,0.0
2017-10-21 09:23:00+02:00,0.0495,0.24284,0.04316,0.0
2017-10-21 09:24:00+02:00,0.05676,0.269346,0.043108,0.0
2017-10-21 09:25:00+02:00,0.05513,0.310984,0.043004,0.0
2017-10-21 09:26:00+02:00,0.05618,0.281945,0.042952,0.0
2017-10-21 09:27:00+02:00,0.0495,0.264979,0.042874,0.0
2017-10-21 09:28:00+02:00,0.04791,0.241579,0.04277,0.0
2017-10-21 09:29:00+02:00,0.05326,0.233025,0.042744,0.0
2017-10-21 09:30:00+02:00,0.05424,0.232335,0.04264,0.0
2017-10-21 09:31:00+02:00,0.05392,0.225983,0.042588,0.0
2017-10-21 09:32:00+02:00,0.05319,0.205494,0.04251,0.0
2017-10-21 09:33:00+02:00,0.04854,0.190074,0.042432,0.0
2017-10-21 09:34:00+02:00,0.04828,0.169318,0.042354,0.0
2017-10-21 09:35:00+02:00,0.04669,0.155544,0.042302,0.0
2017-10-21 09:36:00+02:00,0.04948,0.149152,0.042224,0.0
2017-10-21 09:37:00+02:00,0.04969,0.140826,0.042146,0.0
2017-10-21 09:38:00+02:00,0.05038,0.13255,0.042068,0.0
2017-10-21 09:39:00+02:00,0.05268,0.133083,0.042016,0.0
2017-10-21 09:40:00+02:00,0.05651,0.137716,0.041964,0.0
2017-10-21 09:41:00+02:00,0.05033,0.139847,0.04186,0.0
2017-10-21 09:42:00+02:00,0.04776,0.143058,0.041782,0.0
2017-10-21 09:43:00+02:00,0.05399,0.146527,0.04173,0.0
2017-10-21 09:44:00+02:00,0.05661,0.152999,0.041626,0.0
2017-10-21 09:45:00+02:00,0.05319,0.159695,0.0416,0.0
2017-10-21 09:46:00+02:00,0.05211,0.170382,0.041496,0.0
2017-10-21 09:47:00+02:00,0.06159,0.178407,0.04147,0.0
2017-10-21 09:48:00+02:00,0.07036,0.18204,0.041366,0.0
2017-10-21 09:49:00+02:00,0.0613,0.184721,0.041262,0.0
2017-10-21 09:50:00+02:00,0.0558,0.185744,0.041236,0.0
2017-10-21 09:51:00+02:00,0.06066,0.189636,0.041132,0.0
2017-10-21 09:52:00+02:00,0.06105,0.193185,0.04108,0.0
2017-10-21 09:53:00+02:00,0.05642,0.195155,0.041002,0.0
2017-10-21 09:54:00+02:00,0.06239,0.197608,0.040924,0.0
2017-10-21 09:55:00+02:00,0.06691,0.203451,0.040846,0.0
2017-10-21 09:56:00+02:00,0.06465,0.212049,0.040794,0.0
2017-10-21 09:57:00+02:00,0.06585,0.21889,0.040716,0.0
2017-10-21 09:58:00+02:00,0.06627,0.221812,0.040638,0.0
2017-10-21 09:59:00+02:00,0.06218,0.222938,0.04056,0.0
2017-10-21 10:00:00+02:00,0.06381,0.22402,0.040508,0.011
2017-10-21 10:01:00+02:00,0.06287,0.227498,0.040456,0.011
2017-10-21 10:02:00+02:00,0.06315,0.227698,0.040352,0.011
2017-10-21 10:03:00+02:00,0.05119,0.224259,0.040326,0.011
2017-10-21 10:04:00+02:00,0.05265,0.219466,0.040222,0.011
2017-10-21 10:05:00+02:00,0.05178,0.215396,0.040196,0.011
2017-10-21 10:06:00+02:00,0.05175,0.212,0.040118,0.011
2017-10-21 10:07:00+02:00,0.05621,0.209324,0.040066,0.011
2017-10-21 10:08:00+02:00,0.05416,0.207407,0.039988,0.011
2017-10-21 10:09:00+02:00,0.05135,0.205535,0.039962,0.011
2017-10-21 10:10:00+02:00,0.04968,0.205842,0.039858,0.011
2017-10-21 10:11:00+02:00,0.05223,0.203589,0.039806,0.011
2017-10-21 10:12:00+02:00,0.05428,0.202212,0.039754,0.011
2017-10-21 10:13:00+02:00,0.05347,0.201345,0.039702,0.011
2017-10-21 10:14:00+02:00,0.05422,0.200547,0.039598,0.011
2017-10-21 10:15:00+02:00,0.0524,0.198626,0.039572,0.011
2017-10-21 10:16:00+02:00,0.05225,0.195824,0.039494,0.011
2017-10-21 10:17:00+02:00,0.05261,0.192039,0.039416,0.011
2017-10-21 10:18:00+02:00,0.05258,0.186574,0.039364,0.011
2017-10-21 10:19:00+02:00,0.05291,0.1819,0.039312,0.011
2017-10-21 10:20:00+02:00,0.05718,0.17869,0.039234,0.011
2017-10-21 10:21:00+02:00,0.05419,0.175437,0.039156,0.011
2017-10-21 10:22:00+02:00,0.05129,0.172121,0.03913,0.011
2017-10-21 10:23:00+02:00,0.05166,0.169882,0.039052,0.011
2017-10-21 10:24:00+02:00,0.05237,0.168545,0.038974,0.011
2017-10-21 10:25:00+02:00,0.04844,0.167177,0.038922,0.011
2017-10-21 10:26:00+02:00,0.04684,0.166294,0.03887,0.011
2017-10-21 10:27:00+02:00,0.04432,0.161297,0.038792,0.011
2017-10-21 10:28:00+02:00,0.04863,0.160038,0.038714,0.011
2017-10-21 10:29:00+02:00,0.04601,0.158649,0.038688,0.011
2017-10-21 10:30:00+02:00,0.05518,0.157415,0.038584,0.033
2017-10-21 10:31:00+02:00,0.04873,0.157383,0.038558,0.033
2017-10-21 10:32:00+02:00,0.04969,0.154927,0.038454,0.033
2017-10-21 10:33:00+02:00,0.04748,0.153792,0.038428,0.033
2017-10-21 10:34:00+02:00,0.05631,0.154087,0.03835,0.033
2017-10-21 10:35:00+02:00,0.05245,0.153065,0.038272,0.033
2017-10-21 10:36:00+02:00,0.05004,0.150504,0.03822,0.033
2017-10-21 10:37:00+02:00,0.04883,0.148076,0.038168,0.033
2017-10-21 10:38:00+02:00,0.0502,0.145901,0.03809,0.033
2017-10-21 10:39:00+02:00,0.04958,0.144869,0.038012,0.033
2017-10-21 10:40:00+02:00,0.0546,0.145145,0.037986,0.033
2017-10-21 10:41:00+02:00,0.05575,0.14435,0.037882,0.033
2017-10-21 10:42:00+02:00,0.0502,0.144746,0.03783,0.033
2017-10-21 10:43:00+02:00,0.0496,0.146413,0.037778,0.033
2017-10-21 10:44:00+02:00,0.04861,0.145931,0.037726,0.033
2017-10-21 10:45:00+02:00,0.04807,0.145226,0.037622,0.033
2017-10-21 10:46:00+02:00,0.05005,0.145927,0.037596,0.033
2017-10-21 10:47:00+02:00,0.05373,0.146147,0.037518,0.033
2017-10-21 10:48:00+02:00,0.05102,0.146987,0.037466,0.033
2017-10-21 10:49:00+02:00,0.05374,0.147148,0.037388,0.033
2017-10-21 10:50:00+02:00,0.06181,0.14711,0.037362,0.033
2017-10-21 10:51:00+02:00,0.0634,0.145131,0.037258,0.033
2017-10-21 10:52:00+02:00,0.06283,0.143595,0.037232,0.033
2017-10-21 10:53:00+02:00,0.06495,0.142752,0.037128,0.033
2017-10-21 10:54:00+02:00,0.06203,0.142363,0.037076,0.033
2017-10-21 10:55:00+02:00,0.0588,0.142701,0.037024,0.033
2017-10-21 10:56:00+02:00,0.04643,0.143226,0.036946,0.033
2017-10-21 10:57:00+02:00,0.04316,0.144309,0.036894,0.033
2017-10-21 10:58:00+02:00,0.04332,0.144397,0.036842,0.033
2017-10-21 10:59:00+02:00,0.04117,0.145677,0.036764,0.03226
2017-10-21 11:00:00+02:00,0.04007,0.147861,0.036686,0.022
2017-10-21 11:01:00+02:00,0.04117,0.148935,0.03666,0.022
2017-10-21 11:02:00+02:00,0.04275,0.151734,0.036582,0.022
2017-10-21 11:03:00+02:00,0.04183,0.154549,0.036504,0.022
2017-10-21 11:04:00+02:00,0.04078,0.156064,0.036478,0.022
2017-10-21 11:05:00+02:00,0.04285,0.156599,0.036426,0.022
2017-10-21 11:06:00+02:00,0.0438,0.157823,0.036348,0.022
2017-10-21 11:07:00+02:00,0.03996,0.158397,0.036322,0.022
2017-10-21 11:08:00+02:00,0.03973,0.161,0.036218,0.022
2017-10-21 11:09:00+02:00,0.0383,0.163688,0.036192,0.022
2017-10-21 11:10:00+02:00,0.04054,0.163808,0.036114,0.022
2017-10-21 11:11:00+02:00,0.03858,0.161561,0.036062,0.022
2017-10-21 11:12:00+02:00,0.03667,0.162009,0.035984,0.022
2017-10-21 11:13:00+02:00,0.03602,0.161102,0.035958,0.022
2017-10-21 11:14:00+02:00,0.03522,0.160109,0.035854,0.022
2017-10-21 11:15:00+02:00,0.03442,0.159429,0.035828,0.044
2017-10-21 11:16:00+02:00,0.03659,0.159825,0.035724,0.044
2017-10-21 11:17:00+02:00,0.03991,0.160433,0.035724,0.044
2017-10-21 11:18:00+02:00,0.04062,0.159601,0.03562,0.044
2017-10-21 11:19:00+02:00,0.03988,0.158633,0.035542,0.044
2017-10-21 11:20:00+02:00,0.03937,0.157808,0.035516,0.044
2017-10-21 11:21:00+02:00,0.04099,0.159036,0.035438,0.043593
2017-10-21 11:22:00+02:00,0.04245,0.160125,0.03536,0.033
2017-10-21 11:23:00+02:00,0.03896,0.158846,0.035334,0.033
2017-10-21 11:24:00+02:00,0.04109,0.15856,0.035256,0.033
2017-10-21 11:25:00+02:00,0.04454,0.160253,0.035178,0.033
2017-10-21 11:26:00+02:00,0.0469,0.160378,0.035152,0.033
2017-10-21 11:27:00+02:00,0.04077,0.162471,0.035074,0.033
2017-10-21 11:28:00+02:00,0.03929,0.162663,0.035022,0.033
2017-10-21 11:29:00+02:00,0.03704,0.162499,0.03497,0.033
2017-10-21 11:30:00+02:00,0.03833,0.161777,0.034918,0.022
2017-10-21 11:31:00+02:00,0.0369,0.160732,0.03484,0.022
2017-10-21 11:32:00+02:00,0.0357,0.15895,0.034814,0.022
2017-10-21 11:33:00+02:00,0.03837,0.157187,0.03471,0.022
2017-10-21 11:34:00+02:00,0.04119,0.155005,0.034684,0.022
2017-10-21 11:35:00+02:00,0.0401,0.155781,0.034606,0.022
2017-10-21 11:36:00+02:00,0.03653,0.158488,0.034554,0.022
2017-10-21 11:37:00+02:00,0.03728,0.162022,0.034476,0.022
2017-10-21 11:38:00+02:00,0.04037,0.16378,0.03445,0.022
2017-10-21 11:39:00+02:00,0.04014,0.162616,0.034372,0.022
2017-10-21 11:40:00+02:00,0.03768,0.150408,0.03432,0.022
2017-10-21 11:41:00+02:00,0.03952,0.122803,0.034216,0.014007
2017-10-21 11:42:00+02:00,0.03749,0.162388,0.034216,0.011
2017-10-21 11:43:00+02:00,0.03952,0.161428,0.034112,0.011
2017-10-21 11:44:00+02:00,0.04058,0.158671,0.03406,0.011
2017-10-21 11:45:00+02:00,0.03762,0.158558,0.034008,0.01694
2017-10-21 11:46:00+02:00,0.03745,0.16059,0.033956,0.011
2017-10-21 11:47:00+02:00,0.03776,0.162768,0.033852,0.011
2017-10-21 11:48:00+02:00,0.03788,0.163209,0.033852,0.011
2017-10-21 11:49:00+02:00,0.03885,0.164342,0.033748,0.011
2017-10-21 11:50:00+02:00,0.04144,0.166364,0.033722,0.011
2017-10-21 11:51:00+02:00,0.0402,0.171213,0.033644,0.011
2017-10-21 11:52:00+02:00,0.03776,0.176984,0.033592,0.011
2017-10-21 11:53:00+02:00,0.03841,0.180513,0.03354,0.011
2017-10-21 11:54:00+02:00,0.03947,0.180197,0.033488,0.011
2017-10-21 11:55:00+02:00,0.04116,0.175799,0.03341,0.011
2017-10-21 11:56:00+02:00,0.03898,0.173219,0.033358,0.011
2017-10-21 11:57:00+02:00,0.04171,0.172375,0.033306,0.011
2017-10-21 11:58:00+02:00,0.04457,0.172506,0.033228,0.011
2017-10-21 11:59:00+02:00,0.04345,0.1729,0.033176,0.011
2017-10-21 12:00:00+02:00,0.04199,0.177489,0.033098,0.044
2017-10-21 12:01:00+02:00,0.04411,0.183877,0.033072,0.044
2017-10-21 12:02:00+02:00,0.0444,0.189384,0.032994,0.044
2017-10-21 12:03:00+02:00,0.04267,0.196077,0.032968,0.044
2017-10-21 12:04:00+02:00,0.04271,0.199488,0.032968,0.044
2017-10-21 12:05:00+02:00,0.04156,0.203182,0.032916,0.044
2017-10-21 12:06:00+02:00,0.04331,0.203271,0.03289,0.044
2017-10-21 12:07:00+02:00,0.04678,0.203452,0.032864,0.044
2017-10-21 12:08:00+02:00,0.04801,0.201656,0.032812,0.044
2017-10-21 12:09:00+02:00,0.04759,0.2024,0.032812,0.044
2017-10-21 12:10:00+02:00,0.04347,0.203003,0.032786,0.044
2017-10-21 12:11:00+02:00,0.04395,0.2038,0.032708,0.044
2017-10-21 12:12:00+02:00,0.04337,0.204269,0.032708,0.044
2017-10-21 12:13:00+02:00,0.04406,0.204573,0.032708,0.044
2017-10-21 12:14:00+02:00,0.04809,0.204146,0.032656,0.044
2017-10-21 12:15:00+02:00,0.05039,0.204865,0.032604,0.077
2017-10-21 12:16:00+02:00,0.04956,0.206253,0.032604,0.070927
2017-10-21 12:17:00+02:00,0.04842,0.20844,0.032552,0.066
2017-10-21 12:18:00+02:00,0.04427,0.210706,0.032552,0.066
2017-10-21 12:19:00+02:00,0.04484,0.213556,0.0325,0.0581
2017-10-21 12:20:00+02:00,0.05001,0.216383,0.032448,0.055
2017-10-21 12:21:00+02:00,0.04989,0.221336,0.032448,0.055
2017-10-21 12:22:00+02:00,0.04677,0.226651,0.032396,0.055
2017-10-21 12:23:00+02:00,0.04983,0.227998,0.032344,0.055
2017-10-21 12:24:00+02:00,0.05482,0.227844,0.032344,0.055
2017-10-21 12:25:00+02:00,0.05634,0.226609,0.032318,0.055
2017-10-21 12:26:00+02:00,0.05935,0.222493,0.032266,0.055
2017-10-21 12:27:00+02:00,0.05763,0.219574,0.03224,0.051513
2017-10-21 12:28:00+02:00,0.05913,0.217542,0.032214,0.044
2017-10-21 12:29:00+02:00,0.05792,0.214716,0.032188,0.044
2017-10-21 12:30:00+02:00,0.05858,0.212335,0.032162,0.055
2017-10-21 12:31:00+02:00,0.0581,0.21345,0.03211,0.055
2017-10-21 12:32:00+02:00,0.06085,0.214848,0.032084,0.04562
2017-10-21 12:33:00+02:00,0.06347,0.220366,0.032084,0.044
2017-10-21 12:34:00+02:00,0.06414,0.223987,0.032032,0.043393
2017-10-21 12:35:00+02:00,0.06617,0.227319,0.03198,0.033
2017-10-21 12:36:00+02:00,0.06502,0.229337,0.03198,0.033
2017-10-21 12:37:00+02:00,0.0617,0.233186,0.031954,0.028287
2017-10-21 12:38:00+02:00,0.05564,0.237822,0.031902,0.022
2017-10-21 12:39:00+02:00,0.05314,0.23642,0.031876,0.022
2017-10-21 12:40:00+02:00,0.05197,0.234241,0.03185,0.022
2017-10-21 12:41:00+02:00,0.05522,0.235014,0.031798,0.022
2017-10-21 12:42:00+02:00,0.05685,0.235562,0.031772,0.022
2017-10-21 12:43:00+02:00,0.06195,0.235829,0.031746,0.022
2017-10-21 12:44:00+02:00,0.06353,0.233,0.03172,0.022
2017-10-21 12:45:00+02:00,0.06169,0.226047,0.031668,0.055
2017-10-21 12:46:00+02:00,0.06037,0.221918,0.031668,0.055
2017-10-21 12:47:00+02:00,0.06263,0.221086,0.031616,0.055
2017-10-21 12:48:00+02:00,0.05983,0.22272,0.03159,0.055
2017-10-21 12:49:00+02:00,0.05685,0.224506,0.031564,0.055
2017-10-21 12:50:00+02:00,0.0581,0.228626,0.031564,0.055
2017-10-21 12:51:00+02:00,0.05541,0.233249,0.031486,0.055
2017-10-21 12:52:00+02:00,0.05404,0.229931,0.031486,0.04408
2017-10-21 12:53:00+02:00,0.05013,0.220945,0.03146,0.044
2017-10-21 12:54:00+02:00,0.04555,0.208544,0.031408,0.044
2017-10-21 12:55:00+02:00,0.04236,0.20287,0.031382,0.044
2017-10-21 12:56:00+02:00,0.04108,0.20633,0.031382,0.044
2017-10-21 12:57:00+02:00,0.03711,0.212628,0.031304,0.044
2017-10-21 12:58:00+02:00,0.04082,0.219426,0.031304,0.044
2017-10-21 12:59:00+02:00,0.04553,0.226216,0.031278,0.044
2017-10-21 13:00:00+02:00,0.04379,0.227628,0.0312,0.044
2017-10-21 13:01:00+02:00,0.04185,0.223183,0.0312,0.044
2017-10-21 13:02:00+02:00,0.04208,0.222106,0.0312,0.044
2017-10-21 13:03:00+02:00,0.04338,0.22083,0.031148,0.044
2017-10-21 13:04:00+02:00,0.04173,0.216592,0.031122,0.044
2017-10-21 13:05:00+02:00,0.04343,0.213437,0.031122,0.044
2017-10-21 13:06:00+02:00,0.04419,0.212747,0.031096,0.044
2017-10-21 13:07:00+02:00,0.04594,0.214319,0.031096,0.044
2017-10-21 13:08:00+02:00,0.04736,0.214448,0.031044,0.044
2017-10-21 13:09:00+02:00,0.04935,0.214271,0.031044,0.044
2017-10-21 13:10:00+02:00,0.04781,0.210347,0.031044,0.044
2017-10-21 13:11:00+02:00,0.05051,0.204176,0.031018,0.03964
2017-10-21 13:12:00+02:00,0.05222,0.198527,0.030966,0.033
2017-10-21 13:13:00+02:00,0.05241,0.196353,0.03094,0.033
2017-10-21 13:14:00+02:00,0.0516,0.198481,0.03094,0.033
2017-10-21 13:15:00+02:00,0.05064,0.201151,0.03094,0.044
2017-10-21 13:16:00+02:00,0.0503,0.202546,0.030914,0.044
2017-10-21 13:17:00+02:00,0.05339,0.203458,0.030888,0.044
2017-10-21 13:18:00+02:00,0.05129,0.204542,0.030836,0.044
2017-10-21 13:19:00+02:00,0.04679,0.201579,0.030836,0.044
2017-10-21 13:20:00+02:00,0.04158,0.195298,0.030836,0.033
2017-10-21 13:21:00+02:00,0.04312,0.187519,0.03081,0.033
2017-10-21 13:22:00+02:00,0.04724,0.182523,0.03081,0.033
2017-10-21 13:23:00+02:00,0.04749,0.179787,0.030784,0.033
2017-10-21 13:24:00+02:00,0.04628,0.179739,0.030732,0.033
2017-10-21 13:25:00+02:00,0.04618,0.182893,0.030706,0.033
2017-10-21 13:26:00+02:00,0.04839,0.185456,0.030706,0.033
2017-10-21 13:27:00+02:00,0.04662,0.188147,0.03068,0.033
2017-10-21 13:28:00+02:00,0.05031,0.191528,0.03068,0.033
2017-10-21 13:29:00+02:00,0.04654,0.192399,0.03068,0.033
2017-10-21 13:30:00+02:00,0.05532,0.193964,0.030602,0.044
2017-10-21 13:31:00+02:00,0.05746,0.188237,0.030602,0.044
2017-10-21 13:32:00+02:00,0.0667,0.17998,0.030576,0.044
2017-10-21 13:33:00+02:00,0.05239,0.171142,0.030576,0.044
2017-10-21 13:34:00+02:00,0.05601,0.16385,0.03055,0.044
2017-10-21 13:35:00+02:00,0.05002,0.16173,0.03055,0.044
2017-10-21 13:36:00+02:00,0.05239,0.158055,0.030498,0.044
2017-10-21 13:37:00+02:00,0.05144,0.155071,0.030472,0.044
2017-10-21 13:38:00+02:00,0.04922,0.152967,0.030472,0.044
2017-10-21 13:39:00+02:00,0.04299,0.15234,0.030446,0.044
2017-10-21 13:40:00+02:00,0.04074,0.149997,0.030446,0.044
2017-10-21 13:41:00+02:00,0.0489,0.151781,0.030446,0.044
2017-10-21 13:42:00+02:00,0.0489,0.15196,0.030394,0.044
2017-10-21 13:43:00+02:00,0.05066,0.155167,0.030342,0.044
2017-10-21 13:44:00+02:00,0.04806,0.15781,0.030342,0.044
2017-10-21 13:45:00+02:00,0.04582,0.163089,0.030342,0.044
2017-10-21 13:46:00+02:00,0.04743,0.168996,0.030342,0.044
2017-10-21 13:47:00+02:00,0.04565,0.17826,0.030316,0.044
2017-10-21 13:48:00+02:00,0.04189,0.186924,0.030264,0.043753
2017-10-21 13:49:00+02:00,0.0434,0.198631,0.030238,0.02308
2017-10-21 13:50:00+02:00,0.05116,0.211846,0.030238,0.022
2017-10-21 13:51:00+02:00,0.04498,0.225755,0.030212,0.022
2017-10-21 13:52:00+02:00,0.04923,0.237404,0.030186,0.022
2017-10-21 13:53:00+02:00,0.0455,0.248712,0.03016,0.022
2017-10-21 13:54:00+02:00,0.04379,0.256765,0.03016,0.022
2017-10-21 13:55:00+02:00,0.04167,0.261205,0.030134,0.022
2017-10-21 13:56:00+02:00,0.04492,0.262476,0.030108,0.022
2017-10-21 13:57:00+02:00,0.04164,0.257715,0.030082,0.022
2017-10-21 13:58:00+02:00,0.04206,0.24671,0.030082,0.022
2017-10-21 13:59:00+02:00,0.04211,0.236763,0.030056,0.022
2017-10-21 14:00:00+02:00,0.04664,0.232585,0.030056,0.055
2017-10-21 14:01:00+02:00,0.04672,0.232126,0.030004,0.055
2017-10-21 14:02:00+02:00,0.04527,0.228822,0.030004,0.055
2017-10-21 14:03:00+02:00,0.04988,0.22076,0.029978,0.055
2017-10-21 14:04:00+02:00,0.04957,0.211637,0.029978,0.055
2017-10-21 14:05:00+02:00,0.0524,0.20988,0.029978,0.055
2017-10-21 14:06:00+02:00,0.04716,0.216465,0.029978,0.055
2017-10-21 14:07:00+02:00,0.04834,0.226263,0.029978,0.055
2017-10-21 14:08:00+02:00,0.05109,0.230087,0.029978,0.055
2017-10-21 14:09:00+02:00,0.04726,0.232461,0.029978,0.055
2017-10-21 14:10:00+02:00,0.04988,0.232215,0.029978,0.055
2017-10-21 14:11:00+02:00,0.04696,0.23206,0.029978,0.055
2017-10-21 14:12:00+02:00,0.04432,0.234321,0.029978,0.055
2017-10-21 14:13:00+02:00,0.05073,0.238959,0.029978,0.055
2017-10-21 14:14:00+02:00,0.05228,0.238467,0.029978,0.055
2017-10-21 14:15:00+02:00,0.05021,0.234785,0.029978,0.066
2017-10-21 14:16:00+02:00,0.04716,0.229692,0.029978,0.066
2017-10-21 14:17:00+02:00,0.04696,0.219361,0.029978,0.066
2017-10-21 14:18:00+02:00,0.04779,0.208119,0.029978,0.066
2017-10-21 14:19:00+02:00,0.04242,0.197127,0.029978,0.066
2017-10-21 14:20:00+02:00,0.04195,0.191451,0.029952,0.066
2017-10-21 14:21:00+02:00,0.04782,0.189818,0.029926,0.066
2017-10-21 14:22:00+02:00,0.04685,0.189879,0.0299,0.066
2017-10-21 14:23:00+02:00,0.04444,0.191554,0.0299,0.066
2017-10-21 14:24:00+02:00,0.04406,0.191712,0.0299,0.066
2017-10-21 14:25:00+02:00,0.04395,0.191,0.0299,0.066
2017-10-21 14:26:00+02:00,0.04096,0.187577,0.0299,0.066
2017-10-21 14:27:00+02:00,0.04134,0.185609,0.0299,0.066
2017-10-21 14:28:00+02:00,0.04392,0.18493,0.0299,0.066
2017-10-21 14:29:00+02:00,0.04361,0.185617,0.0299,0.066
2017-10-21 14:30:00+02:00,0.04334,0.187368,0.0299,0.077
2017-10-21 14:31:00+02:00,0.04329,0.189174,0.0299,0.0715
2017-10-21 14:32:00+02:00,0.04362,0.187229,0.0299,0.066
2017-10-21 14:33:00+02:00,0.04754,0.182094,0.029874,0.06358
2017-10-21 14:34:00+02:00,0.04509,0.179156,0.029874,0.055
2017-10-21 14:35:00+02:00,0.04824,0.17199,0.029874,0.04768
2017-10-21 14:36:00+02:00,0.04584,0.162724,0.029874,0.044
2017-10-21 14:37:00+02:00,0.04674,0.153185,0.029874,0.044
2017-10-21 14:38:00+02:00,0.04635,0.145717,0.029874,0.044
2017-10-21 14:39:00+02:00,0.04943,0.136726,0.029874,0.044
2017-10-21 14:40:00+02:00,0.05022,0.131828,0.029874,0.040793
2017-10-21 14:41:00+02:00,0.06076,0.126798,0.029874,0.033
2017-10-21 14:42:00+02:00,0.05963,0.120661,0.029874,0.033
2017-10-21 14:43:00+02:00,0.04619,0.117581,0.029848,0.033
2017-10-21 14:44:00+02:00,0.04771,0.115306,0.029822,0.033
2017-10-21 14:45:00+02:00,0.0533,0.113303,0.029822,0.055
2017-10-21 14:46:00+02:00,0.04896,0.109823,0.029822,0.055
2017-10-21 14:47:00+02:00,0.04722,0.104548,0.029822,0.055
2017-10-21 14:48:00+02:00,0.04784,0.100788,0.029796,0.048113
2017-10-21 14:49:00+02:00,0.04947,0.098305,0.029796,0.044
2017-10-21 14:50:00+02:00,0.04971,0.100535,0.029796,0.044
2017-10-21 14:51:00+02:00,0.04934,0.106936,0.029796,0.044
2017-10-21 14:52:00+02:00,0.04731,0.114189,0.029796,0.044
2017-10-21 14:53:00+02:00,0.05942,0.121715,0.029796,0.044
2017-10-21 14:54:00+02:00,0.06131,0.131898,0.029796,0.044
2017-10-21 14:55:00+02:00,0.05418,0.143675,0.029796,0.044
2017-10-21 14:56:00+02:00,0.05379,0.15144,0.029796,0.044
2017-10-21 14:57:00+02:00,0.05258,0.156533,0.029796,0.044
2017-10-21 14:58:00+02:00,0.05431,0.158521,0.029796,0.044
2017-10-21 14:59:00+02:00,0.05733,0.158839,0.029796,0.044
2017-10-21 15:00:00+02:00,0.05702,0.157634,0.029796,0.055
2017-10-21 15:01:00+02:00,0.05949,0.154621,0.029796,0.055
2017-10-21 15:02:00+02:00,0.05754,0.154329,0.029796,0.055
2017-10-21 15:03:00+02:00,0.05755,0.152705,0.029796,0.055
2017-10-21 15:04:00+02:00,0.06547,0.154045,0.029796,0.055
2017-10-21 15:05:00+02:00,0.06339,0.157628,0.029822,0.04774
2017-10-21 15:06:00+02:00,0.05876,0.168655,0.029848,0.044
2017-10-21 15:07:00+02:00,0.05744,0.181416,0.029874,0.044
2017-10-21 15:08:00+02:00,0.05687,0.190356,0.029874,0.044
2017-10-21 15:09:00+02:00,0.05807,0.195151,0.0299,0.038613
2017-10-21 15:10:00+02:00,0.05736,0.192753,0.0299,0.033
2017-10-21 15:11:00+02:00,0.05306,0.18608,0.0299,0.033
2017-10-21 15:12:00+02:00,0.0519,0.180879,0.029952,0.033
2017-10-21 15:13:00+02:00,0.05437,0.176147,0.029978,0.033
2017-10-21 15:14:00+02:00,0.05579,0.175742,0.029978,0.033
2017-10-21 15:15:00+02:00,0.05301,0.181234,0.029978,0.077
2017-10-21 15:16:00+02:00,0.05033,0.194534,0.029978,0.077
2017-10-21 15:17:00+02:00,0.05185,0.214413,0.030004,0.077
2017-10-21 15:18:00+02:00,0.05204,0.226302,0.03003,0.077
2017-10-21 15:19:00+02:00,0.0522,0.230114,0.030056,0.077
2017-10-21 15:20:00+02:00,0.05015,0.236509,0.030082,0.077
2017-10-21 15:21:00+02:00,0.05062,0.242202,0.030082,0.077
2017-10-21 15:22:00+02:00,0.05385,0.249902,0.030082,0.077
2017-10-21 15:23:00+02:00,0.04095,0.255618,0.030082,0.077
2017-10-21 15:24:00+02:00,0.04486,0.263434,0.030108,0.077
2017-10-21 15:25:00+02:00,0.04733,0.288463,0.030134,0.077
2017-10-21 15:26:00+02:00,0.04525,0.290884,0.03016,0.074187
2017-10-21 15:27:00+02:00,0.0461,0.343061,0.03016,0.066
2017-10-21 15:28:00+02:00,0.04573,0.302556,0.030186,0.066
2017-10-21 15:29:00+02:00,0.04673,0.276382,0.030186,0.065067
2017-10-21 15:30:00+02:00,0.04421,0.25884,0.030212,0.055
2017-10-21 15:31:00+02:00,0.04129,0.247698,0.030238,0.055
2017-10-21 15:32:00+02:00,0.04718,0.232505,0.030238,0.055
2017-10-21 15:33:00+02:00,0.04587,0.219504,0.030238,0.055
2017-10-21 15:34:00+02:00,0.04313,0.209614,0.030264,0.055
2017-10-21 15:35:00+02:00,0.04346,0.201702,0.03029,0.055
2017-10-21 15:36:00+02:00,0.04691,0.201995,0.030316,0.055
2017-10-21 15:37:00+02:00,0.04596,0.201737,0.030342,0.055
2017-10-21 15:38:00+02:00,0.04125,0.199949,0.030342,0.055
2017-10-21 15:39:00+02:00,0.04382,0.200552,0.030342,0.055
2017-10-21 15:40:00+02:00,0.04573,0.204604,0.030342,0.055
2017-10-21 15:41:00+02:00,0.05276,0.213018,0.030368,0.055
2017-10-21 15:42:00+02:00,0.05321,0.222154,0.030394,0.051247
2017-10-21 15:43:00+02:00,0.04991,0.224966,0.030446,0.044
2017-10-21 15:44:00+02:00,0.0513,0.226561,0.030446,0.037173
2017-10-21 15:45:00+02:00,0.05034,0.22251,0.030446,0.066
2017-10-21 15:46:00+02:00,0.05111,0.217983,0.030446,0.056313
2017-10-21 15:47:00+02:00,0.05134,0.22106,0.030472,0.055
2017-10-21 15:48:00+02:00,0.05034,0.224039,0.030472,0.055
2017-10-21 15:49:00+02:00,0.04935,0.222893,0.030498,0.055
2017-10-21 15:50:00+02:00,0.04838,0.21404,0.030524,0.055
2017-10-21 15:51:00+02:00,0.045,0.204382,0.03055,0.055
2017-10-21 15:52:00+02:00,0.04911,0.194679,0.03055,0.055
2017-10-21 15:53:00+02:00,0.05207,0.188574,0.030576,0.055
2017-10-21 15:54:00+02:00,0.04741,0.187582,0.030576,0.055
2017-10-21 15:55:00+02:00,0.04482,0.183519,0.030576,0.055
2017-10-21 15:56:00+02:00,0.0494,0.17937,0.030602,0.055
2017-10-21 15:57:00+02:00,0.05186,0.182345,0.030602,0.055
2017-10-21 15:58:00+02:00,0.05375,0.178066,0.030654,0.055
2017-10-21 15:59:00+02:00,0.05254,0.166198,0.03068,0.055
2017-10-21 16:00:00+02:00,0.0504,0.155267,0.03068,0.066
2017-10-21 16:01:00+02:00,0.05362,0.143891,0.03068,0.066
2017-10-21 16:02:00+02:00,0.05791,0.131745,0.030706,0.066
2017-10-21 16:03:00+02:00,0.05985,0.121955,0.030732,0.066
2017-10-21 16:04:00+02:00,0.05169,0.116581,0.03081,0.066
2017-10-21 16:05:00+02:00,0.0499,0.110447,0.030836,0.055
2017-10-21 16:06:00+02:00,0.05036,0.106595,0.030836,0.055
2017-10-21 16:07:00+02:00,0.05356,0.105946,0.030914,0.055
2017-10-21 16:08:00+02:00,0.05461,0.108858,0.03094,0.055
2017-10-21 16:09:00+02:00,0.05593,0.111753,0.03094,0.055
2017-10-21 16:10:00+02:00,0.05101,0.115828,0.030966,0.048173
2017-10-21 16:11:00+02:00,0.05171,0.120691,0.031044,0.044
2017-10-21 16:12:00+02:00,0.05178,0.126805,0.031044,0.044
2017-10-21 16:13:00+02:00,0.04977,0.12935,0.031096,0.044
2017-10-21 16:14:00+02:00,0.05053,0.128093,0.031122,0.044
2017-10-21 16:15:00+02:00,0.04943,0.126595,0.031148,0.066
2017-10-21 16:16:00+02:00,0.04985,0.123916,0.0312,0.066
2017-10-21 16:17:00+02:00,0.04971,0.122722,0.0312,0.066
2017-10-21 16:18:00+02:00,0.0459,0.118326,0.031278,0.066
2017-10-21 16:19:00+02:00,0.04952,0.115091,0.031304,0.066
2017-10-21 16:20:00+02:00,0.05409,0.108581,0.031304,0.066
2017-10-21 16:21:00+02:00,0.05029,0.101296,0.031382,0.066
2017-10-21 16:22:00+02:00,0.04653,0.09638,0.031408,0.061953
2017-10-21 16:23:00+02:00,0.05122,0.088141,0.031408,0.055
2017-10-21 16:24:00+02:00,0.05003,0.081268,0.031486,0.055
2017-10-21 16:25:00+02:00,0.05197,0.070904,0.031486,0.055
2017-10-21 16:26:00+02:00,0.04646,0.063141,0.031538,0.055
2017-10-21 16:27:00+02:00,0.04949,0.056556,0.031564,0.055
2017-10-21 16:28:00+02:00,0.04934,0.053531,0.03159,0.055
2017-10-21 16:29:00+02:00,0.04636,0.051415,0.031616,0.055
2017-10-21 16:30:00+02:00,0.04984,0.050968,0.031668,0.055
2017-10-21 16:31:00+02:00,0.05191,0.052405,0.03172,0.055
2017-10-21 16:32:00+02:00,0.05484,0.052858,0.031746,0.055
2017-10-21 16:33:00+02:00,0.04762,0.053223,0.031772,0.053193
2017-10-21 16:34:00+02:00,0.04601,0.055345,0.031798,0.044
2017-10-21 16:35:00+02:00,0.04555,0.057906,0.03185,0.044
2017-10-21 16:36:00+02:00,0.04158,0.062899,0.03185,0.042167
2017-10-21 16:37:00+02:00,0.04598,0.071397,0.031902,0.033
2017-10-21 16:38:00+02:00,0.04064,0.083131,0.031954,0.033
2017-10-21 16:39:00+02:00,0.03846,0.091104,0.03198,0.033
2017-10-21 16:40:00+02:00,0.03768,0.101125,0.03198,0.033
2017-10-21 16:41:00+02:00,0.03624,0.10632,0.032032,0.033
2017-10-21 16:42:00+02:00,0.0377,0.109601,0.032084,0.033
2017-10-21 16:43:00+02:00,0.03828,0.109223,0.03211,0.033
2017-10-21 16:44:00+02:00,0.04395,0.105421,0.03211,0.033
2017-10-21 16:45:00+02:00,0.04808,0.101521,0.032188,0.044187
2017-10-21 16:46:00+02:00,0.05485,0.093696,0.032214,0.044
2017-10-21 16:47:00+02:00,0.05537,0.089848,0.03224,0.044
2017-10-21 16:48:00+02:00,0.05036,0.08434,0.032266,0.044
2017-10-21 16:49:00+02:00,0.05451,0.080082,0.032318,0.044
2017-10-21 16:50:00+02:00,0.05328,0.076783,0.032344,0.044
2017-10-21 16:51:00+02:00,0.05069,0.072449,0.032344,0.044
2017-10-21 16:52:00+02:00,0.04922,0.06735,0.032448,0.044
2017-10-21 16:53:00+02:00,0.05107,0.063817,0.032448,0.044
2017-10-21 16:54:00+02:00,0.05035,0.059242,0.032448,0.044
2017-10-21 16:55:00+02:00,0.05032,0.056652,0.0325,0.044
2017-10-21 16:56:00+02:00,0.0506,0.054842,0.032552,0.044
2017-10-21 16:57:00+02:00,0.04994,0.054239,0.032578,0.042407
2017-10-21 16:58:00+02:00,0.04915,0.052706,0.032604,0.033
2017-10-21 16:59:00+02:00,0.0455,0.04792,0.032656,0.033
2017-10-21 17:00:00+02:00,0.04368,0.046782,0.032708,0.044
2017-10-21 17:01:00+02:00,0.04132,0.041458,0.032708,0.044
2017-10-21 17:02:00+02:00,0.04455,0.039571,0.03276,0.044
2017-10-21 17:03:00+02:00,0.04666,0.036933,0.032812,0.044
2017-10-21 17:04:00+02:00,0.04615,0.030861,0.032838,0.044
2017-10-21 17:05:00+02:00,0.05128,0.027439,0.032916,0.044
2017-10-21 17:06:00+02:00,0.05737,0.020389,0.032942,0.044
2017-10-21 17:07:00+02:00,0.05296,0.018747,0.032994,0.044
2017-10-21 17:08:00+02:00,0.05371,0.014642,0.033046,0.044
2017-10-21 17:09:00+02:00,0.05092,0.01162,0.033072,0.044
2017-10-21 17:10:00+02:00,0.059,0.009112,0.03315,0.044
2017-10-21 17:11:00+02:00,0.06294,0.009386,0.033176,0.044
2017-10-21 17:12:00+02:00,0.0568,0.007375,0.033254,0.044
2017-10-21 17:13:00+02:00,0.05427,0.00652,0.033306,0.044
2017-10-21 17:14:00+02:00,0.05479,0.007144,0.033332,0.044
2017-10-21 17:15:00+02:00,0.05519,0.007212,0.033384,0.044
2017-10-21 17:16:00+02:00,0.05981,0.00798,0.033436,0.044
2017-10-21 17:17:00+02:00,0.0552,0.007586,0.033488,0.044
2017-10-21 17:18:00+02:00,0.05425,0.005131,0.03354,0.044
2017-10-21 17:19:00+02:00,0.05597,0.004118,0.033566,0.044
2017-10-21 17:20:00+02:00,0.05551,0.00189,0.033618,0.041547
2017-10-21 17:21:00+02:00,0.06196,0.003429,0.03367,0.033
2017-10-21 17:22:00+02:00,0.06042,0.001188,0.033722,0.033
2017-10-21 17:23:00+02:00,0.05989,0.001065,0.033748,0.033
2017-10-21 17:24:00+02:00,0.05779,0.000875,0.033826,0.033
2017-10-21 17:25:00+02:00,0.06105,0.001025,0.033852,0.033
2017-10-21 17:26:00+02:00,0.06677,0.001118,0.03393,0.033
2017-10-21 17:27:00+02:00,0.07491,0.0,0.033956,0.033
2017-10-21 17:28:00+02:00,0.07372,0.0,0.034008,0.033
2017-10-21 17:29:00+02:00,0.06703,0.0,0.03406,0.033
2017-10-21 17:30:00+02:00,0.06762,0.0,0.034112,0.033
2017-10-21 17:31:00+02:00,0.06003,0.0,0.034112,0.033
2017-10-21 17:32:00+02:00,0.06563,0.0,0.034216,0.033
2017-10-21 17:33:00+02:00,0.06468,0.0,0.034216,0.033
2017-10-21 17:34:00+02:00,0.05464,0.0,0.03432,0.033
2017-10-21 17:35:00+02:00,0.04992,0.0,0.03432,0.033
2017-10-21 17:36:00+02:00,0.0478,0.0,0.034372,0.033
2017-10-21 17:37:00+02:00,0.0529,0.0,0.034424,0.033
2017-10-21 17:38:00+02:00,0.05146,0.0,0.034476,0.033
2017-10-21 17:39:00+02:00,0.05007,0.0,0.034554,0.033
2017-10-21 17:40:00+02:00,0.05007,0.0,0.03458,0.033
2017-10-21 17:41:00+02:00,0.05483,0.0,0.034606,0.033
2017-10-21 17:42:00+02:00,0.05742,0.0,0.034684,0.033
2017-10-21 17:43:00+02:00,0.05931,0.0,0.03471,0.033
2017-10-21 17:44:00+02:00,0.05752,0.0,0.034762,0.033
2017-10-21 17:45:00+02:00,0.05299,0.0,0.034814,0.055
2017-10-21 17:46:00+02:00,0.06178,0.0,0.03484,0.055
2017-10-21 17:47:00+02:00,0.05482,0.0,0.034918,0.055
2017-10-21 17:48:00+02:00,0.05564,0.0,0.034944,0.055
2017-10-21 17:49:00+02:00,0.05789,0.0,0.034996,0.055
2017-10-21 17:50:00+02:00,0.05677,0.0,0.035074,0.055
2017-10-21 17:51:00+02:00,0.06147,0.0,0.0351,0.055
2017-10-21 17:52:00+02:00,0.05129,0.0,0.035152,0.055
2017-10-21 17:53:00+02:00,0.05395,0.0,0.035178,0.055
2017-10-21 17:54:00+02:00,0.05236,0.0,0.035256,0.055
2017-10-21 17:55:00+02:00,0.04926,0.0,0.035282,0.055
2017-10-21 17:56:00+02:00,0.04935,0.0,0.03536,0.055
2017-10-21 17:57:00+02:00,0.05531,0.0,0.03536,0.055
2017-10-21 17:58:00+02:00,0.0572,0.0,0.035438,0.055
2017-10-21 17:59:00+02:00,0.05463,0.0,0.035464,0.055
2017-10-21 18:00:00+02:00,0.04959,0.0,0.035542,0.077
2017-10-21 18:01:00+02:00,0.05016,0.0,0.035568,0.077
2017-10-21 18:02:00+02:00,0.05092,0.0,0.03562,0.077
2017-10-21 18:03:00+02:00,0.05226,0.0,0.035672,0.077
2017-10-21 18:04:00+02:00,0.05303,0.0,0.035724,0.077
2017-10-21 18:05:00+02:00,0.04996,0.0,0.03575,0.074807
2017-10-21 18:06:00+02:00,0.05268,0.0,0.035828,0.062333
2017-10-21 18:07:00+02:00,0.05583,0.0,0.035854,0.055
2017-10-21 18:08:00+02:00,0.05444,0.0,0.035932,0.055
2017-10-21 18:09:00+02:00,0.06256,0.0,0.035958,0.055
2017-10-21 18:10:00+02:00,0.06623,0.0,0.035984,0.055
2017-10-21 18:11:00+02:00,0.06471,0.0,0.036088,0.055
2017-10-21 18:12:00+02:00,0.05863,0.0,0.036114,0.055
2017-10-21 18:13:00+02:00,0.05787,0.0,0.036192,0.055
2017-10-21 18:14:00+02:00,0.05659,0.0,0.036218,0.051487
2017-10-21 18:15:00+02:00,0.0556,0.0,0.036244,0.066
2017-10-21 18:16:00+02:00,0.05251,0.0,0.036322,0.066
2017-10-21 18:17:00+02:00,0.06121,0.0,0.036348,0.066
2017-10-21 18:18:00+02:00,0.0619,0.0,0.036426,0.066
2017-10-21 18:19:00+02:00,0.06091,0.0,0.036452,0.066
2017-10-21 18:20:00+02:00,0.05784,0.0,0.036504,0.066
2017-10-21 18:21:00+02:00,0.05607,0.0,0.036582,0.066
2017-10-21 18:22:00+02:00,0.05638,0.0,0.036582,0.066
2017-10-21 18:23:00+02:00,0.05196,0.0,0.03666,0.066
2017-10-21 18:24:00+02:00,0.05533,0.0,0.036686,0.066
2017-10-21 18:25:00+02:00,0.05787,0.0,0.036764,0.066
2017-10-21 18:26:00+02:00,0.05751,0.0,0.03679,0.066
2017-10-21 18:27:00+02:00,0.05566,0.0,0.036842,0.066
2017-10-21 18:28:00+02:00,0.05515,0.0,0.036868,0.06482
2017-10-21 18:29:00+02:00,0.06006,0.0,0.036946,0.047747
2017-10-21 18:30:00+02:00,0.06194,0.0,0.036998,0.055
2017-10-21 18:31:00+02:00,0.06591,0.0,0.03705,0.055
2017-10-21 18:32:00+02:00,0.06259,0.0,0.037102,0.055
2017-10-21 18:33:00+02:00,0.06204,0.0,0.037128,0.055
2017-10-21 18:34:00+02:00,0.06628,0.0,0.03718,0.055
2017-10-21 18:35:00+02:00,0.06634,0.0,0.037232,0.055
2017-10-21 18:36:00+02:00,0.06484,0.0,0.037284,0.055
2017-10-21 18:37:00+02:00,0.07029,0.0,0.037336,0.055
2017-10-21 18:38:00+02:00,0.07099,0.0,0.037388,0.055
2017-10-21 18:39:00+02:00,0.07187,0.0,0.03744,0.055
2017-10-21 18:40:00+02:00,0.07109,0.0,0.037492,0.055
2017-10-21 18:41:00+02:00,0.07529,0.0,0.037544,0.055
2017-10-21 18:42:00+02:00,0.07583,0.0,0.037596,0.055
2017-10-21 18:43:00+02:00,0.07253,0.0,0.037622,0.055
2017-10-21 18:44:00+02:00,0.0681,0.0,0.0377,0.055
2017-10-21 18:45:00+02:00,0.06824,0.0,0.037726,0.078747
2017-10-21 18:46:00+02:00,0.06359,0.0,0.037752,0.077
2017-10-21 18:47:00+02:00,0.07259,0.0,0.03783,0.077
2017-10-21 18:48:00+02:00,0.07338,0.0,0.037882,0.077
2017-10-21 18:49:00+02:00,0.07034,0.0,0.037934,0.077
2017-10-21 18:50:00+02:00,0.07012,0.0,0.037986,0.077
2017-10-21 18:51:00+02:00,0.07383,0.0,0.037986,0.077
2017-10-21 18:52:00+02:00,0.07024,0.0,0.03809,0.077
2017-10-21 18:53:00+02:00,0.06969,0.0,0.03809,0.077
2017-10-21 18:54:00+02:00,0.07444,0.0,0.038194,0.077
2017-10-21 18:55:00+02:00,0.08101,0.0,0.038194,0.077
2017-10-21 18:56:00+02:00,0.08141,0.0,0.038272,0.077
2017-10-21 18:57:00+02:00,0.06549,0.0,0.038324,0.077
2017-10-21 18:58:00+02:00,0.06666,0.0,0.03835,0.077
2017-10-21 18:59:00+02:00,0.0672,0.0,0.038428,0.077
2017-10-21 19:00:00+02:00,0.06565,0.0,0.038454,0.099
2017-10-21 19:01:00+02:00,0.06543,0.0,0.038506,0.099
2017-10-21 19:02:00+02:00,0.06737,0.0,0.038558,0.099
2017-10-21 19:03:00+02:00,0.06697,0.0,0.038584,0.096047
2017-10-21 19:04:00+02:00,0.06692,0.0,0.038636,0.088
2017-10-21 19:05:00+02:00,0.06681,0.0,0.038688,0.088
2017-10-21 19:06:00+02:00,0.06793,0.0,0.03874,0.088
2017-10-21 19:07:00+02:00,0.07375,0.0,0.038792,0.088
2017-10-21 19:08:00+02:00,0.07039,0.0,0.038844,0.083813
2017-10-21 19:09:00+02:00,0.06986,0.0,0.03887,0.077
2017-10-21 19:10:00+02:00,0.06976,0.0,0.038948,0.077
2017-10-21 19:11:00+02:00,0.06834,0.0,0.039,0.077
2017-10-21 19:12:00+02:00,0.06842,0.0,0.039026,0.077
2017-10-21 19:13:00+02:00,0.06927,0.0,0.039078,0.077
2017-10-21 19:14:00+02:00,0.06735,0.0,0.03913,0.077
2017-10-21 19:15:00+02:00,0.0682,0.0,0.039182,0.088
2017-10-21 19:16:00+02:00,0.07618,0.0,0.039234,0.088
2017-10-21 19:17:00+02:00,0.07365,0.0,0.03926,0.088
2017-10-21 19:18:00+02:00,0.0758,0.0,0.039312,0.088
2017-10-21 19:19:00+02:00,0.06914,0.0,0.039364,0.088
2017-10-21 19:20:00+02:00,0.07492,0.0,0.039416,0.08658
2017-10-21 19:21:00+02:00,0.07227,0.0,0.039494,0.077
2017-10-21 19:22:00+02:00,0.07064,0.0,0.039494,0.077
2017-10-21 19:23:00+02:00,0.07446,0.0,0.039598,0.077
2017-10-21 19:24:00+02:00,0.0797,0.0,0.039598,0.077
2017-10-21 19:25:00+02:00,0.08006,0.0,0.03965,0.077
2017-10-21 19:26:00+02:00,0.09007,0.0,0.039702,0.077
2017-10-21 19:27:00+02:00,0.0966,0.0,0.039754,0.077
2017-10-21 19:28:00+02:00,0.09192,0.0,0.039806,0.077
2017-10-21 19:29:00+02:00,0.07877,0.0,0.039858,0.077
2017-10-21 19:30:00+02:00,0.08292,0.0,0.039858,0.088
2017-10-21 19:31:00+02:00,0.07776,0.0,0.039962,0.088
2017-10-21 19:32:00+02:00,0.08182,0.0,0.039962,0.088
2017-10-21 19:33:00+02:00,0.08835,0.0,0.04004,0.088
2017-10-21 19:34:00+02:00,0.09293,0.0,0.040092,0.077727
2017-10-21 19:35:00+02:00,0.09347,0.0,0.040118,0.077
2017-10-21 19:36:00+02:00,0.09217,0.0,0.040196,0.077
2017-10-21 19:37:00+02:00,0.09071,0.0,0.040222,0.077
2017-10-21 19:38:00+02:00,0.0935,0.0,0.040274,0.077
2017-10-21 19:39:00+02:00,0.09297,0.0,0.040326,0.077
2017-10-21 19:40:00+02:00,0.0883,0.0,0.040352,0.077
2017-10-21 19:41:00+02:00,0.08456,0.0,0.040404,0.077
2017-10-21 19:42:00+02:00,0.07841,0.0,0.040456,0.077
2017-10-21 19:43:00+02:00,0.08279,0.0,0.040508,0.066113
2017-10-21 19:44:00+02:00,0.0852,0.0,0.04056,0.066
2017-10-21 19:45:00+02:00,0.07516,0.0,0.040586,0.066
2017-10-21 19:46:00+02:00,0.07655,0.0,0.040638,0.066
2017-10-21 19:47:00+02:00,0.08154,0.0,0.040716,0.066
2017-10-21 19:48:00+02:00,0.08483,0.0,0.040742,0.066
2017-10-21 19:49:00+02:00,0.08701,0.0,0.040794,0.05736
2017-10-21 19:50:00+02:00,0.08492,0.0,0.04082,0.055
2017-10-21 19:51:00+02:00,0.08528,0.0,0.040898,0.050513
2017-10-21 19:52:00+02:00,0.08775,0.0,0.040924,0.044
2017-10-21 19:53:00+02:00,0.0912,0.0,0.041002,0.044
2017-10-21 19:54:00+02:00,0.08346,0.0,0.041002,0.044
2017-10-21 19:55:00+02:00,0.08354,0.0,0.04108,0.044
2017-10-21 19:56:00+02:00,0.0811,0.0,0.041106,0.044
2017-10-21 19:57:00+02:00,0.0732,0.0,0.041184,0.044
2017-10-21 19:58:00+02:00,0.07139,0.0,0.04121,0.044
2017-10-21 19:59:00+02:00,0.06837,0.0,0.041262,0.044
2017-10-21 20:00:00+02:00,0.07429,0.0,0.04134,0.055
2017-10-21 20:01:00+02:00,0.07123,0.0,0.041366,0.055
2017-10-21 20:02:00+02:00,0.07555,0.0,0.041366,0.055
2017-10-21 20:03:00+02:00,0.08345,0.0,0.04134,0.055
2017-10-21 20:04:00+02:00,0.08029,0.0,0.041314,0.049293
2017-10-21 20:05:00+02:00,0.08176,0.0,0.041288,0.044
2017-10-21 20:06:00+02:00,0.09462,0.0,0.041262,0.044
2017-10-21 20:07:00+02:00,0.09231,0.0,0.041262,0.044
2017-10-21 20:08:00+02:00,0.093,0.0,0.041236,0.044
2017-10-21 20:09:00+02:00,0.09006,0.0,0.041236,0.044
2017-10-21 20:10:00+02:00,0.0877,0.0,0.04121,0.036653
2017-10-21 20:11:00+02:00,0.09161,0.0,0.041184,0.033
2017-10-21 20:12:00+02:00,0.0891,0.0,0.041184,0.033
2017-10-21 20:13:00+02:00,0.08465,0.0,0.041158,0.033
2017-10-21 20:14:00+02:00,0.08968,0.0,0.041132,0.033
2017-10-21 20:15:00+02:00,0.09068,0.0,0.041106,0.033
2017-10-21 20:16:00+02:00,0.08238,0.0,0.041106,0.033
2017-10-21 20:17:00+02:00,0.08197,0.0,0.041106,0.033
2017-10-21 20:18:00+02:00,0.09635,0.0,0.04108,0.033
2017-10-21 20:19:00+02:00,0.08277,0.0,0.041054,0.033
2017-10-21 20:20:00+02:00,0.07733,0.0,0.041002,0.033
2017-10-21 20:21:00+02:00,0.08677,0.0,0.041002,0.033
2017-10-21 20:22:00+02:00,0.08632,0.0,0.041002,0.033
2017-10-21 20:23:00+02:00,0.07846,0.0,0.041002,0.033
2017-10-21 20:24:00+02:00,0.07572,0.0,0.041002,0.033
2017-10-21 20:25:00+02:00,0.07318,0.0,0.040924,0.033
2017-10-21 20:26:00+02:00,0.08287,0.0,0.040924,0.033
2017-10-21 20:27:00+02:00,0.08515,0.0,0.040924,0.033
2017-10-21 20:28:00+02:00,0.09067,0.0,0.040898,0.033
2017-10-21 20:29:00+02:00,0.09301,0.0,0.040898,0.033
2017-10-21 20:30:00+02:00,0.09844,0.0,0.040872,0.033
2017-10-21 20:31:00+02:00,0.10475,0.0,0.040846,0.033
2017-10-21 20:32:00+02:00,0.1064,0.0,0.04082,0.033
2017-10-21 20:33:00+02:00,0.10882,0.0,0.04082,0.033
2017-10-21 20:34:00+02:00,0.12256,0.0,0.04082,0.033
2017-10-21 20:35:00+02:00,0.11229,0.0,0.040794,0.033
2017-10-21 20:36:00+02:00,0.11243,0.0,0.040742,0.033
2017-10-21 20:37:00+02:00,0.11623,0.0,0.040742,0.033
2017-10-21 20:38:00+02:00,0.10045,0.0,0.040742,0.033
2017-10-21 20:39:00+02:00,0.09923,0.0,0.040716,0.02432
2017-10-21 20:40:00+02:00,0.09781,0.0,0.040716,0.022
2017-10-21 20:41:00+02:00,0.10081,0.0,0.04069,0.022
2017-10-21 20:42:00+02:00,0.10616,0.0,0.040638,0.022
2017-10-21 20:43:00+02:00,0.10474,0.0,0.040638,0.022
2017-10-21 20:44:00+02:00,0.10456,0.0,0.040638,0.022
2017-10-21 20:45:00+02:00,0.10471,0.0,0.040638,0.022
2017-10-21 20:46:00+02:00,0.10763,0.0,0.040586,0.022
2017-10-21 20:47:00+02:00,0.11472,0.0,0.04056,0.022
2017-10-21 20:48:00+02:00,0.10615,0.0,0.04056,0.022
2017-10-21 20:49:00+02:00,0.10719,0.0,0.04056,0.022
2017-10-21 20:50:00+02:00,0.10237,0.0,0.040534,0.022
2017-10-21 20:51:00+02:00,0.09744,0.0,0.040534,0.022
2017-10-21 20:52:00+02:00,0.1017,0.0,0.040508,0.022
2017-10-21 20:53:00+02:00,0.09639,0.0,0.040456,0.022
2017-10-21 20:54:00+02:00,0.09896,0.0,0.040456,0.022
2017-10-21 20:55:00+02:00,0.09634,0.0,0.040456,0.022
2017-10-21 20:56:00+02:00,0.09581,0.0,0.040456,0.022
2017-10-21 20:57:00+02:00,0.10626,0.0,0.040404,0.022
2017-10-21 20:58:00+02:00,0.10774,0.0,0.040378,0.015187
2017-10-21 20:59:00+02:00,0.09889,0.0,0.040378,0.011
2017-10-21 21:00:00+02:00,0.09655,0.0,0.040352,0.022
2017-10-21 21:01:00+02:00,0.08792,0.0,0.040352,0.022
2017-10-21 21:02:00+02:00,0.08832,0.0,0.040274,0.022
2017-10-21 21:03:00+02:00,0.09717,0.0,0.040196,0.022
2017-10-21 21:04:00+02:00,0.10228,0.0,0.040118,0.022
2017-10-21 21:05:00+02:00,0.10369,0.0,0.040066,0.022
2017-10-21 21:06:00+02:00,0.09848,0.0,0.039988,0.022
2017-10-21 21:07:00+02:00,0.09164,0.0,0.039962,0.022
2017-10-21 21:08:00+02:00,0.09982,0.0,0.039858,0.022
2017-10-21 21:09:00+02:00,0.10868,0.0,0.03978,0.022
2017-10-21 21:10:00+02:00,0.10675,0.0,0.039728,0.022
2017-10-21 21:11:00+02:00,0.09898,0.0,0.03965,0.022
2017-10-21 21:12:00+02:00,0.10214,0.0,0.039598,0.022
2017-10-21 21:13:00+02:00,0.11077,0.0,0.039494,0.022
2017-10-21 21:14:00+02:00,0.1174,0.0,0.039442,0.022
2017-10-21 21:15:00+02:00,0.10564,0.0,0.03939,0.033
2017-10-21 21:16:00+02:00,0.10232,0.0,0.039312,0.033
2017-10-21 21:17:00+02:00,0.09378,0.0,0.039234,0.033
2017-10-21 21:18:00+02:00,0.094,0.0,0.039156,0.033
2017-10-21 21:19:00+02:00,0.088,0.0,0.039104,0.033
2017-10-21 21:20:00+02:00,0.09284,0.0,0.039026,0.033
2017-10-21 21:21:00+02:00,0.09852,0.0,0.038948,0.033
2017-10-21 21:22:00+02:00,0.09283,0.0,0.03887,0.033
2017-10-21 21:23:00+02:00,0.0906,0.0,0.038818,0.033
2017-10-21 21:24:00+02:00,0.09101,0.0,0.038766,0.033
2017-10-21 21:25:00+02:00,0.09327,0.0,0.038688,0.033
2017-10-21 21:26:00+02:00,0.08636,0.0,0.03861,0.033
2017-10-21 21:27:00+02:00,0.08569,0.0,0.038558,0.033
2017-10-21 21:28:00+02:00,0.08505,0.0,0.038454,0.032927
2017-10-21 21:29:00+02:00,0.08715,0.0,0.038402,0.022
2017-10-21 21:30:00+02:00,0.0903,0.0,0.03835,0.022
2017-10-21 21:31:00+02:00,0.0997,0.0,0.038246,0.022
2017-10-21 21:32:00+02:00,0.10726,0.0,0.038194,0.022
2017-10-21 21:33:00+02:00,0.10123,0.0,0.03809,0.022
2017-10-21 21:34:00+02:00,0.09854,0.0,0.03809,0.022
2017-10-21 21:35:00+02:00,0.08754,0.0,0.037986,0.022
2017-10-21 21:36:00+02:00,0.08373,0.0,0.037934,0.022
2017-10-21 21:37:00+02:00,0.0846,0.0,0.03783,0.020873
2017-10-21 21:38:00+02:00,0.08077,0.0,0.037752,0.011
2017-10-21 21:39:00+02:00,0.08069,0.0,0.037726,0.011
2017-10-21 21:40:00+02:00,0.08184,0.0,0.037622,0.011
2017-10-21 21:41:00+02:00,0.07949,0.0,0.037596,0.011
2017-10-21 21:42:00+02:00,0.07403,0.0,0.037492,0.011
2017-10-21 21:43:00+02:00,0.07834,0.0,0.03744,0.011
2017-10-21 21:44:00+02:00,0.08235,0.0,0.037362,0.011
2017-10-21 21:45:00+02:00,0.07877,0.0,0.03731,0.033
2017-10-21 21:46:00+02:00,0.08196,0.0,0.037232,0.033
2017-10-21 21:47:00+02:00,0.08446,0.0,0.037128,0.033
2017-10-21 21:48:00+02:00,0.08413,0.0,0.037076,0.033
2017-10-21 21:49:00+02:00,0.09253,0.0,0.037024,0.033
2017-10-21 21:50:00+02:00,0.09189,0.0,0.036946,0.033
2017-10-21 21:51:00+02:00,0.0939,0.0,0.036868,0.033
2017-10-21 21:52:00+02:00,0.09442,0.0,0.03679,0.033
2017-10-21 21:53:00+02:00,0.10138,0.0,0.036738,0.033
2017-10-21 21:54:00+02:00,0.09722,0.0,0.036686,0.033
2017-10-21 21:55:00+02:00,0.09609,0.0,0.036582,0.033
2017-10-21 21:56:00+02:00,0.08723,0.0,0.036504,0.033
2017-10-21 21:57:00+02:00,0.07855,0.0,0.036478,0.033
2017-10-21 21:58:00+02:00,0.07639,0.0,0.0364,0.033
2017-10-21 21:59:00+02:00,0.0801,0.0,0.036322,0.033
2017-10-21 22:00:00+02:00,0.09271,0.0,0.036244,0.044
2017-10-21 22:01:00+02:00,0.08442,0.0,0.036192,0.044
2017-10-21 22:02:00+02:00,0.08352,0.0,0.035984,0.044
2017-10-21 22:03:00+02:00,0.08049,0.0,0.035802,0.03876
2017-10-21 22:04:00+02:00,0.07376,0.0,0.035594,0.033
2017-10-21 22:05:00+02:00,0.06964,0.0,0.03536,0.033
2017-10-21 22:06:00+02:00,0.07326,0.0,0.035178,0.033
2017-10-21 22:07:00+02:00,0.08288,0.0,0.034996,0.033
2017-10-21 22:08:00+02:00,0.08083,0.0,0.034814,0.033
2017-10-21 22:09:00+02:00,0.08453,0.0,0.03458,0.033
2017-10-21 22:10:00+02:00,0.07965,0.0,0.034372,0.033
2017-10-21 22:11:00+02:00,0.07711,0.0,0.034216,0.033
2017-10-21 22:12:00+02:00,0.08081,0.0,0.034008,0.033
2017-10-21 22:13:00+02:00,0.07801,0.0,0.0338,0.033
2017-10-21 22:14:00+02:00,0.06994,0.0,0.033592,0.033
2017-10-21 22:15:00+02:00,0.07808,0.0,0.03341,0.055
2017-10-21 22:16:00+02:00,0.07894,0.0,0.033202,0.055
2017-10-21 22:17:00+02:00,0.07708,0.0,0.032994,0.055
2017-10-21 22:18:00+02:00,0.08076,0.0,0.032812,0.055
2017-10-21 22:19:00+02:00,0.08696,0.0,0.032604,0.055
2017-10-21 22:20:00+02:00,0.07937,0.0,0.032448,0.055
2017-10-21 22:21:00+02:00,0.07821,0.0,0.032214,0.055
2017-10-21 22:22:00+02:00,0.07448,0.0,0.032006,0.055
2017-10-21 22:23:00+02:00,0.06572,0.0,0.031798,0.055
2017-10-21 22:24:00+02:00,0.0656,0.0,0.031616,0.055
2017-10-21 22:25:00+02:00,0.07209,0.0,0.031408,0.055
2017-10-21 22:26:00+02:00,0.07033,0.0,0.0312,0.055
2017-10-21 22:27:00+02:00,0.08609,0.0,0.031044,0.055
2017-10-21 22:28:00+02:00,0.08753,0.0,0.030836,0.055
2017-10-21 22:29:00+02:00,0.08193,0.0,0.030602,0.055
2017-10-21 22:30:00+02:00,0.08455,0.0,0.030446,0.055
2017-10-21 22:31:00+02:00,0.08177,0.0,0.030238,0.044167
2017-10-21 22:32:00+02:00,0.08219,0.0,0.030056,0.044
2017-10-21 22:33:00+02:00,0.08029,0.0,0.029822,0.044
2017-10-21 22:34:00+02:00,0.08202,0.0,0.029614,0.044
2017-10-21 22:35:00+02:00,0.0781,0.0,0.029432,0.044
2017-10-21 22:36:00+02:00,0.0818,0.0,0.029224,0.044
2017-10-21 22:37:00+02:00,0.08751,0.0,0.029042,0.044
2017-10-21 22:38:00+02:00,0.08323,0.0,0.028834,0.03828
2017-10-21 22:39:00+02:00,0.08207,0.0,0.028652,0.033
2017-10-21 22:40:00+02:00,0.08412,0.0,0.02847,0.033
2017-10-21 22:41:00+02:00,0.08832,0.0,0.028236,0.033
2017-10-21 22:42:00+02:00,0.08583,0.0,0.028028,0.033
2017-10-21 22:43:00+02:00,0.08753,0.0,0.027846,0.033
2017-10-21 22:44:00+02:00,0.08633,0.0,0.027664,0.033
2017-10-21 22:45:00+02:00,0.08722,0.0,0.02743,0.044
2017-10-21 22:46:00+02:00,0.08939,0.0,0.027222,0.044
2017-10-21 22:47:00+02:00,0.0937,0.0,0.027066,0.044
2017-10-21 22:48:00+02:00,0.08678,0.0,0.026858,0.044
2017-10-21 22:49:00+02:00,0.08305,0.0,0.02665,0.044
2017-10-21 22:50:00+02:00,0.08001,0.0,0.026468,0.044
2017-10-21 22:51:00+02:00,0.07459,0.0,0.026234,0.044
2017-10-21 22:52:00+02:00,0.07983,0.0,0.026052,0.044
2017-10-21 22:53:00+02:00,0.07576,0.0,0.025844,0.044
2017-10-21 22:54:00+02:00,0.07703,0.0,0.025662,0.044
2017-10-21 22:55:00+02:00,0.07596,0.0,0.025454,0.044
2017-10-21 22:56:00+02:00,0.07125,0.0,0.025298,0.044
2017-10-21 22:57:00+02:00,0.06897,0.0,0.025064,0.044
2017-10-21 22:58:00+02:00,0.06713,0.0,0.024856,0.04244
2017-10-21 22:59:00+02:00,0.07087,0.0,0.024674,0.033
2017-10-21 23:00:00+02:00,0.07071,0.0,0.024492,0.044
2017-10-21 23:01:00+02:00,0.07303,0.0,0.024258,0.044
2017-10-21 23:02:00+02:00,0.07759,0.0,0.024102,0.044
2017-10-21 23:03:00+02:00,0.08443,0.0,0.02392,0.044
2017-10-21 23:04:00+02:00,0.09425,0.0,0.023712,0.044
2017-10-21 23:05:00+02:00,0.09266,0.0,0.023556,0.033
2017-10-21 23:06:00+02:00,0.08896,0.0,0.023348,0.033
2017-10-21 23:07:00+02:00,0.09021,0.0,0.023192,0.033
2017-10-21 23:08:00+02:00,0.07613,0.0,0.02301,0.033
2017-10-21 23:09:00+02:00,0.07285,0.0,0.022828,0.033
2017-10-21 23:10:00+02:00,0.06634,0.0,0.022646,0.033
2017-10-21 23:11:00+02:00,0.06847,0.0,0.022464,0.033
2017-10-21 23:12:00+02:00,0.06772,0.0,0.022282,0.033
2017-10-21 23:13:00+02:00,0.07083,0.0,0.0221,0.033
2017-10-21 23:14:00+02:00,0.06943,0.0,0.021944,0.033
2017-10-21 23:15:00+02:00,0.06321,0.0,0.021762,0.033
2017-10-21 23:16:00+02:00,0.06076,0.0,0.02158,0.033
2017-10-21 23:17:00+02:00,0.06637,0.0,0.021398,0.028433
2017-10-21 23:18:00+02:00,0.06499,0.0,0.02119,0.022
2017-10-21 23:19:00+02:00,0.06281,0.0,0.021008,0.022
2017-10-21 23:20:00+02:00,0.0638,0.0,0.020826,0.022
2017-10-21 23:21:00+02:00,0.06897,0.0,0.020644,0.022
2017-10-21 23:22:00+02:00,0.06558,0.0,0.020462,0.022
2017-10-21 23:23:00+02:00,0.06516,0.0,0.02028,0.022
2017-10-21 23:24:00+02:00,0.06357,0.0,0.020124,0.022
2017-10-21 23:25:00+02:00,0.06029,0.0,0.019916,0.022
2017-10-21 23:26:00+02:00,0.06319,0.0,0.019786,0.022
2017-10-21 23:27:00+02:00,0.06923,0.0,0.019578,0.0171
2017-10-21 23:28:00+02:00,0.06516,0.0,0.019396,0.011
2017-10-21 23:29:00+02:00,0.06583,0.0,0.019214,0.011
2017-10-21 23:30:00+02:00,0.06692,0.0,0.019032,0.022
2017-10-21 23:31:00+02:00,0.06316,0.0,0.01885,0.022
2017-10-21 23:32:00+02:00,0.06544,0.0,0.018668,0.022
2017-10-21 23:33:00+02:00,0.06225,0.0,0.018512,0.022
2017-10-21 23:34:00+02:00,0.06039,0.0,0.018304,0.022
2017-10-21 23:35:00+02:00,0.05404,0.0,0.018148,0.022
2017-10-21 23:36:00+02:00,0.05329,0.0,0.01794,0.022
2017-10-21 23:37:00+02:00,0.05056,0.0,0.01781,0.022
2017-10-21 23:38:00+02:00,0.05438,0.0,0.017602,0.022
2017-10-21 23:39:00+02:00,0.05737,0.0,0.01742,0.022
2017-10-21 23:40:00+02:00,0.05939,0.0,0.017212,0.022
2017-10-21 23:41:00+02:00,0.05993,0.0,0.01703,0.022
2017-10-21 23:42:00+02:00,0.05908,0.0,0.016874,0.022
2017-10-21 23:43:00+02:00,0.05426,0.0,0.016666,0.022
2017-10-21 23:44:00+02:00,0.04815,0.0,0.01651,0.022
2017-10-21 23:45:00+02:00,0.04716,0.0,0.016302,0.022
2017-10-21 23:46:00+02:00,0.05045,0.0,0.016146,0.022
2017-10-21 23:47:00+02:00,0.05422,0.0,0.015938,0.013567
2017-10-21 23:48:00+02:00,0.0563,0.0,0.015782,0.011
2017-10-21 23:49:00+02:00,0.05199,0.0,0.015626,0.011
2017-10-21 23:50:00+02:00,0.0516,0.0,0.015444,0.011
2017-10-21 23:51:00+02:00,0.05088,0.0,0.015262,0.011
2017-10-21 23:52:00+02:00,0.04716,0.0,0.01508,0.011
2017-10-21 23:53:00+02:00,0.04758,0.0,0.014898,0.011
2017-10-21 23:54:00+02:00,0.05091,0.0,0.01469,0.011
2017-10-21 23:55:00+02:00,0.04866,0.0,0.014534,0.011
2017-10-21 23:56:00+02:00,0.04706,0.0,0.014326,0.011
2017-10-21 23:57:00+02:00,0.04625,0.0,0.01417,0.011
2017-10-21 23:58:00+02:00,0.04995,0.0,0.013988,0.011
2017-10-21 23:59:00+02:00,0.05033,0.0,0.013806,0.011
2017-10-22 00:00:00+02:00,0.05042,0.0,0.013598,0.011
2017-10-22 00:01:00+02:00,0.04968,0.0,0.013442,0.011
2017-10-22 00:02:00+02:00,0.04852,0.0,0.01339,0.011
2017-10-22 00:03:00+02:00,0.05149,0.0,0.013338,0.011
2017-10-22 00:04:00+02:00,0.05258,0.0,0.013286,0.011
2017-10-22 00:05:00+02:00,0.05243,0.0,0.01326,0.011
2017-10-22 00:06:00+02:00,0.05057,0.0,0.013208,0.011
2017-10-22 00:07:00+02:00,0.05117,0.0,0.01313,0.011
2017-10-22 00:08:00+02:00,0.0506,0.0,0.01313,0.011
2017-10-22 00:09:00+02:00,0.05088,0.0,0.013026,0.011
2017-10-22 00:10:00+02:00,0.05644,0.0,0.013026,0.011
2017-10-22 00:11:00+02:00,0.05396,0.0,0.012948,0.011
2017-10-22 00:12:00+02:00,0.05241,0.0,0.012896,0.011
2017-10-22 00:13:00+02:00,0.05365,0.0,0.01287,0.011
2017-10-22 00:14:00+02:00,0.04958,0.0,0.012792,0.011
2017-10-22 00:15:00+02:00,0.04705,0.0,0.012766,0.011
2017-10-22 00:16:00+02:00,0.04492,0.0,0.012714,0.011
2017-10-22 00:17:00+02:00,0.04417,0.0,0.012662,0.011
2017-10-22 00:18:00+02:00,0.04496,0.0,0.012636,0.011
2017-10-22 00:19:00+02:00,0.04608,0.0,0.012558,0.011
2017-10-22 00:20:00+02:00,0.0416,0.0,0.012532,0.011
2017-10-22 00:21:00+02:00,0.04121,0.0,0.012454,0.011
2017-10-22 00:22:00+02:00,0.03899,0.0,0.012428,0.011
2017-10-22 00:23:00+02:00,0.03643,0.0,0.012376,0.011
2017-10-22 00:24:00+02:00,0.03734,0.0,0.012324,0.011
2017-10-22 00:25:00+02:00,0.04263,0.0,0.012272,0.011
2017-10-22 00:26:00+02:00,0.04616,0.0,0.012246,0.011
2017-10-22 00:27:00+02:00,0.04682,0.0,0.012168,0.011
2017-10-22 00:28:00+02:00,0.04566,0.0,0.012168,0.011
2017-10-22 00:29:00+02:00,0.04155,0.0,0.012064,0.011
2017-10-22 00:30:00+02:00,0.04154,0.0,0.012064,0.011
2017-10-22 00:31:00+02:00,0.04103,0.0,0.011986,0.011
2017-10-22 00:32:00+02:00,0.04101,0.0,0.01196,0.011
2017-10-22 00:33:00+02:00,0.04184,0.0,0.011908,0.011
2017-10-22 00:34:00+02:00,0.04273,0.0,0.011856,0.011
2017-10-22 00:35:00+02:00,0.04098,0.0,0.011804,0.011
2017-10-22 00:36:00+02:00,0.04095,0.0,0.011752,0.011
2017-10-22 00:37:00+02:00,0.03716,0.0,0.0117,0.011
2017-10-22 00:38:00+02:00,0.03805,0.0,0.011648,0.011
2017-10-22 00:39:00+02:00,0.03421,0.0,0.011622,0.011
2017-10-22 00:40:00+02:00,0.03422,0.0,0.011544,0.011
2017-10-22 00:41:00+02:00,0.03413,0.0,0.011518,0.011
2017-10-22 00:42:00+02:00,0.03638,0.0,0.01144,0.011
2017-10-22 00:43:00+02:00,0.03667,0.0,0.011414,0.011
2017-10-22 00:44:00+02:00,0.03536,0.0,0.011362,0.011
2017-10-22 00:45:00+02:00,0.03724,0.0,0.011336,0.022
2017-10-22 00:46:00+02:00,0.04319,0.0,0.011258,0.022
2017-10-22 00:47:00+02:00,0.04384,0.0,0.011206,0.022
2017-10-22 00:48:00+02:00,0.04815,0.0,0.011154,0.022
2017-10-22 00:49:00+02:00,0.04689,0.0,0.011128,0.022
2017-10-22 00:50:00+02:00,0.05083,0.0,0.011076,0.022
2017-10-22 00:51:00+02:00,0.04799,0.0,0.011024,0.022
2017-10-22 00:52:00+02:00,0.04244,0.0,0.010972,0.022
2017-10-22 00:53:00+02:00,0.03784,0.0,0.01092,0.022
2017-10-22 00:54:00+02:00,0.03909,0.0,0.010894,0.022
2017-10-22 00:55:00+02:00,0.04029,0.0,0.010842,0.022
2017-10-22 00:56:00+02:00,0.04049,0.0,0.01079,0.022
2017-10-22 00:57:00+02:00,0.04174,0.0,0.010764,0.022
2017-10-22 00:58:00+02:00,0.04042,0.0,0.01066,0.022
2017-10-22 00:59:00+02:00,0.03669,0.0,0.01066,0.022
2017-10-22 01:00:00+02:00,0.03939,0.0,0.010582,0.0
2017-10-22 01:01:00+02:00,0.04789,0.0,0.010556,0.0
2017-10-22 01:02:00+02:00,0.0468,0.0,0.010556,0.0
2017-10-22 01:03:00+02:00,0.04959,0.0,0.010556,0.0
2017-10-22 01:04:00+02:00,0.05123,0.0,0.010582,0.0
2017-10-22 01:05:00+02:00,0.04857,0.0,0.010634,0.0
2017-10-22 01:06:00+02:00,0.04567,0.0,0.01066,0.0
2017-10-22 01:07:00+02:00,0.0447,0.0,0.01066,0.0
2017-10-22 01:08:00+02:00,0.04209,0.0,0.01066,0.0
2017-10-22 01:09:00+02:00,0.04279,0.0,0.01066,0.0
2017-10-22 01:10:00+02:00,0.04219,0.0,0.010686,0.0
2017-10-22 01:11:00+02:00,0.03987,0.0,0.010712,0.0
2017-10-22 01:12:00+02:00,0.04088,0.0,0.010738,0.0
2017-10-22 01:13:00+02:00,0.04075,0.0,0.010764,0.0
2017-10-22 01:14:00+02:00,0.03881,0.0,0.010764,0.0
2017-10-22 01:15:00+02:00,0.03881,0.0,0.010764,0.022
2017-10-22 01:16:00+02:00,0.03878,0.0,0.01079,0.022
2017-10-22 01:17:00+02:00,0.03766,0.0,0.01079,0.022
2017-10-22 01:18:00+02:00,0.03825,0.0,0.010842,0.022
2017-10-22 01:19:00+02:00,0.03938,0.0,0.010842,0.01572
2017-10-22 01:20:00+02:00,0.03905,0.0,0.010868,0.011
2017-10-22 01:21:00+02:00,0.03996,0.0,0.010894,0.011
2017-10-22 01:22:00+02:00,0.04022,0.0,0.010894,0.011
2017-10-22 01:23:00+02:00,0.04278,0.0,0.01092,0.007473
2017-10-22 01:24:00+02:00,0.04128,0.0,0.01092,0.0
2017-10-22 01:25:00+02:00,0.03931,0.0,0.010946,0.0
2017-10-22 01:26:00+02:00,0.03821,0.0,0.010972,0.0
2017-10-22 01:27:00+02:00,0.03734,0.0,0.010972,0.0
2017-10-22 01:28:00+02:00,0.04446,0.0,0.010998,0.0
2017-10-22 01:29:00+02:00,0.04612,0.0,0.011024,0.0
2017-10-22 01:30:00+02:00,0.04337,0.0,0.011024,0.0
2017-10-22 01:31:00+02:00,0.03935,0.0,0.01105,0.0
2017-10-22 01:32:00+02:00,0.03524,0.0,0.011076,0.0
2017-10-22 01:33:00+02:00,0.03437,0.0,0.011076,0.0
2017-10-22 01:34:00+02:00,0.03285,0.0,0.011102,0.0
2017-10-22 01:35:00+02:00,0.0352,0.0,0.011128,0.0
2017-10-22 01:36:00+02:00,0.03463,0.0,0.011128,0.0
2017-10-22 01:37:00+02:00,0.03399,0.0,0.011154,0.0
2017-10-22 01:38:00+02:00,0.03128,0.0,0.011154,0.0
2017-10-22 01:39:00+02:00,0.03398,0.0,0.01118,0.0
2017-10-22 01:40:00+02:00,0.03336,0.0,0.011206,0.0
2017-10-22 01:41:00+02:00,0.03279,0.0,0.011206,0.0
2017-10-22 01:42:00+02:00,0.03193,0.0,0.011232,0.0
2017-10-22 01:43:00+02:00,0.03094,0.0,0.011258,0.0
2017-10-22 01:44:00+02:00,0.03249,0.0,0.011258,0.0
2017-10-22 01:45:00+02:00,0.03469,0.0,0.011258,0.0
2017-10-22 01:46:00+02:00,0.03526,0.0,0.01131,0.0
2017-10-22 01:47:00+02:00,0.03484,0.0,0.011336,0.0
2017-10-22 01:48:00+02:00,0.0291,0.0,0.011336,0.0
2017-10-22 01:49:00+02:00,0.03105,0.0,0.011336,0.0
2017-10-22 01:50:00+02:00,0.02973,0.0,0.011362,0.0
2017-10-22 01:51:00+02:00,0.02785,0.0,0.011388,0.0
2017-10-22 01:52:00+02:00,0.02759,0.0,0.011414,0.0
2017-10-22 01:53:00+02:00,0.02782,0.0,0.01144,0.0
2017-10-22 01:54:00+02:00,0.02828,0.0,0.01144,0.0
2017-10-22 01:55:00+02:00,0.02861,0.0,0.01144,0.0
2017-10-22 01:56:00+02:00,0.02995,0.0,0.01144,0.0
2017-10-22 01:57:00+02:00,0.02964,0.0,0.011466,0.0
2017-10-22 01:58:00+02:00,0.03194,0.0,0.011518,0.0
2017-10-22 01:59:00+02:00,0.02958,0.0,0.011518,0.0
2017-10-22 02:00:00+02:00,0.03013,0.0,0.011544,0.0
2017-10-22 02:01:00+02:00,0.03075,0.0,0.011544,0.0
2017-10-22 02:02:00+02:00,0.03212,0.0,0.011544,0.0
2017-10-22 02:03:00+02:00,0.03403,0.0,0.011596,0.0
2017-10-22 02:04:00+02:00,0.03623,0.0,0.011596,0.0
2017-10-22 02:05:00+02:00,0.0369,0.0,0.011596,0.0
2017-10-22 02:06:00+02:00,0.03592,0.0,0.011622,0.0
2017-10-22 02:07:00+02:00,0.03518,0.0,0.011622,0.0
2017-10-22 02:08:00+02:00,0.03453,0.0,0.011648,0.0
2017-10-22 02:09:00+02:00,0.0348,0.0,0.011648,0.0
2017-10-22 02:10:00+02:00,0.03474,0.0,0.0117,0.0
2017-10-22 02:11:00+02:00,0.0341,0.0,0.0117,0.0
2017-10-22 02:12:00+02:00,0.03307,0.0,0.0117,0.0
2017-10-22 02:13:00+02:00,0.03285,0.0,0.0117,0.0
2017-10-22 02:14:00+02:00,0.02842,0.0,0.0117,0.0
2017-10-22 02:15:00+02:00,0.02707,0.0,0.011726,0.0
2017-10-22 02:16:00+02:00,0.02722,0.0,0.011752,0.0
2017-10-22 02:17:00+02:00,0.02742,0.0,0.011804,0.0
2017-10-22 02:18:00+02:00,0.02699,0.0,0.011804,0.0
2017-10-22 02:19:00+02:00,0.029,0.0,0.011804,0.0
2017-10-22 02:20:00+02:00,0.03007,0.0,0.011804,0.0
2017-10-22 02:21:00+02:00,0.02829,0.0,0.011804,0.0
2017-10-22 02:22:00+02:00,0.02773,0.0,0.011804,0.0
2017-10-22 02:23:00+02:00,0.03258,0.0,0.01183,0.0
2017-10-22 02:24:00+02:00,0.03776,0.0,0.011856,0.0
2017-10-22 02:25:00+02:00,0.03638,0.0,0.011908,0.0
2017-10-22 02:26:00+02:00,0.03885,0.0,0.011908,0.0
2017-10-22 02:27:00+02:00,0.04263,0.0,0.011908,0.0
2017-10-22 02:28:00+02:00,0.03745,0.0,0.011908,0.0
2017-10-22 02:29:00+02:00,0.02851,0.0,0.011934,0.0
2017-10-22 02:30:00+02:00,0.02601,0.0,0.011934,0.0
2017-10-22 02:31:00+02:00,0.02674,0.0,0.01196,0.0
2017-10-22 02:32:00+02:00,0.02922,0.0,0.01196,0.0
2017-10-22 02:33:00+02:00,0.03112,0.0,0.01196,0.0
2017-10-22 02:34:00+02:00,0.03247,0.0,0.012012,0.0
2017-10-22 02:35:00+02:00,0.03089,0.0,0.012012,0.0
2017-10-22 02:36:00+02:00,0.02995,0.0,0.012038,0.0
2017-10-22 02:37:00+02:00,0.03202,0.0,0.012038,0.0
2017-10-22 02:38:00+02:00,0.03254,0.0,0.012064,0.0
2017-10-22 02:39:00+02:00,0.02932,0.0,0.012064,0.0
2017-10-22 02:40:00+02:00,0.03006,0.0,0.012064,0.0
2017-10-22 02:41:00+02:00,0.03054,0.0,0.012064,0.0
2017-10-22 02:42:00+02:00,0.03231,0.0,0.012116,0.0
2017-10-22 02:43:00+02:00,0.03169,0.0,0.012142,0.0
2017-10-22 02:44:00+02:00,0.03108,0.0,0.012142,0.0
2017-10-22 02:45:00+02:00,0.02824,0.0,0.012168,0.0
2017-10-22 02:46:00+02:00,0.02645,0.0,0.012168,0.0
2017-10-22 02:47:00+02:00,0.02681,0.0,0.012168,0.0
2017-10-22 02:48:00+02:00,0.02675,0.0,0.012194,0.0
2017-10-22 02:49:00+02:00,0.02852,0.0,0.012194,0.0
2017-10-22 02:50:00+02:00,0.02894,0.0,0.012194,0.0
2017-10-22 02:51:00+02:00,0.02845,0.0,0.01222,0.0
2017-10-22 02:52:00+02:00,0.03025,0.0,0.012272,0.0
2017-10-22 02:53:00+02:00,0.02847,0.0,0.012272,0.0
2017-10-22 02:54:00+02:00,0.02935,0.0,0.012272,0.0
2017-10-22 02:55:00+02:00,0.02945,0.0,0.012298,0.0
2017-10-22 02:56:00+02:00,0.02882,0.0,0.012298,0.0
2017-10-22 02:57:00+02:00,0.02622,0.0,0.012298,0.0
2017-10-22 02:58:00+02:00,0.02694,0.0,0.012324,0.0
2017-10-22 02:59:00+02:00,0.03458,0.0,0.012324,0.0
2017-10-22 03:00:00+02:00,0.03451,0.0,0.01235,0.0
2017-10-22 03:01:00+02:00,0.03083,0.0,0.012402,0.0
2017-10-22 03:02:00+02:00,0.03037,0.0,0.012402,0.0
2017-10-22 03:03:00+02:00,0.0255,0.0,0.012428,0.0
2017-10-22 03:04:00+02:00,0.0242,0.0,0.01248,0.0
2017-10-22 03:05:00+02:00,0.02617,0.0,0.012532,0.0
2017-10-22 03:06:00+02:00,0.02391,0.0,0.012558,0.0
2017-10-22 03:07:00+02:00,0.02554,0.0,0.012584,0.0
2017-10-22 03:08:00+02:00,0.02461,0.0,0.012662,0.0
2017-10-22 03:09:00+02:00,0.02497,0.0,0.012662,0.0
2017-10-22 03:10:00+02:00,0.02509,0.0,0.012714,0.0
2017-10-22 03:11:00+02:00,0.02511,0.0,0.012766,0.0
2017-10-22 03:12:00+02:00,0.02452,0.0,0.012766,0.0
2017-10-22 03:13:00+02:00,0.02799,0.0,0.012844,0.0
2017-10-22 03:14:00+02:00,0.03019,0.0,0.012844,0.0
2017-10-22 03:15:00+02:00,0.02958,0.0,0.012922,0.0
2017-10-22 03:16:00+02:00,0.02934,0.0,0.012948,0.0
2017-10-22 03:17:00+02:00,0.02958,0.0,0.012948,0.0
2017-10-22 03:18:00+02:00,0.03117,0.0,0.013026,0.0
2017-10-22 03:19:00+02:00,0.03146,0.0,0.013052,0.0
2017-10-22 03:20:00+02:00,0.03045,0.0,0.013104,0.0
2017-10-22 03:21:00+02:00,0.02925,0.0,0.01313,0.0
2017-10-22 03:22:00+02:00,0.02927,0.0,0.013182,0.0
2017-10-22 03:23:00+02:00,0.02964,0.0,0.013208,0.0
2017-10-22 03:24:00+02:00,0.02947,0.0,0.01326,0.0
2017-10-22 03:25:00+02:00,0.03003,0.0,0.013312,0.0
2017-10-22 03:26:00+02:00,0.02797,0.0,0.013312,0.0
2017-10-22 03:27:00+02:00,0.02537,0.0,0.013338,0.0
2017-10-22 03:28:00+02:00,0.02482,0.0,0.013416,0.0
2017-10-22 03:29:00+02:00,0.02611,0.0,0.013442,0.0
2017-10-22 03:30:00+02:00,0.02879,0.0,0.013468,0.0
2017-10-22 03:31:00+02:00,0.02937,0.0,0.013546,0.0
2017-10-22 03:32:00+02:00,0.02962,0.0,0.013572,0.0
2017-10-22 03:33:00+02:00,0.02731,0.0,0.013572,0.0
2017-10-22 03:34:00+02:00,0.02703,0.0,0.01365,0.0
2017-10-22 03:35:00+02:00,0.02953,0.0,0.013676,0.0
2017-10-22 03:36:00+02:00,0.03334,0.0,0.013702,0.0
2017-10-22 03:37:00+02:00,0.03065,0.0,0.01378,0.0
2017-10-22 03:38:00+02:00,0.02893,0.0,0.013806,0.0
2017-10-22 03:39:00+02:00,0.03144,0.0,0.013806,0.0
2017-10-22 03:40:00+02:00,0.02988,0.0,0.013858,0.0
2017-10-22 03:41:00+02:00,0.03175,0.0,0.01391,0.0
2017-10-22 03:42:00+02:00,0.0317,0.0,0.013936,0.0
2017-10-22 03:43:00+02:00,0.0285,0.0,0.013962,0.0
2017-10-22 03:44:00+02:00,0.0285,0.0,0.014014,0.0
2017-10-22 03:45:00+02:00,0.03164,0.0,0.014066,0.0
2017-10-22 03:46:00+02:00,0.03114,0.0,0.014066,0.0
2017-10-22 03:47:00+02:00,0.03116,0.0,0.01417,0.0
2017-10-22 03:48:00+02:00,0.03057,0.0,0.01417,0.0
2017-10-22 03:49:00+02:00,0.02693,0.0,0.01417,0.0
2017-10-22 03:50:00+02:00,0.02578,0.0,0.014248,0.0
2017-10-22 03:51:00+02:00,0.02645,0.0,0.014274,0.0
2017-10-22 03:52:00+02:00,0.02849,0.0,0.014326,0.0
2017-10-22 03:53:00+02:00,0.02935,0.0,0.014352,0.0
2017-10-22 03:54:00+02:00,0.02725,0.0,0.014404,0.0
2017-10-22 03:55:00+02:00,0.0266,0.0,0.01443,0.0
2017-10-22 03:56:00+02:00,0.02893,0.0,0.014456,0.0
2017-10-22 03:57:00+02:00,0.02949,0.0,0.014534,0.0
2017-10-22 03:58:00+02:00,0.03046,0.0,0.014534,0.0
2017-10-22 03:59:00+02:00,0.03079,0.0,0.014586,0.0
2017-10-22 04:00:00+02:00,0.03387,0.0,0.014638,0.0
2017-10-22 04:01:00+02:00,0.03183,0.0,0.014664,0.0
2017-10-22 04:02:00+02:00,0.02598,0.0,0.014794,0.0
2017-10-22 04:03:00+02:00,0.02582,0.0,0.014898,0.0
2017-10-22 04:04:00+02:00,0.03079,0.0,0.015028,0.0
2017-10-22 04:05:00+02:00,0.02836,0.0,0.015132,0.0
2017-10-22 04:06:00+02:00,0.02719,0.0,0.015236,0.0
2017-10-22 04:07:00+02:00,0.02764,0.0,0.015366,0.0
2017-10-22 04:08:00+02:00,0.02801,0.0,0.01547,0.0
2017-10-22 04:09:00+02:00,0.03355,0.0,0.015574,0.0
2017-10-22 04:10:00+02:00,0.03001,0.0,0.015704,0.0
2017-10-22 04:11:00+02:00,0.02871,0.0,0.015834,0.0
2017-10-22 04:12:00+02:00,0.02851,0.0,0.015938,0.0
2017-10-22 04:13:00+02:00,0.02938,0.0,0.016068,0.0
2017-10-22 04:14:00+02:00,0.03013,0.0,0.016172,0.0
2017-10-22 04:15:00+02:00,0.03123,0.0,0.016302,0.0
2017-10-22 04:16:00+02:00,0.03163,0.0,0.016432,0.0
2017-10-22 04:17:00+02:00,0.02681,0.0,0.016536,0.0
2017-10-22 04:18:00+02:00,0.02698,0.0,0.01664,0.0
2017-10-22 04:19:00+02:00,0.02816,0.0,0.016796,0.0
2017-10-22 04:20:00+02:00,0.02867,0.0,0.0169,0.0
2017-10-22 04:21:00+02:00,0.02774,0.0,0.016978,0.0
2017-10-22 04:22:00+02:00,0.02578,0.0,0.017108,0.0
2017-10-22 04:23:00+02:00,0.02465,0.0,0.017238,0.0
2017-10-22 04:24:00+02:00,0.02536,0.0,0.017342,0.0
2017-10-22 04:25:00+02:00,0.02625,0.0,0.017472,0.0
2017-10-22 04:26:00+02:00,0.02618,0.0,0.017576,0.0
2017-10-22 04:27:00+02:00,0.02473,0.0,0.017706,0.0
2017-10-22 04:28:00+02:00,0.02626,0.0,0.017836,0.0
2017-10-22 04:29:00+02:00,0.02697,0.0,0.01794,0.0
2017-10-22 04:30:00+02:00,0.0266,0.0,0.018044,0.0
2017-10-22 04:31:00+02:00,0.02629,0.0,0.018174,0.0
2017-10-22 04:32:00+02:00,0.02723,0.0,0.018304,0.0
2017-10-22 04:33:00+02:00,0.0279,0.0,0.018408,0.0
2017-10-22 04:34:00+02:00,0.02966,0.0,0.018538,0.0
2017-10-22 04:35:00+02:00,0.03182,0.0,0.018642,0.0
2017-10-22 04:36:00+02:00,0.02739,0.0,0.018746,0.0
2017-10-22 04:37:00+02:00,0.02523,0.0,0.018876,0.0
2017-10-22 04:38:00+02:00,0.0274,0.0,0.01898,0.0
2017-10-22 04:39:00+02:00,0.02767,0.0,0.019084,0.0
2017-10-22 04:40:00+02:00,0.02735,0.0,0.01924,0.0
2017-10-22 04:41:00+02:00,0.03016,0.0,0.019344,0.0
2017-10-22 04:42:00+02:00,0.03109,0.0,0.019448,0.0
2017-10-22 04:43:00+02:00,0.02979,0.0,0.019578,0.0
2017-10-22 04:44:00+02:00,0.02856,0.0,0.019708,0.0
2017-10-22 04:45:00+02:00,0.03114,0.0,0.019812,0.0
2017-10-22 04:46:00+02:00,0.02839,0.0,0.019942,0.0
2017-10-22 04:47:00+02:00,0.02929,0.0,0.020046,0.0
2017-10-22 04:48:00+02:00,0.0297,0.0,0.020176,0.0
2017-10-22 04:49:00+02:00,0.02978,0.0,0.020306,0.0
2017-10-22 04:50:00+02:00,0.03058,0.0,0.02041,0.0
2017-10-22 04:51:00+02:00,0.03033,0.0,0.020488,0.0
2017-10-22 04:52:00+02:00,0.03055,0.0,0.020644,0.0
2017-10-22 04:53:00+02:00,0.0295,0.0,0.020748,0.0
2017-10-22 04:54:00+02:00,0.02903,0.0,0.020852,0.0
2017-10-22 04:55:00+02:00,0.02904,0.0,0.020982,0.0
2017-10-22 04:56:00+02:00,0.03042,0.0,0.021086,0.0
2017-10-22 04:57:00+02:00,0.03409,0.0,0.021216,0.0
2017-10-22 04:58:00+02:00,0.03448,0.0,0.021346,0.0
2017-10-22 04:59:00+02:00,0.03552,0.0,0.02145,0.0
2017-10-22 05:00:00+02:00,0.03424,0.0,0.021554,0.0
2017-10-22 05:01:00+02:00,0.03394,0.0,0.02171,0.0
2017-10-22 05:02:00+02:00,0.03387,0.0,0.021996,0.0
2017-10-22 05:03:00+02:00,0.03417,0.0,0.022308,0.0
2017-10-22 05:04:00+02:00,0.02957,0.0,0.022594,0.0
2017-10-22 05:05:00+02:00,0.02937,0.0,0.02288,0.0
2017-10-22 05:06:00+02:00,0.0315,0.0,0.023166,0.0
2017-10-22 05:07:00+02:00,0.03095,0.0,0.023504,0.0
2017-10-22 05:08:00+02:00,0.03062,0.0,0.023764,0.0
2017-10-22 05:09:00+02:00,0.03258,0.0,0.024102,0.0
2017-10-22 05:10:00+02:00,0.03101,0.0,0.024362,0.0
2017-10-22 05:11:00+02:00,0.02963,0.0,0.024674,0.0
2017-10-22 05:12:00+02:00,0.02919,0.0,0.02496,0.0
2017-10-22 05:13:00+02:00,0.02842,0.0,0.025246,0.0
2017-10-22 05:14:00+02:00,0.02667,0.0,0.025584,0.0
2017-10-22 05:15:00+02:00,0.02687,0.0,0.02587,0.0
2017-10-22 05:16:00+02:00,0.02747,0.0,0.026156,0.0
2017-10-22 05:17:00+02:00,0.02765,0.0,0.026468,0.0
2017-10-22 05:18:00+02:00,0.02895,0.0,0.026754,0.0
2017-10-22 05:19:00+02:00,0.03002,0.0,0.027014,0.0
2017-10-22 05:20:00+02:00,0.02759,0.0,0.027378,0.0
2017-10-22 05:21:00+02:00,0.02768,0.0,0.027638,0.0
2017-10-22 05:22:00+02:00,0.02702,0.0,0.02795,0.0
2017-10-22 05:23:00+02:00,0.03071,0.0,0.028236,0.0
2017-10-22 05:24:00+02:00,0.03083,0.0,0.028522,0.0
2017-10-22 05:25:00+02:00,0.03436,0.0,0.02886,0.0
2017-10-22 05:26:00+02:00,0.03627,0.0,0.02912,0.0
2017-10-22 05:27:00+02:00,0.03538,0.0,0.029432,0.0
2017-10-22 05:28:00+02:00,0.03358,0.0,0.029744,0.0
2017-10-22 05:29:00+02:00,0.03161,0.0,0.03003,0.0
2017-10-22 05:30:00+02:00,0.02795,0.0,0.030342,0.0
2017-10-22 05:31:00+02:00,0.02828,0.0,0.030628,0.0
2017-10-22 05:32:00+02:00,0.02929,0.0,0.030888,0.0
2017-10-22 05:33:00+02:00,0.03209,0.0,0.031252,0.0
2017-10-22 05:34:00+02:00,0.03159,0.0,0.031512,0.0
2017-10-22 05:35:00+02:00,0.02997,0.0,0.031798,0.0
2017-10-22 05:36:00+02:00,0.03037,0.0,0.03211,0.0
2017-10-22 05:37:00+02:00,0.0304,0.0,0.032396,0.0
2017-10-22 05:38:00+02:00,0.02778,0.0,0.032734,0.0
2017-10-22 05:39:00+02:00,0.02798,0.0,0.032994,0.0
2017-10-22 05:40:00+02:00,0.02789,0.0,0.033306,0.0
2017-10-22 05:41:00+02:00,0.02613,0.0,0.033618,0.0
2017-10-22 05:42:00+02:00,0.02641,0.0,0.033904,0.0
2017-10-22 05:43:00+02:00,0.02681,0.0,0.034164,0.0
2017-10-22 05:44:00+02:00,0.02761,0.0,0.034502,0.0
2017-10-22 05:45:00+02:00,0.02765,0.0,0.034762,0.0
2017-10-22 05:46:00+02:00,0.02787,0.0,0.035074,0.0
2017-10-22 05:47:00+02:00,0.0259,0.0,0.035386,0.0
2017-10-22 05:48:00+02:00,0.02713,0.0,0.035672,0.0
2017-10-22 05:49:00+02:00,0.02706,0.0,0.03601,0.0
2017-10-22 05:50:00+02:00,0.02789,0.0,0.03627,0.0
2017-10-22 05:51:00+02:00,0.02958,0.0,0.036582,0.0
2017-10-22 05:52:00+02:00,0.02979,0.0,0.036868,0.0
2017-10-22 05:53:00+02:00,0.02634,0.0,0.03718,0.0
2017-10-22 05:54:00+02:00,0.02779,0.0,0.037466,0.0
2017-10-22 05:55:00+02:00,0.0288,0.0,0.037778,0.0
2017-10-22 05:56:00+02:00,0.02888,0.0,0.038038,0.0
2017-10-22 05:57:00+02:00,0.02924,0.0,0.038376,0.0
2017-10-22 05:58:00+02:00,0.02693,0.0,0.038636,0.0
2017-10-22 05:59:00+02:00,0.02893,0.0,0.038948,0.0
2017-10-22 06:00:00+02:00,0.03127,0.0,0.039286,0.0
2017-10-22 06:01:00+02:00,0.02861,0.0,0.039546,0.0
2017-10-22 06:02:00+02:00,0.02824,0.0,0.039728,0.0
2017-10-22 06:03:00+02:00,0.02736,0.0,0.03991,0.0
2017-10-22 06:04:00+02:00,0.02829,0.0,0.040066,0.0
2017-10-22 06:05:00+02:00,0.03018,0.0,0.040274,0.0
2017-10-22 06:06:00+02:00,0.03203,0.0,0.040456,0.0
2017-10-22 06:07:00+02:00,0.02889,0.0,0.040638,0.0
2017-10-22 06:08:00+02:00,0.02903,0.0,0.04082,0.0
2017-10-22 06:09:00+02:00,0.02955,0.0,0.040976,0.0
2017-10-22 06:10:00+02:00,0.02919,0.0,0.041184,0.0
2017-10-22 06:11:00+02:00,0.02947,0.0,0.04134,0.0
2017-10-22 06:12:00+02:00,0.03008,0.0,0.041548,0.0
2017-10-22 06:13:00+02:00,0.03154,0.0,0.04173,0.0
2017-10-22 06:14:00+02:00,0.03248,0.0,0.041886,0.0
2017-10-22 06:15:00+02:00,0.03201,0.0,0.042068,0.0
2017-10-22 06:16:00+02:00,0.03034,0.0,0.04225,0.0
2017-10-22 06:17:00+02:00,0.03056,0.0,0.042432,0.0
2017-10-22 06:18:00+02:00,0.02953,0.0,0.042588,0.0
2017-10-22 06:19:00+02:00,0.02934,0.0,0.042796,0.0
2017-10-22 06:20:00+02:00,0.02891,0.0,0.042952,0.0
2017-10-22 06:21:00+02:00,0.03061,0.0,0.04316,0.0
2017-10-22 06:22:00+02:00,0.03152,0.0,0.043316,0.0
2017-10-22 06:23:00+02:00,0.03594,0.0,0.043524,0.0
2017-10-22 06:24:00+02:00,0.03942,0.0,0.04368,0.0
2017-10-22 06:25:00+02:00,0.03646,0.0,0.043836,0.0
2017-10-22 06:26:00+02:00,0.04441,0.0,0.044044,0.0
2017-10-22 06:27:00+02:00,0.04479,0.0,0.044226,0.0
2017-10-22 06:28:00+02:00,0.04769,0.0,0.044434,0.0
2017-10-22 06:29:00+02:00,0.04244,0.0,0.04459,0.0
2017-10-22 06:30:00+02:00,0.04206,0.0,0.044798,0.0
2017-10-22 06:31:00+02:00,0.03978,0.0,0.044954,0.0
2017-10-22 06:32:00+02:00,0.03485,0.0,0.045136,0.0
2017-10-22 06:33:00+02:00,0.03504,0.0,0.045318,0.0
2017-10-22 06:34:00+02:00,0.0384,0.0,0.0455,0.0
2017-10-22 06:35:00+02:00,0.03738,0.0,0.045682,0.0
2017-10-22 06:36:00+02:00,0.03435,0.0,0.045838,0.0
2017-10-22 06:37:00+02:00,0.03989,0.0,0.04602,0.0
2017-10-22 06:38:00+02:00,0.03947,0.0,0.046202,0.0
2017-10-22 06:39:00+02:00,0.04235,0.0,0.04641,0.0
2017-10-22 06:40:00+02:00,0.03989,0.0,0.046566,0.0
2017-10-22 06:41:00+02:00,0.04319,0.0,0.046748,0.0
2017-10-22 06:42:00+02:00,0.04071,0.0,0.04693,0.0
2017-10-22 06:43:00+02:00,0.04001,0.0,0.047112,0.0
2017-10-22 06:44:00+02:00,0.03697,0.0,0.047294,0.0
2017-10-22 06:45:00+02:00,0.04013,0.0,0.047476,0.0
2017-10-22 06:46:00+02:00,0.03819,0.0,0.047632,0.0
2017-10-22 06:47:00+02:00,0.03587,0.0,0.047814,0.0
2017-10-22 06:48:00+02:00,0.03453,0.0,0.047996,0.0
2017-10-22 06:49:00+02:00,0.04041,0.0,0.048204,0.0
2017-10-22 06:50:00+02:00,0.04162,0.0,0.04836,0.0
2017-10-22 06:51:00+02:00,0.04758,0.0,0.048568,0.0
2017-10-22 06:52:00+02:00,0.04619,0.0,0.04875,0.0
2017-10-22 06:53:00+02:00,0.04968,0.0,0.048932,0.0
2017-10-22 06:54:00+02:00,0.04304,0.0,0.049114,0.0
2017-10-22 06:55:00+02:00,0.03957,0.0,0.04927,0.0
2017-10-22 06:56:00+02:00,0.04422,0.0,0.049478,0.0
2017-10-22 06:57:00+02:00,0.04398,0.0,0.049608,0.0
2017-10-22 06:58:00+02:00,0.04131,0.0,0.049816,0.0
2017-10-22 06:59:00+02:00,0.04427,0.0,0.049972,0.0
2017-10-22 07:00:00+02:00,0.04981,0.0,0.05018,0.0
2017-10-22 07:01:00+02:00,0.05136,0.0,0.050336,0.0
2017-10-22 07:02:00+02:00,0.04888,0.0,0.050336,0.0
2017-10-22 07:03:00+02:00,0.04591,0.0,0.050336,0.0
2017-10-22 07:04:00+02:00,0.04481,0.0,0.050336,0.0
2017-10-22 07:05:00+02:00,0.04048,0.0,0.050336,0.0
2017-10-22 07:06:00+02:00,0.04083,0.0,0.050336,0.0
2017-10-22 07:07:00+02:00,0.04841,0.0,0.050336,0.0
2017-10-22 07:08:00+02:00,0.05166,0.0,0.050336,0.0
2017-10-22 07:09:00+02:00,0.0514,0.0,0.050336,0.0
2017-10-22 07:10:00+02:00,0.05005,0.0,0.050336,0.0
2017-10-22 07:11:00+02:00,0.04902,0.0,0.050336,0.0
2017-10-22 07:12:00+02:00,0.04634,0.0,0.050336,0.0
2017-10-22 07:13:00+02:00,0.04565,0.0,0.050336,0.0
2017-10-22 07:14:00+02:00,0.05298,0.0,0.050362,0.0
2017-10-22 07:15:00+02:00,0.05513,0.0,0.050362,0.0
2017-10-22 07:16:00+02:00,0.04929,0.0,0.050362,0.0
2017-10-22 07:17:00+02:00,0.05097,0.0,0.050362,0.0
2017-10-22 07:18:00+02:00,0.04821,0.0,0.050362,0.0
2017-10-22 07:19:00+02:00,0.04756,0.0,0.050362,0.0
2017-10-22 07:20:00+02:00,0.04049,0.0,0.050362,0.0
2017-10-22 07:21:00+02:00,0.05132,0.0,0.050362,0.0
2017-10-22 07:22:00+02:00,0.04398,0.0,0.050362,0.0
2017-10-22 07:23:00+02:00,0.04676,0.0,0.050362,0.0
2017-10-22 07:24:00+02:00,0.04678,0.0,0.050362,0.0
2017-10-22 07:25:00+02:00,0.0519,0.0,0.050362,0.0
2017-10-22 07:26:00+02:00,0.05226,0.0,0.050362,0.0
2017-10-22 07:27:00+02:00,0.06182,0.0,0.050362,0.0
2017-10-22 07:28:00+02:00,0.0605,0.0,0.050362,0.0
2017-10-22 07:29:00+02:00,0.06534,0.0,0.050362,0.0
2017-10-22 07:30:00+02:00,0.06065,0.0,0.050362,0.0
2017-10-22 07:31:00+02:00,0.06567,0.0,0.050362,0.0
2017-10-22 07:32:00+02:00,0.06353,0.0,0.050362,0.0
2017-10-22 07:33:00+02:00,0.06795,0.0,0.050362,0.0
2017-10-22 07:34:00+02:00,0.06693,0.0,0.050362,0.0
2017-10-22 07:35:00+02:00,0.06912,0.0,0.050388,0.0
2017-10-22 07:36:00+02:00,0.06185,0.0,0.050388,0.0
2017-10-22 07:37:00+02:00,0.05444,0.0,0.050388,0.0
2017-10-22 07:38:00+02:00,0.0543,0.0,0.050414,0.0
2017-10-22 07:39:00+02:00,0.056,0.0,0.050414,0.0
2017-10-22 07:40:00+02:00,0.06317,0.0,0.050414,0.0
2017-10-22 07:41:00+02:00,0.06546,0.0,0.050414,0.0
2017-10-22 07:42:00+02:00,0.06448,0.0,0.050414,0.0
2017-10-22 07:43:00+02:00,0.06328,0.0,0.050414,0.0
2017-10-22 07:44:00+02:00,0.06083,0.0,0.050414,0.0
2017-10-22 07:45:00+02:00,0.06758,0.0,0.050414,0.0
2017-10-22 07:46:00+02:00,0.07582,0.0,0.050414,0.0
2017-10-22 07:47:00+02:00,0.06947,0.0,0.050414,0.0
2017-10-22 07:48:00+02:00,0.0726,0.0,0.050414,0.0
2017-10-22 07:49:00+02:00,0.06926,0.0,0.050414,0.0
2017-10-22 07:50:00+02:00,0.06079,0.0,0.050414,0.0
2017-10-22 07:51:00+02:00,0.05869,0.0,0.050414,0.0
2017-10-22 07:52:00+02:00,0.06014,0.0,0.050414,0.0
2017-10-22 07:53:00+02:00,0.0676,0.0,0.050414,0.0
2017-10-22 07:54:00+02:00,0.06842,0.0,0.050414,0.0
2017-10-22 07:55:00+02:00,0.06693,0.0,0.050414,0.0
2017-10-22 07:56:00+02:00,0.06398,0.0,0.050414,0.0
2017-10-22 07:57:00+02:00,0.06354,0.0,0.05044,0.0
2017-10-22 07:58:00+02:00,0.0553,0.0,0.05044,0.0
2017-10-22 07:59:00+02:00,0.06218,0.0,0.05044,0.0
2017-10-22 08:00:00+02:00,0.06462,0.0,0.05044,0.0
2017-10-22 08:01:00+02:00,0.06335,0.0,0.05044,0.0
2017-10-22 08:02:00+02:00,0.06061,0.0,0.050284,0.0
2017-10-22 08:03:00+02:00,0.06045,0.0,0.05018,0.0
2017-10-22 08:04:00+02:00,0.06287,0.0,0.050076,0.0
2017-10-22 08:05:00+02:00,0.06062,0.0,0.04992,0.0
2017-10-22 08:06:00+02:00,0.0622,0.0,0.049816,0.0
2017-10-22 08:07:00+02:00,0.06514,0.0,0.049686,0.0
2017-10-22 08:08:00+02:00,0.05924,0.0,0.049556,0.0
2017-10-22 08:09:00+02:00,0.06157,0.0,0.0494,0.0
2017-10-22 08:10:00+02:00,0.0616,0.0,0.049296,0.0
2017-10-22 08:11:00+02:00,0.05472,0.0,0.049192,0.0
2017-10-22 08:12:00+02:00,0.05047,0.0,0.049036,0.0
2017-10-22 08:13:00+02:00,0.04907,0.0,0.048932,0.0
2017-10-22 08:14:00+02:00,0.05531,0.0,0.048802,0.0
2017-10-22 08:15:00+02:00,0.05492,0.0,0.048672,0.0
2017-10-22 08:16:00+02:00,0.05401,0.0,0.048568,0.0
2017-10-22 08:17:00+02:00,0.05776,0.0,0.048438,0.0
2017-10-22 08:18:00+02:00,0.06002,0.007472,0.048308,0.0
2017-10-22 08:19:00+02:00,0.05708,0.008926,0.048178,0.0
2017-10-22 08:20:00+02:00,0.05735,0.009612,0.048074,0.0
2017-10-22 08:21:00+02:00,0.05407,0.010942,0.047918,0.0
2017-10-22 08:22:00+02:00,0.04811,0.014138,0.047814,0.0
2017-10-22 08:23:00+02:00,0.05418,0.015891,0.047684,0.0
2017-10-22 08:24:00+02:00,0.0522,0.019742,0.047528,0.0
2017-10-22 08:25:00+02:00,0.05465,0.019487,0.047424,0.0
2017-10-22 08:26:00+02:00,0.0566,0.022157,0.047294,0.0
2017-10-22 08:27:00+02:00,0.05582,0.025585,0.047164,0.0
2017-10-22 08:28:00+02:00,0.0587,0.026323,0.04706,0.0
2017-10-22 08:29:00+02:00,0.0642,0.030076,0.04693,0.0
2017-10-22 08:30:00+02:00,0.06746,0.032175,0.0468,0.0
2017-10-22 08:31:00+02:00,0.0654,0.035406,0.04667,0.0
2017-10-22 08:32:00+02:00,0.06309,0.034487,0.046566,0.0
2017-10-22 08:33:00+02:00,0.06567,0.033712,0.046436,0.0
2017-10-22 08:34:00+02:00,0.06511,0.03444,0.046306,0.0
2017-10-22 08:35:00+02:00,0.06974,0.03593,0.046202,0.0
2017-10-22 08:36:00+02:00,0.07859,0.035174,0.046072,0.0
2017-10-22 08:37:00+02:00,0.07045,0.034355,0.045942,0.0
2017-10-22 08:38:00+02:00,0.06568,0.03413,0.045786,0.0
2017-10-22 08:39:00+02:00,0.06652,0.034113,0.045682,0.0
2017-10-22 08:40:00+02:00,0.06967,0.034837,0.045552,0.0
2017-10-22 08:41:00+02:00,0.05727,0.0371,0.045422,0.0
2017-10-22 08:42:00+02:00,0.04982,0.039086,0.045318,0.0
2017-10-22 08:43:00+02:00,0.04504,0.046282,0.045162,0.0
2017-10-22 08:44:00+02:00,0.05048,0.049207,0.045058,0.0
2017-10-22 08:45:00+02:00,0.0496,0.053286,0.044928,0.0
2017-10-22 08:46:00+02:00,0.05426,0.06021,0.044798,0.0
2017-10-22 08:47:00+02:00,0.05597,0.061319,0.044694,0.0
2017-10-22 08:48:00+02:00,0.05628,0.062307,0.044564,0.0
2017-10-22 08:49:00+02:00,0.05196,0.054818,0.044434,0.0
2017-10-22 08:50:00+02:00,0.0526,0.052107,0.044304,0.0
2017-10-22 08:51:00+02:00,0.05028,0.048336,0.0442,0.0
2017-10-22 08:52:00+02:00,0.05228,0.045212,0.04407,0.0
2017-10-22 08:53:00+02:00,0.05761,0.042101,0.043914,0.0
2017-10-22 08:54:00+02:00,0.0645,0.038156,0.04381,0.0
2017-10-22 08:55:00+02:00,0.06479,0.037331,0.043654,0.0
2017-10-22 08:56:00+02:00,0.06559,0.035448,0.04355,0.0
2017-10-22 08:57:00+02:00,0.06228,0.035876,0.04342,0.0
2017-10-22 08:58:00+02:00,0.06185,0.037142,0.043316,0.0
2017-10-22 08:59:00+02:00,0.05776,0.041956,0.043186,0.0
2017-10-22 09:00:00+02:00,0.05726,0.04809,0.043056,0.0
2017-10-22 09:01:00+02:00,0.05536,0.052328,0.042952,0.0
2017-10-22 09:02:00+02:00,0.05686,0.059801,0.042848,0.0
2017-10-22 09:03:00+02:00,0.05903,0.062742,0.042796,0.0
2017-10-22 09:04:00+02:00,0.06067,0.074993,0.042744,0.0
2017-10-22 09:05:00+02:00,0.05655,0.10514,0.042692,0.0
2017-10-22 09:06:00+02:00,0.05653,0.140823,0.042588,0.0
2017-10-22 09:07:00+02:00,0.06242,0.173527,0.042562,0.0
2017-10-22 09:08:00+02:00,0.0657,0.170898,0.042484,0.0
2017-10-22 09:09:00+02:00,0.06921,0.121368,0.042432,0.0
2017-10-22 09:10:00+02:00,0.06902,0.090757,0.042328,0.0
2017-10-22 09:11:00+02:00,0.07599,0.100717,0.042328,0.0
2017-10-22 09:12:00+02:00,0.0775,0.13782,0.042224,0.0
2017-10-22 09:13:00+02:00,0.07419,0.16508,0.042146,0.0
2017-10-22 09:14:00+02:00,0.07467,0.180197,0.042094,0.0
2017-10-22 09:15:00+02:00,0.07034,0.180502,0.042042,0.0
2017-10-22 09:16:00+02:00,0.06649,0.179243,0.041964,0.0
2017-10-22 09:17:00+02:00,0.0679,0.183435,0.041912,0.0
2017-10-22 09:18:00+02:00,0.06593,0.1753,0.04186,0.0
2017-10-22 09:19:00+02:00,0.06866,0.170595,0.041782,0.0
2017-10-22 09:20:00+02:00,0.07319,0.16059,0.04173,0.0
2017-10-22 09:21:00+02:00,0.06652,0.159212,0.041652,0.0
2017-10-22 09:22:00+02:00,0.06454,0.169772,0.0416,0.0
2017-10-22 09:23:00+02:00,0.06302,0.229209,0.041548,0.0
2017-10-22 09:24:00+02:00,0.06205,0.337331,0.041444,0.0
2017-10-22 09:25:00+02:00,0.05961,0.302275,0.041392,0.0
2017-10-22 09:26:00+02:00,0.05597,0.337569,0.04134,0.0
2017-10-22 09:27:00+02:00,0.05645,0.453014,0.041288,0.0
2017-10-22 09:28:00+02:00,0.06015,0.441903,0.041184,0.0
2017-10-22 09:29:00+02:00,0.05954,0.446897,0.041184,0.0
2017-10-22 09:30:00+02:00,0.06281,0.444476,0.04108,0.0
2017-10-22 09:31:00+02:00,0.05586,0.437212,0.041028,0.0
2017-10-22 09:32:00+02:00,0.05685,0.450343,0.04095,0.0
2017-10-22 09:33:00+02:00,0.05069,0.457779,0.040924,0.0
2017-10-22 09:34:00+02:00,0.05366,0.462058,0.04082,0.0
2017-10-22 09:35:00+02:00,0.05909,0.471885,0.040768,0.0
2017-10-22 09:36:00+02:00,0.06281,0.483179,0.040716,0.0
2017-10-22 09:37:00+02:00,0.06067,0.492408,0.040638,0.0
2017-10-22 09:38:00+02:00,0.06531,0.494849,0.040586,0.0
2017-10-22 09:39:00+02:00,0.06347,0.491819,0.040508,0.0
2017-10-22 09:40:00+02:00,0.06413,0.492425,0.040456,0.0
2017-10-22 09:41:00+02:00,0.06427,0.496061,0.040404,0.0
2017-10-22 09:42:00+02:00,0.06463,0.492781,0.040326,0.0
2017-10-22 09:43:00+02:00,0.06509,0.455752,0.040248,0.0
2017-10-22 09:44:00+02:00,0.06832,0.350233,0.040222,0.0
2017-10-22 09:45:00+02:00,0.05608,0.478651,0.040144,0.0
2017-10-22 09:46:00+02:00,0.05874,0.506335,0.040066,0.0
2017-10-22 09:47:00+02:00,0.05671,0.493686,0.04004,0.0
2017-10-22 09:48:00+02:00,0.06164,0.227492,0.039936,0.0
2017-10-22 09:49:00+02:00,0.07088,0.167378,0.039884,0.0
2017-10-22 09:50:00+02:00,0.057,0.163336,0.039806,0.0
2017-10-22 09:51:00+02:00,0.05733,0.167547,0.03978,0.0
2017-10-22 09:52:00+02:00,0.05806,0.179754,0.039676,0.0
2017-10-22 09:53:00+02:00,0.05787,0.193672,0.03965,0.0
2017-10-22 09:54:00+02:00,0.05722,0.246894,0.039572,0.0
2017-10-22 09:55:00+02:00,0.05555,0.328881,0.03952,0.0
2017-10-22 09:56:00+02:00,0.05027,0.397447,0.039442,0.0
2017-10-22 09:57:00+02:00,0.0558,0.475479,0.03939,0.0
2017-10-22 09:58:00+02:00,0.0551,0.215074,0.039312,0.0
2017-10-22 09:59:00+02:00,0.05255,0.153502,0.03926,0.0
2017-10-22 10:00:00+02:00,0.05727,0.117487,0.039182,0.0
2017-10-22 10:01:00+02:00,0.05948,0.097817,0.039104,0.0
2017-10-22 10:02:00+02:00,0.05984,0.099069,0.039052,0.0
2017-10-22 10:03:00+02:00,0.06076,0.101949,0.039,0.0
2017-10-22 10:04:00+02:00,0.05889,0.104147,0.038922,0.0
2017-10-22 10:05:00+02:00,0.05252,0.109559,0.038818,0.0
2017-10-22 10:06:00+02:00,0.0513,0.123019,0.038818,0.0
2017-10-22 10:07:00+02:00,0.05546,0.141889,0.038714,0.0
2017-10-22 10:08:00+02:00,0.06067,0.151575,0.038636,0.0
2017-10-22 10:09:00+02:00,0.0659,0.159833,0.038584,0.0
2017-10-22 10:10:00+02:00,0.05857,0.168712,0.038532,0.0
2017-10-22 10:11:00+02:00,0.05355,0.171076,0.038454,0.0
2017-10-22 10:12:00+02:00,0.05105,0.168067,0.038376,0.0
2017-10-22 10:13:00+02:00,0.05161,0.168481,0.038324,0.0
2017-10-22 10:14:00+02:00,0.05853,0.171926,0.038272,0.0
2017-10-22 10:15:00+02:00,0.0551,0.178126,0.038168,0.0
2017-10-22 10:16:00+02:00,0.05229,0.184659,0.038142,0.0
2017-10-22 10:17:00+02:00,0.04477,0.189848,0.038038,0.0
2017-10-22 10:18:00+02:00,0.05138,0.194223,0.038012,0.0
2017-10-22 10:19:00+02:00,0.05526,0.199021,0.037908,0.0
2017-10-22 10:20:00+02:00,0.04934,0.199931,0.037882,0.0
2017-10-22 10:21:00+02:00,0.04963,0.196842,0.037778,0.0
2017-10-22 10:22:00+02:00,0.05453,0.194496,0.0377,0.0
2017-10-22 10:23:00+02:00,0.05699,0.191173,0.037674,0.0
2017-10-22 10:24:00+02:00,0.05546,0.184076,0.03757,0.0
2017-10-22 10:25:00+02:00,0.05607,0.179022,0.037518,0.0
2017-10-22 10:26:00+02:00,0.05421,0.173914,0.037466,0.0
2017-10-22 10:27:00+02:00,0.05498,0.16946,0.037414,0.0
2017-10-22 10:28:00+02:00,0.05618,0.164726,0.03731,0.0
2017-10-22 10:29:00+02:00,0.0565,0.161205,0.037232,0.0
2017-10-22 10:30:00+02:00,0.05697,0.159418,0.037206,0.0
2017-10-22 10:31:00+02:00,0.06147,0.161203,0.037128,0.0
2017-10-22 10:32:00+02:00,0.06583,0.169413,0.03705,0.0
2017-10-22 10:33:00+02:00,0.06896,0.18182,0.036998,0.0
2017-10-22 10:34:00+02:00,0.06875,0.20078,0.036946,0.0
2017-10-22 10:35:00+02:00,0.07315,0.263912,0.036868,0.0
2017-10-22 10:36:00+02:00,0.06388,0.485589,0.036764,0.0
2017-10-22 10:37:00+02:00,0.04915,0.605143,0.036712,0.0
2017-10-22 10:38:00+02:00,0.05653,0.740728,0.036634,0.0
2017-10-22 10:39:00+02:00,0.06602,0.610424,0.036582,0.0
2017-10-22 10:40:00+02:00,0.07072,0.469968,0.03653,0.0
2017-10-22 10:41:00+02:00,0.0556,0.33407,0.036452,0.0
2017-10-22 10:42:00+02:00,0.05651,0.341913,0.036374,0.0
2017-10-22 10:43:00+02:00,0.05454,0.315656,0.036322,0.0
2017-10-22 10:44:00+02:00,0.05528,0.4103,0.03627,0.0
2017-10-22 10:45:00+02:00,0.05075,0.257499,0.036166,0.0
2017-10-22 10:46:00+02:00,0.05395,0.235619,0.036114,0.0
2017-10-22 10:47:00+02:00,0.05014,0.221586,0.036062,0.0
2017-10-22 10:48:00+02:00,0.04585,0.202055,0.03601,0.0
2017-10-22 10:49:00+02:00,0.0442,0.252512,0.035906,0.0
2017-10-22 10:50:00+02:00,0.04876,0.216227,0.03588,0.0
2017-10-22 10:51:00+02:00,0.05175,0.162891,0.035802,0.0
2017-10-22 10:52:00+02:00,0.06272,0.199673,0.035724,0.0
2017-10-22 10:53:00+02:00,0.06246,0.373887,0.035646,0.0
2017-10-22 10:54:00+02:00,0.06345,0.290987,0.035568,0.0
2017-10-22 10:55:00+02:00,0.06096,0.199617,0.035542,0.0
2017-10-22 10:56:00+02:00,0.05766,0.47761,0.035438,0.0
2017-10-22 10:57:00+02:00,0.05977,0.610795,0.035412,0.0
2017-10-22 10:58:00+02:00,0.05677,0.296358,0.035308,0.0
2017-10-22 10:59:00+02:00,0.05573,0.210907,0.035256,0.0
2017-10-22 11:00:00+02:00,0.05637,0.216969,0.035204,0.0
2017-10-22 11:01:00+02:00,0.0527,0.195367,0.035126,0.0
2017-10-22 11:02:00+02:00,0.05194,0.203739,0.035048,0.0
2017-10-22 11:03:00+02:00,0.05261,0.194413,0.03497,0.0
2017-10-22 11:04:00+02:00,0.05312,0.197637,0.034918,0.0
2017-10-22 11:05:00+02:00,0.05494,0.208452,0.034866,0.0
2017-10-22 11:06:00+02:00,0.06074,0.225373,0.034762,0.0
2017-10-22 11:07:00+02:00,0.06062,0.230215,0.034684,0.0
2017-10-22 11:08:00+02:00,0.06494,0.25186,0.034632,0.0
2017-10-22 11:09:00+02:00,0.06159,0.290819,0.034554,0.0
2017-10-22 11:10:00+02:00,0.05857,0.330664,0.034502,0.0
2017-10-22 11:11:00+02:00,0.05443,0.762526,0.034398,0.0
2017-10-22 11:12:00+02:00,0.0487,0.605529,0.034372,0.0
2017-10-22 11:13:00+02:00,0.05401,0.607062,0.034268,0.0
2017-10-22 11:14:00+02:00,0.05108,0.481706,0.03419,0.0
2017-10-22 11:15:00+02:00,0.05335,0.408325,0.034138,0.0
2017-10-22 11:16:00+02:00,0.05126,0.573784,0.03406,0.0
2017-10-22 11:17:00+02:00,0.05434,0.31331,0.034008,0.0
2017-10-22 11:18:00+02:00,0.04943,0.496218,0.033904,0.0
2017-10-22 11:19:00+02:00,0.05357,0.679783,0.033826,0.0
2017-10-22 11:20:00+02:00,0.05578,0.787986,0.033774,0.0
2017-10-22 11:21:00+02:00,0.0552,0.82184,0.033696,0.0
2017-10-22 11:22:00+02:00,0.04638,0.814539,0.033618,0.0
2017-10-22 11:23:00+02:00,0.04871,0.804321,0.03354,0.0
2017-10-22 11:24:00+02:00,0.04881,0.795006,0.033462,0.0
2017-10-22 11:25:00+02:00,0.05374,0.786872,0.033436,0.0
2017-10-22 11:26:00+02:00,0.05201,0.782073,0.033358,0.0
2017-10-22 11:27:00+02:00,0.04888,0.781434,0.033254,0.0
2017-10-22 11:28:00+02:00,0.04654,0.70972,0.033176,0.0
2017-10-22 11:29:00+02:00,0.04619,0.422383,0.033124,0.0
2017-10-22 11:30:00+02:00,0.04826,0.654225,0.033072,0.0
2017-10-22 11:31:00+02:00,0.04635,0.751338,0.032994,0.0
2017-10-22 11:32:00+02:00,0.04423,0.743625,0.03289,0.0
2017-10-22 11:33:00+02:00,0.04488,0.720706,0.032864,0.0
2017-10-22 11:34:00+02:00,0.04624,0.774472,0.03276,0.0
2017-10-22 11:35:00+02:00,0.04556,0.784286,0.032682,0.0
2017-10-22 11:36:00+02:00,0.04859,0.783829,0.03263,0.0
2017-10-22 11:37:00+02:00,0.04732,0.783748,0.032552,0.0
2017-10-22 11:38:00+02:00,0.04692,0.782683,0.0325,0.0
2017-10-22 11:39:00+02:00,0.04802,0.785531,0.032396,0.0
2017-10-22 11:40:00+02:00,0.05097,0.786748,0.032318,0.0
2017-10-22 11:41:00+02:00,0.05158,0.785974,0.032292,0.0
2017-10-22 11:42:00+02:00,0.05568,0.787207,0.032214,0.0
2017-10-22 11:43:00+02:00,0.05616,0.789394,0.032136,0.0
2017-10-22 11:44:00+02:00,0.05913,0.784901,0.032032,0.0
2017-10-22 11:45:00+02:00,0.06807,0.7501,0.03198,0.0
2017-10-22 11:46:00+02:00,0.06099,0.604751,0.031928,0.0
2017-10-22 11:47:00+02:00,0.05968,0.616306,0.03185,0.0
2017-10-22 11:48:00+02:00,0.05802,0.807589,0.031772,0.0
2017-10-22 11:49:00+02:00,0.05331,0.830822,0.03172,0.0
2017-10-22 11:50:00+02:00,0.05633,0.880269,0.031616,0.0
2017-10-22 11:51:00+02:00,0.05962,0.892207,0.031538,0.0
2017-10-22 11:52:00+02:00,0.05989,0.845619,0.031486,0.0
2017-10-22 11:53:00+02:00,0.0633,0.828759,0.031434,0.0
2017-10-22 11:54:00+02:00,0.06272,0.836707,0.031356,0.0
2017-10-22 11:55:00+02:00,0.06157,0.863878,0.031252,0.0
2017-10-22 11:56:00+02:00,0.05828,0.898092,0.0312,0.0
2017-10-22 11:57:00+02:00,0.05359,0.892198,0.031122,0.0
2017-10-22 11:58:00+02:00,0.04996,0.885139,0.03107,0.0
2017-10-22 11:59:00+02:00,0.04517,0.712907,0.030992,0.0
2017-10-22 12:00:00+02:00,0.04435,0.901639,0.030888,0.011
2017-10-22 12:01:00+02:00,0.04383,0.911059,0.030836,0.011
2017-10-22 12:02:00+02:00,0.03935,0.903263,0.030836,0.011
2017-10-22 12:03:00+02:00,0.0389,0.830323,0.030784,0.011
2017-10-22 12:04:00+02:00,0.0451,0.907904,0.030784,0.011
2017-10-22 12:05:00+02:00,0.04739,0.775669,0.030732,0.011
2017-10-22 12:06:00+02:00,0.04606,0.829793,0.030732,0.011
2017-10-22 12:07:00+02:00,0.04309,0.612967,0.030732,0.011
2017-10-22 12:08:00+02:00,0.04309,0.877599,0.030654,0.011
2017-10-22 12:09:00+02:00,0.04911,0.773801,0.030628,0.011
2017-10-22 12:10:00+02:00,0.05012,0.794049,0.030628,0.011
2017-10-22 12:11:00+02:00,0.05017,0.954883,0.030628,0.011
2017-10-22 12:12:00+02:00,0.04839,0.975947,0.030602,0.011
2017-10-22 12:13:00+02:00,0.0465,0.966265,0.030524,0.011
2017-10-22 12:14:00+02:00,0.04455,0.874743,0.030524,0.011
2017-10-22 12:15:00+02:00,0.03817,0.664173,0.030524,0.011
2017-10-22 12:16:00+02:00,0.03849,0.857269,0.030498,0.011
2017-10-22 12:17:00+02:00,0.03912,0.887895,0.030498,0.011
2017-10-22 12:18:00+02:00,0.0418,1.018008,0.030446,0.011
2017-10-22 12:19:00+02:00,0.04086,0.716584,0.03042,0.011
2017-10-22 12:20:00+02:00,0.04033,1.016067,0.030394,0.011
2017-10-22 12:21:00+02:00,0.04533,1.013761,0.030394,0.011
2017-10-22 12:22:00+02:00,0.04619,0.978605,0.030368,0.011
2017-10-22 12:23:00+02:00,0.04672,0.794688,0.030342,0.011
2017-10-22 12:24:00+02:00,0.04729,0.660681,0.03029,0.011
2017-10-22 12:25:00+02:00,0.05197,0.837427,0.03029,0.011
2017-10-22 12:26:00+02:00,0.05099,0.878036,0.030264,0.011
2017-10-22 12:27:00+02:00,0.04878,0.598949,0.030238,0.011
2017-10-22 12:28:00+02:00,0.04774,0.822711,0.030212,0.011
2017-10-22 12:29:00+02:00,0.04955,0.962636,0.030212,0.011
2017-10-22 12:30:00+02:00,0.04603,0.931297,0.03016,0.011
2017-10-22 12:31:00+02:00,0.04842,0.991921,0.030134,0.011
2017-10-22 12:32:00+02:00,0.04888,1.001085,0.030134,0.011
2017-10-22 12:33:00+02:00,0.04826,0.969296,0.030108,0.011
2017-10-22 12:34:00+02:00,0.0548,1.005401,0.030082,0.011
2017-10-22 12:35:00+02:00,0.05787,0.998219,0.03003,0.011
2017-10-22 12:36:00+02:00,0.05283,0.798179,0.03003,0.011
2017-10-22 12:37:00+02:00,0.0466,0.991374,0.03003,0.011
2017-10-22 12:38:00+02:00,0.0466,0.997571,0.029978,0.011
2017-10-22 12:39:00+02:00,0.04606,0.987386,0.029952,0.011
2017-10-22 12:40:00+02:00,0.0493,0.971763,0.029926,0.011
2017-10-22 12:41:00+02:00,0.0496,0.973484,0.029926,0.011
2017-10-22 12:42:00+02:00,0.0468,0.801791,0.029874,0.011
2017-10-22 12:43:00+02:00,0.04435,0.323671,0.029848,0.011
2017-10-22 12:44:00+02:00,0.04539,0.299727,0.029848,0.011
2017-10-22 12:45:00+02:00,0.04624,0.34041,0.029848,0.011
2017-10-22 12:46:00+02:00,0.04741,0.493235,0.02977,0.011
2017-10-22 12:47:00+02:00,0.04734,0.340272,0.02977,0.011
2017-10-22 12:48:00+02:00,0.04665,0.368288,0.029744,0.011
2017-10-22 12:49:00+02:00,0.04537,0.413192,0.029744,0.005373
2017-10-22 12:50:00+02:00,0.05098,0.282513,0.029692,0.0
2017-10-22 12:51:00+02:00,0.04796,0.718005,0.029666,0.0
2017-10-22 12:52:00+02:00,0.04593,0.297204,0.029666,0.0
2017-10-22 12:53:00+02:00,0.04527,0.200493,0.02964,0.0
2017-10-22 12:54:00+02:00,0.05068,0.19015,0.029588,0.0
2017-10-22 12:55:00+02:00,0.0545,0.183732,0.029588,0.0
2017-10-22 12:56:00+02:00,0.0509,0.1767,0.029562,0.0
2017-10-22 12:57:00+02:00,0.04787,0.182815,0.029562,0.0
2017-10-22 12:58:00+02:00,0.04986,0.203494,0.029484,0.0
2017-10-22 12:59:00+02:00,0.04511,0.208517,0.029484,0.0
2017-10-22 13:00:00+02:00,0.04567,0.21961,0.029484,0.011
2017-10-22 13:01:00+02:00,0.03993,0.243177,0.029458,0.011
2017-10-22 13:02:00+02:00,0.0389,0.274985,0.029406,0.011
2017-10-22 13:03:00+02:00,0.03829,0.319854,0.02938,0.011
2017-10-22 13:04:00+02:00,0.03762,0.344832,0.02938,0.011
2017-10-22 13:05:00+02:00,0.03849,0.531805,0.02938,0.011
2017-10-22 13:06:00+02:00,0.0482,0.928422,0.029354,0.011
2017-10-22 13:07:00+02:00,0.046,0.620666,0.029328,0.011
2017-10-22 13:08:00+02:00,0.04157,0.865934,0.029302,0.011
2017-10-22 13:09:00+02:00,0.04071,0.325047,0.029276,0.011
2017-10-22 13:10:00+02:00,0.03951,0.2821,0.02925,0.011
2017-10-22 13:11:00+02:00,0.04188,0.280678,0.02925,0.011
2017-10-22 13:12:00+02:00,0.04031,0.319625,0.029224,0.011
2017-10-22 13:13:00+02:00,0.04168,0.330744,0.029224,0.011
2017-10-22 13:14:00+02:00,0.04182,0.303018,0.029224,0.011
2017-10-22 13:15:00+02:00,0.04188,0.272809,0.029146,0.011
2017-10-22 13:16:00+02:00,0.04345,0.264757,0.029146,0.00024
2017-10-22 13:17:00+02:00,0.04256,0.272714,0.02912,0.0
2017-10-22 13:18:00+02:00,0.0446,0.299372,0.02912,0.0
2017-10-22 13:19:00+02:00,0.0435,0.318122,0.02912,0.0
2017-10-22 13:20:00+02:00,0.04621,0.318065,0.029094,0.0
2017-10-22 13:21:00+02:00,0.04669,0.315151,0.029068,0.0
2017-10-22 13:22:00+02:00,0.05576,0.306917,0.029016,0.0
2017-10-22 13:23:00+02:00,0.05657,0.307594,0.029016,0.0
2017-10-22 13:24:00+02:00,0.06136,0.472285,0.02899,0.0
2017-10-22 13:25:00+02:00,0.05852,0.921881,0.02899,0.0
2017-10-22 13:26:00+02:00,0.05665,0.92567,0.02899,0.0
2017-10-22 13:27:00+02:00,0.04282,0.749824,0.028938,0.0
2017-10-22 13:28:00+02:00,0.04402,0.927283,0.028912,0.0
2017-10-22 13:29:00+02:00,0.0419,0.708911,0.028886,0.0
2017-10-22 13:30:00+02:00,0.04153,0.79463,0.028886,0.0
2017-10-22 13:31:00+02:00,0.03825,0.377965,0.028886,0.0
2017-10-22 13:32:00+02:00,0.03663,0.434161,0.02886,0.0
2017-10-22 13:33:00+02:00,0.03784,0.406137,0.028808,0.0
2017-10-22 13:34:00+02:00,0.03831,0.255642,0.028808,0.0
2017-10-22 13:35:00+02:00,0.04035,0.230076,0.028782,0.0
2017-10-22 13:36:00+02:00,0.04676,0.219568,0.028756,0.0
2017-10-22 13:37:00+02:00,0.04576,0.202102,0.028756,0.0
2017-10-22 13:38:00+02:00,0.04782,0.191335,0.02873,0.0
2017-10-22 13:39:00+02:00,0.04658,0.182778,0.028704,0.0
2017-10-22 13:40:00+02:00,0.04258,0.178626,0.028704,0.0
2017-10-22 13:41:00+02:00,0.04785,0.187462,0.028652,0.0
2017-10-22 13:42:00+02:00,0.04523,0.190281,0.028626,0.0
2017-10-22 13:43:00+02:00,0.04591,0.199771,0.028626,0.0
2017-10-22 13:44:00+02:00,0.04574,0.220629,0.028626,0.0
2017-10-22 13:45:00+02:00,0.04136,0.20023,0.0286,0.022
2017-10-22 13:46:00+02:00,0.03996,0.19018,0.028574,0.022
2017-10-22 13:47:00+02:00,0.0388,0.188299,0.028548,0.022
2017-10-22 13:48:00+02:00,0.03931,0.209477,0.028522,0.022
2017-10-22 13:49:00+02:00,0.04437,0.249685,0.028522,0.022
2017-10-22 13:50:00+02:00,0.04613,0.544858,0.028522,0.022
2017-10-22 13:51:00+02:00,0.04596,0.920561,0.02847,0.022
2017-10-22 13:52:00+02:00,0.04519,0.864734,0.028444,0.022
2017-10-22 13:53:00+02:00,0.04684,0.512259,0.028444,0.022
2017-10-22 13:54:00+02:00,0.04529,0.821184,0.028418,0.022
2017-10-22 13:55:00+02:00,0.04246,0.595926,0.028418,0.022
2017-10-22 13:56:00+02:00,0.04849,0.286943,0.028366,0.022
2017-10-22 13:57:00+02:00,0.04647,0.415857,0.028366,0.022
2017-10-22 13:58:00+02:00,0.04153,0.209944,0.02834,0.022
2017-10-22 13:59:00+02:00,0.04118,0.182054,0.02834,0.022
2017-10-22 14:00:00+02:00,0.0396,0.173108,0.02834,0.022
2017-10-22 14:01:00+02:00,0.03749,0.180446,0.028262,0.022
2017-10-22 14:02:00+02:00,0.03786,0.200775,0.028262,0.022
2017-10-22 14:03:00+02:00,0.04188,0.435479,0.028262,0.022
2017-10-22 14:04:00+02:00,0.0494,0.789657,0.028262,0.022
2017-10-22 14:05:00+02:00,0.04658,0.562851,0.028262,0.014773
2017-10-22 14:06:00+02:00,0.04466,0.737873,0.028262,0.011
2017-10-22 14:07:00+02:00,0.04539,0.923528,0.028262,0.011
2017-10-22 14:08:00+02:00,0.04529,0.918265,0.028262,0.011
2017-10-22 14:09:00+02:00,0.0405,0.908361,0.028262,0.011
2017-10-22 14:10:00+02:00,0.04375,0.890866,0.028262,0.00038
2017-10-22 14:11:00+02:00,0.03849,0.701409,0.028262,0.0
2017-10-22 14:12:00+02:00,0.03997,0.808635,0.028262,0.0
2017-10-22 14:13:00+02:00,0.04258,0.586356,0.028262,0.0
2017-10-22 14:14:00+02:00,0.04096,0.496867,0.028262,0.0
2017-10-22 14:15:00+02:00,0.04191,0.778584,0.028262,0.011
2017-10-22 14:16:00+02:00,0.05151,0.879599,0.028262,0.011
2017-10-22 14:17:00+02:00,0.04911,0.878966,0.028262,0.011
2017-10-22 14:18:00+02:00,0.04619,0.863373,0.028262,0.011
2017-10-22 14:19:00+02:00,0.04365,0.843646,0.028262,0.011
2017-10-22 14:20:00+02:00,0.03934,0.826415,0.028262,0.011
2017-10-22 14:21:00+02:00,0.05088,0.816437,0.028262,0.011
2017-10-22 14:22:00+02:00,0.05487,0.810577,0.028262,0.011
2017-10-22 14:23:00+02:00,0.05381,0.746133,0.028262,0.011
2017-10-22 14:24:00+02:00,0.05436,0.519461,0.028262,0.011
2017-10-22 14:25:00+02:00,0.0538,0.838599,0.028262,0.011
2017-10-22 14:26:00+02:00,0.0547,0.846503,0.028262,0.011
2017-10-22 14:27:00+02:00,0.055,0.869057,0.028262,0.011
2017-10-22 14:28:00+02:00,0.04945,0.864981,0.028236,0.011
2017-10-22 14:29:00+02:00,0.05275,0.86542,0.028236,0.011
2017-10-22 14:30:00+02:00,0.05254,0.868795,0.028236,0.033
2017-10-22 14:31:00+02:00,0.05004,0.864198,0.028236,0.033
2017-10-22 14:32:00+02:00,0.04796,0.866526,0.028236,0.033
2017-10-22 14:33:00+02:00,0.05079,0.393368,0.028236,0.033
2017-10-22 14:34:00+02:00,0.05047,0.324603,0.028236,0.033
2017-10-22 14:35:00+02:00,0.04916,0.315907,0.028236,0.033
2017-10-22 14:36:00+02:00,0.06229,0.314587,0.028236,0.033
2017-10-22 14:37:00+02:00,0.06472,0.329066,0.028236,0.033
2017-10-22 14:38:00+02:00,0.06629,0.812534,0.028236,0.033
2017-10-22 14:39:00+02:00,0.06782,0.832634,0.028236,0.033
2017-10-22 14:40:00+02:00,0.062,0.473773,0.028236,0.033
2017-10-22 14:41:00+02:00,0.06118,0.507643,0.028236,0.033
2017-10-22 14:42:00+02:00,0.06038,0.34023,0.028236,0.033
2017-10-22 14:43:00+02:00,0.06266,0.443255,0.028236,0.033
2017-10-22 14:44:00+02:00,0.06016,0.624539,0.028236,0.033
2017-10-22 14:45:00+02:00,0.06533,0.399713,0.028236,0.033
2017-10-22 14:46:00+02:00,0.07119,0.351826,0.02821,0.033
2017-10-22 14:47:00+02:00,0.07149,0.350212,0.02821,0.033
2017-10-22 14:48:00+02:00,0.06327,0.388195,0.02821,0.033
2017-10-22 14:49:00+02:00,0.06165,0.354574,0.02821,0.033
2017-10-22 14:50:00+02:00,0.06573,0.34077,0.02821,0.033
2017-10-22 14:51:00+02:00,0.06199,0.313384,0.02821,0.033
2017-10-22 14:52:00+02:00,0.0673,0.298855,0.02821,0.033
2017-10-22 14:53:00+02:00,0.06585,0.301682,0.02821,0.033
2017-10-22 14:54:00+02:00,0.06173,0.307914,0.02821,0.033
2017-10-22 14:55:00+02:00,0.06161,0.322323,0.028184,0.02336
2017-10-22 14:56:00+02:00,0.05923,0.340423,0.028184,0.022
2017-10-22 14:57:00+02:00,0.06015,0.371557,0.028184,0.022
2017-10-22 14:58:00+02:00,0.05787,0.518186,0.028184,0.022
2017-10-22 14:59:00+02:00,0.06676,0.570862,0.028184,0.022
2017-10-22 15:00:00+02:00,0.07339,0.54109,0.028184,0.044
2017-10-22 15:01:00+02:00,0.07587,0.608887,0.028184,0.044
2017-10-22 15:02:00+02:00,0.07294,0.756583,0.028236,0.044
2017-10-22 15:03:00+02:00,0.07174,0.831785,0.028262,0.044
2017-10-22 15:04:00+02:00,0.07269,0.840281,0.028262,0.044
2017-10-22 15:05:00+02:00,0.07678,0.832875,0.02834,0.03786
2017-10-22 15:06:00+02:00,0.07134,0.790165,0.02834,0.033
2017-10-22 15:07:00+02:00,0.07187,0.643414,0.028366,0.033
2017-10-22 15:08:00+02:00,0.06776,0.702622,0.028418,0.033
2017-10-22 15:09:00+02:00,0.06878,0.719903,0.028418,0.033
2017-10-22 15:10:00+02:00,0.0627,0.67559,0.028444,0.033
2017-10-22 15:11:00+02:00,0.06069,0.513824,0.028496,0.033
2017-10-22 15:12:00+02:00,0.05806,0.386041,0.028522,0.033
2017-10-22 15:13:00+02:00,0.05464,0.442839,0.028522,0.033
2017-10-22 15:14:00+02:00,0.05752,0.604696,0.028574,0.033
2017-10-22 15:15:00+02:00,0.06344,0.72225,0.028626,0.055
2017-10-22 15:16:00+02:00,0.06077,0.746744,0.028626,0.055
2017-10-22 15:17:00+02:00,0.05777,0.731801,0.028652,0.055
2017-10-22 15:18:00+02:00,0.05514,0.722592,0.028704,0.055
2017-10-22 15:19:00+02:00,0.05275,0.716854,0.02873,0.055
2017-10-22 15:20:00+02:00,0.05251,0.710123,0.028756,0.055
2017-10-22 15:21:00+02:00,0.05509,0.700496,0.028782,0.055
2017-10-22 15:22:00+02:00,0.0521,0.688332,0.028782,0.05336
2017-10-22 15:23:00+02:00,0.05588,0.682071,0.02886,0.044
2017-10-22 15:24:00+02:00,0.05814,0.673071,0.028886,0.044
2017-10-22 15:25:00+02:00,0.05386,0.666028,0.028886,0.044
2017-10-22 15:26:00+02:00,0.05282,0.664883,0.028912,0.044
2017-10-22 15:27:00+02:00,0.05264,0.662804,0.028938,0.044
2017-10-22 15:28:00+02:00,0.0529,0.658283,0.02899,0.044
2017-10-22 15:29:00+02:00,0.04996,0.607026,0.029016,0.044
2017-10-22 15:30:00+02:00,0.04997,0.177697,0.029016,0.066
2017-10-22 15:31:00+02:00,0.05514,0.133595,0.029068,0.066
2017-10-22 15:32:00+02:00,0.07434,0.116229,0.02912,0.066
2017-10-22 15:33:00+02:00,0.06584,0.102423,0.02912,0.066
2017-10-22 15:34:00+02:00,0.05368,0.093496,0.029146,0.062933
2017-10-22 15:35:00+02:00,0.05196,0.087383,0.029172,0.055
2017-10-22 15:36:00+02:00,0.04868,0.083247,0.029224,0.0462
2017-10-22 15:37:00+02:00,0.04857,0.081752,0.02925,0.044
2017-10-22 15:38:00+02:00,0.05864,0.08041,0.029276,0.044
2017-10-22 15:39:00+02:00,0.05236,0.080683,0.029276,0.044
2017-10-22 15:40:00+02:00,0.04634,0.083383,0.029328,0.044
2017-10-22 15:41:00+02:00,0.04296,0.088871,0.029354,0.044
2017-10-22 15:42:00+02:00,0.04302,0.094748,0.02938,0.044
2017-10-22 15:43:00+02:00,0.04264,0.099411,0.02938,0.044
2017-10-22 15:44:00+02:00,0.04849,0.10781,0.029458,0.044
2017-10-22 15:45:00+02:00,0.05942,0.115783,0.029484,0.044
2017-10-22 15:46:00+02:00,0.06159,0.117104,0.029484,0.044
2017-10-22 15:47:00+02:00,0.05445,0.120515,0.02951,0.044
2017-10-22 15:48:00+02:00,0.05445,0.124876,0.029562,0.044
2017-10-22 15:49:00+02:00,0.05863,0.131741,0.029588,0.044
2017-10-22 15:50:00+02:00,0.05967,0.131347,0.029614,0.044
2017-10-22 15:51:00+02:00,0.05326,0.129288,0.02964,0.044
2017-10-22 15:52:00+02:00,0.05386,0.130248,0.029666,0.044
2017-10-22 15:53:00+02:00,0.05425,0.137844,0.029692,0.044
2017-10-22 15:54:00+02:00,0.06366,0.146993,0.029744,0.044
2017-10-22 15:55:00+02:00,0.06711,0.159326,0.029744,0.044
2017-10-22 15:56:00+02:00,0.06262,0.170261,0.02977,0.044
2017-10-22 15:57:00+02:00,0.05962,0.178587,0.029848,0.044
2017-10-22 15:58:00+02:00,0.06547,0.185351,0.029848,0.044
2017-10-22 15:59:00+02:00,0.07012,0.188046,0.029848,0.044
2017-10-22 16:00:00+02:00,0.07299,0.184497,0.029926,0.066
2017-10-22 16:01:00+02:00,0.0697,0.172983,0.029926,0.066
2017-10-22 16:02:00+02:00,0.06764,0.162602,0.029978,0.066
2017-10-22 16:03:00+02:00,0.06805,0.151269,0.03003,0.066
2017-10-22 16:04:00+02:00,0.07419,0.142856,0.03003,0.066
2017-10-22 16:05:00+02:00,0.07072,0.14318,0.030108,0.066
2017-10-22 16:06:00+02:00,0.06644,0.13988,0.030134,0.066
2017-10-22 16:07:00+02:00,0.05982,0.134731,0.03016,0.066
2017-10-22 16:08:00+02:00,0.05886,0.13255,0.030212,0.066
2017-10-22 16:09:00+02:00,0.0621,0.132582,0.030264,0.066
2017-10-22 16:10:00+02:00,0.06045,0.130566,0.03029,0.066
2017-10-22 16:11:00+02:00,0.06107,0.126265,0.030342,0.066
2017-10-22 16:12:00+02:00,0.06092,0.112203,0.030368,0.066
2017-10-22 16:13:00+02:00,0.06299,0.098868,0.030394,0.066
2017-10-22 16:14:00+02:00,0.05733,0.086297,0.030446,0.066
2017-10-22 16:15:00+02:00,0.05641,0.080211,0.030498,0.088
2017-10-22 16:16:00+02:00,0.05746,0.076869,0.030524,0.088
2017-10-22 16:17:00+02:00,0.05888,0.071811,0.03055,0.088
2017-10-22 16:18:00+02:00,0.05668,0.06575,0.030628,0.077207
2017-10-22 16:19:00+02:00,0.05338,0.064003,0.030628,0.077
2017-10-22 16:20:00+02:00,0.05109,0.064546,0.03068,0.077
2017-10-22 16:21:00+02:00,0.06286,0.065692,0.030732,0.073773
2017-10-22 16:22:00+02:00,0.07073,0.07084,0.030758,0.066
2017-10-22 16:23:00+02:00,0.06587,0.077459,0.030784,0.066
2017-10-22 16:24:00+02:00,0.06686,0.083936,0.030836,0.066
2017-10-22 16:25:00+02:00,0.06714,0.0893,0.030888,0.066
2017-10-22 16:26:00+02:00,0.07048,0.088989,0.030888,0.066
2017-10-22 16:27:00+02:00,0.06764,0.088675,0.030992,0.066
2017-10-22 16:28:00+02:00,0.06852,0.086666,0.030992,0.060913
2017-10-22 16:29:00+02:00,0.06155,0.077859,0.031018,0.055
2017-10-22 16:30:00+02:00,0.06346,0.061717,0.03107,0.066
2017-10-22 16:31:00+02:00,0.06191,0.047225,0.031096,0.066
2017-10-22 16:32:00+02:00,0.05926,0.037861,0.031148,0.066
2017-10-22 16:33:00+02:00,0.05779,0.030677,0.031174,0.066
2017-10-22 16:34:00+02:00,0.05955,0.031281,0.031252,0.060247
2017-10-22 16:35:00+02:00,0.05903,0.033365,0.031252,0.03568
2017-10-22 16:36:00+02:00,0.05876,0.036546,0.031304,0.033
2017-10-22 16:37:00+02:00,0.06182,0.037014,0.031356,0.033
2017-10-22 16:38:00+02:00,0.06162,0.03403,0.031356,0.033
2017-10-22 16:39:00+02:00,0.0591,0.033621,0.031434,0.033
2017-10-22 16:40:00+02:00,0.05492,0.030931,0.03146,0.033
2017-10-22 16:41:00+02:00,0.05153,0.028292,0.031486,0.033
2017-10-22 16:42:00+02:00,0.04875,0.027658,0.031538,0.033
2017-10-22 16:43:00+02:00,0.05,0.024738,0.031564,0.033
2017-10-22 16:44:00+02:00,0.05695,0.021016,0.031616,0.033
2017-10-22 16:45:00+02:00,0.06708,0.018679,0.031668,0.033
2017-10-22 16:46:00+02:00,0.06898,0.016318,0.031668,0.033
2017-10-22 16:47:00+02:00,0.06912,0.014425,0.03172,0.033
2017-10-22 16:48:00+02:00,0.06477,0.010899,0.031772,0.033
2017-10-22 16:49:00+02:00,0.05963,0.008677,0.031798,0.033
2017-10-22 16:50:00+02:00,0.06091,0.006626,0.03185,0.033
2017-10-22 16:51:00+02:00,0.06069,0.008222,0.031902,0.033
2017-10-22 16:52:00+02:00,0.06397,0.00673,0.031928,0.033
2017-10-22 16:53:00+02:00,0.06629,0.007487,0.031954,0.033
2017-10-22 16:54:00+02:00,0.06646,0.00959,0.032032,0.033
2017-10-22 16:55:00+02:00,0.06196,0.011419,0.032032,0.033
2017-10-22 16:56:00+02:00,0.07628,0.01173,0.032058,0.033
2017-10-22 16:57:00+02:00,0.07699,0.014545,0.032136,0.033
2017-10-22 16:58:00+02:00,0.08391,0.015058,0.032136,0.033
2017-10-22 16:59:00+02:00,0.08188,0.016329,0.032188,0.033
2017-10-22 17:00:00+02:00,0.07341,0.017272,0.03224,0.044
2017-10-22 17:01:00+02:00,0.07581,0.021242,0.032292,0.044
2017-10-22 17:02:00+02:00,0.0821,0.021999,0.032292,0.044
2017-10-22 17:03:00+02:00,0.07987,0.022635,0.032396,0.044
2017-10-22 17:04:00+02:00,0.07215,0.02184,0.032396,0.044
2017-10-22 17:05:00+02:00,0.06581,0.021318,0.0325,0.044
2017-10-22 17:06:00+02:00,0.06654,0.019234,0.032526,0.035213
2017-10-22 17:07:00+02:00,0.0719,0.017999,0.032552,0.033
2017-10-22 17:08:00+02:00,0.07783,0.015423,0.03263,0.033
2017-10-22 17:09:00+02:00,0.08274,0.014171,0.032656,0.033
2017-10-22 17:10:00+02:00,0.08735,0.011137,0.03276,0.033
2017-10-22 17:11:00+02:00,0.0907,0.010778,0.03276,0.033
2017-10-22 17:12:00+02:00,0.09115,0.008075,0.032864,0.033
2017-10-22 17:13:00+02:00,0.08284,0.006473,0.03289,0.033
2017-10-22 17:14:00+02:00,0.08151,0.004311,0.032942,0.033
2017-10-22 17:15:00+02:00,0.07997,0.003775,0.032994,0.055
2017-10-22 17:16:00+02:00,0.07828,0.003836,0.03302,0.055
2017-10-22 17:17:00+02:00,0.07873,0.006103,0.033098,0.055
2017-10-22 17:18:00+02:00,0.07535,0.005739,0.03315,0.055
2017-10-22 17:19:00+02:00,0.07472,0.008076,0.033176,0.055
2017-10-22 17:20:00+02:00,0.07748,0.008469,0.033254,0.055
2017-10-22 17:21:00+02:00,0.07797,0.009586,0.033306,0.055
2017-10-22 17:22:00+02:00,0.0657,0.008079,0.033358,0.055
2017-10-22 17:23:00+02:00,0.06424,0.009263,0.033384,0.055
2017-10-22 17:24:00+02:00,0.06431,0.007012,0.033436,0.055
2017-10-22 17:25:00+02:00,0.06867,0.0,0.033514,0.055
2017-10-22 17:26:00+02:00,0.06133,0.0,0.03354,0.055
2017-10-22 17:27:00+02:00,0.05822,0.0,0.033618,0.055
2017-10-22 17:28:00+02:00,0.05794,0.0,0.033644,0.055
2017-10-22 17:29:00+02:00,0.06123,0.0,0.033696,0.055
2017-10-22 17:30:00+02:00,0.07406,0.0,0.033774,0.055
2017-10-22 17:31:00+02:00,0.07108,0.0,0.0338,0.055
2017-10-22 17:32:00+02:00,0.06877,0.0,0.033878,0.055
2017-10-22 17:33:00+02:00,0.06632,0.0,0.033904,0.055
2017-10-22 17:34:00+02:00,0.06538,0.0,0.033982,0.055
2017-10-22 17:35:00+02:00,0.06902,0.0,0.034034,0.05004
2017-10-22 17:36:00+02:00,0.07618,0.0,0.03406,0.044
2017-10-22 17:37:00+02:00,0.07373,0.0,0.034138,0.044
2017-10-22 17:38:00+02:00,0.06778,0.0,0.034164,0.044
2017-10-22 17:39:00+02:00,0.06452,0.0,0.034242,0.034907
2017-10-22 17:40:00+02:00,0.06853,0.0,0.034268,0.033
2017-10-22 17:41:00+02:00,0.06185,0.0,0.034294,0.033
2017-10-22 17:42:00+02:00,0.06599,0.0,0.034398,0.033
2017-10-22 17:43:00+02:00,0.06941,0.0,0.034424,0.033
2017-10-22 17:44:00+02:00,0.07429,0.0,0.034502,0.033
2017-10-22 17:45:00+02:00,0.07803,0.0,0.034528,0.066
2017-10-22 17:46:00+02:00,0.06905,0.0,0.03458,0.066
2017-10-22 17:47:00+02:00,0.072,0.0,0.034658,0.066
2017-10-22 17:48:00+02:00,0.07078,0.0,0.034658,0.066
2017-10-22 17:49:00+02:00,0.0668,0.0,0.034762,0.066
2017-10-22 17:50:00+02:00,0.07024,0.0,0.034762,0.066
2017-10-22 17:51:00+02:00,0.07301,0.0,0.03484,0.066
2017-10-22 17:52:00+02:00,0.07491,0.0,0.034866,0.065713
2017-10-22 17:53:00+02:00,0.08075,0.0,0.034944,0.055
2017-10-22 17:54:00+02:00,0.08017,0.0,0.034996,0.055
2017-10-22 17:55:00+02:00,0.07868,0.0,0.035048,0.055
2017-10-22 17:56:00+02:00,0.07742,0.0,0.035126,0.055
2017-10-22 17:57:00+02:00,0.07317,0.0,0.035126,0.055
2017-10-22 17:58:00+02:00,0.06897,0.0,0.035204,0.055
2017-10-22 17:59:00+02:00,0.0695,0.0,0.035256,0.055
2017-10-22 18:00:00+02:00,0.07032,0.0,0.035308,0.077
2017-10-22 18:01:00+02:00,0.08118,0.0,0.03536,0.07352
2017-10-22 18:02:00+02:00,0.08977,0.0,0.035412,0.066
2017-10-22 18:03:00+02:00,0.09047,0.0,0.035438,0.066
2017-10-22 18:04:00+02:00,0.08998,0.0,0.035542,0.066
2017-10-22 18:05:00+02:00,0.08766,0.0,0.035568,0.066
2017-10-22 18:06:00+02:00,0.0861,0.0,0.035646,0.066
2017-10-22 18:07:00+02:00,0.08084,0.0,0.035672,0.066
2017-10-22 18:08:00+02:00,0.08228,0.0,0.035724,0.066
2017-10-22 18:09:00+02:00,0.07456,0.0,0.035802,0.066
2017-10-22 18:10:00+02:00,0.07001,0.0,0.035854,0.066
2017-10-22 18:11:00+02:00,0.06957,0.0,0.035906,0.066
2017-10-22 18:12:00+02:00,0.0696,0.0,0.035958,0.066
2017-10-22 18:13:00+02:00,0.07242,0.0,0.03601,0.066
2017-10-22 18:14:00+02:00,0.07934,0.0,0.036062,0.066
2017-10-22 18:15:00+02:00,0.07884,0.0,0.036166,0.11
2017-10-22 18:16:00+02:00,0.09039,0.0,0.036166,0.11
2017-10-22 18:17:00+02:00,0.0852,0.0,0.03627,0.108533
2017-10-22 18:18:00+02:00,0.07582,0.0,0.03627,0.0976
2017-10-22 18:19:00+02:00,0.07606,0.0,0.036374,0.088
2017-10-22 18:20:00+02:00,0.07777,0.0,0.0364,0.088
2017-10-22 18:21:00+02:00,0.08524,0.0,0.036452,0.088
2017-10-22 18:22:00+02:00,0.09087,0.0,0.03653,0.088
2017-10-22 18:23:00+02:00,0.09293,0.0,0.036582,0.088
2017-10-22 18:24:00+02:00,0.09102,0.0,0.036634,0.088
2017-10-22 18:25:00+02:00,0.08714,0.0,0.036686,0.088
2017-10-22 18:26:00+02:00,0.09648,0.0,0.036738,0.088
2017-10-22 18:27:00+02:00,0.09574,0.0,0.036816,0.088
2017-10-22 18:28:00+02:00,0.10441,0.0,0.036868,0.088
2017-10-22 18:29:00+02:00,0.10325,0.0,0.036894,0.088
2017-10-22 18:30:00+02:00,0.10018,0.0,0.036946,0.121
2017-10-22 18:31:00+02:00,0.07566,0.0,0.037024,0.121
2017-10-22 18:32:00+02:00,0.07203,0.0,0.037076,0.121
2017-10-22 18:33:00+02:00,0.06941,0.0,0.037128,0.121
2017-10-22 18:34:00+02:00,0.06935,0.0,0.037206,0.121
2017-10-22 18:35:00+02:00,0.07562,0.0,0.037232,0.121
2017-10-22 18:36:00+02:00,0.07479,0.0,0.03731,0.121
2017-10-22 18:37:00+02:00,0.0719,0.0,0.037336,0.121
2017-10-22 18:38:00+02:00,0.07878,0.0,0.037414,0.119933
2017-10-22 18:39:00+02:00,0.08206,0.0,0.037466,0.11
2017-10-22 18:40:00+02:00,0.08366,0.0,0.037518,0.11
2017-10-22 18:41:00+02:00,0.08499,0.0,0.03757,0.11
2017-10-22 18:42:00+02:00,0.08634,0.0,0.037648,0.11
2017-10-22 18:43:00+02:00,0.09122,0.0,0.037674,0.11
2017-10-22 18:44:00+02:00,0.08883,0.0,0.037778,0.11
2017-10-22 18:45:00+02:00,0.0869,0.0,0.037804,0.121
2017-10-22 18:46:00+02:00,0.0877,0.0,0.037856,0.11256
2017-10-22 18:47:00+02:00,0.09856,0.0,0.037908,0.11
2017-10-22 18:48:00+02:00,0.09592,0.0,0.037934,0.11
2017-10-22 18:49:00+02:00,0.09861,0.0,0.038038,0.11
2017-10-22 18:50:00+02:00,0.09012,0.0,0.038064,0.11
2017-10-22 18:51:00+02:00,0.08316,0.0,0.038142,0.10014
2017-10-22 18:52:00+02:00,0.07614,0.0,0.038168,0.098347
2017-10-22 18:53:00+02:00,0.08495,0.0,0.038272,0.088
2017-10-22 18:54:00+02:00,0.08625,0.0,0.038298,0.088
2017-10-22 18:55:00+02:00,0.08512,0.0,0.03835,0.088
2017-10-22 18:56:00+02:00,0.09557,0.0,0.038402,0.078693
2017-10-22 18:57:00+02:00,0.08745,0.0,0.038454,0.077
2017-10-22 18:58:00+02:00,0.09069,0.0,0.038532,0.077
2017-10-22 18:59:00+02:00,0.093,0.0,0.038558,0.077
2017-10-22 19:00:00+02:00,0.10491,0.0,0.038636,0.154
2017-10-22 19:01:00+02:00,0.10682,0.0,0.038714,0.154
2017-10-22 19:02:00+02:00,0.10551,0.0,0.03874,0.153753
2017-10-22 19:03:00+02:00,0.10158,0.0,0.038818,0.143
2017-10-22 19:04:00+02:00,0.09456,0.0,0.038844,0.143
2017-10-22 19:05:00+02:00,0.08751,0.0,0.038922,0.143
2017-10-22 19:06:00+02:00,0.10081,0.0,0.038974,0.143
2017-10-22 19:07:00+02:00,0.10145,0.0,0.039026,0.143
2017-10-22 19:08:00+02:00,0.11381,0.0,0.039078,0.143
2017-10-22 19:09:00+02:00,0.11441,0.0,0.03913,0.134053
2017-10-22 19:10:00+02:00,0.11145,0.0,0.039182,0.121
2017-10-22 19:11:00+02:00,0.10857,0.0,0.03926,0.121
2017-10-22 19:12:00+02:00,0.10473,0.0,0.039312,0.121
2017-10-22 19:13:00+02:00,0.09163,0.0,0.039338,0.121
2017-10-22 19:14:00+02:00,0.08909,0.0,0.039416,0.114487
2017-10-22 19:15:00+02:00,0.09167,0.0,0.039468,0.14666
2017-10-22 19:16:00+02:00,0.09522,0.0,0.039546,0.143
2017-10-22 19:17:00+02:00,0.09734,0.0,0.039572,0.143
2017-10-22 19:18:00+02:00,0.09614,0.0,0.03965,0.143
2017-10-22 19:19:00+02:00,0.09537,0.0,0.039676,0.143
2017-10-22 19:20:00+02:00,0.09722,0.0,0.03978,0.143
2017-10-22 19:21:00+02:00,0.09875,0.0,0.039806,0.143
2017-10-22 19:22:00+02:00,0.10033,0.0,0.039858,0.143
2017-10-22 19:23:00+02:00,0.10221,0.0,0.039936,0.143
2017-10-22 19:24:00+02:00,0.1094,0.0,0.039962,0.143
2017-10-22 19:25:00+02:00,0.10541,0.0,0.04004,0.13318
2017-10-22 19:26:00+02:00,0.09375,0.0,0.040118,0.12012
2017-10-22 19:27:00+02:00,0.09797,0.0,0.040144,0.109993
2017-10-22 19:28:00+02:00,0.1044,0.0,0.040222,0.099
2017-10-22 19:29:00+02:00,0.10521,0.0,0.040248,0.099
2017-10-22 19:30:00+02:00,0.10072,0.0,0.040326,0.132
2017-10-22 19:31:00+02:00,0.10649,0.0,0.040378,0.132
2017-10-22 19:32:00+02:00,0.11324,0.0,0.04043,0.132
2017-10-22 19:33:00+02:00,0.10249,0.0,0.040482,0.132
2017-10-22 19:34:00+02:00,0.10274,0.0,0.040534,0.132
2017-10-22 19:35:00+02:00,0.10407,0.0,0.040586,0.132
2017-10-22 19:36:00+02:00,0.10681,0.0,0.040638,0.132
2017-10-22 19:37:00+02:00,0.10173,0.0,0.040716,0.132
2017-10-22 19:38:00+02:00,0.10778,0.0,0.040768,0.131813
2017-10-22 19:39:00+02:00,0.10427,0.0,0.04082,0.121
2017-10-22 19:40:00+02:00,0.10747,0.0,0.040898,0.121
2017-10-22 19:41:00+02:00,0.10645,0.0,0.040924,0.121
2017-10-22 19:42:00+02:00,0.10125,0.0,0.040976,0.115127
2017-10-22 19:43:00+02:00,0.09689,0.0,0.041054,0.11
2017-10-22 19:44:00+02:00,0.0946,0.0,0.04108,0.11
2017-10-22 19:45:00+02:00,0.09092,0.0,0.041184,0.121
2017-10-22 19:46:00+02:00,0.08861,0.0,0.041184,0.121
2017-10-22 19:47:00+02:00,0.08537,0.0,0.041288,0.121
2017-10-22 19:48:00+02:00,0.09377,0.0,0.04134,0.118933
2017-10-22 19:49:00+02:00,0.10859,0.0,0.041392,0.11
2017-10-22 19:50:00+02:00,0.10605,0.0,0.041444,0.11
2017-10-22 19:51:00+02:00,0.10236,0.0,0.041496,0.11
2017-10-22 19:52:00+02:00,0.09899,0.0,0.041548,0.11
2017-10-22 19:53:00+02:00,0.09809,0.0,0.041626,0.11
2017-10-22 19:54:00+02:00,0.09404,0.0,0.041652,0.099687
2017-10-22 19:55:00+02:00,0.09839,0.0,0.04173,0.099
2017-10-22 19:56:00+02:00,0.09673,0.0,0.041782,0.099
2017-10-22 19:57:00+02:00,0.09868,0.0,0.041808,0.088547
2017-10-22 19:58:00+02:00,0.10565,0.0,0.041912,0.088
2017-10-22 19:59:00+02:00,0.10552,0.0,0.041938,0.088
2017-10-22 20:00:00+02:00,0.114,0.0,0.04199,0.099
2017-10-22 20:01:00+02:00,0.11783,0.0,0.042042,0.099
2017-10-22 20:02:00+02:00,0.1109,0.0,0.042042,0.099
2017-10-22 20:03:00+02:00,0.10454,0.0,0.042016,0.099
2017-10-22 20:04:00+02:00,0.10221,0.0,0.04199,0.09546
2017-10-22 20:05:00+02:00,0.10667,0.0,0.041964,0.088
2017-10-22 20:06:00+02:00,0.10817,0.0,0.041938,0.088
2017-10-22 20:07:00+02:00,0.10185,0.0,0.041912,0.077673
2017-10-22 20:08:00+02:00,0.11509,0.0,0.041912,0.077
2017-10-22 20:09:00+02:00,0.11485,0.0,0.04186,0.077
2017-10-22 20:10:00+02:00,0.11704,0.0,0.041834,0.077
2017-10-22 20:11:00+02:00,0.11489,0.0,0.041808,0.077
2017-10-22 20:12:00+02:00,0.13684,0.0,0.041808,0.077
2017-10-22 20:13:00+02:00,0.14831,0.0,0.041782,0.077
2017-10-22 20:14:00+02:00,0.14736,0.0,0.04173,0.077
2017-10-22 20:15:00+02:00,0.13386,0.0,0.04173,0.077
2017-10-22 20:16:00+02:00,0.1292,0.0,0.041704,0.077
2017-10-22 20:17:00+02:00,0.10832,0.0,0.041678,0.077
2017-10-22 20:18:00+02:00,0.10757,0.0,0.041652,0.06738
2017-10-22 20:19:00+02:00,0.10163,0.0,0.041652,0.066
2017-10-22 20:20:00+02:00,0.10336,0.0,0.041626,0.066
2017-10-22 20:21:00+02:00,0.09964,0.0,0.041574,0.066
2017-10-22 20:22:00+02:00,0.11195,0.0,0.041548,0.066
2017-10-22 20:23:00+02:00,0.10622,0.0,0.041548,0.066
2017-10-22 20:24:00+02:00,0.11428,0.0,0.041548,0.066
2017-10-22 20:25:00+02:00,0.11127,0.0,0.04147,0.065233
2017-10-22 20:26:00+02:00,0.10452,0.0,0.041444,0.055
2017-10-22 20:27:00+02:00,0.10665,0.0,0.041444,0.055
2017-10-22 20:28:00+02:00,0.11737,0.0,0.041444,0.04712
2017-10-22 20:29:00+02:00,0.11159,0.0,0.041392,0.044
2017-10-22 20:30:00+02:00,0.11201,0.0,0.041366,0.044
2017-10-22 20:31:00+02:00,0.12095,0.0,0.04134,0.044
2017-10-22 20:32:00+02:00,0.12668,0.0,0.04134,0.044
2017-10-22 20:33:00+02:00,0.12532,0.0,0.041288,0.044
2017-10-22 20:34:00+02:00,0.13035,0.0,0.041288,0.044
2017-10-22 20:35:00+02:00,0.13088,0.0,0.041262,0.044
2017-10-22 20:36:00+02:00,0.12379,0.0,0.04121,0.044
2017-10-22 20:37:00+02:00,0.13119,0.0,0.041184,0.044
2017-10-22 20:38:00+02:00,0.1326,0.0,0.041184,0.044
2017-10-22 20:39:00+02:00,0.13498,0.0,0.041184,0.044
2017-10-22 20:40:00+02:00,0.13696,0.0,0.041158,0.044
2017-10-22 20:41:00+02:00,0.13531,0.0,0.04108,0.044
2017-10-22 20:42:00+02:00,0.12481,0.0,0.04108,0.044
2017-10-22 20:43:00+02:00,0.11832,0.0,0.04108,0.044
2017-10-22 20:44:00+02:00,0.11622,0.0,0.041028,0.044
2017-10-22 20:45:00+02:00,0.11881,0.0,0.041002,0.050487
2017-10-22 20:46:00+02:00,0.11293,0.0,0.040976,0.044
2017-10-22 20:47:00+02:00,0.1143,0.0,0.04095,0.044
2017-10-22 20:48:00+02:00,0.10752,0.0,0.040924,0.044
2017-10-22 20:49:00+02:00,0.10858,0.0,0.040924,0.044
2017-10-22 20:50:00+02:00,0.12003,0.0,0.040898,0.035273
2017-10-22 20:51:00+02:00,0.12591,0.0,0.040846,0.033
2017-10-22 20:52:00+02:00,0.11786,0.0,0.04082,0.033
2017-10-22 20:53:00+02:00,0.10302,0.0,0.04082,0.033
2017-10-22 20:54:00+02:00,0.10351,0.0,0.04082,0.033
2017-10-22 20:55:00+02:00,0.11384,0.0,0.040768,0.033
2017-10-22 20:56:00+02:00,0.11028,0.0,0.040742,0.033
2017-10-22 20:57:00+02:00,0.1064,0.0,0.040716,0.033
2017-10-22 20:58:00+02:00,0.1033,0.0,0.040716,0.033
2017-10-22 20:59:00+02:00,0.09728,0.0,0.04069,0.033
2017-10-22 21:00:00+02:00,0.10315,0.0,0.040638,0.055
2017-10-22 21:01:00+02:00,0.11314,0.0,0.040638,0.055
2017-10-22 21:02:00+02:00,0.12379,0.0,0.04056,0.055
2017-10-22 21:03:00+02:00,0.1234,0.0,0.040482,0.055
2017-10-22 21:04:00+02:00,0.12313,0.0,0.040404,0.055
2017-10-22 21:05:00+02:00,0.12199,0.0,0.040326,0.055
2017-10-22 21:06:00+02:00,0.11637,0.0,0.040274,0.055
2017-10-22 21:07:00+02:00,0.11497,0.0,0.040222,0.055
2017-10-22 21:08:00+02:00,0.11559,0.0,0.040144,0.055
2017-10-22 21:09:00+02:00,0.1128,0.0,0.04004,0.055
2017-10-22 21:10:00+02:00,0.11532,0.0,0.039962,0.055
2017-10-22 21:11:00+02:00,0.11338,0.0,0.039936,0.055
2017-10-22 21:12:00+02:00,0.11614,0.0,0.039858,0.055
2017-10-22 21:13:00+02:00,0.11613,0.0,0.03978,0.055
2017-10-22 21:14:00+02:00,0.10797,0.0,0.039676,0.055
2017-10-22 21:15:00+02:00,0.10366,0.0,0.03965,0.099
2017-10-22 21:16:00+02:00,0.09807,0.0,0.039572,0.099
2017-10-22 21:17:00+02:00,0.09137,0.0,0.03952,0.099
2017-10-22 21:18:00+02:00,0.09236,0.0,0.039416,0.099
2017-10-22 21:19:00+02:00,0.09498,0.0,0.039338,0.099
2017-10-22 21:20:00+02:00,0.09897,0.0,0.039286,0.099
2017-10-22 21:21:00+02:00,0.09256,0.0,0.039208,0.099
2017-10-22 21:22:00+02:00,0.10778,0.0,0.039156,0.099
2017-10-22 21:23:00+02:00,0.10737,0.0,0.039078,0.099
2017-10-22 21:24:00+02:00,0.10885,0.0,0.039,0.090433
2017-10-22 21:25:00+02:00,0.1151,0.0,0.038922,0.088
2017-10-22 21:26:00+02:00,0.10837,0.0,0.038844,0.088
2017-10-22 21:27:00+02:00,0.11448,0.0,0.038818,0.088
2017-10-22 21:28:00+02:00,0.11447,0.0,0.038714,0.088
2017-10-22 21:29:00+02:00,0.11146,0.0,0.038636,0.088
2017-10-22 21:30:00+02:00,0.11595,0.0,0.038558,0.088
2017-10-22 21:31:00+02:00,0.11417,0.0,0.038532,0.077547
2017-10-22 21:32:00+02:00,0.11187,0.0,0.038428,0.077
2017-10-22 21:33:00+02:00,0.11139,0.0,0.038376,0.077
2017-10-22 21:34:00+02:00,0.10461,0.0,0.038272,0.077
2017-10-22 21:35:00+02:00,0.10351,0.0,0.03822,0.077
2017-10-22 21:36:00+02:00,0.10215,0.0,0.038168,0.077
2017-10-22 21:37:00+02:00,0.10185,0.0,0.038064,0.077
2017-10-22 21:38:00+02:00,0.11162,0.0,0.038012,0.077
2017-10-22 21:39:00+02:00,0.11885,0.0,0.037934,0.077
2017-10-22 21:40:00+02:00,0.11346,0.0,0.037882,0.077
2017-10-22 21:41:00+02:00,0.11633,0.0,0.037804,0.077
2017-10-22 21:42:00+02:00,0.11527,0.0,0.0377,0.077
2017-10-22 21:43:00+02:00,0.11622,0.0,0.037674,0.077
2017-10-22 21:44:00+02:00,0.11266,0.0,0.03757,0.077
2017-10-22 21:45:00+02:00,0.11066,0.0,0.037518,0.088
2017-10-22 21:46:00+02:00,0.09771,0.0,0.03744,0.07872
2017-10-22 21:47:00+02:00,0.08836,0.0,0.037388,0.077
2017-10-22 21:48:00+02:00,0.08898,0.0,0.03731,0.077
2017-10-22 21:49:00+02:00,0.08484,0.0,0.037206,0.077
2017-10-22 21:50:00+02:00,0.087,0.0,0.037154,0.077
2017-10-22 21:51:00+02:00,0.09195,0.0,0.037076,0.06968
2017-10-22 21:52:00+02:00,0.09154,0.0,0.037024,0.06272
2017-10-22 21:53:00+02:00,0.09812,0.0,0.036946,0.055
2017-10-22 21:54:00+02:00,0.09727,0.0,0.036868,0.055
2017-10-22 21:55:00+02:00,0.09612,0.0,0.036816,0.055
2017-10-22 21:56:00+02:00,0.09988,0.0,0.036738,0.055
2017-10-22 21:57:00+02:00,0.1055,0.0,0.03666,0.055
2017-10-22 21:58:00+02:00,0.10338,0.0,0.036582,0.046007
2017-10-22 21:59:00+02:00,0.1093,0.0,0.03653,0.044
2017-10-22 22:00:00+02:00,0.10526,0.0,0.036452,0.044
2017-10-22 22:01:00+02:00,0.1013,0.0,0.036374,0.044
2017-10-22 22:02:00+02:00,0.10023,0.0,0.036166,0.044
2017-10-22 22:03:00+02:00,0.09866,0.0,0.03601,0.044
2017-10-22 22:04:00+02:00,0.09699,0.0,0.035802,0.044
2017-10-22 22:05:00+02:00,0.09278,0.0,0.035568,0.044
2017-10-22 22:06:00+02:00,0.08707,0.0,0.035386,0.044
2017-10-22 22:07:00+02:00,0.09599,0.0,0.035204,0.044
2017-10-22 22:08:00+02:00,0.0898,0.0,0.035022,0.044
2017-10-22 22:09:00+02:00,0.08038,0.0,0.034762,0.044
2017-10-22 22:10:00+02:00,0.08284,0.0,0.034606,0.0404
2017-10-22 22:11:00+02:00,0.08128,0.0,0.034398,0.033
2017-10-22 22:12:00+02:00,0.07716,0.0,0.03419,0.033
2017-10-22 22:13:00+02:00,0.07673,0.0,0.034008,0.033
2017-10-22 22:14:00+02:00,0.07223,0.0,0.0338,0.033
2017-10-22 22:15:00+02:00,0.07746,0.0,0.033618,0.033
2017-10-22 22:16:00+02:00,0.08046,0.0,0.033436,0.033
2017-10-22 22:17:00+02:00,0.09325,0.0,0.033202,0.033
2017-10-22 22:18:00+02:00,0.09866,0.0,0.03302,0.031507
2017-10-22 22:19:00+02:00,0.09239,0.0,0.032786,0.022
2017-10-22 22:20:00+02:00,0.08648,0.0,0.03263,0.022
2017-10-22 22:21:00+02:00,0.09207,0.0,0.032396,0.022
2017-10-22 22:22:00+02:00,0.09559,0.0,0.032214,0.022
2017-10-22 22:23:00+02:00,0.09512,0.0,0.032032,0.022
2017-10-22 22:24:00+02:00,0.08609,0.0,0.031824,0.022
2017-10-22 22:25:00+02:00,0.08492,0.0,0.031616,0.022
2017-10-22 22:26:00+02:00,0.07785,0.0,0.031434,0.022
2017-10-22 22:27:00+02:00,0.07052,0.0,0.031252,0.022
2017-10-22 22:28:00+02:00,0.07719,0.0,0.031044,0.022
2017-10-22 22:29:00+02:00,0.06995,0.0,0.030862,0.022
2017-10-22 22:30:00+02:00,0.06702,0.0,0.030628,0.022
2017-10-22 22:31:00+02:00,0.06822,0.0,0.03042,0.022
2017-10-22 22:32:00+02:00,0.06956,0.0,0.030238,0.022
2017-10-22 22:33:00+02:00,0.07422,0.0,0.03003,0.022
2017-10-22 22:34:00+02:00,0.07436,0.0,0.029848,0.022
2017-10-22 22:35:00+02:00,0.07683,0.0,0.02964,0.022
2017-10-22 22:36:00+02:00,0.08101,0.0,0.029484,0.022
2017-10-22 22:37:00+02:00,0.09457,0.0,0.02925,0.022
2017-10-22 22:38:00+02:00,0.0888,0.0,0.029042,0.022
2017-10-22 22:39:00+02:00,0.08853,0.0,0.028886,0.022
2017-10-22 22:40:00+02:00,0.08668,0.0,0.028652,0.022
2017-10-22 22:41:00+02:00,0.0826,0.0,0.028444,0.022
2017-10-22 22:42:00+02:00,0.08138,0.0,0.028262,0.022
2017-10-22 22:43:00+02:00,0.08239,0.0,0.028054,0.022
2017-10-22 22:44:00+02:00,0.07773,0.0,0.027872,0.022
2017-10-22 22:45:00+02:00,0.07346,0.0,0.027638,0.033
2017-10-22 22:46:00+02:00,0.0762,0.0,0.027482,0.033
2017-10-22 22:47:00+02:00,0.0798,0.0,0.027274,0.033
2017-10-22 22:48:00+02:00,0.07961,0.0,0.027092,0.033
2017-10-22 22:49:00+02:00,0.08313,0.0,0.026884,0.033
2017-10-22 22:50:00+02:00,0.08444,0.0,0.02665,0.033
2017-10-22 22:51:00+02:00,0.08292,0.0,0.026468,0.033
2017-10-22 22:52:00+02:00,0.08131,0.0,0.026286,0.033
2017-10-22 22:53:00+02:00,0.07365,0.0,0.026078,0.033
2017-10-22 22:54:00+02:00,0.07175,0.0,0.02587,0.033
2017-10-22 22:55:00+02:00,0.08342,0.0,0.025714,0.033
2017-10-22 22:56:00+02:00,0.08715,0.0,0.025506,0.033
2017-10-22 22:57:00+02:00,0.08127,0.0,0.025272,0.033
2017-10-22 22:58:00+02:00,0.08195,0.0,0.02509,0.033
2017-10-22 22:59:00+02:00,0.07534,0.0,0.024908,0.033
2017-10-22 23:00:00+02:00,0.07405,0.0,0.024726,0.033
2017-10-22 23:01:00+02:00,0.07215,0.0,0.024466,0.033
2017-10-22 23:02:00+02:00,0.07846,0.0,0.02431,0.033
2017-10-22 23:03:00+02:00,0.07974,0.0,0.024128,0.033
2017-10-22 23:04:00+02:00,0.07666,0.0,0.023972,0.033
2017-10-22 23:05:00+02:00,0.07815,0.0,0.023764,0.033
2017-10-22 23:06:00+02:00,0.08069,0.0,0.023608,0.033
2017-10-22 23:07:00+02:00,0.08324,0.0,0.0234,0.033
2017-10-22 23:08:00+02:00,0.08257,0.0,0.023218,0.033
2017-10-22 23:09:00+02:00,0.07489,0.0,0.023036,0.033
2017-10-22 23:10:00+02:00,0.0722,0.0,0.022854,0.033
2017-10-22 23:11:00+02:00,0.06415,0.0,0.022698,0.033
2017-10-22 23:12:00+02:00,0.06653,0.0,0.02249,0.033
2017-10-22 23:13:00+02:00,0.07147,0.0,0.022308,0.033
2017-10-22 23:14:00+02:00,0.07509,0.0,0.0221,0.033
2017-10-22 23:15:00+02:00,0.06313,0.0,0.021918,0.044
2017-10-22 23:16:00+02:00,0.06737,0.0,0.021736,0.044
2017-10-22 23:17:00+02:00,0.07007,0.0,0.021554,0.044
2017-10-22 23:18:00+02:00,0.07291,0.0,0.021372,0.044
2017-10-22 23:19:00+02:00,0.06911,0.0,0.021216,0.044
2017-10-22 23:20:00+02:00,0.05866,0.0,0.021034,0.044
2017-10-22 23:21:00+02:00,0.06409,0.0,0.020852,0.044
2017-10-22 23:22:00+02:00,0.07504,0.0,0.02067,0.044
2017-10-22 23:23:00+02:00,0.07356,0.0,0.020488,0.033
2017-10-22 23:24:00+02:00,0.07335,0.0,0.020306,0.033
2017-10-22 23:25:00+02:00,0.07607,0.0,0.020124,0.033
2017-10-22 23:26:00+02:00,0.07207,0.0,0.019916,0.033
2017-10-22 23:27:00+02:00,0.07239,0.0,0.019734,0.033
2017-10-22 23:28:00+02:00,0.07428,0.0,0.019552,0.033
2017-10-22 23:29:00+02:00,0.06848,0.0,0.01937,0.033
2017-10-22 23:30:00+02:00,0.05845,0.0,0.019188,0.044
2017-10-22 23:31:00+02:00,0.05906,0.0,0.01898,0.044
2017-10-22 23:32:00+02:00,0.06075,0.0,0.018824,0.044
2017-10-22 23:33:00+02:00,0.06319,0.0,0.018616,0.044
2017-10-22 23:34:00+02:00,0.06,0.0,0.01846,0.044
2017-10-22 23:35:00+02:00,0.05894,0.0,0.018304,0.044
2017-10-22 23:36:00+02:00,0.05924,0.0,0.018122,0.044
2017-10-22 23:37:00+02:00,0.05892,0.0,0.01794,0.044
2017-10-22 23:38:00+02:00,0.06211,0.0,0.017732,0.044
2017-10-22 23:39:00+02:00,0.05653,0.0,0.01755,0.044
2017-10-22 23:40:00+02:00,0.05474,0.0,0.017342,0.044
2017-10-22 23:41:00+02:00,0.05506,0.0,0.017186,0.044
2017-10-22 23:42:00+02:00,0.06346,0.0,0.016978,0.044
2017-10-22 23:43:00+02:00,0.06189,0.0,0.016822,0.044
2017-10-22 23:44:00+02:00,0.05607,0.0,0.016614,0.044
2017-10-22 23:45:00+02:00,0.05972,0.0,0.016458,0.044
2017-10-22 23:46:00+02:00,0.06511,0.0,0.016276,0.044
2017-10-22 23:47:00+02:00,0.07305,0.0,0.016068,0.044
2017-10-22 23:48:00+02:00,0.07163,0.0,0.015912,0.044
2017-10-22 23:49:00+02:00,0.07102,0.0,0.015704,0.044
2017-10-22 23:50:00+02:00,0.06239,0.0,0.015574,0.044
2017-10-22 23:51:00+02:00,0.06232,0.0,0.01534,0.044
2017-10-22 23:52:00+02:00,0.0684,0.0,0.015184,0.044
2017-10-22 23:53:00+02:00,0.06169,0.0,0.014976,0.044
2017-10-22 23:54:00+02:00,0.06096,0.0,0.01482,0.037187
2017-10-22 23:55:00+02:00,0.06119,0.0,0.014612,0.033
2017-10-22 23:56:00+02:00,0.06273,0.0,0.01443,0.033
2017-10-22 23:57:00+02:00,0.06876,0.0,0.014274,0.033
2017-10-22 23:58:00+02:00,0.0653,0.0,0.014066,0.033
2017-10-22 23:59:00+02:00,0.06237,0.0,0.01391,0.033
2017-10-23 00:00:00+02:00,0.06503,0.0,0.013702,0.055
2017-10-23 00:01:00+02:00,0.06603,0.0,0.013546,0.055
2017-10-23 00:02:00+02:00,0.07258,0.0,0.013546,0.055
2017-10-23 00:03:00+02:00,0.06631,0.0,0.013546,0.0448
2017-10-23 00:04:00+02:00,0.0661,0.0,0.013572,0.044
2017-10-23 00:05:00+02:00,0.06119,0.0,0.013572,0.044
2017-10-23 00:06:00+02:00,0.0576,0.0,0.013572,0.044
2017-10-23 00:07:00+02:00,0.05881,0.0,0.013572,0.044
2017-10-23 00:08:00+02:00,0.06307,0.0,0.013572,0.044
2017-10-23 00:09:00+02:00,0.06537,0.0,0.013572,0.044
2017-10-23 00:10:00+02:00,0.06438,0.0,0.013572,0.044
2017-10-23 00:11:00+02:00,0.05722,0.0,0.013572,0.044
2017-10-23 00:12:00+02:00,0.05525,0.0,0.013598,0.044
2017-10-23 00:13:00+02:00,0.0546,0.0,0.013598,0.044
2017-10-23 00:14:00+02:00,0.05547,0.0,0.013624,0.044
2017-10-23 00:15:00+02:00,0.05677,0.0,0.013624,0.055
2017-10-23 00:16:00+02:00,0.05689,0.0,0.013624,0.055
2017-10-23 00:17:00+02:00,0.05762,0.0,0.013624,0.055
2017-10-23 00:18:00+02:00,0.05656,0.0,0.013624,0.055
2017-10-23 00:19:00+02:00,0.05541,0.0,0.013624,0.055
2017-10-23 00:20:00+02:00,0.05511,0.0,0.013624,0.055
2017-10-23 00:21:00+02:00,0.06048,0.0,0.013624,0.055
2017-10-23 00:22:00+02:00,0.06152,0.0,0.013624,0.054893
2017-10-23 00:23:00+02:00,0.06348,0.0,0.013624,0.044
2017-10-23 00:24:00+02:00,0.06479,0.0,0.01365,0.044
2017-10-23 00:25:00+02:00,0.0604,0.0,0.013676,0.044
2017-10-23 00:26:00+02:00,0.06109,0.0,0.013676,0.044
2017-10-23 00:27:00+02:00,0.06161,0.0,0.013676,0.044
2017-10-23 00:28:00+02:00,0.05611,0.0,0.013676,0.044
2017-10-23 00:29:00+02:00,0.05046,0.0,0.013676,0.044
2017-10-23 00:30:00+02:00,0.05139,0.0,0.013676,0.055
2017-10-23 00:31:00+02:00,0.05069,0.0,0.013676,0.055
2017-10-23 00:32:00+02:00,0.05083,0.0,0.013676,0.055
2017-10-23 00:33:00+02:00,0.05097,0.0,0.013702,0.055
2017-10-23 00:34:00+02:00,0.05127,0.0,0.013702,0.055
2017-10-23 00:35:00+02:00,0.04994,0.0,0.013702,0.055
2017-10-23 00:36:00+02:00,0.05542,0.0,0.013702,0.055
2017-10-23 00:37:00+02:00,0.05707,0.0,0.013728,0.055
2017-10-23 00:38:00+02:00,0.05655,0.0,0.013728,0.055
2017-10-23 00:39:00+02:00,0.05276,0.0,0.013754,0.053227
2017-10-23 00:40:00+02:00,0.04945,0.0,0.013754,0.044
2017-10-23 00:41:00+02:00,0.05595,0.0,0.013754,0.044
2017-10-23 00:42:00+02:00,0.05962,0.0,0.013754,0.044
2017-10-23 00:43:00+02:00,0.04925,0.0,0.01378,0.044
2017-10-23 00:44:00+02:00,0.0472,0.0,0.01378,0.044
2017-10-23 00:45:00+02:00,0.05257,0.0,0.01378,0.055
2017-10-23 00:46:00+02:00,0.05228,0.0,0.01378,0.055
2017-10-23 00:47:00+02:00,0.04926,0.0,0.01378,0.055
2017-10-23 00:48:00+02:00,0.0458,0.0,0.01378,0.055
2017-10-23 00:49:00+02:00,0.04502,0.0,0.01378,0.055
2017-10-23 00:50:00+02:00,0.04894,0.0,0.013806,0.055
2017-10-23 00:51:00+02:00,0.05053,0.0,0.013806,0.055
2017-10-23 00:52:00+02:00,0.0483,0.0,0.013832,0.055
2017-10-23 00:53:00+02:00,0.04633,0.0,0.013832,0.055
2017-10-23 00:54:00+02:00,0.04505,0.0,0.013832,0.055
2017-10-23 00:55:00+02:00,0.04578,0.0,0.013832,0.055
2017-10-23 00:56:00+02:00,0.04776,0.0,0.013832,0.055
2017-10-23 00:57:00+02:00,0.04891,0.0,0.013858,0.055
2017-10-23 00:58:00+02:00,0.04896,0.0,0.013858,0.055
2017-10-23 00:59:00+02:00,0.04732,0.0,0.013858,0.055
2017-10-23 01:00:00+02:00,0.04728,0.0,0.013858,0.066
2017-10-23 01:01:00+02:00,0.04736,0.0,0.013858,0.066
2017-10-23 01:02:00+02:00,0.05021,0.0,0.01391,0.066
2017-10-23 01:03:00+02:00,0.04867,0.0,0.013936,0.061373
2017-10-23 01:04:00+02:00,0.04446,0.0,0.013936,0.055
2017-10-23 01:05:00+02:00,0.04498,0.0,0.013962,0.055
2017-10-23 01:06:00+02:00,0.04595,0.0,0.013988,0.052727
2017-10-23 01:07:00+02:00,0.04025,0.0,0.01404,0.044
2017-10-23 01:08:00+02:00,0.04068,0.0,0.01404,0.044
2017-10-23 01:09:00+02:00,0.04022,0.0,0.014066,0.044
2017-10-23 01:10:00+02:00,0.04648,0.0,0.014092,0.044
2017-10-23 01:11:00+02:00,0.04697,0.0,0.014118,0.044
2017-10-23 01:12:00+02:00,0.04861,0.0,0.014144,0.044
2017-10-23 01:13:00+02:00,0.04655,0.0,0.01417,0.044
2017-10-23 01:14:00+02:00,0.04577,0.0,0.014196,0.044
2017-10-23 01:15:00+02:00,0.04897,0.0,0.014222,0.055
2017-10-23 01:16:00+02:00,0.04359,0.0,0.014248,0.051333
2017-10-23 01:17:00+02:00,0.04178,0.0,0.014274,0.044
2017-10-23 01:18:00+02:00,0.04313,0.0,0.0143,0.043567
2017-10-23 01:19:00+02:00,0.04207,0.0,0.0143,0.033
2017-10-23 01:20:00+02:00,0.03867,0.0,0.014352,0.022
2017-10-23 01:21:00+02:00,0.04146,0.0,0.014378,0.022
2017-10-23 01:22:00+02:00,0.03986,0.0,0.014404,0.022
2017-10-23 01:23:00+02:00,0.0388,0.0,0.014404,0.022
2017-10-23 01:24:00+02:00,0.04406,0.0,0.01443,0.022
2017-10-23 01:25:00+02:00,0.04107,0.0,0.014482,0.022
2017-10-23 01:26:00+02:00,0.04309,0.0,0.014482,0.022
2017-10-23 01:27:00+02:00,0.04152,0.0,0.014534,0.022
2017-10-23 01:28:00+02:00,0.04017,0.0,0.01456,0.022
2017-10-23 01:29:00+02:00,0.03896,0.0,0.01456,0.022
2017-10-23 01:30:00+02:00,0.03733,0.0,0.014586,0.033
2017-10-23 01:31:00+02:00,0.0375,0.0,0.014638,0.029333
2017-10-23 01:32:00+02:00,0.03614,0.0,0.014664,0.022
2017-10-23 01:33:00+02:00,0.03933,0.0,0.014664,0.022
2017-10-23 01:34:00+02:00,0.04027,0.0,0.01469,0.022
2017-10-23 01:35:00+02:00,0.03579,0.0,0.014742,0.022
2017-10-23 01:36:00+02:00,0.03799,0.0,0.014768,0.022
2017-10-23 01:37:00+02:00,0.03775,0.0,0.014768,0.022
2017-10-23 01:38:00+02:00,0.03926,0.0,0.014768,0.022
2017-10-23 01:39:00+02:00,0.03774,0.0,0.014846,0.022
2017-10-23 01:40:00+02:00,0.0404,0.0,0.014846,0.022
2017-10-23 01:41:00+02:00,0.03985,0.0,0.014872,0.022
2017-10-23 01:42:00+02:00,0.03879,0.0,0.014924,0.022
2017-10-23 01:43:00+02:00,0.04005,0.0,0.014924,0.022
2017-10-23 01:44:00+02:00,0.03647,0.0,0.01495,0.022
2017-10-23 01:45:00+02:00,0.03227,0.0,0.01495,0.033
2017-10-23 01:46:00+02:00,0.03477,0.0,0.015028,0.033
2017-10-23 01:47:00+02:00,0.03666,0.0,0.015028,0.033
2017-10-23 01:48:00+02:00,0.04246,0.0,0.015028,0.033
2017-10-23 01:49:00+02:00,0.04067,0.0,0.015054,0.033
2017-10-23 01:50:00+02:00,0.03745,0.0,0.015106,0.033
2017-10-23 01:51:00+02:00,0.037,0.0,0.015132,0.033
2017-10-23 01:52:00+02:00,0.03965,0.0,0.015132,0.033
2017-10-23 01:53:00+02:00,0.04467,0.0,0.01521,0.033
2017-10-23 01:54:00+02:00,0.04089,0.0,0.01521,0.033
2017-10-23 01:55:00+02:00,0.03974,0.0,0.01521,0.033
2017-10-23 01:56:00+02:00,0.03951,0.0,0.015236,0.033
2017-10-23 01:57:00+02:00,0.04518,0.0,0.015288,0.033
2017-10-23 01:58:00+02:00,0.04657,0.0,0.015314,0.033
2017-10-23 01:59:00+02:00,0.04137,0.0,0.015314,0.033
2017-10-23 02:00:00+02:00,0.03277,0.0,0.01534,0.033
2017-10-23 02:01:00+02:00,0.03186,0.0,0.015392,0.029553
2017-10-23 02:02:00+02:00,0.03457,0.0,0.015392,0.022
2017-10-23 02:03:00+02:00,0.03576,0.0,0.015418,0.022
2017-10-23 02:04:00+02:00,0.04076,0.0,0.015444,0.022
2017-10-23 02:05:00+02:00,0.0416,0.0,0.01547,0.018493
2017-10-23 02:06:00+02:00,0.03939,0.0,0.01547,0.011
2017-10-23 02:07:00+02:00,0.03914,0.0,0.015496,0.011
2017-10-23 02:08:00+02:00,0.03755,0.0,0.015496,0.011
2017-10-23 02:09:00+02:00,0.03773,0.0,0.015548,0.011
2017-10-23 02:10:00+02:00,0.04019,0.0,0.015574,0.011
2017-10-23 02:11:00+02:00,0.03796,0.0,0.015574,0.011
2017-10-23 02:12:00+02:00,0.03735,0.0,0.015574,0.011
2017-10-23 02:13:00+02:00,0.03804,0.0,0.015626,0.011
2017-10-23 02:14:00+02:00,0.03653,0.0,0.015652,0.011
2017-10-23 02:15:00+02:00,0.03479,0.0,0.015678,0.011
2017-10-23 02:16:00+02:00,0.03286,0.0,0.015678,0.011
2017-10-23 02:17:00+02:00,0.03009,0.0,0.015704,0.011
2017-10-23 02:18:00+02:00,0.03019,0.0,0.015704,0.00724
2017-10-23 02:19:00+02:00,0.03444,0.0,0.015756,0.0
2017-10-23 02:20:00+02:00,0.03053,0.0,0.015782,0.0
2017-10-23 02:21:00+02:00,0.03075,0.0,0.015782,0.0
2017-10-23 02:22:00+02:00,0.04706,0.0,0.015808,0.0
2017-10-23 02:23:00+02:00,0.03263,0.0,0.015834,0.0
2017-10-23 02:24:00+02:00,0.03507,0.0,0.015834,0.0
2017-10-23 02:25:00+02:00,0.03451,0.0,0.01586,0.0
2017-10-23 02:26:00+02:00,0.03374,0.0,0.015912,0.0
2017-10-23 02:27:00+02:00,0.0466,0.0,0.015912,0.0
2017-10-23 02:28:00+02:00,0.03488,0.0,0.015938,0.0
2017-10-23 02:29:00+02:00,0.03373,0.0,0.015938,0.0
2017-10-23 02:30:00+02:00,0.03226,0.0,0.015964,0.0
2017-10-23 02:31:00+02:00,0.03016,0.0,0.01599,0.0
2017-10-23 02:32:00+02:00,0.02983,0.0,0.016042,0.0
2017-10-23 02:33:00+02:00,0.03044,0.0,0.016042,0.0
2017-10-23 02:34:00+02:00,0.02914,0.0,0.016042,0.0
2017-10-23 02:35:00+02:00,0.02917,0.0,0.016068,0.0
2017-10-23 02:36:00+02:00,0.03304,0.0,0.016068,0.0
2017-10-23 02:37:00+02:00,0.03495,0.0,0.01612,0.0
2017-10-23 02:38:00+02:00,0.0332,0.0,0.016146,0.0
2017-10-23 02:39:00+02:00,0.03732,0.0,0.016172,0.0
2017-10-23 02:40:00+02:00,0.03916,0.0,0.016172,0.0
2017-10-23 02:41:00+02:00,0.03891,0.0,0.016198,0.0
2017-10-23 02:42:00+02:00,0.04092,0.0,0.016198,0.0
2017-10-23 02:43:00+02:00,0.04157,0.0,0.016276,0.0
2017-10-23 02:44:00+02:00,0.04017,0.0,0.016276,0.0
2017-10-23 02:45:00+02:00,0.03468,0.0,0.016276,0.011
2017-10-23 02:46:00+02:00,0.03327,0.0,0.016302,0.011
2017-10-23 02:47:00+02:00,0.03461,0.0,0.016302,0.011
2017-10-23 02:48:00+02:00,0.03356,0.0,0.016328,0.011
2017-10-23 02:49:00+02:00,0.03037,0.0,0.01638,0.011
2017-10-23 02:50:00+02:00,0.02849,0.0,0.016406,0.011
2017-10-23 02:51:00+02:00,0.02853,0.0,0.016406,0.011
2017-10-23 02:52:00+02:00,0.03214,0.0,0.016432,0.011
2017-10-23 02:53:00+02:00,0.03264,0.0,0.016432,0.011
2017-10-23 02:54:00+02:00,0.03067,0.0,0.016432,0.011
2017-10-23 02:55:00+02:00,0.03021,0.0,0.01651,0.011
2017-10-23 02:56:00+02:00,0.0293,0.0,0.016536,0.011
2017-10-23 02:57:00+02:00,0.03206,0.0,0.016536,0.011
2017-10-23 02:58:00+02:00,0.03178,0.0,0.016536,0.011
2017-10-23 02:59:00+02:00,0.02862,0.0,0.016562,0.011
2017-10-23 03:00:00+02:00,0.028,0.0,0.016562,0.011
2017-10-23 03:01:00+02:00,0.03352,0.0,0.01664,0.011
2017-10-23 03:02:00+02:00,0.03236,0.0,0.016666,0.011
2017-10-23 03:03:00+02:00,0.03623,0.0,0.016718,0.011
2017-10-23 03:04:00+02:00,0.03991,0.0,0.01677,0.011
2017-10-23 03:05:00+02:00,0.0349,0.0,0.016796,0.011
2017-10-23 03:06:00+02:00,0.03406,0.0,0.0169,0.011
2017-10-23 03:07:00+02:00,0.03381,0.0,0.0169,0.011
2017-10-23 03:08:00+02:00,0.03368,0.0,0.017004,0.011
2017-10-23 03:09:00+02:00,0.03159,0.0,0.01703,0.011
2017-10-23 03:10:00+02:00,0.03071,0.0,0.017108,0.011
2017-10-23 03:11:00+02:00,0.03041,0.0,0.01716,0.011
2017-10-23 03:12:00+02:00,0.03128,0.0,0.017186,0.011
2017-10-23 03:13:00+02:00,0.03134,0.0,0.017264,0.011
2017-10-23 03:14:00+02:00,0.03161,0.0,0.017264,0.011
2017-10-23 03:15:00+02:00,0.03215,0.0,0.017368,0.011
2017-10-23 03:16:00+02:00,0.03351,0.0,0.01742,0.011
2017-10-23 03:17:00+02:00,0.03275,0.0,0.017472,0.011
2017-10-23 03:18:00+02:00,0.03234,0.0,0.017524,0.011
2017-10-23 03:19:00+02:00,0.03337,0.0,0.01755,0.011
2017-10-23 03:20:00+02:00,0.03263,0.0,0.017628,0.011
2017-10-23 03:21:00+02:00,0.032,0.0,0.017706,0.011
2017-10-23 03:22:00+02:00,0.0318,0.0,0.017732,0.011
2017-10-23 03:23:00+02:00,0.02944,0.0,0.017784,0.011
2017-10-23 03:24:00+02:00,0.02887,0.0,0.017836,0.011
2017-10-23 03:25:00+02:00,0.0306,0.0,0.017888,0.011
2017-10-23 03:26:00+02:00,0.03167,0.0,0.01794,0.011
2017-10-23 03:27:00+02:00,0.03144,0.0,0.017992,0.011
2017-10-23 03:28:00+02:00,0.03495,0.0,0.01807,0.011
2017-10-23 03:29:00+02:00,0.03095,0.0,0.018096,0.011
2017-10-23 03:30:00+02:00,0.02908,0.0,0.018174,0.00854
2017-10-23 03:31:00+02:00,0.03111,0.0,0.018226,0.0
2017-10-23 03:32:00+02:00,0.03561,0.0,0.018252,0.0
2017-10-23 03:33:00+02:00,0.03535,0.0,0.018304,0.0
2017-10-23 03:34:00+02:00,0.03276,0.0,0.018356,0.0
2017-10-23 03:35:00+02:00,0.03195,0.0,0.018434,0.0
2017-10-23 03:36:00+02:00,0.035,0.0,0.01846,0.0
2017-10-23 03:37:00+02:00,0.03501,0.0,0.018538,0.0
2017-10-23 03:38:00+02:00,0.03216,0.0,0.01859,0.0
2017-10-23 03:39:00+02:00,0.02817,0.0,0.018642,0.0
2017-10-23 03:40:00+02:00,0.02858,0.0,0.018668,0.0
2017-10-23 03:41:00+02:00,0.02919,0.0,0.018746,0.0
2017-10-23 03:42:00+02:00,0.02974,0.0,0.018798,0.0
2017-10-23 03:43:00+02:00,0.02815,0.0,0.01885,0.0
2017-10-23 03:44:00+02:00,0.02862,0.0,0.018902,0.0
2017-10-23 03:45:00+02:00,0.02933,0.0,0.018954,0.0
2017-10-23 03:46:00+02:00,0.03008,0.0,0.019006,0.0
2017-10-23 03:47:00+02:00,0.0297,0.0,0.019032,0.0
2017-10-23 03:48:00+02:00,0.02973,0.0,0.019136,0.0
2017-10-23 03:49:00+02:00,0.02976,0.0,0.019162,0.0
2017-10-23 03:50:00+02:00,0.03015,0.0,0.01924,0.0
2017-10-23 03:51:00+02:00,0.03048,0.0,0.019266,0.0
2017-10-23 03:52:00+02:00,0.02975,0.0,0.019318,0.0
2017-10-23 03:53:00+02:00,0.02948,0.0,0.019396,0.0
2017-10-23 03:54:00+02:00,0.02937,0.0,0.019422,0.0
2017-10-23 03:55:00+02:00,0.03165,0.0,0.0195,0.0
2017-10-23 03:56:00+02:00,0.03185,0.0,0.019526,0.0
2017-10-23 03:57:00+02:00,0.03178,0.0,0.019604,0.0
2017-10-23 03:58:00+02:00,0.03156,0.0,0.019656,0.0
2017-10-23 03:59:00+02:00,0.03089,0.0,0.019708,0.0
2017-10-23 04:00:00+02:00,0.03199,0.0,0.01976,0.0
2017-10-23 04:01:00+02:00,0.02973,0.0,0.019786,0.0
2017-10-23 04:02:00+02:00,0.02839,0.0,0.019968,0.0
2017-10-23 04:03:00+02:00,0.02731,0.0,0.020124,0.0
2017-10-23 04:04:00+02:00,0.02899,0.0,0.020306,0.0
2017-10-23 04:05:00+02:00,0.02753,0.0,0.020462,0.0
2017-10-23 04:06:00+02:00,0.03035,0.0,0.020592,0.0
2017-10-23 04:07:00+02:00,0.0274,0.0,0.020774,0.0
2017-10-23 04:08:00+02:00,0.02877,0.0,0.020956,0.0
2017-10-23 04:09:00+02:00,0.02609,0.0,0.021086,0.0
2017-10-23 04:10:00+02:00,0.03156,0.0,0.021268,0.0
2017-10-23 04:11:00+02:00,0.02658,0.0,0.021424,0.0
2017-10-23 04:12:00+02:00,0.02855,0.0,0.02158,0.0
2017-10-23 04:13:00+02:00,0.02571,0.0,0.021736,0.0
2017-10-23 04:14:00+02:00,0.02982,0.0,0.021918,0.0
2017-10-23 04:15:00+02:00,0.03019,0.0,0.0221,0.0
2017-10-23 04:16:00+02:00,0.03118,0.0,0.022256,0.0
2017-10-23 04:17:00+02:00,0.03296,0.0,0.022386,0.0
2017-10-23 04:18:00+02:00,0.03144,0.0,0.022568,0.0
2017-10-23 04:19:00+02:00,0.02959,0.0,0.022724,0.0
2017-10-23 04:20:00+02:00,0.02553,0.0,0.02288,0.0
2017-10-23 04:21:00+02:00,0.02572,0.0,0.023062,0.0
2017-10-23 04:22:00+02:00,0.02988,0.0,0.023192,0.0
2017-10-23 04:23:00+02:00,0.02766,0.0,0.023348,0.0
2017-10-23 04:24:00+02:00,0.02516,0.0,0.023556,0.0
2017-10-23 04:25:00+02:00,0.02548,0.0,0.023686,0.0
2017-10-23 04:26:00+02:00,0.02509,0.0,0.023842,0.0
2017-10-23 04:27:00+02:00,0.02639,0.0,0.024024,0.0
2017-10-23 04:28:00+02:00,0.03048,0.0,0.02418,0.0
2017-10-23 04:29:00+02:00,0.028,0.0,0.024336,0.0
2017-10-23 04:30:00+02:00,0.02581,0.0,0.024518,0.0
2017-10-23 04:31:00+02:00,0.02597,0.0,0.024674,0.0
2017-10-23 04:32:00+02:00,0.02834,0.0,0.02483,0.0
2017-10-23 04:33:00+02:00,0.02962,0.0,0.02496,0.0
2017-10-23 04:34:00+02:00,0.03018,0.0,0.025142,0.0
2017-10-23 04:35:00+02:00,0.02894,0.0,0.025324,0.0
2017-10-23 04:36:00+02:00,0.03026,0.0,0.025454,0.0
2017-10-23 04:37:00+02:00,0.03047,0.0,0.02561,0.0
2017-10-23 04:38:00+02:00,0.0276,0.0,0.025792,0.0
2017-10-23 04:39:00+02:00,0.0272,0.0,0.025948,0.0
2017-10-23 04:40:00+02:00,0.02801,0.0,0.02613,0.0
2017-10-23 04:41:00+02:00,0.02915,0.0,0.026286,0.0
2017-10-23 04:42:00+02:00,0.02912,0.0,0.026442,0.0
2017-10-23 04:43:00+02:00,0.02852,0.0,0.026624,0.0
2017-10-23 04:44:00+02:00,0.02831,0.0,0.026754,0.0
2017-10-23 04:45:00+02:00,0.02797,0.0,0.02691,0.0
2017-10-23 04:46:00+02:00,0.03142,0.0,0.027118,0.0
2017-10-23 04:47:00+02:00,0.03159,0.0,0.027274,0.0
2017-10-23 04:48:00+02:00,0.03037,0.0,0.027378,0.0
2017-10-23 04:49:00+02:00,0.02909,0.0,0.02756,0.0
2017-10-23 04:50:00+02:00,0.02981,0.0,0.027742,0.0
2017-10-23 04:51:00+02:00,0.03241,0.0,0.027898,0.0
2017-10-23 04:52:00+02:00,0.03239,0.0,0.028054,0.0
2017-10-23 04:53:00+02:00,0.0296,0.0,0.02821,0.0
2017-10-23 04:54:00+02:00,0.03113,0.0,0.028392,0.0
2017-10-23 04:55:00+02:00,0.02858,0.0,0.028548,0.0
2017-10-23 04:56:00+02:00,0.02634,0.0,0.028704,0.0
2017-10-23 04:57:00+02:00,0.0261,0.0,0.028886,0.0
2017-10-23 04:58:00+02:00,0.02652,0.0,0.029016,0.0
2017-10-23 04:59:00+02:00,0.03021,0.0,0.029198,0.0
2017-10-23 05:00:00+02:00,0.03351,0.0,0.029354,0.0
2017-10-23 05:01:00+02:00,0.0335,0.0,0.02951,0.0
2017-10-23 05:02:00+02:00,0.0345,0.0,0.029978,0.0
2017-10-23 05:03:00+02:00,0.03412,0.0,0.030342,0.0
2017-10-23 05:04:00+02:00,0.03126,0.0,0.030732,0.0
2017-10-23 05:05:00+02:00,0.0244,0.0,0.031174,0.0
2017-10-23 05:06:00+02:00,0.02697,0.0,0.031564,0.0
2017-10-23 05:07:00+02:00,0.02496,0.0,0.032006,0.0
2017-10-23 05:08:00+02:00,0.02436,0.0,0.032396,0.0
2017-10-23 05:09:00+02:00,0.02453,0.0,0.032838,0.0
2017-10-23 05:10:00+02:00,0.02492,0.0,0.033228,0.0
2017-10-23 05:11:00+02:00,0.0249,0.0,0.03367,0.0
2017-10-23 05:12:00+02:00,0.02438,0.0,0.03406,0.0
2017-10-23 05:13:00+02:00,0.02419,0.0,0.034476,0.0
2017-10-23 05:14:00+02:00,0.02398,0.0,0.034892,0.0
2017-10-23 05:15:00+02:00,0.02585,0.0,0.035334,0.0
2017-10-23 05:16:00+02:00,0.02606,0.0,0.035724,0.0
2017-10-23 05:17:00+02:00,0.02596,0.0,0.036166,0.0
2017-10-23 05:18:00+02:00,0.02681,0.0,0.036556,0.0
2017-10-23 05:19:00+02:00,0.02833,0.0,0.036972,0.0
2017-10-23 05:20:00+02:00,0.02762,0.0,0.037388,0.0
2017-10-23 05:21:00+02:00,0.02708,0.0,0.037778,0.0
2017-10-23 05:22:00+02:00,0.02683,0.0,0.03822,0.0
2017-10-23 05:23:00+02:00,0.02663,0.0,0.038636,0.0
2017-10-23 05:24:00+02:00,0.02693,0.0,0.039026,0.0
2017-10-23 05:25:00+02:00,0.02768,0.0,0.039468,0.0
2017-10-23 05:26:00+02:00,0.02637,0.0,0.039884,0.0
2017-10-23 05:27:00+02:00,0.0271,0.0,0.040274,0.0
2017-10-23 05:28:00+02:00,0.02738,0.0,0.040716,0.0
2017-10-23 05:29:00+02:00,0.0301,0.0,0.041132,0.0
2017-10-23 05:30:00+02:00,0.03072,0.0,0.041548,0.0
2017-10-23 05:31:00+02:00,0.03002,0.0,0.041938,0.0
2017-10-23 05:32:00+02:00,0.02751,0.0,0.042354,0.0
2017-10-23 05:33:00+02:00,0.02569,0.0,0.04277,0.0
2017-10-23 05:34:00+02:00,0.02686,0.0,0.043186,0.0
2017-10-23 05:35:00+02:00,0.02676,0.0,0.043576,0.0
2017-10-23 05:36:00+02:00,0.02912,0.0,0.044018,0.0
2017-10-23 05:37:00+02:00,0.02528,0.0,0.044434,0.0
2017-10-23 05:38:00+02:00,0.02432,0.0,0.044824,0.0
2017-10-23 05:39:00+02:00,0.02434,0.0,0.045266,0.0
2017-10-23 05:40:00+02:00,0.02416,0.0,0.045656,0.0
2017-10-23 05:41:00+02:00,0.02695,0.0,0.046072,0.0
2017-10-23 05:42:00+02:00,0.02643,0.0,0.046514,0.0
2017-10-23 05:43:00+02:00,0.02446,0.0,0.046904,0.0
2017-10-23 05:44:00+02:00,0.02442,0.0,0.047346,0.0
2017-10-23 05:45:00+02:00,0.02419,0.0,0.047762,0.0
2017-10-23 05:46:00+02:00,0.02415,0.0,0.048152,0.0
2017-10-23 05:47:00+02:00,0.02274,0.0,0.048568,0.0
2017-10-23 05:48:00+02:00,0.02277,0.0,0.048984,0.0
2017-10-23 05:49:00+02:00,0.02296,0.0,0.049374,0.0
2017-10-23 05:50:00+02:00,0.02334,0.0,0.049842,0.0
2017-10-23 05:51:00+02:00,0.02902,0.0,0.050206,0.0
2017-10-23 05:52:00+02:00,0.03142,0.0,0.050648,0.0
2017-10-23 05:53:00+02:00,0.02967,0.0,0.051064,0.0
2017-10-23 05:54:00+02:00,0.02874,0.0,0.05148,0.0
2017-10-23 05:55:00+02:00,0.02869,0.0,0.05187,0.0
2017-10-23 05:56:00+02:00,0.03118,0.0,0.052338,0.0
2017-10-23 05:57:00+02:00,0.03429,0.0,0.052702,0.0
2017-10-23 05:58:00+02:00,0.03217,0.0,0.053144,0.0
2017-10-23 05:59:00+02:00,0.03043,0.0,0.053534,0.0
2017-10-23 06:00:00+02:00,0.03094,0.0,0.05395,0.0
2017-10-23 06:01:00+02:00,0.03211,0.0,0.054392,0.0
2017-10-23 06:02:00+02:00,0.03252,0.0,0.054626,0.0
2017-10-23 06:03:00+02:00,0.0319,0.0,0.05486,0.0
2017-10-23 06:04:00+02:00,0.0297,0.0,0.055094,0.0
2017-10-23 06:05:00+02:00,0.0296,0.0,0.055302,0.0
2017-10-23 06:06:00+02:00,0.03011,0.0,0.055562,0.0
2017-10-23 06:07:00+02:00,0.02964,0.0,0.055822,0.0
2017-10-23 06:08:00+02:00,0.02868,0.0,0.056056,0.0
2017-10-23 06:09:00+02:00,0.02765,0.0,0.05629,0.0
2017-10-23 06:10:00+02:00,0.02701,0.0,0.056524,0.0
2017-10-23 06:11:00+02:00,0.02767,0.0,0.056784,0.0
2017-10-23 06:12:00+02:00,0.03037,0.0,0.057018,0.0
2017-10-23 06:13:00+02:00,0.03164,0.0,0.057252,0.0
2017-10-23 06:14:00+02:00,0.02844,0.0,0.057512,0.0
2017-10-23 06:15:00+02:00,0.02531,0.0,0.05772,0.0
2017-10-23 06:16:00+02:00,0.02581,0.0,0.05798,0.0
2017-10-23 06:17:00+02:00,0.02685,0.0,0.05824,0.0
2017-10-23 06:18:00+02:00,0.02959,0.0,0.058448,0.0
2017-10-23 06:19:00+02:00,0.0279,0.0,0.058708,0.0
2017-10-23 06:20:00+02:00,0.02778,0.0,0.058942,0.0
2017-10-23 06:21:00+02:00,0.02793,0.0,0.059202,0.0
2017-10-23 06:22:00+02:00,0.02882,0.0,0.05941,0.0
2017-10-23 06:23:00+02:00,0.03267,0.0,0.05967,0.0
2017-10-23 06:24:00+02:00,0.03243,0.0,0.05993,0.0
2017-10-23 06:25:00+02:00,0.03131,0.0,0.060138,0.0
2017-10-23 06:26:00+02:00,0.03154,0.0,0.060398,0.0
2017-10-23 06:27:00+02:00,0.03214,0.0,0.060632,0.0
2017-10-23 06:28:00+02:00,0.03379,0.0,0.060866,0.0
2017-10-23 06:29:00+02:00,0.03188,0.0,0.061126,0.0
2017-10-23 06:30:00+02:00,0.03077,0.0,0.06136,0.0
2017-10-23 06:31:00+02:00,0.03059,0.0,0.061594,0.0
2017-10-23 06:32:00+02:00,0.03129,0.0,0.061828,0.0
2017-10-23 06:33:00+02:00,0.03293,0.0,0.062088,0.0
2017-10-23 06:34:00+02:00,0.03458,0.0,0.062348,0.0
2017-10-23 06:35:00+02:00,0.03327,0.0,0.062556,0.0
2017-10-23 06:36:00+02:00,0.02965,0.0,0.062816,0.0
2017-10-23 06:37:00+02:00,0.03288,0.0,0.06305,0.0
2017-10-23 06:38:00+02:00,0.03179,0.0,0.063284,0.0
2017-10-23 06:39:00+02:00,0.02828,0.0,0.063544,0.0
2017-10-23 06:40:00+02:00,0.02763,0.0,0.063778,0.0
2017-10-23 06:41:00+02:00,0.02802,0.0,0.064012,0.0
2017-10-23 06:42:00+02:00,0.02824,0.0,0.064246,0.0
2017-10-23 06:43:00+02:00,0.02857,0.0,0.064506,0.0
2017-10-23 06:44:00+02:00,0.02858,0.0,0.06474,0.0
2017-10-23 06:45:00+02:00,0.02969,0.0,0.064948,0.0
2017-10-23 06:46:00+02:00,0.0316,0.0,0.065208,0.0
2017-10-23 06:47:00+02:00,0.03123,0.0,0.065442,0.0
2017-10-23 06:48:00+02:00,0.03167,0.0,0.065676,0.0
2017-10-23 06:49:00+02:00,0.03265,0.0,0.065936,0.0
2017-10-23 06:50:00+02:00,0.03299,0.0,0.06617,0.0
2017-10-23 06:51:00+02:00,0.03294,0.0,0.066404,0.0
2017-10-23 06:52:00+02:00,0.03129,0.0,0.066638,0.0
2017-10-23 06:53:00+02:00,0.02955,0.0,0.066898,0.0
2017-10-23 06:54:00+02:00,0.03141,0.0,0.067132,0.0
2017-10-23 06:55:00+02:00,0.02861,0.0,0.067366,0.0
2017-10-23 06:56:00+02:00,0.02849,0.0,0.067626,0.0
2017-10-23 06:57:00+02:00,0.02897,0.0,0.067834,0.0
2017-10-23 06:58:00+02:00,0.0298,0.0,0.068094,0.0
2017-10-23 06:59:00+02:00,0.02913,0.0,0.068354,0.0
2017-10-23 07:00:00+02:00,0.03016,0.0,0.068588,0.0
2017-10-23 07:01:00+02:00,0.03336,0.0,0.068822,0.0
2017-10-23 07:02:00+02:00,0.03614,0.0,0.068822,0.0
2017-10-23 07:03:00+02:00,0.03981,0.0,0.068822,0.0
2017-10-23 07:04:00+02:00,0.02975,0.0,0.068822,0.0
2017-10-23 07:05:00+02:00,0.02965,0.0,0.068822,0.0
2017-10-23 07:06:00+02:00,0.03221,0.0,0.068796,0.0
2017-10-23 07:07:00+02:00,0.02849,0.0,0.06877,0.0
2017-10-23 07:08:00+02:00,0.02932,0.0,0.06877,0.0
2017-10-23 07:09:00+02:00,0.02949,0.0,0.06877,0.0
2017-10-23 07:10:00+02:00,0.03419,0.0,0.06877,0.0
2017-10-23 07:11:00+02:00,0.03241,0.0,0.06877,0.0
2017-10-23 07:12:00+02:00,0.03174,0.0,0.06877,0.0
2017-10-23 07:13:00+02:00,0.0307,0.0,0.06877,0.0
2017-10-23 07:14:00+02:00,0.03457,0.0,0.06877,0.0
2017-10-23 07:15:00+02:00,0.03678,0.0,0.068744,0.0
2017-10-23 07:16:00+02:00,0.03244,0.0,0.068744,0.0
2017-10-23 07:17:00+02:00,0.03167,0.0,0.068744,0.0
2017-10-23 07:18:00+02:00,0.03126,0.0,0.068744,0.0
2017-10-23 07:19:00+02:00,0.02937,0.0,0.068744,0.0
2017-10-23 07:20:00+02:00,0.0304,0.0,0.068744,0.0
2017-10-23 07:21:00+02:00,0.0316,0.0,0.068744,0.0
2017-10-23 07:22:00+02:00,0.03088,0.0,0.068744,0.0
2017-10-23 07:23:00+02:00,0.03393,0.0,0.068744,0.0
2017-10-23 07:24:00+02:00,0.03569,0.0,0.068718,0.0
2017-10-23 07:25:00+02:00,0.03331,0.0,0.068718,0.0
2017-10-23 07:26:00+02:00,0.03349,0.0,0.068692,0.0
2017-10-23 07:27:00+02:00,0.03829,0.0,0.068692,0.0
2017-10-23 07:28:00+02:00,0.03897,0.0,0.068692,0.0
2017-10-23 07:29:00+02:00,0.03644,0.0,0.068692,0.0
2017-10-23 07:30:00+02:00,0.03585,0.0,0.068692,0.0
2017-10-23 07:31:00+02:00,0.03521,0.0,0.068692,0.0
2017-10-23 07:32:00+02:00,0.03072,0.0,0.068692,0.0
2017-10-23 07:33:00+02:00,0.02986,0.0,0.068692,0.0
2017-10-23 07:34:00+02:00,0.03389,0.0,0.068692,0.0
2017-10-23 07:35:00+02:00,0.03377,0.0,0.06864,0.0
2017-10-23 07:36:00+02:00,0.03392,0.0,0.06864,0.0
2017-10-23 07:37:00+02:00,0.0367,0.0,0.06864,0.0
2017-10-23 07:38:00+02:00,0.03337,0.0,0.06864,0.0
2017-10-23 07:39:00+02:00,0.03478,0.0,0.06864,0.0
2017-10-23 07:40:00+02:00,0.03448,0.0,0.06864,0.0
2017-10-23 07:41:00+02:00,0.03609,0.0,0.06864,0.0
2017-10-23 07:42:00+02:00,0.0325,0.0,0.06864,0.0
2017-10-23 07:43:00+02:00,0.03709,0.0,0.06864,0.0
2017-10-23 07:44:00+02:00,0.03486,0.0,0.06864,0.0
2017-10-23 07:45:00+02:00,0.03321,0.0,0.06864,0.0
2017-10-23 07:46:00+02:00,0.03637,0.0,0.06864,0.0
2017-10-23 07:47:00+02:00,0.03617,0.0,0.068614,0.0
2017-10-23 07:48:00+02:00,0.03978,0.0,0.068614,0.0
2017-10-23 07:49:00+02:00,0.03976,0.0,0.068614,0.0
2017-10-23 07:50:00+02:00,0.03956,0.0,0.068588,0.0
2017-10-23 07:51:00+02:00,0.03691,0.0,0.068588,0.0
2017-10-23 07:52:00+02:00,0.03702,0.0,0.068588,0.0
2017-10-23 07:53:00+02:00,0.03564,0.0,0.068588,0.0
2017-10-23 07:54:00+02:00,0.0407,0.0,0.068562,0.0
2017-10-23 07:55:00+02:00,0.04023,0.0,0.068562,0.0
2017-10-23 07:56:00+02:00,0.04004,0.0,0.068562,0.0
2017-10-23 07:57:00+02:00,0.0346,0.0,0.068562,0.0
2017-10-23 07:58:00+02:00,0.03583,0.0,0.068562,0.0
2017-10-23 07:59:00+02:00,0.03391,0.0,0.068562,0.0
2017-10-23 08:00:00+02:00,0.03134,0.0,0.068562,0.0
2017-10-23 08:01:00+02:00,0.03468,0.0,0.068562,0.0
2017-10-23 08:02:00+02:00,0.03708,0.0,0.06838,0.0
2017-10-23 08:03:00+02:00,0.04154,0.0,0.068198,0.0
2017-10-23 08:04:00+02:00,0.04272,0.0,0.068042,0.0
2017-10-23 08:05:00+02:00,0.04057,0.0,0.067886,0.0
2017-10-23 08:06:00+02:00,0.04156,0.0,0.06773,0.0
2017-10-23 08:07:00+02:00,0.04026,0.0,0.067548,0.0
2017-10-23 08:08:00+02:00,0.03552,0.0,0.067366,0.0
2017-10-23 08:09:00+02:00,0.04163,0.0,0.06721,0.0
2017-10-23 08:10:00+02:00,0.03786,0.0,0.067028,0.0
2017-10-23 08:11:00+02:00,0.03625,0.0,0.066898,0.0
2017-10-23 08:12:00+02:00,0.0355,0.0,0.066742,0.0
2017-10-23 08:13:00+02:00,0.03761,0.0,0.066534,0.0
2017-10-23 08:14:00+02:00,0.0391,0.0,0.066378,0.0
2017-10-23 08:15:00+02:00,0.03875,0.0,0.066222,0.011
2017-10-23 08:16:00+02:00,0.04189,0.0,0.06604,0.011
2017-10-23 08:17:00+02:00,0.04364,0.0,0.065884,0.011
2017-10-23 08:18:00+02:00,0.04403,0.0,0.065728,0.011
2017-10-23 08:19:00+02:00,0.04211,0.0,0.065546,0.011
2017-10-23 08:20:00+02:00,0.04688,0.012632,0.065416,0.011
2017-10-23 08:21:00+02:00,0.04582,0.018432,0.065234,0.011
2017-10-23 08:22:00+02:00,0.04721,0.021284,0.065052,0.011
2017-10-23 08:23:00+02:00,0.04814,0.025044,0.06487,0.011
2017-10-23 08:24:00+02:00,0.04774,0.024623,0.064714,0.011
2017-10-23 08:25:00+02:00,0.04819,0.024887,0.064558,0.011
2017-10-23 08:26:00+02:00,0.0427,0.028149,0.064402,0.011
2017-10-23 08:27:00+02:00,0.04323,0.030558,0.06422,0.011
2017-10-23 08:28:00+02:00,0.0401,0.031989,0.064038,0.011
2017-10-23 08:29:00+02:00,0.04098,0.031997,0.063908,0.011
2017-10-23 08:30:00+02:00,0.04372,0.032552,0.063726,0.011
2017-10-23 08:31:00+02:00,0.049,0.033611,0.063544,0.011
2017-10-23 08:32:00+02:00,0.05033,0.035689,0.063388,0.011
2017-10-23 08:33:00+02:00,0.04952,0.038452,0.063206,0.011
2017-10-23 08:34:00+02:00,0.04956,0.040793,0.063076,0.011
2017-10-23 08:35:00+02:00,0.05511,0.040871,0.06292,0.011
2017-10-23 08:36:00+02:00,0.04848,0.039533,0.062712,0.011
2017-10-23 08:37:00+02:00,0.04383,0.039692,0.062556,0.011
2017-10-23 08:38:00+02:00,0.04583,0.036284,0.062374,0.011
2017-10-23 08:39:00+02:00,0.04292,0.035751,0.062218,0.011
2017-10-23 08:40:00+02:00,0.04963,0.040095,0.062088,0.011
2017-10-23 08:41:00+02:00,0.05319,0.041828,0.061906,0.011
2017-10-23 08:42:00+02:00,0.05233,0.038766,0.061724,0.011
2017-10-23 08:43:00+02:00,0.05585,0.038889,0.061542,0.011
2017-10-23 08:44:00+02:00,0.05507,0.041606,0.061412,0.011
2017-10-23 08:45:00+02:00,0.05011,0.042785,0.06123,0.011
2017-10-23 08:46:00+02:00,0.05453,0.039478,0.061048,0.011
2017-10-23 08:47:00+02:00,0.05482,0.036216,0.060892,0.011
2017-10-23 08:48:00+02:00,0.05231,0.03475,0.06071,0.011
2017-10-23 08:49:00+02:00,0.05371,0.038587,0.06058,0.011
2017-10-23 08:50:00+02:00,0.05326,0.044523,0.060398,0.011
2017-10-23 08:51:00+02:00,0.052,0.043775,0.060216,0.011
2017-10-23 08:52:00+02:00,0.05655,0.043345,0.06006,0.011
2017-10-23 08:53:00+02:00,0.06112,0.04419,0.059878,0.011
2017-10-23 08:54:00+02:00,0.06741,0.0388,0.059748,0.011
2017-10-23 08:55:00+02:00,0.05876,0.031716,0.059592,0.011
2017-10-23 08:56:00+02:00,0.05729,0.026302,0.059384,0.011
2017-10-23 08:57:00+02:00,0.05545,0.023139,0.059228,0.011
2017-10-23 08:58:00+02:00,0.05372,0.0241,0.059072,0.011
2017-10-23 08:59:00+02:00,0.05434,0.020805,0.05889,0.011
2017-10-23 09:00:00+02:00,0.05838,0.01962,0.058734,0.011
2017-10-23 09:01:00+02:00,0.05764,0.016336,0.058578,0.011
2017-10-23 09:02:00+02:00,0.05698,0.014218,0.058474,0.011
2017-10-23 09:03:00+02:00,0.05929,0.013064,0.058396,0.011
2017-10-23 09:04:00+02:00,0.05833,0.010985,0.058266,0.011
2017-10-23 09:05:00+02:00,0.05312,0.009627,0.058188,0.011
2017-10-23 09:06:00+02:00,0.0513,0.006435,0.058084,0.011
2017-10-23 09:07:00+02:00,0.05323,0.003748,0.058006,0.011
2017-10-23 09:08:00+02:00,0.0558,0.0,0.057902,0.011
2017-10-23 09:09:00+02:00,0.05328,0.0,0.057824,0.011
2017-10-23 09:10:00+02:00,0.05489,0.0,0.05772,0.011
2017-10-23 09:11:00+02:00,0.05535,0.0,0.057642,0.011
2017-10-23 09:12:00+02:00,0.04675,0.0,0.057538,0.011
2017-10-23 09:13:00+02:00,0.04848,0.002071,0.05746,0.011
2017-10-23 09:14:00+02:00,0.05393,0.004145,0.057356,0.011
2017-10-23 09:15:00+02:00,0.05699,0.008727,0.057252,0.011
2017-10-23 09:16:00+02:00,0.06315,0.013393,0.0572,0.011
2017-10-23 09:17:00+02:00,0.06706,0.021011,0.057122,0.011
2017-10-23 09:18:00+02:00,0.0681,0.027494,0.057018,0.011
2017-10-23 09:19:00+02:00,0.06383,0.035295,0.056914,0.011
2017-10-23 09:20:00+02:00,0.06544,0.04829,0.056862,0.011
2017-10-23 09:21:00+02:00,0.05979,0.057629,0.056758,0.011
2017-10-23 09:22:00+02:00,0.05762,0.060704,0.056654,0.011
2017-10-23 09:23:00+02:00,0.0521,0.061718,0.05655,0.011
2017-10-23 09:24:00+02:00,0.0544,0.059441,0.056498,0.011
2017-10-23 09:25:00+02:00,0.05659,0.05215,0.056394,0.011
2017-10-23 09:26:00+02:00,0.06477,0.050872,0.05629,0.011
2017-10-23 09:27:00+02:00,0.06056,0.052114,0.056186,0.011
2017-10-23 09:28:00+02:00,0.06331,0.047681,0.056134,0.011
2017-10-23 09:29:00+02:00,0.06773,0.042243,0.05603,0.011
2017-10-23 09:30:00+02:00,0.0628,0.043055,0.055926,0.011
2017-10-23 09:31:00+02:00,0.05897,0.049032,0.055848,0.011
2017-10-23 09:32:00+02:00,0.0569,0.055867,0.05577,0.011
2017-10-23 09:33:00+02:00,0.05519,0.057983,0.055666,0.011
2017-10-23 09:34:00+02:00,0.06012,0.05938,0.055562,0.011
2017-10-23 09:35:00+02:00,0.06022,0.059697,0.055484,0.011
2017-10-23 09:36:00+02:00,0.06415,0.064104,0.05538,0.011
2017-10-23 09:37:00+02:00,0.06642,0.067911,0.055302,0.011
2017-10-23 09:38:00+02:00,0.06289,0.073532,0.055198,0.011
2017-10-23 09:39:00+02:00,0.07215,0.081476,0.05512,0.011
2017-10-23 09:40:00+02:00,0.07211,0.083766,0.055016,0.008007
2017-10-23 09:41:00+02:00,0.07204,0.074313,0.054938,0.0
2017-10-23 09:42:00+02:00,0.07449,0.068087,0.054834,0.0
2017-10-23 09:43:00+02:00,0.07506,0.06765,0.054756,0.0
2017-10-23 09:44:00+02:00,0.07931,0.072361,0.054652,0.0
2017-10-23 09:45:00+02:00,0.09115,0.081114,0.054574,0.0
2017-10-23 09:46:00+02:00,0.09174,0.094923,0.05447,0.0
2017-10-23 09:47:00+02:00,0.08498,0.110524,0.054392,0.0
2017-10-23 09:48:00+02:00,0.08212,0.125263,0.054288,0.0
2017-10-23 09:49:00+02:00,0.08793,0.137141,0.05421,0.0
2017-10-23 09:50:00+02:00,0.09747,0.144267,0.054132,0.0
2017-10-23 09:51:00+02:00,0.09292,0.136777,0.054028,0.0
2017-10-23 09:52:00+02:00,0.08255,0.130325,0.053924,0.0
2017-10-23 09:53:00+02:00,0.08179,0.13043,0.053846,0.0
2017-10-23 09:54:00+02:00,0.08095,0.127594,0.053768,0.0
2017-10-23 09:55:00+02:00,0.08028,0.122979,0.053664,0.0
2017-10-23 09:56:00+02:00,0.075,0.124127,0.05356,0.0
2017-10-23 09:57:00+02:00,0.07785,0.125573,0.053456,0.0
2017-10-23 09:58:00+02:00,0.08233,0.122343,0.053404,0.0
2017-10-23 09:59:00+02:00,0.08296,0.113577,0.0533,0.0
2017-10-23 10:00:00+02:00,0.08733,0.106003,0.053196,0.0
2017-10-23 10:01:00+02:00,0.09437,0.10567,0.053092,0.0
2017-10-23 10:02:00+02:00,0.08919,0.115976,0.053066,0.0
2017-10-23 10:03:00+02:00,0.09744,0.135097,0.052962,0.0
2017-10-23 10:04:00+02:00,0.09897,0.156395,0.052884,0.0
2017-10-23 10:05:00+02:00,0.08702,0.183035,0.052806,0.0
2017-10-23 10:06:00+02:00,0.07936,0.209233,0.052702,0.0
2017-10-23 10:07:00+02:00,0.0774,0.221678,0.052702,0.0
2017-10-23 10:08:00+02:00,0.07834,0.219402,0.052598,0.0
2017-10-23 10:09:00+02:00,0.07378,0.2152,0.05252,0.0
2017-10-23 10:10:00+02:00,0.08315,0.218883,0.052442,0.0
2017-10-23 10:11:00+02:00,0.07483,0.236689,0.052338,0.0
2017-10-23 10:12:00+02:00,0.0746,0.247472,0.05226,0.0
2017-10-23 10:13:00+02:00,0.07351,0.271795,0.052208,0.0
2017-10-23 10:14:00+02:00,0.07322,0.296945,0.05213,0.0
2017-10-23 10:15:00+02:00,0.06509,0.312937,0.052052,0.0
2017-10-23 10:16:00+02:00,0.074,0.309259,0.051974,0.0
2017-10-23 10:17:00+02:00,0.07321,0.310722,0.051896,0.0
2017-10-23 10:18:00+02:00,0.0829,0.303471,0.051792,0.0
2017-10-23 10:19:00+02:00,0.07727,0.295772,0.05174,0.0
2017-10-23 10:20:00+02:00,0.08131,0.273435,0.051662,0.0
2017-10-23 10:21:00+02:00,0.0748,0.223203,0.05161,0.0
2017-10-23 10:22:00+02:00,0.07621,0.186296,0.051506,0.0
2017-10-23 10:23:00+02:00,0.0714,0.162334,0.051428,0.0
2017-10-23 10:24:00+02:00,0.06793,0.146893,0.05135,0.0
2017-10-23 10:25:00+02:00,0.06887,0.14358,0.051298,0.0
2017-10-23 10:26:00+02:00,0.06577,0.134441,0.051194,0.0
2017-10-23 10:27:00+02:00,0.06124,0.133332,0.051116,0.0
2017-10-23 10:28:00+02:00,0.06057,0.130104,0.051064,0.0
2017-10-23 10:29:00+02:00,0.06023,0.117763,0.05096,0.0
2017-10-23 10:30:00+02:00,0.06369,0.11916,0.050908,0.011
2017-10-23 10:31:00+02:00,0.06002,0.131592,0.05083,0.011
2017-10-23 10:32:00+02:00,0.06871,0.122667,0.050726,0.011
2017-10-23 10:33:00+02:00,0.07641,0.123485,0.050674,0.011
2017-10-23 10:34:00+02:00,0.06863,0.130497,0.05057,0.011
2017-10-23 10:35:00+02:00,0.0677,0.130579,0.050492,0.011
2017-10-23 10:36:00+02:00,0.0671,0.120755,0.050466,0.011
2017-10-23 10:37:00+02:00,0.06846,0.102876,0.050362,0.011
2017-10-23 10:38:00+02:00,0.06718,0.089156,0.050284,0.011
2017-10-23 10:39:00+02:00,0.0645,0.082061,0.050206,0.011
2017-10-23 10:40:00+02:00,0.06918,0.068285,0.050102,0.011
2017-10-23 10:41:00+02:00,0.07289,0.065447,0.05005,0.011
2017-10-23 10:42:00+02:00,0.077,0.07079,0.049998,0.011
2017-10-23 10:43:00+02:00,0.06927,0.071299,0.049894,0.011
2017-10-23 10:44:00+02:00,0.07296,0.074349,0.049842,0.009047
2017-10-23 10:45:00+02:00,0.07403,0.081127,0.049738,0.0
2017-10-23 10:46:00+02:00,0.0758,0.093235,0.04966,0.0
2017-10-23 10:47:00+02:00,0.07986,0.098537,0.049582,0.0
2017-10-23 10:48:00+02:00,0.07499,0.109644,0.049504,0.0
2017-10-23 10:49:00+02:00,0.07185,0.110986,0.049452,0.0
2017-10-23 10:50:00+02:00,0.07241,0.115952,0.049374,0.0
2017-10-23 10:51:00+02:00,0.07844,0.131507,0.04927,0.0
2017-10-23 10:52:00+02:00,0.08518,0.126997,0.049218,0.0
2017-10-23 10:53:00+02:00,0.09528,0.115886,0.04914,0.0
2017-10-23 10:54:00+02:00,0.09665,0.118765,0.049062,0.0
2017-10-23 10:55:00+02:00,0.09468,0.103116,0.048984,0.0
2017-10-23 10:56:00+02:00,0.08824,0.086767,0.048906,0.0
2017-10-23 10:57:00+02:00,0.09285,0.095795,0.048828,0.0
2017-10-23 10:58:00+02:00,0.09495,0.09491,0.04875,0.0
2017-10-23 10:59:00+02:00,0.09004,0.105367,0.048672,0.0
2017-10-23 11:00:00+02:00,0.08979,0.122203,0.048594,0.0
2017-10-23 11:01:00+02:00,0.09323,0.136857,0.048516,0.0
2017-10-23 11:02:00+02:00,0.09153,0.157468,0.048438,0.0
2017-10-23 11:03:00+02:00,0.08807,0.161111,0.048334,0.0
2017-10-23 11:04:00+02:00,0.09514,0.146489,0.048282,0.0
2017-10-23 11:05:00+02:00,0.09324,0.127758,0.048204,0.0
2017-10-23 11:06:00+02:00,0.08531,0.118255,0.048126,0.0
2017-10-23 11:07:00+02:00,0.08467,0.133629,0.048048,0.0
2017-10-23 11:08:00+02:00,0.09588,0.152495,0.04797,0.0
2017-10-23 11:09:00+02:00,0.07877,0.147178,0.047866,0.0
2017-10-23 11:10:00+02:00,0.0778,0.143571,0.047788,0.0
2017-10-23 11:11:00+02:00,0.07636,0.137131,0.04771,0.0
2017-10-23 11:12:00+02:00,0.06856,0.137382,0.047606,0.0
2017-10-23 11:13:00+02:00,0.06449,0.129749,0.047528,0.0
2017-10-23 11:14:00+02:00,0.0649,0.121831,0.04745,0.0
2017-10-23 11:15:00+02:00,0.06039,0.12138,0.047372,0.011
2017-10-23 11:16:00+02:00,0.05409,0.107851,0.047294,0.011
2017-10-23 11:17:00+02:00,0.06018,0.105725,0.047242,0.011
2017-10-23 11:18:00+02:00,0.06484,0.10182,0.047138,0.011
2017-10-23 11:19:00+02:00,0.05965,0.108613,0.047034,0.011
2017-10-23 11:20:00+02:00,0.05464,0.114841,0.046982,0.011
2017-10-23 11:21:00+02:00,0.05116,0.112159,0.046878,0.011
2017-10-23 11:22:00+02:00,0.05518,0.113484,0.046774,0.011
2017-10-23 11:23:00+02:00,0.06306,0.103423,0.046748,0.011
2017-10-23 11:24:00+02:00,0.06402,0.093658,0.046644,0.011
2017-10-23 11:25:00+02:00,0.06847,0.095303,0.04654,0.011
2017-10-23 11:26:00+02:00,0.0911,0.093243,0.046488,0.011
2017-10-23 11:27:00+02:00,0.07753,0.09967,0.04641,0.011
2017-10-23 11:28:00+02:00,0.0761,0.128618,0.046306,0.011
2017-10-23 11:29:00+02:00,0.08202,0.111881,0.046254,0.011
2017-10-23 11:30:00+02:00,0.08035,0.104705,0.04615,0.011
2017-10-23 11:31:00+02:00,0.08811,0.122008,0.046072,0.011
2017-10-23 11:32:00+02:00,0.07745,0.133925,0.045994,0.011
2017-10-23 11:33:00+02:00,0.06944,0.157856,0.045916,0.011
2017-10-23 11:34:00+02:00,0.07168,0.188068,0.045812,0.011
2017-10-23 11:35:00+02:00,0.07733,0.207464,0.045734,0.011
2017-10-23 11:36:00+02:00,0.08634,0.223375,0.045656,0.011
2017-10-23 11:37:00+02:00,0.08295,0.203506,0.045552,0.011
2017-10-23 11:38:00+02:00,0.07608,0.200979,0.0455,0.011
2017-10-23 11:39:00+02:00,0.07367,0.250041,0.045422,0.011
2017-10-23 11:40:00+02:00,0.07323,0.222039,0.045344,0.011
2017-10-23 11:41:00+02:00,0.07988,0.227116,0.045266,0.011
2017-10-23 11:42:00+02:00,0.08319,0.216128,0.045188,0.011
2017-10-23 11:43:00+02:00,0.09434,0.178367,0.045084,0.011
2017-10-23 11:44:00+02:00,0.09137,0.197098,0.045006,0.011
2017-10-23 11:45:00+02:00,0.09365,0.185622,0.044928,0.011
2017-10-23 11:46:00+02:00,0.08731,0.193277,0.044824,0.011
2017-10-23 11:47:00+02:00,0.07713,0.19055,0.044746,0.011
2017-10-23 11:48:00+02:00,0.07397,0.164991,0.044694,0.011
2017-10-23 11:49:00+02:00,0.0735,0.172041,0.04459,0.011
2017-10-23 11:50:00+02:00,0.08426,0.188343,0.044538,0.011
2017-10-23 11:51:00+02:00,0.08137,0.164278,0.044434,0.011
2017-10-23 11:52:00+02:00,0.07907,0.169877,0.044356,0.011
2017-10-23 11:53:00+02:00,0.08048,0.18768,0.044278,0.011
2017-10-23 11:54:00+02:00,0.07518,0.191147,0.044174,0.011
2017-10-23 11:55:00+02:00,0.08238,0.182933,0.044096,0.011
2017-10-23 11:56:00+02:00,0.09305,0.18811,0.044044,0.011
2017-10-23 11:57:00+02:00,0.09211,0.198441,0.04394,0.004687
2017-10-23 11:58:00+02:00,0.09331,0.212641,0.043862,0.0
2017-10-23 11:59:00+02:00,0.09189,0.233172,0.043784,0.0
2017-10-23 12:00:00+02:00,0.09439,0.269288,0.04368,0.0
2017-10-23 12:01:00+02:00,0.09425,0.263485,0.043654,0.0
2017-10-23 12:02:00+02:00,0.08673,0.243603,0.043576,0.0
2017-10-23 12:03:00+02:00,0.07531,0.261015,0.04355,0.0
2017-10-23 12:04:00+02:00,0.07801,0.260028,0.043472,0.0
2017-10-23 12:05:00+02:00,0.08058,0.227208,0.04342,0.0
2017-10-23 12:06:00+02:00,0.0794,0.209145,0.04342,0.0
2017-10-23 12:07:00+02:00,0.08209,0.229232,0.043316,0.0
2017-10-23 12:08:00+02:00,0.10027,0.237658,0.043316,0.0
2017-10-23 12:09:00+02:00,0.09812,0.222868,0.043264,0.0
2017-10-23 12:10:00+02:00,0.08765,0.219516,0.043212,0.0
2017-10-23 12:11:00+02:00,0.08711,0.213223,0.04316,0.0
2017-10-23 12:12:00+02:00,0.09172,0.212565,0.043108,0.0
2017-10-23 12:13:00+02:00,0.09362,0.209121,0.043056,0.0
2017-10-23 12:14:00+02:00,0.09299,0.224337,0.043056,0.0
2017-10-23 12:15:00+02:00,0.08951,0.233916,0.042952,0.011
2017-10-23 12:16:00+02:00,0.08178,0.225773,0.042952,0.011
2017-10-23 12:17:00+02:00,0.08723,0.205514,0.042874,0.011
2017-10-23 12:18:00+02:00,0.0821,0.178125,0.042848,0.011
2017-10-23 12:19:00+02:00,0.08435,0.164616,0.042796,0.011
2017-10-23 12:20:00+02:00,0.08008,0.157431,0.042744,0.011
2017-10-23 12:21:00+02:00,0.08339,0.154188,0.042692,0.011
2017-10-23 12:22:00+02:00,0.085,0.173782,0.042692,0.011
2017-10-23 12:23:00+02:00,0.08033,0.173056,0.042588,0.011
2017-10-23 12:24:00+02:00,0.07962,0.148818,0.042588,0.011
2017-10-23 12:25:00+02:00,0.07878,0.152156,0.04251,0.011
2017-10-23 12:26:00+02:00,0.07872,0.153502,0.042484,0.011
2017-10-23 12:27:00+02:00,0.07919,0.167661,0.042432,0.011
2017-10-23 12:28:00+02:00,0.07563,0.158559,0.04238,0.011
2017-10-23 12:29:00+02:00,0.07919,0.168535,0.042328,0.011
2017-10-23 12:30:00+02:00,0.07578,0.231865,0.042302,0.011
2017-10-23 12:31:00+02:00,0.07737,0.262625,0.042224,0.011
2017-10-23 12:32:00+02:00,0.08333,0.254797,0.042224,0.011
2017-10-23 12:33:00+02:00,0.07754,0.229388,0.042146,0.011
2017-10-23 12:34:00+02:00,0.09625,0.190337,0.04212,0.011
2017-10-23 12:35:00+02:00,0.102,0.155279,0.042068,0.011
2017-10-23 12:36:00+02:00,0.09468,0.151417,0.042042,0.011
2017-10-23 12:37:00+02:00,0.08686,0.149533,0.041964,0.011
2017-10-23 12:38:00+02:00,0.07868,0.130934,0.041938,0.011
2017-10-23 12:39:00+02:00,0.08152,0.129183,0.04186,0.011
2017-10-23 12:40:00+02:00,0.07201,0.145367,0.04186,0.011
2017-10-23 12:41:00+02:00,0.06241,0.151853,0.041782,0.011
2017-10-23 12:42:00+02:00,0.05576,0.146877,0.041756,0.011
2017-10-23 12:43:00+02:00,0.05977,0.169532,0.041678,0.011
2017-10-23 12:44:00+02:00,0.07353,0.180548,0.041678,0.011
2017-10-23 12:45:00+02:00,0.07765,0.177326,0.0416,0.022
2017-10-23 12:46:00+02:00,0.07782,0.18744,0.041548,0.022
2017-10-23 12:47:00+02:00,0.08011,0.19253,0.041496,0.022
2017-10-23 12:48:00+02:00,0.07901,0.189429,0.04147,0.022
2017-10-23 12:49:00+02:00,0.08673,0.164683,0.041418,0.022
2017-10-23 12:50:00+02:00,0.08877,0.157682,0.041366,0.022
2017-10-23 12:51:00+02:00,0.08839,0.171706,0.041314,0.022
2017-10-23 12:52:00+02:00,0.08162,0.214883,0.041288,0.022
2017-10-23 12:53:00+02:00,0.07458,0.23918,0.041236,0.022
2017-10-23 12:54:00+02:00,0.06761,0.225301,0.041184,0.01906
2017-10-23 12:55:00+02:00,0.0766,0.1962,0.041132,0.011
2017-10-23 12:56:00+02:00,0.08017,0.187759,0.04108,0.011
2017-10-23 12:57:00+02:00,0.08175,0.189651,0.041054,0.011
2017-10-23 12:58:00+02:00,0.08433,0.159499,0.041002,0.011
2017-10-23 12:59:00+02:00,0.08055,0.138492,0.04095,0.001367
2017-10-23 13:00:00+02:00,0.08059,0.139923,0.040924,0.0
2017-10-23 13:01:00+02:00,0.09372,0.147755,0.040898,0.0
2017-10-23 13:02:00+02:00,0.09218,0.161221,0.040846,0.0
2017-10-23 13:03:00+02:00,0.09494,0.175943,0.04082,0.0
2017-10-23 13:04:00+02:00,0.09345,0.198688,0.04082,0.0
2017-10-23 13:05:00+02:00,0.08528,0.174535,0.040794,0.0
2017-10-23 13:06:00+02:00,0.10175,0.157422,0.040768,0.0
2017-10-23 13:07:00+02:00,0.09947,0.142272,0.040716,0.0
2017-10-23 13:08:00+02:00,0.09765,0.127612,0.040716,0.0
2017-10-23 13:09:00+02:00,0.10094,0.11528,0.04069,0.0
2017-10-23 13:10:00+02:00,0.10465,0.114891,0.040664,0.0
2017-10-23 13:11:00+02:00,0.10456,0.122343,0.040638,0.0
2017-10-23 13:12:00+02:00,0.10501,0.120276,0.040612,0.0
2017-10-23 13:13:00+02:00,0.10064,0.13875,0.040586,0.0
2017-10-23 13:14:00+02:00,0.09253,0.173832,0.04056,0.0
2017-10-23 13:15:00+02:00,0.08147,0.167082,0.04056,0.0
2017-10-23 13:16:00+02:00,0.08333,0.165573,0.040534,0.0
2017-10-23 13:17:00+02:00,0.09098,0.162398,0.040482,0.0
2017-10-23 13:18:00+02:00,0.08801,0.183912,0.040456,0.0
2017-10-23 13:19:00+02:00,0.0861,0.177678,0.040456,0.0
2017-10-23 13:20:00+02:00,0.1,0.133205,0.040456,0.0
2017-10-23 13:21:00+02:00,0.10295,0.108082,0.040404,0.0
2017-10-23 13:22:00+02:00,0.09963,0.110756,0.040352,0.0
2017-10-23 13:23:00+02:00,0.09998,0.12231,0.040352,0.0
2017-10-23 13:24:00+02:00,0.09261,0.120124,0.040352,0.0
2017-10-23 13:25:00+02:00,0.08906,0.135328,0.040326,0.0
2017-10-23 13:26:00+02:00,0.08754,0.152675,0.0403,0.0
2017-10-23 13:27:00+02:00,0.09473,0.165455,0.040248,0.0
2017-10-23 13:28:00+02:00,0.08694,0.158777,0.040248,0.0
2017-10-23 13:29:00+02:00,0.08779,0.150134,0.040222,0.0
2017-10-23 13:30:00+02:00,0.09838,0.136669,0.040196,0.0
2017-10-23 13:31:00+02:00,0.0984,0.117078,0.040196,0.0
2017-10-23 13:32:00+02:00,0.09541,0.092993,0.040144,0.0
2017-10-23 13:33:00+02:00,0.09295,0.080299,0.040092,0.0
2017-10-23 13:34:00+02:00,0.09635,0.083981,0.040092,0.0
2017-10-23 13:35:00+02:00,0.08359,0.103921,0.040092,0.0
2017-10-23 13:36:00+02:00,0.08028,0.11474,0.040092,0.0
2017-10-23 13:37:00+02:00,0.08545,0.099721,0.039988,0.0
2017-10-23 13:38:00+02:00,0.09377,0.081184,0.039988,0.0
2017-10-23 13:39:00+02:00,0.08514,0.073679,0.039988,0.0
2017-10-23 13:40:00+02:00,0.08486,0.067367,0.039988,0.0
2017-10-23 13:41:00+02:00,0.08373,0.069918,0.039936,0.0
2017-10-23 13:42:00+02:00,0.08018,0.073122,0.03991,0.0
2017-10-23 13:43:00+02:00,0.07649,0.075678,0.039884,0.0
2017-10-23 13:44:00+02:00,0.08173,0.086451,0.039884,0.0
2017-10-23 13:45:00+02:00,0.08616,0.093135,0.039832,0.0
2017-10-23 13:46:00+02:00,0.08305,0.102356,0.039832,0.0
2017-10-23 13:47:00+02:00,0.08078,0.120892,0.039832,0.0
2017-10-23 13:48:00+02:00,0.0758,0.113564,0.03978,0.0
2017-10-23 13:49:00+02:00,0.08174,0.090367,0.039728,0.0
2017-10-23 13:50:00+02:00,0.07711,0.095887,0.039728,0.0
2017-10-23 13:51:00+02:00,0.07481,0.109115,0.039728,0.0
2017-10-23 13:52:00+02:00,0.07824,0.122346,0.039702,0.0
2017-10-23 13:53:00+02:00,0.08657,0.117158,0.039624,0.0
2017-10-23 13:54:00+02:00,0.09163,0.137639,0.039624,0.0
2017-10-23 13:55:00+02:00,0.08757,0.142528,0.039624,0.0
2017-10-23 13:56:00+02:00,0.08643,0.117422,0.039598,0.0
2017-10-23 13:57:00+02:00,0.08832,0.107888,0.039572,0.0
2017-10-23 13:58:00+02:00,0.09202,0.093796,0.03952,0.0
2017-10-23 13:59:00+02:00,0.08219,0.08343,0.03952,0.0
2017-10-23 14:00:00+02:00,0.07214,0.08386,0.039494,0.0
2017-10-23 14:01:00+02:00,0.07435,0.087138,0.039468,0.0
2017-10-23 14:02:00+02:00,0.07414,0.089688,0.039468,0.0
2017-10-23 14:03:00+02:00,0.07541,0.078723,0.039468,0.0
2017-10-23 14:04:00+02:00,0.07651,0.073848,0.039442,0.0
2017-10-23 14:05:00+02:00,0.07794,0.087048,0.039416,0.0
2017-10-23 14:06:00+02:00,0.08226,0.095759,0.03939,0.0
2017-10-23 14:07:00+02:00,0.07339,0.090573,0.039364,0.0
2017-10-23 14:08:00+02:00,0.07977,0.084784,0.039364,0.0
2017-10-23 14:09:00+02:00,0.10366,0.094423,0.039364,0.0
2017-10-23 14:10:00+02:00,0.10721,0.098898,0.039364,0.0
2017-10-23 14:11:00+02:00,0.09834,0.092094,0.039364,0.0
2017-10-23 14:12:00+02:00,0.10345,0.088308,0.039312,0.0
2017-10-23 14:13:00+02:00,0.10794,0.083048,0.039312,0.0
2017-10-23 14:14:00+02:00,0.09567,0.080673,0.03926,0.0
2017-10-23 14:15:00+02:00,0.0855,0.070551,0.03926,0.022
2017-10-23 14:16:00+02:00,0.09002,0.06683,0.03926,0.022
2017-10-23 14:17:00+02:00,0.08529,0.070853,0.03926,0.022
2017-10-23 14:18:00+02:00,0.08965,0.065837,0.039234,0.022
2017-10-23 14:19:00+02:00,0.09765,0.069544,0.039234,0.022
2017-10-23 14:20:00+02:00,0.11453,0.068578,0.039208,0.022
2017-10-23 14:21:00+02:00,0.07955,0.06863,0.039182,0.022
2017-10-23 14:22:00+02:00,0.08006,0.064508,0.039182,0.022
2017-10-23 14:23:00+02:00,0.08937,0.066869,0.039156,0.022
2017-10-23 14:24:00+02:00,0.08025,0.070781,0.039156,0.022
2017-10-23 14:25:00+02:00,0.08562,0.080335,0.03913,0.022
2017-10-23 14:26:00+02:00,0.08851,0.078819,0.03913,0.022
2017-10-23 14:27:00+02:00,0.07835,0.083731,0.039104,0.022
2017-10-23 14:28:00+02:00,0.07376,0.089871,0.039104,0.022
2017-10-23 14:29:00+02:00,0.06742,0.099041,0.039078,0.022
2017-10-23 14:30:00+02:00,0.06998,0.109093,0.039078,0.033
2017-10-23 14:31:00+02:00,0.07069,0.111274,0.039026,0.033
2017-10-23 14:32:00+02:00,0.06794,0.124068,0.039026,0.033
2017-10-23 14:33:00+02:00,0.06782,0.115575,0.039026,0.033
2017-10-23 14:34:00+02:00,0.07345,0.096482,0.039,0.033
2017-10-23 14:35:00+02:00,0.0757,0.088082,0.039,0.033
2017-10-23 14:36:00+02:00,0.07231,0.086367,0.039,0.033
2017-10-23 14:37:00+02:00,0.07198,0.090764,0.038974,0.033
2017-10-23 14:38:00+02:00,0.0649,0.099658,0.038948,0.033
2017-10-23 14:39:00+02:00,0.0643,0.091596,0.038948,0.033
2017-10-23 14:40:00+02:00,0.06776,0.076544,0.038896,0.032013
2017-10-23 14:41:00+02:00,0.07147,0.075798,0.038896,0.022
2017-10-23 14:42:00+02:00,0.07365,0.091269,0.038896,0.022
2017-10-23 14:43:00+02:00,0.08087,0.098494,0.03887,0.022
2017-10-23 14:44:00+02:00,0.07343,0.116046,0.03887,0.022
2017-10-23 14:45:00+02:00,0.06804,0.123769,0.03887,0.033
2017-10-23 14:46:00+02:00,0.06405,0.131725,0.038844,0.033
2017-10-23 14:47:00+02:00,0.06649,0.146177,0.038818,0.033
2017-10-23 14:48:00+02:00,0.06584,0.17595,0.038818,0.033
2017-10-23 14:49:00+02:00,0.07358,0.168438,0.038792,0.033
2017-10-23 14:50:00+02:00,0.07196,0.162115,0.038766,0.033
2017-10-23 14:51:00+02:00,0.08304,0.171477,0.038766,0.033
2017-10-23 14:52:00+02:00,0.084,0.20337,0.038766,0.033
2017-10-23 14:53:00+02:00,0.08363,0.229454,0.03874,0.033
2017-10-23 14:54:00+02:00,0.08119,0.21009,0.038714,0.033
2017-10-23 14:55:00+02:00,0.08375,0.223577,0.038714,0.033
2017-10-23 14:56:00+02:00,0.07484,0.248327,0.038688,0.033
2017-10-23 14:57:00+02:00,0.071,0.222019,0.038688,0.033
2017-10-23 14:58:00+02:00,0.07581,0.18849,0.038662,0.033
2017-10-23 14:59:00+02:00,0.08052,0.220667,0.038662,0.033
2017-10-23 15:00:00+02:00,0.08797,0.227939,0.038636,0.033
2017-10-23 15:01:00+02:00,0.07611,0.214353,0.038636,0.03188
2017-10-23 15:02:00+02:00,0.07419,0.223287,0.038636,0.022
2017-10-23 15:03:00+02:00,0.06726,0.225865,0.038662,0.022
2017-10-23 15:04:00+02:00,0.08186,0.228851,0.038662,0.022
2017-10-23 15:05:00+02:00,0.08377,0.221797,0.038688,0.022
2017-10-23 15:06:00+02:00,0.08794,0.21615,0.038688,0.022
2017-10-23 15:07:00+02:00,0.08188,0.223547,0.038714,0.022
2017-10-23 15:08:00+02:00,0.08852,0.200984,0.03874,0.022
2017-10-23 15:09:00+02:00,0.07921,0.162489,0.038766,0.022
2017-10-23 15:10:00+02:00,0.09069,0.140758,0.038766,0.022
2017-10-23 15:11:00+02:00,0.10559,0.126875,0.038766,0.022
2017-10-23 15:12:00+02:00,0.12697,0.115173,0.038792,0.01418
2017-10-23 15:13:00+02:00,0.12985,0.108497,0.038818,0.011
2017-10-23 15:14:00+02:00,0.12439,0.097187,0.038818,0.011
2017-10-23 15:15:00+02:00,0.11795,0.089037,0.038844,0.022
2017-10-23 15:16:00+02:00,0.10428,0.088116,0.03887,0.022
2017-10-23 15:17:00+02:00,0.1037,0.115565,0.03887,0.022
2017-10-23 15:18:00+02:00,0.1106,0.118661,0.038896,0.01358
2017-10-23 15:19:00+02:00,0.11123,0.119903,0.038896,0.011
2017-10-23 15:20:00+02:00,0.11875,0.124918,0.038896,0.011
2017-10-23 15:21:00+02:00,0.11648,0.12783,0.038948,0.011
2017-10-23 15:22:00+02:00,0.11161,0.157623,0.038948,0.011
2017-10-23 15:23:00+02:00,0.10078,0.190472,0.038948,0.011
2017-10-23 15:24:00+02:00,0.1007,0.205709,0.039,0.011
2017-10-23 15:25:00+02:00,0.09705,0.223859,0.039,0.011
2017-10-23 15:26:00+02:00,0.08504,0.203698,0.039,0.011
2017-10-23 15:27:00+02:00,0.08179,0.167153,0.039,0.011
2017-10-23 15:28:00+02:00,0.06923,0.163409,0.039026,0.011
2017-10-23 15:29:00+02:00,0.06889,0.169934,0.039052,0.011
2017-10-23 15:30:00+02:00,0.06478,0.163971,0.039078,0.033
2017-10-23 15:31:00+02:00,0.07578,0.151435,0.039104,0.033
2017-10-23 15:32:00+02:00,0.07766,0.140075,0.039104,0.033
2017-10-23 15:33:00+02:00,0.08357,0.131512,0.039104,0.033
2017-10-23 15:34:00+02:00,0.08185,0.138816,0.03913,0.033
2017-10-23 15:35:00+02:00,0.07559,0.129871,0.03913,0.033
2017-10-23 15:36:00+02:00,0.07211,0.108926,0.039156,0.033
2017-10-23 15:37:00+02:00,0.07218,0.103158,0.039182,0.033
2017-10-23 15:38:00+02:00,0.0687,0.104787,0.039182,0.033
2017-10-23 15:39:00+02:00,0.06092,0.104253,0.039208,0.033
2017-10-23 15:40:00+02:00,0.06738,0.104337,0.039234,0.0274
2017-10-23 15:41:00+02:00,0.06907,0.106088,0.039234,0.022
2017-10-23 15:42:00+02:00,0.06733,0.11338,0.03926,0.022
2017-10-23 15:43:00+02:00,0.07034,0.113239,0.03926,0.022
2017-10-23 15:44:00+02:00,0.07626,0.102506,0.03926,0.022
2017-10-23 15:45:00+02:00,0.07355,0.097434,0.039286,0.055
2017-10-23 15:46:00+02:00,0.07222,0.095662,0.039312,0.055
2017-10-23 15:47:00+02:00,0.07065,0.097182,0.039338,0.055
2017-10-23 15:48:00+02:00,0.07294,0.108863,0.039364,0.055
2017-10-23 15:49:00+02:00,0.07466,0.124505,0.039364,0.055
2017-10-23 15:50:00+02:00,0.0698,0.138902,0.039364,0.055
2017-10-23 15:51:00+02:00,0.07236,0.130889,0.039364,0.055
2017-10-23 15:52:00+02:00,0.07769,0.129672,0.03939,0.05484
2017-10-23 15:53:00+02:00,0.07209,0.150594,0.039416,0.044
2017-10-23 15:54:00+02:00,0.07225,0.137267,0.039442,0.044
2017-10-23 15:55:00+02:00,0.07233,0.127102,0.039468,0.0384
2017-10-23 15:56:00+02:00,0.07933,0.132552,0.039468,0.033
2017-10-23 15:57:00+02:00,0.08063,0.137419,0.039468,0.033
2017-10-23 15:58:00+02:00,0.07973,0.134475,0.039494,0.033
2017-10-23 15:59:00+02:00,0.07687,0.138415,0.039494,0.033
2017-10-23 16:00:00+02:00,0.07223,0.161339,0.03952,0.033
2017-10-23 16:01:00+02:00,0.06978,0.175583,0.03952,0.033
2017-10-23 16:02:00+02:00,0.07051,0.161872,0.039598,0.033
2017-10-23 16:03:00+02:00,0.06963,0.161285,0.039624,0.032987
2017-10-23 16:04:00+02:00,0.07017,0.170065,0.03965,0.022
2017-10-23 16:05:00+02:00,0.07221,0.192682,0.039728,0.022
2017-10-23 16:06:00+02:00,0.07019,0.180238,0.039728,0.022
2017-10-23 16:07:00+02:00,0.07282,0.155379,0.039806,0.022
2017-10-23 16:08:00+02:00,0.07291,0.142144,0.039832,0.022
2017-10-23 16:09:00+02:00,0.07682,0.131641,0.039884,0.022
2017-10-23 16:10:00+02:00,0.07656,0.120097,0.039936,0.022
2017-10-23 16:11:00+02:00,0.08066,0.106953,0.039988,0.022
2017-10-23 16:12:00+02:00,0.08087,0.099385,0.039988,0.022
2017-10-23 16:13:00+02:00,0.08328,0.098561,0.040066,0.022
2017-10-23 16:14:00+02:00,0.07755,0.101865,0.040092,0.022
2017-10-23 16:15:00+02:00,0.07001,0.118915,0.040092,0.022
2017-10-23 16:16:00+02:00,0.0665,0.137837,0.040196,0.022
2017-10-23 16:17:00+02:00,0.06705,0.139594,0.040196,0.022
2017-10-23 16:18:00+02:00,0.07584,0.129669,0.040248,0.022
2017-10-23 16:19:00+02:00,0.0737,0.125631,0.0403,0.022
2017-10-23 16:20:00+02:00,0.07761,0.12662,0.040352,0.022
2017-10-23 16:21:00+02:00,0.08405,0.122694,0.040352,0.022
2017-10-23 16:22:00+02:00,0.08312,0.116977,0.040456,0.022
2017-10-23 16:23:00+02:00,0.08029,0.109523,0.040456,0.022
2017-10-23 16:24:00+02:00,0.077,0.092048,0.040534,0.022
2017-10-23 16:25:00+02:00,0.06883,0.079687,0.04056,0.022
2017-10-23 16:26:00+02:00,0.06411,0.075776,0.040586,0.022
2017-10-23 16:27:00+02:00,0.05528,0.072575,0.040638,0.022
2017-10-23 16:28:00+02:00,0.05773,0.072016,0.04069,0.022
2017-10-23 16:29:00+02:00,0.05875,0.072048,0.040716,0.022
2017-10-23 16:30:00+02:00,0.06102,0.071794,0.040768,0.033
2017-10-23 16:31:00+02:00,0.06025,0.075755,0.04082,0.033
2017-10-23 16:32:00+02:00,0.05759,0.072698,0.04082,0.033
2017-10-23 16:33:00+02:00,0.05359,0.073003,0.040898,0.033
2017-10-23 16:34:00+02:00,0.06172,0.068039,0.040924,0.033
2017-10-23 16:35:00+02:00,0.06323,0.072803,0.040976,0.033
2017-10-23 16:36:00+02:00,0.06558,0.07853,0.041002,0.033
2017-10-23 16:37:00+02:00,0.06378,0.087133,0.041054,0.033
2017-10-23 16:38:00+02:00,0.07179,0.091,0.041106,0.033
2017-10-23 16:39:00+02:00,0.07296,0.087494,0.041158,0.033
2017-10-23 16:40:00+02:00,0.07354,0.085494,0.041184,0.033
2017-10-23 16:41:00+02:00,0.07276,0.084948,0.041236,0.033
2017-10-23 16:42:00+02:00,0.07073,0.086784,0.041288,0.033
2017-10-23 16:43:00+02:00,0.06815,0.093497,0.041314,0.033
2017-10-23 16:44:00+02:00,0.06017,0.100301,0.041366,0.033
2017-10-23 16:45:00+02:00,0.06097,0.105966,0.041418,0.044
2017-10-23 16:46:00+02:00,0.06045,0.111618,0.041444,0.044
2017-10-23 16:47:00+02:00,0.06134,0.107803,0.041496,0.044
2017-10-23 16:48:00+02:00,0.06548,0.103333,0.041522,0.044
2017-10-23 16:49:00+02:00,0.06066,0.102541,0.041574,0.044
2017-10-23 16:50:00+02:00,0.05728,0.099074,0.0416,0.044
2017-10-23 16:51:00+02:00,0.05633,0.098917,0.041652,0.044
2017-10-23 16:52:00+02:00,0.05901,0.098853,0.041678,0.044
2017-10-23 16:53:00+02:00,0.06307,0.094635,0.04173,0.044
2017-10-23 16:54:00+02:00,0.0603,0.091638,0.041782,0.044
2017-10-23 16:55:00+02:00,0.06382,0.087735,0.041834,0.044
2017-10-23 16:56:00+02:00,0.06848,0.084434,0.04186,0.044
2017-10-23 16:57:00+02:00,0.06211,0.082346,0.041912,0.044
2017-10-23 16:58:00+02:00,0.06115,0.079661,0.041964,0.044
2017-10-23 16:59:00+02:00,0.06277,0.074851,0.041964,0.044
2017-10-23 17:00:00+02:00,0.06677,0.073135,0.042042,0.066
2017-10-23 17:01:00+02:00,0.06859,0.071051,0.042068,0.066
2017-10-23 17:02:00+02:00,0.06377,0.066315,0.042146,0.066
2017-10-23 17:03:00+02:00,0.06436,0.064338,0.042198,0.066
2017-10-23 17:04:00+02:00,0.06565,0.061025,0.042224,0.066
2017-10-23 17:05:00+02:00,0.06575,0.057524,0.042328,0.066
2017-10-23 17:06:00+02:00,0.06834,0.054854,0.042354,0.066
2017-10-23 17:07:00+02:00,0.06119,0.051633,0.042432,0.066
2017-10-23 17:08:00+02:00,0.05686,0.049776,0.042484,0.060987
2017-10-23 17:09:00+02:00,0.05786,0.047312,0.042536,0.055
2017-10-23 17:10:00+02:00,0.06029,0.046613,0.042588,0.055
2017-10-23 17:11:00+02:00,0.05977,0.04343,0.042692,0.055
2017-10-23 17:12:00+02:00,0.05957,0.041855,0.042692,0.055
2017-10-23 17:13:00+02:00,0.05902,0.040286,0.042796,0.055
2017-10-23 17:14:00+02:00,0.06584,0.038027,0.042848,0.047213
2017-10-23 17:15:00+02:00,0.0692,0.036215,0.0429,0.066
2017-10-23 17:16:00+02:00,0.07296,0.033952,0.042952,0.059567
2017-10-23 17:17:00+02:00,0.07487,0.031027,0.04303,0.055
2017-10-23 17:18:00+02:00,0.07444,0.025867,0.043056,0.055
2017-10-23 17:19:00+02:00,0.07206,0.022141,0.04316,0.055
2017-10-23 17:20:00+02:00,0.07036,0.018595,0.043186,0.055
2017-10-23 17:21:00+02:00,0.07429,0.016224,0.043264,0.055
2017-10-23 17:22:00+02:00,0.06787,0.003362,0.043316,0.055
2017-10-23 17:23:00+02:00,0.06022,0.000842,0.043394,0.055
2017-10-23 17:24:00+02:00,0.05869,0.000116,0.04342,0.055
2017-10-23 17:25:00+02:00,0.06812,0.0,0.043498,0.055
2017-10-23 17:26:00+02:00,0.06666,0.0,0.04355,0.055
2017-10-23 17:27:00+02:00,0.07355,0.0,0.043576,0.055
2017-10-23 17:28:00+02:00,0.07654,0.0,0.043654,0.055
2017-10-23 17:29:00+02:00,0.06968,0.0,0.043706,0.055
2017-10-23 17:30:00+02:00,0.06339,0.0,0.043784,0.066
2017-10-23 17:31:00+02:00,0.06988,0.0,0.04381,0.066
2017-10-23 17:32:00+02:00,0.06896,0.0,0.043888,0.066
2017-10-23 17:33:00+02:00,0.07468,0.0,0.04394,0.066
2017-10-23 17:34:00+02:00,0.07191,0.0,0.044018,0.066
2017-10-23 17:35:00+02:00,0.06464,0.0,0.044044,0.066
2017-10-23 17:36:00+02:00,0.06747,0.0,0.044148,0.066
2017-10-23 17:37:00+02:00,0.07063,0.0,0.044174,0.066
2017-10-23 17:38:00+02:00,0.06827,0.0,0.044252,0.066
2017-10-23 17:39:00+02:00,0.0641,0.0,0.044278,0.066
2017-10-23 17:40:00+02:00,0.06585,0.0,0.044382,0.066
2017-10-23 17:41:00+02:00,0.06576,0.0,0.044408,0.066
2017-10-23 17:42:00+02:00,0.06445,0.0,0.044486,0.066
2017-10-23 17:43:00+02:00,0.06749,0.0,0.044538,0.066
2017-10-23 17:44:00+02:00,0.07237,0.0,0.04459,0.066
2017-10-23 17:45:00+02:00,0.07049,0.0,0.044642,0.132
2017-10-23 17:46:00+02:00,0.07123,0.0,0.04472,0.132
2017-10-23 17:47:00+02:00,0.07084,0.0,0.044746,0.132
2017-10-23 17:48:00+02:00,0.08,0.0,0.044824,0.124667
2017-10-23 17:49:00+02:00,0.09019,0.0,0.044902,0.121
2017-10-23 17:50:00+02:00,0.09029,0.0,0.044928,0.110047
2017-10-23 17:51:00+02:00,0.08312,0.0,0.045006,0.11
2017-10-23 17:52:00+02:00,0.07948,0.0,0.045084,0.11
2017-10-23 17:53:00+02:00,0.08784,0.0,0.04511,0.11
2017-10-23 17:54:00+02:00,0.07688,0.0,0.045188,0.11
2017-10-23 17:55:00+02:00,0.07339,0.0,0.045266,0.108767
2017-10-23 17:56:00+02:00,0.06826,0.0,0.045292,0.099
2017-10-23 17:57:00+02:00,0.0667,0.0,0.04537,0.099
2017-10-23 17:58:00+02:00,0.06645,0.0,0.045422,0.099
2017-10-23 17:59:00+02:00,0.06283,0.0,0.045474,0.097327
2017-10-23 18:00:00+02:00,0.06895,0.0,0.045552,0.132
2017-10-23 18:01:00+02:00,0.0776,0.0,0.045604,0.132
2017-10-23 18:02:00+02:00,0.07233,0.0,0.045656,0.132
2017-10-23 18:03:00+02:00,0.06984,0.0,0.045734,0.132
2017-10-23 18:04:00+02:00,0.06888,0.0,0.045786,0.132
2017-10-23 18:05:00+02:00,0.07216,0.0,0.045838,0.126307
2017-10-23 18:06:00+02:00,0.07256,0.0,0.045916,0.121
2017-10-23 18:07:00+02:00,0.07949,0.0,0.045942,0.121
2017-10-23 18:08:00+02:00,0.08153,0.0,0.04602,0.121
2017-10-23 18:09:00+02:00,0.08685,0.0,0.046046,0.121
2017-10-23 18:10:00+02:00,0.08782,0.0,0.04615,0.121
2017-10-23 18:11:00+02:00,0.09237,0.0,0.046176,0.121
2017-10-23 18:12:00+02:00,0.08681,0.0,0.046254,0.121
2017-10-23 18:13:00+02:00,0.08659,0.0,0.046306,0.118933
2017-10-23 18:14:00+02:00,0.10216,0.0,0.046384,0.11
2017-10-23 18:15:00+02:00,0.11293,0.0,0.04641,0.12216
2017-10-23 18:16:00+02:00,0.11166,0.0,0.046514,0.121
2017-10-23 18:17:00+02:00,0.10643,0.0,0.04654,0.121
2017-10-23 18:18:00+02:00,0.10141,0.0,0.046618,0.121
2017-10-23 18:19:00+02:00,0.10827,0.0,0.04667,0.103053
2017-10-23 18:20:00+02:00,0.10444,0.0,0.046748,0.099
2017-10-23 18:21:00+02:00,0.09916,0.0,0.046774,0.099
2017-10-23 18:22:00+02:00,0.09469,0.0,0.046878,0.099
2017-10-23 18:23:00+02:00,0.0795,0.0,0.046904,0.099
2017-10-23 18:24:00+02:00,0.07537,0.0,0.046982,0.099
2017-10-23 18:25:00+02:00,0.09518,0.0,0.047034,0.099
2017-10-23 18:26:00+02:00,0.09228,0.0,0.047086,0.08804
2017-10-23 18:27:00+02:00,0.08613,0.0,0.047138,0.082067
2017-10-23 18:28:00+02:00,0.08033,0.0,0.047242,0.077
2017-10-23 18:29:00+02:00,0.09652,0.0,0.047242,0.077
2017-10-23 18:30:00+02:00,0.11714,0.0,0.047346,0.099
2017-10-23 18:31:00+02:00,0.12607,0.0,0.047398,0.099
2017-10-23 18:32:00+02:00,0.12311,0.0,0.04745,0.099
2017-10-23 18:33:00+02:00,0.12494,0.0,0.047502,0.099
2017-10-23 18:34:00+02:00,0.13262,0.0,0.047606,0.099
2017-10-23 18:35:00+02:00,0.13984,0.0,0.047606,0.09872
2017-10-23 18:36:00+02:00,0.13781,0.0,0.04771,0.088
2017-10-23 18:37:00+02:00,0.14523,0.0,0.047762,0.088
2017-10-23 18:38:00+02:00,0.13241,0.0,0.047814,0.088
2017-10-23 18:39:00+02:00,0.11413,0.0,0.047866,0.088
2017-10-23 18:40:00+02:00,0.10354,0.0,0.047918,0.088
2017-10-23 18:41:00+02:00,0.08244,0.0,0.04797,0.088
2017-10-23 18:42:00+02:00,0.08488,0.0,0.048048,0.088
2017-10-23 18:43:00+02:00,0.08344,0.0,0.0481,0.088
2017-10-23 18:44:00+02:00,0.08394,0.0,0.048152,0.088
2017-10-23 18:45:00+02:00,0.0876,0.0,0.04823,0.088
2017-10-23 18:46:00+02:00,0.08414,0.0,0.048282,0.088
2017-10-23 18:47:00+02:00,0.08226,0.0,0.048334,0.088
2017-10-23 18:48:00+02:00,0.08813,0.0,0.048412,0.08742
2017-10-23 18:49:00+02:00,0.08898,0.0,0.048464,0.077
2017-10-23 18:50:00+02:00,0.08365,0.0,0.048516,0.077
2017-10-23 18:51:00+02:00,0.08086,0.0,0.048594,0.077
2017-10-23 18:52:00+02:00,0.08786,0.0,0.048646,0.077
2017-10-23 18:53:00+02:00,0.08394,0.0,0.048698,0.077
2017-10-23 18:54:00+02:00,0.08261,0.0,0.04875,0.077
2017-10-23 18:55:00+02:00,0.07764,0.0,0.048828,0.077
2017-10-23 18:56:00+02:00,0.07735,0.0,0.04888,0.077
2017-10-23 18:57:00+02:00,0.08037,0.0,0.048932,0.077
2017-10-23 18:58:00+02:00,0.08526,0.0,0.04901,0.077
2017-10-23 18:59:00+02:00,0.08727,0.0,0.049062,0.077
2017-10-23 19:00:00+02:00,0.09024,0.0,0.049114,0.088
2017-10-23 19:01:00+02:00,0.09676,0.0,0.049192,0.088
2017-10-23 19:02:00+02:00,0.11011,0.0,0.049244,0.088
2017-10-23 19:03:00+02:00,0.11295,0.0,0.049296,0.088
2017-10-23 19:04:00+02:00,0.11047,0.0,0.049374,0.088
2017-10-23 19:05:00+02:00,0.10601,0.0,0.049426,0.088
2017-10-23 19:06:00+02:00,0.10285,0.0,0.049478,0.088
2017-10-23 19:07:00+02:00,0.10799,0.0,0.049556,0.088
2017-10-23 19:08:00+02:00,0.10625,0.0,0.049608,0.088
2017-10-23 19:09:00+02:00,0.10203,0.0,0.04966,0.088
2017-10-23 19:10:00+02:00,0.09709,0.0,0.049738,0.0848
2017-10-23 19:11:00+02:00,0.0968,0.0,0.049816,0.077
2017-10-23 19:12:00+02:00,0.1047,0.0,0.049842,0.073867
2017-10-23 19:13:00+02:00,0.11416,0.0,0.049946,0.066
2017-10-23 19:14:00+02:00,0.10577,0.0,0.049946,0.066
2017-10-23 19:15:00+02:00,0.09687,0.0,0.05005,0.088
2017-10-23 19:16:00+02:00,0.09835,0.0,0.050102,0.088
2017-10-23 19:17:00+02:00,0.11478,0.0,0.050128,0.088
2017-10-23 19:18:00+02:00,0.1185,0.0,0.050206,0.088
2017-10-23 19:19:00+02:00,0.10732,0.0,0.050284,0.088
2017-10-23 19:20:00+02:00,0.11053,0.0,0.05031,0.088
2017-10-23 19:21:00+02:00,0.10766,0.0,0.050388,0.088
2017-10-23 19:22:00+02:00,0.10817,0.0,0.050466,0.088
2017-10-23 19:23:00+02:00,0.10911,0.0,0.050492,0.082507
2017-10-23 19:24:00+02:00,0.11301,0.0,0.05057,0.077
2017-10-23 19:25:00+02:00,0.11281,0.0,0.050648,0.077
2017-10-23 19:26:00+02:00,0.11039,0.0,0.050674,0.077
2017-10-23 19:27:00+02:00,0.11072,0.0,0.050752,0.077
2017-10-23 19:28:00+02:00,0.10896,0.0,0.05083,0.077
2017-10-23 19:29:00+02:00,0.1099,0.0,0.050882,0.074893
2017-10-23 19:30:00+02:00,0.1184,0.0,0.050934,0.116467
2017-10-23 19:31:00+02:00,0.11495,0.0,0.051012,0.11
2017-10-23 19:32:00+02:00,0.10572,0.0,0.051064,0.11
2017-10-23 19:33:00+02:00,0.10101,0.0,0.051116,0.11
2017-10-23 19:34:00+02:00,0.09903,0.0,0.051168,0.11
2017-10-23 19:35:00+02:00,0.10631,0.0,0.051246,0.11
2017-10-23 19:36:00+02:00,0.10342,0.0,0.051298,0.11
2017-10-23 19:37:00+02:00,0.10689,0.0,0.05135,0.11
2017-10-23 19:38:00+02:00,0.11127,0.0,0.051428,0.11
2017-10-23 19:39:00+02:00,0.11219,0.0,0.05148,0.10002
2017-10-23 19:40:00+02:00,0.10073,0.0,0.051532,0.099
2017-10-23 19:41:00+02:00,0.09001,0.0,0.05161,0.099
2017-10-23 19:42:00+02:00,0.09037,0.0,0.051662,0.099
2017-10-23 19:43:00+02:00,0.09842,0.0,0.051714,0.099
2017-10-23 19:44:00+02:00,0.10227,0.0,0.051792,0.099
2017-10-23 19:45:00+02:00,0.10953,0.0,0.051844,0.099
2017-10-23 19:46:00+02:00,0.11278,0.0,0.051896,0.099
2017-10-23 19:47:00+02:00,0.10904,0.0,0.051974,0.099
2017-10-23 19:48:00+02:00,0.11676,0.0,0.052026,0.099
2017-10-23 19:49:00+02:00,0.111,0.0,0.052078,0.099
2017-10-23 19:50:00+02:00,0.10341,0.0,0.052156,0.099
2017-10-23 19:51:00+02:00,0.10331,0.0,0.052182,0.099
2017-10-23 19:52:00+02:00,0.09964,0.0,0.05226,0.099
2017-10-23 19:53:00+02:00,0.10837,0.0,0.052338,0.099
2017-10-23 19:54:00+02:00,0.12323,0.0,0.052364,0.099
2017-10-23 19:55:00+02:00,0.11024,0.0,0.052442,0.099
2017-10-23 19:56:00+02:00,0.1142,0.0,0.05252,0.099
2017-10-23 19:57:00+02:00,0.11186,0.0,0.052546,0.090413
2017-10-23 19:58:00+02:00,0.11143,0.0,0.052624,0.088
2017-10-23 19:59:00+02:00,0.10429,0.0,0.052702,0.088
2017-10-23 20:00:00+02:00,0.1038,0.0,0.052728,0.099
2017-10-23 20:01:00+02:00,0.11315,0.0,0.052806,0.089427
2017-10-23 20:02:00+02:00,0.11831,0.0,0.052806,0.088
2017-10-23 20:03:00+02:00,0.11757,0.0,0.052754,0.088
2017-10-23 20:04:00+02:00,0.11351,0.0,0.052702,0.088
2017-10-23 20:05:00+02:00,0.1109,0.0,0.052702,0.088
2017-10-23 20:06:00+02:00,0.10456,0.0,0.052702,0.088
2017-10-23 20:07:00+02:00,0.09712,0.0,0.052702,0.088
2017-10-23 20:08:00+02:00,0.10357,0.0,0.052624,0.088
2017-10-23 20:09:00+02:00,0.09507,0.0,0.052624,0.088
2017-10-23 20:10:00+02:00,0.0983,0.0,0.052598,0.088
2017-10-23 20:11:00+02:00,0.09292,0.0,0.052598,0.088
2017-10-23 20:12:00+02:00,0.08911,0.0,0.052546,0.088
2017-10-23 20:13:00+02:00,0.08998,0.0,0.052546,0.088
2017-10-23 20:14:00+02:00,0.08921,0.0,0.05252,0.085387
2017-10-23 20:15:00+02:00,0.09445,0.0,0.052468,0.08538
2017-10-23 20:16:00+02:00,0.10475,0.0,0.052442,0.077
2017-10-23 20:17:00+02:00,0.10312,0.0,0.052442,0.077
2017-10-23 20:18:00+02:00,0.09839,0.0,0.052442,0.077
2017-10-23 20:19:00+02:00,0.10346,0.0,0.05239,0.077
2017-10-23 20:20:00+02:00,0.10386,0.0,0.052338,0.077
2017-10-23 20:21:00+02:00,0.10438,0.0,0.052338,0.077
2017-10-23 20:22:00+02:00,0.11102,0.0,0.052338,0.06904
2017-10-23 20:23:00+02:00,0.11806,0.0,0.052312,0.066
2017-10-23 20:24:00+02:00,0.12038,0.0,0.05226,0.060733
2017-10-23 20:25:00+02:00,0.11329,0.0,0.05226,0.055
2017-10-23 20:26:00+02:00,0.10922,0.0,0.052234,0.055
2017-10-23 20:27:00+02:00,0.10928,0.0,0.052208,0.055
2017-10-23 20:28:00+02:00,0.1088,0.0,0.052182,0.055
2017-10-23 20:29:00+02:00,0.1119,0.0,0.052156,0.055
2017-10-23 20:30:00+02:00,0.10665,0.0,0.052156,0.055653
2017-10-23 20:31:00+02:00,0.10938,0.0,0.052104,0.055
2017-10-23 20:32:00+02:00,0.10849,0.0,0.052078,0.055
2017-10-23 20:33:00+02:00,0.10367,0.0,0.052078,0.055
2017-10-23 20:34:00+02:00,0.09486,0.0,0.052052,0.055
2017-10-23 20:35:00+02:00,0.09918,0.0,0.052026,0.055
2017-10-23 20:36:00+02:00,0.10382,0.0,0.052,0.048953
2017-10-23 20:37:00+02:00,0.11068,0.0,0.051974,0.044
2017-10-23 20:38:00+02:00,0.10038,0.0,0.051974,0.044
2017-10-23 20:39:00+02:00,0.09719,0.0,0.051948,0.044
2017-10-23 20:40:00+02:00,0.10391,0.0,0.051896,0.044
2017-10-23 20:41:00+02:00,0.09976,0.0,0.051896,0.044
2017-10-23 20:42:00+02:00,0.09801,0.0,0.05187,0.044
2017-10-23 20:43:00+02:00,0.10122,0.0,0.051844,0.044
2017-10-23 20:44:00+02:00,0.11055,0.0,0.051818,0.044
2017-10-23 20:45:00+02:00,0.11043,0.0,0.051792,0.088
2017-10-23 20:46:00+02:00,0.10993,0.0,0.051792,0.088
2017-10-23 20:47:00+02:00,0.11201,0.0,0.05174,0.088
2017-10-23 20:48:00+02:00,0.11462,0.0,0.051714,0.088
2017-10-23 20:49:00+02:00,0.11683,0.0,0.051714,0.088
2017-10-23 20:50:00+02:00,0.11236,0.0,0.051688,0.088
2017-10-23 20:51:00+02:00,0.10943,0.0,0.051662,0.088
2017-10-23 20:52:00+02:00,0.11408,0.0,0.051636,0.088
2017-10-23 20:53:00+02:00,0.11965,0.0,0.05161,0.088
2017-10-23 20:54:00+02:00,0.1269,0.0,0.05161,0.088
2017-10-23 20:55:00+02:00,0.12079,0.0,0.051558,0.088
2017-10-23 20:56:00+02:00,0.11149,0.0,0.051532,0.088
2017-10-23 20:57:00+02:00,0.11417,0.0,0.051532,0.088
2017-10-23 20:58:00+02:00,0.11884,0.0,0.051506,0.08638
2017-10-23 20:59:00+02:00,0.11245,0.0,0.05148,0.077
2017-10-23 21:00:00+02:00,0.10947,0.0,0.051454,0.099
2017-10-23 21:01:00+02:00,0.1019,0.0,0.051428,0.099
2017-10-23 21:02:00+02:00,0.10491,0.0,0.05135,0.099
2017-10-23 21:03:00+02:00,0.10089,0.0,0.051246,0.09376
2017-10-23 21:04:00+02:00,0.10668,0.0,0.051168,0.088
2017-10-23 21:05:00+02:00,0.10397,0.0,0.051064,0.088
2017-10-23 21:06:00+02:00,0.09785,0.0,0.050986,0.088
2017-10-23 21:07:00+02:00,0.09732,0.0,0.050934,0.088
2017-10-23 21:08:00+02:00,0.10149,0.0,0.05083,0.088
2017-10-23 21:09:00+02:00,0.09743,0.0,0.050726,0.088
2017-10-23 21:10:00+02:00,0.11254,0.0,0.050648,0.088
2017-10-23 21:11:00+02:00,0.11615,0.0,0.05057,0.088
2017-10-23 21:12:00+02:00,0.11743,0.0,0.050466,0.087433
2017-10-23 21:13:00+02:00,0.10971,0.0,0.050362,0.077
2017-10-23 21:14:00+02:00,0.1062,0.0,0.05031,0.077
2017-10-23 21:15:00+02:00,0.10645,0.0,0.050206,0.099
2017-10-23 21:16:00+02:00,0.09842,0.0,0.050102,0.099
2017-10-23 21:17:00+02:00,0.10231,0.0,0.049998,0.099
2017-10-23 21:18:00+02:00,0.11088,0.0,0.049946,0.099
2017-10-23 21:19:00+02:00,0.11222,0.0,0.049842,0.099
2017-10-23 21:20:00+02:00,0.12097,0.0,0.049738,0.099
2017-10-23 21:21:00+02:00,0.11677,0.0,0.049686,0.099
2017-10-23 21:22:00+02:00,0.11594,0.0,0.049582,0.099
2017-10-23 21:23:00+02:00,0.11611,0.0,0.049478,0.099
2017-10-23 21:24:00+02:00,0.11163,0.0,0.049374,0.099
2017-10-23 21:25:00+02:00,0.1119,0.0,0.049322,0.099
2017-10-23 21:26:00+02:00,0.11113,0.0,0.049244,0.099
2017-10-23 21:27:00+02:00,0.10379,0.0,0.04914,0.099
2017-10-23 21:28:00+02:00,0.10381,0.0,0.049062,0.099
2017-10-23 21:29:00+02:00,0.09811,0.0,0.048984,0.099
2017-10-23 21:30:00+02:00,0.10093,0.0,0.04888,0.099
2017-10-23 21:31:00+02:00,0.10786,0.0,0.048776,0.099
2017-10-23 21:32:00+02:00,0.10435,0.0,0.048698,0.099
2017-10-23 21:33:00+02:00,0.0999,0.0,0.04862,0.092947
2017-10-23 21:34:00+02:00,0.10027,0.0,0.048516,0.07862
2017-10-23 21:35:00+02:00,0.10199,0.0,0.048438,0.077
2017-10-23 21:36:00+02:00,0.09764,0.0,0.048334,0.07584
2017-10-23 21:37:00+02:00,0.10191,0.0,0.048256,0.066
2017-10-23 21:38:00+02:00,0.09337,0.0,0.048152,0.066
2017-10-23 21:39:00+02:00,0.10422,0.0,0.048074,0.066
2017-10-23 21:40:00+02:00,0.09933,0.0,0.04797,0.066
2017-10-23 21:41:00+02:00,0.09517,0.0,0.047892,0.066
2017-10-23 21:42:00+02:00,0.09269,0.0,0.047814,0.066
2017-10-23 21:43:00+02:00,0.09286,0.0,0.04771,0.066
2017-10-23 21:44:00+02:00,0.0943,0.0,0.047632,0.066
2017-10-23 21:45:00+02:00,0.10195,0.0,0.04758,0.099
2017-10-23 21:46:00+02:00,0.10616,0.0,0.047502,0.099
2017-10-23 21:47:00+02:00,0.11226,0.0,0.047398,0.099
2017-10-23 21:48:00+02:00,0.10872,0.0,0.04732,0.09646
2017-10-23 21:49:00+02:00,0.11312,0.0,0.047242,0.088
2017-10-23 21:50:00+02:00,0.11853,0.0,0.047138,0.088
2017-10-23 21:51:00+02:00,0.1099,0.0,0.047034,0.088
2017-10-23 21:52:00+02:00,0.10967,0.0,0.046982,0.088
2017-10-23 21:53:00+02:00,0.10252,0.0,0.046878,0.088
2017-10-23 21:54:00+02:00,0.10728,0.0,0.046774,0.088
2017-10-23 21:55:00+02:00,0.11091,0.0,0.04667,0.088
2017-10-23 21:56:00+02:00,0.10642,0.0,0.046618,0.088
2017-10-23 21:57:00+02:00,0.1183,0.0,0.046514,0.088
2017-10-23 21:58:00+02:00,0.11947,0.0,0.04641,0.088
2017-10-23 21:59:00+02:00,0.11897,0.0,0.046332,0.088
2017-10-23 22:00:00+02:00,0.12126,0.0,0.046254,0.088
2017-10-23 22:01:00+02:00,0.11133,0.0,0.04615,0.088
2017-10-23 22:02:00+02:00,0.09718,0.0,0.045916,0.088
2017-10-23 22:03:00+02:00,0.08808,0.0,0.045656,0.088
2017-10-23 22:04:00+02:00,0.08894,0.0,0.045422,0.088
2017-10-23 22:05:00+02:00,0.09352,0.0,0.045188,0.088
2017-10-23 22:06:00+02:00,0.08568,0.0,0.044928,0.088
2017-10-23 22:07:00+02:00,0.07797,0.0,0.044694,0.088
2017-10-23 22:08:00+02:00,0.08435,0.0,0.04446,0.08022
2017-10-23 22:09:00+02:00,0.09143,0.0,0.0442,0.077
2017-10-23 22:10:00+02:00,0.091,0.0,0.04394,0.077
2017-10-23 22:11:00+02:00,0.09055,0.0,0.043706,0.077
2017-10-23 22:12:00+02:00,0.09347,0.0,0.043446,0.06982
2017-10-23 22:13:00+02:00,0.08948,0.0,0.043212,0.066
2017-10-23 22:14:00+02:00,0.09066,0.0,0.042952,0.066
2017-10-23 22:15:00+02:00,0.09244,0.0,0.042744,0.077
2017-10-23 22:16:00+02:00,0.08727,0.0,0.042484,0.077
2017-10-23 22:17:00+02:00,0.08102,0.0,0.042224,0.077
2017-10-23 22:18:00+02:00,0.08253,0.0,0.04199,0.071827
2017-10-23 22:19:00+02:00,0.08375,0.0,0.041782,0.066
2017-10-23 22:20:00+02:00,0.07758,0.0,0.041522,0.066
2017-10-23 22:21:00+02:00,0.07353,0.0,0.041288,0.066
2017-10-23 22:22:00+02:00,0.07803,0.0,0.041054,0.066
2017-10-23 22:23:00+02:00,0.08341,0.0,0.04082,0.066
2017-10-23 22:24:00+02:00,0.08036,0.0,0.04056,0.066
2017-10-23 22:25:00+02:00,0.07966,0.0,0.0403,0.066
2017-10-23 22:26:00+02:00,0.07351,0.0,0.040092,0.066
2017-10-23 22:27:00+02:00,0.07938,0.0,0.039832,0.066
2017-10-23 22:28:00+02:00,0.0743,0.0,0.039572,0.066
2017-10-23 22:29:00+02:00,0.07792,0.0,0.039364,0.066
2017-10-23 22:30:00+02:00,0.07645,0.0,0.039078,0.099
2017-10-23 22:31:00+02:00,0.08092,0.0,0.038844,0.099
2017-10-23 22:32:00+02:00,0.08613,0.0,0.038584,0.099
2017-10-23 22:33:00+02:00,0.08415,0.0,0.03835,0.096807
2017-10-23 22:34:00+02:00,0.08052,0.0,0.038116,0.088
2017-10-23 22:35:00+02:00,0.07501,0.0,0.037856,0.088
2017-10-23 22:36:00+02:00,0.07516,0.0,0.037596,0.085007
2017-10-23 22:37:00+02:00,0.08277,0.0,0.037388,0.077
2017-10-23 22:38:00+02:00,0.07692,0.0,0.037128,0.068533
2017-10-23 22:39:00+02:00,0.07772,0.0,0.036894,0.066
2017-10-23 22:40:00+02:00,0.08158,0.0,0.03666,0.066
2017-10-23 22:41:00+02:00,0.07865,0.0,0.0364,0.066
2017-10-23 22:42:00+02:00,0.07891,0.0,0.036166,0.066
2017-10-23 22:43:00+02:00,0.08072,0.0,0.035906,0.066
2017-10-23 22:44:00+02:00,0.08059,0.0,0.035672,0.066
2017-10-23 22:45:00+02:00,0.07519,0.0,0.035438,0.066
2017-10-23 22:46:00+02:00,0.07779,0.0,0.035178,0.066
2017-10-23 22:47:00+02:00,0.07521,0.0,0.034944,0.066
2017-10-23 22:48:00+02:00,0.07295,0.0,0.03471,0.066
2017-10-23 22:49:00+02:00,0.07578,0.0,0.03445,0.066
2017-10-23 22:50:00+02:00,0.07904,0.0,0.03419,0.066
2017-10-23 22:51:00+02:00,0.08612,0.0,0.033956,0.061587
2017-10-23 22:52:00+02:00,0.07571,0.0,0.033696,0.055
2017-10-23 22:53:00+02:00,0.07647,0.0,0.033462,0.04898
2017-10-23 22:54:00+02:00,0.07577,0.0,0.033202,0.044
2017-10-23 22:55:00+02:00,0.07441,0.0,0.032968,0.044
2017-10-23 22:56:00+02:00,0.0726,0.0,0.032734,0.044
2017-10-23 22:57:00+02:00,0.06861,0.0,0.032474,0.044
2017-10-23 22:58:00+02:00,0.06899,0.0,0.03224,0.044
2017-10-23 22:59:00+02:00,0.07306,0.0,0.032006,0.044
2017-10-23 23:00:00+02:00,0.07518,0.0,0.031746,0.066
2017-10-23 23:01:00+02:00,0.07853,0.0,0.031512,0.066
2017-10-23 23:02:00+02:00,0.08065,0.0,0.031304,0.066
2017-10-23 23:03:00+02:00,0.07271,0.0,0.03107,0.066
2017-10-23 23:04:00+02:00,0.0685,0.0,0.03081,0.066
2017-10-23 23:05:00+02:00,0.08492,0.0,0.030602,0.066
2017-10-23 23:06:00+02:00,0.09056,0.0,0.030342,0.066
2017-10-23 23:07:00+02:00,0.07037,0.0,0.030134,0.066
2017-10-23 23:08:00+02:00,0.07224,0.0,0.029874,0.066
2017-10-23 23:09:00+02:00,0.07454,0.0,0.02964,0.064827
2017-10-23 23:10:00+02:00,0.07456,0.0,0.029406,0.055
2017-10-23 23:11:00+02:00,0.06628,0.0,0.029198,0.055
2017-10-23 23:12:00+02:00,0.06489,0.0,0.028964,0.055
2017-10-23 23:13:00+02:00,0.06757,0.0,0.02873,0.055
2017-10-23 23:14:00+02:00,0.06481,0.0,0.02847,0.055
2017-10-23 23:15:00+02:00,0.06493,0.0,0.028288,0.055
2017-10-23 23:16:00+02:00,0.06947,0.0,0.028028,0.055
2017-10-23 23:17:00+02:00,0.07245,0.0,0.02782,0.055
2017-10-23 23:18:00+02:00,0.06852,0.0,0.02756,0.055
2017-10-23 23:19:00+02:00,0.07134,0.0,0.027326,0.055
2017-10-23 23:20:00+02:00,0.06405,0.0,0.027118,0.055
2017-10-23 23:21:00+02:00,0.06328,0.0,0.026858,0.055
2017-10-23 23:22:00+02:00,0.06351,0.0,0.02665,0.055
2017-10-23 23:23:00+02:00,0.06308,0.0,0.02639,0.055
2017-10-23 23:24:00+02:00,0.06344,0.0,0.026156,0.04614
2017-10-23 23:25:00+02:00,0.06003,0.0,0.025922,0.044
2017-10-23 23:26:00+02:00,0.06132,0.0,0.025688,0.044
2017-10-23 23:27:00+02:00,0.06506,0.0,0.025454,0.044
2017-10-23 23:28:00+02:00,0.0643,0.0,0.02522,0.044
2017-10-23 23:29:00+02:00,0.06577,0.0,0.024986,0.044
2017-10-23 23:30:00+02:00,0.06816,0.0,0.024778,0.055
2017-10-23 23:31:00+02:00,0.07143,0.0,0.024518,0.055
2017-10-23 23:32:00+02:00,0.06965,0.0,0.02431,0.055
2017-10-23 23:33:00+02:00,0.06639,0.0,0.02405,0.055
2017-10-23 23:34:00+02:00,0.06817,0.0,0.023816,0.055
2017-10-23 23:35:00+02:00,0.05833,0.0,0.023582,0.055
2017-10-23 23:36:00+02:00,0.05803,0.0,0.023348,0.055
2017-10-23 23:37:00+02:00,0.05791,0.0,0.023114,0.055
2017-10-23 23:38:00+02:00,0.06257,0.0,0.022906,0.055
2017-10-23 23:39:00+02:00,0.0615,0.0,0.022646,0.055
2017-10-23 23:40:00+02:00,0.06134,0.0,0.022464,0.055
2017-10-23 23:41:00+02:00,0.06436,0.0,0.022204,0.055
2017-10-23 23:42:00+02:00,0.06878,0.0,0.021996,0.055
2017-10-23 23:43:00+02:00,0.06754,0.0,0.021736,0.055
2017-10-23 23:44:00+02:00,0.06679,0.0,0.021502,0.055
2017-10-23 23:45:00+02:00,0.06465,0.0,0.021268,0.088
2017-10-23 23:46:00+02:00,0.06032,0.0,0.021034,0.088
2017-10-23 23:47:00+02:00,0.06051,0.0,0.0208,0.088
2017-10-23 23:48:00+02:00,0.06469,0.0,0.020592,0.088
2017-10-23 23:49:00+02:00,0.06651,0.0,0.020332,0.077287
2017-10-23 23:50:00+02:00,0.06661,0.0,0.020124,0.077
2017-10-23 23:51:00+02:00,0.06846,0.0,0.019864,0.077
2017-10-23 23:52:00+02:00,0.06742,0.0,0.01963,0.077
2017-10-23 23:53:00+02:00,0.0656,0.0,0.019396,0.077
2017-10-23 23:54:00+02:00,0.06335,0.0,0.019162,0.077
2017-10-23 23:55:00+02:00,0.06362,0.0,0.018928,0.077
2017-10-23 23:56:00+02:00,0.06525,0.0,0.01872,0.077
2017-10-23 23:57:00+02:00,0.06344,0.0,0.01846,0.077
2017-10-23 23:58:00+02:00,0.06166,0.0,0.018252,0.077
2017-10-23 23:59:00+02:00,0.05947,0.0,0.017992,0.077
2017-10-24 00:00:00+02:00,0.05913,0.0,0.017784,0.077
2017-10-24 00:01:00+02:00,0.06347,0.0,0.017524,0.077
2017-10-24 00:02:00+02:00,0.06309,0.0,0.017472,0.077
2017-10-24 00:03:00+02:00,0.06488,0.0,0.017368,0.077
2017-10-24 00:04:00+02:00,0.06424,0.0,0.017342,0.077
2017-10-24 00:05:00+02:00,0.07225,0.0,0.017264,0.076747
2017-10-24 00:06:00+02:00,0.07195,0.0,0.01716,0.066
2017-10-24 00:07:00+02:00,0.07389,0.0,0.017082,0.066
2017-10-24 00:08:00+02:00,0.06916,0.0,0.017004,0.066
2017-10-24 00:09:00+02:00,0.06202,0.0,0.016926,0.066
2017-10-24 00:10:00+02:00,0.0666,0.0,0.0169,0.066
2017-10-24 00:11:00+02:00,0.0667,0.0,0.016796,0.066
2017-10-24 00:12:00+02:00,0.06899,0.0,0.016718,0.066
2017-10-24 00:13:00+02:00,0.06794,0.0,0.01664,0.066
2017-10-24 00:14:00+02:00,0.06613,0.0,0.016536,0.066
2017-10-24 00:15:00+02:00,0.06512,0.0,0.016536,0.066
2017-10-24 00:16:00+02:00,0.06767,0.0,0.016432,0.066
2017-10-24 00:17:00+02:00,0.06047,0.0,0.016354,0.066
2017-10-24 00:18:00+02:00,0.06096,0.0,0.016276,0.066
2017-10-24 00:19:00+02:00,0.06803,0.0,0.016172,0.066
2017-10-24 00:20:00+02:00,0.07028,0.0,0.016146,0.066
2017-10-24 00:21:00+02:00,0.06915,0.0,0.016068,0.066
2017-10-24 00:22:00+02:00,0.06986,0.0,0.015964,0.066
2017-10-24 00:23:00+02:00,0.06243,0.0,0.015912,0.066
2017-10-24 00:24:00+02:00,0.05579,0.0,0.015808,0.066
2017-10-24 00:25:00+02:00,0.05377,0.0,0.01573,0.066
2017-10-24 00:26:00+02:00,0.05542,0.0,0.015704,0.066
2017-10-24 00:27:00+02:00,0.05492,0.0,0.0156,0.06052
2017-10-24 00:28:00+02:00,0.05154,0.0,0.015548,0.055
2017-10-24 00:29:00+02:00,0.05172,0.0,0.015444,0.055
2017-10-24 00:30:00+02:00,0.05263,0.0,0.015366,0.077
2017-10-24 00:31:00+02:00,0.04748,0.0,0.01534,0.077
2017-10-24 00:32:00+02:00,0.04624,0.0,0.015236,0.077
2017-10-24 00:33:00+02:00,0.04696,0.0,0.015184,0.077
2017-10-24 00:34:00+02:00,0.04443,0.0,0.01508,0.077
2017-10-24 00:35:00+02:00,0.04611,0.0,0.015002,0.077
2017-10-24 00:36:00+02:00,0.05465,0.0,0.01495,0.077
2017-10-24 00:37:00+02:00,0.06162,0.0,0.014872,0.077
2017-10-24 00:38:00+02:00,0.06751,0.0,0.01482,0.077
2017-10-24 00:39:00+02:00,0.05699,0.0,0.014716,0.077
2017-10-24 00:40:00+02:00,0.05455,0.0,0.014612,0.066
2017-10-24 00:41:00+02:00,0.05225,0.0,0.01456,0.066
2017-10-24 00:42:00+02:00,0.05428,0.0,0.014508,0.066
2017-10-24 00:43:00+02:00,0.05605,0.0,0.01443,0.066
2017-10-24 00:44:00+02:00,0.05185,0.0,0.014352,0.066
2017-10-24 00:45:00+02:00,0.04778,0.0,0.014248,0.061513
2017-10-24 00:46:00+02:00,0.05198,0.0,0.014196,0.055
2017-10-24 00:47:00+02:00,0.05043,0.0,0.014118,0.055
2017-10-24 00:48:00+02:00,0.05426,0.0,0.014066,0.055
2017-10-24 00:49:00+02:00,0.05638,0.0,0.013988,0.055
2017-10-24 00:50:00+02:00,0.05295,0.0,0.013884,0.055
2017-10-24 00:51:00+02:00,0.05117,0.0,0.013832,0.055
2017-10-24 00:52:00+02:00,0.05093,0.0,0.013754,0.055
2017-10-24 00:53:00+02:00,0.04999,0.0,0.013676,0.055
2017-10-24 00:54:00+02:00,0.04755,0.0,0.013624,0.055
2017-10-24 00:55:00+02:00,0.05334,0.0,0.01352,0.055
2017-10-24 00:56:00+02:00,0.05023,0.0,0.013442,0.055
2017-10-24 00:57:00+02:00,0.054,0.0,0.013364,0.055
2017-10-24 00:58:00+02:00,0.05035,0.0,0.013286,0.055
2017-10-24 00:59:00+02:00,0.04496,0.0,0.01326,0.055
2017-10-24 01:00:00+02:00,0.04546,0.0,0.013156,0.062053
2017-10-24 01:01:00+02:00,0.045,0.0,0.013078,0.055
2017-10-24 01:02:00+02:00,0.04806,0.0,0.01313,0.055
2017-10-24 01:03:00+02:00,0.04668,0.0,0.013156,0.055
2017-10-24 01:04:00+02:00,0.04143,0.0,0.013156,0.055
2017-10-24 01:05:00+02:00,0.04162,0.0,0.013156,0.055
2017-10-24 01:06:00+02:00,0.04129,0.0,0.01326,0.055
2017-10-24 01:07:00+02:00,0.05167,0.0,0.01326,0.055
2017-10-24 01:08:00+02:00,0.04885,0.0,0.01326,0.055
2017-10-24 01:09:00+02:00,0.04428,0.0,0.013286,0.0524
2017-10-24 01:10:00+02:00,0.04296,0.0,0.013338,0.03618
2017-10-24 01:11:00+02:00,0.04228,0.0,0.013364,0.033
2017-10-24 01:12:00+02:00,0.05287,0.0,0.013364,0.033
2017-10-24 01:13:00+02:00,0.04901,0.0,0.013416,0.033
2017-10-24 01:14:00+02:00,0.04749,0.0,0.013442,0.033
2017-10-24 01:15:00+02:00,0.04675,0.0,0.013468,0.033
2017-10-24 01:16:00+02:00,0.04186,0.0,0.01352,0.029333
2017-10-24 01:17:00+02:00,0.04151,0.0,0.01352,0.022
2017-10-24 01:18:00+02:00,0.04287,0.0,0.01352,0.022
2017-10-24 01:19:00+02:00,0.04317,0.0,0.013598,0.022
2017-10-24 01:20:00+02:00,0.04441,0.0,0.013624,0.011
2017-10-24 01:21:00+02:00,0.04347,0.0,0.013624,0.011
2017-10-24 01:22:00+02:00,0.0404,0.0,0.013624,0.011
2017-10-24 01:23:00+02:00,0.04114,0.0,0.013702,0.011
2017-10-24 01:24:00+02:00,0.03938,0.0,0.013728,0.011
2017-10-24 01:25:00+02:00,0.0412,0.0,0.013728,0.011
2017-10-24 01:26:00+02:00,0.03922,0.0,0.01378,0.011
2017-10-24 01:27:00+02:00,0.0387,0.0,0.013806,0.011
2017-10-24 01:28:00+02:00,0.03895,0.0,0.013806,0.011
2017-10-24 01:29:00+02:00,0.04049,0.0,0.013858,0.004053
2017-10-24 01:30:00+02:00,0.0419,0.0,0.013884,0.011
2017-10-24 01:31:00+02:00,0.04405,0.0,0.013884,0.011
2017-10-24 01:32:00+02:00,0.0427,0.0,0.013936,0.011
2017-10-24 01:33:00+02:00,0.04248,0.0,0.013988,0.011
2017-10-24 01:34:00+02:00,0.04378,0.0,0.013988,0.011
2017-10-24 01:35:00+02:00,0.03945,0.0,0.014014,0.011
2017-10-24 01:36:00+02:00,0.0393,0.0,0.014066,0.011
2017-10-24 01:37:00+02:00,0.04091,0.0,0.014066,0.011
2017-10-24 01:38:00+02:00,0.04703,0.0,0.014092,0.011
2017-10-24 01:39:00+02:00,0.04398,0.0,0.014118,0.011
2017-10-24 01:40:00+02:00,0.03892,0.0,0.01417,0.011
2017-10-24 01:41:00+02:00,0.04193,0.0,0.01417,0.011
2017-10-24 01:42:00+02:00,0.04243,0.0,0.014222,0.011
2017-10-24 01:43:00+02:00,0.042,0.0,0.014248,0.011
2017-10-24 01:44:00+02:00,0.04513,0.0,0.014274,0.011
2017-10-24 01:45:00+02:00,0.03882,0.0,0.0143,0.011
2017-10-24 01:46:00+02:00,0.037,0.0,0.0143,0.011
2017-10-24 01:47:00+02:00,0.03984,0.0,0.014352,0.011
2017-10-24 01:48:00+02:00,0.03882,0.0,0.014378,0.011
2017-10-24 01:49:00+02:00,0.03944,0.0,0.014404,0.011
2017-10-24 01:50:00+02:00,0.04092,0.0,0.01443,0.011
2017-10-24 01:51:00+02:00,0.03934,0.0,0.014456,0.011
2017-10-24 01:52:00+02:00,0.03691,0.0,0.014482,0.011
2017-10-24 01:53:00+02:00,0.03621,0.0,0.014534,0.011
2017-10-24 01:54:00+02:00,0.0342,0.0,0.014534,0.011
2017-10-24 01:55:00+02:00,0.03579,0.0,0.01456,0.00796
2017-10-24 01:56:00+02:00,0.0353,0.0,0.014586,0.0
2017-10-24 01:57:00+02:00,0.03672,0.0,0.014638,0.0
2017-10-24 01:58:00+02:00,0.03608,0.0,0.014664,0.0
2017-10-24 01:59:00+02:00,0.041,0.0,0.014664,0.0
2017-10-24 02:00:00+02:00,0.04114,0.0,0.014716,0.0
2017-10-24 02:01:00+02:00,0.03595,0.0,0.014742,0.0
2017-10-24 02:02:00+02:00,0.0353,0.0,0.014768,0.0
2017-10-24 02:03:00+02:00,0.03448,0.0,0.014768,0.0
2017-10-24 02:04:00+02:00,0.03447,0.0,0.014794,0.0
2017-10-24 02:05:00+02:00,0.03387,0.0,0.014794,0.0
2017-10-24 02:06:00+02:00,0.04292,0.0,0.014846,0.0
2017-10-24 02:07:00+02:00,0.04194,0.0,0.014872,0.0
2017-10-24 02:08:00+02:00,0.0384,0.0,0.014872,0.0
2017-10-24 02:09:00+02:00,0.03726,0.0,0.014898,0.0
2017-10-24 02:10:00+02:00,0.03796,0.0,0.014924,0.0
2017-10-24 02:11:00+02:00,0.04027,0.0,0.014924,0.0
2017-10-24 02:12:00+02:00,0.03902,0.0,0.01495,0.0
2017-10-24 02:13:00+02:00,0.03412,0.0,0.015002,0.0
2017-10-24 02:14:00+02:00,0.03221,0.0,0.015028,0.0
2017-10-24 02:15:00+02:00,0.03165,0.0,0.015028,0.0
2017-10-24 02:16:00+02:00,0.03203,0.0,0.015028,0.0
2017-10-24 02:17:00+02:00,0.03067,0.0,0.015028,0.0
2017-10-24 02:18:00+02:00,0.0327,0.0,0.01508,0.0
2017-10-24 02:19:00+02:00,0.0328,0.0,0.015132,0.0
2017-10-24 02:20:00+02:00,0.03408,0.0,0.015132,0.0
2017-10-24 02:21:00+02:00,0.03492,0.0,0.015132,0.0
2017-10-24 02:22:00+02:00,0.0337,0.0,0.015158,0.0
2017-10-24 02:23:00+02:00,0.03366,0.0,0.015184,0.0
2017-10-24 02:24:00+02:00,0.03095,0.0,0.01521,0.0
2017-10-24 02:25:00+02:00,0.03088,0.0,0.015236,0.0
2017-10-24 02:26:00+02:00,0.03544,0.0,0.015236,0.0
2017-10-24 02:27:00+02:00,0.03084,0.0,0.015288,0.0
2017-10-24 02:28:00+02:00,0.03248,0.0,0.015288,0.0
2017-10-24 02:29:00+02:00,0.03055,0.0,0.015288,0.0
2017-10-24 02:30:00+02:00,0.03114,0.0,0.01534,0.0
2017-10-24 02:31:00+02:00,0.03246,0.0,0.015366,0.0
2017-10-24 02:32:00+02:00,0.03297,0.0,0.015392,0.0
2017-10-24 02:33:00+02:00,0.03217,0.0,0.015392,0.0
2017-10-24 02:34:00+02:00,0.03426,0.0,0.015392,0.0
2017-10-24 02:35:00+02:00,0.03782,0.0,0.015392,0.0
2017-10-24 02:36:00+02:00,0.0371,0.0,0.015496,0.0
2017-10-24 02:37:00+02:00,0.0357,0.0,0.015496,0.0
2017-10-24 02:38:00+02:00,0.03449,0.0,0.015496,0.0
2017-10-24 02:39:00+02:00,0.0366,0.0,0.015496,0.0
2017-10-24 02:40:00+02:00,0.03214,0.0,0.015548,0.0
2017-10-24 02:41:00+02:00,0.03122,0.0,0.015548,0.0
2017-10-24 02:42:00+02:00,0.03094,0.0,0.0156,0.0
2017-10-24 02:43:00+02:00,0.03054,0.0,0.0156,0.0
2017-10-24 02:44:00+02:00,0.03054,0.0,0.015626,0.0
2017-10-24 02:45:00+02:00,0.02981,0.0,0.015652,0.0
2017-10-24 02:46:00+02:00,0.03361,0.0,0.015652,0.0
2017-10-24 02:47:00+02:00,0.03696,0.0,0.015652,0.0
2017-10-24 02:48:00+02:00,0.03752,0.0,0.015704,0.0
2017-10-24 02:49:00+02:00,0.03363,0.0,0.015756,0.0
2017-10-24 02:50:00+02:00,0.03679,0.0,0.015756,0.0
2017-10-24 02:51:00+02:00,0.03232,0.0,0.015756,0.0
2017-10-24 02:52:00+02:00,0.03211,0.0,0.015756,0.0
2017-10-24 02:53:00+02:00,0.03398,0.0,0.015808,0.0
2017-10-24 02:54:00+02:00,0.03443,0.0,0.01586,0.0
2017-10-24 02:55:00+02:00,0.03362,0.0,0.01586,0.0
2017-10-24 02:56:00+02:00,0.03329,0.0,0.01586,0.0
2017-10-24 02:57:00+02:00,0.03298,0.0,0.015886,0.0
2017-10-24 02:58:00+02:00,0.03224,0.0,0.015912,0.0
2017-10-24 02:59:00+02:00,0.03529,0.0,0.015938,0.0
2017-10-24 03:00:00+02:00,0.03435,0.0,0.015964,0.0
2017-10-24 03:01:00+02:00,0.02963,0.0,0.015964,0.0
2017-10-24 03:02:00+02:00,0.02926,0.0,0.016016,0.0
2017-10-24 03:03:00+02:00,0.02911,0.0,0.016094,0.0
2017-10-24 03:04:00+02:00,0.02878,0.0,0.01612,0.0
2017-10-24 03:05:00+02:00,0.02825,0.0,0.016198,0.0
2017-10-24 03:06:00+02:00,0.02952,0.0,0.01625,0.0
2017-10-24 03:07:00+02:00,0.02991,0.0,0.016302,0.0
2017-10-24 03:08:00+02:00,0.03015,0.0,0.016354,0.0
2017-10-24 03:09:00+02:00,0.02948,0.0,0.016406,0.0
2017-10-24 03:10:00+02:00,0.03172,0.0,0.016458,0.0
2017-10-24 03:11:00+02:00,0.03127,0.0,0.016536,0.0
2017-10-24 03:12:00+02:00,0.0307,0.0,0.016588,0.0
2017-10-24 03:13:00+02:00,0.03158,0.0,0.016614,0.0
2017-10-24 03:14:00+02:00,0.03008,0.0,0.016666,0.0
2017-10-24 03:15:00+02:00,0.03051,0.0,0.016718,0.0
2017-10-24 03:16:00+02:00,0.02586,0.0,0.016796,0.0
2017-10-24 03:17:00+02:00,0.02632,0.0,0.016848,0.0
2017-10-24 03:18:00+02:00,0.02739,0.0,0.0169,0.0
2017-10-24 03:19:00+02:00,0.02767,0.0,0.016978,0.0
2017-10-24 03:20:00+02:00,0.02644,0.0,0.017004,0.0
2017-10-24 03:21:00+02:00,0.02664,0.0,0.017082,0.0
2017-10-24 03:22:00+02:00,0.02678,0.0,0.017108,0.0
2017-10-24 03:23:00+02:00,0.03144,0.0,0.01716,0.0
2017-10-24 03:24:00+02:00,0.03407,0.0,0.017264,0.0
2017-10-24 03:25:00+02:00,0.02983,0.0,0.017264,0.0
2017-10-24 03:26:00+02:00,0.02672,0.0,0.017342,0.0
2017-10-24 03:27:00+02:00,0.02886,0.0,0.017368,0.0
2017-10-24 03:28:00+02:00,0.03145,0.0,0.017446,0.0
2017-10-24 03:29:00+02:00,0.03172,0.0,0.017524,0.0
2017-10-24 03:30:00+02:00,0.03126,0.0,0.017524,0.0
2017-10-24 03:31:00+02:00,0.02743,0.0,0.017628,0.0
2017-10-24 03:32:00+02:00,0.03026,0.0,0.017628,0.0
2017-10-24 03:33:00+02:00,0.03255,0.0,0.017732,0.0
2017-10-24 03:34:00+02:00,0.02973,0.0,0.017784,0.0
2017-10-24 03:35:00+02:00,0.0287,0.0,0.017836,0.0
2017-10-24 03:36:00+02:00,0.02764,0.0,0.017888,0.0
2017-10-24 03:37:00+02:00,0.0281,0.0,0.017966,0.0
2017-10-24 03:38:00+02:00,0.02842,0.0,0.017992,0.0
2017-10-24 03:39:00+02:00,0.0274,0.0,0.018018,0.0
2017-10-24 03:40:00+02:00,0.02715,0.0,0.018096,0.0
2017-10-24 03:41:00+02:00,0.02818,0.0,0.018148,0.0
2017-10-24 03:42:00+02:00,0.0285,0.0,0.018226,0.0
2017-10-24 03:43:00+02:00,0.02999,0.0,0.018252,0.0
2017-10-24 03:44:00+02:00,0.03187,0.0,0.01833,0.0
2017-10-24 03:45:00+02:00,0.03141,0.0,0.018356,0.0
2017-10-24 03:46:00+02:00,0.02777,0.0,0.01846,0.0
2017-10-24 03:47:00+02:00,0.02752,0.0,0.018486,0.0
2017-10-24 03:48:00+02:00,0.03101,0.0,0.018538,0.0
2017-10-24 03:49:00+02:00,0.0309,0.0,0.01859,0.0
2017-10-24 03:50:00+02:00,0.02926,0.0,0.018668,0.0
2017-10-24 03:51:00+02:00,0.0282,0.0,0.018694,0.0
2017-10-24 03:52:00+02:00,0.02718,0.0,0.018746,0.0
2017-10-24 03:53:00+02:00,0.02733,0.0,0.018824,0.0
2017-10-24 03:54:00+02:00,0.02852,0.0,0.01885,0.0
2017-10-24 03:55:00+02:00,0.02945,0.0,0.018928,0.0
2017-10-24 03:56:00+02:00,0.03062,0.0,0.018954,0.0
2017-10-24 03:57:00+02:00,0.0299,0.0,0.019032,0.0
2017-10-24 03:58:00+02:00,0.02928,0.0,0.019084,0.0
2017-10-24 03:59:00+02:00,0.02862,0.0,0.019136,0.0
2017-10-24 04:00:00+02:00,0.02895,0.0,0.019214,0.0
2017-10-24 04:01:00+02:00,0.02786,0.0,0.01924,0.0
2017-10-24 04:02:00+02:00,0.02866,0.0,0.019396,0.0
2017-10-24 04:03:00+02:00,0.02833,0.0,0.019578,0.0
2017-10-24 04:04:00+02:00,0.03154,0.0,0.019734,0.0
2017-10-24 04:05:00+02:00,0.03254,0.0,0.019864,0.0
2017-10-24 04:06:00+02:00,0.03114,0.0,0.02002,0.0
2017-10-24 04:07:00+02:00,0.026,0.0,0.020176,0.0
2017-10-24 04:08:00+02:00,0.02463,0.0,0.020358,0.0
2017-10-24 04:09:00+02:00,0.02431,0.0,0.020488,0.0
2017-10-24 04:10:00+02:00,0.02603,0.0,0.020618,0.0
2017-10-24 04:11:00+02:00,0.02712,0.0,0.020826,0.0
2017-10-24 04:12:00+02:00,0.02552,0.0,0.020956,0.0
2017-10-24 04:13:00+02:00,0.02269,0.0,0.021086,0.0
2017-10-24 04:14:00+02:00,0.02305,0.0,0.021268,0.0
2017-10-24 04:15:00+02:00,0.02295,0.0,0.02145,0.0
2017-10-24 04:16:00+02:00,0.02611,0.0,0.021554,0.0
2017-10-24 04:17:00+02:00,0.02663,0.0,0.021736,0.0
2017-10-24 04:18:00+02:00,0.02711,0.0,0.021892,0.0
2017-10-24 04:19:00+02:00,0.02647,0.0,0.022048,0.0
2017-10-24 04:20:00+02:00,0.02759,0.0,0.022204,0.0
2017-10-24 04:21:00+02:00,0.02841,0.0,0.02236,0.0
2017-10-24 04:22:00+02:00,0.02716,0.0,0.02249,0.0
2017-10-24 04:23:00+02:00,0.02711,0.0,0.022672,0.0
2017-10-24 04:24:00+02:00,0.02699,0.0,0.022828,0.0
2017-10-24 04:25:00+02:00,0.02689,0.0,0.022958,0.0
2017-10-24 04:26:00+02:00,0.02912,0.0,0.023114,0.0
2017-10-24 04:27:00+02:00,0.02819,0.0,0.023322,0.0
2017-10-24 04:28:00+02:00,0.02665,0.0,0.023426,0.0
2017-10-24 04:29:00+02:00,0.02564,0.0,0.023582,0.0
2017-10-24 04:30:00+02:00,0.02649,0.0,0.023764,0.0
2017-10-24 04:31:00+02:00,0.02984,0.0,0.02392,0.0
2017-10-24 04:32:00+02:00,0.03067,0.0,0.02405,0.0
2017-10-24 04:33:00+02:00,0.02834,0.0,0.024232,0.0
2017-10-24 04:34:00+02:00,0.02492,0.0,0.024362,0.0
2017-10-24 04:35:00+02:00,0.02374,0.0,0.024544,0.0
2017-10-24 04:36:00+02:00,0.02517,0.0,0.0247,0.0
2017-10-24 04:37:00+02:00,0.02664,0.0,0.02483,0.0
2017-10-24 04:38:00+02:00,0.02674,0.0,0.024986,0.0
2017-10-24 04:39:00+02:00,0.02706,0.0,0.025168,0.0
2017-10-24 04:40:00+02:00,0.02865,0.0,0.025298,0.0
2017-10-24 04:41:00+02:00,0.02654,0.0,0.025454,0.0
2017-10-24 04:42:00+02:00,0.02641,0.0,0.02561,0.0
2017-10-24 04:43:00+02:00,0.02631,0.0,0.025792,0.0
2017-10-24 04:44:00+02:00,0.02702,0.0,0.025922,0.0
2017-10-24 04:45:00+02:00,0.0271,0.0,0.026078,0.0
2017-10-24 04:46:00+02:00,0.02715,0.0,0.026234,0.0
2017-10-24 04:47:00+02:00,0.02941,0.0,0.026416,0.0
2017-10-24 04:48:00+02:00,0.02923,0.0,0.026546,0.0
2017-10-24 04:49:00+02:00,0.02457,0.0,0.026702,0.0
2017-10-24 04:50:00+02:00,0.02423,0.0,0.026858,0.0
2017-10-24 04:51:00+02:00,0.02331,0.0,0.02704,0.0
2017-10-24 04:52:00+02:00,0.02308,0.0,0.02717,0.0
2017-10-24 04:53:00+02:00,0.02276,0.0,0.027326,0.0
2017-10-24 04:54:00+02:00,0.02663,0.0,0.027482,0.0
2017-10-24 04:55:00+02:00,0.02783,0.0,0.027612,0.0
2017-10-24 04:56:00+02:00,0.02624,0.0,0.027794,0.0
2017-10-24 04:57:00+02:00,0.02485,0.0,0.02795,0.0
2017-10-24 04:58:00+02:00,0.0259,0.0,0.02808,0.0
2017-10-24 04:59:00+02:00,0.02689,0.0,0.028262,0.0
2017-10-24 05:00:00+02:00,0.02696,0.0,0.028418,0.0
2017-10-24 05:01:00+02:00,0.03217,0.0,0.028548,0.0
2017-10-24 05:02:00+02:00,0.02974,0.0,0.028938,0.0
2017-10-24 05:03:00+02:00,0.02796,0.0,0.029354,0.0
2017-10-24 05:04:00+02:00,0.02725,0.0,0.029744,0.0
2017-10-24 05:05:00+02:00,0.02793,0.0,0.030108,0.0
2017-10-24 05:06:00+02:00,0.02886,0.0,0.030524,0.0
2017-10-24 05:07:00+02:00,0.02759,0.0,0.030888,0.0
2017-10-24 05:08:00+02:00,0.0288,0.0,0.031278,0.0
2017-10-24 05:09:00+02:00,0.03135,0.0,0.031694,0.0
2017-10-24 05:10:00+02:00,0.0298,0.0,0.032058,0.0
2017-10-24 05:11:00+02:00,0.02838,0.0,0.032474,0.0
2017-10-24 05:12:00+02:00,0.02828,0.0,0.032838,0.0
2017-10-24 05:13:00+02:00,0.02819,0.0,0.033228,0.0
2017-10-24 05:14:00+02:00,0.02587,0.0,0.033618,0.0
2017-10-24 05:15:00+02:00,0.02632,0.0,0.034008,0.0
2017-10-24 05:16:00+02:00,0.02761,0.0,0.034424,0.0
2017-10-24 05:17:00+02:00,0.02758,0.0,0.034788,0.0
2017-10-24 05:18:00+02:00,0.02693,0.0,0.035152,0.0
2017-10-24 05:19:00+02:00,0.02482,0.0,0.035568,0.0
2017-10-24 05:20:00+02:00,0.02692,0.0,0.035958,0.0
2017-10-24 05:21:00+02:00,0.03125,0.0,0.036348,0.0
2017-10-24 05:22:00+02:00,0.03262,0.0,0.036738,0.0
2017-10-24 05:23:00+02:00,0.03168,0.0,0.037128,0.0
2017-10-24 05:24:00+02:00,0.02962,0.0,0.037518,0.0
2017-10-24 05:25:00+02:00,0.02601,0.0,0.037882,0.0
2017-10-24 05:26:00+02:00,0.02817,0.0,0.038272,0.0
2017-10-24 05:27:00+02:00,0.02832,0.0,0.038714,0.0
2017-10-24 05:28:00+02:00,0.0244,0.0,0.039078,0.0
2017-10-24 05:29:00+02:00,0.0247,0.0,0.039442,0.0
2017-10-24 05:30:00+02:00,0.02512,0.0,0.039858,0.0
2017-10-24 05:31:00+02:00,0.02929,0.0,0.040222,0.0
2017-10-24 05:32:00+02:00,0.03146,0.0,0.040586,0.0
2017-10-24 05:33:00+02:00,0.03013,0.0,0.041028,0.0
2017-10-24 05:34:00+02:00,0.02786,0.0,0.041418,0.0
2017-10-24 05:35:00+02:00,0.02779,0.0,0.041808,0.0
2017-10-24 05:36:00+02:00,0.02791,0.0,0.042172,0.0
2017-10-24 05:37:00+02:00,0.0281,0.0,0.042562,0.0
2017-10-24 05:38:00+02:00,0.02746,0.0,0.042952,0.0
2017-10-24 05:39:00+02:00,0.02846,0.0,0.043342,0.0
2017-10-24 05:40:00+02:00,0.02779,0.0,0.043706,0.0
2017-10-24 05:41:00+02:00,0.02687,0.0,0.044148,0.0
2017-10-24 05:42:00+02:00,0.02766,0.0,0.044512,0.0
2017-10-24 05:43:00+02:00,0.02866,0.0,0.044902,0.0
2017-10-24 05:44:00+02:00,0.02822,0.0,0.045318,0.0
2017-10-24 05:45:00+02:00,0.02798,0.0,0.045682,0.0
2017-10-24 05:46:00+02:00,0.02881,0.0,0.046072,0.0
2017-10-24 05:47:00+02:00,0.02832,0.0,0.046436,0.0
2017-10-24 05:48:00+02:00,0.02926,0.0,0.046852,0.0
2017-10-24 05:49:00+02:00,0.02896,0.0,0.047242,0.0
2017-10-24 05:50:00+02:00,0.02754,0.0,0.047632,0.0
2017-10-24 05:51:00+02:00,0.02765,0.0,0.048048,0.0
2017-10-24 05:52:00+02:00,0.02725,0.0,0.048412,0.0
2017-10-24 05:53:00+02:00,0.02678,0.0,0.048776,0.0
2017-10-24 05:54:00+02:00,0.02645,0.0,0.049192,0.0
2017-10-24 05:55:00+02:00,0.02693,0.0,0.049582,0.0
2017-10-24 05:56:00+02:00,0.02362,0.0,0.049972,0.0
2017-10-24 05:57:00+02:00,0.02427,0.0,0.050362,0.0
2017-10-24 05:58:00+02:00,0.02549,0.0,0.050752,0.0
2017-10-24 05:59:00+02:00,0.02711,0.0,0.051142,0.0
2017-10-24 06:00:00+02:00,0.02758,0.0,0.051506,0.0
2017-10-24 06:01:00+02:00,0.02628,0.0,0.051896,0.0
2017-10-24 06:02:00+02:00,0.02704,0.0,0.05213,0.0
2017-10-24 06:03:00+02:00,0.0272,0.0,0.052338,0.0
2017-10-24 06:04:00+02:00,0.02685,0.0,0.052572,0.0
2017-10-24 06:05:00+02:00,0.02827,0.0,0.05278,0.0
2017-10-24 06:06:00+02:00,0.02866,0.0,0.052988,0.0
2017-10-24 06:07:00+02:00,0.02722,0.0,0.053222,0.0
2017-10-24 06:08:00+02:00,0.03245,0.0,0.05343,0.0
2017-10-24 06:09:00+02:00,0.03111,0.0,0.053638,0.0
2017-10-24 06:10:00+02:00,0.02768,0.0,0.053846,0.0
2017-10-24 06:11:00+02:00,0.02732,0.0,0.054106,0.0
2017-10-24 06:12:00+02:00,0.02859,0.0,0.054314,0.0
2017-10-24 06:13:00+02:00,0.03067,0.0,0.054496,0.0
2017-10-24 06:14:00+02:00,0.02898,0.0,0.05473,0.0
2017-10-24 06:15:00+02:00,0.02763,0.0,0.054938,0.0
2017-10-24 06:16:00+02:00,0.0302,0.0,0.055172,0.0
2017-10-24 06:17:00+02:00,0.02906,0.0,0.05538,0.0
2017-10-24 06:18:00+02:00,0.0323,0.0,0.055614,0.0
2017-10-24 06:19:00+02:00,0.03264,0.0,0.055796,0.0
2017-10-24 06:20:00+02:00,0.03125,0.0,0.056056,0.0
2017-10-24 06:21:00+02:00,0.02827,0.0,0.056238,0.0
2017-10-24 06:22:00+02:00,0.02914,0.0,0.056446,0.0
2017-10-24 06:23:00+02:00,0.02949,0.0,0.056706,0.0
2017-10-24 06:24:00+02:00,0.02877,0.0,0.056914,0.0
2017-10-24 06:25:00+02:00,0.0268,0.0,0.057096,0.0
2017-10-24 06:26:00+02:00,0.02558,0.0,0.05733,0.0
2017-10-24 06:27:00+02:00,0.02458,0.0,0.057564,0.0
2017-10-24 06:28:00+02:00,0.02513,0.0,0.057772,0.0
2017-10-24 06:29:00+02:00,0.02606,0.0,0.057954,0.0
2017-10-24 06:30:00+02:00,0.0271,0.0,0.058214,0.0
2017-10-24 06:31:00+02:00,0.02528,0.0,0.058396,0.0
2017-10-24 06:32:00+02:00,0.02563,0.0,0.05863,0.0
2017-10-24 06:33:00+02:00,0.02524,0.0,0.058838,0.0
2017-10-24 06:34:00+02:00,0.03232,0.0,0.059072,0.0
2017-10-24 06:35:00+02:00,0.0335,0.0,0.05928,0.0
2017-10-24 06:36:00+02:00,0.03389,0.0,0.05954,0.0
2017-10-24 06:37:00+02:00,0.02649,0.0,0.059696,0.0
2017-10-24 06:38:00+02:00,0.02417,0.0,0.059904,0.0
2017-10-24 06:39:00+02:00,0.02363,0.0,0.060164,0.0
2017-10-24 06:40:00+02:00,0.02207,0.0,0.060346,0.0
2017-10-24 06:41:00+02:00,0.02285,0.0,0.06058,0.0
2017-10-24 06:42:00+02:00,0.02746,0.0,0.060814,0.0
2017-10-24 06:43:00+02:00,0.0285,0.0,0.061022,0.0
2017-10-24 06:44:00+02:00,0.0267,0.0,0.061204,0.0
2017-10-24 06:45:00+02:00,0.02267,0.0,0.061438,0.0
2017-10-24 06:46:00+02:00,0.0248,0.0,0.061672,0.0
2017-10-24 06:47:00+02:00,0.02621,0.0,0.06188,0.0
2017-10-24 06:48:00+02:00,0.02777,0.0,0.062114,0.0
2017-10-24 06:49:00+02:00,0.02761,0.0,0.062296,0.0
2017-10-24 06:50:00+02:00,0.02721,0.0,0.06253,0.0
2017-10-24 06:51:00+02:00,0.0268,0.0,0.062764,0.0
2017-10-24 06:52:00+02:00,0.02779,0.0,0.062972,0.0
2017-10-24 06:53:00+02:00,0.02658,0.0,0.06318,0.0
2017-10-24 06:54:00+02:00,0.02446,0.0,0.063414,0.0
2017-10-24 06:55:00+02:00,0.02504,0.0,0.063622,0.0
2017-10-24 06:56:00+02:00,0.02496,0.0,0.063804,0.0
2017-10-24 06:57:00+02:00,0.02508,0.0,0.064064,0.0
2017-10-24 06:58:00+02:00,0.02703,0.0,0.064272,0.0
2017-10-24 06:59:00+02:00,0.03093,0.0,0.064506,0.0
2017-10-24 07:00:00+02:00,0.02976,0.0,0.064714,0.0
2017-10-24 07:01:00+02:00,0.02986,0.0,0.064896,0.0
2017-10-24 07:02:00+02:00,0.02999,0.0,0.064896,0.0
2017-10-24 07:03:00+02:00,0.03103,0.0,0.064896,0.0
2017-10-24 07:04:00+02:00,0.03106,0.0,0.06487,0.0
2017-10-24 07:05:00+02:00,0.02998,0.0,0.06487,0.0
2017-10-24 07:06:00+02:00,0.03066,0.0,0.06487,0.0
2017-10-24 07:07:00+02:00,0.029,0.0,0.06487,0.0
2017-10-24 07:08:00+02:00,0.02824,0.0,0.064818,0.0
2017-10-24 07:09:00+02:00,0.02722,0.0,0.064818,0.0
2017-10-24 07:10:00+02:00,0.02741,0.0,0.064792,0.0
2017-10-24 07:11:00+02:00,0.02977,0.0,0.064766,0.0
2017-10-24 07:12:00+02:00,0.03005,0.0,0.064766,0.0
2017-10-24 07:13:00+02:00,0.03007,0.0,0.064766,0.0
2017-10-24 07:14:00+02:00,0.02995,0.0,0.06474,0.0
2017-10-24 07:15:00+02:00,0.05117,0.0,0.06474,0.0
2017-10-24 07:16:00+02:00,0.06529,0.0,0.06474,0.0
2017-10-24 07:17:00+02:00,0.06829,0.0,0.064688,0.0
2017-10-24 07:18:00+02:00,0.07445,0.0,0.064662,0.0
2017-10-24 07:19:00+02:00,0.07955,0.0,0.064662,0.0
2017-10-24 07:20:00+02:00,0.07849,0.0,0.064636,0.0
2017-10-24 07:21:00+02:00,0.07902,0.0,0.064636,0.0
2017-10-24 07:22:00+02:00,0.07978,0.0,0.064636,0.0
2017-10-24 07:23:00+02:00,0.07786,0.0,0.064636,0.0
2017-10-24 07:24:00+02:00,0.0789,0.0,0.06461,0.0
2017-10-24 07:25:00+02:00,0.07378,0.0,0.064584,0.0
2017-10-24 07:26:00+02:00,0.06454,0.0,0.064584,0.0
2017-10-24 07:27:00+02:00,0.03771,0.0,0.064532,0.0
2017-10-24 07:28:00+02:00,0.03952,0.0,0.064532,0.0
2017-10-24 07:29:00+02:00,0.04266,0.0,0.064532,0.0
2017-10-24 07:30:00+02:00,0.03488,0.0,0.064532,0.0
2017-10-24 07:31:00+02:00,0.03194,0.0,0.064506,0.0
2017-10-24 07:32:00+02:00,0.03149,0.0,0.064506,0.0
2017-10-24 07:33:00+02:00,0.03179,0.0,0.06448,0.0
2017-10-24 07:34:00+02:00,0.03319,0.0,0.064454,0.0
2017-10-24 07:35:00+02:00,0.03571,0.0,0.064428,0.0
2017-10-24 07:36:00+02:00,0.03867,0.0,0.064428,0.0
2017-10-24 07:37:00+02:00,0.03809,0.0,0.064402,0.0
2017-10-24 07:38:00+02:00,0.04093,0.0,0.064402,0.0
2017-10-24 07:39:00+02:00,0.03988,0.0,0.064376,0.0
2017-10-24 07:40:00+02:00,0.03939,0.0,0.064376,0.0
2017-10-24 07:41:00+02:00,0.04625,0.0,0.064376,0.0
2017-10-24 07:42:00+02:00,0.03979,0.0,0.064376,0.0
2017-10-24 07:43:00+02:00,0.03988,0.0,0.064324,0.0
2017-10-24 07:44:00+02:00,0.03769,0.0,0.064298,0.0
2017-10-24 07:45:00+02:00,0.03923,0.0,0.064298,0.0
2017-10-24 07:46:00+02:00,0.03984,0.0,0.064272,0.0
2017-10-24 07:47:00+02:00,0.03662,0.0,0.064272,0.0
2017-10-24 07:48:00+02:00,0.03642,0.0,0.064272,0.0
2017-10-24 07:49:00+02:00,0.03682,0.0,0.064272,0.0
2017-10-24 07:50:00+02:00,0.03752,0.0,0.064272,0.0
2017-10-24 07:51:00+02:00,0.03705,0.0,0.064246,0.0
2017-10-24 07:52:00+02:00,0.03452,0.0,0.064168,0.0
2017-10-24 07:53:00+02:00,0.03621,0.0,0.064168,0.0
2017-10-24 07:54:00+02:00,0.0335,0.0,0.064168,0.0
2017-10-24 07:55:00+02:00,0.03459,0.0,0.064168,0.0
2017-10-24 07:56:00+02:00,0.03503,0.0,0.064168,0.0
2017-10-24 07:57:00+02:00,0.03644,0.0,0.064142,0.0
2017-10-24 07:58:00+02:00,0.03572,0.0,0.064116,0.0
2017-10-24 07:59:00+02:00,0.03564,0.0,0.064116,0.0
2017-10-24 08:00:00+02:00,0.03819,0.0,0.06409,0.0
2017-10-24 08:01:00+02:00,0.03795,0.0,0.064064,0.0
2017-10-24 08:02:00+02:00,0.03973,0.0,0.063908,0.0
2017-10-24 08:03:00+02:00,0.04461,0.0,0.063726,0.0
2017-10-24 08:04:00+02:00,0.03996,0.0,0.063544,0.0
2017-10-24 08:05:00+02:00,0.03823,0.0,0.063414,0.0
2017-10-24 08:06:00+02:00,0.04088,0.0,0.063232,0.0
2017-10-24 08:07:00+02:00,0.0397,0.0,0.063076,0.0
2017-10-24 08:08:00+02:00,0.04225,0.0,0.062894,0.0
2017-10-24 08:09:00+02:00,0.03812,0.0,0.062712,0.0
2017-10-24 08:10:00+02:00,0.03689,0.0,0.06253,0.0
2017-10-24 08:11:00+02:00,0.03578,0.0,0.0624,0.0
2017-10-24 08:12:00+02:00,0.03707,0.0,0.062218,0.0
2017-10-24 08:13:00+02:00,0.03668,0.0,0.062036,0.0
2017-10-24 08:14:00+02:00,0.03409,0.0,0.06188,0.0
2017-10-24 08:15:00+02:00,0.03736,0.0,0.061672,0.0
2017-10-24 08:16:00+02:00,0.03687,0.0,0.061516,0.0
2017-10-24 08:17:00+02:00,0.04076,0.0,0.061334,0.0
2017-10-24 08:18:00+02:00,0.03767,0.0,0.061178,0.0
2017-10-24 08:19:00+02:00,0.04402,0.0,0.061022,0.0
2017-10-24 08:20:00+02:00,0.0477,0.0,0.06084,0.0
2017-10-24 08:21:00+02:00,0.04393,6.8e-05,0.060684,0.0
2017-10-24 08:22:00+02:00,0.04067,0.012283,0.060528,0.0
2017-10-24 08:23:00+02:00,0.03874,0.013248,0.060346,0.0
2017-10-24 08:24:00+02:00,0.03626,0.014202,0.060164,0.0
2017-10-24 08:25:00+02:00,0.03551,0.014454,0.059982,0.0
2017-10-24 08:26:00+02:00,0.03678,0.014933,0.0598,0.0
2017-10-24 08:27:00+02:00,0.03831,0.013986,0.059644,0.0
2017-10-24 08:28:00+02:00,0.04394,0.012382,0.059488,0.0
2017-10-24 08:29:00+02:00,0.04724,0.012154,0.059306,0.0
2017-10-24 08:30:00+02:00,0.04232,0.01176,0.059176,0.0
2017-10-24 08:31:00+02:00,0.04243,0.012251,0.058968,0.0
2017-10-24 08:32:00+02:00,0.04104,0.012246,0.058812,0.0
2017-10-24 08:33:00+02:00,0.03802,0.012784,0.05863,0.0
2017-10-24 08:34:00+02:00,0.03548,0.014966,0.058474,0.0
2017-10-24 08:35:00+02:00,0.03993,0.015989,0.058292,0.0
2017-10-24 08:36:00+02:00,0.03825,0.016546,0.05811,0.0
2017-10-24 08:37:00+02:00,0.04159,0.018246,0.057954,0.0
2017-10-24 08:38:00+02:00,0.04251,0.019619,0.057772,0.0
2017-10-24 08:39:00+02:00,0.03976,0.023158,0.05759,0.0
2017-10-24 08:40:00+02:00,0.04691,0.022688,0.057434,0.0
2017-10-24 08:41:00+02:00,0.04715,0.023635,0.057278,0.0
2017-10-24 08:42:00+02:00,0.04841,0.027825,0.057096,0.0
2017-10-24 08:43:00+02:00,0.04652,0.029408,0.05694,0.0
2017-10-24 08:44:00+02:00,0.04605,0.032124,0.056732,0.0
2017-10-24 08:45:00+02:00,0.04344,0.032503,0.056602,0.0
2017-10-24 08:46:00+02:00,0.04223,0.031443,0.056446,0.0
2017-10-24 08:47:00+02:00,0.03849,0.036904,0.056238,0.0
2017-10-24 08:48:00+02:00,0.03909,0.037245,0.056082,0.0
2017-10-24 08:49:00+02:00,0.03979,0.042037,0.0559,0.0
2017-10-24 08:50:00+02:00,0.04254,0.046588,0.055718,0.0
2017-10-24 08:51:00+02:00,0.04075,0.045779,0.055562,0.0
2017-10-24 08:52:00+02:00,0.03907,0.043855,0.05538,0.0
2017-10-24 08:53:00+02:00,0.04165,0.046426,0.055224,0.0
2017-10-24 08:54:00+02:00,0.03661,0.050973,0.055068,0.0
2017-10-24 08:55:00+02:00,0.04199,0.055588,0.054886,0.0
2017-10-24 08:56:00+02:00,0.04234,0.059331,0.054704,0.0
2017-10-24 08:57:00+02:00,0.04363,0.064865,0.054574,0.0
2017-10-24 08:58:00+02:00,0.04939,0.067,0.054366,0.0
2017-10-24 08:59:00+02:00,0.04894,0.066212,0.05421,0.0
2017-10-24 09:00:00+02:00,0.04803,0.059226,0.054002,0.0
2017-10-24 09:01:00+02:00,0.04915,0.054095,0.053846,0.0
2017-10-24 09:02:00+02:00,0.04917,0.052431,0.053742,0.0
2017-10-24 09:03:00+02:00,0.05139,0.04974,0.053664,0.0
2017-10-24 09:04:00+02:00,0.04933,0.049802,0.053586,0.0
2017-10-24 09:05:00+02:00,0.0507,0.051773,0.053482,0.0
2017-10-24 09:06:00+02:00,0.04896,0.049403,0.053378,0.0
2017-10-24 09:07:00+02:00,0.04817,0.049635,0.0533,0.0
2017-10-24 09:08:00+02:00,0.04966,0.051707,0.053222,0.0
2017-10-24 09:09:00+02:00,0.05022,0.055337,0.053118,0.0
2017-10-24 09:10:00+02:00,0.05986,0.057477,0.053014,0.0
2017-10-24 09:11:00+02:00,0.06642,0.062729,0.052936,0.0
2017-10-24 09:12:00+02:00,0.0613,0.061733,0.052832,0.0
2017-10-24 09:13:00+02:00,0.05944,0.0615,0.052754,0.0
2017-10-24 09:14:00+02:00,0.06347,0.060619,0.05265,0.0
2017-10-24 09:15:00+02:00,0.05966,0.060707,0.052572,0.0
2017-10-24 09:16:00+02:00,0.0585,0.0608,0.052468,0.0
2017-10-24 09:17:00+02:00,0.06129,0.064105,0.05239,0.0
2017-10-24 09:18:00+02:00,0.0578,0.066922,0.052286,0.0
2017-10-24 09:19:00+02:00,0.0583,0.070753,0.052182,0.0
2017-10-24 09:20:00+02:00,0.06211,0.074701,0.052104,0.0
2017-10-24 09:21:00+02:00,0.07064,0.075406,0.052,0.0
2017-10-24 09:22:00+02:00,0.07559,0.078828,0.051922,0.0
2017-10-24 09:23:00+02:00,0.07967,0.081432,0.051844,0.0
2017-10-24 09:24:00+02:00,0.07756,0.0765,0.05174,0.0
2017-10-24 09:25:00+02:00,0.06151,0.070269,0.051636,0.0
2017-10-24 09:26:00+02:00,0.06113,0.065481,0.051558,0.0
2017-10-24 09:27:00+02:00,0.06127,0.064653,0.05148,0.0
2017-10-24 09:28:00+02:00,0.0595,0.065314,0.051376,0.0
2017-10-24 09:29:00+02:00,0.05446,0.064155,0.051272,0.0
2017-10-24 09:30:00+02:00,0.05588,0.059231,0.051194,0.0
2017-10-24 09:31:00+02:00,0.06318,0.05102,0.051116,0.0
2017-10-24 09:32:00+02:00,0.06329,0.045057,0.051012,0.0
2017-10-24 09:33:00+02:00,0.05555,0.040659,0.050908,0.0
2017-10-24 09:34:00+02:00,0.05109,0.037975,0.05083,0.0
2017-10-24 09:35:00+02:00,0.05524,0.035614,0.050752,0.0
2017-10-24 09:36:00+02:00,0.05986,0.03643,0.050648,0.0
2017-10-24 09:37:00+02:00,0.06187,0.037372,0.050544,0.0
2017-10-24 09:38:00+02:00,0.07407,0.036947,0.050466,0.0
2017-10-24 09:39:00+02:00,0.08883,0.036412,0.050362,0.0
2017-10-24 09:40:00+02:00,0.0789,0.037285,0.050284,0.0
2017-10-24 09:41:00+02:00,0.07654,0.034701,0.05018,0.0
2017-10-24 09:42:00+02:00,0.07564,0.033713,0.050102,0.0
2017-10-24 09:43:00+02:00,0.07747,0.031913,0.049998,0.0
2017-10-24 09:44:00+02:00,0.07427,0.029034,0.04992,0.0
2017-10-24 09:45:00+02:00,0.06432,0.026745,0.049816,0.0
2017-10-24 09:46:00+02:00,0.06674,0.02612,0.049712,0.0
2017-10-24 09:47:00+02:00,0.0713,0.025245,0.049608,0.0
2017-10-24 09:48:00+02:00,0.07799,0.024035,0.049504,0.0
2017-10-24 09:49:00+02:00,0.07675,0.023551,0.049426,0.0
2017-10-24 09:50:00+02:00,0.09039,0.021858,0.049348,0.0
2017-10-24 09:51:00+02:00,0.07639,0.021915,0.049244,0.0
2017-10-24 09:52:00+02:00,0.07083,0.024084,0.04914,0.0
2017-10-24 09:53:00+02:00,0.06628,0.024354,0.049062,0.0
2017-10-24 09:54:00+02:00,0.06821,0.025754,0.048984,0.0
2017-10-24 09:55:00+02:00,0.06569,0.025888,0.04888,0.0
2017-10-24 09:56:00+02:00,0.06807,0.026373,0.048776,0.0
2017-10-24 09:57:00+02:00,0.06906,0.027676,0.048672,0.0
2017-10-24 09:58:00+02:00,0.0664,0.028768,0.04862,0.0
2017-10-24 09:59:00+02:00,0.06943,0.028606,0.048516,0.0
2017-10-24 10:00:00+02:00,0.07392,0.028718,0.048412,0.011
2017-10-24 10:01:00+02:00,0.07866,0.028939,0.048308,0.011
2017-10-24 10:02:00+02:00,0.08506,0.031535,0.048256,0.011
2017-10-24 10:03:00+02:00,0.08761,0.033798,0.048152,0.011
2017-10-24 10:04:00+02:00,0.08464,0.036796,0.048048,0.011
2017-10-24 10:05:00+02:00,0.0748,0.040022,0.04797,0.011
2017-10-24 10:06:00+02:00,0.0733,0.042848,0.047892,0.011
2017-10-24 10:07:00+02:00,0.07021,0.047553,0.047788,0.011
2017-10-24 10:08:00+02:00,0.07416,0.05154,0.04771,0.011
2017-10-24 10:09:00+02:00,0.0809,0.054051,0.047606,0.011
2017-10-24 10:10:00+02:00,0.09652,0.055094,0.047528,0.011
2017-10-24 10:11:00+02:00,0.09187,0.058322,0.04745,0.011
2017-10-24 10:12:00+02:00,0.07837,0.058097,0.047372,0.011
2017-10-24 10:13:00+02:00,0.07329,0.05711,0.047268,0.011
2017-10-24 10:14:00+02:00,0.07949,0.062638,0.04719,0.011
2017-10-24 10:15:00+02:00,0.0788,0.068802,0.047112,0.011
2017-10-24 10:16:00+02:00,0.08858,0.065664,0.047008,0.011
2017-10-24 10:17:00+02:00,0.08412,0.066847,0.046904,0.011
2017-10-24 10:18:00+02:00,0.08295,0.072907,0.046826,0.011
2017-10-24 10:19:00+02:00,0.07793,0.08044,0.046748,0.011
2017-10-24 10:20:00+02:00,0.07291,0.083374,0.046644,0.011
2017-10-24 10:21:00+02:00,0.08085,0.079817,0.04654,0.011
2017-10-24 10:22:00+02:00,0.07485,0.072609,0.046488,0.011
2017-10-24 10:23:00+02:00,0.07266,0.068717,0.046384,0.011
2017-10-24 10:24:00+02:00,0.07545,0.071426,0.04628,0.011
2017-10-24 10:25:00+02:00,0.07232,0.075529,0.046228,0.011
2017-10-24 10:26:00+02:00,0.07287,0.079231,0.046124,0.011
2017-10-24 10:27:00+02:00,0.07408,0.081507,0.046046,0.011
2017-10-24 10:28:00+02:00,0.06805,0.090924,0.045942,0.011
2017-10-24 10:29:00+02:00,0.06803,0.092944,0.04589,0.011
2017-10-24 10:30:00+02:00,0.06719,0.096431,0.045786,0.011
2017-10-24 10:31:00+02:00,0.06364,0.094941,0.045682,0.011
2017-10-24 10:32:00+02:00,0.06464,0.088469,0.045604,0.011
2017-10-24 10:33:00+02:00,0.06337,0.084522,0.045526,0.011
2017-10-24 10:34:00+02:00,0.05695,0.090794,0.045422,0.011
2017-10-24 10:35:00+02:00,0.0642,0.099051,0.045344,0.011
2017-10-24 10:36:00+02:00,0.06627,0.115125,0.045266,0.011
2017-10-24 10:37:00+02:00,0.06893,0.13657,0.045188,0.011
2017-10-24 10:38:00+02:00,0.0702,0.129875,0.045084,0.011
2017-10-24 10:39:00+02:00,0.0632,0.121489,0.045006,0.011
2017-10-24 10:40:00+02:00,0.06581,0.11908,0.044902,0.011
2017-10-24 10:41:00+02:00,0.07099,0.122932,0.044824,0.011
2017-10-24 10:42:00+02:00,0.07164,0.130124,0.044746,0.011
2017-10-24 10:43:00+02:00,0.07226,0.132852,0.044668,0.011
2017-10-24 10:44:00+02:00,0.07851,0.150128,0.04459,0.011
2017-10-24 10:45:00+02:00,0.07723,0.159781,0.044486,0.011
2017-10-24 10:46:00+02:00,0.07699,0.150146,0.044408,0.011
2017-10-24 10:47:00+02:00,0.07737,0.132245,0.044304,0.011
2017-10-24 10:48:00+02:00,0.07202,0.122259,0.044226,0.011
2017-10-24 10:49:00+02:00,0.07817,0.120551,0.044148,0.011
2017-10-24 10:50:00+02:00,0.0834,0.119692,0.044044,0.011
2017-10-24 10:51:00+02:00,0.08475,0.109855,0.04394,0.011
2017-10-24 10:52:00+02:00,0.08339,0.112174,0.043888,0.011
2017-10-24 10:53:00+02:00,0.08342,0.117431,0.043784,0.011
2017-10-24 10:54:00+02:00,0.08038,0.121323,0.04368,0.011
2017-10-24 10:55:00+02:00,0.07832,0.121276,0.043576,0.011
2017-10-24 10:56:00+02:00,0.08281,0.12135,0.043524,0.011
2017-10-24 10:57:00+02:00,0.09514,0.114121,0.04342,0.011
2017-10-24 10:58:00+02:00,0.09356,0.112208,0.043316,0.011
2017-10-24 10:59:00+02:00,0.08274,0.12229,0.043264,0.011
2017-10-24 11:00:00+02:00,0.11351,0.151232,0.043186,0.022
2017-10-24 11:01:00+02:00,0.11721,0.185088,0.043082,0.022
2017-10-24 11:02:00+02:00,0.12404,0.203552,0.043004,0.022
2017-10-24 11:03:00+02:00,0.11279,0.232543,0.042926,0.022
2017-10-24 11:04:00+02:00,0.11254,0.264294,0.042822,0.022
2017-10-24 11:05:00+02:00,0.09897,0.249329,0.042718,0.022
2017-10-24 11:06:00+02:00,0.08848,0.235268,0.04264,0.022
2017-10-24 11:07:00+02:00,0.08897,0.242816,0.042562,0.022
2017-10-24 11:08:00+02:00,0.09301,0.237178,0.042458,0.017007
2017-10-24 11:09:00+02:00,0.10028,0.222932,0.04238,0.00102
2017-10-24 11:10:00+02:00,0.10944,0.223694,0.042328,0.0
2017-10-24 11:11:00+02:00,0.10647,0.237783,0.042224,0.0
2017-10-24 11:12:00+02:00,0.10796,0.241824,0.042172,0.0
2017-10-24 11:13:00+02:00,0.09788,0.239244,0.042068,0.0
2017-10-24 11:14:00+02:00,0.09382,0.238567,0.04199,0.0
2017-10-24 11:15:00+02:00,0.0922,0.235709,0.041912,0.0
2017-10-24 11:16:00+02:00,0.08794,0.235338,0.041808,0.0
2017-10-24 11:17:00+02:00,0.08237,0.253395,0.04173,0.0
2017-10-24 11:18:00+02:00,0.08288,0.262266,0.041652,0.0
2017-10-24 11:19:00+02:00,0.09318,0.237329,0.041548,0.0
2017-10-24 11:20:00+02:00,0.08615,0.224653,0.04147,0.0
2017-10-24 11:21:00+02:00,0.08008,0.232828,0.041418,0.0
2017-10-24 11:22:00+02:00,0.09184,0.239238,0.041314,0.0
2017-10-24 11:23:00+02:00,0.09865,0.250446,0.04121,0.0
2017-10-24 11:24:00+02:00,0.09573,0.286558,0.041158,0.0
2017-10-24 11:25:00+02:00,0.09049,0.308712,0.041054,0.0
2017-10-24 11:26:00+02:00,0.0949,0.312352,0.04095,0.0
2017-10-24 11:27:00+02:00,0.08601,0.30473,0.040898,0.0
2017-10-24 11:28:00+02:00,0.0814,0.30112,0.040794,0.0
2017-10-24 11:29:00+02:00,0.07928,0.290986,0.04069,0.0
2017-10-24 11:30:00+02:00,0.07573,0.279545,0.040664,0.0
2017-10-24 11:31:00+02:00,0.07681,0.264496,0.040586,0.0
2017-10-24 11:32:00+02:00,0.07999,0.264456,0.040482,0.0
2017-10-24 11:33:00+02:00,0.07323,0.287192,0.040404,0.0
2017-10-24 11:34:00+02:00,0.07777,0.315689,0.040326,0.0
2017-10-24 11:35:00+02:00,0.08497,0.307401,0.040222,0.0
2017-10-24 11:36:00+02:00,0.09836,0.291132,0.040144,0.0
2017-10-24 11:37:00+02:00,0.10979,0.281283,0.04004,0.0
2017-10-24 11:38:00+02:00,0.12316,0.276194,0.039962,0.0
2017-10-24 11:39:00+02:00,0.12538,0.271327,0.039858,0.0
2017-10-24 11:40:00+02:00,0.11062,0.284548,0.03978,0.0
2017-10-24 11:41:00+02:00,0.09854,0.280464,0.039728,0.0
2017-10-24 11:42:00+02:00,0.09806,0.267114,0.039624,0.0
2017-10-24 11:43:00+02:00,0.09995,0.241674,0.039546,0.0
2017-10-24 11:44:00+02:00,0.09856,0.232833,0.039442,0.0
2017-10-24 11:45:00+02:00,0.0954,0.224236,0.039364,0.011
2017-10-24 11:46:00+02:00,0.09561,0.192348,0.039286,0.011
2017-10-24 11:47:00+02:00,0.09828,0.154836,0.039182,0.011
2017-10-24 11:48:00+02:00,0.10827,0.134892,0.03913,0.011
2017-10-24 11:49:00+02:00,0.11142,0.130309,0.039052,0.011
2017-10-24 11:50:00+02:00,0.1265,0.125968,0.038948,0.011
2017-10-24 11:51:00+02:00,0.12497,0.121576,0.03887,0.011
2017-10-24 11:52:00+02:00,0.10775,0.109756,0.038818,0.011
2017-10-24 11:53:00+02:00,0.11473,0.095661,0.038714,0.011
2017-10-24 11:54:00+02:00,0.12206,0.082215,0.03861,0.011
2017-10-24 11:55:00+02:00,0.12639,0.066204,0.038558,0.011
2017-10-24 11:56:00+02:00,0.12342,0.056182,0.038454,0.011
2017-10-24 11:57:00+02:00,0.11942,0.051875,0.03835,0.011
2017-10-24 11:58:00+02:00,0.13498,0.060514,0.038298,0.011
2017-10-24 11:59:00+02:00,0.14467,0.071455,0.038194,0.011
2017-10-24 12:00:00+02:00,0.14025,0.084237,0.03809,0.011
2017-10-24 12:01:00+02:00,0.14213,0.090116,0.038038,0.011
2017-10-24 12:02:00+02:00,0.13829,0.090461,0.037986,0.011
2017-10-24 12:03:00+02:00,0.1404,0.088723,0.03796,0.011
2017-10-24 12:04:00+02:00,0.12957,0.086614,0.037908,0.011
2017-10-24 12:05:00+02:00,0.1085,0.083517,0.037882,0.011
2017-10-24 12:06:00+02:00,0.11805,0.077821,0.037856,0.011
2017-10-24 12:07:00+02:00,0.11989,0.078706,0.037804,0.011
2017-10-24 12:08:00+02:00,0.11462,0.08025,0.037752,0.011
2017-10-24 12:09:00+02:00,0.11687,0.071602,0.037726,0.011
2017-10-24 12:10:00+02:00,0.11662,0.062489,0.037674,0.011
2017-10-24 12:11:00+02:00,0.1163,0.060633,0.037622,0.011
2017-10-24 12:12:00+02:00,0.11953,0.066209,0.037596,0.011
2017-10-24 12:13:00+02:00,0.11165,0.079288,0.03757,0.011
2017-10-24 12:14:00+02:00,0.11869,0.088937,0.037544,0.011
2017-10-24 12:15:00+02:00,0.12197,0.087554,0.037492,0.011
2017-10-24 12:16:00+02:00,0.11774,0.091152,0.037466,0.011
2017-10-24 12:17:00+02:00,0.11099,0.111018,0.037414,0.011
2017-10-24 12:18:00+02:00,0.11624,0.130268,0.037388,0.011
2017-10-24 12:19:00+02:00,0.12286,0.130807,0.037336,0.011
2017-10-24 12:20:00+02:00,0.1143,0.131812,0.03731,0.011
2017-10-24 12:21:00+02:00,0.09454,0.140245,0.037258,0.011
2017-10-24 12:22:00+02:00,0.09422,0.157087,0.037232,0.011
2017-10-24 12:23:00+02:00,0.09558,0.17988,0.03718,0.011
2017-10-24 12:24:00+02:00,0.10366,0.190922,0.037128,0.011
2017-10-24 12:25:00+02:00,0.12015,0.185962,0.037128,0.011
2017-10-24 12:26:00+02:00,0.11684,0.184851,0.03705,0.011
2017-10-24 12:27:00+02:00,0.11052,0.202543,0.03705,0.011
2017-10-24 12:28:00+02:00,0.10202,0.213374,0.036998,0.011
2017-10-24 12:29:00+02:00,0.10568,0.217255,0.036946,0.011
2017-10-24 12:30:00+02:00,0.11867,0.202197,0.036946,0.011
2017-10-24 12:31:00+02:00,0.11473,0.206294,0.036868,0.011
2017-10-24 12:32:00+02:00,0.11692,0.210023,0.036842,0.011
2017-10-24 12:33:00+02:00,0.11724,0.204241,0.03679,0.011
2017-10-24 12:34:00+02:00,0.12458,0.209163,0.036764,0.011
2017-10-24 12:35:00+02:00,0.12668,0.203215,0.036686,0.011
2017-10-24 12:36:00+02:00,0.12415,0.185258,0.036686,0.009947
2017-10-24 12:37:00+02:00,0.12558,0.148408,0.03666,0.0
2017-10-24 12:38:00+02:00,0.12682,0.133151,0.036582,0.0
2017-10-24 12:39:00+02:00,0.12363,0.158875,0.036582,0.0
2017-10-24 12:40:00+02:00,0.13243,0.181711,0.036504,0.0
2017-10-24 12:41:00+02:00,0.12908,0.188335,0.036478,0.0
2017-10-24 12:42:00+02:00,0.13318,0.205071,0.036452,0.0
2017-10-24 12:43:00+02:00,0.12341,0.221226,0.036426,0.0
2017-10-24 12:44:00+02:00,0.11803,0.239372,0.036374,0.0
2017-10-24 12:45:00+02:00,0.11723,0.257743,0.036322,0.0
2017-10-24 12:46:00+02:00,0.11707,0.25558,0.036322,0.0
2017-10-24 12:47:00+02:00,0.11311,0.257549,0.036244,0.0
2017-10-24 12:48:00+02:00,0.10685,0.26449,0.036218,0.0
2017-10-24 12:49:00+02:00,0.10841,0.251291,0.036192,0.0
2017-10-24 12:50:00+02:00,0.11237,0.240767,0.036114,0.0
2017-10-24 12:51:00+02:00,0.12333,0.238472,0.036114,0.0
2017-10-24 12:52:00+02:00,0.13032,0.237404,0.036062,0.0
2017-10-24 12:53:00+02:00,0.12146,0.227285,0.03601,0.0
2017-10-24 12:54:00+02:00,0.10895,0.22445,0.035984,0.0
2017-10-24 12:55:00+02:00,0.12238,0.225066,0.035958,0.0
2017-10-24 12:56:00+02:00,0.12772,0.21777,0.03588,0.0
2017-10-24 12:57:00+02:00,0.12316,0.192152,0.035854,0.0
2017-10-24 12:58:00+02:00,0.1244,0.178248,0.035828,0.0
2017-10-24 12:59:00+02:00,0.13612,0.180142,0.035802,0.0
2017-10-24 13:00:00+02:00,0.13913,0.171353,0.03575,0.0
2017-10-24 13:01:00+02:00,0.14018,0.153517,0.035724,0.0
2017-10-24 13:02:00+02:00,0.13584,0.138264,0.035698,0.0
2017-10-24 13:03:00+02:00,0.12562,0.150783,0.035646,0.0
2017-10-24 13:04:00+02:00,0.12207,0.1661,0.03562,0.0
2017-10-24 13:05:00+02:00,0.11534,0.167832,0.035594,0.0
2017-10-24 13:06:00+02:00,0.12147,0.173584,0.035594,0.0
2017-10-24 13:07:00+02:00,0.12469,0.179299,0.035542,0.0
2017-10-24 13:08:00+02:00,0.12287,0.182838,0.035516,0.0
2017-10-24 13:09:00+02:00,0.12833,0.18177,0.03549,0.0
2017-10-24 13:10:00+02:00,0.1181,0.177419,0.035464,0.0
2017-10-24 13:11:00+02:00,0.11059,0.179588,0.035438,0.0
2017-10-24 13:12:00+02:00,0.11186,0.182496,0.035386,0.0
2017-10-24 13:13:00+02:00,0.11381,0.202601,0.03536,0.0
2017-10-24 13:14:00+02:00,0.12086,0.223185,0.03536,0.0
2017-10-24 13:15:00+02:00,0.12018,0.235185,0.035334,0.0
2017-10-24 13:16:00+02:00,0.10639,0.22902,0.035282,0.0
2017-10-24 13:17:00+02:00,0.10362,0.21705,0.035256,0.0
2017-10-24 13:18:00+02:00,0.10934,0.201134,0.035256,0.0
2017-10-24 13:19:00+02:00,0.11992,0.26757,0.035204,0.0
2017-10-24 13:20:00+02:00,0.11051,0.347484,0.035178,0.0
2017-10-24 13:21:00+02:00,0.1069,0.504338,0.035152,0.0
2017-10-24 13:22:00+02:00,0.09975,0.624639,0.035126,0.0
2017-10-24 13:23:00+02:00,0.0956,0.689565,0.0351,0.0
2017-10-24 13:24:00+02:00,0.09852,0.749707,0.035074,0.0
2017-10-24 13:25:00+02:00,0.10472,0.715573,0.035022,0.0
2017-10-24 13:26:00+02:00,0.09965,0.673251,0.034996,0.0
2017-10-24 13:27:00+02:00,0.09928,0.581012,0.034996,0.0
2017-10-24 13:28:00+02:00,0.09778,0.484063,0.03497,0.0
2017-10-24 13:29:00+02:00,0.09867,0.423479,0.034918,0.0
2017-10-24 13:30:00+02:00,0.10171,0.402181,0.034892,0.022
2017-10-24 13:31:00+02:00,0.09588,0.407489,0.034892,0.022
2017-10-24 13:32:00+02:00,0.10116,0.421458,0.034814,0.022
2017-10-24 13:33:00+02:00,0.10792,0.476055,0.034814,0.022
2017-10-24 13:34:00+02:00,0.10389,0.509992,0.034788,0.022
2017-10-24 13:35:00+02:00,0.09911,0.488803,0.034736,0.022
2017-10-24 13:36:00+02:00,0.10139,0.482365,0.034736,0.022
2017-10-24 13:37:00+02:00,0.1006,0.478307,0.03471,0.022
2017-10-24 13:38:00+02:00,0.09815,0.578508,0.034684,0.022
2017-10-24 13:39:00+02:00,0.10359,0.575547,0.034632,0.022
2017-10-24 13:40:00+02:00,0.0957,0.557293,0.034632,0.022
2017-10-24 13:41:00+02:00,0.09939,0.659169,0.03458,0.022
2017-10-24 13:42:00+02:00,0.09936,0.590399,0.034554,0.022
2017-10-24 13:43:00+02:00,0.09087,0.459345,0.034528,0.021473
2017-10-24 13:44:00+02:00,0.08656,0.402849,0.034528,0.011
2017-10-24 13:45:00+02:00,0.09204,0.342758,0.03445,0.033
2017-10-24 13:46:00+02:00,0.0883,0.324014,0.03445,0.033
2017-10-24 13:47:00+02:00,0.09309,0.296744,0.03445,0.033
2017-10-24 13:48:00+02:00,0.09774,0.263441,0.034372,0.033
2017-10-24 13:49:00+02:00,0.10071,0.26311,0.034346,0.033
2017-10-24 13:50:00+02:00,0.10473,0.278322,0.034346,0.033
2017-10-24 13:51:00+02:00,0.11234,0.276329,0.03432,0.033
2017-10-24 13:52:00+02:00,0.12227,0.271485,0.034268,0.033
2017-10-24 13:53:00+02:00,0.12202,0.257884,0.034242,0.033
2017-10-24 13:54:00+02:00,0.12096,0.272436,0.034216,0.033
2017-10-24 13:55:00+02:00,0.11567,0.295662,0.03419,0.033
2017-10-24 13:56:00+02:00,0.12116,0.309758,0.034164,0.033
2017-10-24 13:57:00+02:00,0.11573,0.317115,0.034138,0.033
2017-10-24 13:58:00+02:00,0.11033,0.315868,0.034086,0.03132
2017-10-24 13:59:00+02:00,0.10452,0.294502,0.034086,0.022
2017-10-24 14:00:00+02:00,0.10835,0.282033,0.03406,0.033
2017-10-24 14:01:00+02:00,0.11277,0.249037,0.034034,0.033
2017-10-24 14:02:00+02:00,0.1152,0.228461,0.033982,0.033
2017-10-24 14:03:00+02:00,0.10996,0.23264,0.033982,0.033
2017-10-24 14:04:00+02:00,0.11406,0.253054,0.033982,0.033
2017-10-24 14:05:00+02:00,0.12083,0.255996,0.033982,0.033
2017-10-24 14:06:00+02:00,0.11543,0.273033,0.033956,0.033
2017-10-24 14:07:00+02:00,0.12286,0.323008,0.033956,0.033
2017-10-24 14:08:00+02:00,0.10825,0.499915,0.033956,0.033
2017-10-24 14:09:00+02:00,0.09944,0.870282,0.033956,0.033
2017-10-24 14:10:00+02:00,0.11537,0.744302,0.03393,0.033
2017-10-24 14:11:00+02:00,0.11604,0.852744,0.033904,0.033
2017-10-24 14:12:00+02:00,0.11523,0.625719,0.033904,0.033
2017-10-24 14:13:00+02:00,0.12098,0.442694,0.033878,0.033
2017-10-24 14:14:00+02:00,0.12625,0.644924,0.033852,0.033
2017-10-24 14:15:00+02:00,0.11668,0.904336,0.033852,0.033
2017-10-24 14:16:00+02:00,0.11003,0.945605,0.033852,0.033
2017-10-24 14:17:00+02:00,0.10671,0.889522,0.033852,0.033
2017-10-24 14:18:00+02:00,0.10264,0.885857,0.033826,0.033
2017-10-24 14:19:00+02:00,0.09592,0.786031,0.033826,0.033
2017-10-24 14:20:00+02:00,0.09052,0.500844,0.033826,0.033
2017-10-24 14:21:00+02:00,0.0839,0.644609,0.0338,0.033
2017-10-24 14:22:00+02:00,0.08102,0.938946,0.033774,0.033
2017-10-24 14:23:00+02:00,0.08612,0.91856,0.033748,0.033
2017-10-24 14:24:00+02:00,0.08985,0.84301,0.033748,0.033
2017-10-24 14:25:00+02:00,0.0894,0.66241,0.033748,0.033
2017-10-24 14:26:00+02:00,0.09516,0.612103,0.033722,0.033
2017-10-24 14:27:00+02:00,0.10814,0.367826,0.033722,0.033
2017-10-24 14:28:00+02:00,0.10473,0.390486,0.033722,0.033
2017-10-24 14:29:00+02:00,0.1052,0.366287,0.033696,0.029667
2017-10-24 14:30:00+02:00,0.0992,0.381406,0.033696,0.044
2017-10-24 14:31:00+02:00,0.09596,0.503768,0.033696,0.044
2017-10-24 14:32:00+02:00,0.0953,0.930783,0.03367,0.042407
2017-10-24 14:33:00+02:00,0.0951,0.837818,0.033644,0.033
2017-10-24 14:34:00+02:00,0.09445,0.634368,0.033618,0.033
2017-10-24 14:35:00+02:00,0.0961,0.474257,0.033618,0.033
2017-10-24 14:36:00+02:00,0.09253,0.412584,0.033618,0.033
2017-10-24 14:37:00+02:00,0.0869,0.38598,0.033592,0.033
2017-10-24 14:38:00+02:00,0.09546,0.423722,0.033592,0.033
2017-10-24 14:39:00+02:00,0.09698,0.521539,0.033592,0.033
2017-10-24 14:40:00+02:00,0.08605,0.495101,0.033592,0.033
2017-10-24 14:41:00+02:00,0.08873,0.441981,0.033592,0.033
2017-10-24 14:42:00+02:00,0.09067,0.353814,0.033566,0.033
2017-10-24 14:43:00+02:00,0.09065,0.30394,0.033514,0.033
2017-10-24 14:44:00+02:00,0.09042,0.280228,0.033514,0.033
2017-10-24 14:45:00+02:00,0.09161,0.27403,0.033488,0.044
2017-10-24 14:46:00+02:00,0.09471,0.25892,0.033488,0.044
2017-10-24 14:47:00+02:00,0.10181,0.256007,0.033488,0.044
2017-10-24 14:48:00+02:00,0.10781,0.249078,0.033488,0.044
2017-10-24 14:49:00+02:00,0.10858,0.225912,0.033488,0.044
2017-10-24 14:50:00+02:00,0.10448,0.213215,0.033462,0.044
2017-10-24 14:51:00+02:00,0.10386,0.216152,0.033462,0.044
2017-10-24 14:52:00+02:00,0.10013,0.21662,0.033436,0.044
2017-10-24 14:53:00+02:00,0.09253,0.204595,0.033436,0.044
2017-10-24 14:54:00+02:00,0.0949,0.208105,0.033384,0.044
2017-10-24 14:55:00+02:00,0.09817,0.217904,0.033384,0.044
2017-10-24 14:56:00+02:00,0.09879,0.221388,0.033384,0.044
2017-10-24 14:57:00+02:00,0.09316,0.229957,0.033384,0.044
2017-10-24 14:58:00+02:00,0.09087,0.241374,0.033358,0.044
2017-10-24 14:59:00+02:00,0.08466,0.232326,0.033358,0.044
2017-10-24 15:00:00+02:00,0.08874,0.244992,0.033332,0.072733
2017-10-24 15:01:00+02:00,0.09198,0.279997,0.033332,0.066
2017-10-24 15:02:00+02:00,0.09563,0.314607,0.033358,0.066
2017-10-24 15:03:00+02:00,0.09261,0.327209,0.033358,0.066
2017-10-24 15:04:00+02:00,0.09383,0.334357,0.033384,0.066
2017-10-24 15:05:00+02:00,0.08826,0.348773,0.033384,0.066
2017-10-24 15:06:00+02:00,0.08296,0.352415,0.03341,0.066
2017-10-24 15:07:00+02:00,0.08252,0.356816,0.033462,0.066
2017-10-24 15:08:00+02:00,0.09053,0.36848,0.033462,0.066
2017-10-24 15:09:00+02:00,0.09104,0.34929,0.033488,0.066
2017-10-24 15:10:00+02:00,0.09359,0.334518,0.033488,0.066
2017-10-24 15:11:00+02:00,0.09144,0.326396,0.033488,0.061987
2017-10-24 15:12:00+02:00,0.08903,0.325716,0.033514,0.052753
2017-10-24 15:13:00+02:00,0.09295,0.318783,0.033566,0.044
2017-10-24 15:14:00+02:00,0.08466,0.301184,0.033592,0.044
2017-10-24 15:15:00+02:00,0.08569,0.301687,0.033592,0.055
2017-10-24 15:16:00+02:00,0.09182,0.330718,0.033592,0.055
2017-10-24 15:17:00+02:00,0.09074,0.345465,0.033618,0.055
2017-10-24 15:18:00+02:00,0.09632,0.367785,0.033618,0.055
2017-10-24 15:19:00+02:00,0.09218,0.343268,0.03367,0.055
2017-10-24 15:20:00+02:00,0.10283,0.337197,0.033696,0.055
2017-10-24 15:21:00+02:00,0.0913,0.351357,0.033696,0.049247
2017-10-24 15:22:00+02:00,0.08141,0.341148,0.033722,0.044
2017-10-24 15:23:00+02:00,0.08481,0.297883,0.033722,0.044
2017-10-24 15:24:00+02:00,0.08625,0.279885,0.033748,0.044
2017-10-24 15:25:00+02:00,0.09416,0.268361,0.033748,0.044
2017-10-24 15:26:00+02:00,0.08442,0.272471,0.033774,0.044
2017-10-24 15:27:00+02:00,0.07643,0.292506,0.033826,0.044
2017-10-24 15:28:00+02:00,0.07393,0.295786,0.033826,0.044
2017-10-24 15:29:00+02:00,0.07566,0.292335,0.033852,0.044
2017-10-24 15:30:00+02:00,0.07588,0.282332,0.033852,0.066
2017-10-24 15:31:00+02:00,0.07398,0.284251,0.033852,0.066
2017-10-24 15:32:00+02:00,0.08105,0.284118,0.033904,0.066
2017-10-24 15:33:00+02:00,0.08951,0.271959,0.033904,0.066
2017-10-24 15:34:00+02:00,0.08853,0.266204,0.033956,0.06468
2017-10-24 15:35:00+02:00,0.08058,0.275091,0.033956,0.055
2017-10-24 15:36:00+02:00,0.07846,0.266522,0.033956,0.044773
2017-10-24 15:37:00+02:00,0.08318,0.265536,0.033982,0.044
2017-10-24 15:38:00+02:00,0.08705,0.265952,0.033982,0.044
2017-10-24 15:39:00+02:00,0.08857,0.265717,0.034034,0.044
2017-10-24 15:40:00+02:00,0.08473,0.260251,0.03406,0.044
2017-10-24 15:41:00+02:00,0.0844,0.260566,0.034086,0.044
2017-10-24 15:42:00+02:00,0.08251,0.252295,0.034086,0.044
2017-10-24 15:43:00+02:00,0.08104,0.250798,0.034086,0.044
2017-10-24 15:44:00+02:00,0.07971,0.256679,0.034086,0.044
2017-10-24 15:45:00+02:00,0.08077,0.256381,0.034138,0.077
2017-10-24 15:46:00+02:00,0.08084,0.25362,0.034164,0.077
2017-10-24 15:47:00+02:00,0.08311,0.254597,0.03419,0.077
2017-10-24 15:48:00+02:00,0.08209,0.25985,0.03419,0.077
2017-10-24 15:49:00+02:00,0.07941,0.267617,0.03419,0.077
2017-10-24 15:50:00+02:00,0.07279,0.273661,0.034216,0.077
2017-10-24 15:51:00+02:00,0.07266,0.271591,0.034242,0.077
2017-10-24 15:52:00+02:00,0.0776,0.270333,0.034268,0.077
2017-10-24 15:53:00+02:00,0.07898,0.269235,0.034268,0.077
2017-10-24 15:54:00+02:00,0.08116,0.252945,0.034294,0.077
2017-10-24 15:55:00+02:00,0.07268,0.236179,0.03432,0.077
2017-10-24 15:56:00+02:00,0.0729,0.235588,0.034346,0.077
2017-10-24 15:57:00+02:00,0.07632,0.214687,0.034346,0.077
2017-10-24 15:58:00+02:00,0.07846,0.204284,0.034372,0.067073
2017-10-24 15:59:00+02:00,0.08054,0.20071,0.034372,0.066
2017-10-24 16:00:00+02:00,0.07693,0.210617,0.034398,0.077
2017-10-24 16:01:00+02:00,0.07212,0.224099,0.03445,0.075707
2017-10-24 16:02:00+02:00,0.07366,0.205514,0.03445,0.066
2017-10-24 16:03:00+02:00,0.07839,0.205785,0.034502,0.066
2017-10-24 16:04:00+02:00,0.08395,0.20271,0.034554,0.066
2017-10-24 16:05:00+02:00,0.07914,0.18706,0.034554,0.066
2017-10-24 16:06:00+02:00,0.07037,0.180974,0.034632,0.066
2017-10-24 16:07:00+02:00,0.06731,0.172484,0.034632,0.066
2017-10-24 16:08:00+02:00,0.07036,0.155928,0.03471,0.066
2017-10-24 16:09:00+02:00,0.07178,0.147104,0.034736,0.066
2017-10-24 16:10:00+02:00,0.07545,0.140087,0.034736,0.066
2017-10-24 16:11:00+02:00,0.07526,0.136656,0.034814,0.066
2017-10-24 16:12:00+02:00,0.07641,0.130298,0.03484,0.064253
2017-10-24 16:13:00+02:00,0.07911,0.127042,0.034892,0.055
2017-10-24 16:14:00+02:00,0.07724,0.125278,0.034918,0.055
2017-10-24 16:15:00+02:00,0.07566,0.123599,0.034944,0.077
2017-10-24 16:16:00+02:00,0.07866,0.121817,0.034996,0.077
2017-10-24 16:17:00+02:00,0.08206,0.121193,0.034996,0.077
2017-10-24 16:18:00+02:00,0.07557,0.120642,0.035074,0.077
2017-10-24 16:19:00+02:00,0.07351,0.117771,0.0351,0.077
2017-10-24 16:20:00+02:00,0.07838,0.116434,0.035152,0.077
2017-10-24 16:21:00+02:00,0.08309,0.115072,0.035178,0.077
2017-10-24 16:22:00+02:00,0.08264,0.11238,0.03523,0.073167
2017-10-24 16:23:00+02:00,0.08814,0.112339,0.035256,0.055687
2017-10-24 16:24:00+02:00,0.09089,0.109391,0.035282,0.055
2017-10-24 16:25:00+02:00,0.08925,0.105349,0.03536,0.055
2017-10-24 16:26:00+02:00,0.09164,0.102565,0.03536,0.055
2017-10-24 16:27:00+02:00,0.0928,0.10056,0.035412,0.055
2017-10-24 16:28:00+02:00,0.09614,0.098576,0.035464,0.055
2017-10-24 16:29:00+02:00,0.09487,0.09588,0.035464,0.055
2017-10-24 16:30:00+02:00,0.09104,0.091715,0.035516,0.099
2017-10-24 16:31:00+02:00,0.09427,0.087073,0.035568,0.099
2017-10-24 16:32:00+02:00,0.08764,0.082988,0.035594,0.099
2017-10-24 16:33:00+02:00,0.0926,0.079037,0.03562,0.099
2017-10-24 16:34:00+02:00,0.09191,0.076436,0.035698,0.099
2017-10-24 16:35:00+02:00,0.09013,0.074365,0.035724,0.099
2017-10-24 16:36:00+02:00,0.09487,0.074243,0.035724,0.099
2017-10-24 16:37:00+02:00,0.09622,0.070687,0.035802,0.099
2017-10-24 16:38:00+02:00,0.1017,0.06886,0.035828,0.099
2017-10-24 16:39:00+02:00,0.10113,0.067114,0.035854,0.099
2017-10-24 16:40:00+02:00,0.1071,0.065678,0.03588,0.099
2017-10-24 16:41:00+02:00,0.11026,0.065363,0.035958,0.099
2017-10-24 16:42:00+02:00,0.10436,0.063924,0.035958,0.099
2017-10-24 16:43:00+02:00,0.09639,0.063665,0.035984,0.084033
2017-10-24 16:44:00+02:00,0.09717,0.062761,0.036062,0.077
2017-10-24 16:45:00+02:00,0.08454,0.06327,0.036088,0.11
2017-10-24 16:46:00+02:00,0.08586,0.06141,0.036114,0.10884
2017-10-24 16:47:00+02:00,0.08864,0.061293,0.036166,0.099
2017-10-24 16:48:00+02:00,0.08213,0.060355,0.036218,0.099
2017-10-24 16:49:00+02:00,0.08796,0.057865,0.036218,0.099
2017-10-24 16:50:00+02:00,0.08331,0.055912,0.036296,0.099
2017-10-24 16:51:00+02:00,0.07763,0.055652,0.036322,0.099
2017-10-24 16:52:00+02:00,0.08143,0.052865,0.036322,0.099
2017-10-24 16:53:00+02:00,0.0825,0.050683,0.0364,0.099
2017-10-24 16:54:00+02:00,0.08007,0.047355,0.036426,0.099
2017-10-24 16:55:00+02:00,0.08521,0.046224,0.036478,0.099
2017-10-24 16:56:00+02:00,0.08638,0.043845,0.036504,0.099
2017-10-24 16:57:00+02:00,0.0792,0.04202,0.03653,0.099
2017-10-24 16:58:00+02:00,0.08359,0.039797,0.036582,0.099
2017-10-24 16:59:00+02:00,0.0842,0.038026,0.036608,0.094787
2017-10-24 17:00:00+02:00,0.08634,0.036424,0.036686,0.121
2017-10-24 17:01:00+02:00,0.08483,0.034005,0.036686,0.12086
2017-10-24 17:02:00+02:00,0.08421,0.032239,0.036764,0.11
2017-10-24 17:03:00+02:00,0.08719,0.029907,0.03679,0.11
2017-10-24 17:04:00+02:00,0.09182,0.028419,0.036868,0.11
2017-10-24 17:05:00+02:00,0.09887,0.02877,0.03692,0.11
2017-10-24 17:06:00+02:00,0.09843,0.02679,0.036972,0.11
2017-10-24 17:07:00+02:00,0.0925,0.025136,0.03705,0.11
2017-10-24 17:08:00+02:00,0.0944,0.023239,0.03705,0.11
2017-10-24 17:09:00+02:00,0.09112,0.021818,0.037128,0.11
2017-10-24 17:10:00+02:00,0.09509,0.019051,0.03718,0.11
2017-10-24 17:11:00+02:00,0.09052,0.017702,0.037232,0.11
2017-10-24 17:12:00+02:00,0.08082,0.01572,0.03731,0.11
2017-10-24 17:13:00+02:00,0.08208,0.01484,0.037362,0.10698
2017-10-24 17:14:00+02:00,0.08368,0.014014,0.037414,0.099
2017-10-24 17:15:00+02:00,0.0908,0.013051,0.037466,0.088
2017-10-24 17:16:00+02:00,0.09006,0.011839,0.037518,0.083167
2017-10-24 17:17:00+02:00,0.09466,0.009584,0.037596,0.066
2017-10-24 17:18:00+02:00,0.08775,0.008548,0.037622,0.066
2017-10-24 17:19:00+02:00,0.09165,0.007743,0.0377,0.066
2017-10-24 17:20:00+02:00,0.08153,0.0,0.037726,0.066
2017-10-24 17:21:00+02:00,0.07999,0.0,0.037778,0.066
2017-10-24 17:22:00+02:00,0.0824,0.0,0.037856,0.066
2017-10-24 17:23:00+02:00,0.09819,0.0,0.037908,0.065873
2017-10-24 17:24:00+02:00,0.10302,0.0,0.03796,0.055
2017-10-24 17:25:00+02:00,0.09752,0.0,0.038012,0.055
2017-10-24 17:26:00+02:00,0.08937,0.0,0.03809,0.048313
2017-10-24 17:27:00+02:00,0.08606,0.0,0.03809,0.044
2017-10-24 17:28:00+02:00,0.09326,0.0,0.038194,0.044
2017-10-24 17:29:00+02:00,0.10782,0.0,0.03822,0.044
2017-10-24 17:30:00+02:00,0.10098,0.0,0.038298,0.055
2017-10-24 17:31:00+02:00,0.09005,0.0,0.03835,0.055
2017-10-24 17:32:00+02:00,0.08971,0.0,0.038402,0.055
2017-10-24 17:33:00+02:00,0.08725,0.0,0.038454,0.055
2017-10-24 17:34:00+02:00,0.08008,0.0,0.038558,0.055
2017-10-24 17:35:00+02:00,0.09725,0.0,0.038558,0.055
2017-10-24 17:36:00+02:00,0.10704,0.0,0.03861,0.055
2017-10-24 17:37:00+02:00,0.11489,0.0,0.038662,0.055
2017-10-24 17:38:00+02:00,0.11764,0.0,0.038714,0.055
2017-10-24 17:39:00+02:00,0.1128,0.0,0.038818,0.055
2017-10-24 17:40:00+02:00,0.10673,0.0,0.038818,0.055
2017-10-24 17:41:00+02:00,0.11233,0.0,0.038922,0.055
2017-10-24 17:42:00+02:00,0.10424,0.0,0.038922,0.050847
2017-10-24 17:43:00+02:00,0.10122,0.0,0.039026,0.044
2017-10-24 17:44:00+02:00,0.11442,0.0,0.039078,0.044
2017-10-24 17:45:00+02:00,0.10685,0.0,0.039104,0.066
2017-10-24 17:46:00+02:00,0.10062,0.0,0.039182,0.066
2017-10-24 17:47:00+02:00,0.10558,0.0,0.039234,0.066
2017-10-24 17:48:00+02:00,0.11135,0.0,0.039286,0.066
2017-10-24 17:49:00+02:00,0.10876,0.0,0.039338,0.066
2017-10-24 17:50:00+02:00,0.0917,0.0,0.03939,0.066
2017-10-24 17:51:00+02:00,0.0978,0.0,0.039442,0.066
2017-10-24 17:52:00+02:00,0.10938,0.0,0.03952,0.066
2017-10-24 17:53:00+02:00,0.10783,0.0,0.039546,0.066
2017-10-24 17:54:00+02:00,0.11189,0.0,0.039598,0.066
2017-10-24 17:55:00+02:00,0.10747,0.0,0.039676,0.066
2017-10-24 17:56:00+02:00,0.10556,0.0,0.039728,0.062053
2017-10-24 17:57:00+02:00,0.10398,0.0,0.03978,0.055
2017-10-24 17:58:00+02:00,0.11796,0.0,0.039832,0.055
2017-10-24 17:59:00+02:00,0.10884,0.0,0.039884,0.055
2017-10-24 18:00:00+02:00,0.09078,0.0,0.039962,0.055
2017-10-24 18:01:00+02:00,0.08408,0.0,0.040014,0.048
2017-10-24 18:02:00+02:00,0.08815,0.0,0.040066,0.044
2017-10-24 18:03:00+02:00,0.08537,0.0,0.040092,0.044
2017-10-24 18:04:00+02:00,0.07896,0.0,0.04017,0.044
2017-10-24 18:05:00+02:00,0.08014,0.0,0.040222,0.044
2017-10-24 18:06:00+02:00,0.08216,0.0,0.040274,0.044
2017-10-24 18:07:00+02:00,0.08701,0.0,0.040326,0.044
2017-10-24 18:08:00+02:00,0.09067,0.0,0.040404,0.044
2017-10-24 18:09:00+02:00,0.08342,0.0,0.04043,0.044
2017-10-24 18:10:00+02:00,0.08613,0.0,0.040508,0.044
2017-10-24 18:11:00+02:00,0.08644,0.0,0.04056,0.044
2017-10-24 18:12:00+02:00,0.0934,0.0,0.040586,0.044
2017-10-24 18:13:00+02:00,0.09894,0.0,0.04069,0.044
2017-10-24 18:14:00+02:00,0.09497,0.0,0.04069,0.044
2017-10-24 18:15:00+02:00,0.08978,0.0,0.040794,0.055
2017-10-24 18:16:00+02:00,0.08846,0.0,0.04082,0.055
2017-10-24 18:17:00+02:00,0.08932,0.0,0.040898,0.055
2017-10-24 18:18:00+02:00,0.09899,0.0,0.04095,0.055
2017-10-24 18:19:00+02:00,0.09552,0.0,0.041002,0.055
2017-10-24 18:20:00+02:00,0.09154,0.0,0.041054,0.055
2017-10-24 18:21:00+02:00,0.08466,0.0,0.04108,0.055
2017-10-24 18:22:00+02:00,0.08984,0.0,0.041158,0.055
2017-10-24 18:23:00+02:00,0.09342,0.0,0.04121,0.055
2017-10-24 18:24:00+02:00,0.09722,0.0,0.041288,0.055
2017-10-24 18:25:00+02:00,0.09158,0.0,0.041314,0.055
2017-10-24 18:26:00+02:00,0.08515,0.0,0.041392,0.055
2017-10-24 18:27:00+02:00,0.09133,0.0,0.041418,0.055
2017-10-24 18:28:00+02:00,0.08296,0.0,0.041522,0.055
2017-10-24 18:29:00+02:00,0.0822,0.0,0.041548,0.055
2017-10-24 18:30:00+02:00,0.07859,0.0,0.041626,0.058673
2017-10-24 18:31:00+02:00,0.08211,0.0,0.041652,0.055
2017-10-24 18:32:00+02:00,0.09206,0.0,0.04173,0.055
2017-10-24 18:33:00+02:00,0.09786,0.0,0.041782,0.055
2017-10-24 18:34:00+02:00,0.08987,0.0,0.041834,0.055
2017-10-24 18:35:00+02:00,0.08364,0.0,0.041886,0.055
2017-10-24 18:36:00+02:00,0.08444,0.0,0.041938,0.055
2017-10-24 18:37:00+02:00,0.08456,0.0,0.042016,0.05266
2017-10-24 18:38:00+02:00,0.0951,0.0,0.042042,0.044
2017-10-24 18:39:00+02:00,0.10011,0.0,0.04212,0.044
2017-10-24 18:40:00+02:00,0.09262,0.0,0.042172,0.044
2017-10-24 18:41:00+02:00,0.09265,0.0,0.042198,0.041087
2017-10-24 18:42:00+02:00,0.09722,0.0,0.042276,0.033
2017-10-24 18:43:00+02:00,0.10194,0.0,0.042328,0.033
2017-10-24 18:44:00+02:00,0.09955,0.0,0.04238,0.033
2017-10-24 18:45:00+02:00,0.10057,0.0,0.042458,0.077
2017-10-24 18:46:00+02:00,0.0942,0.0,0.042484,0.077
2017-10-24 18:47:00+02:00,0.09133,0.0,0.042562,0.077
2017-10-24 18:48:00+02:00,0.09958,0.0,0.04264,0.077
2017-10-24 18:49:00+02:00,0.09855,0.0,0.042666,0.077
2017-10-24 18:50:00+02:00,0.10319,0.0,0.042718,0.077
2017-10-24 18:51:00+02:00,0.10753,0.0,0.04277,0.077
2017-10-24 18:52:00+02:00,0.10139,0.0,0.042822,0.077
2017-10-24 18:53:00+02:00,0.09347,0.0,0.042926,0.077
2017-10-24 18:54:00+02:00,0.09077,0.0,0.042926,0.076653
2017-10-24 18:55:00+02:00,0.09545,0.0,0.043004,0.066
2017-10-24 18:56:00+02:00,0.09539,0.0,0.043056,0.066
2017-10-24 18:57:00+02:00,0.0907,0.0,0.043108,0.066
2017-10-24 18:58:00+02:00,0.09239,0.0,0.043186,0.066
2017-10-24 18:59:00+02:00,0.09864,0.0,0.043212,0.066
2017-10-24 19:00:00+02:00,0.09914,0.0,0.04329,0.088
2017-10-24 19:01:00+02:00,0.10262,0.0,0.043316,0.088
2017-10-24 19:02:00+02:00,0.10115,0.0,0.043394,0.088
2017-10-24 19:03:00+02:00,0.09633,0.0,0.04342,0.088
2017-10-24 19:04:00+02:00,0.09832,0.0,0.043524,0.088
2017-10-24 19:05:00+02:00,0.09943,0.0,0.04355,0.088
2017-10-24 19:06:00+02:00,0.09598,0.0,0.043628,0.08104
2017-10-24 19:07:00+02:00,0.10158,0.0,0.043654,0.077
2017-10-24 19:08:00+02:00,0.10126,0.0,0.043732,0.077
2017-10-24 19:09:00+02:00,0.09761,0.0,0.043784,0.077
2017-10-24 19:10:00+02:00,0.09077,0.0,0.04381,0.077
2017-10-24 19:11:00+02:00,0.0925,0.0,0.043888,0.077
2017-10-24 19:12:00+02:00,0.09811,0.0,0.043914,0.077
2017-10-24 19:13:00+02:00,0.09918,0.0,0.043992,0.077
2017-10-24 19:14:00+02:00,0.1032,0.0,0.044044,0.066013
2017-10-24 19:15:00+02:00,0.09916,0.0,0.044122,0.055
2017-10-24 19:16:00+02:00,0.1069,0.0,0.044148,0.055
2017-10-24 19:17:00+02:00,0.11278,0.0,0.044226,0.055
2017-10-24 19:18:00+02:00,0.11561,0.0,0.044252,0.047667
2017-10-24 19:19:00+02:00,0.11735,0.0,0.04433,0.044
2017-10-24 19:20:00+02:00,0.11348,0.0,0.044356,0.044
2017-10-24 19:21:00+02:00,0.10738,0.0,0.044434,0.044
2017-10-24 19:22:00+02:00,0.1011,0.0,0.044512,0.044
2017-10-24 19:23:00+02:00,0.11053,0.0,0.044512,0.044
2017-10-24 19:24:00+02:00,0.11122,0.0,0.044616,0.044
2017-10-24 19:25:00+02:00,0.10491,0.0,0.044616,0.044
2017-10-24 19:26:00+02:00,0.09636,0.0,0.044694,0.044
2017-10-24 19:27:00+02:00,0.10393,0.0,0.044772,0.044
2017-10-24 19:28:00+02:00,0.10997,0.0,0.044798,0.044
2017-10-24 19:29:00+02:00,0.11078,0.0,0.044876,0.044
2017-10-24 19:30:00+02:00,0.09689,0.0,0.044928,0.044
2017-10-24 19:31:00+02:00,0.08425,0.0,0.04498,0.044
2017-10-24 19:32:00+02:00,0.08197,0.0,0.045032,0.044
2017-10-24 19:33:00+02:00,0.08217,0.0,0.045084,0.044
2017-10-24 19:34:00+02:00,0.08467,0.0,0.045162,0.044
2017-10-24 19:35:00+02:00,0.10154,0.0,0.045188,0.044
2017-10-24 19:36:00+02:00,0.10817,0.0,0.04524,0.044
2017-10-24 19:37:00+02:00,0.08232,0.0,0.045292,0.044
2017-10-24 19:38:00+02:00,0.08982,0.0,0.045344,0.044
2017-10-24 19:39:00+02:00,0.09241,0.0,0.045422,0.044
2017-10-24 19:40:00+02:00,0.09804,0.0,0.045474,0.044
2017-10-24 19:41:00+02:00,0.10068,0.0,0.045526,0.044
2017-10-24 19:42:00+02:00,0.09645,0.0,0.045552,0.044
2017-10-24 19:43:00+02:00,0.09329,0.0,0.04563,0.044
2017-10-24 19:44:00+02:00,0.09628,0.0,0.045656,0.044
2017-10-24 19:45:00+02:00,0.09517,0.0,0.04576,0.088
2017-10-24 19:46:00+02:00,0.1016,0.0,0.045786,0.088
2017-10-24 19:47:00+02:00,0.09096,0.0,0.045864,0.088
2017-10-24 19:48:00+02:00,0.093,0.0,0.045916,0.0865
2017-10-24 19:49:00+02:00,0.10261,0.0,0.045942,0.077
2017-10-24 19:50:00+02:00,0.1013,0.0,0.04602,0.077
2017-10-24 19:51:00+02:00,0.08791,0.0,0.046046,0.077
2017-10-24 19:52:00+02:00,0.09326,0.0,0.046124,0.077
2017-10-24 19:53:00+02:00,0.10265,0.0,0.046176,0.077
2017-10-24 19:54:00+02:00,0.10837,0.0,0.046228,0.077
2017-10-24 19:55:00+02:00,0.10866,0.0,0.04628,0.066827
2017-10-24 19:56:00+02:00,0.1098,0.0,0.046332,0.066
2017-10-24 19:57:00+02:00,0.11132,0.0,0.046384,0.066
2017-10-24 19:58:00+02:00,0.10586,0.0,0.046488,0.066
2017-10-24 19:59:00+02:00,0.10221,0.0,0.046488,0.066
2017-10-24 20:00:00+02:00,0.10817,0.0,0.04654,0.07176
2017-10-24 20:01:00+02:00,0.11151,0.0,0.046618,0.066
2017-10-24 20:02:00+02:00,0.11996,0.0,0.046592,0.066
2017-10-24 20:03:00+02:00,0.103,0.0,0.046566,0.066
2017-10-24 20:04:00+02:00,0.09763,0.0,0.04654,0.066
2017-10-24 20:05:00+02:00,0.09639,0.0,0.046488,0.066
2017-10-24 20:06:00+02:00,0.11401,0.0,0.046488,0.066
2017-10-24 20:07:00+02:00,0.11263,0.0,0.046488,0.066
2017-10-24 20:08:00+02:00,0.11431,0.0,0.046384,0.066
2017-10-24 20:09:00+02:00,0.11238,0.0,0.046384,0.065547
2017-10-24 20:10:00+02:00,0.1087,0.0,0.046384,0.055
2017-10-24 20:11:00+02:00,0.10976,0.0,0.046358,0.055
2017-10-24 20:12:00+02:00,0.10628,0.0,0.04628,0.055
2017-10-24 20:13:00+02:00,0.11779,0.0,0.04628,0.055
2017-10-24 20:14:00+02:00,0.11464,0.0,0.04628,0.055
2017-10-24 20:15:00+02:00,0.11255,0.0,0.046228,0.066
2017-10-24 20:16:00+02:00,0.09957,0.0,0.046228,0.066
2017-10-24 20:17:00+02:00,0.0968,0.0,0.046176,0.066
2017-10-24 20:18:00+02:00,0.0893,0.0,0.04615,0.066
2017-10-24 20:19:00+02:00,0.09532,0.0,0.046124,0.066
2017-10-24 20:20:00+02:00,0.0947,0.0,0.046124,0.066
2017-10-24 20:21:00+02:00,0.10316,0.0,0.046046,0.066
2017-10-24 20:22:00+02:00,0.1049,0.0,0.04602,0.058533
2017-10-24 20:23:00+02:00,0.09976,0.0,0.04602,0.055
2017-10-24 20:24:00+02:00,0.11391,0.0,0.04602,0.055
2017-10-24 20:25:00+02:00,0.11516,0.0,0.045968,0.055
2017-10-24 20:26:00+02:00,0.11658,0.0,0.045916,0.055
2017-10-24 20:27:00+02:00,0.11967,0.0,0.045916,0.055
2017-10-24 20:28:00+02:00,0.11186,0.0,0.04589,0.055
2017-10-24 20:29:00+02:00,0.10846,0.0,0.045864,0.055
2017-10-24 20:30:00+02:00,0.11162,0.0,0.045838,0.066
2017-10-24 20:31:00+02:00,0.10084,0.0,0.045786,0.066
2017-10-24 20:32:00+02:00,0.09978,0.0,0.04576,0.066
2017-10-24 20:33:00+02:00,0.10187,0.0,0.04576,0.066
2017-10-24 20:34:00+02:00,0.09994,0.0,0.045734,0.066
2017-10-24 20:35:00+02:00,0.09325,0.0,0.045682,0.066
2017-10-24 20:36:00+02:00,0.09339,0.0,0.045656,0.066
2017-10-24 20:37:00+02:00,0.10032,0.0,0.045656,0.066
2017-10-24 20:38:00+02:00,0.10657,0.0,0.04563,0.066
2017-10-24 20:39:00+02:00,0.10921,0.0,0.045578,0.066
2017-10-24 20:40:00+02:00,0.10826,0.0,0.045552,0.066
2017-10-24 20:41:00+02:00,0.10369,0.0,0.045526,0.0656
2017-10-24 20:42:00+02:00,0.10778,0.0,0.045526,0.055
2017-10-24 20:43:00+02:00,0.10994,0.0,0.045474,0.055
2017-10-24 20:44:00+02:00,0.10496,0.0,0.045474,0.055
2017-10-24 20:45:00+02:00,0.11727,0.0,0.045422,0.077
2017-10-24 20:46:00+02:00,0.1039,0.0,0.045396,0.077
2017-10-24 20:47:00+02:00,0.10447,0.0,0.045396,0.077
2017-10-24 20:48:00+02:00,0.11097,0.0,0.045344,0.077
2017-10-24 20:49:00+02:00,0.09982,0.0,0.045318,0.077
2017-10-24 20:50:00+02:00,0.10516,0.0,0.045292,0.077
2017-10-24 20:51:00+02:00,0.11332,0.0,0.045266,0.077
2017-10-24 20:52:00+02:00,0.10609,0.0,0.04524,0.07576
2017-10-24 20:53:00+02:00,0.10518,0.0,0.045214,0.066
2017-10-24 20:54:00+02:00,0.09922,0.0,0.045162,0.066
2017-10-24 20:55:00+02:00,0.10647,0.0,0.045162,0.058607
2017-10-24 20:56:00+02:00,0.10532,0.0,0.045136,0.055
2017-10-24 20:57:00+02:00,0.1054,0.0,0.04511,0.055
2017-10-24 20:58:00+02:00,0.10298,0.0,0.045058,0.055
2017-10-24 20:59:00+02:00,0.10647,0.0,0.045058,0.055
2017-10-24 21:00:00+02:00,0.08882,0.0,0.045032,0.077
2017-10-24 21:01:00+02:00,0.10203,0.0,0.04498,0.077
2017-10-24 21:02:00+02:00,0.11872,0.0,0.044902,0.076353
2017-10-24 21:03:00+02:00,0.1178,0.0,0.04485,0.066
2017-10-24 21:04:00+02:00,0.09312,0.0,0.044746,0.066
2017-10-24 21:05:00+02:00,0.08956,0.0,0.044694,0.066
2017-10-24 21:06:00+02:00,0.09057,0.0,0.044616,0.066
2017-10-24 21:07:00+02:00,0.08793,0.0,0.044512,0.066
2017-10-24 21:08:00+02:00,0.09423,0.0,0.044408,0.058667
2017-10-24 21:09:00+02:00,0.09317,0.0,0.044356,0.055
2017-10-24 21:10:00+02:00,0.09536,0.0,0.044252,0.055
2017-10-24 21:11:00+02:00,0.0993,0.0,0.044148,0.055
2017-10-24 21:12:00+02:00,0.0959,0.0,0.044096,0.055
2017-10-24 21:13:00+02:00,0.0939,0.0,0.044018,0.055
2017-10-24 21:14:00+02:00,0.107,0.0,0.043914,0.055
2017-10-24 21:15:00+02:00,0.09629,0.0,0.043862,0.077
2017-10-24 21:16:00+02:00,0.10939,0.0,0.043784,0.077
2017-10-24 21:17:00+02:00,0.10432,0.0,0.04368,0.077
2017-10-24 21:18:00+02:00,0.09783,0.0,0.043628,0.077
2017-10-24 21:19:00+02:00,0.09118,0.0,0.043524,0.077
2017-10-24 21:20:00+02:00,0.10042,0.0,0.04342,0.077
2017-10-24 21:21:00+02:00,0.1042,0.0,0.043368,0.077
2017-10-24 21:22:00+02:00,0.09903,0.0,0.04329,0.077
2017-10-24 21:23:00+02:00,0.09281,0.0,0.043186,0.077
2017-10-24 21:24:00+02:00,0.09152,0.0,0.043108,0.077
2017-10-24 21:25:00+02:00,0.09285,0.0,0.04303,0.077
2017-10-24 21:26:00+02:00,0.09448,0.0,0.042926,0.077
2017-10-24 21:27:00+02:00,0.09379,0.0,0.042848,0.077
2017-10-24 21:28:00+02:00,0.0942,0.0,0.042796,0.077
2017-10-24 21:29:00+02:00,0.09348,0.0,0.042718,0.077
2017-10-24 21:30:00+02:00,0.09579,0.0,0.04264,0.099
2017-10-24 21:31:00+02:00,0.09131,0.0,0.042562,0.099
2017-10-24 21:32:00+02:00,0.09086,0.0,0.042458,0.099
2017-10-24 21:33:00+02:00,0.09052,0.0,0.04238,0.099
2017-10-24 21:34:00+02:00,0.09457,0.0,0.042276,0.092193
2017-10-24 21:35:00+02:00,0.09137,0.0,0.042198,0.08428
2017-10-24 21:36:00+02:00,0.08963,0.0,0.04212,0.077
2017-10-24 21:37:00+02:00,0.1026,0.0,0.042016,0.077
2017-10-24 21:38:00+02:00,0.11089,0.0,0.041964,0.077
2017-10-24 21:39:00+02:00,0.09931,0.0,0.041886,0.07694
2017-10-24 21:40:00+02:00,0.10329,0.0,0.041782,0.066
2017-10-24 21:41:00+02:00,0.10527,0.0,0.04173,0.066
2017-10-24 21:42:00+02:00,0.10963,0.0,0.041652,0.066
2017-10-24 21:43:00+02:00,0.11202,0.0,0.041548,0.066
2017-10-24 21:44:00+02:00,0.1125,0.0,0.04147,0.066
2017-10-24 21:45:00+02:00,0.10593,0.0,0.041392,0.099
2017-10-24 21:46:00+02:00,0.11107,0.0,0.041314,0.099
2017-10-24 21:47:00+02:00,0.11454,0.0,0.04121,0.099
2017-10-24 21:48:00+02:00,0.11205,0.0,0.041158,0.099
2017-10-24 21:49:00+02:00,0.11184,0.0,0.041054,0.099
2017-10-24 21:50:00+02:00,0.10343,0.0,0.04095,0.099
2017-10-24 21:51:00+02:00,0.10347,0.0,0.040898,0.098153
2017-10-24 21:52:00+02:00,0.10227,0.0,0.040794,0.088
2017-10-24 21:53:00+02:00,0.09483,0.0,0.04069,0.088
2017-10-24 21:54:00+02:00,0.10163,0.0,0.04069,0.088
2017-10-24 21:55:00+02:00,0.09109,0.0,0.040586,0.088
2017-10-24 21:56:00+02:00,0.09169,0.0,0.040482,0.087273
2017-10-24 21:57:00+02:00,0.09296,0.0,0.04043,0.077
2017-10-24 21:58:00+02:00,0.098,0.0,0.040326,0.077
2017-10-24 21:59:00+02:00,0.1047,0.0,0.040222,0.077
2017-10-24 22:00:00+02:00,0.1011,0.0,0.040144,0.088
2017-10-24 22:01:00+02:00,0.09751,0.0,0.040066,0.088
2017-10-24 22:02:00+02:00,0.09486,0.0,0.039858,0.088
2017-10-24 22:03:00+02:00,0.09631,0.0,0.03965,0.088
2017-10-24 22:04:00+02:00,0.09543,0.0,0.039416,0.088
2017-10-24 22:05:00+02:00,0.10147,0.0,0.039182,0.087227
2017-10-24 22:06:00+02:00,0.09353,0.0,0.038974,0.066
2017-10-24 22:07:00+02:00,0.10227,0.0,0.038766,0.066
2017-10-24 22:08:00+02:00,0.09799,0.0,0.038558,0.066
2017-10-24 22:09:00+02:00,0.09369,0.0,0.038324,0.066
2017-10-24 22:10:00+02:00,0.08181,0.0,0.03809,0.066
2017-10-24 22:11:00+02:00,0.10169,0.0,0.037882,0.066
2017-10-24 22:12:00+02:00,0.09256,0.0,0.037674,0.066
2017-10-24 22:13:00+02:00,0.08889,0.0,0.037466,0.066
2017-10-24 22:14:00+02:00,0.09195,0.0,0.037232,0.066
2017-10-24 22:15:00+02:00,0.09272,0.0,0.037024,0.077
2017-10-24 22:16:00+02:00,0.09965,0.0,0.03679,0.077
2017-10-24 22:17:00+02:00,0.09222,0.0,0.036582,0.07232
2017-10-24 22:18:00+02:00,0.09089,0.0,0.036322,0.058667
2017-10-24 22:19:00+02:00,0.09411,0.0,0.036114,0.055
2017-10-24 22:20:00+02:00,0.10186,0.0,0.035932,0.055
2017-10-24 22:21:00+02:00,0.09708,0.0,0.035698,0.055
2017-10-24 22:22:00+02:00,0.10163,0.0,0.035464,0.055
2017-10-24 22:23:00+02:00,0.09919,0.0,0.035256,0.055
2017-10-24 22:24:00+02:00,0.08776,0.0,0.035048,0.055
2017-10-24 22:25:00+02:00,0.09007,0.0,0.034814,0.055
2017-10-24 22:26:00+02:00,0.08508,0.0,0.034606,0.055
2017-10-24 22:27:00+02:00,0.08362,0.0,0.034372,0.055
2017-10-24 22:28:00+02:00,0.0856,0.0,0.034164,0.055
2017-10-24 22:29:00+02:00,0.08251,0.0,0.033956,0.055
2017-10-24 22:30:00+02:00,0.08285,0.0,0.033722,0.066
2017-10-24 22:31:00+02:00,0.0854,0.0,0.033488,0.066
2017-10-24 22:32:00+02:00,0.08369,0.0,0.03328,0.066
2017-10-24 22:33:00+02:00,0.08302,0.0,0.033046,0.066
2017-10-24 22:34:00+02:00,0.08488,0.0,0.032864,0.0646
2017-10-24 22:35:00+02:00,0.08946,0.0,0.03263,0.055
2017-10-24 22:36:00+02:00,0.08727,0.0,0.032396,0.055
2017-10-24 22:37:00+02:00,0.08565,0.0,0.032214,0.055
2017-10-24 22:38:00+02:00,0.08669,0.0,0.03198,0.055
2017-10-24 22:39:00+02:00,0.09823,0.0,0.031746,0.055
2017-10-24 22:40:00+02:00,0.09868,0.0,0.031538,0.055
2017-10-24 22:41:00+02:00,0.09335,0.0,0.03133,0.055
2017-10-24 22:42:00+02:00,0.10112,0.0,0.031096,0.055
2017-10-24 22:43:00+02:00,0.1026,0.0,0.030888,0.055
2017-10-24 22:44:00+02:00,0.09856,0.0,0.030628,0.055
2017-10-24 22:45:00+02:00,0.09931,0.0,0.03042,0.066
2017-10-24 22:46:00+02:00,0.09304,0.0,0.030212,0.066
2017-10-24 22:47:00+02:00,0.08953,0.0,0.030004,0.066
2017-10-24 22:48:00+02:00,0.08745,0.0,0.02977,0.066
2017-10-24 22:49:00+02:00,0.08949,0.0,0.029562,0.066
2017-10-24 22:50:00+02:00,0.08745,0.0,0.029354,0.055
2017-10-24 22:51:00+02:00,0.09376,0.0,0.02912,0.055
2017-10-24 22:52:00+02:00,0.09154,0.0,0.028912,0.055
2017-10-24 22:53:00+02:00,0.09555,0.0,0.028652,0.055
2017-10-24 22:54:00+02:00,0.10002,0.0,0.028496,0.055
2017-10-24 22:55:00+02:00,0.10271,0.0,0.028262,0.055
2017-10-24 22:56:00+02:00,0.09425,0.0,0.028028,0.055
2017-10-24 22:57:00+02:00,0.09208,0.0,0.027794,0.055
2017-10-24 22:58:00+02:00,0.08888,0.0,0.027586,0.055
2017-10-24 22:59:00+02:00,0.09009,0.0,0.027352,0.055
2017-10-24 23:00:00+02:00,0.08562,0.0,0.027144,0.066
2017-10-24 23:01:00+02:00,0.08837,0.0,0.026936,0.066
2017-10-24 23:02:00+02:00,0.08931,0.0,0.026728,0.066
2017-10-24 23:03:00+02:00,0.09226,0.0,0.02652,0.066
2017-10-24 23:04:00+02:00,0.09356,0.0,0.026338,0.064607
2017-10-24 23:05:00+02:00,0.09719,0.0,0.02613,0.055
2017-10-24 23:06:00+02:00,0.09306,0.0,0.025922,0.055
2017-10-24 23:07:00+02:00,0.09437,0.0,0.025714,0.055
2017-10-24 23:08:00+02:00,0.08829,0.0,0.025558,0.055
2017-10-24 23:09:00+02:00,0.08239,0.0,0.025298,0.055
2017-10-24 23:10:00+02:00,0.08755,0.0,0.025116,0.055
2017-10-24 23:11:00+02:00,0.0878,0.0,0.024934,0.055
2017-10-24 23:12:00+02:00,0.08282,0.0,0.024726,0.055
2017-10-24 23:13:00+02:00,0.08709,0.0,0.024518,0.055
2017-10-24 23:14:00+02:00,0.08008,0.0,0.024336,0.055
2017-10-24 23:15:00+02:00,0.07364,0.0,0.024128,0.055
2017-10-24 23:16:00+02:00,0.07635,0.0,0.02392,0.049947
2017-10-24 23:17:00+02:00,0.08421,0.0,0.023712,0.044
2017-10-24 23:18:00+02:00,0.0786,0.0,0.02353,0.044
2017-10-24 23:19:00+02:00,0.07708,0.0,0.023322,0.044
2017-10-24 23:20:00+02:00,0.07428,0.0,0.023114,0.044
2017-10-24 23:21:00+02:00,0.071,0.0,0.022932,0.044
2017-10-24 23:22:00+02:00,0.07972,0.0,0.022698,0.044
2017-10-24 23:23:00+02:00,0.0734,0.0,0.022516,0.044
2017-10-24 23:24:00+02:00,0.07422,0.0,0.022334,0.044
2017-10-24 23:25:00+02:00,0.06378,0.0,0.0221,0.042467
2017-10-24 23:26:00+02:00,0.0712,0.0,0.021918,0.033
2017-10-24 23:27:00+02:00,0.09084,0.0,0.021736,0.033
2017-10-24 23:28:00+02:00,0.08275,0.0,0.021528,0.033
2017-10-24 23:29:00+02:00,0.07474,0.0,0.021294,0.033
2017-10-24 23:30:00+02:00,0.07149,0.0,0.021086,0.033
2017-10-24 23:31:00+02:00,0.06454,0.0,0.02093,0.033
2017-10-24 23:32:00+02:00,0.06626,0.0,0.020722,0.033
2017-10-24 23:33:00+02:00,0.07788,0.0,0.020488,0.033
2017-10-24 23:34:00+02:00,0.07162,0.0,0.020332,0.033
2017-10-24 23:35:00+02:00,0.07189,0.0,0.020098,0.033
2017-10-24 23:36:00+02:00,0.06736,0.0,0.019916,0.033
2017-10-24 23:37:00+02:00,0.06536,0.0,0.019708,0.033
2017-10-24 23:38:00+02:00,0.06288,0.0,0.0195,0.033
2017-10-24 23:39:00+02:00,0.05979,0.0,0.019318,0.033
2017-10-24 23:40:00+02:00,0.06006,0.0,0.019136,0.033
2017-10-24 23:41:00+02:00,0.05834,0.0,0.018902,0.033
2017-10-24 23:42:00+02:00,0.05886,0.0,0.018694,0.033
2017-10-24 23:43:00+02:00,0.06551,0.0,0.018486,0.033
2017-10-24 23:44:00+02:00,0.06999,0.0,0.01833,0.033
2017-10-24 23:45:00+02:00,0.06379,0.0,0.018096,0.033
2017-10-24 23:46:00+02:00,0.05873,0.0,0.017888,0.026433
2017-10-24 23:47:00+02:00,0.06257,0.0,0.017732,0.022
2017-10-24 23:48:00+02:00,0.06591,0.0,0.017524,0.022
2017-10-24 23:49:00+02:00,0.06731,0.0,0.01729,0.022
2017-10-24 23:50:00+02:00,0.06247,0.0,0.017108,0.022
2017-10-24 23:51:00+02:00,0.06538,0.0,0.0169,0.022
2017-10-24 23:52:00+02:00,0.06665,0.0,0.016718,0.022
2017-10-24 23:53:00+02:00,0.06123,0.0,0.016484,0.022
2017-10-24 23:54:00+02:00,0.06345,0.0,0.016302,0.022
2017-10-24 23:55:00+02:00,0.06063,0.0,0.016094,0.022
2017-10-24 23:56:00+02:00,0.05664,0.0,0.015886,0.022
2017-10-24 23:57:00+02:00,0.05194,0.0,0.015704,0.022
2017-10-24 23:58:00+02:00,0.05095,0.0,0.015496,0.022
2017-10-24 23:59:00+02:00,0.05146,0.0,0.015288,0.022
2017-10-25 00:00:00+02:00,0.05104,0.0,0.015132,0.033
2017-10-25 00:01:00+02:00,0.06002,0.0,0.014898,0.033
2017-10-25 00:02:00+02:00,0.06015,0.0,0.014768,0.033
2017-10-25 00:03:00+02:00,0.0602,0.0,0.014586,0.033
2017-10-25 00:04:00+02:00,0.05741,0.0,0.014404,0.033
2017-10-25 00:05:00+02:00,0.05594,0.0,0.0143,0.033
2017-10-25 00:06:00+02:00,0.05573,0.0,0.014144,0.033
2017-10-25 00:07:00+02:00,0.06306,0.0,0.013988,0.033
2017-10-25 00:08:00+02:00,0.07299,0.0,0.013832,0.033
2017-10-25 00:09:00+02:00,0.0605,0.0,0.013676,0.033
2017-10-25 00:10:00+02:00,0.05786,0.0,0.013546,0.033
2017-10-25 00:11:00+02:00,0.05769,0.0,0.01339,0.033
2017-10-25 00:12:00+02:00,0.05572,0.0,0.013208,0.033
2017-10-25 00:13:00+02:00,0.05699,0.0,0.013078,0.033
2017-10-25 00:14:00+02:00,0.06095,0.0,0.012896,0.033
2017-10-25 00:15:00+02:00,0.06345,0.0,0.012766,0.033
2017-10-25 00:16:00+02:00,0.05675,0.0,0.01261,0.033
2017-10-25 00:17:00+02:00,0.05803,0.0,0.012454,0.033
2017-10-25 00:18:00+02:00,0.05503,0.0,0.012324,0.022747
2017-10-25 00:19:00+02:00,0.05646,0.0,0.012168,0.022
2017-10-25 00:20:00+02:00,0.05775,0.0,0.012012,0.022
2017-10-25 00:21:00+02:00,0.04896,0.0,0.01183,0.022
2017-10-25 00:22:00+02:00,0.05487,0.0,0.0117,0.022
2017-10-25 00:23:00+02:00,0.05653,0.0,0.011544,0.022
2017-10-25 00:24:00+02:00,0.05467,0.0,0.011414,0.022
2017-10-25 00:25:00+02:00,0.0522,0.0,0.011232,0.022
2017-10-25 00:26:00+02:00,0.05485,0.0,0.011102,0.022
2017-10-25 00:27:00+02:00,0.05759,0.0,0.010946,0.022
2017-10-25 00:28:00+02:00,0.05188,0.0,0.010764,0.022
2017-10-25 00:29:00+02:00,0.04807,0.0,0.01066,0.022
2017-10-25 00:30:00+02:00,0.05199,0.0,0.010478,0.022
2017-10-25 00:31:00+02:00,0.05131,0.0,0.010322,0.022
2017-10-25 00:32:00+02:00,0.04764,0.0,0.010192,0.022
2017-10-25 00:33:00+02:00,0.04901,0.0,0.010036,0.022
2017-10-25 00:34:00+02:00,0.04642,0.0,0.00988,0.022
2017-10-25 00:35:00+02:00,0.04593,0.0,0.009698,0.022
2017-10-25 00:36:00+02:00,0.04615,0.0,0.009568,0.022
2017-10-25 00:37:00+02:00,0.04531,0.0,0.009438,0.022
2017-10-25 00:38:00+02:00,0.04372,0.0,0.009282,0.022
2017-10-25 00:39:00+02:00,0.04567,0.0,0.0091,0.022
2017-10-25 00:40:00+02:00,0.04381,0.0,0.00897,0.022
2017-10-25 00:41:00+02:00,0.04374,0.0,0.008814,0.022
2017-10-25 00:42:00+02:00,0.04275,0.0,0.008658,0.022
2017-10-25 00:43:00+02:00,0.04467,0.0,0.008502,0.022
2017-10-25 00:44:00+02:00,0.04183,0.0,0.008346,0.022
2017-10-25 00:45:00+02:00,0.04032,0.0,0.008216,0.033
2017-10-25 00:46:00+02:00,0.04639,0.0,0.00806,0.033
2017-10-25 00:47:00+02:00,0.04968,0.0,0.007878,0.033
2017-10-25 00:48:00+02:00,0.05109,0.0,0.007748,0.033
2017-10-25 00:49:00+02:00,0.04724,0.0,0.007592,0.033
2017-10-25 00:50:00+02:00,0.04068,0.0,0.007436,0.022
2017-10-25 00:51:00+02:00,0.04393,0.0,0.007306,0.022
2017-10-25 00:52:00+02:00,0.03571,0.0,0.007124,0.022
2017-10-25 00:53:00+02:00,0.03661,0.0,0.006994,0.022
2017-10-25 00:54:00+02:00,0.03279,0.0,0.006838,0.022
2017-10-25 00:55:00+02:00,0.0412,0.0,0.006682,0.022
2017-10-25 00:56:00+02:00,0.03597,0.0,0.006526,0.022
2017-10-25 00:57:00+02:00,0.03909,0.0,0.00637,0.022
2017-10-25 00:58:00+02:00,0.03653,0.0,0.006214,0.022
2017-10-25 00:59:00+02:00,0.04359,0.0,0.006084,0.022
2017-10-25 01:00:00+02:00,0.04602,0.0,0.005928,0.033
2017-10-25 01:01:00+02:00,0.03341,0.0,0.005772,0.033
2017-10-25 01:02:00+02:00,0.03398,0.0,0.005772,0.033
2017-10-25 01:03:00+02:00,0.03419,0.0,0.005772,0.033
2017-10-25 01:04:00+02:00,0.03531,0.0,0.005798,0.033
2017-10-25 01:05:00+02:00,0.03502,0.0,0.005798,0.033
2017-10-25 01:06:00+02:00,0.03433,0.0,0.005824,0.033
2017-10-25 01:07:00+02:00,0.03319,0.0,0.005824,0.033
2017-10-25 01:08:00+02:00,0.03146,0.0,0.005824,0.033
2017-10-25 01:09:00+02:00,0.03195,0.0,0.005876,0.032533
2017-10-25 01:10:00+02:00,0.03272,0.0,0.005876,0.022
2017-10-25 01:11:00+02:00,0.03446,0.0,0.005876,0.022
2017-10-25 01:12:00+02:00,0.03496,0.0,0.005876,0.022
2017-10-25 01:13:00+02:00,0.03556,0.0,0.005876,0.022
2017-10-25 01:14:00+02:00,0.03679,0.0,0.005902,0.022
2017-10-25 01:15:00+02:00,0.03606,0.0,0.005928,0.022
2017-10-25 01:16:00+02:00,0.03379,0.0,0.005928,0.018333
2017-10-25 01:17:00+02:00,0.03057,0.0,0.005954,0.011
2017-10-25 01:18:00+02:00,0.03765,0.0,0.005954,0.003667
2017-10-25 01:19:00+02:00,0.03755,0.0,0.005954,0.0
2017-10-25 01:20:00+02:00,0.03578,0.0,0.005954,0.0
2017-10-25 01:21:00+02:00,0.03576,0.0,0.00598,0.0
2017-10-25 01:22:00+02:00,0.03733,0.0,0.00598,0.0
2017-10-25 01:23:00+02:00,0.03428,0.0,0.00598,0.0
2017-10-25 01:24:00+02:00,0.03373,0.0,0.006006,0.0
2017-10-25 01:25:00+02:00,0.03259,0.0,0.006058,0.0
2017-10-25 01:26:00+02:00,0.03399,0.0,0.006058,0.0
2017-10-25 01:27:00+02:00,0.03481,0.0,0.006058,0.0
2017-10-25 01:28:00+02:00,0.03385,0.0,0.006058,0.0
2017-10-25 01:29:00+02:00,0.03335,0.0,0.006058,0.0
2017-10-25 01:30:00+02:00,0.03236,0.0,0.006058,0.0
2017-10-25 01:31:00+02:00,0.03119,0.0,0.006058,0.0
2017-10-25 01:32:00+02:00,0.0292,0.0,0.006058,0.0
2017-10-25 01:33:00+02:00,0.02895,0.0,0.006084,0.0
2017-10-25 01:34:00+02:00,0.02889,0.0,0.006136,0.0
2017-10-25 01:35:00+02:00,0.02993,0.0,0.006162,0.0
2017-10-25 01:36:00+02:00,0.03284,0.0,0.006162,0.0
2017-10-25 01:37:00+02:00,0.02984,0.0,0.006162,0.0
2017-10-25 01:38:00+02:00,0.03102,0.0,0.006162,0.0
2017-10-25 01:39:00+02:00,0.03078,0.0,0.006162,0.0
2017-10-25 01:40:00+02:00,0.03029,0.0,0.006162,0.0
2017-10-25 01:41:00+02:00,0.03173,0.0,0.006188,0.0
2017-10-25 01:42:00+02:00,0.03235,0.0,0.006188,0.0
2017-10-25 01:43:00+02:00,0.03213,0.0,0.006188,0.0
2017-10-25 01:44:00+02:00,0.03138,0.0,0.006214,0.0
2017-10-25 01:45:00+02:00,0.0336,0.0,0.00624,0.011
2017-10-25 01:46:00+02:00,0.03124,0.0,0.00624,0.011
2017-10-25 01:47:00+02:00,0.0305,0.0,0.006266,0.011
2017-10-25 01:48:00+02:00,0.02918,0.0,0.006292,0.011
2017-10-25 01:49:00+02:00,0.02958,0.0,0.006292,0.011
2017-10-25 01:50:00+02:00,0.0306,0.0,0.006292,0.011
2017-10-25 01:51:00+02:00,0.03011,0.0,0.006292,0.011
2017-10-25 01:52:00+02:00,0.02852,0.0,0.006292,0.011
2017-10-25 01:53:00+02:00,0.02912,0.0,0.006318,0.011
2017-10-25 01:54:00+02:00,0.02739,0.0,0.006318,0.011
2017-10-25 01:55:00+02:00,0.02953,0.0,0.006318,0.011
2017-10-25 01:56:00+02:00,0.03193,0.0,0.00637,0.011
2017-10-25 01:57:00+02:00,0.0346,0.0,0.00637,0.011
2017-10-25 01:58:00+02:00,0.03067,0.0,0.00637,0.011
2017-10-25 01:59:00+02:00,0.03018,0.0,0.006396,0.011
2017-10-25 02:00:00+02:00,0.02953,0.0,0.006396,0.011
2017-10-25 02:01:00+02:00,0.03447,0.0,0.006396,0.011
2017-10-25 02:02:00+02:00,0.03456,0.0,0.006396,0.011
2017-10-25 02:03:00+02:00,0.03461,0.0,0.006396,0.011
2017-10-25 02:04:00+02:00,0.03335,0.0,0.006422,0.011
2017-10-25 02:05:00+02:00,0.03043,0.0,0.006448,0.011
2017-10-25 02:06:00+02:00,0.0278,0.0,0.006448,0.011
2017-10-25 02:07:00+02:00,0.03242,0.0,0.006448,0.011
2017-10-25 02:08:00+02:00,0.02892,0.0,0.006474,0.011
2017-10-25 02:09:00+02:00,0.02853,0.0,0.006474,0.011
2017-10-25 02:10:00+02:00,0.03011,0.0,0.006474,0.011
2017-10-25 02:11:00+02:00,0.03058,0.0,0.006474,0.011
2017-10-25 02:12:00+02:00,0.03011,0.0,0.006474,0.011
2017-10-25 02:13:00+02:00,0.02928,0.0,0.006474,0.011
2017-10-25 02:14:00+02:00,0.02839,0.0,0.006474,0.011
2017-10-25 02:15:00+02:00,0.02765,0.0,0.006474,0.011
2017-10-25 02:16:00+02:00,0.02678,0.0,0.006526,0.011
2017-10-25 02:17:00+02:00,0.02641,0.0,0.006552,0.011
2017-10-25 02:18:00+02:00,0.02638,0.0,0.006552,0.011
2017-10-25 02:19:00+02:00,0.02556,0.0,0.006552,0.011
2017-10-25 02:20:00+02:00,0.03226,0.0,0.006552,0.011
2017-10-25 02:21:00+02:00,0.03325,0.0,0.006552,0.011
2017-10-25 02:22:00+02:00,0.02922,0.0,0.006578,0.011
2017-10-25 02:23:00+02:00,0.02974,0.0,0.006578,0.011
2017-10-25 02:24:00+02:00,0.02888,0.0,0.006578,0.011
2017-10-25 02:25:00+02:00,0.02861,0.0,0.006578,0.011
2017-10-25 02:26:00+02:00,0.02869,0.0,0.006578,0.011
2017-10-25 02:27:00+02:00,0.03312,0.0,0.006604,0.011
2017-10-25 02:28:00+02:00,0.02973,0.0,0.006604,0.011
2017-10-25 02:29:00+02:00,0.02663,0.0,0.006604,0.011
2017-10-25 02:30:00+02:00,0.02817,0.0,0.00663,0.011
2017-10-25 02:31:00+02:00,0.02703,0.0,0.00663,0.011
2017-10-25 02:32:00+02:00,0.02876,0.0,0.00663,0.011
2017-10-25 02:33:00+02:00,0.02844,0.0,0.00663,0.011
2017-10-25 02:34:00+02:00,0.02848,0.0,0.006656,0.011
2017-10-25 02:35:00+02:00,0.02747,0.0,0.006656,0.011
2017-10-25 02:36:00+02:00,0.02712,0.0,0.006656,0.011
2017-10-25 02:37:00+02:00,0.02707,0.0,0.006682,0.011
2017-10-25 02:38:00+02:00,0.02739,0.0,0.006708,0.011
2017-10-25 02:39:00+02:00,0.02807,0.0,0.006708,0.011
2017-10-25 02:40:00+02:00,0.02885,0.0,0.006708,0.00198
2017-10-25 02:41:00+02:00,0.02921,0.0,0.006708,0.0
2017-10-25 02:42:00+02:00,0.02531,0.0,0.006708,0.0
2017-10-25 02:43:00+02:00,0.02799,0.0,0.006708,0.0
2017-10-25 02:44:00+02:00,0.02804,0.0,0.006734,0.0
2017-10-25 02:45:00+02:00,0.02721,0.0,0.006734,0.0
2017-10-25 02:46:00+02:00,0.0296,0.0,0.006734,0.0
2017-10-25 02:47:00+02:00,0.0287,0.0,0.006734,0.0
2017-10-25 02:48:00+02:00,0.02893,0.0,0.006734,0.0
2017-10-25 02:49:00+02:00,0.02938,0.0,0.00676,0.0
2017-10-25 02:50:00+02:00,0.02782,0.0,0.00676,0.0
2017-10-25 02:51:00+02:00,0.0271,0.0,0.006786,0.0
2017-10-25 02:52:00+02:00,0.02715,0.0,0.006812,0.0
2017-10-25 02:53:00+02:00,0.02789,0.0,0.006812,0.0
2017-10-25 02:54:00+02:00,0.02691,0.0,0.006812,0.0
2017-10-25 02:55:00+02:00,0.02654,0.0,0.006812,0.0
2017-10-25 02:56:00+02:00,0.02571,0.0,0.006812,0.0
2017-10-25 02:57:00+02:00,0.02539,0.0,0.006838,0.0
2017-10-25 02:58:00+02:00,0.02583,0.0,0.006838,0.0
2017-10-25 02:59:00+02:00,0.02728,0.0,0.006838,0.0
2017-10-25 03:00:00+02:00,0.02696,0.0,0.006864,0.0
2017-10-25 03:01:00+02:00,0.02684,0.0,0.006864,0.0
2017-10-25 03:02:00+02:00,0.02674,0.0,0.006864,0.0
2017-10-25 03:03:00+02:00,0.02846,0.0,0.00689,0.0
2017-10-25 03:04:00+02:00,0.03152,0.0,0.006916,0.0
2017-10-25 03:05:00+02:00,0.03264,0.0,0.006968,0.0
2017-10-25 03:06:00+02:00,0.02999,0.0,0.006968,0.0
2017-10-25 03:07:00+02:00,0.02814,0.0,0.006968,0.0
2017-10-25 03:08:00+02:00,0.0284,0.0,0.006994,0.0
2017-10-25 03:09:00+02:00,0.02792,0.0,0.007046,0.0
2017-10-25 03:10:00+02:00,0.02867,0.0,0.007046,0.0
2017-10-25 03:11:00+02:00,0.02606,0.0,0.007072,0.0
2017-10-25 03:12:00+02:00,0.02598,0.0,0.007072,0.0
2017-10-25 03:13:00+02:00,0.02644,0.0,0.007098,0.0
2017-10-25 03:14:00+02:00,0.02568,0.0,0.00715,0.0
2017-10-25 03:15:00+02:00,0.02712,0.0,0.00715,0.0
2017-10-25 03:16:00+02:00,0.02743,0.0,0.00715,0.0
2017-10-25 03:17:00+02:00,0.02664,0.0,0.007202,0.0
2017-10-25 03:18:00+02:00,0.02699,0.0,0.007202,0.0
2017-10-25 03:19:00+02:00,0.02835,0.0,0.007254,0.0
2017-10-25 03:20:00+02:00,0.02693,0.0,0.007254,0.0
2017-10-25 03:21:00+02:00,0.02738,0.0,0.00728,0.0
2017-10-25 03:22:00+02:00,0.02793,0.0,0.00728,0.0
2017-10-25 03:23:00+02:00,0.02803,0.0,0.00728,0.0
2017-10-25 03:24:00+02:00,0.03106,0.0,0.007358,0.0
2017-10-25 03:25:00+02:00,0.0287,0.0,0.007384,0.0
2017-10-25 03:26:00+02:00,0.02623,0.0,0.007384,0.0
2017-10-25 03:27:00+02:00,0.02659,0.0,0.007384,0.0
2017-10-25 03:28:00+02:00,0.02654,0.0,0.007384,0.0
2017-10-25 03:29:00+02:00,0.0272,0.0,0.007462,0.0
2017-10-25 03:30:00+02:00,0.02562,0.0,0.007488,0.0
2017-10-25 03:31:00+02:00,0.02436,0.0,0.007488,0.0
2017-10-25 03:32:00+02:00,0.02452,0.0,0.007488,0.0
2017-10-25 03:33:00+02:00,0.02501,0.0,0.007514,0.0
2017-10-25 03:34:00+02:00,0.02587,0.0,0.00754,0.0
2017-10-25 03:35:00+02:00,0.02978,0.0,0.007566,0.0
2017-10-25 03:36:00+02:00,0.02615,0.0,0.007592,0.0
2017-10-25 03:37:00+02:00,0.02659,0.0,0.007618,0.0
2017-10-25 03:38:00+02:00,0.02948,0.0,0.007644,0.0
2017-10-25 03:39:00+02:00,0.0299,0.0,0.007644,0.0
2017-10-25 03:40:00+02:00,0.03092,0.0,0.007696,0.0
2017-10-25 03:41:00+02:00,0.03208,0.0,0.007696,0.0
2017-10-25 03:42:00+02:00,0.03103,0.0,0.007696,0.0
2017-10-25 03:43:00+02:00,0.03062,0.0,0.007748,0.0
2017-10-25 03:44:00+02:00,0.03192,0.0,0.007774,0.0
2017-10-25 03:45:00+02:00,0.03205,0.0,0.0078,0.0
2017-10-25 03:46:00+02:00,0.02847,0.0,0.0078,0.0
2017-10-25 03:47:00+02:00,0.02895,0.0,0.0078,0.0
2017-10-25 03:48:00+02:00,0.03337,0.0,0.007852,0.0
2017-10-25 03:49:00+02:00,0.02588,0.0,0.007878,0.0
2017-10-25 03:50:00+02:00,0.02416,0.0,0.007904,0.0
2017-10-25 03:51:00+02:00,0.02531,0.0,0.007904,0.0
2017-10-25 03:52:00+02:00,0.02493,0.0,0.00793,0.0
2017-10-25 03:53:00+02:00,0.02462,0.0,0.007956,0.0
2017-10-25 03:54:00+02:00,0.02874,0.0,0.007956,0.0
2017-10-25 03:55:00+02:00,0.02533,0.0,0.007956,0.0
2017-10-25 03:56:00+02:00,0.02982,0.0,0.008034,0.0
2017-10-25 03:57:00+02:00,0.03424,0.0,0.008034,0.0
2017-10-25 03:58:00+02:00,0.03507,0.0,0.00806,0.0
2017-10-25 03:59:00+02:00,0.03451,0.0,0.00806,0.0
2017-10-25 04:00:00+02:00,0.03536,0.0,0.008086,0.0
2017-10-25 04:01:00+02:00,0.0337,0.0,0.008112,0.0
2017-10-25 04:02:00+02:00,0.02587,0.0,0.00819,0.0
2017-10-25 04:03:00+02:00,0.02731,0.0,0.008242,0.0
2017-10-25 04:04:00+02:00,0.03174,0.0,0.008294,0.0
2017-10-25 04:05:00+02:00,0.03317,0.0,0.008372,0.0
2017-10-25 04:06:00+02:00,0.03181,0.0,0.00845,0.0
2017-10-25 04:07:00+02:00,0.03174,0.0,0.008476,0.0
2017-10-25 04:08:00+02:00,0.03322,0.0,0.00858,0.0
2017-10-25 04:09:00+02:00,0.0335,0.0,0.008606,0.0
2017-10-25 04:10:00+02:00,0.03107,0.0,0.00871,0.0
2017-10-25 04:11:00+02:00,0.02558,0.0,0.008762,0.0
2017-10-25 04:12:00+02:00,0.02689,0.0,0.008814,0.0
2017-10-25 04:13:00+02:00,0.03086,0.0,0.008892,0.0
2017-10-25 04:14:00+02:00,0.03069,0.0,0.00897,0.0
2017-10-25 04:15:00+02:00,0.02605,0.0,0.009022,0.0
2017-10-25 04:16:00+02:00,0.0252,0.0,0.0091,0.0
2017-10-25 04:17:00+02:00,0.02534,0.0,0.009152,0.0
2017-10-25 04:18:00+02:00,0.02433,0.0,0.00923,0.0
2017-10-25 04:19:00+02:00,0.02414,0.0,0.009282,0.0
2017-10-25 04:20:00+02:00,0.025,0.0,0.00936,0.0
2017-10-25 04:21:00+02:00,0.02529,0.0,0.009386,0.0
2017-10-25 04:22:00+02:00,0.02632,0.0,0.00949,0.0
2017-10-25 04:23:00+02:00,0.02874,0.0,0.009542,0.0
2017-10-25 04:24:00+02:00,0.02996,0.0,0.00962,0.0
2017-10-25 04:25:00+02:00,0.02936,0.0,0.009698,0.0
2017-10-25 04:26:00+02:00,0.02921,0.0,0.009698,0.0
2017-10-25 04:27:00+02:00,0.02813,0.0,0.009802,0.0
2017-10-25 04:28:00+02:00,0.03144,0.0,0.009854,0.0
2017-10-25 04:29:00+02:00,0.02792,0.0,0.009932,0.0
2017-10-25 04:30:00+02:00,0.02666,0.0,0.009984,0.0
2017-10-25 04:31:00+02:00,0.02561,0.0,0.010036,0.0
2017-10-25 04:32:00+02:00,0.02583,0.0,0.010114,0.0
2017-10-25 04:33:00+02:00,0.0277,0.0,0.010192,0.0
2017-10-25 04:34:00+02:00,0.02707,0.0,0.010244,0.0
2017-10-25 04:35:00+02:00,0.02557,0.0,0.010322,0.0
2017-10-25 04:36:00+02:00,0.02601,0.0,0.010374,0.0
2017-10-25 04:37:00+02:00,0.02621,0.0,0.010452,0.0
2017-10-25 04:38:00+02:00,0.02515,0.0,0.010504,0.0
2017-10-25 04:39:00+02:00,0.02631,0.0,0.010582,0.0
2017-10-25 04:40:00+02:00,0.02761,0.0,0.010634,0.0
2017-10-25 04:41:00+02:00,0.02625,0.0,0.010712,0.0
2017-10-25 04:42:00+02:00,0.02667,0.0,0.01079,0.0
2017-10-25 04:43:00+02:00,0.02646,0.0,0.010842,0.0
2017-10-25 04:44:00+02:00,0.02525,0.0,0.010894,0.0
2017-10-25 04:45:00+02:00,0.02508,0.0,0.010946,0.011
2017-10-25 04:46:00+02:00,0.02529,0.0,0.011024,0.011
2017-10-25 04:47:00+02:00,0.02504,0.0,0.011128,0.011
2017-10-25 04:48:00+02:00,0.02503,0.0,0.011128,0.011
2017-10-25 04:49:00+02:00,0.02385,0.0,0.011232,0.011
2017-10-25 04:50:00+02:00,0.02586,0.0,0.011284,0.011
2017-10-25 04:51:00+02:00,0.02594,0.0,0.011362,0.011
2017-10-25 04:52:00+02:00,0.02531,0.0,0.01144,0.011
2017-10-25 04:53:00+02:00,0.02525,0.0,0.011466,0.011
2017-10-25 04:54:00+02:00,0.02644,0.0,0.011544,0.011
2017-10-25 04:55:00+02:00,0.02637,0.0,0.011596,0.011
2017-10-25 04:56:00+02:00,0.02786,0.0,0.011674,0.011
2017-10-25 04:57:00+02:00,0.02727,0.0,0.0117,0.011
2017-10-25 04:58:00+02:00,0.02939,0.0,0.011804,0.011
2017-10-25 04:59:00+02:00,0.02952,0.0,0.011856,0.011
2017-10-25 05:00:00+02:00,0.03064,0.0,0.011934,0.011
2017-10-25 05:01:00+02:00,0.03147,0.0,0.012012,0.011
2017-10-25 05:02:00+02:00,0.03004,0.0,0.012168,0.011
2017-10-25 05:03:00+02:00,0.03044,0.0,0.01235,0.011
2017-10-25 05:04:00+02:00,0.03006,0.0,0.012506,0.011
2017-10-25 05:05:00+02:00,0.03031,0.0,0.012636,0.011
2017-10-25 05:06:00+02:00,0.03407,0.0,0.012792,0.011
2017-10-25 05:07:00+02:00,0.03342,0.0,0.012974,0.011
2017-10-25 05:08:00+02:00,0.03306,0.0,0.01313,0.011
2017-10-25 05:09:00+02:00,0.03222,0.0,0.013312,0.011
2017-10-25 05:10:00+02:00,0.03178,0.0,0.013442,0.011
2017-10-25 05:11:00+02:00,0.03041,0.0,0.01365,0.011
2017-10-25 05:12:00+02:00,0.02854,0.0,0.01378,0.011
2017-10-25 05:13:00+02:00,0.02715,0.0,0.013962,0.011
2017-10-25 05:14:00+02:00,0.02658,0.0,0.014118,0.011
2017-10-25 05:15:00+02:00,0.02799,0.0,0.014274,0.011
2017-10-25 05:16:00+02:00,0.02638,0.0,0.014456,0.011
2017-10-25 05:17:00+02:00,0.02598,0.0,0.014638,0.011
2017-10-25 05:18:00+02:00,0.02813,0.0,0.014768,0.011
2017-10-25 05:19:00+02:00,0.02843,0.0,0.01495,0.011
2017-10-25 05:20:00+02:00,0.02915,0.0,0.01508,0.011
2017-10-25 05:21:00+02:00,0.02964,0.0,0.015262,0.011
2017-10-25 05:22:00+02:00,0.02937,0.0,0.015444,0.011
2017-10-25 05:23:00+02:00,0.02823,0.0,0.015574,0.011
2017-10-25 05:24:00+02:00,0.02852,0.0,0.015756,0.011
2017-10-25 05:25:00+02:00,0.02875,0.0,0.015938,0.011
2017-10-25 05:26:00+02:00,0.03004,0.0,0.016094,0.011
2017-10-25 05:27:00+02:00,0.02974,0.0,0.01625,0.011
2017-10-25 05:28:00+02:00,0.03163,0.0,0.016406,0.011
2017-10-25 05:29:00+02:00,0.0297,0.0,0.016562,0.011
2017-10-25 05:30:00+02:00,0.02857,0.0,0.01677,0.011
2017-10-25 05:31:00+02:00,0.02616,0.0,0.0169,0.011
2017-10-25 05:32:00+02:00,0.02956,0.0,0.017082,0.011
2017-10-25 05:33:00+02:00,0.02871,0.0,0.017212,0.011
2017-10-25 05:34:00+02:00,0.02884,0.0,0.01742,0.011
2017-10-25 05:35:00+02:00,0.02912,0.0,0.017576,0.011
2017-10-25 05:36:00+02:00,0.02904,0.0,0.017732,0.011
2017-10-25 05:37:00+02:00,0.02964,0.0,0.017888,0.011
2017-10-25 05:38:00+02:00,0.0315,0.0,0.01807,0.011
2017-10-25 05:39:00+02:00,0.02976,0.0,0.018226,0.011
2017-10-25 05:40:00+02:00,0.03055,0.0,0.018382,0.011
2017-10-25 05:41:00+02:00,0.02939,0.0,0.018512,0.011
2017-10-25 05:42:00+02:00,0.02698,0.0,0.018694,0.011
2017-10-25 05:43:00+02:00,0.02606,0.0,0.01885,0.011
2017-10-25 05:44:00+02:00,0.02616,0.0,0.019032,0.011
2017-10-25 05:45:00+02:00,0.02564,0.0,0.019188,0.011
2017-10-25 05:46:00+02:00,0.02498,0.0,0.01937,0.011
2017-10-25 05:47:00+02:00,0.02437,0.0,0.0195,0.011
2017-10-25 05:48:00+02:00,0.02346,0.0,0.019708,0.011
2017-10-25 05:49:00+02:00,0.02411,0.0,0.019838,0.011
2017-10-25 05:50:00+02:00,0.02444,0.0,0.02002,0.011
2017-10-25 05:51:00+02:00,0.02665,0.0,0.020176,0.011
2017-10-25 05:52:00+02:00,0.0305,0.0,0.020306,0.011
2017-10-25 05:53:00+02:00,0.0305,0.0,0.020514,0.011
2017-10-25 05:54:00+02:00,0.0325,0.0,0.020644,0.011
2017-10-25 05:55:00+02:00,0.03449,0.0,0.020826,0.011
2017-10-25 05:56:00+02:00,0.03366,0.0,0.020982,0.011
2017-10-25 05:57:00+02:00,0.03419,0.0,0.021164,0.011
2017-10-25 05:58:00+02:00,0.03534,0.0,0.02132,0.011
2017-10-25 05:59:00+02:00,0.03497,0.0,0.021502,0.011
2017-10-25 06:00:00+02:00,0.03075,0.0,0.021632,0.011
2017-10-25 06:01:00+02:00,0.02732,0.0,0.021814,0.011
2017-10-25 06:02:00+02:00,0.03189,0.0,0.021918,0.011
2017-10-25 06:03:00+02:00,0.03835,0.0,0.022022,0.011
2017-10-25 06:04:00+02:00,0.03249,0.0,0.022074,0.011
2017-10-25 06:05:00+02:00,0.03315,0.0,0.022152,0.011
2017-10-25 06:06:00+02:00,0.03343,0.0,0.022256,0.011
2017-10-25 06:07:00+02:00,0.03205,0.0,0.022386,0.011
2017-10-25 06:08:00+02:00,0.03124,0.0,0.022464,0.011
2017-10-25 06:09:00+02:00,0.03383,0.0,0.022568,0.011
2017-10-25 06:10:00+02:00,0.03384,0.0,0.022646,0.011
2017-10-25 06:11:00+02:00,0.03396,0.0,0.022724,0.011
2017-10-25 06:12:00+02:00,0.03398,0.0,0.022828,0.011
2017-10-25 06:13:00+02:00,0.03052,0.0,0.022932,0.011
2017-10-25 06:14:00+02:00,0.03169,0.0,0.02301,0.011
2017-10-25 06:15:00+02:00,0.03313,0.0,0.02314,0.011
2017-10-25 06:16:00+02:00,0.03173,0.0,0.023218,0.011
2017-10-25 06:17:00+02:00,0.0286,0.0,0.023296,0.011
2017-10-25 06:18:00+02:00,0.02978,0.0,0.023374,0.011
2017-10-25 06:19:00+02:00,0.03217,0.0,0.023478,0.011
2017-10-25 06:20:00+02:00,0.03369,0.0,0.023582,0.011
2017-10-25 06:21:00+02:00,0.03177,0.0,0.02366,0.011
2017-10-25 06:22:00+02:00,0.03219,0.0,0.023764,0.011
2017-10-25 06:23:00+02:00,0.03133,0.0,0.023868,0.011
2017-10-25 06:24:00+02:00,0.03284,0.0,0.023946,0.011
2017-10-25 06:25:00+02:00,0.03106,0.0,0.02405,0.011
2017-10-25 06:26:00+02:00,0.03256,0.0,0.024154,0.011
2017-10-25 06:27:00+02:00,0.03384,0.0,0.024232,0.011
2017-10-25 06:28:00+02:00,0.03414,0.0,0.024336,0.011
2017-10-25 06:29:00+02:00,0.03529,0.0,0.024414,0.011
2017-10-25 06:30:00+02:00,0.03407,0.0,0.024466,0.011
2017-10-25 06:31:00+02:00,0.03479,0.0,0.024596,0.011
2017-10-25 06:32:00+02:00,0.04384,0.0,0.0247,0.011
2017-10-25 06:33:00+02:00,0.05126,0.0,0.024804,0.011
2017-10-25 06:34:00+02:00,0.05539,0.0,0.024882,0.011
2017-10-25 06:35:00+02:00,0.0607,0.0,0.024986,0.011
2017-10-25 06:36:00+02:00,0.0621,0.0,0.025064,0.011
2017-10-25 06:37:00+02:00,0.06222,0.0,0.025142,0.011
2017-10-25 06:38:00+02:00,0.05853,0.0,0.025246,0.011
2017-10-25 06:39:00+02:00,0.06184,0.0,0.02535,0.011
2017-10-25 06:40:00+02:00,0.05917,0.0,0.025454,0.011
2017-10-25 06:41:00+02:00,0.05889,0.0,0.025558,0.011
2017-10-25 06:42:00+02:00,0.06026,0.0,0.025636,0.011
2017-10-25 06:43:00+02:00,0.06487,0.0,0.025714,0.011
2017-10-25 06:44:00+02:00,0.06303,0.0,0.025792,0.011
2017-10-25 06:45:00+02:00,0.0619,0.0,0.025896,0.011
2017-10-25 06:46:00+02:00,0.06069,0.0,0.026,0.011
2017-10-25 06:47:00+02:00,0.05814,0.0,0.026078,0.011
2017-10-25 06:48:00+02:00,0.04835,0.0,0.026208,0.011
2017-10-25 06:49:00+02:00,0.0488,0.0,0.026286,0.011
2017-10-25 06:50:00+02:00,0.04411,0.0,0.026364,0.011
2017-10-25 06:51:00+02:00,0.04295,0.0,0.026468,0.011
2017-10-25 06:52:00+02:00,0.04413,0.0,0.026572,0.011
2017-10-25 06:53:00+02:00,0.04961,0.0,0.02665,0.011
2017-10-25 06:54:00+02:00,0.04566,0.0,0.026754,0.011
2017-10-25 06:55:00+02:00,0.04565,0.0,0.026806,0.011
2017-10-25 06:56:00+02:00,0.04981,0.0,0.026936,0.011
2017-10-25 06:57:00+02:00,0.04772,0.0,0.027014,0.011
2017-10-25 06:58:00+02:00,0.0516,0.0,0.027118,0.011
2017-10-25 06:59:00+02:00,0.05649,0.0,0.027222,0.011
2017-10-25 07:00:00+02:00,0.05521,0.0,0.0273,0.011
2017-10-25 07:01:00+02:00,0.05645,0.0,0.027378,0.011
2017-10-25 07:02:00+02:00,0.06222,0.0,0.027378,0.011
2017-10-25 07:03:00+02:00,0.06081,0.0,0.027378,0.011
2017-10-25 07:04:00+02:00,0.06214,0.0,0.027378,0.011
2017-10-25 07:05:00+02:00,0.06127,0.0,0.027378,0.011
2017-10-25 07:06:00+02:00,0.06516,0.0,0.027378,0.011
2017-10-25 07:07:00+02:00,0.06502,0.0,0.027378,0.011
2017-10-25 07:08:00+02:00,0.06741,0.0,0.027378,0.011
2017-10-25 07:09:00+02:00,0.06759,0.0,0.027378,0.011
2017-10-25 07:10:00+02:00,0.06591,0.0,0.027378,0.011
2017-10-25 07:11:00+02:00,0.06827,0.0,0.027378,0.011
2017-10-25 07:12:00+02:00,0.06938,0.0,0.027352,0.011
2017-10-25 07:13:00+02:00,0.06726,0.0,0.027326,0.011
2017-10-25 07:14:00+02:00,0.06446,0.0,0.027326,0.011
2017-10-25 07:15:00+02:00,0.06813,0.0,0.0273,0.011
2017-10-25 07:16:00+02:00,0.06492,0.0,0.0273,0.011
2017-10-25 07:17:00+02:00,0.06622,0.0,0.0273,0.011
2017-10-25 07:18:00+02:00,0.06356,0.0,0.0273,0.011
2017-10-25 07:19:00+02:00,0.05888,0.0,0.0273,0.011
2017-10-25 07:20:00+02:00,0.06111,0.0,0.0273,0.011
2017-10-25 07:21:00+02:00,0.06717,0.0,0.0273,0.011
2017-10-25 07:22:00+02:00,0.07099,0.0,0.0273,0.011
2017-10-25 07:23:00+02:00,0.07829,0.0,0.0273,0.011
2017-10-25 07:24:00+02:00,0.0692,0.0,0.0273,0.011
2017-10-25 07:25:00+02:00,0.0754,0.0,0.027274,0.011
2017-10-25 07:26:00+02:00,0.08024,0.0,0.027274,0.011
2017-10-25 07:27:00+02:00,0.07922,0.0,0.027274,0.011
2017-10-25 07:28:00+02:00,0.07697,0.0,0.027274,0.011
2017-10-25 07:29:00+02:00,0.09455,0.0,0.027274,0.011
2017-10-25 07:30:00+02:00,0.08916,0.0,0.027248,0.011
2017-10-25 07:31:00+02:00,0.07565,0.0,0.027248,0.007333
2017-10-25 07:32:00+02:00,0.07618,0.0,0.027248,0.0
2017-10-25 07:33:00+02:00,0.08011,0.0,0.027248,0.0
2017-10-25 07:34:00+02:00,0.08498,0.0,0.027222,0.0
2017-10-25 07:35:00+02:00,0.09588,0.0,0.027222,0.0
2017-10-25 07:36:00+02:00,0.09383,0.0,0.027222,0.0
2017-10-25 07:37:00+02:00,0.08243,0.0,0.027222,0.0
2017-10-25 07:38:00+02:00,0.07969,0.0,0.027222,0.0
2017-10-25 07:39:00+02:00,0.07449,0.0,0.027222,0.0
2017-10-25 07:40:00+02:00,0.06841,0.0,0.027222,0.0
2017-10-25 07:41:00+02:00,0.06733,0.0,0.027222,0.0
2017-10-25 07:42:00+02:00,0.06228,0.0,0.027222,0.0
2017-10-25 07:43:00+02:00,0.07565,0.0,0.027222,0.0
2017-10-25 07:44:00+02:00,0.07878,0.0,0.027196,0.0
2017-10-25 07:45:00+02:00,0.07699,0.0,0.027196,0.0
2017-10-25 07:46:00+02:00,0.0751,0.0,0.027196,0.0
2017-10-25 07:47:00+02:00,0.07082,0.0,0.027196,0.0
2017-10-25 07:48:00+02:00,0.06821,0.0,0.027144,0.0
2017-10-25 07:49:00+02:00,0.06908,0.0,0.027144,0.0
2017-10-25 07:50:00+02:00,0.06678,0.0,0.027144,0.0
2017-10-25 07:51:00+02:00,0.07324,0.0,0.027144,0.0
2017-10-25 07:52:00+02:00,0.08201,0.0,0.027144,0.0
2017-10-25 07:53:00+02:00,0.08277,0.0,0.027144,0.0
2017-10-25 07:54:00+02:00,0.08155,0.0,0.027144,0.0
2017-10-25 07:55:00+02:00,0.08903,0.0,0.027118,0.0
2017-10-25 07:56:00+02:00,0.07947,0.0,0.027118,0.0
2017-10-25 07:57:00+02:00,0.07201,0.0,0.027118,0.0
2017-10-25 07:58:00+02:00,0.07977,0.0,0.027118,0.0
2017-10-25 07:59:00+02:00,0.07458,0.0,0.027118,0.0
2017-10-25 08:00:00+02:00,0.07831,0.0,0.027118,0.0
2017-10-25 08:01:00+02:00,0.08191,0.0,0.027118,0.0
2017-10-25 08:02:00+02:00,0.09151,0.0,0.027014,0.0
2017-10-25 08:03:00+02:00,0.09368,0.0,0.026988,0.0
2017-10-25 08:04:00+02:00,0.10362,0.0,0.026884,0.0
2017-10-25 08:05:00+02:00,0.10813,0.0,0.026806,0.0
2017-10-25 08:06:00+02:00,0.10526,0.0,0.026754,0.0
2017-10-25 08:07:00+02:00,0.09871,0.0,0.026702,0.0
2017-10-25 08:08:00+02:00,0.10014,0.0,0.026598,0.0
2017-10-25 08:09:00+02:00,0.09679,0.0,0.026572,0.0
2017-10-25 08:10:00+02:00,0.09559,0.0,0.026468,0.0
2017-10-25 08:11:00+02:00,0.08971,0.0,0.02639,0.0
2017-10-25 08:12:00+02:00,0.09356,0.0,0.026312,0.0
2017-10-25 08:13:00+02:00,0.08645,0.0,0.02626,0.0
2017-10-25 08:14:00+02:00,0.07439,0.0,0.026208,0.0
2017-10-25 08:15:00+02:00,0.05803,0.0,0.026104,0.0
2017-10-25 08:16:00+02:00,0.06043,0.0,0.026052,0.0
2017-10-25 08:17:00+02:00,0.06167,0.0,0.025974,0.0
2017-10-25 08:18:00+02:00,0.06071,0.0,0.025896,0.0
2017-10-25 08:19:00+02:00,0.05848,0.0,0.025792,0.0
2017-10-25 08:20:00+02:00,0.05997,0.0,0.025766,0.0
2017-10-25 08:21:00+02:00,0.06005,0.0,0.025662,0.0
2017-10-25 08:22:00+02:00,0.06648,0.0,0.02561,0.0
2017-10-25 08:23:00+02:00,0.06512,0.0,0.025558,0.0
2017-10-25 08:24:00+02:00,0.06905,0.00047,0.02548,0.0
2017-10-25 08:25:00+02:00,0.07056,0.001632,0.025376,0.0
2017-10-25 08:26:00+02:00,0.07059,0.001363,0.02535,0.0
2017-10-25 08:27:00+02:00,0.06962,0.001095,0.025246,0.0
2017-10-25 08:28:00+02:00,0.06921,0.00142,0.025168,0.0
2017-10-25 08:29:00+02:00,0.06394,0.005909,0.025116,0.0
2017-10-25 08:30:00+02:00,0.06364,0.004669,0.025038,0.0
2017-10-25 08:31:00+02:00,0.06687,0.004754,0.02496,0.0
2017-10-25 08:32:00+02:00,0.06697,0.006777,0.024882,0.0
2017-10-25 08:33:00+02:00,0.06732,0.006244,0.02483,0.0
2017-10-25 08:34:00+02:00,0.06497,0.007791,0.024752,0.0
2017-10-25 08:35:00+02:00,0.06418,0.009924,0.024674,0.0
2017-10-25 08:36:00+02:00,0.06554,0.01096,0.024596,0.0
2017-10-25 08:37:00+02:00,0.06552,0.014903,0.02457,0.0
2017-10-25 08:38:00+02:00,0.06871,0.01266,0.024466,0.0
2017-10-25 08:39:00+02:00,0.07543,0.013769,0.024388,0.0
2017-10-25 08:40:00+02:00,0.08068,0.011483,0.024336,0.0
2017-10-25 08:41:00+02:00,0.08826,0.012584,0.024258,0.0
2017-10-25 08:42:00+02:00,0.08455,0.01141,0.024154,0.0
2017-10-25 08:43:00+02:00,0.08979,0.012512,0.024128,0.0
2017-10-25 08:44:00+02:00,0.07969,0.013896,0.02405,0.0
2017-10-25 08:45:00+02:00,0.08915,0.015078,0.023946,0.0
2017-10-25 08:46:00+02:00,0.07824,0.012071,0.023894,0.0
2017-10-25 08:47:00+02:00,0.07814,0.011487,0.023816,0.0
2017-10-25 08:48:00+02:00,0.07502,0.011729,0.023738,0.0
2017-10-25 08:49:00+02:00,0.07093,0.016047,0.02366,0.0
2017-10-25 08:50:00+02:00,0.07225,0.016346,0.023608,0.0
2017-10-25 08:51:00+02:00,0.07389,0.012728,0.023556,0.0
2017-10-25 08:52:00+02:00,0.0877,0.01428,0.023478,0.0
2017-10-25 08:53:00+02:00,0.08781,0.015666,0.023374,0.0
2017-10-25 08:54:00+02:00,0.08214,0.019294,0.023348,0.0
2017-10-25 08:55:00+02:00,0.07871,0.018982,0.023244,0.0
2017-10-25 08:56:00+02:00,0.08331,0.021047,0.023166,0.0
2017-10-25 08:57:00+02:00,0.07819,0.026193,0.023114,0.0
2017-10-25 08:58:00+02:00,0.0767,0.030005,0.023062,0.0
2017-10-25 08:59:00+02:00,0.07637,0.03209,0.022958,0.0
2017-10-25 09:00:00+02:00,0.07441,0.036383,0.02288,0.0
2017-10-25 09:01:00+02:00,0.08129,0.040957,0.022828,0.0
2017-10-25 09:02:00+02:00,0.0902,0.048338,0.022802,0.0
2017-10-25 09:03:00+02:00,0.08932,0.050842,0.022724,0.0
2017-10-25 09:04:00+02:00,0.08268,0.051749,0.022724,0.0
2017-10-25 09:05:00+02:00,0.08366,0.052575,0.022672,0.0
2017-10-25 09:06:00+02:00,0.08573,0.052999,0.022646,0.0
2017-10-25 09:07:00+02:00,0.08088,0.050575,0.022568,0.0
2017-10-25 09:08:00+02:00,0.07645,0.050989,0.022568,0.0
2017-10-25 09:09:00+02:00,0.0647,0.060156,0.022516,0.0
2017-10-25 09:10:00+02:00,0.06589,0.065383,0.022464,0.0
2017-10-25 09:11:00+02:00,0.06795,0.067977,0.022438,0.0
2017-10-25 09:12:00+02:00,0.06318,0.077523,0.022412,0.0
2017-10-25 09:13:00+02:00,0.0664,0.080808,0.022386,0.0
2017-10-25 09:14:00+02:00,0.06052,0.081104,0.022334,0.0
2017-10-25 09:15:00+02:00,0.07897,0.082534,0.022308,0.011
2017-10-25 09:16:00+02:00,0.08706,0.078126,0.022256,0.011
2017-10-25 09:17:00+02:00,0.09878,0.068994,0.02223,0.011
2017-10-25 09:18:00+02:00,0.0921,0.073353,0.022152,0.011
2017-10-25 09:19:00+02:00,0.08485,0.063453,0.022152,0.011
2017-10-25 09:20:00+02:00,0.07183,0.063824,0.022126,0.011
2017-10-25 09:21:00+02:00,0.06156,0.061924,0.022048,0.011
2017-10-25 09:22:00+02:00,0.06018,0.061516,0.022022,0.011
2017-10-25 09:23:00+02:00,0.07822,0.054412,0.022022,0.011
2017-10-25 09:24:00+02:00,0.08674,0.059163,0.02197,0.011
2017-10-25 09:25:00+02:00,0.0853,0.06609,0.021918,0.011
2017-10-25 09:26:00+02:00,0.08128,0.065549,0.021892,0.01054
2017-10-25 09:27:00+02:00,0.08178,0.067476,0.02184,0.0
2017-10-25 09:28:00+02:00,0.07764,0.068811,0.021814,0.0
2017-10-25 09:29:00+02:00,0.07308,0.077135,0.021762,0.0
2017-10-25 09:30:00+02:00,0.05951,0.080208,0.021736,0.0
2017-10-25 09:31:00+02:00,0.06312,0.088633,0.02171,0.0
2017-10-25 09:32:00+02:00,0.06345,0.092808,0.021632,0.0
2017-10-25 09:33:00+02:00,0.06296,0.103646,0.021632,0.0
2017-10-25 09:34:00+02:00,0.06181,0.106844,0.02158,0.0
2017-10-25 09:35:00+02:00,0.06556,0.10885,0.021528,0.0
2017-10-25 09:36:00+02:00,0.0711,0.112114,0.021502,0.0
2017-10-25 09:37:00+02:00,0.06891,0.12091,0.021476,0.0
2017-10-25 09:38:00+02:00,0.06974,0.12728,0.021424,0.0
2017-10-25 09:39:00+02:00,0.06875,0.13022,0.021398,0.0
2017-10-25 09:40:00+02:00,0.0648,0.12947,0.021346,0.0
2017-10-25 09:41:00+02:00,0.06299,0.122121,0.02132,0.0
2017-10-25 09:42:00+02:00,0.05549,0.129947,0.021294,0.0
2017-10-25 09:43:00+02:00,0.05556,0.142196,0.021242,0.0
2017-10-25 09:44:00+02:00,0.0618,0.145797,0.021216,0.0
2017-10-25 09:45:00+02:00,0.05864,0.157844,0.021164,0.0
2017-10-25 09:46:00+02:00,0.05334,0.16471,0.021138,0.0
2017-10-25 09:47:00+02:00,0.06039,0.167845,0.021086,0.0
2017-10-25 09:48:00+02:00,0.05081,0.168055,0.02106,0.0
2017-10-25 09:49:00+02:00,0.05586,0.169112,0.021034,0.0
2017-10-25 09:50:00+02:00,0.05369,0.171239,0.020982,0.0
2017-10-25 09:51:00+02:00,0.05206,0.171897,0.02093,0.0
2017-10-25 09:52:00+02:00,0.05885,0.171066,0.02093,0.0
2017-10-25 09:53:00+02:00,0.05345,0.172574,0.020826,0.0
2017-10-25 09:54:00+02:00,0.05399,0.169258,0.020826,0.0
2017-10-25 09:55:00+02:00,0.06308,0.166201,0.020826,0.0
2017-10-25 09:56:00+02:00,0.06292,0.168628,0.020748,0.0
2017-10-25 09:57:00+02:00,0.05799,0.173828,0.020722,0.0
2017-10-25 09:58:00+02:00,0.05354,0.175763,0.020696,0.0
2017-10-25 09:59:00+02:00,0.04872,0.17932,0.020644,0.0
2017-10-25 10:00:00+02:00,0.05248,0.180679,0.020592,0.0
2017-10-25 10:01:00+02:00,0.05292,0.176578,0.020566,0.0
2017-10-25 10:02:00+02:00,0.05883,0.17584,0.020514,0.0
2017-10-25 10:03:00+02:00,0.06106,0.177285,0.020514,0.0
2017-10-25 10:04:00+02:00,0.05605,0.184717,0.020462,0.0
2017-10-25 10:05:00+02:00,0.0551,0.193211,0.02041,0.0
2017-10-25 10:06:00+02:00,0.06347,0.200761,0.02041,0.0
2017-10-25 10:07:00+02:00,0.05586,0.207634,0.020358,0.0
2017-10-25 10:08:00+02:00,0.05286,0.209213,0.020306,0.0
2017-10-25 10:09:00+02:00,0.052,0.20845,0.02028,0.0
2017-10-25 10:10:00+02:00,0.05562,0.208066,0.020254,0.0
2017-10-25 10:11:00+02:00,0.06477,0.206944,0.020202,0.0
2017-10-25 10:12:00+02:00,0.06252,0.203053,0.020176,0.0
2017-10-25 10:13:00+02:00,0.05955,0.200497,0.02015,0.0
2017-10-25 10:14:00+02:00,0.05743,0.20125,0.020098,0.0
2017-10-25 10:15:00+02:00,0.09067,0.199521,0.020046,0.0
2017-10-25 10:16:00+02:00,0.0905,0.20094,0.02002,0.0
2017-10-25 10:17:00+02:00,0.09718,0.208907,0.019994,0.0
2017-10-25 10:18:00+02:00,0.09763,0.213703,0.019942,0.0
2017-10-25 10:19:00+02:00,0.09598,0.208987,0.019916,0.0
2017-10-25 10:20:00+02:00,0.09883,0.201042,0.01989,0.0
2017-10-25 10:21:00+02:00,0.09052,0.195292,0.019838,0.0
2017-10-25 10:22:00+02:00,0.08369,0.192569,0.019838,0.0
2017-10-25 10:23:00+02:00,0.08399,0.192406,0.01976,0.0
2017-10-25 10:24:00+02:00,0.08226,0.195207,0.019734,0.0
2017-10-25 10:25:00+02:00,0.0854,0.194262,0.019708,0.0
2017-10-25 10:26:00+02:00,0.06381,0.191134,0.01963,0.0
2017-10-25 10:27:00+02:00,0.05478,0.182047,0.019604,0.0
2017-10-25 10:28:00+02:00,0.05578,0.192209,0.019604,0.0
2017-10-25 10:29:00+02:00,0.05748,0.199266,0.019552,0.0
2017-10-25 10:30:00+02:00,0.05919,0.188613,0.0195,0.0
2017-10-25 10:31:00+02:00,0.06412,0.139525,0.0195,0.0
2017-10-25 10:32:00+02:00,0.06899,0.207236,0.019422,0.0
2017-10-25 10:33:00+02:00,0.06969,0.219973,0.019422,0.0
2017-10-25 10:34:00+02:00,0.06793,0.230582,0.01937,0.0
2017-10-25 10:35:00+02:00,0.07072,0.237105,0.019318,0.0
2017-10-25 10:36:00+02:00,0.06999,0.241618,0.019318,0.0
2017-10-25 10:37:00+02:00,0.07721,0.240683,0.019266,0.0
2017-10-25 10:38:00+02:00,0.07418,0.244533,0.019214,0.0
2017-10-25 10:39:00+02:00,0.07531,0.250372,0.019188,0.0
2017-10-25 10:40:00+02:00,0.07425,0.256818,0.019162,0.0
2017-10-25 10:41:00+02:00,0.06247,0.259196,0.019084,0.0
2017-10-25 10:42:00+02:00,0.05714,0.258718,0.019084,0.0
2017-10-25 10:43:00+02:00,0.05609,0.257757,0.019032,0.0
2017-10-25 10:44:00+02:00,0.05553,0.245405,0.019006,0.0
2017-10-25 10:45:00+02:00,0.0487,0.226768,0.01898,0.0
2017-10-25 10:46:00+02:00,0.04929,0.207492,0.018928,0.0
2017-10-25 10:47:00+02:00,0.05094,0.196632,0.018928,0.0
2017-10-25 10:48:00+02:00,0.05245,0.195336,0.018876,0.0
2017-10-25 10:49:00+02:00,0.05066,0.197289,0.018824,0.0
2017-10-25 10:50:00+02:00,0.04858,0.199743,0.018798,0.0
2017-10-25 10:51:00+02:00,0.04462,0.199366,0.018746,0.0
2017-10-25 10:52:00+02:00,0.04914,0.198825,0.01872,0.0
2017-10-25 10:53:00+02:00,0.04954,0.200078,0.018694,0.0
2017-10-25 10:54:00+02:00,0.05036,0.205366,0.018642,0.0
2017-10-25 10:55:00+02:00,0.05469,0.210459,0.018616,0.0
2017-10-25 10:56:00+02:00,0.05718,0.219015,0.01859,0.0
2017-10-25 10:57:00+02:00,0.05467,0.230944,0.018512,0.0
2017-10-25 10:58:00+02:00,0.05767,0.236417,0.018512,0.0
2017-10-25 10:59:00+02:00,0.05856,0.233661,0.018486,0.0
2017-10-25 11:00:00+02:00,0.05683,0.235073,0.018408,0.011
2017-10-25 11:01:00+02:00,0.05403,0.248361,0.018408,0.011
2017-10-25 11:02:00+02:00,0.04956,0.264269,0.018382,0.011
2017-10-25 11:03:00+02:00,0.04858,0.277455,0.01833,0.011
2017-10-25 11:04:00+02:00,0.04881,0.275704,0.018278,0.011
2017-10-25 11:05:00+02:00,0.04509,0.273099,0.018278,0.011
2017-10-25 11:06:00+02:00,0.04597,0.276438,0.018252,0.011
2017-10-25 11:07:00+02:00,0.0475,0.279356,0.0182,0.011
2017-10-25 11:08:00+02:00,0.05122,0.270145,0.018174,0.011
2017-10-25 11:09:00+02:00,0.04583,0.26171,0.018148,0.011
2017-10-25 11:10:00+02:00,0.04758,0.266594,0.018096,0.011
2017-10-25 11:11:00+02:00,0.04977,0.279263,0.018096,0.011
2017-10-25 11:12:00+02:00,0.04562,0.289143,0.01807,0.011
2017-10-25 11:13:00+02:00,0.04411,0.332929,0.018018,0.011
2017-10-25 11:14:00+02:00,0.04324,0.366516,0.017992,0.011
2017-10-25 11:15:00+02:00,0.04405,0.39129,0.017966,0.011
2017-10-25 11:16:00+02:00,0.05035,0.397725,0.01794,0.011
2017-10-25 11:17:00+02:00,0.04743,0.393267,0.017888,0.011
2017-10-25 11:18:00+02:00,0.04444,0.360094,0.017862,0.011
2017-10-25 11:19:00+02:00,0.04541,0.347483,0.017836,0.011
2017-10-25 11:20:00+02:00,0.04435,0.369252,0.017836,0.011
2017-10-25 11:21:00+02:00,0.04947,0.350863,0.017758,0.011
2017-10-25 11:22:00+02:00,0.05234,0.319973,0.017758,0.011
2017-10-25 11:23:00+02:00,0.0491,0.29914,0.017706,0.011
2017-10-25 11:24:00+02:00,0.04587,0.332245,0.017706,0.011
2017-10-25 11:25:00+02:00,0.04567,0.361477,0.01768,0.011
2017-10-25 11:26:00+02:00,0.04497,0.328962,0.017602,0.011
2017-10-25 11:27:00+02:00,0.0457,0.321161,0.017602,0.011
2017-10-25 11:28:00+02:00,0.04798,0.325071,0.017576,0.011
2017-10-25 11:29:00+02:00,0.04837,0.311334,0.017524,0.011
2017-10-25 11:30:00+02:00,0.04811,0.313973,0.017498,0.011
2017-10-25 11:31:00+02:00,0.04612,0.353943,0.017472,0.011
2017-10-25 11:32:00+02:00,0.04779,0.355764,0.01742,0.011
2017-10-25 11:33:00+02:00,0.05018,0.369288,0.01742,0.011
2017-10-25 11:34:00+02:00,0.05751,0.381888,0.017368,0.011
2017-10-25 11:35:00+02:00,0.05611,0.461109,0.017342,0.011
2017-10-25 11:36:00+02:00,0.05579,0.555388,0.017316,0.011
2017-10-25 11:37:00+02:00,0.04458,0.373323,0.01729,0.011
2017-10-25 11:38:00+02:00,0.0446,0.309787,0.01729,0.011
2017-10-25 11:39:00+02:00,0.04749,0.336495,0.017212,0.011
2017-10-25 11:40:00+02:00,0.05279,0.36662,0.017186,0.011
2017-10-25 11:41:00+02:00,0.05141,0.395494,0.017186,0.011
2017-10-25 11:42:00+02:00,0.04986,0.368306,0.017134,0.011
2017-10-25 11:43:00+02:00,0.05006,0.356838,0.017082,0.011
2017-10-25 11:44:00+02:00,0.04911,0.358301,0.017082,0.011
2017-10-25 11:45:00+02:00,0.04729,0.357526,0.017056,0.011
2017-10-25 11:46:00+02:00,0.04583,0.376497,0.017004,0.011
2017-10-25 11:47:00+02:00,0.04557,0.41575,0.017004,0.011
2017-10-25 11:48:00+02:00,0.05288,0.439743,0.016952,0.011
2017-10-25 11:49:00+02:00,0.05366,0.443076,0.016926,0.011
2017-10-25 11:50:00+02:00,0.04989,0.406409,0.016874,0.011
2017-10-25 11:51:00+02:00,0.05522,0.373635,0.016874,0.011
2017-10-25 11:52:00+02:00,0.05836,0.334895,0.016822,0.011
2017-10-25 11:53:00+02:00,0.05527,0.314695,0.01677,0.011
2017-10-25 11:54:00+02:00,0.05802,0.306175,0.01677,0.011
2017-10-25 11:55:00+02:00,0.06003,0.296358,0.01677,0.011
2017-10-25 11:56:00+02:00,0.0531,0.270746,0.016692,0.011
2017-10-25 11:57:00+02:00,0.05258,0.252808,0.016666,0.011
2017-10-25 11:58:00+02:00,0.05159,0.26483,0.016666,0.011
2017-10-25 11:59:00+02:00,0.054,0.253076,0.016614,0.011
2017-10-25 12:00:00+02:00,0.05716,0.23337,0.016614,0.0182
2017-10-25 12:01:00+02:00,0.05767,0.223954,0.016536,0.011
2017-10-25 12:02:00+02:00,0.05281,0.220352,0.01651,0.011
2017-10-25 12:03:00+02:00,0.05503,0.212136,0.01651,0.011
2017-10-25 12:04:00+02:00,0.05791,0.216143,0.01651,0.011
2017-10-25 12:05:00+02:00,0.05254,0.231434,0.016458,0.011
2017-10-25 12:06:00+02:00,0.049,0.241492,0.016458,0.011
2017-10-25 12:07:00+02:00,0.05002,0.225244,0.016406,0.011
2017-10-25 12:08:00+02:00,0.04886,0.206125,0.016406,0.011
2017-10-25 12:09:00+02:00,0.05,0.198738,0.01638,0.011
2017-10-25 12:10:00+02:00,0.05157,0.201835,0.01638,0.011
2017-10-25 12:11:00+02:00,0.05074,0.211778,0.016354,0.011
2017-10-25 12:12:00+02:00,0.04737,0.210635,0.016328,0.011
2017-10-25 12:13:00+02:00,0.04437,0.171883,0.016302,0.011
2017-10-25 12:14:00+02:00,0.05046,0.127977,0.016276,0.011
2017-10-25 12:15:00+02:00,0.0471,0.109898,0.016276,0.022
2017-10-25 12:16:00+02:00,0.04698,0.136132,0.01625,0.022
2017-10-25 12:17:00+02:00,0.05043,0.204393,0.016198,0.022
2017-10-25 12:18:00+02:00,0.04826,0.263848,0.016198,0.022
2017-10-25 12:19:00+02:00,0.04827,0.307916,0.016198,0.022
2017-10-25 12:20:00+02:00,0.04488,0.328388,0.016172,0.022
2017-10-25 12:21:00+02:00,0.04472,0.322247,0.016172,0.022
2017-10-25 12:22:00+02:00,0.04534,0.299169,0.016094,0.022
2017-10-25 12:23:00+02:00,0.05117,0.292399,0.016094,0.022
2017-10-25 12:24:00+02:00,0.05087,0.304798,0.016094,0.022
2017-10-25 12:25:00+02:00,0.05433,0.31503,0.016094,0.022
2017-10-25 12:26:00+02:00,0.04902,0.316828,0.016068,0.022
2017-10-25 12:27:00+02:00,0.05168,0.343696,0.01599,0.022
2017-10-25 12:28:00+02:00,0.0479,0.361774,0.01599,0.022
2017-10-25 12:29:00+02:00,0.0358,0.367133,0.01599,0.022
2017-10-25 12:30:00+02:00,0.0405,0.378099,0.015964,0.012553
2017-10-25 12:31:00+02:00,0.04587,0.371645,0.015964,0.011
2017-10-25 12:32:00+02:00,0.04594,0.346993,0.015938,0.011
2017-10-25 12:33:00+02:00,0.04916,0.342188,0.015912,0.011
2017-10-25 12:34:00+02:00,0.05009,0.318587,0.01586,0.011
2017-10-25 12:35:00+02:00,0.04896,0.335024,0.01586,0.011
2017-10-25 12:36:00+02:00,0.04858,0.351627,0.01586,0.011
2017-10-25 12:37:00+02:00,0.0476,0.361514,0.015834,0.011
2017-10-25 12:38:00+02:00,0.04899,0.351698,0.015782,0.011
2017-10-25 12:39:00+02:00,0.04606,0.33822,0.015782,0.011
2017-10-25 12:40:00+02:00,0.04871,0.332045,0.015756,0.011
2017-10-25 12:41:00+02:00,0.04726,0.35374,0.015756,0.011
2017-10-25 12:42:00+02:00,0.04344,0.378619,0.015704,0.011
2017-10-25 12:43:00+02:00,0.04172,0.387572,0.015704,0.011
2017-10-25 12:44:00+02:00,0.03822,0.420875,0.015678,0.001133
2017-10-25 12:45:00+02:00,0.03903,0.450278,0.015678,0.011
2017-10-25 12:46:00+02:00,0.04229,0.444381,0.015652,0.011
2017-10-25 12:47:00+02:00,0.04324,0.385952,0.0156,0.011
2017-10-25 12:48:00+02:00,0.04218,0.342451,0.0156,0.011
2017-10-25 12:49:00+02:00,0.05355,0.330675,0.015574,0.011
2017-10-25 12:50:00+02:00,0.05414,0.341808,0.015548,0.011
2017-10-25 12:51:00+02:00,0.04897,0.359726,0.015548,0.011
2017-10-25 12:52:00+02:00,0.05111,0.389775,0.015522,0.011
2017-10-25 12:53:00+02:00,0.0541,0.416607,0.015496,0.011
2017-10-25 12:54:00+02:00,0.05747,0.604434,0.01547,0.011
2017-10-25 12:55:00+02:00,0.0568,0.542135,0.015444,0.011
2017-10-25 12:56:00+02:00,0.06016,0.780269,0.015444,0.011
2017-10-25 12:57:00+02:00,0.06441,0.738926,0.015418,0.011
2017-10-25 12:58:00+02:00,0.062,0.659416,0.015392,0.011
2017-10-25 12:59:00+02:00,0.05672,0.734064,0.015392,0.011
2017-10-25 13:00:00+02:00,0.04946,0.773656,0.01534,0.022
2017-10-25 13:01:00+02:00,0.04953,0.805477,0.01534,0.022
2017-10-25 13:02:00+02:00,0.04915,0.667684,0.01534,0.022
2017-10-25 13:03:00+02:00,0.04388,0.594497,0.015288,0.022
2017-10-25 13:04:00+02:00,0.04462,0.721192,0.015288,0.022
2017-10-25 13:05:00+02:00,0.04379,0.554046,0.015288,0.022
2017-10-25 13:06:00+02:00,0.04514,0.681872,0.015288,0.022
2017-10-25 13:07:00+02:00,0.04831,0.529646,0.015288,0.022
2017-10-25 13:08:00+02:00,0.0503,0.405256,0.015262,0.022
2017-10-25 13:09:00+02:00,0.04851,0.502489,0.015262,0.022
2017-10-25 13:10:00+02:00,0.04974,0.650022,0.01521,0.022
2017-10-25 13:11:00+02:00,0.04961,0.598674,0.015184,0.022
2017-10-25 13:12:00+02:00,0.04718,0.603052,0.015184,0.022
2017-10-25 13:13:00+02:00,0.04369,0.699211,0.015184,0.022
2017-10-25 13:14:00+02:00,0.0431,0.576742,0.015184,0.022
2017-10-25 13:15:00+02:00,0.04222,0.46733,0.015184,0.022
2017-10-25 13:16:00+02:00,0.04594,0.534958,0.015184,0.022
2017-10-25 13:17:00+02:00,0.04429,0.582211,0.015132,0.022
2017-10-25 13:18:00+02:00,0.04822,0.658549,0.015132,0.022
2017-10-25 13:19:00+02:00,0.04802,0.778382,0.015106,0.022
2017-10-25 13:20:00+02:00,0.04372,0.746117,0.015106,0.022
2017-10-25 13:21:00+02:00,0.04422,0.495503,0.015106,0.022
2017-10-25 13:22:00+02:00,0.04363,0.583345,0.01508,0.022
2017-10-25 13:23:00+02:00,0.04509,0.44115,0.01508,0.022
2017-10-25 13:24:00+02:00,0.04726,0.404924,0.015054,0.022
2017-10-25 13:25:00+02:00,0.04821,0.448106,0.015054,0.022
2017-10-25 13:26:00+02:00,0.04886,0.362318,0.015054,0.022
2017-10-25 13:27:00+02:00,0.04967,0.331545,0.015028,0.022
2017-10-25 13:28:00+02:00,0.04281,0.346737,0.015002,0.0161
2017-10-25 13:29:00+02:00,0.04274,0.364723,0.015002,0.011
2017-10-25 13:30:00+02:00,0.04174,0.360496,0.014976,0.011
2017-10-25 13:31:00+02:00,0.04039,0.356969,0.014976,0.011
2017-10-25 13:32:00+02:00,0.04227,0.312368,0.014976,0.011
2017-10-25 13:33:00+02:00,0.04325,0.438667,0.01495,0.011
2017-10-25 13:34:00+02:00,0.04442,0.382762,0.01495,0.011
2017-10-25 13:35:00+02:00,0.04755,0.309686,0.01495,0.011
2017-10-25 13:36:00+02:00,0.04644,0.293249,0.014898,0.011
2017-10-25 13:37:00+02:00,0.04895,0.317207,0.014872,0.011
2017-10-25 13:38:00+02:00,0.04797,0.334085,0.014872,0.011
2017-10-25 13:39:00+02:00,0.05218,0.267707,0.014872,0.011
2017-10-25 13:40:00+02:00,0.05753,0.261137,0.014872,0.011
2017-10-25 13:41:00+02:00,0.05617,0.262314,0.014872,0.011
2017-10-25 13:42:00+02:00,0.05165,0.278785,0.014872,0.011
2017-10-25 13:43:00+02:00,0.04741,0.273818,0.014872,0.011
2017-10-25 13:44:00+02:00,0.04648,0.315935,0.014794,0.011
2017-10-25 13:45:00+02:00,0.04652,0.4495,0.014768,0.022
2017-10-25 13:46:00+02:00,0.04553,0.493723,0.014768,0.022
2017-10-25 13:47:00+02:00,0.04624,0.432243,0.014768,0.022
2017-10-25 13:48:00+02:00,0.04695,0.329478,0.014768,0.022
2017-10-25 13:49:00+02:00,0.05276,0.294132,0.014768,0.022
2017-10-25 13:50:00+02:00,0.05435,0.257137,0.014768,0.01546
2017-10-25 13:51:00+02:00,0.04961,0.237972,0.014742,0.011
2017-10-25 13:52:00+02:00,0.04849,0.215971,0.014742,0.011
2017-10-25 13:53:00+02:00,0.05283,0.212609,0.014716,0.011
2017-10-25 13:54:00+02:00,0.05235,0.173709,0.01469,0.011
2017-10-25 13:55:00+02:00,0.0494,0.172789,0.014664,0.011
2017-10-25 13:56:00+02:00,0.0509,0.218868,0.014664,0.011
2017-10-25 13:57:00+02:00,0.05044,0.268205,0.014664,0.011
2017-10-25 13:58:00+02:00,0.04719,0.264637,0.014638,0.011
2017-10-25 13:59:00+02:00,0.04726,0.321401,0.014638,0.011
2017-10-25 14:00:00+02:00,0.04433,0.336652,0.014638,0.011
2017-10-25 14:01:00+02:00,0.04608,0.32966,0.014612,0.011
2017-10-25 14:02:00+02:00,0.04769,0.316068,0.014612,0.011
2017-10-25 14:03:00+02:00,0.04391,0.297967,0.014612,0.011
2017-10-25 14:04:00+02:00,0.04705,0.303277,0.014612,0.011
2017-10-25 14:05:00+02:00,0.04707,0.312294,0.014612,0.011
2017-10-25 14:06:00+02:00,0.04477,0.346964,0.014612,0.011
2017-10-25 14:07:00+02:00,0.04524,0.342288,0.014612,0.011
2017-10-25 14:08:00+02:00,0.04465,0.290138,0.014612,0.011
2017-10-25 14:09:00+02:00,0.04505,0.274057,0.014612,0.011
2017-10-25 14:10:00+02:00,0.04637,0.274718,0.014612,0.011
2017-10-25 14:11:00+02:00,0.05189,0.567031,0.014612,0.011
2017-10-25 14:12:00+02:00,0.05472,0.750928,0.014586,0.011
2017-10-25 14:13:00+02:00,0.05734,0.831233,0.014586,0.011
2017-10-25 14:14:00+02:00,0.05068,0.811577,0.014586,0.011
2017-10-25 14:15:00+02:00,0.04318,0.773493,0.014586,0.033
2017-10-25 14:16:00+02:00,0.04246,0.705191,0.014586,0.033
2017-10-25 14:17:00+02:00,0.04264,0.66859,0.014586,0.033
2017-10-25 14:18:00+02:00,0.03899,0.62881,0.014586,0.033
2017-10-25 14:19:00+02:00,0.03866,0.673619,0.014586,0.033
2017-10-25 14:20:00+02:00,0.0403,0.737904,0.014586,0.033
2017-10-25 14:21:00+02:00,0.04191,0.748614,0.014586,0.033
2017-10-25 14:22:00+02:00,0.04347,0.711037,0.01456,0.033
2017-10-25 14:23:00+02:00,0.04646,0.492102,0.01456,0.033
2017-10-25 14:24:00+02:00,0.05062,0.552319,0.01456,0.033
2017-10-25 14:25:00+02:00,0.05016,0.526283,0.01456,0.033
2017-10-25 14:26:00+02:00,0.04836,0.594433,0.01456,0.033
2017-10-25 14:27:00+02:00,0.04378,0.482505,0.01456,0.033
2017-10-25 14:28:00+02:00,0.04707,0.552839,0.01456,0.033
2017-10-25 14:29:00+02:00,0.0491,0.567764,0.01456,0.033
2017-10-25 14:30:00+02:00,0.04613,0.618128,0.01456,0.044
2017-10-25 14:31:00+02:00,0.04073,0.494692,0.014534,0.044
2017-10-25 14:32:00+02:00,0.04012,0.649817,0.014534,0.044
2017-10-25 14:33:00+02:00,0.04259,0.551761,0.014534,0.044
2017-10-25 14:34:00+02:00,0.03829,0.38638,0.014534,0.044
2017-10-25 14:35:00+02:00,0.03701,0.3092,0.014534,0.044
2017-10-25 14:36:00+02:00,0.04164,0.334514,0.014534,0.044
2017-10-25 14:37:00+02:00,0.04603,0.39305,0.014534,0.044
2017-10-25 14:38:00+02:00,0.04699,0.509559,0.014534,0.044
2017-10-25 14:39:00+02:00,0.0475,0.597255,0.014534,0.044
2017-10-25 14:40:00+02:00,0.04591,0.590014,0.014534,0.036093
2017-10-25 14:41:00+02:00,0.04608,0.508931,0.014534,0.033
2017-10-25 14:42:00+02:00,0.04528,0.597459,0.014534,0.033
2017-10-25 14:43:00+02:00,0.04582,0.642808,0.014534,0.033
2017-10-25 14:44:00+02:00,0.04614,0.661705,0.014534,0.023807
2017-10-25 14:45:00+02:00,0.04612,0.679606,0.014534,0.022
2017-10-25 14:46:00+02:00,0.04595,0.540504,0.014534,0.022
2017-10-25 14:47:00+02:00,0.04697,0.244973,0.014534,0.022
2017-10-25 14:48:00+02:00,0.04594,0.204174,0.014534,0.014667
2017-10-25 14:49:00+02:00,0.04759,0.191358,0.014534,0.011
2017-10-25 14:50:00+02:00,0.04359,0.106621,0.014534,0.011
2017-10-25 14:51:00+02:00,0.04458,0.133438,0.014508,0.011
2017-10-25 14:52:00+02:00,0.04767,0.079292,0.014508,0.011
2017-10-25 14:53:00+02:00,0.04616,0.131053,0.014508,0.011
2017-10-25 14:54:00+02:00,0.04195,0.168774,0.014508,0.011
2017-10-25 14:55:00+02:00,0.04327,0.191954,0.014508,0.011
2017-10-25 14:56:00+02:00,0.04533,0.157787,0.014508,0.011
2017-10-25 14:57:00+02:00,0.0536,0.18599,0.014508,0.011
2017-10-25 14:58:00+02:00,0.05217,0.316128,0.014508,0.011
2017-10-25 14:59:00+02:00,0.04383,0.170695,0.014508,0.011
2017-10-25 15:00:00+02:00,0.04803,0.164865,0.014508,0.033
2017-10-25 15:01:00+02:00,0.04426,0.171692,0.014508,0.033
2017-10-25 15:02:00+02:00,0.04233,0.179664,0.014508,0.033
2017-10-25 15:03:00+02:00,0.04191,0.185155,0.014534,0.033
2017-10-25 15:04:00+02:00,0.04551,0.188412,0.014534,0.033
2017-10-25 15:05:00+02:00,0.04593,0.184044,0.014534,0.02418
2017-10-25 15:06:00+02:00,0.04712,0.175855,0.014534,0.022
2017-10-25 15:07:00+02:00,0.04813,0.157293,0.01456,0.022
2017-10-25 15:08:00+02:00,0.04707,0.133542,0.014586,0.022
2017-10-25 15:09:00+02:00,0.039,0.111714,0.014586,0.022
2017-10-25 15:10:00+02:00,0.0404,0.098939,0.014612,0.022
2017-10-25 15:11:00+02:00,0.0416,0.105874,0.014612,0.022
2017-10-25 15:12:00+02:00,0.04647,0.119232,0.014638,0.022
2017-10-25 15:13:00+02:00,0.04782,0.115572,0.014638,0.022
2017-10-25 15:14:00+02:00,0.04518,0.097692,0.014638,0.022
2017-10-25 15:15:00+02:00,0.04056,0.078225,0.014638,0.033
2017-10-25 15:16:00+02:00,0.03827,0.056065,0.014664,0.033
2017-10-25 15:17:00+02:00,0.03785,0.047192,0.014664,0.033
2017-10-25 15:18:00+02:00,0.03887,0.077121,0.014664,0.033
2017-10-25 15:19:00+02:00,0.04163,0.140775,0.01469,0.033
2017-10-25 15:20:00+02:00,0.04503,0.152888,0.014716,0.033
2017-10-25 15:21:00+02:00,0.04225,0.13389,0.014742,0.033
2017-10-25 15:22:00+02:00,0.03996,0.123923,0.014742,0.033
2017-10-25 15:23:00+02:00,0.0384,0.125315,0.014768,0.033
2017-10-25 15:24:00+02:00,0.0388,0.135656,0.014768,0.033
2017-10-25 15:25:00+02:00,0.0409,0.19959,0.014768,0.033
2017-10-25 15:26:00+02:00,0.03761,0.243759,0.014768,0.033
2017-10-25 15:27:00+02:00,0.03663,0.389947,0.014768,0.033
2017-10-25 15:28:00+02:00,0.03698,0.326597,0.014768,0.033
2017-10-25 15:29:00+02:00,0.04301,0.372536,0.014768,0.033
2017-10-25 15:30:00+02:00,0.04016,0.409973,0.014794,0.033
2017-10-25 15:31:00+02:00,0.03994,0.329424,0.014872,0.033
2017-10-25 15:32:00+02:00,0.0402,0.289202,0.014872,0.033
2017-10-25 15:33:00+02:00,0.03752,0.221654,0.014872,0.033
2017-10-25 15:34:00+02:00,0.0355,0.199442,0.014872,0.033
2017-10-25 15:35:00+02:00,0.03792,0.226427,0.014872,0.033
2017-10-25 15:36:00+02:00,0.04063,0.204697,0.014872,0.033
2017-10-25 15:37:00+02:00,0.03946,0.183337,0.014872,0.033
2017-10-25 15:38:00+02:00,0.0372,0.308227,0.014898,0.033
2017-10-25 15:39:00+02:00,0.03413,0.492887,0.014898,0.033
2017-10-25 15:40:00+02:00,0.0344,0.352713,0.01495,0.033
2017-10-25 15:41:00+02:00,0.03732,0.267547,0.01495,0.033
2017-10-25 15:42:00+02:00,0.03551,0.43386,0.01495,0.033
2017-10-25 15:43:00+02:00,0.03681,0.32864,0.014976,0.033
2017-10-25 15:44:00+02:00,0.03736,0.414016,0.014976,0.022167
2017-10-25 15:45:00+02:00,0.04031,0.520338,0.014976,0.022
2017-10-25 15:46:00+02:00,0.03933,0.246481,0.015002,0.022
2017-10-25 15:47:00+02:00,0.04255,0.188463,0.015002,0.022
2017-10-25 15:48:00+02:00,0.0421,0.225081,0.015002,0.022
2017-10-25 15:49:00+02:00,0.04331,0.205415,0.015028,0.022
2017-10-25 15:50:00+02:00,0.0408,0.267765,0.015054,0.022
2017-10-25 15:51:00+02:00,0.04413,0.183402,0.015054,0.022
2017-10-25 15:52:00+02:00,0.04469,0.246181,0.015054,0.022
2017-10-25 15:53:00+02:00,0.04637,0.423826,0.01508,0.021313
2017-10-25 15:54:00+02:00,0.04984,0.376791,0.01508,0.011
2017-10-25 15:55:00+02:00,0.05069,0.379971,0.015106,0.011
2017-10-25 15:56:00+02:00,0.0461,0.287116,0.015106,0.011
2017-10-25 15:57:00+02:00,0.04012,0.30376,0.015106,0.011
2017-10-25 15:58:00+02:00,0.03616,0.216861,0.015132,0.011
2017-10-25 15:59:00+02:00,0.037,0.176994,0.015132,0.011
2017-10-25 16:00:00+02:00,0.03617,0.155152,0.015158,0.066
2017-10-25 16:01:00+02:00,0.03757,0.134398,0.015184,0.066
2017-10-25 16:02:00+02:00,0.03385,0.132274,0.015184,0.066
2017-10-25 16:03:00+02:00,0.03604,0.146235,0.015184,0.066
2017-10-25 16:04:00+02:00,0.04038,0.161125,0.015184,0.066
2017-10-25 16:05:00+02:00,0.04587,0.204804,0.015262,0.066
2017-10-25 16:06:00+02:00,0.04727,0.209468,0.015288,0.066
2017-10-25 16:07:00+02:00,0.0475,0.259896,0.015288,0.066
2017-10-25 16:08:00+02:00,0.06184,0.211434,0.015288,0.066
2017-10-25 16:09:00+02:00,0.05785,0.17505,0.015288,0.066
2017-10-25 16:10:00+02:00,0.05301,0.149844,0.01534,0.066
2017-10-25 16:11:00+02:00,0.05188,0.133347,0.01534,0.066
2017-10-25 16:12:00+02:00,0.05182,0.122482,0.015392,0.066
2017-10-25 16:13:00+02:00,0.04856,0.113209,0.015392,0.066
2017-10-25 16:14:00+02:00,0.04301,0.099954,0.015418,0.066
2017-10-25 16:15:00+02:00,0.04551,0.098323,0.015444,0.088
2017-10-25 16:16:00+02:00,0.04707,0.095459,0.015444,0.088
2017-10-25 16:17:00+02:00,0.04761,0.090054,0.015444,0.085127
2017-10-25 16:18:00+02:00,0.04848,0.08767,0.015496,0.069127
2017-10-25 16:19:00+02:00,0.05201,0.086275,0.015522,0.066
2017-10-25 16:20:00+02:00,0.05116,0.079317,0.015548,0.066
2017-10-25 16:21:00+02:00,0.04852,0.075932,0.015548,0.066
2017-10-25 16:22:00+02:00,0.0411,0.071256,0.015574,0.066
2017-10-25 16:23:00+02:00,0.04388,0.07166,0.0156,0.066
2017-10-25 16:24:00+02:00,0.04667,0.070236,0.0156,0.066
2017-10-25 16:25:00+02:00,0.04798,0.070486,0.015626,0.066
2017-10-25 16:26:00+02:00,0.04885,0.059554,0.015652,0.066
2017-10-25 16:27:00+02:00,0.0475,0.048568,0.015678,0.055687
2017-10-25 16:28:00+02:00,0.05008,0.044115,0.015678,0.047633
2017-10-25 16:29:00+02:00,0.05542,0.038812,0.015704,0.044
2017-10-25 16:30:00+02:00,0.05378,0.034952,0.015704,0.077
2017-10-25 16:31:00+02:00,0.05655,0.031761,0.015756,0.077
2017-10-25 16:32:00+02:00,0.05315,0.02973,0.015756,0.077
2017-10-25 16:33:00+02:00,0.05424,0.02742,0.015782,0.077
2017-10-25 16:34:00+02:00,0.05502,0.025159,0.015782,0.077
2017-10-25 16:35:00+02:00,0.06899,0.022335,0.015834,0.077
2017-10-25 16:36:00+02:00,0.05746,0.021182,0.01586,0.077
2017-10-25 16:37:00+02:00,0.05292,0.020287,0.01586,0.077
2017-10-25 16:38:00+02:00,0.0506,0.021122,0.01586,0.077
2017-10-25 16:39:00+02:00,0.04534,0.02269,0.015886,0.077
2017-10-25 16:40:00+02:00,0.04521,0.024873,0.015938,0.077
2017-10-25 16:41:00+02:00,0.04649,0.026091,0.015964,0.077
2017-10-25 16:42:00+02:00,0.04585,0.025753,0.015964,0.077
2017-10-25 16:43:00+02:00,0.04477,0.025978,0.015964,0.077
2017-10-25 16:44:00+02:00,0.04583,0.024829,0.01599,0.077
2017-10-25 16:45:00+02:00,0.05133,0.024967,0.01599,0.077
2017-10-25 16:46:00+02:00,0.05317,0.025202,0.016068,0.077
2017-10-25 16:47:00+02:00,0.05381,0.023158,0.016068,0.077
2017-10-25 16:48:00+02:00,0.05658,0.021032,0.016094,0.077
2017-10-25 16:49:00+02:00,0.06033,0.019768,0.016094,0.077
2017-10-25 16:50:00+02:00,0.06096,0.02094,0.016094,0.077
2017-10-25 16:51:00+02:00,0.0539,0.02032,0.01612,0.077
2017-10-25 16:52:00+02:00,0.05121,0.019102,0.016172,0.077
2017-10-25 16:53:00+02:00,0.05104,0.019353,0.016198,0.077
2017-10-25 16:54:00+02:00,0.05318,0.016343,0.016198,0.077
2017-10-25 16:55:00+02:00,0.06364,0.014674,0.016198,0.07582
2017-10-25 16:56:00+02:00,0.05845,0.012515,0.016198,0.066
2017-10-25 16:57:00+02:00,0.05337,0.010288,0.016276,0.066
2017-10-25 16:58:00+02:00,0.05362,0.012842,0.016276,0.066
2017-10-25 16:59:00+02:00,0.056,0.014426,0.016276,0.066
2017-10-25 17:00:00+02:00,0.04809,0.015802,0.016302,0.066
2017-10-25 17:01:00+02:00,0.04954,0.015711,0.016328,0.066
2017-10-25 17:02:00+02:00,0.05116,0.015196,0.01638,0.066
2017-10-25 17:03:00+02:00,0.05366,0.015928,0.01638,0.066
2017-10-25 17:04:00+02:00,0.05443,0.015044,0.016406,0.066
2017-10-25 17:05:00+02:00,0.05996,0.013,0.016458,0.062227
2017-10-25 17:06:00+02:00,0.062,0.013352,0.01651,0.055
2017-10-25 17:07:00+02:00,0.06207,0.01297,0.01651,0.055
2017-10-25 17:08:00+02:00,0.0585,0.011259,0.016536,0.055
2017-10-25 17:09:00+02:00,0.0573,0.011117,0.016614,0.055
2017-10-25 17:10:00+02:00,0.05637,0.009409,0.016614,0.055
2017-10-25 17:11:00+02:00,0.05674,0.009759,0.016666,0.055
2017-10-25 17:12:00+02:00,0.05727,0.008676,0.016666,0.055
2017-10-25 17:13:00+02:00,0.05571,0.008539,0.016718,0.055
2017-10-25 17:14:00+02:00,0.05737,0.007634,0.01677,0.055
2017-10-25 17:15:00+02:00,0.06321,0.007265,0.01677,0.066
2017-10-25 17:16:00+02:00,0.071,0.006719,0.016822,0.066
2017-10-25 17:17:00+02:00,0.06484,0.004967,0.016874,0.0654
2017-10-25 17:18:00+02:00,0.06998,0.0,0.016874,0.055
2017-10-25 17:19:00+02:00,0.07104,0.0,0.0169,0.055
2017-10-25 17:20:00+02:00,0.06851,0.0,0.016952,0.055
2017-10-25 17:21:00+02:00,0.06583,0.0,0.016952,0.055
2017-10-25 17:22:00+02:00,0.072,0.0,0.017004,0.055
2017-10-25 17:23:00+02:00,0.06921,0.0,0.01703,0.055
2017-10-25 17:24:00+02:00,0.07417,0.0,0.017082,0.055
2017-10-25 17:25:00+02:00,0.07463,0.0,0.017082,0.055
2017-10-25 17:26:00+02:00,0.06633,0.0,0.017134,0.055
2017-10-25 17:27:00+02:00,0.05756,0.0,0.017186,0.055
2017-10-25 17:28:00+02:00,0.05661,0.0,0.017186,0.055
2017-10-25 17:29:00+02:00,0.05787,0.0,0.017212,0.055
2017-10-25 17:30:00+02:00,0.06094,0.0,0.01729,0.055
2017-10-25 17:31:00+02:00,0.06383,0.0,0.01729,0.055
2017-10-25 17:32:00+02:00,0.06095,0.0,0.017316,0.055
2017-10-25 17:33:00+02:00,0.05861,0.0,0.017368,0.055
2017-10-25 17:34:00+02:00,0.05665,0.0,0.01742,0.055
2017-10-25 17:35:00+02:00,0.05637,0.0,0.01742,0.055
2017-10-25 17:36:00+02:00,0.0622,0.0,0.017446,0.055
2017-10-25 17:37:00+02:00,0.0693,0.0,0.017498,0.055
2017-10-25 17:38:00+02:00,0.06087,0.0,0.017524,0.055
2017-10-25 17:39:00+02:00,0.06066,0.0,0.01755,0.055
2017-10-25 17:40:00+02:00,0.06167,0.0,0.017602,0.055
2017-10-25 17:41:00+02:00,0.06533,0.0,0.017602,0.055
2017-10-25 17:42:00+02:00,0.06426,0.0,0.017654,0.055
2017-10-25 17:43:00+02:00,0.06568,0.0,0.01768,0.055
2017-10-25 17:44:00+02:00,0.06228,0.0,0.017706,0.055
2017-10-25 17:45:00+02:00,0.06621,0.0,0.017758,0.066
2017-10-25 17:46:00+02:00,0.06669,0.0,0.017758,0.066
2017-10-25 17:47:00+02:00,0.05473,0.0,0.017836,0.066
2017-10-25 17:48:00+02:00,0.06195,0.0,0.017836,0.066
2017-10-25 17:49:00+02:00,0.05737,0.0,0.017862,0.06088
2017-10-25 17:50:00+02:00,0.06034,0.0,0.017914,0.055
2017-10-25 17:51:00+02:00,0.0622,0.0,0.01794,0.055
2017-10-25 17:52:00+02:00,0.06273,0.0,0.017992,0.055
2017-10-25 17:53:00+02:00,0.05777,0.0,0.017992,0.055
2017-10-25 17:54:00+02:00,0.05667,0.0,0.018018,0.055
2017-10-25 17:55:00+02:00,0.05585,0.0,0.018096,0.044
2017-10-25 17:56:00+02:00,0.05903,0.0,0.018096,0.044
2017-10-25 17:57:00+02:00,0.05485,0.0,0.018122,0.044
2017-10-25 17:58:00+02:00,0.05878,0.0,0.018174,0.044
2017-10-25 17:59:00+02:00,0.06095,0.0,0.0182,0.044
2017-10-25 18:00:00+02:00,0.05959,0.0,0.018226,0.055
2017-10-25 18:01:00+02:00,0.05492,0.0,0.018278,0.055
2017-10-25 18:02:00+02:00,0.05981,0.0,0.018278,0.055
2017-10-25 18:03:00+02:00,0.05891,0.0,0.018304,0.055
2017-10-25 18:04:00+02:00,0.0695,0.0,0.01833,0.055
2017-10-25 18:05:00+02:00,0.06435,0.0,0.018382,0.055
2017-10-25 18:06:00+02:00,0.06911,0.0,0.018408,0.055
2017-10-25 18:07:00+02:00,0.07161,0.0,0.018408,0.055
2017-10-25 18:08:00+02:00,0.07909,0.0,0.018408,0.055
2017-10-25 18:09:00+02:00,0.07877,0.0,0.018512,0.055
2017-10-25 18:10:00+02:00,0.07178,0.0,0.018512,0.055
2017-10-25 18:11:00+02:00,0.07106,0.0,0.018512,0.055
2017-10-25 18:12:00+02:00,0.06814,0.0,0.018538,0.055
2017-10-25 18:13:00+02:00,0.07124,0.0,0.01859,0.055
2017-10-25 18:14:00+02:00,0.06666,0.0,0.018616,0.054253
2017-10-25 18:15:00+02:00,0.0687,0.0,0.018616,0.055
2017-10-25 18:16:00+02:00,0.07059,0.0,0.018668,0.055
2017-10-25 18:17:00+02:00,0.07494,0.0,0.018694,0.055
2017-10-25 18:18:00+02:00,0.06332,0.0,0.018694,0.055
2017-10-25 18:19:00+02:00,0.06511,0.0,0.018746,0.055
2017-10-25 18:20:00+02:00,0.06683,0.0,0.018772,0.055
2017-10-25 18:21:00+02:00,0.06704,0.0,0.018772,0.055
2017-10-25 18:22:00+02:00,0.07007,0.0,0.018824,0.055
2017-10-25 18:23:00+02:00,0.06094,0.0,0.018824,0.055
2017-10-25 18:24:00+02:00,0.06152,0.0,0.018876,0.055
2017-10-25 18:25:00+02:00,0.06388,0.0,0.018902,0.055
2017-10-25 18:26:00+02:00,0.069,0.0,0.018928,0.055
2017-10-25 18:27:00+02:00,0.07465,0.0,0.018928,0.055
2017-10-25 18:28:00+02:00,0.07833,0.0,0.01898,0.055
2017-10-25 18:29:00+02:00,0.07364,0.0,0.019006,0.048273
2017-10-25 18:30:00+02:00,0.07506,0.0,0.019032,0.044
2017-10-25 18:31:00+02:00,0.06897,0.0,0.019058,0.044
2017-10-25 18:32:00+02:00,0.07954,0.0,0.019084,0.044
2017-10-25 18:33:00+02:00,0.08217,0.0,0.019084,0.044
2017-10-25 18:34:00+02:00,0.08521,0.0,0.01911,0.044
2017-10-25 18:35:00+02:00,0.08248,0.0,0.019162,0.044
2017-10-25 18:36:00+02:00,0.07365,0.0,0.019188,0.044
2017-10-25 18:37:00+02:00,0.06979,0.0,0.019188,0.044
2017-10-25 18:38:00+02:00,0.06352,0.0,0.01924,0.044
2017-10-25 18:39:00+02:00,0.06457,0.0,0.01924,0.044
2017-10-25 18:40:00+02:00,0.06561,0.0,0.019292,0.044
2017-10-25 18:41:00+02:00,0.06725,0.0,0.019318,0.044
2017-10-25 18:42:00+02:00,0.07177,0.0,0.019318,0.044
2017-10-25 18:43:00+02:00,0.07223,0.0,0.01937,0.044
2017-10-25 18:44:00+02:00,0.07132,0.0,0.019396,0.044
2017-10-25 18:45:00+02:00,0.06969,0.0,0.019422,0.11
2017-10-25 18:46:00+02:00,0.07057,0.0,0.019422,0.11
2017-10-25 18:47:00+02:00,0.07922,0.0,0.0195,0.100473
2017-10-25 18:48:00+02:00,0.08367,0.0,0.0195,0.099
2017-10-25 18:49:00+02:00,0.08688,0.0,0.0195,0.099
2017-10-25 18:50:00+02:00,0.09075,0.0,0.019552,0.099
2017-10-25 18:51:00+02:00,0.08253,0.0,0.019604,0.099
2017-10-25 18:52:00+02:00,0.07945,0.0,0.019604,0.099
2017-10-25 18:53:00+02:00,0.0684,0.0,0.019604,0.099
2017-10-25 18:54:00+02:00,0.06503,0.0,0.01963,0.099
2017-10-25 18:55:00+02:00,0.06665,0.0,0.019708,0.099
2017-10-25 18:56:00+02:00,0.06748,0.0,0.019708,0.099
2017-10-25 18:57:00+02:00,0.07034,0.0,0.019734,0.099
2017-10-25 18:58:00+02:00,0.07023,0.0,0.019734,0.099
2017-10-25 18:59:00+02:00,0.06718,0.0,0.01976,0.099
2017-10-25 19:00:00+02:00,0.06455,0.0,0.019838,0.143
2017-10-25 19:01:00+02:00,0.06866,0.0,0.019838,0.143
2017-10-25 19:02:00+02:00,0.06861,0.0,0.019838,0.143
2017-10-25 19:03:00+02:00,0.07783,0.0,0.01989,0.143
2017-10-25 19:04:00+02:00,0.08156,0.0,0.019916,0.143
2017-10-25 19:05:00+02:00,0.07946,0.0,0.019942,0.143
2017-10-25 19:06:00+02:00,0.08822,0.0,0.019994,0.143
2017-10-25 19:07:00+02:00,0.08406,0.0,0.019994,0.143
2017-10-25 19:08:00+02:00,0.08834,0.0,0.02002,0.143
2017-10-25 19:09:00+02:00,0.08596,0.0,0.020046,0.143
2017-10-25 19:10:00+02:00,0.08874,0.0,0.020098,0.143
2017-10-25 19:11:00+02:00,0.0894,0.0,0.020124,0.143
2017-10-25 19:12:00+02:00,0.08397,0.0,0.02015,0.143
2017-10-25 19:13:00+02:00,0.08583,0.0,0.02015,0.13514
2017-10-25 19:14:00+02:00,0.09364,0.0,0.020176,0.132
2017-10-25 19:15:00+02:00,0.08801,0.0,0.020254,0.13194
2017-10-25 19:16:00+02:00,0.07767,0.0,0.020254,0.11608
2017-10-25 19:17:00+02:00,0.0792,0.0,0.02028,0.11
2017-10-25 19:18:00+02:00,0.0811,0.0,0.020306,0.11
2017-10-25 19:19:00+02:00,0.08454,0.0,0.020332,0.11
2017-10-25 19:20:00+02:00,0.09007,0.0,0.020358,0.11
2017-10-25 19:21:00+02:00,0.09906,0.0,0.02041,0.11
2017-10-25 19:22:00+02:00,0.08982,0.0,0.02041,0.11
2017-10-25 19:23:00+02:00,0.09329,0.0,0.020436,0.11
2017-10-25 19:24:00+02:00,0.08772,0.0,0.020514,0.1007
2017-10-25 19:25:00+02:00,0.09672,0.0,0.020514,0.099
2017-10-25 19:26:00+02:00,0.10117,0.0,0.020514,0.095107
2017-10-25 19:27:00+02:00,0.10701,0.0,0.020566,0.088
2017-10-25 19:28:00+02:00,0.10392,0.0,0.020592,0.079207
2017-10-25 19:29:00+02:00,0.10839,0.0,0.020618,0.077
2017-10-25 19:30:00+02:00,0.10243,0.0,0.020644,0.121
2017-10-25 19:31:00+02:00,0.10901,0.0,0.02067,0.121
2017-10-25 19:32:00+02:00,0.1075,0.0,0.020696,0.11558
2017-10-25 19:33:00+02:00,0.11258,0.0,0.020722,0.11
2017-10-25 19:34:00+02:00,0.10494,0.0,0.020748,0.11
2017-10-25 19:35:00+02:00,0.10819,0.0,0.0208,0.11
2017-10-25 19:36:00+02:00,0.10682,0.0,0.020826,0.11
2017-10-25 19:37:00+02:00,0.09898,0.0,0.020826,0.107333
2017-10-25 19:38:00+02:00,0.09561,0.0,0.020826,0.099
2017-10-25 19:39:00+02:00,0.09466,0.0,0.02093,0.09524
2017-10-25 19:40:00+02:00,0.09704,0.0,0.02093,0.088
2017-10-25 19:41:00+02:00,0.1059,0.0,0.02093,0.088
2017-10-25 19:42:00+02:00,0.10015,0.0,0.020982,0.088
2017-10-25 19:43:00+02:00,0.10278,0.0,0.021008,0.088
2017-10-25 19:44:00+02:00,0.09406,0.0,0.021034,0.088
2017-10-25 19:45:00+02:00,0.09491,0.0,0.02106,0.121
2017-10-25 19:46:00+02:00,0.10629,0.0,0.021086,0.121
2017-10-25 19:47:00+02:00,0.09231,0.0,0.021112,0.121
2017-10-25 19:48:00+02:00,0.08864,0.0,0.021164,0.11336
2017-10-25 19:49:00+02:00,0.08978,0.0,0.021164,0.099
2017-10-25 19:50:00+02:00,0.08516,0.0,0.02119,0.099
2017-10-25 19:51:00+02:00,0.07918,0.0,0.021242,0.099
2017-10-25 19:52:00+02:00,0.08426,0.0,0.021242,0.099
2017-10-25 19:53:00+02:00,0.08473,0.0,0.021294,0.099
2017-10-25 19:54:00+02:00,0.08469,0.0,0.02132,0.099
2017-10-25 19:55:00+02:00,0.08171,0.0,0.021346,0.099
2017-10-25 19:56:00+02:00,0.09902,0.0,0.021372,0.099
2017-10-25 19:57:00+02:00,0.10783,0.0,0.021398,0.099
2017-10-25 19:58:00+02:00,0.10635,0.0,0.021424,0.099
2017-10-25 19:59:00+02:00,0.09884,0.0,0.021476,0.091933
2017-10-25 20:00:00+02:00,0.1,0.0,0.021476,0.11
2017-10-25 20:01:00+02:00,0.09862,0.0,0.021502,0.11
2017-10-25 20:02:00+02:00,0.09633,0.0,0.021502,0.101027
2017-10-25 20:03:00+02:00,0.09768,0.0,0.021502,0.099
2017-10-25 20:04:00+02:00,0.09761,0.0,0.021502,0.099
2017-10-25 20:05:00+02:00,0.08262,0.0,0.021502,0.099
2017-10-25 20:06:00+02:00,0.08498,0.0,0.021476,0.099
2017-10-25 20:07:00+02:00,0.09089,0.0,0.021476,0.099
2017-10-25 20:08:00+02:00,0.09867,0.0,0.021476,0.099
2017-10-25 20:09:00+02:00,0.09282,0.0,0.021476,0.099
2017-10-25 20:10:00+02:00,0.09054,0.0,0.021476,0.099
2017-10-25 20:11:00+02:00,0.09062,0.0,0.021476,0.099
2017-10-25 20:12:00+02:00,0.08719,0.0,0.02145,0.099
2017-10-25 20:13:00+02:00,0.0912,0.0,0.02145,0.093493
2017-10-25 20:14:00+02:00,0.09206,0.0,0.021424,0.088
2017-10-25 20:15:00+02:00,0.08163,0.0,0.021424,0.11
2017-10-25 20:16:00+02:00,0.08125,0.0,0.021424,0.11
2017-10-25 20:17:00+02:00,0.08357,0.0,0.021424,0.11
2017-10-25 20:18:00+02:00,0.08507,0.0,0.021398,0.11
2017-10-25 20:19:00+02:00,0.09144,0.0,0.021398,0.11
2017-10-25 20:20:00+02:00,0.09832,0.0,0.021398,0.11
2017-10-25 20:21:00+02:00,0.09215,0.0,0.021398,0.11
2017-10-25 20:22:00+02:00,0.08875,0.0,0.021398,0.11
2017-10-25 20:23:00+02:00,0.08011,0.0,0.021398,0.11
2017-10-25 20:24:00+02:00,0.08986,0.0,0.021372,0.10058
2017-10-25 20:25:00+02:00,0.08218,0.0,0.021372,0.07822
2017-10-25 20:26:00+02:00,0.09174,0.0,0.021346,0.077
2017-10-25 20:27:00+02:00,0.09603,0.0,0.021346,0.077
2017-10-25 20:28:00+02:00,0.09908,0.0,0.021346,0.077
2017-10-25 20:29:00+02:00,0.09045,0.0,0.021346,0.077
2017-10-25 20:30:00+02:00,0.09017,0.0,0.021346,0.088
2017-10-25 20:31:00+02:00,0.09267,0.0,0.021346,0.088
2017-10-25 20:32:00+02:00,0.09804,0.0,0.021346,0.088
2017-10-25 20:33:00+02:00,0.09854,0.0,0.02132,0.088
2017-10-25 20:34:00+02:00,0.10499,0.0,0.02132,0.088
2017-10-25 20:35:00+02:00,0.10694,0.0,0.02132,0.088
2017-10-25 20:36:00+02:00,0.08796,0.0,0.02132,0.087893
2017-10-25 20:37:00+02:00,0.08319,0.0,0.02132,0.077
2017-10-25 20:38:00+02:00,0.08824,0.0,0.02132,0.077
2017-10-25 20:39:00+02:00,0.0933,0.0,0.02132,0.077
2017-10-25 20:40:00+02:00,0.09991,0.0,0.02132,0.077
2017-10-25 20:41:00+02:00,0.09576,0.0,0.021242,0.069113
2017-10-25 20:42:00+02:00,0.09656,0.0,0.021242,0.066
2017-10-25 20:43:00+02:00,0.09502,0.0,0.021242,0.066
2017-10-25 20:44:00+02:00,0.09676,0.0,0.021242,0.059293
2017-10-25 20:45:00+02:00,0.09452,0.0,0.021242,0.088
2017-10-25 20:46:00+02:00,0.0924,0.0,0.021242,0.088
2017-10-25 20:47:00+02:00,0.10275,0.0,0.021242,0.088
2017-10-25 20:48:00+02:00,0.10511,0.0,0.021242,0.088
2017-10-25 20:49:00+02:00,0.09551,0.0,0.021242,0.088
2017-10-25 20:50:00+02:00,0.09495,0.0,0.021242,0.08226
2017-10-25 20:51:00+02:00,0.09235,0.0,0.021242,0.077
2017-10-25 20:52:00+02:00,0.0981,0.0,0.021216,0.077
2017-10-25 20:53:00+02:00,0.09054,0.0,0.021216,0.077
2017-10-25 20:54:00+02:00,0.0924,0.0,0.021216,0.077
2017-10-25 20:55:00+02:00,0.08431,0.0,0.02119,0.072267
2017-10-25 20:56:00+02:00,0.08425,0.0,0.02119,0.066
2017-10-25 20:57:00+02:00,0.08256,0.0,0.02119,0.056887
2017-10-25 20:58:00+02:00,0.08214,0.0,0.02119,0.055
2017-10-25 20:59:00+02:00,0.07872,0.0,0.021164,0.055
2017-10-25 21:00:00+02:00,0.08394,0.0,0.021164,0.055
2017-10-25 21:01:00+02:00,0.09099,0.0,0.021164,0.055
2017-10-25 21:02:00+02:00,0.10515,0.0,0.021138,0.055
2017-10-25 21:03:00+02:00,0.10794,0.0,0.021086,0.055
2017-10-25 21:04:00+02:00,0.09914,0.0,0.02106,0.055
2017-10-25 21:05:00+02:00,0.09578,0.0,0.021034,0.055
2017-10-25 21:06:00+02:00,0.09764,0.0,0.020982,0.055
2017-10-25 21:07:00+02:00,0.09842,0.0,0.02093,0.055
2017-10-25 21:08:00+02:00,0.09591,0.0,0.02093,0.055
2017-10-25 21:09:00+02:00,0.09874,0.0,0.020852,0.055
2017-10-25 21:10:00+02:00,0.1019,0.0,0.020826,0.055
2017-10-25 21:11:00+02:00,0.09891,0.0,0.020826,0.055
2017-10-25 21:12:00+02:00,0.09282,0.0,0.020748,0.055
2017-10-25 21:13:00+02:00,0.08912,0.0,0.020722,0.045947
2017-10-25 21:14:00+02:00,0.08971,0.0,0.020696,0.044
2017-10-25 21:15:00+02:00,0.08898,0.0,0.020644,0.055
2017-10-25 21:16:00+02:00,0.08753,0.0,0.020618,0.055
2017-10-25 21:17:00+02:00,0.08636,0.0,0.020592,0.054967
2017-10-25 21:18:00+02:00,0.08776,0.0,0.02054,0.044
2017-10-25 21:19:00+02:00,0.10862,0.0,0.020514,0.044
2017-10-25 21:20:00+02:00,0.09323,0.0,0.020462,0.044
2017-10-25 21:21:00+02:00,0.08614,0.0,0.02041,0.044
2017-10-25 21:22:00+02:00,0.08947,0.0,0.02041,0.042053
2017-10-25 21:23:00+02:00,0.08307,0.0,0.020358,0.02676
2017-10-25 21:24:00+02:00,0.08584,0.0,0.020306,0.022
2017-10-25 21:25:00+02:00,0.08444,0.0,0.02028,0.022
2017-10-25 21:26:00+02:00,0.09792,0.0,0.020254,0.022
2017-10-25 21:27:00+02:00,0.09739,0.0,0.020202,0.022
2017-10-25 21:28:00+02:00,0.09169,0.0,0.020176,0.022
2017-10-25 21:29:00+02:00,0.09418,0.0,0.02015,0.022
2017-10-25 21:30:00+02:00,0.09414,0.0,0.020098,0.033
2017-10-25 21:31:00+02:00,0.09319,0.0,0.020046,0.033
2017-10-25 21:32:00+02:00,0.09316,0.0,0.02002,0.033
2017-10-25 21:33:00+02:00,0.09186,0.0,0.019994,0.033
2017-10-25 21:34:00+02:00,0.08701,0.0,0.019942,0.033
2017-10-25 21:35:00+02:00,0.08959,0.0,0.019916,0.033
2017-10-25 21:36:00+02:00,0.09009,0.0,0.01989,0.033
2017-10-25 21:37:00+02:00,0.0859,0.0,0.019838,0.033
2017-10-25 21:38:00+02:00,0.0999,0.0,0.019812,0.033
2017-10-25 21:39:00+02:00,0.08686,0.0,0.01976,0.033
2017-10-25 21:40:00+02:00,0.0829,0.0,0.019734,0.033
2017-10-25 21:41:00+02:00,0.08923,0.0,0.019708,0.033
2017-10-25 21:42:00+02:00,0.08571,0.0,0.01963,0.033
2017-10-25 21:43:00+02:00,0.08899,0.0,0.019604,0.033
2017-10-25 21:44:00+02:00,0.0937,0.0,0.019604,0.033
2017-10-25 21:45:00+02:00,0.09829,0.0,0.019552,0.033
2017-10-25 21:46:00+02:00,0.10065,0.0,0.0195,0.033
2017-10-25 21:47:00+02:00,0.0964,0.0,0.0195,0.033
2017-10-25 21:48:00+02:00,0.09303,0.0,0.019422,0.033
2017-10-25 21:49:00+02:00,0.08861,0.0,0.019396,0.033
2017-10-25 21:50:00+02:00,0.08806,0.0,0.01937,0.033
2017-10-25 21:51:00+02:00,0.09556,0.0,0.019318,0.033
2017-10-25 21:52:00+02:00,0.10037,0.0,0.019292,0.033
2017-10-25 21:53:00+02:00,0.09543,0.0,0.01924,0.033
2017-10-25 21:54:00+02:00,0.0927,0.0,0.019214,0.033
2017-10-25 21:55:00+02:00,0.09397,0.0,0.019188,0.033
2017-10-25 21:56:00+02:00,0.08375,0.0,0.019162,0.033
2017-10-25 21:57:00+02:00,0.08096,0.0,0.019084,0.033
2017-10-25 21:58:00+02:00,0.09099,0.0,0.019084,0.0316
2017-10-25 21:59:00+02:00,0.09818,0.0,0.019032,0.022
2017-10-25 22:00:00+02:00,0.10087,0.0,0.01898,0.055
2017-10-25 22:01:00+02:00,0.09811,0.0,0.018954,0.055
2017-10-25 22:02:00+02:00,0.09204,0.0,0.01885,0.055
2017-10-25 22:03:00+02:00,0.09388,0.0,0.018772,0.055
2017-10-25 22:04:00+02:00,0.0922,0.0,0.018668,0.055
2017-10-25 22:05:00+02:00,0.09329,0.0,0.018564,0.055
2017-10-25 22:06:00+02:00,0.08849,0.0,0.018434,0.055
2017-10-25 22:07:00+02:00,0.0866,0.0,0.018356,0.055
2017-10-25 22:08:00+02:00,0.08767,0.0,0.018278,0.055
2017-10-25 22:09:00+02:00,0.09045,0.0,0.018174,0.055
2017-10-25 22:10:00+02:00,0.09719,0.0,0.018044,0.055
2017-10-25 22:11:00+02:00,0.09844,0.0,0.017966,0.055
2017-10-25 22:12:00+02:00,0.09854,0.0,0.017862,0.055
2017-10-25 22:13:00+02:00,0.08422,0.0,0.017758,0.055
2017-10-25 22:14:00+02:00,0.08439,0.0,0.017654,0.055
2017-10-25 22:15:00+02:00,0.08292,0.0,0.01755,0.055
2017-10-25 22:16:00+02:00,0.09641,0.0,0.017446,0.055
2017-10-25 22:17:00+02:00,0.08526,0.0,0.017342,0.055
2017-10-25 22:18:00+02:00,0.07957,0.0,0.017238,0.055
2017-10-25 22:19:00+02:00,0.07457,0.0,0.017134,0.055
2017-10-25 22:20:00+02:00,0.07903,0.0,0.017056,0.044
2017-10-25 22:21:00+02:00,0.08487,0.0,0.016952,0.044
2017-10-25 22:22:00+02:00,0.07948,0.0,0.016848,0.044
2017-10-25 22:23:00+02:00,0.0803,0.0,0.016744,0.044
2017-10-25 22:24:00+02:00,0.07724,0.0,0.016614,0.044
2017-10-25 22:25:00+02:00,0.08413,0.0,0.01651,0.044
2017-10-25 22:26:00+02:00,0.07586,0.0,0.016406,0.044
2017-10-25 22:27:00+02:00,0.07741,0.0,0.016328,0.044
2017-10-25 22:28:00+02:00,0.06868,0.0,0.016224,0.044
2017-10-25 22:29:00+02:00,0.07089,0.0,0.016094,0.044
2017-10-25 22:30:00+02:00,0.0729,0.0,0.01599,0.066
2017-10-25 22:31:00+02:00,0.06784,0.0,0.015912,0.066
2017-10-25 22:32:00+02:00,0.06668,0.0,0.015808,0.066
2017-10-25 22:33:00+02:00,0.06489,0.0,0.015704,0.066
2017-10-25 22:34:00+02:00,0.06798,0.0,0.0156,0.066
2017-10-25 22:35:00+02:00,0.07009,0.0,0.015522,0.066
2017-10-25 22:36:00+02:00,0.07831,0.0,0.015418,0.066
2017-10-25 22:37:00+02:00,0.08365,0.0,0.015314,0.066
2017-10-25 22:38:00+02:00,0.08355,0.0,0.015184,0.066
2017-10-25 22:39:00+02:00,0.0748,0.0,0.015106,0.066
2017-10-25 22:40:00+02:00,0.07077,0.0,0.015002,0.066
2017-10-25 22:41:00+02:00,0.07168,0.0,0.014898,0.066
2017-10-25 22:42:00+02:00,0.07028,0.0,0.014768,0.066
2017-10-25 22:43:00+02:00,0.07435,0.0,0.014664,0.066
2017-10-25 22:44:00+02:00,0.07981,0.0,0.014586,0.066
2017-10-25 22:45:00+02:00,0.0737,0.0,0.014508,0.066
2017-10-25 22:46:00+02:00,0.06582,0.0,0.014404,0.066
2017-10-25 22:47:00+02:00,0.07343,0.0,0.014274,0.066
2017-10-25 22:48:00+02:00,0.06618,0.0,0.014196,0.066
2017-10-25 22:49:00+02:00,0.07035,0.0,0.014092,0.066
2017-10-25 22:50:00+02:00,0.06751,0.0,0.013988,0.066
2017-10-25 22:51:00+02:00,0.06607,0.0,0.013858,0.066
2017-10-25 22:52:00+02:00,0.06564,0.0,0.01378,0.066
2017-10-25 22:53:00+02:00,0.06107,0.0,0.013676,0.066
2017-10-25 22:54:00+02:00,0.06171,0.0,0.013572,0.066
2017-10-25 22:55:00+02:00,0.06141,0.0,0.013468,0.066
2017-10-25 22:56:00+02:00,0.06315,0.0,0.013364,0.066
2017-10-25 22:57:00+02:00,0.06431,0.0,0.013286,0.066
2017-10-25 22:58:00+02:00,0.06802,0.0,0.013182,0.066
2017-10-25 22:59:00+02:00,0.07249,0.0,0.013078,0.066
2017-10-25 23:00:00+02:00,0.06911,0.0,0.012974,0.077
2017-10-25 23:01:00+02:00,0.07355,0.0,0.01287,0.068933
2017-10-25 23:02:00+02:00,0.0738,0.0,0.012766,0.066
2017-10-25 23:03:00+02:00,0.07505,0.0,0.012688,0.066
2017-10-25 23:04:00+02:00,0.07467,0.0,0.01261,0.066
2017-10-25 23:05:00+02:00,0.07725,0.0,0.012506,0.066
2017-10-25 23:06:00+02:00,0.07192,0.0,0.012428,0.066
2017-10-25 23:07:00+02:00,0.06596,0.0,0.012324,0.062147
2017-10-25 23:08:00+02:00,0.06726,0.0,0.01222,0.055
2017-10-25 23:09:00+02:00,0.06805,0.0,0.012116,0.055
2017-10-25 23:10:00+02:00,0.06384,0.0,0.012038,0.055
2017-10-25 23:11:00+02:00,0.06238,0.0,0.011934,0.055
2017-10-25 23:12:00+02:00,0.06415,0.0,0.01183,0.055
2017-10-25 23:13:00+02:00,0.0628,0.0,0.011752,0.055
2017-10-25 23:14:00+02:00,0.06075,0.0,0.011648,0.055
2017-10-25 23:15:00+02:00,0.06363,0.0,0.011544,0.066
2017-10-25 23:16:00+02:00,0.05871,0.0,0.01144,0.066
2017-10-25 23:17:00+02:00,0.06214,0.0,0.011362,0.066
2017-10-25 23:18:00+02:00,0.06337,0.0,0.011284,0.066
2017-10-25 23:19:00+02:00,0.05991,0.0,0.01118,0.0653
2017-10-25 23:20:00+02:00,0.05879,0.0,0.011128,0.055
2017-10-25 23:21:00+02:00,0.05686,0.0,0.010998,0.055
2017-10-25 23:22:00+02:00,0.05899,0.0,0.010894,0.055
2017-10-25 23:23:00+02:00,0.06276,0.0,0.01079,0.055
2017-10-25 23:24:00+02:00,0.06368,0.0,0.010712,0.055
2017-10-25 23:25:00+02:00,0.06787,0.0,0.010608,0.055
2017-10-25 23:26:00+02:00,0.07505,0.0,0.010504,0.055
2017-10-25 23:27:00+02:00,0.07081,0.0,0.010452,0.053447
2017-10-25 23:28:00+02:00,0.06621,0.0,0.010322,0.044
2017-10-25 23:29:00+02:00,0.06285,0.0,0.010218,0.044
2017-10-25 23:30:00+02:00,0.05682,0.0,0.010114,0.055
2017-10-25 23:31:00+02:00,0.05713,0.0,0.010036,0.055
2017-10-25 23:32:00+02:00,0.05646,0.0,0.009932,0.055
2017-10-25 23:33:00+02:00,0.05593,0.0,0.009828,0.055
2017-10-25 23:34:00+02:00,0.05331,0.0,0.009802,0.055
2017-10-25 23:35:00+02:00,0.05613,0.0,0.009672,0.055
2017-10-25 23:36:00+02:00,0.05663,0.0,0.009568,0.051333
2017-10-25 23:37:00+02:00,0.0627,0.0,0.00949,0.044
2017-10-25 23:38:00+02:00,0.06284,0.0,0.009386,0.044
2017-10-25 23:39:00+02:00,0.06295,0.0,0.009282,0.044
2017-10-25 23:40:00+02:00,0.06106,0.0,0.009178,0.044
2017-10-25 23:41:00+02:00,0.06311,0.0,0.009126,0.044
2017-10-25 23:42:00+02:00,0.061,0.0,0.009022,0.044
2017-10-25 23:43:00+02:00,0.05255,0.0,0.008892,0.044
2017-10-25 23:44:00+02:00,0.05075,0.0,0.008814,0.044
2017-10-25 23:45:00+02:00,0.04901,0.0,0.00871,0.044
2017-10-25 23:46:00+02:00,0.05088,0.0,0.008606,0.04274
2017-10-25 23:47:00+02:00,0.05355,0.0,0.008528,0.033
2017-10-25 23:48:00+02:00,0.04715,0.0,0.00845,0.033
2017-10-25 23:49:00+02:00,0.04737,0.0,0.008372,0.033
2017-10-25 23:50:00+02:00,0.05226,0.0,0.008242,0.033
2017-10-25 23:51:00+02:00,0.05255,0.0,0.008164,0.033
2017-10-25 23:52:00+02:00,0.05224,0.0,0.00806,0.033
2017-10-25 23:53:00+02:00,0.04965,0.0,0.007956,0.033
2017-10-25 23:54:00+02:00,0.04846,0.0,0.007878,0.033
2017-10-25 23:55:00+02:00,0.04626,0.0,0.0078,0.024707
2017-10-25 23:56:00+02:00,0.04496,0.0,0.007696,0.022
2017-10-25 23:57:00+02:00,0.04597,0.0,0.007566,0.022
2017-10-25 23:58:00+02:00,0.05015,0.0,0.007488,0.022
2017-10-25 23:59:00+02:00,0.0472,0.0,0.007384,0.022
2017-10-26 00:00:00+02:00,0.05126,0.0,0.00728,0.033
2017-10-26 00:01:00+02:00,0.04849,0.0,0.007202,0.033
2017-10-26 00:02:00+02:00,0.04713,0.0,0.007254,0.033
2017-10-26 00:03:00+02:00,0.04854,0.0,0.007254,0.033
2017-10-26 00:04:00+02:00,0.05084,0.0,0.007332,0.033
2017-10-26 00:05:00+02:00,0.0434,0.0,0.007332,0.033
2017-10-26 00:06:00+02:00,0.0434,0.0,0.007358,0.033
2017-10-26 00:07:00+02:00,0.04258,0.0,0.007436,0.033
2017-10-26 00:08:00+02:00,0.04437,0.0,0.007436,0.033
2017-10-26 00:09:00+02:00,0.04263,0.0,0.007462,0.033
2017-10-26 00:10:00+02:00,0.04176,0.0,0.007488,0.033
2017-10-26 00:11:00+02:00,0.04245,0.0,0.00754,0.033
2017-10-26 00:12:00+02:00,0.04105,0.0,0.007566,0.033
2017-10-26 00:13:00+02:00,0.04242,0.0,0.007592,0.033
2017-10-26 00:14:00+02:00,0.04313,0.0,0.007644,0.033
2017-10-26 00:15:00+02:00,0.04078,0.0,0.00767,0.044
2017-10-26 00:16:00+02:00,0.04195,0.0,0.007696,0.044
2017-10-26 00:17:00+02:00,0.04227,0.0,0.007748,0.044
2017-10-26 00:18:00+02:00,0.04018,0.0,0.007748,0.044
2017-10-26 00:19:00+02:00,0.03891,0.0,0.0078,0.044
2017-10-26 00:20:00+02:00,0.04326,0.0,0.007852,0.034713
2017-10-26 00:21:00+02:00,0.04104,0.0,0.007878,0.033
2017-10-26 00:22:00+02:00,0.03898,0.0,0.007878,0.033
2017-10-26 00:23:00+02:00,0.04523,0.0,0.00793,0.033
2017-10-26 00:24:00+02:00,0.05063,0.0,0.007982,0.033
2017-10-26 00:25:00+02:00,0.05016,0.0,0.007982,0.033
2017-10-26 00:26:00+02:00,0.043,0.0,0.008034,0.033
2017-10-26 00:27:00+02:00,0.04667,0.0,0.00806,0.033
2017-10-26 00:28:00+02:00,0.04711,0.0,0.008112,0.033
2017-10-26 00:29:00+02:00,0.04991,0.0,0.008112,0.033
2017-10-26 00:30:00+02:00,0.0471,0.0,0.008164,0.044
2017-10-26 00:31:00+02:00,0.05124,0.0,0.00819,0.044
2017-10-26 00:32:00+02:00,0.06836,0.0,0.008216,0.044
2017-10-26 00:33:00+02:00,0.04147,0.0,0.008294,0.044
2017-10-26 00:34:00+02:00,0.0401,0.0,0.008294,0.044
2017-10-26 00:35:00+02:00,0.04095,0.0,0.008294,0.044
2017-10-26 00:36:00+02:00,0.03913,0.0,0.008372,0.044
2017-10-26 00:37:00+02:00,0.04608,0.0,0.008398,0.044
2017-10-26 00:38:00+02:00,0.04908,0.0,0.008424,0.033233
2017-10-26 00:39:00+02:00,0.03902,0.0,0.008476,0.033
2017-10-26 00:40:00+02:00,0.03527,0.0,0.008502,0.033
2017-10-26 00:41:00+02:00,0.0369,0.0,0.008528,0.033
2017-10-26 00:42:00+02:00,0.04101,0.0,0.008528,0.033
2017-10-26 00:43:00+02:00,0.04139,0.0,0.008606,0.033
2017-10-26 00:44:00+02:00,0.03883,0.0,0.008606,0.033
2017-10-26 00:45:00+02:00,0.03704,0.0,0.008658,0.044
2017-10-26 00:46:00+02:00,0.04048,0.0,0.00871,0.044
2017-10-26 00:47:00+02:00,0.04378,0.0,0.00871,0.044
2017-10-26 00:48:00+02:00,0.04233,0.0,0.008736,0.044
2017-10-26 00:49:00+02:00,0.04628,0.0,0.008788,0.044
2017-10-26 00:50:00+02:00,0.04262,0.0,0.00884,0.044
2017-10-26 00:51:00+02:00,0.0402,0.0,0.00884,0.044
2017-10-26 00:52:00+02:00,0.03607,0.0,0.008892,0.044
2017-10-26 00:53:00+02:00,0.03782,0.0,0.008918,0.044
2017-10-26 00:54:00+02:00,0.04141,0.0,0.008944,0.044
2017-10-26 00:55:00+02:00,0.04192,0.0,0.008996,0.044
2017-10-26 00:56:00+02:00,0.04363,0.0,0.009022,0.044
2017-10-26 00:57:00+02:00,0.04576,0.0,0.009048,0.044
2017-10-26 00:58:00+02:00,0.04182,0.0,0.009074,0.044
2017-10-26 00:59:00+02:00,0.03855,0.0,0.009126,0.044
2017-10-26 01:00:00+02:00,0.03619,0.0,0.009152,0.044
2017-10-26 01:01:00+02:00,0.03364,0.0,0.009152,0.044
2017-10-26 01:02:00+02:00,0.03783,0.0,0.009178,0.044
2017-10-26 01:03:00+02:00,0.03975,0.0,0.009256,0.044
2017-10-26 01:04:00+02:00,0.03922,0.0,0.009256,0.044
2017-10-26 01:05:00+02:00,0.03541,0.0,0.009256,0.044
2017-10-26 01:06:00+02:00,0.0341,0.0,0.009256,0.044
2017-10-26 01:07:00+02:00,0.03508,0.0,0.009282,0.044
2017-10-26 01:08:00+02:00,0.03691,0.0,0.009308,0.044
2017-10-26 01:09:00+02:00,0.03968,0.0,0.00936,0.044
2017-10-26 01:10:00+02:00,0.04091,0.0,0.00936,0.044
2017-10-26 01:11:00+02:00,0.03733,0.0,0.00936,0.044
2017-10-26 01:12:00+02:00,0.03963,0.0,0.009386,0.044
2017-10-26 01:13:00+02:00,0.04138,0.0,0.009412,0.044
2017-10-26 01:14:00+02:00,0.03436,0.0,0.009412,0.044
2017-10-26 01:15:00+02:00,0.03383,0.0,0.009412,0.055
2017-10-26 01:16:00+02:00,0.03662,0.0,0.00949,0.055
2017-10-26 01:17:00+02:00,0.03701,0.0,0.00949,0.055
2017-10-26 01:18:00+02:00,0.0366,0.0,0.009516,0.047667
2017-10-26 01:19:00+02:00,0.03791,0.0,0.009516,0.044
2017-10-26 01:20:00+02:00,0.03575,0.0,0.009516,0.033
2017-10-26 01:21:00+02:00,0.03416,0.0,0.009542,0.029333
2017-10-26 01:22:00+02:00,0.03589,0.0,0.009594,0.022
2017-10-26 01:23:00+02:00,0.03894,0.0,0.00962,0.014667
2017-10-26 01:24:00+02:00,0.03868,0.0,0.00962,0.011
2017-10-26 01:25:00+02:00,0.03713,0.0,0.00962,0.011
2017-10-26 01:26:00+02:00,0.03868,0.0,0.009646,0.011
2017-10-26 01:27:00+02:00,0.04077,0.0,0.009646,0.011
2017-10-26 01:28:00+02:00,0.04353,0.0,0.009698,0.011
2017-10-26 01:29:00+02:00,0.04069,0.0,0.009724,0.011
2017-10-26 01:30:00+02:00,0.03673,0.0,0.00975,0.011
2017-10-26 01:31:00+02:00,0.0343,0.0,0.00975,0.011
2017-10-26 01:32:00+02:00,0.02948,0.0,0.00975,0.011
2017-10-26 01:33:00+02:00,0.03026,0.0,0.009776,0.011
2017-10-26 01:34:00+02:00,0.03016,0.0,0.009802,0.011
2017-10-26 01:35:00+02:00,0.02971,0.0,0.009828,0.011
2017-10-26 01:36:00+02:00,0.0294,0.0,0.009854,0.011
2017-10-26 01:37:00+02:00,0.02799,0.0,0.009854,0.011
2017-10-26 01:38:00+02:00,0.03031,0.0,0.00988,0.011
2017-10-26 01:39:00+02:00,0.03016,0.0,0.009906,0.011
2017-10-26 01:40:00+02:00,0.0314,0.0,0.009932,0.011
2017-10-26 01:41:00+02:00,0.03263,0.0,0.009932,0.011
2017-10-26 01:42:00+02:00,0.03413,0.0,0.009958,0.011
2017-10-26 01:43:00+02:00,0.03248,0.0,0.009984,0.011
2017-10-26 01:44:00+02:00,0.03152,0.0,0.01001,0.011
2017-10-26 01:45:00+02:00,0.03217,0.0,0.01001,0.011
2017-10-26 01:46:00+02:00,0.03171,0.0,0.010036,0.011
2017-10-26 01:47:00+02:00,0.03187,0.0,0.010036,0.011
2017-10-26 01:48:00+02:00,0.03162,0.0,0.010062,0.011
2017-10-26 01:49:00+02:00,0.032,0.0,0.010114,0.011
2017-10-26 01:50:00+02:00,0.03215,0.0,0.010114,0.011
2017-10-26 01:51:00+02:00,0.0336,0.0,0.010114,0.011
2017-10-26 01:52:00+02:00,0.03715,0.0,0.01014,0.011
2017-10-26 01:53:00+02:00,0.03222,0.0,0.010192,0.011
2017-10-26 01:54:00+02:00,0.02826,0.0,0.010192,0.011
2017-10-26 01:55:00+02:00,0.03076,0.0,0.010192,0.011
2017-10-26 01:56:00+02:00,0.03103,0.0,0.010218,0.011
2017-10-26 01:57:00+02:00,0.03587,0.0,0.010218,0.011
2017-10-26 01:58:00+02:00,0.03437,0.0,0.01027,0.011
2017-10-26 01:59:00+02:00,0.0333,0.0,0.010296,0.011
2017-10-26 02:00:00+02:00,0.03163,0.0,0.010296,0.011
2017-10-26 02:01:00+02:00,0.03172,0.0,0.010296,0.011
2017-10-26 02:02:00+02:00,0.03121,0.0,0.010296,0.011
2017-10-26 02:03:00+02:00,0.03136,0.0,0.010348,0.011
2017-10-26 02:04:00+02:00,0.03378,0.0,0.010374,0.011
2017-10-26 02:05:00+02:00,0.03566,0.0,0.010374,0.011
2017-10-26 02:06:00+02:00,0.03334,0.0,0.0104,0.011
2017-10-26 02:07:00+02:00,0.02796,0.0,0.0104,0.011
2017-10-26 02:08:00+02:00,0.0289,0.0,0.0104,0.011
2017-10-26 02:09:00+02:00,0.02918,0.0,0.010426,0.011
2017-10-26 02:10:00+02:00,0.02895,0.0,0.010452,0.011
2017-10-26 02:11:00+02:00,0.0305,0.0,0.010478,0.011
2017-10-26 02:12:00+02:00,0.03096,0.0,0.010478,0.011
2017-10-26 02:13:00+02:00,0.03063,0.0,0.010504,0.011
2017-10-26 02:14:00+02:00,0.03163,0.0,0.01053,0.011
2017-10-26 02:15:00+02:00,0.03169,0.0,0.01053,0.022
2017-10-26 02:16:00+02:00,0.03525,0.0,0.01053,0.022
2017-10-26 02:17:00+02:00,0.03629,0.0,0.010556,0.022
2017-10-26 02:18:00+02:00,0.03484,0.0,0.010556,0.022
2017-10-26 02:19:00+02:00,0.03386,0.0,0.010556,0.022
2017-10-26 02:20:00+02:00,0.02951,0.0,0.010608,0.022
2017-10-26 02:21:00+02:00,0.03012,0.0,0.010634,0.022
2017-10-26 02:22:00+02:00,0.03321,0.0,0.010634,0.022
2017-10-26 02:23:00+02:00,0.03325,0.0,0.01066,0.022
2017-10-26 02:24:00+02:00,0.03537,0.0,0.01066,0.022
2017-10-26 02:25:00+02:00,0.03356,0.0,0.01066,0.022
2017-10-26 02:26:00+02:00,0.03698,0.0,0.010686,0.022
2017-10-26 02:27:00+02:00,0.03348,0.0,0.010686,0.022
2017-10-26 02:28:00+02:00,0.0326,0.0,0.010712,0.022
2017-10-26 02:29:00+02:00,0.02947,0.0,0.010764,0.022
2017-10-26 02:30:00+02:00,0.03008,0.0,0.010764,0.022
2017-10-26 02:31:00+02:00,0.02761,0.0,0.010764,0.022
2017-10-26 02:32:00+02:00,0.03302,0.0,0.01079,0.022
2017-10-26 02:33:00+02:00,0.03117,0.0,0.01079,0.022
2017-10-26 02:34:00+02:00,0.03154,0.0,0.01079,0.022
2017-10-26 02:35:00+02:00,0.02732,0.0,0.01079,0.022
2017-10-26 02:36:00+02:00,0.02647,0.0,0.010842,0.022
2017-10-26 02:37:00+02:00,0.02633,0.0,0.010868,0.022
2017-10-26 02:38:00+02:00,0.02804,0.0,0.010894,0.022
2017-10-26 02:39:00+02:00,0.03241,0.0,0.010894,0.022
2017-10-26 02:40:00+02:00,0.03598,0.0,0.010894,0.022
2017-10-26 02:41:00+02:00,0.03445,0.0,0.010894,0.022
2017-10-26 02:42:00+02:00,0.03059,0.0,0.01092,0.022
2017-10-26 02:43:00+02:00,0.03683,0.0,0.010946,0.022
2017-10-26 02:44:00+02:00,0.03645,0.0,0.010972,0.022
2017-10-26 02:45:00+02:00,0.03334,0.0,0.010998,0.022
2017-10-26 02:46:00+02:00,0.03252,0.0,0.010998,0.022
2017-10-26 02:47:00+02:00,0.02861,0.0,0.010998,0.022
2017-10-26 02:48:00+02:00,0.02667,0.0,0.011024,0.022
2017-10-26 02:49:00+02:00,0.02864,0.0,0.01105,0.015233
2017-10-26 02:50:00+02:00,0.02982,0.0,0.01105,0.011
2017-10-26 02:51:00+02:00,0.02646,0.0,0.01105,0.011
2017-10-26 02:52:00+02:00,0.02648,0.0,0.011076,0.011
2017-10-26 02:53:00+02:00,0.03533,0.0,0.011076,0.011
2017-10-26 02:54:00+02:00,0.03471,0.0,0.011102,0.011
2017-10-26 02:55:00+02:00,0.03335,0.0,0.011154,0.011
2017-10-26 02:56:00+02:00,0.03313,0.0,0.011154,0.011
2017-10-26 02:57:00+02:00,0.03369,0.0,0.011154,0.011
2017-10-26 02:58:00+02:00,0.03123,0.0,0.011154,0.011
2017-10-26 02:59:00+02:00,0.02529,0.0,0.011154,0.011
2017-10-26 03:00:00+02:00,0.02544,0.0,0.01118,0.011
2017-10-26 03:01:00+02:00,0.02541,0.0,0.011232,0.011
2017-10-26 03:02:00+02:00,0.02604,0.0,0.011258,0.011
2017-10-26 03:03:00+02:00,0.02518,0.0,0.011258,0.011
2017-10-26 03:04:00+02:00,0.02456,0.0,0.011336,0.011
2017-10-26 03:05:00+02:00,0.02359,0.0,0.011362,0.011
2017-10-26 03:06:00+02:00,0.02341,0.0,0.011388,0.011
2017-10-26 03:07:00+02:00,0.02468,0.0,0.01144,0.011
2017-10-26 03:08:00+02:00,0.02881,0.0,0.011466,0.011
2017-10-26 03:09:00+02:00,0.02985,0.0,0.011518,0.011
2017-10-26 03:10:00+02:00,0.03216,0.0,0.011544,0.011
2017-10-26 03:11:00+02:00,0.05809,0.0,0.01157,0.011
2017-10-26 03:12:00+02:00,0.03043,0.0,0.011622,0.011
2017-10-26 03:13:00+02:00,0.02665,0.0,0.011674,0.011
2017-10-26 03:14:00+02:00,0.02514,0.0,0.0117,0.011
2017-10-26 03:15:00+02:00,0.02504,0.0,0.0117,0.001427
2017-10-26 03:16:00+02:00,0.02423,0.0,0.011752,0.0
2017-10-26 03:17:00+02:00,0.02955,0.0,0.011804,0.0
2017-10-26 03:18:00+02:00,0.03084,0.0,0.01183,0.0
2017-10-26 03:19:00+02:00,0.0275,0.0,0.011856,0.0
2017-10-26 03:20:00+02:00,0.02845,0.0,0.011934,0.0
2017-10-26 03:21:00+02:00,0.02669,0.0,0.011934,0.0
2017-10-26 03:22:00+02:00,0.02606,0.0,0.01196,0.0
2017-10-26 03:23:00+02:00,0.02762,0.0,0.012038,0.0
2017-10-26 03:24:00+02:00,0.02779,0.0,0.012038,0.0
2017-10-26 03:25:00+02:00,0.02998,0.0,0.01209,0.0
2017-10-26 03:26:00+02:00,0.0296,0.0,0.012142,0.0
2017-10-26 03:27:00+02:00,0.02903,0.0,0.012168,0.0
2017-10-26 03:28:00+02:00,0.02935,0.0,0.012194,0.0
2017-10-26 03:29:00+02:00,0.03269,0.0,0.01222,0.0
2017-10-26 03:30:00+02:00,0.031,0.0,0.012298,0.0
2017-10-26 03:31:00+02:00,0.03049,0.0,0.012298,0.0
2017-10-26 03:32:00+02:00,0.02971,0.0,0.012324,0.0
2017-10-26 03:33:00+02:00,0.02718,0.0,0.012402,0.0
2017-10-26 03:34:00+02:00,0.02675,0.0,0.012402,0.0
2017-10-26 03:35:00+02:00,0.02627,0.0,0.012454,0.0
2017-10-26 03:36:00+02:00,0.02749,0.0,0.012506,0.0
2017-10-26 03:37:00+02:00,0.02937,0.0,0.012532,0.0
2017-10-26 03:38:00+02:00,0.03178,0.0,0.012558,0.0
2017-10-26 03:39:00+02:00,0.03075,0.0,0.01261,0.0
2017-10-26 03:40:00+02:00,0.02983,0.0,0.012636,0.0
2017-10-26 03:41:00+02:00,0.0287,0.0,0.012662,0.0
2017-10-26 03:42:00+02:00,0.02927,0.0,0.012714,0.0
2017-10-26 03:43:00+02:00,0.02869,0.0,0.012766,0.0
2017-10-26 03:44:00+02:00,0.02789,0.0,0.012792,0.0
2017-10-26 03:45:00+02:00,0.02215,0.0,0.012818,0.0
2017-10-26 03:46:00+02:00,0.0239,0.0,0.012844,0.0
2017-10-26 03:47:00+02:00,0.0268,0.0,0.012896,0.0
2017-10-26 03:48:00+02:00,0.02664,0.0,0.012948,0.0
2017-10-26 03:49:00+02:00,0.02827,0.0,0.012974,0.0
2017-10-26 03:50:00+02:00,0.02947,0.0,0.013,0.0
2017-10-26 03:51:00+02:00,0.02741,0.0,0.013052,0.0
2017-10-26 03:52:00+02:00,0.02881,0.0,0.013078,0.0
2017-10-26 03:53:00+02:00,0.03236,0.0,0.013078,0.0
2017-10-26 03:54:00+02:00,0.03178,0.0,0.013156,0.0
2017-10-26 03:55:00+02:00,0.03174,0.0,0.013182,0.0
2017-10-26 03:56:00+02:00,0.03199,0.0,0.013234,0.0
2017-10-26 03:57:00+02:00,0.03223,0.0,0.01326,0.0
2017-10-26 03:58:00+02:00,0.03311,0.0,0.013286,0.0
2017-10-26 03:59:00+02:00,0.03013,0.0,0.013338,0.0
2017-10-26 04:00:00+02:00,0.0249,0.0,0.013338,0.0
2017-10-26 04:01:00+02:00,0.02993,0.0,0.013442,0.0
2017-10-26 04:02:00+02:00,0.03076,0.0,0.013546,0.0
2017-10-26 04:03:00+02:00,0.03028,0.0,0.013598,0.0
2017-10-26 04:04:00+02:00,0.02387,0.0,0.013702,0.0
2017-10-26 04:05:00+02:00,0.02373,0.0,0.013832,0.0
2017-10-26 04:06:00+02:00,0.02351,0.0,0.013936,0.0
2017-10-26 04:07:00+02:00,0.02535,0.0,0.01404,0.0
2017-10-26 04:08:00+02:00,0.02692,0.0,0.014144,0.0
2017-10-26 04:09:00+02:00,0.02648,0.0,0.014274,0.0
2017-10-26 04:10:00+02:00,0.02738,0.0,0.014378,0.0
2017-10-26 04:11:00+02:00,0.02799,0.0,0.014482,0.0
2017-10-26 04:12:00+02:00,0.02756,0.0,0.014586,0.0
2017-10-26 04:13:00+02:00,0.02756,0.0,0.01469,0.0
2017-10-26 04:14:00+02:00,0.03068,0.0,0.01482,0.0
2017-10-26 04:15:00+02:00,0.03187,0.0,0.014924,0.0
2017-10-26 04:16:00+02:00,0.0316,0.0,0.015002,0.0
2017-10-26 04:17:00+02:00,0.02949,0.0,0.015106,0.0
2017-10-26 04:18:00+02:00,0.02869,0.0,0.015236,0.0
2017-10-26 04:19:00+02:00,0.0277,0.0,0.01534,0.0
2017-10-26 04:20:00+02:00,0.02803,0.0,0.015444,0.0
2017-10-26 04:21:00+02:00,0.02947,0.0,0.015548,0.0
2017-10-26 04:22:00+02:00,0.02806,0.0,0.015652,0.0
2017-10-26 04:23:00+02:00,0.02726,0.0,0.015756,0.0
2017-10-26 04:24:00+02:00,0.02887,0.0,0.01586,0.0
2017-10-26 04:25:00+02:00,0.0284,0.0,0.01599,0.0
2017-10-26 04:26:00+02:00,0.02865,0.0,0.01612,0.0
2017-10-26 04:27:00+02:00,0.02704,0.0,0.016224,0.0
2017-10-26 04:28:00+02:00,0.02721,0.0,0.016328,0.0
2017-10-26 04:29:00+02:00,0.02646,0.0,0.016406,0.0
2017-10-26 04:30:00+02:00,0.02666,0.0,0.016484,0.0
2017-10-26 04:31:00+02:00,0.02679,0.0,0.016614,0.0
2017-10-26 04:32:00+02:00,0.02739,0.0,0.016718,0.0
2017-10-26 04:33:00+02:00,0.033,0.0,0.016848,0.0
2017-10-26 04:34:00+02:00,0.03377,0.0,0.016952,0.0
2017-10-26 04:35:00+02:00,0.03385,0.0,0.017082,0.0
2017-10-26 04:36:00+02:00,0.03402,0.0,0.01716,0.0
2017-10-26 04:37:00+02:00,0.03458,0.0,0.017264,0.0
2017-10-26 04:38:00+02:00,0.02789,0.0,0.017368,0.0
2017-10-26 04:39:00+02:00,0.02792,0.0,0.017498,0.0
2017-10-26 04:40:00+02:00,0.02627,0.0,0.017602,0.0
2017-10-26 04:41:00+02:00,0.02624,0.0,0.017732,0.0
2017-10-26 04:42:00+02:00,0.02538,0.0,0.01781,0.0
2017-10-26 04:43:00+02:00,0.02384,0.0,0.017914,0.0
2017-10-26 04:44:00+02:00,0.02331,0.0,0.018018,0.0
2017-10-26 04:45:00+02:00,0.02894,0.0,0.018122,0.0
2017-10-26 04:46:00+02:00,0.02819,0.0,0.018226,0.0
2017-10-26 04:47:00+02:00,0.03145,0.0,0.01833,0.0
2017-10-26 04:48:00+02:00,0.03039,0.0,0.01846,0.0
2017-10-26 04:49:00+02:00,0.03014,0.0,0.018564,0.0
2017-10-26 04:50:00+02:00,0.03074,0.0,0.018668,0.0
2017-10-26 04:51:00+02:00,0.03506,0.0,0.018772,0.0
2017-10-26 04:52:00+02:00,0.03106,0.0,0.018902,0.0
2017-10-26 04:53:00+02:00,0.02801,0.0,0.019006,0.0
2017-10-26 04:54:00+02:00,0.02776,0.0,0.01911,0.0
2017-10-26 04:55:00+02:00,0.02742,0.0,0.019188,0.0
2017-10-26 04:56:00+02:00,0.02744,0.0,0.019292,0.0
2017-10-26 04:57:00+02:00,0.02787,0.0,0.019448,0.0
2017-10-26 04:58:00+02:00,0.02539,0.0,0.019526,0.0
2017-10-26 04:59:00+02:00,0.02429,0.0,0.01963,0.0
2017-10-26 05:00:00+02:00,0.02413,0.0,0.019734,0.011
2017-10-26 05:01:00+02:00,0.02687,0.0,0.019864,0.011
2017-10-26 05:02:00+02:00,0.02705,0.0,0.02015,0.011
2017-10-26 05:03:00+02:00,0.02359,0.0,0.02041,0.011
2017-10-26 05:04:00+02:00,0.02952,0.0,0.02067,0.011
2017-10-26 05:05:00+02:00,0.03185,0.0,0.020956,0.011
2017-10-26 05:06:00+02:00,0.0318,0.0,0.02119,0.011
2017-10-26 05:07:00+02:00,0.03194,0.0,0.02145,0.011
2017-10-26 05:08:00+02:00,0.02835,0.0,0.021788,0.011
2017-10-26 05:09:00+02:00,0.0282,0.0,0.022048,0.011
2017-10-26 05:10:00+02:00,0.0284,0.0,0.022308,0.011
2017-10-26 05:11:00+02:00,0.0281,0.0,0.022594,0.011
2017-10-26 05:12:00+02:00,0.02914,0.0,0.022854,0.011
2017-10-26 05:13:00+02:00,0.03069,0.0,0.023088,0.011
2017-10-26 05:14:00+02:00,0.02996,0.0,0.023374,0.011
2017-10-26 05:15:00+02:00,0.0303,0.0,0.02366,0.011
2017-10-26 05:16:00+02:00,0.03171,0.0,0.023972,0.011
2017-10-26 05:17:00+02:00,0.03345,0.0,0.024232,0.011
2017-10-26 05:18:00+02:00,0.03442,0.0,0.024492,0.011
2017-10-26 05:19:00+02:00,0.03518,0.0,0.024778,0.011
2017-10-26 05:20:00+02:00,0.03344,0.0,0.025012,0.011
2017-10-26 05:21:00+02:00,0.03237,0.0,0.025298,0.011
2017-10-26 05:22:00+02:00,0.02841,0.0,0.025584,0.011
2017-10-26 05:23:00+02:00,0.02838,0.0,0.025844,0.011
2017-10-26 05:24:00+02:00,0.02875,0.0,0.02613,0.011
2017-10-26 05:25:00+02:00,0.02857,0.0,0.026416,0.011
2017-10-26 05:26:00+02:00,0.03063,0.0,0.026676,0.011
2017-10-26 05:27:00+02:00,0.03143,0.0,0.02691,0.011
2017-10-26 05:28:00+02:00,0.02918,0.0,0.027222,0.011
2017-10-26 05:29:00+02:00,0.02846,0.0,0.027482,0.011
2017-10-26 05:30:00+02:00,0.03125,0.0,0.027742,0.011
2017-10-26 05:31:00+02:00,0.03214,0.0,0.028028,0.011
2017-10-26 05:32:00+02:00,0.03023,0.0,0.028314,0.011
2017-10-26 05:33:00+02:00,0.04324,0.0,0.0286,0.011
2017-10-26 05:34:00+02:00,0.02882,0.0,0.02886,0.011
2017-10-26 05:35:00+02:00,0.02783,0.0,0.02912,0.011
2017-10-26 05:36:00+02:00,0.02798,0.0,0.029406,0.011
2017-10-26 05:37:00+02:00,0.02866,0.0,0.029666,0.011
2017-10-26 05:38:00+02:00,0.03288,0.0,0.029926,0.011
2017-10-26 05:39:00+02:00,0.03375,0.0,0.030238,0.011
2017-10-26 05:40:00+02:00,0.03293,0.0,0.030498,0.011
2017-10-26 05:41:00+02:00,0.0343,0.0,0.030758,0.011
2017-10-26 05:42:00+02:00,0.03202,0.0,0.031044,0.011
2017-10-26 05:43:00+02:00,0.03147,0.0,0.031304,0.011
2017-10-26 05:44:00+02:00,0.03089,0.0,0.031564,0.011
2017-10-26 05:45:00+02:00,0.03088,0.0,0.03185,0.011
2017-10-26 05:46:00+02:00,0.03201,0.0,0.03211,0.011
2017-10-26 05:47:00+02:00,0.03024,0.0,0.032396,0.011
2017-10-26 05:48:00+02:00,0.02722,0.0,0.032682,0.011
2017-10-26 05:49:00+02:00,0.02709,0.0,0.032942,0.011
2017-10-26 05:50:00+02:00,0.02754,0.0,0.033228,0.011
2017-10-26 05:51:00+02:00,0.02836,0.0,0.033488,0.011
2017-10-26 05:52:00+02:00,0.03034,0.0,0.033748,0.011
2017-10-26 05:53:00+02:00,0.03105,0.0,0.034034,0.011
2017-10-26 05:54:00+02:00,0.03113,0.0,0.03432,0.011
2017-10-26 05:55:00+02:00,0.03391,0.0,0.03458,0.011
2017-10-26 05:56:00+02:00,0.03547,0.0,0.034866,0.011
2017-10-26 05:57:00+02:00,0.03299,0.0,0.035126,0.011
2017-10-26 05:58:00+02:00,0.03097,0.0,0.035386,0.011
2017-10-26 05:59:00+02:00,0.03136,0.0,0.035672,0.011
2017-10-26 06:00:00+02:00,0.03138,0.0,0.035932,0.011
2017-10-26 06:01:00+02:00,0.03255,0.0,0.036218,0.011
2017-10-26 06:02:00+02:00,0.03177,0.0,0.036374,0.011
2017-10-26 06:03:00+02:00,0.03003,0.0,0.03653,0.011
2017-10-26 06:04:00+02:00,0.0312,0.0,0.036686,0.011
2017-10-26 06:05:00+02:00,0.03109,0.0,0.036868,0.011
2017-10-26 06:06:00+02:00,0.031,0.0,0.036998,0.011
2017-10-26 06:07:00+02:00,0.032,0.0,0.03718,0.011
2017-10-26 06:08:00+02:00,0.03138,0.0,0.03731,0.011
2017-10-26 06:09:00+02:00,0.03061,0.0,0.037492,0.011
2017-10-26 06:10:00+02:00,0.03231,0.0,0.037674,0.011
2017-10-26 06:11:00+02:00,0.03259,0.0,0.037778,0.011
2017-10-26 06:12:00+02:00,0.03311,0.0,0.037934,0.011
2017-10-26 06:13:00+02:00,0.03218,0.0,0.038142,0.011
2017-10-26 06:14:00+02:00,0.03093,0.0,0.038272,0.011
2017-10-26 06:15:00+02:00,0.03124,0.0,0.038428,0.011
2017-10-26 06:16:00+02:00,0.03411,0.0,0.03861,0.011
2017-10-26 06:17:00+02:00,0.03387,0.0,0.03874,0.011
2017-10-26 06:18:00+02:00,0.03487,0.0,0.038922,0.011
2017-10-26 06:19:00+02:00,0.03358,0.0,0.039052,0.011
2017-10-26 06:20:00+02:00,0.03223,0.0,0.039208,0.011
2017-10-26 06:21:00+02:00,0.03223,0.0,0.039416,0.011
2017-10-26 06:22:00+02:00,0.03276,0.0,0.03952,0.011
2017-10-26 06:23:00+02:00,0.03256,0.0,0.039676,0.011
2017-10-26 06:24:00+02:00,0.03501,0.0,0.039858,0.011
2017-10-26 06:25:00+02:00,0.03443,0.0,0.039988,0.011
2017-10-26 06:26:00+02:00,0.04525,0.0,0.04017,0.011
2017-10-26 06:27:00+02:00,0.03713,0.0,0.040326,0.011
2017-10-26 06:28:00+02:00,0.03611,0.0,0.040456,0.011
2017-10-26 06:29:00+02:00,0.03531,0.0,0.040638,0.011
2017-10-26 06:30:00+02:00,0.03459,0.0,0.04082,0.011
2017-10-26 06:31:00+02:00,0.03596,0.0,0.04095,0.011
2017-10-26 06:32:00+02:00,0.03975,0.0,0.041132,0.011
2017-10-26 06:33:00+02:00,0.04022,0.0,0.041262,0.011
2017-10-26 06:34:00+02:00,0.03781,0.0,0.041418,0.011
2017-10-26 06:35:00+02:00,0.0375,0.0,0.0416,0.011
2017-10-26 06:36:00+02:00,0.03701,0.0,0.041756,0.011
2017-10-26 06:37:00+02:00,0.03805,0.0,0.041886,0.011
2017-10-26 06:38:00+02:00,0.04011,0.0,0.042068,0.011
2017-10-26 06:39:00+02:00,0.04018,0.0,0.042224,0.011
2017-10-26 06:40:00+02:00,0.03961,0.0,0.04238,0.011
2017-10-26 06:41:00+02:00,0.03987,0.0,0.042536,0.011
2017-10-26 06:42:00+02:00,0.03705,0.0,0.042718,0.011
2017-10-26 06:43:00+02:00,0.03948,0.0,0.042848,0.011
2017-10-26 06:44:00+02:00,0.03849,0.0,0.043004,0.011
2017-10-26 06:45:00+02:00,0.03982,0.0,0.04316,0.011
2017-10-26 06:46:00+02:00,0.04065,0.0,0.043342,0.011
2017-10-26 06:47:00+02:00,0.04287,0.0,0.043498,0.011
2017-10-26 06:48:00+02:00,0.0495,0.0,0.043654,0.011
2017-10-26 06:49:00+02:00,0.05414,0.0,0.043784,0.011
2017-10-26 06:50:00+02:00,0.0626,0.0,0.043966,0.011
2017-10-26 06:51:00+02:00,0.05915,0.0,0.044148,0.011
2017-10-26 06:52:00+02:00,0.06179,0.0,0.044278,0.011
2017-10-26 06:53:00+02:00,0.05827,0.0,0.044434,0.011
2017-10-26 06:54:00+02:00,0.05339,0.0,0.044616,0.011
2017-10-26 06:55:00+02:00,0.05194,0.0,0.044746,0.011
2017-10-26 06:56:00+02:00,0.05346,0.0,0.044902,0.011
2017-10-26 06:57:00+02:00,0.05114,0.0,0.045084,0.011
2017-10-26 06:58:00+02:00,0.04598,0.0,0.04524,0.011
2017-10-26 06:59:00+02:00,0.04639,0.0,0.045422,0.011
2017-10-26 07:00:00+02:00,0.05526,0.0,0.045526,0.011
2017-10-26 07:01:00+02:00,0.05787,0.0,0.045682,0.011
2017-10-26 07:02:00+02:00,0.05429,0.0,0.045682,0.011
2017-10-26 07:03:00+02:00,0.05128,0.0,0.045682,0.011
2017-10-26 07:04:00+02:00,0.05133,0.0,0.045682,0.011
2017-10-26 07:05:00+02:00,0.05762,0.0,0.045682,0.011
2017-10-26 07:06:00+02:00,0.05706,0.0,0.045682,0.011
2017-10-26 07:07:00+02:00,0.05795,0.0,0.045682,0.011
2017-10-26 07:08:00+02:00,0.06092,0.0,0.045682,0.011
2017-10-26 07:09:00+02:00,0.05975,0.0,0.045682,0.011
2017-10-26 07:10:00+02:00,0.06201,0.0,0.045682,0.011
2017-10-26 07:11:00+02:00,0.06341,0.0,0.045682,0.011
2017-10-26 07:12:00+02:00,0.0662,0.0,0.045682,0.011
2017-10-26 07:13:00+02:00,0.0653,0.0,0.045682,0.011
2017-10-26 07:14:00+02:00,0.06594,0.0,0.045682,0.011
2017-10-26 07:15:00+02:00,0.06035,0.0,0.045682,0.011
2017-10-26 07:16:00+02:00,0.06255,0.0,0.045682,0.011
2017-10-26 07:17:00+02:00,0.06838,0.0,0.045682,0.011
2017-10-26 07:18:00+02:00,0.06572,0.0,0.045682,0.011
2017-10-26 07:19:00+02:00,0.06337,0.0,0.045682,0.011
2017-10-26 07:20:00+02:00,0.06215,0.0,0.045682,0.011
2017-10-26 07:21:00+02:00,0.05947,0.0,0.045682,0.011
2017-10-26 07:22:00+02:00,0.06344,0.0,0.045682,0.011
2017-10-26 07:23:00+02:00,0.06554,0.0,0.045682,0.011
2017-10-26 07:24:00+02:00,0.06781,0.0,0.045656,0.011
2017-10-26 07:25:00+02:00,0.07089,0.0,0.045656,0.011
2017-10-26 07:26:00+02:00,0.07209,0.0,0.045656,0.011
2017-10-26 07:27:00+02:00,0.07108,0.0,0.04563,0.011
2017-10-26 07:28:00+02:00,0.07882,0.0,0.04563,0.011
2017-10-26 07:29:00+02:00,0.08337,0.0,0.04563,0.011
2017-10-26 07:30:00+02:00,0.08749,0.0,0.04563,0.011
2017-10-26 07:31:00+02:00,0.09207,0.0,0.04563,0.011
2017-10-26 07:32:00+02:00,0.08912,0.0,0.04563,0.011
2017-10-26 07:33:00+02:00,0.08592,0.0,0.04563,0.011
2017-10-26 07:34:00+02:00,0.07832,0.0,0.04563,0.011
2017-10-26 07:35:00+02:00,0.07825,0.0,0.04563,0.011
2017-10-26 07:36:00+02:00,0.07951,0.0,0.04563,0.011
2017-10-26 07:37:00+02:00,0.07721,0.0,0.045604,0.011
2017-10-26 07:38:00+02:00,0.068,0.0,0.045604,0.011
2017-10-26 07:39:00+02:00,0.06898,0.0,0.045604,0.011
2017-10-26 07:40:00+02:00,0.06781,0.0,0.045604,0.011
2017-10-26 07:41:00+02:00,0.06726,0.0,0.045604,0.011
2017-10-26 07:42:00+02:00,0.065,0.0,0.045604,0.011
2017-10-26 07:43:00+02:00,0.06458,0.0,0.045604,0.011
2017-10-26 07:44:00+02:00,0.06856,0.0,0.045604,0.011
2017-10-26 07:45:00+02:00,0.07504,0.0,0.045604,0.011
2017-10-26 07:46:00+02:00,0.07087,0.0,0.045604,0.011
2017-10-26 07:47:00+02:00,0.07477,0.0,0.045604,0.011
2017-10-26 07:48:00+02:00,0.06869,0.0,0.045604,0.011
2017-10-26 07:49:00+02:00,0.0643,0.0,0.045578,0.011
2017-10-26 07:50:00+02:00,0.06275,0.0,0.045578,0.011
2017-10-26 07:51:00+02:00,0.06581,0.0,0.045578,0.011
2017-10-26 07:52:00+02:00,0.06334,0.0,0.045578,0.011
2017-10-26 07:53:00+02:00,0.06513,0.0,0.045578,0.011
2017-10-26 07:54:00+02:00,0.06611,0.0,0.045578,0.011
2017-10-26 07:55:00+02:00,0.06704,0.0,0.045578,0.011
2017-10-26 07:56:00+02:00,0.06483,0.0,0.045578,0.011
2017-10-26 07:57:00+02:00,0.06486,0.0,0.045578,0.011
2017-10-26 07:58:00+02:00,0.06469,0.0,0.045578,0.011
2017-10-26 07:59:00+02:00,0.06205,0.0,0.045578,0.011
2017-10-26 08:00:00+02:00,0.06502,0.0,0.045578,0.011
2017-10-26 08:01:00+02:00,0.05781,0.0,0.045552,0.011
2017-10-26 08:02:00+02:00,0.05641,0.0,0.045422,0.011
2017-10-26 08:03:00+02:00,0.05676,0.0,0.045318,0.009713
2017-10-26 08:04:00+02:00,0.05892,0.0,0.045188,0.0
2017-10-26 08:05:00+02:00,0.06217,0.0,0.04511,0.0
2017-10-26 08:06:00+02:00,0.06409,0.0,0.04498,0.0
2017-10-26 08:07:00+02:00,0.06933,0.0,0.04485,0.0
2017-10-26 08:08:00+02:00,0.06937,0.0,0.044746,0.0
2017-10-26 08:09:00+02:00,0.06541,0.0,0.044642,0.0
2017-10-26 08:10:00+02:00,0.06685,0.0,0.044512,0.0
2017-10-26 08:11:00+02:00,0.06428,0.0,0.044382,0.0
2017-10-26 08:12:00+02:00,0.0683,0.0,0.044278,0.0
2017-10-26 08:13:00+02:00,0.07002,0.0,0.044148,0.0
2017-10-26 08:14:00+02:00,0.06722,0.0,0.044044,0.0
2017-10-26 08:15:00+02:00,0.06516,0.0,0.043914,0.0
2017-10-26 08:16:00+02:00,0.06257,0.0,0.043784,0.0
2017-10-26 08:17:00+02:00,0.06197,0.0,0.04368,0.0
2017-10-26 08:18:00+02:00,0.06651,0.0,0.043576,0.0
2017-10-26 08:19:00+02:00,0.05994,0.0,0.043446,0.0
2017-10-26 08:20:00+02:00,0.055,0.0,0.043342,0.0
2017-10-26 08:21:00+02:00,0.06001,0.0,0.043212,0.0
2017-10-26 08:22:00+02:00,0.06869,0.0,0.043108,0.0
2017-10-26 08:23:00+02:00,0.07177,0.0,0.042978,0.0
2017-10-26 08:24:00+02:00,0.06367,0.0,0.042848,0.0
2017-10-26 08:25:00+02:00,0.06624,0.0,0.042744,0.0
2017-10-26 08:26:00+02:00,0.06407,0.00512,0.04264,0.0
2017-10-26 08:27:00+02:00,0.06335,0.005555,0.04251,0.0
2017-10-26 08:28:00+02:00,0.06909,0.006766,0.04238,0.0
2017-10-26 08:29:00+02:00,0.06884,0.007634,0.042276,0.0
2017-10-26 08:30:00+02:00,0.06437,0.008716,0.042146,0.0
2017-10-26 08:31:00+02:00,0.0651,0.008766,0.042042,0.0
2017-10-26 08:32:00+02:00,0.06521,0.009275,0.041938,0.0
2017-10-26 08:33:00+02:00,0.06532,0.010706,0.041808,0.0
2017-10-26 08:34:00+02:00,0.06335,0.010341,0.041704,0.0
2017-10-26 08:35:00+02:00,0.06226,0.011732,0.041574,0.0
2017-10-26 08:36:00+02:00,0.06003,0.00994,0.041418,0.0
2017-10-26 08:37:00+02:00,0.0633,0.012816,0.041314,0.0
2017-10-26 08:38:00+02:00,0.06513,0.010856,0.04121,0.0
2017-10-26 08:39:00+02:00,0.06338,0.010247,0.04108,0.0
2017-10-26 08:40:00+02:00,0.07279,0.011954,0.040976,0.0
2017-10-26 08:41:00+02:00,0.07121,0.011723,0.04082,0.0
2017-10-26 08:42:00+02:00,0.071,0.01278,0.040716,0.0
2017-10-26 08:43:00+02:00,0.06406,0.012766,0.040612,0.0
2017-10-26 08:44:00+02:00,0.06441,0.013458,0.040482,0.0
2017-10-26 08:45:00+02:00,0.06223,0.017591,0.040352,0.0
2017-10-26 08:46:00+02:00,0.06103,0.020187,0.040274,0.0
2017-10-26 08:47:00+02:00,0.05955,0.022463,0.040144,0.0
2017-10-26 08:48:00+02:00,0.06451,0.025167,0.04004,0.0
2017-10-26 08:49:00+02:00,0.07147,0.026184,0.03991,0.0
2017-10-26 08:50:00+02:00,0.06947,0.028472,0.03978,0.0
2017-10-26 08:51:00+02:00,0.06263,0.029508,0.039676,0.0
2017-10-26 08:52:00+02:00,0.06139,0.031938,0.039572,0.0
2017-10-26 08:53:00+02:00,0.06508,0.034145,0.039416,0.0
2017-10-26 08:54:00+02:00,0.06423,0.035745,0.039312,0.0
2017-10-26 08:55:00+02:00,0.0628,0.03566,0.039208,0.0
2017-10-26 08:56:00+02:00,0.0647,0.036331,0.039078,0.0
2017-10-26 08:57:00+02:00,0.06647,0.038601,0.038974,0.0
2017-10-26 08:58:00+02:00,0.06124,0.042672,0.038844,0.0
2017-10-26 08:59:00+02:00,0.06477,0.048323,0.038714,0.0
2017-10-26 09:00:00+02:00,0.06589,0.053597,0.038636,0.0
2017-10-26 09:01:00+02:00,0.06172,0.060501,0.038532,0.0
2017-10-26 09:02:00+02:00,0.06716,0.073919,0.038454,0.0
2017-10-26 09:03:00+02:00,0.0715,0.08454,0.038376,0.0
2017-10-26 09:04:00+02:00,0.07303,0.095339,0.038324,0.0
2017-10-26 09:05:00+02:00,0.07242,0.104291,0.038272,0.0
2017-10-26 09:06:00+02:00,0.07163,0.111449,0.038168,0.0
2017-10-26 09:07:00+02:00,0.07111,0.118198,0.038142,0.0
2017-10-26 09:08:00+02:00,0.07684,0.122429,0.038064,0.0
2017-10-26 09:09:00+02:00,0.07309,0.123909,0.038012,0.0
2017-10-26 09:10:00+02:00,0.06425,0.121136,0.037934,0.0
2017-10-26 09:11:00+02:00,0.05973,0.118037,0.037882,0.0
2017-10-26 09:12:00+02:00,0.05864,0.118413,0.03783,0.0
2017-10-26 09:13:00+02:00,0.06616,0.122545,0.037778,0.0
2017-10-26 09:14:00+02:00,0.07079,0.1231,0.037674,0.0
2017-10-26 09:15:00+02:00,0.07132,0.123746,0.037674,0.0
2017-10-26 09:16:00+02:00,0.06453,0.118829,0.03757,0.0
2017-10-26 09:17:00+02:00,0.06742,0.114378,0.037518,0.0
2017-10-26 09:18:00+02:00,0.07187,0.112867,0.03744,0.0
2017-10-26 09:19:00+02:00,0.07633,0.114755,0.037414,0.0
2017-10-26 09:20:00+02:00,0.07694,0.124096,0.03731,0.0
2017-10-26 09:21:00+02:00,0.07247,0.130383,0.037258,0.0
2017-10-26 09:22:00+02:00,0.07034,0.134754,0.037206,0.0
2017-10-26 09:23:00+02:00,0.07508,0.138511,0.037128,0.0
2017-10-26 09:24:00+02:00,0.0727,0.147876,0.037076,0.0
2017-10-26 09:25:00+02:00,0.06787,0.135287,0.037024,0.0
2017-10-26 09:26:00+02:00,0.0677,0.131418,0.036946,0.0
2017-10-26 09:27:00+02:00,0.06964,0.124818,0.036894,0.0
2017-10-26 09:28:00+02:00,0.069,0.124021,0.036816,0.0
2017-10-26 09:29:00+02:00,0.07351,0.120619,0.03679,0.0
2017-10-26 09:30:00+02:00,0.07592,0.130275,0.036738,0.0
2017-10-26 09:31:00+02:00,0.07171,0.116072,0.036634,0.0
2017-10-26 09:32:00+02:00,0.06826,0.113313,0.036634,0.0
2017-10-26 09:33:00+02:00,0.06867,0.120909,0.03653,0.0
2017-10-26 09:34:00+02:00,0.0644,0.127071,0.036478,0.0
2017-10-26 09:35:00+02:00,0.06828,0.134531,0.0364,0.0
2017-10-26 09:36:00+02:00,0.06884,0.128661,0.036374,0.0
2017-10-26 09:37:00+02:00,0.05791,0.12324,0.03627,0.0
2017-10-26 09:38:00+02:00,0.04648,0.116952,0.036218,0.0
2017-10-26 09:39:00+02:00,0.04511,0.114028,0.036166,0.0
2017-10-26 09:40:00+02:00,0.04698,0.114153,0.036088,0.0
2017-10-26 09:41:00+02:00,0.04812,0.114653,0.036036,0.0
2017-10-26 09:42:00+02:00,0.05026,0.120378,0.035984,0.0
2017-10-26 09:43:00+02:00,0.04893,0.125084,0.035906,0.0
2017-10-26 09:44:00+02:00,0.05137,0.134111,0.035854,0.0
2017-10-26 09:45:00+02:00,0.0531,0.136716,0.035776,0.0
2017-10-26 09:46:00+02:00,0.0505,0.14056,0.03575,0.0
2017-10-26 09:47:00+02:00,0.05309,0.143879,0.035672,0.0
2017-10-26 09:48:00+02:00,0.06018,0.149051,0.035594,0.0
2017-10-26 09:49:00+02:00,0.05749,0.159381,0.035568,0.0
2017-10-26 09:50:00+02:00,0.0524,0.174392,0.03549,0.0
2017-10-26 09:51:00+02:00,0.06467,0.193657,0.035412,0.0
2017-10-26 09:52:00+02:00,0.06814,0.213856,0.03536,0.0
2017-10-26 09:53:00+02:00,0.05634,0.221518,0.035308,0.0
2017-10-26 09:54:00+02:00,0.05044,0.228923,0.03523,0.0
2017-10-26 09:55:00+02:00,0.04858,0.229119,0.035152,0.0
2017-10-26 09:56:00+02:00,0.05484,0.2174,0.035126,0.0
2017-10-26 09:57:00+02:00,0.05887,0.196908,0.035022,0.0
2017-10-26 09:58:00+02:00,0.05646,0.176093,0.034996,0.0
2017-10-26 09:59:00+02:00,0.05737,0.157928,0.034918,0.0
2017-10-26 10:00:00+02:00,0.05434,0.145629,0.034892,0.0
2017-10-26 10:01:00+02:00,0.05226,0.138046,0.034788,0.0
2017-10-26 10:02:00+02:00,0.05104,0.134019,0.034736,0.0
2017-10-26 10:03:00+02:00,0.05573,0.129796,0.03471,0.0
2017-10-26 10:04:00+02:00,0.05769,0.131399,0.034632,0.0
2017-10-26 10:05:00+02:00,0.05522,0.12962,0.034554,0.0
2017-10-26 10:06:00+02:00,0.05719,0.126224,0.034528,0.0
2017-10-26 10:07:00+02:00,0.06512,0.122337,0.03445,0.0
2017-10-26 10:08:00+02:00,0.0607,0.124938,0.034372,0.0
2017-10-26 10:09:00+02:00,0.06901,0.148475,0.034346,0.0
2017-10-26 10:10:00+02:00,0.06302,0.112127,0.034268,0.0
2017-10-26 10:11:00+02:00,0.05816,0.10404,0.034216,0.0
2017-10-26 10:12:00+02:00,0.06343,0.102692,0.034164,0.0
2017-10-26 10:13:00+02:00,0.06129,0.104879,0.034086,0.0
2017-10-26 10:14:00+02:00,0.06234,0.105595,0.034034,0.0
2017-10-26 10:15:00+02:00,0.06623,0.106037,0.033956,0.0
2017-10-26 10:16:00+02:00,0.06553,0.110896,0.033878,0.0
2017-10-26 10:17:00+02:00,0.06514,0.115966,0.033852,0.0
2017-10-26 10:18:00+02:00,0.06863,0.125375,0.033748,0.0
2017-10-26 10:19:00+02:00,0.06674,0.139703,0.033748,0.0
2017-10-26 10:20:00+02:00,0.06206,0.152671,0.033644,0.0
2017-10-26 10:21:00+02:00,0.06023,0.156258,0.033592,0.0
2017-10-26 10:22:00+02:00,0.0687,0.157929,0.033566,0.0
2017-10-26 10:23:00+02:00,0.06625,0.160868,0.033488,0.0
2017-10-26 10:24:00+02:00,0.06759,0.167768,0.03341,0.0
2017-10-26 10:25:00+02:00,0.07215,0.173078,0.033384,0.0
2017-10-26 10:26:00+02:00,0.06833,0.178894,0.033306,0.0
2017-10-26 10:27:00+02:00,0.0678,0.182364,0.033228,0.0
2017-10-26 10:28:00+02:00,0.06668,0.1887,0.033202,0.0
2017-10-26 10:29:00+02:00,0.06772,0.192045,0.033124,0.0
2017-10-26 10:30:00+02:00,0.06646,0.192348,0.033072,0.0
2017-10-26 10:31:00+02:00,0.07253,0.194184,0.032994,0.0
2017-10-26 10:32:00+02:00,0.07317,0.199569,0.032942,0.0
2017-10-26 10:33:00+02:00,0.07205,0.205955,0.03289,0.0
2017-10-26 10:34:00+02:00,0.07206,0.213478,0.032812,0.0
2017-10-26 10:35:00+02:00,0.07282,0.223931,0.03276,0.0
2017-10-26 10:36:00+02:00,0.07176,0.232726,0.032708,0.0
2017-10-26 10:37:00+02:00,0.07255,0.246483,0.03263,0.0
2017-10-26 10:38:00+02:00,0.07822,0.260519,0.032604,0.0
2017-10-26 10:39:00+02:00,0.07627,0.267034,0.032526,0.0
2017-10-26 10:40:00+02:00,0.0609,0.265465,0.032448,0.0
2017-10-26 10:41:00+02:00,0.06803,0.262601,0.032448,0.0
2017-10-26 10:42:00+02:00,0.05417,0.255195,0.032344,0.0
2017-10-26 10:43:00+02:00,0.04721,0.244471,0.032266,0.0
2017-10-26 10:44:00+02:00,0.04698,0.233495,0.032214,0.0
2017-10-26 10:45:00+02:00,0.0493,0.224589,0.032162,0.0
2017-10-26 10:46:00+02:00,0.05028,0.222534,0.032084,0.0
2017-10-26 10:47:00+02:00,0.05191,0.224723,0.032032,0.0
2017-10-26 10:48:00+02:00,0.04959,0.225545,0.03198,0.0
2017-10-26 10:49:00+02:00,0.04734,0.222519,0.031928,0.0
2017-10-26 10:50:00+02:00,0.04802,0.219499,0.03185,0.0
2017-10-26 10:51:00+02:00,0.05183,0.221776,0.031798,0.0
2017-10-26 10:52:00+02:00,0.05046,0.225683,0.031746,0.0
2017-10-26 10:53:00+02:00,0.04743,0.229037,0.031668,0.0
2017-10-26 10:54:00+02:00,0.04882,0.233897,0.031616,0.0
2017-10-26 10:55:00+02:00,0.04667,0.236494,0.031564,0.0
2017-10-26 10:56:00+02:00,0.04769,0.239295,0.031486,0.0
2017-10-26 10:57:00+02:00,0.05168,0.242823,0.031434,0.0
2017-10-26 10:58:00+02:00,0.06021,0.24486,0.031382,0.0
2017-10-26 10:59:00+02:00,0.05477,0.247268,0.031304,0.0
2017-10-26 11:00:00+02:00,0.04997,0.250848,0.031278,0.0
2017-10-26 11:01:00+02:00,0.04907,0.253976,0.0312,0.0
2017-10-26 11:02:00+02:00,0.04607,0.258428,0.031148,0.0
2017-10-26 11:03:00+02:00,0.04817,0.265536,0.03107,0.0
2017-10-26 11:04:00+02:00,0.0519,0.268472,0.031044,0.0
2017-10-26 11:05:00+02:00,0.05022,0.270683,0.030966,0.0
2017-10-26 11:06:00+02:00,0.05244,0.278603,0.03094,0.0
2017-10-26 11:07:00+02:00,0.05336,0.30002,0.030862,0.0
2017-10-26 11:08:00+02:00,0.0459,0.350957,0.03081,0.0
2017-10-26 11:09:00+02:00,0.04734,0.321929,0.030758,0.0
2017-10-26 11:10:00+02:00,0.05523,0.296106,0.030706,0.0
2017-10-26 11:11:00+02:00,0.05974,0.281707,0.030628,0.0
2017-10-26 11:12:00+02:00,0.05832,0.27139,0.030602,0.0
2017-10-26 11:13:00+02:00,0.06184,0.267654,0.030524,0.0
2017-10-26 11:14:00+02:00,0.0563,0.269977,0.030446,0.0
2017-10-26 11:15:00+02:00,0.05848,0.274613,0.03042,0.0
2017-10-26 11:16:00+02:00,0.05953,0.281798,0.030342,0.0
2017-10-26 11:17:00+02:00,0.05852,0.291324,0.030316,0.0
2017-10-26 11:18:00+02:00,0.0506,0.297038,0.030264,0.0
2017-10-26 11:19:00+02:00,0.05095,0.299157,0.030212,0.0
2017-10-26 11:20:00+02:00,0.05062,0.307761,0.03016,0.0
2017-10-26 11:21:00+02:00,0.05102,0.31984,0.030082,0.0
2017-10-26 11:22:00+02:00,0.06352,0.327243,0.03003,0.0
2017-10-26 11:23:00+02:00,0.05896,0.336939,0.029978,0.0
2017-10-26 11:24:00+02:00,0.05956,0.337657,0.029926,0.0
2017-10-26 11:25:00+02:00,0.06326,0.339203,0.029874,0.0
2017-10-26 11:26:00+02:00,0.06011,0.337913,0.029796,0.0
2017-10-26 11:27:00+02:00,0.05151,0.332425,0.02977,0.0
2017-10-26 11:28:00+02:00,0.05126,0.335307,0.029666,0.0
2017-10-26 11:29:00+02:00,0.05548,0.344736,0.029666,0.0
2017-10-26 11:30:00+02:00,0.05962,0.351479,0.029562,0.0
2017-10-26 11:31:00+02:00,0.05525,0.373238,0.029562,0.0
2017-10-26 11:32:00+02:00,0.0468,0.402133,0.029458,0.0
2017-10-26 11:33:00+02:00,0.04158,0.469636,0.029406,0.0
2017-10-26 11:34:00+02:00,0.03864,0.47546,0.02938,0.0
2017-10-26 11:35:00+02:00,0.04656,0.42867,0.029302,0.0
2017-10-26 11:36:00+02:00,0.04747,0.486651,0.02925,0.0
2017-10-26 11:37:00+02:00,0.04264,0.52965,0.029198,0.0
2017-10-26 11:38:00+02:00,0.0463,0.566777,0.02912,0.0
2017-10-26 11:39:00+02:00,0.04316,0.468524,0.029068,0.0
2017-10-26 11:40:00+02:00,0.04349,0.397481,0.029016,0.0
2017-10-26 11:41:00+02:00,0.03916,0.400355,0.02899,0.0
2017-10-26 11:42:00+02:00,0.04205,0.370456,0.028912,0.0
2017-10-26 11:43:00+02:00,0.04067,0.368562,0.02886,0.0
2017-10-26 11:44:00+02:00,0.04205,0.366217,0.028808,0.0
2017-10-26 11:45:00+02:00,0.04598,0.369505,0.028756,0.0
2017-10-26 11:46:00+02:00,0.053,0.372959,0.028704,0.0
2017-10-26 11:47:00+02:00,0.05356,0.378208,0.028626,0.0
2017-10-26 11:48:00+02:00,0.05187,0.383087,0.0286,0.0
2017-10-26 11:49:00+02:00,0.04864,0.42427,0.028522,0.0
2017-10-26 11:50:00+02:00,0.04913,0.547025,0.02847,0.0
2017-10-26 11:51:00+02:00,0.04841,0.524872,0.028418,0.0
2017-10-26 11:52:00+02:00,0.04491,0.544891,0.028366,0.0
2017-10-26 11:53:00+02:00,0.04506,0.50329,0.028314,0.0
2017-10-26 11:54:00+02:00,0.0531,0.489185,0.028262,0.0
2017-10-26 11:55:00+02:00,0.05051,0.568118,0.028158,0.0
2017-10-26 11:56:00+02:00,0.04854,0.458483,0.028158,0.0
2017-10-26 11:57:00+02:00,0.04709,0.439115,0.028054,0.0
2017-10-26 11:58:00+02:00,0.04981,0.463626,0.028028,0.0
2017-10-26 11:59:00+02:00,0.05639,0.381247,0.027976,0.0
2017-10-26 12:00:00+02:00,0.05558,0.346475,0.027924,0.0
2017-10-26 12:01:00+02:00,0.05916,0.430628,0.027846,0.0
2017-10-26 12:02:00+02:00,0.05414,0.422464,0.027846,0.0
2017-10-26 12:03:00+02:00,0.0503,0.334728,0.027794,0.0
2017-10-26 12:04:00+02:00,0.04699,0.313335,0.027768,0.0
2017-10-26 12:05:00+02:00,0.05048,0.319401,0.027742,0.0
2017-10-26 12:06:00+02:00,0.04809,0.331241,0.027716,0.0
2017-10-26 12:07:00+02:00,0.04615,0.350594,0.027664,0.0
2017-10-26 12:08:00+02:00,0.04442,0.315372,0.027664,0.0
2017-10-26 12:09:00+02:00,0.04315,0.311042,0.027638,0.0
2017-10-26 12:10:00+02:00,0.04738,0.30893,0.027586,0.0
2017-10-26 12:11:00+02:00,0.05026,0.308609,0.02756,0.0
2017-10-26 12:12:00+02:00,0.0486,0.303215,0.02756,0.0
2017-10-26 12:13:00+02:00,0.04738,0.305955,0.027482,0.0
2017-10-26 12:14:00+02:00,0.05323,0.313306,0.027482,0.0
2017-10-26 12:15:00+02:00,0.05903,0.332238,0.027482,0.0
2017-10-26 12:16:00+02:00,0.06097,0.316402,0.027404,0.0
2017-10-26 12:17:00+02:00,0.05249,0.295803,0.027378,0.0
2017-10-26 12:18:00+02:00,0.0478,0.289248,0.027378,0.0
2017-10-26 12:19:00+02:00,0.0542,0.281077,0.027326,0.0
2017-10-26 12:20:00+02:00,0.04981,0.276796,0.0273,0.0
2017-10-26 12:21:00+02:00,0.05185,0.278289,0.027274,0.0
2017-10-26 12:22:00+02:00,0.05568,0.280848,0.027248,0.0
2017-10-26 12:23:00+02:00,0.06242,0.290181,0.027222,0.0
2017-10-26 12:24:00+02:00,0.0615,0.291994,0.027196,0.0
2017-10-26 12:25:00+02:00,0.06426,0.304653,0.027144,0.0
2017-10-26 12:26:00+02:00,0.06394,0.28148,0.027118,0.0
2017-10-26 12:27:00+02:00,0.06093,0.318887,0.027118,0.0
2017-10-26 12:28:00+02:00,0.0568,0.332314,0.027092,0.0
2017-10-26 12:29:00+02:00,0.05452,0.32032,0.027014,0.0
2017-10-26 12:30:00+02:00,0.05559,0.310654,0.027014,0.011
2017-10-26 12:31:00+02:00,0.05417,0.28609,0.026988,0.011
2017-10-26 12:32:00+02:00,0.04694,0.277695,0.026988,0.011
2017-10-26 12:33:00+02:00,0.04593,0.277811,0.02691,0.011
2017-10-26 12:34:00+02:00,0.04337,0.279193,0.026884,0.011
2017-10-26 12:35:00+02:00,0.04865,0.277145,0.026884,0.011
2017-10-26 12:36:00+02:00,0.04974,0.27813,0.026858,0.011
2017-10-26 12:37:00+02:00,0.04893,0.282081,0.026806,0.011
2017-10-26 12:38:00+02:00,0.04332,0.289533,0.02678,0.011
2017-10-26 12:39:00+02:00,0.04258,0.294724,0.026754,0.011
2017-10-26 12:40:00+02:00,0.0413,0.298844,0.026728,0.011
2017-10-26 12:41:00+02:00,0.0408,0.300851,0.026702,0.011
2017-10-26 12:42:00+02:00,0.04332,0.30074,0.02665,0.011
2017-10-26 12:43:00+02:00,0.03893,0.300998,0.026624,0.011
2017-10-26 12:44:00+02:00,0.03777,0.299225,0.026624,0.011
2017-10-26 12:45:00+02:00,0.03779,0.302521,0.026598,0.011
2017-10-26 12:46:00+02:00,0.03695,0.313995,0.02652,0.011
2017-10-26 12:47:00+02:00,0.03746,0.329374,0.02652,0.011
2017-10-26 12:48:00+02:00,0.03661,0.346137,0.02652,0.011
2017-10-26 12:49:00+02:00,0.04894,0.342404,0.026442,0.011
2017-10-26 12:50:00+02:00,0.05014,0.358503,0.026442,0.011
2017-10-26 12:51:00+02:00,0.04415,0.356596,0.026416,0.011
2017-10-26 12:52:00+02:00,0.04251,0.348133,0.026364,0.011
2017-10-26 12:53:00+02:00,0.04345,0.35799,0.026338,0.011
2017-10-26 12:54:00+02:00,0.04154,0.350466,0.026338,0.011
2017-10-26 12:55:00+02:00,0.0393,0.347241,0.026286,0.011
2017-10-26 12:56:00+02:00,0.03818,0.339149,0.02626,0.011
2017-10-26 12:57:00+02:00,0.03786,0.351887,0.026234,0.011
2017-10-26 12:58:00+02:00,0.04052,0.403327,0.026208,0.011
2017-10-26 12:59:00+02:00,0.04553,0.505448,0.026156,0.011
2017-10-26 13:00:00+02:00,0.05697,0.543875,0.026156,0.044
2017-10-26 13:01:00+02:00,0.06067,0.554401,0.026104,0.044
2017-10-26 13:02:00+02:00,0.06039,0.400854,0.026104,0.044
2017-10-26 13:03:00+02:00,0.04874,0.365427,0.026078,0.044
2017-10-26 13:04:00+02:00,0.04884,0.386781,0.026078,0.037193
2017-10-26 13:05:00+02:00,0.06011,0.37085,0.026052,0.033
2017-10-26 13:06:00+02:00,0.05825,0.343977,0.026026,0.033
2017-10-26 13:07:00+02:00,0.05598,0.305575,0.026026,0.033
2017-10-26 13:08:00+02:00,0.05217,0.270461,0.025974,0.033
2017-10-26 13:09:00+02:00,0.05604,0.256687,0.025974,0.033
2017-10-26 13:10:00+02:00,0.05722,0.253379,0.025974,0.033
2017-10-26 13:11:00+02:00,0.0567,0.247158,0.025948,0.033
2017-10-26 13:12:00+02:00,0.05444,0.243452,0.025948,0.033
2017-10-26 13:13:00+02:00,0.05783,0.255903,0.025922,0.033
2017-10-26 13:14:00+02:00,0.05792,0.266047,0.025896,0.033
2017-10-26 13:15:00+02:00,0.05911,0.271341,0.02587,0.044
2017-10-26 13:16:00+02:00,0.06012,0.269679,0.02587,0.044
2017-10-26 13:17:00+02:00,0.05702,0.279325,0.025844,0.044
2017-10-26 13:18:00+02:00,0.05738,0.291634,0.025844,0.044
2017-10-26 13:19:00+02:00,0.05351,0.32073,0.025844,0.044
2017-10-26 13:20:00+02:00,0.05494,0.327477,0.025818,0.044
2017-10-26 13:21:00+02:00,0.05422,0.321352,0.025792,0.044
2017-10-26 13:22:00+02:00,0.05616,0.315262,0.02574,0.044
2017-10-26 13:23:00+02:00,0.05913,0.306275,0.02574,0.044
2017-10-26 13:24:00+02:00,0.05974,0.296707,0.02574,0.044
2017-10-26 13:25:00+02:00,0.05979,0.285086,0.02574,0.0419
2017-10-26 13:26:00+02:00,0.06451,0.278151,0.025714,0.033
2017-10-26 13:27:00+02:00,0.05355,0.269059,0.025688,0.033
2017-10-26 13:28:00+02:00,0.05576,0.259702,0.025662,0.033
2017-10-26 13:29:00+02:00,0.05276,0.251721,0.025636,0.033
2017-10-26 13:30:00+02:00,0.04821,0.244642,0.025636,0.033
2017-10-26 13:31:00+02:00,0.04595,0.23803,0.02561,0.033
2017-10-26 13:32:00+02:00,0.04538,0.23538,0.025584,0.033
2017-10-26 13:33:00+02:00,0.04595,0.238614,0.025584,0.033
2017-10-26 13:34:00+02:00,0.0502,0.24503,0.025584,0.033
2017-10-26 13:35:00+02:00,0.04803,0.248556,0.025584,0.033
2017-10-26 13:36:00+02:00,0.05014,0.239885,0.025532,0.028587
2017-10-26 13:37:00+02:00,0.05687,0.225561,0.025506,0.022
2017-10-26 13:38:00+02:00,0.0583,0.214449,0.02548,0.022
2017-10-26 13:39:00+02:00,0.06042,0.214483,0.02548,0.022
2017-10-26 13:40:00+02:00,0.05276,0.21334,0.02548,0.022
2017-10-26 13:41:00+02:00,0.05455,0.213645,0.02548,0.022
2017-10-26 13:42:00+02:00,0.05799,0.215319,0.02548,0.022
2017-10-26 13:43:00+02:00,0.06331,0.218735,0.025402,0.022
2017-10-26 13:44:00+02:00,0.06291,0.220966,0.025376,0.022
2017-10-26 13:45:00+02:00,0.05937,0.221268,0.025376,0.033
2017-10-26 13:46:00+02:00,0.06696,0.226555,0.025376,0.033
2017-10-26 13:47:00+02:00,0.0624,0.228667,0.025376,0.033
2017-10-26 13:48:00+02:00,0.0613,0.229827,0.02535,0.033
2017-10-26 13:49:00+02:00,0.06257,0.225873,0.025324,0.033
2017-10-26 13:50:00+02:00,0.06527,0.228907,0.025298,0.033
2017-10-26 13:51:00+02:00,0.06371,0.233109,0.025272,0.033
2017-10-26 13:52:00+02:00,0.05404,0.236119,0.025272,0.033
2017-10-26 13:53:00+02:00,0.0546,0.239658,0.025272,0.033
2017-10-26 13:54:00+02:00,0.05809,0.240952,0.02522,0.033
2017-10-26 13:55:00+02:00,0.05973,0.241301,0.02522,0.033
2017-10-26 13:56:00+02:00,0.0551,0.243238,0.02522,0.033
2017-10-26 13:57:00+02:00,0.05473,0.246426,0.025194,0.033
2017-10-26 13:58:00+02:00,0.05062,0.249132,0.025194,0.033
2017-10-26 13:59:00+02:00,0.05038,0.251142,0.025142,0.033
2017-10-26 14:00:00+02:00,0.05832,0.249902,0.025116,0.044
2017-10-26 14:01:00+02:00,0.05595,0.246691,0.025116,0.042467
2017-10-26 14:02:00+02:00,0.0591,0.243992,0.025116,0.033
2017-10-26 14:03:00+02:00,0.05697,0.244158,0.025116,0.033
2017-10-26 14:04:00+02:00,0.05245,0.249037,0.025116,0.033
2017-10-26 14:05:00+02:00,0.05734,0.256247,0.025116,0.033
2017-10-26 14:06:00+02:00,0.05333,0.259547,0.025116,0.02522
2017-10-26 14:07:00+02:00,0.04893,0.26834,0.02509,0.022
2017-10-26 14:08:00+02:00,0.05777,0.279087,0.025064,0.022
2017-10-26 14:09:00+02:00,0.05352,0.291534,0.025064,0.022
2017-10-26 14:10:00+02:00,0.05846,0.307408,0.025064,0.022
2017-10-26 14:11:00+02:00,0.05841,0.326653,0.025064,0.022
2017-10-26 14:12:00+02:00,0.05719,0.343761,0.025064,0.022
2017-10-26 14:13:00+02:00,0.05458,0.3527,0.025038,0.022
2017-10-26 14:14:00+02:00,0.05175,0.348536,0.025038,0.022
2017-10-26 14:15:00+02:00,0.04744,0.33844,0.025012,0.055
2017-10-26 14:16:00+02:00,0.05114,0.331284,0.025012,0.055
2017-10-26 14:17:00+02:00,0.05229,0.307861,0.025012,0.055
2017-10-26 14:18:00+02:00,0.05424,0.273854,0.025012,0.055
2017-10-26 14:19:00+02:00,0.05131,0.287609,0.025012,0.055
2017-10-26 14:20:00+02:00,0.05751,0.314897,0.025012,0.055
2017-10-26 14:21:00+02:00,0.05582,0.311948,0.024986,0.055
2017-10-26 14:22:00+02:00,0.05376,0.322757,0.024986,0.055
2017-10-26 14:23:00+02:00,0.05267,0.33914,0.024986,0.055
2017-10-26 14:24:00+02:00,0.05447,0.34501,0.024986,0.055
2017-10-26 14:25:00+02:00,0.05665,0.338256,0.02496,0.055
2017-10-26 14:26:00+02:00,0.05284,0.310679,0.02496,0.055
2017-10-26 14:27:00+02:00,0.04614,0.328042,0.024934,0.055
2017-10-26 14:28:00+02:00,0.04903,0.328395,0.024934,0.055
2017-10-26 14:29:00+02:00,0.05049,0.29888,0.024934,0.055
2017-10-26 14:30:00+02:00,0.04088,0.278151,0.024934,0.077
2017-10-26 14:31:00+02:00,0.04044,0.263494,0.024934,0.077
2017-10-26 14:32:00+02:00,0.03915,0.247293,0.024934,0.077
2017-10-26 14:33:00+02:00,0.03928,0.231227,0.024934,0.077
2017-10-26 14:34:00+02:00,0.04249,0.220004,0.024934,0.077
2017-10-26 14:35:00+02:00,0.04749,0.201153,0.024882,0.077
2017-10-26 14:36:00+02:00,0.04841,0.19258,0.024882,0.077
2017-10-26 14:37:00+02:00,0.04549,0.191935,0.024882,0.077
2017-10-26 14:38:00+02:00,0.0453,0.187809,0.024882,0.077
2017-10-26 14:39:00+02:00,0.04747,0.208848,0.024882,0.077
2017-10-26 14:40:00+02:00,0.04829,0.228449,0.024882,0.077
2017-10-26 14:41:00+02:00,0.04711,0.240007,0.024882,0.071007
2017-10-26 14:42:00+02:00,0.04965,0.235594,0.024856,0.066
2017-10-26 14:43:00+02:00,0.04407,0.22278,0.02483,0.066
2017-10-26 14:44:00+02:00,0.04712,0.214007,0.02483,0.066
2017-10-26 14:45:00+02:00,0.04396,0.194908,0.02483,0.077
2017-10-26 14:46:00+02:00,0.0464,0.174552,0.02483,0.077
2017-10-26 14:47:00+02:00,0.04748,0.161051,0.02483,0.077
2017-10-26 14:48:00+02:00,0.0532,0.160492,0.024804,0.077
2017-10-26 14:49:00+02:00,0.06267,0.161518,0.024804,0.077
2017-10-26 14:50:00+02:00,0.05441,0.153908,0.024804,0.077
2017-10-26 14:51:00+02:00,0.04817,0.13358,0.024804,0.077
2017-10-26 14:52:00+02:00,0.04727,0.103401,0.024804,0.077
2017-10-26 14:53:00+02:00,0.04411,0.100426,0.024804,0.077
2017-10-26 14:54:00+02:00,0.04813,0.115052,0.024778,0.077
2017-10-26 14:55:00+02:00,0.04501,0.118928,0.024778,0.077
2017-10-26 14:56:00+02:00,0.05144,0.122799,0.024778,0.077
2017-10-26 14:57:00+02:00,0.04873,0.12191,0.024752,0.06926
2017-10-26 14:58:00+02:00,0.05188,0.128397,0.024752,0.066
2017-10-26 14:59:00+02:00,0.06108,0.130945,0.024752,0.066
2017-10-26 15:00:00+02:00,0.05865,0.133279,0.024752,0.077
2017-10-26 15:01:00+02:00,0.05198,0.131449,0.024726,0.077
2017-10-26 15:02:00+02:00,0.04874,0.118671,0.024752,0.076507
2017-10-26 15:03:00+02:00,0.05042,0.120128,0.024778,0.066
2017-10-26 15:04:00+02:00,0.05247,0.131536,0.024804,0.056893
2017-10-26 15:05:00+02:00,0.05034,0.130987,0.024804,0.055
2017-10-26 15:06:00+02:00,0.05361,0.141605,0.024804,0.055
2017-10-26 15:07:00+02:00,0.06063,0.150406,0.02483,0.055
2017-10-26 15:08:00+02:00,0.06202,0.157741,0.02483,0.055
2017-10-26 15:09:00+02:00,0.06086,0.161933,0.024882,0.055
2017-10-26 15:10:00+02:00,0.0582,0.156811,0.024882,0.055
2017-10-26 15:11:00+02:00,0.05579,0.146102,0.024882,0.048333
2017-10-26 15:12:00+02:00,0.05275,0.131804,0.024934,0.044
2017-10-26 15:13:00+02:00,0.05297,0.121537,0.024934,0.044
2017-10-26 15:14:00+02:00,0.05407,0.116543,0.024934,0.044
2017-10-26 15:15:00+02:00,0.05635,0.112505,0.024934,0.055
2017-10-26 15:16:00+02:00,0.05611,0.115296,0.024986,0.055
2017-10-26 15:17:00+02:00,0.05402,0.116971,0.024986,0.055
2017-10-26 15:18:00+02:00,0.05309,0.120811,0.025012,0.055
2017-10-26 15:19:00+02:00,0.0493,0.127748,0.025012,0.055
2017-10-26 15:20:00+02:00,0.0522,0.130382,0.025038,0.055
2017-10-26 15:21:00+02:00,0.05506,0.128823,0.025038,0.055
2017-10-26 15:22:00+02:00,0.05737,0.129337,0.025064,0.055
2017-10-26 15:23:00+02:00,0.05373,0.132872,0.025064,0.055
2017-10-26 15:24:00+02:00,0.05569,0.137694,0.025116,0.047653
2017-10-26 15:25:00+02:00,0.06476,0.139492,0.025116,0.044
2017-10-26 15:26:00+02:00,0.05862,0.137515,0.025116,0.044
2017-10-26 15:27:00+02:00,0.04971,0.137022,0.025116,0.044
2017-10-26 15:28:00+02:00,0.04967,0.145768,0.025142,0.044
2017-10-26 15:29:00+02:00,0.05517,0.15042,0.025194,0.044
2017-10-26 15:30:00+02:00,0.05438,0.146855,0.025194,0.055
2017-10-26 15:31:00+02:00,0.05991,0.136472,0.02522,0.055
2017-10-26 15:32:00+02:00,0.06042,0.140953,0.02522,0.055
2017-10-26 15:33:00+02:00,0.06099,0.140805,0.02522,0.055
2017-10-26 15:34:00+02:00,0.05404,0.138077,0.025246,0.055
2017-10-26 15:35:00+02:00,0.05234,0.139242,0.025272,0.055
2017-10-26 15:36:00+02:00,0.04772,0.141692,0.025272,0.055
2017-10-26 15:37:00+02:00,0.04801,0.138438,0.025298,0.055
2017-10-26 15:38:00+02:00,0.05391,0.13479,0.025298,0.055
2017-10-26 15:39:00+02:00,0.05078,0.128659,0.025324,0.055
2017-10-26 15:40:00+02:00,0.05559,0.117862,0.025376,0.055
2017-10-26 15:41:00+02:00,0.05898,0.110271,0.025376,0.055
2017-10-26 15:42:00+02:00,0.05244,0.109678,0.025376,0.055
2017-10-26 15:43:00+02:00,0.05526,0.115144,0.025376,0.055
2017-10-26 15:44:00+02:00,0.05129,0.114309,0.025376,0.055
2017-10-26 15:45:00+02:00,0.05154,0.107711,0.025402,0.077
2017-10-26 15:46:00+02:00,0.05308,0.103993,0.02548,0.077
2017-10-26 15:47:00+02:00,0.06022,0.10351,0.02548,0.070253
2017-10-26 15:48:00+02:00,0.06071,0.104712,0.02548,0.066
2017-10-26 15:49:00+02:00,0.06562,0.109678,0.02548,0.066
2017-10-26 15:50:00+02:00,0.06336,0.118183,0.02548,0.066
2017-10-26 15:51:00+02:00,0.06199,0.125151,0.025506,0.066
2017-10-26 15:52:00+02:00,0.05487,0.125996,0.025532,0.066
2017-10-26 15:53:00+02:00,0.05647,0.122477,0.025584,0.066
2017-10-26 15:54:00+02:00,0.05545,0.116615,0.025584,0.066
2017-10-26 15:55:00+02:00,0.05946,0.113161,0.025584,0.066
2017-10-26 15:56:00+02:00,0.05705,0.113208,0.025584,0.066
2017-10-26 15:57:00+02:00,0.05512,0.107888,0.02561,0.060527
2017-10-26 15:58:00+02:00,0.05578,0.099966,0.025636,0.055
2017-10-26 15:59:00+02:00,0.05921,0.093448,0.025636,0.055
2017-10-26 16:00:00+02:00,0.0574,0.088861,0.025636,0.055
2017-10-26 16:01:00+02:00,0.06631,0.079432,0.025688,0.044753
2017-10-26 16:02:00+02:00,0.05996,0.066529,0.025714,0.044
2017-10-26 16:03:00+02:00,0.05676,0.059144,0.02574,0.044
2017-10-26 16:04:00+02:00,0.05724,0.055592,0.02574,0.044
2017-10-26 16:05:00+02:00,0.05658,0.056016,0.025818,0.044
2017-10-26 16:06:00+02:00,0.05003,0.053633,0.025844,0.044
2017-10-26 16:07:00+02:00,0.04951,0.053332,0.02587,0.044
2017-10-26 16:08:00+02:00,0.05077,0.055166,0.025896,0.044
2017-10-26 16:09:00+02:00,0.04948,0.051989,0.025948,0.044
2017-10-26 16:10:00+02:00,0.04895,0.051429,0.025974,0.044
2017-10-26 16:11:00+02:00,0.04835,0.047776,0.025974,0.044
2017-10-26 16:12:00+02:00,0.0511,0.045879,0.026026,0.044
2017-10-26 16:13:00+02:00,0.04847,0.044007,0.026078,0.044
2017-10-26 16:14:00+02:00,0.04808,0.040308,0.026078,0.037627
2017-10-26 16:15:00+02:00,0.0447,0.038727,0.026104,0.055
2017-10-26 16:16:00+02:00,0.04255,0.04061,0.026156,0.047013
2017-10-26 16:17:00+02:00,0.04975,0.041149,0.026182,0.044
2017-10-26 16:18:00+02:00,0.05545,0.0369,0.026208,0.044
2017-10-26 16:19:00+02:00,0.0547,0.030075,0.026234,0.044
2017-10-26 16:20:00+02:00,0.05287,0.023555,0.02626,0.044
2017-10-26 16:21:00+02:00,0.05381,0.017595,0.026338,0.044
2017-10-26 16:22:00+02:00,0.05486,0.014052,0.026338,0.044
2017-10-26 16:23:00+02:00,0.05248,0.009963,0.026364,0.0363
2017-10-26 16:24:00+02:00,0.05404,0.010177,0.026416,0.033
2017-10-26 16:25:00+02:00,0.05632,0.011191,0.026442,0.033
2017-10-26 16:26:00+02:00,0.05765,0.014326,0.026442,0.033
2017-10-26 16:27:00+02:00,0.05703,0.018537,0.02652,0.033
2017-10-26 16:28:00+02:00,0.05671,0.018032,0.02652,0.033
2017-10-26 16:29:00+02:00,0.05836,0.017576,0.026546,0.033
2017-10-26 16:30:00+02:00,0.05969,0.015626,0.026598,0.033
2017-10-26 16:31:00+02:00,0.05823,0.013657,0.026624,0.033
2017-10-26 16:32:00+02:00,0.05377,0.012354,0.026624,0.033
2017-10-26 16:33:00+02:00,0.05603,0.012061,0.026676,0.033
2017-10-26 16:34:00+02:00,0.06045,0.011441,0.026728,0.033
2017-10-26 16:35:00+02:00,0.05716,0.010423,0.026754,0.033
2017-10-26 16:36:00+02:00,0.05601,0.012632,0.02678,0.033
2017-10-26 16:37:00+02:00,0.05667,0.016111,0.02678,0.033
2017-10-26 16:38:00+02:00,0.05849,0.015993,0.026858,0.033
2017-10-26 16:39:00+02:00,0.05681,0.017957,0.026884,0.033
2017-10-26 16:40:00+02:00,0.05433,0.019366,0.026884,0.033
2017-10-26 16:41:00+02:00,0.05329,0.018438,0.02691,0.033
2017-10-26 16:42:00+02:00,0.05088,0.018644,0.026988,0.033
2017-10-26 16:43:00+02:00,0.05282,0.019409,0.026988,0.033
2017-10-26 16:44:00+02:00,0.05461,0.024247,0.027014,0.033
2017-10-26 16:45:00+02:00,0.05321,0.024125,0.02704,0.044
2017-10-26 16:46:00+02:00,0.05184,0.023861,0.027118,0.044
2017-10-26 16:47:00+02:00,0.05208,0.022207,0.027118,0.044
2017-10-26 16:48:00+02:00,0.0502,0.01975,0.027144,0.036667
2017-10-26 16:49:00+02:00,0.04998,0.020895,0.027196,0.033
2017-10-26 16:50:00+02:00,0.05013,0.014484,0.027222,0.033
2017-10-26 16:51:00+02:00,0.05096,0.0,0.027248,0.030993
2017-10-26 16:52:00+02:00,0.04622,0.00036,0.027274,0.022
2017-10-26 16:53:00+02:00,0.04898,0.010456,0.0273,0.022
2017-10-26 16:54:00+02:00,0.05214,0.025182,0.027326,0.022
2017-10-26 16:55:00+02:00,0.05106,0.025527,0.027378,0.022
2017-10-26 16:56:00+02:00,0.04874,0.021347,0.027378,0.022
2017-10-26 16:57:00+02:00,0.05474,0.019722,0.027404,0.022
2017-10-26 16:58:00+02:00,0.05168,0.020693,0.027482,0.022
2017-10-26 16:59:00+02:00,0.05337,0.020837,0.027482,0.022
2017-10-26 17:00:00+02:00,0.05238,0.021641,0.027534,0.07042
2017-10-26 17:01:00+02:00,0.04874,0.022023,0.02756,0.066
2017-10-26 17:02:00+02:00,0.05117,0.023261,0.027586,0.066
2017-10-26 17:03:00+02:00,0.0499,0.023825,0.027664,0.066
2017-10-26 17:04:00+02:00,0.0493,0.023539,0.027664,0.066
2017-10-26 17:05:00+02:00,0.05,0.023536,0.027742,0.066
2017-10-26 17:06:00+02:00,0.04973,0.023989,0.027768,0.063373
2017-10-26 17:07:00+02:00,0.05268,0.023141,0.027794,0.055
2017-10-26 17:08:00+02:00,0.05439,0.021863,0.027846,0.055
2017-10-26 17:09:00+02:00,0.05764,0.019511,0.027898,0.055
2017-10-26 17:10:00+02:00,0.05865,0.017031,0.027924,0.055
2017-10-26 17:11:00+02:00,0.06169,0.016394,0.027976,0.055
2017-10-26 17:12:00+02:00,0.05757,0.013174,0.028028,0.055
2017-10-26 17:13:00+02:00,0.05664,0.012284,0.028054,0.055
2017-10-26 17:14:00+02:00,0.05651,0.010844,0.028132,0.04574
2017-10-26 17:15:00+02:00,0.05528,0.009352,0.028158,0.055
2017-10-26 17:16:00+02:00,0.05549,0.005447,0.028158,0.055
2017-10-26 17:17:00+02:00,0.05255,0.004125,0.028262,0.055
2017-10-26 17:18:00+02:00,0.05313,0.003523,0.028262,0.055
2017-10-26 17:19:00+02:00,0.05672,0.001368,0.028314,0.055
2017-10-26 17:20:00+02:00,0.06041,1.6e-05,0.028366,0.055
2017-10-26 17:21:00+02:00,0.06042,0.0,0.028418,0.055
2017-10-26 17:22:00+02:00,0.06462,0.0,0.028418,0.055
2017-10-26 17:23:00+02:00,0.0672,0.0,0.028496,0.053147
2017-10-26 17:24:00+02:00,0.06646,0.0,0.028522,0.040407
2017-10-26 17:25:00+02:00,0.06364,0.0,0.028522,0.033
2017-10-26 17:26:00+02:00,0.0651,0.0,0.028626,0.033
2017-10-26 17:27:00+02:00,0.05474,0.0,0.028626,0.033
2017-10-26 17:28:00+02:00,0.0576,0.0,0.028704,0.033
2017-10-26 17:29:00+02:00,0.05698,0.0,0.02873,0.033
2017-10-26 17:30:00+02:00,0.05675,0.0,0.028782,0.077
2017-10-26 17:31:00+02:00,0.05679,0.0,0.028808,0.070567
2017-10-26 17:32:00+02:00,0.05729,0.0,0.02886,0.057213
2017-10-26 17:33:00+02:00,0.06262,0.0,0.028886,0.055
2017-10-26 17:34:00+02:00,0.06482,0.0,0.028938,0.055
2017-10-26 17:35:00+02:00,0.06851,0.0,0.02899,0.055
2017-10-26 17:36:00+02:00,0.06732,0.0,0.029016,0.055
2017-10-26 17:37:00+02:00,0.06969,0.0,0.029068,0.055
2017-10-26 17:38:00+02:00,0.0636,0.0,0.02912,0.055
2017-10-26 17:39:00+02:00,0.06457,0.0,0.029172,0.055
2017-10-26 17:40:00+02:00,0.0665,0.0,0.029198,0.055
2017-10-26 17:41:00+02:00,0.06029,0.0,0.029224,0.055
2017-10-26 17:42:00+02:00,0.06443,0.0,0.029302,0.055
2017-10-26 17:43:00+02:00,0.06121,0.0,0.029302,0.055
2017-10-26 17:44:00+02:00,0.05795,0.0,0.02938,0.055
2017-10-26 17:45:00+02:00,0.05564,0.0,0.029406,0.062973
2017-10-26 17:46:00+02:00,0.06065,0.0,0.029458,0.055
2017-10-26 17:47:00+02:00,0.05523,0.0,0.029484,0.055
2017-10-26 17:48:00+02:00,0.0585,0.0,0.029536,0.055
2017-10-26 17:49:00+02:00,0.05592,0.0,0.029562,0.055
2017-10-26 17:50:00+02:00,0.06483,0.0,0.029614,0.055
2017-10-26 17:51:00+02:00,0.06727,0.0,0.029666,0.055
2017-10-26 17:52:00+02:00,0.07914,0.0,0.029666,0.055
2017-10-26 17:53:00+02:00,0.07186,0.0,0.02977,0.054653
2017-10-26 17:54:00+02:00,0.07167,0.0,0.02977,0.044
2017-10-26 17:55:00+02:00,0.07101,0.0,0.029822,0.044
2017-10-26 17:56:00+02:00,0.07104,0.0,0.029874,0.044
2017-10-26 17:57:00+02:00,0.07754,0.0,0.0299,0.044
2017-10-26 17:58:00+02:00,0.06951,0.0,0.029926,0.044
2017-10-26 17:59:00+02:00,0.0727,0.0,0.030004,0.044
2017-10-26 18:00:00+02:00,0.06398,0.0,0.03003,0.044
2017-10-26 18:01:00+02:00,0.06426,0.0,0.030082,0.044
2017-10-26 18:02:00+02:00,0.0649,0.0,0.030134,0.044
2017-10-26 18:03:00+02:00,0.0618,0.0,0.03016,0.044
2017-10-26 18:04:00+02:00,0.05526,0.0,0.030186,0.044
2017-10-26 18:05:00+02:00,0.05456,0.0,0.030264,0.040233
2017-10-26 18:06:00+02:00,0.05696,0.0,0.030264,0.033
2017-10-26 18:07:00+02:00,0.05836,0.0,0.030342,0.033
2017-10-26 18:08:00+02:00,0.06238,0.0,0.030368,0.033
2017-10-26 18:09:00+02:00,0.06459,0.0,0.03042,0.033
2017-10-26 18:10:00+02:00,0.06442,0.0,0.030446,0.033
2017-10-26 18:11:00+02:00,0.07052,0.0,0.030498,0.033
2017-10-26 18:12:00+02:00,0.07146,0.0,0.030524,0.033
2017-10-26 18:13:00+02:00,0.08518,0.0,0.03055,0.033
2017-10-26 18:14:00+02:00,0.08179,0.0,0.030602,0.033
2017-10-26 18:15:00+02:00,0.07602,0.0,0.030628,0.066
2017-10-26 18:16:00+02:00,0.08435,0.0,0.030706,0.066
2017-10-26 18:17:00+02:00,0.07987,0.0,0.030706,0.066
2017-10-26 18:18:00+02:00,0.07411,0.0,0.03081,0.066
2017-10-26 18:19:00+02:00,0.07203,0.0,0.03081,0.066
2017-10-26 18:20:00+02:00,0.06769,0.0,0.030836,0.057073
2017-10-26 18:21:00+02:00,0.07119,0.0,0.030914,0.055
2017-10-26 18:22:00+02:00,0.08445,0.0,0.03094,0.055
2017-10-26 18:23:00+02:00,0.08724,0.0,0.030966,0.055
2017-10-26 18:24:00+02:00,0.07869,0.0,0.031044,0.055
2017-10-26 18:25:00+02:00,0.07336,0.0,0.03107,0.055
2017-10-26 18:26:00+02:00,0.07019,0.0,0.031096,0.055
2017-10-26 18:27:00+02:00,0.05881,0.0,0.031148,0.055
2017-10-26 18:28:00+02:00,0.0599,0.0,0.0312,0.055
2017-10-26 18:29:00+02:00,0.05859,0.0,0.0312,0.055
2017-10-26 18:30:00+02:00,0.05666,0.0,0.031278,0.077
2017-10-26 18:31:00+02:00,0.05824,0.0,0.031304,0.077
2017-10-26 18:32:00+02:00,0.06177,0.0,0.031356,0.077
2017-10-26 18:33:00+02:00,0.06171,0.0,0.031408,0.077
2017-10-26 18:34:00+02:00,0.06632,0.0,0.031408,0.077
2017-10-26 18:35:00+02:00,0.06417,0.0,0.031486,0.077
2017-10-26 18:36:00+02:00,0.06561,0.0,0.031512,0.077
2017-10-26 18:37:00+02:00,0.07081,0.0,0.031564,0.077
2017-10-26 18:38:00+02:00,0.06673,0.0,0.03159,0.077
2017-10-26 18:39:00+02:00,0.06204,0.0,0.031668,0.077
2017-10-26 18:40:00+02:00,0.0617,0.0,0.031668,0.077
2017-10-26 18:41:00+02:00,0.06115,0.0,0.03172,0.077
2017-10-26 18:42:00+02:00,0.05881,0.0,0.031772,0.077
2017-10-26 18:43:00+02:00,0.06562,0.0,0.031798,0.077
2017-10-26 18:44:00+02:00,0.06113,0.0,0.03185,0.066187
2017-10-26 18:45:00+02:00,0.06269,0.0,0.031902,0.11
2017-10-26 18:46:00+02:00,0.06358,0.0,0.031954,0.11
2017-10-26 18:47:00+02:00,0.06298,0.0,0.03198,0.11
2017-10-26 18:48:00+02:00,0.06814,0.0,0.032032,0.102667
2017-10-26 18:49:00+02:00,0.0676,0.0,0.032058,0.099
2017-10-26 18:50:00+02:00,0.07151,0.0,0.032084,0.099
2017-10-26 18:51:00+02:00,0.07211,0.0,0.03211,0.099
2017-10-26 18:52:00+02:00,0.07559,0.0,0.032188,0.099
2017-10-26 18:53:00+02:00,0.08539,0.0,0.032214,0.099
2017-10-26 18:54:00+02:00,0.07751,0.0,0.03224,0.099
2017-10-26 18:55:00+02:00,0.07638,0.0,0.032318,0.099
2017-10-26 18:56:00+02:00,0.07007,0.0,0.032344,0.099
2017-10-26 18:57:00+02:00,0.07126,0.0,0.032344,0.099
2017-10-26 18:58:00+02:00,0.07856,0.0,0.032448,0.092127
2017-10-26 18:59:00+02:00,0.07246,0.0,0.032448,0.088
2017-10-26 19:00:00+02:00,0.07612,0.0,0.0325,0.088
2017-10-26 19:01:00+02:00,0.0691,0.0,0.032552,0.088
2017-10-26 19:02:00+02:00,0.06936,0.0,0.032604,0.088
2017-10-26 19:03:00+02:00,0.06803,0.0,0.03263,0.088
2017-10-26 19:04:00+02:00,0.07733,0.0,0.032682,0.078913
2017-10-26 19:05:00+02:00,0.07513,0.0,0.032708,0.077
2017-10-26 19:06:00+02:00,0.07562,0.0,0.03276,0.077
2017-10-26 19:07:00+02:00,0.07619,0.0,0.032812,0.077
2017-10-26 19:08:00+02:00,0.07586,0.0,0.032838,0.077
2017-10-26 19:09:00+02:00,0.08508,0.0,0.03289,0.077
2017-10-26 19:10:00+02:00,0.07992,0.0,0.032916,0.077
2017-10-26 19:11:00+02:00,0.08313,0.0,0.032968,0.077
2017-10-26 19:12:00+02:00,0.08358,0.0,0.032994,0.07496
2017-10-26 19:13:00+02:00,0.08071,0.0,0.033046,0.066
2017-10-26 19:14:00+02:00,0.07382,0.0,0.033098,0.066
2017-10-26 19:15:00+02:00,0.08442,0.0,0.033124,0.099
2017-10-26 19:16:00+02:00,0.08543,0.0,0.033176,0.099
2017-10-26 19:17:00+02:00,0.08622,0.0,0.033228,0.092793
2017-10-26 19:18:00+02:00,0.08964,0.0,0.033254,0.088
2017-10-26 19:19:00+02:00,0.09078,0.0,0.033306,0.088
2017-10-26 19:20:00+02:00,0.09745,0.0,0.033332,0.088
2017-10-26 19:21:00+02:00,0.09517,0.0,0.033384,0.088
2017-10-26 19:22:00+02:00,0.09031,0.0,0.03341,0.084993
2017-10-26 19:23:00+02:00,0.09957,0.0,0.033488,0.077
2017-10-26 19:24:00+02:00,0.10163,0.0,0.033488,0.077
2017-10-26 19:25:00+02:00,0.10387,0.0,0.033592,0.077
2017-10-26 19:26:00+02:00,0.10251,0.0,0.033592,0.077
2017-10-26 19:27:00+02:00,0.09515,0.0,0.033644,0.077
2017-10-26 19:28:00+02:00,0.09665,0.0,0.033696,0.077
2017-10-26 19:29:00+02:00,0.09871,0.0,0.033722,0.077
2017-10-26 19:30:00+02:00,0.112,0.0,0.033748,0.099
2017-10-26 19:31:00+02:00,0.10778,0.0,0.033826,0.099
2017-10-26 19:32:00+02:00,0.09842,0.0,0.033852,0.08992
2017-10-26 19:33:00+02:00,0.10276,0.0,0.033878,0.088
2017-10-26 19:34:00+02:00,0.10467,0.0,0.033956,0.088
2017-10-26 19:35:00+02:00,0.10998,0.0,0.033956,0.088
2017-10-26 19:36:00+02:00,0.1028,0.0,0.034034,0.088
2017-10-26 19:37:00+02:00,0.11233,0.0,0.03406,0.088
2017-10-26 19:38:00+02:00,0.11408,0.0,0.034086,0.088
2017-10-26 19:39:00+02:00,0.108,0.0,0.034138,0.088
2017-10-26 19:40:00+02:00,0.10742,0.0,0.03419,0.088
2017-10-26 19:41:00+02:00,0.11315,0.0,0.034216,0.071207
2017-10-26 19:42:00+02:00,0.11191,0.0,0.034268,0.066
2017-10-26 19:43:00+02:00,0.10336,0.0,0.03432,0.066
2017-10-26 19:44:00+02:00,0.09674,0.0,0.034346,0.066
2017-10-26 19:45:00+02:00,0.09379,0.0,0.034372,0.077
2017-10-26 19:46:00+02:00,0.10603,0.0,0.03445,0.077
2017-10-26 19:47:00+02:00,0.09335,0.0,0.03445,0.077
2017-10-26 19:48:00+02:00,0.09202,0.0,0.034528,0.077
2017-10-26 19:49:00+02:00,0.09298,0.0,0.034554,0.0741
2017-10-26 19:50:00+02:00,0.09952,0.0,0.034632,0.066
2017-10-26 19:51:00+02:00,0.10257,0.0,0.034632,0.066
2017-10-26 19:52:00+02:00,0.10198,0.0,0.03471,0.062553
2017-10-26 19:53:00+02:00,0.10651,0.0,0.034736,0.055
2017-10-26 19:54:00+02:00,0.10973,0.0,0.034762,0.055
2017-10-26 19:55:00+02:00,0.0992,0.0,0.034814,0.055
2017-10-26 19:56:00+02:00,0.09271,0.0,0.034866,0.055
2017-10-26 19:57:00+02:00,0.09064,0.0,0.034892,0.055
2017-10-26 19:58:00+02:00,0.09264,0.0,0.034944,0.055
2017-10-26 19:59:00+02:00,0.09248,0.0,0.034996,0.055
2017-10-26 20:00:00+02:00,0.09504,0.0,0.035022,0.056693
2017-10-26 20:01:00+02:00,0.08865,0.0,0.035074,0.055
2017-10-26 20:02:00+02:00,0.09012,0.0,0.035022,0.055
2017-10-26 20:03:00+02:00,0.08822,0.0,0.035022,0.055
2017-10-26 20:04:00+02:00,0.09676,0.0,0.035022,0.055
2017-10-26 20:05:00+02:00,0.09953,0.0,0.034996,0.055
2017-10-26 20:06:00+02:00,0.1049,0.0,0.034996,0.055
2017-10-26 20:07:00+02:00,0.09989,0.0,0.034996,0.04956
2017-10-26 20:08:00+02:00,0.1078,0.0,0.03497,0.044
2017-10-26 20:09:00+02:00,0.11164,0.0,0.03497,0.044
2017-10-26 20:10:00+02:00,0.10863,0.0,0.034944,0.044
2017-10-26 20:11:00+02:00,0.09766,0.0,0.034892,0.044
2017-10-26 20:12:00+02:00,0.09203,0.0,0.034892,0.044
2017-10-26 20:13:00+02:00,0.08719,0.0,0.034892,0.044
2017-10-26 20:14:00+02:00,0.08061,0.0,0.034892,0.044
2017-10-26 20:15:00+02:00,0.08779,0.0,0.034866,0.066
2017-10-26 20:16:00+02:00,0.09307,0.0,0.034866,0.066
2017-10-26 20:17:00+02:00,0.09291,0.0,0.03484,0.066
2017-10-26 20:18:00+02:00,0.09036,0.0,0.034814,0.066
2017-10-26 20:19:00+02:00,0.09911,0.0,0.034814,0.066
2017-10-26 20:20:00+02:00,0.09467,0.0,0.034788,0.066
2017-10-26 20:21:00+02:00,0.09914,0.0,0.034762,0.066
2017-10-26 20:22:00+02:00,0.09942,0.0,0.034762,0.066
2017-10-26 20:23:00+02:00,0.0955,0.0,0.034736,0.066
2017-10-26 20:24:00+02:00,0.0978,0.0,0.034736,0.066
2017-10-26 20:25:00+02:00,0.09403,0.0,0.034736,0.066
2017-10-26 20:26:00+02:00,0.09228,0.0,0.03471,0.066
2017-10-26 20:27:00+02:00,0.08003,0.0,0.03471,0.066
2017-10-26 20:28:00+02:00,0.09157,0.0,0.034684,0.056093
2017-10-26 20:29:00+02:00,0.0975,0.0,0.034632,0.055
2017-10-26 20:30:00+02:00,0.08919,0.0,0.034632,0.055
2017-10-26 20:31:00+02:00,0.09322,0.0,0.034632,0.055
2017-10-26 20:32:00+02:00,0.09555,0.0,0.034632,0.055
2017-10-26 20:33:00+02:00,0.09742,0.0,0.034632,0.048467
2017-10-26 20:34:00+02:00,0.10028,0.0,0.034606,0.044
2017-10-26 20:35:00+02:00,0.10581,0.0,0.034554,0.044
2017-10-26 20:36:00+02:00,0.10584,0.0,0.034554,0.038193
2017-10-26 20:37:00+02:00,0.11846,0.0,0.034528,0.033
2017-10-26 20:38:00+02:00,0.12549,0.0,0.034528,0.033
2017-10-26 20:39:00+02:00,0.12558,0.0,0.034528,0.033
2017-10-26 20:40:00+02:00,0.11942,0.0,0.034528,0.033
2017-10-26 20:41:00+02:00,0.11262,0.0,0.034476,0.033
2017-10-26 20:42:00+02:00,0.1091,0.0,0.03445,0.033
2017-10-26 20:43:00+02:00,0.0837,0.0,0.03445,0.033
2017-10-26 20:44:00+02:00,0.08896,0.0,0.03445,0.033
2017-10-26 20:45:00+02:00,0.09461,0.0,0.03445,0.066
2017-10-26 20:46:00+02:00,0.0928,0.0,0.034424,0.066
2017-10-26 20:47:00+02:00,0.09051,0.0,0.034398,0.066
2017-10-26 20:48:00+02:00,0.09533,0.0,0.034372,0.066
2017-10-26 20:49:00+02:00,0.09073,0.0,0.034372,0.066
2017-10-26 20:50:00+02:00,0.09727,0.0,0.034346,0.066
2017-10-26 20:51:00+02:00,0.09935,0.0,0.034346,0.066
2017-10-26 20:52:00+02:00,0.10442,0.0,0.034346,0.066
2017-10-26 20:53:00+02:00,0.09976,0.0,0.03432,0.066
2017-10-26 20:54:00+02:00,0.09877,0.0,0.03432,0.066
2017-10-26 20:55:00+02:00,0.09002,0.0,0.034268,0.066
2017-10-26 20:56:00+02:00,0.09505,0.0,0.034268,0.066
2017-10-26 20:57:00+02:00,0.09745,0.0,0.034268,0.066
2017-10-26 20:58:00+02:00,0.10135,0.0,0.034242,0.066
2017-10-26 20:59:00+02:00,0.10035,0.0,0.034216,0.066
2017-10-26 21:00:00+02:00,0.08988,0.0,0.034216,0.088
2017-10-26 21:01:00+02:00,0.08911,0.0,0.03419,0.088
2017-10-26 21:02:00+02:00,0.09111,0.0,0.034138,0.088
2017-10-26 21:03:00+02:00,0.08317,0.0,0.034086,0.088
2017-10-26 21:04:00+02:00,0.08105,0.0,0.034034,0.080047
2017-10-26 21:05:00+02:00,0.08246,0.0,0.033956,0.077
2017-10-26 21:06:00+02:00,0.08519,0.0,0.033904,0.077
2017-10-26 21:07:00+02:00,0.09089,0.0,0.033852,0.077
2017-10-26 21:08:00+02:00,0.09212,0.0,0.0338,0.077
2017-10-26 21:09:00+02:00,0.09001,0.0,0.033748,0.071407
2017-10-26 21:10:00+02:00,0.08147,0.0,0.033696,0.066
2017-10-26 21:11:00+02:00,0.07978,0.0,0.033592,0.066
2017-10-26 21:12:00+02:00,0.08345,0.0,0.033592,0.066
2017-10-26 21:13:00+02:00,0.08968,0.0,0.033488,0.066
2017-10-26 21:14:00+02:00,0.09602,0.0,0.033462,0.06354
2017-10-26 21:15:00+02:00,0.09135,0.0,0.033384,0.066
2017-10-26 21:16:00+02:00,0.08882,0.0,0.033332,0.066
2017-10-26 21:17:00+02:00,0.09394,0.0,0.033254,0.066
2017-10-26 21:18:00+02:00,0.08972,0.0,0.033228,0.066
2017-10-26 21:19:00+02:00,0.0912,0.0,0.033176,0.066
2017-10-26 21:20:00+02:00,0.08734,0.0,0.033098,0.066
2017-10-26 21:21:00+02:00,0.08807,0.0,0.033046,0.066
2017-10-26 21:22:00+02:00,0.08809,0.0,0.032994,0.066
2017-10-26 21:23:00+02:00,0.08726,0.0,0.032916,0.066
2017-10-26 21:24:00+02:00,0.0966,0.0,0.032864,0.060747
2017-10-26 21:25:00+02:00,0.08817,0.0,0.032812,0.055
2017-10-26 21:26:00+02:00,0.08817,0.0,0.032734,0.055
2017-10-26 21:27:00+02:00,0.08512,0.0,0.032708,0.055
2017-10-26 21:28:00+02:00,0.08627,0.0,0.03263,0.055
2017-10-26 21:29:00+02:00,0.08365,0.0,0.032552,0.055
2017-10-26 21:30:00+02:00,0.09065,0.0,0.032526,0.049027
2017-10-26 21:31:00+02:00,0.09389,0.0,0.032448,0.044
2017-10-26 21:32:00+02:00,0.08586,0.0,0.032422,0.044
2017-10-26 21:33:00+02:00,0.0845,0.0,0.032344,0.044
2017-10-26 21:34:00+02:00,0.08382,0.0,0.032292,0.044
2017-10-26 21:35:00+02:00,0.08543,0.0,0.032214,0.044
2017-10-26 21:36:00+02:00,0.07936,0.0,0.032188,0.044
2017-10-26 21:37:00+02:00,0.08052,0.0,0.03211,0.036373
2017-10-26 21:38:00+02:00,0.09302,0.0,0.032084,0.033
2017-10-26 21:39:00+02:00,0.07917,0.0,0.03198,0.033
2017-10-26 21:40:00+02:00,0.08307,0.0,0.031954,0.033
2017-10-26 21:41:00+02:00,0.08751,0.0,0.031876,0.033
2017-10-26 21:42:00+02:00,0.08802,0.0,0.03185,0.033
2017-10-26 21:43:00+02:00,0.0889,0.0,0.031772,0.033
2017-10-26 21:44:00+02:00,0.08129,0.0,0.03172,0.033
2017-10-26 21:45:00+02:00,0.08823,0.0,0.031668,0.033
2017-10-26 21:46:00+02:00,0.09155,0.0,0.03159,0.033
2017-10-26 21:47:00+02:00,0.08987,0.0,0.031538,0.033
2017-10-26 21:48:00+02:00,0.09096,0.0,0.031486,0.033
2017-10-26 21:49:00+02:00,0.09056,0.0,0.031408,0.033
2017-10-26 21:50:00+02:00,0.08446,0.0,0.031382,0.033
2017-10-26 21:51:00+02:00,0.08815,0.0,0.031304,0.033
2017-10-26 21:52:00+02:00,0.08473,0.0,0.031226,0.033
2017-10-26 21:53:00+02:00,0.08489,0.0,0.0312,0.032447
2017-10-26 21:54:00+02:00,0.09013,0.0,0.031122,0.022
2017-10-26 21:55:00+02:00,0.08871,0.0,0.03107,0.022
2017-10-26 21:56:00+02:00,0.08702,0.0,0.031044,0.017607
2017-10-26 21:57:00+02:00,0.08529,0.0,0.03094,0.011
2017-10-26 21:58:00+02:00,0.08273,0.0,0.030914,0.011
2017-10-26 21:59:00+02:00,0.08569,0.0,0.030836,0.011
2017-10-26 22:00:00+02:00,0.08249,0.0,0.03081,0.011
2017-10-26 22:01:00+02:00,0.07425,0.0,0.030706,0.011
2017-10-26 22:02:00+02:00,0.07783,0.0,0.03055,0.011
2017-10-26 22:03:00+02:00,0.08615,0.0,0.030368,0.011
2017-10-26 22:04:00+02:00,0.08826,0.0,0.030238,0.011
2017-10-26 22:05:00+02:00,0.07933,0.0,0.030056,0.011
2017-10-26 22:06:00+02:00,0.07836,0.0,0.0299,0.011
2017-10-26 22:07:00+02:00,0.08298,0.0,0.029718,0.011
2017-10-26 22:08:00+02:00,0.09294,0.0,0.029562,0.011
2017-10-26 22:09:00+02:00,0.08008,0.0,0.029406,0.011
2017-10-26 22:10:00+02:00,0.08219,0.0,0.029224,0.011
2017-10-26 22:11:00+02:00,0.0827,0.0,0.029068,0.011
2017-10-26 22:12:00+02:00,0.08901,0.0,0.028886,0.011
2017-10-26 22:13:00+02:00,0.09044,0.0,0.02873,0.011
2017-10-26 22:14:00+02:00,0.08444,0.0,0.028548,0.0084
2017-10-26 22:15:00+02:00,0.08307,0.0,0.028418,0.022
2017-10-26 22:16:00+02:00,0.08253,0.0,0.028262,0.022
2017-10-26 22:17:00+02:00,0.08431,0.0,0.028054,0.022
2017-10-26 22:18:00+02:00,0.07961,0.0,0.027924,0.022
2017-10-26 22:19:00+02:00,0.08347,0.0,0.027742,0.022
2017-10-26 22:20:00+02:00,0.08921,0.0,0.027586,0.022
2017-10-26 22:21:00+02:00,0.08889,0.0,0.027404,0.022
2017-10-26 22:22:00+02:00,0.08376,0.0,0.027248,0.022
2017-10-26 22:23:00+02:00,0.0853,0.0,0.027118,0.022
2017-10-26 22:24:00+02:00,0.09037,0.0,0.02691,0.022
2017-10-26 22:25:00+02:00,0.09078,0.0,0.026754,0.022
2017-10-26 22:26:00+02:00,0.09292,0.0,0.026598,0.022
2017-10-26 22:27:00+02:00,0.07431,0.0,0.026416,0.022
2017-10-26 22:28:00+02:00,0.07608,0.0,0.02626,0.022
2017-10-26 22:29:00+02:00,0.07321,0.0,0.026104,0.022
2017-10-26 22:30:00+02:00,0.06993,0.0,0.025922,0.044
2017-10-26 22:31:00+02:00,0.06925,0.0,0.02574,0.044
2017-10-26 22:32:00+02:00,0.07671,0.0,0.02561,0.044
2017-10-26 22:33:00+02:00,0.07342,0.0,0.025454,0.044
2017-10-26 22:34:00+02:00,0.07912,0.0,0.025272,0.044
2017-10-26 22:35:00+02:00,0.08213,0.0,0.025116,0.044
2017-10-26 22:36:00+02:00,0.08061,0.0,0.024934,0.033393
2017-10-26 22:37:00+02:00,0.08391,0.0,0.024778,0.033
2017-10-26 22:38:00+02:00,0.08599,0.0,0.024596,0.033
2017-10-26 22:39:00+02:00,0.07708,0.0,0.02444,0.033
2017-10-26 22:40:00+02:00,0.06827,0.0,0.024232,0.033
2017-10-26 22:41:00+02:00,0.06747,0.0,0.024102,0.033
2017-10-26 22:42:00+02:00,0.06443,0.0,0.023972,0.033
2017-10-26 22:43:00+02:00,0.0663,0.0,0.02379,0.033
2017-10-26 22:44:00+02:00,0.06419,0.0,0.023634,0.033
2017-10-26 22:45:00+02:00,0.06861,0.0,0.023452,0.044
2017-10-26 22:46:00+02:00,0.08318,0.0,0.023296,0.044
2017-10-26 22:47:00+02:00,0.08217,0.0,0.023088,0.044
2017-10-26 22:48:00+02:00,0.07698,0.0,0.022958,0.044
2017-10-26 22:49:00+02:00,0.07613,0.0,0.022802,0.044
2017-10-26 22:50:00+02:00,0.07343,0.0,0.022594,0.044
2017-10-26 22:51:00+02:00,0.07605,0.0,0.022464,0.044
2017-10-26 22:52:00+02:00,0.07033,0.0,0.022308,0.044
2017-10-26 22:53:00+02:00,0.066,0.0,0.022152,0.044
2017-10-26 22:54:00+02:00,0.06009,0.0,0.02197,0.044
2017-10-26 22:55:00+02:00,0.06501,0.0,0.021814,0.044
2017-10-26 22:56:00+02:00,0.06396,0.0,0.021658,0.044
2017-10-26 22:57:00+02:00,0.06269,0.0,0.02145,0.044
2017-10-26 22:58:00+02:00,0.06705,0.0,0.021294,0.044
2017-10-26 22:59:00+02:00,0.07086,0.0,0.021138,0.044
2017-10-26 23:00:00+02:00,0.06743,0.0,0.020982,0.055
2017-10-26 23:01:00+02:00,0.06395,0.0,0.020826,0.055
2017-10-26 23:02:00+02:00,0.0621,0.0,0.02067,0.055
2017-10-26 23:03:00+02:00,0.06646,0.0,0.020514,0.054873
2017-10-26 23:04:00+02:00,0.06844,0.0,0.020332,0.044
2017-10-26 23:05:00+02:00,0.06587,0.0,0.020202,0.044
2017-10-26 23:06:00+02:00,0.06427,0.0,0.020046,0.044
2017-10-26 23:07:00+02:00,0.06522,0.0,0.01989,0.044
2017-10-26 23:08:00+02:00,0.06659,0.0,0.019734,0.044
2017-10-26 23:09:00+02:00,0.07047,0.0,0.019552,0.044
2017-10-26 23:10:00+02:00,0.06962,0.0,0.019422,0.044
2017-10-26 23:11:00+02:00,0.06214,0.0,0.019266,0.044
2017-10-26 23:12:00+02:00,0.06154,0.0,0.01911,0.044
2017-10-26 23:13:00+02:00,0.06655,0.0,0.018928,0.044
2017-10-26 23:14:00+02:00,0.0683,0.0,0.018772,0.044
2017-10-26 23:15:00+02:00,0.07195,0.0,0.018642,0.044
2017-10-26 23:16:00+02:00,0.06713,0.0,0.018486,0.044
2017-10-26 23:17:00+02:00,0.06111,0.0,0.01833,0.044
2017-10-26 23:18:00+02:00,0.06104,0.0,0.018148,0.036667
2017-10-26 23:19:00+02:00,0.0616,0.0,0.018018,0.033
2017-10-26 23:20:00+02:00,0.06263,0.0,0.017862,0.033
2017-10-26 23:21:00+02:00,0.06038,0.0,0.017732,0.033
2017-10-26 23:22:00+02:00,0.0557,0.0,0.017524,0.033
2017-10-26 23:23:00+02:00,0.05922,0.0,0.017368,0.023807
2017-10-26 23:24:00+02:00,0.06104,0.0,0.017264,0.022
2017-10-26 23:25:00+02:00,0.05853,0.0,0.017082,0.022
2017-10-26 23:26:00+02:00,0.06555,0.0,0.016926,0.022
2017-10-26 23:27:00+02:00,0.05745,0.0,0.01677,0.022
2017-10-26 23:28:00+02:00,0.05691,0.0,0.016614,0.022
2017-10-26 23:29:00+02:00,0.05735,0.0,0.016484,0.022
2017-10-26 23:30:00+02:00,0.05309,0.0,0.016328,0.033
2017-10-26 23:31:00+02:00,0.05627,0.0,0.01612,0.033
2017-10-26 23:32:00+02:00,0.05612,0.0,0.01599,0.033
2017-10-26 23:33:00+02:00,0.05339,0.0,0.01586,0.033
2017-10-26 23:34:00+02:00,0.05495,0.0,0.015678,0.033
2017-10-26 23:35:00+02:00,0.06319,0.0,0.015548,0.033
2017-10-26 23:36:00+02:00,0.06327,0.0,0.015366,0.033
2017-10-26 23:37:00+02:00,0.07059,0.0,0.015236,0.033
2017-10-26 23:38:00+02:00,0.06479,0.0,0.01508,0.02578
2017-10-26 23:39:00+02:00,0.05999,0.0,0.014924,0.022
2017-10-26 23:40:00+02:00,0.05818,0.0,0.014742,0.022
2017-10-26 23:41:00+02:00,0.05907,0.0,0.014586,0.022
2017-10-26 23:42:00+02:00,0.05805,0.0,0.014456,0.022
2017-10-26 23:43:00+02:00,0.05681,0.0,0.0143,0.022
2017-10-26 23:44:00+02:00,0.05813,0.0,0.014118,0.022
2017-10-26 23:45:00+02:00,0.05694,0.0,0.013988,0.022
2017-10-26 23:46:00+02:00,0.05688,0.0,0.013832,0.022
2017-10-26 23:47:00+02:00,0.05325,0.0,0.013676,0.022
2017-10-26 23:48:00+02:00,0.04997,0.0,0.013546,0.022
2017-10-26 23:49:00+02:00,0.04994,0.0,0.013338,0.022
2017-10-26 23:50:00+02:00,0.05404,0.0,0.013182,0.011
2017-10-26 23:51:00+02:00,0.04803,0.0,0.013078,0.011
2017-10-26 23:52:00+02:00,0.04945,0.0,0.012896,0.011
2017-10-26 23:53:00+02:00,0.05114,0.0,0.01274,0.011
2017-10-26 23:54:00+02:00,0.04947,0.0,0.012584,0.011
2017-10-26 23:55:00+02:00,0.04634,0.0,0.012428,0.011
2017-10-26 23:56:00+02:00,0.04691,0.0,0.012298,0.011
2017-10-26 23:57:00+02:00,0.04644,0.0,0.012142,0.011
2017-10-26 23:58:00+02:00,0.04678,0.0,0.011934,0.011
2017-10-26 23:59:00+02:00,0.04595,0.0,0.011804,0.011
2017-10-27 00:00:00+02:00,0.04314,0.0,0.011674,0.011
2017-10-27 00:01:00+02:00,0.04372,0.0,0.011518,0.011
2017-10-27 00:02:00+02:00,0.04481,0.0,0.011518,0.011
2017-10-27 00:03:00+02:00,0.04437,0.0,0.011518,0.011
2017-10-27 00:04:00+02:00,0.04349,0.0,0.011544,0.011
2017-10-27 00:05:00+02:00,0.04479,0.0,0.011596,0.011
2017-10-27 00:06:00+02:00,0.04611,0.0,0.011622,0.011
2017-10-27 00:07:00+02:00,0.04645,0.0,0.011622,0.011
2017-10-27 00:08:00+02:00,0.04826,0.0,0.011622,0.011
2017-10-27 00:09:00+02:00,0.05417,0.0,0.011648,0.011
2017-10-27 00:10:00+02:00,0.05464,0.0,0.011648,0.010813
2017-10-27 00:11:00+02:00,0.05104,0.0,0.011726,0.0
2017-10-27 00:12:00+02:00,0.04764,0.0,0.011726,0.0
2017-10-27 00:13:00+02:00,0.04029,0.0,0.011752,0.0
2017-10-27 00:14:00+02:00,0.04216,0.0,0.011752,0.0
2017-10-27 00:15:00+02:00,0.04154,0.0,0.011752,0.0
2017-10-27 00:16:00+02:00,0.0416,0.0,0.011804,0.0
2017-10-27 00:17:00+02:00,0.04096,0.0,0.01183,0.0
2017-10-27 00:18:00+02:00,0.04328,0.0,0.01183,0.0
2017-10-27 00:19:00+02:00,0.04263,0.0,0.011856,0.0
2017-10-27 00:20:00+02:00,0.04403,0.0,0.011882,0.0
2017-10-27 00:21:00+02:00,0.04363,0.0,0.011908,0.0
2017-10-27 00:22:00+02:00,0.04653,0.0,0.011934,0.0
2017-10-27 00:23:00+02:00,0.042,0.0,0.011934,0.0
2017-10-27 00:24:00+02:00,0.04248,0.0,0.01196,0.0
2017-10-27 00:25:00+02:00,0.0408,0.0,0.01196,0.0
2017-10-27 00:26:00+02:00,0.03779,0.0,0.011986,0.0
2017-10-27 00:27:00+02:00,0.03639,0.0,0.012012,0.0
2017-10-27 00:28:00+02:00,0.03874,0.0,0.012064,0.0
2017-10-27 00:29:00+02:00,0.0394,0.0,0.012064,0.0
2017-10-27 00:30:00+02:00,0.03787,0.0,0.012064,0.011
2017-10-27 00:31:00+02:00,0.03642,0.0,0.012116,0.011
2017-10-27 00:32:00+02:00,0.03615,0.0,0.012116,0.011
2017-10-27 00:33:00+02:00,0.04047,0.0,0.012116,0.011
2017-10-27 00:34:00+02:00,0.04146,0.0,0.012168,0.011
2017-10-27 00:35:00+02:00,0.04153,0.0,0.012194,0.011
2017-10-27 00:36:00+02:00,0.04262,0.0,0.01222,0.011
2017-10-27 00:37:00+02:00,0.04041,0.0,0.01222,0.011
2017-10-27 00:38:00+02:00,0.03606,0.0,0.01222,0.011
2017-10-27 00:39:00+02:00,0.03546,0.0,0.012246,0.011
2017-10-27 00:40:00+02:00,0.03846,0.0,0.012272,0.011
2017-10-27 00:41:00+02:00,0.03622,0.0,0.012298,0.011
2017-10-27 00:42:00+02:00,0.03454,0.0,0.012324,0.011
2017-10-27 00:43:00+02:00,0.03807,0.0,0.01235,0.011
2017-10-27 00:44:00+02:00,0.04149,0.0,0.01235,0.011
2017-10-27 00:45:00+02:00,0.03582,0.0,0.012376,0.011
2017-10-27 00:46:00+02:00,0.03222,0.0,0.012402,0.011
2017-10-27 00:47:00+02:00,0.03089,0.0,0.012428,0.011
2017-10-27 00:48:00+02:00,0.03358,0.0,0.012428,0.011
2017-10-27 00:49:00+02:00,0.03742,0.0,0.012428,0.011
2017-10-27 00:50:00+02:00,0.03701,0.0,0.01248,0.011
2017-10-27 00:51:00+02:00,0.03702,0.0,0.012532,0.011
2017-10-27 00:52:00+02:00,0.03152,0.0,0.012532,0.011
2017-10-27 00:53:00+02:00,0.03049,0.0,0.012532,0.011
2017-10-27 00:54:00+02:00,0.03401,0.0,0.012558,0.011
2017-10-27 00:55:00+02:00,0.03121,0.0,0.012558,0.011
2017-10-27 00:56:00+02:00,0.03248,0.0,0.012584,0.011
2017-10-27 00:57:00+02:00,0.03335,0.0,0.012636,0.011
2017-10-27 00:58:00+02:00,0.03178,0.0,0.012662,0.011
2017-10-27 00:59:00+02:00,0.03344,0.0,0.012662,0.011
2017-10-27 01:00:00+02:00,0.03439,0.0,0.012662,0.011
2017-10-27 01:01:00+02:00,0.03817,0.0,0.012688,0.011
2017-10-27 01:02:00+02:00,0.03583,0.0,0.01274,0.011
2017-10-27 01:03:00+02:00,0.03754,0.0,0.01274,0.011
2017-10-27 01:04:00+02:00,0.03972,0.0,0.012766,0.011
2017-10-27 01:05:00+02:00,0.03684,0.0,0.012792,0.011
2017-10-27 01:06:00+02:00,0.03823,0.0,0.012844,0.011
2017-10-27 01:07:00+02:00,0.03855,0.0,0.012844,0.011
2017-10-27 01:08:00+02:00,0.03859,0.0,0.01287,0.011
2017-10-27 01:09:00+02:00,0.04244,0.0,0.012896,0.011
2017-10-27 01:10:00+02:00,0.0399,0.0,0.012922,0.011
2017-10-27 01:11:00+02:00,0.04574,0.0,0.012948,0.011
2017-10-27 01:12:00+02:00,0.04101,0.0,0.012948,0.011
2017-10-27 01:13:00+02:00,0.04125,0.0,0.013026,0.011
2017-10-27 01:14:00+02:00,0.03941,0.0,0.013026,0.011
2017-10-27 01:15:00+02:00,0.03909,0.0,0.013026,0.011
2017-10-27 01:16:00+02:00,0.03701,0.0,0.013052,0.011
2017-10-27 01:17:00+02:00,0.03623,0.0,0.013104,0.011
2017-10-27 01:18:00+02:00,0.03491,0.0,0.01313,0.011
2017-10-27 01:19:00+02:00,0.03292,0.0,0.01313,0.011
2017-10-27 01:20:00+02:00,0.03475,0.0,0.01313,0.0
2017-10-27 01:21:00+02:00,0.03609,0.0,0.013208,0.0
2017-10-27 01:22:00+02:00,0.0372,0.0,0.013208,0.0
2017-10-27 01:23:00+02:00,0.04001,0.0,0.013234,0.0
2017-10-27 01:24:00+02:00,0.04074,0.0,0.013286,0.0
2017-10-27 01:25:00+02:00,0.03718,0.0,0.013286,0.0
2017-10-27 01:26:00+02:00,0.03747,0.0,0.013312,0.0
2017-10-27 01:27:00+02:00,0.03455,0.0,0.013312,0.0
2017-10-27 01:28:00+02:00,0.03538,0.0,0.01339,0.0
2017-10-27 01:29:00+02:00,0.03591,0.0,0.01339,0.0
2017-10-27 01:30:00+02:00,0.034,0.0,0.01339,0.011
2017-10-27 01:31:00+02:00,0.03669,0.0,0.013442,0.011
2017-10-27 01:32:00+02:00,0.03661,0.0,0.013468,0.011
2017-10-27 01:33:00+02:00,0.03556,0.0,0.013494,0.011
2017-10-27 01:34:00+02:00,0.03264,0.0,0.013494,0.011
2017-10-27 01:35:00+02:00,0.03463,0.0,0.01352,0.011
2017-10-27 01:36:00+02:00,0.03328,0.0,0.013572,0.011
2017-10-27 01:37:00+02:00,0.03383,0.0,0.013572,0.011
2017-10-27 01:38:00+02:00,0.03395,0.0,0.013598,0.011
2017-10-27 01:39:00+02:00,0.0321,0.0,0.013624,0.011
2017-10-27 01:40:00+02:00,0.0318,0.0,0.01365,0.011
2017-10-27 01:41:00+02:00,0.03225,0.0,0.013676,0.011
2017-10-27 01:42:00+02:00,0.03133,0.0,0.013702,0.011
2017-10-27 01:43:00+02:00,0.03266,0.0,0.013728,0.011
2017-10-27 01:44:00+02:00,0.03286,0.0,0.013754,0.011
2017-10-27 01:45:00+02:00,0.03396,0.0,0.013754,0.011
2017-10-27 01:46:00+02:00,0.03367,0.0,0.013806,0.011
2017-10-27 01:47:00+02:00,0.0338,0.0,0.013858,0.011
2017-10-27 01:48:00+02:00,0.03331,0.0,0.013858,0.011
2017-10-27 01:49:00+02:00,0.03235,0.0,0.013858,0.011
2017-10-27 01:50:00+02:00,0.03266,0.0,0.013884,0.011
2017-10-27 01:51:00+02:00,0.03218,0.0,0.013936,0.011
2017-10-27 01:52:00+02:00,0.03183,0.0,0.013962,0.011
2017-10-27 01:53:00+02:00,0.0309,0.0,0.013988,0.011
2017-10-27 01:54:00+02:00,0.02925,0.0,0.013988,0.011
2017-10-27 01:55:00+02:00,0.02834,0.0,0.014014,0.011
2017-10-27 01:56:00+02:00,0.02781,0.0,0.01404,0.011
2017-10-27 01:57:00+02:00,0.02849,0.0,0.014092,0.011
2017-10-27 01:58:00+02:00,0.02768,0.0,0.014092,0.011
2017-10-27 01:59:00+02:00,0.03198,0.0,0.014118,0.011
2017-10-27 02:00:00+02:00,0.03217,0.0,0.014118,0.033
2017-10-27 02:01:00+02:00,0.02974,0.0,0.01417,0.033
2017-10-27 02:02:00+02:00,0.03138,0.0,0.014196,0.033
2017-10-27 02:03:00+02:00,0.03105,0.0,0.014222,0.033
2017-10-27 02:04:00+02:00,0.03114,0.0,0.014222,0.033
2017-10-27 02:05:00+02:00,0.03099,0.0,0.014248,0.033
2017-10-27 02:06:00+02:00,0.02803,0.0,0.014248,0.033
2017-10-27 02:07:00+02:00,0.0294,0.0,0.014274,0.033
2017-10-27 02:08:00+02:00,0.03218,0.0,0.014326,0.033
2017-10-27 02:09:00+02:00,0.02797,0.0,0.014352,0.033
2017-10-27 02:10:00+02:00,0.03027,0.0,0.014352,0.033
2017-10-27 02:11:00+02:00,0.03187,0.0,0.014352,0.033
2017-10-27 02:12:00+02:00,0.03083,0.0,0.014378,0.033
2017-10-27 02:13:00+02:00,0.02618,0.0,0.014378,0.033
2017-10-27 02:14:00+02:00,0.02587,0.0,0.014456,0.033
2017-10-27 02:15:00+02:00,0.02564,0.0,0.014456,0.033
2017-10-27 02:16:00+02:00,0.02568,0.0,0.014456,0.033
2017-10-27 02:17:00+02:00,0.02655,0.0,0.014482,0.033
2017-10-27 02:18:00+02:00,0.02701,0.0,0.014508,0.033
2017-10-27 02:19:00+02:00,0.02543,0.0,0.014508,0.033
2017-10-27 02:20:00+02:00,0.02828,0.0,0.01456,0.033
2017-10-27 02:21:00+02:00,0.02886,0.0,0.014586,0.033
2017-10-27 02:22:00+02:00,0.02932,0.0,0.014586,0.033
2017-10-27 02:23:00+02:00,0.02939,0.0,0.014612,0.033
2017-10-27 02:24:00+02:00,0.02988,0.0,0.014612,0.033
2017-10-27 02:25:00+02:00,0.02982,0.0,0.014612,0.033
2017-10-27 02:26:00+02:00,0.02991,0.0,0.01469,0.033
2017-10-27 02:27:00+02:00,0.03066,0.0,0.014716,0.033
2017-10-27 02:28:00+02:00,0.03159,0.0,0.014716,0.033
2017-10-27 02:29:00+02:00,0.03211,0.0,0.014716,0.033
2017-10-27 02:30:00+02:00,0.02777,0.0,0.014716,0.033
2017-10-27 02:31:00+02:00,0.02675,0.0,0.014742,0.033
2017-10-27 02:32:00+02:00,0.02818,0.0,0.01482,0.033
2017-10-27 02:33:00+02:00,0.03111,0.0,0.01482,0.033
2017-10-27 02:34:00+02:00,0.0295,0.0,0.01482,0.033
2017-10-27 02:35:00+02:00,0.02853,0.0,0.014846,0.033
2017-10-27 02:36:00+02:00,0.02767,0.0,0.014872,0.033
2017-10-27 02:37:00+02:00,0.03083,0.0,0.014872,0.033
2017-10-27 02:38:00+02:00,0.02929,0.0,0.014924,0.033
2017-10-27 02:39:00+02:00,0.02918,0.0,0.014924,0.033
2017-10-27 02:40:00+02:00,0.02955,0.0,0.01495,0.033
2017-10-27 02:41:00+02:00,0.0319,0.0,0.014976,0.033
2017-10-27 02:42:00+02:00,0.03183,0.0,0.014976,0.033
2017-10-27 02:43:00+02:00,0.03143,0.0,0.015002,0.033
2017-10-27 02:44:00+02:00,0.03059,0.0,0.015028,0.033
2017-10-27 02:45:00+02:00,0.03021,0.0,0.01508,0.033
2017-10-27 02:46:00+02:00,0.02893,0.0,0.01508,0.033
2017-10-27 02:47:00+02:00,0.02882,0.0,0.01508,0.033
2017-10-27 02:48:00+02:00,0.02824,0.0,0.01508,0.033
2017-10-27 02:49:00+02:00,0.02808,0.0,0.015158,0.033
2017-10-27 02:50:00+02:00,0.02828,0.0,0.015158,0.033
2017-10-27 02:51:00+02:00,0.02801,0.0,0.015184,0.033
2017-10-27 02:52:00+02:00,0.02717,0.0,0.015184,0.033
2017-10-27 02:53:00+02:00,0.02734,0.0,0.015184,0.033
2017-10-27 02:54:00+02:00,0.02721,0.0,0.015236,0.033
2017-10-27 02:55:00+02:00,0.02681,0.0,0.015262,0.033
2017-10-27 02:56:00+02:00,0.02646,0.0,0.015262,0.02482
2017-10-27 02:57:00+02:00,0.02735,0.0,0.015288,0.022
2017-10-27 02:58:00+02:00,0.03137,0.0,0.01534,0.022
2017-10-27 02:59:00+02:00,0.02875,0.0,0.01534,0.022
2017-10-27 03:00:00+02:00,0.02935,0.0,0.01534,0.022
2017-10-27 03:01:00+02:00,0.02595,0.0,0.015366,0.022
2017-10-27 03:02:00+02:00,0.02702,0.0,0.015444,0.022
2017-10-27 03:03:00+02:00,0.02846,0.0,0.015444,0.022
2017-10-27 03:04:00+02:00,0.02635,0.0,0.015522,0.013473
2017-10-27 03:05:00+02:00,0.02618,0.0,0.015574,0.011
2017-10-27 03:06:00+02:00,0.02695,0.0,0.015626,0.011
2017-10-27 03:07:00+02:00,0.02792,0.0,0.015678,0.011
2017-10-27 03:08:00+02:00,0.03144,0.0,0.01573,0.011
2017-10-27 03:09:00+02:00,0.03063,0.0,0.015808,0.011
2017-10-27 03:10:00+02:00,0.0278,0.0,0.015808,0.011
2017-10-27 03:11:00+02:00,0.02645,0.0,0.015886,0.011
2017-10-27 03:12:00+02:00,0.02539,0.0,0.015938,0.011
2017-10-27 03:13:00+02:00,0.02596,0.0,0.01599,0.011
2017-10-27 03:14:00+02:00,0.02521,0.0,0.016042,0.011
2017-10-27 03:15:00+02:00,0.02518,0.0,0.016094,0.011
2017-10-27 03:16:00+02:00,0.02514,0.0,0.01612,0.011
2017-10-27 03:17:00+02:00,0.02436,0.0,0.016172,0.011
2017-10-27 03:18:00+02:00,0.02369,0.0,0.016224,0.011
2017-10-27 03:19:00+02:00,0.02837,0.0,0.016302,0.011
2017-10-27 03:20:00+02:00,0.02777,0.0,0.016354,0.011
2017-10-27 03:21:00+02:00,0.02705,0.0,0.01638,0.011
2017-10-27 03:22:00+02:00,0.02638,0.0,0.016458,0.011
2017-10-27 03:23:00+02:00,0.02614,0.0,0.016484,0.011
2017-10-27 03:24:00+02:00,0.02502,0.0,0.016536,0.011
2017-10-27 03:25:00+02:00,0.02505,0.0,0.016588,0.011
2017-10-27 03:26:00+02:00,0.02669,0.0,0.016666,0.011
2017-10-27 03:27:00+02:00,0.02641,0.0,0.016692,0.011
2017-10-27 03:28:00+02:00,0.02634,0.0,0.016744,0.011
2017-10-27 03:29:00+02:00,0.02625,0.0,0.016822,0.011
2017-10-27 03:30:00+02:00,0.02475,0.0,0.016848,0.011
2017-10-27 03:31:00+02:00,0.02511,0.0,0.0169,0.011
2017-10-27 03:32:00+02:00,0.02422,0.0,0.016952,0.011
2017-10-27 03:33:00+02:00,0.02399,0.0,0.017004,0.011
2017-10-27 03:34:00+02:00,0.02384,0.0,0.017056,0.011
2017-10-27 03:35:00+02:00,0.02424,0.0,0.017108,0.011
2017-10-27 03:36:00+02:00,0.02461,0.0,0.01716,0.011
2017-10-27 03:37:00+02:00,0.02568,0.0,0.017212,0.011
2017-10-27 03:38:00+02:00,0.02897,0.0,0.017238,0.011
2017-10-27 03:39:00+02:00,0.02633,0.0,0.017316,0.011
2017-10-27 03:40:00+02:00,0.02662,0.0,0.017368,0.011
2017-10-27 03:41:00+02:00,0.0262,0.0,0.01742,0.011
2017-10-27 03:42:00+02:00,0.02564,0.0,0.017472,0.011
2017-10-27 03:43:00+02:00,0.0256,0.0,0.017524,0.011
2017-10-27 03:44:00+02:00,0.02665,0.0,0.017576,0.011
2017-10-27 03:45:00+02:00,0.0254,0.0,0.017576,0.022
2017-10-27 03:46:00+02:00,0.02592,0.0,0.01768,0.022
2017-10-27 03:47:00+02:00,0.02616,0.0,0.017706,0.022
2017-10-27 03:48:00+02:00,0.02566,0.0,0.017784,0.022
2017-10-27 03:49:00+02:00,0.02483,0.0,0.01781,0.022
2017-10-27 03:50:00+02:00,0.02445,0.0,0.017862,0.022
2017-10-27 03:51:00+02:00,0.02634,0.0,0.01794,0.022
2017-10-27 03:52:00+02:00,0.02556,0.0,0.01794,0.022
2017-10-27 03:53:00+02:00,0.02465,0.0,0.018044,0.022
2017-10-27 03:54:00+02:00,0.02528,0.0,0.01807,0.022
2017-10-27 03:55:00+02:00,0.02527,0.0,0.018148,0.022
2017-10-27 03:56:00+02:00,0.02485,0.0,0.018174,0.022
2017-10-27 03:57:00+02:00,0.02431,0.0,0.018226,0.022
2017-10-27 03:58:00+02:00,0.0231,0.0,0.018278,0.022
2017-10-27 03:59:00+02:00,0.02407,0.0,0.018304,0.022
2017-10-27 04:00:00+02:00,0.02382,0.0,0.018408,0.022
2017-10-27 04:01:00+02:00,0.02272,0.0,0.018434,0.022
2017-10-27 04:02:00+02:00,0.02318,0.0,0.01859,0.022
2017-10-27 04:03:00+02:00,0.02301,0.0,0.01872,0.022
2017-10-27 04:04:00+02:00,0.02411,0.0,0.018902,0.022
2017-10-27 04:05:00+02:00,0.02465,0.0,0.019032,0.022
2017-10-27 04:06:00+02:00,0.02454,0.0,0.019188,0.022
2017-10-27 04:07:00+02:00,0.02523,0.0,0.019344,0.022
2017-10-27 04:08:00+02:00,0.02554,0.0,0.019448,0.022
2017-10-27 04:09:00+02:00,0.02431,0.0,0.01963,0.022
2017-10-27 04:10:00+02:00,0.02259,0.0,0.019812,0.022
2017-10-27 04:11:00+02:00,0.02247,0.0,0.019916,0.022
2017-10-27 04:12:00+02:00,0.02322,0.0,0.020072,0.022
2017-10-27 04:13:00+02:00,0.02489,0.0,0.020254,0.022
2017-10-27 04:14:00+02:00,0.02424,0.0,0.020384,0.022
2017-10-27 04:15:00+02:00,0.02501,0.0,0.02054,0.022
2017-10-27 04:16:00+02:00,0.02322,0.0,0.02067,0.022
2017-10-27 04:17:00+02:00,0.02316,0.0,0.020826,0.022
2017-10-27 04:18:00+02:00,0.02303,0.0,0.021008,0.022
2017-10-27 04:19:00+02:00,0.02293,0.0,0.021138,0.022
2017-10-27 04:20:00+02:00,0.0225,0.0,0.021294,0.022
2017-10-27 04:21:00+02:00,0.0245,0.0,0.021424,0.022
2017-10-27 04:22:00+02:00,0.0268,0.0,0.02158,0.022
2017-10-27 04:23:00+02:00,0.02384,0.0,0.021762,0.022
2017-10-27 04:24:00+02:00,0.02285,0.0,0.021866,0.022
2017-10-27 04:25:00+02:00,0.02313,0.0,0.022048,0.022
2017-10-27 04:26:00+02:00,0.02284,0.0,0.022178,0.022
2017-10-27 04:27:00+02:00,0.02203,0.0,0.022334,0.022
2017-10-27 04:28:00+02:00,0.02268,0.0,0.022516,0.022
2017-10-27 04:29:00+02:00,0.02334,0.0,0.022646,0.022
2017-10-27 04:30:00+02:00,0.02343,0.0,0.022776,0.022
2017-10-27 04:31:00+02:00,0.02269,0.0,0.022932,0.022
2017-10-27 04:32:00+02:00,0.02238,0.0,0.023114,0.022
2017-10-27 04:33:00+02:00,0.02648,0.0,0.023244,0.022
2017-10-27 04:34:00+02:00,0.02371,0.0,0.023374,0.022
2017-10-27 04:35:00+02:00,0.02653,0.0,0.02353,0.022
2017-10-27 04:36:00+02:00,0.02887,0.0,0.023686,0.022
2017-10-27 04:37:00+02:00,0.02547,0.0,0.023842,0.022
2017-10-27 04:38:00+02:00,0.02563,0.0,0.023998,0.022
2017-10-27 04:39:00+02:00,0.02654,0.0,0.024128,0.022
2017-10-27 04:40:00+02:00,0.02559,0.0,0.024284,0.022
2017-10-27 04:41:00+02:00,0.02569,0.0,0.024466,0.022
2017-10-27 04:42:00+02:00,0.02447,0.0,0.024596,0.022
2017-10-27 04:43:00+02:00,0.02432,0.0,0.024752,0.022
2017-10-27 04:44:00+02:00,0.02512,0.0,0.024908,0.022
2017-10-27 04:45:00+02:00,0.02559,0.0,0.025038,0.022
2017-10-27 04:46:00+02:00,0.02598,0.0,0.025194,0.022
2017-10-27 04:47:00+02:00,0.02629,0.0,0.02535,0.022
2017-10-27 04:48:00+02:00,0.02639,0.0,0.025506,0.022
2017-10-27 04:49:00+02:00,0.02553,0.0,0.025636,0.022
2017-10-27 04:50:00+02:00,0.02501,0.0,0.025766,0.022
2017-10-27 04:51:00+02:00,0.02431,0.0,0.025974,0.022
2017-10-27 04:52:00+02:00,0.02497,0.0,0.026078,0.022
2017-10-27 04:53:00+02:00,0.0249,0.0,0.026234,0.022
2017-10-27 04:54:00+02:00,0.02461,0.0,0.02639,0.022
2017-10-27 04:55:00+02:00,0.02498,0.0,0.026546,0.022
2017-10-27 04:56:00+02:00,0.02487,0.0,0.026702,0.022
2017-10-27 04:57:00+02:00,0.02634,0.0,0.026858,0.022
2017-10-27 04:58:00+02:00,0.02513,0.0,0.027014,0.022
2017-10-27 04:59:00+02:00,0.02611,0.0,0.027144,0.022
2017-10-27 05:00:00+02:00,0.02775,0.0,0.0273,0.022
2017-10-27 05:01:00+02:00,0.02785,0.0,0.027456,0.022
2017-10-27 05:02:00+02:00,0.02728,0.0,0.027846,0.022
2017-10-27 05:03:00+02:00,0.02644,0.0,0.02821,0.022
2017-10-27 05:04:00+02:00,0.0257,0.0,0.028574,0.022
2017-10-27 05:05:00+02:00,0.025,0.0,0.028964,0.022
2017-10-27 05:06:00+02:00,0.02473,0.0,0.029328,0.022
2017-10-27 05:07:00+02:00,0.02405,0.0,0.029718,0.022
2017-10-27 05:08:00+02:00,0.02426,0.0,0.030108,0.022
2017-10-27 05:09:00+02:00,0.02605,0.0,0.030498,0.022
2017-10-27 05:10:00+02:00,0.02483,0.0,0.030888,0.022
2017-10-27 05:11:00+02:00,0.02455,0.0,0.031252,0.022
2017-10-27 05:12:00+02:00,0.02502,0.0,0.031642,0.022
2017-10-27 05:13:00+02:00,0.02456,0.0,0.032032,0.022
2017-10-27 05:14:00+02:00,0.02586,0.0,0.032396,0.022
2017-10-27 05:15:00+02:00,0.02582,0.0,0.03276,0.022
2017-10-27 05:16:00+02:00,0.02539,0.0,0.033124,0.022
2017-10-27 05:17:00+02:00,0.02506,0.0,0.03354,0.019173
2017-10-27 05:18:00+02:00,0.02542,0.0,0.033904,0.011
2017-10-27 05:19:00+02:00,0.0318,0.0,0.034294,0.011
2017-10-27 05:20:00+02:00,0.02677,0.0,0.034684,0.011
2017-10-27 05:21:00+02:00,0.02682,0.0,0.035048,0.011
2017-10-27 05:22:00+02:00,0.02761,0.0,0.035438,0.011
2017-10-27 05:23:00+02:00,0.02764,0.0,0.035802,0.011
2017-10-27 05:24:00+02:00,0.028,0.0,0.036218,0.011
2017-10-27 05:25:00+02:00,0.02607,0.0,0.036582,0.011
2017-10-27 05:26:00+02:00,0.02667,0.0,0.036946,0.011
2017-10-27 05:27:00+02:00,0.0265,0.0,0.037336,0.011
2017-10-27 05:28:00+02:00,0.02557,0.0,0.037726,0.011
2017-10-27 05:29:00+02:00,0.02739,0.0,0.03809,0.011
2017-10-27 05:30:00+02:00,0.02699,0.0,0.03848,0.011
2017-10-27 05:31:00+02:00,0.02599,0.0,0.038844,0.011
2017-10-27 05:32:00+02:00,0.02533,0.0,0.03926,0.011
2017-10-27 05:33:00+02:00,0.02589,0.0,0.039624,0.011
2017-10-27 05:34:00+02:00,0.02489,0.0,0.039988,0.011
2017-10-27 05:35:00+02:00,0.0268,0.0,0.040352,0.011
2017-10-27 05:36:00+02:00,0.02758,0.0,0.040768,0.011
2017-10-27 05:37:00+02:00,0.02615,0.0,0.041158,0.011
2017-10-27 05:38:00+02:00,0.0256,0.0,0.041522,0.011
2017-10-27 05:39:00+02:00,0.02565,0.0,0.041912,0.011
2017-10-27 05:40:00+02:00,0.02564,0.0,0.042276,0.011
2017-10-27 05:41:00+02:00,0.0244,0.0,0.042666,0.005147
2017-10-27 05:42:00+02:00,0.02428,0.0,0.043056,0.0
2017-10-27 05:43:00+02:00,0.02493,0.0,0.043446,0.0
2017-10-27 05:44:00+02:00,0.02771,0.0,0.04381,0.0
2017-10-27 05:45:00+02:00,0.02907,0.0,0.044174,0.0
2017-10-27 05:46:00+02:00,0.02663,0.0,0.044564,0.0
2017-10-27 05:47:00+02:00,0.02539,0.0,0.044954,0.0
2017-10-27 05:48:00+02:00,0.02545,0.0,0.045318,0.0
2017-10-27 05:49:00+02:00,0.02515,0.0,0.045682,0.0
2017-10-27 05:50:00+02:00,0.02459,0.0,0.046072,0.0
2017-10-27 05:51:00+02:00,0.02456,0.0,0.046488,0.0
2017-10-27 05:52:00+02:00,0.02468,0.0,0.046852,0.0
2017-10-27 05:53:00+02:00,0.02498,0.0,0.047242,0.0
2017-10-27 05:54:00+02:00,0.02607,0.0,0.047606,0.0
2017-10-27 05:55:00+02:00,0.02792,0.0,0.047996,0.0
2017-10-27 05:56:00+02:00,0.02643,0.0,0.048386,0.0
2017-10-27 05:57:00+02:00,0.02468,0.0,0.04875,0.0
2017-10-27 05:58:00+02:00,0.03,0.0,0.04914,0.0
2017-10-27 05:59:00+02:00,0.02652,0.0,0.049504,0.0
2017-10-27 06:00:00+02:00,0.02577,0.0,0.049868,0.0
2017-10-27 06:01:00+02:00,0.02842,0.0,0.050258,0.0
2017-10-27 06:02:00+02:00,0.02779,0.0,0.050518,0.0
2017-10-27 06:03:00+02:00,0.03199,0.0,0.050726,0.0
2017-10-27 06:04:00+02:00,0.03048,0.0,0.05096,0.0
2017-10-27 06:05:00+02:00,0.02944,0.0,0.051194,0.0
2017-10-27 06:06:00+02:00,0.03035,0.0,0.051428,0.0
2017-10-27 06:07:00+02:00,0.02775,0.0,0.051636,0.0
2017-10-27 06:08:00+02:00,0.02974,0.0,0.05187,0.0
2017-10-27 06:09:00+02:00,0.02867,0.0,0.052104,0.0
2017-10-27 06:10:00+02:00,0.02843,0.0,0.052338,0.0
2017-10-27 06:11:00+02:00,0.02772,0.0,0.052572,0.0
2017-10-27 06:12:00+02:00,0.03021,0.0,0.052806,0.0
2017-10-27 06:13:00+02:00,0.03015,0.0,0.05304,0.0
2017-10-27 06:14:00+02:00,0.02932,0.0,0.053248,0.0
2017-10-27 06:15:00+02:00,0.02859,0.0,0.053482,0.0
2017-10-27 06:16:00+02:00,0.03015,0.0,0.053716,0.0
2017-10-27 06:17:00+02:00,0.02943,0.0,0.053976,0.0
2017-10-27 06:18:00+02:00,0.02983,0.0,0.054184,0.0
2017-10-27 06:19:00+02:00,0.0284,0.0,0.054444,0.0
2017-10-27 06:20:00+02:00,0.02745,0.0,0.054626,0.0
2017-10-27 06:21:00+02:00,0.02695,0.0,0.05486,0.0
2017-10-27 06:22:00+02:00,0.03224,0.0,0.055068,0.0
2017-10-27 06:23:00+02:00,0.02986,0.0,0.055328,0.0
2017-10-27 06:24:00+02:00,0.02842,0.0,0.055562,0.0
2017-10-27 06:25:00+02:00,0.02927,0.0,0.055796,0.0
2017-10-27 06:26:00+02:00,0.0285,0.0,0.05603,0.0
2017-10-27 06:27:00+02:00,0.02835,0.0,0.056238,0.0
2017-10-27 06:28:00+02:00,0.02879,0.0,0.056472,0.0
2017-10-27 06:29:00+02:00,0.03376,0.0,0.05668,0.0
2017-10-27 06:30:00+02:00,0.03654,0.0,0.05694,0.0
2017-10-27 06:31:00+02:00,0.03318,0.0,0.057174,0.0
2017-10-27 06:32:00+02:00,0.035,0.0,0.057408,0.0
2017-10-27 06:33:00+02:00,0.0306,0.0,0.057642,0.0
2017-10-27 06:34:00+02:00,0.02926,0.0,0.057876,0.0
2017-10-27 06:35:00+02:00,0.04367,0.0,0.058084,0.0
2017-10-27 06:36:00+02:00,0.04175,0.0,0.058292,0.0
2017-10-27 06:37:00+02:00,0.04111,0.0,0.058526,0.0
2017-10-27 06:38:00+02:00,0.0488,0.0,0.058786,0.0
2017-10-27 06:39:00+02:00,0.05162,0.0,0.058994,0.0
2017-10-27 06:40:00+02:00,0.04875,0.0,0.059254,0.0
2017-10-27 06:41:00+02:00,0.04815,0.0,0.059462,0.0
2017-10-27 06:42:00+02:00,0.04562,0.0,0.059696,0.0
2017-10-27 06:43:00+02:00,0.04461,0.0,0.059904,0.0
2017-10-27 06:44:00+02:00,0.04943,0.0,0.060138,0.0
2017-10-27 06:45:00+02:00,0.04958,0.0,0.060398,0.011
2017-10-27 06:46:00+02:00,0.05284,0.0,0.060606,0.011
2017-10-27 06:47:00+02:00,0.05632,0.0,0.060866,0.011
2017-10-27 06:48:00+02:00,0.05439,0.0,0.061074,0.011
2017-10-27 06:49:00+02:00,0.05288,0.0,0.061308,0.011
2017-10-27 06:50:00+02:00,0.04202,0.0,0.061542,0.011
2017-10-27 06:51:00+02:00,0.03759,0.0,0.061776,0.011
2017-10-27 06:52:00+02:00,0.03725,0.0,0.061984,0.011
2017-10-27 06:53:00+02:00,0.04142,0.0,0.062218,0.011
2017-10-27 06:54:00+02:00,0.04429,0.0,0.062452,0.011
2017-10-27 06:55:00+02:00,0.04621,0.0,0.062686,0.011
2017-10-27 06:56:00+02:00,0.04333,0.0,0.062894,0.011
2017-10-27 06:57:00+02:00,0.04499,0.0,0.063154,0.011
2017-10-27 06:58:00+02:00,0.04588,0.0,0.063362,0.011
2017-10-27 06:59:00+02:00,0.0442,0.0,0.063622,0.011
2017-10-27 07:00:00+02:00,0.04881,0.0,0.06383,0.011
2017-10-27 07:01:00+02:00,0.04938,0.0,0.064064,0.011
2017-10-27 07:02:00+02:00,0.05198,0.0,0.064064,0.011
2017-10-27 07:03:00+02:00,0.05407,0.0,0.064064,0.011
2017-10-27 07:04:00+02:00,0.05326,0.0,0.064064,0.011
2017-10-27 07:05:00+02:00,0.06378,0.0,0.064064,0.011
2017-10-27 07:06:00+02:00,0.05663,0.0,0.064064,0.011
2017-10-27 07:07:00+02:00,0.05537,0.0,0.064064,0.011
2017-10-27 07:08:00+02:00,0.05712,0.0,0.064064,0.011
2017-10-27 07:09:00+02:00,0.05625,0.0,0.064064,0.011
2017-10-27 07:10:00+02:00,0.05547,0.0,0.064064,0.011
2017-10-27 07:11:00+02:00,0.05841,0.0,0.064064,0.011
2017-10-27 07:12:00+02:00,0.06426,0.0,0.064064,0.011
2017-10-27 07:13:00+02:00,0.06949,0.0,0.064064,0.011
2017-10-27 07:14:00+02:00,0.06837,0.0,0.064064,0.011
2017-10-27 07:15:00+02:00,0.06645,0.0,0.06409,0.011
2017-10-27 07:16:00+02:00,0.06493,0.0,0.06409,0.011
2017-10-27 07:17:00+02:00,0.07108,0.0,0.06409,0.011
2017-10-27 07:18:00+02:00,0.06967,0.0,0.06409,0.011
2017-10-27 07:19:00+02:00,0.07234,0.0,0.06409,0.011
2017-10-27 07:20:00+02:00,0.06982,0.0,0.06409,0.011
2017-10-27 07:21:00+02:00,0.06987,0.0,0.06409,0.011
2017-10-27 07:22:00+02:00,0.07454,0.0,0.06409,0.011
2017-10-27 07:23:00+02:00,0.1036,0.0,0.06409,0.011
2017-10-27 07:24:00+02:00,0.10332,0.0,0.06409,0.011
2017-10-27 07:25:00+02:00,0.09052,0.0,0.06409,0.011
2017-10-27 07:26:00+02:00,0.09576,0.0,0.06409,0.011
2017-10-27 07:27:00+02:00,0.09255,0.0,0.06409,0.011
2017-10-27 07:28:00+02:00,0.09445,0.0,0.06409,0.011
2017-10-27 07:29:00+02:00,0.09713,0.0,0.06409,0.011
2017-10-27 07:30:00+02:00,0.08019,0.0,0.06409,0.011
2017-10-27 07:31:00+02:00,0.07576,0.0,0.06409,0.011
2017-10-27 07:32:00+02:00,0.07129,0.0,0.06409,0.011
2017-10-27 07:33:00+02:00,0.07409,0.0,0.06409,0.011
2017-10-27 07:34:00+02:00,0.0735,0.0,0.06409,0.011
2017-10-27 07:35:00+02:00,0.0755,0.0,0.06409,0.011
2017-10-27 07:36:00+02:00,0.07255,0.0,0.06409,0.011
2017-10-27 07:37:00+02:00,0.08076,0.0,0.06409,0.011
2017-10-27 07:38:00+02:00,0.07377,0.0,0.06409,0.011
2017-10-27 07:39:00+02:00,0.07425,0.0,0.06409,0.011
2017-10-27 07:40:00+02:00,0.06612,0.0,0.06409,0.011
2017-10-27 07:41:00+02:00,0.06647,0.0,0.06409,0.011
2017-10-27 07:42:00+02:00,0.06951,0.0,0.06409,0.011
2017-10-27 07:43:00+02:00,0.0653,0.0,0.06409,0.011
2017-10-27 07:44:00+02:00,0.06602,0.0,0.06409,0.011
2017-10-27 07:45:00+02:00,0.05915,0.0,0.06409,0.022
2017-10-27 07:46:00+02:00,0.06143,0.0,0.06409,0.022
2017-10-27 07:47:00+02:00,0.06777,0.0,0.06409,0.022
2017-10-27 07:48:00+02:00,0.06488,0.0,0.06409,0.022
2017-10-27 07:49:00+02:00,0.06812,0.0,0.06409,0.022
2017-10-27 07:50:00+02:00,0.06323,0.0,0.06409,0.022
2017-10-27 07:51:00+02:00,0.06837,0.0,0.06409,0.022
2017-10-27 07:52:00+02:00,0.07376,0.0,0.06409,0.022
2017-10-27 07:53:00+02:00,0.07521,0.0,0.06409,0.022
2017-10-27 07:54:00+02:00,0.07212,0.0,0.06409,0.022
2017-10-27 07:55:00+02:00,0.06728,0.0,0.06409,0.022
2017-10-27 07:56:00+02:00,0.07043,0.0,0.06409,0.022
2017-10-27 07:57:00+02:00,0.07303,0.0,0.06409,0.022
2017-10-27 07:58:00+02:00,0.07598,0.0,0.06409,0.022
2017-10-27 07:59:00+02:00,0.07822,0.0,0.06409,0.022
2017-10-27 08:00:00+02:00,0.06583,0.0,0.06409,0.022
2017-10-27 08:01:00+02:00,0.06661,0.0,0.06409,0.022
2017-10-27 08:02:00+02:00,0.06596,0.0,0.063934,0.022
2017-10-27 08:03:00+02:00,0.06782,0.0,0.063726,0.022
2017-10-27 08:04:00+02:00,0.05881,0.0,0.063596,0.022
2017-10-27 08:05:00+02:00,0.06403,0.0,0.063466,0.022
2017-10-27 08:06:00+02:00,0.06254,0.0,0.063258,0.022
2017-10-27 08:07:00+02:00,0.05909,0.0,0.063102,0.022
2017-10-27 08:08:00+02:00,0.06374,0.0,0.062972,0.022
2017-10-27 08:09:00+02:00,0.06336,0.0,0.062816,0.022
2017-10-27 08:10:00+02:00,0.05918,0.0,0.062634,0.022
2017-10-27 08:11:00+02:00,0.06272,0.0,0.062452,0.022
2017-10-27 08:12:00+02:00,0.06313,0.0,0.062322,0.022
2017-10-27 08:13:00+02:00,0.05857,0.0,0.06214,0.022
2017-10-27 08:14:00+02:00,0.05847,0.0,0.061984,0.022
2017-10-27 08:15:00+02:00,0.06125,0.0,0.061854,0.022
2017-10-27 08:16:00+02:00,0.06677,0.0,0.061672,0.022
2017-10-27 08:17:00+02:00,0.06853,0.0,0.06149,0.022
2017-10-27 08:18:00+02:00,0.07266,0.0,0.06136,0.022
2017-10-27 08:19:00+02:00,0.07288,0.0,0.06123,0.022
2017-10-27 08:20:00+02:00,0.07176,0.0,0.061022,0.022
2017-10-27 08:21:00+02:00,0.07302,0.0,0.060866,0.022
2017-10-27 08:22:00+02:00,0.07086,0.0,0.060736,0.01358
2017-10-27 08:23:00+02:00,0.07346,0.0,0.060554,0.011
2017-10-27 08:24:00+02:00,0.0839,0.0,0.060398,0.011
2017-10-27 08:25:00+02:00,0.08488,0.0,0.060242,0.011
2017-10-27 08:26:00+02:00,0.07291,0.0,0.060086,0.005793
2017-10-27 08:27:00+02:00,0.06843,0.002477,0.059904,0.0
2017-10-27 08:28:00+02:00,0.06565,0.019581,0.059774,0.0
2017-10-27 08:29:00+02:00,0.06355,0.023322,0.059592,0.0
2017-10-27 08:30:00+02:00,0.05745,0.013179,0.059436,0.011
2017-10-27 08:31:00+02:00,0.05467,0.000633,0.05928,0.011
2017-10-27 08:32:00+02:00,0.05354,0.0,0.059098,0.011
2017-10-27 08:33:00+02:00,0.05275,0.0,0.058994,0.011
2017-10-27 08:34:00+02:00,0.05786,0.0,0.058812,0.011
2017-10-27 08:35:00+02:00,0.0556,0.0,0.05863,0.011
2017-10-27 08:36:00+02:00,0.05716,0.0,0.058474,0.011
2017-10-27 08:37:00+02:00,0.05862,0.0,0.058318,0.011
2017-10-27 08:38:00+02:00,0.06588,0.0,0.058162,0.011
2017-10-27 08:39:00+02:00,0.06955,0.0,0.058006,0.011
2017-10-27 08:40:00+02:00,0.06915,0.0,0.057824,0.011
2017-10-27 08:41:00+02:00,0.07016,0.0,0.057668,0.011
2017-10-27 08:42:00+02:00,0.06729,0.004765,0.057538,0.011
2017-10-27 08:43:00+02:00,0.06821,0.013751,0.057356,0.011
2017-10-27 08:44:00+02:00,0.06469,0.023097,0.0572,0.011
2017-10-27 08:45:00+02:00,0.05801,0.036526,0.057044,0.011
2017-10-27 08:46:00+02:00,0.05612,0.03034,0.056862,0.011
2017-10-27 08:47:00+02:00,0.05516,0.031598,0.056732,0.011
2017-10-27 08:48:00+02:00,0.05232,0.034415,0.056576,0.011
2017-10-27 08:49:00+02:00,0.04752,0.036894,0.056394,0.011
2017-10-27 08:50:00+02:00,0.04759,0.032802,0.056238,0.011
2017-10-27 08:51:00+02:00,0.04891,0.019971,0.056082,0.011
2017-10-27 08:52:00+02:00,0.04591,0.014161,0.055926,0.011
2017-10-27 08:53:00+02:00,0.0539,0.023708,0.05577,0.011
2017-10-27 08:54:00+02:00,0.04702,0.03414,0.055614,0.011
2017-10-27 08:55:00+02:00,0.04915,0.041811,0.055432,0.011
2017-10-27 08:56:00+02:00,0.05142,0.037671,0.055276,0.011
2017-10-27 08:57:00+02:00,0.0531,0.035339,0.055146,0.011
2017-10-27 08:58:00+02:00,0.05393,0.031618,0.054964,0.011
2017-10-27 08:59:00+02:00,0.05075,0.043524,0.054808,0.011
2017-10-27 09:00:00+02:00,0.05242,0.048249,0.054626,0.011
2017-10-27 09:01:00+02:00,0.0515,0.05374,0.054496,0.011
2017-10-27 09:02:00+02:00,0.04961,0.066634,0.054418,0.011
2017-10-27 09:03:00+02:00,0.05518,0.060638,0.05434,0.011
2017-10-27 09:04:00+02:00,0.05485,0.075515,0.054236,0.011
2017-10-27 09:05:00+02:00,0.04899,0.096476,0.054158,0.011
2017-10-27 09:06:00+02:00,0.05268,0.152499,0.05408,0.011
2017-10-27 09:07:00+02:00,0.06148,0.195811,0.053976,0.011
2017-10-27 09:08:00+02:00,0.05765,0.279892,0.053898,0.011
2017-10-27 09:09:00+02:00,0.04725,0.327337,0.05382,0.011
2017-10-27 09:10:00+02:00,0.05142,0.353034,0.053716,0.011
2017-10-27 09:11:00+02:00,0.05464,0.351132,0.053664,0.011
2017-10-27 09:12:00+02:00,0.05071,0.353425,0.05356,0.011
2017-10-27 09:13:00+02:00,0.04946,0.363147,0.053482,0.011
2017-10-27 09:14:00+02:00,0.04944,0.262822,0.053404,0.011
2017-10-27 09:15:00+02:00,0.05017,0.169789,0.0533,0.022
2017-10-27 09:16:00+02:00,0.05228,0.331012,0.053222,0.022
2017-10-27 09:17:00+02:00,0.04795,0.406548,0.05317,0.022
2017-10-27 09:18:00+02:00,0.05156,0.387848,0.053066,0.022
2017-10-27 09:19:00+02:00,0.05097,0.247465,0.052962,0.022
2017-10-27 09:20:00+02:00,0.0492,0.136612,0.05291,0.022
2017-10-27 09:21:00+02:00,0.04538,0.087229,0.052832,0.022
2017-10-27 09:22:00+02:00,0.04545,0.076211,0.052728,0.022
2017-10-27 09:23:00+02:00,0.04533,0.091798,0.05265,0.022
2017-10-27 09:24:00+02:00,0.04644,0.101841,0.052572,0.022
2017-10-27 09:25:00+02:00,0.05202,0.101295,0.052468,0.022
2017-10-27 09:26:00+02:00,0.05284,0.068411,0.05239,0.022
2017-10-27 09:27:00+02:00,0.04909,0.04323,0.052312,0.022
2017-10-27 09:28:00+02:00,0.04871,0.058406,0.052208,0.022
2017-10-27 09:29:00+02:00,0.05045,0.07725,0.052104,0.022
2017-10-27 09:30:00+02:00,0.05442,0.052775,0.052052,0.033
2017-10-27 09:31:00+02:00,0.05182,0.050354,0.051974,0.033
2017-10-27 09:32:00+02:00,0.05275,0.059008,0.05187,0.033
2017-10-27 09:33:00+02:00,0.05836,0.068225,0.051844,0.033
2017-10-27 09:34:00+02:00,0.05532,0.095726,0.05174,0.033
2017-10-27 09:35:00+02:00,0.058,0.101302,0.051636,0.033
2017-10-27 09:36:00+02:00,0.05042,0.089561,0.051558,0.033
2017-10-27 09:37:00+02:00,0.04793,0.105044,0.05148,0.033
2017-10-27 09:38:00+02:00,0.05674,0.116669,0.051376,0.033
2017-10-27 09:39:00+02:00,0.0565,0.143509,0.051298,0.033
2017-10-27 09:40:00+02:00,0.0537,0.143058,0.05122,0.033
2017-10-27 09:41:00+02:00,0.05286,0.14207,0.051142,0.033
2017-10-27 09:42:00+02:00,0.0537,0.125541,0.051064,0.033
2017-10-27 09:43:00+02:00,0.04727,0.098327,0.050986,0.033
2017-10-27 09:44:00+02:00,0.05122,0.107129,0.050882,0.033
2017-10-27 09:45:00+02:00,0.04855,0.121148,0.050804,0.042453
2017-10-27 09:46:00+02:00,0.04826,0.106776,0.0507,0.033
2017-10-27 09:47:00+02:00,0.05114,0.101865,0.050622,0.033
2017-10-27 09:48:00+02:00,0.05227,0.105509,0.050544,0.033
2017-10-27 09:49:00+02:00,0.052,0.106514,0.050466,0.033
2017-10-27 09:50:00+02:00,0.05605,0.086183,0.050388,0.033
2017-10-27 09:51:00+02:00,0.06212,0.079396,0.050336,0.033
2017-10-27 09:52:00+02:00,0.06911,0.096309,0.050232,0.033
2017-10-27 09:53:00+02:00,0.0658,0.119337,0.050154,0.033
2017-10-27 09:54:00+02:00,0.06811,0.150165,0.050076,0.033
2017-10-27 09:55:00+02:00,0.06823,0.149039,0.049972,0.033
2017-10-27 09:56:00+02:00,0.06634,0.117074,0.049868,0.033
2017-10-27 09:57:00+02:00,0.06468,0.105244,0.049816,0.033
2017-10-27 09:58:00+02:00,0.05353,0.109621,0.049712,0.033
2017-10-27 09:59:00+02:00,0.05086,0.114439,0.049608,0.033
2017-10-27 10:00:00+02:00,0.04864,0.109445,0.049556,0.044
2017-10-27 10:01:00+02:00,0.04885,0.103387,0.049478,0.044
2017-10-27 10:02:00+02:00,0.05016,0.1226,0.049374,0.044
2017-10-27 10:03:00+02:00,0.05208,0.091193,0.049348,0.044
2017-10-27 10:04:00+02:00,0.05383,0.046671,0.049244,0.044
2017-10-27 10:05:00+02:00,0.06245,0.034085,0.04914,0.044
2017-10-27 10:06:00+02:00,0.06199,0.04531,0.049114,0.044
2017-10-27 10:07:00+02:00,0.06388,0.086484,0.04901,0.044
2017-10-27 10:08:00+02:00,0.06947,0.124219,0.048984,0.034633
2017-10-27 10:09:00+02:00,0.06508,0.107689,0.04888,0.033
2017-10-27 10:10:00+02:00,0.06712,0.078771,0.048776,0.033
2017-10-27 10:11:00+02:00,0.06884,0.047949,0.04875,0.033
2017-10-27 10:12:00+02:00,0.06643,0.040243,0.048646,0.029173
2017-10-27 10:13:00+02:00,0.05956,0.045056,0.048568,0.022
2017-10-27 10:14:00+02:00,0.05814,0.043353,0.048516,0.022
2017-10-27 10:15:00+02:00,0.05498,0.057035,0.048438,0.044
2017-10-27 10:16:00+02:00,0.06255,0.072361,0.048386,0.036673
2017-10-27 10:17:00+02:00,0.07046,0.076903,0.048282,0.033
2017-10-27 10:18:00+02:00,0.06784,0.07334,0.048204,0.028093
2017-10-27 10:19:00+02:00,0.06031,0.076899,0.048126,0.022
2017-10-27 10:20:00+02:00,0.05275,0.084623,0.048074,0.022
2017-10-27 10:21:00+02:00,0.05196,0.110968,0.047996,0.022
2017-10-27 10:22:00+02:00,0.04947,0.109431,0.047918,0.022
2017-10-27 10:23:00+02:00,0.04887,0.091631,0.04784,0.022
2017-10-27 10:24:00+02:00,0.04734,0.113062,0.047762,0.022
2017-10-27 10:25:00+02:00,0.04647,0.134731,0.04771,0.022
2017-10-27 10:26:00+02:00,0.04505,0.135349,0.047632,0.013767
2017-10-27 10:27:00+02:00,0.04405,0.14058,0.047554,0.011
2017-10-27 10:28:00+02:00,0.04868,0.161736,0.047476,0.011
2017-10-27 10:29:00+02:00,0.05025,0.161769,0.047372,0.011
2017-10-27 10:30:00+02:00,0.04278,0.147872,0.047346,0.011
2017-10-27 10:31:00+02:00,0.04338,0.148328,0.047268,0.011
2017-10-27 10:32:00+02:00,0.0451,0.147039,0.04719,0.011
2017-10-27 10:33:00+02:00,0.04633,0.16362,0.047112,0.011
2017-10-27 10:34:00+02:00,0.05545,0.18634,0.047008,0.011
2017-10-27 10:35:00+02:00,0.05523,0.167078,0.046982,0.011
2017-10-27 10:36:00+02:00,0.05358,0.160675,0.046878,0.011
2017-10-27 10:37:00+02:00,0.05588,0.186109,0.046826,0.011
2017-10-27 10:38:00+02:00,0.05362,0.271249,0.046748,0.011
2017-10-27 10:39:00+02:00,0.05488,0.270996,0.04667,0.011
2017-10-27 10:40:00+02:00,0.05369,0.265746,0.046618,0.011
2017-10-27 10:41:00+02:00,0.05543,0.300997,0.046514,0.011
2017-10-27 10:42:00+02:00,0.05454,0.275139,0.04641,0.011
2017-10-27 10:43:00+02:00,0.04981,0.257425,0.046384,0.011
2017-10-27 10:44:00+02:00,0.04443,0.26935,0.046306,0.011
2017-10-27 10:45:00+02:00,0.0469,0.280816,0.046254,0.022
2017-10-27 10:46:00+02:00,0.05158,0.251886,0.04615,0.022
2017-10-27 10:47:00+02:00,0.05164,0.250069,0.046046,0.022
2017-10-27 10:48:00+02:00,0.04992,0.22977,0.04602,0.022
2017-10-27 10:49:00+02:00,0.04846,0.193584,0.045942,0.022
2017-10-27 10:50:00+02:00,0.04753,0.150734,0.045864,0.022
2017-10-27 10:51:00+02:00,0.04912,0.134206,0.045786,0.022
2017-10-27 10:52:00+02:00,0.05153,0.148562,0.045682,0.022
2017-10-27 10:53:00+02:00,0.05245,0.120552,0.04563,0.022
2017-10-27 10:54:00+02:00,0.05673,0.147975,0.045578,0.022
2017-10-27 10:55:00+02:00,0.05595,0.227705,0.0455,0.022
2017-10-27 10:56:00+02:00,0.05158,0.241377,0.045422,0.022
2017-10-27 10:57:00+02:00,0.04735,0.21318,0.045318,0.022
2017-10-27 10:58:00+02:00,0.0388,0.159282,0.04524,0.022
2017-10-27 10:59:00+02:00,0.03929,0.134311,0.045188,0.022
2017-10-27 11:00:00+02:00,0.04665,0.126615,0.045136,0.027293
2017-10-27 11:01:00+02:00,0.04708,0.18936,0.045058,0.022
2017-10-27 11:02:00+02:00,0.04207,0.240275,0.044954,0.022
2017-10-27 11:03:00+02:00,0.04371,0.153601,0.044876,0.022
2017-10-27 11:04:00+02:00,0.04194,0.090851,0.044824,0.022
2017-10-27 11:05:00+02:00,0.04227,0.079566,0.044746,0.022
2017-10-27 11:06:00+02:00,0.04017,0.102409,0.044668,0.022
2017-10-27 11:07:00+02:00,0.0386,0.147559,0.04459,0.022
2017-10-27 11:08:00+02:00,0.03918,0.156336,0.044512,0.022
2017-10-27 11:09:00+02:00,0.04356,0.164201,0.04446,0.022
2017-10-27 11:10:00+02:00,0.04388,0.168531,0.044382,0.022
2017-10-27 11:11:00+02:00,0.03754,0.175021,0.044278,0.022
2017-10-27 11:12:00+02:00,0.03607,0.196282,0.0442,0.022
2017-10-27 11:13:00+02:00,0.03688,0.321872,0.044148,0.022
2017-10-27 11:14:00+02:00,0.04027,0.227491,0.04407,0.022
2017-10-27 11:15:00+02:00,0.04434,0.188153,0.044018,0.022
2017-10-27 11:16:00+02:00,0.04518,0.160675,0.043914,0.016813
2017-10-27 11:17:00+02:00,0.04505,0.158223,0.04381,0.011
2017-10-27 11:18:00+02:00,0.04597,0.146725,0.043758,0.011
2017-10-27 11:19:00+02:00,0.04532,0.142944,0.04368,0.011
2017-10-27 11:20:00+02:00,0.04437,0.151704,0.043628,0.011
2017-10-27 11:21:00+02:00,0.04497,0.166107,0.04355,0.011
2017-10-27 11:22:00+02:00,0.05434,0.201399,0.043446,0.011
2017-10-27 11:23:00+02:00,0.05029,0.240869,0.043394,0.011
2017-10-27 11:24:00+02:00,0.04996,0.270013,0.04329,0.011
2017-10-27 11:25:00+02:00,0.04703,0.265611,0.043212,0.003587
2017-10-27 11:26:00+02:00,0.04642,0.209116,0.043186,0.0
2017-10-27 11:27:00+02:00,0.04743,0.135063,0.043082,0.0
2017-10-27 11:28:00+02:00,0.04909,0.090096,0.043004,0.0
2017-10-27 11:29:00+02:00,0.0507,0.067034,0.042926,0.0
2017-10-27 11:30:00+02:00,0.04815,0.075696,0.042848,0.0
2017-10-27 11:31:00+02:00,0.04731,0.101925,0.04277,0.0
2017-10-27 11:32:00+02:00,0.04726,0.103852,0.042692,0.0
2017-10-27 11:33:00+02:00,0.05016,0.09689,0.04264,0.0
2017-10-27 11:34:00+02:00,0.05323,0.083012,0.042562,0.0
2017-10-27 11:35:00+02:00,0.04882,0.097462,0.042458,0.0
2017-10-27 11:36:00+02:00,0.04486,0.133678,0.042406,0.0
2017-10-27 11:37:00+02:00,0.04341,0.134656,0.042328,0.0
2017-10-27 11:38:00+02:00,0.04548,0.148686,0.042224,0.0
2017-10-27 11:39:00+02:00,0.0543,0.192983,0.042172,0.0
2017-10-27 11:40:00+02:00,0.04559,0.222736,0.042094,0.0
2017-10-27 11:41:00+02:00,0.04498,0.217341,0.042042,0.0
2017-10-27 11:42:00+02:00,0.05001,0.220117,0.041938,0.0
2017-10-27 11:43:00+02:00,0.04993,0.232644,0.04186,0.0
2017-10-27 11:44:00+02:00,0.05511,0.294775,0.041782,0.0
2017-10-27 11:45:00+02:00,0.05561,0.292728,0.041704,0.011
2017-10-27 11:46:00+02:00,0.05579,0.306972,0.041678,0.011
2017-10-27 11:47:00+02:00,0.05196,0.277059,0.041574,0.011
2017-10-27 11:48:00+02:00,0.04594,0.262311,0.041496,0.011
2017-10-27 11:49:00+02:00,0.04474,0.223697,0.041418,0.011
2017-10-27 11:50:00+02:00,0.0427,0.190697,0.041314,0.011
2017-10-27 11:51:00+02:00,0.04367,0.192616,0.041262,0.011
2017-10-27 11:52:00+02:00,0.03904,0.246187,0.04121,0.011
2017-10-27 11:53:00+02:00,0.03921,0.394571,0.041106,0.011
2017-10-27 11:54:00+02:00,0.04074,0.452588,0.041054,0.011
2017-10-27 11:55:00+02:00,0.03987,0.345686,0.04095,0.011
2017-10-27 11:56:00+02:00,0.04389,0.195418,0.040872,0.011
2017-10-27 11:57:00+02:00,0.04272,0.107479,0.04082,0.011
2017-10-27 11:58:00+02:00,0.04184,0.129276,0.040716,0.011
2017-10-27 11:59:00+02:00,0.04536,0.253528,0.04069,0.011
2017-10-27 12:00:00+02:00,0.05328,0.226326,0.040586,0.044
2017-10-27 12:01:00+02:00,0.04704,0.130374,0.040482,0.044
2017-10-27 12:02:00+02:00,0.04527,0.154448,0.040456,0.044
2017-10-27 12:03:00+02:00,0.04748,0.240158,0.040456,0.044
2017-10-27 12:04:00+02:00,0.04963,0.300891,0.040404,0.044
2017-10-27 12:05:00+02:00,0.05092,0.254314,0.040352,0.044
2017-10-27 12:06:00+02:00,0.0459,0.192625,0.040326,0.044
2017-10-27 12:07:00+02:00,0.0452,0.216631,0.040326,0.044
2017-10-27 12:08:00+02:00,0.04696,0.163329,0.040248,0.044
2017-10-27 12:09:00+02:00,0.05306,0.15535,0.040222,0.044
2017-10-27 12:10:00+02:00,0.05714,0.170475,0.040196,0.044
2017-10-27 12:11:00+02:00,0.05853,0.158161,0.04017,0.044
2017-10-27 12:12:00+02:00,0.05644,0.138571,0.040118,0.044
2017-10-27 12:13:00+02:00,0.05467,0.146368,0.040092,0.044
2017-10-27 12:14:00+02:00,0.05094,0.179044,0.040066,0.044
2017-10-27 12:15:00+02:00,0.05851,0.193698,0.039988,0.044
2017-10-27 12:16:00+02:00,0.05623,0.234082,0.039988,0.044
2017-10-27 12:17:00+02:00,0.05271,0.194946,0.039962,0.044
2017-10-27 12:18:00+02:00,0.04843,0.171004,0.03991,0.044
2017-10-27 12:19:00+02:00,0.04503,0.179728,0.039884,0.044
2017-10-27 12:20:00+02:00,0.04615,0.166027,0.039832,0.044
2017-10-27 12:21:00+02:00,0.04255,0.127286,0.039806,0.044
2017-10-27 12:22:00+02:00,0.04611,0.118479,0.039754,0.044
2017-10-27 12:23:00+02:00,0.04507,0.110393,0.039728,0.044
2017-10-27 12:24:00+02:00,0.048,0.09035,0.039728,0.044
2017-10-27 12:25:00+02:00,0.04673,0.10325,0.03965,0.044
2017-10-27 12:26:00+02:00,0.04512,0.121523,0.039624,0.044
2017-10-27 12:27:00+02:00,0.05017,0.130826,0.039624,0.041833
2017-10-27 12:28:00+02:00,0.05387,0.125844,0.039546,0.033
2017-10-27 12:29:00+02:00,0.05137,0.09475,0.03952,0.033
2017-10-27 12:30:00+02:00,0.05188,0.107566,0.039494,0.033
2017-10-27 12:31:00+02:00,0.0566,0.119363,0.039468,0.033
2017-10-27 12:32:00+02:00,0.05149,0.140597,0.039442,0.033
2017-10-27 12:33:00+02:00,0.04942,0.129671,0.039364,0.033
2017-10-27 12:34:00+02:00,0.04958,0.136687,0.039364,0.033
2017-10-27 12:35:00+02:00,0.05062,0.181801,0.039338,0.033
2017-10-27 12:36:00+02:00,0.04603,0.205102,0.039286,0.028727
2017-10-27 12:37:00+02:00,0.04689,0.224605,0.03926,0.022
2017-10-27 12:38:00+02:00,0.04855,0.246805,0.039182,0.022
2017-10-27 12:39:00+02:00,0.05219,0.273813,0.039182,0.022
2017-10-27 12:40:00+02:00,0.05388,0.283513,0.039156,0.022
2017-10-27 12:41:00+02:00,0.06455,0.276712,0.039104,0.022
2017-10-27 12:42:00+02:00,0.06091,0.278192,0.039078,0.022
2017-10-27 12:43:00+02:00,0.05925,0.247382,0.039052,0.022
2017-10-27 12:44:00+02:00,0.06645,0.207945,0.039,0.022
2017-10-27 12:45:00+02:00,0.06698,0.188575,0.038974,0.044
2017-10-27 12:46:00+02:00,0.06611,0.144051,0.038922,0.044
2017-10-27 12:47:00+02:00,0.06876,0.122511,0.038896,0.044
2017-10-27 12:48:00+02:00,0.06378,0.109869,0.03887,0.044
2017-10-27 12:49:00+02:00,0.0589,0.105626,0.038818,0.044
2017-10-27 12:50:00+02:00,0.06212,0.113201,0.038818,0.044
2017-10-27 12:51:00+02:00,0.0557,0.139536,0.038766,0.044
2017-10-27 12:52:00+02:00,0.05265,0.178635,0.038714,0.044
2017-10-27 12:53:00+02:00,0.04827,0.215942,0.038688,0.044
2017-10-27 12:54:00+02:00,0.05553,0.229078,0.038636,0.044
2017-10-27 12:55:00+02:00,0.04588,0.223919,0.03861,0.044
2017-10-27 12:56:00+02:00,0.04377,0.278812,0.038584,0.039347
2017-10-27 12:57:00+02:00,0.0451,0.371847,0.038558,0.033
2017-10-27 12:58:00+02:00,0.04527,0.350627,0.038532,0.033
2017-10-27 12:59:00+02:00,0.04641,0.298207,0.038454,0.033
2017-10-27 13:00:00+02:00,0.04687,0.261878,0.038454,0.044
2017-10-27 13:01:00+02:00,0.04752,0.258637,0.038402,0.04012
2017-10-27 13:02:00+02:00,0.04456,0.24423,0.03835,0.033
2017-10-27 13:03:00+02:00,0.04183,0.256229,0.03835,0.033
2017-10-27 13:04:00+02:00,0.04184,0.279367,0.038324,0.033
2017-10-27 13:05:00+02:00,0.04135,0.269491,0.038324,0.033
2017-10-27 13:06:00+02:00,0.04518,0.289187,0.038272,0.033
2017-10-27 13:07:00+02:00,0.04852,0.312893,0.038246,0.033
2017-10-27 13:08:00+02:00,0.0511,0.408915,0.03822,0.033
2017-10-27 13:09:00+02:00,0.04384,0.290217,0.038194,0.033
2017-10-27 13:10:00+02:00,0.04622,0.406652,0.038194,0.033
2017-10-27 13:11:00+02:00,0.04695,0.687384,0.038116,0.033
2017-10-27 13:12:00+02:00,0.04751,0.997968,0.038116,0.033
2017-10-27 13:13:00+02:00,0.04624,0.93552,0.03809,0.033
2017-10-27 13:14:00+02:00,0.04994,0.791227,0.038064,0.033
2017-10-27 13:15:00+02:00,0.0499,0.830923,0.038038,0.053193
2017-10-27 13:16:00+02:00,0.05144,1.004422,0.037986,0.044
2017-10-27 13:17:00+02:00,0.0546,1.088384,0.037986,0.044
2017-10-27 13:18:00+02:00,0.05961,1.009796,0.03796,0.044
2017-10-27 13:19:00+02:00,0.06156,0.508986,0.03796,0.044
2017-10-27 13:20:00+02:00,0.06688,0.447884,0.037882,0.044
2017-10-27 13:21:00+02:00,0.05614,0.474296,0.037856,0.044
2017-10-27 13:22:00+02:00,0.04816,0.755458,0.037856,0.044
2017-10-27 13:23:00+02:00,0.04254,0.63156,0.03783,0.044
2017-10-27 13:24:00+02:00,0.04231,0.418233,0.03783,0.044
2017-10-27 13:25:00+02:00,0.04256,0.40942,0.037752,0.044
2017-10-27 13:26:00+02:00,0.04088,0.418502,0.037752,0.044
2017-10-27 13:27:00+02:00,0.04022,0.40226,0.037726,0.044
2017-10-27 13:28:00+02:00,0.0402,0.367578,0.0377,0.044
2017-10-27 13:29:00+02:00,0.04039,0.354257,0.037648,0.044
2017-10-27 13:30:00+02:00,0.04422,0.37606,0.037622,0.055
2017-10-27 13:31:00+02:00,0.0438,0.380917,0.037596,0.055
2017-10-27 13:32:00+02:00,0.04453,0.36542,0.037596,0.041533
2017-10-27 13:33:00+02:00,0.04452,0.274889,0.037596,0.033
2017-10-27 13:34:00+02:00,0.04491,0.340932,0.037518,0.033
2017-10-27 13:35:00+02:00,0.04198,0.921255,0.037492,0.033
2017-10-27 13:36:00+02:00,0.03947,0.878569,0.037492,0.033
2017-10-27 13:37:00+02:00,0.04344,0.778098,0.037466,0.033
2017-10-27 13:38:00+02:00,0.04803,0.472763,0.037414,0.027073
2017-10-27 13:39:00+02:00,0.04676,0.379497,0.037388,0.022
2017-10-27 13:40:00+02:00,0.04415,0.332298,0.037388,0.022
2017-10-27 13:41:00+02:00,0.04082,0.317746,0.037336,0.022
2017-10-27 13:42:00+02:00,0.03907,0.312656,0.037336,0.022
2017-10-27 13:43:00+02:00,0.03941,0.333166,0.037284,0.022
2017-10-27 13:44:00+02:00,0.03833,0.441309,0.037258,0.022
2017-10-27 13:45:00+02:00,0.04543,0.689031,0.037232,0.033
2017-10-27 13:46:00+02:00,0.0424,0.652042,0.037232,0.033
2017-10-27 13:47:00+02:00,0.0425,0.631063,0.037206,0.033
2017-10-27 13:48:00+02:00,0.0428,0.804662,0.037128,0.033
2017-10-27 13:49:00+02:00,0.04053,0.648488,0.037128,0.033
2017-10-27 13:50:00+02:00,0.03941,0.489042,0.037128,0.033
2017-10-27 13:51:00+02:00,0.03935,0.484386,0.037076,0.033
2017-10-27 13:52:00+02:00,0.03937,0.459861,0.03705,0.033
2017-10-27 13:53:00+02:00,0.04085,0.384034,0.037024,0.033
2017-10-27 13:54:00+02:00,0.04331,0.409251,0.037024,0.033
2017-10-27 13:55:00+02:00,0.04256,0.363267,0.036972,0.033
2017-10-27 13:56:00+02:00,0.04393,0.342063,0.036946,0.033
2017-10-27 13:57:00+02:00,0.04249,0.293501,0.03692,0.033
2017-10-27 13:58:00+02:00,0.04426,0.299107,0.036868,0.033
2017-10-27 13:59:00+02:00,0.04122,0.269366,0.036868,0.033
2017-10-27 14:00:00+02:00,0.03932,0.240703,0.036868,0.055
2017-10-27 14:01:00+02:00,0.03964,0.246904,0.036842,0.055
2017-10-27 14:02:00+02:00,0.04009,0.278272,0.036842,0.055
2017-10-27 14:03:00+02:00,0.04038,0.268467,0.036842,0.05478
2017-10-27 14:04:00+02:00,0.03965,0.27661,0.036842,0.044
2017-10-27 14:05:00+02:00,0.03701,0.310675,0.036842,0.044
2017-10-27 14:06:00+02:00,0.03885,0.352925,0.036842,0.044
2017-10-27 14:07:00+02:00,0.0428,0.767841,0.036842,0.044
2017-10-27 14:08:00+02:00,0.04278,0.851918,0.036842,0.044
2017-10-27 14:09:00+02:00,0.04057,0.492637,0.036868,0.044
2017-10-27 14:10:00+02:00,0.04193,0.434384,0.036868,0.044
2017-10-27 14:11:00+02:00,0.04163,0.398704,0.036868,0.044
2017-10-27 14:12:00+02:00,0.04093,0.389448,0.036868,0.044
2017-10-27 14:13:00+02:00,0.04249,0.314165,0.036868,0.044
2017-10-27 14:14:00+02:00,0.04307,0.26968,0.036868,0.037673
2017-10-27 14:15:00+02:00,0.0464,0.350036,0.036868,0.044
2017-10-27 14:16:00+02:00,0.04773,0.394537,0.036868,0.044
2017-10-27 14:17:00+02:00,0.0466,0.319144,0.036868,0.044
2017-10-27 14:18:00+02:00,0.04727,0.373488,0.036868,0.044
2017-10-27 14:19:00+02:00,0.04692,0.337174,0.036868,0.044
2017-10-27 14:20:00+02:00,0.04414,0.233296,0.036868,0.044
2017-10-27 14:21:00+02:00,0.04133,0.17844,0.036868,0.044
2017-10-27 14:22:00+02:00,0.04074,0.155456,0.036868,0.044
2017-10-27 14:23:00+02:00,0.04247,0.138068,0.036868,0.044
2017-10-27 14:24:00+02:00,0.0425,0.117614,0.036868,0.044
2017-10-27 14:25:00+02:00,0.04452,0.115261,0.036868,0.044
2017-10-27 14:26:00+02:00,0.04299,0.087419,0.036868,0.044
2017-10-27 14:27:00+02:00,0.04471,0.09116,0.036894,0.044
2017-10-27 14:28:00+02:00,0.04277,0.081889,0.036894,0.044
2017-10-27 14:29:00+02:00,0.04599,0.088929,0.03692,0.044
2017-10-27 14:30:00+02:00,0.04459,0.11651,0.03692,0.03826
2017-10-27 14:31:00+02:00,0.0402,0.153417,0.03692,0.033
2017-10-27 14:32:00+02:00,0.04026,0.155024,0.03692,0.033
2017-10-27 14:33:00+02:00,0.04023,0.163,0.03692,0.033
2017-10-27 14:34:00+02:00,0.04332,0.187536,0.03692,0.033
2017-10-27 14:35:00+02:00,0.04563,0.242104,0.03692,0.033
2017-10-27 14:36:00+02:00,0.04416,0.295033,0.03692,0.033
2017-10-27 14:37:00+02:00,0.04339,0.329572,0.036946,0.02422
2017-10-27 14:38:00+02:00,0.04601,0.336885,0.036946,0.022
2017-10-27 14:39:00+02:00,0.04713,0.339631,0.036946,0.022
2017-10-27 14:40:00+02:00,0.04549,0.310182,0.036946,0.022
2017-10-27 14:41:00+02:00,0.04118,0.268787,0.036946,0.022
2017-10-27 14:42:00+02:00,0.03941,0.278065,0.036946,0.022
2017-10-27 14:43:00+02:00,0.03795,0.33051,0.036946,0.022
2017-10-27 14:44:00+02:00,0.03922,0.316161,0.036946,0.022
2017-10-27 14:45:00+02:00,0.03865,0.328934,0.036946,0.044
2017-10-27 14:46:00+02:00,0.03788,0.35149,0.036946,0.044
2017-10-27 14:47:00+02:00,0.04003,0.374403,0.036972,0.044
2017-10-27 14:48:00+02:00,0.04166,0.600182,0.036972,0.044
2017-10-27 14:49:00+02:00,0.04131,0.567723,0.036972,0.044
2017-10-27 14:50:00+02:00,0.04049,0.55077,0.036972,0.044
2017-10-27 14:51:00+02:00,0.04066,0.580541,0.036972,0.044
2017-10-27 14:52:00+02:00,0.04265,0.513198,0.036972,0.044
2017-10-27 14:53:00+02:00,0.03811,0.486727,0.036972,0.044
2017-10-27 14:54:00+02:00,0.03863,0.394436,0.036972,0.044
2017-10-27 14:55:00+02:00,0.04414,0.302622,0.036972,0.044
2017-10-27 14:56:00+02:00,0.0456,0.329653,0.036972,0.044
2017-10-27 14:57:00+02:00,0.04837,0.408156,0.036998,0.044
2017-10-27 14:58:00+02:00,0.04833,0.387394,0.037024,0.044
2017-10-27 14:59:00+02:00,0.04721,0.317073,0.037024,0.044
2017-10-27 15:00:00+02:00,0.04835,0.229052,0.037024,0.066
2017-10-27 15:01:00+02:00,0.05035,0.218817,0.037024,0.066
2017-10-27 15:02:00+02:00,0.04519,0.190272,0.037024,0.066
2017-10-27 15:03:00+02:00,0.04279,0.123386,0.03705,0.066
2017-10-27 15:04:00+02:00,0.04082,0.089553,0.037128,0.066
2017-10-27 15:05:00+02:00,0.04254,0.063194,0.037128,0.066
2017-10-27 15:06:00+02:00,0.04395,0.054435,0.037128,0.066
2017-10-27 15:07:00+02:00,0.04599,0.051684,0.037154,0.066
2017-10-27 15:08:00+02:00,0.04873,0.040455,0.037206,0.066
2017-10-27 15:09:00+02:00,0.04652,0.0,0.037232,0.066
2017-10-27 15:10:00+02:00,0.05064,0.032004,0.037232,0.066
2017-10-27 15:11:00+02:00,0.05128,0.042253,0.037284,0.066
2017-10-27 15:12:00+02:00,0.05081,0.038837,0.03731,0.058253
2017-10-27 15:13:00+02:00,0.05201,0.0,0.037336,0.055
2017-10-27 15:14:00+02:00,0.05257,0.035241,0.037388,0.055
2017-10-27 15:15:00+02:00,0.05077,0.077674,0.037388,0.066
2017-10-27 15:16:00+02:00,0.0557,0.137764,0.037388,0.05692
2017-10-27 15:17:00+02:00,0.05315,0.168323,0.037466,0.055
2017-10-27 15:18:00+02:00,0.05012,0.162838,0.037492,0.055
2017-10-27 15:19:00+02:00,0.04864,0.146194,0.037492,0.055
2017-10-27 15:20:00+02:00,0.04628,0.139083,0.037518,0.046447
2017-10-27 15:21:00+02:00,0.04891,0.13407,0.037596,0.03794
2017-10-27 15:22:00+02:00,0.04682,0.128153,0.037596,0.033
2017-10-27 15:23:00+02:00,0.04586,0.122698,0.037596,0.033
2017-10-27 15:24:00+02:00,0.04272,0.105764,0.037648,0.033
2017-10-27 15:25:00+02:00,0.04386,0.092121,0.037648,0.033
2017-10-27 15:26:00+02:00,0.04177,0.079831,0.0377,0.033
2017-10-27 15:27:00+02:00,0.04045,0.076441,0.037726,0.033
2017-10-27 15:28:00+02:00,0.04066,0.085145,0.037752,0.033
2017-10-27 15:29:00+02:00,0.04838,0.070864,0.037752,0.033
2017-10-27 15:30:00+02:00,0.05118,0.06257,0.03783,0.033
2017-10-27 15:31:00+02:00,0.05069,0.099077,0.037856,0.033
2017-10-27 15:32:00+02:00,0.0478,0.119087,0.037856,0.033
2017-10-27 15:33:00+02:00,0.05206,0.141613,0.037882,0.03276
2017-10-27 15:34:00+02:00,0.05321,0.151399,0.037908,0.022
2017-10-27 15:35:00+02:00,0.04723,0.193445,0.03796,0.022
2017-10-27 15:36:00+02:00,0.04767,0.185159,0.037986,0.022
2017-10-27 15:37:00+02:00,0.0487,0.176405,0.037986,0.022
2017-10-27 15:38:00+02:00,0.04915,0.140557,0.038012,0.022
2017-10-27 15:39:00+02:00,0.05121,0.124887,0.038064,0.022
2017-10-27 15:40:00+02:00,0.04973,0.136132,0.03809,0.022
2017-10-27 15:41:00+02:00,0.04849,0.125033,0.038116,0.022
2017-10-27 15:42:00+02:00,0.04537,0.095227,0.038116,0.022
2017-10-27 15:43:00+02:00,0.04667,0.064626,0.038168,0.022
2017-10-27 15:44:00+02:00,0.05207,0.038091,0.038194,0.022
2017-10-27 15:45:00+02:00,0.05439,0.034613,0.03822,0.055
2017-10-27 15:46:00+02:00,0.0507,0.050981,0.038246,0.055
2017-10-27 15:47:00+02:00,0.04807,0.090299,0.038272,0.055
2017-10-27 15:48:00+02:00,0.04851,0.1204,0.038324,0.055
2017-10-27 15:49:00+02:00,0.0522,0.119229,0.03835,0.055
2017-10-27 15:50:00+02:00,0.05339,0.126659,0.03835,0.054187
2017-10-27 15:51:00+02:00,0.05646,0.120863,0.038402,0.044
2017-10-27 15:52:00+02:00,0.05525,0.098591,0.038428,0.044
2017-10-27 15:53:00+02:00,0.05855,0.076685,0.038454,0.044
2017-10-27 15:54:00+02:00,0.05919,0.057531,0.038454,0.044
2017-10-27 15:55:00+02:00,0.05859,0.04964,0.03848,0.044
2017-10-27 15:56:00+02:00,0.06191,0.047202,0.038532,0.044
2017-10-27 15:57:00+02:00,0.05873,0.046207,0.038558,0.044
2017-10-27 15:58:00+02:00,0.05945,0.06004,0.038584,0.044
2017-10-27 15:59:00+02:00,0.05224,0.103165,0.03861,0.044
2017-10-27 16:00:00+02:00,0.04797,0.114653,0.038636,0.055
2017-10-27 16:01:00+02:00,0.04971,0.07887,0.038688,0.055
2017-10-27 16:02:00+02:00,0.04888,0.062482,0.038714,0.055
2017-10-27 16:03:00+02:00,0.05216,0.060139,0.03874,0.055
2017-10-27 16:04:00+02:00,0.05249,0.048766,0.038818,0.055
2017-10-27 16:05:00+02:00,0.04727,0.045359,0.038818,0.055
2017-10-27 16:06:00+02:00,0.05023,0.049991,0.038896,0.055
2017-10-27 16:07:00+02:00,0.05003,0.041435,0.038922,0.055
2017-10-27 16:08:00+02:00,0.04899,0.036792,0.038974,0.055
2017-10-27 16:09:00+02:00,0.04952,0.046195,0.039,0.055
2017-10-27 16:10:00+02:00,0.04897,0.051419,0.039078,0.055
2017-10-27 16:11:00+02:00,0.04999,0.05128,0.039104,0.055
2017-10-27 16:12:00+02:00,0.04919,0.034881,0.039156,0.055
2017-10-27 16:13:00+02:00,0.04841,0.018685,0.039182,0.055
2017-10-27 16:14:00+02:00,0.04698,0.034819,0.03926,0.055
2017-10-27 16:15:00+02:00,0.04698,0.046134,0.03926,0.066
2017-10-27 16:16:00+02:00,0.04851,0.05509,0.039338,0.066
2017-10-27 16:17:00+02:00,0.04704,0.055209,0.039364,0.066
2017-10-27 16:18:00+02:00,0.04473,0.04609,0.03939,0.066
2017-10-27 16:19:00+02:00,0.04428,0.038193,0.039442,0.066
2017-10-27 16:20:00+02:00,0.0427,0.023765,0.039468,0.066
2017-10-27 16:21:00+02:00,0.04345,0.017318,0.039546,0.059407
2017-10-27 16:22:00+02:00,0.04624,0.014549,0.039572,0.055
2017-10-27 16:23:00+02:00,0.0493,0.013487,0.039624,0.055
2017-10-27 16:24:00+02:00,0.05135,0.011825,0.03965,0.055
2017-10-27 16:25:00+02:00,0.04747,0.022575,0.039728,0.055
2017-10-27 16:26:00+02:00,0.04934,0.034132,0.039728,0.045387
2017-10-27 16:27:00+02:00,0.05072,0.047125,0.039806,0.035253
2017-10-27 16:28:00+02:00,0.05224,0.077887,0.039832,0.033
2017-10-27 16:29:00+02:00,0.0502,0.100504,0.039884,0.033
2017-10-27 16:30:00+02:00,0.06052,0.114138,0.03991,0.055
2017-10-27 16:31:00+02:00,0.06422,0.117317,0.039962,0.05272
2017-10-27 16:32:00+02:00,0.06634,0.120031,0.039988,0.044
2017-10-27 16:33:00+02:00,0.06617,0.118013,0.040066,0.044
2017-10-27 16:34:00+02:00,0.06726,0.123642,0.040092,0.044
2017-10-27 16:35:00+02:00,0.06688,0.133915,0.040118,0.044
2017-10-27 16:36:00+02:00,0.06866,0.115092,0.040196,0.044
2017-10-27 16:37:00+02:00,0.07274,0.096241,0.040222,0.044
2017-10-27 16:38:00+02:00,0.07366,0.08023,0.040248,0.044
2017-10-27 16:39:00+02:00,0.07209,0.079119,0.040326,0.044
2017-10-27 16:40:00+02:00,0.06677,0.080019,0.040352,0.044
2017-10-27 16:41:00+02:00,0.06489,0.076667,0.040378,0.044
2017-10-27 16:42:00+02:00,0.06722,0.068361,0.040456,0.044
2017-10-27 16:43:00+02:00,0.068,0.065334,0.040482,0.044
2017-10-27 16:44:00+02:00,0.07092,0.053498,0.04056,0.044
2017-10-27 16:45:00+02:00,0.05072,0.04793,0.040586,0.066
2017-10-27 16:46:00+02:00,0.05216,0.046776,0.040586,0.066
2017-10-27 16:47:00+02:00,0.05844,0.056424,0.04069,0.066
2017-10-27 16:48:00+02:00,0.05501,0.066909,0.04069,0.066
2017-10-27 16:49:00+02:00,0.05212,0.066678,0.040742,0.066
2017-10-27 16:50:00+02:00,0.05308,0.072864,0.040794,0.066
2017-10-27 16:51:00+02:00,0.05137,0.075477,0.04082,0.066
2017-10-27 16:52:00+02:00,0.04782,0.073012,0.040846,0.066
2017-10-27 16:53:00+02:00,0.05699,0.069015,0.040924,0.066
2017-10-27 16:54:00+02:00,0.05761,0.071861,0.04095,0.066
2017-10-27 16:55:00+02:00,0.06235,0.049148,0.041002,0.066
2017-10-27 16:56:00+02:00,0.05433,0.043645,0.041054,0.066
2017-10-27 16:57:00+02:00,0.04327,0.059525,0.04108,0.066
2017-10-27 16:58:00+02:00,0.04801,0.045453,0.041132,0.066
2017-10-27 16:59:00+02:00,0.05315,0.029501,0.041158,0.066
2017-10-27 17:00:00+02:00,0.05114,0.026331,0.04121,0.088
2017-10-27 17:01:00+02:00,0.05245,0.025494,0.041236,0.088
2017-10-27 17:02:00+02:00,0.05639,0.022821,0.041314,0.088
2017-10-27 17:03:00+02:00,0.05595,0.020733,0.041392,0.088
2017-10-27 17:04:00+02:00,0.05869,0.020234,0.041418,0.088
2017-10-27 17:05:00+02:00,0.0579,0.01909,0.041522,0.088
2017-10-27 17:06:00+02:00,0.05787,0.018504,0.041574,0.088
2017-10-27 17:07:00+02:00,0.05963,0.018095,0.041652,0.088
2017-10-27 17:08:00+02:00,0.06059,0.016069,0.041678,0.08218
2017-10-27 17:09:00+02:00,0.05215,0.013073,0.041782,0.077
2017-10-27 17:10:00+02:00,0.05016,0.013875,0.041808,0.077
2017-10-27 17:11:00+02:00,0.05081,0.011635,0.041886,0.077
2017-10-27 17:12:00+02:00,0.05246,0.01068,0.041964,0.077
2017-10-27 17:13:00+02:00,0.05094,0.009868,0.042016,0.077
2017-10-27 17:14:00+02:00,0.04913,0.0,0.042068,0.069333
2017-10-27 17:15:00+02:00,0.04821,0.0,0.042146,0.088
2017-10-27 17:16:00+02:00,0.04888,0.0,0.042224,0.088
2017-10-27 17:17:00+02:00,0.05012,0.0,0.042276,0.088
2017-10-27 17:18:00+02:00,0.05033,0.0,0.042328,0.088
2017-10-27 17:19:00+02:00,0.05189,0.0,0.042406,0.088
2017-10-27 17:20:00+02:00,0.05871,0.0,0.042458,0.088
2017-10-27 17:21:00+02:00,0.06084,0.0,0.04251,0.087847
2017-10-27 17:22:00+02:00,0.05312,0.0,0.042588,0.077
2017-10-27 17:23:00+02:00,0.05761,0.0,0.04264,0.077
2017-10-27 17:24:00+02:00,0.05741,0.0,0.042692,0.077
2017-10-27 17:25:00+02:00,0.05655,0.0,0.04277,0.077
2017-10-27 17:26:00+02:00,0.05617,0.0,0.042822,0.077
2017-10-27 17:27:00+02:00,0.05888,0.0,0.0429,0.071407
2017-10-27 17:28:00+02:00,0.06298,0.0,0.042952,0.066
2017-10-27 17:29:00+02:00,0.0652,0.0,0.043004,0.066
2017-10-27 17:30:00+02:00,0.06082,0.0,0.043082,0.077
2017-10-27 17:31:00+02:00,0.05572,0.0,0.04316,0.077
2017-10-27 17:32:00+02:00,0.05244,0.0,0.043186,0.077
2017-10-27 17:33:00+02:00,0.05378,0.0,0.04329,0.077
2017-10-27 17:34:00+02:00,0.05643,0.0,0.043342,0.077
2017-10-27 17:35:00+02:00,0.06193,0.0,0.043394,0.077
2017-10-27 17:36:00+02:00,0.05813,0.0,0.043446,0.077
2017-10-27 17:37:00+02:00,0.06007,0.0,0.04355,0.077
2017-10-27 17:38:00+02:00,0.05817,0.0,0.04355,0.077
2017-10-27 17:39:00+02:00,0.05879,0.0,0.043654,0.077
2017-10-27 17:40:00+02:00,0.05998,0.0,0.043706,0.077
2017-10-27 17:41:00+02:00,0.05538,0.0,0.043758,0.077
2017-10-27 17:42:00+02:00,0.05522,0.0,0.04381,0.077
2017-10-27 17:43:00+02:00,0.05601,0.0,0.043914,0.077
2017-10-27 17:44:00+02:00,0.0642,0.0,0.04394,0.077
2017-10-27 17:45:00+02:00,0.06606,0.0,0.044018,0.077
2017-10-27 17:46:00+02:00,0.06672,0.0,0.04407,0.077
2017-10-27 17:47:00+02:00,0.06912,0.0,0.044148,0.069507
2017-10-27 17:48:00+02:00,0.06509,0.0,0.0442,0.066
2017-10-27 17:49:00+02:00,0.06396,0.0,0.044278,0.066
2017-10-27 17:50:00+02:00,0.06489,0.0,0.04433,0.055
2017-10-27 17:51:00+02:00,0.06194,0.0,0.044382,0.054027
2017-10-27 17:52:00+02:00,0.05944,0.0,0.04446,0.044
2017-10-27 17:53:00+02:00,0.06006,0.0,0.044512,0.044
2017-10-27 17:54:00+02:00,0.0574,0.0,0.04459,0.044
2017-10-27 17:55:00+02:00,0.0543,0.0,0.044642,0.044
2017-10-27 17:56:00+02:00,0.0533,0.0,0.044694,0.044
2017-10-27 17:57:00+02:00,0.05452,0.0,0.044772,0.044
2017-10-27 17:58:00+02:00,0.05752,0.0,0.044824,0.044
2017-10-27 17:59:00+02:00,0.06328,0.0,0.044876,0.044
2017-10-27 18:00:00+02:00,0.06196,0.0,0.044954,0.055
2017-10-27 18:01:00+02:00,0.06029,0.0,0.045006,0.050793
2017-10-27 18:02:00+02:00,0.0615,0.0,0.045058,0.044
2017-10-27 18:03:00+02:00,0.06977,0.0,0.045136,0.044
2017-10-27 18:04:00+02:00,0.07108,0.0,0.045214,0.044
2017-10-27 18:05:00+02:00,0.07051,0.0,0.045292,0.034127
2017-10-27 18:06:00+02:00,0.06952,0.0,0.045318,0.033
2017-10-27 18:07:00+02:00,0.06966,0.0,0.045422,0.033
2017-10-27 18:08:00+02:00,0.06805,0.0,0.045448,0.033
2017-10-27 18:09:00+02:00,0.06756,0.0,0.045526,0.033
2017-10-27 18:10:00+02:00,0.06939,0.0,0.045578,0.033
2017-10-27 18:11:00+02:00,0.07321,0.0,0.045682,0.033
2017-10-27 18:12:00+02:00,0.07253,0.0,0.045708,0.033
2017-10-27 18:13:00+02:00,0.06778,0.0,0.045786,0.033
2017-10-27 18:14:00+02:00,0.07023,0.0,0.045864,0.033
2017-10-27 18:15:00+02:00,0.06886,0.0,0.04589,0.066
2017-10-27 18:16:00+02:00,0.07272,0.0,0.045968,0.066
2017-10-27 18:17:00+02:00,0.07048,0.0,0.046046,0.066
2017-10-27 18:18:00+02:00,0.06361,0.0,0.046124,0.066
2017-10-27 18:19:00+02:00,0.06199,0.0,0.04615,0.066
2017-10-27 18:20:00+02:00,0.06396,0.0,0.046254,0.066
2017-10-27 18:21:00+02:00,0.06517,0.0,0.046306,0.066
2017-10-27 18:22:00+02:00,0.06452,0.0,0.046384,0.066
2017-10-27 18:23:00+02:00,0.06432,0.0,0.04641,0.066
2017-10-27 18:24:00+02:00,0.06992,0.0,0.046514,0.066
2017-10-27 18:25:00+02:00,0.07373,0.0,0.04654,0.066
2017-10-27 18:26:00+02:00,0.07131,0.0,0.046618,0.066
2017-10-27 18:27:00+02:00,0.0674,0.0,0.04667,0.066
2017-10-27 18:28:00+02:00,0.07372,0.0,0.046748,0.066
2017-10-27 18:29:00+02:00,0.07391,0.0,0.0468,0.066
2017-10-27 18:30:00+02:00,0.06879,0.0,0.046878,0.088
2017-10-27 18:31:00+02:00,0.06794,0.0,0.04693,0.088
2017-10-27 18:32:00+02:00,0.06466,0.0,0.047008,0.088
2017-10-27 18:33:00+02:00,0.0568,0.0,0.04706,0.088
2017-10-27 18:34:00+02:00,0.06272,0.0,0.047138,0.088
2017-10-27 18:35:00+02:00,0.06882,0.0,0.04719,0.088
2017-10-27 18:36:00+02:00,0.07589,0.0,0.047268,0.088
2017-10-27 18:37:00+02:00,0.07883,0.0,0.04732,0.08172
2017-10-27 18:38:00+02:00,0.07499,0.0,0.047372,0.077
2017-10-27 18:39:00+02:00,0.07815,0.0,0.04745,0.077
2017-10-27 18:40:00+02:00,0.08511,0.0,0.047502,0.077
2017-10-27 18:41:00+02:00,0.0769,0.0,0.04758,0.077
2017-10-27 18:42:00+02:00,0.08213,0.0,0.047632,0.077
2017-10-27 18:43:00+02:00,0.07975,0.0,0.047736,0.077
2017-10-27 18:44:00+02:00,0.07409,0.0,0.047762,0.070687
2017-10-27 18:45:00+02:00,0.07667,0.0,0.04784,0.066
2017-10-27 18:46:00+02:00,0.07935,0.0,0.047918,0.066
2017-10-27 18:47:00+02:00,0.07749,0.0,0.047944,0.066
2017-10-27 18:48:00+02:00,0.08328,0.0,0.048022,0.066
2017-10-27 18:49:00+02:00,0.0833,0.0,0.0481,0.066
2017-10-27 18:50:00+02:00,0.08777,0.0,0.048178,0.055
2017-10-27 18:51:00+02:00,0.07736,0.0,0.048204,0.055
2017-10-27 18:52:00+02:00,0.07407,0.0,0.048282,0.055
2017-10-27 18:53:00+02:00,0.08953,0.0,0.04836,0.055
2017-10-27 18:54:00+02:00,0.09034,0.0,0.048386,0.055
2017-10-27 18:55:00+02:00,0.08768,0.0,0.048464,0.055
2017-10-27 18:56:00+02:00,0.09127,0.0,0.048542,0.055
2017-10-27 18:57:00+02:00,0.09577,0.0,0.04862,0.055
2017-10-27 18:58:00+02:00,0.09726,0.0,0.048646,0.055
2017-10-27 18:59:00+02:00,0.0907,0.0,0.04875,0.055
2017-10-27 19:00:00+02:00,0.08844,0.0,0.048776,0.066
2017-10-27 19:01:00+02:00,0.08587,0.0,0.048854,0.066
2017-10-27 19:02:00+02:00,0.0885,0.0,0.048906,0.066
2017-10-27 19:03:00+02:00,0.09738,0.0,0.048984,0.066
2017-10-27 19:04:00+02:00,0.09812,0.0,0.049036,0.066
2017-10-27 19:05:00+02:00,0.09212,0.0,0.049114,0.066
2017-10-27 19:06:00+02:00,0.08505,0.0,0.049166,0.056533
2017-10-27 19:07:00+02:00,0.08006,0.0,0.049244,0.055
2017-10-27 19:08:00+02:00,0.08123,0.0,0.049296,0.055
2017-10-27 19:09:00+02:00,0.08437,0.0,0.049374,0.055
2017-10-27 19:10:00+02:00,0.09465,0.0,0.049452,0.055
2017-10-27 19:11:00+02:00,0.09315,0.0,0.049504,0.055
2017-10-27 19:12:00+02:00,0.09898,0.0,0.049582,0.055
2017-10-27 19:13:00+02:00,0.09952,0.0,0.049608,0.055
2017-10-27 19:14:00+02:00,0.09878,0.0,0.049712,0.05216
2017-10-27 19:15:00+02:00,0.10517,0.0,0.049764,0.044
2017-10-27 19:16:00+02:00,0.10271,0.0,0.049816,0.044
2017-10-27 19:17:00+02:00,0.09899,0.0,0.049868,0.04158
2017-10-27 19:18:00+02:00,0.09323,0.0,0.049972,0.033
2017-10-27 19:19:00+02:00,0.09835,0.0,0.049998,0.033
2017-10-27 19:20:00+02:00,0.09594,0.0,0.050076,0.033
2017-10-27 19:21:00+02:00,0.09748,0.0,0.050154,0.033
2017-10-27 19:22:00+02:00,0.08985,0.0,0.050232,0.033
2017-10-27 19:23:00+02:00,0.0839,0.0,0.050258,0.033
2017-10-27 19:24:00+02:00,0.08342,0.0,0.050336,0.033
2017-10-27 19:25:00+02:00,0.08694,0.0,0.050414,0.033
2017-10-27 19:26:00+02:00,0.09179,0.0,0.050466,0.033
2017-10-27 19:27:00+02:00,0.09153,0.0,0.050518,0.024027
2017-10-27 19:28:00+02:00,0.09545,0.0,0.050596,0.022
2017-10-27 19:29:00+02:00,0.09423,0.0,0.050648,0.022
2017-10-27 19:30:00+02:00,0.09732,0.0,0.0507,0.033
2017-10-27 19:31:00+02:00,0.0998,0.0,0.050778,0.033
2017-10-27 19:32:00+02:00,0.09868,0.0,0.050856,0.033
2017-10-27 19:33:00+02:00,0.09467,0.0,0.050908,0.033
2017-10-27 19:34:00+02:00,0.08676,0.0,0.050986,0.033
2017-10-27 19:35:00+02:00,0.1026,0.0,0.051064,0.033
2017-10-27 19:36:00+02:00,0.10089,0.0,0.051116,0.033
2017-10-27 19:37:00+02:00,0.0949,0.0,0.051168,0.033
2017-10-27 19:38:00+02:00,0.10014,0.0,0.051246,0.033
2017-10-27 19:39:00+02:00,0.09798,0.0,0.051298,0.033
2017-10-27 19:40:00+02:00,0.09312,0.0,0.051376,0.033
2017-10-27 19:41:00+02:00,0.09348,0.0,0.051428,0.033
2017-10-27 19:42:00+02:00,0.09402,0.0,0.05148,0.025107
2017-10-27 19:43:00+02:00,0.09781,0.0,0.051558,0.022
2017-10-27 19:44:00+02:00,0.09818,0.0,0.05161,0.022
2017-10-27 19:45:00+02:00,0.09472,0.0,0.051714,0.033
2017-10-27 19:46:00+02:00,0.09984,0.0,0.05174,0.033
2017-10-27 19:47:00+02:00,0.10517,0.0,0.051844,0.033
2017-10-27 19:48:00+02:00,0.10089,0.0,0.05187,0.033
2017-10-27 19:49:00+02:00,0.10763,0.0,0.051948,0.033
2017-10-27 19:50:00+02:00,0.10715,0.0,0.052,0.033
2017-10-27 19:51:00+02:00,0.10437,0.0,0.052104,0.033
2017-10-27 19:52:00+02:00,0.09859,0.0,0.052104,0.033
2017-10-27 19:53:00+02:00,0.10199,0.0,0.052208,0.033
2017-10-27 19:54:00+02:00,0.09906,0.0,0.05226,0.033
2017-10-27 19:55:00+02:00,0.10184,0.0,0.052312,0.033
2017-10-27 19:56:00+02:00,0.096,0.0,0.05239,0.033
2017-10-27 19:57:00+02:00,0.1008,0.0,0.052468,0.033
2017-10-27 19:58:00+02:00,0.09797,0.0,0.05252,0.033
2017-10-27 19:59:00+02:00,0.09763,0.0,0.052572,0.033
2017-10-27 20:00:00+02:00,0.08428,0.0,0.052676,0.044
2017-10-27 20:01:00+02:00,0.08331,0.0,0.052728,0.044
2017-10-27 20:02:00+02:00,0.08313,0.0,0.052702,0.044
2017-10-27 20:03:00+02:00,0.08602,0.0,0.052676,0.044
2017-10-27 20:04:00+02:00,0.08474,0.0,0.052676,0.044
2017-10-27 20:05:00+02:00,0.09963,0.0,0.05265,0.044
2017-10-27 20:06:00+02:00,0.09275,0.0,0.052624,0.041247
2017-10-27 20:07:00+02:00,0.1001,0.0,0.052572,0.033
2017-10-27 20:08:00+02:00,0.09936,0.0,0.052572,0.033
2017-10-27 20:09:00+02:00,0.10298,0.0,0.052572,0.02448
2017-10-27 20:10:00+02:00,0.0997,0.0,0.052572,0.022
2017-10-27 20:11:00+02:00,0.0905,0.0,0.05252,0.022
2017-10-27 20:12:00+02:00,0.08987,0.0,0.052468,0.022
2017-10-27 20:13:00+02:00,0.09257,0.0,0.052468,0.022
2017-10-27 20:14:00+02:00,0.09812,0.0,0.052468,0.022
2017-10-27 20:15:00+02:00,0.08943,0.0,0.052468,0.055
2017-10-27 20:16:00+02:00,0.091,0.0,0.052416,0.055
2017-10-27 20:17:00+02:00,0.09155,0.0,0.05239,0.055
2017-10-27 20:18:00+02:00,0.0958,0.0,0.052364,0.055
2017-10-27 20:19:00+02:00,0.10302,0.0,0.052364,0.055
2017-10-27 20:20:00+02:00,0.09462,0.0,0.052364,0.055
2017-10-27 20:21:00+02:00,0.1065,0.0,0.052312,0.055
2017-10-27 20:22:00+02:00,0.10021,0.0,0.052312,0.055
2017-10-27 20:23:00+02:00,0.09738,0.0,0.052312,0.055
2017-10-27 20:24:00+02:00,0.09242,0.0,0.05226,0.055
2017-10-27 20:25:00+02:00,0.09493,0.0,0.052208,0.055
2017-10-27 20:26:00+02:00,0.09154,0.0,0.052208,0.055
2017-10-27 20:27:00+02:00,0.09191,0.0,0.052208,0.055
2017-10-27 20:28:00+02:00,0.08337,0.0,0.052208,0.055
2017-10-27 20:29:00+02:00,0.08657,0.0,0.052208,0.055
2017-10-27 20:30:00+02:00,0.08621,0.0,0.052104,0.066
2017-10-27 20:31:00+02:00,0.08444,0.0,0.052104,0.066
2017-10-27 20:32:00+02:00,0.08724,0.0,0.052104,0.066
2017-10-27 20:33:00+02:00,0.08753,0.0,0.052104,0.066
2017-10-27 20:34:00+02:00,0.07879,0.0,0.052078,0.066
2017-10-27 20:35:00+02:00,0.07608,0.0,0.052052,0.066
2017-10-27 20:36:00+02:00,0.073,0.0,0.052,0.066
2017-10-27 20:37:00+02:00,0.08107,0.0,0.052,0.066
2017-10-27 20:38:00+02:00,0.08938,0.0,0.052,0.066
2017-10-27 20:39:00+02:00,0.09129,0.0,0.051974,0.066
2017-10-27 20:40:00+02:00,0.0965,0.0,0.051948,0.066
2017-10-27 20:41:00+02:00,0.09702,0.0,0.051948,0.066
2017-10-27 20:42:00+02:00,0.09644,0.0,0.051896,0.066
2017-10-27 20:43:00+02:00,0.09783,0.0,0.05187,0.066
2017-10-27 20:44:00+02:00,0.10288,0.0,0.051844,0.066
2017-10-27 20:45:00+02:00,0.09286,0.0,0.051844,0.077
2017-10-27 20:46:00+02:00,0.08634,0.0,0.051844,0.077
2017-10-27 20:47:00+02:00,0.08162,0.0,0.051844,0.077
2017-10-27 20:48:00+02:00,0.0776,0.0,0.051792,0.077
2017-10-27 20:49:00+02:00,0.08077,0.0,0.05174,0.077
2017-10-27 20:50:00+02:00,0.08185,0.0,0.05174,0.077
2017-10-27 20:51:00+02:00,0.07789,0.0,0.05174,0.077
2017-10-27 20:52:00+02:00,0.08816,0.0,0.051714,0.077
2017-10-27 20:53:00+02:00,0.08705,0.0,0.051714,0.077
2017-10-27 20:54:00+02:00,0.08853,0.0,0.051662,0.077
2017-10-27 20:55:00+02:00,0.08295,0.0,0.051636,0.077
2017-10-27 20:56:00+02:00,0.07818,0.0,0.051636,0.077
2017-10-27 20:57:00+02:00,0.08036,0.0,0.05161,0.077
2017-10-27 20:58:00+02:00,0.07752,0.0,0.051584,0.077
2017-10-27 20:59:00+02:00,0.07978,0.0,0.051584,0.077
2017-10-27 21:00:00+02:00,0.08838,0.0,0.051558,0.088
2017-10-27 21:01:00+02:00,0.09011,0.0,0.051506,0.088
2017-10-27 21:02:00+02:00,0.08621,0.0,0.051428,0.088
2017-10-27 21:03:00+02:00,0.0846,0.0,0.05135,0.088
2017-10-27 21:04:00+02:00,0.08594,0.0,0.051246,0.088
2017-10-27 21:05:00+02:00,0.08832,0.0,0.051168,0.088
2017-10-27 21:06:00+02:00,0.09098,0.0,0.051064,0.088
2017-10-27 21:07:00+02:00,0.09214,0.0,0.050986,0.088
2017-10-27 21:08:00+02:00,0.09708,0.0,0.050882,0.088
2017-10-27 21:09:00+02:00,0.10059,0.0,0.050804,0.08694
2017-10-27 21:10:00+02:00,0.10195,0.0,0.0507,0.077
2017-10-27 21:11:00+02:00,0.09545,0.0,0.050622,0.077
2017-10-27 21:12:00+02:00,0.09087,0.0,0.050544,0.077
2017-10-27 21:13:00+02:00,0.09162,0.0,0.05044,0.077
2017-10-27 21:14:00+02:00,0.08725,0.0,0.050336,0.077
2017-10-27 21:15:00+02:00,0.09095,0.0,0.050258,0.099
2017-10-27 21:16:00+02:00,0.09265,0.0,0.05018,0.099
2017-10-27 21:17:00+02:00,0.09018,0.0,0.050076,0.099
2017-10-27 21:18:00+02:00,0.09081,0.0,0.049998,0.099
2017-10-27 21:19:00+02:00,0.09425,0.0,0.04992,0.099
2017-10-27 21:20:00+02:00,0.08742,0.0,0.049842,0.099
2017-10-27 21:21:00+02:00,0.08798,0.0,0.049738,0.099
2017-10-27 21:22:00+02:00,0.0894,0.0,0.049634,0.099
2017-10-27 21:23:00+02:00,0.08803,0.0,0.049582,0.099
2017-10-27 21:24:00+02:00,0.08868,0.0,0.049478,0.099
2017-10-27 21:25:00+02:00,0.09146,0.0,0.049374,0.099
2017-10-27 21:26:00+02:00,0.0879,0.0,0.04927,0.099
2017-10-27 21:27:00+02:00,0.08695,0.0,0.049218,0.099
2017-10-27 21:28:00+02:00,0.0871,0.0,0.049114,0.099
2017-10-27 21:29:00+02:00,0.08032,0.0,0.04901,0.093
2017-10-27 21:30:00+02:00,0.08499,0.0,0.048932,0.088
2017-10-27 21:31:00+02:00,0.08658,0.0,0.048854,0.088
2017-10-27 21:32:00+02:00,0.08362,0.0,0.04875,0.085113
2017-10-27 21:33:00+02:00,0.08804,0.0,0.048646,0.077
2017-10-27 21:34:00+02:00,0.09391,0.0,0.048568,0.077
2017-10-27 21:35:00+02:00,0.08532,0.0,0.04849,0.077
2017-10-27 21:36:00+02:00,0.08657,0.0,0.048386,0.066187
2017-10-27 21:37:00+02:00,0.08569,0.0,0.048282,0.066
2017-10-27 21:38:00+02:00,0.08884,0.0,0.048204,0.066
2017-10-27 21:39:00+02:00,0.09024,0.0,0.048126,0.066
2017-10-27 21:40:00+02:00,0.0837,0.0,0.048022,0.066
2017-10-27 21:41:00+02:00,0.08631,0.0,0.047944,0.066
2017-10-27 21:42:00+02:00,0.0911,0.0,0.04784,0.066
2017-10-27 21:43:00+02:00,0.0884,0.0,0.047788,0.0492
2017-10-27 21:44:00+02:00,0.08526,0.0,0.047684,0.044
2017-10-27 21:45:00+02:00,0.08355,0.0,0.047606,0.066
2017-10-27 21:46:00+02:00,0.07203,0.0,0.047502,0.066
2017-10-27 21:47:00+02:00,0.07458,0.0,0.047424,0.066
2017-10-27 21:48:00+02:00,0.06863,0.0,0.047346,0.066
2017-10-27 21:49:00+02:00,0.07405,0.0,0.047242,0.066
2017-10-27 21:50:00+02:00,0.07905,0.0,0.047138,0.066
2017-10-27 21:51:00+02:00,0.07934,0.0,0.04706,0.062333
2017-10-27 21:52:00+02:00,0.08053,0.0,0.046982,0.055
2017-10-27 21:53:00+02:00,0.07638,0.0,0.046878,0.055
2017-10-27 21:54:00+02:00,0.07714,0.0,0.046774,0.055
2017-10-27 21:55:00+02:00,0.07621,0.0,0.046696,0.055
2017-10-27 21:56:00+02:00,0.07625,0.0,0.046618,0.055
2017-10-27 21:57:00+02:00,0.07669,0.0,0.046514,0.055
2017-10-27 21:58:00+02:00,0.08048,0.0,0.04641,0.047773
2017-10-27 21:59:00+02:00,0.07965,0.0,0.046358,0.044
2017-10-27 22:00:00+02:00,0.08251,0.0,0.046254,0.055
2017-10-27 22:01:00+02:00,0.07308,0.0,0.04615,0.055
2017-10-27 22:02:00+02:00,0.07221,0.0,0.045942,0.055
2017-10-27 22:03:00+02:00,0.0744,0.0,0.045682,0.055
2017-10-27 22:04:00+02:00,0.07357,0.0,0.045422,0.055
2017-10-27 22:05:00+02:00,0.07359,0.0,0.045162,0.044
2017-10-27 22:06:00+02:00,0.07216,0.0,0.044902,0.044
2017-10-27 22:07:00+02:00,0.06981,0.0,0.044642,0.044
2017-10-27 22:08:00+02:00,0.07073,0.0,0.044408,0.044
2017-10-27 22:09:00+02:00,0.06924,0.0,0.044174,0.044
2017-10-27 22:10:00+02:00,0.07311,0.0,0.043914,0.044
2017-10-27 22:11:00+02:00,0.07467,0.0,0.043654,0.044
2017-10-27 22:12:00+02:00,0.06983,0.0,0.043394,0.044
2017-10-27 22:13:00+02:00,0.06768,0.0,0.043186,0.044
2017-10-27 22:14:00+02:00,0.06787,0.0,0.0429,0.044
2017-10-27 22:15:00+02:00,0.07004,0.0,0.04264,0.044
2017-10-27 22:16:00+02:00,0.07235,0.0,0.042406,0.044
2017-10-27 22:17:00+02:00,0.0762,0.0,0.042146,0.044
2017-10-27 22:18:00+02:00,0.07269,0.0,0.04186,0.036667
2017-10-27 22:19:00+02:00,0.07492,0.0,0.041626,0.033
2017-10-27 22:20:00+02:00,0.06886,0.0,0.041392,0.033
2017-10-27 22:21:00+02:00,0.06328,0.0,0.041132,0.033
2017-10-27 22:22:00+02:00,0.06605,0.0,0.040846,0.033
2017-10-27 22:23:00+02:00,0.06913,0.0,0.040612,0.033
2017-10-27 22:24:00+02:00,0.07019,0.0,0.040352,0.033
2017-10-27 22:25:00+02:00,0.08685,0.0,0.040118,0.033
2017-10-27 22:26:00+02:00,0.08574,0.0,0.039858,0.033
2017-10-27 22:27:00+02:00,0.08011,0.0,0.039624,0.033
2017-10-27 22:28:00+02:00,0.07681,0.0,0.039364,0.033
2017-10-27 22:29:00+02:00,0.07994,0.0,0.039104,0.033
2017-10-27 22:30:00+02:00,0.07817,0.0,0.038844,0.044
2017-10-27 22:31:00+02:00,0.07613,0.0,0.03861,0.044
2017-10-27 22:32:00+02:00,0.07263,0.0,0.03835,0.044
2017-10-27 22:33:00+02:00,0.07341,0.0,0.038116,0.044
2017-10-27 22:34:00+02:00,0.06988,0.0,0.037856,0.044
2017-10-27 22:35:00+02:00,0.06801,0.0,0.037596,0.044
2017-10-27 22:36:00+02:00,0.06942,0.0,0.037362,0.044
2017-10-27 22:37:00+02:00,0.07946,0.0,0.037128,0.044
2017-10-27 22:38:00+02:00,0.07301,0.0,0.036842,0.044
2017-10-27 22:39:00+02:00,0.06707,0.0,0.036582,0.044
2017-10-27 22:40:00+02:00,0.07014,0.0,0.036348,0.044
2017-10-27 22:41:00+02:00,0.0715,0.0,0.036088,0.044
2017-10-27 22:42:00+02:00,0.07792,0.0,0.035854,0.044
2017-10-27 22:43:00+02:00,0.07494,0.0,0.035594,0.044
2017-10-27 22:44:00+02:00,0.07318,0.0,0.03536,0.044
2017-10-27 22:45:00+02:00,0.07283,0.0,0.035074,0.055
2017-10-27 22:46:00+02:00,0.07883,0.0,0.034788,0.055
2017-10-27 22:47:00+02:00,0.06542,0.0,0.034554,0.055
2017-10-27 22:48:00+02:00,0.06689,0.0,0.03432,0.055
2017-10-27 22:49:00+02:00,0.06617,0.0,0.03406,0.055
2017-10-27 22:50:00+02:00,0.07993,0.0,0.0338,0.055
2017-10-27 22:51:00+02:00,0.07485,0.0,0.033566,0.055
2017-10-27 22:52:00+02:00,0.07201,0.0,0.033306,0.055
2017-10-27 22:53:00+02:00,0.0662,0.0,0.033046,0.055
2017-10-27 22:54:00+02:00,0.06684,0.0,0.032812,0.055
2017-10-27 22:55:00+02:00,0.0675,0.0,0.032552,0.055
2017-10-27 22:56:00+02:00,0.06965,0.0,0.032292,0.055
2017-10-27 22:57:00+02:00,0.06977,0.0,0.032032,0.055
2017-10-27 22:58:00+02:00,0.07332,0.0,0.031798,0.055
2017-10-27 22:59:00+02:00,0.06877,0.0,0.031564,0.055
2017-10-27 23:00:00+02:00,0.06563,0.0,0.031304,0.066
2017-10-27 23:01:00+02:00,0.06341,0.0,0.03107,0.066
2017-10-27 23:02:00+02:00,0.05874,0.0,0.03081,0.05968
2017-10-27 23:03:00+02:00,0.05734,0.0,0.030602,0.055
2017-10-27 23:04:00+02:00,0.06189,0.0,0.030342,0.055
2017-10-27 23:05:00+02:00,0.07129,0.0,0.030108,0.055
2017-10-27 23:06:00+02:00,0.06605,0.0,0.029874,0.047353
2017-10-27 23:07:00+02:00,0.06416,0.0,0.029666,0.044
2017-10-27 23:08:00+02:00,0.07138,0.0,0.029432,0.044
2017-10-27 23:09:00+02:00,0.08109,0.0,0.029198,0.044
2017-10-27 23:10:00+02:00,0.0772,0.0,0.028938,0.044
2017-10-27 23:11:00+02:00,0.07299,0.0,0.02873,0.03994
2017-10-27 23:12:00+02:00,0.06319,0.0,0.02847,0.033
2017-10-27 23:13:00+02:00,0.06969,0.0,0.028262,0.033
2017-10-27 23:14:00+02:00,0.06486,0.0,0.028002,0.033
2017-10-27 23:15:00+02:00,0.07244,0.0,0.027768,0.033
2017-10-27 23:16:00+02:00,0.08037,0.0,0.02756,0.033
2017-10-27 23:17:00+02:00,0.07256,0.0,0.027326,0.033
2017-10-27 23:18:00+02:00,0.07263,0.0,0.027066,0.033
2017-10-27 23:19:00+02:00,0.07069,0.0,0.026858,0.033
2017-10-27 23:20:00+02:00,0.07073,0.0,0.026598,0.033
2017-10-27 23:21:00+02:00,0.07308,0.0,0.02639,0.033
2017-10-27 23:22:00+02:00,0.06946,0.0,0.02613,0.033
2017-10-27 23:23:00+02:00,0.06818,0.0,0.025896,0.033
2017-10-27 23:24:00+02:00,0.06552,0.0,0.025688,0.033
2017-10-27 23:25:00+02:00,0.06262,0.0,0.025454,0.033
2017-10-27 23:26:00+02:00,0.06166,0.0,0.02522,0.033
2017-10-27 23:27:00+02:00,0.06597,0.0,0.025012,0.033
2017-10-27 23:28:00+02:00,0.0636,0.0,0.024752,0.033
2017-10-27 23:29:00+02:00,0.06341,0.0,0.024518,0.033
2017-10-27 23:30:00+02:00,0.07007,0.0,0.024284,0.033
2017-10-27 23:31:00+02:00,0.06988,0.0,0.02405,0.033
2017-10-27 23:32:00+02:00,0.06463,0.0,0.023816,0.033
2017-10-27 23:33:00+02:00,0.06137,0.0,0.023582,0.033
2017-10-27 23:34:00+02:00,0.06486,0.0,0.023374,0.033
2017-10-27 23:35:00+02:00,0.07081,0.0,0.023114,0.033
2017-10-27 23:36:00+02:00,0.06179,0.0,0.02288,0.033
2017-10-27 23:37:00+02:00,0.06261,0.0,0.022646,0.033
2017-10-27 23:38:00+02:00,0.0664,0.0,0.022412,0.033
2017-10-27 23:39:00+02:00,0.06111,0.0,0.022178,0.033
2017-10-27 23:40:00+02:00,0.06543,0.0,0.021944,0.033
2017-10-27 23:41:00+02:00,0.06004,0.0,0.02171,0.033
2017-10-27 23:42:00+02:00,0.0607,0.0,0.021502,0.033
2017-10-27 23:43:00+02:00,0.06147,0.0,0.021242,0.021287
2017-10-27 23:44:00+02:00,0.05359,0.0,0.021034,0.011
2017-10-27 23:45:00+02:00,0.04807,0.0,0.020774,0.011
2017-10-27 23:46:00+02:00,0.05167,0.0,0.02054,0.011
2017-10-27 23:47:00+02:00,0.06339,0.0,0.020306,0.011
2017-10-27 23:48:00+02:00,0.06075,0.0,0.020072,0.011
2017-10-27 23:49:00+02:00,0.05853,0.0,0.019812,0.011
2017-10-27 23:50:00+02:00,0.0652,0.0,0.01963,0.011
2017-10-27 23:51:00+02:00,0.06368,0.0,0.01937,0.011
2017-10-27 23:52:00+02:00,0.06582,0.0,0.019162,0.011
2017-10-27 23:53:00+02:00,0.06104,0.0,0.018902,0.011
2017-10-27 23:54:00+02:00,0.05512,0.0,0.018668,0.011
2017-10-27 23:55:00+02:00,0.05624,0.0,0.01846,0.011
2017-10-27 23:56:00+02:00,0.05242,0.0,0.018226,0.011
2017-10-27 23:57:00+02:00,0.05578,0.0,0.017992,0.011
2017-10-27 23:58:00+02:00,0.0459,0.0,0.017758,0.011
2017-10-27 23:59:00+02:00,0.0466,0.0,0.017524,0.011
2017-10-28 00:00:00+02:00,0.04875,0.0,0.017316,0.033
